time,rank,song_id,title,singers,album,date,genre,creator,lyric
2004.03.21~03.27,1,2025249,사랑은... 향기를 남기고,테이,The First Journey,2004.01.05,Ballad,조은희,사랑은... 향기를 남기고  가슴 아파서 목이 메어서  안간힘을 써봐도  피해 갈 수도 물러지지도  않는 이별 인가봐  너무 놀라서 자꾸 겁나서  웃음으로 이기려해도  눈치 빠른 눈물이 더 먼저  알고 날 흘러  난 소란스레 사랑했나봐 널  줬다 이내 뺏는 걸 보니  분 넘친 행복을 또 시기했나봐  널 보내야만 하나봐  I miss the love that  I shared with U  온 세상이 취한 것 같아  눈부셨던 우리 추억이 열  오르듯 비틀대잖아  니 품에 살았던 날들과  꿈꾸었던 사랑이  다 부서져 또 흩어져 향기로  I can't live without your love  내가 못나서 잡지 못해서  돌아 가슴 쳐봐도  지워 지지도 덜어지지도  않는 사랑 인가봐  니가 미워서 누굴 만나서  다시 시작 해 보려해도  수많은 니 그리움이 날  체하게 만들어  넌 나보다 더 용감한가봐  날 사랑한 적 없던 것처럼  잘 살아가는데 날 지워 가는데  난 왜 널 못 잊는 거니  I miss the love that  I shared with U  온 세상이 취한 것 같아  눈부셨던 우리 추억이 열  오르듯 비틀대잖아  니 품에 살았던 날들과  꿈꾸었던 사랑이  다 부서져 또 흩어져 향기로  이렇게 하루 이틀이 가고 눈에  멀어져 살다가 보면  언젠간 또 가슴에서도  무뎌지는 거라고  그렇게 말을 하기까지 얼마나  싸워야 난 할지  보이지 않는 나와 또 볼 수 없는  널 앞에 두고  I miss the love that  I shared with U  그 언제쯤 자유로울까  니 이별도 못 한 게 있어  내 안에 널 데려가는 일  난 그래 괜찮아 오늘도  너 땜에 힘 겨워도  이 지독한 내 아픔도 우리가  사랑한 흔적인걸
2004.03.21~03.27,2,509604,로보트,서태지,Seotaiji 7th Issue,2004.01.27,Rock,서태지,매년 내 방문 기둥에  엄마와 내가 둘이서  내 키를 체크하지 않게 될  그 무렵부터  나의 키와 내 모든 사고가  멈춰버린 건 아닐까 난 아직 사람의  걸음마를 사랑하는 건  잃어버린 내 과거의  컴플렉스인가  오늘도 내 어릴 적 나의 전부이던  작은 로봇을 안고서 울고 있어  더 이상 내겐 사람 냄새가 없어  마음만 망치게 된  폐인의 남은 바램만이  난 오늘도 내 악취에 취해  잠이 들겠지 곧 끝날 거야  혼탁한 바람에  더 이상 난 볼 수 없네  내가 누군지 여긴 어딘지  축복된 인생에 내가  주인공은 아닌가봐  공허한 메아리만이  나를 다그쳐  낯 설은 바람에 어느 날  나의 곁에서 사라져버린  친구들 다 잘 있을까  너희와 함께 거닐던  작아진 이 길에  나 혼자서 구차하게 쓰러져 있어  더 이상 내겐 사람 냄새가 없어  마음만 망치게된  폐인의 남은 바램만이  난 오늘도 내 악취에 취해  잠이 들겠지  혼탁한 바람에  더 이상 난 볼 수 없네  내가 누군지 여긴 어딘지  축복된 인생에  내가 주인공은 아닌가봐  공허한 메아리만이 나를 다그쳐  답답한 가슴만 나는  움켜잡고 숨죽이네  더는 짖지도 않는 개처럼  매년 내 방문 기둥에  엄마와 내가 둘이서  내 키를 체크하지 않게 될  그 무렵부터  나의 키와 내 모든 사고가  멈춰버린 건 아닐까
2004.03.21~03.27,3,510421,그런 날이 오겠죠,신승훈,Ninth Replay,2004.02.03,Ballad,심현보,아픈 사람같아 보인다네요  그냥 웃음으로 얼버무리죠  그대없이 아무렇지 않다면  그게 이상한거죠 많이 사랑했는데   마지못해 잠을 청하고  가끔 알 수없는 눈물이 나죠  그댄 이런 나를 싫어할텐데 미안해요  씩씩하게 살지 못해서   많이 참아보지만  이젠 아니란것도 알지만  그래도 참 보고 싶네요   잊혀지겠죠 괜찮아지겠죠  난 여기 있어도 시간은 흐를테니까  사랑했던 맘도 헤어진도 일도  못다한 얘기도 웃어넘기는  그런 날이 오겠죠   밤새 뒤척이다 아침이 오고  미루다가 지쳐 식탁에 앉죠  이런 내모습이 나도 싫은데 어떻게해요  내맘처럼 않되는걸요   많이 참아보지만  이젠 아니란것도 알지만  그래도 참 보고 싶네요   잊혀지겠죠 괜찮아 지겠죠  난 여기 있어도 시간은 흐를테니까  사랑했던 맘도 헤어진도 일도  못다한 얘기도 웃어넘기는  그런 날이 오겠죠   그대 기억해내고 다시 지워내고  바보같은 나는 이래요 사랑이죠  잘 지내는거죠 믿고 있을께요  지나간 사랑에 힘들게 맘쓰진 마요   혹시 그대 닮은 사람을 봐도  아무렇지않게 웃어넘기는  그런 날이 오겠죠 -
2004.03.21~03.27,4,1944403,죽을만큼 사랑했어요,SG워너비,Sg Wanna Be+,2004.01.20,Ballad,이경섭,그렇게도 미웠나요 모든걸 버릴만큼 그랬나요 어떡해야 하나요 쉽게 지울 수가 없는데 그댈 그토록 힘들게 했던  내 습관들 차라리 내가 그대 기억까지 갖고 산다면 그럴 수 있다면 나 용서 될텐데 그댄 잊고 살 수 있나요 정말 그래 줄 수 있나요 내게 받은 상철 전부 버릴 수 있나요 조금이라도 그대 편히 떠나실 수 있다면 무슨 일이라도 난 해야만 할텐데 떠나나요 이대로 정말 보내야 하나요 이별은 잔인하게 그댈 잊으라 하는데 부족했던 내 사랑이 자꾸 맘에 걸려서 이렇게 나 더 힘들어 지네요 미안해요 참 내가 어리석었죠 힘들어 하던 그댈 보며 한마디 다정한 위로도  못해줬네요 그랬던 내가 지금 너무 큰 욕심 부리나요 울며 매달리면 못이긴 척  돌아 오라고 꿈인가요 이렇게 정말 떠나실 건가요 후회는 바보처럼 그댈 잡으라 하는데 부족했던 내 사랑이 자꾸 맘에 걸려서 이렇게 나 더 힘들어 지네요 죽을만큼 그만큼 그댈 사랑 했어요 이제 와서야 그걸 깨달아요 이제서야
2004.03.21~03.27,5,499229,그대는 눈물겹다,엠씨더맥스,Love Is Time Sixth Sense,2003.12.12,Ballad,양재선,나에게 곧 올거라고 믿고 있었죠  눈물겨운 기다림을 아는지  나처럼 그대도 많이 힘들 거라고  눈물겨운 착각 속에 난 살고  있었죠 오늘까지 내것이었던 그대가 스쳐가요  이름 조차도 부를수가 없었죠  멈춰있던 나를 그대가 보네요  이미 누군가의 그대가 된 듯  괜찮아요 난 그냥 지나치세요  괜찮아요 난 그대 행복 봤으니  잠시 스쳐갔던 그대 모습으로  다시 한동안은 견딜 수 있겠죠  얼마나 스치는 우연 바랬었는데  모른채로 살아가야 하는지  나처럼 아프게 살길 바랬었나 봐  그런 못된 욕심부린 나  이런 아픔만 남았네요 내것이었던 그대가 스쳐가요  이름 조차도 부를수가 없었죠  멈춰있던 나를 그대가 보네요  이미 누군가의 그대가 된 듯  괜찮아요 난 그냥 지나치세요  괜찮아요 난 그대 행복 봤으니  잠시 스쳐갔던 그대 모습으로  다시 한동안은 견딜 수 있겠죠  하늘 마저 내게 말해 주나봐  그댄 이미 행복해져 있다고  너무 익숙한 그 향기가 익숙한  그 표정이  익숙한 그 모든게 멀어져 괜찮아요 난 다시 그댈 보내도  괜찮아요 난 눈물로 또 살아도  나를 잊기위해 누굴 만났다고  그렇게라도 나 살아갈 수 있죠
2004.03.21~03.27,6,509824,해바라기 (그녀에게..),박상민,Sunflower,2004.01.27,Rock,조은희,바람 소리에도 가슴은 글썽이나봐  그대일까 그대 보낸 미련일까  기다리는 꿈 속에서도 뒤척이나봐  떠난 그대 혹시 오는 건 아닐까  기쁠 때나 슬플 때나 아플 때도  함께 울고 웃어줬던  그대 못 견디게 그리운데  사랑해요 사랑해요 세상의 말 다 지우니  이 말 하나 남네요 늦었지만  미안해요 미안해요 더 아껴주지 못해서  가난한 내 행복 안에 살게 해서   두 걸음씩 멀어지나봐  그댄 점점 이별로 앞서가고  추억의 난 돌아가고  이 세상에 길 잃었나봐  내 품 속엔 누구도 올 수 없게  난 그대에 멈췄나봐  내 눈물을 바람이 또 말려와도  그대 머문 바람인 걸  여전히 난 느낄 수 있는데  사랑해요 사랑해요 세상의 말 다 지우니  이 말 하나 남네요 늦었지만  미안해요 미안해요 더 아껴주지 못해서  가난한 내 행복 안에 살게 해서  사랑은 늘 이별에게 빚지고 그 이별은 또  다시 사랑으로 되갚는 거죠  그대가 준 추억 모두 나 여기 쓰고 갈테니  다음 세상 그대가 채워줘요
2004.03.21~03.27,7,507874,Hug,동방신기(TVXQ!),Hug,2004.01.14,Ballad,,하루만 니방의 침대가 되고싶어 Oh Baby-  더 따스히 포근히 내 품에 감싸 안고 재우고 싶어  아주 작은 뒤척임도 너의 조그만 속삭임에  난 꿈속의 괴물도 이겨내 버릴 텐데   내가 없는 너의 하룬 어떻게 흘러가는 건지  나를 얼마나 사랑하는지  난 너무나 궁금한데 (궁금해)  너의 작은 서랍 속의 일기장이 되고 싶어  알 수 없는 너의 그 비밀도  내 맘속에 담아둘래 너 몰래   하루만 너의 고양이가 되고싶어 Oh Baby-  니가 주는 맛있는 우유와 부드러운 니 품안에서  움직이는 장난에도 (장난에도)  너의 귀여운 입맞춤에  나도 몰래 질투를 느끼고 있었나 봐   내 마음이 이런 거야 너 밖엔 볼 수 없는 거지  누구를 봐도 어디 있어도  난 너만 바라 보잖아 (보잖아)   단 하루만 아주 친한 너의 애인이 되고 싶어  너의 자랑도 때론 투정도  다 들을 수 있을 텐데 널 위해 -  In My Heart In My Soul  나에게 사랑이란 아직 어색하지만 Uh Uh Babe - 이 세상 모든걸 너에게 주고싶어 꿈에서라도   내 마음이 이런 거야 지켜 볼수만 있어도  너무 감사해 많이 행복해  나 조금은 부족해도 (부족해도)  언제까지 너의 곁에 (니곁에)  연인으로 있고 싶어   너를 내 품에 가득 안은 채  굳어 버렸으면 싶어 영원히 -
2004.03.21~03.27,8,489056,어쩌면...,버즈,Morning Of Buzz,2003.10.10,Rock,이도연,어쩌면 오늘이 마지막이  될지도 몰라  나의 사랑이 떠날지 몰라  불안한 나의 마음 니가  알아챌 것만 같아서  너와 눈도 마주치지 못했어  너의 그 사람 다시 돌아왔을 때  많이 힘들어하던 너 깊은 고민에 빠진 너  제발 아니길 don't say  good bye  Say Good bye  떠나지마 사랑하잖아  내가 있잖아  너를 버렸던 그 사람에게 가지마  지난 눈물 기억해줘 돌아간다면 떠나간다면  니가 겪었던 똑같은 이유로  내 삶이 무너질텐데  너 원한다면 보내야 하겠지  끝내 잡을 수 없겠지  아픈 나날들을 준비해야 하겠지  시간이 지나면 모두  잊혀질거란 얘기 너를 미워해 달라는 얘기  그렇게 하지 못할 나의 마음을  알고 있잖아  너무 그 사람만 생각하지마  왜 하필이면 다시 그 사람이니  한 번 버렸던 사랑은 두 번  버리기 쉬운데  다시 생각해 don't say  good bye  say good bye  떠나지마 사랑하잖아 내가 있잖아  너를 버렸던 그 사람에게  가지마 지난 눈물 기억해줘 끝이 아니야 잠시뿐이야  나의 사랑을 확인할 시간이 너에게 필요할뿐야  I believe 우리의 사랑  you're my everything  never give you up  내가 너무 사랑해 너만을  내가 사랑해  여기 있을께 널 위해 never say good bye  떠나지마 사랑하잖아 내가 있잖아  너를 버렸던 그 사람에게 가지마  지난 눈물 기억해줘 돌아간다면 떠나간다면  니가 겪었던 똑같은 이유로  내 삶이 무너질텐데 워 끝이 아니야 잠시뿐이야  나의 사랑엔 이별은 없는걸  You are mine never say   good bye
2004.03.21~03.27,9,516204,이제서야,김동률,4집 토로 (吐露),2004.03.09,Ballad,김동률,가끔 거리를 나서면 온통 행복한 연인들  자꾸만 왜 걸음이 바빠만 지고  괜시리 울컥 화가 나는지  혼자서 영화를 볼 때나 슬픈 음악을 들을 땐  생각 없이 한바탕 울며 웃다가  터질 듯 가슴이 저며오곤 해  사랑해 되뇌이다 왜 나도 몰래 미안하단  말이 섞여 나오는지  잘못했던 것만 생각나는지  한발 늦어서 다 알게 되는지   술 취한 밤이면 전화번호 수첩을 뒤적이다가  멍하니 잠을 또 설치기도 해  돌아와 말도 못하고 나 혼자서 쓸데없이  헛된 기대만 하는지  왜 이렇게 내가 바보 같은지   나의 부족한 사랑에 지쳐 떠나간 거라면  이젠 난 준비가 된 것도 같은데  매일 웃게 해줄 수 있을 텐데  헤어진 아픔에 비해 다시 시작하는 건  내겐 너무 쉬울 것만 같은데  정말 잘할 수 있을 것 같은데  이제서야 난 다 알 것 같은데..
2004.03.21~03.27,10,507484,꿈에,이수영,Classic,2004.01.12,Ballad,조덕배,꿈에 어제꿈에 보았던 이름모를 너를 나는 못잊어 본적도 없고 이름도 모르는 지난꿈 스쳐간 사람이여  이밤 곰곰히 생각해보니 어디선가 본듯한 바로 그모습 떠오르는 모습 잊었었던사랑 어느해 만났던 사람이여 어느 가을 나누던 사랑이여  난 눈을뜨면 꿈에서 깰까봐 나 눈못뜨고 그대를 보내 물거품처럼 깨져버린 내꿈이여 오늘 밤에 그대여 와요  난눈을뜨면 사라지는사람이여 나눈못뜨고 그대를 보내 물거품처럼 깨져버린 내꿈이여 오늘 밤에 그대여 와요  어느 가을 나누던 사랑이여 난 눈을뜨면 꿈에서 깰까봐 나 눈못뜨고 그대를 보네 물거품처럼 깨져버린 내 꿈이여 오늘밤에 그대여 와요  난 눈을 뜨면 사라지는 사람이여 나 눈 못뜨고 그대를 보내 물거품처럼 깨져버린 내 꿈이여 오늘밤에 그대여 와요
2004.03.21~03.27,11,618457,My Love,이현섭,발리에서 생긴 일 OST,2004.02.01,"Drama,Ballad",이희승,난 안되겠니 이생에서 다음 생에선 되겠니  약속한다면 오늘이 끝이라도 두렵지 않겠어 my love  나는 자꾸 지쳐가 너의 등 뒤에서  너는 불러도 다른 곳만 봐 대답이 없어 보내줘야 하는데 나 잘 알고 있는데  나의 마음은 내 것이 아냐   너의 슬픔이 나를 닮아서  그 외로움 알 것 같아서 눈물이 못 오게 꼭 안고 싶었어  왜 몰라주니 넌 내 맘을 아는 나라도 안되니  누군갈 내가 이렇게 간절하게 원한적 없었어   난 안되겠니 이생에서 다음 생에선 되겠니  약속한다면 오늘이 끝이라도 두렵지 않겠어 my love  이런 내 맘 알겠니 너무도 힘들어  너를 위해서 보내주는게 더 나을테지만 모든걸 다 잃어도 난 너만은 지킬께  너와 바꿀 수 없는 이유로  너의 슬픔이 나를 닮아서 그 외로움 알 것 같아서 눈물이 못 오게 꼭 안고 싶었어  왜 몰라주니 넌 내 맘을 아는 나라도 안되니  누군갈 내가 이렇게 간절하게 원한적 없었어  난 안되겠니 이생에서 다음 생에선 되겠니  약속한다면 오늘이 끝이라도 두렵지 않겠어 my love
2004.03.21~03.27,12,515804,야상곡(夜想曲),김윤아,유리가면(琉璃假面),2004.03.05,Rock,김윤아,바람이 부는 것은 더운 내 맘 삭여 주려 계절이 다 가도록 나는 애만 태우네 꽃잎 흩날리던 늦봄의 밤  아직 남은 님의 향기 이제나 오시려나 나는 애만 태우네 애달피 지는 저 꽃잎처럼  속절없는 늦봄의 밤 이제나 오시려나  나는 애만 태우네 구름이 애써 전하는 말  그 사람은 널 잊었다 살아서 맺은 사람의 연  실낱 같아 부질없다 꽃 지네 꽃이 지네 부는 바람에 꽃 지네 이제 님 오시려나  나는 그저 애만 태우네 바람이 부는 것은 더운 내 맘 삭여주려 계절이 다 가도록 나는 애만 태우네 꽃잎 흩날리던 늦봄의 밤  아직 남은 님의 향기 이제나 오시려나 나는 애만 태우네
2004.03.21~03.27,13,496378,Cry,원타임,Once N 4 All,2003.11.26,Rap / Hip-hop,,오늘따라 왜 이리도 울적할까 내 슬픈마음 그 누가 알아줄까 오늘따라 왜 이리도 힘이들까 이 아픈마음 그 누가 알아줄까 Verse 1)새벽 한시반 술에 만취한 비는 내리고 잠도 오지 않는 밤 지치고 멍든 때때로 아픈 가슴속 고스란히 간직한 기억들을 되새기려 애쓰지만 이젠 먼지쌓인 추억 뿐 나를 떠난 그리운 웃음의 흔적뿐 나오는건 기나긴 이 한숨뿐 모든게 영원할꺼라 믿었던 그땐 바보같았지만 하나둘씩 그렇게 떠나갔지 다 붙잡지 않았지만 널 잊고 싶었지만 홀로 남은 이순간 니가 그리워 난 c'mon Hook)울고 싶어라 울고싶어라 이마음 사랑은 가고 친구도 가고 모두가 Verse 2)날 상처투성이로 만들고 떠난 날 바보멍청이로 만들고 떠난 지난 여자친구 결혼한단 얘기에 태연한척하며 혼자 가슴아파했지 요즘 여자들은 남자를 원치않지 단지 많은 돈과 빠른차를 갖고 싶어만 하지 그래서 남자들은 돈을 벌려하지 많이 마치 사랑을 살수 있을것만 같이 나이가 들면 들수록 하나둘씩 멀어지는 친구들 어쩌다 마주쳐도 어색해진 모습뿐 니가 변한건지 내가 나도 모르게 시간속에서 서서히 변해가는 건지 Hook)울고 싶어라 울고싶어라 이마음 사랑은 가고 친구도 가고 모두가 Bridge)떠나가면 알거야 아마 알꺼야 떠나가면 알거야 아마 알꺼야 Verse 3)하루하루 살아가는 나의 Life Story 왜 이리도 산다는게 힘겨운 거니 저하늘도 가끔은 나만큼 슬픈지 지금 이노래를 듣고 있는 넌 어떠니 웃어야지 웃어야지 하면서 어색한 눈물이 흘러내려 그래도 웃어야지 참을 수 없이 목이 메여와 가슴이 아파와 울고싶어라 Hook)울고 싶어라 울고싶어라 이마음 사랑은 가고 친구도 가고 모두가 Semi-Hook)오늘따라 왜 이리도 울적할까 내 슬픈마음 그 누가 알아줄까 오늘따라 왜 이리도 힘이들까 이 아픈마음 그 누가 알아줄까
2004.03.21~03.27,14,511800,갈색머리,윤건,갈색머리,2004.02.09,R&B / Soul,한경혜,내가 버린 그녀가 이 노랠 들으면 흩어진 갈색머리 바람에 젖어 날 생각할까  그녀를 생각하면 이 노랠 부르면 사랑을 이별로 갚은 어리석은 날 미워할까 내가 버린거라 믿는지 넌 아직 모르고 내 맘 속 널 보내는 슬픔은 아무도 몰라주고 단 한번 사랑했던 너의 갈색 향기 아직도 다른 사람은  꿈도 못 꾸는 나를 아니 11월 초겨울에 그리움 묻어와 갈색실 스웨터 보면  걸음 멈추는 나를 아니 내가 버린거라 믿는지  넌 아직 모르고 내 맘 속 널 보내는 슬픔은  아무도 몰라주고 내가 보낸 이율 아는지  다 알고 있는지 내가 버려진 눈물 속에서  지내온걸 아는지 I can wait for you 내가 버린거라 믿는지  넌 아직 모르고 내 맘 속 널 보내는 슬픔은  아무도 몰라주고 내가 보낸 이율 아는지  다 알고 있는지 내가 버려진 눈물 속에서  지내온걸 아는지
2004.03.21~03.27,15,488140,Girls,렉시,Lexury,2003.10.07,Rap / Hip-hop,최갑원,Girls Girls Girls Girls Girls All night long 뜨겁게 쳐다보는 시선도 가쁘게 차오르는 숨결도 생각따윈 하지마라 나를 따라와 내 리듬에 너를 맡겨봐 오늘 밤은 너를 버려 모두 잊어봐 시간속에 지워버려봐 Girls Girls Girls Girls Girls All night long 자 놀아볼래 L E X Y 함께 아무 말 하지마라 아무도 이유는 묻지 마라 누구도 지나간 이별마저 오늘은 잊혀져 내 머리속을 뒤흔드는 기억도 남자들은 필요없어 내게서 비켜서 이 밤은 여자들의 파티 함께 하지마 Girls Girls Girls Girls Girls All night long 생각따윈 하지마라 나를 따라와 내 리듬에 너를 맡겨봐 오늘 밤은 너를 버려 모두 잊어봐 시간속에 지워 버려봐 거기 남자들은 잠깐 비켜줄래 이 밤은 여자들만의 파티 멋대로 즐길거야 이 한잔 술잔에 내 음악을 더해 이 밤이 다하는 아침까지 맘껏 취해볼거야 하얗게 밝아오는 내일이 찾아든 저 작은 창 좀 막아줄래 나 몰래 내 곁에만 같이 있어 이 밤이 남았어 자 술에 취한 아침까지 몸을 흔들어 Girls Girls Girls Girls Girls All night long Girls
2004.03.21~03.27,16,513752,Eternity,엄정화,Self Control,2004.02.17,Dance,,끝이 없이 만날 순 없잖아 의미없이 또 미쳐갈뿐 포기해서 행복하다면 그 다음은 내가 선택할게 숨이 막혀 지쳐간데도 날카롭게 날 비껴갔던 상처로 남은 사랑쯤이야 두번 다시 쳐다 안볼게 지금처럼은 사랑할 수 없다는 것쯤은 알고 널 사랑해서 이별해야한단 말은 이제는 안하게 Just imagination(One Two) 영원한 건 없어(Three Four) 꿈속에 널 가두긴 싫어(사랑은 영원하지않아) 돌이켜도 후회하지않을 만큼 난 널 미치도록 사랑했던거야  사랑이란 거짓이라고 환상이라고 넌 내게 말했지 널 사랑할땐 내가 싫었어 모자라다고 보잘 것없었어 영원한 사랑 자신없다며 포기하는 슬픈 널 봐 말하지마 나도 이해해 그러면 우리 더 슬퍼지잖아 내 눈물 뒤에 나를 봐도 그 안에 네가 있어도 못본척 지나쳐야쳐야 하는 나를 할킨 또 다른 삶인걸 Just imagination(One Two) 영원한 건 없어(Three Four) 꿈속에 널 가두긴 싫어(사랑은 영원하지않아) 돌이켜도 후회하지않을 만큼 난 널 미치도록 사랑했던거야 Just imagination(One Two) 영원한 건 없어(Three Four) 웃을꺼야 이젠 너없이 변할거야 난 달라져볼거야 영원을 버리고 난 편해질거야 (사랑은 영원하지않아) Just imagination(One Two) 영원한 건 없어(Three Four) 꿈속에 널 가두긴 싫어(사랑은 영원하지않아) 돌이켜도 후회하지않을 만큼 난 널 미치도록 사랑했던거야 Just imagination(One Two) 영원한 건 없어(Three Four) 웃을꺼야 이젠 너없이 변할거야 난 달라져볼거야 영원을 버리고 난 편해질거야 (사랑은 영원하지않아) Just imagination(One Two) 영원한 건 없어(Three Four) 꿈속에 널 가두긴 싫어(사랑은 영원하지않아) 돌이켜도 후회하지않을 만큼 난 널 미치도록 사랑했던거야
2004.03.21~03.27,17,505373,연인,김연우,연인,2004.01.06,Ballad,유희열,언제 보여줄꺼야 니가 어딜 볼게 있다고 요즘 매일 듣는 말 친구들 날 놀리는말 내 옷장에 입을 옷이 왜 이리 없나요 거릴 걷다가도 가게 유리에 머릴 쓸어넘기죠 라 모퉁이 뒤에 숨어 멀리 그대오는 길 한참 바라보다 웃음이 나 들킬 뻔했죠 모퉁이 뒤에 숨어 그대 날 찾는 눈빛 너무 행복해서 하마터면 울뻔했죠 촌스러웠었는데 진짜 첨엔 별루였는데 내팔에 매달린 채 날 놀리는그대의 말 내 손위에 적어줬던 그대의 전화번호 몇번을 걸었다 또 끊었다 그날밤 날 봤다면 얼마나 웃을까 모퉁이 뒤에 숨어 멀리 그대오는 길 한참 바라보다 웃음이 나 들킬뻔했죠 모퉁이 뒤에 숨어 그대 날 찾는 눈빛 너무 행복해서 하마터면 울뻔했죠 매일 아침 그대 있음에 나 감사드려요 그댈 닮고 싶은 내 맘 아나요 꿈을 꾸죠 곱게 나이 든 그녀와 그옆에 그대 손 꼭 쥔채로 웃고 있는 나 창밖에 눈이와요 우리 처음 만났던 밤 처럼 하얗게 그대도 보고 있나요 사랑이 내리네요 그대란 사람 내 마음 가득 내려요 보고 싶어요 그대 밤도 아침도 그대 작은 움직임까지
2004.03.21~03.27,18,494208,왜이래,거북이,Turtles 2집,2003.11.13,Rap / Hip-hop,Turtleman,가슴을 활짝 펴고 크게 웃어요 하늘 향해 힘껏 소리쳐 봐요 답답한 가슴이 확 풀어지도록  숨막힌 세상 시원하도록   갑자기 왜 이래 난데 없이 왜 이래  화만 내면 무슨 일이 잘되나  안된다면 내일해 화내지 말고 내일해  지금 네게 필요한 건 latitude of mind   명품점 세일해 대책없이 왜 이래  참새가 황새따라 날다니  이리저리 채이네 독촉장에 메이네  지금 네게 필요한 말  Don't you know your place?   이제까지 잘 참아왔어요  세상살이 그리 쉽지 않아요 모든 욕심 다 버릴거예요  차라리 바보소리 들어도   높은 하늘 아래 수많은 건물  나 발디딜 자리조차 없네요 무심하죠 아무도 날  사랑하지 않아 힘이 들어요   노력을 매일해.. 힘들어도 매일해  지금 네게 필요한 말  make an effort everyday   가슴을 활짝 펴고 크게 웃어요  하늘 향해 힘껏 소리쳐 봐요 답답한 가슴이 확 풀어지도록  숨막힌 세상 시원하도록  중독성 게임에 또 밤샜니 왜 이래 밤샌 눈엔 약도없어 그만해 쉴 새 없이 싸인한 카드빚이 쌓이네  대책 없어 고민하네  everyday economize!   이제까지 잘 참아왔어요 세상살이 그리 쉽지 않아요  모든 욕심 다 버릴거예요  차라리 바보소리 들어도   높은 하늘아래 수많은 건물  나 발디딜 자리조차 없네요  무심하죠 아무도 날  사랑하지 않아 힘이 들어요   노력을 매일해 힘들어도 매일해 지금 네게 필요한 말  make an effort everyday   가슴을 활짝 펴고 크게 웃어요  하늘 향해 힘껏 소리쳐 봐요  답답한 가슴이 확 풀어지도록  숨막힌 세상 시원하도록  가슴을 활짝 펴고 -
2004.03.21~03.27,19,499072,아프고 화나고 미안해,하은,Finding Love,2003.12.05,Ballad,"심현보,하은",왜 이렇게 아무 말이 없니 괜찮은 거니
2004.03.21~03.27,20,485683,황혼의 문턱,왁스,Wax 4,2003.09.18,Rock,최준영,축복 받으면서 세상에 태어나  사랑을 받으며 나 자라왔어  교복을 입던날 친굴 알게됐고  우연히도 사랑이란걸 알게됐어  그렇게 처음 사랑을 하고  그러다 아픈 이별을 하고  맘이 아파 몇날 몇일을 울던 내가  어느새 키큰 어른이 되어  험난한 세상을 겪어보니  산다는게 정말 쉬운게 아니더라  평범한 사람과 사랑하게됐고  눈물 겨웠었던 청혼을받고  결혼식 하던 날 눈물 짓고있는  내 부모님 어느새 많이 늙으셨네  그렇게 나는 결혼을하고  날 닮은 예쁜 아이를 낳고  그 녀석이 벌써 학교에 들어갔네  어느덧 세월은 날 불잡고  황혼의 문턱으로 데려와  옛 추억에 깊은 한숨만 쉬게하네  거울에 비친 내모습 보니 많이도 변했구나  할수 있다면 다시 그때로 돌아가고싶어  그렇게 나는 결혼을 하고  날 닮은 예쁜 아이를 낳고  그 녀석이 벌써 학교에 들어갔네  어느덧 세월은 날붙잡고  황혼의 문턱으로 데려와  옛 추억의 깊은 한숨만 쉬게하네  - 간 주 중 - 어느덧 세월은 날 붙잡고  황혼의 문턱으로 데려와  옛 추억에 깊은 한숨만 쉬게 하네  나 후회는 없어 지금도 행복해  아직도 나에겐 꿈이 있으니까
2004.03.21~03.27,21,2101367,그런가 봐요...,V.One,2004 History Will Begine...,2003.01.19,Ballad,이희승,고맙다는 그 말 잘 못하는 사람 미안할 땐 괜히 더 화내는 사람 통화하다 먼저 끊는 사람 지난 사랑 얘길 늘 하는 사람 미리 해둔 약속 잘 어기는 사람 했던 얘기를 또 물어보는 사람 괜찮다고 걱정 말라하면 그 말 믿는 사람 그게 나래요 그녀가 말했죠 여자를 떠나게 만드는 남자들을 아냐고 그 이유 다 갖춘사람 오 다 나래요 그래서 날 떠나갔죠 그녀는 모르죠 나 얼마나 그녈 많이 사랑한지 그녈 위해선 아마 더한 버릇도 내가 다 고쳤을 텐데 그녀는 모르죠 내 모자란 자존심에 말 못했던 수많은 얘기 눈으로만 말한 걸 아마 듣지도 못하고 가나봐요  말하지 않아도 내 맘 아는 사람 약속에 늦어도 웃어주던 사람 작은 선물 뜻 없이 건네도 좋아하던 사람 그게 그녀죠 그녀는 말했죠 이별한 후에 더 차가운 여자 맘을 아냐고 만날 때 후회 없었던 오 그 이유라 미련조차 없다했죠 그녀가 떠났죠 이렇게 날 미련 속에 남겨두고 미안한 일이 너무 나도 많아서 후회뿐인 나를 두고 그녀는 떠났죠 다른 사랑 이래서는 안 된다며 내 마지막은 그녀였단 얘기를 끝내 듣고도 모른체 가나봐요  그녀는 모르죠 나 얼마나 그녈 많이 사랑한지 그녈 위해선 아마 더한 버릇도 내가 다 고쳤을 텐데 그녀는 모르죠 내 모자란 자존심에 말 못했던 수많은 얘기 눈으로만 말한 걸 아마 듣지도 못하고 가나봐요 나의 사랑이 날 두고 떠나가요
2004.03.21~03.27,22,490202,너를 원해,H,잊었니,2003.10.17,R&B / Soul,이강희,가슴으로 느껴지기에 더욱 더 간절해지는 너라는걸  your in my heart your in my mind  나를 보는 너의 눈빛 그 속에서 너를 찾는 내가 보여  I wanna be with u baby i wanna be with u  표현할 수 없는걸 가슴속 설레이는 말들  I wanna be with u baby i wanna be with u  두눈을 닫아도 남아있는 너의 모습  너를 얻을 수만 있다면 내가 가질 수만 있다면 그걸 원해 난 그걸 원해 너를 느낄수만 있다면 내가 가진 무엇보다도 너를 원해 난 너를 원해 힘든 일상에 지친 내게 위로가 되줘  햇살보다 더환한 너의 미소가 어둠속에 길을 잃으면  항상 빛이 되어주는 존재 그게 너란 걸  널 보고 있으면 너만 보고 있으면 너의 눈속에 날 담아 두고싶고  널 보고있으면 너만 보고있으면 시간이 멈춰진 세상을 꿈꾸게돼  너를 얻을 수만 있다면 내가 가질 수만 있다면 그걸 원해 난 그걸 원해 너를 느낄수만 있다면 내가 가진 무엇보다도 너를 원해 난 너를 원해 원해 나를 향한 너의 미소 원해 나를 보는 너의 눈빛을  next to me by my side don't u know we can make it right  널 얻을 수 있다면 널 느낄 수 있다면  원해 i wanna be your man baby yeah~  I wanna be with u baby I wanna be with u  너만 나의 사랑 원하고 있다면  I wanna be with u baby ooh ~ oooh ~ yeah ~  너를 얻을 수만 있다면 내가 가질 수만 있다면 그걸 원해 난 그걸 원해 너를 느낄수만 있다면 내가 가진 무엇보다도 너를 원해 난 너를 원해  너를 얻을 수만 있다면 내가 가질 수만 있다면 그걸 원해 난 그걸 원해 너를 느낄 수만 있다면 내가 가진 무엇보다도 너를 원해 영원히 난 너만을  너를 얻을 수만 있다면 내가 가질 수만 있다면 그걸 원해  너를 가질수만 있다면 와줄수만 있다면  내가 가질수만 있다면 내가 가진 무엇보다도 너를 원해
2004.03.21~03.27,23,505518,천사,서영은,Gift,2004.01.06,Ballad,"우지민,류시아",이젠 더이상  날 잡지 않겠다는 낮은 목소리  이렇게 날 울게할 줄 몰랐어  그 누구도 모르게 스민 그대향기가 더 내 안에 가득 고여  아무도 들어올 수 없는걸  사랑하는 방법 하나  알지 못한채로 그대 그 뜨겁게 많은 그 눈빛에  나 굳어져 갔나봐  나 이제 천사가 될거야 그대의 맘을 날아다닐거야 수줍던 날들을 버리고서 아주 조금씩 하나가 될거야  나 이제 사랑을 할거야 그대의 마음을 다 가질거야 그 안에 머물다 잠든채로 그대와 하나가 될거야 영원히~   이렇게 머물다가  하나가 되면 울어도 좋을거야 난 그대 안에 항상 있으니까  나 이제 천사가 될거야 그대의 맘을 날아다닐거야 수줍던 날들을 버리고서 아주 조금씩 하나가 될거야  나 이제 사랑을 할거야 그대의 마음을 다 가질거야 그 안에 머물다 잠든채로 그대와 하나가 될거야  나 이제 천사가 될거야 그대만 아는 날갤 가질거야 그대를 외면한 날들보다 더 많이 사랑해 줄거야  나나나나라라나라라라~ 나라나나나나나라라라~  그 안에 머물다 잠들거야 하나가 될꺼야~
2004.03.21~03.27,24,492854,사랑하긴 했었나요,리사,Finally,2003.11.04,R&B / Soul,,이젠 가나요 난 힘이들어요 많이 지쳤나봐요 아무런 변명도 하진마요 서로에게 상처주는 우리들의 사랑은 처음부터 잘못인가요 나를 위해서 떠난다고 하지 말아요 날 사랑하기는 했었나요 다 알면서 또 묻네요 Forever can us to be one again 돌이킬수는 없나요 음 아직 기억하나요 내게 약속했던것 결코 나보다 먼저 떠나지 않는다 했잖아요 서로에게 상처주는 말은 하지 말아요 처음부터 잘못인가요 날 사랑하지 않은 만도 못한게 되죠 날 사랑하기는 했었나요 다 알면서 또 묻네요 Forever can us to be one again 다 잊을 자신 있나요 나 이해할 순 없지만 미워할 순 없네요 잊을수 없으면 어떡하나요 날 사랑하기는 했었나요 나 만큼은 아닌가요 음 다시 내게 돌아오길 바라던 바보같은 나인걸요
2004.03.21~03.27,25,496004,비야,M(이민우),Un-Touch-Able,2003.11.22,Dance,,"떠나지 말라고 애원하지않겠어 네게 그런모습 보인적 없잖아 그래도 조금더 있다가라 말했어 곧 이 비가 그치고나면 All day 저 하늘은 All night 하루종일 소리지르며 서럽게 울어 All day, All night My heart 내 진심은 My soul 다 아는데 니가 떠나지못하게 한없이울어 I can't let go 정말 난많이 생각했어 널 잊고 사는건 나자신이없어 I can't I can't let go 정말 날떠나가겠다면이비를맞고가 너를 지울수있게 서로가말없이담담한척했지만 내 가슴은 숨을 쉴 수 조차없어 (정말로) 정말로 (이 비가) 이 비가 멎길 기다리는지 너도 못내 아쉬운건지 All day 나 생각해 All night 나 기도해 비 때문이라고 말을 해도 All day, All night My heart 내가슴은 My soul 내 영혼을 팔아서라도 널 돌릴수만 있다면 I can't let go 정말 난많이 생각했어 널 잊고 사는건 나자신이없어 I can't I can't let go 정말 날떠나가겠다면이비를맞고가 너를 지울수있게 이제 비가 그치고 있어 너는 나를 떠나야하겠지 비야 너는 알잖니 제발 멈추지말아 니가 영원히 떠나가지 못하게 I can't let go 정말 난많이 생각했어 널 잊고 사는건 나자신이없어 I can't I can't let go 정말 날떠나가겠다면 이 비를 맞고가 너를 지울수있게 I can't let go 한번 더 생각해 날 위해 나가지말라고 이렇게 애원해 I can't I can't let go 그래도 떠나가겠다면 내 숨을 멎게해 슬퍼할 수도 없게"
2004.03.21~03.27,26,495147,Think About` Chu,아소토유니온,Sound Renovates A Structure,2003.11.18,R&B / Soul,김반장,언제부턴가 많은 말이 왜  우리에게 필요 없었지  수많은 밤을 함께 보낸  우리들에게 다가오는  아름다운 날들  우린 서로 마냥 끌렸지  우린 마치 자석 같았어  아름다운 너의 손을  처음 잡았을 때의 나  느껴지는 너와 나 둘만의 사랑  oh baby yeh oh yeh  ho baby baby baby baby baby  I love you baby baby baby baby yeh  oh yes you are  Think about you Think about you  Think about baby  My baby is you  just you at me tonight oh yeh  그 많은 날을 혼자 있었지 baby  마치 얼음처럼 차가웠던 날들  나를 향한 너의 미소를 느꼈을 때  내 마음은 이미 타오르는 한 여름  서로 미워한 적도 있었지 baby  싸우는지 연애인지 모를 만큼  그 때마다 우린  이 노래를 들으면서  서로의 얼굴 빤히 보며 웃었던  그 기억 여기서 또 한번  너와 나 둘만의 사랑을  느껴지네 느껴지네  오늘 밤 baby  uh baby baby baby baby baby  I love you baby baby baby baby  all light oh baby  Think about you Think about you Think about you baby
2004.03.21~03.27,27,497095,그게 정말이니?,장나라,장나라 세번째 이야기,2003.12.03,Ballad,"진영진,신성호",후회는 없을거라고 그만큼  사랑했다고 지금 흔들리는 목소리로 이별을 얘기하는거니 사랑한 순간이야 그래 나도  기억하니까 니 말대로 후회는 없을꺼야 잊을순 없겠지만 그게 정말이니 너 돌아서는 모습이 정말 마지막이니 아무말 없이 너를 보내고 난 뒤에 후회하면 어떡하니 어쩌면 너의 말처럼 조금씩  잊혀진대도 아직까지는 나 단 하루도  너 없인 안되는데 그게 정말이니 너 돌아서는 모습이 정말 마지막이니 아무말 없이 너를 보내고  난 뒤에 후회하면 어떡하니 지금이라도 널 품에 안고 괜찮아 하면 돌아올꺼니 지나간 날에 이쁜추억 하나로 이렇게 너 남는거니 이렇게 멀어져 가는 그대 그저 힘없이 바라볼 뿐 소리쳐 불러봐도 잡을수 없기에 이건 안 된다고 가지 말라고 제발 내곁에 있어 달라고 마음속으로 너를 한없이 불러도 아무 소용 없겠지만 자꾸 돌아보며 머뭇거리는 저 멀리 니 모습 때문에 너로 인해서 행복했던 나란걸 지금에야 알게 됐어 이렇게
2004.03.21~03.27,28,510794,아프죠,해이,Piece Of My Wish,2003.10.28,Ballad,윤사라,전화 안하기로 다짐했어요 그것도 단지 습관일 뿐일테니까 처음엔 허전하겠지만  지나보면 좋은 날들도 가끔 있겠죠 얼마나 지독한 사람인데 하루도 거르지 않고 날 울렸는데 친구들도 잘 됐다 했죠 맘아플일도 속상할 일도 없을거라고 사랑하고 있는 걸 잊고 말았죠 이별을 말하던 날에  자유로운 또 하루가 두려워요 어떻게 해야죠 아프죠 아프죠  언제나 날 울리기만 하던 그사람이 없다는게 왜 이렇게 아픈거죠  이렇게 며칠도 참지 못하는 내가 미워져요 한 사람만 생각이 나고 또 자꾸만 눈물이 나요 눈물이 내게 가르쳐준 사랑이죠 - 간 주 중 - 내가 항상 잘했던건 아닌데 먼저 내 손을 잡으며 사과하곤 했죠 좋지 않은 일이 생기면 다들 알아도 나만 모르게 숨기곤 했었죠 사랑받고 있는 걸 알지 못해서  투정만 부리던 내게  누구라도 그렇게  따뜻할 수는 없을거에요 기쁘죠 기쁘죠  언제나 날 웃게 만들어준 추억들이 있다는게 왜 그때는 몰랐었죠  쉽사리 지워질 가벼운 기억인줄만 알았죠 아무말도 들리질 않고 잘못한 것만 생각나요 이별이 내게 가르쳐준 사랑이죠  아프죠 아프죠  언제나 날 울리기만 하던 그 사람이 없다는게 왜 이렇게 아픈거죠  이렇게 며칠도 참지 못하는 내가 미워져요 한 사람만 생각이 나고 또 자꾸만 눈물이 나요  눈물이 내게 가르쳐준 사랑이죠  돌아와줘요 내 사랑은 그대뿐이죠.
2004.03.21~03.27,29,488159,손톱만큼,조장혁,아직은 사랑할 때,2003.09.30,Ballad,조은희,다시 사랑할수 있을까 그대 밖에 모르던 내가
2004.03.21~03.27,30,496567,오래오래,바이브,Do U Remember,2003.11.28,R&B / Soul,"류재현,노블레스",난 이별을 몰라서 사랑만 알아서  많이 힘이 든가봐  넌 이별을 알아서 사랑은 몰라서  많이 쉬웠었나봐   너를 사랑하는 한 남자로 태어나서  나는 단 한번도 후회한적 없었다고  나 너를 위해 목숨까지 다 바쳐서 사랑했지만  이젠 나에겐 눈물이 되는걸   부디 오래오래 오래오래 오래오래 오래오래  그대곁에 있을께 심장이 멈출때 까지  기쁜 날들을 행복을 줄게  오래오래 오래오래 오래오래 오래오래  그냥 곁에 있을께 시간이 멈출때 까지  슬픈날들을 우리는 없게   넌 모를꺼야  내가 얼마만큼 너를 사랑하는지   너를 사랑하는 한 남자로 태어나서  나는 단 한번도 후회한적 없었다고  나 너를 위해 목숨까지 다 바쳐서 사랑했지만  이젠 나에겐 눈물이 되는걸   부디 오래오래 오래오래 오래오래 오래오래  다신 보지 말자고 다신 볼순 없다고  오래오래 오래오래 오래오래 오래오래  너를 잊고살아도 그냥 곁에있을께  다신 볼수없어도 내가 숨을 쉴때까진  너에 곁에 있을께 내가 널 지켜줄게   너를 사랑하는 한 남자로 태어나서  너의 곁에 있을께 내가 널 지켜줄게   너를 사랑하는 남자로 태어나서  나는 단 한번도 후회한적 없었다고  너를 위해 지옥까지 갈 수 있는 나의 사랑아  내가 너의 천사가 되줄게
2004.03.21~03.27,31,502880,여전히,유리상자,가족(哥族),2003.12.20,Ballad,이세준,잊을 수 있을거라 믿었는데 아직은 아닌가봐 자꾸 나도 모르게 너와 함께 걷던 여길찾곤 해 어쩌면 너도 역시 내 맘같아 이 거리를 찾을거야 애써 우연처럼 난 너와 마주칠 준비해 보지만 이젠 잊혀질만도 한데 눈치없는 내눈물은 날 떠나던 널 보내던 그 날만 기억하나봐  어쩌면 아주 떠나버리기엔 너도 역시 아쉽겠지 아직 나의 꿈속엔 여전히 날 보며 웃고 있는 너 이별처럼 네가 돌아와 나를 안아줄지 몰라 행복했던 날들만 사랑했던 기억만 애써 떠올려보지만 이젠 잊혀질만도 한데 눈치없는 내 눈물은 날 떠나던 널 보내던 그날만 기억하나봐 잊을 수 있을거라 믿었는데 살아있는 동안은 아닌가봐
2004.03.21~03.27,32,4180315,Ave Maria In A Minor (드라마 `천국의 계단` 테마곡),CharlotteChurch,여유 네번째 이야기 (세상에서 가장 여유로운 음악),2013.07.19,Pop,,"Ave maria, gratia plena Dominus tecum benedicta tu in mulieribus Et benedictus fructus ventris tuis jesus Sancta maria, sancta maria, maria Ora pro nobis Nobis peccatoribus Nunc et in hora, in hora mortis nostrae Amen Amen"
2004.03.21~03.27,33,490170,외워 두세요,성시경,Double Life ; The Other Side,2003.10.16,Ballad,박주연,모두 다 받았죠 그냥 있어준 것만으로  어디에 있어도 느끼는 햇살 같았어요  감사할 뿐이죠  마지막이예요 거짓말 하기는 싫어요  슬프게도 너무 잘 알죠  같은 공간에선 같이 살순없어  서로의 걱정은 하지 마요  무슨 말인지 알겠죠  사는 동안에는 못 볼꺼예요  저기 어둠 속 저 달의 뒷 편처럼  나 죽어도 모르실테죠  사라져도 모를 저기 저 먼 별처럼 잊어주는 것도 나쁘진 않아  잊을 수 있는 추억 그게 어딘가요  알겠죠 이제부터 우린  이 세상에 없는 거예요 외워두세요  - 간 주 중 - 날 웃게 해줬죠 그렇게 웃을 수 있었다니  내가 원했던 모습으로 이끌어준걸요  세상을 준거죠 이제 이런 얘긴 그만 하죠  무슨 말인지 알겠죠  사는 동안에는 못 볼꺼예요  저기 어둠 속 저 달의 뒷 편처럼  나 죽어도 모르실테죠  사라져도 모를 저기 저 먼 별처럼 모두 돌고 돌아 제 자릴 찾고  사라졌던 별 다시 또 태어날때쯤  그 때쯤 우리 꼭 만나요  그때는 꼭 혼자 있어줘요 외워두세요
2004.03.21~03.27,34,504315,Young Gunz,신화,Winter Story,2003.12.30,R&B / Soul,에릭,NewYork to Seoul This is  The Rock Dizzle C`MON  한 치 앞도 볼 수 없기에  나 혼자선 살아갈 수 없기에  앞길은 막막 하기에  난 혼자가 아니기에  저 푸른 하늘위에서 바라보는  내 비애 피해 미래로  보다 더 내게 값진 것은  따로 없어  시작은 있어도 끝은 없어  알 수 있었어 항상 곁에 없어도  언제나 내 힘이 되는 걸  느낄 수 있었어 서로 말은 안해도  Ever Lasting Friendship  in my life  넌 참 괜찮은 놈이야  널 만나게 될 줄이야  힘든 날 넌 한잔의 술이야  세상 갑갑해 이게 현실이야  Yo Yo 박자 놓쳤어 뭐 어때  기횔 놓쳤어 뭐 어때 일에 실패했어 뭐 어때  친구아이가 Man I Got You  알 수 있었어 항상 곁에 없어도  언제나 내 힘이 되는 걸  느낄 수 있었어 서로 말은 안해도  Ever Lasting Friendship  in my Life  You Got A Problem Come  And Talk To me  You Got A Problem Come  And Talk To me  You Got A Problem Come  And Talk To me  You Got A Problem Come  And Talk To me  곰방와 니하오마 니 문제 다  접수하마  세상이 반쪽에 반쪽이 되더라도  같이 웃고 기뻐하마 Yo  Yeah STRAIGHT Out  What I'm Trying to say is  the friendship  and love is all we got know  What I'm saying  I'm not faking Out Here  I'm not Trying to be Mr nice guy  I'm just me Yo Look Around You  Who's Your Real Partner  and Who's not  Who's Gonna Cry with you  Who's Gonna Laugh with you  when you Happy  and Who's not UH  상관없잖아 잃을 것도 없잖아  앞만 보고 달릴 수 있게  시간이 지나도 아니 평생이라도  Ever Lasting Friendship  in my Life  한 치 앞도 볼 수 없기에  나 혼자선 살아갈 수 없기에  앞길은 막막 하기에  난 혼자가 아니기에  한 치 앞도 볼 수 없기에  나 혼자선 살아갈 수 없기에  앞길은 막막 하기에  난 혼자가 아니기에
2004.03.21~03.27,35,485716,정말 사랑했을까,브라운아이드소울,Soul Free,2003.09.17,R&B / Soul,조은희,좋았나봐 널 많이 아꼈나봐 다시 못견디게 아픈걸 보니 가슴에서 자꾸만 열이 나고 널 떠올릴때마다 그리움이 흘러 숨겨봐도 그게 잘 안되나봐 이별 앓고있는 날 다 아는걸 씩씩한척 강한척 하는 내가 웃는 눈빛마저도 우는것  같아 보인대 우리 정말 사랑하긴 했을까 느낄 수가 없잖아 작고 좁은 나의 세상속에  살던 넌  행복하긴 했을까 우리 닮은 지난 추억이  초라한 내 앞이라 더 눈부셔 너 있는 곳 너무 멀어  다가갈 수 없어 헤어져도 보내지 못하나봐 니가 돌아와줄 것만 같아서 시간가면 잊을수 있을꺼란  굳은 다짐해봐도  매일 널 찾아 헤매는데 우리 정말 사랑하긴 했을까 믿을 수가 없잖아 좋은 사람으로 니 가슴에 내 모습  남긴 했을까 니가 곁에 없는 나보다  내가 없는 니가 더 두려워 나를 지우고 쉽게 또 사랑 할까봐 지키지 못할 약속들  그땐 왜 그렇게 많이 했는지 아직도 너를 위해 난 주고  싶은게 많은데 우리 정말 사랑하긴 했을까 느낄 수가 없잖아 작고 좁은 나의 세상속에 살던 넌  행복하긴 했을까 니가 곁에 없는 나보다  내가 없는 니가 더 두려워 니 사랑이 마지막이 될까봐
2004.03.21~03.27,36,490053,알면서,비,Rain 2,2003.10.16,Ballad,박진영,뭐라 할말을 몰라 가만히 듣고 있었어 발등만 쳐다보며 돌아서야 하겠지 생각이 들었지만 그렇게 되질않아 어떡해 어떡해 혼자 살수 없다는걸 알면서 너 없인 못사는걸 잘 알면서 그러면서 잘 살라고 행복하라고 잘 알잖아 나는 네가 없으면 안되는걸 왜 날 버리느냐고 물어 보고 싶었지만 입술을 깨물었어 너도 행복하라고 말하고 싶었지만 말이 나오질 않아 어떡해 어떡해 혼자 살 수 없다는 걸 알면서 너없인 못사는 걸 다 알면서 그러면서 잘 살라고 행복하라고 잘 알잖아 나는 네가 없으면 안되는 걸 네가 뭐라고 해도 다를 건 없어 난 어차피 혼자고 너없이 사는거야 너라도 너 한 사람이라도 행복하면 된거야 혼자 살 수 없다는 걸 알면서 혼자 살 수 없다는 걸 너없인 못사는걸 잘 알면서 뻔히 알면서 그러면서 잘 살라고 행복하라고 행복하라고 잘 알잖아 나는 네가 없으면 안되는걸 혼자 살 수 없다는 걸 알면서 너 없인 못 사는 걸 잘 알면서 못사는 걸 그러면서 잘 살라고 행복하라고 행복하라고 잘 알잖아 나는 네가 없으면 안되는 걸 안되는걸
2004.03.21~03.27,37,490332,떠나버려,BMK,No More Music,2003.10.17,Ballad,BMK,떠나버려 더이상 사랑을 믿지는 않아  이제는 지워버려 너와의 추억을 태워버렸으니  너 떠난 뒤에 나 이렇게 너를 보낸 후  너 또다시 날 날 사랑한다고 말할 수 있는거야  이제는 떠나가 날 자꾸 귀찮게는 하지마  뒤돌아 가는 니모습을 나는  오늘도 사랑은 없다고 믿어  떠나버려 더이상 사랑을 믿지는 않아  이제는 지워버려 너와의 추억을 태워버렸으니  - 간 주 중 - 이제는 떠나가 날 자꾸 귀찮게는 하지마  뒤돌아 가는 니모습을 나는  오늘도 사랑은 없다고 믿어 떠나버려 더이상 사랑을 믿지는 않아  이제는 지워버려 너와의 추억을 태워버렸으니  떠나버려 더이상 사랑을 믿지는 않아  이제는 지워버려 너와의 추억을 태워버렸으니  차라리 너에게 차갑게 대하는 날 미워해  바보처럼 애원하는 내 모습은 없을 테니 워  오 떠나 이젠 내게서 사랑을 믿지 않아  떠나버려 더이상 사랑을 믿지는 않아  이제는 지워버려 너와의 추억을 태워버렸으니
2004.03.21~03.27,38,445414,가끔씩 눈물이 나죠,팀,영민,2003.03.01,Ballad,심현보,눈물도 흐르지 않아 돌아서는 그대 말없이 바라보았죠 한참을 그렇게 있다 이별이 온걸 알아버렸죠 모든건 다 잊혀지겠죠 보고픈 맘도 그대의 이름도 가끔 몸서리치게 그립고 서글퍼도 그래도 시간은 흐를테고 변해가겠죠 더이상은 더이상은 가질 수 없는 그대 기억도 함께 가져가야 하는걸텐데 바보같은 사랑은 모진 상처로 남아 하루도 살 수 없게 하네요 가끔씩 눈물이 나죠 그래도 살아가겠죠 다 그런거니까 그러는 내가 싫겠죠 더는 그리워할것도 손꼽아 기다릴 일도 없겠죠 그대가 나에게 말했던 사랑은 이토록 서글픈건가요 이렇게 잊지도 미워하지도 못하고 가끔씩 그대를 떠올리다 잠이 들겠죠 더이상은 더이상은 가질 수 없는 그대 기억도 함께 가져가야 하는걸텐데 바보같은 사랑은 모진 상처로 남아 하루도 살 수 없게 하네요 가끔씩 눈물이 나죠 (아나요) 이런 나를 아나요 (그렇게) 모두 잊고 사나요 (그대는) 정말 나를 사랑했나요 (더이상은 더이상은) 기억도 함께 가져가야 하는걸텐데 바보같은 사랑은 모진 상처로 남아 하루도 살 수 없게 하네요 가끔씩 눈물이 나죠
2004.03.21~03.27,39,485444,Love Letter (언약),투샤이,Love Letter,2003.09.08,Ballad,정연준(업타운),너를 너무 많이 사랑하니까  니가 있어 이 세상이 난  행복하니까  약속해줘 우리 조금은 부족해도  서로의 잘못을 감싸주기로 해   이제 부터는 혼자가 아닌거야  내가 있잖아  힘들었던 건 모두 잊고 나의  어께에 기대  그동안 스쳐갔던 사람들은  모두 오늘을  위한 과정이었다고  묻어주기로 해 아무일  없던 걸로해  그려왔던 나의 사랑이 그게  바로 너였던 거야  왜 이제서야 알게됐는지 빨리  만나지 못했는지  우연히 지나가던 하루가 이젠  너무 행복해졌어  너만 있으면 누구도 부럽지  않으니까  너를 너무 많이 사랑하니까  니가 있어 온 세상이  아름다우니까  약속해줘 사랑하는 사람을 위해  한 두번 실수는 이해하기로 해  이루지 못했었던 지나간 사랑  때문에 이젠  슬퍼할 필요없어요  내가 있으니깐 생각하지 않아도돼  헤어지기 싫어서 조금씩 더  천천히 걷고 있어  그 어떤 일보다 이시간이  나에겐 제일 소중하니까 이만큼 너를 너무 많이 사랑하니깐  너 때문에 이 세상을 난 살아가니까  약속해줘 어떤 시련이 온다해도  우리의 사랑을 지켜가기로 해  이렇게 너를 너무 많이 사랑하니까  힘들어도 이세상이 아름다우니까 약속해줘 내가 없이 너  어디에 있어도  널위한 내 마음 기억하기로 해  이렇게 영원히 함께 가기로 해
2004.03.21~03.27,40,482652,I`m Missing You,휘성(Realslow),It`s Real,2003.08.21,R&B / Soul,최갑원,더 이상은 내겐 없겠죠 그대의 아침인사로 눈뜨는  내 하루는  헤어지기 싫은 그대를  집으로 데려다주는 기쁜  하루는 I am missing you what  should i do  내사랑은 조금도 변한게  없지만  Don't say good bye  쉬운 그 말조차 나 할수 없는 바보가됐죠  언제라도 할수 있겠죠  그대가 아플때 마다 밤새운  내 기도는  그사람이 미워보이면 내곁에  돌아오라는 슬픈 기도는  I am missing you what  should i do  내 사랑은 한번도 후회가  없지만  Don't say good bye  쉬운 그말조차 난 그때는 왜 못했었는지  지금보다 더 아무말 없이  살수는 있겠죠  그때까지 나 우 사진속에  웃고있는  그대를 꼭 안고서  I am missing you what  should i do  내사랑은 조금도 변한게  없지만 Don't say good bye  쉬운 그말조차  나 할수없는 바보가됐죠  더 이상은 내겐 없겠죠
2004.03.21~03.27,41,508429,보랏빛향기,클릭비(Click-B),The Best Of Click-B,2004.01.16,Rock,강수지,그대 모습은 보랏빛처럼 살며시 다가왔지 예쁜 두눈에 향기가 어려 잊을 수가 없었네 그대 모습은 보랏빛처럼 살며시 다가왔지 예쁜 두눈에 향기가 어려 잊을 수가 없었네 언제나 우리 웃을 수 있는 아름다운 얘기들을 만들어가요 외로움이 다가와도 그대 슬퍼하지마 답답한 내 마음이 더 아파오잖아 길을 걷다 마주치는 많은 사람들 중에 그대 나에게 사랑을 건네준 사람 그대 모습은 보랏빛처럼 살며시 다가왔지 예쁜 두눈에 향기가 어려 잊을 수가 없었네 언제나 우리 웃을 수 있는 아름다운 얘기들을 만들어가요 외로움이 다가와도 그대 슬퍼하지마 답답한 내 마음이 더 아파오잖아 길을 걷다 마주치는 많은 사람들 중에 그대 나에게 사랑을 건네준 사람 사랑을 건네준 그대
2004.03.21~03.27,42,492264,Somehow Somewhere,바다,A Day Of Renew,2003.10.22,Ballad,바다,"Somehow, someway, somewhere, someday   우연히 넌 어디선가    널 위해 부르는 이 노래 듣고 있을까    Somehow, someway       너는 나를 잊고 살고 있지만   난 너의 작은 버릇까지 생각 나   내게 말했었지 어떤 비밀도    함께 나누었었던 소녀와 소녀      *Somehow, someway,somewhere,someday   널 만날 수 있을까    너를 위해 불러주던 노래로 이젠   더 많은 사람들 위해 노래하는 걸   너는 알까 Someday       하고싶은 말은 너무 많지만    더 많이 아껴두고 전하고 싶어   너무 슬픈 날엔 마음 모아서   함께 기도 했었지 서로를 위해      *Somehow, someway,somewhere,someday   널 만날 수 있을까    너를 위해 불러주던 노래들로 이젠   더 많은 사람들 위해 노래하며 사는 나   너는 알까 Someday       *반복) 어쩌면 너는 모두 잊었을지도 몰라   세월 사이로 오래 흐른 시간 때문에    꼭 한번만 널 보고싶어    슬픈 날엔 두 손 모으고 함께 기도했었던    to believe baby~       Somehow, someway, somewhere, someday   널 만날 수 있을까   우연히 넌 어디선가 다시 그 때처럼   널 위해 부르는 이 노랠 듣고 있을까   Somehow, someway, someday        Somehow, someway, somewhere, someday   널 만날 수 있을까   우연히 넌 어디선가 다시 그 때처럼   널 위해 부르는 이 노랠 듣고 있을까   Somehow, someway, someday"
2004.03.21~03.27,43,484862,달빛소년,체리필터,Third Eye,2003.09.04,Rock,캡틴락,유리병 속에 담긴 나의 바다 파란 포도주  밤하늘 저 푸른 달빛 부서져가는 나의 여름밤 파란 달나라로 나를 데려가줘요  어렸을적 파란밤 달빛 내리는 거릴 걷다 한소년을 바라보다 벼락 맞았었지  그건 아마 어린 나에겐 사랑인줄도 모르고 가슴만 저려오며 파란달만 쳐다 보았네  밤이면 추억들이 파도에 밀려 바람에 실려 슬픈 지난일을 모두 데려가줘요  어렸을적 파란밤 달빛 내리는 거릴 걷다 한소년을 바라보다 벼락 맞았었지  그건 아마 어린 나에겐 사랑인줄도 모르고 가슴만 저려오며 파란달만 쳐다 보았네  숨박꼭질 하던 소년 넌 어디로 숨어 버렸나 저기 저 파란 하늘만 조용히 웃고 있네요   어렸을적 파란밤 달빛 내리는 거릴 걷다 한 소년을 바라보다 벼락 맞았었지  그건 아마 어린 나에겐 사랑인줄도 모르고 가슴만 저려오며 파란달만 쳐다 보았네  그건 아마 어린 나에겐 사랑인줄도 모르고 가슴만 저려오며 파란달만 쳐다 보았네
2004.03.21~03.27,44,496454,Melody,조규찬,Single Note,2003.11.27,Ballad,조규찬,거리를 걸을 때면 나도 몰래  뒤돌아보는 습관이 생겨버렸어  우연히라도 널 보게 될까봐  자꾸 그러나 봐  그런 내 모습이 우스워질 땐  고개를 저으며 나 자신에게 묻지  도대체 무슨 생각을 하냐고  뭘 원하느냐고  Melody 처음 만난 그곳에  흐르던 harmony  구름처럼 가슴 속 맴도는 melody  어제보다 선명한 입맞춤의 기억  잊으려 할수록 감미로운 오 melody  잠에서 깨어나면 어김없이  부재중 전화부터 확인하게 돼  혹시라도 날 찾진 않았을까  하는 바람으로  그런 내 모습이 초라해지면  입술을 깨물며 나 자신을 달래지  오늘까지만 그리워하자고  꼭 오늘까지만  Melody 처음 널 안았을 때  흐르던 harmony  꽃잎처럼 향기로운 널 닮은  melody  잊어버리기 보다는 쉬운 그리움  익숙해질 수 없는 너 없는 나 Melody Melody  너를 향한 내사랑과  널 향한 내사랑  함께했던 날들 소용돌이처럼  모두 삼킨  Melody Melody Melody  영원히 너를 잃어버리고  떠난 너의 꿈을떠난 꿈을  별처럼 간직하고 있는  Melody  너의 체온처럼 감싸오른  harmony  송곳처럼 가슴 속 맴돌며  날 쓰러뜨리는  Melody Melody  결코 잊혀질수 없는  나의 이름처럼 내 이름처럼  숨을 쉬는 한 지울 수 없는  Melody  잊어버리기 보다는 쉬운 그리움  익숙해질수 없는 너없는 나
2004.03.21~03.27,45,494792,정상을 향한 독주 2 (Feat. 김범수),주석,Superior Vol. 1 This Iz My Life,2003.11.19,Rap / Hip-hop,"주석,이의현",끝없는 설레임을 넘어  (기나긴 여행 중에 좌절도 맛본)  내가 여기까지 왔음에  (하지만 오래전에 I told ya it's ma turn)  오직 영원함으로만 가질 수 있는 그 이름  이제 그 이름을 나에게(It's my turn)   I live my life 의심 마라  한 치의 부끄럼도 없어 Believe my rhymes  힙합 언제나 She's my wife  영원히 변함없어 그녀에 대한 사랑  최고로 값진 건 항상 가까이에  최고로 값진 널 항상 내 자리에 두고 싶어  누구와도 바꿀 수 없어 You're the only one  인생을 흔들어 놓은 유일한 너    이제 널 데려갈게 저 높은 정상으로  그런 내 마음이 모두에게  제대로 전달되도록  맨날 그토록 잠만 설치고  밤낮으로 기도만 했어  엎치락 뒤치락 이제 그만  어찌나 빛이 나는지 확인 하고파  내 힘으로 끝까지 올라가  그 까짓 정상보다 훨씬 더 높은 곳까지    끝없는 설레임을 넘어  (기나긴 여행 중에 좌절도 맛본)  내가 여기까지 왔음에  (하지만 오래전에 I told ya it's ma turn)  오직 영원함으로만 가질 수 있는 그 이름  이제 그 이름을 나에게 (yo- It's my turn)    아름다운 도시여 20년 지기 벗이여  기쁨과 슬픔을 모두 네게 덧씌워  고뇌는 있지만 후회는 없어  아무런 보장은 없지만 희망은 있어  비가 온 후엔 구름이 걷히잖아  마지막 순간에도 무릎을 꿇지 않아  아무리 힘겨워도 두 눈을 감지 않아  계속되는 이 게임의 흐름을 끊지 않아   내 자신이 내게 바라는 끊임없는 재개발화  철 같은 의지는 마치 체계바라  투지를 불태워 더욱 세계 발화(發火)  안되면 될때까지 끝까지 되게하라  3년 전에 이미 내가 뱉은 말  그말이 씨가 되어 comin'soon 해뜰 날  3point shot 길이 보인다  기뻐해라 (I told ya) 내 자신감이 키 포인트다    끊임없이 펀치를 날려  계란으로 바위치기라도  결국 난 성공시켜 꿈을  포기는 금물 이것이 불문율    금지된 이경기에서 필요한것  흔들림 없는 목소리지 작업은 이미완료  높은곳을 향해 전진하는것    아픔마저 삼켜내면서  눈물을 나는 가로질러  상처마저 뛰어넘어서  나는 그대의 것이 되리니   끝없는 설레임을 넘어  (기나긴 여행 중에 좌절도 맛본)  내가 여기까지 왔음에  (하지만 오래전에 I told ya it's ma turn)  오직 영원함으로만 가질 수 있는 그 이름  이제 그 이름을 나에게(It's my turn)    끝없는 설레임을 넘어  (기나긴 여행 중에 좌절도 맛본)  내가 여기까지 왔음에  (하지만 오래전에 I told ya it's ma turn)  오직 영원함으로만 가질 수 있는 그 이름  이제 그 이름을 나에게(It's my turn)
2004.03.21~03.27,46,418253,보고 싶다,김범수,보고 싶다,2002.12.11,Ballad,윤사라,아무리 기다려도 난 못가  바보처럼 울고 있는 너에 곁에  상처만 주는 나를 왜 모르고  기다리니 떠나가란 말야  보고싶다~~보고 싶다~~  이런 내가 미워질만큼~~  울고 싶다~~ 네게 무릎 꿇고  모두 없던일이 될수 있다면  미칠듯 사랑했던 기억이  추억들이 너를 찾고 있지만  더 이상 사랑이란 변명에  너를 가둘수 없어  이러면 안되지만..  죽을만큼 보고 싶다.    보고싶다~~ 보고 싶다~~  이런 내가 미워질만큼~~  믿고 싶다 옳은 길이라고  너를 위해 떠나야만 한다고  미칠듯 사랑했던 기억이  추억들이 너를 찾고 있지만  더 이상 사랑이란 변명에  너를 가둘수 없어  이러면 안되지만  죽을만큼 보고 싶다.    죽을 만큼 믿고 싶다~~~~
2004.03.21~03.27,47,497587,Shine We Are!,보아(BoA),Shine We Are,2003.12.04,Dance,,Something new?  말해줘요 Whats your dream? 두 눈으로 전해줘요 Try me boy 조금씩 가까워지는 느낌 푸른 바다 반짝이는 꿈처럼  모든 게 이뤄진대도 그렇지 않은 시간은 찾아오죠 하지만 난 믿어요 그 언젠가엔 So shine we are!  I feel the brightness love 저 태양을 감싸 안는다면 남김없이 With you 꿈을 모아 Happiness! 새하얀 파도가 시작되는 미래에서라면 지금 모습 그대로 함께 걸어가요  You know what? 제자리 걸음으로 신기루를 헤매다 눈을 뜨면 In surprise 찾게 되는 그 하나  그 곳으로 나를 데려가줘요  행복해 웃음질때도 나도 모르게 외로워지기도 하죠 하지만 난 믿어요 곁에 있어요 So Shine we are!  I feel the brightness love  나의 마음이 전해지나요 마주잡은 두 손 따스함은 하나죠 너를 바라보는 나의 두 눈에 담고 싶어요 서로의 빛이 되는 내 기도 속의 My love  Yes I'm gonna feel all right  gonna take your chance 그대와 함께 해요 All I need is love Yes I'm gonna feel all right  gonna take your chance 그대와 함께 해요 All I need is love  모든게 이뤄진대도 그렇지 않은 시간이 찾아오죠 하지만 난 믿어요  그 언젠가엔 So Shine we are!  I feel the brightness love  저 태양을 감싸 안는다면 남김없이 With you 꿈을 모아 Happiness! 새하얀 파도가 시작되는 미래에서라면 지금 모습 그대로 함께 걸어가요  I feel the brightness love  나의 마음이 전해지나요 마주잡은 두 손 따스함은 하나죠 너를 바라보는 나의 두 눈에 담고 싶어요 서로의 빛이 되는 내 기도 속의 My love  Yes I'm gonna feel all right  gonna take your chance 그대와 함께 해요 All I need is love Yes I'm gonna feel all right  gonna take your chance 그대와 함께 해요 All I need is love  Yes I'm gonna feel all right  gonna take your chance  Yes I'm gonna feel all right  gonna take your chance
2004.03.21~03.27,48,487292,사랑했어요,이기찬,Natural,2003.09.29,Ballad,이기찬,울지는 말아야지 몇번씩 다짐을 했죠 눈물을 보이면 안 된다고 그대가 뭐라 해도  나를 떠나겠다고 말을 해도 못들은 척 할래요 이젠 내가 싫어졌다고 하면 그대가 너무 미워질테니까요 사랑했어요 사랑했어요 그댈 지금 붙잡으면 안되는건 가요 우리 이제 헤어지면 보고 싶어질텐데 이러면 안되요 다시 생각해줘요 부탁할게요 가지 말아요 그댈 지금 붙잡으면 안 되는건가요 우리 이제 헤어지면 만날 수 없을텐데 그댈 볼수없다면 많이 힘들거예요  미안해요 걱정 말아요 그댈 간직할게요 그대 행복 위해 날 기억하지 말아요
2004.03.21~03.27,49,1183925,괜찮아,JK김동욱,Multiplepersonalize,2003.08.05,Ballad,루시아,이게 끝이라고 말해 그냥 돌아서 떠나가 미안한 마음따위 지워버려  버림받은 사람 나인데 니가 왜 울고 있어 내가 널 붙잡으면 어떡하려고 어차피 떠날거면 그런 모습 보이진마 사랑했던 기억이 슬픔으로만 남겨질테니 난 괜찮아 내가 부족해서 니가 날 버리게 한걸 어떻게 그런 널 원망해 먼 훗날에 한 번쯤 생각나 다시 널 찾아보면 행복한 모습으로 남아  비오는 거릴 보며 니가 너무 보고 싶을때 그럴 땐 미친듯이 달려나가 소리치게 돼 난 괜찮아 내가 부족해서 니가 날 버리게 한걸 어떻게 그런 널 원망해 먼 훗날에 한번쯤 생각나 다시 널 찾아보면 행복한 모습으로 남아  네게 버림받는 것이 죽을 만큼 힘들어도 괜찮아 난 이대로 숨쉴테니
2004.03.21~03.27,50,52214,타인의 계절,한경애,한경애 전집,1989.01.01,Folk,이경미,그대를 사랑하면 할수록 이렇게 외로워지는건 그대를 향한 나의 사랑이 너무도 깊은 까닭에 우리 사랑 여기 이대로 머물수 있을까 오늘이 가고 먼 훗날에도 남아있을까 사랑이 깊어가면 갈수록 우리들 가슴은 빈 술잔 낯선 바람은 꽃잎 떨구고 눈물이 되어 고여라  우리 사랑 여기 이대로 머물수 있을까 오늘이 가고 먼 훗날에도 남아있을까 사랑이 깊어가면 갈수록 우리들 가슴은 빈 술잔 낯선 바람은 꽃잎 떨구고 눈물이 되어 고여라 눈물이 되어 고여라
