time,rank,song_id,title,singers,album,date,genre,creator,lyric
2002.08.11~08.17,1,313559,우린 제법 잘 어울려요,성시경,Melodie d` Amour,2002.07.19,Ballad,심현보,우린 제법 잘 어울려요  저기 그대가 보이네요 오늘도 같은 시간이죠  언제나 조금 젖은 머리로 날 스쳐가죠 살짝 미소지은 건가요 혹시 날 알아 챈 건가요  아침을 닮은 그대 향기가 날 사로잡죠 난 궁금한 게 많죠 그대 이름 그대의 목소리  온 종일 상상해요 그대 곁에 날 정말 서두르진 않을 거예요 한 걸음 한 걸음씩 그대가 나를 느끼게  사랑을 시작할까요 내일 아침 어쩌면  말할지도 모르죠 우리 한 번 만나 볼래요  물기 어린 나무 사이로 햇살이 부서지는 거리  투명한 그대 얼굴이 왠지 좋아 보여요 기분 좋은 일이 있나요 가벼워 보이는 발걸음  살며시 부는 바람을 타고 난 다가가죠 참 망설였었지만 오늘은 꼭 얘기할래요 눈이 참 예쁘다고 좋아한다고 조금 서투르고 어색하지만 천천히 알아가요 그렇게 시작해봐요  거 봐요 웃을 거면서 내 마음을 알면서  잘 해낼 수 있겠죠 우린 제법 잘 어울려요 정말 서두르진 않을 거예요 한 걸음 한 걸음씩 그대가 나를 느끼게  사랑을 시작할까요 그대 곁엔 언제나  내가 있어줄게요 변치 않을 거예요 우린 제법 잘 어울려요
2002.08.11~08.17,2,314563,진실,쿨(COOL),Cool 7even,2002.07.04,Dance,이승호,사랑하고 싶어요 함께하고   싶어요   진실한 그대의 모습을 나에게   보여줘요   너는 그랬어 너의 커피는   향기가 좋다는 까만 블랙커피   너는 그랬어 너의 저녁은   건강에 좋다는 초록샐러드뿐   너도그랬어 나와 만날땐   실내가 꽤넓은 까만 자동차   운전이 서툰건 나 때문인줄만  굳게 믿었어   그런 니모습 너무 예뻤지만   나 조금은 부담스러웠어   넌 어쩐지 나와 어울릴수 없는   다른 운명 같았어   나 그래도 사랑하고 싶었어   함께하고 싶었어   가진건 없지만 널 위해서 모두   주고 싶었어   너 하나만 사랑하고 싶었어   영원하고 싶었어   처음이야 날 위한 너의 배려가   행복했어   아무리 감춰봐도 감춰봐   아무리 속여봐도 언제나  들통나고  모두다 탄로나고 있는 그대를   보여줘 또 사랑해  너는 그랬어 영화를 보면  언제나 끝날때 깨워야만 했어  너는 그랬어 까페를 가면  리필이 가능한 커피만을 시켜  너도 그랬어 너의 그 패션  브랜드 유명한 비싼명품들  너의 생일날이 다가오는것이  두려웠었어  극장안에서 너만 바라보다 나  언제나 잠이 들었던건  나 솔직히 얘기 할 수 없었지만  힘든 아르바이트  나 그래도 사랑하고 싶었어  함께하고 싶었어  가진건 없지만 널 위해서  모두 주고 싶었어  너 하나만 사랑하고 싶었어  영원하고 싶었어  처음이야 날 위한 너의 배려가  행복했어  이제얘기 할거야 모든걸  솔직한내 모습을 모두다  너를 위해서는 내 모든걸  아낌 없이 줄거야  오오오 사랑하고 말거야  너를지켜 낼거야  약속해줘 이세상 마지막까지  함께해줘  프림두스푼 설탕두스푼 다시는  쓴커피 생각도 하지마  버스가 좋아 전철도 좋아 다시는  친구차 빌리지도 마
2002.08.11~08.17,3,432309,꿈에,박정현,박정현 Op.4,2002.06.15,R&B / Soul,,어떤말을 해야하는지 난 너무 가슴이 떨려서 우리 옛날 그대로의 모습으로 만나고 있네요  이건 꿈인 걸 알지만 지금 이대로 깨지않고서 영원히 잠 잘 수 있다면   날 안아주네요 예전 모습처럼  그 동안 힘들었진 나를 보며 위로하네요  내 손을 잡네요 지친 맘 쉬라며  지금도 그대손이 그때처럼 따뜻하네요   혹시 이게 꿈이란 걸  그대가 알게 하진 않을꺼야  내가 정말 잘할꺼야 그대 다른 생각 못하도록  그대 이젠 가지마요  그냥 여기서 나와 있어줘요  나도 깨지 않을께요 이젠 보내지 않을거예요  계속 나를 안아주세요 예전 모습처럼  그동안 힘들었지 나를 보며 위로하네요  내 손을 잡네요 지친맘 이젠 쉬라며  지금도 그대 손은 그때처럼 따뜻하네요  대답해줘요 그대도 나를 나만큼 그리워했다고  바보같이 즐거워만하는 날 보며 (날 보며)  안쓰런 미소로 (슬픈 미소로)  이제 나 먼저갈께 미안한 듯 얘길하네요   나처럼 그대도 (그대도)  알고 있었군요 (꿈이라는 걸)  그래도 고마워요 이렇게 라도 만나줘서   날 안아주네요 작별인사라며  나 웃어줄께요 이렇게 보내긴 싫은데  뒤돌아 서내요 다시 그 때처럼   나 잠 깨고 나면 또 다시 혼자있겠네요  저 멀리 가네요 이젠 익숙하죠 나 이제 울게요  또 다시 보내기 싫은데 보이지 않아요    이제 다시 눈을 떴는데 가슴이 많이 시리네요  고마워요 사랑해요  난 괜찮아요 다신 오지 말아요 -
2002.08.11~08.17,4,432941,부탁해요,왁스,Wax 3,2002.07.05,Ballad,최준영,그 사람을 부탁해요  나보다 더 사랑해줘요  보기에는 소심해 보이지만  알고 보면은 괜찮은 남자예요  눈치없이 데이트 할 때  친구들과 나올꺼예요  사랑보다 남자들 우정이  소중하다고 믿는 바보니까요  술을 많이 마셔 속이 좋지않아요  하도 예민해서 밤잠을 설치죠  밤에 전화할 때 먼저 말없이 끊더라도  화내지 말고 그냥 넘어가줘요  드라마를 좋아하고  스포츠도 좋아해요  야한여자 너무 싫어하고  담배피는 여자 싫어하지요  절대 그사람을 구속하지 말아요  그럴수록 그는 멀어질꺼예요  사랑한단 말도 너무 자주  표현하지 말아요  금방 싫증낼 수 있으니  혹시 이런 내가 웃기지 않나요  그렇게 잘 알면서 왜 헤어졌는지  그 사람을 사랑할땐  이해할수 없었던 일들이  헤어져보니 이젠 알것 같아요  그 사람 외롭게 하지 말아요
2002.08.11~08.17,5,111413,안 되나요.. (부제: 화양연화),휘성(Realslow),Like A Movie,2002.04.03,R&B / Soul,박경진,너무 힘들어요 다른 사람 곁에 그대가 있다는 게 처음 그댈 본 난 휠씬 그전부터 이미 그랬을 텐데 어쩌면 헤어질 지 몰라 힘겨운 기대를 해봐도 단 한번 힘들어 하는 표정 없이 행복해 하는 그대가 싫어요 안되나요 나를 사랑하면 조금 내 마음을 알아주면 안되요 아니면 그 사람 사랑하면서 살아가도 돼요 내 곁에만 있어 준다면 하루는 울고 있는 그대 멀리 서 지켜 본적이 있죠 그렇게 울다 지쳐서 그 사람과 이별하게 되길 기도 하면서 안되나요 그대 이별하면 이제 그 자리에 내가 가면 안되요 아니면 그 사람 사랑하면서 살아가도 돼요 내 곁에만 있어 준다면 힘들 그대 모습 생각해 보면 애써 그대 때문에  아픈 나를 만나지만 우우 사랑 할 수 없는 그대를 보면 너무 아픈 가슴 다 쓰러져만 가는데 안되나요 나를 사랑하면 조금 내 마음을 알아 주면 안되요 아니면 나를 그 사람이라고 생각해도 되요  그대만 내게 있으면 그대만 있어 준다면
2002.08.11~08.17,6,314448,사랑 Two (Acoustic Ver.),YB,Live Is Life,2002.06.27,Rock,이경희,나의 하루를 가만히 닫아주는 너 은은한 달빛따라 너의 모습 사라지고 홀로 남은 골목길에 수줍은 내 마음만  나의 아픔을 가만히 안아 주는 너 눈물 흘린 시간 뒤엔 언제나 네가 있어 상처 받은 내 영혼에 따뜻한 네 손길만  처음엔 그냥 친군줄만 알았어 아무 색깔 없이 언제나 영원하길 또 다시 사랑이라 부르진 않아 아무 아픔 없이 너만은 행복하길  널 만나면 말없이 있어도 또하나의 나처럼 편안했던거야 널 만나면 순수한 내모습에 철없는 아이처럼 잊었던 거야  내겐 너무 소중한너 내겐 너무 행복한너   처음엔 그냥 친군줄만 알았어 아무 색깔 없이 언제나 영원하길 또다시 사랑이라 부르진 않아 아무 아픔 없이 너만은 행복하길  널 만나면 말없이 있어도 또하나의 나처럼 편안했던거야 널 만나면 순수한 내모습에 철없는 아이처럼 잊었던거야  널 만나면 말없이 있어도 또하나의 나처럼 편안했던거야 널 만나면 군수한 내모습에 철없는 아이처럼 잊었던거야  내겐 너무 소중한너 내겐 너무 행복한너
2002.08.11~08.17,7,191094,My Sweetie,보아(BoA),No. 1,2002.04.01,Dance,,그대만 보면 너무 좋았죠  언제나 환한 얼굴만을 보여 준 그대 가끔씩 들려준 포근한 노래들로  작은 시련쯤은 모두 이겨 낼 수 있었죠 그대를 보러 가는 길이 좋아요  내일은 햇살 가득한 아침도  한 걸음씩 걸었죠  단숨에 달려갈 수도 있지만  아껴두고 싶은 마음인걸  아무것도 그댄 모르는 것 같아요  내가 그댈 사랑하고 있는 것도  one two 이젠 어리지가 않죠  two two 숙녀라고 볼순 없죠  하지만은 언젠가는 나도 여자가 돼 있겠죠  때론 달콤하게 조심스럽게  사랑을 말할수도 있겠죠  one two 이젠 어리지가 않죠  two two 숙녀라고 볼순 없죠  하지만 사랑해도 될까요  나 언젠가는 그대맘을 사로잡는  여자가 되고 싶어 나를 기다려 줘요  그대는 내게 딱걸렸어요  나 매일 그대 꿈을 꾸기만을 빌어요  잠에서 깨어나 그대가 마치 날 본것 같아  부끄러워질 때도 있죠  혹시라도 눈이 마주치는 날이면  하루종일 그댈 피해 다녔죠  one two 이젠 어리지가 않죠  two two 숙녀라고 볼순 없죠  하지만 사랑해도 될까요  나 언젠가는 그대맘을 사로잡는  여자가 되고 싶어 나를 기다려 줄 수 있나요  오늘 아침 왠지 그대 눈빛에  슬픔들이 고인것 같아  누가 그댈 힘들게 했나요  그대 안에 있는 누군가 보다  더 잘할 자신 내게 있어요 one two 이젠 어리지가 않죠  two two 숙녀라고 볼순 없죠  하지만 언젠가는 나도 여자가 돼 있겠죠  때론 달콤하게 조심스럽게  사랑을 말할수도 있겠죠  one two 이젠 어리지가 않죠  two two 숙녀라고 볼순 없죠  하지만 사랑해도 될까요 나 언젠가는 그대맘을 사로잡는  여자가 되고 싶어 나를 기다려 줘요  one two
2002.08.11~08.17,8,431368,Summer Vacation,SMTOWN,Summer Vacation In Smtown.Com,2002.06.12,Dance,이상백,"Hey, baby! My name is Jun-Jin.  Do you konw summer? I know summer baby Let''s get together! Ye! Oh! Summer dance! A yo! Baby! What are you doing tonight?  Do you wanna dance with me? 1 2 3 4 Summer dance! Right Wow. Come on everybody move it dance All right. We make a summer dance! Ah! Ah!  Come on! tic tic tic make a dance! 언제나 돌아오는 신나는 여름이야  하지만 왠지뭔가 허전해 모두다 바닷가로 하지만 재미없지  똑같은 레파토리 허다해  시원하 옷차림에 음악을 틀어놓고  Go!Go!흥겨운 리듬에 춤을 추며  이 더위를 뿌셔뿌셔 우리모두 바닷가로 비키니반바지 제멋대로  Everybody rock ya shades, it''s summer time uh let''s dance 푸른파도 하얀모래위 불타는 태양아래  당신에 모든걸 맡겨요 town town SMTOWN AH HOO~ Everybody! Come on summer dance! All right go! 함께가는거야 바다로 We make a summer dance! Here we go! 하고싶은데로 우리함께 춤춰봐 Come on summer dance! All right go! 모두모여 하나가되고 We make a summer dance! Here we go! 마지막 여름을 신나게 즐겨봐! 자 자 갑시다 가요 머리 꽁 손꽁 발 꽁꽁  꽉 묶여 있던 생각들 다 집어던지고 바다로  Let''s go 그래 오늘 이 자리에 내가 왔지  What''s up 우린 BlackBeat  내 멋대로 놀 줄 아는 친구들이 있지  거침없이 달려나가 후회없이 Wow 여름이 가기전에 사랑이 가기전에  모두다 해변으로 떠나요 가끔은 혼자되어 때로는 함께 모여  신나게 달려가요 바다로 일상에서 쌓인 고민들 모두지워 버리고  당신에 여름을 즐겨요 Dance! Dance! Summer dance Ah! Hoo~  Everybody! Come on summer dance!  All right go! 함께가는거야 바다로 We make a summer dance! Here we go! 하고싶은데로 우리함께 춤춰봐 Come on summer dance! All right go! 모두모여 하나가되고 We make a summer dance! Here we go! 마지막 여름을 신나게 즐겨봐! Make it 1 신화 Make it 2 Hello Make it 3 S.E.S. All right go summer dance M.I.L.K. Ha! Ha!  강타 Hu!Hu!  다나 BlackBeat Hey! Hey!  All right go! summer dance 언제까지나~ 후우~~ 행복할수있도록~~~My love~ Ha~ Come on summer dance! All right go!  함께가는거야 바다로  We make a summer dance! Here we go!  하고싶은데로 우린함께 춤춰봐  Come on summer dance! All right go!  모두모여 하나가되고  We make a summer dance! Here we go!  마지막 여름을 신나게 즐겨봐! Feelin'' good I can move on I been around for the week  for the more blow Asta Ia Vista love for the beach,  penetentry to please the freak so I be  자 놀러가자 man makin'' it more  밤새도록 놀다가자  man know what i mean 우리만에 노는 방식 but I think it''s plain to see 재미나게"
2002.08.11~08.17,9,432269,Sea Of Love,플라이투더스카이,Sea Of Love,2002.04.26,R&B / Soul,유영진,"언제나 내 꿈엔 비가 내려  차가운 바람도 불고 있어 널 기다리는 내 삶의 끝  본 것만 같아 어떡해  며칠이 몇 년 같은데  넌 아무렇지 않은지  한번이라도 너를 보여주겠니  For the moon by the sea  네가 떠난 바닷가에  눈물이 마를 때까지 (다 마를 때까지) 사랑한다는 건  오직 기다림뿐이었단 걸(단 걸)  난 왜 몰랐을까 (난 왜 몰랐을까)  이제 난 그만 돌아가려 해  너를 몰랐던 그때 네가 없던 세상 아직은 나에게 내가 전부였던 시절  날 보내 줘  From the bottom of my heart  Girl with you , I'll be true 모두 거짓말인걸 (거짓 말야)  맘은 그렇게 먹지만 (맘은 그렇게 먹지만) 절대 너인걸 어떡해(걸 어떻게)  죽어도 못 잊겠어  For the moon by the sea  네가 떠난 바닷가에  눈물이 마를 때까지 (다 마를 때까지) 사랑한다는 건  오직 기다림뿐이었단 걸(단 걸)  난 왜 몰랐을까  널 잊은 채로 나도 살고싶어  하지만 그게 안 돼 아픔만 더해 갈 뿐 너의 사랑은 끝났지만  나의 사랑은 이제 막 시작했어  From the bottom of my heart  still i'm falling in love 꿈속에라도 네가(꿈속에서)  돌아와 Kiss해줘(나에게 Kiss 한다면) 약속하지 않아도 돼(않아도 돼)  난 매일 기다릴 테니  For the moon by the sea  네가 떠난 바닷가에  눈물이 마를 때까지 (다 마를 때까지) 사랑한다는 건  오직 기다림뿐이었단 걸(단 걸)  난 왜 몰랐을까  가끔 네 눈에 눈물이 고여  흐른다면 그건 내가  눈물이 말라서 네 눈물 빌린 거야  돌아와 제발 내게   (난 왜 몰랐을까)  For the moon by the sea  네가 떠난 바닷가에  눈물이 마를 때까지 (다 마를 때까지) 사랑한다는 건(사랑해)  오직 기다림뿐이었단 걸(기다림뿐이었어) 난 왜 몰랐을까 (왜 몰랐을까) For the moon by the sea  네가 떠난 바닷가에  눈물이 마를 때까지 (다 마를 때까지) 사랑한다는 건  오직 기다림뿐이었단 걸(oh be my love)  난 왜 몰랐을까(ooh~)  내 꿈엔 비가 이젠 그치길...."
2002.08.11~08.17,10,432357,미련한 사랑,JK김동욱,위기의 남자 OST,2002.04.24,Drama,박창학,"넌 아무렇지 않은듯  내일 일을 알 수 없다고 말하지  마치 언제라도 나를 떠나버릴 수 있을 것처럼  농담인줄은 알지만 그럴거라고 믿고 있지만  힘 없이 웃고있는 나는 널 떠나 보낼 자신이 없어  미련한 사랑이지, 답답한 사랑이지  내일은 아직 멀리있는데,  알고 있지만 나는 두려워  느닷없이 다가올 그 어떤 우연이 너를  내가 모르는 아주 먼곳으로 너를 데려갈까봐  너는 내일을 나는 이별을,  지금 함께 있다는 것 마저 잊은채,  헤어날 수 없는 미련한 사랑에,  조금씩 빠져가고 있어 이렇게 이렇게   돌아갈수는 없을까 처음 우리가 만난곳으로  어느새 잃어버린것들 아직 그대로 남아있는 곳  미련한 사랑인지 답답한 사랑인지  어제는 이미 멀리 있는데  알고 있지만, 나는 두려워,  느닷없이 다가올 그 어떤 우연이 너를  내가 모르는 아주 먼곳으로 너를 데려갈까봐  너는 내일을 나는 이별을,  지금 함께 있다는 것 마저 잊은채,  헤어날 수 없는 미련한 사랑에,  조금씩 빠져가고 있어 이렇게, 이렇게  아~함께 있다는 것 마저 잊은채,  헤어날 수 없는 미련한 사랑에,  조금씩 빠져가고 있어"
2002.08.11~08.17,11,1590213,아낌없이 주는 나무 (Generous...),문희준,Messiah,2002.07,Rock,"LarryKusik,EddieSnyder",그대에게 하고픈 말 사랑해요 사랑한단 말 뿐이죠 왜 못 듣죠 내가 한 말 우리 서로 다른 길에 서있는 거겠죠 안돼 안돼  왜 아파만 해요 난 아무것도 그대의 모든걸 해줄 수가 난 없는데 오직 나만이 당신을 안아줄 수가 없는 걸 내가 할 수 있는 것이 아무것도 없는 비참한 앙상한 가지의 초라한  보잘것 없는 나의 존재 앙상한 마른 나일뿐 항상 너의 뒤에서 항상 너의 뒤에서 그립겠죠 그대 눈에 내가 비춰보이던 그때가  A time for us 커져만 가는 비참한 현실 go 꺼져만 가는 잿빛의 불씨 나의 존재 a time for us 그대에겐 내가 보이나요 난 아무것도 보이지 않는 걸 나의 마음 그리고 나 그리워요 그리워요  그대 눈에 내가 비춰 보이던 그때 사랑해요 사랑해요  그대 내겐 나의 마지막 사랑이겠죠
2002.08.11~08.17,12,431614,나쁜 남자,비,N001,2002.05.13,Dance,박진영,야 어떻게 이럴수가 있어 어 어떻게 이럴수가 있냐고 어떻게 어떻게 날 이렇게 속일수 있어 어 야 말해봐 나는 그댈 가질 수 없는 형편없는 남자기에 너는 넘봐선 안되는 아름다운 여자이기에 단념해야 깨끗이 잊어 버려야 하는데 왜 그렇게 하지를 못하고 나를 좋아하게 만들고 나서야 이렇게 후회 하는지 난 너에게 좋은 남자가 아냐 너에게 어울리는 사람이 아냐 난 니가 아는 그런 사람이 아냐 난 나쁜 남자야 난 나쁜 남자야 다른 많은 사람들 눈에는 아주 보잘 것 없는 나지만 너만은 나를 너 하나만큼은 나를 사랑하게 하고 싶었어 하루 하루 너의 마음을 네게 줄 수록 난 난 괴로움에 지쳤고 너와 마주 보고 있으면 난 자꾸 나쁜 남자라 남자라 말하고 싶어 난 너에게 좋은 남자가 아냐 너에게 어울리는 사람이 아냐 난 니가 아는 그런 사람이 아냐 난 나쁜 남자야 난 나쁜 남자야 미안해 처음부터 이럴 생각은  아니었어 니가 날 정말 좋아하게 될 줄은  몰랐어 그냥 조금 만나다 말려 그랬어 정말이었어 너를 아프게 할 생각은  없었어 미안해 미안하다는 말 아무 소용도 없겠지만 미안하다는 말 밖에 할 말이 없어 하지만 하지만 널 진짜 사랑했어 난 너에게 좋은 남자가 아냐 너에게 어울리는 사람이 아냐 난 니가 아는 그런 사람이 아냐 난 나쁜 남자야 난 나쁜 남자야 난 너에게 좋은 남자가 아냐 너에게 어울리는 사람이 아냐 난 니가 아는 그런 사람이 아냐 난 나쁜 남자야 난 나쁜 남자야
2002.08.11~08.17,13,489250,으악새,더자두,Change Yourself,2002.04.02,Dance,자두,왕년엔 친구였다 지금은 애인 됐다 왕년엔 친구였다지금은 애인 됐다 내가 요즘 들어 이상해졌어 그냥 친구로만 느껴졌는데 나의 고민거리 다 들어주던 니가 가끔 멋진 남자로 보여 나도 요즘 들어 이상해졌어 예전엔 친구들과 같이 봤는데 요즘엔 단둘이만 만나고 싶어 니가 여자로 보여 뜨거운 사랑을 택하자니 우정이 슬피 울고 영원한 우정을 택하자니 사랑이 슬피 우네 왕년엔 친구였다 지금은 애인 됐다 왕년엔 친구였다지금은 애인 됐다 난 모르겠다 모르겠다 뭐가 뭔지 난 모르겠다 널 택하겠다 택하겠다 사랑한다 에라 모르겠다 오늘 만나자는 전화가 왔어 어떤 옷을 입고 나가야 할 지 괜히 두근두근 가슴이 떨려 내가 어쩌다가 이렇게 됐나 나도 두근두근 가슴이 떨려 한번 거울 보고 또 다시 보고 매일 귀찮았던 샤워도 하고 내가 왜 이러는지 뜨거운 사랑을 택하자니 우정이 슬피 울고 영원한 우정을 택하자니 사랑이 슬피 우네 그렇게 애가 타게 찾아왔던 내 사랑이여 가까이에 숨어있던 내 사랑이여 아무것도 걱정 말아 내 사랑이여 지금부터 친구 아닌 남자로서 너를 지킬게 뜨거운 사랑을 택하자니 우정이 슬피 울고 영원한 우정을 택하자니 사랑이 슬피 우네 yeah~ 나나 나나나나 난나나나나~나나 나나나나 난나나나나 나나 나나나나 난나나나나나나 나나나나 난나나나나
2002.08.11~08.17,14,1104564,S,김완선,S & Remake,2002.07.23,Dance,Ryu,이제 난 자신없어 이렇게 사는 건 사랑하는 꿈을 꾸고 사는 건 그야말로 꿈일 뿐인 것 같아 더이상 기횐없어 잔혹한 너에게 다시 한번 너를 받아주는 건 내 자신조차 버리는 일 같아 다른 사람들이 무슨 말을 해도 끝까지 널 믿었어 날 똑바로 보면서 마지막까지도 넌 나를 속였어 E Ya E Ya E Ya E  tell me how E Ya E Ya E Ya E  tell me now Love dream faith &amp; destiny In search of my hopeless Soul Ya E Ya E Ya E Ya  Ya E Ya E Ya E Ya  정말 난 모르겠어 너 같은 부류들 도대체 무엇을 위해 사는건지 나에게 무엇을 바랬던건지 다른 사람들이 무슨 말을 해도 끝까지 널 믿었어 날 똑바로 보면서 마지막까지도 넌 나를 속였어 다신 그 누구도 사랑할 수 없게 나를 더 짓밟아줘 사랑하는 이유도 살아갈 의미도 이젠 모르겠어 이 끝도 없는 어둠속에 버려진 길을 잃은 내 불쌍한 영혼 가눌 수 없는 내 몸을 이끄는 건 혼자 일어서야 할 날 위해 다른 사람들이 무슨 말을 해도 끝까지 널 믿었어 날 똑바로 보면서 마지막까지도 넌 나를 속였어 다신 그 누구도 사랑할 수 없게 나를 더 짓밟아줘 사랑하는 이유도 살아갈 의미도 이젠 모르겠어 E Ya E Ya E Ya E  tell me how E Ya E Ya E Ya E  tell me now-
2002.08.11~08.17,15,17282,다시 사랑한다면,도원경,Do Won Kyoung,2001.05.26,Rock,,그대와 나의 사랑은  너무나 강렬하고도 애절했으며  그리고 위험했다   그것은 마치 서로에게 다가설수록  상처를 입히는 선인장과도 같은..  다시 태어난다면 다시 사랑한다면  그때는 우리 이러지 말아요  조금 덜 만나고 조금 덜 기대하며  많은 약속 않기로 해요   다시 이별이 와도  서로 큰 아픔 없이  돌아설 수 있을만큼  버려도 되는 가벼운 추억만  서로의 가슴에 만들기로 해요   이젠 알아요 너무 깊은 사랑은  외려 슬픈 마지막을 가져 온다는 걸  그대여 빌께요 다음번의 사랑은  우리 같지 않길 부디 아픔이 없이  꼭 나보다 더 행복해져야만 해   많은 시간이 흘러 서로 잊고 지내도  지난날을 회상하며  그때도 이건 사랑이었다고  말할 수 있다면 그걸로 된거죠   이젠 알아요 너무 깊은 사랑은  외려 슬픈 마지막을 가져 온다는 걸  그대여 빌께요 다음번의 사랑은  우리 같지 않길 부디 아픔이 없이   이젠 알아요 영원할 줄 알았던  그대와의 사랑마저 날 속였다는게  그보다 슬픈 건 나 없이 그대가  행복하게 지내는 먼훗날의 모습   내 마음을 하늘만은 알기를 -
2002.08.11~08.17,16,313014,너의 마음을 내게 준다면,조관우,My Memories 2,2002.05.30,Ballad,최연제,홀로이 서있는 그대는 그저 눈물만 보이고 있네요 왠지 난 슬퍼져요 워우워우워 이제 난 견딜수 없어요 그대도 누군갈 원하잖아요 내마음 느끼나요. 내게 전해줘 그대에 사랑을 마음속깊이 느낄 수 있도록 홀로 견딜수만 없는 그대 마음을 난 알고 있어요. 내게 말해줘 날 사랑한다고 돌아서면 난 없을지도 몰라~ 이제 더이상 나 기다릴 수 없어요.  이제 난 견딜 수 없어요 그대도 누군갈 원하잖아요 이마음 느끼나요 *내게 전해줘 그대 사랑을 마음속 깊이 느낄 수 있도록 홀로 견딜수만 없는 그대 마음을 난 알고 있어요 내게 말해줘 날 사랑한다고 돌아서면 난 없을지도 몰라 이제 더이상 난 기다릴 수 없어요.*  이세상 끝까지라도가리 그대가 있다면 아직은 힘겹지만 이마음만은 변함없으리  *반복  이제 더이상 난 기다릴 수 없어요.
2002.08.11~08.17,17,500797,미워도 다시 한번 (Original Ver.),바이브,Afterglow,2002.02.01,Ballad,"신조,류재현",잘 지내고 있는 거겠죠 좀 처럼 연락이 없네요  요즘 많이 바쁜가봐요  이미 다른 사람 품에 안긴 너인데   나 미워도 다시 한번만  나 싫어도 다시 한번만  내 꿈속에 나타나줘요 이미 돌아올 수 없을만큼 떠난 너인데   I need U baby bye bye bye  가야만하니 why why why  그 모든 말은 lie lie lie  오늘도 눈물 나는게   슬퍼서 bye bye bye  가야만하니 why why why  의외로 참아내기가  힘이들어 돌아와줘  미워도 다시 한번만  어쩌면 많이 변했겠지  어쩔 수가 없겠지  아직도 나를 용서할 수 없겠지  내가 미쳤었나봐 너무 늦었나봐  다시는 너를 볼 수가 없나봐   왜 자꾸만 멀어지는건데  왜 자꾸만 잊혀지는건데  이렇게 너무 쉽게 헤어졌 다는게  믿을 수 없어 견딜 수가 없어  비오는 명동을 걸었죠  그대 생각이 많이 나네요  이런 생각하면 바보 같지만  저기 먼곳에서 그대 다시 올 것만 같아   I need U baby bye bye bye  가야만 하니 why why why  그 모든 말은 lie lie lie  오늘도 눈물 나는게   슬퍼서 bye bye bye  가야만 하니 why why why  의외로 참아 내기가  힘이 들어 돌아와줘  미워도 다시 한번만   하지만 그댈 잊어야만 하는 나 우-  I miss U baby bye bye bye  영원히 그대 bye bye bye  가야만 하니 why why why  그 모든 말은 lie lie lie   i miss U baby girl  너무 많이 보고 싶어요  오 제발 이런 나를 용서해줘요  미워도 다시 한번만 -
2002.08.11~08.17,18,314220,무한대,주석,Welcome 2 The Infected Area,2002.07.16,Rap / Hip-hop,주석,yeah destiny  테스트니 하며  핑계만 늘어대는 것이  바로 니 베스트니  시작부터 넌 자신에게 패했으니  최선이란 말 어색해  like 김치 얹은 페스츄리  운을 기다리며  자신의 틀에 맞춰 하는 노력은  너무나 평범해  지금 네 태도 흐지부지 하지 마치  선거 후 휴지조각되는  공약처럼 말이지  sky's limit like B I G kiss the sky like M E T H and to Red  말도 많고 탈도 많던  지난 세기  어느덧 거쳐 21 세기  Blood to the brovas INC 시제는 과거가 아닌 현재  ing  펼쳐나갈  nu era 선점하면 배당은 두 배다  빗나간 자 모두 내놔  더 멀리 멀리 더 빨리 빨리  한계를 뛰어넘어 더 높이 높이  더 멀리 멀리 더 빨리 빨리  money power and respect  더 높이 높이  더 멀리 멀리 더 빨리 빨리  한계를 뛰어넘어 더 높이 높이  더 멀리 멀리 더 빨리 빨리  money power and respect  더 높이 높이  U've got the power ain't  nuthin' gonna hold u back  yeah yeah U've got the money ain't  nuthin' gonna hold u back  yeah yeah U've got the power ain't  nuthin' gonna hold u back  yeah yeah U've got the money ain't  nuthin' gonna hold u back  yeah yeah yo  한 타를 위한  백만 번의 스윙도  한계를 뛰어넘어 키넘어  홈런되야 의미 있고  모두가 믿고 있던  고진감래 그만 잊고  스스로 개척해봐 발을 딛고  blah blah blah  말도 많다  내가도맡아 불평하는자  모두 입다물게하고싶다  뒤쳐진 사고방식은  No 넌 아직도 CD  난 이미  DVD and flat TV  어젯밤 꿈에서 본 포메이션  실현가능한 나만의  헤비 로테이션  현실화시켜주는  최고 협력자 중 한명인  비디오의 디렉터 서막대기  Kampfer  Throw yo hans up get yo hands up  가능성을 향해 모두 두 손을 뻗어  money power and respect  더 멀리 더 빨리 더 높이 벽을 넘어 다음으로  더 멀리 멀리 더 빨리 빨리  한계를 뛰어넘어 더 높이 높이  더 멀리 멀리 더 빨리 빨리  money power and respect  더 높이 높이  더 멀리 멀리 더 빨리 빨리  한계를 뛰어넘어 더 높이 높이  더 멀리 멀리 더 빨리 빨리  money power and respect  더 높이 높이  더 멀리 멀리 더 빨리 빨리  한계를 뛰어넘어 더 높이 높이  더 멀리 멀리 더 빨리 빨리  money power and respect  더 높이 높이  더 멀리 멀리 더 빨리 빨리  한계를 뛰어넘어 더 높이 높이  더 멀리 멀리 더 빨리 빨리  money power and respect  더 높이 높이  U've got money ah dough U've power oh no  Ain't nuthin' gonna hold u back no  U've got money ah dough U've power oh no  ain't nuthin' gonna hold u back  yeah yeah U've got money ah dough U've power oh no  ain't nuthin' gonna hold u back  yeah yeah U've got money ah dough U've power oh no  Ain't nuthin' gonna hold u back no
2002.08.11~08.17,19,104110,Season In The Sun,정재욱,A Simple Story,2001.11.20,Ballad,,Stop The Season In The Sun 이대로 멈춰버리길 바래 너의 마음과 너의 사랑과 너의 눈길도  Stop The Season You`re My Dream 모든게 꿈이 아니길 바래 내 품안에 안겨온 숨결까지 쏟아지는 햇살과 상큼한 니 미소 조금씩 젖어드는 너의 눈 부서지는 파도소리처럼 온종일 속삭이는 음성 어떤 노래보다 지금의 나보다 행복할 순 없을꺼야 Stop The Season In The Sun 더 깊이 내게 안겨 와 줄래 지금 이 순간 좀더 가까이 느끼고 싶어 Stop The Season You`re My Dream  어제는 없었던 걸로 해줘 중요한 건 너와의 오늘뿐야  모래처럼 반짝이는 너의 긴 머릿결 바람타고 스쳐가는 너 만의 멋진 그 향기 동화에서 나온 그녀처럼 꿈 깨면 사라질 것 같아 사랑을 말해도 널 품에 안아도 자꾸만 널 보고 싶어 Stop The Season In The Sun 이대로 멈춰버리길 바래 너의 마음과 너의 사랑과 너의 눈길도  Stop The Season You`re My Dream 모든게 꿈이 아니길 바래 내 품안에 안겨온 숨결까지 Stop The Season In The Sun 더 깊이 내게 안겨 와 줄래 지금 이 순간 좀더 가까이 느끼고 싶어 Stop The Season You`re My Dream  어제는 없었던 걸로 해줘 중요한 건 너와의 오늘뿐야
2002.08.11~08.17,20,316077,단칼 (Dance),김현정,Diet,2002.08.01,Dance,Minuki,뭐가 매일 바빠서 전화도 꺼 있는거야
2002.08.11~08.17,21,317742,이별후애 (愛),린애,이별후愛 (Repackage),2002.01.23,Ballad,,언제쯤이면 괜찮을까 잊으려는 마음 마져도 잊을까 니가 없다는 것 조차 지우고 나면 편안해 질까 이별이란건 참 우스워 거울속에 내게 거짓을 얘기해 더는 그립지 않다고 말하고 나면 눈물이 흘러 어디 있는지 무얼 하는지 아직 난 하루종일 널 찾고 있는데 사랑했던 기억 그것만으로 남은 날들이 너무 서글픈데 눈을 뜨는게 두려워 거짓 쓰는 웃음으로 날 속여도 세상 모든것 속에는 니가 숨쉬고 다시 널 그려 어디 있는지 무얼 하는지 아직 난 하루종일 널 찾고 있는데 헤어졌다는것 그것 마져도 잊어버리면 웃을수 있을까 보고 싶은데 그것뿐인데 꿈에도 소원은 늘 너 하나뿐인데 사랑했던 날들 정말 너에게 쉽게 잊혀질 추억일뿐인지
2002.08.11~08.17,22,313002,Memories... (Smiling Tears),윤미래,Gemini,2002.05.01,Rap / Hip-hop,,if I fall two times I come back on my third 절대로 포기 않지 and that's my word if I fall five times I come harder on my sixth 조금만 더 가면돼 포기 않지 난 아직 if I'm knocked 7 times I come back on my eighth 칠전팔기 내 인생 끝까지 가볼래 now knowledge of self thru the pain in this world 난 절대로 포기 않지 and that's my word all the memories of hate and the lies don't you know eventually we'll pay the price all the hopes and the dreams will survive reunite we got to keep our faith alive 지금 21살의 어린나이로 바깥세계로 시기와 배신 그리고 검은 손길의 유혹 일찍부터 맛본 계기로 나의 어린시절 순수함은 사라지고 또 my hopes and dreams are gone 이곳을 벗어나고 싶은 욕망은 몽우리져 눈물이 되어 흘러 그냥 흘려 집 옥상으로 올라가 소리질러 미친듯이 하지만 메아리는 내게 혼자라는 비정한 말로 돌아와 비수로 날아와 멍하니 밑을 내려다봐 갑자기 날고 싶은 생각이나 자유를 향해 순수를 위해 어지러운 세상을 피해 나의 소중한 시절을 찾아 저 높은 우주에 다시는 뒤를 돌아보지 않아 그냥 끝까지 잃어버린 기억속에 찾아가 또래 친구와 같이 놀고 싶어 오직 바라는것은 넓은 동산에 누워 한가이 하늘을 바라보는것 all the memories of hate and the lies don't you know eventually we'll pay the price all my hopes and dreams they seem so far away I'm a sing a song and pray for better days just stay on mine just stay on mine just stay on mine 끊어진 전기 꽁꽁얼은 내 방구석에 내 베개를 꼭 껴안고 눈물을 흘렸던 내 스무번째 생일날 난 간절히 기도했지 신은 어딨냐고 왜냐고 책임지지 못할 날 왜 이땅에 보냈냐고 가파른 험한 내 인생의 산은 너무도 높고 아무리 올라가도 끝은 보이지 않고 막다른 골목길에 길을 잃은 나의 뒤에 그림자 마저 지쳐 I take a step a slower 모든게 난 지겨워 모두에 미소도 무서워 but let go my pipe dreams that robbed me like a viking 이대로 포기하긴 너무 일러 risin' 이불을 걷어 차고 어루어 만져봐 저 야윈 엄마의 얼굴을 바라봐 저 별들을 무심코 똑딱거리는 초침의 바늘을 거꾸로 돌려 이제 달려나가 저 앞으로 all the memories of hate and the lies don't you know eventually we'll pay the price all the hopes and the dreams will survive reunite we got to keep our faith alive so there you have it ma whole life with all its memories I'm trying figure out how to set all of my pain free sometimes I wish that I could turn the hands of time back so I could rewrite the wrong and put ma life back on the right track 되찾고 싶어 잊어버린 나의 날개 난 할래 끝까지 나의 삶을 찾아갈래 if I'm knocked 7 times I come back on my eighth 칠전팔기 내인생 끝까지 가볼래 life goes on just stay on mine life goes on
2002.08.11~08.17,23,431033,구해주오,CBMass,2002 대한민국,-,Rap / Hip-hop,"Curbin,다이나믹듀오",지금 내가 들려줄 이야기 짧지만 재밌는 이야기 한번 이상 들려줄 수 없으니 내게로 더 가까이 Comeon 첫번째 니맘을 훔치고 두번째 너의 몸을 감싸고 세번째 입술을 훔치고 또 너와 그녀는 하나로 녹아내리고 첫번째 니맘을 훔치고 두번째 너의 몸을 감싸고 세번째 입술을 훔치고 또 너와 그녀는 하나로 녹아내리고 yo 친구와 함께 나간 소개팅에서 만난 그녀는 나와 맞질 않았지 그만 나는 시간과 선명한 그녀의 모습 그날밤 내 흐릿한 꿈속에 묻었지 몇일이 훌쩍 지난후 아마 uh 지난후 왠일인지 그녀의 절박한 전화를 받은 후 나의 발걸음은 어느새 약속장소로 어느 교회옆 작은 포장마차로 술은 나를 녹이고 그녀는 얘기를 시작했어 이뤄질수 없는 사랑에 힘겨워하며 더는 옛사랑의 이야기 그 아프고 슬픈 이별의 이야기 흐느끼는 그녀가 너무나 애처로웠어 그날 이후 하루 또 이틀 우리는 만났어 정신을 차렸을때 나 그녀와 미래를 약속할 결혼반지와 첫번째 니맘을 훔치고 두번째 너의 몸을 감싸고 세번째 입술을 훔치고 또 너와 그녀는 하나로 녹아내리고 첫번째 니맘을 훔치고 두번째 너의 몸을 감싸고 세번째 입술을 훔치고 또 너와 그녀는 하나로 녹아내리고 너무도 순탄하게 진행되어갔던 나의 결혼 이게 행복이란 나의 결론 내 결정에 만족했고 같이 살다보면 사랑하게된단 말처럼 조용하고 차분한 성격의 그녀는 나의 가족 또 친구들에게도 잘 맞춰주었고 나를 항상 편안하게 해준 그녀에게 감사했고 사랑한다 믿었고 yo 가끔씩 떠오르는 그녀 옛사랑에 대한 궁금증도 목구멍으로 되삼키며 힘껏 참아보고 첫번째 니맘을 훔치고 두번째 너의 몸을 감싸고 세번째 입술을 훔치고 또 너와 그녀는 하나로 녹아내리고 첫번째 니맘을 훔치고 두번째 너의 몸을 감싸고 세번째 입술을 훔치고 또 너와 그녀는 하나로 녹아내리고 yo 그렇게 행복했던 우리에게도 살며시 변화는 찾아오고 그녀는 달라지기 시작했어 그뒤로 평소 없던 외출도 잦아지고 화장대에 앉아 옷장 앞에서서 또 외모에 투자하는 시간도 길어지고 물론 처음 나 또한 그 변화를 즐겼어 그러나 성격 변화까지는 참을수 없었어 침착하던 그녀는 냉정함을 잃고 감정의 기복 또한 점점 더 커져만갔어 나는 듣고야 말았어 듣지말았어야 할 그 이야기 나 몰래 그녀가 꼭 쥐고있던 수화기 그녀에게 그 옛사랑이 다시 돌아온거지 누군가 나를 엿먹였네 내 머리통은 온통 불안과 분노 눈물로 뒤영켜 있었지 깊었던 믿음만큼 상처도 깊었지 그로부터 몇일간 난 그녀와 대화를 잃었지 그 후로 시간이 지나고 난 마음을 고쳐먹었어 그녀를 믿기로 그날의 기억은 까맣게 칠하고 yo 모든걸 용서하고 이제 화해하기로 그리고 두손에 꽃과 선물을 들고 집으로 마침내 현관문이 열리고 집안으로 마룻바닥엔 옷가지들이 여기저기 흩어져 있었네 욕실엔 그녀의 신음소리가 메아리 치고있었네 나 주저앉고 말았네 그 욕실 욕조 속에 한컷 엉켜있었네 그녀의 옛사랑 남자가 아닌 여자 첫번째 니맘을 훔치고 두번째 너의 몸을 감싸고 세번째 입술을 훔치고 또 너와 그녀는 하나로 녹아내리고 첫번째 니맘을 훔치고 두번째 너의 몸을 감싸고 세번째 입술을 훔치고 또 너와 그녀는 하나로 녹아내리고 첫번째 니맘을 훔치고 두번째 너의 몸을 감싸고 세번째 입술을 훔치고 또 너와 그녀는 하나로 녹아내리고
2002.08.11~08.17,24,502948,빨간 운동화,박혜경,Feel Me,2002.02.20,Rock,박혜경,Longing for you  Wating for you  Hold me  Hold me in your eyes  너라는걸  너 뿐일걸 모르겠니  I will be your love  오 빨간 운동화 짧은 청바지  참 어째도 해결이 안될것 같은 곱슬머리  하지만 왜일까 자꾸 끌리는 내 마음이  어쩌면 사랑 아닐까  Longing for you  Waiting for you  Hold me  Hold me in your eyes  너라는걸  너 뿐인걸 모르겠니  I will be your love  오 착한 눈동자 수줍은 표정  넌 어쩌면 어릴적 책 속에 있던 어린왕자  그래서 당연해 자꾸끌리는 내마음이  어쩌면 사랑 일꺼야  Longing for you  Waiting for you  Hold me  Hold me in your eyes  너라는걸  너뿐인걸 모르겠니  I will be your love  깊은 밤(깊은 밤) 하얀 별(하얀 별) 그 별 속을 함께 날아요 - 간 주 중 - Longing for you  Waiting for you  Hold me  Hold me in your eyes  너라는걸  너뿐인걸 모르겠니  I will be your love  빨간 운동화
2002.08.11~08.17,25,159405,I Pray 4 U,신화,Perfect Man,2002.03.29,Dance,YoungH.Kim,잠시 눈을 감고 생각해봤어 오래 전 우리들의 약속을  어렸던 나였기에  헤어짐의 의미와  너의 눈물과 아름다운  너의 마음을 난 몰랐었어 소중했던 넌 슬픈  눈으로 내게 말했지 기억 속의 추억이 될  이곳에서 날 기다리겠다고  I pray 4 U my memories of love 넌 어디 있는지  그때처럼 어린 맘으로  널 이렇게 기다리잖아 I wish 4 U  네게 못했던 그 말 이제는 할 수 있게 됐는 걸  언젠가 다시 만나기를  I pray 4 U  From a day one to the night all day everyday  let me tell you what I talk about Everybody wanna take chips yall gon' fake this Run' em out baby girl check 1 2  Yes I want you and I never gon' hurt you mean it for sure never tell a lie and I die for you everything a  nigga touch like spark it 많이 변해버린  나의 모습이 예전 같지 않아 조금 두려워 어렸던 우리였기에 영원할 수 없음과 가슴 아픔과  서로 사랑했던 마음을  난 몰랐었어 너도 많이  변했을까 요정 같던 너 단지 변하지 않는 것이 있다면 우리 다시 만날 거란 믿음 뿐 I pray 4 U my memories of love 넌 어디 있는지  그때처럼 어린 맘으로  널 이렇게 기다리잖아 I wish 4 U  네게 못했던 그 말 이제는 할 수 있게 됐는 걸  언젠가 다시 만나기를  I pray 4 U 너무 늦어 버린 건 아닌지  넌 괜찮은 건지 괜히 걱정 될 때마다  너를 위해 기도해 How many times I have to cry How many ways I have to try 넌 잊어버린 건지  tell me why I pray 4 U my memories of love 넌 어디 있는지  그때처럼 어린 맘으로  널 이렇게 기다리잖아 I wish 4 U  네게 못했던 그 말 이제는 할 수 있게 됐는 걸  언젠가 다시 만나기를  I pray 4 U my memories of love 넌 어디 있는지  그때처럼 어린 맘으로  널 이렇게 기다리잖아 I wish 4 U 네게 못했던 그 말 이제는 할 수 있게 됐는걸  언젠가 다시 만나기를  I pray 4 U
2002.08.11~08.17,26,431287,랄랄라,클론,The Best Hits Of 클론 2002(The History Of 클론 1996-2000),2002.05.23,Dance,김창환,더 이상 움츠리지말고 이제는 모두 일어나  그리고 함께 춤을 추며 신나게 노래를 부르자  두 손을 높이 들고 하늘 향해 흔들어  one two three four 모두 다 함께 singing!    랄랄라 랄랄랄라 랄랄라 랄랄랄라  랄랄라 랄랄랄라 랄랄라 랄랄랄라  랄랄라 랄랄랄라 랄랄라 랄랄랄라  랄랄라 랄랄랄라 랄랄라라    그렇게 망설이지 말고 자리에서 다 일어나  흥겨운 리듬에 맞춰서 신나게 몸을 흔들어봐  때로는 궁금했던 생각 모두다 벗어 던지고  이제는 모두 하나되어 다 함께 부르자 singing!    랄랄라 랄랄랄라 랄랄라 랄랄랄라  랄랄라 랄랄랄라 랄랄라 랄랄랄라  랄랄라 랄랄랄라 랄랄라 랄랄랄라  랄랄라 랄랄랄라 랄랄라라    아무리 힘들고 괴롭더라도 가슴을 활짝 펴봐~  주어진 환경을 탓하지말고 생각을 바꿔봐 고정관념을 버려~    다시 또 시작이야 힘차게 외쳐보자  한마음 한 뜻으로 다 함께 라랄랄라  바쁘게 지내오던 일상에서 벗어나  다 함께 소리 높여 라라랄라~    일어나 다시 시작이야 한번 더 크게 외치자  가슴에 맺힌 사연들은 이 순간 모두 잊고서  음악에 맞춰 모두 두 손을 좌우로 흔들어  one two three four 모두 다 함께 singing!    랄랄라 랄랄랄라 랄랄라 랄랄랄라  랄랄라 랄랄랄라 랄랄라 랄랄랄라  랄랄라 랄랄랄라 랄랄라 랄랄랄라  랄랄라 랄랄랄라 랄랄라라    그렇게 망설이지 말고 자리에서 다 일어나  흥겨운 리듬에 맞춰서 신나게 몸을 흔들어봐  때로는 궁금했던 생각 모두다 벗어 던지고  이제는 모두 하나되어 다 함께 부르자 singing!    랄랄라 랄랄랄라 랄랄라 랄랄랄라  랄랄라 랄랄랄라 랄랄라 랄랄랄라  랄랄라 랄랄랄라 랄랄라 랄랄랄라  랄랄라 랄랄랄라 랄랄라라    아무리 힘들고 괴롭더라도 가슴을 활짝 펴봐~  주어진 환경을 탓하지말고 생각을 바꿔봐 고정관념을 버려~    다시 또 시작이야 힘차게 외쳐보자  한마음 한 뜻으로 다 함께 라랄랄라  바쁘게 지내오던 일상에서 벗어나  다 함께 소리 높여 라라랄라~
2002.08.11~08.17,27,2093985,보내는 마음 (Feat. 양해중),내추럴플러스,The Natural,2002.04.20,Ballad,내추럴플러스,날 위한 마음 사랑이라 해도
2002.08.11~08.17,28,500963,애련,KYT(코요태),필립 4집,2002.03.15,Dance,이용민,Yeah yeah back once agian Live and direct we're ready to party in full effect So get off your seats if you're ready for more I want to see boby on the dance floor Yo! ready for dance  잊으려 잊으려 해도 언제나 찾아오는 너의 향기 지우려 지우려 해도 차갑게 식어가는 너의 눈빛  다시는 나를 찾지마 죽어도 나를 찾지마 도저히 너를 볼수가 없어  잊으려 잊으려 해도 널 잊을수는 없을것만 같아 내 가슴 속에 너의 사랑 더 커져만 가잖아  그렇게 아~내맘에 너에 사랑 다 채워놓고 넌 다른 사랑 찾아갔잖아  어둠속에 사라져 간 멀어지는 널 보며 난 소리 질러 불러보지만 Can't get you out of my mind 돌이킬수 없이 흘러간 시간 속에 헤매는 나지만 왠지 영원한 너와 같이 잊혀지겠지  너와 함께한 이별까지 행복했었어 난 너를 보며 사는 이율 알았었는데  되돌아 갈수 없는걸 알고 모질게 너를 붙잡진 않았어  지금 이대로 너를 떠나 보내고 나면 내 마음 모두 다 이제 지울꺼야  널 위한 나의 사랑 모두 다 이제는 버릴테니까  잊으려 잊으려 해도 내곁에 슬픔만이 남아 있어 함께 나눴던 모습들이 날 힘들게 하잖아  그렇게 아~내 안에 너의 사랑 가득한데도 넌 내품에서 떠나가잖아 Pain that i'm trying to fight but Can't  hide my feelings inside  흐르는 눈물을 감추려 빗속을 나 홀로 걸어가 잊혀지지 않는 기억 가슴만 아파와  한순간에 너에 대한 모든 걸 다 씻어버릴 순 없나  너와 함께한 이별까지 행복했었어 난 너를 보며 사는 이율 알았었는데  되돌아 갈수 없는걸 알고 모질게 너를 붙잡진 않았어  지금 이대로 너를 떠나 보내고 나면 내 마음 모두 다 이제 지울꺼야  널 위한 나의 사랑 모두 다 이제는 버릴테니까 널 위한 나의 사랑 모두 다 이제는 버릴테니까
2002.08.11~08.17,29,1005058,마지막 바램,김형석,마지막 바램 (Ac+E No.3),2002.05,Dance,,잊는다는건 헤어지는건  나와는 상관없는 얘긴 줄 알았지  하지만 이제 너무나도 부족했던  나는 네게 어둠일 뿐인란걸 알아  이젠 넌 내게서 달아나  다신 이런 사랑은 안돼  이별은 순간일뿐인데  왜 추억은 긴 시간동안 날 힘들게 하는지  첫번째 내 바램은 울지않기를  그 고운볼에 눈물없기를  두번째 내 바램은 아프지 않기를 나처럼 흔들리지 않기를  세번째 내 바램은 행복하기를 나보다 좋은 사람을 만나  마지막 내 바램은  그 바램들을 이루지 못하고 다시 내게 오기를  밤이 지나고 아침이 와도  널 잊으려 애쓰는 내 모습에 지쳐  보고싶은건 어쩔 수 없는 건지  그것 마저도 내게는 죄가 되야하는지  내 곁에서 웃던 모습들  다정히 함께한 시간들  이별은 순간일 뿐인데 왜 추억은  긴 시간동안 날 힘들게 하는지  첫번째 내 바램은 울지않기를  그 고운볼에 눈물없기를  두번째 내 바램은 아프지 않기를 나처럼 흔들리지 않기를  세번째 내 바램은 행복하기를 나보다 좋은 사람을 만나  마지막 내 바램은  그 바램들을 이루지 못하고 다시 내게 오기를  가끔 눈물 흘리겠지만  가끔 이별이 낯설겠지만  다시는 나를 찾지마  나는 이렇게 넌 또 그렇게 떠나 우리둘은  첫번째 내 바램은 울지않기를  그 고운볼에 눈물없기를  두번째 내 바램은  아프지 않기를 나처럼 흔들리지 않기를  세번째 내 바램은 행복하기를 나보다 좋은 사람을 만나  마지막 내 바램은  그 바램들을 이루지 못하고 다시 내게 오기를
2002.08.11~08.17,30,425453,우연,베이비복스1기,Baby V.O.X Special Album,2002.04.23,Dance,김창환,발라발라 보니꼬라 발라발라 보니따  발라발라 무에빼라 치카 발라보니따  발라발라 보니꼬라 발라발라 보니따  발라발라 무에빼라 치카 발라보니따    우연이라하기엔 너무나 심각했지  (우린 서로가 서롤모른척해야만했어)  변해 버린 모습과(oh~) 서로다른 연인과  (같은 영활보러갔다 우린 마주쳤었지)  너와 눈이 마주치던 그순간  나는 태연한척 하려 애를썼지만  당황하는 너의 표정들을 바라보면서  나도 그만 멈칫하며 당황했던거야  넌 나를 피했었고 나도 너를 외면했었지만  니 옆에 있는 연인의 얼굴이 궁금했어  나는 뒤를 돌아봤고 너도 나를 보고 있었지  우린 서로 말 없이 서로 의식하고 있었지  시간은 벌써 2년이나 다 지나갔고  그땐 우린 얼마나 많은 방황을 했었나  영원히 널 못볼꺼라 믿었었는데  우연은 또 너를 내곁에 데려다 놓았어  다정한 서로의 연인을 보며  너와난 말없는 질툴 느꼈을꺼야  눈인사도 나누지 못한채 뒤돌아서며  서로에 행복을 비는 우울한 날일꺼야~  발라발라 보니꼬라 발라발라 보니따  발라발라 무에빼라 치카 발라보니따  발라발라 보니꼬라 발라발라 보니따  발라발라 무에빼라 치카 발라 보니따    우연이라 하기엔 너무나 우스웠어  (건널 목을 건너며 다시 마주쳐 버린거야)  나는 너를 보았고 너는 고갤돌렸었지  (그렇게 우린 스치며 서로 외면했었지 )  너와 눈이 마주치던 그 순간  나는 태연한척하려 애를썼지만  당황하는 너의 표정들을 바라보면서  나도 그만 멈칫하여 당황했던거야  신호등은 짧았었고 내가 너를 돌아봤을때  (길건너에서 너는 날 바라보고 있었어)  그때마침 버스가 우릴 가로질러 갔었고  (내 연인은 날 보며 너 왜그러냐고 했지)  시간은 벌써 2년이나 지나갔고  그땐 우린 얼마나 많은 방황을 했었나  영원히 널 못볼꺼라 믿었었는데  우연은 또 너를 내곁에 데려다 놓았어  다정한 서로의 연인을 보며  너와 난 말없는 질툴 느꼈을꺼야  눈인사도 나누지 못한채 뒤돌아서며  서로의 행복을 비는 우울한 날일꺼야
2002.08.11~08.17,31,517706,Loving You,신승훈,The Shin Seung Hun,2002.01.14,Ballad,양재선,눈을 뜨면 하루만큼 커진 사랑에 그대 나에게 준 행복한 아침을 시작해 오늘따라 눈이 부신 햇살 탓인지 세상 모든 것이 어제와 다르게 느껴져 혼자가 더 편하다고 생각했던 나인데 이젠 그대없는 나의 모습들은 생각하기 조차 싫은걸 감사할께 그대 있는 여기 이 세상에 태어나 수많은 사람들 중에서 그대 나의 사랑 되준걸 기억할께 그대 처음 내게 다가오던 그날이 나에겐 너무나 눈부신 또다른 세상의 시작이란걸  혼자가 더 편하다고 생각했던 나인데 이젠 그대없는 나의 모습들은 생각하기 조차 싫은걸 감사할께 그대 있는 여기 이 세상에 태어나 수많은 사람들 중에서 그대 나의 사랑 되준걸 기억할께 그대 처음 내게 다가오던 그날이 나에겐 너무나 눈부신 또다른 세상의 시작이란걸 알고 있니 어린 시절 그림 조각들처럼 너의 곁에 이미 나의 자린 정해져 있었다는 걸 감사할께 그대 있는 여기 이 세상에 태어나 수많은 사람들 중에서 그대 나의 사랑 되준걸 기억할께 그대 처음 내게 다가오던 그날이 나에겐 너무나 눈부신 또다른 세상의 시작이란걸 항상 오늘처럼 내가 너의 곁을 지킬게
2002.08.11~08.17,32,159881,떠나가라,Q.O.Q,Like A Movie,2002.03.26,Dance,,"가라 가라 가라 가라 멀리 떠나가라! 사랑해서 떠난다고 웃기지마라! 봐라 날 너없이도 잘살아 갈날! 가라 가라 떠나가라 멀리 날아가라! 떠나려면 다 떠나가라  내 슬픔 상관말고 떠나가라  너 행복하다면 나는 좋아 oh 떠나가라 떠나가라 떠나가라 봄에 우리가 만났던가  여름에는 우리 놀러 갔었던가  가을 겨울에는 헤어져 oh 슬펐던가 슬펐던가 슬펐던가 아니 나 이렇게 그대를 그리워 할것을  이별에 슬픈 내 모습을 보게 될것을  저기 새로운 사람 나를 오라하여도  그대생각 사랑 생각 떠올라! 사랑하면 뒤돌아 깬 날 생각나  내게 안긴 그대 얼굴 떠올라 울잖아 널 사랑하고 좋아했어 지금도 그대생각 사랑 생각 떠올라! 나도 간다 다 필요없다 내게서 최대한 멀리떨어진다  니가 떠나간 반대편으로 내가 oh 떠나간다. 잘있어라 행복해라 Show me love!  이젠 이런 말 조차도 다신 할수가 없어! 날 버리고 떠난너! 난 또 바보가 됐고,  나 혼자 아무말 못하고 슬퍼 울고 또 울고, 내 맘 한구석에서는 널 찾지 않겠다고,  크게 외쳐봐도 이를 꽉 물어봐도  너무도 너무도 보고싶어 분통터져,  한맺혀! 널 괜히 보냈는가 싶어! 니가 날 떠났듯이 나 또한 역시 아무런 미련없이  내 마음속에서 널떠나보내 지워버려 그리고는 너에대한 나의 마지막 배려로  보내는 이 한마디 잘있어! 행복해라! 부디 어디 한번 두고보자며 아무렇디도 않은듯  되돌아 서기만 하지만 막상 되돌아서고 나니 너무도 슬퍼지는게 사실이고  아마 너도 그럴테고  도대체 너나 나나 왜 이래야 하나 아니 나 이렇게 그대를 그리워 할것을  이별에 슬픈 내 모습을 보게 될 것을  저기 새로운 사람 나를 오라 하여도  그대 생각 사랑 생각 떠올라  사랑이란 건 이런 것  다 떠나가고 다시오고 떠나가고 이별이란 건 이런 것 새로운 만남을 예고하고 또 헤어지고 사랑이란 건 이런 것  다 떠나가고 다시오고 또 떠나가고"
2002.08.11~08.17,33,609419,사랑하나요!?,이승환,7집 Egg,2001.12.01,Rock,"이승환,이지은",언제부터 사랑이었는지  알아채는 요령없나요  그 어떤 맘이 변해서 사랑하게 되는지  나만 훔쳐보고 싶은데   사랑하면 달라진다는데  알아채는 요령없나요  그 어떤 말을 숨기고 애태우게 하는지  그만 내게 가르쳐줘요   매일 단장하는 그대의 부지런함  나완 무관한가요 그런가요  몰라보게 착해진 마음씨에 다들 놀라요  사랑하나요   나도 그댈 사랑해  그대보다 더 오래오래  평생 웃게 해줄게  우리 둘이서 같이 산다면   그 어떤 맘이 변해서 사랑하게 되는지  그만 내게 가르쳐줘요  괜히 토라지는듯 어설픈 연기가  내겐 묘한 즐거움 귀여워요  아무 상관없는 걸 맞춰보는 건  아마도 사랑하나요   나도 그댈 사랑해  그대보다 더 오래오래  평생 웃게 해줄게  우리 둘이서 같이 산다면  나도 그댈 사랑해  그대보다 더 많이많이 평생 보살펴줄게  우리 둘이서 같이 산다면    나도 그댈 사랑해  그대보다 더 많이많이   평생 이뻐해줄게  우리 둘이서 같이 산다면  나도 그댈 사랑해..
2002.08.11~08.17,34,432835,떠!,컨츄리꼬꼬,딱! 내 스타일이에요,2002.04.08,Dance,이상백,BOOMS 와리와리 BOOMS 와리와리  아주 멀리 떠나라  너에게 한 번 두 번 세 번 자꾸 말하기 싫어  BOOMS 와리와리 BOOMS 와리와리  너를 놓아 줄 테니  그렇게 하고 싶은 데로 할 테면 다 해봐라  마지막 니 모습을 보며 아쉬움을 보이기 싫어  헤어지고 싶은 니 마음을 난 알기에 날 떠나  나나나나 나나나 날 떠나  나나나나 나나나  날 떠나간 이유를 말해 줘  왜 그리 넌 냉정하니  널 떠나 나나나 나나나  날 떠나 나나나 나나나  잘 살아라 나나나 나나나  꿈에서도 나타나지 마라   가지마라 오지마라 가지마라 오지마라 이제 날 떠나가지마  가지마라 오지마라 가지마라 오지마라  내곁을 떠나가지마  가지마라 오지마라 가지마라 오지마라  다시 너 돌아오지마   BOOMS 가리가리 BOOMS 가리가리  갈 사람은 가는걸  이 세상 믿고 싶지 않고 믿을 사람 없는데  차라리 다 잘된 일이야  서로 솔직하지 못했어  이별이란 말을 이제서야 인정 하려 해 내 사랑 나나나나 나나나 날 떠나 나나나 나나나나  잘 살아라 나나나 나나나  다시는 날 찾지마  한없이 눈물이 흐르고  온종일 눈물을 닦아도 사랑이  이렇게 만드나 후회 없이 멀리 사라져라
2002.08.11~08.17,35,434507,이별이 오지 못하게,페이지,로망스 OST,2002.07.01,Drama,이경섭,정말 날 사랑하나요  그래요 그거면 돼요  너무 많은 걸 바래서  마음이 아팠나봐요    슬픔이 우릴 찾아도  나를 떠나면 안돼요  이미 시작된 사랑을  어떻게 보내야하는지  나는 잘 모르니까요    이별이 오지 못하게  하늘에 기도할까요  서로만 사랑하도록 이대로만  어디도 가지 못하게  깊숙이 숨겨 줄까요  우리 사랑 이대로만-    그대를 만나기전에  난 어디에 있었는지  그댈 만났던 그 날  난 다시 태어났던거죠  그대밖에 난 몰라요    이별이 오지 못하게  하늘에 기도할까요  서로만 사랑하도록 이대로만  어디도 가지 못하게  깊숙이 숨겨둘까요  우리 사랑-    눈가려도 보이니까  그대만 보면 되니까  두 눈을 감고 살까요 그럴까요  그댄 잊으면 안돼요  그대만 있으면 돼요  그러면 난 행복해요 -
2002.08.11~08.17,36,433331,시간을 거슬러,K2김성면,Time To Time,2002.05.23,Rock,심현보,그래요 이 세상엔  애를 써봐도 힘든게 있죠  그대를 잊는 것도  혼자 웃는 것도 나에겐 그렇죠 며칠이 갔는지도 모르는 채 이렇게 벽만 보다가  또 그대 집 앞을 서성이죠  잊혀진다던 그 말 거짓인가요 지우다가 잠이들면 꿈 속에도 그댄 걸요  몇 번을 닦아 내도  삼켜봐도 눈물이 흐르죠  함께 있을 때도 곁에서도  그리웠던 그대였는 걸요  시간은 아무 소용없어요  그대는 나에게 영원이죠  사랑이 식었듯이 기억또한 지워져 갈 줄 알았죠  그대에게는 내가 없어도  아직 내겐 이렇게 그대뿐이죠 그리다가 깨어나면  슬픔뿐인 아침이죠  이렇게 살아가요  기다릴게 없어진 세상을 곁에 있을때도 쓰러져도 내 눈물은 그대 때문이죠  그대는 아무렇지 않나요  나 없는 하루가  기억을 거슬러 시간을 거슬러  그대를 사랑할께요  그대를 지우다 잠이들면 꿈 속에도 그댄걸요  몇 번을 닦아내도  삼켜봐도 눈물이 흐르죠 함께 있을때도 곁에서도 그리웠던 그대였는 걸요  시간은 아무 소용없어요  그대는 나에게 영원이죠
2002.08.11~08.17,37,104191,그대 떠난 후에 난 (추억),김현성,Soul Mate,2002.01.21,Ballad,조규찬,아니라고 말해봐요 이런게 끝인건가요 서로를 위한 거라 말하진 마요 시간이 흘러갈수록 내겐 아픔이 되겠죠 우리 추억 다른 이윤 없어요 그대를 닮은 누군갈 찾아 헤매게 됐죠 그렇게 살게 된 거죠 후횐 없었나요 그렇게 떠나간 후에 잠시라도 나를 그리워했나요 난 이제 어떤 누구도 내 안에 다시는 허락할 수 없죠 그대 떠난 후에 나는  어디에도 그댄 없죠 환하게 웃던 그대는 아직도 날 위했다 생각하나요 시간이 흘러갈수록 내겐 아픔이 되었죠 우리 추억 다른 이윤 없어요 그대를 닮은 누군갈 찾아 헤매게 됐죠 그렇게 살게 된 거죠 후횐 없었나요 그렇게 떠나간 후에 잠시라도 나를 그리워했나요 그게 궁금할뿐이죠 난 그댈 한번도 떠나 보낸 적 없어요 그댄 내 안에 숨쉬죠 그댄 어떤가요 잘 지내고 있는 거죠 아프지 않도록 늘 기도할게요 난 이제 어떤 누구도 내 안에 다시는 허락할 수 없죠 그대 떠난 후에 나는 그대 떠난 후에 나는
2002.08.11~08.17,39,992576,화해연가 (和解戀歌),봄여름가을겨울,Bravo My Life,2002,Rock,김종진,그대여 날좀봐요 계속 토라져있을 건가요 용기내어 다가가는 날 버려두진 않겠죠 그대여 웃어봐요 그댄 웃는 모습이 귀여워요 시간이 이렇게 흐르면 우리는 후회하고 말꺼야 내말 들어봐요  잊었나봐요 우리가 처음 만난 날을 세상은 온통 핑크빛 구름 위 였었죠 힘이 들땐 위로하고 서로 그리워하던 그때로 우리 잠깐 돌아가보도록 해요 알아요 나도 이러고싶진 않아요 하지만 그대의 무뚝뚝한 모습을 보면 난 아무말도 못하겠어요 넌 내 반쪽이 아니라 전부라 말하던 당신이 이런 내모습까지 사랑해 줄 순 없는건가요 그대여 날좀봐요 계속 토라져있을 건가요 용기내어 다가가는 날 버려두진 않겠죠 그대여 웃어봐요 그댄 웃는 모습이 귀여워요 시간이 이렇게 흐르면 우리는 후회하고 말꺼야 내말 들어봐요  잊진 않겠죠 우리가 했던 약속들을 세상 끝까지 변치말고 행복하자던 용서하며 사는 것이 인생 아니던가요 그대여 고개들어 같은 곳을 바라봐요 알아요 자기가 하는 말이 무엇인지 하지만 나도 내맘을 어떻게 할 수 없을 때가 있어요 때로 눈물을 흘리고 자존심이 상하기도 한다구요 이런 내모습까지 따스히 감싸주면 좋을텐데 그대여 날좀봐요 계속 토라져있을 건가요 용기내어 다가가는 날 버려두진 않겠죠 그대여 웃어봐요 그댄 웃는 모습이 귀여워요 시간이 이렇게 흐르면 우리는 후회하고 말꺼야 내말 들어봐요  그대여 날좀봐요 계속 토라져있을 건가요 용기내어 다가가는 날 버려두진 않겠죠 그대여 웃어봐요 그댄 웃는 모습이 귀여워요 시간이 이렇게 흐르면 우리는 후회하고 말꺼야 그대여 날좀봐요 계속 토라져있을 건가요 용기내어 다가가는 날 버려두진 않겠죠 그대여 웃어봐요 그댄 웃는 모습이 귀여워요
2002.08.11~08.17,40,1589083,난치병,하림,다중인격자(多重人格者),2001.12.27,Ballad,탁영,이제 알 것 같아요 나는 미쳐 버린 걸 나을수 없는 흔치 않은 병처럼 그대라는 뜨거운 열은 식지 않고 몰라 모를 수 밖에 나만이 앓고 있는 지독히 깊은 그대라는 상처가 얼마만큼 참아 내기 힘든지 한 잔 술이 밤을 마취 할 뿐 내 온 몸에 너무 퍼져 버린 추억은 이젠 손 쓸 수가 없어서 그냥 떠오르게 놔두죠 너무 아파도 소리 한번 안 지르는 건 나 그렇게 나을 수 없기 때문에 단 하나 기도하는 건 돌아온 그대이기에  그 아무도 그대 떠나간 걸 몰라요 알리고 싶지 않았어요 왠지 돌아올 것 같아서 돌아와 그냥 오랜만인척 해요 나 이래야 나을 수 있기 때문에 단 하나 기도하는 나의 꿈은 그대 어느 날 문득 내가 눈을 떴을 때 숨쉬는 아침 눈이 부실 수 있게 커튼을 젖히며 날 바라보는 그대
2002.08.11~08.17,41,75233,비(悲)의 Rhapsody,최재훈,Believe In 5462,2000.03.09,Rock,"이세준,주영훈",이젠 눈물 그쳐 나를 봐요  우는 그대 더 아름다워  내게 이 모습 조차 더 남지 않도록  그냥 고개 돌려요  그저 미안한 마음뿐이죠  그댈 위해 해줄게 없어  모두 이해할게요 그댈 아끼는 맘  그분들도 같을 거란걸  한참 동안을 비틀거렸죠 워  그댈 사랑했던 그만큼 워  떠나가요 아주 먼곳으로  그대 소식 내게 올수 없을  그 만큼  다 잊어요 내겐 마지막이  될 사람도 모두 다 버려두고 갈게요  나를 위해 많이 애썼단걸  알고있죠 난 감사해요  허나 이룰수 없는건 어쩔수 없죠  내가 용기낼게요 이젠  죽는 날까지 사랑한대도 워  가질수 없는 그대인걸 워  떠나가요 아주 먼곳으로  그대 소식 내게 올수 없을  그 만큼  다 잊어요 내겐 마지막이  될 사람도 모두 다 버려두고 갈게요  떠나가요 아주 먼곳으로  그대소식 내게 올수 없을  그 만큼  혹시라도 내가 그리울 때면  세상에 내가 없다고 믿어요  우 그렇게 우 믿어요
2002.08.11~08.17,42,489210,Last Scene,롤러코스터,Absolute,2002.03.22,Rock,조원선,나는 아무 말도 못했다  그 자리에 그냥 서있다  니가 하는 말이 무슨 뜻 인지를  한참 후에서야 알았다 그래 모든 것은 변했다  변하지 않는 건 없었다 내가 있는 곳에 너는 없다는 걸  한참 후에서야 알았다 다행히도 시간은 흐르고  아무렇지않게 너의  이름을 말하고 이제는 다 지난 얘기라고  큰 소리로 웃어보기도 하고 나 답지도 않은 말을 하고  사람들은 내가 변했다고 해 그래 모든 것은 변했다  변하지 않는 건 없었다 내가 있는 곳에 너는 없다는 걸  한참 후에서야 알았다 다행히도 시간은 흐르고  아무렇지않게 너의  이름을 말하고 이제는 다 지난 얘기라고  큰 소리로 웃어보기도 하고 나 답지도 않은 말을 하고  사람들은 내가 변했다고 그러다 어떤 날은 화가 나고  큰 소리로 울어 보기도 하고 넌 더 힘들꺼라 상상해도  아무것도 달라지는 건 없어 이제는 다 지난 얘기라고  큰 소리로 웃어보기도 하고 나 답지도 않은 말을 하고  사람들은 내가 변했다고 그러다 어떤 날은 화가 나고  큰 소리로 울어 보기도 하고 넌 더 힘들꺼라 상상해도  아무것도 달라지는 건 없어
2002.08.11~08.17,43,32823,챠우챠우-아무리 애를 쓰고 막아 보려 해도 너의 목소리가 들려,델리스파이스,Deli Spice,1997.08,Rock,김민규,너의 목소리가 들려  너의 목소리가 들려  너의 목소리가 들려  너의 목소리가 들려  아무리 애를 쓰고 막아 보려 하는데도  아무리 애를 쓰고 막아 보려 하는데도  너의 목소리가 들려  너의 목소리가 들려  아무리 애를 쓰고 막아 보려 하는데도  아무리 애를 쓰고 막아 보려 해도  너의 목소리가 들려  너의 목소리가 들려  아무리 애를 쓰고 막아 보려 하는데도  아무리 애를 쓰고 막아 보려 해도  너의 목소리가 들려  너의 목소리가 들려  너의 목소리  너의 목소리  너의 목소리가 들려  너의 목소리  너의 목소리  너의 목소리가 들려
2002.08.11~08.17,44,482406,Secret,제이워크,Suddenly,2002.03.22,Ballad,안성일,언제부터 였을까 내가 자꾸 너의 모습이 더욱 나의 시간 속에서 사라지지 않는걸 문득 생각해 보면 내가 겁이 났었던건지 너를 아주 오래 전부터 원했었는지 몰라 아주 조금씩 조금씩 스며든 너를 이렇게 간절히 바라게 된걸 언제까지 숨길 수 없는 내 맘 알고 있나요 서로 말할 수 없었던 지난 시간이 이제는 더 이상 없는걸 알죠 고백할 그 날만 기다린 나를 받아 줬으면 너만 생각하면 난 가슴이 두근두근 내 마음속이 떨려와서 두근두근 설레이는 이 기분 좋은걸 너무나도 행복한걸 난 그 누구와 달라 자신 있어 너만 영원토록 사랑할게 아주 멋진 곳에서 내 맘 보여주고 싶은걸 아니 생각만으로 나는 너무 가슴 벅찬걸 이젠 더 이상 숨길 수 없는 내 맘을 너 또한 조금은 눈치 챘는지 사실은 나 조금 걱정이 앞서 자신 없는걸 분명 이런 내 마음을 알고 있겠지 너 역시 니 맘을 숨기고 있어 이렇게 가슴만 졸이는 내가 싫을 뿐이야 조금은 슬픈걸 나를 받아들일 자신이 없니 그런 니 맘이 아니라면 내 마음 받아주겠어 아주 조금씩 조금씩 스며든 너를 이렇게 간절히 바라게 된걸 언제까지 숨길 수 없는 내 맘 알고 있나요 서로 말할 수 없었던 지난 시간이 이제는 더 이상 없는걸 알죠 고백할 그 날만 기다린 나를 받아 줬으면
2002.08.11~08.17,45,492144,One,박효신,2002 ＂Soccer Festival＂,2002.05.01,Ballad,조은희,이젠 날 바라봐 주겠니  너의 안에 내 모습 아직 어색한 걸 알지만  차마 하지 못했던 많은 말이 느껴져  오랫동안 꿈이 이뤄진 거야   이젠 손잡아 줄수 있니  가깝고도 멀었던 지난 시간들을 잊어줘  힘겨웠던 날 만큼 서로 기대 일어서  더 큰 힘이 되어 줄 수 있겠니   너와 내 맘에 맘에눈부신  미래를 함께 그려봐  너와 내 안에 안에 소중한  사랑을 가득 펼쳐봐   쓰러져 넘어져도 떨쳐낼  용기를 안고 뛰어봐  이 순간 영원토록 기억될  세상 끝 마지막까지  하나되게 할 그날을 위해-   세상을 모두 가질거야  우리 하나 된다면 혼자보다 행복할거야  흘려왔던 눈물이 기쁨이 돼 오는날  더 큰 가슴으로 안아주겠니   다시 쓰러진대도 너를 지키고 있을게  내가 살아가는 이유이니까  너와 내 맘에 맘에 눈부신  미래를 함께 그려봐  너와 내 안에 안에 소중한   사랑을 가득 펼쳐봐  쓰러져 넘어져도 떨쳐낼  용기를 안고 뛰어봐  이 순간 영원토록 기억될  세상 끝 마지막까지  하나되게 할 그날을 위해-
2002.08.11~08.17,46,448502,마지막 약속,포지션,The Romanticist,2002.03.29,Ballad,양재선,조금 더 천천히 걷기를 바랬어  너의 발걸음을 맞추며  왜 오늘따라 늘 오고가던 길이  유난히도 가까운지  이길의 모퉁이를 지나고나면  우린 헤어져야 하겠지  왜 오늘따라 밤 하늘위에 별이  유난히도 빛나는지  보내는 날 차갑게 돌아서  내앞에 널 또 잡을지 몰라  몇번씩이나 날 떠나라고 밀어냈지만  내맘은 항상 너를 붙잡았지  보내줄게 눈물만 남은 사랑  여기에서 끝낼수 있도록 널보내줄게  괜찮아 사랑한 기억모두 지난 약속 모두를  잊어도 괜찮아 내가 기억할테니...  널 보낸 그자리에 그대로였어  니가 다시 올 것 같아서  왜 오늘따라 늘 바라보던 창이  유난히도 높은건지  다시는 널 보이진 말아줘  이렇게 널 또 보낼순 없어  몇번씩이나 날 떠나라고 밀어냈지만  내맘은 항상 너를 붙잡았지  보내줄게 눈물만 남은 사랑  여기에서 끝낼수 있도록 널보내줄게 괜찮아 사랑한 기억모두 지난 약속 모두를  잊어도 괜찮아 영원히 내가 기억할테니 괜찮아 기다리는 내모습 남겨진 내 눈물을  잊을수 있도록 이제 행복해야되...
2002.08.11~08.17,47,502928,Loving You,김현철,... 그리고 김현철,2002.03.12,Ballad,김현철,사람들은 나에게 물어봐.. 넌 꿈을 꾸냐고 사람들이 나에게 이렇게 묻는다면.. 뭐그리 좋냐고 요즘 내가 무슨 꿈 꾸냐면 Loving you always in loving you Loving you always in loving you 그댄 날 전혀 몰라 준다고 해도..  누구라도 이럴까 나에 맘 모든게 새로워 누구라도 이럴까 자그마한 일에도 마음아리는거 요즘내가 꿈꾸는 꿈이라 Loving you always in loving you Loving you always in loving you 그댄 날 전혀 몰라 준다고 해도..  어느날 문득 찾아와 고백하는 꿈.. 나를 사랑한다고 Loving you always in loving you Loving you always in loving you 그댄 날 전혀 몰라준대도.. Loving you always in loving you Loving you always in loving you 그댄 날 전혀 몰라준다고 해도.. 그게 몇년 동안이 가고 나에 꿈은 환상으로.. Loving you..
2002.08.11~08.17,48,432844,이사(移徙),윤상,이사(移徙),2002.04.12,Ballad,박창학,이젠 출발이라고  문을 두드리는 소리  한낮의 햇빛이  커튼 없는 창가에 눈부신  어느 늦은 오후  텅 빈 방안에 가득한  추억들을 세어보고 있지  우두커니  전부 가져가기에는  너무 무거운 너의 기억들을  혹시 조금 남겨두더라도  나를 용서해  날 미워하지 마  녹슨 자전거 하나  겨우 몇 개의 상자들  움켜쥔 손에는  어느 샌가 따뜻해진 열쇠  그게 다였는데 결국  다 그런 거라고 내 어깨를  두드려줄 너는 어디 있는지  전부 가져가기에는  너무 무거운 너의 기억들을  혹시 조금 남겨두더라도  나를 용서해  날 미워하지마  전부 가져가고 싶어  곳곳에 배인 너의 숨결까지  손때 묻은 열쇠  두개가 닫힌 문 뒤로  떨어지는 소리
2002.08.11~08.17,49,503477,마지막 사랑,김정민,The Greatest Love Song 2002,2002.02.27,Ballad,조은희,눈을 감고 바라봐 니 가슴속에 느껴봐  니 앞에 지금 서있는 내가 널 얼마나 원하는지 워~  천번을 더 말해도 채울 수 없는 사랑을  내안에 품을 수 있게 이대로 영원히  아낌없이 다 주고 싶은 맘 내게는  두번 다시 허락되지 않을지 몰라  제발 기다리게는 하지마 나 눈뜨는 순간  널 솔직하게 다 보여주면 돼  내게 미안해마 지난 너의 사랑조차  그저 난 솔직하게 고마울뿐야 워~  살아있는 동안만 약속해 함께한다고  너에게 마지막 사랑 끝까지 나 하나뿐이라고 워~  세상 어디있어도 이젠 널 찾을 수 있어  나만이 느낄 수 있는 너의 그 향기로    이젠 알겠어 하늘이 정한 운명이 있다는걸  그게 바로 나의 너란걸 나의 전부를 걸어도 좋아  넌 이미 또다른 나라는 것만 믿어주면 돼  내게 미안해마 지난 너의 사랑조차  그저 난 솔직하게 고마울뿐야 워~  날 만나기 위해 너는 그렇게 이별해야했고  널 사랑하기 위해 힘들게 나를 지켜온거야  살아있는 동안만 약속해 함께한다고  너에게 마지막 사랑 끝까지 나 하나뿐이라고 워~  세상 어디있어도 이젠 널 찾을 수 있어  나만이 느낄 수 있는 너의 그 향기로
2002.08.11~08.17,50,106236,It`s Alright,리치,I Have A Dream,2001.12.12,Ballad,김은지,내 사랑아 야윈 얼굴 힘들어 보여 이제는 그만 내가 떠나 갈께요 시간이 지나 날 잊을까 두려운 맘에 한참을 그댈 내가 울게 했어요 밤을 지새며 내 곁에서 기도 해주던 그대가 너무 안쓰러 보여 이제는 나 머물 수 없어 그대여 울지 말아요 it's all right 나도 맘처럼 그리 쉽게 눈 감아지지 않아요 끝내 말하지 못했던 I love you 뒤돌아서는 여린 그대 더 아파 할 것 같아  나 떠난 후 혹시 그대 날 떠올리면 아팠던 모습 만을 기억할까봐 웃음 뒤로 날 숨기던 하루 하루도 내게는 이제 그저 그리움이죠 밤을 지새며 내곁에서 기도 해주던 그대가 너무 안쓰러 보여 이제는 나 머물 수 없어 그대여 울지 말아요 it's all right 나도 맘처럼 그리 쉽게 눈 감아지지 않아요 끝내 말하지 못했던 I love you 뒤돌아서는 여린 그대 더 아파 할까 이젠 널 떠나가 멀리 가지는 않아요 it's all right 지켜줄께요 그대 곁에 항상 머물고 있어요 가끔은 날 느껴요 it's all right 사랑하면서 울게만 했던 나를 용서해 my love
