time,rank,song_id,title,singers,album,date,genre,creator,lyric
2004.11.14~11.20,1,602014,불치병 (Feat. Masta Wu),휘성(Realslow),For The Moment,2004.10.16,R&B / Soul,최갑원,난 오늘도 혀를 깨물어  네 뒤에서 아픈  사랑을 외쳐  두 손 흔들어도 불러봐도  대답없는 내 사랑 너를 향해서  나 뭐든 하겠어  네가 원한다면 하늘의 별  아니 달을 주겠어  날 알아줘 받아줘  떨고 있는 거친  내 두 손을 잡아줘  너를 가지려 애써도  난 갖진 못하고  언제나 네 뒤에 있는 걸  나를 보이려 해봐도  그럴 필요 없다고  언제나 넌 못본 척 하는 걸  Don't know why  널 다 잊고 싶은데  Want To cry  더는 아프기싫은데  너란 사랑에 빠진 난  하룰 더 견뎌내지만  가끔 나 혼자만 널 갖고  널 안고 싶어  더 이상 견디기 내가 싫어  한 걸음만 다가가  너를 부르고  또 너를 원하고 싶지만  나보다 더 괜찮은 사람  네 곁을 지키는 너의 사랑  혹시 나를 볼까봐  오늘도 내 맘도  가려둔 채 난 울기만 해  너를 참으려 애써도  난 참지 못하고  더 참지 못하고  언제나 눈뜨면 찾는 걸  나를 숨기려 해봐도  그럴 자신 없다고 언제나  언제나  내 안에 난 말하는 걸  Don't know why  널 위해 줄 건 없는데  Want To cry  잘난 것도 난 없는데  너란 사랑에 빠진 난  절대로 안된다는  사실도 알지만  가끔 나 혼자만 널 갖고  널 안고 싶어  더 이상 견디기 내가 싫어  한 걸음만 다가가  너를 부르고  너를 원하고 싶지만  나보다 괜찮은 사람  네 곁을 지키는 너의 사랑  혹시 나를 볼까 봐  오늘도 내 맘도  가려둔 채 난 울기만 해  계속 바라만 보는 내자신이  너무 싫어  정말 지치고 지쳤어  이젠 싫어  너를 향한 내 마음은  가을의 하늘 보다도  높지만 곱지만  애타는 속타는  아픈 사랑 싫어  그대 같은 나쁜 사람  이젠 싫어  더는 숨기지 않을래  절대 안 참을래 하는데  어느새 난 몰래  Please Give me  one chance  Don't wanna  be a fool anymore  Don't know why  네 옆에 걷고 싶은데  Want to cry  네 손에 닿고 싶은데  너란 사랑에 빠진 난  소리쳐 말하고 싶지만  자꾸 네 뒤에만  숨죽여 널 보고 싶어  이런 내 모습이 너무 싫어  한 걸음 더 물러나  행복하기만  더 바라고 싶지만  너보다 더 괜찮은 사람  절대로 없다는 나의 사랑  혹시 내게 올까봐  내일도 내 맘도  간직한 채 난 웃기만 해  자꾸 네 뒤에만  숨죽여 널 보고 싶어  이런 내 모습이 너무 싫어  한걸음 더 물러나  행복하기만  더 바라고 싶지만  너보다 더 괜찮은 사람  절대로 없다는 나의 사랑  혹시 내게 올까봐  웃고 난 웃고 또  웃기만  웃기만 해
2004.11.14~11.20,2,600942,It`s Raining,비,It`s Raining,2004.10.08,Dance,박진영,다시 올라선 무대 조명이   날 비추면   난 조금씩 사람들의 함성이 나의   이름을 불러주면   난 조금씩 강렬한 음악이 나의   몸속에 퍼지면   내 귓가엔  rain go rain it's raining   it's raining   터질것 같은 스피커 소리가   날 깨우면   내 귓가엔  rain go rain it's raining    it's raining   Now oh Let the music   control my body   음악속에 나의 이 팔과   다리 다 맡긴채  Let it go 내 몸이   움직이는대로 그대로  Go Let my body talk   to the music  사람들이 기다리는게 뭔지   원하는걸 알잖아 이젠   모두 보여줘  심장이 터질것같이 뛰면   난 조금씩 내 몸에 핏줄이   뜨거워지는걸 느껴 음악이 흐르면 순간   또 눈을 감으면   나 그땐  rain go rain it's   raining it's raining   참을 수 없는 전율이   온 몸에 퍼지면   나 그땐  rain go rain it's raining   it's raining   Now oh Let the music   control my body  음악속에 나의 이 팔과   다리 다 맡긴채  Let it go 내 몸이   움직이는대로 그대로  Go Let my body talk   to the music  사람들이 기다리는게 뭔지  원하는걸 알잖아 이젠   모두 보여줘  Now oh Let the music   control my body  음악속에 나의 이 팔과   다리 다 맡긴채  Let it go 내 몸이   움직이는대로 그대로  Go Let my body talk   to the music  사람들이 기다리는게 뭔지  원하는걸 알잖아 이젠   모두 보여줘  Now oh Let the music  control my body 음악속에 나의 이 팔과  다리 다 맡긴채 Let it go 내 몸이  움직이는대로 그대로 Go Let my body talk  to the music 사람들이 기다리는게 뭔지 원하는걸 알잖아 이젠  모두 보여줘
2004.11.14~11.20,3,602126,하하하쏭 (보브 컬러쏭 글로씽 CF 문근영편),자우림,All You Need Is Love 5집,2004.10.15,Rock,김윤아,모든게 그대를 우울하게  만드는 날이면  이 노래를 불러보게  아직은 가슴에 불꽃이 남은 그대여  지지말고 싸워주게  Hey Hey Hey Hey Hey  라라라라- 후회는  저 하늘에 날리고  라라라라라라라라- 친구여  새롭게 태어나게  비굴한 인생은 그대에게는  어울리지 않는다네  당당히 고개를 들게 친구여  지금이 시작이라네  라라라라- 마음에 가득히 꽃피우고 라라라라라라라라- 친구여 마음껏 웃어보게 하 하하 하하 하 하하 하하 하 하하 하하 하 하하 하하 빛나는 그대 두 눈동자 속에 푸른 바다가 있네 파도의 노래를 듣게 친구여 마음이 부르는 그 노래 안녕안녕 안녕히 다시는 울지않아 라라라라라라라라- 내일은 새롭게 태어나리 하 하하 하하 하 하하 하하 하 하하 하하 하 하하 하하 사람들의 시선에 맘쓸 것 하나 없네 용기없는 자들의 비겁한 눈초리에 라라라라- 친구여 마음에 꽃피우면 라라라라라라라라- 내일이 찬란히 빛나고 라라라라- 친구여 가슴을 열어두게 라라라라라라라라- 태양이 그 가슴에서 빛나게 하 하하 하하 하 하하 하하 하 하하 하하
2004.11.14~11.20,4,600207,심장병,이승환,Karma,2004.10.08,Ballad,조은희,손을 따 봐 내 맘에 꼭 얹힌 네가 내려 갈까봐  내 사랑도 죽은 피처럼 빠져나갈까봐 가슴이 아파 너무 아파 어떡해 어떡해  맘을 쓸수록 맘이 헤져 닮아가 이렇게도 깊었니 손 쓸 새 없이  퍼져가간 너 날 떠날 때 다 데려가지  내 안에 너까지 눈물이 나와  터져 나와 그리워 그리워 잊으려해도 잊어내지 못하니 온 세상이 다 멈추고 내 심장이 또 멎으면  널 그때라면 끝낼까 낫지 않아 난 어떡해도 낫지 않을 걸 알아  난 내안에 살아 그냥 살아 날 해쳐도 되니 내안에 살아... 그냥 살아... 나를 해쳐도... 참을거야...
2004.11.14~11.20,5,537750,기억상실,거미,It`s Different,2004.09.09,R&B / Soul,최갑원,떠난다고 그래서  떠나라고 말했어  사랑하다 한번쯤 하는 말이라서  올 거라고 다 안다고  거울에 비친 나를 달래고  벌써 손가락 열개를 다 접고  애써 하루를 또 세어도  보이지 않아 아직도  내 사랑 하나 못찾고  더듬거리는 손으로  니사진을 찾다가  자꾸 멀어버리는  내 눈은 한참 눈물 쏟아내고  내 맘은 지독한 멍이 생기고  잊으라고 그래서  안된다고 말했어  살아가다 한번쯤 만날 것 같아서  나 운다고 아프다고  어느새 지친 소릴 내보고  네가 걸어오던 길에서  멈춰서 안아주던 곳에서 난 눈물을 닦아봐도 보이지 않아 아직도 내 사랑 하나 못찾고 더듬거리는 손으로 네 사진을 찾다가 자꾸 멀어버리는 내 눈은 한참 눈물을 쏟아내고 내 맘은 지독한 멍이 생기고 사랑에 부딪혀 헐어버리고 네가 깊게 새긴 내가 소리 없이 남긴 너란 상처들로 덮힌 나를 불쌍하다고 느낀다면 불쌍하다 느끼면 미안하다 느끼면 다시 날 사랑할까 화장을 하고 지우고 옷을 꺼내고 입어도 아무리 해도 하나도 기억할 수 없나봐 사랑한다는 말도 들었던 웃는 내 모습을 찾고 돌아올 널 위해 내가 같아야만 하는데 조금도 기억이 나지를 않아
2004.11.14~11.20,6,536317,Brand New,신화,Brand New,2004.08.27,Dance,안영민,One two three four back to the one two One two three back to yeah One two three four back to the one two One two three back to yeah 난 널 보고 있지 거울을 통해서 머리를 만지는 척 해  자신 있게 걸어가 말을 걸고 싶은데  아직까진 널 두고 볼게  내 눈짓에 빠져 들겠어  누가 된다 해도  나를 밀어내진 못하는 걸  네 가슴에 향수처럼  늘 뿌려놓게 해줘 네가 나를 맡을 수 있게  One two three four back to the one two One two three back to yeah One two three four back to the one two One two three back to yeah If I take you out to shop you go wow  If I take you places that u wanna go  Hit me from the back Don't stop now Let's go Hit it Hit it Bust it one more 한잔의 Wine과 Steak 너와 First date Gentleman I won't make mistake  실수라는 것은 Chance I won't take  니 맘을 뺏는 것은 내게는  Piece of a cake  넌 날 보고 있지 거울을 통해서 화장을 고치는 척 해  곁에 그 남자로는 너를 채울 수가 없어  난 너를 위해 준비된 남자인데 내 눈짓에 빠져 들겠어  누가 된다 해도  나를 밀어내진 못하는 걸  네 가슴에 향수처럼  늘 뿌려놓게 해줘 네가 나를 맡을 수 있게  천천히 와도 돼 난 All day wait  여기서 난 All day  기다릴 수 있어 너만 오면 돼 나 시간은 많아 But 참지는 않아  Just one never let you go 끌려 오겠지 발걸음은 내게로  지금부터 셋까지 셀게  One two three One more time 다시 음악이 바뀔 때쯤 내게로  You are my girl You are my girl It's alright 내 손짓에 다가오겠어 누구에게라도 빼앗기지 않게 나를 봐줘  네 손목에 시계처럼 늘 찰 수 있게 해줘  시간마다 날 볼 수 있게  순간이겠지 너의 맘이 내게로  지금부터 셋까지 셀게  One two three Two more times 네가 문 밖을 나설 때쯤 내게로  Come back girl  Come back girl It's alright Come back girl One more time
2004.11.14~11.20,7,600630,사랑은 가질 수 없을 때 더 아름답다,토니안,Believe,2004.10.09,Ballad,"한경혜,토니안",(한때 영원한 사랑을 꿈꿔왔었지 하지만 그건 허황된 꿈이었을뿐 사랑은 가질 수 없을때 더 아름답다-)  그토록 갖고 싶던 너였는데  사랑이란 환상은 산산이 부숴져 버렸어  처음 바란 마음들 이젠 모두 다 사라져  넌 아무 느낌 주지않아   너란 환상은 내가 만든 것  가질수없는 사랑이 간절하고  애틋하고 아름다운걸  모두 깨뜨렸어 사랑은 잡는 게 아닌걸  때론 기꺼이 돌아서야 되   꿈으로만 남겨졌다면  좋은 추억 하나 있다면  너를 가질 수가 없다면  아픔조차 알 수 없겠지   널 사랑하고 갖게 될 꿈꾸던 그날엔 너를  꿈으로만 남겼다면 좋았을걸  추억하나 없는 내게 이제   너를 사랑하고 갖게 되길 꿈꾸던  그날엔 너를 꿈으로만 남겼다면 좋았을걸  추억하나 없는 내게 이젠 깨달았기에 Goodbye-  널 꿈으로만 남겼다면 좋았을걸  추억하나 없는 건 내가 더 가난해지는 것  시작하기 전에는 모두 줄 것만 같았어  널 사랑하고 갖게 되고   변하는 가봐 사랑이란 건  널 향한 나의 사랑은 나비처럼 가벼웠기에  쉽게 날아올라 떠올라 저 하늘에 구름처럼  잡을 수 없기에 가질 수 없기에   널 사랑하고 갖게 될 꿈꾸던 그날엔 너를  꿈으로만 남겼다면 좋았을걸  추억하나 없는 내게 이제   너를 사랑하고 갖게 되길 꿈꾸던  그날엔 너를 꿈으로만 남겼다면 좋았을걸  추억하나 없는 내게 이제  깨달았기에 Goodbye -   꿈으로만 남겼다면 좋았을걸  추억하나 없는 내가 더 힘든데  시작하기 전에 끝낼걸 -
2004.11.14~11.20,8,537599,휠릴리,이수영,The Colors Of My Life (Special Limited Edition),2004.09.09,Ballad,조은희,누구도 원할 줄 몰랐죠 이 날이 오기 전에 난 어떻게 품는 줄 몰랐죠 그댈 만나기 전에 휠릴리 여길 좀 보아요 휠릴리 내게로 걸어와요 휠릴리 왜 잘못 가나요 잘 봐요 그녀가 아니라 나예요 얼마나 불어야 아나요 얼마나 커야 그대가 듣나요 고단한 사랑은 한번도 쉰 적이 없는데 언제 날 알아 보나요 언제나 날 사랑하게 되나요 그대가 나라면 참 쉬운 일일텐데  이제는 멈출 줄 모르죠 시작만 있나 봐요 난 그대밖에는 더 모르죠 배우고 싶지 않아 휠릴리 그녀와 행복이 휠릴리 날 불행하게 해요 휠릴리 난 될 수 없나요 잘 봐요 내 안에 그대도 그대죠 얼마나 불어야 아나요 얼마나 커야 그대가 듣나요 고단한 사랑은 한번도 쉰 적이 없는데 언제 날 알아 보나요 언제나 날 사랑하게 되나요 그대가 나라면 참 쉬운 일일텐데 마음에 돌을 더 얹어도 그리움 무게만 못하죠 두 눈이 멀게 될 순간까지 난 보고싶어  기다려도 올 수 없나요 그대의 내일에도 난 없나요 그대가 오기 전 가슴을 접을 수 없는데 정녕 잊을 날 오나요 잊으려 애쓰면 잊게 되나요 늘 먼저 잊는건 잊잔 그 맘 부턴데  날 잊어야 그댈 잊을까요
2004.11.14~11.20,9,601992,믿어요,동방신기(TVXQ!),Tri-Angle,2004.10.11,Ballad,박창현,"Girl,Let me prove that my love is real  I'll give all my love to you,  Please Trust me   믿어요 첫눈에 반한다는 말을 믿어요  그대에겐 아니라고 말했지만  나를 경솔하게 바라볼까봐  감춰왔을 뿐이죠   사실 난 그대를 처음봤던 그 순간부터  온종일 그대 생각에 살았었죠  아침에 눈뜨고 잠들 때까지  한 생각뿐이었죠   I believe in you  그댈 바라보는 이 시선가득  내가 갖고 있는 그댈 향한 마음  모두 담아 보내리   너무 쉽게 들키고 싶지않은  내 마음 알고있나요  그대 나를 훌쩍 떠나버릴것만  같은 두려움까지 그대   사랑은 가슴이 메일 듯한 설레임처럼  그렇게 숨막히는 그리움처럼  항상 변함없는 시선을 줘요  언제나 지금처럼   조금만 내가 마음을 놓을 수 있을만큼만  그대를 바라볼 수 있을만큼만  나의 가까이에 머무른다면  한없이 기쁘겠죠   I believe in you  그댈 바라보는 이 시선가득  내가 갖고 있는 그댈  향한 마음 모두 담아 보내리   너무 쉽게 들키고 싶지 않은  내 마음 알고 있나요  그대 나를 훌쩍 떠나버릴것만 같은  두려움까지 그대   이렇게 그대 곁에 있는다면  결국엔 아무것도 모른다면  얼마나 내가 그댈 사랑했는지   I believe in you  그댈 바라보는 이 시선가득  내가 갖고 있는 그댈 향한 마음  모두 담아 보내리(담아보내리)   너무 쉽게 들키고 싶지 않은  내 마음 알고 있나요  그대 나를 훌쩍 떠나버릴것만 같은  두려움까지 I can't let you go  You are the only one in my life -"
2004.11.14~11.20,10,621783,사람찾기,유리상자,다시 처음으로,2004.10.04,Ballad,이세준,네모난 작은 창안에 니 이름 석자 채우고 한참 망설이지 별다른 뜻은 없는데 그냥 좀 궁금한건데 가슴은 왜 뛰는지 여전한건 너의 깜찍한 말투 모두를 즐겁게 해주던 니 귀여운 표정 어색한건 그래도 설마 했었던 두 달 조금 넘은 너의 웨딩 사진 그래 행복해보여 다행이야 니 옆에 그 사람 좋아보여 마음으로 나 남긴 행복하란말 너는 들었었나봐  우리 둘과 작은 추억을 나눈 조금 의심스럽게 예뻐진 너의 친구들 우리 둘이 결국엔 지키지 못한 그 약속의 끝에 날 대신한 사람 그래 행복해보여 다행이야 넉넉한 그 사람 좋아보여 마음으로 나 남긴 행복하란말 너는 들었었나봐 아주 가끔씩 내가 떠오르면 너 역시 좋은 기억이기를 아주 가끔씩 니가 궁금해지면 찾아 와도 되는지
2004.11.14~11.20,11,534951,고래의 꿈 (Falling In Love Again) (Feat. 김영근),바비킴,Beats Within My Soul,2004.08.06,Rap / Hip-hop,Nanda,파란 바다 저 끝 어딘가  사랑을 찾아서 오예 하얀 꼬리 세워 길 떠나는 나는  바다의 큰 고래 오예 이렇게 너를 찾아서  계속 헤매고 있나 오예 저 하얀 파도는 내 마음을 baby  다시 흔들어 너를 사랑하게 해 I'm fall in love again 너를 찾아서  나의 지친 몸짓은 파도 위를 가르네  I'm fall in love again 너 하나만  나를 편히 쉬게 할 꿈인걸 넌 아는지 먼 훗날 어느 외딴바다의  고래를 본다면 오예 꼭 한번쯤 손을 흔들어 줘 baby 혹시 널 아는 나일지도 모르니  I'm fall in love again 너는 바다야  나는 그 안에 있는 작은 고래 한 마리  I'm fall in love again 왜 이렇게  돌고 돌아야 하나 내 맘을 왜 몰라  한 잔 두 잔 술에 잊혀질 줄 알았어  운명이란 없다고 말 했었던 나인데  하지만 난 너를 보며 사랑에 빠져  이제 꿈을 찾아 떠나 바다를 향해  I'm fall in love again 너를 찾아서  나의 지친 몸짓은 파도 위를 가르네  I'm fall in love again 너 하나만  나를 편히 쉬게 할 꿈인걸 넌 아는지  I'm fall in love again 너를 찾아서  나의 지친 몸짓은 파도위를 가르네  I'm fall in love again 너 하나만 나를 편히 쉬게 할 꿈인걸  너는 아는지
2004.11.14~11.20,12,722207,Nu Skool,더블케이(DoubleK),Positive Mind,2004.10.29,Rap / Hip-hop,길성준,Oh Every body (모두 stage로) Oh Move your body (all my people 출석해) Oh Every body (흐르는 비트에 맞춰) Oh Move your body (Iet's get it on tonight) Let me move your body (모든 지친 직장인들 keep ya head up) Let' s get party started (피로가 쌓인 모든 도시인들 keep ya head up) Let me move your body (시간에 쫓기는 저 현대인들 keep ya head up) Let' s get party started (what time is it man) 어김없이 난 또 늦어 시간은 그 어느 때보다 빠르게 치크치크 흐르고 지긋지긋한 출근길과 아침부터 또 한판 붙어 또 내스타일 구겨 조급한 마음으로 아무리 밀어붙여 봤자 끄떡할 생각도 안해 이 도로 한복판 양보란 없어 여긴 전쟁터라 그게 습관이 돼 난 언제나 내가 먼저다 하늘에선 태극기 휘날리네 그곳에서 난 오늘도 또 먼저 달리네 두 갈래로 서로 다른길이 앞에 갈리네 그 중 더 빠른 길만이 날 오늘 살리네 I can' t stop baby 내 자유를 찾아 힘겨운 길을 걸어가 I can' t stop baby 내 세상을 찾아 꽉 막힌 길을 열어가 도시 Warrior 모두 hurry up 나의 korea  내 직장 상산 직원 Diss rapper 직원들의 목을 조르는 Undertaker 전쟁터 지옥 분위기 메이커 입으론 유독가스와 물대포를 내뱉어 여태껏 대략 그에겐 백전 백패 정도로 내 전적은 기록이 돼있어 허나 그건 표면상일뿐 당하는 연기에 있어 난 최우수 주연상 1등 실제론 난 그가 Never scary 그를 Tom이라고 쳐 그럼 난 아마 Jerry Tom은 또 날 못잡아 먹어 안달할테지 나 잡아봐 Tom 얼레리 꼴레리 I can' t stop baby 내 자유를 찾아 힘겨운 길을 걸어가 I can' t stop baby 내 세상을 찾아 꽉 막힌 길을 열어가 도시 Warrior 모두 hurry up 나의 korea   아무리 빨리 달려봤자 시간에 �i겨 윗사람들의 폭격에 꺽이고 꺽여 스트레스 화살이 꽃혀 난 쓴 것도 없이 번 돈을 다써 연봉의 노예인 내 몸은 연봉에 갇혀 허나 내혼은 자유라는 원본에 맞춰 성공에 맞서 나름대로 난 생존해왔어 현실은 시험지 대신 그 답안지도  내 마음속에 있다는것이 현실 걱정을 무시해 자유를 준비해 경기를 중지해  오늘 한템포 천천히 인생을 음미해 넥타일 풀어봐 근심을 쓸어내 젊음을 끌어내  자유를 드러내 진정한 너를 불러내 I can' t stop baby 내 자유를 찾아 힘겨운 길을 걸어가 I can' t stop baby 내 세상을 찾아 꽉 막힌 길을 열어가
2004.11.14~11.20,13,540535,Secret,슈가,Secret,2004.10.06,Dance,주영훈,"모두 나를 욕해도 좋아  (Let me take your love)  돌이킬 수 없는 사랑도 (나는 괜찮아)  맺혀있던 눈물로 (Uh Uh!)  너의 용서만을 빌겠어  (So, I'm thinkin' of you)   안되는 줄 알면서 나를 막을 수 없었어  너의 곁에 그 사람 나도 몰래 사랑한거야  마주치는 시선에 나의 맘은 두근거려  너를 향한 그 미소 내 것으로 만들고 싶어   매일 밤 꿈속에 떠도는 그 모습  사랑한다 말하는 슬픈 나를 보았어  낙서로 가득한 나의 일기 속엔  그의 이름만으로 온통 채워져 있어  (It's my way)   모두 나를 욕해도 좋아  (Let me take your love)  돌이킬 수 없는 사랑도 (나는 괜찮아)  맺혀있던 눈물로 (Uh Uh!)  너의 용서만을 빌겠어  (So, I'm thinkin' of you)   나도 내가 싫어져 너를 볼 수가 없어  흔해빠진 변명도 위로될 수 없는 걸 알아  그에게 더 다가가 이런 나의 맘을 전해  설레이는 속삭임 나를 사랑하게 될 거야   어긋난 인연에 하늘을 탓하며  소리쳐 울어 봐도 답은 들리지 않아 uh 후회할 지라도 멈출 수 없는 건  그를 내 품에 담은 전쟁과 같은 사랑  (It's my way)   모두 나를 욕해도 좋아  (Let me take your love)  돌이킬 수 없는 사랑도 (나는 괜찮아)  맺혀있던 눈물로 (Uh Uh!)  너의 용서만을 빌겠어  (So, I'm thinkin' of you)   Closer, I'll be on you side  I can't stop it  Taht's the way my love goes ha!  It's my way 모두 나를 욕해도 좋아  (Let me take your love)  돌이킬 수 없는 사랑도 (나는 괜찮아)  맺혀있던 눈물로 (Uh Uh!)  너의 용서만을 빌겠어  (So, I'm thinkin' of you)   모두 나를 욕해도 좋아  (Let me take your love)  돌이킬 수 없는 사랑도 (나는 괜찮아)  맺혀있던 눈물로 (Uh Uh!)  너의 용서만을 빌겠어  (So, I'm thinkin' of you)   모두 나를 욕해도 좋아  (Let me take your love)  돌이킬 수 없는 사랑도  (나는 괜찮아)  맺혀있던 눈물로 (Uh Uh!)  너의 용서만을 빌겠어  (I can't live without you) -"
2004.11.14~11.20,14,530960,무정,이승철,The Livelong Day,2004.07.21,Ballad,이승철,참 많이 힘들어요  정든 그댈 떠나가기가  단 하루도 참아내지 못한 채  이렇게 난 슬피 울고 있죠  세월은 흘러 사랑도 가고  아팠던 기억도 멀어지는데  사랑은 왜 하늘아래  내 삶의 끝에서 헤매이는지  기억해줘 너의 가슴에  아름다운 사랑이 있었다는걸  또 나는 왜 그리워해  그렇게 힘들게 아파했는데  사랑인 줄 알고 있었어  끝끝내 널 버릴 수 없었다는 걸  참 많이 힘들어요  다시 그댈 사랑하기가  아직 내겐 이별의 시간들이  힘에겨워 아파하나봐요  그대 그리운 그 앞에서는  이유없는 눈물 남겨지는데  사랑은 왜 하늘 아래  내 삶의 끝에서 헤매이는지  기억해줘 너의 가슴에  아름다운 사랑이 있었다는걸  또 나는 왜 그리워해  그렇게 힘들게 아파했는데  사랑인 줄 알고 있었어  끝끝내 널 버릴 수 없었다는 걸  참 많이 힘들어요  다시 그댈 사랑하기가  아직 내겐 이별의 시간들이  힘에겨워 아파하나봐요  힘에겨워 아파하나봐요
2004.11.14~11.20,15,529685,한 남자,김종국,Evolution,2004.06.18,Ballad,조은희,참 오래됐나봐 이 말 조차 무색 할 만큼  니 눈빛만 봐도 널 훤히 다 아는  니 친구처럼 너의 그림자 처럼  늘 함께 했나봐 니가 힘들때나 슬플 때  외로워 할때도 또 이별 앓고서  아파할때도 니 눈물 닦아줄-  한 남자가있어 널 너무 사랑한 한 남자가 있어 사랑해 말도 못하는  니 곁에 손 내밀면 꼭 닿을 거리에  자신보다 아끼는 널 가진 내가 있어   너를 웃게 하는 일오직 그것만 생각하고  언제 어디서나 너를 바라보고  널 그리워 하고 니 걱정만 하는   한 남자가있어 널 너무 사랑한 한 남자가 있어 사랑해 말도 못하는  니 곁에 손 내밀면 꼭 닿을 거리에  자신보다 아끼는 널 가진 내가 있어  천번쯤 삼키고 워- 또 만번쯤 추스려 보지만  말하고 싶어 미칠것 같은데  널 와락 난 안고 싶은데  한 여자가 있어 이런 날 모르는  사랑 받으면서 사랑 인줄도 모르는  나만큼 꼭 바보같은 슬픈 널 두고  이 순간도 눈물이 나지만 행복한 걸  니가 곁에 있기 때문이야-
2004.11.14~11.20,16,827893,중력 (Gravity),플라이투더스카이,중력 (Gravity),2004.11.05,R&B / Soul,박창현,그 어디에 있다 해도  완전히 날 지웠어도  너를 향한 이 마음은  내 몸이 의식하지 못해도  너를 향해 가고 있어  그 아무리 멀어지려 애를 써도  널 다시 꿈속으로 보낼 때면  그토록 따스했던 니 모습  내 안에 그대로 남아서  날 바라본 그 눈빛과 나를  향해 웃어줬던  그 순간을 잊지 못해  이렇게 너의 주위를 마치  별들처럼 돌고 있어  지겹게 널 그리워해  누구도 나에게  다가올 수 없을 만큼  나에게 너는 피할 수 없는  중력과 같은 존재인걸  넌 눈을 감아서 나의 하늘이 되고  그 하늘 속에 갇혀 버린 나는  그 모든 사랑이 이 자리에 남아  너를 향해 멈춰져 버린걸 조금만 더 멀어지길 나에게서  지워지길  그 모든 게 잊혀지길  어느새 너를 그리워하는 나에게  주문을 걸어  널 향하는 이 마음은 언제까지  너에게 빗겨 갈 것 같지 않아  언젠간 마음 먹었던 나의 너를  향한 그 다짐처럼  넌 눈을 감아서 나의 하늘이 되고  그 하늘 속에 갇혀버린 나는  그 모든 사랑이 이 자리에 남아  너를 향해 멈춰져 버린걸 그대여 그곳은 사랑할 수 있나요  그 안에 내 마음 담아줄 수 있나요  그럼 그 맘을 내게 맘을 줘요  내게 맘을 줘요 그대의 눈을 떠봐요  넌 눈을 감아서 나의 하늘이 되고  아무리 내 맘을 다그쳐 봐도  내 모든 사랑이 이 자리에 남아  한없이 널 기억하고 있는데  I love you
2004.11.14~11.20,17,531011,문신,세븐,Must Listen,2004.07.07,R&B / Soul,양현석,이제는 혼자가 제법 익숙해졌어  널 생각해도 웃을 수 있어  다른 사람도 만나보고 싶어  하지만 아직 아냐 자신이 없어  널 밀어냈던 널 비워냈던  힘든 시간을 헤메이다 지쳐   그 오랜 시간이 누구를 위한건지  왜 떠나야 했을까 다시 가슴이 메어와   넌 마치 문신처럼 내 안에 분신처럼  지우려고 애를 써도  지울 수 없는걸 잘 알고 있는 걸  이제는 너를 미워하는 맘 보다  다른 사람 곁에서 너를 못 잊고  살아갈까봐 그게 더 두려워   언젠가 한번은 마주칠 수 있겠지  그땐 웃으며 말하고 싶어  잘 지내냐고 나는 바빴다고   하지만 마음뿐야 자신이 없어  네가 미워서 목이 메어서  나도 모르게 눈물 을 보이면  넌 웃어 주겠니 누구를 위한건지  왜 떠나야 했을 까 다시 가슴이 메여와   넌 마치 문신처럼 내 안에 분신처럼  지우려고 애를 써도  지울 수 없는걸 잘 알고 있는 걸  이제는 너를 미워하는 맘 보다  다른 사람 곁에서 너를 못 잊고  살아갈까봐 그게 더 두려워   나보다 더 행복해줄래  널 더 미워할 수 있게  나를 정말 사랑했다면  너 역시 가끔씩 지난 내 생각에 한숨 쉬어도 괜찮아   세월이 흘러가도 눈물을 흘려봐도  이제 와서 후회해도  소용이 없는 걸 이미 늦었는 걸   이제는 너를 사랑하는 맘 보다  너의 사람 곁에서 나를 못잊고  살아갈까봐 그게 더 두려워  나도 모르게 그게 더 두려워 -
2004.11.14~11.20,18,539665,슬프지만 진실,제이,The Crush Of Love,2004.09.23,R&B / Soul,"제이,최은하",Uh yeah Feel it like that  Come on uh new track for   the lady J  Ya´ll gon´ feel this right here  Come on Come on yeah  let´s go Cast away my broken heart Will it make you feel  much better Tell me baby why you love  then leavin´ me Love me leavin´ me let me go In a time of stormy weather Why these rains keep falling 지치고 힘들때 나는 언제까지  너의 맘속에 잠긴채 너에게 모든 것을 다 너의 모습과 너의 미소 지금 이 순간도  기억하고 있고 Just wanna let you know  never let you go 다시 내게로 지나간 추억  다시 돌이킬 수 없어도 Everyday  I´ll be thinkin about you no  matter what 세상 끝까지 You know I do girl 햇살이 차가워 나의 맘도 차가워 그대의 숨결이 추워 스치는 바람에 내 눈물을 보내죠 슬픈 내 마음을 데려갈수있게 떨리는 입술 꼭 깨물고서 괜찮다고 그댈 바라보죠 Just for you 그대가 나를 더욱 편하게  버릴 수 있게 이젠 헤어지나요 I just wanna be that what  you needed 사라지나봐 내 간절했던 꿈들 이젠 남이되나요 Why you wanna be got got  to be free 사랑하면서 왜 잡지를 못하니 Do you wanna flow real slow Take it back to the interlude Like Tamia laid the track  I´m so into you 너와 헤어짐에 나도 슬퍼져  그대 숨결 따뜻함이 아직 느껴져 In my heart 깊은 곳에 나  또너의 모습과 널 다시 볼 수만 있다면  부족했던 날 Hold you in my arms again  Now real slow Baby can I take you out  tonight  now let´s go 떠나지 말라고 내게있어 달라고 그 말이 하고 싶지만 햇살이 눈부셔 그대가 더 눈부셔 눈물이 흘러서 차마 말 못하죠 떨리는 입술 꼭 깨물고서 괜찮다고 그댈 바라보죠 Just for you 그대가 나를 더욱 편하게  떠날 수 있게 이젠 헤어지나요 I just wanna be that what  you needed 사라지나봐 내 간절했던 꿈들 이젠 남이되나요 Why you wanna be got got  to be free 사랑하면서 왜 잡지를 못하니 그대 많이 힘들었죠 날 사랑하려고 I never thought you´d  leave me 내가 더 많이 사랑했죠 그게  더 좋았어 But now that time has come  to let you go 이젠 헤어지나요 I just wanna be that what  you needed 사라지나봐 내 간절했던 꿈들 이젠 남이되나요 Why you wanna be got got  to be free 사랑하면서 왜 잡지를 못하니 정말 나는 괜찮아 제발 그대를 탓하지는마 보내 줄게요 내가 더 미안하죠 나는 알고 있었죠  나를 떠나가려 했던 그댈 다 알면서도 내가 가지려 했죠 Don't you feel my pain
2004.11.14~11.20,19,537208,흑백사진,KCM,Beautiful Mind,2004.09.07,Ballad,나인,아주 오래전 눈이 커다란 소녀를 봤어 긴 생머리에 예쁜 교복이 너무 잘 어울렸어 너의 그림자를 따라 걸었지 두근대는 가슴 몰래 감추며 어느새 너는 눈이 따스한 숙녀가 됐어  아름다움에 물들어가는 너를 바라보면서 너는 신이 주신 선물이라고 축복일거라고 감사해 감히 사랑한다고 말할까 조금 더 기다려볼까 그렇게 멀리서 널 사랑해왔어 내겐 너무나 소중한 너 다가 설 수도 없었던 나 그래도 나 이렇게 행복한 걸 아직도 나는 너의 뒤에서 애태우지만 시간이 흘러 아주 먼 훗날 그땐 얘기해줄께 니가 얼마나 날 웃게 했는지 설레게 했는지 감사해 감히 사랑한다고 말할까 조금 더 기다려볼까 그렇게 멀리서 널 사랑해 왔어 내겐 너무나 소중한 너 다가설 수도 없었던 나 그래도 나 이렇게 행복한 걸 가끔은 두려운거야 혹시라도 내가 널 잊을까봐 크게 소리쳐 이름 부를까 그럼 내 사랑 들릴까 그렇게 멀리서 나 망설여왔어 내게 세상을 선물한 너 무엇도 줄 수 없었던 나  그래서 나 웃어도 눈물인 걸
2004.11.14~11.20,20,539778,오로라,바다,Aurora,2004.09.24,Ballad,바다,꿈속에서 그대 얼굴 본것만 같아 두눈 가득 눈물만 고여 아무말도 할수 없던 나의 마음은 그댄 아마 알고 있을지 몰라   꿈은 아니죠 그대 내곁을  떠나버린 뒷모습을 잊고 살아도 푸른 기억에 그대 가두고  난 살아갈 수 없어   보고 싶은 사람 안기고 싶은 단 한사람이 내곁에 머물수 없죠 꿈결에 매달려 차가운 빗물속에 안기면 조용히 내게 다가와 줘요   바보처럼 울고 나면 편해질까요 텅비워진 저 하늘처럼 잠이 들면 기억들도 잊혀질까요 그리움도 지쳐 잠이 드나요   내가 아니면 그대가 아니면  아무 의미 없다는 걸 이젠 알지만 늦은거겠죠 돌아가는 길 내게 가르쳐 줘요   사랑은 언제나 오랜시간이 흐른 뒤엔 늘 긴 이별과 마주하죠 세상에 남겨진 더 많은 아픔 만나지 않게 추억만 안고 살아가는 나   그대가 없는 흐린 가슴에  잠을 재우면 떠오르는 새벽  추억이 나를 울리고 가도 괜찮아요 그댈 사랑했던 소중했던 기억들이 내안에 흐르는 이 밤   보고싶은 사람 안기고 싶은 단 한사람이 그대라는걸 아나요   사랑은 언제나 오랜시간이 흐른 뒤엔 늘 긴 이별과 마주하죠 세상에 남겨진 더 많은 아픔 만나지 않게 추억만 안고 살아가는 나   눈을 감으면 조용히 내게 다가와줘요 눈을 감으면 조용히 내게
2004.11.14~11.20,21,536358,Sky,러브홀릭,Invisible Things,2004.08.26,Rock,강현민,이미 너는 너무 먼 곳에  한없이 달려도 못 닿을 그곳에  잊어야겠지 내겐 나쁜 사람  그 눈빛 그 숨결 따뜻한 손길도  사랑할수록 외로웠던 난  하얗게 얼어붙어 말하기도 힘든 내게  세상은 온통 너 뿐이야  숨쉬는 일보다 니가 더 익숙했던 난  하늘을 보면 하늘만 보면  니가 떠올라 자꾸 눈물이 흘러  꿈에라도 꿈에서라도  날 찾아 오는 일 그런 일 하지마  알 수 없잖아 내 아픈 마음  까맣게 다 타버려 웃음조차 잃은 내겐  세상 가득히 너 뿐이야  숨쉬는 것처럼 너에게 길들여진 난  하늘을 보면 하늘을 보면  너만 보여서 자꾸 눈물이 흘러 만나지 말아야 했어 이겨낼 수 있단 말  모두 거짓이었어 You're my one   꿈에서라도 꿈속이라도  내게 오는 일 그런 일 말아  세상은 온통 너 뿐이야  숨쉬는 일보다 니가 더 익숙했던 난  하늘을 보면 하늘만 보면  니가 보여서 자꾸 눈물이 흘러
2004.11.14~11.20,22,530124,삭제,이승기,나방의 꿈,2004.06.25,Ballad,싸이(PSY),헤어진 다음 날 니 목소리없이 아침에 혼자 눈을 뜨게 된거야 실감이 안나 전화기를 켜보니 니 사진은 우리 둘 사진은 그대로 있는데 여기 있는데 어떡해 벌써 보고 싶은데 이젠 지워야겠지 모두 지워야겠지 웃는 너의 사진을 행복한 우리 사진을 한 장씩 너를 지울 때마다 가슴이 아려와 너의 사진이 점점 흐려져 사진 속 너를 불러도 보고 너를 만져도 보고 너무 잔인한 일이야 너를 지우는 일 그대로 있는데 웃고 있는데 사진 속 니가 웃고 있는데 이 땐 행복했나봐 이 땐 몰랐었나봐 우린 좋았었는데 우린 좋았을 텐데 한 장씩 너를 지울 때마다 가슴이 아려와 너의 사진이 점점 흐려져 사진 속 너를 불러도 보고 너를 만져도 보고 너무 잔인한 일이야 너를 지우는 일 이제 눈 감고 널 지워 어차피 우린 아닌거잖아 이젠 눈 감고 널 지워 마지막 사진 한장 뿐 마지막 너의 얼굴이 보여 너무 아름다워요 이제 다시는 볼 수 없음에 한번 더 너를 불러도 보고 너를 만져도 보고 너무 잔인한 일이지만은 널 지웠어
2004.11.14~11.20,23,531431,당신과의 키스를 세어보아요,화요비,Soul Saver,2004.07.08,R&B / Soul,,"어지러워진 마루 위에  웅크린 채로 내 몸을 감싸고  지킬 수 없는 약속들만이  하루 하루를 채우고있어요  이별이 올 줄 알았다면  좀 더 그대의 가슴 깊이 안길텐데   missing you  당신과의 키스를 세어보아요  하나 하나 그대를 가만히 떠올려  누구보다 그대의 곁에 있기를  without you but you are mine  머리를 묶고 화장을 해도  어제의 나는 찾을 수 없어요  그대가 떠난 텅빈 외로움  무엇을 해야 달랠수 있나  너무나 사랑 했었어요  그것만큼은 변치않는 진실일뿐   missing you  당신과의 키스를 찾을거예요  이렇게 또 가까이 다가와 있는데  처음부터 만나지 말아야 했나요  shaining takes when you are mine    당신과의 키스를 잊을거예요 미워할수 있다면 지울수 있다면  오늘밤은 조용히 잠들고싶어  i'm alone and you are mine   Do The Nights And Days  Cure My Feel Of Pain  Please Somebody Say  All Of My Heart Is Almost Cryin'    In Your Eyes, In Your Sight Was  It Certainly My Place  Tell Me Please The Reason Of  Your Love For Me Can I Cry Now     당신과의 키스를 세어보아요  하나하나 그대를 가만히 떠올려  누구보다 그대의 곁에 있기를  without you but you are mine-"
2004.11.14~11.20,24,536921,잔소리,김건모,Kimgunmo. 9,2004.09.03,Ballad,최준영,꽃처럼 아름다운 그대  그대를 처음 만났던 그날  하늘이 축복하듯 꽃비가 내렸고  우린 사랑을 했죠  수많은 계절이 바뀌고  우리의 사랑이 무뎌져 가고  쫓기듯 살다보니 어느새 멀어져버린  우리 두 사람  우리의 만남이 오래되어  숨소리도 듣기 싫을 때  우리 처음 만난 그때를  다시 생각해봐요  날 만나 힘들게 살아왔던  너에게 제일 미안한 건  피곤하다는 걸 핑계로 널 안아주지 못했어    정신없이 살다보니까  내가 너무 무심했던 것 같아  내 삶의 공기처럼 당연히 내 곁에  니가 있을 줄 알았어  날 만나 살아온 시간들이  너무나 후회된다는 그 말  홧김에 한 말일 거라고  그렇게 믿고 싶어  날 만나 힘들게 살아왔던  너에게 제일 고마운 건  우리 사랑을 지키려고  매일 밤 기도해준 너  날 만나 힘들게 살아왔던  너에게 제일 미안한 건  너를 사랑한다는 그 말  그 말을 하지 못했어  지겹던 너의 잔소리가  오늘 밤 너무 그리워
2004.11.14~11.20,25,533412,평화의 날,에픽하이(EPIKHIGH),High Society,2004.07.26,Rap / Hip-hop,,오빠 좀 웃어봐 Epik High 평화 High School with that new oh school come on 선배가 내 여자 넘볼때  만취된 널 맞서는 전봇대 전화기보다 비싼 요금제 멋대로 대기번호 뛰어 넘길 때 HEY okay 딱 하루 참아보세 평화의 날 달력에 적어보세 삶이란 값 속에 이 순간은 돛대 party like it's your birthday 평화 어제 산 흰 티에 물들 때 애써 지우려 발악하다 번질 때 버스에 목메다 택시 탈 때 곧 바로 뒤에 따르는 버스 볼 때 바로 오늘의 인내가 인생 대 역전의 꿈의 티켓 다들 홧김에 일을 망치네 참아 오늘이 네 화를 삭힐때 쓸데 없는데  성질을 죽일수가 없을때 클럽에서 춤출때 몸치가 파리처럼 달라 붙을때 따분하고 온갖 짜증나도 오늘 딱 하루만 참아줘 바보같고 못난 짝사랑도 오늘 딱 하루만 사귀어줘 딱 하루만 서로 돕자 딱 하루만 서로를 보자 온갖 오만 인상에 녹아 혹 누가 날 보나 움추린 꼴봐 우하하하 웃자 마음속에 미움을 묻자 품자 모두 사랑을 품자 평화의 바람에 춤추자 춤을 추자 화끈한 사랑을 나누자 사주와 팔자 버리고 사람을 받아주자 부자들아 배풀자 모두 다 부모님의 계좌 번호 외워두자 여자들은 화장을 다 지워 남자는 몸 대신 사상을 키워 지워 식상함 집어치워 자 너와 내 맘과 술잔을 비워 따분하고 온갖 짜증나도 오늘 딱 하루만 참아줘 바보같고 못난 짝사랑도 오늘 딱 하루만 사귀어줘 be boys be girls 나와 너와 오늘 딱 하루만의 작은 변화 너와 나 우린 하나 두 손가락을 위로 들고 평화 나와 너와 오늘 딱 하루만의 작은 변화 너와 나 우린 하나 두 손가락을 위로 들고 평화 쓸데 없는데  성질을 죽일수가 없을때 클럽에서 춤출때 몸치가 파리처럼 달라 붙을때 따분하고 온갖 짜증나도 오늘 딱 하루만 참아줘 바보같고 못난 짝사랑도 오늘 딱 하루만 사귀어줘 따분하고 온갖 짜증나도 오늘 딱 하루만 참아줘 바보같고 못난 짝사랑도 오늘 딱 하루만 사귀어줘
2004.11.14~11.20,26,622774,끝나버린 이야기,DJDOC,"Love & Sex, Happiness 6집",2004.11.09,Rap / Hip-hop,이현도,"Woo  do you, do you really wanna hurt me, baby? hurt me, baby?  woo  do you, do you really wanna break my heart break my heart 그래 나는 벌을 받나봐 너무나 많은 잘못을 나는 했나봐 널 만나기전 항상 받기만 했던,  늘 좋은 사람들에게 상처만 남기던  그 죄값들이 고스란히 나에게 왔나봐 이리 무참히.... 서글픔 뿐이야  이제 나 알 것 같아 그래. 나는 벌을 받나봐  너무나도 당연한 결말인 줄 알았어 너와난 언제라도 행복한 그대롤줄 알았어  우리는  너는 내게 말했지 내게 무얼 바라니? 울음섞인 그말이 내 가슴을 찔렀지 하지만 난 어쩌니? 너에게 난 뭐였니? 끝나버린건 단지,단지 너하나 뿐이잖니? 너와나 행복할꺼란 바램  이젠 모든게 싫단 한숨섞인 너의 말에  한순간에 달라졌어 모든게  그래 이렇게  아무것도 할 수 없이 널 보낼수 밖에  단지 후회뿐이니?내가 미울뿐이니?  난 달라 세상 모든 빛들을  잃어 버린것 만큼 괴로운 마음이야  너는 내게 말했지 내게 무얼 바라니? 울음섞인 그말이 내 가슴을 찔렀지 하지만 난 어쩌니? 너에게 난 뭐였니? 끝나버린건 단지,단지 너하나 뿐이잖니? 눈을 감아도 눈을 떠봐도  언제나 앞에 있는 너 차라리 나는 잠들고 싶어  영원히 깨어날수 없게  언제나 두근거리던 너와의 시간  설래며 두 사람밖에 없었던 순간  이제는 덩그러니 여기 나혼자만 나 혼자만이 바래진 우리 추억을 찾지 니가 날 떠났다는 사실 한 때문에 이렇게 내인생은 허무해지네 망가져 버린 의미를 잃어버린 나 조차 알아볼 수 없는 내 자신  너는 내게 말했지 내게 무얼 바라니? 울음섞인 그말이 내 가슴을 찔렀지 하지만 난 어쩌니? 너에게 난 뭐였니? 끝나버린건 단지,단지 너 뿐이잖니? 너는 말했지 내게 무얼 바라니? 울음섞인 그말이 내 가슴을 찔렀지 하지만 난 어쩌니? 너에게 난 뭐였니? 끝나버린건 단지,단지 너하나 뿐이잖니? 넌 나를 떠나 간거니 이렇게 끝나는 건지 넌 나를 떠나 간거니"
2004.11.14~11.20,27,601790,하루가 지나고,JNC,The New History Begins... 1집,2004.10.08,Ballad,김재덕,이제서야 나의 맘을 너에게 전하는데 너는 왜 이런 나를 떠나가야 했는지 (Why) 나를 다시 울려 다시 왜왜 (Why) 나를 다시 울려 왜 다시 너를 붙잡고 싶어도 다시 너를 안아보고 싶어도 오오오오오 오오오오 너무 가슴 아파 난 (눈물이 나)  사랑한 너이기에 이해했었나 이제와 후회하는 바보 같은 나 네 기억이 조금씩 잊혀질까봐 사실 그게 나는 두려워  하루가 지나고 하루가 지나도  더욱 더 그리워만 지는데 가슴이 아파서 아파서 미칠 것 같아 그만 편안히 날 보내줘  아직 난 울고 있는데  너는 내게서 더 멀어져가고 Hey 다 지난 일이라 해도  잠시 내 모습을 생각해 이젠 (되돌릴 수 없음에) 난 또 (한심한 이 한숨에) 나를 가둬 내 어두웠던 슬픔 그대로 니가 날 다시 기억할 수 있게  내 곁에 웃고 있는 그 사람 보며- 가끔씩 너의 모습 떠올리곤 해- 잘 알지만 이러면 안된다는 걸 너도 나와 같길 바랄 뿐  하루가 지나고 하루가 지나도  더욱 더 그리워만 지는데 가슴이 아파서 아파서 미칠 것 같아 그만 편안히 날 보내줘  한 순간 내 전부였지만  이제는 널 보내줘야 할 것 같아 그만큼 더 아프겠지만  너만 행복할 수 있다면 난  시간이 흐르고 시간이 흘러도  조금씩 잊어야만 하겠지 아무리 지워도 아무리 지우려해도  그럴수록 더욱 그리워  하루가 지나고 하루가 지나도  (힘든 나날이 계속된 내 사랑은 끝났어) 더욱더 그리워만 지는데  (내 가슴은 아프지만 내 가슴은 아프지만) 가슴이 아파서 아파서 미칠 것 같아  (힘든 나날이 계속된 내 사랑은 끝났어) 그만 편안히 날 보내줘  (내 가슴은 아프지만 내 가슴은 아프지만) (가슴은 아프지만)
2004.11.14~11.20,28,527583,아니라고...,원티드,Like The First,2004.06.04,R&B / Soul,박경진,그댄 괜찮나요 난 아직 눈물이 나요 지금 눈 앞에 웃는 그대 때문에 나는 눈물을 감춰 보려고 딴  생각을 하는데 벌써 괜찮나 봐요  그댄 나를 보며 웃는 걸 보니 보고 싶었다는 그런 말 하지 말아요 눈물 참기가 힘들어요 더는 우연이라도 그댈 보면  다시 한참을 힘들까 봐 그 어디도 갈 수 없어  혼자만 지내왔는데 난 아니라고 웃지 말라고 그런 말 하나 못하고 조금이라도 웃어보려고 애쓰고 있죠 바보처럼 난 아니라고 단 한 순간도 기억한 적도 없다고 짧은 그 말도 하지 못하고 웃으려 애쓰고 있죠 좋아 보인다는 그런 말 해야 하나요 내 맘 어떤지 모르면서 그댄 웃어보라고 예전처럼 아일 달래는  사람처럼 웃는 모습 나에게는 훨씬 잘  어울린다며 난 아니라고 웃기 싫다고 그런 말 하나 못하고 조금이라도 웃어보려고 애쓰고 있죠 바보처럼 난 아니라고 단 한 순간도 어울린 적도 없다고 짧은 그 말도 하지 못하고 웃으려 애쓰고 있죠 왜 나만 힘들어 했는지  그댄 더 좋은지 웃고 있는데 그대가  돌아와 주길 바랬는지 혹시 우연히 오늘 같이  그댈 보게 돼 아픈 맘에 다시 또 지나 온 시간 동안  나 울까 봐 난 아니라고 더 아플까 봐 잊으려고만 했다고 만나게 되도 못 본 척 하고 지나치려고 했었다고 난 아니라고 단 한 순간도 미워한 적도 없다고 이제 용기 내 말하려는데 그댄 또 떠나고 있죠
2004.11.14~11.20,29,519619,인사,린,Can U See The Bright,2004.03.29,Ballad,전승우,항상 맘에 걸렸죠 그댈 남긴 채 떠난다는게 애써 떼어놓고도 맘이 아파서 많이 걱정했죠 오늘 얘기 들었죠 그대의 아픔 감싸준 누군가가 있단 걸 이제 갈께요 편히 갈께요 항상 그댈 지켜볼 수 있는 곳으로 행복하세요 꼭 그래줘요 그대 만은 나 그곳에서도 언제나 기도해줄께요 많이 원망했나요 그랬을테죠 부디 용서해요 어쩜 잘된 일이죠 그토록 사랑했던 날 미워하게 됐다면 이제 갈께요 편히 갈께요 항상 그댈 지켜볼 수 있는 곳으로 행복하세요 꼭 그래줘요 그대 만은 나 그곳에서도 언제나 기도해줄께요 긴 시간이 흘러 언젠가는 그대도 나를 이해하겠죠 사랑했단걸 원할수 없이 그댈 지켜주고 지켜주고 싶던 나였다는걸 하지만 제발 아주 천천히 알게 되길 날 위한 눈물이 모두다 말라버린뒤에
2004.11.14~11.20,30,1142056,I Do,TheOne(더원),The One 2집,2004.08.23,Ballad,김현철,후회하지 않을 수 있나요  아무것도 없는 우리 둘 시간이 지나서 다 없어진대도  나는 후회하지 않을 겁니다 I do 오랫동안 견딜 수 있겠죠  많이 아픈 나의 그대여 아무리 뭐래도 뭐라 한대도 나는 후회하지 않을 겁니다  I do oh yes I do  나 기도할게요 나의 사랑이  이 못난 내가 택한 나의 사랑이 오 영원하기를 또 영원하기를 시간이 지나서 잊혀진대도 난 절대 후회하진 않을 겁니다 사랑해요 사랑합니다 I do oh yes I do
2004.11.14~11.20,31,535139,Liquor Shots (술병에 숟가락),드렁큰타이거,하나하면 너와 나,2004.08.13,Rap / Hip-hop,타이거JK,Tiger JK 내 이름 180이 나의 키  내키는 대로 살아도 지키리 내 도리는  해가 뜨면 달이 지는 심은 대로 꽃이 피는  던지며는 떨어지는 업의 법이 나의 믿음   옆구리를 막 비트는 이 비트를 받아치는  운율을 내뱉을 때는 느끼게 돼 나의 기쁨  거짓을 파헤치는 무식을 가르치는  Hip Hop은 파리채 면상에다 내려치는   Rhythm은 나의 믿음 힘든 나를 일으키는  길 잃은 나에게는 GPS Navigating  뒤쳐지면 Elevation each one  we feach one love and the peace son  시작해 여기서   술에 취하는 이 노랜 Drunken  술병에 숟가락 Liquor Shots  태극기 휘날리는 한국인은  간첩이 아니라면 Liquor Shots  독도가 일본이면 장을 지지는  니 손을 높이 들어 Liquor Shots   바보 같은 내 과거의 실수보다 왠지  난 사람들의 귓속말이 더 두려운건지  쑤근덕 쑤근덕 속 마음씨의 건더기는  짧은 10cm 겨우 짧은 10cm   삶이란 NG 아니 끝없는 NG  괜히 말없이 돌아보며 웃게 되겠지  훌훌 털어가며 짐을 덜어 가래침을 뱉어  Let This Rhythm Rock Yall   음악에 힘을 얻어 가벼운 걸음걸이  아껴둔 촛불을 켜 맘속에 불을 밝혀  주문처럼 중얼대는 내 운율이 흐르며는  절로 손이 들어지는 흥겨워 흐느적대는   술에 취하는 이 노랜 Drunken  술병에 숟가락 Liquor Shots  태극기 휘날리는 한국인은  간첩이 아니라면 Liquor Shots  독도가 일본이면 장을 지지는  니 손을 높이 들어 Liquor Shots   비참한 남의 아픔을 나란히 앉아  마구 편집해 잘러 우리 모두에 알려 흘려  거짓의 눈물은 바로 우렁찬 웃음으로  이번엔 밝은 소식 분위기를 바꿔   아파보렴 아파봐 입장을 바꿔보렴  썩은 돈에 오염된 소설을 잘라오려  니들의 이야기가 진리인양  누군 누구와 또 늴리리야   사람을 사랑하지 사랑은 용서하기  아무도 완벽하지 못해 더 아름답지  술에 취하는 이 노랜 Drunken  술병에 숟가락 Liquor Shots   Let me tell you about a boy name tiger.  He's got the tightest rhymess I know  And if you ever heard of tiger.  You wanna say I don't know what I know  Murder he wrote -  술에 취하는 이 노랜 Drunken  술병에 숟가락 Liquor Shots  태극기 휘날리는 한국인은  간첩이 아니라면 Liquor Shots  독도가 일본이면 장을 지지는  니 손을 높이 들어 Liquor Shots -
2004.11.14~11.20,32,531607,예감 좋은 날,럼블피쉬,Swing Attack,2004.07.08,Rock,럼블피쉬,한 동안 내리던 비가 그치고  유난히도 맑은아침  예감이 좋아 너를 만나는 오늘 늘 맘에 안들던 거울 속 내 얼굴 유난히도 예뻐보여 느낌이 좋아 두근거리는 오늘 라랄라 너무나 기분좋은 예감 속에  기분좋은 상상 속에  설레이며 만난 넌  너무나 지루한 그 표정으로 지루한 그 단어들로  안녕이라 말하네 이렇게 보낼 순 없어  오늘만은 제발 이대로 이렇게 끝낼 순 없어  너무 예감 좋은 날 늘 지쳐 잠들 던 나의 꿈 속에  파랑새가 나타났어 아름다웠어 느낌이 좋은 오늘 uh oh oh oh 너무나 기분좋은 예감 속에  기분좋은 상상 속에 설레이며 만난 넌  너무나 지루한 그 표정으로 지루한 그 단어들로  안녕이라 말하네 이렇게 보낼 순 없어  오늘만은 제발 이대로 이렇게 끝낼 순 없어  너무 예감 좋은 날 yeah 너무나 기분좋은 예감 속에  기분좋은 상상 속에  설레이며 만난 넌  너무나 지루한 그 표정으로 지루한 그 단어들로  안녕이라 말하네 이렇게 보낼 순 없어  오늘만은 제발 이대로 이렇게 끝낼 순 없어  너무 예감 좋은 날 yeah 오늘을 알고 있었어  너무다른 너의 그 눈빛 이렇게 보내야 할까  너무 예감 좋은 날 yeah
2004.11.14~11.20,33,601836,허락되지 않은 사랑,이현우,아일랜드 OST,2004.09.30,Drama,지완이,가슴이 자꾸 아파와..  너를 보고있으면 지치고 아픈 니맘이..  내것인거 처럼 느껴져..  어느새 자라난 사랑 이젠 니가 있는걸..  첨부터 알았었지만..   나도 어쩔수가 없었어..  너의 숨결도 작은 미소도..   내겐 허락된게 아닌데..  사랑한것이 이별이 될 줄   그땐 정말 알지 못했어..   너를 사랑한만큼 아플거야..   눈물되어 되돌아온 너인데..  못견디게 그리워서 바라보아도..   이뤄질 수 없다면   널 사랑한 난 없어..  눈물로 아파할 사람   오직 내가 되기를  너에겐 어떤 기억도   남아있지 않길 바랄게..  너의 숨결도 작은 미소도..   내겐 허락된게 아닌데..  사랑한것이 이별이 될 줄   그땐 정말 알지 못했어..  너를 사랑한만큼 아플거야..   눈물되어 되돌아온 너인데..  못견디게 그리워서 바라보아도..  이뤄질 수 없다면 널 사랑한 난 없어..
2004.11.14~11.20,34,535707,폭풍의 언덕,유진,810303,2004.08.18,Dance,,상상은 하지마 다 무너져  짐작은 하지만 나에게 맡겨  또 네가 봤던 네가 알던  깨알같은 여자는 싹 머리 속에 비워   어제는 찾지마 다 사라져  추억도 묻지마 오늘만 남겨  그 아무것도 그 무엇도 없던  처음의 너처럼 백지처럼 지워   시계의 초침에 네 몸을 맡겨  이제 넌 나란 분침을 향해서 돌아봐  나에게 집중해 그리고 명령해  가슴이 시키는대로 Cause I   쏟아져 내려 퍼붓는 비처럼  어둠이 내려 너와 나 사이로  달빛의 영혼이 투명하게 비치도록  널 사로잡아 줄거야 Yes I   시간을 멈춰 우리 둘 뿐이야  마음을 훔쳐 영원한 곳으로  그 누구에게도 느껴보지 못한 사랑  탐하게 만들어 줄께 Take my love   불빛도 꺼버려 너무 눈부셔  천천히 눈을 떠 마음을 열어  단 오직 너만 오직 나만  알아보면 되는거야 더는 필요없어   소음도 잠재워 시끄러워 숨결로  막아줘 멈추게 해줘  그 어떤 것도 그 누구도  우릴 방해할수 없어 시샘할수 없어   행복한 신호가 흐르고 있어  내 맘 머리 끝부터 발 끝까지 채워줘  너라는 감옥에 너라는 운명에  갇혀 갇힌 날 버리고 싶어 Cause I   쏟아져 내려 퍼붓는 비처럼  어둠이 내려 너와 나 사이로  달빛의 영혼이 투명하게 비치도록  널 사로잡아 줄거야 Yes I   시간을 멈춰 우리 둘 뿐이야  마음을 훔쳐 영원한 곳으로  그 누구에게도 느껴보지 못한  사랑 탐하게 만들어 줄께   네 안에 너를 구원해줄께  내가 완벽하게 널 그려줄께  아주 자유로운 곳으로  너를 데려다 줄께   쏟아져 내려 퍼붓는 비처럼  어둠이 내려 너와 나 사이로  달빛의 영혼이 투명하게 비치도록  널 사로잡아 줄거야 Yes I   시간을 멈춰 우리 둘 뿐이야  마음을 훔쳐 영원한 곳으로  그 누구에게도 느껴보지 못한  사랑 탐하게 만들어 줄께   시간을 멈춰 우리 둘 뿐이야  마음을 훔쳐 영원한 곳으로  그 누구에게도 느껴보지 못한  사랑 탐하게 만들어 줄께  Take my love -
2004.11.14~11.20,35,531602,날 울리지마,이정,Look At Me,2004.07.12,Ballad,김창환,내가슴깊은 그곳에 숨겨놓은  그대와의 많은 시간들이 어둠에 묻혀 나를 찾아들면  나는 외로움에 잠못들고  내게 남아 있는 그대 인형처럼  뽀얀 먼지속에 묻어오는 나의 추억속에 이젠 멀어진 그대여   날 울리지마 슬픈 영화속의  주인공은 싫어  날 울리지마 슬픈 노래처럼  기억되긴 싫어  내곁에 맴도는 그대의  모습은 우울한 하루  이젠 그대의 미소 느껴지지않아  그날밤 그날처럼  날 울리지마 슬픈 영화속의  주인공은 싫어 날 울리지마 슬픈 노래처럼  기억되긴 싫어  내곁에 맴도는 그대의 모습은  우울한 하루 이젠 그대의 미소 느껴지지않아  그날밤 그날처럼 -
2004.11.14~11.20,36,601760,좋은아침 (Feat. 박화요비),허니패밀리,Slow Jam,2004.09.24,Rap / Hip-hop,,비록 저 하늘에 새처럼 높이 날순 없어도 언제나 힘겨운 월요일 아침이라도 저마다 자신만의 삶에 목표가 있기에 오늘도 힘차게 하루를 시작하죠 일주일에 피로가 가시지 않은 몸으로 하루를 시작하는 수많은 사람들 버스나 전철에 무거운 몸을 맡긴 채 향기로운 비누 향을 풍기는 사람들 바쁘게 바쁘게 움직이는 이들은 단 하루를 노력해도 그 만큼에 발전이 있기에 오늘도 힘차게 시작하죠 오늘도 행복했다 라고 말하는 하루를 오 정말 좋은 날야 힘든 어제보다 나은 나에 하루를 또 시작하지 오 아름다운 날야 햇살 눈이 부신 오늘 참 좋은 날이 될 것 같아 눈 부신 아침 햇살을 봐 너무 힘들어도 하루하루가 힘겨워도 서로 아껴주며 모두 사랑하는 작은 바램으로 하루를 시작해 짧지만 이렇게 나처럼 이렇게 한 마디 말로 하루를 시작하는 건 어떨까 사랑해 고마워 미안해 잘했어 기도할게 웃어봐 봐 믿음직해 잘 될 거야 말이라도 서로에게 힘이 되죠 정겨운 한마디로 하루를 시작해요 오늘도 단 하루에 일분 일초도 잃지 않는 아주 꽉 찬 하루를 위해 오 정말 좋은 날야 지난 너에 걱정들은 부는 바람에 다 털어버려 오 아름다운 날야 지친 너에 어깰 펴고 더 좋은 날을 만들어봐 눈 부신 아침 햇살을 봐 너무 힘들어도 하루하루가 힘겨워도 서로 아껴주며 모두 사랑하는 작은 바램으로 하루를 시작해 눈 부신 아침 햇살을 봐 너무 힘들어도 하루하루가 힘겨워도 서로 아껴주며 모두 사랑하는 작은 바램으로 하루를 시작해 지금 이 노래를 듣고 있는 사람 모두 목청 높여 모두 날 따라 해봐 허니 하면 패밀리 허니 패밀리 지금 이 노래를 듣고 있는 사람 모두 목청 높여 모두 날 따라 해봐 저 하늘 높이 높이 저 하늘 높이 높이 더 높이 높이 더 높이 높이 높이 높이 높이 높이 높이 높이 저 하늘 높이 높이 저 하늘 높이 높이
2004.11.14~11.20,37,524216,물고기자리,이안,물고기자리,2004.05.06,Ballad,김선민,혹시 그대가 어쩌다가 사랑에 지쳐 어쩌다가 어느 이름모를 낯선 곳에 날 혼자두진 않겠죠 비에 젖어도 꽃은 피고 구름가려도 별은 뜨니 그대에게 애써 묻지않아도 그게 사랑인걸 믿죠 저기 하늘끝에 떠 있는 별처럼 해뜨면 사라지는 그런 나 되기 싫어요 사랑한다면 저 별처럼 항상 거기서 빛을 줘요 그대 눈부신 사랑에 두눈 멀어도 돼 하늘에 박힌 저 별처럼 당신의 아픔으로 묶여 움직일 수가 없지만 난 변하지 않을테니 작은 꽃잎위에 맺힌 이슬처럼 해뜨면 사라지는 그런 나 되기 싫어요 사랑한다면 저 별처럼 항상 거기서 빛을 줘요 그대 눈부신 사랑에 두눈 멀어도 돼 하늘에 박힌 저 별처럼 당신의 아픔으로 묶여 움직일 수가 없지만 난 변하지 않을테니 비에 젖어도 꽃은 피고 구름가려도 별은 뜨니 묻지 않아도 난 알아요 그대 내 사랑인 걸 작은 꽃잎에 이슬처럼 저기 하늘끝 저 별처럼 다시 해뜨면 사라지는 내가 되기 싫어요 변하지 않을테니
2004.11.14~11.20,38,526408,그대여서,김형중,Kim Hyung Joong Vol. 2,2004.05.28,Ballad,김형중,우연히 그댈 보았죠 다른 사람 곁에 그대를 처음엔 난 믿고 싶지 않았죠 그렇게 날 떠나가기 전까지  친구들 내게 물었죠 그대 떠난게 많이 슬프냐고 그때 난 느낄수가 있었죠 그대여서 얼마나 내가 행복했는지  잠시라도 그대 내 곁에 있어 준 시간이 너무나 고마웠을 뿐이죠 단 한번도 그댈 느껴보지 못한 사람들은 내가 얼마나 행복한지 몰라요  참 많이 좋았나봐요 눈을 감으면 그대가 보이죠 가끔 그대보고 싶을 때면 이렇게 눈을 감죠 그대 웃고 있네요  그래요 그렇게 웃어야만 해요 어디에 있든지 누구와 함께든지 혹시라도 그대 내개 보고 싶어 슬퍼질때 눈을 감아요 그곳에 내가 있죠  어떻게 내가 슬플 수 있나요 이렇게 그댈 느끼는데  잠시라도 그대 내곁에 보내준 세상이 너무나 고마웠을뿐이죠 단 한번도 그댈 느껴보지 못한 사람들은 내가 얼마나 행복한지 몰라요
2004.11.14~11.20,39,527014,이야기,팀,Second Breath,2004.01.01,Ballad,,☆잠시동안 얘길 들어줄수 있나요  그럴지도 모르죠 당신의 얘길지도  내가 한 여자를 사랑하고 사랑한 얘기  흔한 농담들처럼 쉽게 잊혀질 테지만   어쩌면 그건 기적같은 일이었죠 그녈 만난건  오래 전 정해진 것처럼 우린 그곳에 있었죠   ☆행복해도 눈물이 나온다는 것을  그때처음 알았죠 다들 그렇겠지만  매일 보고싶어 밤을 새워 전화를 했고  사랑한다는 말을 몇천번도 더 했었죠  처음엔 내게 축복같던 그녀일이  익숙해지고 그렇게 착한 사람과도  다투는 일이 생겼죠  내가 가진 것이 많지 않아서  너무 초라하게 하기 싫어서  더 많이 가지려고 세상에서  애쓰는 동안 그녀는 너무 아팠나봐요   ☆사랑해도 헤어질 수 있다는 것은  그때 처음 알았죠 나를 떠나가던 날  제발 가지말란 한마디도 하지 못하고  사랑한다는 말을 입을 꼭 물고 삼켰죠   어떻게 하죠 세상모든게  그녈 생각나게 하는데  혼자서도 사랑할 수 있다는 것은  이젠 나는 알아요  그녈 생각하면서 정말 인연이면  언젠가는 만난다 했죠  사랑한다는 말은 가슴에 쌓아 둘게요
2004.11.14~11.20,40,534003,너에게로 또다시,서영은,Remake: Romantic 1,2004.08.03,Ballad,박주연,너에게로 또다시 돌아오기 까지가 왜이리 힘들었을까 이제 나는 알았어 내가  죽는날까지 널 떠날수 없다는 걸 그 얼마나 오랜 시간을  짙은 어둠에서 서성거렸나 내마음을 닫아둔채로  헤매이다 흘러간 시간 잊고싶던 모든일들은 때론  잊은듯이 생각됐지만 고개 저어도  떠오르는 건 나를 보던 젖은 그 얼굴 아무런 말없이 떠나버려도  때로는 모진말로 멍들이며 울려도 내 깊은  방황을 변함없이 따뜻한 눈으로 지켜보던 너 너에게로 또다시 돌아오기 까지가 왜이리 힘들었을까 이제 나는 알았어 내가  죽는날까지 널 떠날수 없다는 걸 아무런 말없이 떠나버려도  때로는 모진말로 멍들이며 울려도 내 깊은  방황을 변함없이 따뜻한 눈으로 지켜보던 너 너에게로 또다시 돌아오기 까지가 왜이리 힘들었을까 이제 나는 알았어 내가  죽는날까지 널 떠날수 없다는 걸
2004.11.14~11.20,41,525064,After Love,클래지콰이,Instant Pig,2004.05.14,Electronica,호란,어느날 문득 우연한 날에  눈을 떠 보면 낯설어진 얼굴들  흔한 얘기들 흔한 오해들  그렇게 흘러 가버린 내 기억들  and now I am searching one living chance  너를 위한 나의 잦은 눈물도  그리운 날들에 웃음마저  다시는 없나 After love    무슨 말이든 찾고 싶어도 유치한 몇 마디 밖에는 없어서  오랫동안 난 얼마나 너를 믿으려 애를 썼는지  넌 내 목소리마저 잊어 가겠지  and now I am searching but I can't  지워지려 했던 너의 얼굴도  눈을 감으면 다시 찾아와  나를 부르네 After love  and now I touch me and now you move me  I am dreaming evetnight come on baby  Can't never let you go go go    전하지 못한 내 늦은 후회를  넌 그저 우습게만 듣고 있겠지  오랫동안 난 얼마나 너를 지우려 애를 썼는지  이제는 꿈에서라도 안되겠지  and now I am searching one living chance  너를 위한 나의 잦은 눈물도  그리운 날들에 웃음마저  다시는 없나 After love  and now I am searching but I can't  지워지려 했던 너의 얼굴도  눈을 감으면 다시 찾아와  나를 부르네 After love
2004.11.14~11.20,42,601903,불면증 (Feat. Bobby Kim),다이나믹듀오,Taxi Driver,2004.05.17,Rap / Hip-hop,개코,이번엔 좀 심각한 이야기 man  이야기 할래 왜 잠 못   이룬지에 대해  누구나 느낄 수 있게   노래 한 번 불러 볼래 그렇게 Okey  이른 밤 난 또다시 낡은   기타를 잡아   지친 목소리로 노래를 부르지   아침 해가 날 재워줄 때까지   우 이제는 날고 싶지만 singing   우 자신이 없어   차가운 눈빛도 지친 기대도   내게 점점 멀어져  Is there something wrong   with me   해 뜰때 까지 잠들 수 없어  뜬 눈으로 밤새워 난 노래를 불러  알 수 없어 잠들 수 없어  Tell me what should I do 우 예  해가 뜨고 난 뒤에야 잠을 자  내 우뇌의 상처는 언제쯤 아물까  복잡하게 꼬인 내 머릿속에 고민  몇 잔의 술 덕에 나는  이리도 아픈가  어차피 빈 손으로 왔다  가는 게 인생이라지만  난 여지껏 깡통만 찼다  재난은 꼬리에 꼬리를  물고 따라와  날 벗기고 굶기고 내  앞길을 망치고  또 가난이란 독한 놈을   남기고 가더라  밤잠까지 가지고 가더라  좀 힘들더라 야속하게도  날마다 태양은 제  시각에 뜨더라  시간은 흐른다 울거나 웃거나  아프거나 달거나 쓰거나  난 계속 늙는다 고민 속에 늙는다  언제쯤 내 침대 위엔 단잠의  싹이 움틀까 해 뜰때 까지 잠들 수 없어  뜬 눈으로 밤새워 난 노래를 불러  알 수 없어 잠들 수 없어  Tell me what should I do 우 예  이른 아침에 작업을 마치네  잠들지 못한 채 생각에 잠기네  살기 위해 발버둥치는데  내 통장 속에 잔고는 조금씩  줄어들어  절뚝거리시는 어머니 약봉지는  더 늘어  말라버려 눈물도 난 힘없이  붓을 들어 한 없이  그려 슬픈 표정 짓는 자화상을  사랑에 버려져 길을  잃어버린 나는  서랍 속에 있는 실을  잃어버린 바늘  매일이 가을 왜이리  하늘이 그립지  땅으로 굽어진 고개는 하늘을  바라볼 수 없으니  내 사랑은 한때의 장난인가  난 달콤한 쾌락에 눈먼 장님인가  나는 썩었다 라는 푸념만 남긴 채  순수했던 어릴 적 그때를  내 눈속에 그린다  해 뜰때 까지 잠들 수 없어  뜬 눈으로 밤새워 난 노래를 불러  알 수 없어 잠들 수 없어  Tell me what should I do 우 예  해 뜰때 까지 잠들 수 없어  뜬 눈으로 밤새워 난 노래를 불러  알 수 없어 잠들 수 없어  Tell me what should I do 우 예
2004.11.14~11.20,43,528532,My Prayer (기도),보아(BoA),My Name,2004.06.11,Ballad,,"오늘도 난 잠이 들기 전에  잠시 동안 기도를 해  제발 널 지울 수 있는 지혜를  간절히 바라는 맘으로  이별로 인한 나의 아픈 마음이  다른 사람에게 잘못하지 않도록  상처를 준 그를 용서할 수 있는 마음을 주소서  비록 약하고 욕심 많은 나지만  나를 위해 작은 소리로 말해줘요  (Just let it go) 들려요 이젠  It's alright, It's ok. 잠시뿐인걸  아픔은 사라질꺼야  나의 가슴 무너져도  언젠가는 좋은 추억이 될거라고  너무 외롭고 힘들 때마다 날 위해  위로해준 그들을 축복 해주시고  우릴 갈라놓으려던 그들을 깨닫게 하소서  (Just let it go) 들려요 이젠  It's alright. It's ok. 잠시뿐인걸  아픔은 사라질꺼야  나의 가슴 무너져도  언젠가는 좋은 추억이 될거라고  널 잊기 위해 이렇게 기도를 해  니가 싫어져서가 아니야  이 아픔이 끝나지 않을까봐 그래  (I can let it go)  It's alright 떠나버려도  다른 사람 만난데도  나의 가슴 무너져도  새로운 맘을 주시기를  This is my prayer"
2004.11.14~11.20,44,530237,Remember,유엔,Reunion,2004.06.29,Ballad,최수정,한번쯤은 나를 만나주겠죠 맘에 없이 그냥 해본 소리죠 내 얼굴 보기 싫다고 힘이 든다고 끝내자고 하던 말  한 밤중에 소나기가 내려 술을 마시다 니 생각이 나서 망가지고 다시 버릇처럼 너의 집 앞을 서성이다 후회하며 돌아오는 나인데 you're my everything 못 잊게 그리워질 사랑이 나를 떠나가네요 이별에 아픈 너무나 부족한 나를 제발 용서해 줄래 아무리 잊으려 애를 써도 아무리 지워 버리려 해도  I STILL REMEMBER 사랑하기에 내게 기회를 줘요 나는 정말 못난 남잔 가봐요 한 여자를 바보처럼 보내고 있을 땐 몰랐었는데 받기만 했던 이기적인 게 나래요 사랑이란 질투를 키우고 구속하려고  또 다투게 되고 모진 말로 우린 서로에게 가시가 되어 이제서야 돌아 갈 수 없는 후횔 하는지 you're my everything 못 잊게 그리워질 사랑이 나를 떠나가네요 이별에 아픈 너무나 부족한 나를 제발 용서해 줄래 아무리 잊으려 애를 써도 아무리 지워 버리려해도  I STILL REMEMBER 사랑하기에 내게 기회를 줘요 이렇게 매일 기다리는데 많이 보고 싶은데 오늘도 안 오네요....
2004.11.14~11.20,45,541448,새장을 열다,임재범,공존 (CoexisTence),2004.10.12,Ballad,채정은,어서 멀리 날아가 내가 다신 너를 찾지 못하게 니 가슴 멍들였던 눈 먼 나의 사랑을 이제는 멈춰야 해 집착에 틀을 만들고 구속도 사랑이라고 그 좁은 곳에 너를 가둬두었어 사랑할 줄 몰랐던 그렇게 태어났던 내 영혼을 나도 어찌 못해 어쩌면 너는 어느새 조금씩 내게 길들여진 이유로 알지 못한 걸거야 얼마나 내가 나 쁜지 얼만큼 내가 널 다치게 했는지 다 잊지 말고 기억해 나를 사랑하지마 어설픈 미련 두지마 서둘러 나를 떠나가 모든게 다 편해질테니 그토록 힘들던 끝없이도 아프던 니생에 가장 큰 니 불운은 바로 나이니까  어쩌면 너는 어느새 조금씩 내게 길들여진 이유로 알지 못한 걸거야 얼마나 내가 나 쁜지 얼만큼 내가 널 다치게 했는지 다 잊지 말고 기억해 나를 사랑하지마 어설픈 미련 두지마 서둘러 나를 떠나가 모든게 다 편해질테니 그토록 힘들던 끝없이도 아프던 니 생에 가장 큰 니 불운은 바로 나이니까  가엾은 나의 사람이여 아픔에 찌들어 아픈지도 넌 모르지 이제는 괜찮아 불운은 다 끝나가니까
2004.11.14~11.20,46,531748,순간을 믿어요,언니네이발관,순간을 믿어요,2004.07.12,Rock,이석원,한 마음 둘이 되어 거침없는 슬픔 찾아오네  이제와서 꿈속을 헤메어본들  어디에도 너는 없을거야   I saw your something  너의 달콤했던 말  I saw your something  너의 영원한 미소 그리워  이 순간들을 다시 헤아려보니  그래도 내게 기쁨이 더 많았어   영원한 것은 없다 생각하지는 말아요  우리 기억속에 남은 순간을 믿어요   한 마음 둘이 되어  달콤했던 순간 사라지네  이제와서 꿈속을 헤메어본들  어디에도 너는 없을거야   I saw your something  너의 달콤했던 말  I saw your something  너의 영원한 미소 그리워  이 순간들을 다시 헤아려보니  그래도 내게 기쁨이 더 많은 날이었어   나 항상 너를 뺏길 것 같아  애써 모든 일들을 가리려고만 했지  그 아픈 속을 다시 헤아려보니  그래도 내게 기쁨이었었네   I saw your something  너의 달콤했던 말  I saw your something  너의 비밀의 고백  I saw your something  My peach be alive  이제 모두 영원한 순간이 되려하네  I saw your something
2004.11.14~11.20,47,1944405,Don`t Know Why,SG워너비,Sg Wanna Be+,2004.01.20,Ballad,한성호,나를 만나 지금껏 한 번도  너 사랑한다 말을 안했어  왜 그런지 묻지도 않은채  널 하루 하루 믿고 지내왔는데  니 마음 속에는 나 아닌 누군가  원하고 있던 거였지  아닌척만 하는 너의 거짓말에  지금껏 속아만 지냈던 거야  Don't Know Why 조금 더   솔직해져봐  누구를 사랑하고 있는지  Don't Know Why 나의 눈을   피하지마  더이상 너를 숨기지는마  오 진심으로 다가섰던  내 마음을 배신 손등위로 떨어졌던 네  눈물도 가식 나 이제 다시 사랑이란 이름의 널  믿을 수가 없어 난 두 번 다신 살금 살금 네  눈빛으로 들어가 조심 조심 넌 알아채지 못하게  내 마음이 향해있는 그 자리를  봤어 당혹스런 이 현실을 믿을 수가 없어 truth is like a bullet through  my head 나를 소개시켜준 친구를 너 바라보는 눈빛을 느껴 이상하게 내 친구 대할땐 행복하게 보이는건 왜 일까 너 설마 내 친구를 그럴리가 없어 애써 날  위로해봐도 너의 그 눈빛이 지워지지가 않아 자꾸만 날 혼란 스럽게 할뿐 Don't Know Why 조금 더  솔직해져봐 누구를 사랑하고 있는지 Don't Know Why 나의 눈을  피하지마 더이상 너를 숨기지는마 내 친구를 만나기위해 나를 지금껏 이용한거야 tell me why 어떤말이라도 해봐 거짓된 변명이라도 좋아 tell me why 아무말 없는 니가 더 날 비참하게 만들고 있어
2004.11.14~11.20,48,534746,El Disco Amor,불독맨션,Salon De Musica,2004.08.05,Rock,,태양빛이 부서지는 한낮의 바닷가 저 멀리 어여쁜 저 아가씨 시원한 바람처럼 내게로 다가와 빠라라라빠woo!-  눈부시게 아름다운 한 여름 바닷가 가여운 내게도 그런 사랑이 와 그댄 mi amor 더 바랄게 난 없는데 모두 다 두 팔을 들고 다 같이 춤추자 내- 내손을 잡고 ah 노- 노래 부르자 Por cantar y amar ah ha ah ha  뚜르뜨 뚜르뜨  뚜르뚜르뜨 ah ha ah ha  뚜르뜨 뚜르뜨  뚜르뚜르뜨  Tuyo es el sol senorita 투명한 두 눈으로 날 보는 이 순간 그대와 같이 있다는게 내겐 gran amor 더 바랄게 난 없는데 모두 다 두 팔을 들고 다 같이 춤추자 내- 내손을 잡고 ah 노- 노래 부르자 por cantar y amar Ah ha ah ha  뚜르뜨 뚜르뜨  뚜르뚜르뜨 ah ha ah ha  뚜르뜨 뚜르뜨  뚜르뚜르뜨 Ah ha ah ha  뚜르뜨 뚜르뜨  뚜르뚜르뜨 ah ha ah ha  뚜르뜨 뚜르뜨  뚜르뚜르뜨 oh!  Oh 두 팔을 들고 oh 다 같이 춤추자
2004.11.14~11.20,49,522846,그래도 남자니까,MC몽,180 Degree,2004.04.23,Rap / Hip-hop,,oh-I love you so 너밖에 없어  가진게 없어서 결국 죄가됐어  한동안 참많이 힘들겠지  하지만 어쩌겠어 너뿐인걸    L O V E 생각보다 깊은 내사랑이  왜 이렇게 힘이든지  숨이 막히네 답답함에  혀끝까지 차오르네 눈물마저 마르네    울고 불고 매달려 봤자 헛수고  널다시 찾으려고 다시 또 꾹참고  내 외로운 날들은 한편의 드라마  내아픈의 이야기는 제발 더이상 묻지마   이제 확실히 내맘을 보여줄테니  넌 내게로 가까이 긴말 필요없이  그래도 남자니까 너를 사랑할께  그래도 남자니까 너를 기다릴께   Don't tell me Why 난 버렸어  (세월이 변해도 난 너밖에는 없어) 그런 사랑에 날 던졌어  (가진건 없어도 난 너밖에는 없어) 미치듯 널 사랑했고  (세월이 변해도 난 너밖에는 없어) 내인생 널위해 다 걸었어  (가진건 없어도 난 너밖에는 없어)   널 바라만 보며 사랑만 배울께  그것마저 싫다면 나 역시 널 잊을께  그렇게 남자답게 널 사랑했었네  외롭게 때로는 초라하게 널 사랑했었네 가진건 없고 춥고 배고픈 생활의 연속  하지만 널 가지고 있다는 오- 생각에  내 맘속에 꽃피는 봄날이 가득해 너만을 사랑해   사랑은 커져 결국은 너에게 부담을  상상이 만들어낸 감정의 집착이  결국 너에게 무거운 사랑의 짐이  지속되 이별이란 종착역에 닿게 됐으니-   내속도 모르고 맘도 모르고 사랑을 버릴땐  내속도 모르고 맘도 모르고 가슴이 찢어져  내속도 모르고 맘도 모르고 사랑을 버릴땐  내속도 모르고 맘도 모르고 가슴이 찢어지고   Don't tell me Why 난 버렸어  (세월이 변해도 난 너밖에는 없어) 그런 사랑에 날 던졌어  (가진건 없어도 난 너밖에는 없어) 미치듯 널 사랑했고  (세월이 변해도 난 너밖에는 없어) 내인생 널위해 다 걸었어  (가진건 없어도 난 너밖에는 없어)   Don't tell me Why 사랑이 다  (내 속도 모르고 맘도 모르고 사랑을 버릴때  가슴속에 답답함에 눈물이 흐르고) 마음 하나론 갖지못해  (내 속도 모르고 맘도 모르고 사랑을 버릴때  온통 너의 생각에 잠못이루고 ) 널 모른채 살꺼라고  (내 속도 모르고 맘도 모르고 사랑을 버릴때  내 속도 모르고 맘도 모르고 가슴이 찢어져) 내인생 너에게 다 주었어  (내 속도 모르고 맘도 모르고 사랑을 버릴때  내 속도 모르고 맘도 모르고 가슴이 찢어지고)   Don't tell me Why 난 버렸어  (그래도 남자니까 널 사랑할께) 그깟 사랑에 날 던졌어  (그래도 남자니까 널 기다릴께) 미치듯 널 사랑했고  (그래도 남자니까 널 사랑할께) 내인생 널위해 다 걸었어  (그래도 남자니까 널 기다릴께)   그리워 너의 숨결 향기가  그리워 설레었던 첫느낌  그리워 첫만남의 미소가  그리워 니가 있던 순간이 그리워 너의 숨결 향기가  그리워 설레였던 첫느낌  그리워 첫만남의 미소가  그리워 그리워-
2004.11.14~11.20,50,529850,The Way U Are,동방신기(TVXQ!),The Way U Are (Single),2004.06.23,Dance,태훈,첫눈에 반하기는 힘들어  널 보기전에 믿었었지  생각이 바뀌는건 참 쉬운걸  난 어리석게 혼자였지   애쓴다고 될일은 아닌걸  자연스레 가고 싶어   내 눈물속에 있는 환상안에서만 바라던  니 진심속에 있는 사랑을 피워주게 할래   그 너의생각 너의 관심  니 귀에 달려있던 귀걸이 니 몸무게  너만의 향기 너의 몸짓  모든걸 알고싶어 이런 내게  It's about the way you are   모두가 외로움을 말하지  널 원하던 나를 건너  머리를 비울수가 있다던지  하는건 이제 관심 없어   내눈물 속에 있는 환상안에서만 바라던  네 진심속에 있는 사랑을 피워 주게 할래   그 너의생각 너의 관심  니 귀에 달려있던 귀걸이 니 몸무게  너만의 향기 너의 몸짓  모든걸 알고싶어 이런 내게  It's about the way you are   싫다고는 하지마 니가 느낀 대로야  돌이킬수 없잖아 It's about the way you are  싫다고는 하지마 니가 느낀 대로야  돌이킬수 없잖아 It's about the way you are   그 너의 생각 너의 관심  니 귀에 달려 있던 귀걸이 니 몸무게  너 만의 향기 너의 몸짓 모든 걸 알고 싶어  이런 내게 It's about the way you are   그 너의 생각 너의 관심  니 귀에 달려 있던 귀걸이 니 몸무게  너 만의 향기 너의 몸짓 모든 걸 알고 싶어  이런 내게 It's about the way you are -
