time,rank,song_id,title,singers,album,date,genre,creator,lyric
2002.06.23~06.29,1,191093,No.1,보아(BoA),No. 1,2002.04.01,Dance,,어둠속에 니 얼굴 보다가
2002.06.23~06.29,2,432357,미련한 사랑,JK김동욱,위기의 남자 OST,2002.04.24,Drama,박창학,"넌 아무렇지 않은듯  내일 일을 알 수 없다고 말하지  마치 언제라도 나를 떠나버릴 수 있을 것처럼  농담인줄은 알지만 그럴거라고 믿고 있지만  힘 없이 웃고있는 나는 널 떠나 보낼 자신이 없어  미련한 사랑이지, 답답한 사랑이지  내일은 아직 멀리있는데,  알고 있지만 나는 두려워  느닷없이 다가올 그 어떤 우연이 너를  내가 모르는 아주 먼곳으로 너를 데려갈까봐  너는 내일을 나는 이별을,  지금 함께 있다는 것 마저 잊은채,  헤어날 수 없는 미련한 사랑에,  조금씩 빠져가고 있어 이렇게 이렇게   돌아갈수는 없을까 처음 우리가 만난곳으로  어느새 잃어버린것들 아직 그대로 남아있는 곳  미련한 사랑인지 답답한 사랑인지  어제는 이미 멀리 있는데  알고 있지만, 나는 두려워,  느닷없이 다가올 그 어떤 우연이 너를  내가 모르는 아주 먼곳으로 너를 데려갈까봐  너는 내일을 나는 이별을,  지금 함께 있다는 것 마저 잊은채,  헤어날 수 없는 미련한 사랑에,  조금씩 빠져가고 있어 이렇게, 이렇게  아~함께 있다는 것 마저 잊은채,  헤어날 수 없는 미련한 사랑에,  조금씩 빠져가고 있어"
2002.06.23~06.29,3,313002,Memories... (Smiling Tears),윤미래,Gemini,2002.05.01,Rap / Hip-hop,,if I fall two times I come back on my third 절대로 포기 않지 and that's my word if I fall five times I come harder on my sixth 조금만 더 가면돼 포기 않지 난 아직 if I'm knocked 7 times I come back on my eighth 칠전팔기 내 인생 끝까지 가볼래 now knowledge of self thru the pain in this world 난 절대로 포기 않지 and that's my word all the memories of hate and the lies don't you know eventually we'll pay the price all the hopes and the dreams will survive reunite we got to keep our faith alive 지금 21살의 어린나이로 바깥세계로 시기와 배신 그리고 검은 손길의 유혹 일찍부터 맛본 계기로 나의 어린시절 순수함은 사라지고 또 my hopes and dreams are gone 이곳을 벗어나고 싶은 욕망은 몽우리져 눈물이 되어 흘러 그냥 흘려 집 옥상으로 올라가 소리질러 미친듯이 하지만 메아리는 내게 혼자라는 비정한 말로 돌아와 비수로 날아와 멍하니 밑을 내려다봐 갑자기 날고 싶은 생각이나 자유를 향해 순수를 위해 어지러운 세상을 피해 나의 소중한 시절을 찾아 저 높은 우주에 다시는 뒤를 돌아보지 않아 그냥 끝까지 잃어버린 기억속에 찾아가 또래 친구와 같이 놀고 싶어 오직 바라는것은 넓은 동산에 누워 한가이 하늘을 바라보는것 all the memories of hate and the lies don't you know eventually we'll pay the price all my hopes and dreams they seem so far away I'm a sing a song and pray for better days just stay on mine just stay on mine just stay on mine 끊어진 전기 꽁꽁얼은 내 방구석에 내 베개를 꼭 껴안고 눈물을 흘렸던 내 스무번째 생일날 난 간절히 기도했지 신은 어딨냐고 왜냐고 책임지지 못할 날 왜 이땅에 보냈냐고 가파른 험한 내 인생의 산은 너무도 높고 아무리 올라가도 끝은 보이지 않고 막다른 골목길에 길을 잃은 나의 뒤에 그림자 마저 지쳐 I take a step a slower 모든게 난 지겨워 모두에 미소도 무서워 but let go my pipe dreams that robbed me like a viking 이대로 포기하긴 너무 일러 risin' 이불을 걷어 차고 어루어 만져봐 저 야윈 엄마의 얼굴을 바라봐 저 별들을 무심코 똑딱거리는 초침의 바늘을 거꾸로 돌려 이제 달려나가 저 앞으로 all the memories of hate and the lies don't you know eventually we'll pay the price all the hopes and the dreams will survive reunite we got to keep our faith alive so there you have it ma whole life with all its memories I'm trying figure out how to set all of my pain free sometimes I wish that I could turn the hands of time back so I could rewrite the wrong and put ma life back on the right track 되찾고 싶어 잊어버린 나의 날개 난 할래 끝까지 나의 삶을 찾아갈래 if I'm knocked 7 times I come back on my eighth 칠전팔기 내인생 끝까지 가볼래 life goes on just stay on mine life goes on
2002.06.23~06.29,4,432269,Sea Of Love,플라이투더스카이,Sea Of Love,2002.04.26,R&B / Soul,유영진,"언제나 내 꿈엔 비가 내려  차가운 바람도 불고 있어 널 기다리는 내 삶의 끝  본 것만 같아 어떡해  며칠이 몇 년 같은데  넌 아무렇지 않은지  한번이라도 너를 보여주겠니  For the moon by the sea  네가 떠난 바닷가에  눈물이 마를 때까지 (다 마를 때까지) 사랑한다는 건  오직 기다림뿐이었단 걸(단 걸)  난 왜 몰랐을까 (난 왜 몰랐을까)  이제 난 그만 돌아가려 해  너를 몰랐던 그때 네가 없던 세상 아직은 나에게 내가 전부였던 시절  날 보내 줘  From the bottom of my heart  Girl with you , I'll be true 모두 거짓말인걸 (거짓 말야)  맘은 그렇게 먹지만 (맘은 그렇게 먹지만) 절대 너인걸 어떡해(걸 어떻게)  죽어도 못 잊겠어  For the moon by the sea  네가 떠난 바닷가에  눈물이 마를 때까지 (다 마를 때까지) 사랑한다는 건  오직 기다림뿐이었단 걸(단 걸)  난 왜 몰랐을까  널 잊은 채로 나도 살고싶어  하지만 그게 안 돼 아픔만 더해 갈 뿐 너의 사랑은 끝났지만  나의 사랑은 이제 막 시작했어  From the bottom of my heart  still i'm falling in love 꿈속에라도 네가(꿈속에서)  돌아와 Kiss해줘(나에게 Kiss 한다면) 약속하지 않아도 돼(않아도 돼)  난 매일 기다릴 테니  For the moon by the sea  네가 떠난 바닷가에  눈물이 마를 때까지 (다 마를 때까지) 사랑한다는 건  오직 기다림뿐이었단 걸(단 걸)  난 왜 몰랐을까  가끔 네 눈에 눈물이 고여  흐른다면 그건 내가  눈물이 말라서 네 눈물 빌린 거야  돌아와 제발 내게   (난 왜 몰랐을까)  For the moon by the sea  네가 떠난 바닷가에  눈물이 마를 때까지 (다 마를 때까지) 사랑한다는 건(사랑해)  오직 기다림뿐이었단 걸(기다림뿐이었어) 난 왜 몰랐을까 (왜 몰랐을까) For the moon by the sea  네가 떠난 바닷가에  눈물이 마를 때까지 (다 마를 때까지) 사랑한다는 건  오직 기다림뿐이었단 걸(oh be my love)  난 왜 몰랐을까(ooh~)  내 꿈엔 비가 이젠 그치길...."
2002.06.23~06.29,5,111413,안 되나요.. (부제: 화양연화),휘성(Realslow),Like A Movie,2002.04.03,R&B / Soul,박경진,너무 힘들어요 다른 사람 곁에 그대가 있다는 게 처음 그댈 본 난 휠씬 그전부터 이미 그랬을 텐데 어쩌면 헤어질 지 몰라 힘겨운 기대를 해봐도 단 한번 힘들어 하는 표정 없이 행복해 하는 그대가 싫어요 안되나요 나를 사랑하면 조금 내 마음을 알아주면 안되요 아니면 그 사람 사랑하면서 살아가도 돼요 내 곁에만 있어 준다면 하루는 울고 있는 그대 멀리 서 지켜 본적이 있죠 그렇게 울다 지쳐서 그 사람과 이별하게 되길 기도 하면서 안되나요 그대 이별하면 이제 그 자리에 내가 가면 안되요 아니면 그 사람 사랑하면서 살아가도 돼요 내 곁에만 있어 준다면 힘들 그대 모습 생각해 보면 애써 그대 때문에  아픈 나를 만나지만 우우 사랑 할 수 없는 그대를 보면 너무 아픈 가슴 다 쓰러져만 가는데 안되나요 나를 사랑하면 조금 내 마음을 알아 주면 안되요 아니면 나를 그 사람이라고 생각해도 되요  그대만 내게 있으면 그대만 있어 준다면
2002.06.23~06.29,7,314448,사랑 Two (Acoustic Ver.),YB,Live Is Life,2002.06.27,Rock,이경희,나의 하루를 가만히 닫아주는 너 은은한 달빛따라 너의 모습 사라지고 홀로 남은 골목길에 수줍은 내 마음만  나의 아픔을 가만히 안아 주는 너 눈물 흘린 시간 뒤엔 언제나 네가 있어 상처 받은 내 영혼에 따뜻한 네 손길만  처음엔 그냥 친군줄만 알았어 아무 색깔 없이 언제나 영원하길 또 다시 사랑이라 부르진 않아 아무 아픔 없이 너만은 행복하길  널 만나면 말없이 있어도 또하나의 나처럼 편안했던거야 널 만나면 순수한 내모습에 철없는 아이처럼 잊었던 거야  내겐 너무 소중한너 내겐 너무 행복한너   처음엔 그냥 친군줄만 알았어 아무 색깔 없이 언제나 영원하길 또다시 사랑이라 부르진 않아 아무 아픔 없이 너만은 행복하길  널 만나면 말없이 있어도 또하나의 나처럼 편안했던거야 널 만나면 순수한 내모습에 철없는 아이처럼 잊었던거야  널 만나면 말없이 있어도 또하나의 나처럼 편안했던거야 널 만나면 군수한 내모습에 철없는 아이처럼 잊었던거야  내겐 너무 소중한너 내겐 너무 행복한너
2002.06.23~06.29,8,431287,랄랄라,클론,The Best Hits Of 클론 2002(The History Of 클론 1996-2000),2002.05.23,Dance,김창환,더 이상 움츠리지말고 이제는 모두 일어나  그리고 함께 춤을 추며 신나게 노래를 부르자  두 손을 높이 들고 하늘 향해 흔들어  one two three four 모두 다 함께 singing!    랄랄라 랄랄랄라 랄랄라 랄랄랄라  랄랄라 랄랄랄라 랄랄라 랄랄랄라  랄랄라 랄랄랄라 랄랄라 랄랄랄라  랄랄라 랄랄랄라 랄랄라라    그렇게 망설이지 말고 자리에서 다 일어나  흥겨운 리듬에 맞춰서 신나게 몸을 흔들어봐  때로는 궁금했던 생각 모두다 벗어 던지고  이제는 모두 하나되어 다 함께 부르자 singing!    랄랄라 랄랄랄라 랄랄라 랄랄랄라  랄랄라 랄랄랄라 랄랄라 랄랄랄라  랄랄라 랄랄랄라 랄랄라 랄랄랄라  랄랄라 랄랄랄라 랄랄라라    아무리 힘들고 괴롭더라도 가슴을 활짝 펴봐~  주어진 환경을 탓하지말고 생각을 바꿔봐 고정관념을 버려~    다시 또 시작이야 힘차게 외쳐보자  한마음 한 뜻으로 다 함께 라랄랄라  바쁘게 지내오던 일상에서 벗어나  다 함께 소리 높여 라라랄라~    일어나 다시 시작이야 한번 더 크게 외치자  가슴에 맺힌 사연들은 이 순간 모두 잊고서  음악에 맞춰 모두 두 손을 좌우로 흔들어  one two three four 모두 다 함께 singing!    랄랄라 랄랄랄라 랄랄라 랄랄랄라  랄랄라 랄랄랄라 랄랄라 랄랄랄라  랄랄라 랄랄랄라 랄랄라 랄랄랄라  랄랄라 랄랄랄라 랄랄라라    그렇게 망설이지 말고 자리에서 다 일어나  흥겨운 리듬에 맞춰서 신나게 몸을 흔들어봐  때로는 궁금했던 생각 모두다 벗어 던지고  이제는 모두 하나되어 다 함께 부르자 singing!    랄랄라 랄랄랄라 랄랄라 랄랄랄라  랄랄라 랄랄랄라 랄랄라 랄랄랄라  랄랄라 랄랄랄라 랄랄라 랄랄랄라  랄랄라 랄랄랄라 랄랄라라    아무리 힘들고 괴롭더라도 가슴을 활짝 펴봐~  주어진 환경을 탓하지말고 생각을 바꿔봐 고정관념을 버려~    다시 또 시작이야 힘차게 외쳐보자  한마음 한 뜻으로 다 함께 라랄랄라  바쁘게 지내오던 일상에서 벗어나  다 함께 소리 높여 라라랄라~
2002.06.23~06.29,9,492144,One,박효신,2002 ＂Soccer Festival＂,2002.05.01,Ballad,조은희,이젠 날 바라봐 주겠니  너의 안에 내 모습 아직 어색한 걸 알지만  차마 하지 못했던 많은 말이 느껴져  오랫동안 꿈이 이뤄진 거야   이젠 손잡아 줄수 있니  가깝고도 멀었던 지난 시간들을 잊어줘  힘겨웠던 날 만큼 서로 기대 일어서  더 큰 힘이 되어 줄 수 있겠니   너와 내 맘에 맘에눈부신  미래를 함께 그려봐  너와 내 안에 안에 소중한  사랑을 가득 펼쳐봐   쓰러져 넘어져도 떨쳐낼  용기를 안고 뛰어봐  이 순간 영원토록 기억될  세상 끝 마지막까지  하나되게 할 그날을 위해-   세상을 모두 가질거야  우리 하나 된다면 혼자보다 행복할거야  흘려왔던 눈물이 기쁨이 돼 오는날  더 큰 가슴으로 안아주겠니   다시 쓰러진대도 너를 지키고 있을게  내가 살아가는 이유이니까  너와 내 맘에 맘에 눈부신  미래를 함께 그려봐  너와 내 안에 안에 소중한   사랑을 가득 펼쳐봐  쓰러져 넘어져도 떨쳐낼  용기를 안고 뛰어봐  이 순간 영원토록 기억될  세상 끝 마지막까지  하나되게 할 그날을 위해-
2002.06.23~06.29,10,500969,아리랑 목동,KYT(코요태),필립 4집,2002.03.15,Dance,강사랑,한국- 한국- 한국- 한국- 오--   Bring up the Winner Bring up the Winner 야~ 야~ 야~  꽃바구니 옆에끼고 나물캐는 아가씨야  아주까리 동백꽃이 제 아무리 고아도  동네방네 생각나는 내 사랑만 하오리까  아리아리 동동 아리아리 동동  쓰리쓰리동동 쓰리쓰리동동  아리랑 콧노래를 들려나 주오 Korea korea 붉은 악마 파이팅  korea korea 대한민국 파이팅 오~~~ 하~~~ 야~ 야~ 야~   K O R E A 황금에 월드컵에 향해 V I C T O R Y 승리의 여신은 우리와  축구공을 옆에 끼고 응원하는 아가씨야 더 소리를 높여 정상을 향해  Let's go 꽃바구니 옆에끼고 나물캐는 아가씨야  아주까리 동백꽃이 제 아무리 고아도  동네방네 생각나는 내 사랑만 하오리까  아리아리 동동 아리아리 동동  쓰리쓰리동동 쓰리쓰리동동  아리랑 콧노래를 들려나 주오 아리아리 동동 아리아리 동동  쓰리쓰리동동 쓰리쓰리동동  아리랑 콧노래를 들려나 주오 야~ 야~ 야~  Bring up the Winner
2002.06.23~06.29,11,500797,미워도 다시 한번 (Original Ver.),바이브,Afterglow,2002.02.01,Ballad,"신조,류재현",잘 지내고 있는 거겠죠 좀 처럼 연락이 없네요  요즘 많이 바쁜가봐요  이미 다른 사람 품에 안긴 너인데   나 미워도 다시 한번만  나 싫어도 다시 한번만  내 꿈속에 나타나줘요 이미 돌아올 수 없을만큼 떠난 너인데   I need U baby bye bye bye  가야만하니 why why why  그 모든 말은 lie lie lie  오늘도 눈물 나는게   슬퍼서 bye bye bye  가야만하니 why why why  의외로 참아내기가  힘이들어 돌아와줘  미워도 다시 한번만  어쩌면 많이 변했겠지  어쩔 수가 없겠지  아직도 나를 용서할 수 없겠지  내가 미쳤었나봐 너무 늦었나봐  다시는 너를 볼 수가 없나봐   왜 자꾸만 멀어지는건데  왜 자꾸만 잊혀지는건데  이렇게 너무 쉽게 헤어졌 다는게  믿을 수 없어 견딜 수가 없어  비오는 명동을 걸었죠  그대 생각이 많이 나네요  이런 생각하면 바보 같지만  저기 먼곳에서 그대 다시 올 것만 같아   I need U baby bye bye bye  가야만 하니 why why why  그 모든 말은 lie lie lie  오늘도 눈물 나는게   슬퍼서 bye bye bye  가야만 하니 why why why  의외로 참아 내기가  힘이 들어 돌아와줘  미워도 다시 한번만   하지만 그댈 잊어야만 하는 나 우-  I miss U baby bye bye bye  영원히 그대 bye bye bye  가야만 하니 why why why  그 모든 말은 lie lie lie   i miss U baby girl  너무 많이 보고 싶어요  오 제발 이런 나를 용서해줘요  미워도 다시 한번만 -
2002.06.23~06.29,12,434506,Promise,Be,로망스 OST,2002.07.01,Drama,이희승,loving you 사랑해  한순간도 잊지마  내가 사랑한 사람  오직 하나 너니까  loving you loving you  아무 걱정 하지마  더 큰 슬픔이 찾아와도  널 지킬 사람 나니까  나른한 오후와 닮은 어젤 살았어  널 만나기전 그게 나였어 허~  후회만 남아있지만 끝은 아니야  잠 들어있던 나를 깨워 일어설꺼야  모든걸 다 잃어도 두렵지 않아  늘 나와 함께해준 너 있으니 허~  loving you loving you  겨우 시작일뿐야  이제 보여줄꺼야  하나하나 조금씩  loving you loving you  너를 위해 살겠어  너와 만드는 내 삶을 난 후회 않도록  loving you   아직은 서툴겠지만 나를 믿어줘  이대로 그냥 무너져갈 난 아니니까  더 힘든 길 나 가도 멈추지 않아  늘 나를 기다려준 너 있으니 허~  loving you 사랑해  한순간도 잊지마  내가 사랑한 사람  오직 하나 너니까  loving you loving you  아무 걱정 하지마  더 큰 슬픔이 찾아와도  널 지킬거야  loving you loving you  너를 위해 살겠어  너와 나누는 내 삶을 난 후회 않도록  loving you
2002.06.23~06.29,13,489210,Last Scene,롤러코스터,Absolute,2002.03.22,Rock,조원선,나는 아무 말도 못했다  그 자리에 그냥 서있다  니가 하는 말이 무슨 뜻 인지를  한참 후에서야 알았다 그래 모든 것은 변했다  변하지 않는 건 없었다 내가 있는 곳에 너는 없다는 걸  한참 후에서야 알았다 다행히도 시간은 흐르고  아무렇지않게 너의  이름을 말하고 이제는 다 지난 얘기라고  큰 소리로 웃어보기도 하고 나 답지도 않은 말을 하고  사람들은 내가 변했다고 해 그래 모든 것은 변했다  변하지 않는 건 없었다 내가 있는 곳에 너는 없다는 걸  한참 후에서야 알았다 다행히도 시간은 흐르고  아무렇지않게 너의  이름을 말하고 이제는 다 지난 얘기라고  큰 소리로 웃어보기도 하고 나 답지도 않은 말을 하고  사람들은 내가 변했다고 그러다 어떤 날은 화가 나고  큰 소리로 울어 보기도 하고 넌 더 힘들꺼라 상상해도  아무것도 달라지는 건 없어 이제는 다 지난 얘기라고  큰 소리로 웃어보기도 하고 나 답지도 않은 말을 하고  사람들은 내가 변했다고 그러다 어떤 날은 화가 나고  큰 소리로 울어 보기도 하고 넌 더 힘들꺼라 상상해도  아무것도 달라지는 건 없어
2002.06.23~06.29,14,425453,우연,베이비복스1기,Baby V.O.X Special Album,2002.04.23,Dance,김창환,발라발라 보니꼬라 발라발라 보니따  발라발라 무에빼라 치카 발라보니따  발라발라 보니꼬라 발라발라 보니따  발라발라 무에빼라 치카 발라보니따    우연이라하기엔 너무나 심각했지  (우린 서로가 서롤모른척해야만했어)  변해 버린 모습과(oh~) 서로다른 연인과  (같은 영활보러갔다 우린 마주쳤었지)  너와 눈이 마주치던 그순간  나는 태연한척 하려 애를썼지만  당황하는 너의 표정들을 바라보면서  나도 그만 멈칫하며 당황했던거야  넌 나를 피했었고 나도 너를 외면했었지만  니 옆에 있는 연인의 얼굴이 궁금했어  나는 뒤를 돌아봤고 너도 나를 보고 있었지  우린 서로 말 없이 서로 의식하고 있었지  시간은 벌써 2년이나 다 지나갔고  그땐 우린 얼마나 많은 방황을 했었나  영원히 널 못볼꺼라 믿었었는데  우연은 또 너를 내곁에 데려다 놓았어  다정한 서로의 연인을 보며  너와난 말없는 질툴 느꼈을꺼야  눈인사도 나누지 못한채 뒤돌아서며  서로에 행복을 비는 우울한 날일꺼야~  발라발라 보니꼬라 발라발라 보니따  발라발라 무에빼라 치카 발라보니따  발라발라 보니꼬라 발라발라 보니따  발라발라 무에빼라 치카 발라 보니따    우연이라 하기엔 너무나 우스웠어  (건널 목을 건너며 다시 마주쳐 버린거야)  나는 너를 보았고 너는 고갤돌렸었지  (그렇게 우린 스치며 서로 외면했었지 )  너와 눈이 마주치던 그 순간  나는 태연한척하려 애를썼지만  당황하는 너의 표정들을 바라보면서  나도 그만 멈칫하여 당황했던거야  신호등은 짧았었고 내가 너를 돌아봤을때  (길건너에서 너는 날 바라보고 있었어)  그때마침 버스가 우릴 가로질러 갔었고  (내 연인은 날 보며 너 왜그러냐고 했지)  시간은 벌써 2년이나 지나갔고  그땐 우린 얼마나 많은 방황을 했었나  영원히 널 못볼꺼라 믿었었는데  우연은 또 너를 내곁에 데려다 놓았어  다정한 서로의 연인을 보며  너와 난 말없는 질툴 느꼈을꺼야  눈인사도 나누지 못한채 뒤돌아서며  서로의 행복을 비는 우울한 날일꺼야
2002.06.23~06.29,15,489252,대화가 필요해,더자두,Change Yourself,2002.04.02,Ballad,최준영,또 왜 그러는데 뭐가 못 마땅한데  할 말 있으면 터 놓고 말해봐   너 많이 변했어 내가 뭘 어쨌는데  첨엔 안 그랬는데 첨에 어땠었는데  요샌 내가 하는 말투랑  화장과 머리 옷 입는 것까지  다 짜증나나봐 그건 니 생각이야   우리서로 사랑한지도 어느덧 10개월  매일 보는 얼굴 싫증도 나겠지  나도 너처럼 나 좋다는 사람 많이 줄 섰어  간다는 사람 잡지 않아 어디한번 잘해봐  근데 그놈의 정이 뭔지 내 뜻대로 안 돼  맘은 끝인데 몸이 따르지 않아  아마 이런게 사랑인가봐 널 사랑하나봐  지금부터 내 말 들어봐   넌 집착이 심해 그건 집착이 아냐  나를 너무너무 구속해 그럼 너도 나를 구속해  우리 결혼한 사이도 아닌데  마치 와이프처럼 모든걸 간섭해   너의 관심 끌고 싶어서  내 정든 긴 머리 짧게 치고서 웨이브 줬더니  한심스러운 너의 목소리 나이 들어 보여  난 너의 긴 머리 때문에 너를 좋아했는데  니가 너무 보고 싶어서 전화를 걸어  날 사랑하냐고 물어봤더니  귀찮은 듯한 너의 목소리 나 지금 바빠  듣고 보니 내가 너무 미안해   대화가 필요해 이럴 바엔 우리 헤어져  내가 너를 너무 몰랐어 그런 말로 넘어가지마  항상 내 곁에 있어서  너의 소중함과 고마움까지도 다 잊고 살았어   대화가 필요해 우린 대화가 부족해  서로 사랑하면서도  사소한 오해 맘에 없는 말들로 서로 힘들게 해  너를 너무 사랑해 대화가 필요해
2002.06.23~06.29,16,431614,나쁜 남자,비,N001,2002.05.13,Dance,박진영,야 어떻게 이럴수가 있어 어 어떻게 이럴수가 있냐고 어떻게 어떻게 날 이렇게 속일수 있어 어 야 말해봐 나는 그댈 가질 수 없는 형편없는 남자기에 너는 넘봐선 안되는 아름다운 여자이기에 단념해야 깨끗이 잊어 버려야 하는데 왜 그렇게 하지를 못하고 나를 좋아하게 만들고 나서야 이렇게 후회 하는지 난 너에게 좋은 남자가 아냐 너에게 어울리는 사람이 아냐 난 니가 아는 그런 사람이 아냐 난 나쁜 남자야 난 나쁜 남자야 다른 많은 사람들 눈에는 아주 보잘 것 없는 나지만 너만은 나를 너 하나만큼은 나를 사랑하게 하고 싶었어 하루 하루 너의 마음을 네게 줄 수록 난 난 괴로움에 지쳤고 너와 마주 보고 있으면 난 자꾸 나쁜 남자라 남자라 말하고 싶어 난 너에게 좋은 남자가 아냐 너에게 어울리는 사람이 아냐 난 니가 아는 그런 사람이 아냐 난 나쁜 남자야 난 나쁜 남자야 미안해 처음부터 이럴 생각은  아니었어 니가 날 정말 좋아하게 될 줄은  몰랐어 그냥 조금 만나다 말려 그랬어 정말이었어 너를 아프게 할 생각은  없었어 미안해 미안하다는 말 아무 소용도 없겠지만 미안하다는 말 밖에 할 말이 없어 하지만 하지만 널 진짜 사랑했어 난 너에게 좋은 남자가 아냐 너에게 어울리는 사람이 아냐 난 니가 아는 그런 사람이 아냐 난 나쁜 남자야 난 나쁜 남자야 난 너에게 좋은 남자가 아냐 너에게 어울리는 사람이 아냐 난 니가 아는 그런 사람이 아냐 난 나쁜 남자야 난 나쁜 남자야
2002.06.23~06.29,17,317742,이별후애 (愛),린애,이별후愛 (Repackage),2002.01.23,Ballad,,언제쯤이면 괜찮을까 잊으려는 마음 마져도 잊을까 니가 없다는 것 조차 지우고 나면 편안해 질까 이별이란건 참 우스워 거울속에 내게 거짓을 얘기해 더는 그립지 않다고 말하고 나면 눈물이 흘러 어디 있는지 무얼 하는지 아직 난 하루종일 널 찾고 있는데 사랑했던 기억 그것만으로 남은 날들이 너무 서글픈데 눈을 뜨는게 두려워 거짓 쓰는 웃음으로 날 속여도 세상 모든것 속에는 니가 숨쉬고 다시 널 그려 어디 있는지 무얼 하는지 아직 난 하루종일 널 찾고 있는데 헤어졌다는것 그것 마져도 잊어버리면 웃을수 있을까 보고 싶은데 그것뿐인데 꿈에도 소원은 늘 너 하나뿐인데 사랑했던 날들 정말 너에게 쉽게 잊혀질 추억일뿐인지
2002.06.23~06.29,18,313014,너의 마음을 내게 준다면,조관우,My Memories 2,2002.05.30,Ballad,최연제,홀로이 서있는 그대는 그저 눈물만 보이고 있네요 왠지 난 슬퍼져요 워우워우워 이제 난 견딜수 없어요 그대도 누군갈 원하잖아요 내마음 느끼나요. 내게 전해줘 그대에 사랑을 마음속깊이 느낄 수 있도록 홀로 견딜수만 없는 그대 마음을 난 알고 있어요. 내게 말해줘 날 사랑한다고 돌아서면 난 없을지도 몰라~ 이제 더이상 나 기다릴 수 없어요.  이제 난 견딜 수 없어요 그대도 누군갈 원하잖아요 이마음 느끼나요 *내게 전해줘 그대 사랑을 마음속 깊이 느낄 수 있도록 홀로 견딜수만 없는 그대 마음을 난 알고 있어요 내게 말해줘 날 사랑한다고 돌아서면 난 없을지도 몰라 이제 더이상 난 기다릴 수 없어요.*  이세상 끝까지라도가리 그대가 있다면 아직은 힘겹지만 이마음만은 변함없으리  *반복  이제 더이상 난 기다릴 수 없어요.
2002.06.23~06.29,19,992575,"Bravo, My Life!",봄여름가을겨울,Bravo My Life,2002,Rock,김종진,해저믄 어느오후 집으로 향한 걸음뒤엔 서툴게 살아왔던 후회로 가득한 지난날 그리좋진 않지만 그리 나쁜건만도 아녔어 석양도 없는 저녁 내일 하루도 흐리겠지 힘든일도 있지 드넓은 세상 살다보면 하지만 앞으로 나가 내가 가는곳이 길이다 Bravo Bravo My Life 나의 인생아 지금껏 달려온 너의 용기를 위해 Bravo Bravo My Life 나의 인생아 찬란한 우리의 미래를 위해  내일은 더 낫겠지 그런작은 희망하나로 사랑할수 있다면 힘든 1년도 버틸꺼야 일어나 앞으로 나가 니가 가는곳이 길이다 Bravo Bravo My Life 나의 인생아 지금껏 살아온 너의 용기를 위해 Bravo Bravo My Life 나의 인생아 찬란한 우리의 미래를 위해 고개들어 하늘을 봐 창문을 가르는 새들 너의 어깨에 잠자고 있는 아름다운 날개를 펼쳐라 Bravo Bravo My Life 나의 인생아 지금껏 달려온 너의 용기를 위해 Bravo Bravo My Life 나의 인생아 찬란한 우리의 미래를 위해 Bravo Bravo My Life 나의 인생아 지금껏 달려온 너의 용기를 위해 Bravo Bravo My Life 나의 인생아 찬란한 우리의 미래를 위해 나의 인생아 지금껏 달려온 너의 용기를 위해 Bravo Bravo My Life 나의 인생아 찬란한 우리의 미래를 위해
2002.06.23~06.29,20,503477,마지막 사랑,김정민,The Greatest Love Song 2002,2002.02.27,Ballad,조은희,눈을 감고 바라봐 니 가슴속에 느껴봐  니 앞에 지금 서있는 내가 널 얼마나 원하는지 워~  천번을 더 말해도 채울 수 없는 사랑을  내안에 품을 수 있게 이대로 영원히  아낌없이 다 주고 싶은 맘 내게는  두번 다시 허락되지 않을지 몰라  제발 기다리게는 하지마 나 눈뜨는 순간  널 솔직하게 다 보여주면 돼  내게 미안해마 지난 너의 사랑조차  그저 난 솔직하게 고마울뿐야 워~  살아있는 동안만 약속해 함께한다고  너에게 마지막 사랑 끝까지 나 하나뿐이라고 워~  세상 어디있어도 이젠 널 찾을 수 있어  나만이 느낄 수 있는 너의 그 향기로    이젠 알겠어 하늘이 정한 운명이 있다는걸  그게 바로 나의 너란걸 나의 전부를 걸어도 좋아  넌 이미 또다른 나라는 것만 믿어주면 돼  내게 미안해마 지난 너의 사랑조차  그저 난 솔직하게 고마울뿐야 워~  날 만나기 위해 너는 그렇게 이별해야했고  널 사랑하기 위해 힘들게 나를 지켜온거야  살아있는 동안만 약속해 함께한다고  너에게 마지막 사랑 끝까지 나 하나뿐이라고 워~  세상 어디있어도 이젠 널 찾을 수 있어  나만이 느낄 수 있는 너의 그 향기로
2002.06.23~06.29,21,517706,Loving You,신승훈,The Shin Seung Hun,2002.01.14,Ballad,양재선,눈을 뜨면 하루만큼 커진 사랑에 그대 나에게 준 행복한 아침을 시작해 오늘따라 눈이 부신 햇살 탓인지 세상 모든 것이 어제와 다르게 느껴져 혼자가 더 편하다고 생각했던 나인데 이젠 그대없는 나의 모습들은 생각하기 조차 싫은걸 감사할께 그대 있는 여기 이 세상에 태어나 수많은 사람들 중에서 그대 나의 사랑 되준걸 기억할께 그대 처음 내게 다가오던 그날이 나에겐 너무나 눈부신 또다른 세상의 시작이란걸  혼자가 더 편하다고 생각했던 나인데 이젠 그대없는 나의 모습들은 생각하기 조차 싫은걸 감사할께 그대 있는 여기 이 세상에 태어나 수많은 사람들 중에서 그대 나의 사랑 되준걸 기억할께 그대 처음 내게 다가오던 그날이 나에겐 너무나 눈부신 또다른 세상의 시작이란걸 알고 있니 어린 시절 그림 조각들처럼 너의 곁에 이미 나의 자린 정해져 있었다는 걸 감사할께 그대 있는 여기 이 세상에 태어나 수많은 사람들 중에서 그대 나의 사랑 되준걸 기억할께 그대 처음 내게 다가오던 그날이 나에겐 너무나 눈부신 또다른 세상의 시작이란걸 항상 오늘처럼 내가 너의 곁을 지킬게
2002.06.23~06.29,22,502946,Rain,박혜경,Feel Me,2002.02.20,Rock,이재학,늘 함께 했던 카페에 앉아  누구가를 기다리듯이 혼자서 차를 마시고 널 바라보던 그 자리에서  물끄러미 창밖을 보다 비 내리는 거릴 나섰지 차가운 빗속을 바쁜 듯 움직이는 사람들 속에 어느새 뜨거운 내 눈물이 내 뺨위로 흐르는 빗물에 눈물 감추며 한참동안 이렇게 온몸을 흠뻑 적신채 저 퍼붓는 빗속을 하염없이 울며 서 있어 쏟아지는 빗속에 끝없이 눈물 흘리며  이젠 안녕  늘 잠 못들어 뒤척이다가  비 내리는 소리에 끌려 난 그대로 집을 나섰지 차가운 빗속을 바쁜 듯 움직이는 사람들 속에 어느새 뜨거운 내 눈물이 내 뺨위로 흐르는 빗물에 눈물 감추며 한참동안 이렇게 온몸을 흠뻑 적신채 저 퍼붓는 빗속을 하염없이 울며 서 있어 쏟아지는 빗속에 끝없이 눈물 흘리며  이젠 안녕  내 뺨위로 흐르는 빗물에 눈물 감추며 한참동안 이렇게 온몸을 흠뻑 적신채 저 퍼붓는 비를 맞으며  하염없이 울며 서 있어 아름다운 기억도  모두다 난 난 난 눈물로 널 지워버릴께  이제는 나 지워버릴께 쏟아지는 빗속에  끝없이 눈물 흘리며 이젠 안녕
2002.06.23~06.29,23,104110,Season In The Sun,정재욱,A Simple Story,2001.11.20,Ballad,,Stop The Season In The Sun 이대로 멈춰버리길 바래 너의 마음과 너의 사랑과 너의 눈길도  Stop The Season You`re My Dream 모든게 꿈이 아니길 바래 내 품안에 안겨온 숨결까지 쏟아지는 햇살과 상큼한 니 미소 조금씩 젖어드는 너의 눈 부서지는 파도소리처럼 온종일 속삭이는 음성 어떤 노래보다 지금의 나보다 행복할 순 없을꺼야 Stop The Season In The Sun 더 깊이 내게 안겨 와 줄래 지금 이 순간 좀더 가까이 느끼고 싶어 Stop The Season You`re My Dream  어제는 없었던 걸로 해줘 중요한 건 너와의 오늘뿐야  모래처럼 반짝이는 너의 긴 머릿결 바람타고 스쳐가는 너 만의 멋진 그 향기 동화에서 나온 그녀처럼 꿈 깨면 사라질 것 같아 사랑을 말해도 널 품에 안아도 자꾸만 널 보고 싶어 Stop The Season In The Sun 이대로 멈춰버리길 바래 너의 마음과 너의 사랑과 너의 눈길도  Stop The Season You`re My Dream 모든게 꿈이 아니길 바래 내 품안에 안겨온 숨결까지 Stop The Season In The Sun 더 깊이 내게 안겨 와 줄래 지금 이 순간 좀더 가까이 느끼고 싶어 Stop The Season You`re My Dream  어제는 없었던 걸로 해줘 중요한 건 너와의 오늘뿐야
2002.06.23~06.29,24,482406,Secret,제이워크,Suddenly,2002.03.22,Ballad,안성일,언제부터 였을까 내가 자꾸 너의 모습이 더욱 나의 시간 속에서 사라지지 않는걸 문득 생각해 보면 내가 겁이 났었던건지 너를 아주 오래 전부터 원했었는지 몰라 아주 조금씩 조금씩 스며든 너를 이렇게 간절히 바라게 된걸 언제까지 숨길 수 없는 내 맘 알고 있나요 서로 말할 수 없었던 지난 시간이 이제는 더 이상 없는걸 알죠 고백할 그 날만 기다린 나를 받아 줬으면 너만 생각하면 난 가슴이 두근두근 내 마음속이 떨려와서 두근두근 설레이는 이 기분 좋은걸 너무나도 행복한걸 난 그 누구와 달라 자신 있어 너만 영원토록 사랑할게 아주 멋진 곳에서 내 맘 보여주고 싶은걸 아니 생각만으로 나는 너무 가슴 벅찬걸 이젠 더 이상 숨길 수 없는 내 맘을 너 또한 조금은 눈치 챘는지 사실은 나 조금 걱정이 앞서 자신 없는걸 분명 이런 내 마음을 알고 있겠지 너 역시 니 맘을 숨기고 있어 이렇게 가슴만 졸이는 내가 싫을 뿐이야 조금은 슬픈걸 나를 받아들일 자신이 없니 그런 니 맘이 아니라면 내 마음 받아주겠어 아주 조금씩 조금씩 스며든 너를 이렇게 간절히 바라게 된걸 언제까지 숨길 수 없는 내 맘 알고 있나요 서로 말할 수 없었던 지난 시간이 이제는 더 이상 없는걸 알죠 고백할 그 날만 기다린 나를 받아 줬으면
2002.06.23~06.29,25,159881,떠나가라,Q.O.Q,Like A Movie,2002.03.26,Dance,,"가라 가라 가라 가라 멀리 떠나가라! 사랑해서 떠난다고 웃기지마라! 봐라 날 너없이도 잘살아 갈날! 가라 가라 떠나가라 멀리 날아가라! 떠나려면 다 떠나가라  내 슬픔 상관말고 떠나가라  너 행복하다면 나는 좋아 oh 떠나가라 떠나가라 떠나가라 봄에 우리가 만났던가  여름에는 우리 놀러 갔었던가  가을 겨울에는 헤어져 oh 슬펐던가 슬펐던가 슬펐던가 아니 나 이렇게 그대를 그리워 할것을  이별에 슬픈 내 모습을 보게 될것을  저기 새로운 사람 나를 오라하여도  그대생각 사랑 생각 떠올라! 사랑하면 뒤돌아 깬 날 생각나  내게 안긴 그대 얼굴 떠올라 울잖아 널 사랑하고 좋아했어 지금도 그대생각 사랑 생각 떠올라! 나도 간다 다 필요없다 내게서 최대한 멀리떨어진다  니가 떠나간 반대편으로 내가 oh 떠나간다. 잘있어라 행복해라 Show me love!  이젠 이런 말 조차도 다신 할수가 없어! 날 버리고 떠난너! 난 또 바보가 됐고,  나 혼자 아무말 못하고 슬퍼 울고 또 울고, 내 맘 한구석에서는 널 찾지 않겠다고,  크게 외쳐봐도 이를 꽉 물어봐도  너무도 너무도 보고싶어 분통터져,  한맺혀! 널 괜히 보냈는가 싶어! 니가 날 떠났듯이 나 또한 역시 아무런 미련없이  내 마음속에서 널떠나보내 지워버려 그리고는 너에대한 나의 마지막 배려로  보내는 이 한마디 잘있어! 행복해라! 부디 어디 한번 두고보자며 아무렇디도 않은듯  되돌아 서기만 하지만 막상 되돌아서고 나니 너무도 슬퍼지는게 사실이고  아마 너도 그럴테고  도대체 너나 나나 왜 이래야 하나 아니 나 이렇게 그대를 그리워 할것을  이별에 슬픈 내 모습을 보게 될 것을  저기 새로운 사람 나를 오라 하여도  그대 생각 사랑 생각 떠올라  사랑이란 건 이런 것  다 떠나가고 다시오고 떠나가고 이별이란 건 이런 것 새로운 만남을 예고하고 또 헤어지고 사랑이란 건 이런 것  다 떠나가고 다시오고 또 떠나가고"
2002.06.23~06.29,26,431368,Summer Vacation,SMTOWN,Summer Vacation In Smtown.Com,2002.06.12,Dance,이상백,"Hey, baby! My name is Jun-Jin.  Do you konw summer? I know summer baby Let''s get together! Ye! Oh! Summer dance! A yo! Baby! What are you doing tonight?  Do you wanna dance with me? 1 2 3 4 Summer dance! Right Wow. Come on everybody move it dance All right. We make a summer dance! Ah! Ah!  Come on! tic tic tic make a dance! 언제나 돌아오는 신나는 여름이야  하지만 왠지뭔가 허전해 모두다 바닷가로 하지만 재미없지  똑같은 레파토리 허다해  시원하 옷차림에 음악을 틀어놓고  Go!Go!흥겨운 리듬에 춤을 추며  이 더위를 뿌셔뿌셔 우리모두 바닷가로 비키니반바지 제멋대로  Everybody rock ya shades, it''s summer time uh let''s dance 푸른파도 하얀모래위 불타는 태양아래  당신에 모든걸 맡겨요 town town SMTOWN AH HOO~ Everybody! Come on summer dance! All right go! 함께가는거야 바다로 We make a summer dance! Here we go! 하고싶은데로 우리함께 춤춰봐 Come on summer dance! All right go! 모두모여 하나가되고 We make a summer dance! Here we go! 마지막 여름을 신나게 즐겨봐! 자 자 갑시다 가요 머리 꽁 손꽁 발 꽁꽁  꽉 묶여 있던 생각들 다 집어던지고 바다로  Let''s go 그래 오늘 이 자리에 내가 왔지  What''s up 우린 BlackBeat  내 멋대로 놀 줄 아는 친구들이 있지  거침없이 달려나가 후회없이 Wow 여름이 가기전에 사랑이 가기전에  모두다 해변으로 떠나요 가끔은 혼자되어 때로는 함께 모여  신나게 달려가요 바다로 일상에서 쌓인 고민들 모두지워 버리고  당신에 여름을 즐겨요 Dance! Dance! Summer dance Ah! Hoo~  Everybody! Come on summer dance!  All right go! 함께가는거야 바다로 We make a summer dance! Here we go! 하고싶은데로 우리함께 춤춰봐 Come on summer dance! All right go! 모두모여 하나가되고 We make a summer dance! Here we go! 마지막 여름을 신나게 즐겨봐! Make it 1 신화 Make it 2 Hello Make it 3 S.E.S. All right go summer dance M.I.L.K. Ha! Ha!  강타 Hu!Hu!  다나 BlackBeat Hey! Hey!  All right go! summer dance 언제까지나~ 후우~~ 행복할수있도록~~~My love~ Ha~ Come on summer dance! All right go!  함께가는거야 바다로  We make a summer dance! Here we go!  하고싶은데로 우린함께 춤춰봐  Come on summer dance! All right go!  모두모여 하나가되고  We make a summer dance! Here we go!  마지막 여름을 신나게 즐겨봐! Feelin'' good I can move on I been around for the week  for the more blow Asta Ia Vista love for the beach,  penetentry to please the freak so I be  자 놀러가자 man makin'' it more  밤새도록 놀다가자  man know what i mean 우리만에 노는 방식 but I think it''s plain to see 재미나게"
2002.06.23~06.29,27,75233,비(悲)의 Rhapsody,최재훈,Believe In 5462,2000.03.09,Rock,"이세준,주영훈",이젠 눈물 그쳐 나를 봐요  우는 그대 더 아름다워  내게 이 모습 조차 더 남지 않도록  그냥 고개 돌려요  그저 미안한 마음뿐이죠  그댈 위해 해줄게 없어  모두 이해할게요 그댈 아끼는 맘  그분들도 같을 거란걸  한참 동안을 비틀거렸죠 워  그댈 사랑했던 그만큼 워  떠나가요 아주 먼곳으로  그대 소식 내게 올수 없을  그 만큼  다 잊어요 내겐 마지막이  될 사람도 모두 다 버려두고 갈게요  나를 위해 많이 애썼단걸  알고있죠 난 감사해요  허나 이룰수 없는건 어쩔수 없죠  내가 용기낼게요 이젠  죽는 날까지 사랑한대도 워  가질수 없는 그대인걸 워  떠나가요 아주 먼곳으로  그대 소식 내게 올수 없을  그 만큼  다 잊어요 내겐 마지막이  될 사람도 모두 다 버려두고 갈게요  떠나가요 아주 먼곳으로  그대소식 내게 올수 없을  그 만큼  혹시라도 내가 그리울 때면  세상에 내가 없다고 믿어요  우 그렇게 우 믿어요
2002.06.23~06.29,28,448502,마지막 약속,포지션,The Romanticist,2002.03.29,Ballad,양재선,조금 더 천천히 걷기를 바랬어  너의 발걸음을 맞추며  왜 오늘따라 늘 오고가던 길이  유난히도 가까운지  이길의 모퉁이를 지나고나면  우린 헤어져야 하겠지  왜 오늘따라 밤 하늘위에 별이  유난히도 빛나는지  보내는 날 차갑게 돌아서  내앞에 널 또 잡을지 몰라  몇번씩이나 날 떠나라고 밀어냈지만  내맘은 항상 너를 붙잡았지  보내줄게 눈물만 남은 사랑  여기에서 끝낼수 있도록 널보내줄게  괜찮아 사랑한 기억모두 지난 약속 모두를  잊어도 괜찮아 내가 기억할테니...  널 보낸 그자리에 그대로였어  니가 다시 올 것 같아서  왜 오늘따라 늘 바라보던 창이  유난히도 높은건지  다시는 널 보이진 말아줘  이렇게 널 또 보낼순 없어  몇번씩이나 날 떠나라고 밀어냈지만  내맘은 항상 너를 붙잡았지  보내줄게 눈물만 남은 사랑  여기에서 끝낼수 있도록 널보내줄게 괜찮아 사랑한 기억모두 지난 약속 모두를  잊어도 괜찮아 영원히 내가 기억할테니 괜찮아 기다리는 내모습 남겨진 내 눈물을  잊을수 있도록 이제 행복해야되...
2002.06.23~06.29,29,609419,사랑하나요!?,이승환,7집 Egg,2001.12.01,Rock,"이승환,이지은",언제부터 사랑이었는지  알아채는 요령없나요  그 어떤 맘이 변해서 사랑하게 되는지  나만 훔쳐보고 싶은데   사랑하면 달라진다는데  알아채는 요령없나요  그 어떤 말을 숨기고 애태우게 하는지  그만 내게 가르쳐줘요   매일 단장하는 그대의 부지런함  나완 무관한가요 그런가요  몰라보게 착해진 마음씨에 다들 놀라요  사랑하나요   나도 그댈 사랑해  그대보다 더 오래오래  평생 웃게 해줄게  우리 둘이서 같이 산다면   그 어떤 맘이 변해서 사랑하게 되는지  그만 내게 가르쳐줘요  괜히 토라지는듯 어설픈 연기가  내겐 묘한 즐거움 귀여워요  아무 상관없는 걸 맞춰보는 건  아마도 사랑하나요   나도 그댈 사랑해  그대보다 더 오래오래  평생 웃게 해줄게  우리 둘이서 같이 산다면  나도 그댈 사랑해  그대보다 더 많이많이 평생 보살펴줄게  우리 둘이서 같이 산다면    나도 그댈 사랑해  그대보다 더 많이많이   평생 이뻐해줄게  우리 둘이서 같이 산다면  나도 그댈 사랑해..
2002.06.23~06.29,30,159406,Perfect Man,신화,Perfect Man,2002.03.29,Dance,유영진,"Yeah- Uh- 그대만을 알겠어.  내 숨이 다 한대도 Cause u are the one 모두 변한다 해도(난 변하지 않겠어)  그냥 내버려둬.  나의 그녀에겐 시간이 필요할 테니까  난 기다려야만 돼. 때론 힘들겠지 항상 네 곁엔  완벽한 사랑이 있어.  내가 줄 수 없던 많은 것  세상을 다 가진 너일 테니까.  그대만을 알겠어 내 숨이 다 한대도  Cause u are the one  다신 내게 니가 없던 시련 또 없을 거야.  내 품에 네가 이젠 쉴 수 있도록   네가 떠나버리기 전엔(아무것도 몰랐어)  내게 중요했던 건 오! 나일뿐  이젠 깨달았어.  너무 늦었지만 너를 알아 본 거야  하나의 사랑인걸.  제발 내게 닥친 고통 속에서  나를 구해내 주겠니.  일 년 같은 하루를 사는게  너무 힘에 겨워 견딜 수 없어.  그대만을 알겠어 내 숨이 다 한대도  Cause u are the one  다신 내게 니가 없던 시련 또 없을 거야.  내 품에 네가 이젠 쉴 수 있도록  Ya, the perfect man is who I be,  sittin on top with ya, but more swifter,  stronger than your nob liquor,  money hoes and clothes  don''t let the clues get ya, they not fear.  혹시 너 기억 속에 내가  아주 덤덤하게 느껴질 땐  모닝커피 향기처럼 곧 사라질 땐  마지막 기회를 내게 줄 순 없나  다시 시작해  넌 내가 얼마나 힘들었는지 알거야  너의 곁을 떠난 적 없어(Call me)  날 받아준다면 내 모든게 변할 거야  너이기를 간절히 원해 원해  그대만을 알겠어 내 숨이 다 한대도  Cause u are the one  다신 내게 니가 없던 시련 또 없을 거야.  내 품에 네가 이젠 쉴 수 있도록"
2002.06.23~06.29,31,432824,콩가,컨츄리꼬꼬,딱! 내 스타일이에요,2002.04.08,Dance,이상백,(달나라 꿈꾸는 나의 HONEY-)    태양이 싫다(예) 뜨거워 싫다(우)  흔한게 사랑에 타지 않는 차가워진  저 달빛이 좋다(예) 차가워 좋다(와)  그녀의 머릿속 정말 이해할 수가 없다    그래 Bye bye bye 가고 싶은 대로 가  하고 싶은 대로 하고 너의 사랑 찾아가  Hi hi hi 과연 만족할런지  다시 돌아 오겠지 설마 설마 했었지    첫사랑을 꿈꾸는 그녀  알고 보니 정말 헤어지려하네  잡으려도 잡을수 없네  나 그녀 정말 사랑하나봐    안돼 허니 뭐하니 떠나려고 하니  뭐니 너 뭐니 정말 왜 그러니  왜 날 잊으려고 왜 날 떠나려고  달나라 꿈꾸는 나의 허니  왜 나니 정말 어떡하니  달나라 꿈꾸는 나의 사랑아  잘가라 Good bye -   달빛에 그녀(예-) 꿈꾸는 그녀(예-) 바보처럼 잘 가라 말했더니  바로그냥 차가워진 그녀 냉정한 그녀  그녀의 마음속을 정말 헤아릴수 없잖아    그래 Bye bye bye 가고 싶은 대로 가  하고 싶은 대로 하고 너의 사랑 찾아가  hi hi hi 과연 만족할런지  다시 돌아 오겠지 설마 설마 했었지   저 사랑을 꿈꾸는 그녀  또 다른 사랑 찾아 떠나가는 그녀  잊으려도 잊을 수가 없네  나 그녀 정말 보내야 하나   안돼 허니 뭐하니 떠나려고 하니  뭐니 너 뭐니 정말 왜 그러니  왜날 잊으려고 왜날 떠나려고  달나라 꿈꾸는 나의 Honey -   나니 또 나니 수많은 사람 중에  나니 왜 나니 정말 어떡하니  달나라 꿈꾸는 나의 사랑아  잘가라 Good bye -
2002.06.23~06.29,32,433331,시간을 거슬러,K2김성면,Time To Time,2002.05.23,Rock,심현보,그래요 이 세상엔  애를 써봐도 힘든게 있죠  그대를 잊는 것도  혼자 웃는 것도 나에겐 그렇죠 며칠이 갔는지도 모르는 채 이렇게 벽만 보다가  또 그대 집 앞을 서성이죠  잊혀진다던 그 말 거짓인가요 지우다가 잠이들면 꿈 속에도 그댄 걸요  몇 번을 닦아 내도  삼켜봐도 눈물이 흐르죠  함께 있을 때도 곁에서도  그리웠던 그대였는 걸요  시간은 아무 소용없어요  그대는 나에게 영원이죠  사랑이 식었듯이 기억또한 지워져 갈 줄 알았죠  그대에게는 내가 없어도  아직 내겐 이렇게 그대뿐이죠 그리다가 깨어나면  슬픔뿐인 아침이죠  이렇게 살아가요  기다릴게 없어진 세상을 곁에 있을때도 쓰러져도 내 눈물은 그대 때문이죠  그대는 아무렇지 않나요  나 없는 하루가  기억을 거슬러 시간을 거슬러  그대를 사랑할께요  그대를 지우다 잠이들면 꿈 속에도 그댄걸요  몇 번을 닦아내도  삼켜봐도 눈물이 흐르죠 함께 있을때도 곁에서도 그리웠던 그대였는 걸요  시간은 아무 소용없어요  그대는 나에게 영원이죠
2002.06.23~06.29,33,104187,너잖아,김현성,Soul Mate,2002.01.21,Dance,김현성,어서 말을 해봐 너의 마음을 싫증난 거니 누가 생겼니 이젠 기억도 나지 않나보지  행복했었던 우리 추억들 떠나지마 나를 원했던 건 니가 먼저였잖아 나를 사랑한다 말한 것도 너잖아 왜 너 이제 와서 다른 사람 찾아가라 내게 말을 해 너의 그런 사랑이란게 고작 이런거였니 니가 맘 먹은대로 쉽게 움직일 수 있니 믿지 않을게 항상 우리 사랑 영원하다고 내게 말했던 건 바로 너잖아  그래 인정할게 너의 사랑이 내가 아니면 어쩔 수 없지 하지만 니가 떠난 빈 자리는 무엇으로 채워질런지 말했잖아 니가 필요한 건 오직 나뿐이라고 너만 바라보게 니가 만들었잖아 그래 이제 와서 날 버리면 다른 사랑 할 수 없잖아 너의 그런 사랑이란게 고작 이런거였니 니가 맘 먹은대로 쉽게 움직일 수 있니 믿지 않을게 항상 우리 사랑 영원하다고 내게 말했던 건 바로 너잖아 내게 왜 이래 왜 너 사랑 아니래 니가 흘린 웃음들 모두 거짓였던 거니 돌아서줄게 눈물 보일 작은 미련조차도 이미 너에게는 없을테니까
2002.06.23~06.29,34,432844,이사(移徙),윤상,이사(移徙),2002.04.12,Ballad,박창학,이젠 출발이라고  문을 두드리는 소리  한낮의 햇빛이  커튼 없는 창가에 눈부신  어느 늦은 오후  텅 빈 방안에 가득한  추억들을 세어보고 있지  우두커니  전부 가져가기에는  너무 무거운 너의 기억들을  혹시 조금 남겨두더라도  나를 용서해  날 미워하지 마  녹슨 자전거 하나  겨우 몇 개의 상자들  움켜쥔 손에는  어느 샌가 따뜻해진 열쇠  그게 다였는데 결국  다 그런 거라고 내 어깨를  두드려줄 너는 어디 있는지  전부 가져가기에는  너무 무거운 너의 기억들을  혹시 조금 남겨두더라도  나를 용서해  날 미워하지마  전부 가져가고 싶어  곳곳에 배인 너의 숨결까지  손때 묻은 열쇠  두개가 닫힌 문 뒤로  떨어지는 소리
2002.06.23~06.29,35,503109,Just A Feeling,S.E.S.,Choose My Life-U,2002.02.15,Dance,전승우,Just a feeling 느낀 그대로 말해  Think about it 주저하지마  Just be waiting 이젠 준비가 됐어  너를 내게 줘 내가 갖겠어 ...  처음부터 다 날 보여 줄순 없지  신비스런 분위기로 Oh yeah~  호기심을 자극하는 것도 괜찮아  궁금해 미칠 것만큼  결국 너는 내게 오게 될 거야  원한다면 내길 걸어도 좋아  한 걸음 씩 조금 더 네게로 다가가  널 차지하고 말거야  Just a feeling 느낀 그대로 말해  Think about it 주저하지마  Just be waiting 이젠 준비가 됐어  너를 내게 줘 내가 갖겠어 ...  딴 사람과 다정한 내모습을  살며시 보여 줄 거야 Oh yeah~  그에게는 조금 미안한 일이지만  널 갖기 위해서니까  어쩔 줄을 몰라하는 니 표정  어쩜 그리 숨기지를 못하니  느낄 수가 있었어  내 곁의 그 사람 쳐다보는 니 시선  Just a feeling 느낀 그대로 말해  Think about it 주저하지마  Just be waiting 이젠 준비가 됐어  너를 내게 줘 내가 갖겠어 ...  Just a feeling  That''s what I can show you  Think about it 기다리고 있어  Just a feeling  That''s what I can show you  Think about it 기다리고 있어  Just a feeling  Think about it  이런 나도 맘이 편한게 아냐  혹시라도 니가 돌아설 까봐  그만 내게 말해 줘 나를 사랑한다고  기다리고 있잖아  Just a feeling 느낀 그대로 말해  Think about it 주저하지마  Just be waiting 이젠 준비가 됐어  너를 내게 줘 내가 갖겠어 ...  Just a Feeling 느낀 그대로 말해  Think about it 주저하지마  Just be waiting 이젠 준비가 됐어  너를 내게 줘 내가 갖겠어(너를 내게 줘)  Just a feeling  That''s what I can show you  Think about it 기다리고 있어  Just a feeling  That''s what I can show you  Think about it 기다리고 있어  Just a feeling
2002.06.23~06.29,36,432309,꿈에,박정현,박정현 Op.4,2002.06.15,R&B / Soul,,어떤말을 해야하는지 난 너무 가슴이 떨려서 우리 옛날 그대로의 모습으로 만나고 있네요  이건 꿈인 걸 알지만 지금 이대로 깨지않고서 영원히 잠 잘 수 있다면   날 안아주네요 예전 모습처럼  그 동안 힘들었진 나를 보며 위로하네요  내 손을 잡네요 지친 맘 쉬라며  지금도 그대손이 그때처럼 따뜻하네요   혹시 이게 꿈이란 걸  그대가 알게 하진 않을꺼야  내가 정말 잘할꺼야 그대 다른 생각 못하도록  그대 이젠 가지마요  그냥 여기서 나와 있어줘요  나도 깨지 않을께요 이젠 보내지 않을거예요  계속 나를 안아주세요 예전 모습처럼  그동안 힘들었지 나를 보며 위로하네요  내 손을 잡네요 지친맘 이젠 쉬라며  지금도 그대 손은 그때처럼 따뜻하네요  대답해줘요 그대도 나를 나만큼 그리워했다고  바보같이 즐거워만하는 날 보며 (날 보며)  안쓰런 미소로 (슬픈 미소로)  이제 나 먼저갈께 미안한 듯 얘길하네요   나처럼 그대도 (그대도)  알고 있었군요 (꿈이라는 걸)  그래도 고마워요 이렇게 라도 만나줘서   날 안아주네요 작별인사라며  나 웃어줄께요 이렇게 보내긴 싫은데  뒤돌아 서내요 다시 그 때처럼   나 잠 깨고 나면 또 다시 혼자있겠네요  저 멀리 가네요 이젠 익숙하죠 나 이제 울게요  또 다시 보내기 싫은데 보이지 않아요    이제 다시 눈을 떴는데 가슴이 많이 시리네요  고마워요 사랑해요  난 괜찮아요 다신 오지 말아요 -
2002.06.23~06.29,37,106465,Now,은지원,Eun Ji Won 2,2002.02.27,Rap / Hip-hop,김영아,Now that we found love what are we gonna do we did now that we found love what are we gonna do we did 날 봐 어딜 쳐다봐 지금부터 하는 내 말 깊이 새겨 제발 듣는 척 마는 척 싫어하는 척 내 눈을 속여도 내겐 안 통해 너 한낱 허영에 눈이 멀어서 이런 애 저런 애 보다 네눈에 차는 애 또 고르고 있지 내 말이 맞지 하지만 소용없어 넌 결국 내꺼지 널 알지 trick 척 보면 척 누가 좀 더 나을까 또 재는 널 눈치 코치 그래봤자 백치 허영심 가득한 내숭의 극치 뭘 또 바래 이제 그만 바래 그깟 조건 뭘해 come on 진실을 볼래 자 눈을 떠 이제 정신 차려야 돼 네 인생을 바꿔줄게 내 품에 와 Now that we found love what are we gonna do we did now that we found love what are we gonna do we did 높은 곳을 바라봐야 눈만 아파 눈만 또 이것 저것 따져야 나이만 더 먹어 고르고 또 골라야 거기서 거기 백년도 채 못 돼서 다같이 die 이제 그만 결정해 네 마음 가득 아주 특별한 꿈을 채워 줄게 이런 기횐 다신 없어 너를 맞을 준비가 난 다 됐어 yes baby 찾아봐 어디 어디 가봐도 없을 껄 나만한 남자 찾아봐 뒤져봐 돈이니 명예니 널 버릴 수도 있지만 너를 평생 배신않고 지켜줄 걸 it's me sexy sexy 맵시 맵시 어느것도 빠짐없는 네게 와 이젠 그래 날 믿어 믿어 내사랑 너를 책임져 줄 내 가슴으로 안겨봐 착 Now that we found love what are we gonna do we did now that we found love what are we gonna do we did Move in Kick Move in Kick Move in Kick Move in Kick Move in Kick Move in Kick Move in Kick Move in Kick 네가 만났던 그렇게 믿었던 너를 쫓던 남자들을 좀 봐 사탕발림 유혹 속에 네 맘 헌신해야 결국에는 헌신짝이 되버린건 너야 진짜 널 아껴줄 이 나 뿐야 진심으로 대해줄 이 나 뿐야 날 받아줘 그래 너를 위해서 내 몸 부서지게 너한테 잘할게 Now that we found love what are we gonna do we did now that we found love what are we gonna do we did Now that we found love what are we gonna do we did now that we found love what are we gonna do we did now that we found love what are we gonna do we did
2002.06.23~06.29,38,1589083,난치병,하림,다중인격자(多重人格者),2001.12.27,Ballad,탁영,이제 알 것 같아요 나는 미쳐 버린 걸 나을수 없는 흔치 않은 병처럼 그대라는 뜨거운 열은 식지 않고 몰라 모를 수 밖에 나만이 앓고 있는 지독히 깊은 그대라는 상처가 얼마만큼 참아 내기 힘든지 한 잔 술이 밤을 마취 할 뿐 내 온 몸에 너무 퍼져 버린 추억은 이젠 손 쓸 수가 없어서 그냥 떠오르게 놔두죠 너무 아파도 소리 한번 안 지르는 건 나 그렇게 나을 수 없기 때문에 단 하나 기도하는 건 돌아온 그대이기에  그 아무도 그대 떠나간 걸 몰라요 알리고 싶지 않았어요 왠지 돌아올 것 같아서 돌아와 그냥 오랜만인척 해요 나 이래야 나을 수 있기 때문에 단 하나 기도하는 나의 꿈은 그대 어느 날 문득 내가 눈을 떴을 때 숨쉬는 아침 눈이 부실 수 있게 커튼을 젖히며 날 바라보는 그대
2002.06.23~06.29,39,431033,구해주오,CBMass,2002 대한민국,-,Rap / Hip-hop,"Curbin,다이나믹듀오",지금 내가 들려줄 이야기 짧지만 재밌는 이야기 한번 이상 들려줄 수 없으니 내게로 더 가까이 Comeon 첫번째 니맘을 훔치고 두번째 너의 몸을 감싸고 세번째 입술을 훔치고 또 너와 그녀는 하나로 녹아내리고 첫번째 니맘을 훔치고 두번째 너의 몸을 감싸고 세번째 입술을 훔치고 또 너와 그녀는 하나로 녹아내리고 yo 친구와 함께 나간 소개팅에서 만난 그녀는 나와 맞질 않았지 그만 나는 시간과 선명한 그녀의 모습 그날밤 내 흐릿한 꿈속에 묻었지 몇일이 훌쩍 지난후 아마 uh 지난후 왠일인지 그녀의 절박한 전화를 받은 후 나의 발걸음은 어느새 약속장소로 어느 교회옆 작은 포장마차로 술은 나를 녹이고 그녀는 얘기를 시작했어 이뤄질수 없는 사랑에 힘겨워하며 더는 옛사랑의 이야기 그 아프고 슬픈 이별의 이야기 흐느끼는 그녀가 너무나 애처로웠어 그날 이후 하루 또 이틀 우리는 만났어 정신을 차렸을때 나 그녀와 미래를 약속할 결혼반지와 첫번째 니맘을 훔치고 두번째 너의 몸을 감싸고 세번째 입술을 훔치고 또 너와 그녀는 하나로 녹아내리고 첫번째 니맘을 훔치고 두번째 너의 몸을 감싸고 세번째 입술을 훔치고 또 너와 그녀는 하나로 녹아내리고 너무도 순탄하게 진행되어갔던 나의 결혼 이게 행복이란 나의 결론 내 결정에 만족했고 같이 살다보면 사랑하게된단 말처럼 조용하고 차분한 성격의 그녀는 나의 가족 또 친구들에게도 잘 맞춰주었고 나를 항상 편안하게 해준 그녀에게 감사했고 사랑한다 믿었고 yo 가끔씩 떠오르는 그녀 옛사랑에 대한 궁금증도 목구멍으로 되삼키며 힘껏 참아보고 첫번째 니맘을 훔치고 두번째 너의 몸을 감싸고 세번째 입술을 훔치고 또 너와 그녀는 하나로 녹아내리고 첫번째 니맘을 훔치고 두번째 너의 몸을 감싸고 세번째 입술을 훔치고 또 너와 그녀는 하나로 녹아내리고 yo 그렇게 행복했던 우리에게도 살며시 변화는 찾아오고 그녀는 달라지기 시작했어 그뒤로 평소 없던 외출도 잦아지고 화장대에 앉아 옷장 앞에서서 또 외모에 투자하는 시간도 길어지고 물론 처음 나 또한 그 변화를 즐겼어 그러나 성격 변화까지는 참을수 없었어 침착하던 그녀는 냉정함을 잃고 감정의 기복 또한 점점 더 커져만갔어 나는 듣고야 말았어 듣지말았어야 할 그 이야기 나 몰래 그녀가 꼭 쥐고있던 수화기 그녀에게 그 옛사랑이 다시 돌아온거지 누군가 나를 엿먹였네 내 머리통은 온통 불안과 분노 눈물로 뒤영켜 있었지 깊었던 믿음만큼 상처도 깊었지 그로부터 몇일간 난 그녀와 대화를 잃었지 그 후로 시간이 지나고 난 마음을 고쳐먹었어 그녀를 믿기로 그날의 기억은 까맣게 칠하고 yo 모든걸 용서하고 이제 화해하기로 그리고 두손에 꽃과 선물을 들고 집으로 마침내 현관문이 열리고 집안으로 마룻바닥엔 옷가지들이 여기저기 흩어져 있었네 욕실엔 그녀의 신음소리가 메아리 치고있었네 나 주저앉고 말았네 그 욕실 욕조 속에 한컷 엉켜있었네 그녀의 옛사랑 남자가 아닌 여자 첫번째 니맘을 훔치고 두번째 너의 몸을 감싸고 세번째 입술을 훔치고 또 너와 그녀는 하나로 녹아내리고 첫번째 니맘을 훔치고 두번째 너의 몸을 감싸고 세번째 입술을 훔치고 또 너와 그녀는 하나로 녹아내리고 첫번째 니맘을 훔치고 두번째 너의 몸을 감싸고 세번째 입술을 훔치고 또 너와 그녀는 하나로 녹아내리고
2002.06.23~06.29,40,502928,Loving You,김현철,... 그리고 김현철,2002.03.12,Ballad,김현철,사람들은 나에게 물어봐.. 넌 꿈을 꾸냐고 사람들이 나에게 이렇게 묻는다면.. 뭐그리 좋냐고 요즘 내가 무슨 꿈 꾸냐면 Loving you always in loving you Loving you always in loving you 그댄 날 전혀 몰라 준다고 해도..  누구라도 이럴까 나에 맘 모든게 새로워 누구라도 이럴까 자그마한 일에도 마음아리는거 요즘내가 꿈꾸는 꿈이라 Loving you always in loving you Loving you always in loving you 그댄 날 전혀 몰라 준다고 해도..  어느날 문득 찾아와 고백하는 꿈.. 나를 사랑한다고 Loving you always in loving you Loving you always in loving you 그댄 날 전혀 몰라준대도.. Loving you always in loving you Loving you always in loving you 그댄 날 전혀 몰라준다고 해도.. 그게 몇년 동안이 가고 나에 꿈은 환상으로.. Loving you..
2002.06.23~06.29,41,32823,챠우챠우-아무리 애를 쓰고 막아 보려 해도 너의 목소리가 들려,델리스파이스,Deli Spice,1997.08,Rock,김민규,너의 목소리가 들려  너의 목소리가 들려  너의 목소리가 들려  너의 목소리가 들려  아무리 애를 쓰고 막아 보려 하는데도  아무리 애를 쓰고 막아 보려 하는데도  너의 목소리가 들려  너의 목소리가 들려  아무리 애를 쓰고 막아 보려 하는데도  아무리 애를 쓰고 막아 보려 해도  너의 목소리가 들려  너의 목소리가 들려  아무리 애를 쓰고 막아 보려 하는데도  아무리 애를 쓰고 막아 보려 해도  너의 목소리가 들려  너의 목소리가 들려  너의 목소리  너의 목소리  너의 목소리가 들려  너의 목소리  너의 목소리  너의 목소리가 들려
2002.06.23~06.29,42,106236,It`s Alright,리치,I Have A Dream,2001.12.12,Ballad,김은지,내 사랑아 야윈 얼굴 힘들어 보여 이제는 그만 내가 떠나 갈께요 시간이 지나 날 잊을까 두려운 맘에 한참을 그댈 내가 울게 했어요 밤을 지새며 내 곁에서 기도 해주던 그대가 너무 안쓰러 보여 이제는 나 머물 수 없어 그대여 울지 말아요 it's all right 나도 맘처럼 그리 쉽게 눈 감아지지 않아요 끝내 말하지 못했던 I love you 뒤돌아서는 여린 그대 더 아파 할 것 같아  나 떠난 후 혹시 그대 날 떠올리면 아팠던 모습 만을 기억할까봐 웃음 뒤로 날 숨기던 하루 하루도 내게는 이제 그저 그리움이죠 밤을 지새며 내곁에서 기도 해주던 그대가 너무 안쓰러 보여 이제는 나 머물 수 없어 그대여 울지 말아요 it's all right 나도 맘처럼 그리 쉽게 눈 감아지지 않아요 끝내 말하지 못했던 I love you 뒤돌아서는 여린 그대 더 아파 할까 이젠 널 떠나가 멀리 가지는 않아요 it's all right 지켜줄께요 그대 곁에 항상 머물고 있어요 가끔은 날 느껴요 it's all right 사랑하면서 울게만 했던 나를 용서해 my love
2002.06.23~06.29,43,525246,나같은 사랑이라면...,정재형,두번째 울림,2002.03.14,Ballad,양재선,아무리 생각해봐도 사랑할 이유가 많았죠 그대의 수많은 미소가 떠올라 어느샌가 내가 웃고 있네요 나도 날 몰라요 왜 이리도 바보 같은지 그댈 위한 일이면 무엇도 행복했는데 사랑한다는 그 말 만큼은 힘들었죠  아무리 생각해봐도 기다릴 이유가 많았죠 누군가 돌아올 사람 있다는건 만남보다 행복한 일이였죠 나도 날 몰라요 언제까지 여기 있을지 그댈 위한 일이면 무엇도 행복할텐데 이젠 사랑을 말할 수 있는데 하루라도 지울 순 없는지 하루쯤은 편할 수 있도록  행복하길 바랬죠 그대의 눈물이 나를 더욱 힘들게 해요 혼자 하는 사랑이 얼마나 버거운건지 그대 나 같은 사랑이라면  하지 마요
2002.06.23~06.29,44,489226,난 사랑에 빠졌죠,박지윤,Man,2002.01.11,Dance,방시혁,나 내가 왜 이러죠 정말 이상하죠 그대가 없인 하루가 너무 길어요 날 사랑한 사람은 많이 있었지만 언제나 내겐 귀찮은 일이었는데 사랑을 받는것만 익숙했던 나 그대 내게 뭘했길래 내가 달라질까 나조차 궁금하지만 난 사랑에 빠졌죠 나밖에 모르던 그 못된 내가 나보다 그댈 생각해요 한사람에게만 이렇게 하려고 그랬나봐요 아껴둔 내 맘을 받아요 나 어제는 말예요 관심도 없었던 남자 옷들을 고르는 날 발견했죠 꼭 배우지 않아도 사랑은 이렇게 날 바꾸네요 그대만 생각하게 사랑을 받는것만 익숙했던 나 이젠 모두 주고 싶어 그대에게만은 그대도 나와 같나요 난 사랑에 빠졌죠 나밖에 모르던 그 못된 내가 나보다 그댈 생각해요 한 사람에게만 이렇게 하려고 그랬나봐요 아껴둔 내 맘을 받아요 이별이나 말은 없겠죠 oh baby 나에겐 첫사랑인데 혹시 이 사랑이 깨지면 이젠 나는 다시는  사랑을 못하게 될지도 난 몰라요  난 난 사랑에 빠졌죠  사랑에 사랑에  나밖에 모르던  그러던 내가 그 못된 내가 나보다 그댈 생각해요 그래요 그대에게만 그대에게만  이러려고 그랬나요 오 아껴둔 내 맘을 받아요 난 사랑에 빠졌죠 나밖에 모르던  나보다 그댈 생각해요
2002.06.23~06.29,45,448806,Remember,악동클럽,Remember Hero,2002.03.23,Ballad,김태희,tell me why you come to me tell me why you want my love 나를 이렇게 쉽게 떠날꺼라면 you are always on my mind I can't live without you love 다시 내게 돌아와 tell me why I don't wanna say goodbye 상관없어 내맘 걱정하지마 난 괜찮아 어차피 다 지난 기억속에 희미한 나만 남아있을뿐 널 사랑했던 그순간 tonight 오랜 시간뒤엔 잊혀지겠지 다른 사랑도 있겠지 가끔 너를 닮은 뒷모습 보면 가던길 멈출 테지만 정말 나를 사랑하긴 했는지 너무 서둔건 아닌지 매일 잠이드는 그순간마다 때 늦은 눈물 흘려도 마지못해 살겠지 추억 속에 남겨져 끝내 지우지 못할 그리움속에 많이 울어야겠지 끝없이 날 버리며 너를 사랑한만큼 baby please let go 지난 날들은 그저 추억을 메꿔 텅빈 가슴을 내눈물로 채우며 너무 아픈날들 난 긴밤을 새우며 내맘을 숨기기에는 이미 깊어진 상처 내속에 남겨져 가끔씩 꿈속에 잠겨 귓가를 간지럽히는 너의 목소리가 들려 그리움에 눈물만 흘러 아직 눈감으면 나의 입술에 웃음 그리던 널느껴 그손 잡아보려 눈을 떠보면 외로이 눈물만 흘러 tell me why you come to me tell me why you want my love 나를 이렇게 쉽게 떠날꺼라면 you are always on my mind I can't live without you love 다시 내게 돌아와 내가 어떻게 너를 잊을수 있겠니 내삶이 끝나 나를 잊어도 마지못해 살겠지 추억속에 남겨져 끝내 지우지 못할 그리움속에 많이 울어야겠지 끝없이 날 버리며 너를 사랑한만큼 내삶이 끝나는 그 날까지 난 애타게 기다리겠지 오지 않을걸 알지만 하지만 오랜시간 후 널 다시 만날 수 있는 순간까지 넌 내 전부니까 goodbye
2002.06.23~06.29,46,862046,Don`t Go Away,핑클,영원,2002.02,Dance,정연준(업타운),처음 내게 왔을땐 너무 부드러웠지  세상 그 무엇보다 내가 소중하다며  그렇게 만나다가 너의 사랑된 후로  넌 무엇 때문인지 조금씩 나에게서 떠나네  떠나가지마 baby 다시 돌아와 baby 널 보낼 수 없어  곁에 있어줘 baby 이대로 Stay with me  떠나가지마 baby 다시 돌아 와 baby  처음처럼 다시 곁에 있어줘 baby  내게와줘 don't go away don't go away  날 떠나가지마 널 보낼 수 없어 stay with me  이대로 내곁에 머물러 stay with me don'y go away  날 떠나가지마 처음처럼 다시 stay with me  내게와줘 내곁에 머물 러  무엇 때문에 그러는지  왜 그마음이 식었는지 이유를 말해줘 나에게  내가 뭘 잘못했었는지  그렇게 아무말 없이 가면 어떡해  아무것도 몰랐던 내게 참 다정하더니  나를 길들여 놓고 넌 떠나 가 려하잖아  어떡해야 그 마음내게 돌아올 수 있니  다시 한번 나를봐 please don't go away 떠나네  떠나가지마 baby 다시 돌아와 baby 널 보낼 수 없어  곁에 있어줘 baby 이대로 stay with me 떠나가지마 baby  다시 돌아와 처음처럼 다시 곁에 있어줘 baby  내게와줘 don't go away don't go away  날 떠나가지마 널 보낼 수 없어 stay with me  이대로 내곁에 머물러 stay with me don't go away  날 떠나가지마 처음처럼 다시 stay with me  내게와줘 내곁에 머물러   날이 가면 갈수록 내 사랑 넌 깊어지고  나는 깊어가는데 넌 식어가고 있잖아  이젠 니생각때문에 아무것도 못해 떠나가면 어떡해  i can't leave without you  니가 보고 싶어 잠이 오질 않아  날 버리고 가지마 don't go away 한번 더 생각해줘  다시 돌아와 baby 널 보낼수 없어 곁에 있어줘 baby  이대로 stay with me 한번 더 생각해줘 다시 돌아와 baby  처음처럼 다시 곁에 있어줘 baby  내게 와줘 don't go away 다시 돌아와 baby  널 보낼수 없어 baby 곁에 있어줘 baby  이대로 stay with me  다시 돌아와 baby 처음처럼 다시 곁에 있어줘 baby  내게로~ don't go away
2002.06.23~06.29,47,423507,가슴앓이,지영선,사랑,2002.12.18,Ballad,강영철,밤 별들이 내려와 창문 틈에 머물고 너의 맘이 다가와 How do I love you How can I need you baby 예전부터 내 곁에 있는 듯한 네 모습에 내가 가진 전부 그 모든 것을 네게 주고 싶었는데 골목길을 돌아서 뛰어가는 네 그림자 동그랗게 내버려진 You're the only one in my heart 아 I can do nothing but I cry 아 어쩌란 말이냐 이 아픈 가슴을 아 I can do nothing but I cry 아 어쩌란 말이냐 이 아픈 가슴을 그 큰 두 눈에 하나 가득 눈물이 고이면 세상 모든 슬픔이 How do I love you How can I need you baby 네가 웃는 그 모습에 세상 기쁨 담길 때 내가 가진 전부 그 모든 것을 네게 주고 싶었는데 골목길을 돌아서 뛰어가는 네 그림자 동그랗게 내버려진 You're the only one in my heart 아 I can do nothing but I cry 아 어쩌란 말이냐 이 아픈 가슴을 아 I can do nothing but I cry 아 어쩌란 말이냐 이 아픈 가슴을
2002.06.23~06.29,48,104586,차라리,이수영,Made In Winter,2001.12.11,Ballad,양재선,곁에 있어도 내게 사랑을 말해도 그대 마음은 내게 있지않았죠 하루 하루가 이별을 향해 걷는 슬픈 시간들 이었죠 그대도 날 위해 눈물이 많은 날 위해 어떤 말로 해야 하는지 힘들었겠죠 이별을 위해서 차라리 차라리 위로 하지마요 미안한 그 눈빛에 난 숨이막혀 영원히 그대를 보내지 않아요 누군가를 또 다시 사랑 할 수 없을 테니  그대도 날 위해 눈물이 많은 날 위해 어떤 말로 해야하는지 힘들었겠죠 이별을 위해서 차라리 차라리 위로 하지마요 미안한 그 눈빛에 난 숨이 막혀 영원히 그대를 보내지 않아요 누군가를 또 다시 사랑 할 수 없을 테니 차라리 차라리 아무말도 마요 행복하란 그 말이 더 슬퍼해요 영원히 영원히 기다려볼께요 그대 있는 세상에 내가 살아있는 한  아무말 마요  기다릴께요  아무말 마요  기다릴께요
2002.06.23~06.29,49,196599,나 때문이죠,오현란,오현란의 꽃 같은 사랑 이야기,2002.01.04,Ballad,오현란,나 또 어려워져요  이러지 않으려고 나를 달래왔는데  눈물이 또 넘쳐서 그댈 힘들게 해요  이러면 안되는데 자꾸 열이 나네요  아니 괜찮아요  아니예요 감기예요  바람이 너무 청아해서  어제 산책을 했거든요  내가 원래 좀 어설프죠  그대 걱정만 하게하고  자꾸 속만 상하게 하죠  내가 없다고 아침 거르지 마요  늦잠자면 안되요 잔소리만 하네요  내가 그렇잖아요  나 때문이죠 그대 잘못없는데  우리 마지막인데 나 땜에 그대가  또 울게되네요  아니 말해요  오늘 하루만큼은 내게 기대어줘요  나를 살피지마요 그럼 화날꺼예요  노력했지만 정말 안되나봐요  그댈 사랑하지만  이렇게 밖에는 안되나봐요  혼자 힘들어야 할 그댈 남겨두기가  자꾸 미안해져요  내가 없다고 아침 거르지마요  늦잠자면 안되요 잔소리만 하네요  내가 그렇잖아요  나 때문이죠 그대 잘못 없는데  우리 마지막인데  나 땜에 그대가 또 울게 되네요
2002.06.23~06.29,50,105013,서로가 서로에게,유리상자,유리상자 5th,2001.12.03,Ballad,이세준,참 오래 걸렸죠 얼마나 기다렸는지 몰라 그대 나 단 둘이 처음 떠나는 여행 실감이 나나요 그댄 거짓말 했던건 친구들에겐 미안 하지만 모두 걱정할 만한 그런 일 없을 테니 조금만 미안해 하자 했죠 설레는 마음 만큼이나 불안한 마음도 감출 순 없지만 걱정 말아요 그댄 후회 않을 만큼 즐거운 추억이 될 테니까 세월이 흘러 먼 훗날 언젠가 오늘을 떠올리며 미소 짓겠죠 서로가 서로였음에도 감사 하겠죠 긴 행복의 끝에 마주보며 눈을 감겠죠  쉬운 사람으로 여길까 그대는 많이 망설였다 하지만 걱정 말아요 이젠 남은 내 삶 속에 가장 귀한 사람 그대니까 세월이 흘러 지치고 병들어 하나 둘 잃어감에 눈물 흘러도 서로가 서로였음에 또 감사 하겠죠 긴 행복의 끝에 마주보며 눈을 감겠죠 세월이 흘러 먼 훗날 언젠가 오늘을 떠올리며 미소 짓겠죠 서로가 서로였음에도 감사 하겠죠 긴 여행의 끝에 마주보며 눈을 감겠죠
