time,rank,song_id,title,singers,album,date,genre,creator,lyric
2002.09.15~09.21,1,313559,우린 제법 잘 어울려요,성시경,Melodie d` Amour,2002.07.19,Ballad,심현보,우린 제법 잘 어울려요  저기 그대가 보이네요 오늘도 같은 시간이죠  언제나 조금 젖은 머리로 날 스쳐가죠 살짝 미소지은 건가요 혹시 날 알아 챈 건가요  아침을 닮은 그대 향기가 날 사로잡죠 난 궁금한 게 많죠 그대 이름 그대의 목소리  온 종일 상상해요 그대 곁에 날 정말 서두르진 않을 거예요 한 걸음 한 걸음씩 그대가 나를 느끼게  사랑을 시작할까요 내일 아침 어쩌면  말할지도 모르죠 우리 한 번 만나 볼래요  물기 어린 나무 사이로 햇살이 부서지는 거리  투명한 그대 얼굴이 왠지 좋아 보여요 기분 좋은 일이 있나요 가벼워 보이는 발걸음  살며시 부는 바람을 타고 난 다가가죠 참 망설였었지만 오늘은 꼭 얘기할래요 눈이 참 예쁘다고 좋아한다고 조금 서투르고 어색하지만 천천히 알아가요 그렇게 시작해봐요  거 봐요 웃을 거면서 내 마음을 알면서  잘 해낼 수 있겠죠 우린 제법 잘 어울려요 정말 서두르진 않을 거예요 한 걸음 한 걸음씩 그대가 나를 느끼게  사랑을 시작할까요 그대 곁엔 언제나  내가 있어줄게요 변치 않을 거예요 우린 제법 잘 어울려요
2002.09.15~09.21,2,432941,부탁해요,왁스,Wax 3,2002.07.05,Ballad,최준영,그 사람을 부탁해요  나보다 더 사랑해줘요  보기에는 소심해 보이지만  알고 보면은 괜찮은 남자예요  눈치없이 데이트 할 때  친구들과 나올꺼예요  사랑보다 남자들 우정이  소중하다고 믿는 바보니까요  술을 많이 마셔 속이 좋지않아요  하도 예민해서 밤잠을 설치죠  밤에 전화할 때 먼저 말없이 끊더라도  화내지 말고 그냥 넘어가줘요  드라마를 좋아하고  스포츠도 좋아해요  야한여자 너무 싫어하고  담배피는 여자 싫어하지요  절대 그사람을 구속하지 말아요  그럴수록 그는 멀어질꺼예요  사랑한단 말도 너무 자주  표현하지 말아요  금방 싫증낼 수 있으니  혹시 이런 내가 웃기지 않나요  그렇게 잘 알면서 왜 헤어졌는지  그 사람을 사랑할땐  이해할수 없었던 일들이  헤어져보니 이젠 알것 같아요  그 사람 외롭게 하지 말아요
2002.09.15~09.21,3,111414,전할 수 없는 이야기 (부제:시티 오브 엔젤),휘성(Realslow),Like A Movie,2002.04.03,R&B / Soul,박경진,나 너를 사랑하나봐 아주  오래전부터  이 말 전해 주고 싶었어  이 말을 하고 싶어서 오늘도  네 주위를  하루종일 맴돌고 있어  이런 나의 마음을 조금이라도  혹시 니가 알아줄 수만 있다면  Someday I'll show you  all my mind  항상 내가 있었다고  언제나 너 머물러 지내는 곳엔  Just let me cry for you tonight  아무말 못하는 내가 니곁에 있다는  그것도 모르는 널 위해  언젠가 나를 보면서 웃어주던  니 모습  떠오를땐 너무 좋았어  나를 향한 미소가 아니었는데  마치 내 맘 알아주는 것만 같아  Someday I'll show you all  my mind  항상 내가 있었다고  언제나 너 머물러 지내는 곳엔  Just let me cry for you tonight  아무말 못하는 내가 니곁에 있다는  그것도 모르는 널 위해  제발 내 미소 그대가 느껴와주면  좋을텐데  내 사랑이 너에게 부담일까  걱정스러워  Someday I'll show you all  my mind  항상 내가 있었다고  언제나 너 머물러 지내는 곳에  Just let me cry for  you tonight  아무말 못하는 내가  니곁에 있다는  그것도 모르는 널 위해  내 맘도 모르는 널 위해
2002.09.15~09.21,4,432309,꿈에,박정현,박정현 Op.4,2002.06.15,R&B / Soul,,어떤말을 해야하는지 난 너무 가슴이 떨려서 우리 옛날 그대로의 모습으로 만나고 있네요  이건 꿈인 걸 알지만 지금 이대로 깨지않고서 영원히 잠 잘 수 있다면   날 안아주네요 예전 모습처럼  그 동안 힘들었진 나를 보며 위로하네요  내 손을 잡네요 지친 맘 쉬라며  지금도 그대손이 그때처럼 따뜻하네요   혹시 이게 꿈이란 걸  그대가 알게 하진 않을꺼야  내가 정말 잘할꺼야 그대 다른 생각 못하도록  그대 이젠 가지마요  그냥 여기서 나와 있어줘요  나도 깨지 않을께요 이젠 보내지 않을거예요  계속 나를 안아주세요 예전 모습처럼  그동안 힘들었지 나를 보며 위로하네요  내 손을 잡네요 지친맘 이젠 쉬라며  지금도 그대 손은 그때처럼 따뜻하네요  대답해줘요 그대도 나를 나만큼 그리워했다고  바보같이 즐거워만하는 날 보며 (날 보며)  안쓰런 미소로 (슬픈 미소로)  이제 나 먼저갈께 미안한 듯 얘길하네요   나처럼 그대도 (그대도)  알고 있었군요 (꿈이라는 걸)  그래도 고마워요 이렇게 라도 만나줘서   날 안아주네요 작별인사라며  나 웃어줄께요 이렇게 보내긴 싫은데  뒤돌아 서내요 다시 그 때처럼   나 잠 깨고 나면 또 다시 혼자있겠네요  저 멀리 가네요 이젠 익숙하죠 나 이제 울게요  또 다시 보내기 싫은데 보이지 않아요    이제 다시 눈을 떴는데 가슴이 많이 시리네요  고마워요 사랑해요  난 괜찮아요 다신 오지 말아요 -
2002.09.15~09.21,5,314448,사랑 Two (Acoustic Ver.),YB,Live Is Life,2002.06.27,Rock,이경희,나의 하루를 가만히 닫아주는 너 은은한 달빛따라 너의 모습 사라지고 홀로 남은 골목길에 수줍은 내 마음만  나의 아픔을 가만히 안아 주는 너 눈물 흘린 시간 뒤엔 언제나 네가 있어 상처 받은 내 영혼에 따뜻한 네 손길만  처음엔 그냥 친군줄만 알았어 아무 색깔 없이 언제나 영원하길 또 다시 사랑이라 부르진 않아 아무 아픔 없이 너만은 행복하길  널 만나면 말없이 있어도 또하나의 나처럼 편안했던거야 널 만나면 순수한 내모습에 철없는 아이처럼 잊었던 거야  내겐 너무 소중한너 내겐 너무 행복한너   처음엔 그냥 친군줄만 알았어 아무 색깔 없이 언제나 영원하길 또다시 사랑이라 부르진 않아 아무 아픔 없이 너만은 행복하길  널 만나면 말없이 있어도 또하나의 나처럼 편안했던거야 널 만나면 순수한 내모습에 철없는 아이처럼 잊었던거야  널 만나면 말없이 있어도 또하나의 나처럼 편안했던거야 널 만나면 군수한 내모습에 철없는 아이처럼 잊었던거야  내겐 너무 소중한너 내겐 너무 행복한너
2002.09.15~09.21,6,316077,단칼 (Dance),김현정,Diet,2002.08.01,Dance,Minuki,뭐가 매일 바빠서 전화도 꺼 있는거야
2002.09.15~09.21,7,17282,다시 사랑한다면,도원경,Do Won Kyoung,2001.05.26,Rock,,그대와 나의 사랑은  너무나 강렬하고도 애절했으며  그리고 위험했다   그것은 마치 서로에게 다가설수록  상처를 입히는 선인장과도 같은..  다시 태어난다면 다시 사랑한다면  그때는 우리 이러지 말아요  조금 덜 만나고 조금 덜 기대하며  많은 약속 않기로 해요   다시 이별이 와도  서로 큰 아픔 없이  돌아설 수 있을만큼  버려도 되는 가벼운 추억만  서로의 가슴에 만들기로 해요   이젠 알아요 너무 깊은 사랑은  외려 슬픈 마지막을 가져 온다는 걸  그대여 빌께요 다음번의 사랑은  우리 같지 않길 부디 아픔이 없이  꼭 나보다 더 행복해져야만 해   많은 시간이 흘러 서로 잊고 지내도  지난날을 회상하며  그때도 이건 사랑이었다고  말할 수 있다면 그걸로 된거죠   이젠 알아요 너무 깊은 사랑은  외려 슬픈 마지막을 가져 온다는 걸  그대여 빌께요 다음번의 사랑은  우리 같지 않길 부디 아픔이 없이   이젠 알아요 영원할 줄 알았던  그대와의 사랑마저 날 속였다는게  그보다 슬픈 건 나 없이 그대가  행복하게 지내는 먼훗날의 모습   내 마음을 하늘만은 알기를 -
2002.09.15~09.21,8,430125,사랑은 기억보다 (Memories),강타(KANGTA),Pine Tree,2002.08.01,Ballad,강타(KANGTA),한참을 말이 없이 살았죠  말못할 병에 걸린 것처럼  기억조차 하지 못하는  그댈 바라보며 나도  한동안 지운채 살았죠  예전 모습 찾지 못하는 그댈  나도 그댈 기억 못하는 것처럼  거짓말 같은 현실이 아니기를  모르겠죠 내가 누군지  기억나지 않겠죠 우리 행복했던  그 많은 시간 추억도 이젠  모두 다 지워져있겠죠  단 한번 내가 예전 그댈  볼 수 있다면  그럴 순 없겠지만 단 한번인데  그것도 안 되는 거죠  그대에게 난 모르는 사람이죠  사랑도 기억보다 먼가요  우리 추억 기억보다 먼가요  내 눈을 봐요 오랜 시간  함께 했던  내가 보이지 않나요   볼 수 없나요  모르겠죠 내가 누군지  기억나지 않겠죠 우리 행복했던  그 많은 시간 추억도 이젠 모두 다 지워져있겠죠  단 한번 내가 예전  그댈 볼 수 있다면  그럴 순 없겠지만 단 한번인데  그것도 안 되는 거죠  그대에게 난 모르는 사람이죠  단 하루라도 내가 살아  낼 수 있을지  그럴 수는 없겠죠 단 한번쯤은   괜찮아 질 수 없는지  나도 기억나지 않는 사람처럼  그대에게 난 모르는 사람이죠
2002.09.15~09.21,9,430051,낭만고양이,체리필터,Made In Korea?,2002.08.13,Rock,"캡틴락,정우진",sweet little kitty  sweet little kitty -  내 두눈 밤이면 별이 되지   나의 집은 뒷골목 달과 별이 뜨지요  두번 다신 생선가게 털지 않아  서럽게 울던 날들 나는 외톨이라네  이젠 바다로 떠날거예요(더 자유롭게)  거미로 그물 쳐서 물고기 잡으러   나는 낭만 고양이  슬픈 도시를 비춰 춤추는 작은 별빛  나는 낭만 고양이  홀로 떠나가버린 깊고 슬픈 나의 바다여   (sweet) sweet little kitty -  깊은 바다 자유롭게 날던 내가  한 없이 밑으로만 가라 앉고 있는데  이젠 바다로 떠날 거예요(더 자유롭게)  거미로 그물 쳐서 물고기 잡으러   나는 낭만 고양이  슬픈 도시를 비춰 춤추는 작은 별빛  나는 낭만 고양이   홀로 떠나가버린 깊고 슬픈 나의 바다여   sweet little kitty  sweet little kitty -  (나는 낭만 고양이 홀로 떠나가버린..)   나는 낭만 고양이  슬픈 도시를 비춰 (도시를 비춰)  춤추는 작은 별빛   나는 낭만 고양이  홀로 떠나가버린 (떠나가 버린 아)  깊고 슬픈 나의 바다여   (sweet) sweet little kitty -
2002.09.15~09.21,10,317991,그녀의 매력 (Disco),홍경민,The Hong Kyung Min Best(1997-2002 History),2002.08.05,Dance,김창환,청바지에 흰티 파란 운동화에 윤기나는 검은 긴 머리 청순한 외모에 톡톡 튀는 말투 나는 네게 반해 버렸고 그런 너를 보며 무슨 말을 할까 망설이고 있는 나에게 너는 말했었지 남자가 속 좁게 뭘 그렇게 망설이냐고 할말이 없어 그냥 널 봤어 넌 내가 맘에 든다했었지 적당히 순수한 내 모습이 좋아 매력 있다며 한번 사귀어보자 했지 뭐야 세상이 변했어 여자가 먼저 프로포즐해 자존심 상하는데 이상하게 더 끌려 당당한 니 모습이 왠지 매력있어  좋아 한번 사귀어보자 내 맘을 이미 뺏어갔으니 누가 먼저면 어때 좋으면 그만이지 사랑에 무슨 격식이 필요하겠어 난 난 네게 반했어 정말 넌 매력있어 솔직한 그 모습 난 난 네게 반했어 난 너의 매력에 빠졌나봐  너를 보는 순간 넋이 나간 채로 뚫어지게 너만을 봤어 그런 나를 보고 처음 건넨 말이 예쁜 여자 첨 보냐했지 순간 당황해서 얼굴 붉어진 채 애써 딴청하려 하는데 너는 말했었지 농담한걸 갖고 뭘 그렇게 당황하냐며 할말이 없어 그냥 널 봤어 넌 내가 맘에 든다했었지 적당히 순수한 내 모습이 좋아 매력 있다며 한번 사귀어보자 했지 뭐야 세상이 변했어 여자가 먼저 프로포즐해 자존심 상하는데 이상하게 더 끌려 당당한 니 모습이 왠지 매력있어  좋아 한번 사귀어보자 내 맘을 이미 뺏어갔으니 누가 먼저면 어때 좋으면 그만이지 사랑에 무슨 격식이 필요하겠어  난 난 네게 반했어 정말 넌 매력있어 솔직한 그 모습 난 난 네게 반했어 난 너의 매력에 빠졌나봐
2002.09.15~09.21,11,314875,동경소녀,김광진,Solveig,2002.07.19,Ballad,허승경,오랜만이야 정말 보고 싶었지만  내 하찮은 자존심이 허락 안했어  헤어진 후에 많이 달라진것 같아  늘 해오던 긴머리가 네겐 어울려  니가 떠난 후 빈자리가  너무나 컸었다고 말하고 싶은데  goodbye my love sing love you  넌 왜 지금도 나를 자꾸만 나를 아프게 해 Oh My 지금도 너를 나만의 너를 I Still Love You 몇번씩이나 전화하려 했었지만 니 곁에선 그 사람이 맘에 걸렸어 느낄수 있어 이제 많이 편해보여 너 말없이 웃어주니 나는 서글퍼 너무 늦었나 보고싶다 내 맘은 이제와서 부담일뿐이니 goodbye my love sing love you 넌 왜 지금도 나를 자꾸만 나를 아프게 해 Oh My 지금도 너를 나만의 너를 I Still Love You 넌 왜 지금도 나를 자꾸만 나를 아프게 해
2002.09.15~09.21,12,431618,안녕이란 말 대신,비,N001,2002.05.13,Dance,박진영,무슨 말을 하려고 그러고 있니
2002.09.15~09.21,13,430487,길,영턱스클럽,Upgrade No.1,2002.08.01,Dance,이상호,오늘도 또 하루만큼 지금 그대 곁에서 더 멀어만 가요 하지만 난 먼 훗날 내 삶에서도 I was fool for you 그댈 잊으려 하는 일은 없을 거에요 you gotta go away 내게 남아 있던 기억이 내게 길들여졌던 습관이 이젠 멀어져 버린 추억이 되어 머릿속을 맴돌아 슬픔이 되고 있어 아픔 속에서 헤어날 수가 없어 같은 하늘 아래서 또 다른 시간 속에서 살아야만 하는 나의 이 길이 상처로 남아 있어 돌이킬 순 없나 저 먼 그대 길에서 우리 같은 길은 여기까진가 봐요 아주 조금씩 길게 느낀  그대 그림자처럼 오늘도 내 하루만큼 멀어졌죠 나 그대 떠나는 곳이 I was fool for you 아주 멀리라 해도 같은 이 세상일 테니 you tell me face to face 이 길엔  난 이제 그것만으로 you gotta go away 그댄 함께 있다고 그리 믿고 살게요 I'm still missing you But I'm never going back to you I know I know Uh Uh You gave me hurts I'll finding my way 잠이 오지를 않아 무슨 생각하고 있나 그저 멍하니 벽만 바라보고 있는 건가 귓가엔 째깍째깍 시계소리 머릿속엔 환청인 듯 너의 숨소리 마치 니가 내 곁에 있는 것만 같아 바보처럼 웃고 있다 거울을 봤어 슬픔 속에서 아직 남아 있어 아직도 네게서 벗어나지 못한 나 저 먼 그대 길에서 우리 같은 길은 여기까진가 봐요 아주 조금씩 길게 느낀  그대 그림자처럼 오늘도 내 하루만큼 멀어졌죠 나 그대 떠나는 곳이 I was fool for you 아주 멀리라 해도 같은 이 세상일 테니 you tell me face to face 이 길엔 난 이제 그것만으로 you gotta go away 그댄 함께 있다고 그리 믿고 살게요 내 앞에 남은 길 위엔 You come and smile again 그대 대신 추억이 항상 그림자가 되어 Why can't you turn me on 늘 이곳을 내 곁을 지켜 줄 테니 you gotta go away Baby come 저 먼 길의 끝까지 내 걱정은 말아요 You Never Leave Me Lonely Place  I Believe
2002.09.15~09.21,14,430004,달팽이와 해바라기 (Men`s Ver.),여행스케치,달팽이와 해바라기,2002.08.01,Folk,조병석,"한번만이라도 그대...고개를 돌리면...  언제나..그대곁에 내가 보일텐데..  손내밀면 닿을만큼 가까운곳에..  내가.. 말없이 서있는걸.. 그댄 모르죠...   가끔씩.. 그대 눈빛과 마주치면,....  너무 벅찬 설레임에...잠도 못이루고..  작은 내몸이..날아갈것만 같은...  비바람속에서도 난..웃음지을수 있죠..  아무것도 가진것 없죠...그대 향한 마음뿐..  그대는 내꿈의 전부죠~~  하지만 세상은 말하죠...너무나 느리다고..  끝내...상처뿐일꺼라고..   한번만이라도 그대...고개를 돌리면...  언제나..그대곁에 내가 보일텐데..  손내밀면 닿을만큼 가까운곳에..  내가.. 말없이 서있는걸.. 그댄 모르죠...   날이 저물어 창백한 달빛속에..  그대의 향기가 점점 사라져 버리고..  그런 시간의 덧없는 반복속에..  그대가 시들어 가도..내겐 눈부시죠..  아무도 날 막을순 없죠...  새들의 위협조차..오히려..내겐 용기를 주죠...  하지만 나역시 알아요...힘든 모험이란걸,,  그대곁으로 가는 길이....   한번만이라도 그대...고개를 돌리면...  언제나..그대곁에 내가 보일텐데..  손내밀면 닿을만큼 가까운곳에..  내가.. 말없이 서있는걸.. 그댄 모르죠...   한번만이라도 내가 날아갈수만 있다면..  그대의 꽃잎에 날아 앉을텐데..  속삭여도 들릴만큼,,,가까운곳에..내가..  말없이 서있는걸 그댄 모르죠..  어쩌면..그댄 내모습..영영 볼수 없겟죠.."
2002.09.15~09.21,15,432270,Condition Of My Heart,플라이투더스카이,Sea Of Love,2002.04.26,R&B / Soul,BrianMcKnight,그대가 말해주던 이별이   수많은 시간이 흘러가던 날   내게 물어오는 그대의 전화에   나는 잘 있다고 말을 했지만   기억을 잊는 건 너무 힘들어   How I cried 날 떠나던 그 날 밤   그대 있는 세상에 내가   없길 원해도   이렇게 남아 그 이별에 무너져   날 버리지 않아요 자유로운 나를   You underestimate   the condition of my heart   그대만이 삶의 전부였을 때   모든 사랑 전해 줄 수 있었죠   언젠가는 언젠가 나의 곁에   와줄거라 믿었죠   하지만 이젠 더는 그럴   수 없다는 걸   그대는 아나요 나 홀로 남겨두면   When I cried 날 떠나던 그 날 밤   그대 있는 세상에 내가   없길 원해도   나 여기에 남아 그 이별에 무너져   날 버리지 않아요 자유로운 나를   You underestimate   the condition of my heart   그대가 하고 싶은 말들이   내앞에 펼쳐지는 그 순간   예감했었던 이별   I don't wanna cry again  마음을 바꿔도 그대가 잃은 건   이미 늦어버린 멀어진 지난 날   그대가 날 원해도  How I cried 날 떠나던 그 날 밤   그대 있는 세상에 내가   없길 원해도   나 여기에 남아 그 이별에 무너져   날 버리지 않아요 자유로운 나를   You underestimate   the condition of my heart
2002.09.15~09.21,16,314558,숙아,쿨(COOL),Cool 7even,2002.07.04,Dance,김영아,더 이상 뭐를 바래 식어버린  우리사이  차라리 정리해 그게 나은가  숙숙숙숙숙아 연애만 칠년째  숙숙숙숙숙아 세월에 장사 없네  숙숙숙아숙아 차라리 끝장내  숙숙숙숙숙아 어우숙아  연애가 길어진 탓에 변한건  당연하지만  지금의 널 보면 한숨부터 나와 oh  몸매는 망가져 가고 말투는  험악해지고  이제는 정말 아줌마가 다됐어  어머 그런 너나 잘해 처음 만날 땐 밤낮 졸졸 따라 붙더니 매일또 매일 핑계만 는너  시들시들 한걸  좀 돌아와 줘 숙아숙아  처음 만난 그때로  이대로 사랑을 하기엔 우린  너무 심각해  좀 변화를줘 sugar sugar  나역시 마찬가지야  그나마도 외로워질까 만나는  것뿐인데  너부터 잘해  숙숙숙숙숙아 별꼴다 봤네  숙숙숙숙숙아 마음은 딴데 가네  숙숙숙아숙아 차라리 남이 돼  숙숙숙숙숙아 어우숙이  어차피 아는 얼굴에  화장은 안 했다 쳐도  반쪽만 남겨진 니눈썹 어딨어  oh no  먹는거 맘릴 순 없어 통통해 졌다   싶어도  커플링 까지 작아진 건 너무해  어머머 그러는 너를 봐  니 뱃살 봐 밤낮 힘준다고 되겠니  자꾸 또 자꾸 느끼해진 너  징글징글 한걸  좀 돌아와 줘 숙아 숙아  처음 만난 그때로 이대로  사랑을 하기엔  우린 너무 심각해 좀 변화를줘 sugar sugar  나역시 마찬가지야  그나마도 외로워질까 만나는  것뿐인데  oh 수기 수기 sugar sugar  좋은날도 많았지  손끝만 닿아도 뜨겁던 지난날이  그리워  지금껏 만난 순간 순간  그놈의 정이 뭐 길래  그나마도 헤어진다면 울고 불고  할텐데  우리 더 잘해  숙숙숙숙숙아 미워도 어떡해   숙숙숙숙숙아 이게 다 인연인데  숙숙숙아숙아 차라리 결혼해  숙숙숙숙숙아 어우 숙아
2002.09.15~09.21,17,1594084,슬픔 속에 그댈 지워야만 해,제이엠,네 멋대로 해라 OST,2002.08.02,Korean Movie,,창가에 불어오는 가을 바람은 텅빈 마음을 스쳐가는데 차가와진 벽에 기대어 멀리 밝아오는 새벽 하늘 바라 보곤해 보고 싶지만 가까이 갈 수 없어 이젠 그대 곁을 떠나가야해 외로웠었던 나의 메마른 그 두눈에 크고 따뜻한 사랑을 주었던 그대 곁을 이제 떠나는 것을 후회 할지도 모르지만 그대 사랑하기 때문이야 그대만을 사랑하는 걸 잊을수는 없지만 슬픔속에 그댈 지워야만 해  눈부신 햇살 아래 많은 사람들은 웃음 지으며 걷고 있지만 차갑게만 느껴지는 가을 하늘처럼 온 세상이 낯설게 보여 사랑하지만 떠날 수밖에 없어 지금 이순간이 너무 힘들어 어두웠지만 나는 알수 있었어 그대 눈가에 흐르는 눈물이 난 그대에게 상처만을 주지만 언젠간 내마음을 이해할 수 있겠지 그대곁을 이제 떠나는 것을 후회할지도 모르지만 그댈 사랑하기 때문이야 그대만을 사랑하는 걸 잊을수는 없지만 사랑하는 그대여 안녕
2002.09.15~09.21,18,500797,미워도 다시 한번 (Original Ver.),바이브,Afterglow,2002.02.01,Ballad,"신조,류재현",잘 지내고 있는 거겠죠 좀 처럼 연락이 없네요  요즘 많이 바쁜가봐요  이미 다른 사람 품에 안긴 너인데   나 미워도 다시 한번만  나 싫어도 다시 한번만  내 꿈속에 나타나줘요 이미 돌아올 수 없을만큼 떠난 너인데   I need U baby bye bye bye  가야만하니 why why why  그 모든 말은 lie lie lie  오늘도 눈물 나는게   슬퍼서 bye bye bye  가야만하니 why why why  의외로 참아내기가  힘이들어 돌아와줘  미워도 다시 한번만  어쩌면 많이 변했겠지  어쩔 수가 없겠지  아직도 나를 용서할 수 없겠지  내가 미쳤었나봐 너무 늦었나봐  다시는 너를 볼 수가 없나봐   왜 자꾸만 멀어지는건데  왜 자꾸만 잊혀지는건데  이렇게 너무 쉽게 헤어졌 다는게  믿을 수 없어 견딜 수가 없어  비오는 명동을 걸었죠  그대 생각이 많이 나네요  이런 생각하면 바보 같지만  저기 먼곳에서 그대 다시 올 것만 같아   I need U baby bye bye bye  가야만 하니 why why why  그 모든 말은 lie lie lie  오늘도 눈물 나는게   슬퍼서 bye bye bye  가야만 하니 why why why  의외로 참아 내기가  힘이 들어 돌아와줘  미워도 다시 한번만   하지만 그댈 잊어야만 하는 나 우-  I miss U baby bye bye bye  영원히 그대 bye bye bye  가야만 하니 why why why  그 모든 말은 lie lie lie   i miss U baby girl  너무 많이 보고 싶어요  오 제발 이런 나를 용서해줘요  미워도 다시 한번만 -
2002.09.15~09.21,19,314220,무한대,주석,Welcome 2 The Infected Area,2002.07.16,Rap / Hip-hop,주석,yeah destiny  테스트니 하며  핑계만 늘어대는 것이  바로 니 베스트니  시작부터 넌 자신에게 패했으니  최선이란 말 어색해  like 김치 얹은 페스츄리  운을 기다리며  자신의 틀에 맞춰 하는 노력은  너무나 평범해  지금 네 태도 흐지부지 하지 마치  선거 후 휴지조각되는  공약처럼 말이지  sky's limit like B I G kiss the sky like M E T H and to Red  말도 많고 탈도 많던  지난 세기  어느덧 거쳐 21 세기  Blood to the brovas INC 시제는 과거가 아닌 현재  ing  펼쳐나갈  nu era 선점하면 배당은 두 배다  빗나간 자 모두 내놔  더 멀리 멀리 더 빨리 빨리  한계를 뛰어넘어 더 높이 높이  더 멀리 멀리 더 빨리 빨리  money power and respect  더 높이 높이  더 멀리 멀리 더 빨리 빨리  한계를 뛰어넘어 더 높이 높이  더 멀리 멀리 더 빨리 빨리  money power and respect  더 높이 높이  U've got the power ain't  nuthin' gonna hold u back  yeah yeah U've got the money ain't  nuthin' gonna hold u back  yeah yeah U've got the power ain't  nuthin' gonna hold u back  yeah yeah U've got the money ain't  nuthin' gonna hold u back  yeah yeah yo  한 타를 위한  백만 번의 스윙도  한계를 뛰어넘어 키넘어  홈런되야 의미 있고  모두가 믿고 있던  고진감래 그만 잊고  스스로 개척해봐 발을 딛고  blah blah blah  말도 많다  내가도맡아 불평하는자  모두 입다물게하고싶다  뒤쳐진 사고방식은  No 넌 아직도 CD  난 이미  DVD and flat TV  어젯밤 꿈에서 본 포메이션  실현가능한 나만의  헤비 로테이션  현실화시켜주는  최고 협력자 중 한명인  비디오의 디렉터 서막대기  Kampfer  Throw yo hans up get yo hands up  가능성을 향해 모두 두 손을 뻗어  money power and respect  더 멀리 더 빨리 더 높이 벽을 넘어 다음으로  더 멀리 멀리 더 빨리 빨리  한계를 뛰어넘어 더 높이 높이  더 멀리 멀리 더 빨리 빨리  money power and respect  더 높이 높이  더 멀리 멀리 더 빨리 빨리  한계를 뛰어넘어 더 높이 높이  더 멀리 멀리 더 빨리 빨리  money power and respect  더 높이 높이  더 멀리 멀리 더 빨리 빨리  한계를 뛰어넘어 더 높이 높이  더 멀리 멀리 더 빨리 빨리  money power and respect  더 높이 높이  더 멀리 멀리 더 빨리 빨리  한계를 뛰어넘어 더 높이 높이  더 멀리 멀리 더 빨리 빨리  money power and respect  더 높이 높이  U've got money ah dough U've power oh no  Ain't nuthin' gonna hold u back no  U've got money ah dough U've power oh no  ain't nuthin' gonna hold u back  yeah yeah U've got money ah dough U've power oh no  ain't nuthin' gonna hold u back  yeah yeah U've got money ah dough U've power oh no  Ain't nuthin' gonna hold u back no
2002.09.15~09.21,20,1104565,Shall We Dance,김완선,S & Remake,2002.07.23,Dance,조은희,Shall we dance Till the end Love Love  지금 네 사랑안에  Free Free  마치 내 꿈결처럼  Heart Heart  너를 느끼고 있잖아  다가와 어서 나의 맘을 잡아 줘  내가 기다렸던 사실도 잊고 싶어질 만큼 난  너밖엔 안보여 참을 수 없이 흔들려 나를향한  니 눈빛이 나를 맴도는 숨결이 어지러워  Shall we dance  그 어떤 얘기도  Never say  가슴에 채워  조금씩 니 맘이 이끄는 곳으로 날 데려가  Shall we dance  시간이 멈춰져  Move in night  누구도 알 수 없게  다시 사랑해 내 마지막 행복이 될지 몰라  Love Love  지금 네 사랑안에  Free Free  마치 내 꿈결처럼  Heart Heart  너를 느끼고 있잖아  알잖아 스쳐가는 인연 중에서 운명이란  그런 느낌은 자주 오는 게 아닌 걸  그에겐 미안해 허나 어쩔수없잖아  조금 늦었을뿐인 널 이미  돌릴 수 없는 날 어떻게해  Shall we dance  그 어떤 얘기도  Never say  가슴에 채워  조금씩 니 맘이 이끄는 곳으로 날 데려가  Shall we dance  시간이 멈춰져  Move in night  누구도 알 수 없게  다시 사랑해 내 마지막 행복이 될지 몰라  힘겨운 눈물이 흘러 너의 사랑과  바꿔갈 그와의 이별 앞에  Shall we dance  쓰러질때까지  Till the end  멈출 순 없어  어차피 하나를 버려야 하나를 얻으니까  Shall we dance  영원히 안아줘  Fall in love  사랑을 받기보다  널 사랑하길 내 가슴은 간절히 원하니까
2002.09.15~09.21,21,489250,으악새,더자두,Change Yourself,2002.04.02,Dance,자두,왕년엔 친구였다 지금은 애인 됐다 왕년엔 친구였다지금은 애인 됐다 내가 요즘 들어 이상해졌어 그냥 친구로만 느껴졌는데 나의 고민거리 다 들어주던 니가 가끔 멋진 남자로 보여 나도 요즘 들어 이상해졌어 예전엔 친구들과 같이 봤는데 요즘엔 단둘이만 만나고 싶어 니가 여자로 보여 뜨거운 사랑을 택하자니 우정이 슬피 울고 영원한 우정을 택하자니 사랑이 슬피 우네 왕년엔 친구였다 지금은 애인 됐다 왕년엔 친구였다지금은 애인 됐다 난 모르겠다 모르겠다 뭐가 뭔지 난 모르겠다 널 택하겠다 택하겠다 사랑한다 에라 모르겠다 오늘 만나자는 전화가 왔어 어떤 옷을 입고 나가야 할 지 괜히 두근두근 가슴이 떨려 내가 어쩌다가 이렇게 됐나 나도 두근두근 가슴이 떨려 한번 거울 보고 또 다시 보고 매일 귀찮았던 샤워도 하고 내가 왜 이러는지 뜨거운 사랑을 택하자니 우정이 슬피 울고 영원한 우정을 택하자니 사랑이 슬피 우네 그렇게 애가 타게 찾아왔던 내 사랑이여 가까이에 숨어있던 내 사랑이여 아무것도 걱정 말아 내 사랑이여 지금부터 친구 아닌 남자로서 너를 지킬게 뜨거운 사랑을 택하자니 우정이 슬피 울고 영원한 우정을 택하자니 사랑이 슬피 우네 yeah~ 나나 나나나나 난나나나나~나나 나나나나 난나나나나 나나 나나나나 난나나나나나나 나나나나 난나나나나
2002.09.15~09.21,22,1590213,아낌없이 주는 나무 (Generous...),문희준,Messiah,2002.07,Rock,"LarryKusik,EddieSnyder",그대에게 하고픈 말 사랑해요 사랑한단 말 뿐이죠 왜 못 듣죠 내가 한 말 우리 서로 다른 길에 서있는 거겠죠 안돼 안돼  왜 아파만 해요 난 아무것도 그대의 모든걸 해줄 수가 난 없는데 오직 나만이 당신을 안아줄 수가 없는 걸 내가 할 수 있는 것이 아무것도 없는 비참한 앙상한 가지의 초라한  보잘것 없는 나의 존재 앙상한 마른 나일뿐 항상 너의 뒤에서 항상 너의 뒤에서 그립겠죠 그대 눈에 내가 비춰보이던 그때가  A time for us 커져만 가는 비참한 현실 go 꺼져만 가는 잿빛의 불씨 나의 존재 a time for us 그대에겐 내가 보이나요 난 아무것도 보이지 않는 걸 나의 마음 그리고 나 그리워요 그리워요  그대 눈에 내가 비춰 보이던 그때 사랑해요 사랑해요  그대 내겐 나의 마지막 사랑이겠죠
2002.09.15~09.21,23,431370,Hero,신화,Summer Vacation In Smtown.Com,2002.06.12,Dance,태훈,"마음속의 Resistance! 늘 언제나 Hurry up!  뭘 향해 가는지 이유조차 없어  지쳐있는 Blue eyes 빛을 잃은 Little face  그렇게도 원하던 그대 꿈이 뭔가  늘 마음 속 가까이...  우리가 있잖아 Turn around !!  이젠 나를 따라와 길을 잃지 않게  쉽게 무너지지마 내가 잡아줄게  그대 맘 속 깊은 곳 숨겨 있던  모든 꿈을 찾아 Go on!!  with Hero in your Mind   잃어버린 모든 것 다시 찾을 수 있게  우리가 돕겠어 보이지 않도록  Were Here - 4U - Go on!  가려진 길의 빛을 환하게 비출 수 있어  늘 마음속 가까이...  우리가 있잖아 Turn around !!  이젠 나를 따라와 길을 잃지 않게  쉽게 무너지지마 내가 잡아줄게  그대 맘 속 깊은 곳 숨겨 있던  모든 꿈을 찾아 Go on!!  with Hero in your Mind  Everybody pray for savin a life  메마른 대지 위에도 Gotta make a move  Im a keepin it live  somebody care for me,  every body in this right  고갤 들어 우리 손을 잡고 일어서  Please stand up! my friend!!  one-two-three Uh~ Uh~!!  쓰러져 포기하지마..  어느 누가.. 그대를 누른 대도  눈물을 닦고 내게 다가 와 널 볼 수 있게....  Turn around !!  이젠 나를 따라와 길을 잃지 않게  쉽게 무너지지마 내가 잡아줄게  그대 맘 속 깊은 곳 숨겨 있던  모든 꿈을 찾아 Go on!!  with Hero in your Mind  Im a put it down for yall yo my word is clear  simple mind blows attacks back  and forth Its my flows yo,  nobody cant even see it nobody can even touch,  it even dream it When you fear it  어떻게 뭘 향해 달려 여기 왔나  누군가 나 내 꿈은 무엇인가  뭘 더 바래 내 속 안에  환히 비춰줄 그 때가 되면 난 what what  그대 맘 속 깊은 곳 숨겨 있던  모든 꿈을 찾아 Go on!!  with Hero in your Mind"
2002.09.15~09.21,24,314397,너,M.N.J,순수의 시대 OST,2002.07.27,"Drama,Ballad",,can you feel this love inside can you listen to my mind   처음부터 잘못된 시작이었어 너와 나는  다시는 만나지도 말았어야했고  거리를 스쳐 지나가는 사람들처럼  서로를 모른 체 살아가야만 했어  아무런 상관없는 체로   누구도 허락하지 않고 하늘조차도  외면 하는 우리 사랑 이제 내가 널 떠날게  그게 널 사랑하는 것보다 쉬울 테니까  보고싶어 눈물 흘리면 니 사진으로 감추면 되니까   remember back in the days  이 시대 품에 안겨 사랑한다 속삭이던 너  한번도 나의 너는 아니었던 너  너의 눈물에 아무것도 할 수 없기에  아픈가슴으로 너를 보내줘야만 하는 나   그렇게 울고 있는 널 그렇게 슬퍼하는 널  보낼수밖에 없는 나를 이해할 수 잇겠니  하루도 너를 잊은 체 살아갈 자신 없지만  나 없는 너여야만 아픔이란 없을 테니까   차라리 너에겐 잘된 거야 이젠 날 위해 울지 않아도 돼  내가 떠나는 거야 (너를 떠난 거야)  이렇게 우리사랑은 끝이 나는 거야  모두 지우면 돼는 거야  이제 난 너에겐 없는 거야   내가 어디 있나 걱정 안 해도 돼  내 전화기다리지 않아도 돼  하루의 마지막을 나를 그리워하며  끝내지 않아도 돼 이제 나 때문에  또 다른 사랑을 놓치지 않아도 돼!  너! 너! 이젠 행복하게 살기만 하면 돼는  너! 그런 너! 이런 나의 바램이 이루어지길!  너! 너! 나는 다시 눈물 흘리질 않길 너!  슬픔도 눈물도 모두 나에게 주면 돼는 너!   그렇게 울고 있는 널 그렇게 슬퍼하는 널  보낼 수 밖 에 없는 나를 이해할 수 잇겠니  하루도 너를 잊은 체 살아갈 자신 없지만  나 없는 너여야만 아픔이란 없을 테니까   remember back in the days  이 시대 품에 안겨 사랑한다 속삭이던 너 한번도 나의 너는 아니었던 너  너의 눈물에 아무것도 할 수 없기에  아픈가슴으로 너를보내줘야만하는나   너를 떠나 보내면  나 지금까지 하지 못한 그 한마디  너를 사랑해   remember back in the days  이 시대 품에 안겨 사랑한다 속삭이던 너 한번도 나의 너는 아니었던 너  너의 눈물에 아무것도 할 수 없기에 아픈가슴으로 너를 보내줘야만 하는 나   remember back in the days  이 시대 품에 안겨 사랑한다 속삭이던 너  한번도 나의 너는 아니었던 너  너의 눈물에 아무것도 할 수 없기에  아픈가슴으로 너를 보내줘야만 하는 나 -
2002.09.15~09.21,25,317254,팬이야,자우림,Jaurim 04,2002.09.06,Rock,김윤아,아무렇지 않은 표정으로 애써 웃음지어 보여도 나는 알고 있어 때로 너는 남들 몰래 울곤 하겠지 특별할 것 없는 나에게도 마법같은 사건이 필요해 울지않고 매일 꿈꾸기 위해서 언젠가의 그날이 오면 Oh let me smile again in the sun 내보일 것 하나 없는 나의 인생에도 용기는 필요해 지지않고 매일 살아남아 내일 다시 걷기 위해서 나는 알고 있어 너도 나와 똑같다는 것을 주저앉지 않기 위해 너도 하늘을 보잖아 언젠가의 그날을 향해 I see the light shining in your eyes I'm my fan I'm mad about me I love myself 매일 거울안의 내게 말하곤 해 I'm my fan I'm mad about me I love myself 매일 거울 안의 내게 말하곤 해 어디론가 남들 몰래 사라져 버릴수만 있다면 어디에도 존재하지 않은 없었던 사람인 것처럼 내보일 것 하나 없는 나의 인생에도 용기는 필요해 지지않고 매일 살아남아 내일도 내일도 언젠가는 그날이 올까 아직 어둡게 가려진 그날 I'm my fan I'm mad about me I love myself Day after Day I'm saying same prayer for me I'm my fan I'm mad about me I love myself Day after Day I'm saying same prayer for me I see the light shining in my eyes I see the light shining in my eyes I see the light shining I see the light shining I see the light shining in my eyes
2002.09.15~09.21,26,433742,그녈 위해,JK김동욱,Lifesentence,2002.05.18,Ballad,민지영,비가오는 거릴 좋아하죠. 그래서 눈물도 많아요 빨간 장미보단 하얀 카라를... 또 담배 연길 무척 싫어하죠 처음처럼 전활 자주해줘요... 그녀가 토라질땐 수화기에 대고  그 노랠 가끔 불러줘요 아무일도 없다는듯 웃을테니 I could say i love you.  it hurts me deep in my heart. 이제 당신에게 그녈 보내요 정말 원하는건 왜 항상 갖질 못하는지  소중한건 떠나는지.. I could say i love you.  it hurts me deep in my heart. 그녈 울울린다면 나 용서 않죠... 내가 세상에서 가장 부러워할수 있는  한사람이 되겠다고 약속해요  그녀 집앞에서 멀지 않은곳 걷기 좋은곳있죠 가끔 커필 들고 그녀와 산책하곤 했죠 그것마저 이제 당신 몫인걸요 I could say i love you.  it hurts me deep in my hearts 이제 당신에게 그녈 보내요 같은남자라면 내 마음 이해해주겠죠  누구보다 행복하길 바라는맘 I could say i love you.  it hurts me deep in my hearts 부디 그녀곁에 영원해줘요 지금 당신에게 그녀를 떠나보낸일이  내가 가장 잘한일이 될수있게... 잊어주는거야 그녈위해  난 어떤 얘기도 한적없었던걸로 해요 이젠 이게 내 마지막 부탁이죠 내 그녈 위해...
2002.09.15~09.21,27,191094,My Sweetie,보아(BoA),No. 1,2002.04.01,Dance,,그대만 보면 너무 좋았죠  언제나 환한 얼굴만을 보여 준 그대 가끔씩 들려준 포근한 노래들로  작은 시련쯤은 모두 이겨 낼 수 있었죠 그대를 보러 가는 길이 좋아요  내일은 햇살 가득한 아침도  한 걸음씩 걸었죠  단숨에 달려갈 수도 있지만  아껴두고 싶은 마음인걸  아무것도 그댄 모르는 것 같아요  내가 그댈 사랑하고 있는 것도  one two 이젠 어리지가 않죠  two two 숙녀라고 볼순 없죠  하지만은 언젠가는 나도 여자가 돼 있겠죠  때론 달콤하게 조심스럽게  사랑을 말할수도 있겠죠  one two 이젠 어리지가 않죠  two two 숙녀라고 볼순 없죠  하지만 사랑해도 될까요  나 언젠가는 그대맘을 사로잡는  여자가 되고 싶어 나를 기다려 줘요  그대는 내게 딱걸렸어요  나 매일 그대 꿈을 꾸기만을 빌어요  잠에서 깨어나 그대가 마치 날 본것 같아  부끄러워질 때도 있죠  혹시라도 눈이 마주치는 날이면  하루종일 그댈 피해 다녔죠  one two 이젠 어리지가 않죠  two two 숙녀라고 볼순 없죠  하지만 사랑해도 될까요  나 언젠가는 그대맘을 사로잡는  여자가 되고 싶어 나를 기다려 줄 수 있나요  오늘 아침 왠지 그대 눈빛에  슬픔들이 고인것 같아  누가 그댈 힘들게 했나요  그대 안에 있는 누군가 보다  더 잘할 자신 내게 있어요 one two 이젠 어리지가 않죠  two two 숙녀라고 볼순 없죠  하지만 언젠가는 나도 여자가 돼 있겠죠  때론 달콤하게 조심스럽게  사랑을 말할수도 있겠죠  one two 이젠 어리지가 않죠  two two 숙녀라고 볼순 없죠  하지만 사랑해도 될까요 나 언젠가는 그대맘을 사로잡는  여자가 되고 싶어 나를 기다려 줘요  one two
2002.09.15~09.21,28,1005059,사랑속으로,김형석,마지막 바램 (Ac+E No.3),2002.05,Ballad,,"항상 웃어준 너의 곁에서, 오래 흔들린 나였지  슬픈 사랑이 지나칠 때마다, 거기 서 있었지  사랑이라고 누구에게나 소나기 같진 않나봐  사랑스러운 너에게 나 조금씩 젖어들었는걸   그대 날 위해 기다린 시간만큼  그동안 멈춰둔 사랑만큼  이제 너만을 위해 내가 있을께  넌 그저 웃어주면 돼   내가 기다린 사랑의 소설처럼  꿈같은 사랑 아니어도  이미 정해져 있던 나의 자리  영원히 지킬께   나의 눈속에 고인 슬픔은 더는 슬픔이 아니야  나를 이렇게 버려준 사랑에게 고마울 뿐인걸   그대 날 위해 기다린 시간만큼  그동안 멈춰둔 사랑만큼  이제 너만을 위해 내가 있을께  넌 그저 웃어주면 돼   내가 기다린 사랑의 소설처럼  꿈같은 사랑 아니어도  이미 정해져 있던 나의 자리  영원히 지킬께   힘겨운 슬픔이 그댈 나에게로 보내줘  항상 바라본 창밖의 모든 것을  눈부시게 해준걸..사랑해   그대 내게로 다가온 처음처럼,  언제나 함께한 연인처럼  항상 그랬듯 내가 곁에 있을께  넌 나만 바라봐줘   내가 기다린 사랑의 소설처럼  꿈같은 사랑 아니어도  이미 정해져 있던 나의 자리  영원히 지킬께 -"
2002.09.15~09.21,29,317744,내가 없어도,린애,이별후愛 (Repackage),2002.01.23,Ballad,,오늘 그댈 우연히 봤어  손을 내민다면 닿을 거리에  오랜만이란 말도 잘지냈냐는  말도 흔한 인사조차 난 못 건냈어  나는 비교도 안될 다른 사람과 함께  뭐가 그리 좋은지 웃던 그대  내가 아주 가까이 서 있다는 사실도  알지 못한채 스쳐 지났어  그저 막연히 난 바랬어  아직 그대도 날 그리워하며  이별을 후회하고 살아갈거라 믿었어 다른 사랑도 나는 차마 할 수 없었어 그댄 내가 없어도 행복한데 매일 헤매고 사는 내가 안쓰러워서 내게 하늘이 그댈 보여줬나 그는 널 잊었다고 너도 잊어주라고 내게 깨닫게 해줬던 거야 그저 막연히 난 바랬어 아직 그대도 날 그리워하며 이별을 후회하고 살아갈거라 믿었어 다른 사랑도 나는 차마 할수 없었어 그댄 내가 없어도 행복한데 이젠 내가 잊을 차례야 한사람은 버렸지만 한사람은  지키려 애쓴추억 깊은 그리움에 슬퍼도 끝내 마주치지 않았더라면 아름다운 기억만 차라리 남았을텐데 부디 그대 사랑이 영원하기를 빌며 다만 내가 모르게 해주기를 오늘 만난 그대는 행복했네 내가 없어도
2002.09.15~09.21,30,502948,빨간 운동화,박혜경,Feel Me,2002.02.20,Rock,박혜경,Longing for you  Wating for you  Hold me  Hold me in your eyes  너라는걸  너 뿐일걸 모르겠니  I will be your love  오 빨간 운동화 짧은 청바지  참 어째도 해결이 안될것 같은 곱슬머리  하지만 왜일까 자꾸 끌리는 내 마음이  어쩌면 사랑 아닐까  Longing for you  Waiting for you  Hold me  Hold me in your eyes  너라는걸  너 뿐인걸 모르겠니  I will be your love  오 착한 눈동자 수줍은 표정  넌 어쩌면 어릴적 책 속에 있던 어린왕자  그래서 당연해 자꾸끌리는 내마음이  어쩌면 사랑 일꺼야  Longing for you  Waiting for you  Hold me  Hold me in your eyes  너라는걸  너뿐인걸 모르겠니  I will be your love  깊은 밤(깊은 밤) 하얀 별(하얀 별) 그 별 속을 함께 날아요 - 간 주 중 - Longing for you  Waiting for you  Hold me  Hold me in your eyes  너라는걸  너뿐인걸 모르겠니  I will be your love  빨간 운동화
2002.09.15~09.21,32,159405,I Pray 4 U,신화,Perfect Man,2002.03.29,Dance,YoungH.Kim,잠시 눈을 감고 생각해봤어 오래 전 우리들의 약속을  어렸던 나였기에  헤어짐의 의미와  너의 눈물과 아름다운  너의 마음을 난 몰랐었어 소중했던 넌 슬픈  눈으로 내게 말했지 기억 속의 추억이 될  이곳에서 날 기다리겠다고  I pray 4 U my memories of love 넌 어디 있는지  그때처럼 어린 맘으로  널 이렇게 기다리잖아 I wish 4 U  네게 못했던 그 말 이제는 할 수 있게 됐는 걸  언젠가 다시 만나기를  I pray 4 U  From a day one to the night all day everyday  let me tell you what I talk about Everybody wanna take chips yall gon' fake this Run' em out baby girl check 1 2  Yes I want you and I never gon' hurt you mean it for sure never tell a lie and I die for you everything a  nigga touch like spark it 많이 변해버린  나의 모습이 예전 같지 않아 조금 두려워 어렸던 우리였기에 영원할 수 없음과 가슴 아픔과  서로 사랑했던 마음을  난 몰랐었어 너도 많이  변했을까 요정 같던 너 단지 변하지 않는 것이 있다면 우리 다시 만날 거란 믿음 뿐 I pray 4 U my memories of love 넌 어디 있는지  그때처럼 어린 맘으로  널 이렇게 기다리잖아 I wish 4 U  네게 못했던 그 말 이제는 할 수 있게 됐는 걸  언젠가 다시 만나기를  I pray 4 U 너무 늦어 버린 건 아닌지  넌 괜찮은 건지 괜히 걱정 될 때마다  너를 위해 기도해 How many times I have to cry How many ways I have to try 넌 잊어버린 건지  tell me why I pray 4 U my memories of love 넌 어디 있는지  그때처럼 어린 맘으로  널 이렇게 기다리잖아 I wish 4 U  네게 못했던 그 말 이제는 할 수 있게 됐는 걸  언젠가 다시 만나기를  I pray 4 U my memories of love 넌 어디 있는지  그때처럼 어린 맘으로  널 이렇게 기다리잖아 I wish 4 U 네게 못했던 그 말 이제는 할 수 있게 됐는걸  언젠가 다시 만나기를  I pray 4 U
2002.09.15~09.21,33,317027,라라라,이수영,My Stay In Sendai,2002.09.11,Ballad,,어느새 잊었나봐요 그대가 떠났다는 걸 내가 이래요 철없는 바보야 아직도 전화가 오면 그대일거란 생각에 내 목소릴 먼저 가다듬고는 하죠 습관이란 무섭죠 생각처럼 안되요 이별보다 사랑에 더 익숙하니까 잊어 볼게요 안되도 해볼게요 사랑도 추억도 없었던 것처럼 라라라라라라라라라라랄라 라랄라랄라라라랄라 쇼핑을 하며 무심코 그대 몫까지 사다가 다시 말없이 내려논 바보야 좋은 영화가 나오면 꼭 같이 보러가야지 나도 몰래 또 그런 생각해요 그댄 그랬던적 없었나요 한 번 이라도 헤어진 그 날로 끝인건가요 변해볼게요 그대가 그랬듯이 이제는 또 다른 사랑도 할게요 시간이 흘러 그렇게 살다보면 누구든 내겐 또 익숙해지겠죠 잊어볼게요 안되도 해볼게요 사랑도 추억도 없었던 것처럼 라라라라라라라라라라랄라 라랄라랄라라라랄라  그대도 날 잊고 나도 변해볼게요 그대가 그랬듯이 이제는 또 다른 사랑을 할게요 시간이 흘러 그렇게 살다보면 누구든 내겐 또 익숙해지겠죠 잊어 볼게요 안되도 해볼게요 사랑도 추억도 없었던 것처럼 라라라라라라라라라라랄라 라랄라랄라라라랄라
2002.09.15~09.21,34,433331,시간을 거슬러,K2김성면,Time To Time,2002.05.23,Rock,심현보,그래요 이 세상엔  애를 써봐도 힘든게 있죠  그대를 잊는 것도  혼자 웃는 것도 나에겐 그렇죠 며칠이 갔는지도 모르는 채 이렇게 벽만 보다가  또 그대 집 앞을 서성이죠  잊혀진다던 그 말 거짓인가요 지우다가 잠이들면 꿈 속에도 그댄 걸요  몇 번을 닦아 내도  삼켜봐도 눈물이 흐르죠  함께 있을 때도 곁에서도  그리웠던 그대였는 걸요  시간은 아무 소용없어요  그대는 나에게 영원이죠  사랑이 식었듯이 기억또한 지워져 갈 줄 알았죠  그대에게는 내가 없어도  아직 내겐 이렇게 그대뿐이죠 그리다가 깨어나면  슬픔뿐인 아침이죠  이렇게 살아가요  기다릴게 없어진 세상을 곁에 있을때도 쓰러져도 내 눈물은 그대 때문이죠  그대는 아무렇지 않나요  나 없는 하루가  기억을 거슬러 시간을 거슬러  그대를 사랑할께요  그대를 지우다 잠이들면 꿈 속에도 그댄걸요  몇 번을 닦아내도  삼켜봐도 눈물이 흐르죠 함께 있을때도 곁에서도 그리웠던 그대였는 걸요  시간은 아무 소용없어요  그대는 나에게 영원이죠
2002.09.15~09.21,35,609419,사랑하나요!?,이승환,7집 Egg,2001.12.01,Rock,"이승환,이지은",언제부터 사랑이었는지  알아채는 요령없나요  그 어떤 맘이 변해서 사랑하게 되는지  나만 훔쳐보고 싶은데   사랑하면 달라진다는데  알아채는 요령없나요  그 어떤 말을 숨기고 애태우게 하는지  그만 내게 가르쳐줘요   매일 단장하는 그대의 부지런함  나완 무관한가요 그런가요  몰라보게 착해진 마음씨에 다들 놀라요  사랑하나요   나도 그댈 사랑해  그대보다 더 오래오래  평생 웃게 해줄게  우리 둘이서 같이 산다면   그 어떤 맘이 변해서 사랑하게 되는지  그만 내게 가르쳐줘요  괜히 토라지는듯 어설픈 연기가  내겐 묘한 즐거움 귀여워요  아무 상관없는 걸 맞춰보는 건  아마도 사랑하나요   나도 그댈 사랑해  그대보다 더 오래오래  평생 웃게 해줄게  우리 둘이서 같이 산다면  나도 그댈 사랑해  그대보다 더 많이많이 평생 보살펴줄게  우리 둘이서 같이 산다면    나도 그댈 사랑해  그대보다 더 많이많이   평생 이뻐해줄게  우리 둘이서 같이 산다면  나도 그댈 사랑해..
2002.09.15~09.21,36,2093985,보내는 마음 (Feat. 양해중),내추럴플러스,The Natural,2002.04.20,Ballad,내추럴플러스,날 위한 마음 사랑이라 해도
2002.09.15~09.21,37,992576,화해연가 (和解戀歌),봄여름가을겨울,Bravo My Life,2002,Rock,김종진,그대여 날좀봐요 계속 토라져있을 건가요 용기내어 다가가는 날 버려두진 않겠죠 그대여 웃어봐요 그댄 웃는 모습이 귀여워요 시간이 이렇게 흐르면 우리는 후회하고 말꺼야 내말 들어봐요  잊었나봐요 우리가 처음 만난 날을 세상은 온통 핑크빛 구름 위 였었죠 힘이 들땐 위로하고 서로 그리워하던 그때로 우리 잠깐 돌아가보도록 해요 알아요 나도 이러고싶진 않아요 하지만 그대의 무뚝뚝한 모습을 보면 난 아무말도 못하겠어요 넌 내 반쪽이 아니라 전부라 말하던 당신이 이런 내모습까지 사랑해 줄 순 없는건가요 그대여 날좀봐요 계속 토라져있을 건가요 용기내어 다가가는 날 버려두진 않겠죠 그대여 웃어봐요 그댄 웃는 모습이 귀여워요 시간이 이렇게 흐르면 우리는 후회하고 말꺼야 내말 들어봐요  잊진 않겠죠 우리가 했던 약속들을 세상 끝까지 변치말고 행복하자던 용서하며 사는 것이 인생 아니던가요 그대여 고개들어 같은 곳을 바라봐요 알아요 자기가 하는 말이 무엇인지 하지만 나도 내맘을 어떻게 할 수 없을 때가 있어요 때로 눈물을 흘리고 자존심이 상하기도 한다구요 이런 내모습까지 따스히 감싸주면 좋을텐데 그대여 날좀봐요 계속 토라져있을 건가요 용기내어 다가가는 날 버려두진 않겠죠 그대여 웃어봐요 그댄 웃는 모습이 귀여워요 시간이 이렇게 흐르면 우리는 후회하고 말꺼야 내말 들어봐요  그대여 날좀봐요 계속 토라져있을 건가요 용기내어 다가가는 날 버려두진 않겠죠 그대여 웃어봐요 그댄 웃는 모습이 귀여워요 시간이 이렇게 흐르면 우리는 후회하고 말꺼야 그대여 날좀봐요 계속 토라져있을 건가요 용기내어 다가가는 날 버려두진 않겠죠 그대여 웃어봐요 그댄 웃는 모습이 귀여워요
2002.09.15~09.21,38,313014,너의 마음을 내게 준다면,조관우,My Memories 2,2002.05.30,Ballad,최연제,홀로이 서있는 그대는 그저 눈물만 보이고 있네요 왠지 난 슬퍼져요 워우워우워 이제 난 견딜수 없어요 그대도 누군갈 원하잖아요 내마음 느끼나요. 내게 전해줘 그대에 사랑을 마음속깊이 느낄 수 있도록 홀로 견딜수만 없는 그대 마음을 난 알고 있어요. 내게 말해줘 날 사랑한다고 돌아서면 난 없을지도 몰라~ 이제 더이상 나 기다릴 수 없어요.  이제 난 견딜 수 없어요 그대도 누군갈 원하잖아요 이마음 느끼나요 *내게 전해줘 그대 사랑을 마음속 깊이 느낄 수 있도록 홀로 견딜수만 없는 그대 마음을 난 알고 있어요 내게 말해줘 날 사랑한다고 돌아서면 난 없을지도 몰라 이제 더이상 난 기다릴 수 없어요.*  이세상 끝까지라도가리 그대가 있다면 아직은 힘겹지만 이마음만은 변함없으리  *반복  이제 더이상 난 기다릴 수 없어요.
2002.09.15~09.21,39,425453,우연,베이비복스1기,Baby V.O.X Special Album,2002.04.23,Dance,김창환,발라발라 보니꼬라 발라발라 보니따  발라발라 무에빼라 치카 발라보니따  발라발라 보니꼬라 발라발라 보니따  발라발라 무에빼라 치카 발라보니따    우연이라하기엔 너무나 심각했지  (우린 서로가 서롤모른척해야만했어)  변해 버린 모습과(oh~) 서로다른 연인과  (같은 영활보러갔다 우린 마주쳤었지)  너와 눈이 마주치던 그순간  나는 태연한척 하려 애를썼지만  당황하는 너의 표정들을 바라보면서  나도 그만 멈칫하며 당황했던거야  넌 나를 피했었고 나도 너를 외면했었지만  니 옆에 있는 연인의 얼굴이 궁금했어  나는 뒤를 돌아봤고 너도 나를 보고 있었지  우린 서로 말 없이 서로 의식하고 있었지  시간은 벌써 2년이나 다 지나갔고  그땐 우린 얼마나 많은 방황을 했었나  영원히 널 못볼꺼라 믿었었는데  우연은 또 너를 내곁에 데려다 놓았어  다정한 서로의 연인을 보며  너와난 말없는 질툴 느꼈을꺼야  눈인사도 나누지 못한채 뒤돌아서며  서로에 행복을 비는 우울한 날일꺼야~  발라발라 보니꼬라 발라발라 보니따  발라발라 무에빼라 치카 발라보니따  발라발라 보니꼬라 발라발라 보니따  발라발라 무에빼라 치카 발라 보니따    우연이라 하기엔 너무나 우스웠어  (건널 목을 건너며 다시 마주쳐 버린거야)  나는 너를 보았고 너는 고갤돌렸었지  (그렇게 우린 스치며 서로 외면했었지 )  너와 눈이 마주치던 그 순간  나는 태연한척하려 애를썼지만  당황하는 너의 표정들을 바라보면서  나도 그만 멈칫하여 당황했던거야  신호등은 짧았었고 내가 너를 돌아봤을때  (길건너에서 너는 날 바라보고 있었어)  그때마침 버스가 우릴 가로질러 갔었고  (내 연인은 날 보며 너 왜그러냐고 했지)  시간은 벌써 2년이나 지나갔고  그땐 우린 얼마나 많은 방황을 했었나  영원히 널 못볼꺼라 믿었었는데  우연은 또 너를 내곁에 데려다 놓았어  다정한 서로의 연인을 보며  너와 난 말없는 질툴 느꼈을꺼야  눈인사도 나누지 못한채 뒤돌아서며  서로의 행복을 비는 우울한 날일꺼야
2002.09.15~09.21,40,1589083,난치병,하림,다중인격자(多重人格者),2001.12.27,Ballad,탁영,이제 알 것 같아요 나는 미쳐 버린 걸 나을수 없는 흔치 않은 병처럼 그대라는 뜨거운 열은 식지 않고 몰라 모를 수 밖에 나만이 앓고 있는 지독히 깊은 그대라는 상처가 얼마만큼 참아 내기 힘든지 한 잔 술이 밤을 마취 할 뿐 내 온 몸에 너무 퍼져 버린 추억은 이젠 손 쓸 수가 없어서 그냥 떠오르게 놔두죠 너무 아파도 소리 한번 안 지르는 건 나 그렇게 나을 수 없기 때문에 단 하나 기도하는 건 돌아온 그대이기에  그 아무도 그대 떠나간 걸 몰라요 알리고 싶지 않았어요 왠지 돌아올 것 같아서 돌아와 그냥 오랜만인척 해요 나 이래야 나을 수 있기 때문에 단 하나 기도하는 나의 꿈은 그대 어느 날 문득 내가 눈을 떴을 때 숨쉬는 아침 눈이 부실 수 있게 커튼을 젖히며 날 바라보는 그대
2002.09.15~09.21,41,313002,Memories... (Smiling Tears),윤미래,Gemini,2002.05.01,Rap / Hip-hop,,if I fall two times I come back on my third 절대로 포기 않지 and that's my word if I fall five times I come harder on my sixth 조금만 더 가면돼 포기 않지 난 아직 if I'm knocked 7 times I come back on my eighth 칠전팔기 내 인생 끝까지 가볼래 now knowledge of self thru the pain in this world 난 절대로 포기 않지 and that's my word all the memories of hate and the lies don't you know eventually we'll pay the price all the hopes and the dreams will survive reunite we got to keep our faith alive 지금 21살의 어린나이로 바깥세계로 시기와 배신 그리고 검은 손길의 유혹 일찍부터 맛본 계기로 나의 어린시절 순수함은 사라지고 또 my hopes and dreams are gone 이곳을 벗어나고 싶은 욕망은 몽우리져 눈물이 되어 흘러 그냥 흘려 집 옥상으로 올라가 소리질러 미친듯이 하지만 메아리는 내게 혼자라는 비정한 말로 돌아와 비수로 날아와 멍하니 밑을 내려다봐 갑자기 날고 싶은 생각이나 자유를 향해 순수를 위해 어지러운 세상을 피해 나의 소중한 시절을 찾아 저 높은 우주에 다시는 뒤를 돌아보지 않아 그냥 끝까지 잃어버린 기억속에 찾아가 또래 친구와 같이 놀고 싶어 오직 바라는것은 넓은 동산에 누워 한가이 하늘을 바라보는것 all the memories of hate and the lies don't you know eventually we'll pay the price all my hopes and dreams they seem so far away I'm a sing a song and pray for better days just stay on mine just stay on mine just stay on mine 끊어진 전기 꽁꽁얼은 내 방구석에 내 베개를 꼭 껴안고 눈물을 흘렸던 내 스무번째 생일날 난 간절히 기도했지 신은 어딨냐고 왜냐고 책임지지 못할 날 왜 이땅에 보냈냐고 가파른 험한 내 인생의 산은 너무도 높고 아무리 올라가도 끝은 보이지 않고 막다른 골목길에 길을 잃은 나의 뒤에 그림자 마저 지쳐 I take a step a slower 모든게 난 지겨워 모두에 미소도 무서워 but let go my pipe dreams that robbed me like a viking 이대로 포기하긴 너무 일러 risin' 이불을 걷어 차고 어루어 만져봐 저 야윈 엄마의 얼굴을 바라봐 저 별들을 무심코 똑딱거리는 초침의 바늘을 거꾸로 돌려 이제 달려나가 저 앞으로 all the memories of hate and the lies don't you know eventually we'll pay the price all the hopes and the dreams will survive reunite we got to keep our faith alive so there you have it ma whole life with all its memories I'm trying figure out how to set all of my pain free sometimes I wish that I could turn the hands of time back so I could rewrite the wrong and put ma life back on the right track 되찾고 싶어 잊어버린 나의 날개 난 할래 끝까지 나의 삶을 찾아갈래 if I'm knocked 7 times I come back on my eighth 칠전팔기 내인생 끝까지 가볼래 life goes on just stay on mine life goes on
2002.09.15~09.21,42,500963,애련,KYT(코요태),필립 4집,2002.03.15,Dance,이용민,Yeah yeah back once agian Live and direct we're ready to party in full effect So get off your seats if you're ready for more I want to see boby on the dance floor Yo! ready for dance  잊으려 잊으려 해도 언제나 찾아오는 너의 향기 지우려 지우려 해도 차갑게 식어가는 너의 눈빛  다시는 나를 찾지마 죽어도 나를 찾지마 도저히 너를 볼수가 없어  잊으려 잊으려 해도 널 잊을수는 없을것만 같아 내 가슴 속에 너의 사랑 더 커져만 가잖아  그렇게 아~내맘에 너에 사랑 다 채워놓고 넌 다른 사랑 찾아갔잖아  어둠속에 사라져 간 멀어지는 널 보며 난 소리 질러 불러보지만 Can't get you out of my mind 돌이킬수 없이 흘러간 시간 속에 헤매는 나지만 왠지 영원한 너와 같이 잊혀지겠지  너와 함께한 이별까지 행복했었어 난 너를 보며 사는 이율 알았었는데  되돌아 갈수 없는걸 알고 모질게 너를 붙잡진 않았어  지금 이대로 너를 떠나 보내고 나면 내 마음 모두 다 이제 지울꺼야  널 위한 나의 사랑 모두 다 이제는 버릴테니까  잊으려 잊으려 해도 내곁에 슬픔만이 남아 있어 함께 나눴던 모습들이 날 힘들게 하잖아  그렇게 아~내 안에 너의 사랑 가득한데도 넌 내품에서 떠나가잖아 Pain that i'm trying to fight but Can't  hide my feelings inside  흐르는 눈물을 감추려 빗속을 나 홀로 걸어가 잊혀지지 않는 기억 가슴만 아파와  한순간에 너에 대한 모든 걸 다 씻어버릴 순 없나  너와 함께한 이별까지 행복했었어 난 너를 보며 사는 이율 알았었는데  되돌아 갈수 없는걸 알고 모질게 너를 붙잡진 않았어  지금 이대로 너를 떠나 보내고 나면 내 마음 모두 다 이제 지울꺼야  널 위한 나의 사랑 모두 다 이제는 버릴테니까 널 위한 나의 사랑 모두 다 이제는 버릴테니까
2002.09.15~09.21,43,489210,Last Scene,롤러코스터,Absolute,2002.03.22,Rock,조원선,나는 아무 말도 못했다  그 자리에 그냥 서있다  니가 하는 말이 무슨 뜻 인지를  한참 후에서야 알았다 그래 모든 것은 변했다  변하지 않는 건 없었다 내가 있는 곳에 너는 없다는 걸  한참 후에서야 알았다 다행히도 시간은 흐르고  아무렇지않게 너의  이름을 말하고 이제는 다 지난 얘기라고  큰 소리로 웃어보기도 하고 나 답지도 않은 말을 하고  사람들은 내가 변했다고 해 그래 모든 것은 변했다  변하지 않는 건 없었다 내가 있는 곳에 너는 없다는 걸  한참 후에서야 알았다 다행히도 시간은 흐르고  아무렇지않게 너의  이름을 말하고 이제는 다 지난 얘기라고  큰 소리로 웃어보기도 하고 나 답지도 않은 말을 하고  사람들은 내가 변했다고 그러다 어떤 날은 화가 나고  큰 소리로 울어 보기도 하고 넌 더 힘들꺼라 상상해도  아무것도 달라지는 건 없어 이제는 다 지난 얘기라고  큰 소리로 웃어보기도 하고 나 답지도 않은 말을 하고  사람들은 내가 변했다고 그러다 어떤 날은 화가 나고  큰 소리로 울어 보기도 하고 넌 더 힘들꺼라 상상해도  아무것도 달라지는 건 없어
2002.09.15~09.21,44,432835,떠!,컨츄리꼬꼬,딱! 내 스타일이에요,2002.04.08,Dance,이상백,BOOMS 와리와리 BOOMS 와리와리  아주 멀리 떠나라  너에게 한 번 두 번 세 번 자꾸 말하기 싫어  BOOMS 와리와리 BOOMS 와리와리  너를 놓아 줄 테니  그렇게 하고 싶은 데로 할 테면 다 해봐라  마지막 니 모습을 보며 아쉬움을 보이기 싫어  헤어지고 싶은 니 마음을 난 알기에 날 떠나  나나나나 나나나 날 떠나  나나나나 나나나  날 떠나간 이유를 말해 줘  왜 그리 넌 냉정하니  널 떠나 나나나 나나나  날 떠나 나나나 나나나  잘 살아라 나나나 나나나  꿈에서도 나타나지 마라   가지마라 오지마라 가지마라 오지마라 이제 날 떠나가지마  가지마라 오지마라 가지마라 오지마라  내곁을 떠나가지마  가지마라 오지마라 가지마라 오지마라  다시 너 돌아오지마   BOOMS 가리가리 BOOMS 가리가리  갈 사람은 가는걸  이 세상 믿고 싶지 않고 믿을 사람 없는데  차라리 다 잘된 일이야  서로 솔직하지 못했어  이별이란 말을 이제서야 인정 하려 해 내 사랑 나나나나 나나나 날 떠나 나나나 나나나나  잘 살아라 나나나 나나나  다시는 날 찾지마  한없이 눈물이 흐르고  온종일 눈물을 닦아도 사랑이  이렇게 만드나 후회 없이 멀리 사라져라
2002.09.15~09.21,45,104110,Season In The Sun,정재욱,A Simple Story,2001.11.20,Ballad,,Stop The Season In The Sun 이대로 멈춰버리길 바래 너의 마음과 너의 사랑과 너의 눈길도  Stop The Season You`re My Dream 모든게 꿈이 아니길 바래 내 품안에 안겨온 숨결까지 쏟아지는 햇살과 상큼한 니 미소 조금씩 젖어드는 너의 눈 부서지는 파도소리처럼 온종일 속삭이는 음성 어떤 노래보다 지금의 나보다 행복할 순 없을꺼야 Stop The Season In The Sun 더 깊이 내게 안겨 와 줄래 지금 이 순간 좀더 가까이 느끼고 싶어 Stop The Season You`re My Dream  어제는 없었던 걸로 해줘 중요한 건 너와의 오늘뿐야  모래처럼 반짝이는 너의 긴 머릿결 바람타고 스쳐가는 너 만의 멋진 그 향기 동화에서 나온 그녀처럼 꿈 깨면 사라질 것 같아 사랑을 말해도 널 품에 안아도 자꾸만 널 보고 싶어 Stop The Season In The Sun 이대로 멈춰버리길 바래 너의 마음과 너의 사랑과 너의 눈길도  Stop The Season You`re My Dream 모든게 꿈이 아니길 바래 내 품안에 안겨온 숨결까지 Stop The Season In The Sun 더 깊이 내게 안겨 와 줄래 지금 이 순간 좀더 가까이 느끼고 싶어 Stop The Season You`re My Dream  어제는 없었던 걸로 해줘 중요한 건 너와의 오늘뿐야
2002.09.15~09.21,46,517706,Loving You,신승훈,The Shin Seung Hun,2002.01.14,Ballad,양재선,눈을 뜨면 하루만큼 커진 사랑에 그대 나에게 준 행복한 아침을 시작해 오늘따라 눈이 부신 햇살 탓인지 세상 모든 것이 어제와 다르게 느껴져 혼자가 더 편하다고 생각했던 나인데 이젠 그대없는 나의 모습들은 생각하기 조차 싫은걸 감사할께 그대 있는 여기 이 세상에 태어나 수많은 사람들 중에서 그대 나의 사랑 되준걸 기억할께 그대 처음 내게 다가오던 그날이 나에겐 너무나 눈부신 또다른 세상의 시작이란걸  혼자가 더 편하다고 생각했던 나인데 이젠 그대없는 나의 모습들은 생각하기 조차 싫은걸 감사할께 그대 있는 여기 이 세상에 태어나 수많은 사람들 중에서 그대 나의 사랑 되준걸 기억할께 그대 처음 내게 다가오던 그날이 나에겐 너무나 눈부신 또다른 세상의 시작이란걸 알고 있니 어린 시절 그림 조각들처럼 너의 곁에 이미 나의 자린 정해져 있었다는 걸 감사할께 그대 있는 여기 이 세상에 태어나 수많은 사람들 중에서 그대 나의 사랑 되준걸 기억할께 그대 처음 내게 다가오던 그날이 나에겐 너무나 눈부신 또다른 세상의 시작이란걸 항상 오늘처럼 내가 너의 곁을 지킬게
2002.09.15~09.21,47,434507,이별이 오지 못하게,페이지,로망스 OST,2002.07.01,Drama,이경섭,정말 날 사랑하나요  그래요 그거면 돼요  너무 많은 걸 바래서  마음이 아팠나봐요    슬픔이 우릴 찾아도  나를 떠나면 안돼요  이미 시작된 사랑을  어떻게 보내야하는지  나는 잘 모르니까요    이별이 오지 못하게  하늘에 기도할까요  서로만 사랑하도록 이대로만  어디도 가지 못하게  깊숙이 숨겨 줄까요  우리 사랑 이대로만-    그대를 만나기전에  난 어디에 있었는지  그댈 만났던 그 날  난 다시 태어났던거죠  그대밖에 난 몰라요    이별이 오지 못하게  하늘에 기도할까요  서로만 사랑하도록 이대로만  어디도 가지 못하게  깊숙이 숨겨둘까요  우리 사랑-    눈가려도 보이니까  그대만 보면 되니까  두 눈을 감고 살까요 그럴까요  그댄 잊으면 안돼요  그대만 있으면 돼요  그러면 난 행복해요 -
2002.09.15~09.21,48,431033,구해주오,CBMass,2002 대한민국,-,Rap / Hip-hop,"Curbin,다이나믹듀오",지금 내가 들려줄 이야기 짧지만 재밌는 이야기 한번 이상 들려줄 수 없으니 내게로 더 가까이 Comeon 첫번째 니맘을 훔치고 두번째 너의 몸을 감싸고 세번째 입술을 훔치고 또 너와 그녀는 하나로 녹아내리고 첫번째 니맘을 훔치고 두번째 너의 몸을 감싸고 세번째 입술을 훔치고 또 너와 그녀는 하나로 녹아내리고 yo 친구와 함께 나간 소개팅에서 만난 그녀는 나와 맞질 않았지 그만 나는 시간과 선명한 그녀의 모습 그날밤 내 흐릿한 꿈속에 묻었지 몇일이 훌쩍 지난후 아마 uh 지난후 왠일인지 그녀의 절박한 전화를 받은 후 나의 발걸음은 어느새 약속장소로 어느 교회옆 작은 포장마차로 술은 나를 녹이고 그녀는 얘기를 시작했어 이뤄질수 없는 사랑에 힘겨워하며 더는 옛사랑의 이야기 그 아프고 슬픈 이별의 이야기 흐느끼는 그녀가 너무나 애처로웠어 그날 이후 하루 또 이틀 우리는 만났어 정신을 차렸을때 나 그녀와 미래를 약속할 결혼반지와 첫번째 니맘을 훔치고 두번째 너의 몸을 감싸고 세번째 입술을 훔치고 또 너와 그녀는 하나로 녹아내리고 첫번째 니맘을 훔치고 두번째 너의 몸을 감싸고 세번째 입술을 훔치고 또 너와 그녀는 하나로 녹아내리고 너무도 순탄하게 진행되어갔던 나의 결혼 이게 행복이란 나의 결론 내 결정에 만족했고 같이 살다보면 사랑하게된단 말처럼 조용하고 차분한 성격의 그녀는 나의 가족 또 친구들에게도 잘 맞춰주었고 나를 항상 편안하게 해준 그녀에게 감사했고 사랑한다 믿었고 yo 가끔씩 떠오르는 그녀 옛사랑에 대한 궁금증도 목구멍으로 되삼키며 힘껏 참아보고 첫번째 니맘을 훔치고 두번째 너의 몸을 감싸고 세번째 입술을 훔치고 또 너와 그녀는 하나로 녹아내리고 첫번째 니맘을 훔치고 두번째 너의 몸을 감싸고 세번째 입술을 훔치고 또 너와 그녀는 하나로 녹아내리고 yo 그렇게 행복했던 우리에게도 살며시 변화는 찾아오고 그녀는 달라지기 시작했어 그뒤로 평소 없던 외출도 잦아지고 화장대에 앉아 옷장 앞에서서 또 외모에 투자하는 시간도 길어지고 물론 처음 나 또한 그 변화를 즐겼어 그러나 성격 변화까지는 참을수 없었어 침착하던 그녀는 냉정함을 잃고 감정의 기복 또한 점점 더 커져만갔어 나는 듣고야 말았어 듣지말았어야 할 그 이야기 나 몰래 그녀가 꼭 쥐고있던 수화기 그녀에게 그 옛사랑이 다시 돌아온거지 누군가 나를 엿먹였네 내 머리통은 온통 불안과 분노 눈물로 뒤영켜 있었지 깊었던 믿음만큼 상처도 깊었지 그로부터 몇일간 난 그녀와 대화를 잃었지 그 후로 시간이 지나고 난 마음을 고쳐먹었어 그녀를 믿기로 그날의 기억은 까맣게 칠하고 yo 모든걸 용서하고 이제 화해하기로 그리고 두손에 꽃과 선물을 들고 집으로 마침내 현관문이 열리고 집안으로 마룻바닥엔 옷가지들이 여기저기 흩어져 있었네 욕실엔 그녀의 신음소리가 메아리 치고있었네 나 주저앉고 말았네 그 욕실 욕조 속에 한컷 엉켜있었네 그녀의 옛사랑 남자가 아닌 여자 첫번째 니맘을 훔치고 두번째 너의 몸을 감싸고 세번째 입술을 훔치고 또 너와 그녀는 하나로 녹아내리고 첫번째 니맘을 훔치고 두번째 너의 몸을 감싸고 세번째 입술을 훔치고 또 너와 그녀는 하나로 녹아내리고 첫번째 니맘을 훔치고 두번째 너의 몸을 감싸고 세번째 입술을 훔치고 또 너와 그녀는 하나로 녹아내리고
2002.09.15~09.21,49,431287,랄랄라,클론,The Best Hits Of 클론 2002(The History Of 클론 1996-2000),2002.05.23,Dance,김창환,더 이상 움츠리지말고 이제는 모두 일어나  그리고 함께 춤을 추며 신나게 노래를 부르자  두 손을 높이 들고 하늘 향해 흔들어  one two three four 모두 다 함께 singing!    랄랄라 랄랄랄라 랄랄라 랄랄랄라  랄랄라 랄랄랄라 랄랄라 랄랄랄라  랄랄라 랄랄랄라 랄랄라 랄랄랄라  랄랄라 랄랄랄라 랄랄라라    그렇게 망설이지 말고 자리에서 다 일어나  흥겨운 리듬에 맞춰서 신나게 몸을 흔들어봐  때로는 궁금했던 생각 모두다 벗어 던지고  이제는 모두 하나되어 다 함께 부르자 singing!    랄랄라 랄랄랄라 랄랄라 랄랄랄라  랄랄라 랄랄랄라 랄랄라 랄랄랄라  랄랄라 랄랄랄라 랄랄라 랄랄랄라  랄랄라 랄랄랄라 랄랄라라    아무리 힘들고 괴롭더라도 가슴을 활짝 펴봐~  주어진 환경을 탓하지말고 생각을 바꿔봐 고정관념을 버려~    다시 또 시작이야 힘차게 외쳐보자  한마음 한 뜻으로 다 함께 라랄랄라  바쁘게 지내오던 일상에서 벗어나  다 함께 소리 높여 라라랄라~    일어나 다시 시작이야 한번 더 크게 외치자  가슴에 맺힌 사연들은 이 순간 모두 잊고서  음악에 맞춰 모두 두 손을 좌우로 흔들어  one two three four 모두 다 함께 singing!    랄랄라 랄랄랄라 랄랄라 랄랄랄라  랄랄라 랄랄랄라 랄랄라 랄랄랄라  랄랄라 랄랄랄라 랄랄라 랄랄랄라  랄랄라 랄랄랄라 랄랄라라    그렇게 망설이지 말고 자리에서 다 일어나  흥겨운 리듬에 맞춰서 신나게 몸을 흔들어봐  때로는 궁금했던 생각 모두다 벗어 던지고  이제는 모두 하나되어 다 함께 부르자 singing!    랄랄라 랄랄랄라 랄랄라 랄랄랄라  랄랄라 랄랄랄라 랄랄라 랄랄랄라  랄랄라 랄랄랄라 랄랄라 랄랄랄라  랄랄라 랄랄랄라 랄랄라라    아무리 힘들고 괴롭더라도 가슴을 활짝 펴봐~  주어진 환경을 탓하지말고 생각을 바꿔봐 고정관념을 버려~    다시 또 시작이야 힘차게 외쳐보자  한마음 한 뜻으로 다 함께 라랄랄라  바쁘게 지내오던 일상에서 벗어나  다 함께 소리 높여 라라랄라~
2002.09.15~09.21,50,75233,비(悲)의 Rhapsody,최재훈,Believe In 5462,2000.03.09,Rock,"이세준,주영훈",이젠 눈물 그쳐 나를 봐요  우는 그대 더 아름다워  내게 이 모습 조차 더 남지 않도록  그냥 고개 돌려요  그저 미안한 마음뿐이죠  그댈 위해 해줄게 없어  모두 이해할게요 그댈 아끼는 맘  그분들도 같을 거란걸  한참 동안을 비틀거렸죠 워  그댈 사랑했던 그만큼 워  떠나가요 아주 먼곳으로  그대 소식 내게 올수 없을  그 만큼  다 잊어요 내겐 마지막이  될 사람도 모두 다 버려두고 갈게요  나를 위해 많이 애썼단걸  알고있죠 난 감사해요  허나 이룰수 없는건 어쩔수 없죠  내가 용기낼게요 이젠  죽는 날까지 사랑한대도 워  가질수 없는 그대인걸 워  떠나가요 아주 먼곳으로  그대 소식 내게 올수 없을  그 만큼  다 잊어요 내겐 마지막이  될 사람도 모두 다 버려두고 갈게요  떠나가요 아주 먼곳으로  그대소식 내게 올수 없을  그 만큼  혹시라도 내가 그리울 때면  세상에 내가 없다고 믿어요  우 그렇게 우 믿어요
