time,rank,song_id,title,singers,album,date,genre,creator,lyric
2003.06.29~07.05,1,608151,아틀란티스 소녀 (Atlantis Princess),보아(BoA),Atlantis Princess,2003.05.31,Dance,태훈,아틀란티스 소녀 (Atlantis Princess)  저 먼 바다 끝엔 뭐가 있을까 다른 무언가 세상과는 먼 얘기 구름위로 올라가면 보일까 천사와 나팔부는 아이들  숲속 어디엔가 귀를 대보면 오직 내게만 작게 들려오는 목소리 꿈을 꾸는 듯이 날아가볼까 저기 높은 곳 아무도 없는 세계  그렇게도 많던 질문과 풀리지 못한 나의 수많은 얘기가 돌아보고 서면 언제부턴가 나도 몰래 잊고 있던 나만의 비밀  (이제 정말) 왜 이래 나 이제 커버린 걸까 (이제 정말) 뭔가 잃어버린 기억 (지금 내맘) 이젠 나의 그 작은 소망과 꿈을 잃지 않기를 저 하늘속에 속삭일래  까만 밤하늘에 밝게 빛나던 별들 가운데 나 태어난 곳 있을까 나는 지구인과 다른 곳에서 내려 온 거라 믿고 싶기도 했어  그렇게도 많던 질문과 풀리지 못한 나의 수많은 얘기가 돌아보고 서면 언제 부턴가 나도 몰래 잊고 있던 나만의 비밀  (이제 정말) 왜 이래 나 이제 커버린 걸까 (이제 정말) 뭔가 잃어버린 기억 (지금 내맘) 이젠 나의 그 작은 소망과 꿈을 잃지 않기를 저 하늘속에 속삭일래  왜 이래 나 이제 커버린 걸까 (이제 정말) 뭔가 잃어버린 기억 (지금 내맘) 이젠 나의 그 작은 소망과 꿈을 잃지 않기를 저 하늘속에 속삭일래  너무나도 좋은 향기와 바람이  나에게로 다가와  어느샌가 나도 모르게 가만히 들려오는 작은 속삭임 귀를 기울이고 불러보세요 다시 찾게 될 거예요 잊혀진 기억  (생각해봐) 나 이제 더 이상 놓치진 않아 (소중했던) 나의 잃어버린 기억 (지금 내맘) 이젠 나의 그 작은 소망과 꿈을 잃지 않기를 저 하늘 속에 속삭일래  왜 이래 나 이제 커버린 걸까 (이제 정말) 뭔가 잃어버린 기억 (지금 내맘) 이젠 나의 그 작은 소망과 꿈을 잃지 않기를 저 하늘속에 기도할래
2003.06.29~07.05,2,1137829,Try To Remember,성시경,Try To Remember (Special),2003.05.27,Ballad,,"Try to remember the kind of September  When life was slow and oh, so mellow  Try to remember the kind of September  When grass was green And grain was yellow   Try to remember the kind of September  When you were a tender And callow fellow  Try to remember and if you remember  Then follow, follow   Try to remember When life was so tender  That no one wept except the willow  Try to remember when life was so tender  That dreams were kept beside your pillow   Try to remember the kind of September  When love was an ember About to billow  Try to remember and if you remember  Then follow, follow, follow   Deep in December It's nice to remember  Although you know The snow will follow  Deep in December It's nice to remember  Without the hurt the heart is hollow   Deep in December it's nice to remember  The fire of September That made us mellow  Deep in December Our hearts should remember  then follow, follow, follow -"
2003.06.29~07.05,3,455208,악으로,김진표,JP4,2003.05.12,Rap / Hip-hop,김진표,내가 있는 곳은 어딜까  꿈꿔왔던 바로 거길까  시간 지날수록 왜 이리  쉽게도 내마음 아쉽게도 변할까  벼랑 끝 아래로 내 인생의 바닥 끝으로  영화 속 낙오자의 비참한 모습 바로 그대로  사랑했던 사람들은 떠나가고 어떻게서든 살겠다고  서로 상처만이 앙상하게 남은채로 맘 상하게  허우적거려도 끝까지 나는 헤엄친다고  소용없는줄 알면서도 마지막 지푸라기 잡으려고  Throw me all your kicks(호흡가다듬고 앞으로)  I'll throw back my first(이제 다시할래 악으로)  Don't mind my tears my pain  (난 끝까지 할래 앞으로)  I'll be fine again(누가 보든 말든 악으로)   해가 지고 밤이지 오늘도 거릴 헤매지  가랑비가 적셔놓고 내 마음까지 울려놓고  나 그저 덩그러니 떨어져 나온 동그라미  똑같은 자리 돌고 돌고 huh 비웃음만 맴돌고  내 꿈은 사라진지 오래 그저 힘들때면 노래  목청껏 소리높여 부르면서 힘든 마음 이렇게나마 위로해  어디에 있을까 사라져 버린 웃음과  예전에 꾸었던 나만의 꿈은  아직 여기 마음속에 남아있을까  All those around me  They used to laugh at me  Let them finger point at me  I'm fine However much they curse at me  하나 둘 셋! 호흡가다음고 다시 앞으로  하나 둘 셋! 처음부터 다시할래 악으로  하나 둘 셋! 난 끝까지 해낼꺼야 앞으로  하나 둘 셋! 누가 보든 말든 다시 악으로  Throw me all your kicks(호흡가다듬고 앞으로)  I'll throw back my first(이제 다시할래 악으로)  Don't mind my tears my pain(난 끝까지 할래 앞으로)  I'll be fine again(누가 보든 말든 악으로)
2003.06.29~07.05,4,460396,소주 한 잔,임창정,Bye,2003.06.05,Ballad,임창정,술이 한 잔 생각나는 밤 같이 있는 것 같아요  그 좋았던 시절들 이젠 모두  한숨만 되네요  떠나는 그대 얼굴이 혹시  울지나 않을까  나 먼저 돌아섰죠 그때부터  그리워요  사람이 변하는 걸요 다시  전보다 그댈 원해요  이렇게 취할때면 꺼져버린  전화를 붙잡고  여보세요 나야 거기 잘 지내니  여보세요 왜 말 안하니  울고 있니 내가 오랜만이라서  사랑하는 사람이라서  그대 소중한 마음 밀쳐낸  이기적인 그때의 나에게  그대를 다시 불러오라고  미친듯이 외쳤어  떠나는 그대 얼굴이 마치  처음과 같아서  나 눈물이 났어요 그때부터  그리워요  사람이 변하는 걸요 다시  전보다 그댈 원해요  이렇게 취할때면 바뀌어버린  전화번홀 누르고   여보세요 나야 거기 잘 지내니  오랜만이야 내 사랑아  그대를 다시 불러오라고  미친듯이 울었어 우  여보세요 나야 정말 미안해  이기적인 그때의 나에게  그대를 다시 불러오라고  미친듯이 외쳤어
2003.06.29~07.05,5,454477,그땐 미처 알지 못했지 (Feat. 하림 On Harmonica),이적,2적,2003.05.13,Rock,이적,그땐 아주 오랜 옛날이었지
2003.06.29~07.05,6,454493,비상,KYT(코요태),비상(非常),2003.05.22,Dance,신지,Yeah yeah Party people in the house We back again 5th time around Never gonna stop naver gonna quit Once again bringing back the flava like this 끝난 거야 돌아가 이제 더 이상은 나를 찾지마 니가 싫어졌다는데 무슨 얘기가 더 필요해 함께했던 시간들 더는 없다하며 추억하지마 내가 너를 버렸다는 걸 그 하나만 기억해 다른 사랑이 오면 나란 사람 잊게 될 거야 지금 니 눈물도 외로움도 숙명인 거야 아냐 나를 봐 내 눈을 바라봐 다시 말해봐 날 보고 말해봐 모두 거짓말 그런 말 믿지 않아 가지마 떠나지마 서로 사랑의 마음을 줬잖아 우리 정주고 모든 걸 줬잖아 나를 혼자 두지마 버리지마 lay back with the sonud just get on down uh when I come around just blast it out lay back with the sound just get on down uh when I come around just blast it out come on 모든 것이 다 끝났어 널 항상 지켜 보고 싶었어 외로울 때도 보고 싶어도 세상 끝날것만 같아도 너 날 가슴 아프게 날 봐라 하지만 제발 날 잡지마 베이베 바라지마 내게 떠나가버려 and never come back 잘해주고 싶었어 너를 행복하게 해주고 싶었어 자꾸 나 때문에 우는 널 보고 싶지 않았어 내가 사라져야 해 잔인하게 널 버려야 해 작은 미련조차 남지 않게 잊을 수 있게 아냐 나를 봐 내 눈을 바라봐 다시 말해봐 날 보고 말해봐 모두 거짓말 그런 말 나 믿지 않아 가지마 떠나지마 서로 사랑의 마음을 줬잖아 우리 정주고 모든 걸 줬잖아 나를 혼자두지 마 버리지 마 어쩌면 평생토록 후회할지 몰라 나를 위해 떠난다는 말은 제발 하지마 이건 아니야 꿈이야 가지마 다시 첨으로 내게로 돌아와 제발 니옆에 아픔이 끝내지 마 다 알아 니 맘 알아 나를 버리고 떠나면 안되지 애써 싫은 척 지우려 하지마 나를 사랑하면서 떠나지마
2003.06.29~07.05,7,420520,거부,빅마마,Like The Bible,2003.02.06,R&B / Soul,신연아,자꾸 재촉하지마 터질 것만 같아 아직 끝이 아니야 난 널 믿지 않아 나 그런 눈으로 바라보는 세상 너나 돌아봐 멋대로 뜻대로 내 모습 그대로 내 멋대로 할꺼야 그래 너와 내가 다르다는 걸 왜 받아들이지 못해 내가 너를 그냥 내버려두듯이 그 무엇도 강요할 순 없어 자꾸 재촉하지마 터질 것만 같아 아직 끝이 아니야 난 널 믿지 않아 다 그렇고 그렇게 사는거라고 너는 말하지 감추고 숨기고 속이고 따지고 이게 세상이라고 서로 잘났다고 떠드는 꼴들이 우습게 보일뿐야 가르치려드는 너의 그 두 눈이 나를 더욱 약하게 하잖아 자꾸 재촉하지마 터질 것만 같아 아직 끝이 아니야 난 널 믿지 않아 내게 더 바라지 말아 지금도 지쳐하고 있는 내 마지막 기대 마저도 죽어가잖아 자꾸 재촉하지마 터질 것만 같아 아직 끝이 아니야 난 널 믿지 않아 자꾸 재촉하지마 터질 것만 같아 아직 끝이 아니야 난 널 믿지 않아 자꾸 재촉하지마 터질 것만 같아 아직 끝이 아니야 난 널 믿지 않아 착각하며 살지마
2003.06.29~07.05,8,466094,Stay,넬(NELL),Let It Rain,2003.06,Rock,김종완(NELL),Stay 내 눈물이 마를 때까지 Stay 내가 나를 모를 때까지 Stay 아주 조금만 기다려 Stay 내 기억의 주인은 나야 Stay 내가 널 보내줄 때까지 Stay 내 기억속에서라도 조금의 따뜻함이라도  간직할 수 있게해 줘 난 이미 얼어버릴 듯  한없이 차가워 너마저 떠나면 나에겐  이제 아름다움이 없어 난 이미 버려져 있고  한없이 더러워 Hey 이미 꽤 오랜 시간동안  내 안에 머물러 있었잖아 이제 그냥 집이라고 생각해 조금의 따뜻함이라도  간직할 수 있게해줘 난 이미 얼어버릴 듯  한없이 차가워 너마저 떠나면 나에겐  이제 아름다움이 없어 난 이미 버려져 있고  한없이 더러워 Stay inside my dear Don't you come out my dear  조금의 따뜻함이라도 간직할 수 있게 해줘 난 이미 얼어버릴 듯  한없이 차가워 너 마저 떠나면 나에겐 이제 아름다움이 없어 난 이미 죽어 버릴 듯  한없이 더러워 Stay my dear Stay my dear
2003.06.29~07.05,9,455260,Loveholic,러브홀릭,Florist,2003.04.25,Rock,이재학,Hah hi ho Love Hah hi ho Love  Tu tu tu tu tu tu tu tu 기억의 터널속을 나 헤매어 우는 Loveholic Hah hi ho Love Hah hi ho Love  Tu tu tu tu tu tu tu tu 너라는 숲 속에서 난 갈 곳을 잃은 Loveholic 빠빠빠빠 이런 몹쓸병 몹쓸병  숨이 막혀 죽을 것 같아 지독한 병이지 어제도 오늘도  너무 아프기만 해 그냥 멍하니 눈물이 흘러  I'm Loveholic Hah hi ho Love Hah hi ho Love 춤추는 흰 연기처럼  기억의 터널속을 나 헤매어 우는 Loveholic Hah hi ho Love Hah hi ho Love 버려진 사진기처럼  널 다신 담을 수 없어 부서져가는 Loveholic 빠빠빠빠 이런 불치병 불치병   아무것도 할 수 없잖아 못견뎌 낼꺼야 내일도 모레도  미칠 듯한 아픔에 그냥 이대로 울고 있겠지  I'm Loveholic Hah hi ho Love Hah hi ho Love 춤추는 흰 연기처럼  기억의 터널속을 나 헤매어 우는 Loveholic  Hah hi ho Love Hah hi ho Love 서러운 시린 비처럼  끝없이 쏟아내리며 한 없이 우는 Loveholic Hah hi ho Love Hah hi ho Love 날개를 다친 새처럼  너라는 숲속에서 난 갈 곳을 잃은 Loveholic Hah hi ho Love Hah hi ho Love 버려진 사진기처럼  널 다신 담을 수 없어 부서져가는 Loveholic 다가오지마  기억속 꿈속에라도
2003.06.29~07.05,10,460363,난(亂),옥주현,Nan,2003.06.02,Ballad,옥주현,잘 지내고 있겠죠   내 걱정은 물론 하지 않겠죠   난 아직 버릇처럼   그댈 걱정해요   떠나던 그 뒷모습   먼지같은 점이 될때까지도   발걸음조차 뗄 수 없던   그 날 이후   세상끝난 듯 울던 난   웃음도 나왔던 난   넋이 나간 사람처럼   낮과 밤도 잃어버린채   살았지만   다시 생각했죠   그대가 살아있단게 고맙다고   아직은 절망도 이를꺼라고   변한건 없을꺼예요   다만 그대없는 사랑도   난 지켜가죠   네번째 손가락에 오랜   시간 머문 반지자욱도   어느새 채워버린 그댈   본 날 이후   세상끝난 듯 울던 난   웃음도 나왔던 난   넋이 나간 사람처럼   낮과 밤도 잃어버린채   살았지만   다시 생각했죠   어쩌면 그대도 많이 낯설어서   조금씩 내게로 돌아온다고   그렇게 생각할래요 다만 그대   없는 사랑도   홀로 지켜가는거죠   이렇게 시작도 그랬죠  익숙한걸요  아픈것도 내 몫이죠  다만 여전히 그대만을  사랑해요 난
2003.06.29~07.05,11,463530,바보처럼,김민종,상처받은 사람들을 위해,2003.06.10,Ballad,김민종,그토록 그댈 다 잊었다고  나의 아픔도 사라졌다고  새로운 내가 되었다고  나 행복하다고 믿어 왔었는데   바보처럼 또 소리내 울고있죠  바보처럼 또 그댈 찾아요  그댄 이미 다른 사람과  행복하게 지내는데   멍해진 내가 싫었죠  나의 아픔도 더 갈 곳없죠  행복한 그대를 보면서  그대처럼 나도 지내고 싶은데   바보처럼 또 소리내 울고있죠  바보처럼 또 그댈 찾아요  그댄 이미 다른사람과  행복하게 지내는데   오직 그댈 위해서  잘했었는데 그랬었는데  믿고있던 그대였는데   바보처럼 또 소리내 울고있죠  바보처럼 또 그댈 찾아요  그댄 이미 다른 사람과  행복하게 지내는데   오- 바보처럼 또 소리내 울고있죠  바보처럼 또 그댈 찾아요  그댄 이미 다른 사람과  행복하게 지내는데 -
2003.06.29~07.05,12,440982,진달래꽃,마야,Born To Do It,2003.02.27,Rock,,나보기가 역겨워 가실 때에는  말없이 고이 보내 드리오리다  나보기가 역겨워 가실 때에는  죽어도 아니 눈물 흘리오리다   날 떠나 행복한지  이젠 그대아닌지  그댈 바라보며 살아온 내가  그녀 뒤에 가렸는지   사랑 그 아픔이 너무 커  숨을 쉴 수가 없어  그대 행복하게 빌어줄께요  내 영혼으로 빌어줄께요   나보기가 역겨워 가실 때에는  말없이 고이 보내 드리오리다  영변에 약산 진달래꽃  아름 따다 가실 길에 뿌리오리다   가시는 걸음 놓인 그 꽃을  사뿐히 즈려 밟고 가시옵소서  나보기가 역겨워 가실 때에는  죽어도 아니 눈물 흘리오리다   내가 떠나 바람되어 그대를 맴돌아도  그댄 그녈 사랑하겠지   나보기가 역겨워 가실 때에는  말없이 고이 보내 드리오리다  영변에 약산 진달래꽃  아름 따다 가실 길에 뿌리오리다   가시는 걸음 놓인 그 꽃을  사뿐히 즈려 밟고 가시옵소서  나보기가 역겨워 가실 때에는  죽어도 아니 눈물 흘리오리다   나보기가 역겨워 가실 때에는  죽어도 아니 눈물 흘리오리다 -
2003.06.29~07.05,13,2247748,The Best,유진,My True Style...,2003.05.30,Ballad,Yukon,You are the best thing in my life 언제나 나의 곁에서 행복한 꿈을 꾸는 그대가 있어 눈뜨면 깨어진 꿈이될까 두려워했죠 처음으로 느낀 사랑이니까 어려서부터 혼자인 나를 애처롭게 바라보는 그 눈빛 너무나 싫었어 눈물도 마른 상처를 느꼈을때에는 난 너무나도 커버렸었지 우연히 스쳐지난 그댈 본 순간 처음으로 사랑이 내 가슴속으로 들어왔었죠 You are the best thing in my life 세상이 아름다운건 나만을 지켜주는 그대가 있어 영원히 함께할 꿈이 되길 기도할께요 너무 아름다운 사랑이니까 언제까지나  잠시 날 떠나갔을때 슬픔 속에 그댈 원망하며 잊으려 노력해봤지만 어쩌다 마주칠거란 기댈 간직하며 오랫동안 그리워했었지 따뜻한 그대 손을 처음 잡던 날 달콤했던 입맞춤이 내 영혼까지 감싸 안아줬죠 You are the best thing in my life 언제나 나의 곁에서 행복한 꿈을 꾸는 그대가 있어 눈뜨면 깨어진 꿈이될까 두려워했죠 처음으로 느낀 사랑이니까 언제까지나 너무나 아픈 상처 숨겨왔지만 이젠 더 이상 눈물따윈 없어 그대여 나의 길을 밝혀줘요 온 세상 끝까지라도 언제나 그댈 사랑해 You are the best thing in my life  영원히 함께할 꿈이되길 기도할께요 너무 기다리던 사랑이니까 언제까지나
2003.06.29~07.05,14,456856,"Fly High (Feat. 정인, 하림(河琳))",리쌍,"재, 계발(再啓發)",2003.05.22,Rap / Hip-hop,개리,fly high 저 위로 다 잡은 맘을 놓치지 말고 fly high 더 위로 나를 가둔 생각은 모두 fly high 저 위로 주먹을 꽉 쥔 너만을 믿고 fly high 더 위로 오 희망을 담은 태양을 달고 아무리 생각해도 너무나 바보처럼 살아온 내 지난날 한창 어려웠던 시절 항상 주머니가 텅텅 벼 방바닥만을 기며 신세 타령만 하던 날 위해 잔소릴 하시던 엄말 한없이 원망 또 원망하며 힘들게 살라고 나를 낳았나요 그렇게 맘속으로 외치던 바로 그때 그때 난 참 바보 같았지 또 털빠진 닭처럼 초라한 내차림 때문에 사람들이 많이 모인 자릴 괜히 피하며 고개를 들지 못했던 바로 그때 그때 난 참 바보 같았지 fly high 저 위로 다 잡은 맘을 놓치지 말고 fly high 더 위로 나를 가둔 생각은 모두 fly high 저 위로 주먹을 꽉 쥔 너만을 믿고 fly high 더 위로 오 희망을 담은 태양을 달고 i got to go 고개들어 나를 느껴 feeling i got to go 손을 들어 다같이 fly high 열이면 열 백이면 백 모두가 다 말렸던 사랑에 난 허기진 밸 채우는 개 마냥 사랑에만 미쳐 친구고 일이고 다 버리고 불철주야 사랑이 전부야 그렇게 외치다 결국 이별이 들이닥쳐 괜히 난 죄없는 벽을 쳐 떨리는 손으로 붕대를 감던 그때 그때 난 참 바보 같았지 바보 같았던 지나온 날들을 이젠 난 잊고서 희망의 연을 날려 fly high 저 위로 다 잡은 맘을 놓치지 말고 fly high 더 위로 나를 가둔 생각은 모두 fly high 저 위로 주먹을 꽉 쥔 너만을 믿고 fly high 더 위로 오 희망을 담은 태양을 달고 i got to go 고개들어 나를 느껴 feeling i got to go 손을 들어 다같이 fly high 술에 취해 비틀 거리던 어제 가로등을 붙잡고 했던 나의 맹세 다시는 그 지독한 돈 냄샐 더 맡지 못한다고 내 삶을 비관하진 말자 또 사랑때문에 내 소중한 일과 사람 그 모든걸 바람처럼 모른체 하는 배신잔 더더욱 되지말자 그리고 언제 어디서나 당당하자 그렇게 다짐하고 24시간이 지나 또 아무것도 지키지 못한 어리석은 나 다시 한번 그 다짐을 반복해 그리고 내 그림잘 보며 소리치며 욕해 왜 그리도 넌 바보처럼 살았냐고 fly high 저 위로 다 잡은 맘을 놓치지 말고 fly high 더 위로 나를 가둔 생각은 모두 fly high 저 위로 주먹을 꽉 쥔 너만을 믿고 fly high 더 위로 오 희망을 담은 태양을 달고 fly high 저 위로 저 위로 날아가는 꿈을 꿔봐 fly high 더 위로 나를 가둔 생각은 모두 fly high 저 위로 주먹을 꽉 쥔 너만을 믿고 fly high 더 위로 오 희망을 담은 태양을 달고 fly high 저 위로
2003.06.29~07.05,15,465286,안녕,박혜경,Seraphim,2003.06.17,Rock,"강현민,박지원,박혜경",외로운 날들이여 모두 다 안녕
2003.06.29~07.05,16,447865,한번 단 한번,세븐,Just Listen.......,2003.03.08,Ballad,"dk,박경진",날 이제 그만 너의 곁으로  돌아가도록 해줘  그런 네 맘 어디도 있지 않은  차가운 말은 싫어 yeh-  첨 만난 그날 처럼 미소를 나에게 줘  다시 바라봐 줘 Uh-   아무런 말도 못하고 서 있는  나를 용서 해줘 네 곁에만 있을게  For you For you  널 울리지 않을게 약속해 너에게   한번 단 한번 아픈 내 마음을 알아줘  너를 바라는 너 하나 사랑한 내 맘을  너를 떠나선 행복할 순 없어 난  You Don't have to be along  그저 내 사랑 알기만 해줘   나조차 모를 만큼 빠르게  빠져 버린 거야 네가 아파할 줄은  나 몰랐나 봐 나 잊었나 봐  하지만 한 순간도 내 맘이  널 떠나 살진 않았어   믿어줘 날 널 사랑하는 날 제발-  네 곁에만 있을게  For you For you-  널 울리지 않을 게 약속해 너에게   한번 단 한번 아픈 내 마음을 알아줘  너를 바라는 너 하나 사랑한 내 맘을  너를 떠나선 행복할 순 없어 난  You Don't have to be along  그저 내 사랑 알기만 해줘   (난 아직 까지 한번도 네 사랑 없이  다른 누굴 사랑할 자신도)  다른 사람 사랑 할 생각한 적 없는데   한번 단 한번 아픈 내 마음을 알아줘  너를 바라는 너 하나 사랑한 내 맘을  너를 떠나선 행복할 순 없어 난  You Don't have to be along   한번 단 한번 아픈 내 마음을 알아줘  너를 바라는 너 하나 사랑한 내 맘을  너를 떠나선 행복할 순 없어 난  You Don't have to be along  그저 내 사랑 알기만 해줘 -
2003.06.29~07.05,17,465218,Shine,슈가,Shine,2003.06.18,Dance,주영훈,끝이없는 어둠속에  언제나 홀로 버려진 내모습 눈물로 지샌 밤이 많았었던  기나긴 어제의 나 그렇게 외로웠던 시간속에  조금씩 환한 빛이 날 비추고 내앞에 그대라는 큰사랑이  날 찾아와 준거죠 이젠 더 이상 슬픔없게  이 사랑을 소중히 간직해요 닫혀진 내 맘을 활짝 열어둘게요  그대가 주인이죠 이런 사랑에 감사해요  다시 난 태어났죠 그댈 만나기 위해 비워둔 자리죠  이제야 행복해요 무엇도 필요없죠 아껴둔 내마음을  그댈위해 드려요 나의 지친얼굴속에 어느새  미소마저 사라지고 지나간 기억만을 원망했던  어리석은 나였죠 그런 나에게 손 내민건  그대라는 커다란 귀한 선물 이제는 우리가 함께 만들어가요  새로운 추억들을 이런 사랑에 감사해요  다시 난 태어났죠 그댈 만나기 위해  비워둔 자리죠 이제야 행복해요 무엇도 필요없죠 아껴둔 내마음을 그댈위해 드려요 - 간 주 중 - Baby Please never Break my heart 영원할 수 있도록 항상 그 환한 미소로 그대를 반길게요 이런 사랑에 감사해요 다시 난 태어났죠 그댈 만나기 위해 비워둔 자리죠 이제야 행복해요 무엇도 필요없죠 아껴둔 내마음을 모두 그대에게 하늘도 샘날 만큼 그렇게 사랑해요 내가 가진것 모두 그댈 위해 드려요
2003.06.29~07.05,18,445413,사랑합니다...,팀,영민,2003.03.01,Ballad,강은경,나빠요 참 그대란 사람  허락도 없이 왜 내 맘 가져요  그대 때문에 난 힘겹게 살고만 있는데  그댄 모르잖아요 알아요 나는 아니란 걸  눈길 줄 만큼 보잘 것 없단걸 다만 가끔씩 그저 그 미소 여기 내게도  나눠줄 순 없나요 비록 사랑은 아니라도 언젠간 한번쯤은 돌아봐 주겠죠  한없이 뒤에서 기다리면 오늘도 차마 못한 가슴속 한마디 그댈 사랑합니다 어제도 책상에 엎드려  그댈 그리다 잠들었나봐요 눈을 떠보니 눈물에 녹아 흩어져 있던  시린 그대 이름과 헛된 바램뿐인 낙서만 언젠간 한번쯤은 돌아봐 주겠죠  한없이 뒤에서 기다리면 오늘도 차마 못한 가슴속 한마디 그댈 사랑합니다 이젠 너무 나도 내겐 익숙한  그대 뒷모습을 바라보며 흐르는 눈물처럼 소리없는 그말 그댈 사랑합니다
2003.06.29~07.05,19,609674,한국인 (韓國人),MC스나이퍼,2집 초행 (初行),2003.05.14,Rap / Hip-hop,MC스나이퍼,Real Reggae Hip hop Music 자메이카로 향해 Lord Have Mercy 세상말세 어지러운 난항세 따스함을 네게 전해 스나이퍼와 함께 절실함을 가진 새 Buddha baby 만만세 Real Reggae Hip hop Music 자메이카로 향해 Lord Have Mercy 세상말세 어지러운 난항세 따스함을 네게 전해 스나이퍼와 함께 절실함을 가진 새 Buddha baby 만만세 세계 속의 동양인 그래 나는 한국인 시베리아를 누비고 다니는 조선호랑이의 주인 기나긴 세월 속에 태어난 알라딘 보다 강한 의지의 신 고구려인 만주벌판을 달리는 광개토 그의 사고 그 안에서 뜻을 펼쳐 만든 한반도 절대 한번도 패한 적이 없는 여기가 내가 발을 딛고 숨쉬는 Yo! 한국이다! 끝없는 동양의 난세 그 속에 거세게 몰아치는 태풍을 만나 한국이라는 돛단배 노를 못저어 침몰하는 나약함이란 없다 절대 병든 새 마냥 이제 움트리지 않는 시대 동쪽에 뜨는 해는 니가 아닌 나다 거듭나는 세계화속에 떠오르는 예술가 정통 힙합 그건 엄마에게나 물어봐 고집불통인 나는 Yo! 고구려 힙합! 한국 참소리 일어 일어서라 힘든 시련은 안녕 음 Good Bye Real Reggae Hip hop Music 자메이카로 향해 Lord Have Mercy 세상말세 어지러운 난항세 따스함을 네게 전해 스나이퍼와 함께 절실함을 가진 새 Buddha baby 만만세 Real Reggae Hip hop Music 자메이카로 향해 Lord Have Mercy 세상말세 어지러운 난항세 따스함을 네게 전해 스나이퍼와 함께 절실함을 가진 새 Buddha baby 만만세  신을 믿지만 신은 없다 믿는건 자기 자신 어려운 사람들 거리에서 망연자실 울고 떨고 춥고 배고픈 이들 제치고 바쁜 이들 높은 하늘 무관하게 야속한 이 삭막한 세상 높은 정상에 오른 이들은 이상만을 쫓고 평민의 슬픔 고달픔에는 아직도 귀를 닫고 가슴 아픈 서글픔에 여태 한국은 울고 길도 보이지 않는 곳에 닦는 삶의 도로 우리나라 좋은나라 대한민국만세 대한민국만세 태양이 드면 하나 둘씩 씩씩한 삶을 그늘진 곳에 빛도 없어 칙칙한 삶을 동쪽에 뜨는 해는 우리 모두가 되자 거듭나는 세계화 속에 떠오르는 예술가 정통힙합 그건 스나이퍼에게 물어봐 한민족의 삶을 Yo! 고구려 힙합! Real Reggae Hip hop Music 자메이카로 향해 Lord Have Mercy 세상말세 어지러운 난항세 따스함을 네게 전해 스나이퍼와 함께 절실함을 가진 새 Buddha baby 만만세 Real Reggae Hip hop Music 자메이카로 향해 Lord Have Mercy 세상말세 어지러운 난항세 따스함을 네게 전해 스나이퍼와 함께 절실함을 가진 새 Buddha baby 만만세 한국 참소리 일어 일어서라 힘든 시련은 안녕 음 Good Bye 우린 슬퍼도 한국은 이제 일어서 여기 삶 소리 스나이퍼 소리가 절실하게 다가가 Real Reggae Hip hop Music 자메이카로 향해 Lord Have Mercy 세상말세 어지러운 난항세 따스함을 네게 전해 스나이퍼와 함께 절실함을 가진 새 Buddha baby 만만세 Real Reggae Hip hop Music 자메이카로 향해 Lord Have Mercy 세상말세 어지러운 난항세 따스함을 네게 전해 스나이퍼와 함께 절실함을 가진 새 Buddha baby 만만세
2003.06.29~07.05,20,430908,제비,김건모,Hestory,2003.02.27,Dance,최준영,도대체 사랑이 뭔데 왜 나를 울리는 거야
2003.06.29~07.05,21,452849,Again To Me,차태현,The [Bu:k],2003.05.02,Ballad,거목,왜 너를 사랑했던 걸까  왜 내맘을 모두 너에게 주었나  왜 내겐 이별이 끝이 아닌걸까  뜨겁게 사랑했던 우리  돌아서서 남이 되어야만 하나  다시 돌릴순 없나 사랑해  잊어보려 널 원망해도  미워하려 다짐해봐도  달라질 것도 없이 넌 내게 사랑일뿐이야  행복했던 시간들이  추억이아닌 비수되어  내 가슴을 찔러도 별수 없이 쓰린  가슴만 부여잡지  왜 너를 사랑했던 걸까  왜 내맘을 모두 너에게 주었나  왜 내겐 이별이 끝이 아닌걸까  뜨겁게 사랑했던 우리  돌아서서 남이 되어야만하나  다시 돌릴순 없나 사랑해   다정했던 너의 눈빛을  사랑이라 믿었던 거야  단 한번도 우리에 이별을 생각하지 못했어  멀어져가는 우리에  희미해지는 기억속에  너의 미소는 조금도 바래지않고  나를더 힘들게 해  왜 너를 사랑했던 걸까  왜 내맘을 모두 너에게 주었나  왜 내겐 이별이 끝이 아닌걸까  뜨겁게 사랑했던 우리  돌아서서 남이 되어야만하나  다시 돌릴 순 없나 사랑해  다시 내게로 와줘 사랑해
2003.06.29~07.05,22,1726654,The Secret Garden,이상은,Out Of Space,2007.08.31,Ballad,이상은,"All I wanna know Where's the secret garden Inside of you And where's the zoo Then you will know I'm not different from you I'll say the names of trees with fruits  bring the sleeping monsters, too If you hide your nails of violence I will leave you with ignorance When I'm tired of your zoo Don't say that I don't trust you Sometimes you didn't notice that I can choose You're not the universe as I am It's like a small town Worse than a jail sometime. You're not the universe as I am Don't terrify me never waste your time La la la la la la la la La la la la la la la la La la la la la la la la La la la la la la La la la la la  All I wanna know is Why you're treating yourself As an eagle with hunger Where's the clue Then you will know You just another victim Hope that I know how to pray For your painful monsters You know If you cut your nails of violence  No one say That you are not innocence When you are tired of being good There so many other joys Will come to you Sometimes You didn't notice the changes You're not the universe as I am Its' like a small town Worse than a jail sometime You're not the universe as I know Don't terrify me never waste your time I know you have your own secret garden Is it just like mine or better than where I've been You're not the universe as I am Don't terrify me never waste your time"
2003.06.29~07.05,23,439346,친구 붕우 (朋友),안재욱,Reds In Anjaewook 4,2003.03.17,Ballad,LIUSIMING,괜스레 힘든 날 턱없이 전화해  말없이 울어도 오래 들어주던 너  늘 곁에 있으니 모르고 지냈어  고맙고 미안한 마음들  사랑이 날 떠날때 내 어깰 두드리며  보낼 줄 알아야 시작도 안다고  얘기하지 않아도 가끔 서운케 해도  못믿을 이 세상 너와 난 믿잖니   겁없이 달래고 철없이 좋았던  그 시절 그래도 함께여서 좋았어  시간은 흐르고 모든게 변해도  그대로 있어준 친구여  세상에 꺾일때면 술 한잔 기울이며  이제 곧 우리의 날들이 온다고  너와 마주 앉아서 두 손을 맞잡으면  두려운 세상도 내 발 아래 있잖니  세상에 꺽일때면 술 한잔 기울이며  이제 곧 우리의 날들이 온다고  너와 마주 앉아서 두 손을 맞잡으면  두려운 세상도 내 발 아래 있잖니  눈빛만 보아도 널 알아  어느 곳에 있어도 다른 삶을 살아도  언제나 나에게 위로가 되준 너  늘 푸른 나무처럼 항상 변하지 않을  너 얻은 이 세상 그걸로 충분해  내 삶이 하나 듯 친구도 하나야
2003.06.29~07.05,24,454839,길 (Feat. 불독맨션),데프콘,Lesson 4 The People,2003.05.13,Rap / Hip-hop,데프콘,내 노래 가락에 이 길을 간다네 시원한 바람에 이 길을 간다네 내 노래 가락에 이 길을 간다네 에헤~ 이틀밤을 샜어 내 방한가운데서 많은시간을 내서 떠올린 말을 뱉어  완성한 내 가사의 깊이를 찾으려고 애써 노력을 해봤는데~안돼겠어 답답해지는 이 기분을 달래고 보자 무작정 밖으로 나가서 화내고 보다보니까 가만히 생각을 해보니까 뭘하나 빠트렸던거야 바보~ 바로 지금 내 눈앞에서 보이는 저기 저 아이들에게서 나오고 있는 환한얼굴속에서 보여지는 여유~ 그걸 잠시잊어버리고 있었거든 그래 알았다 이제바로시작하자 여유를 담으니 내 낭만의시 하나가 더욱더 멀리퍼져나간다 차차차 모두같이부르세 라라라 내 노래와(나의 시는)빛을 지녀 아주 단단히 해가되어 가나니 달라진다 다지난 그날까지 내노래와(나의 시는)길을 지켜 바른 낱말이 빛이되어 발하리 달라진날을 맞이한 사람만이 내나이 스물여덟 이제한숨은없어 벅찬가슴을 열어 남자의 꿈을던져 아무리 가진게 없다 할 지라도 내가 걷는길이 자갈밭이라도 난 원망은 안해요 이모두를 기쁘게 받아들일꺼야 그리고 푸른 하늘에 떠있는 구름을 즐기면 또 느껴 여유로운나를 기념할꺼야 힘든가요 세상이 짖��나요? 당신을 몰라주는 사람들이 미운가요? 하지만 조금만 더 생각하고 뒤를봐요 저마다 아름답게 손을잡고 길을가요 지금이 어렵다고 생각할진 몰라도 조금은 단순하게 사는것도 좋아요 그래요 모두같이 시작해요 차차차 한번 더 크게 라라라 내 노래와(나의 시는)빛을 지녀 아주 단단히 해가되어 가나니 달라진다 다지난 그날까지 내노래와(나의 시는)길을 지켜 바른 낱말이 빛이되어 발하리 달라진날을 맞이한 사람만이  내 노래와(나의 시는)빛을 지녀 아주 단단히 해가되어 가나니 달라진다 다지난 그날까지 내 노래와(나의 시는)길을 지켜 바른 낱말이 빛이되어 발하리 달라진날을 맞이한 사람만이 내 노래와(나의 시는)빛을 지녀 아주 단단히 해가되어 가나니 달라진다 다지난 그날까지 내노래와(나의 시는)길을 지켜 바른 낱말이 빛이되어 발하리 달라진날을 맞이한 사람만이
2003.06.29~07.05,25,429655,연인(戀人),김형중,Kim Hyung Joong 1,2003.02.14,Ballad,김형중,잊는다는게 지운다는게  이렇게 힘이 들 줄 몰랐어  어딜 봐도 어느 곳에 있어도  온통 너의 기억 뿐인걸  넌 괜찮은거니 벌써 잊은거니  나처럼 너도 많이 힘드니  애써 봐도 다른 누굴 만나도  나처럼 너도 날 생각하니  가끔 니 사진을 보며 웃곤 해  나 없는 곳에서 잘 지내냐고  널 잊어버리려 너를 지워버리려  아무리 해봐도 널 지울 수 없어  너를 닮은 누군가를 만나서  너의 모습을 찾진 않을까 그게 두려워   가끔 니 사진을 보며 생각해  이렇게 힘들 줄 난 몰랐어 워우워-  널 잊어버리려 너를 지워버리려  아무리 해봐도 널 지울 수 없어  이제야 느껴 너의 짜증까지도  내게 얼마나 소중했는지  널 잊어야만 해 너를 지워야만 해  다시 되돌릴 수 없다는 걸 잘 알기에  어느 곳에서 어느 누굴 만나도  그런 사랑은 다시 없을 것 같아  그게 두려워.. 난 그게 두려워
2003.06.29~07.05,26,418254,바보같은 내게,김범수,보고 싶다,2002.12.11,Ballad,이현도,여전히 우린 이렇게 마주 앉아 있지만  너는 이미 떠난것 같아 워-  요즘 더욱 더 어색한 너의 모습앞에서  내 가슴은 텅빈 것 같아  사실 나는 알아 우리의 헤어짐이 곁에 왔음을  하지만 모르는 척 할 수 밖에 난 없어  지금 이 순간에 난 세상 가장 나약한  또 가장 큰 슬픔속에 빠져버린 남자일뿐이야 오-  어떤 말이라도 내게 먼저 말해줘  나는 이미 네 맘을 알고있어 괜찮아  넌 떠나가지만  그런 너의 모습마저 사랑한  나는 그대로 일 테니까   아직도 너는 나에게 말하지 않았지만  니가 이미 떠난걸 알아 오- 요즘 더욱 더 어색한 너의 모습 앞에서  내 가슴은 텅빈 것 같아  사실 나는 알아 우리의 헤어짐이 곁에 왔음을 하지만 모른 척 할 수 밖에 난 없어  지금 이 순간에 난 세상 가장 나약한  또 가장 큰 슬픔속에 빠져버린 남자일뿐이야 워-   어떤말이라도 내게 먼저 말해줘  난 이미 니 맘을 알고있어  괜찮아  넌 떠나가지만 그런 너의 모습마저 사랑한  나는 그대로일 테니까  그동안 나에게 숨겨왔던 수 많은 거짓들  그렇지만 나는 너를 원망 할 수가 없었어  내가 할 수 있는것이란 단 한 가지 뿐이야  이런 너까지 사랑하는 것  이런 바보같은 내게 먼저 말해줘  나는 이미 네 맘을 알고 있어 괜찮아  넌 떠나가지만  그런 너의 모습마저 사랑한  나는 그대로일 테니까   내게 제발 이런 내게 먼저 말해 줘  알고있어 괜찮아 너 떠나가지만  그런 너의 모습마저 사랑한  나는 그대로일 테니까  나만 슬퍼하면 되니까
2003.06.29~07.05,27,418596,그대 돌아오면..,거미,Like Them,2003.02.01,R&B / Soul,박경진,참 그대 차가웠죠 마지막 인사까지도  그 흔한 한마디 잘 지내란  말도 없이 돌아섰죠  그대는 괜찮나요 지금은 행복한가요  난 힘이 들어요 바보처럼 아직도  그대 생각만을 해요  빈 수화기를 들고 그대 이름 불러요  아무것도 누르지 못한 채로  그댄 그렇지 않죠 이젠 나의 얼굴도  내 목소리도 잊은거겠죠  아직 혼자 남은 추억들만 안고 살아요  우리 함께 걷던 그 거리를 혼자 걸어요  혹시 걷다보면 나를 찾는 그대를 만나  다시 그대와 사랑하게 될까봐    그대에게 쓴 편지 보내지도 못하고  내 두손에 가만히 놓여 있죠  그댄 그렇지 않죠 나와 나눈 얘기도  기억도 모두 묻은거겠죠  아직 혼자 남은 추억들만 안고 살아요  우리 함께 걷던 그 거리를 혼자 걸어요  혹시 걷다보면 나를 찾는 그대를 만나  다시 그대와 사랑하게 될까봐  오늘 그댈 본다면 말해야 하는데  그대 찾고 있었다고  다시 나의 곁에서 떠나려고 한다면  이젠 안된다고  지친 기억들만 안은채로 살긴 싫어요  슬픈 그 거리를 그대 함께 걷고 싶어요  이런 나의 마음 그대에게 닿길 바래요  다시 그대와 사랑할 수 있도록  그대 돌아온다면
2003.06.29~07.05,28,417895,나 어떡해,엔알지(NRG),Hit Song,2003.02.07,Dance,천명훈,나 어떻게 해 구해줘 빨리 Honey 지금 난 너를 원해 후후후 나 어떻게 해 살려줘 빨리 Honey  지금 나 달려갈께 후후후 후후 나 지금 네가 무지무지 정말 보고 싶은데 너는 왜 내게 관심도 없고 한눈 파는데 맨날 이남자한테 호호호호 저 남자한테 깔딱깔딱 아무 남자한테나 눈 웃음을 치니 와 섭섭하네 I Know I See 나는 집도 절도 없고 뚜벅이에 컴퓨터 고장 핸드폰 끊기고 이렇게 저렇게 살려고 노력 많이 했지만 뚜렷한 직장도 없어 차라리 나 한강 갈까봐 나 어떡해 이젠 너 밖에 없는데 우리 사랑은 모두가 거짓이었니 다시 혼자만 하는 사랑은 힘들어  처진 나의 어깨를 펴줘 지금 나에게로 와 나 어떻게 해 구해줘 빨리 Honey 지금 난 너를 원해 후후후  나 어떻게 해 살려줘 빨리 Honey  지금 나 달려갈께 후후후 후후 정말로 참을 수가 없어 난 성질이 너무 났어 난 봤어 난 봤어 난 디스코 클럽에 들어가는 너 그것 까진 괜찮아 난 소심쟁이 구속쟁이 아니야 난 하필 남자랑 같이 팔짱 꼭 끼고 들어가는지  정말 미치겠어 그래 나도 5년 동안 있나 마르고 닳도록 너에게 길들여 졌나 하는 일 없이 맨날 술만 퍼먹고 카드란 카드는 다 긁어 썼나 이제는 빼도 박도 못해 카드 빚 독촉에 여기저기 피하지도 못해 인생 끝자락에 왔잖아 네가 없으면 폐인 되잖아 나 어떡해 이젠 너 밖에 없는데 우리 사랑은 모두가 거짓이었니 다시 혼자만 하는 사랑은  힘들어 처진 나의 어깨를 펴줘 지금 나에게로 와 나 어떻게 해 구해줘 빨리 Honey 지금 난 너를 원해 후후후  나 어떻게 해 살려줘 빨리 Honey  지금 나 달려갈께 후후후 후후 이젠 알아 나는 너에게 부담스런 존재라는걸 내게 희망과 사랑은 보이지 않다는 걸 날 위해 한번만 돌아와 준다면 네가 한 행동은 모두다 지워버릴게 나도 허송세월 보내지 않을테니 모두 잊고 다시 시작해 지금나에게로와 나 어떻게 해 구해줘 빨리 Honey 지금 난 너를 원해 후후후  나 어떻게 해 살려줘 빨리 Honey  지금 나 달려갈께 후후후 후후
2003.06.29~07.05,29,447645,슬픈 초대장,한경일,Travel ∞ Directions (Bonus Track),2003.02.19,Ballad,김진아,내 야윈 손위로 온 초대장위에  널 데려간다는 그와 니이름  오래전 헤어지던날 자꾸 내눈앞에 스쳐  혼자서도 난 서글픈데  수화기 넘어로 젖은 니 목소리  그때 왜 날 보내줬냐고 첨부터 널 사랑했다면  마지막까지 붙잡아야 했다고  그 많은 사연들 다 버려둔채로 날 떠난 너였잖아  지금 그를 사랑한다면서  왜 이제와서 또 바보처럼 흔들려  누굴 위해 돌아봐  아픈 가슴 추억으로 달래며  니 행복을 믿었는데  차라리 날 다 지워버려  넌 그를 택한 세상에 후회하지 않도록  남들 처럼 나도 멀리서 나마  축하하고 싶으니    다 기억할만큼 모질지 못한 너  날 두번 울리잖아 되돌리긴 너무 늦었는데  왜 이제와서 또 바보처럼 흔들려  누굴 위해 돌아봐  아픈 가슴 추억으로 달래며  니 행복을 믿었는데  차라리 날 다 지워버려  넌 그를 택한 세상에 후회하지 않도록  남들 처럼 나도 멀리서 나마 축하하고 싶으니  부디 가서 영원해줘
2003.06.29~07.05,30,420424,고백,델리스파이스,Espresso,2003.01.24,Rock,김민규,중2때까지 늘 첫째 줄에  겨우 160 이 됐을 무렵  쓸만한 녀석들은 모두 다  이미 첫사랑 진행 중  정말 듣고 싶었던 말이야  물론 2년전 일이지만  기뻐야하는 게 당연한데  내 기분은 그게 아냐  하지만 미안해 이 넓은  가슴에 묻혀  다른 누구를 생각했었어  미안해 너의 손을 잡고  걸을 때에도  떠올렸었어 그 사람을  널 좋아하면 좋아할수록  상처 입은 날들이 더 많아  모두가 즐거운 한 때에도  나는 늘 그곳에 없어  정말 미안한 일을 한걸까  나쁘진 않았었지만  친구인 채 였다면 오히려  즐거웠을 것만 같아  하지만 미안해 네 넓은  가슴에 묻혀  다른 누구를 생각했었어  미안해 너의 손을 잡고  걸을 때에도  떠올랐었어 그 사람이 정말 듣고 싶었던 말이야  물론 2년전 일이지만  기뻐야하는 게 당연한데  내 기분은 그게 아냐  하지만 미안해 네 넓은  가슴에 묻혀  다른 누구를 생각했었어  미안해 너의 손을 잡고  걸을 때에도  떠올렸었어 그 사람을  하지만 미안해 네 넓은  가슴에 묻혀  다른 누구를 생각했었어  미안해 너의 손을 잡고  걸을 때에도  떠올랐었어 그 사람이
2003.06.29~07.05,31,420037,인연,노을,노을,2002.12.16,Ballad,박진영,왜 이렇게 엇갈리는지  우린 결국 이뤄지지 않을런지  왜 이렇게 날 울리는지  우린 인연이 아닌건지  내가 한걸음 다가서면  너는 한걸음 물러나고  내가 기다리다 지쳐서 돌아서면  너는 그때야 나타나고  내가 남겨놓은 편지는  바람이 불어 날아가고  니가 녹음해놓은 사랑한다는 말은  그만 실수로 지워지고  나는 널 사랑하는데  너도 그런 것 같은데  만나려고만 하면  우린 빗나가는데  언제까지 이럴껀지  왜 이렇게 엇갈리는지  우린 결국 이뤄지지 않을런지  왜 이렇게 날 울리는지  우린 인연이 아닌건지  인연이란게 있는건지  이미 다 정해져 있는지  서로를 아무리 원해도 사랑해도  인연이 아니면 아닌지  나는 꼭 너야 하는데  다른 사람은 싫은데  하늘이 널 조금만 놓아주면 되는데  왜 이렇게 잔인한지  왜 이렇게 엇갈리는지  우린 결국 이뤄지지 않을런지  왜 이렇게 날 울리는지  우린 인연이 아닌건지  될듯 될듯 이뤄질듯 이뤄질듯  하다가도 꼭 마지막에는 우리들의  뜻과는 다르게 꼭 일이꼬여 가슴 아프게해  운이 따라주지 않은 나를 슬프게 해  텔레비전에 내 얘기를 내보내면 드라마가 될 것만 같아  이렇게 운이 따라주지 않는데  어떻게 인연이 아닌것 같은데  왜 이렇게 엇갈리는지  우린 결국 이뤄지지 않을런지  왜 이렇게 날 울리는지  우린 인연이 아닌건지  정말 우린 인연이 아닌건지
2003.06.29~07.05,32,450178,나 어떡해,베이비복스1기,Devotion,2003.04.03,Dance,김창환,이대로 끝났으면 좋겠어  이대로 잊혀지면 좋겠어  지난 밤 꿈처럼 달콤했던 꿈으로  이렇게 울고나면 잊을까  이렇게 미워하면 잊을까  나의 마음속에 그대가 살지 못하게  난 모르겠어 자꾸 눈물만 흘러내리고  난 한순간도 그댈 잊고 살수가 없는데  나 어떡해 그대를 너무 사랑해  이별도 사랑하려고  웃으며 행복하길 바란다며 그댈 보내줬는데  아직 내 사랑이 좀 부족한가봐  눈물 섞인 내 마음에  그대가 불행해져 다시 나를 찾길 바라고있어  나 나 어떡해  자꾸만 눈물이 흐르고  나 나 어떡해  가슴이 아파 난 너무나   오늘이 없었으면 좋겠어  내일이 안 왔으면 좋겠어  그대 생각하며 어제처럼 잠들게  오늘이 가는 게 난 두려워  내일이 오는 게 난 두려워  나의 그리움은 눈물로 잠들 테니까  난 모르겠어 자꾸 눈물만 흘러내리고  난 한순간도 그댈 잊고 살수가 없는데  나 어떡해 그대를 너무 사랑해  이별도 사랑하려고  웃으며 행복하길 바란다며 그댈 보내줬는데  아직 내 사랑이 좀 부족한가봐  눈물 섞인 내 마음에  그대가 불행해져 다시 나를 찾길 바라고있어  나 나 어떡해  자꾸만 눈물이 흐르고  나 나 어떡해  가슴이 아파 난 너무나
2003.06.29~07.05,33,452397,사랑했나요,나원주,나원주 1,2003.05.01,Ballad,나원주,아직도 그대 사랑을 기다리는 내게 정말 바보같다며 그댄 내 슬픔 모르는거겠죠 힘들어하는 날 보며 어떻게 그대는 혼자만의 이별로 내 사랑까지 바꾸려 하는지 사랑했나요 내게 말해요 우리 사랑한 날들 모두 거짓이라고 내게 남겨 준 기억 때문에 다시는 그 누구도 사랑할 순 없으니 이젠 그대 기억마저 가져가요 얼마나 많은 날들을 그대와 보내며 사랑하게 해준 건 행복했었고 또 감사했는지 헤어지자는 말보다 더 두려웠던 건 오지 않을 그대를 기다려야 할 날 보는거겠죠 사랑했나요 내게 말해요 우리 사랑한 날들 모두 거짓이라고 내게 남겨 준 기억 때문에 다시는 그 누구도 사랑할 순 없으니 아직도 날 사랑했단 그런 말은 하지마요  사랑했나요 내게 말해요 우리 사랑한 날들 모두 거짓이라고 내게 남겨 준 기억 때문에 다시는 그 누구도 사랑할 순 없으니 이젠 그대 기억마저 가져가요
2003.06.29~07.05,34,430341,그댄 행복에 살텐데,리즈,Obsession,2002.09.11,Ballad,양재선,혼자인 시간이 싫어  시계를 되돌려 봤죠  앞으로 앞으로  그대를 만나게  그러다 또 하루만 갔죠  다시 돌아와 줄거라고  나보다 아파할 거라고  내맘이 내맘을  눈물이 눈물을  다독이며 보내 온 거죠  넌 나를 버렸다는  미안함도 잊고  그댄 행복에 살텐데  왜 또 생각하니  왜 또 전화기를 보니  왜 그 사진은 다시 꺼냈니  왜 또 멍해졌니 닮은  뒷모습을 봤니  왜 나를 버린 사람  잊지 못 하니  그대 스쳐갔던 흔적이  그대 할퀴고간 상처가  너무나 많아서  자꾸만 아파서  눈물도 알아서 흐르죠  넌 나를 버렸다는  미안함도 잊고  그댄 행복에 살텐데  왜 또 생각하니  왜 또 전화기를 보니  왜 그 사진은 다시 꺼냈니  왜 또 멍해졌니 닮은  뒷모습을 봤니  왜 나를 버린 사람  잊지 못 하니  사랑 같은건  영원 같은건  내겐 없자나 우  왜 또 생각하니  왜 또 전화기를 보니  왜 그 사진은 다시 꺼냈니  왜 또 멍해졌니 닮은  뒷모습을 봤니  왜 나를 버린 사람  잊지 못 하니
2003.06.29~07.05,35,419764,집으로 가는 길..,리치,Dream On the Hill,2003.02.04,Ballad,심현보,그래 우린 이제 헤어진거지  믿어지지 않지만  거리위의 많은 사람들 속에  니 모습이 떠올라   고마워 미안해 잘 지내줘  넌 바보처럼 듣고 있다가  그저 너를 보내고 집으로 가는 내내  자꾸 흐르는 눈물만 닦아내   너도 지금 어딘가를 걷고 있겠지  벌써 나를 지운지도 모르지  정말 사랑했었지만 한땐 전부였었지만  이젠 그런대로 살아야겠지   멀어지는 너를 지켜보다가  돌아서던 그 순간  오랜 내 믿음도 끝나버리고  이 세상엔 나 혼자   사랑해 한번만 더 생각해  결국엔 말하지 못하고  그저 너를 보내고 집으로 가는 내내  너를 잡지 못한 나를 후회해   너도 지금 나를 생각하고 있을까  혹시 미안함에 울진 않을까  많이 보고 싶겠지만 매일 생각 나겠지만  이제 너 없이도 살아가겠지   늘 걸어가던 이 길이  오늘은 왠지 멀게 느껴져  이 길의 끝에 니가 있는건 아닐까  너도 지금 나를 생각하고 있을까  혹시 미안함에 울진 않을까   많이 보고 싶겠지만 매일 생각 나겠지만  이제 너 없이도 살아가야 하겠지  정말 사랑했었지만 한땐 전부였었지만  이젠 그런대로 살아야겠지   이젠 너 없이도 살아가겠지 -
2003.06.29~07.05,36,441286,여자가 남자에게 바라는 11가지,박지윤,Twenty One,2003.02.27,Dance,유유진,"사랑이 식은 거야 너뭐야  요즘 넌, 예전의 너 같지가 않아  이젠 내가, 니꺼라고 넌 안심하는 거니  잊지마 니가 계속 이러면  차갑게 나 딴 맘 먹을지도 몰라  기횔줄께 다시한번 내 맘을 흔들어놔봐  All right 나만 알기  내눈만 바라보며 얘기하기  늘 20분쯤 나 늦어도 절대 화 안내기  이젠 피곤해도 날 당연히 집까지 바래다 주기  지갑속 내사진 꺼내서 입맞추기  니가 잠드는 순간도    오늘은 친구 몇 명과 만나  밥먹고 커피도 마시러 갔는데  나만빼고 친구들은 계속해 전화가 와  모두들 남자 친구의 전활  귀찮다 하며 자랑을 하더니  묻는거야 너와나는 다툰게 아니냐 면서  All right 약속해줘  하루에 3번이상 전화하기  날 믿어주기 니 하루는 내게 보고하기  항상 내편이기 나 아플땐 나보다 더 아파하기  세상의 그어떤 여자가 다가와도  나의 이름만 부르기  난알아 처음도 지금도 변함없는 널  말보다 마음이 더 큰 사람  Oh~ baby 난 너의 그 사랑을 받고 있기에  세상 가장 행복한 사람인걸  All right 나만 알기  내 눈만 바라보며 얘기하기  늘 20분쯤 나 늦어도 절대 화 안내기  이젠 피곤해도 날 당연히 집까지 바래다주기  지갑속 내 사진 꺼내서 입맞추기  니가 잠드는 순간도(All right)   약속해줘  하루에 3번이상 전화하기  날 믿어주기 니 하루는 내게 보고하기  항상 내편이기 나 아플땐 나보다 더 아파하기  세상의 그어떤 여자가 다가와도  나의 이름만 부르기"
2003.06.29~07.05,37,444960,사랑할 때 버려야 할 몇가지,조성모,가인 (歌人),2003.03.11,Dance,이경,Can't stop loving you never forget falling love 지나간 사람에 미안함 정들 것 같은 그 두려움 만약이라도 빠른 시간내 끝날것 같은 불안함 더 많이 가지련 이기심 너 밖에 없다는 부담감 내가 아니면 갈곳 없어 라는 웃긴 자만심 이건 사랑할 때 버려야 할 몇 가지 널 만나고 난 모두 버렸어 널 사랑하니까 Can't stop loving you never forget falling love 매순간 최선 다해 너를 사랑해 Can't stop loving you never forget falling love 불안한 마음 던져버리고 사랑해 사랑해 이만큼 내가 해줬으니 이만큼 해달란 소심함 조금이라도 지지않으련 쓸모가 없는 자존심 서로를 주변의 사람과 비교하는 못된 습관들 내가 아니면 누가 받아줄까 혼자 착각들 이건 사랑할 때 버려야 할 몇가지 널 만나고 난 모두 버렸어 널 사랑하니까 Can't stop loving you never forget falling love 매순간 최선 다해 너를 사랑해 Can't stop loving you never forget falling love 불안한 마음 던져버리고 사랑해 사랑해 Can't stop loving you never forget falling love 매순간 최선 다해 너를 사랑해 Can't stop loving you never forget falling love 불안한 마음 던져버리고 사랑해 사랑해
2003.06.29~07.05,38,444798,Mr. A-Jo,애즈원,Never Too Far,2003.03.14,R&B / Soul,윤사라,지금 네 모습 말야 정말  말도 아니야 누가 화나게 한 거니 그녀도  너를 버렸니 어떤 얘기를 들어도 아무런  도움이 안되고 대답하기 조차 싫을 땐  그에게 찾아가 그러면 바다 위를 걸어  널 자유롭게 하늘을 날아서 다른 시간 속에 누구나 너를 사랑해 줄 곳으로 널 데리고 가 줄거야 하루종일 헤매도 남은  것이 없었니 술을 그렇게 마셔도 해결이  잘 안 나는군 언젠간 너의 현실이 나아질  거라고 믿어도 기다리기 조차 힘들 땐  그에게 찾아가 그러면 어둠을 녹이는  밝은 빛으로 영혼을 감싸고 널 위로하지 누구도 널 버리지 않는 곳에서 넌 외롭지 않을 거야 when you're feeling alone when you're felling afraid when you're feeling like  there's nowhere to go 널 데리고 가 줄거야 when you're feeling alone when you're felling afraid when you're feeling like  there's nowhere to go mra jo will take you to be  a place where everything will make  you feel high 언젠간 너의 현실이 나아질  거라고 믿어도 기다리기 조차 힘들 땐  그에게 찾아가 그러면 어둠을 녹이는  밝은 빛으로 영혼을 감싸고 널 위로하지 누구도 널 버리지 않는 곳에서 넌 외롭지 않을 거야 so you wanna know mra jo you should already know 그러면 바다 위를 걸어 널  자유롭게 하늘을 날아서 다른 시간 속에 누구나 너를 사랑해 줄 곳으로 널 데리고 가 줄거야 넌 외롭지 않을거야 when you're feeling alone when you're felling afraid when you're feeling like  there's nowhere to go mra jo will take you to be  a place where everything will make  you feel high
2003.06.29~07.05,39,441007,남자기 때문에,드렁큰타이거,뿌리,2003.02.01,Rap / Hip-hop,타이거JK,눈물은 태어나 세 번 꼴찌라도 누구에건 자존심은 내걸고 난 어떤 상황에도 몇 번 뒷걸음질 못하고 맞았던 고집불통 내게 쌍코피는  보통 몸과 마음속 고통 시원한 냉수로 깨끗이 씻어내 빨랫 비누로 머리를 감아도 개운해 배운 게 이것 뿐이지만 해내야 돼 내 아내 그녀의 고운 손가락 영원하게 사포보다도 거칠어진 내 주먹에  쥐가 나도 피가 나도  천으로 돌돌 말아 아파하지 않고 용감의 탈로 가려 내 두려움 부드러움과 부러움을 숨긴 채  난 남자기 때문에 절대 흔들릴 수 없는 나의 맘의 한복판에 박힌 장대위에 달린 벌집 속에 벌떼 가끔 따갑게 쏴대며 날 아프게 하지만 오징어에 고추장에 소주 열한잔반 쓰라린 나의 가슴속을 싹 쓸어내리며 얼큰한 김칫국에 고된 하루를 달래주며 고개를 숙여 또 참고 그날을 기다리며 널 납작하게 만들 날만 혼자 벼르고 있어 눈싸움도 지기 싫어 내 두 눈 부릅뜨고 거울 속에 나란 놈과 또 한 번 붙어보고 하늘을 향해 턱을 올려 눈물을 삼켜버려 난 남자기 때문에 또 태산을 어깨위로 절대로 울지 않아 난 남자기 때문에 절대로 울지 않아 난 남자기 때문에 너 대신 내가 맞어 난 남자기 때문에 너 대신 내가 맞서 난 남자기 때문에 흑기사여 One Shots! One Shots! 여자에 약한 나 여자에 약한 나 알집을 두개 찬 난 미련한 나란 남자기 때문에 남자기 때문에 친구 따라 강남 갔다 배신만 당한 나 또 만나 술 사주고 그냥 웃고 말아 버린 아픔의 기억들 다 건배로 깨진 잔과 함께 깨끗이 지워지고 깨끗이 지워지고 힘든 널 일으켜 내 등에 짊어지고 울컹거리는 내 가슴을 억눌리고 소리를 질러 밤거리로 발길을 질러 말처럼 달려 Gitty up and away 그들의 채찍질에 난 또 헉헉거리며 뛰네 소리가 죽고 숑고를 묻고도  사랑은 눈물을 쏟아도 미련이 난 또 그러려니 아랑곳 하지 않고 태산도 짊어지고 난 또 남자기 때문에 yo yo yo yo 그냥 부닥쳐 형제와 부모를 위해 내 심장을 아낌없이 바칠 수 있지 나의 마음 바뀜없이 친구와 가족이란 내가 사는 이유 아직 가진 거란 186키가 전부 힘든 하루가 시작되며 내 정신의 권투 아무리 쓰러져도 오뚝이 나 끝까지 버티지 끈질긴 끈기와 내투지 누구는 어리석다  하지만 인생은 Boxing ring  그 종이 땡땡거릴 때까지 흰 수건을 뒤로 던져도 두발로 다시 섰지 날 떨게 만드는 상대에게는 속마음을 숨겨 이를 깨물고 One Two툭툭 주먹을 던져 yo 남자기 때문에 난 남자기 때문에 절대로 울지 않아 난 남자기 때문에 절대로 울지 않아 난 남자기 때문에 너 대신 내가 맞어 난 남자기 때문에 너 대신 내가 맞서 난 남자기 때문에 흑기사여 One Shots! One Shots! 여자에 약한 나 여자에 약한 나 알집을 두개 찬 난 미련한 나란 남자기 때문에 남자기 때문에 절대로 울지 않아 난 남자기 때문에 절대로 울지 않아 난 남자기 때문에 너 대신 내가 맞어 난 남자기 때문에 너 대신 내가 맞서 난 남자기 때문에 흑기사여 One Shots! One Shots! 여자에 약한 나 여자에 약한 나 알집을 두개 찬 난 미련한 나란 남자기 때문에 남자기 때문에
2003.06.29~07.05,40,451066,어떤 사람 A,윤상,There Is A Man...,2003.04.15,Ballad,박창학,꿈에서 깨어나기 전에 다 끝나기 전에 그 이름을 불러야 할 텐데 내가 지금 여기 서 있다고 이젠 연극이 끝나고 조명이 꺼지면 관객들에 박수 갈채 속에서 어느새 난 까맣게 잊혀질 텐데 널 위한 무대 위에서 난 언제나 그냥 지나가는 사람 이름도 없이 대사도 없이 화려한 불빛 아래 서있는 너에 곁을 잠시 지나가는 사람 운명이 네게 정해 준 배역 어떤 사람  먼저 무대를 내려와 화장을 지우고 숨 죽인 채 널 바라보고 있는 많은 사람들 속에 나도 서있지 널 위한 무대 위에서 난 언제나 그냥 지나가는 사람 이름도 없이 대사도 없이 화려한 불빛 아래 서있는 너에 곁을 잠시 지나가는 사람 운명이 내게 정해준 배역 어떤 사람
2003.06.29~07.05,41,451816,개미와 베짱이,유리상자,1997;2003 유리상자 베스트 앨범,2003.04.14,Ballad,이세준,알아요 그댄 내손에 잡아두기엔 너무 벅찬 사랑인 걸 저 하늘 높이 날고픈 그대기에 그저 나는 맘속에만 두죠 처음 내 이름을 부르던 그대의 그 지친 표정이 미소 아니라 해도 사랑 아니라 해도 나는 너무 행복했죠 그대가 내곁에 머물고 가니 사랑 아니란 게 슬프긴 해도 잠시 내가 필요했었던 그걸로 충분한거죠 알아요 그댄 다시 떠나야 하는 걸 내곁은 끝이 아님을 이렇게 바삐 서둘러 떠나는 건 아마 나를 위함도 있겠죠 야윈 날갤 접고 내게로 찾아온 그 지친 표정도 미소아니라 해도 사랑 아니라 해도 나는 너무 고마웠죠 그대가 내곁에 머문 동안이 사랑 아니란 게 슬프긴 해도 잠시 그대 내가 필요했던 그걸로 충분한 거죠 파란 목소리로 그대 부르던 노래들 그댄 그때가 제일 아름다워요 내가 아무리 노력해도 줄 수 없는  그 행복이겠죠 그래도 된다면 나의 그대여 마지막 한가지만 더 부탁할께요 언제라도 돌아갈 수 있는 내가 있단 걸 아세요
2003.06.29~07.05,42,418990,중독,이현우,Da Painkiller,2003.01.17,Rock,이현우,너 이렇게 나의 품안에 가득 안겨 있는데 너의 숨결은 너의 입술은 이미 나의 안에 있는데 나 이렇게 길 잃어 헤매는 어린 아이처럼 불안한 걸까 초조한걸까 우리 이렇게 함께 있는데 알고있어 그 무엇도 영원할 수 없다는 것을 너의 사랑도 영원할 수는 없다는 걸 알아 기도했어 우리 사랑 조금만 더 지켜달라고 난 바래 왔어 너도 나만큼 날 사랑하기를 너를 알고 넌 나의 마지막이기를 바랬어 너야한다고 너일거라고 난 오랫동안 믿어왔는데 넌 말하지 이 순간만을 생각하고 싶다고 우린 서로를 구속하지는 말자고 너는 내게 말을 하지 알고있어 그 무엇도 영원할 수 없다는 것을 너의 사랑도 영원할 수는 없다는 걸 알아 기도했어 우리 사랑 조금만 더 지켜달라고 난 바래 왔어 너도 나만큼 날 사랑하기를
2003.06.29~07.05,43,418072,악몽,버블시스터즈,Bubble Sisters,2003.02.09,Dance,Gan-D,새벽에 악몽으로 잠에서 깨나 내게로  전활 걸어 봤지만 아무리 기다려도 받질 않네  one two three fore pick up the phone  얼마후 나에게 걸려온 친구에 전활 받고  믿을 수 없는 이야기에  you you tell me baby 여태날 속였었네 널 기다리는 날 두고 날 버리고 다른 여자에게  you you tell me baby 도저히 용서못해  똑같은 내 고통을 네게 돌려 줄께 돌려 줄께  나와 오늘 밤 같이 취할 누군가  아무것도 묻지마 그냥 감정에 따라  너와 똑같이 아무 죄책감 없이  다른 사람 찾아서 떠나 갈 지도 몰라  얼마전 부터 내게 어색해진 니 말투에  의심하지 못하고 너를 믿었던 내가 바보 였네  one two three four baby you know  전활 보며 짓던 미소  생각하면 할 수록 배심감만이 커져가네  you you tell me baby 여태날 속였었네  널 기다리는 날 두고 날 버리고 다른 여자에게  you you tell me baby 도저히 용서못해  똑같은 내 고통을 네게 돌려 줄께 돌려 줄께 tell me why 어떡하라고 tell me why 너는 왜  끝내 이렇게 날 비참하게 해 돌아 갈순 없어  나와 오늘 밤 같이 취할 누군가  아무것도 묻지마 그냥 감정에 따라  너와 똑같이 아무 죄책감 없이  다른 사람 찾아서 떠나 갈 지도 몰라  나와 오늘 밤 같이 취할 누군가  아무것도 묻지마 그냥 감정에 따라  너와 똑같이 아무 죄책감 없이  다른 사람 찾아서 떠나 갈 지도 몰라
2003.06.29~07.05,44,1765866,처음 그 날처럼,박용하,올인 OST,2003.01.31,"Drama,Ballad",김형석,처음 그 날처럼  가야한다고 어쩔 수 없다고 너의 손 잡은 채 나는 울고만 있었지 언젠가는 꼭 돌아올 거라고 그땐 우리 서로 웃을 수 있을거라고 긴 기다림은 내게 사랑을 주지만 너에겐 아픔만 남긴 거 같아 이런 날 용서해 바보같은 날 언젠가 널 다시 만날 그날이 오면 너를 내 품에 안고 말할거야 너만이 내가 살아온 이유였다고 너 없인 나도 없다고 언젠가 힘든 이 길이 끝이나는 날 그대 곁에서 내가 눈 감는 날 기억해 나의 사랑은 니가 마지막이었단 걸 처음 그 날처럼 눈을 감으면 잊혀져 버릴까 슬픈 밤에도 쉽게 잠들 수 없었지 꿈에서라도 널 보게 된다면 눈물 흐를까봐 눈을 뜰 수가 없었어 긴 기다림은 내게 사랑을 주지만 너에겐 아픔만 남긴 거 같아 이런 날 용서해 바보같은 날 언젠가 널 다시 만날 그날이 오면 너를 내 품에 안고 말할거야 너만이 내가 살아온 이유였다고 너 없인 나도 없다고 언젠가 힘든 이 길이 끝이나는 날 그대 곁에서 내가 눈 감는 날 기억해 나의 사랑은 니가 마지막이었단 걸 처음 그 날처럼
2003.06.29~07.05,45,417935,고작 약간의 한숨과 약간의 눈물뿐... [Forgive Me],클릭비(Click-B),Click-B 04,2003.02.06,Ballad,우연석,어제 꿈속에서 널 봤어  우리 정말 행복했었는데.. 정말 행복했었는데..  아~보고싶다. 정말 너 많이 사랑했어  모든게 나의 잘못이라 하더라도 괜찮아 잠시라도  네가 나의 품에 안겨 함께 했잖아  후회 하지 않아 하지만 나 돌이켜 보면  한숨이 나 난 숨이 막 혀 버릴듯 한  지난날을 기억해  지난날의 숱한 아픔 속에 나는 아직 너만을  잊지 못하네 너만을 생각하게 돼  I Can't forget you You are the only  one for me my love  지금에 와서 이런 말해도 괜찮을지 모르겠지만 변명처럼 들릴거란거 잘 알아 하지만 널 너무 사랑했기 때문에  널 떠날거라면 믿어 주겠니?  이런 내가 너무 바보 같지?  내 바보같은 사랑을 용서해줘  언제나 나를 밝혀 주던 너를 위해  함께 할수 없는 날 용서해줘  이런 내 마음을 넌 알아주길 바래  너의 그 사랑만은 나의 곁에 있어  나 이해하기 힘들다는거 잘 알아  나도 너를 보내고 많이 힘들었어  하지만 내 걱정은 하지마  고작 약간의 한숨과 약간의 눈물뿐  서로 다른길을 가야했던 너와 나  You&amp;I Hard to be together now 네게 더 나 다울 수 없었던 나를 용서해줘  내 손이 닿을수 없는 곳에서 그저 나를 바라봐  바라봐 지금의 내 모습을  널 보내고 행복하지 않은 날  너와의 추억은 내 맘속에 산산히 부서져  날 아프게 해 여전히  너에게 받은 수많은 선물과  아침까지 나누던 대화  널 사랑하지 않아서 널 떠나간게 아냐  널 지켜주지 못하는 내 모습을 떠난거야  언제나 나를 밝혀 주던 너를 위해  함께 할수 없는 날 용서해줘  이런 내 마음을 넌 알아주길 바래  너의 그 사랑만은 나의 곁에 있어  네게 해준것도 아니 난 네게 아무것도 안돼  이게 내 전부야  oh my love  언제나 나를 밝혀 주던 너를 위해  함께 할수 없는 날 용서해줘  이런 내 마음을 넌 알아주길 바래  너의 그 사랑만은 나의 곁에 있어  언제나 나를 밝혀 주던 너를 위해  함께 할수 없는 날 용서해줘  이런 내 마음을 넌 알아주길 바래  너의 그 사랑만은 나의 곁에 있어  날 용서해줘 널 진정으로 사랑했기에  널 떠난거야 그리고 고마웠어
2003.06.29~07.05,46,445158,환생연,이승환,His Ballad Ⅱ,2003.03.12,Ballad,"이승환,이지은",널 잊지 않고 살기를 잘 한 거라 타일러 믿으려 해 서러워 주저 앉고픈 나를 버텨온 미움마저 고마워 하루도 피할 수 없는 그리움과 의심에 힘들었지 추억에 흔적에 약속에 미련 때문에 더욱 흔들렸었지 어디 있나요 무얼하길래 그대 날 찾지도 않나요 다시 만나요 다른세상에 다른 모습이라도 난 그대 알수있죠 그대는요  추억에 흔적에 약속에 미련 때문에 더욱 모질었었지  추억에 흔적에 약속에 미련 때문에 더욱 흔들렸었지 나 여태 홀로 남은 건 사랑이 두려운 것이 아닌 아닌 그대 오는 날 나의 곁에 다른 사람이 있게 되면 나는 어디 있나요 무얼하길래 그대 날 찾지도 않나요 다시 만나요 다른 세상에 다른 모습이라도 난 그대 알수있죠 그대는요
2003.06.29~07.05,47,439947,Desperado,포지션,On The Road-New & Best,2003.03.22,Ballad,강은경,몰랐었어 거짓말처럼 이별이 기다릴줄  그렇게도 사랑한 우리앞에  말했었지 너와 나 사이 샘이난 하늘이  우릴향해 장난한 거라고  조금만 덜 사랑할 걸 그랬었나봐  나없는 동안 더 쉽게 견딜수 있게  나 니곁에 없더라도 잠시 혼자가 되더라도  기다려 주겠니 언젠가 다시 돌아올때까지 오 조금은 늦더라도 끝내 나 오지 않더라도  그렇게 믿어줘 저 하늘에게 부탁하러 갔다고  Desperado   물었었지 만약에 다시 만날수 없다면  또 누군갈 사랑할거냐고  너와 나 한걸음만큼 엇갈린다면  그 한걸음 내가 갈게 가면 되잖아  나 니곁에 없더라도 잠시 혼자가 되더라도  기다려 주겠니 언젠가 다시 돌아올때까지 오  조금은 늦더라도 끝내 나 오지 않더라도  그렇게 믿어줘 저 하늘에게 부탁하러 갔다고  워 얼마나 원하는지 그렇게라도 알려주면  다시 만날거야 내 슬픈 사랑에 하늘도 우는 날  우린 Desperado
2003.06.29~07.05,48,443515,봉우리,전인권,Destiny,2003.03.10,Rock,김민기,사람들은 손을 들어 가리키지 높고 뾰족한 봉우리만을 골라서 내가 전에 올라가 보았던 작은 봉우리 얘기 해줄까 봉우리 지금은 그냥 아주 작은 동산일 뿐이지만 그래도 그때 난 그 보다 더 큰 다른 산이 있다고는 생각지 않았어 나한텐 그게 전부였거든  혼자였지 난 내가 아는 제일 높은 봉우리를 향해 오르고 있었던 거야 너무 높이 올라온 것일까 너무 멀리 떠나온 것일까 얼마 남진 않았는데 잊어버려 일단 무조건 올라보는거야 봉우리에 올라서서 손을 흔드는거야 고함도 치면서 지금 힘든 것은 아무것도 아니야 저 위 제일 높은 봉우리에서 늘어지게 한 숨 잘텐데 뭐  허나 내가 오른 곳은 그저 고갯 마루였을 뿐 길은 다시 다른 봉우리로 거기 부러진 나무 등걸에 걸터 앉아서 나는 봤지 낮은데로만 흘러 고인 바다 작은 배들이 연기 뿜으며 가고  이봐 고갯 마루에 먼저 오르더라도 뒤돌아서서 고함치거나 손을 흔들어댈 필요는 없어 난 바람에 나부끼는 자네의 옷자락을 이 아래에서도 똑똑히 알아볼 수 있을테니까 말이야  또 그렇다고 괜히 허전해하면서 주저 앉아 땀이나 닦고 그러지는 마 땀이야 지나가는 바람이 식혀주겠지 뭐 혹시라도 어쩌다가 아픔 같은것이 저며올 때는 그럴 땐 바다를 생각해 바다 봉우리란 그저 넘어가는 고갯 마루일 뿐이라구 하여 친구여 우리가 오를 봉우리는 바로 지금 여긴지도 몰라 우리 땀 흘리며 걷는 여기 숲 속에 좁게 난 길 높은 곳에 봉우리는 없는지도 몰라 그래 친구여 바로 여긴지도 몰라 우리가 오른 봉우리는 우 우우 아아 아
2003.06.29~07.05,49,111413,안 되나요.. (부제: 화양연화),휘성(Realslow),Like A Movie,2002.04.03,R&B / Soul,박경진,너무 힘들어요 다른 사람 곁에 그대가 있다는 게 처음 그댈 본 난 휠씬 그전부터 이미 그랬을 텐데 어쩌면 헤어질 지 몰라 힘겨운 기대를 해봐도 단 한번 힘들어 하는 표정 없이 행복해 하는 그대가 싫어요 안되나요 나를 사랑하면 조금 내 마음을 알아주면 안되요 아니면 그 사람 사랑하면서 살아가도 돼요 내 곁에만 있어 준다면 하루는 울고 있는 그대 멀리 서 지켜 본적이 있죠 그렇게 울다 지쳐서 그 사람과 이별하게 되길 기도 하면서 안되나요 그대 이별하면 이제 그 자리에 내가 가면 안되요 아니면 그 사람 사랑하면서 살아가도 돼요 내 곁에만 있어 준다면 힘들 그대 모습 생각해 보면 애써 그대 때문에  아픈 나를 만나지만 우우 사랑 할 수 없는 그대를 보면 너무 아픈 가슴 다 쓰러져만 가는데 안되나요 나를 사랑하면 조금 내 마음을 알아 주면 안되요 아니면 나를 그 사람이라고 생각해도 되요  그대만 내게 있으면 그대만 있어 준다면
2003.06.29~07.05,50,317801,첫사랑,이소라,Diary,2002.10.11,Ballad,이소라,파랗게 비가 개인 날 하늘색 예쁜 구둘 신고  가볍게 나풀대며 그 집 앞을 찾아가 첫사랑 니가 사는 곳 좁고 긴 작은 골목길 안  하얀색깔 담 그 위에 내 마음을 적어봐 난 그냥 네가 좋아 날 모른대도 좋아 언젠가는 알아줘 나 널 원하는 사람 나야 나 널 다 아는 사람  기막혀 얼굴 붉혀 하지마 그래도 너만 바라봐 반갑게 문을 여는 너 담장에 까만 글씰 보며  수줍은듯 어색하게 웃고만 있었어 난 그런 네가 좋아 잘 웃는 네가 좋아  이것만은 알아줘 나 널 원하는 사람 나야 나 널 다 아는 사람  기막혀 얼굴 붉혀 하지마 그래도 너만 바라봐  그게 나야널 원하는 사람 나야 나 널 다 아는 사람  기막혀 얼굴 붉혀 하지마  그래도 너만 바라봐 그게 나야 나야  나 널 원하는 사람 나야 나 널 다 아는 사람  기막혀 얼굴 붉혀 하지마  그래도 너만 바라봐 그게 나야 널 원하는 사람 나야 나 널 다 아는 사람  기막혀 얼굴 붉혀 하지마  그래도 너만 바라봐 그게 나야 널 원하는 사람 나야 나 널 다 아는 사람  기막혀 얼굴 붉혀 하지마  그래도 너만 바라봐 그게 나야
