time,rank,song_id,title,singers,album,date,genre,creator,lyric
2001.12.16~12.22,1,104788,길,god,Chapter 4,2001.11.15,Ballad,박진영,내가 가는 이 길이 어디로 가는지  어디로 날 데려가는지 그곳은 어딘지  알 수 없지만 알 수 없지만 알 수 없지만  오늘도 난 걸어가고 있네  사람들은 길이 다 정해져 있는지  아니면 자기가 자신의 길을 만들어 가는지  알 수 없지만 알 수 없지만 알 수 없지만  이렇게 또 걸어가고 있네  나는 왜 이길에 서 있나  이게 정말 나의 길인가  이 길의 끝에서 내 꿈은 이뤄질까  무엇이 내게 정말 기쁨을 주는지  돈인지 명옌지 아니면 내가 사랑하는 사람들인지 알고 싶지만 알고 싶지만 알고 싶지만  아직도 답을 내릴 수 없네  자신있게 나의 길이라고  말하고 싶고 그렇게 믿고  돌아보지 않고 후회도 하지 않고  걷고 싶지만 걷고 싶지만 걷고 싶지만  아직도 나는 자신이 없네  나는 왜 이 길에 서 있나  이게 정말 나의 길인가  이 길의 끝에서 내 꿈은 이뤄질까  나는 무엇을 꿈꾸는가  그건 누굴 위한 꿈일까  그 꿈을 이루면 난 웃을 수 있을까  오 지금 내가 어디로 어디로 가는 걸까  나는 무엇을 위해 살아야 살아야만 하는가  나는 왜 이 길에 서 있나 이게 정말 나의 길인가  이 길의 끝에서 내 꿈은 이뤄질까  나는 무엇을 꿈꾸는가  그건 누굴 위한 꿈일까  그 꿈을 이루면 난 웃을 수 있을까
2001.12.16~12.22,2,111209,다시 사랑한다 말할까,김동률,귀향 (歸鄕),2001.10.26,Ballad,김동률,마치 어제 만난 것처럼  잘있었냔 인사가 무색할 만큼  괜한 우려였는지  서먹한 내가 되려 어색했을까  어제 나의 전활 받고서  밤새 한숨도 못 자 엉망이라며  수줍게 웃는 얼굴  어쩌면 이렇게도 그대로일까  그땐 우리 너무 어렸었다며  지난 얘기들로 웃음짓다가  아직 혼자라는 너의 그 말에  불쑥 나도 몰래 가슴이 시려  다시 사랑한다 말할까  조금 멀리 돌아왔지만 기다려왔다고  널 기다리는게 나에게 제일 쉬운 일이라  시간이 가는 줄 몰랐다고  다시 사랑한다 말할까  여전히 난 부족하지만 받아주겠냐고  널 사랑하는게 내삶에 전부라  어쩔 수 없다고 말야  그땐 사랑인줄 몰랐었다며  가끔 내 소식을 들을때마다  항상 미안했단 너의 그 말에  불쑥 나도 몰래 눈물이 흘러  다시 사랑한다 말할까  언젠가는 내게 돌아올 운명이었다고  널 잊는다는 게  나에게 제일 힘든 일이라  생각 조차 할 수 없었다고  다시 사랑한다 말할까  좋은 친구처럼 편하게 받아주겠냐고  다시 태어나도 널 사랑하는게  내 삶에 이유란 말야  다시 사랑한다 말할까  조금 멀리 돌아왔지만 기다려왔다고  널 기다리는게  나에겐 제일 쉬운 일이라  시간이 가는 줄 몰랐다고  다시 사랑한다 말할까  여전히 난 부족하지만  받아주겠냐고  널 사랑하는게 내삶에 전부라
2001.12.16~12.22,3,105886,시간이 흐른 뒤 (As Time Goes By),윤미래,As Time Goes By,2001.09.10,R&B / Soul,심현보,마지못해 살아가겠지 너 없이도 매일 아침 이렇게 일어나 밤새 조금씩 더 무뎌져 버린 기억속에서 애써 너의 얼굴을 꺼내어 보겠지 시간이란 누구에게나 무딘 아픔을 주는지 우 힘든 하루 속에도 늘 니 생각뿐인 나 눈물마저도 말라가는데 as time goes by 난 그게 두려운 걸 니 안에서 나의 모든 게 없던 일이 될까봐 우 눈 감으면 늘 선명하던 니가 어느 순간 사라질까봐 정말 겁이나는 걸 이별이란 서로에게서 지워지는 거라지만 우 많은 사람속에도 늘 니 걱정 뿐인 나 시간마저도 붙잡고 싶은데 as time goes by 난 그게 두려운 걸 니 안에서 나의 모든 게 없던 일이 될까봐 우 눈 감으면 늘 선명하던 니가 어느 순간 사라지게 될까봐 내가 없는 세상이 너는 괜찮은 건지 너에게 잊을만한 추억일 뿐인지 참으려 애를 써도 늘 보고픈 나는 니가 아니면 안될 것 같은데 you're the one as time goes by 난 여기 있어줄게 셀 수 없는 밤이 지나도 사랑했던 그대로 우 혹시라도 너 돌아 오게 되면 단 한번에 나를 찾을 수 있게 as time goes by
2001.12.16~12.22,4,105694,내 입술... 따뜻한 커피처럼,샵,Flat [♭] (Flat Album),2001.11.05,Ballad,원태연,If you've ever biin in love before  I know you feel this beat  If you know it Don't be shy  and sing along  울지마 이미 지난 일이야  삶의 반직선 위에 점일뿐이야  살아가면서 누구나 겪는일이야  어른이 되는 단지 과정일뿐야  yo 단지 과정일뿐야  제발 이러진 말아요  끝이라는 얘기  나는 항상 시작인걸요  그대 사랑하는 마음  점점 커져가고 있는 날  잘 알잖아요  네가 밟고 걷는 땅이  되고 싶던 난  잠시라도 네 입술 따뜻하게  데워 준  커피가 되어주고 싶었던 난  아직도 널 울리고 있을거야  아마도 난  사랑해 사랑하는 마음말고 왜  이렇게도 너무 필요한 게  많은건지 왜  지금 널 만나지 않아도 널  울리고 있을  내가 나는 왜 이리도 싫은건지  나를 많이 알잖아요 그대  사랑하며  나를 모두 버렸다는 걸  혼자 울며 걷는 나를  모르나요 그러니 제발  이러지 마요  hey girl can you please  tell me why  no why no you don't have  to lie  and it hurts me in side  but I want you to know  I'll be waiting  그래 어느 하늘아래 안에  작은 내 사랑  이젠 나의 사랑한단 말도  의미도 잠시 넌  우리의 힘들었던 지나간  나의 넌 기리 위리  우리의 기리 위리 돌릴  수 없는 우리  I know 이제는 돌리지  못할 거란 걸  you know 아니 너를  사랑한단 걸  오래 전 노래처럼 오래오래  널 간직할래  그래 너만을 위한 나의  사랑은 이래  remember I miss you  난 하지만 행복해 이젠 넌 잘  할 수 있을께  네가 연습이 힘들었던 만큼  다음엔 꼭 나 같은  남자 피해갈테니  자상하고 부드럽고 따뜻한  남자였음 좋겠어  너의 부모님 마음 충분히  만족시켜 드리고  편하게 해드릴 수 있는 단  한 방울의 눈물없이  단 한 번의 아픔없이 상처없이  너무 편안한 사랑을  했음 좋겠어  꿈에서라도 싫어요  떠나지 말아요  나는 죽을지도 몰라요  이대로 행복한걸요 모르겠나요  아무것도 바라지 않아  지나간 사랑으로 날  그대의 추억 속에서 살게  할건가요  사랑은 계속 커져갈텐데  이대로 나를 정말 보낼건가요  울지마 이미 지난 일이야  버틸 수 없을만큼 힘들겠지만  삶의 반직선 위의 점일뿐이야  어느 때보다도 긴 시간이겠지만  살아가면서 누구나 겪는일이야  쉽게 받아들일 수는 없겠지만  어른이 되는 단지 과정일뿐야  yo 단지 과정일 뿐야
2001.12.16~12.22,5,106162,담,김윤아,Shadow Of Your Smile,2001.11.20,Rock,김윤아,우리 사이엔 낮은 담이 있어 내가 하는 말이 당신에게 가 닿지 않아요 내가 말하려 했던 것들을 당신이 들었더라면 당신이 말할 수 없던 것들을 내가 알았더라면 우리 사이엔 낮은 담이 있어 부서진 내 마음도 당신에겐 보이지 않아요 나의 깊은 상처를 당신이 보았더라면 당신 어깨에 앉은 긴 한숨을 내가 보았더라면 우리 사이엔 낮은 담이 있어 서로의 진실을 안을 수가 없어요 이미 돌이킬 수 없을 마음의 상처 서로 사랑하고 있다 해도 이젠 소용없어요 나의 닫힌 마음을 당신이 열었더라면 당신 마음에 걸린 긴 근심을 내가 덜었더라면 이미 돌이킬 수 없을 마음의 상처 서로 사랑하고 있다 해도 이젠 소용없어요 우리 사이엔 낮은 담이 있어 서로의 진실을 안을 수가 없어요
2001.12.16~12.22,6,105006,사랑해도 될까요?,유리상자,유리상자 5th,2001.12.03,Ballad,심현보,문이 열리네요 그대가 들어오죠  첫눈에 난 내사람인걸 알았죠  내 앞에 다가와 고개 숙이며 비친 얼굴  정말 눈이 부시게 아름답죠  왠일인지 낯설지가 않아요 설레고 있죠  내 맘을 모두 가져간 그대   조심 스럽게 얘기할래요 용기내 볼래요  나 오늘부터 그대를 사랑해도 될까요  처음인걸요 분명한 느낌 놓치고 싶지 않죠  사랑이 오려나봐요  그대에겐 늘 좋은것만 줄께요   왠일인지 낯설지가 않아요 설레고 있죠  내 맘을 모두 가져간 그대   참 많은 이별 참 많은 눈물 잘 견뎌 냈기에  좀 늦었지만 그대를 만나게 됐나봐요  지금 내 앞에 앉은 사람을 사랑해도 될까요  두근거리는 맘으로 그대에게 고백할께요   조심스럽게 얘기할래요 용기내 볼래요  나 오늘부터 그대를 사랑해도 될까요  처음인걸요 분명한 느낌 놓치고 싶지 않죠  사랑이 오려나봐요  그대에겐 늘 좋은것만 줄께요   내가 그대를 사랑해도 될까요 -
2001.12.16~12.22,7,90731,고백,장나라,First Story,2001.06.19,Ballad,박경진,사랑해요 그대 이젠 내가 아닌 그대지만  사랑해요 그대 만질 수도 없는 사람이지만  힘들다는 말을 들었죠  슬픈 목소리 볼 순 없었죠  내가 할 수 없는 그대 바램들 그댈 포기하게 하는 얘기들   그대 그렇게 힘든가요 기다리기 너무 지루한가요  그대에게 주기로 한 작은  선물은 내 손에 있는데  그댄 이별을 주나요  견딜수 있나요  내가 없는 세상의 하루를  견딜수 있나요  시린 아침 홀로 남은 시작을  그대없는 젖은 가슴을  안고 살아야 하는건가요  그대라도 괜찮기를 바래요  그대 아직 나의 사랑이니까   하늘이 보내준 사랑을  그토록 애태워 찾은 사랑을  더는 이해시킬 힘도  참아낼 힘도 남아있지 않아  떠난 그댈 또 보네요  이별에는 서툰 우리였기에  쉽게 헤어질 수 없었던거죠(없었던거죠)  그랬던 거겠죠  우리 더 많은 시간지나면  이별할 수조차 없겠죠  하늘이 보내준 내사랑을  그토록 애태워 찾은 사랑을   더는 이해시킬 힘도  참아낼 힘도 남아있지 않아  떠난 그댈 또 보네요
2001.12.16~12.22,8,1679278,내가 너의 곁에 잠시 살았다는걸,토이,Live Toy,2001.11.21,Ballad,유희열,지운줄 알았어 너의 기억들을 친구들 함께 모여 술에 취한 밤 네 생각에 난 힘들곤 해 그런채 살았어 늘 혼자였잖아 한때는 널 구원이라 믿었었어 멀어지기 전엔 그것만 기억해줄 수 있겠니 내가 너의 곁에 잠시 살았다는걸 가끔 널 거리에서 볼까봐 초라한 날 거울에 비춰 단장하곤 해 아프진 않니 많이 걱정돼 행복하겠지만 너를 위해 기도할게 기억해 다른 사람 만나도 내가 너의 곁에 잠시 살았다는걸  웃을 수 있었어 널 보고 있을땐 조그만 안식처가 되어 주었지 멀어지기 전엔 그것만 기억해줄 수 있겠니 내가 너의 곁에 잠시 살았다는걸 가끔 널 거리에서 볼까봐 초라한 날 거울에 비춰 단장하곤 해 아프진 않니 많이 걱정돼 행복하겠지만 너를 위해 기도할게 기억해 다른 사람 만나도 내가 너의 곁에 잠시 살았다는걸  아프진 않니 많이 걱정돼 행복하겠지만 너를 위해 기도할게 기억해 다른 사람 만나도 내가 너의 곁에 잠시 살았다는걸
2001.12.16~12.22,9,26375,사랑하고 싶어,왁스,Wax02 : 화장을 고치고,2001.08.09,Ballad,함경문,My Love  My Face 넌 내곁에서 멀어져 갔지만  나는 너를 그렇게 쉽게 보낼수가 없어   내게 왜 이러는거야 정말 이래야 하는거니  그저 몇마디 말로 다 끝나버릴 사랑은 아니잖아  다시 내게로 돌아와줘 너만 사랑할 수 있도록  지금 이대로 날 내버려 둔다면 내 맘 변할지도 몰라    My Heart My Dream 넌 벌써 나를 잊은지 몰라도  아직 나는 널 내 곁에서 보낼수가 없어 왜 날 떠나야만 했어 왜 네 마음이 변한거야  매일 밤 나를 아프게 울려도 싫어지진 않는데   다시 내게로 돌아와줘 제발 너무 늦지 않도록  내게로 돌아왔을 때 그 자리에 그땐 없을지도 몰라  다시 내게로 돌아와줘 너만 바라볼 수 있도록  오랜 기다림에 지쳐 내 사랑이 메마르지 않도록   다시 한 번 너의 가슴에 안겨보고 싶어  사랑하고 싶어
2001.12.16~12.22,10,91823,다가라,엄정화,화(花),2001.10.31,Dance,주영훈,이제 맘 편해졌어 누구도 사랑하지 않기로 한 거야 항상 상처뿐인데~ 구속따윈 필요없어 이제부터 늦더라도 아무 부담 없어 애써 전화보고 할 일도 없잖아 누굴 만나든지 어디를 가든지 이젠 내 맘대로 야 다가라 Hey Boys 다신 내 삶을 사랑이란 말로 가둬 두진마 다가라 Hey Guys 다신 내 눈에 그런 눈물 따윈 없을 테니까 모두 다 똑같은 말 나 밖에 없단 말로 위로하려 하지 혹시 말 맞춘 건지 첫사랑은 다 떠났대 술 취한 밤 전활 해서 왜 그리 우는지 첨엔 나에게만 그런 줄 알았어 그런 모습조차 보고 싶지 않아 이젠 내 세상이야 다가라 Hey Boys 다신 내 삶을 사랑이란 말로 가둬 두지마 다가라 Hey Guys 다신 내 눈에 그런 눈물 따윈 없을 테니까  더 이상은 속지 않아 어떤 달콤함도 항상 소유하고 싶을때 뿐이야 이젠 자유롭게 날아보고 싶어 갇힌 내 맘을 열어 다가라 Hey Boys 다신 내 삶을 사랑이란 말로 가둬 두지마 다가라 Hey Guys 다신 내 눈에 그런 눈물 따윈 없을 테니까 다가라 Hey Boys 다신 내 삶을 사랑이란 말로 가둬 두지마 다가라 Hey Guys 다신 내 눈에 그런 눈물 따윈 없을 테니까
2001.12.16~12.22,11,32577,비바 내 사랑,이기찬,New Story,2001.09.07,Dance,유유진,눈뜨면 보고 싶고 만나면 안고 싶은  사람이 생겨버렸어 다신 두 번 다신 마음 다칠 사랑  안하려고 했는데  내 사랑 내 하루를 다가진 너인데 Oh  왜 너의 맘은 내게 줄듯 말듯  Oh 왜 나를 애태우나  책임져야 해 책임져야 해  내 가슴 훔친 사람 Oh 나 바라는 건 하나뿐야 매일 아침 내 품에서  니가 눈뜨는 그것 사랑해야해 사랑해야해 사랑엔 이유가 없어  내 삶의 이율 찾은 거야 바로 바로 나 널 위해 살다가는 것  내 맘을 누가 썼나 들리는 노래마다  전부 다 내 얘기 같아 그런데 왜 니 맘 가질 방법  그것 하나 나는 모를까  내 생각 내 하루는 온통 다 너인데 Oh 왜 너의 맘은 내게 올듯 말듯  왜 또 나를 애태우니 책임져야 해 책임져야 해  내 가슴 훔친 사람 Oh 나 바라는 건 하나뿐야 매일 아침 내 품에서  니가 눈뜨는 그것 사랑해야해  사랑해야해 사랑엔 이유가 없어  내 삶의 이율 찾은 거야 바로 바로 나 널 위해 살다가는 것  책임져야 해 책임져야 해 내 가슴 훔친 사람 Oh 나 바라는 건 하나뿐야 매일 아침 내 품에서 니가 눈뜨는 그것 사랑해야해 사랑해야해 사랑엔 이유가 없어 내 삶의 이율 찾은 거야 바로 바로 나 널 위해 살다가는 것
2001.12.16~12.22,12,104099,잘가요,정재욱,A Simple Story,2001.11.20,Ballad,채정은,미안해 마요 이제야 난 깨달아요  내 절대 그대 짝이 아님을  괜찮을께요 영혼 밖에 팔것 없는  못난 날 잘 비켜갔어요    그대 행복 내가 꼭 아니라도  지킨다면 그게 사랑일 테죠  그게 나의 몫이죠    잘가요 내 소중한 사람 행복했어요  그래도 이것만 알아줘요  지금 그 사랑보다 결코 내 사랑이  부족하다거나 얕지 않음을-   잊어도 되요 나를 만난 시간들은  잠깐의 연극이라 여김을  잘한거예요 아무리 난 노력해도  작은 희망도 없잖아요   아주 멀리 멀리 뛰어가세요  어떡해요 자꾸 잘못한 일만  떠오르는걸-    잘가요 내 소중한 사람 행복했어요 그래도 이것만 알아줘요  지금 그 사랑보다 결코 내 사랑이  부족하다거나 얕지 않음을   어긋난 인연이 남겨놓은 사랑이란  날카로운 슬픔이군요-    잘가요 내 사랑아 고마웠어요  그래도 이것만 알아줘요  지금 그 사랑보다 결코 내 사랑이  부족하다거나 얕지 않음을-    부족하다거나 얕지 않음을-
2001.12.16~12.22,13,106192,24시간의 신화,스카이,영원(永遠) II,2001.11.15,Rock,강은경,오늘쯤 올거라 믿으며 매일 밤 기다렸어 다음을 기약도 못한 채 널 보낸 그 날부터 늦어도 올까봐 행여 꿈에라도 올까봐 입은 옷 그대로 매일 잠이 드는 날 아니 널 사랑하면 안 되니 아무것도 바라지 않았잖아 그저 보고싶은 날에 너를 보게 허락해줘 자꾸만 멀리 가지마 일생동안 나 혼자 사랑할게 너 때문에 외로워도 사랑해서 행복해  내 삶에 또 한번 살고픈 순간이 있었다면 흩날린 너의 그 옷자락 손끝에 닿던 그 때 하늘도 모르게 스쳤던 짧은 그 동안이 너와 나 추억의 전부일지라도 감사해 널 사랑하면 안 되니 아무것도 바라지 않았잖아 그저 보고싶은 날에 너를 보게 허락해줘 자꾸만 멀리 가지마 일생동안 나 혼자 사랑할게 너 때문에 외로워도 사랑해서 행복해  사랑한다는 한마디 그 어디에 남기면 네가 아니 들어야 할 넌 없는데 혼잣말은 슬프잖아 너 없는 하루하루가 일생보다 더 길게 느껴져도 기다릴 그 누군가가 내게 있어 행복해
2001.12.16~12.22,14,104410,절대사랑,김종서,Odyssey,2001.11.13,Rock,김종서,오늘도 내일로 죽어가고 있어  늘 가까이 있어도 그립던그대  새롭게 시작할 너의 행복위해  날 속이며 웃으며 보냈던거야  고마워 매일 아침  벅찬 하루를 열게한 그대 이젠 내 얼굴 생각 안 날만큼  많이 행복하길 바랄께  하지만 나 미안해 나는 아직도 널 사랑해  오랫동안 서로가 길들여진 날  오~ 나 이토록 슬픈건   너의 행복을 바라는 일  그리고 그걸 알고 있을 너   또 다시 찾아온 너를 보낸 계절  모든것이 예전의 그대로 인데  얼마나 아파해야 이젠   그댈 잊을 수 있는지  정말 잊었다고 난 생각했어 너의 생일 오기전에  하지만 나 미안해 나는 아직도 널 사랑해  오랫동안 서로가 길들여진 날  오~ 나 이토록 슬픈건    너의 행복을 바라는 일  그리고 그걸 알고 있을 너  그리고 행복해 보이는 너
2001.12.16~12.22,15,103858,아로하,쿨(COOL),First Whisper,2001.12.06,Ballad,김태훈,어두운 불빛 아래 촛불 하나 와인 잔에 담긴 약속 하나 항상 너의 곁에서 널 지켜줄꺼야 날 믿어준 너였잖아 나 바라는 건 오직 하나 영원한 행복을 꿈꾸지만 화려하지 않아도 꿈같지 않아도 너만 있어주면 돼 걱정 마 I Believe 언제나 I Believe 이 순간을 잊지 않을께 내 품에 I Believe 안긴 너의 미소가 영원히 빛을 잃어 가지 않게 Cause your love is so sweet You are my everything 첫 날밤의 단 꿈에 젖어 하는 말이 아냐 난 변하지 않아 오직 너만 바라볼꺼야 You're light of my life You're the one in my life 내 모든걸 다 잃는데도 후회하지 않아 오직 너를 위한 변하지 않는 사랑으로 이제 나에게 있어 가장 소중한 건 내가 아닌 당신입니다 말로는 다짐할 수 없지만 당신만을 사랑합니다 때로는 친구처럼 때로는 연인처럼 눈 감는 그 날까지 당신만을 사랑합니다 늘 하나라는 마음으로 흔들리지 않는 믿음으로 아픈 마음도 함께 기쁜 맘도 함께 나눠 가졌으면 해 약속해 I Believe 힘들 때 I Believe 너의 그늘이 되어줄께 내 품에 I Believe 안긴 너의 미소가 영원히 빛을 잃어 가지 않게 Cause your love is so sweet You are my everything 첫날밤의 단 꿈에 젖어 하는 말이 아냐 난 변하지 않아 오직 너만 바라볼 꺼야 You're light of my life You're the one in my life 내 모든 걸 다 잃는데도 후회하지 않아 오직 너를 위한 변하지 않는 사랑으로 You're light of my life You're the one in my life 내 모든걸 다 잃는데도 후회하지 않아 오직 너를 위한 변하지 않는 사랑으로 All I ever want is your love
2001.12.16~12.22,16,37271,눈물,화요비,Nineteen Plus One,2001.09.17,R&B / Soul,화요비,이럴 수는 없다고  못본걸로 하자고  그렇게 날 위로하며 울었어  혹시 내가 꿈을 꾼건 아닌지  내가 아는 그댄 아닌데  멈춰버린 눈물도  굳어버린 시선도  그 순간을 외면 할 순 없었어  차라리 헤어지잔 말이면  내 맘이 더 나을텐데  몰랐어 이제껏  그대 날 비추던 눈빛들은  그녈위한 연습이었단걸  oh I can't believe it  그댈 보내긴 싫어  어색한 그 눈빛도  혼자서 참아 내면 될텐데  oh I can't believe it  그대와 영원하길  난 약속했는데  이제와서 남겨진 건 눈물  조금씩 멀어져가겠지  그대 안엔 쉽게 버릴  내 사랑만 남아 있을테니까  oh I can't believe it  그댈 보내긴 싫어  어색한 그 눈빛도 혼자서  참아 내면 될텐데  oh I can't believe it  그대와 영원하길  난 약속했는데 이제와서  남겨진건 나 그댈 놓칠순 없어 더 남은 사랑 많은데 이대로 끝내기엔 아직 그댄 oh I can't believe it 나 아닌 누군가의 전부가 될 거란 걸 상상조차 할 수 없었는데 oh I can't give hold time 오직 그대만 바라본  슬픈 사랑은 남겨진건 끝이 없는 눈물
2001.12.16~12.22,17,104759,Baby Baby,조규찬,Thank You (For Saving My Life),2001.11.01,Ballad,"도철,왜왜",이런 나를 상상할 수 없겠죠  차갑기만 했던 사람이  세상 모든게 의미없는 것처럼  사진 한장에 웃고 우는 모습  그대 없는 내가 나을것 같다며  지쳐 떠나버린 그대  이젠 나 없이도 행복할텐데  해마다 오는 그대의 날엔  그댈 너무 보고싶은걸  baby baby baby 기억하나요 baby my baby 언제나 걷던 그길로 그대 와주면 돼요 오늘이 내게는 오랜 기다림 그대에게는 우연같은 만남 baby 이런 나를 이해할수 없겠죠 바라기만 했던 사람이 아무런 기대없이 이렇게 그댈 멀리서 혼자 바라보는 모습 그대없는 내가 나을것 같다며 지쳐 떠나버린 그대 이젠 나 없이도 행복할텐데 해마다 오는 처음 만난 날엔 그댈 너무 보고싶은걸 baby baby baby 기억하나요 baby my baby 언제나 걷던 그길로 그대 와주면 돼요 오늘이 내게는 오랜 기다림 그대에게는 우연같은 만남 baby 일년에 단 한번만이라 해도 그댈 만날수만 있다면 또다시 일년을 버틸수 있게 오 그럴수 있잖아요 baby baby baby 기억하나요 baby my baby 언제나 걷던 그길로 그대 와주면 돼요 오늘이 내게는 오랜 기다림 그대에게는 우연같은 만남 baby baby baby 기억하나요 baby my baby  언제나 걷던 그길로 그대 와주면 돼요 오늘이 내게는 오랜 기다림  그대에게는 우연같은 만남
2001.12.16~12.22,18,106172,봄날은 간다,김윤아,Shadow Of Your Smile,2001.11.20,Rock,,"눈을 감으면 문득  그리운 날의 기억  아직까지도 마음이 저려 오는 건  그건 아마 사람도  피고 지는 꽃처럼  아름다와서 슬프기 때문일 거야, 아마도.  봄날은 가네 무심히도  꽃잎은 지네 바람에  머물 수 없던 아름다운 사람들  가만히 눈 감으면 잡힐 것같은  아련히 마음 아픈 추억같은 것들  봄은 또 오고  꽃은 피고 또 지고 피고  아름다와서 너무나 슬픈 이야기    봄날은 가네 무심히도  꽃잎은 지네 바람에  머물 수 없던 아름다운 사람들  가만히 눈 감으면 잡힐 것같은  아련히 마음 아픈 추억같은 것들  눈을 감으면 문득  그리운 날의 기억  아직까지도 마음이 저려 오는 건  그건 아마 사람도 피고 지는 꽃처럼  아름다와서 슬프기 때문일 거야, 아마도"
2001.12.16~12.22,19,104207,Sad,조장혁,Sad...,2001.11.01,Rock,조은희,이젠 끝인가요..  나를 지워버릴 수 있나요..  그대의 맘에 닿는 길 잃은 뒤..  한걸음 조차도 내디딜 수가 없는데..  행복했던 그때..  너무 가진게 많았던 그때..  우리 나눈게 사랑이 맞는지..  그대가 내곁에 정말있기나 했나요..  모두 다 거짓말 같아.. 난 믿지 않아요..  이 세상은 아직도 그대로인데..  그대 내 끝이라는걸 왜 모르시나요..  혹시라도 후회하고 있다면..  제발 늦진마요..  눈물이 기억까지 버릴수 없도록..    야위어 갈테죠..  점점 눈이 멀어져 가겠죠..  그대가 아닌 또 다른 사랑을 안아 줄수 없게..  더이상 볼수도 없게..  모두 다 거짓말 같아.. 난 믿지 않아요..  이 세상은 아직도 그대로인데..  그대 내 끝이라는것 왜 모르시나요..  혹시라도 후회하고 있다면..  제발 늦진마요..  눈물이 기억까지 버릴수 없도록..  나의 끝은 그대죠..
2001.12.16~12.22,20,94291,미쳐,이정현,Magic To Go To My Star,2001.10.23,Dance,"이승호,윤일상",왜 우니 또 왜 그리 바보같이  혼자니 왜 못 잊니 그 사람을  이미 끝나버린 사랑 어떻게든 지워버려   바보야 이 바보야 이러지마  어리석게 추억에 기대지마  다시는 돌아오지 않아 이젠 울지마   너 땜에 미쳐 있을 땐 미처  이럴 줄 몰랐었어  행복에 갇혀 모든 걸 바쳐  사랑만 했으니까   어떻게 네가 떠날 수 있니  그럴 줄 몰랐었어  내 맘의 상처 추억에 다쳐  쓰라려 아파하길   차라리 너 이 세상에 없었음 좋겠어  영원히 널 미워하고 원망할거야  나는 이제 어떻게 해   더이상 그 누구도 사랑할 수 없어  난 어떻게 살아가야 하니  다시 내게 돌아올 수 없니 사랑해   이렇게 니앞에서 무릎 꿇고 빌게  죽을 만큼 다시 사랑할게  니가 보고싶어 미쳐버릴 것 같아  내게로 돌아와  날 혼자 버려두지마   이제서야 사랑이란 걸 깨우친 걸  늦은 후회뿐인 걸 하지만 널 잊기 위해 나  그렇게 애를 썼지만 소용없는 걸  네가 비운 자리 채워보려 했지  그 무엇도 그 누구도 채워질 수 없었지  이만큼 이토록 너를 사랑하기에   네 맘이 닫혀  네 맘이 닫혀 떠날 땐 미쳐  이럴 줄 몰랐었어  내 맘에 상처 추억에 다쳐  이토록 아플 줄은   네가 너무 보고 싶어 죽겠어 어떡해  너 하나만 바라보고 살아갈테니  제발 내게 돌아와줘   더이상 그 누구도 사랑할 수 없어  난 어떻게 살아가야 하니  다시 내게 돌아올 수 없니 사랑해   이렇게 니앞에서 무릎 꿇고 빌게  죽을 만큼 다시 사랑할게  니가 보고싶어 미쳐버릴 것 같아  내게로 돌아 내게로 돌아와   아무리 멀리 있어도 아무리 오래 걸려도  돌아올 그날까지 기다릴거야  다시는 거울 앞에서 다시는 울지 않을래  다시 넌 돌아와 줄 테니까
2001.12.16~12.22,21,104419,휘파람,CBMass,Matics,2001.10.09,Rap / Hip-hop,"Curbin,최자,개코",M to the U SIC makes me high M to the U SIC makes me fly  music 음악은 내삶 맘속에 휘파람  거친 바람이 부는 현실에도  음악이 주는 따뜻함은  차가웠던 내마음에   소중한 땔감 I'm flow yo 소리바다로 비트의 강약 위로 덤블링을 타고 힘차게 흔들리는 저 equalizer  물결 위에서 나 파도 타고(Yo!yo!yo!yo!)  다같이 maki''n it move!  리듬에 맞춰서 두비둡두 음악만 있다면 돈 없이도  살 수 있고 얻은것이 뭐냐고 왜  여유를 얻은 것이 첫 번째  사랑과 평화를 얻은 것이 두번째 또 세 번째는 삶의 지혜  like 다윗 king's wisdom을 얻은 것 또 check(one two)  Whenever you call me I'll be there Whenever you want me I'll be there Whenever you need me I'll be there I''ll be around  every day every night  늘상 즐겨 들어왔던 favorite beat속에 감춰진 내 삶에 값진 선물 MUSIC mekes me high  어디든 어느 곳에있던   음악과 같이하는 삶이란  음악이 내게 주는 기쁨이란 말해 뭐해 이게바로 fantastic   너의 환상은 농담처럼 진담이 되고 우리의 삶은 음악에서 배우고  나 또한 그렇게 살아가고 손에서 손으로 잡은 나의 마이크   지식과 지혜를 돕는 나의soul mate  인생을 환히 비춰줄 music 나의 light 황폐한 세상에 단 하나의 빛으로  내 삶을 채우고  Whenever you call me I'll be there Whenever you want me I'll be there Whenever you need me I'll be there I''ll be around  Don''t stop keep yo!  이노래를 듣고 춤추는 사람들  keep on move it 내 준비를 beat to the beat yo! music   오직 내 맘속에 빛 날 비춰 주는 따스한 햇살같이  지친 내 영혼의 안식처  music makes me high  내 주위 대기를 메운 선율 속에 나 fly 내 귓속 고막의 깊은 진동으로부터 뭉클한 감동으로 온몸으로 퍼져  소리속 nirvana 툭툭 털어 버려  걱정이 너무 많아  beat 속에 너를 맡겨 또 안겨 자궁속 기억으로부터  포근한 화음으로부터 그로부터 노랫가락 타고   여유를 찾고 깊게 Straight to 영혼에  스며드네 맘속에나 그대 귓속에 흔드네 그대와나 함께 club에서 음악 속에 같은 시간 속에 과거와 현재  교차로 그곳에  M to the U SIC makes me high M to the U SIC makes me fly M to the U SIC It''s my life M to the U SIC makes me high  Whenever you call me I'll be there Whenever you want me I'll be there Whenever you need me I'll be there I''ll be around  Whenever you call me I'll be there Whenever you want me I'll be there Whenever you need me I'll be there I''ll be around  Whenever you call me I'll be there Whenever you want me I'll be there Whenever you need me I'll be there I''ll be around -
2001.12.16~12.22,22,91380,원하고 원망하죠,애즈원,천만에요 2집,2001.08.18,Ballad,윤사라,아직 누굴 사랑할 수 없는 그대 지친 가슴을 난 너무나 잘 알죠 변함없이 그대 곁을 지켜왔지만 그댄 지나버린 사랑 그 안에만 사는 걸 원하고 원망하죠 그대만을 내게 다가온 시간을 힘겹게 만드는 사람 지난 날들을 그대의 아픈 얘기를  모르고 싶은걸 소리내어 환히 웃을때도 그대 가슴은 울고 있는 걸 느끼죠 그런 그를 끌어안아 주고 싶지만 이런 내 맘 들키지 않기로 한걸요 원하고 원망하죠 그대만을 내게 다가올 시간을 힘겹게 만드는 사람 그대 지난 날들을 그대의 아픈 얘기를  모르고 싶은걸 지금 그대는 빈 자릴 채워줄  누구라도 필요한거겠죠 잠시 그대 쉴 곳이 되어주기에 나는 너무나 욕심이 많은걸 원하고 원망하죠 그대만을 내게 다가와 내일을 후회로 만드는 사람 이런 내 맘을 혼자서 얘기할께요 그대 너무 사랑해요
2001.12.16~12.22,23,449003,너에게...(편지),클릭비(Click-B),Click-B,2001.11.20,Ballad,신지선,술취한 늦은밤 아 늘어진 고무줄처럼 방안에 드러누워 들리는 radio에선 하나같이 우리 같이 보던 영화음악 소리 들려와 ah 그때로 돌아갈 수 있다면 그렇다면 ah ah 난 나는 없었고 단지 너 하나만 있었지 지금 이시간도 아파할 수 없는데  너에게 잘해주지도 못하고 차갑게 떠나버렸던 그런 내가 미워도 날 용서해 그래 나쁜놈이라 원망해 니 맘이 편해진다면 얼마든지 날 욕해 정말 미안해 너와 헤어진 후 많이 아파 방황했었어 잊으려 애쓰고 여자도 한번만나보고 그 잘난 자존심이 다칠까 전화도 하지 못한 내 자신이 싫었어 미안해 다시 네가 울지않게 너의 곁에 있을게 받아줘 내 마음을 그때 내가 너무 어렸어 사랑해 이젠 알아 니가 내게 얼마나 소중한지 나에게 한번 기회를 줘 널 지켜줄게 우리 헤어지지마  예쁘게 슬프게 포장된 그때 너의 미소 뒤에 행복했던 때로 돌아 가고픈 너를 느꼈지 그 상자 속 너와의 추억 기억 모두  돌려주고 싶어하는 너를 보고도 아직 이별이 실감이 나질 않아 그래  나 담배나 하나 연기 속 슬픔참아봐 oh 추억의 상자 속에 홀로 남은 나  밀려오는 후회 뒤에 슬퍼져 버린나 믿어 더는 흔들리지 않아 돌아와도 돼 괜찮아 미워한 건 아니야 너도 알잖아  언제나 우리는 변하지 않기를 바랬어 시간이 흘러도 그 누구가 우릴 갈라놔도 내가 왜 너를 떠나 이렇게 힘들어 하는 건지 이해할 수가 없어 미안해 다시 네가 울지않게 너의 곁에 있을게 받아줘 내 마음을 그때 내가 너무 어렸어 사랑해 이젠 알아 니가 내게 얼마나 소중한지 나에게 한번 기회를 줘 널 지켜줄게 우리 헤어지지마
2001.12.16~12.22,24,1289875,바람맞던 날,이가희,Lee Ga Hee 1집,2006.07.07,Ballad,,이별엔 여자가 더 강하다고 하지만 난 아직 널 보내긴 너무 힘들어 너 없는 세상은 상상조차 안 해봤어 오늘 널 만나 맘 돌려보고 싶어 제일 예쁘게 차려입고 너 좋아하는 머리하고 늦을까봐 택시도 타고 숨차게 달려와서 기다리고 있는데 어서 잘난 그 얼굴 보여봐 나 그래야 매달리든 뭐든 할 거 아냐 자꾸 눈물이 나서 옆에 사람들이 불쌍한 듯이 쳐다본단 말야 내가 우는 거 보기 미안해 일부러 조금 늦게 나오려는 거지 근데 나는 왜 이리 서러워지는 걸까 이제 정말 잘 할 수 있는데  니가 너무 늦게 나오면 화장이 다 번진단 말야 나 예쁘게 하고 나와서 이거 보면 니 생각 변할 수도 있는데 어서 빨리 여기 나타나 봐 나 그래야 빰이라도 때릴 수 있잖아 자꾸 눈물이 나서 하고싶은 말들 까먹게되면 안 된단 말이야 니가 올 때까지 기다릴래 넌 한번도 내게 약속 어긴 적 없으니 근데 왜 난 끝없이 눈물이 나는 걸까 예쁘게 보이려면 참아야 하는데
2001.12.16~12.22,25,167312,Hidden,Y2K,Unification,2001.11.12,Rock,마경식,아직은 이르다는 걸 니눈엔 내가 없단 걸 나도 알기에 다가서지 못한 거야 얼마나 힘이 드냐고 얼마나 보고 싶냐고 너를 위로하는 내 맘을 넌 아는지 부탁해 너의 어깨에 내손이 감싸줄 수 있게 허락해 난 떠나지 않아 그 누구처럼 널 널 혼자 있게 하지는 않아 내게로 와 와 너의 하루가 그렇게도 견디기 힘들면 그냥 내 이름을 불러줘 어 어서 와 와 내 품에 안겨 나의 옷깃에 눈물 적시며 그 사람을 생각해도 돼  부탁해 나의 두 손이 네 눈물 감춰줄 수 있게 허락해 난 떠나지 않아 그 누구처럼 널 널 혼자 있게 하지는 않아 내게로 와 와 너의 하루가 그렇게도 견디기 힘들면 그냥 내 이름을 불러줘 어 어서 와 와 내 품에 안겨 나의 옷깃에 눈물 적시며 그 사람을 생각해도 돼 웃으라고 하지않아 그 사람 잊으란 말도 하지않아 내게로 와 와 너의 하루가 그렇게도 견디기 힘들면 그냥 내이름을 불러줘 어 어서와 와 내품에 안겨 나의 옷깃에 눈물 적시며 그 사람을 생각해도 돼
2001.12.16~12.22,26,91846,항상 엔진을 켜둘께,델리스파이스,D,2001.09.13,Rock,"김민규,김동영",휴일을 앞둔 밤에 아무도 없는 새벽  도로를 질주해서 바닷가에  아직은 어두운 하늘 천평궁은 빛났고  차 안으로 스며드는 찬공기들   기다릴께 언제라도 출발할 수 있도록  항상 엔진을 켜둘께  너와 만난 시간보다 많은 시간이 흐르고  그 바닷가에 다시 또 찾아와   만약 그때가 온다면 항상 듣던 스미스를  들으며 저 멀리로 떠나자   기다릴께 언제라도 출발할수 있도록  항상 엔진을 켜둘께 -  기다릴께 언제라도 출발할수 있도록  항상 엔진을 켜둘께  돌아오지 않더라도 난 여기에 서 있겠지  아마 엔진을 켜둔 채   기다릴께 언제라도 출발할수 있도록  항상 엔진을 켜둘께  돌아오지 않더라도 난 여기에 서 있겠지  아마 엔진을 켜둔 채 -
2001.12.16~12.22,27,1096485,박하사탕,YB,An Urbanite,2001.06.29,Rock,"윤도현,김진원",떠나려 하네 저 강물 따라서 돌아 가고파 순수했던 시절 끝나지 않은 더러운 내 삶에 보이는 것은 얼룩진 추억속의 나 고통의 시간만 보낸 뒤에는 텅 빈 하늘만이 아름다웠네 그 하늘마저 희미 해지고 내 갈 곳은 다시 못 올 그 곳 뿐야 열어줘 제발 다시 한번만 두려움에 떨고 있어 열어줘 제발 다시 한번만 단 한번만 이라도 나 돌아갈래 어릴 적 꿈에 나 돌아갈래 그 곳으로  남아 있는건 아무것도 없어 그 시간들도 다시 오진 않아 어지러워 눈을 감고 싶어 내 갈 곳은 다시 못 올 그 곳뿐야 열어줘 제발 다시 한번만 두려움에 떨고 있어 열어줘 제발 다시 한번만 단 한번만 이라도 나 돌아갈래 어릴 적 꿈에 나 돌아갈래 그 곳으로  나 돌아갈래 어릴 적 꿈에 나 돌아갈래 그 곳으로 나 돌아갈래 어릴 적 꿈에 나 돌아갈래 그 곳으로
2001.12.16~12.22,28,503258,사미인곡,서문탁,Seomoontak 3rd,2001.09.20,Rock,이영준,만백성에게 고하노니 사랑하며 살지어다 대체 무슨 일을 하관데 사랑하지 않고 살아가오 쉬었다 간들 어떨소냐 난 사랑하며 사는 도다 인생이 이리 짧을진데 어찌 사랑 맘껏 안하리오 Feel me Love me 사람이라면 응당 그래야 하거늘 이렇게 된 세상 어이할꼬 Love for Love for Love 꼭 그리 하오리다 사랑하며 살고 그 안에서 행복을 이룰지니 난 사랑을 하나니 정녕 있는 힘껏 사랑하며 그렇게 살으리오다  그대들에게 이르노니 사랑 속에 살리로다 어찌 혼자 살아 가리오 이제 둘이 함께 가자스라 Feel me Love me 사람이라면 응당 그래야 하거늘 이렇게 된 세상 어이할꼬 Love for Love for Love 꼭 그리 하오리다 사랑하며 살고 그 안에서 행복을 이룰지니 난 사랑을 하나니 정녕 있는 힘껏 사랑하며 그렇게 살으리오다  이제야 얻는 내 사랑을 지켜가게 하소서 오 나의 하늘님이여 Come on Come on 쭉 사랑을 하리라 둘이 함께 가는 길일진데 멀다고 힘들소냐 난 사랑에 미친 자 꿈에서 난 깨지 않으리라 사랑 안에 살리라
2001.12.16~12.22,29,32776,You`re My Life,김민종,You`re My Life,2001.09.25,Ballad,김민종,혹시 내가 달라진 것 같나요 그대가 그런 건가요 나는 아닌데 행복을 느끼는데 그렇다고 난 믿고 있는데 오늘 또 누굴 만났나봐요 나를 몹시 피하는군요 그런가봐요 그렇게 변하는가봐요 영원한 사랑은 그저 떠도는 거짓인가요 oh You're my life 나에겐 텅 빈 그대 행복을 빌어야 하나요 어려워요 나를 달랠 자신 없어요 내 안은 그대뿐이죠  다시 많은 비가 오고 있어요 어제는 비를 맞았죠 괜찮았어요 오히려 포근하던걸요 우리의 많은 날들을 그렇게 보냈었기에 oh You're my life 그대 내 안에 그저 그렇게 떠돈 건 아니죠 행복했던 그대 안의 나의 사랑을 조금 더 간직해줘요 oh You're my life  더 흘릴 눈물도 더 기다릴 작은 힘도 야윈 듯 잠들어 가죠 이렇게 젖은 가슴에 oh You're my life 나에겐 텅 빈 그대 행복을 빌어야 하나요 어려워요 나를 달랠 자신 없어요 내 안은 그대뿐이죠 내 안은 You're my life
2001.12.16~12.22,30,25629,떠난 너,김현정,Wild Beauty,2001.07.24,Dance,김현정,Why Why 속절 없는 사랑아 이미 떠나 버린 사랑아  Hi Hi 나도 울고 너 울고 우리 모두 울고 간 사람 Bye Bye 혼자 남은 내 마음 상처로 깨지고 아프고 아아 버틸 수 있는 모든 걸 아아 가져가버린 내 마음 깊은 곳 모든걸  다 함께 가져가버린 너 바람처럼 사라져 가서  다른 어떤 곳에 다시 정착하려 하다니  너만 아는 사람 함께 하자 할 땐 언제고  그렇게 멀리 가 다신 우연히도 마주치지 않을 것처럼 떠난 너 So So 냉정하게 떠나가 바보 같이 떠난 사람아 혹시라도 말 못할 그런  일 있는 건지 I can feel who who you are 아아 내게 진실만을 말해 줘 아아 지쳐가버린 아아 날 버리고 가게 한 이유 고작 다른 여자라니 바람처럼 사라져 가서  다른 어떤 곳에 다시 정착하려 하다니  너만 아는 사람 함께 하자 할 땐 언제고  그렇게 멀리가 다신 우연히도 마주치지  않을 것 처럼 바람처럼 사라져 가서  다른 어떤 곳에 다시 정착하려 하다니  너만 아는 사람 함께 하자 할 땐 언제고  그렇게 멀리가 다신 우연히도 마주치지  않을 것 처럼 떠난 너 떠난 너 떠난 너
2001.12.16~12.22,31,94303,Magic,채정안,3집 Goddess... Her Fate,2001.10.18,Dance,홍지유,잠에서 깨지 못한 숨결  순간에 마법에 이끌려  한번도 허락하지 않던 나의  사랑의 닫힌 눈을 떠 차갑게 떠민 손을 잡아  아꼈던 내 마음을 담아  남 몰래 간직했던 비밀 모두  그것도 전해주고 싶은 맘  얼마나 기다려야  사랑이 다가오는지 몰라  매일 오는 밤처럼  그렇게 꼭 와준다면  Tell me Show me Give me  들리는 짙은 너의 향기  Kiss me  모자란 나의 맘을 채워줄  너만은 언제나  내곁에 살아주면 돼  Tell me Show me Give me  열리는 깊은 너의 눈빛  Touch me  가녀린 내 사랑을 찾아줄  운명이 너라면  이제는 내게 들어와 Magic in your eyes  You are the another my life Magic in your eyes  You are the another my life  슬픔이 기쁨 보다 많아  햇살이 와도 시들었어  또다시 보고싶지 않은 날들  내 안에 너를 담은 이후로  엇갈린 만남처럼 그냥 널  스쳐 지나갔다면  끝을 알지 못하는  시간에 남았을꺼야  Tell me Show me Give me  들리는 짙은 너의 향기  Kiss me  모자란 나의 맘을 채워줄  너만은 언제나  내곁에 살아주면돼  Tell me Show me Give me  열리는 깊은 너의 눈빛  Touch me  가녀린 내사랑을 찾아줄  운명이 너라면  이제는 내게 들어와  영원히 하나뿐인 날 데려가  너와 나의 바램들을 위해  Tell me Show me Give me  열리는 깊은 너의 눈빛  Touch me  가녀린 내 사랑을 찾아줄  운명이 너라면  이제는 내게 들어와
2001.12.16~12.22,32,8308,Second Love,최재훈,Trap,2001.04.18,Ballad,로이,나를 바라보아요 그대가 사랑한 나였잖아요 이렇게 눈물 보이고 뒤돌아서면 그럼 나는 어떡하나요 거짓말 하는거죠 그대도 나 없인 살 수 없잖아요 이렇게 우린 만난뒤로 세상 모든걸 얻은 것처럼행복했잖아요 이제 그대에게 내 맘을 보여주려 했는데 내가 부족했나요 그런가요 슬픈표정 싫어요  거짓말 하는거죠 그대도 나 없인 살 수 없잖아요 이렇게 우린 만난뒤로 세상 모든걸 얻은 것처럼행복했잖아요 이제 그대에게 내 맘을 보여주려 했는데 내가 부족했나요 그런가요 아무 말이라도 대답해줘요 아무것도 가진게 없어 사랑한단 말 대신 미안하다는 말도 하지 못하고 눈물만 삼켜 버린 나
2001.12.16~12.22,33,503342,선물,유엔,Traveling You,2001.07.11,Ballad,최수정,그대 두 눈가에 흐르는  눈물을 바라보면 가슴 아파요  행복하게 하지 못해서 세상에  태어나 처음 후회가 되요    나 부족 하지만 그댄 힘이 들 때  오히려 날 위로 하네요  하얗고 작은 손에 끼워 준 반지  작은 선물 하나도 눈물을 글썽 거리는    그런 널 나는 사랑하니까 너무 모자라니까  그댈 생각하면 눈물이 흘러  너무도 부족한 사랑 그댈 지키고 싶은  내 맘 항상 잊지 말아요    그대 뒷모습을 보면서  이렇게 이기적인 내가 미웠죠  비 내리는 창가에 서서  가득히 너를 안고 말하고 싶어    나 다시 태어나 너를 사랑해도  그 때도 날 만나 주겠니  이 세상 누구보다 소중한 사람  언제나 내 곁에서 환하게 웃을 수 있는    그런 널 나는 사랑하니까 너무 모자라니까  그댈 생각하면 눈물이 흘러  너무도 부족한 사랑 그댈 지키고 싶은  내 맘 항상 잊지 말아요 -
2001.12.16~12.22,34,18359,언젠가 우리 다시 만나면 (Feat. 김연우),토이,Fermata,2001.05.10,Ballad,유희열,이제 너를 볼 수 없기를  다신 너로 인해 흔들리는 나  되지 않기를  네게 선물했던 옷들 정리하면서  서럽게 울다 지쳐 잠든 밤  오지 않기를  너를 닮은 내 말투와 표정  그 속에서 난 너를 보고  낡은 내 전화기 속에 너의  목소린 그대론데  끝인가 봐  난 여기까지인 듯 해  영원할 순 없잖아  지쳐만 가는 날 더 보긴 안쓰러워  이젠 나 그만 쉴게  그래 널 보내줄게 안녕  내 손에 들린 사진 위에는  내가 사랑했었던 너의 얼굴  내가 살아가는 이유였는데  전부였는데  끝인가 봐  난 여기까지인 듯 해  영원할 순 없잖아  지쳐만 가는 날 더 보긴 안쓰러워  이젠 나 그만 쉴게  그래 널 보내줄게  언젠가 우리 다시 만나면 어색하지만 않길  편한 모습으로 아무렇지  않게 그냥  인사하면서 그렇게  스쳐가길 바래
2001.12.16~12.22,35,1016670,Angel Eyes,SMTOWN,Winter Vacation In Smtown.Com - Angel Eyes,2001.12,Dance,,Jingle bell Jingle bell Jingle bell Rock Jingle bells chime and Jingle bell time Dancin and prancin in jingle bell square In the frosty air  천사의 눈에 비친 세상이 따뜻하지만은 않겠죠 그래서 우린 아픔을 가진 사람을 위로 할 수 없었죠 뒤를 돌아보는 게 어렵지는 않아요 그저 마음을 열면 되는걸 얼어버린 그대 마음을 녹여 줄께요 내 꿈에 모두를 초대해요 Dance Girl 하얗게 눈이 온 세상에 내려 모든 것이 하나같은 풍경 Dance Boy 그렇게 우린 하나되는 거죠 슬픔은 하늘로 날려버려요 천사의 날개처럼 흰눈이 마음속에 내려왔어요 눈물에 사는 슬픔 그 아픔 뒤에 눈물 다 덮어 줄 거예요 꿈을 꾸듯 날아요 나의 손을 잡아요 내 온기를 느낄 수 있나요 얼어버린 세상까지 녹일 꺼예요 늘 우리사랑 함께라면 Dance Girl 하얗게 눈이 온 세상에 내려 모든 것이 하나같은 풍경 Dance Boy 그렇게 우린 하나되는 거죠 슬픔은 하늘로 날려버려요 하늘에선 눈이 내려와 내 눈에선 눈물이 흘러와 알 수 없는 나의 미래와 복잡하기만 한 내 머리가 이런 편이나 저런 편이나 어렴풋이 조차 모르겠지만 나나 that's right 이대로 흘러가지 못해 내가 promise it Jingle bell Jingle bell Jingle bell Rock Jingle bells chime and Jingle bell time Dancin and prancin in jingle bell square In the frosty air 우린 같은 희망이 있어요 내가 혼자가 아니란 것 그게 나를 행복하게 할 수 있겠죠 더 큰 세상을 만들겠죠 Dance Girl 하얗게 눈이 온 세상에 내려 모든 것이 하나같은 풍경 Dance Boy 그렇게 우린 하나되는 거죠 슬픔은 하늘로 날려버려요 Dance Girl 하얗게 눈이 온 세상에 내려 모든 것이 하나같은 풍경 Dance Boy 그렇게 우린 하나되는 거죠 슬픔은 하늘로 날려버려요 Jingle bell Jingle bell Jingle bell Rock Jingle bells chime and Jingle bell time
2001.12.16~12.22,36,8292,내안의 그녀,성시경,처음처럼,2001.04,Ballad,김진아,나에게 다가와서 잘해주려는 그대  고맙지만 받아들 일 수 없죠  아무 말도 없이 떠나간 그녀를  난 아직도 사랑 하기에   이런 날 보며 그댄 바보 같다 하지만  사랑 이란 건 가슴이 시키죠  나만 사랑 한단 그녀의 고운 약속을  아직 난 믿고 있기에   좀 늦을뿐일 거예요  아마도 먼 길 갔다 오는 그 길에  내 곁에 있는 그대를 보고  혹시 되돌아 갈지 모르니   그만 돌아가 줘요  그대에겐 참 미안 하지만  슬픔속에도 기다려지는 내사랑  그녀 뿐이죠 -  날 맘에 두지 말아요  또 다른 사랑 할 수 없는 나니까  늘 꿈 속에 다녀가는 그녈  잊을 수 없는 날 이해 해요   그만 돌아가줘요  그대에겐 참 미안 하지만  슬픔 속에도 기다려 지는 내사랑  그녀 뿐이죠   내게 미안해하며 언젠가는  날 찾을 그녀죠  편히 돌아올 수 있도록  나의 곁을 비워 두고 싶어요   영원히 올 수 없다고 해도  추억만은 지키며 -
2001.12.16~12.22,37,1116679,I Believe,신승훈,엽기적인 그녀 OST,2001.08.01,Korean Movie,양재선,I believe 그댄 곁에 없지만  이대로 이별은 아니겠죠  I believe 나에게 오는 길은  조금 멀리 돌아올 뿐이겠죠  모두 지나간 그 기억속에서  내가 나를 아프게 하며  눈물을 만들죠  나만큼 울지 않기를 그대만은  눈물 없이 날 편하게 떠나주기를  언젠가 다시 돌아올  그대 라는 걸 알기에 난 믿고 있기에  기다릴께요 난 그대여야만 하죠  I believe 내가 아파할까봐 그대는 울지도 못했겠죠  I believe 흐르는 내 눈물이  그댈 다시 내게 돌려 주겠죠  자꾸 멈추는 내 눈길 속에서  그대 모습들이 떠올라 눈물을 만들죠 나만큼 울지 않기를 그대만은 눈물 없이 날 편하게 떠나주기를 언젠가 다시 돌아올 그대라는 걸 알기에 난 믿고 있기에 기다릴께요 난 그대여야만 하죠 나 그댈 알기 전 이 세상도 이렇게 눈부셨는지 그 하늘 아래서 이젠 눈물로  남겨졌지만 이 자릴 난 지킬께요 그대란 이유만으로 나에게는 기다림 조차 충분히 행복하겠죠 사랑한 이유만으로 또 하루가 지나가고 오는길 잊어도 기다릴께요 난 그대여야만 하죠 난 그대여야만 하죠
2001.12.16~12.22,38,104354,음악이 뭔데,거리의시인들,What`s Music?,2001.10.30,Rap / Hip-hop,리키,그러니까 서론 본론 따윈 모두 제껴버리고 도대체가 결론부터 짚어가면 음악이 뭔데 사방에서 쏟아내리는 똑같은 음악들 서로 예술이라며 까불어 대고 있는데 조금만 긴장이 풀어져도 한순간 낙오자가 되버리는 무서운 세상 우리를 들어봐 그리고 자유를 느껴봐 다함께 불러봐 거리의 시인들 Hip Hop forever Rock'n roll together 또 누구는 재즈가 최고 나는 도무지 정신을 차릴 수가 없고 노래에 멜로디가 들어가야 히트를 친다고 한없이 어쩌고 저쩌고 하는 사람들 날 짜증나게 하고 말을 겁나게 빨리 하거나 박자를 특이하게 하면 랩퍼가 될까 흑인처럼 말하고 행동하면 힙합전사가 되는걸까 난 참을 수 없어 견딜수 없어 이런 식으로 가다간 머리가 터져버리겠어 하나만 물어보겠어 음악이 뭔데 예술이 뭔데 어떻게 만들어야 제대로 하는데 좋은게 뭔데 나쁜게 뭔데 어떻게 살아가면 제대로 가는데 음악이 뭔데 스타가 뭔데 도대체 어떡해야 내가 뜨는건데 사는게 뭔데 니들이 뭔데 왜 내가 하고 싶은 일을 막는건데  나는 너의 인생을 바꿔버릴 메신저 세상 돌아가는 모습 파악하고 싶으면 내 얘길 들어봐 재즈 락 펑크 블루스 힙합 무엇을 통해서든 할말은 한다 너희의 지친 영혼을 자유롭게 하겠어 그러기 위해 내가 십자가를 지겠어 그만 그만 그만 그만 이제 그만 거리의 시인들 음악이 뭔데 누구는 잘생겨야 성공한다고 하던데 누구는 돈만 있으면 다 된다고 하던데 누구는 자기한테 잘 보이라고 하던데 그만 그만 그만 그만 그만 그만 다 필요없어 모두 다 우리들은 맨손으로 도전하는 신동이 되겠어 한번더 당돌하게 질문하겠어 너에게 물어보겠어 대답할수 있겠어 음악이 뭔데 예술이 뭔데 어떻게 만들어야 제대로 하는데 좋은게 뭔데 나쁜게 뭔데 어떻게 살아가면 제대로 가는데 음악이 뭔데 스타가 뭔데 도대체 어떡해야 내가 뜨는건데 사는게 뭔데 니들이 뭔데 왜 내가 하고 싶은 일을 막는건데 음악이 뭔데 예술이 뭔데 어떻게 만들어야 제대로 하는데 좋은게 뭔데 나쁜게 뭔데 어떻게 살아가면 제대로 가는데 음악이 뭔데 스타가 뭔데 도대체 어떡해야 내가 뜨는건데 여자가 뭔데 사랑이 뭔데 왜 내꿈을 막는건데 음악이 뭔데 거리의 시인들
2001.12.16~12.22,39,3641189,사랑했지만,김경호,김경호 Best And Live,2002.01.08,Rock,한동준,어제는 하루종일 비가 내렸어 자욱하게 내려앉은 먼지 사이로 귓가에 은은하게 울려 퍼지는 그대 음성 빗속으로 사라져 버려 때론 눈물도 흐르겠지 그리움으로 때론 가슴도 저리겠지 외로움으로 사랑했지만 그대를 사랑했지만 그저 이렇게 멀리서 바라볼 뿐 다가 설 수 없어 지친 그대곁에 머물고 싶지만 떠날 수 밖에 그대를 사랑했지만 때론 눈물도 흐르겠지 그리움으로 때론 가슴도 저리겠지 외로움으로 사랑했지만 그대를 사랑했지만 그저 이렇게 멀리서 바라볼 뿐 다가 설 수 없어 지친 그대곁에 머물고 싶지만  떠날 수 밖에 그대를 사랑했지만 그대를 사랑했지만
2001.12.16~12.22,40,24677,흐르는 강물처럼,김진표,JP3,2001.07.06,Rap / Hip-hop,"Ray,김진표",하루종일 신이 나게 싸웠지 미친듯이 고래고래 소리질렀지 이제 그만 때려쳐 모든 것들 관두자구 있는 힘껏 마구 소리질렀다구 어떻게 그럴 수 있냐구 우릴 이어주는 한 가닥 만이 남아버린 이제 마지막 정말 그것마저 끊겨 나갈꺼라 나는 생각했지 이렇게 지난 뒤 생각해 보니 정말 웃음만이 이제 그저 얘깃거리 우리 추억부르는 소리 그래 정말 미친듯이 애를 써봤자 때론 절대 엉켜 풀리지도 않지 허나 이제 정말 조금은 알 것 같아 절대 서두를 것 하나 없지 Like a river flows The thing I've come to know In the making of me You give the love I need Like a river flows 아주 어렸을 때 그땐 뭐가 그렇게도 무서웠었는지 아주 아련한 기억 속에 너무도 크게 울며 미친듯이 떨며 불안해 하면 생각하지 말고 이제 그만 자렴 어머니의 따스한 손길이 내 볼을 스칠때면 알 수 없는 포근함이 감도는 나의 내면 시간은 다시 돌아와 또 추억 속에 빠지는건 잠시라고 지금은 너무도 많은 것들이 바껴 눈 적셔주던 마음 아껴 이젠 내가 나의 손을 내밀 차례 첨엔 어색도 하겠지만 또 이제 금방 익숙해지겠지 모든 것들이 그렇듯이 흐르는 시간이 해결해 주겠지 Like a river flows The thing I've come to know In the making of me You give the love I need Like a river flows 벌써 7년 이 시간 잘 보내왔는지도 모르는 채 정말 앞만 보며 뛰어왔지 그 언젠가 내가 뒤를 돌아볼 때 사랑하는 친구 나의 식구 영원히 함께 할 나의 여자친구 또한 나의 음악 사랑해 주는 많은 사람들이 나를 맞이해줬으면 끝까지 Like a river flows Like a river flows The thing I've come to know In the making of me You give the love I need Like a river flows Like a river flows The thing I've come to know In the making of me You give the love I need Like a river flows
2001.12.16~12.22,41,94934,The End,이현우,Free Your Mind & Body,2001.10.10,Ballad,"정한종,이창현",더 말할 것도 부탁할 것도 없어요 내 마음 이리도 아파한 적은 없어요 모든 게 후회되요 그대여 날 이렇게 떠나나요 그러면 남겨진 내 사랑은 어떡하나요 지쳐져버린 그대 뒷모습 보면서 아무것 해 줄 수 없는 내 자신이 미워져요 이제는 그대 맘에 내가 있을 곳 없나요 제발 처음으로 돌아와 줘요 이제는 돌아와요  나 그댈 위해 버릴 수 있다 믿었죠 그 어떤 아픔도 참아낼 거라 했었죠 나만을 바라보던 그대의 눈빛 속에 내가 있죠 이제는 누굴 위해 사랑을 노래하나요 쓰러져 가는 내가 보이긴 하나요 아무도 꿈 꿀 수 없는 나 환상에 살았나요 더 이상 그대 맘에 내가 있기는 하나요 이젠 나 떠난다 말할 게요 그대여 이젠 안녕 이젠 내가 떠나요 그대를 영원히 다시 볼수 없는 또 다른 곳으로 이젠 내가 떠나요 그대를 영원히
2001.12.16~12.22,42,19811,With Coffee...,브라운아이즈,Brown Eyes,2001.06.07,R&B / Soul,한경혜,Cause you're my love forever  매일밤의 달콤한 낮은 속삭임  부드러운 커피향보다  더욱 진하게 Don't be afraid tonight  졸린 눈 부벼 창문을 열면  기대 앉았던 바람 내 머릴 만져  등뒤에서 너를 안으면  더 행복할 수 없는 걸  바로 지금 여기 시간이 멎어  함께 눈감아도 멋질 거야  같은 시간 속을  두 손 잡고 걸어가게 우  너만을 바라보고 또  너만을 지키고 너만을 원해  내 가진 것 모두  너만을 줄 수 있다면  내겐 기쁨인 걸  Cause you're my lover so baby  Cause you're my lover  that's what I did  Cause you're my lover so baby  so give me a chance  너를 사랑하긴 힘이 들지만  힘든 그것조차 사랑인 걸  내가 살 수 있고 죽는 것은  너인 것을 우 Cause you're my love forever 매일밤의 달콤한 낮은 속삭임  부드러운 커피향보다 더욱 진하게 Don't be afraid tonight 너만의 아주 작은 몸짓도 지나가는 말도 너 있는 모든 것은 커다란 의미가 되는걸 Cause you're my love forever 매일밤의 달콤한 낮은 속삭임 부드러운 커피향보다 더욱 진하게 Don't be afraid tonight Cause you're my love forever 매일밤의 달콤한 낮은 속삭임 부드러운 커피향보다 더욱 진하게 Don't be afraid tonight tonight
2001.12.16~12.22,43,21360,밤이 깊었네,크라잉넛,하수연가 (下水戀歌),2001.06.01,Rock,캡틴락,밤이 깊었네 방황하며 춤을 추는 불빛들  이밤에 취해  술에 취해  흔들리고 있네요.  벌써 새벽인데 아직도 혼자네요  이 기분이 나쁘지는 않네요.항상 당신곁에 머물고 싶지만  이밤에 취해  술에 취해  떠나고만 싶네요.  이 슬픔을 알랑가 모르겄어요.  나의 구두여 너만은 떠나지 마요.  하나둘 피어오는 어린시절 동화같은 별을 보면서  오늘밤 술에 취한 마차타고 지친달을 따러가야지.  밤이 깊었네 방황하며 노래하는 불빛들  이밤에 취해  술에 취해  흔들리고 있네요    가지마라 가지마라 나를 두고 떠나지마라.  오늘 밤 새-빨간 꽃잎처럼 그대 발에 머물고 싶어.  딱 한 번만이라도  가지마라 가지마라   날 위해 웃어준다면  나를두고 떠나가지마라   거짓말이었대도  가지마라 가지마라   저별을 따다줄텐데  나를두고 가지마라   아침이 밝아오면  가지마라 가지마라   저 별이 사라질텐데  나를 두고 떠나가지마라   나는 나는 어쩌나  가지마라   차라리 떠나가주오. 워-어-오-  하나둘 피어오는 어린시절 동화같은 별을 보면서  오늘밤 술에 취한 마차타고 지친달을 따러가야지.  가지마라 가지마라 나를 두고 떠나지마라.  오늘 밤 새-빨간 꽃잎처럼 그대 발에 머물고 싶어.  날 안아 주어...
2001.12.16~12.22,44,1016606,Last Christmas,"김조한,허니패밀리",Happy Christmas Last Christmas,2001.11.28,기타,,"잊어야지 하면서 널 잊지 못해  지워야지 하면서 난 또 널 그려 잊어야지 하면서 널 잊지 못해  지워야지 하면서 난 또 널 그려  잊어야지 하면서 널 잊지 못해  지워야지 하면서 난 또 널 그려 잊지못한 널 아직도 생각해  그래 난 널 그려   넌 내게 말했지 남자친구완  처음 보내는 크리스마스라고  크리스마스 몇 달전부터  넌 마냥 들떠서 좋아했잖아  그런 널 위해 나름대로  이벤트를 준비하려했지   하지만 어디서부터  어떻게 해야할 줄 몰랐던  그런 날 위해 하늘에선  흰눈이 펑펑 내리고   마치 너와 나의 만남을 축하하듯  멈추질 않고 밤새도록 내렸지  특별히 준비한것도 없던 나인데  좋은 곳을 데려간것도 아닌데   그저 흰눈이 내린다는  그 이유만으로 넌 정말 좋아했지.  그렇게 즐거워하던  그 때 너의 그 미소가   (아직도 생각나) 널 잊지 못해  (그래서 기도해) 올해는 제발  흰눈이 내리질 않기를  내 소원 한 번만 들어달라 기도해   12월 24일 5일 6일 삼일동안만  눈만내리질 않는다면 올 겨울안에  널 잊을 수 있을것만 같아서  이렇게 바보처럼 기도해   Last Christmas I gave you my heart  But the very next day, you gave it away.  This year To save me from tears  I'll give it to someone special    흰눈이 펑펑 내리면  널 잊을 수 없을것만 같아서  흰눈이 펑펑 내리질 않길.  오늘도 하늘에 난 기도하지   흰눈이 펑펑 내리면  널 지울 수 없을것만 같아서  올해는 제발 흰눈이 내리질 않길   (어떻게 된거니) 도대체 왜  (연락이 안되니) 너 혹시  핸드폰을 잃어버린거는 아니니  그래 넌 지금 행복한거니   지금도 생각나 흰눈이 내리던  작년 12월 24일 같이 거닐던  그 길, 그 거리, 골목골목 구석구석  내게 했던 말 모두다.   난 잊지 못해 아직도 생각나  그 때를 그려 영화를 보고 커플링 하고  스티커 사진을 찍던 그때 그때를.   허기진 배를 채우려 같이 갔던  레스토랑에서 내게 한 말 모두다  지금도 기억해 그리고 기도해  올해는 제발 눈이 내리질 않기를   Once bitten and twice shy  I keep my distance  But you still catch my eye  Tell me baby  Do you recognize me?  Well, It's been a year  It's doesn't surprise me  (happy christmas)  I wrapped it up and sent it  With a note saying  ""I Love You"" I meant it  Now I know what a fool I've been  But if you kissed me now  I know you'd fool me again   Last Christmas I gave you my heart  But the very next day, you gave it away.  This year To save me from tears  I'll give it to someone special   잊어야지 하면서 널 잊지 못해  지워야지 하면서 난 또 널 그려  잊어야지 하면서 널 잊지 못해  지워야지 하면서 난 또 널 그려  잊어야지 하면서 널 잊지 못해  지워야지 하면서 난 또 널 그려 잊지못한 널 아직도 생각해  그래 난 널 그려   그래 난 널 그려 -"
2001.12.16~12.22,45,33651,그 해 여름,강타(KANGTA),Polaris,2001.08.16,Ballad,강타(KANGTA),그래 나 알고 있어 다 이해할께 헤어지잔 너의 그 말도 하지만 혹시나 하는 맘에 너를 붙잡던 날 이해해줘  몇 번이고 수화기를 들어 전화하려 했지만 아무말도 할 수 없어 하루에 몇 번씩 걸던 전화가 왜 이리도 누르기 힘든건지  언제고 다시 니가 날 찾으면 어디든달려가겠다고 말했지만 그것도 역시 날 떠나가는 너의 마음을 편치 않게 할까봐  행복해 난 너만 행복해하면 니가 어떤 사람을 만나도 상관 없어 이런 내 모습이 초라해도 사랑은 자존심이 아니잖니  사랑해 오랜 시간이 흘러도 세상 모든 것이 다 변해도 널 사랑해 이젠 너 없이도 울지 않아 가끔은 보고 싶어지겠지만   너의 편지 너의 선물도 너의 기억들 나 어떻게 지워야 하니 이러면 안되는 걸 알고 있는데 편하게 보내줘야 하는데  나 이렇게도 이기적인건 우리 만날 때와 헤어진 지금도 같지만 이해해줄래 너무도 사랑했다는 마지막 내 표현일 테니까  행복해 난 너만 행복해하면 니가 어떤사람을 만나도 상관 없어 이런 내 모습이 초라해도 사랑은 자존심이 아니잖니  사랑해 오랜 시간이 흘러도 세상 모든 것이 다 변해도 널 사랑해 이젠 너 없이도 울지 않아 가끔은 보고 싶어지겠지만  시간이 지나 나 역시도 널 잊어가겠지만 기억해줄래 우리가 사랑했었던 수많은 그 눈물의 약속을  행복해 난 너만 행복해하면 니가 어떤사람을 만나도 상관 없어 이런 내 모습이초라해도 사랑은 자존심이 아니잖니  사랑해 오랜 시간이 흘러도 세상 모든 것이 다 변해도 널 사랑해 이젠 너 없이도 울지 않아 가끔은 보고 싶어지겠지만
2001.12.16~12.22,46,28132,연인(戀人),박상민,Feel,2001.07.26,Ballad,손지창,너를 잊기 위해서 어떻게 해야하는지 이제와서 후회한다 해도 아무런 소용 없겠지만 너에겐 너무 모자란 나란 걸 알고 있기에 널 보낼께 그리고 내 맘에 남은 미련도 하나까지 모두다 나보다 더 널 사랑한 사람이면 떠나가도 돼 행복하기만 바랄께 난 괜찮아 너무 슬퍼 하지는 마 너 없이도 살 수 있을테니  너에겐 너무 모자란 나란 걸 알고 있기에 널 보낼께 그리고 내 맘에 남은 미련도 하나까지 모두다 지워버려 나와 함께한 기억은 꿈을 꾼거야 그렇게 생각 하면돼 바람처럼 스쳐간 사람이라고 이제 우린 모두 끝난거야 널 위해서 떠난다고 말하지만 그게 아니야 나도 미칠 것만 같아 이런 사랑 다시는 없을 거라고 약속할께 나 죽는다 해도 널 가질수 없는 나를 용서해줘 제발
2001.12.16~12.22,47,1137836,Lately,성시경,Try To Remember (Special),2003.05.27,Ballad,,lately I have had this strangest feeling with no vivd reasons here to find yet the thought of losing's been hanging round my mind far more requently    you're wearing perfume with you say no special place to go but when I ask will you be coming back soon you don't know never now well I'm a man of many wishes I hope my premonition misses but what I really feel my eyes won't let me hide cause they always start to cry cause it's time  could mean good good bye lately I've been staring in the mirror very slowly picking me apart trying to tell myself that I have no reason with your heart just the other night while you were sleeping I vaguely heard you whisper someone's name but when I ask you of the thoughts you're keeping  you just say nothing's changed I'm a man of many wishes I hope my premonition misses but what I really feel my eyes won't let me hide cause they always start to cry cause it's time could mean goodbye goodbye I'm a man of many wishes I hope my premonition misses but what I really feel  my eyes won't let me hide cause they always start to cry cause it's time could mean good goodbye
2001.12.16~12.22,48,3013199,"구리뱅뱅 (Feat. 1kyne, 난아)",YDG,Best Of Best,2010.11.09,Rap / Hip-hop,"YDG,1Kyne",Just another day  honey with the license plate  call me call me  if you can find me  just another day  where we turn it up turn it up  call me call me  if you can find me  넓은 강남대로  어느 날씨 화창한 날  그래요 Kick and goal 리는대로  신사동 사거리 제일생명 사거리  타워 레코드 강남역 사거리  차 존나 막혀 길어지는 신호 대기  정박 힙합 음악에 끄덕이며  뒤돌아보는데 Yo Uh  숨 멎어버려 종이와 펜을  어여 빨리줘 봐 Hurry up  S E O U L 51로  Main 번호가 827 No  두말하면 마릴린먼로  그녀와 이제 247 No  I'm ready to go here we go  Hit'm hi ho I feel me flow  Hiphop 음악에 링딩동  This and that are my ice  bling bling blow  Just another day  Honey with are license plate  Call me call me  If you can find me  Just another day  Where we turn it up turn it up  Call me call me  If you can find me  Scorching hot day  Crushing the highway  Ready for someone hot babes  bout a hundred degrees  Me and my dawg Madman  Up to no good spot up a shawdae  Window rolled down hotbox set free  That's what I call a hot  recipe tank top  Singing on that bottle  like body she just ready to get  Sliced up lced up  Look at them curves on them  thang thang  She make a dawg wanta go bang bang  S E O U L 51로  Main 번호가 827 No  두말하면 마릴린먼로  그녀와 이제 247 No  I'm ready to go here we go  Hit'm hi ho I feel me flow  Hiphop 음악에 링딩동  This and that are my ice  bling bling blow  치리 치리 뱅뱅 청바지 뱅뱅  앞유리에 붙은 연락처 난 갱생  그러나 보지 못해서  내가 눈이 나빠서  답답해 뒤지는 줄 알았어 getppasa  2001년 April 17일 작은형 생일  10시 남짓 압구정 밤거리에 그녈 본 건 My mistake I'm a fake 니가 take a rice cake There's a lot other girl no She's only one No more in Korea She's perfect she's dime 어디서 와서 어디로 가는 건지 나도 몰라 그 날 이후 하루도 널 잊은 적이 없어 양손에 두 아이들 그 아이들 혹시 아들 About pm 10 17th April 2001 two kids와 압구정 밤 거릴 거닐던 Yo dime women Just another day Honey with the license plate Call me call me If you can find me Just another day Where we turn it up turn it up Call me call me If you can find me S E O U L 51로 Main 번호가 827 No 두말하면 마릴린먼로 그녀와 이제 247 No I'm ready to go here we go Hit'm hi ho I feel me flow Hiphop 음악에 링딩동 This and that are my ice bling bling blow
2001.12.16~12.22,49,8302,내게 오는 길,성시경,처음처럼,2001.04,Ballad,양재선,지금 곁에서 딴 생각에 잠겨 걷고 있는 그대  설레는 마음에 몰래 그대 모습 바라보면서  내안에 담아요   사랑이겠죠 또 다른 말로는 설명할수 없죠  함께 걷는 이 길 다시 추억으로 끝나지않게  꼭 오늘처럼 지켜갈께요   사랑한다는 그 말 아껴둘 걸 그랬죠  이젠 어떻게 내 맘 표현해야 하나  모든 것이 변해가도 이 맘으로 그대 사랑할께요   망설였나요 날 받아주기가 아직 힘든가요  그댈 떠난 사람 그만 잊으려고 애쓰지마요  나 그때까지 기다릴테니   사랑한다는 그 말 아껴둘 걸 그랬죠  이젠 어떻게 내맘 표현해야 하나  모든 것이 변해가도 이 맘으로 그대 사랑할께요   눈물이 또 남아있다면 모두 흘려버려요  이 좋은 하늘아래 우리만 남도록   사랑할 수 있나요 내가 다가간만큼  이젠 내게 와줘요 내게 기댄 마음  사랑이 아니라해도 괜찮아요 그댈 볼 수 있으니  괜찮아요 내가 사랑할테니 -
2001.12.16~12.22,50,21749,가장 슬픈 말,제이,Beautiful Ones,2001.06.21,R&B / Soul,심상원,처음 본 듯한 너의 행복한 모습  그녀와 함께 있는 네가 어색해 보여도  너무 잘 어울리는 걸  네게 잘해 줄 것만 같아  그녀는 정말 따뜻해 보여  I start to cry  when I hear you say goodbye  애써 웃어 보려 해도 내 맘은 울고있어  since the day you've gone  everyday and everynight I cry  너를 향한 사랑을 네가 알 수 없도록  감춰둬야 해  이해하겠니 사랑도 넘치면  또 쉽게 이별이 와 다신 우릴 볼 수 없게 해 서툰 나의 고백으로 어쩜 널 잃게 될지 몰라  차라리 그냥 지금 이대로  It breaks my heart do you know  I can't have you now  애써 웃어 보려 해도 내 맘은 울고있어  since the day you've gone  everyday and everynight I cry  너를 향한 사랑을 네가 알 수 없도록  감춰둬야 해  이 세상에 가장 슬픈 나의 말을 넌 알고있니  닿을 수 없는 내 고백처럼 사랑해 so for love  생애 두 번은 못 올 만큼  언제까지나 널 사랑해  since the day you've gone  everyday and everynight I cry  지금 네 앞에 다가온  그녀와의 사랑으로 행복하다면  나를 지워줄게
