time,rank,song_id,title,singers,album,date,genre,creator,lyric
2000.04.02~04.08,1,46218,전설속의 누군가처럼,신승훈,Desire To Fly High,2000.03.07,Ballad,신승훈,"거울 속의 그대 모습을 바라본적 있는가 부끄럽지 않은 삶인가 뜨거운 눈물 흘려본 적 언젠가 누굴 위해 살아왔는가 여긴 지금 어딘가 어릴 적 그대의 꿈들은 그저 그대가 만든 소설이었나 이젠 한번 생각해봐 그대 안에 다른 널 움츠리지 말고 너의 날개를 너의 미래를 향해 날아보는 거야 아주 작은 새의 몸짓도 이 세상 봄이 옴을 알게 하는데 (Can you see a whole new world) 부질없는 그대 몸짓은 그 누구에게도 느낄 수 없게 해 (No one knows the way you feel) 그대 아직 늦지 않았어 두 팔을 벌려 너의 날개를 펴고 (You can soar and touch the sky) 전설 속의 누군가처럼 그대의 미래를 향해 훨훨 날아봐  이젠 한번 생각해봐 그대 안에 다른 널 움츠리지 말고 너의 날개를 너의 미래를 향해 날아보는 거야 아주 작은 새의 몸짓도 이 세상 봄이 옴을 알게 하는데 (Can you see a whole new world) 부질없는 그대 몸짓은 그 누구에게도 느낄 수 없게 해 (No one knows the way you feel) 그대 아직 늦지 않았어 두 팔을 벌려 너의 날개를 펴고 (You can soar and touch the sky) 전설 속의 누군가처럼 그대의 미래를 향해 훨훨 날아봐 (We believe, we believe that you can fly) 진흙 속에 피는 꽃들도 그 어느 꽃보다 더 향기로운데 부질없는 그대 몸짓은 그 누구에게도 느낄 수 없게 해 (No one knows the way you feel) 그대 아직 늦지 않았어 두 팔을 벌려 너의 날개를 펴고 (You can soar and touch the sky) 전설 속의 누군가처럼 그대의 미래를 향해 훨훨 날아봐"
2000.04.02~04.08,2,86668,나의 연인(我戀),임창정,White,2000.02.10,Ballad,한경혜,너를 알기 전에 나 어떻게 혼자 살아 왔을까
2000.04.02~04.08,3,91325,애수(哀愁),god,Chapter 2,1999.11.25,Dance,박진영,난 아직도 그대를 잊지 못해  오늘도 그댈 찾아 이  거리를 헤매 난 아직까지 그대만을 원해  다른 사랑을 하지 못해 세상 모든 곳 그대가  있을 만한곳  모두 뒤져봐도 그대를  찾지 못했어 그대는 어딨는 거야 왜 날날  떠나간 거야  내말 안 들리는 거야 내가  널 찾는걸  모르는거야 그런 거야 아니면  나를 만나면  안 될 이유라도 있는 거야  그러면 좋아 내가 널 이렇게  목놓아 부르지 않게  한번만이라도 잠깐만이라도  내 앞에 나타나 줘  꿈속에서라도 나를 봐 조금씩  무너지는  내 모습을 봐 널 찾아  헤매이는 난  지금 힘들어 니가 보고 싶어  니가 날 떠난 그 직후부터 난 아직도 그대를 잊지 못해  오늘도 그댈 찾아 이  거리를 헤매 난 아직까지 그대만을 원해  다른 사랑을 하지 못해 우린 행복했어 정말 행복했어  세상 누구보다 예쁜 사랑을 했어 처음 만난 그 순간 하늘에서  예쁜 눈을 뿌려줬어 마치 한 장면의 영화처럼  너무 아름다운 너와 내가 눈이 맞았었지 움직일  수 없었지  그렇게 우리의 사랑은  시작되었지 그리고 나서 우리는 예쁜  그림을 그리는 꼬마 아이들처럼 그 눈빛처럼   맑고 맑은 유리구슬처럼  투명한 사랑을 만들어 갔어  꿈을 꾸며 함께 미래를 그려봤어 그러다 그녀가 사라졌어  한마디 말도 없이  그렇게 그렇게 내곁을 떠났어 난 아직도 그대를 잊지 못해  오늘도 그댈 찾아 이  거리를 헤매 난 아직까지 그대만을 원해  다른 사랑을 하지 못해 제발 돌아와 내말 안 들려  어서 나타나 나 지금 흔들려 나를 잡아 줘 나를 붙잡아 줘 어서 하루가 다르게 무너지는  날 일으켜 줘 너는 나를 잘 알잖아 난 너밖에 없잖아  니가 없으면 아무 것도  못한다는 걸 알잖아 왜 그래 도대체 왜 이래  대체 왜 이렇게  날 자꾸만 힘들게 해 니가 어디 있든 어디서  무얼 하든  누구와 있었든 그 이유가  무엇이든 아무 것도 묻지 않을게  넌 돌아오기만 하면 돼 난 그전엔 그날이 오기 전에  어쩔 수 없어  난 이렇게 밖엔 살아갈 수 없어  너만을 기다리며 멈출 수 없어  널 찾아 헤매이며 ah girl No I can't live  without you  everything I see it reminds  me of you  My heart is so cold Please come back to me 난 아직도 그대를 잊지 못해  오늘도 그댈 찾아 이  거리를 헤매 난 아직까지 그대만을 원해  다른 사랑을 하지 못해
2000.04.02~04.08,4,85900,고백,박혜경,+01,1999.12.23,Rock,강현민,말해야 하는데 네 앞에 서면
2000.04.02~04.08,5,85707,해줄 수 없는 일,박효신,해줄수 없는일,1999.12,R&B / Soul,윤사라,할말이 있어 어려운 얘기  내게 힘겹게 꺼내놓은 네   마지막 얘기  내 곁에 있기엔 너무 닮지 못해서  함께 할 수 있는 건 이별 뿐이라고  아무것도 난 몰랐잖아 너를   힘들게 했다는 게  그런것도 몰랐다는 걸 도무지   난 용서가 안돼  아무것도 넌 모르잖아  나를 차갑게 돌아서도 내일부터   볼 수 없어도  내 안에 넌 달라지는 게 아니란걸 그렇다는걸 너도 알고 있잖아  니가 원하면 무엇이든 다 할   수 있단 걸  해줄 수 없는 건 오직   한 가지 뿐야  너무 사랑하면서 너를   떠나가는 일  아무것도 난 몰랐잖아 너를   힘들게 했다는 게  그런것도 몰랐다는 걸 도무지   난 용서가 안돼  아무것도 넌 모르잖아   나를 차갑게 돌아서도 내일부터   볼 수 없어도  내 안에 넌 달라지는 게 아니란걸 너를 위한 길이라면 그러고 싶어  받아들이려고 해봐도 이별까지는 아무래도  힘들것 같아 니가 없이 살아가는게 나에게는  자신 없으니까 아무말도 못 들은 걸로 아무일도  없었던 걸로 오늘 일만 지워버리면 우리  둘은 달라지는게 없잖아 더 지치게 하는 일 없을테니
2000.04.02~04.08,6,607552,가시나무,조성모,2.5집 Classic,2000.01.27,Ballad,하덕규,내 속엔 내가 너무도 많아  당신의 쉴곳 없네  내 속엔 헛된 바램들로  당신의 편할곳 없네  내 속엔 내가 어쩔수 없는 어둠  당신의 쉴 자리를 뺏고  내 속엔 내가 이길수 없는 슬픔  무성한 가시나무 숲같네  바람만 불면 그 메마른 가지  서로 부대끼며 울어대고  쉴곳을 찾아 지쳐 날아온  어린 새들도 가시에 찔려 날아가고  바람만 불면 외롭고 또 괴로워  슬픈 노래를 부르던 날이 많았는데  내 속엔 내가 너무도 많아서  당신의 쉴곳 없네   바람만 불면 그 매마른 가지  서로 부대끼며 울어대고  쉴곳을 찾아 지쳐날아온  어린 새들도 가시에 찔려 날아가고  바람만 불면 외롭고  또 괴로워  슬픈 노래를 부르던  날이 많았는데  내 속엔 내가 너무도 많아서  당신의 쉴곳 없네
2000.04.02~04.08,7,26822,한 (Come A Come),샤크라,Chakra,2000.03.02,Dance,이상민,가라 가라 갇혀 확 갇혀   내 안에 갇혀 확 갇혀   가라 가라 갇혀 확 갇혀   사랑안에 갇혀 확 갇혀   소리 없이 보내리라   말이 없이 보내리라   그리워질 이야기가   소리없이 보내리라   말이 없이 보내리라   그리워질 이야기가  약해지지마 헤어져도 우린  이대로 갈 수 없어   커져가는 응어리를 버려야해   떠나가려 해  나 하나가 네게 있어 뭐가   그리 중요했니   나처럼 전처럼 그렇게 바라봐   알 수 없는 미래보다 지금이  더 좋아보여   잊어버려 나라는 이름을   다시 부르지마 어디서 어떻게든   모른체 지나쳐   다시 날 찾지마 어디서 어떻게든   죽어도 나를 찾지마   come a come come a come   다시 찾아주길 위해서   나는 너의 곁을 떠난다   come a come some a some   some a some   결심했다 너를 위해서   나는 너의 곁을 떠난다   some a some so loose   I've been abused absoulutely   make you   curse I make you dismiss me   dis piss me   이미 마음이 너의 곁을 떠난다   소리 없이 보내리라   말이 없이 보내리라   그리워질 이야기가  저 하늘을 바라보는   나날들이 늘어가도   나처럼 전처럼 행복해져야 해   내 곁에서 아주 멀리 떠나가줘   너를 잊게 목소리라도  들을 수 없게  다시 부르지마 어디서 어떻게든  모른체 지나쳐  다시 날 찾지마 어디서 어떻게든  죽어도 나를 찾지마  행복하게 살아야해 그 하나면 돼  나에겐 다시 부르지마  어디서 어떻게든 모른체 지나쳐  다시 날 찾지마 어디서 어떻게든  죽어도 나를 찾지마  가라 가라 갇혀 확 갇혀  내 안에 갇혀 확 갇혀  가라 가라 갇혀 확 갇혀  사랑안에 갇혀 확 갇혀
2000.04.02~04.08,8,34093,오랜 방황의 끝,김태영,오랜 방황의 끝,2000.01.10,Ballad,김창환,그대 두 손을 잡고 고개를 숙인채로  나를 용서해달라면서 난 많이 울었지  나의 긴 방황 끝에 결국 내가 찾은건  아직도 날 기다리고 있는 그대였었어  알아 그 동안 많이 들었어  그대가 나땜에 무척 힘들어 했었다는 걸  알아 순간의 나의 잘못이 얼마나 많은  상처로 그대를 괴롭혔는지  이젠 되돌려줄께 못다한 내 사랑이  오직 나 하나만 믿고 기다린 그대에게  내 모든 걸 다바쳐 나의 사랑속에서  이젠 그댈 편히 쉬게 할꺼야  그대 내 손을 잡고 날 감싸주면서  돌아왔으면 됐다면서 날 위로했지  수척해진 얼굴로 미소를 띄운채  내 두눈에 고인 눈물을 닦아주었지  알아 그 동안 많이 들었어  그대가 나땜에 무척 힘들어 했었다는 걸  알아 순간의 나의 잘못이 얼마나 많은  상처로 그대를 괴롭혔는지  이젠 되돌려줄께 못다한 내 사랑을  오직 나 하나만 믿고 기다린 그대에게  내 모든 걸 다바쳐 나의 사랑속에서  이젠 그댈 편히 쉬게 할꺼야  이젠 되돌려줄께 못다한 내 사랑을  오직 나 하나만 믿고 기다린 그대에게  내 모든 걸 다바쳐 나의 사랑속에서  이젠 그댈 편히 쉬게 할꺼야
2000.04.02~04.08,9,75233,비(悲)의 Rhapsody,최재훈,Believe In 5462,2000.03.09,Rock,"이세준,주영훈",이젠 눈물 그쳐 나를 봐요  우는 그대 더 아름다워  내게 이 모습 조차 더 남지 않도록  그냥 고개 돌려요  그저 미안한 마음뿐이죠  그댈 위해 해줄게 없어  모두 이해할게요 그댈 아끼는 맘  그분들도 같을 거란걸  한참 동안을 비틀거렸죠 워  그댈 사랑했던 그만큼 워  떠나가요 아주 먼곳으로  그대 소식 내게 올수 없을  그 만큼  다 잊어요 내겐 마지막이  될 사람도 모두 다 버려두고 갈게요  나를 위해 많이 애썼단걸  알고있죠 난 감사해요  허나 이룰수 없는건 어쩔수 없죠  내가 용기낼게요 이젠  죽는 날까지 사랑한대도 워  가질수 없는 그대인걸 워  떠나가요 아주 먼곳으로  그대 소식 내게 올수 없을  그 만큼  다 잊어요 내겐 마지막이  될 사람도 모두 다 버려두고 갈게요  떠나가요 아주 먼곳으로  그대소식 내게 올수 없을  그 만큼  혹시라도 내가 그리울 때면  세상에 내가 없다고 믿어요  우 그렇게 우 믿어요
2000.04.02~04.08,10,1606631,Cyber Lover,터보,터보(Turbo) 5집 `Email My Heart`,2000.01.26,Dance,이승호,I met a girl inside I fell in love inside I wanna be her lover I wanna love forever cyber lover you cyber lover cyber lover 그녀의 말투에 나는 빠졌어 그랬어  지난 사랑 얘기에 나도 모를 질투 아직 한번도 만나지 못했지 만 하지만 우리끼리통하는 여긴 cyber world 오늘 아침 니가 보내온 향기 가득한 메일이 나의 하루를 행복하게 만들어 주겠지 어떤 모습 어떤 눈빛일까 너무 보고 싶지만 왠지 난 이대로가 그냥 좋은걸- 속상했던 일이 생겨도- 또 마음이 서글퍼질때도 너와의 얘기속에 어느샌가 사라-져 왜 내 마음이 설랠까 한번도 만나지 않았는데 어떻게 내게 이런 느낌 생길수가 있을까 널 사랑하는지 몰라 세상에 지쳐있는 내 눈빛보다 가슴부터 차오르는 느낌 사랑이 아닐까 oh cyber lover you cyber lover cyber lover 니가 너무 보고 싶어 너에게 어울리는 선물도 하고 싶어 비록 얼굴도 이름도 모르지만 니속에 모든걸 알고 싶어 널 보면 실망하고 허무하고 슬퍼질지도 I don't know 하지만 넌 이미 이세상 최고의 나만의 cyber lover 오늘은 널 볼수 없었어 종일 널 찾아 다녔지 이런적 없던 너였기에 당황도 되었지 혹시 무슨일이 있는건지 왠지 걱정도 됐고 이렇게 변한 네게  화도 났었어- 언제라도 내가 찾으면- 늘 그곳에 있어주었던 너 그래서 바보처럼 가끔씩은 잊혀-져 늘 함께 있을 사랑을 체온이 느껴지는 사랑을 나보다 더 큰 행복으로 지켜주는 사랑을 널 만날수는 없겠지 이대로 추억속에 남게 될지도 그렇지만 변함없을거야 내 상상속에서 oh  I met a girl inside I fell in love inside I wanna be her lover I wanna love forever cyber lover you cyber lover cyber lover cyber lover-
2000.04.02~04.08,11,91322,너를 보내고,YB,한국 Rock 다시 부르기,1999.12.01,Rock,이승희,구름낀 하늘은 왠지 네가 살고 있는 나라일 것 같아서 창문들마저도 닫지 못하고 하루종일 서성이며 있었지 삶의 작은 문턱조차 쉽사리 넘지 못했던 너에게 나는 무슨말이 하고 파서 였을까 먼산 언저리마다 너를 남기고 돌아서는 내게 시간은 그만 놓아주라는데 난 왜 너 닮은 목소리마저 가슴에 품고도 같이가자 하지 못했나  길잃은 작은 새 한마리가 하늘 향해 그리움 외칠때 같이 놀던 어린나무 한그루 혼자 남게 되는게 싫었지 해 저가는 넓은 들판 위에서 차가운 바람불어도 들려오던 노래 내곁에 없었지 먼산 언저리마다 너를 남기고 돌아서는 내게 시간은 그만 놓아주라는데 난 왜 너 닮은 목소리마저 가슴에 품고도 같이가자 하지 못했나 먼산 언저리마다 너를 남기고 돌아서는 내게 시간은 그만 놓아주라는데 난 왜 너 닮은 목소리마저 가슴에 품고도 같이가자 하지 못했나
2000.04.02~04.08,12,81713,Rain,이적,Dead End,1999.05.31,Ballad,이적,"오늘도 이 비는 그치지 않아  모두 어디서 흘러오는 건지...  창 밖으로 출렁이던, 헤드라잇 강물도  갈 곳을 잃은채 울먹이고...  자동 응답기의 공허한 시간  모두 어디로 흘러가는 건지...  기다림은 방한 구석, 잊혀 진 화초처럼  조금씩 시들어 고개 숙여가고...  너를 보고 싶어서  내가 울 줄 몰랐어.  그토록 오랜 시간들이 지나도  나에게 마르지 않는 눈물을 남겼네  모든 흔적 지웠다고 믿었지  그건 어리석은 착각이었어  이맘때쯤 네가 좋아한, 쏟아지는 비까진  나의 힘으로도 어쩔 수 없는 걸...  너를 보고 싶어서  내가 울 준 몰랐어.  그토록 오랜 시간들이 지나도  나에게 마르지 않는 눈물을 남겼네  하루하루 갈수록 더 조금씩  작아져만 가는 내게  너 영영 그치지 않을 빗줄기처럼  나의 마음 빈곳에 너의 이름을 아로새기네  너를 보고 싶어서  너를 보고 싶어서  그토록 오랜 시간들이 지나도  나에게 마르지 않는 눈물을 남겼네...    나에게 마르지 않는 눈물...  흘러내리게 해줬으니...  누가 이제 이 빗속에"
2000.04.02~04.08,13,86575,삐에로 (Feat. JED Of D.Bace),이현도,완전(完全) Hiphop,2000.01.21,Rap / Hip-hop,이현도,난 차라리 웃고있는   삐에로가 좋아  ye ye ye   chan chan chan chan  크디 큼지막한 빨간 미솔 긋고   그리고 바보같은 옷차림을 하고   구르고 넘어지고 그래도 웃고   뛰고 연기하고   속으로는 울고 있는 광대 삐에로   그렇지 우리 모두는 그를   보며 웃곤하지   하지만 우리도 마찬가지   다를바가 없지   억지로 가식으로 살아가는   요즘의 우리 무리   무엇이 그리 틀리겠니   라는 말이지   knock knock knock knock   knock knock knock   가슴을 두드리는 이소리가   들리니 pop pop pop   pop pop pop pop   거품을 깨끗이 다 터트리자   모조리 what what what   what what what what   이해를 하겠니 할 수 있니   내 메시지   knock knock pop n what   chan chan chan chan  난 이겼어 부와 명예   모두를 지녔어   어린 시절 원하던 걸   다 이루게됐어   그러나 더 중요한 걸   난 잊어버렸어   새로움에 맞서 자신을   단련함을 이미 벗어나   작은 성공 속에 안주하며   편히 쉬었어   그건 내게 가장 크나 큰   enemy였어   이런 깨달음 속에 자신이   싫어졌어   이제는 새로운 세기에   다시 발맞춰서   꺼져가는 가슴 속의 불을   다시 켰어   나의 뜻은 새롭게 불타서   새 날개를 활짝폈어   스스로 자부할 수 있는   더 큰 나로 거듭나기로 했어   난 이런데 그런데 넌 이리도   아직도 넌   박력있는 외침 뒤에   무책임한 숨김   뉘우침 다짐 다시 꾸밈 또 망설임   아무 소용 없는 너의 X 자존심   네가 그린 기린 그림은   틀린 것임을 외면하지 마라   바라 보아라 다시 너의 본래   자리로 돌아가   너만의 걸 찾아라 그리고   다시금 뛰어올라라   knock knock knock knock   knock knock knock   가슴을 두드리는 이소리가   들리니 pop pop pop   pop pop pop pop   거품을 깨끗이 다 터트리자   모조리 what what what   what what what what    이해를 하겠니 할 수 있니   내 메시지   knock knock pop n what   chan chan chan chan   거짓 속에 너를 맡기지마   언제까지 빠져있지는 마   처량하게 변명을 하지마   어릿광대 같은 짓을 반복하지마   그래 광대 삐에로를 보며   손가락질들만 하네   하지만 혹시 어쩌면   바로 우리들의   다른 얼굴일 수도 있네   깨달아야만 하네 거짓은   이제 가야해   분명하게 여기에서 나는   모두에 말하네   의미 없이 돌아가는 거기 그   원안에 섞여선 안돼   나 너 우리는 뛰어 나와야만 해  바꿔야만해   난 이제 희망에 가득해   내앞에 큰 미래 지금에   시작하네   이렇게 깨닫게 됐는데   그런데 넌 뭔데 그렇게   모른채 해  넌 이제 선택에 놓였네 서있네   자신에 솔직해 져야만해   새롭게 힘차게 시작해   너만의 그것에 충실해 지혜롭게   knock knock knock knock   knock knock knock   가슴을 두드리는 이소리가   들리니 pop pop pop   pop pop pop pop   거품을 깨끗이 다 터트리자   모조리 what what what   what what what what   이해를 하겠니 할 수 있니   내 메시지   knock knock pop n what  chan chan chan chan  knock knock knock knock   knock knock knock   가슴을 두드리는 이소리가   들리니 pop pop pop   pop pop pop pop   거품을 깨끗이 다 터트리자   모조리 what what what   what what what what   이해를 하겠니 할 수 있니   내 메시지   knock knock pop n what   chan chan chan chan  what what what say what  what what what  chan chan chan chan
2000.04.02~04.08,14,987282,가시나무,시인과촌장,시인과 촌장 3집 `숲`,1988,Ballad,하덕규,내속엔 내가 너무도 많아 당신에 쉴곳 없네 내속엔 헛된 바람들로 당신에 편할곳 없네 내속엔 내가 어쩔수 없는 어둠 당신에 쉴자리를 뺏고 내속엔 내가 이길수 없는 슬픔 무성한 가시나무숲 같네 바람만 불면 그 메마른 가지 서로 부대끼며 울어대고 쉴곳을 찾아 지쳐날아온 어린 새들도 가시에 찔려 날아가고 바람만 불면 외롭고 또 괴로워 슬픈노래를 부르던 날이 많았는대 내속엔 내가 너무도 많아서 당신에 쉴곳 없네
2000.04.02~04.08,15,86857,노을의 연가,주영훈,Nostalgia,2000.03.21,Ballad,김태희,끝없이 나를 버려야 했고 끝없이 감싸 안아야 했지 항상 멀리 있는 그대를 사랑해야 했던 나는 수 없이 나는 울어야 했고 더 많이 애원 해야만 했지 다시 어떻게든 그대를 곁에 둘 수만 있다면 그만 잊어주길 바라는 그대 둘 곳없는 시선에 난 고갠 끄덕였지만 쉽게 보내긴 싫어 하지만 나 그댈 위해 떠나 보낼 수 밖에 오직 내게 바라는 전불테니까 처음부터 내게 허락된 적 없었던 사랑 그댈 향한 모습인걸  무너져 가는 나를 보면서 오늘도 원망할 뿐이였지 그렇게 사랑한 그대를 끝내 잡지 못했던 나 다시 돌릴 수가 없다면 어떤 말이라도 해주렴 다 지난 사랑 이래도 내겐 소중 했으니 살아볼께 헛된 기다림에 지쳐 울어도 나를 버린 그대로 기억된다면 처음부터 내게 허락된적 없었던 사랑 그댈 향한 모습인걸 하지만 나 그댈위해 떠나보낼수 밖에 오직 내게 바라는 전불테니까 처음부터 내게 허락된적 없었던 사랑 그댈 향한 모습인걸
2000.04.02~04.08,16,85258,와,이정현,Let`s Go To My Star,1999.10,Dance,최준영,사실이 아니길 믿고 싶었어  널 놓치기 싫었어  혹시나 우리의 사랑이 잘못 돼 끝나면 어떡해  가슴은 아프지만 모른척 해야해  이별보단 덜 아플 테니까  설마했던 네가 나를 떠나버렸어  설마했던 네가 나를 버렸어  깊었던 정을 쉽게 잊을 수 없어  늦었어 이미 난 네 여자야  오오오오오오오오 독한  여자라 하지마  오오오오오오오오  사랑했으니 책임져  다시는 사랑에 속지 않기를 나  간절히 바랬어  네가 내 인생의 마지막 남자가  돼 주길 바랬어  하지만 이게 뭐야 눈물 뿐이야  이제 남은건 절망 뿐이야  설마했던 네가 나를 떠나버렸어  설마했던 네가 나를 버렸어  깊었던 정을 쉽게 잊을 수 없어  늦었어 이미 난 네 여자야  오오오오오오오오  독한 여자라 하지마  오오오오오오오오  사랑했으니 책임져  날 봐 잘 봐 내 사랑을 다시 봐  와와 봐봐 이번이 마지막  뭣하러 뭣하러 떠나 날  뭣하러 뭣하러 버려  이제 잔소리 말고 내게로  다시 와줘 와줘
2000.04.02~04.08,17,86166,Day By Day,플라이투더스카이,Fly To The Sky,1999.12.14,R&B / Soul,지국현,오늘 하루 어땠나요 괜찮았나요  어제는 너무 늦어서 전활  할 수 없었죠  괜시리 수화길 들었다 또 놨다  그렇게 밤을 지새웠어요  조금 우습죠  당신 하루 생활이 난 궁금했어요  잠잘 땐 나처럼 베갤  끌어안고 자는지  가끔은 잠에서 깨보면 TV만  외로이 홀로  켜져 있는지 별거 아닌데  나는 궁금했어요  당신이 좋아지는 거겠죠  그런데 난 이 말을 하기가  Oh baby 힘이 든 건지  아님 용기가 없어서 자꾸만  피하는지  사랑해요 아니 모자라지요  내 안에 사랑 보여 줄 수 있는 날  기다려요 아주 천천히 많이  꺼내 들고서 앞에 서 있을 그 날  손을 뻗어 당신께 난 갔어요  꿈인 줄 알았지만 멈출 수는  없었지요  내 몸에서 느껴지는 떨림을  도저히 멈출 수가 없어요  난 당신께 솔직히 내 맘을  털어놔요  사랑해요 아니 모자라지요  내 안의 사랑 보여 줄 수 있는 날  기다려요 아주 천천히 많이  꺼내 들고서 앞에 서 있을 그 날  Day by day 나보다 더 소중한  I still long for your love  day by day
2000.04.02~04.08,18,82594,Blue Sky,박기영,혼잣말,2000.03.22,Rock,박기영,어두운 밤 기나긴꿈을 따라 널 기다릴 내게로 와  너만을 위해서 난 노래해 Blue sky  내맘을 채우는 빗줄기처럼 널 가득히 담아줄께  너만을 위해서 난 노래해 Blue sky  새벽은 소리없이 너와 날 불러내도 oh  가슴을 열어 크게 소리쳐 우릴 비춰줄 저 태양과  함께 마음을 열어 크게 소리쳐 나와 노래해  빰빰빠 빰빠빠 빠~  어두운 밤 밝은 달빛을 찾아 널 기다릴 내게로 와  너만을 위해서 난 노래해 Blue sky  내 맘을 채우는 저 햇살처럼 널 가득히 담아줄게  너만을 위해서 난 노래해 Blue sky  새벽은 소리없이 너와 날 불러내도 oh  가슴을 열어 크게 소리쳐 우릴 비춰줄 저 태양과  함께 마음을 열어 크게 소리쳐 나와 노래해  빰빰빠 빰빠빠 빠~  새벽을 깨워 내게 가져가 모두 채워줄게 oh  가슴을 열어 크게 소리쳐 우릴 비춰줄 저 태양과  함께 마음을 열어 크게 소리쳐 나와 노래해  빰빰빠 빰빠빠 가슴을 열어 크게 소리쳐 우릴 비춰줄 저 태양과  함께 마음을 열어 크게 소리쳐 나와 노래해  빰빰빠 빰빠빠 빠~
2000.04.02~04.08,19,1564058,Good Bye My Love,이수영,I Believe,1999.11.17,Ballad,김선민,문득 말하고 싶었죠 우리 다시 시작 할 수는 없는지 잠시 울리다 끊어진 전화에도 나는 혹시나 그댄걸 느껴요 잊으려고 친구를 만났죠 아무 소용 없다는걸 난 알아요 그 언젠가 그대 아파할 때 하얗게 밤새던 그 추억도 이젠 나의 몫이 아니겠죠 사랑해요 떠나지 말아요 혼자 있다 그대 보고 싶을 땐 난 어쩌면 좋아요 내가 먼저 보내야 할까요 새로운 연인이 기다리나요 나보다 더 행복하게 해줄 것 같다면 Goodbye my love  잊으려고 친구를 만났죠 아무 소용 없다는걸 난 알아요 그 언젠가 그대 아파할 때 하얗게 밤새던 그 추억도 이젠 나의 몫이 아니겠죠 사랑해요 떠나지 말아요 혼자 있다 그대 보고 싶을 땐 난 어쩌면 좋아요 내가 먼저 보내야 할까요 새로운 연인이 기다리나요 나보다 더 행복하게 해줄 것 같다면 Goodbye my love
2000.04.02~04.08,20,86327,서방님,이소은,신비,2000.01.14,Ballad,이규호(Kyo),잊어요 괜한 걱정마요 예전에 내가 말했잖아요  그대 가는 길가에 핀 이름모를 꽃처럼 있는 모습 그대로  지켜줘요 괜한 욕심말아요 언제나 내가 말하잖아요  여기 그대 눈 멀게한 소녀의 고운 미소  그리 영원하진 않아요  서방님 내 서방님 용서하세요  허락하려 할 수록 소녀는 우스워질테니  노여워 말아요 견뎌내야죠 처음부터 잘못택했었던  그대의 잘못인거죠    미워요 괜한 투정이죠 사실 내맘도 병들어가고 있죠  늘 그대 볼 수 있게 이대로 눈을 감고  달이 되어 살고 싶어요  서방님 내 서방님 알아주세요  정든님 넓은 가슴 멍들게 할 주제 못되니  노여워 않아요 견뎌내야죠 처음부터 떨치지 못했던  소녀의 잘못인거죠    우리의 잘못인거죠  오- 언제라도 그대뿐이에요(서방님 내 서방님 용서하세요)  시간이 끝-에 닿아도(무엇이 또 그누가 잘못이 있을지라도)  다시 산다해도 그댈 따르겟어요(노여워 말아요 기다려야죠)  그땔 기다려-요 우 그런날이 오겠죠(처음부터 사랑해도 좋은 그런 날이 오겠죠)
2000.04.02~04.08,21,38558,왜,김민종,왜,2000.03.29,Ballad,"조규만,김민종",너무 어려워 사랑하는 널 잊고 사는게 가끔 딴 생각에 웃어보면 더욱 부담이 되는지 눈물만 흘러 멀리 서 있는 넌 또 다시 가까이 있는지 지친 모습으로 오늘도 널 제발 잊게해 달라고 애원해 봤어 내가 뭘 잘못했나 너를 사랑했던 이유가 내겐 왜 아픔이 되야 하나 나 이대로 너를 간직하며 살아야 내 안에 모든 아픔이 편안해지는지 나에게 이미 멀어진 너를 왜 난 사랑하는지  내가 뭘 잘못했나 너를 사랑했던 이유가 내겐 왜 아픔이 되야 하나 나 이대로 너를 간직하며 살아야 내 안에 모든 아픔이 편안해지는지 나에게 이미 멀어진 너를 왜 난 사랑하는지 너를 간직하며 살아야 내 안에 모든 아픔이 편안해지는지 나에게 이미 멀어진 너를 왜 난 사랑하는지 왜 난 사랑하는지
2000.04.02~04.08,22,88423,Love,윤현석,Will (1집),2000.02.29,Ballad,,"묻고 싶어 너를 만나게 되면 나를 떠난 후 정말 괜찮은지 또 다른 누굴 만나 날 잊고 사는지 혹시 나와 같은지 그 누군가가 너를 물을 때마다 이젠 날 떠나 행복할 거라고 해 나 또한 알고싶어 너무 힘들어 너를 잊을 수 없어 사랑해, 사랑해 너의 사랑이 너무 필요해 기억해 날 잊지마 너를 너무 사랑해 너 하나만을 사랑한 죄밖에 없어 사랑 때문에 모든 걸 포기했어 이제 단 하나 나의 바램이 있다면 행복하게 살아줘"
2000.04.02~04.08,23,87019,Annie,윤종신,헤어진 사람들을 위한 지침서 (指針書),2000.03.23,Ballad,윤종신,Annie 혹시나 알고 있나요
2000.04.02~04.08,24,32495,춤이 뭐길래,량현량하,쌍둥이 파워,2000.01.18,Dance,,넌 나를 떠났어 오직   한가지 이유로  내가 너무너무 너무너무   춤을 못춘다는 이유로  난 너무 슬펐어 아니   밤마다 울었어  나는 몸이 왜 마음대로   움직이지 않는지  내 자신이 미웠어 이해할   수가 없었지  그게 헤어지는 이유가되나   나같이 괜찮은 남자를  오직 춤을 못춘다는 이유로  학벌도 집안도 좋은 나같은  좋은 남자를 말이야  공부만 잘하면 된다는  어머니의 말씀은 어떻게 된거야  즐겁게 춤을 추다가   그대로 멈춰라  즐겁게 춤을 추다가   그대로 멈춰라  춤이 뭐길래 날 이렇게   울리나 널 위해서라면  뭐든지 하겠다는 내   마음을 울리나  춤추기 전까진 날 사랑했잖아  너의 이상형이 나라고 했잖아  그러던 어느날 니가 나의   춤을 본 이후로  나를 피하려만 하고 연락도   하지 않고  학교에 선생님들도 집안의   부모님도 가르쳐 준 적이   없는데 도대체   어떻게 해야하나  즐겁게 춤을 추다가   그대로 멈춰라  즐겁게 춤을 추다가   그대로 멈춰라  난 결심을 했어 춤 춤 춤 춤   하나만을 생각하며  열심히 추기로  다른건 모두다 모두다 멈추고  너에게로 다시 돌아가기 위해  열심히 추기로 그후로  나 지금까지 피나는 노력을 했어  거울앞에서 밤을 새며 열심히   노력했어  밥먹는 시간만 빼곤 언제나   춤을 췄어  사랑하는 너의 곁에 갈 때   만을 기다리면서  즐겁게 춤을 추다가   그대로 멈춰라  즐겁게 춤을 추다가   그대로 멈춰라  자 이제 다 됐어 너의   앞에 온거야  그토록 기다리던 날이 드디어   내게 온거야  이제 나를 봐 춤을 못추던 나를   박자도 못맞추며  바보같이 몸을 흔들던 나를  어떤 노래라도 좋아 니가   원하는건 뭐든지  힙합 하우스 레게  소울 락 앤 롤까지  뭐든지 출 수가 있어  이제 음악을 틀어봐  얘들아 얘들아 이제 보여주자  즐겁게 춤을 추다가   그대로 멈춰라  즐겁게 춤을 추다가   그대로 멈춰라  즐겁게 춤을 추다가  그대로 멈춰라 즐겁게 춤을 추다가  그대로 멈춰라
2000.04.02~04.08,25,1079496,약속,유영석,그때부터 지금까지 (Best),1999.12.07,Ballad,,"처음처럼 영원할거라 믿었던건 아니었지만 그래도 항상 우리만큼은 다르다고 생각해 왔는데 조금만 숨기려해도 이내 모두 알아버리던 우린 그랬죠. 구속마저도 좋은 그렇게 사랑했죠. 곁에 있는데도 그리워질만큼 내겐 다른 삶이 없었기에 마지막이라곤 생각할수 없는걸. 잠시 우리는 다른 곳에 있을뿐. 우리의 만남도 우리의 이별도 사랑이 지나가버린 작은 흔적이겠지만, 이것만 기억해줘요. 혹시 그대 사랑의 끝에서 뒤돌아보면 내가 있다는 걸  곁에 있는데도 그리워질만큼 내겐 다른 삶이 없었기에 마지막이라곤 생각할수 없는걸. 잠시 우리는 다른 곳에 있을뿐. 우리의 만남도 우리의 이별도 사랑이 지나가버린 작은 흔적이겠지만, 이것만 기억해줘요. 혹시 그대 사랑의 끝에서 뒤돌아보면 내가 있다는 걸  이것만 기억해줘요. 혹시 그대가 슬픔에 뒤돌아볼땐 그곳엔 내가 있다는걸 이것만 기억해줘요 혹시 그대 내가 보고싶어 뒤돌아보면 거기 있다는 걸."
2000.04.02~04.08,26,37756,그대도...내게도...,에코,Voice Of Angel,2000.01.01,Ballad,유유진,내게 올까요 만나질까요  그댈 잊게 해줄사람 말예요  그럴 리 없죠 있을 리 없죠  아직도 내 안에 그대가 있으니  나는 겁이 나요 이게 우리 끝일까봐  매일 난 기다려요 그대 목소리 들려오길  이건 아니에요 정말 아니에요  왜 우리가 이래야 해요  난 믿어요 그대에게  사랑은 아직 나뿐이라고 그래요  우리는 다시 만나야만 해요  내가 갈게요 다시 예전처럼  그대 날 안아줘요 (날 안아줘요)    그대 없이 난 안되나봐요  늘 해왔던 일도 손에 잡히질 않죠  소용없어요 누굴 만나도 그대의  얘기만 꺼내게 되네요  나는 겁이 나요 이게 우리 끝일까봐  그대는 어떤가요 지금 나처럼 힘들겠죠  이건 아니에요 정말 아니에요  왜 우리가 이래야 해요  난 믿어요 그대에게  사랑은 아직 나뿐이라고 그래요  우리는 다시 만나야만 해요  내가 갈게요 다시 예전처럼  그대 날 안아줘요 (날 안아줘요)  날 위해서 가요 그대가 떠난 이유가  왜 아직도 나를 몰라요 그대가 없다면  내게 뭐가 소용 있어요 우~  나를 믿어줘요 나를 지켜줘요  그게 나를 위한 거에요  이대로 우리 헤어진다면  다신 이런 사랑 못해요  그대도 내게도 또 다른 사랑은 없어요  늦지 않아요 다시 예전 그때처럼 그대 날 안아 줘요
2000.04.02~04.08,27,85678,반전(反轉),스카이,Final Fantasy,1999.11.16,Rock,,기억해 지금 순간부터  어제 나란 잃고 없는거야  오직 너를 믿고 사랑해 줄 내가 있어  난 다시 태어나는 거야  저 하늘이 허락한 운명에  절망까지라도 이제 너를 지킬께  어둠의 끝까지 가보면 알게 되지  너무나 눈부신 아침을  널 보낸 후에야 비로서 느낀거야  나에겐 너 하나 뿐인걸  내가 가진 전불 다 버린데도  너와 함께 할 수 있는 하루 원해  넌 이미 다른 나일테니  기억해 지금 순간부터 어제 나란 잃고 없는거야  오직 너를 믿고 사랑해 줄 내가 있어  난 다시 태어나는 거야  저 하늘이 허락한 운명에  절망까지라도 이제 너를 지킬께  널 보낸 후에야 비로서 느낀거야  나에겐 너 하나 뿐인걸  내가 가진 전불 다 버린데도  너와 함께 할수 있는 하룰 원해  넌 이미 다른 나일테니  기억해 지금 순간부터 어제 나란 잃고 없는거야  오직 너를 믿고 사랑해 줄 내가 있어  난 다시 태어나는 거야 저 하늘이 허락한 운명에  절망까지라도 이제 너를 지킬께   숨쉬는 만큼 널 사랑해 세상 끝에 버려진다 해도  오직 널 믿고 사랑해 줄 내가 있어  난 다시 태어나는 거야  저 하늘이 허락한 운명에  두번 다시 못 올 우리 사랑을 위해  Forever with you till 예~~ 워우워오오~~
2000.04.02~04.08,28,86128,Hush,허쉬,Hush,1999.12.01,Ballad,,"전화소리만 들어도 나이길 기대하나요  나를 만나는 게 어떤 일보다  가장 기다려지나요  혼자가 편하단 말을 이젠 하지 않나요  세상 연인들이 하는 모든 일  나와 하고 싶나요  그래요 내 마음도 똑같은 걸요  이런 적 없었는데  내가 더 그댈 사랑하게 된대도  상관없을 것 같아  난 기다렸죠 이런 날이 오길 내가 편히  기댈 따뜻한 사람 만나길  이젠 내게 다 좋은 일들만 생길 것 같아요.  그대와 함께 라면요   uh - lodi dodi naughty won't you  catch me with my flow  Better be down catch you on the  back-side with the game for show  Never-the-less No smoke, stress,  yes I got game so  We're takin it down how how?  Believe in me, boo-hoo-   그대가 하는 말과 작은 배려도  너무 멋져 보여요.  어쩌죠 이러다가 나 오늘밤에  헤어지기 싫으면..  난 기다렸죠 이런 날이 오길 내가 편히 기댈  따뜻한 사람 만나길  이젠 내게 다 좋은 일들만 생길 것 같아요.  그대와 함께 라면요  세상이 다 달라져 버렸죠  혼자였던 때는 기억도 안날 만큼요  요즘 같은 이런 기분이면 날개가 없어도  하늘을 날 것 같아요~!   And it's me your boo. I.J.comin at  you one more time  you know what I mean  cuz I take it from the 9.  To the next Millenium  And I'm out. You know what I mean  That's Right um Take it Back"
2000.04.02~04.08,29,37990,잊으러 가는 길,김장훈,1999 바보,1999.10,Ballad,채정은,또 하루를 겨우 넘겼어 내일은 좀더 쉬울까 매일 이 똑같은 그리움 더하는 집착의 두려움 난 정말 괜찮은 것처럼 널 정말 잊은것처럼 마치 세상에 시위하듯 소리내 헤프게 웃는다 차라리 난 니가 누군가 와 결혼해 살기를 바래 너무나 행복하단 니 소식에 감히 널 기다리지 못하게 널 안으며 준비한 사랑 널 위해서 꾸었던 꿈 이제 난 슬픔에 눌-려 슬픔-에 질리면은 너를 잊-을-까- 늘 사랑은 위험하다고 넌 날 절망케 한다고 그래 그걸 알면서-도 오늘도 보내지 못해 운-다  차라리 난 니가 누군가 와 결혼해 살기를 바래 너무나 행복하단 니 소식에 감히 널 기다리지 못하게 널 안으며 준비한 사랑 널 위해서 꾸었던 꿈 이제 난 슬픔에 눌-려 슬픔-에 질리면은 너를 잊-을-까- 늘 사랑은 위험하다고 넌 날 절망케 한다고 그래 그걸 알면서도 오늘도 보내지 못해 운-다
2000.04.02~04.08,30,8472,Champ,긱스,Gigs,1999.11.24,Rock,이적,그대여 지쳤나요 하루하루를 뒤쫓다가 그래요 이상한 일이에요 우린 되는 일이 없나요 꼭 두들겨 맞은 듯이 상처 뿐 이어도 차마 쓰러질 수 없는 이유를 알기에 다시 일어나 주먹을 쥔다면 그것으로 충분해요 이 거친 세상에 자유를 꿈꾸는 그대가 바로 승자예요 어제는 소중했던 그대 마음 속의 자신이 단숨에 내팽개 쳐 지나요 그리 쉽게 질 순 없어요 꼭 두들겨 맞은 듯이 상처 뿐 이어도 차마 쓰러질 수 없는 이유를 알기에 다시 일어나 주먹을 쥔다면 그것으로 충분해요 이 거친 세상에 자유를 꿈꾸는 그대가 바로 승자예요 그대의 마음에 그대가 있다면 그것으로 충분해요 이 거친 세상에 자유를 원하는 그대가 바로 승자예요  가끔씩은 정신을 잃어 다리가 풀리기도 하죠 그럴 때면 환상을 봐요 언젠가 우리 승리의 잔을 들 그 날을  다시 일어나 주먹을 쥔다면 그것으로 충분해요 이 거친 세상에 자유를 꿈꾸는 그대가 바로 승자예요 그대의 마음에 그대가 있다면 그것으로 충분해요 이 거친 세상에 자유를 원하는 그대가 바로 승자예요
2000.04.02~04.08,31,39017,쇼크,구피,Techno,2000.01.21,Dance,조진광,지금 이 시간  순간순간 함께하는  이 시간 속에 안에  내 가슴속에 날 잡고 자릴잡고  보고있는 내 하나뿐인 너  사랑스러 그런 니가 부담스러  그런 나를 이해하는  니 눈빛도 부담스러  난 믿어 널 믿어 우리 사랑 믿어  믿음들과 사랑으로 바라보는 널  Forever love you  I love you I love you  영원히 널 기억할꺼야  이젠 내 꿈속에 항상  니가 있을테니까  알 수 없는 너의 눈빛들  요즘 너무 불안했었어  내 품안에 숨결까지  이젠 낯설은 걸 알고있어  너의 일기속에 몰래 숨겨진 말들  네 맘에 나는 없었던거야  보았어 예전 네 생일 우연히 소개했던 친구와 너를 환하게 웃는 네 입술 그 미소 그가 너의 사랑이었니 Forever love you I love you I love you 영원히 널 기억할꺼야 이젠 내 꿈속에 항상 니가 있을테니까 니 눈빛속에 비춰지는 내 친구 모습이 마치 비우고 다시 채워지는 술잔처럼 연인처럼 별빛처럼 비춰지는지 이건 아냐 넌 아냐 그건 니가 아냐 이건 정말 현실이 아냐 뭐든 쉽게 쓰는대로 변해버리는 마치 넌 물감처럼 변해버리지 그래 우린 연인 아닌 낯선 셋일때가 많았지 미안해 나만 몰랐던거야 보았어 예전 네 생일 우연히 소개했던 친구와 너를 환하게 웃는 네 입술 그 미소 그가 너의 사랑이었니 Forever love you I love you I love you 영원히 널 기억할꺼야 이젠 내 꿈속에 항상 니가 있을테니까 너의 눈을 볼 수 없어 미안할뿐야 오랫동안 아파할 너를 난 기억할 테니까 Forever love you I love you I love you 영원히 널 기억할꺼야 혹시 그 사람이 너를 버릴지도 모르니
2000.04.02~04.08,32,38542,꼭!,김건모,Growing,1999.11.20,Dance,"남정호,윤일상,김태윤",이제와 달라진건 너 하나 떠난 것 뿐인데 왜 다른거야 모두 그대론데 네 기억 마저 가져가줘 이렇게 허전한 줄 몰랐어 너 없는 시간들이 꿈속에서 그렇게 환히 웃던 너는 왜 그리 멀리 있니 다시는 돌아올 수 없는 넌 느끼며 또 하루가 지나갔어 이렇게 힘들게 살아갈 날 위해 내 곁으로 돌아와줘 아무도 없는 방 한구석에  쓸쓸히 앉아서 함께 했던 추억을 그리며 다시 너를 찾고 있어 꼭 돌아와 줘  그렇게 많은 것을 버린 채 살아온 나날들 아픈만큼 지친 나의 모습 넌 이런 나를 바랫었니  이렇게 너만을 생각하며 헤매고 싶지않아 너의 그늘을 벗어나 살고 싶은 바램 이제는 늦은 걸까 그 어떤 이유라도 이제는 괜찮아  다시 내게로 돌아와 줘 예전처럼 나를 힘들게 한데도 이제는 상관없어 또다시 나를 멀리 떠난다고 해도 널 원망하진 않을꺼야 너 없이 힘들게 살아온 만큼의 아픔을 배웠으니 다시는 너를 놓지 않겠어 너 돌아온다면 널 위해 내가 가졌던 모든 걸다 너에게 줄 수 있어 꼭 돌아와 줘
2000.04.02~04.08,33,1483086,너를 사랑해,김경호,...Love U,2000.01.11,Rock,이승호,저 내리는 비를 또 이겨 내려고 길 마다 쌓인 기억을 빈 가슴에 담고 있지 잿빛 하늘 웃는 네 얼굴 뜀 뛰면 닿을 것 같은데 너는 이미 비가 되어 내 온 몸을 안고 있지 아프도록 불어오는 시린 바람에 뒤척이다 눈물로만 깨어나는 아침에 내 젖은 가슴 이대로 비처럼 눈감고 쓰러져 있어 내 곁에만 있는다면 워워워 너를 사랑해 너를 사랑해 함께라는 이유로만 살아 온 나였기에 너를 사랑해 너를 사랑해 내 곁에 돌아와서 날 지켜줘  �F빛 하늘 웃는 네 얼굴 뜀 뛰면 닿을 것 같은데 너는 이미 비가 되어 내 온 몸을 안고있지 아프도록 불어오는 시린 바람에 뒤척이다 눈물로만 깨어나는 아침에 내 젖은 가슴 이대로 비처럼 눈 감고 쓰러져 있어 내 곁에만 있는다면 워워워 너를 사랑해 너를 사랑해 함께라는 이유로만 살아 온 나였기에 너를 사랑해 너를 사랑해 내 곁에 돌아와서 날 지켜줘
2000.04.02~04.08,34,1087403,가니,진주,Jinju`s Soul Music,1999.12.17,Ballad,박진영,친구들이 말했어 니가 떠난다거든  웃으면서 보내줘야 한다고  이미 돌아선 너를 붙잡는다고 해도  이별을 힘들게 할뿐이라고  웃으며 넌 떠났어 우린 약속했기에  서로를 절대 붙잡지 말자고  그래서 떠나는 널 난 바라보면서도  눈물조차 흘릴수가 없었어  가니 정말 날 떠나니  가니 다신 안올거니  가니 이젠 못보는거니  그럼 기다릴 필요없는거니  친구들이 말했어 쉽지 않을거라고  웃으면서 너를 보낸다는게  하지만 난 이렇게 미소짓고 있는걸  조금도 슬프지 않은것처럼  가니 정말 날 떠나니  가니 다신 안올거니  가니 이젠 못보는거니  그럼 기다릴 필요없는거니  난 니가 왜 날 떠나는지  꼭 그래야 했는지  널 붙잡고 실컷 울고싶지만  어색한 미소 난 지을뿐  가니 정말 날 떠나니  가니 다신 안올거니  가니 이젠 못보는거니  그럼 기다릴 필요없는거니  가니 정말 날 떠나니  가니 다신 안올거니  가니 이젠 못보는거니
2000.04.02~04.08,35,85253,Casanova,업타운,Verbal Medication,1999.12.18,Rap / Hip-hop,,Dang you know how money changes everything can't understand how one can screw you over for that last grand we began thinking we be taller taller If we blue collar what we do for dollar dollar and smaller disintigrate to a man made state of hate too late to change up fate for being caught up by the taste of bait you looking on a past surpassed what you had but you lived too fast 너무나 추운 겨울 밤에 내린 눈 밟지 않아 하얀 카펫트가 되준 눈이 세상 마치 구름 같았지 구름 타고 뒹굴러 세상 다 가졌지 손 시려와 손 꼭 잡아 너무 춥지만 맘은 뜨거워 Hot(Hot) 행복해 그래 배고파 맘아파 하필 왜 나와 그녀 가난한가 차가와 너와 나와 몸 얼어 붙어와 꼭 붙어 안고자 이렇게 살아가 여지껏 또 버텨와(와) 단칸방 하나 구해 월세 살아 끼니를 걸러야 생활이 됐어 뱃가죽 얇아져 비실거렸어 장사 나가지 떡볶이 팔지 이렇게 또 하루 지나가지 아주 춥던 겨울 그때~로 우리 서로 사랑하던 그 겨울로 돌아가고 싶지만 너는 떠나가 버렸지~ 오~~~~ 변해버린 내 모습이 나조차 보기 싫었고 후회할 시간도 없이 오 오 너는 어디에 오늘도 똑같은 인간들 가지 가지 밤새 내린 눈 검게 물들어졌지 왜 이리 세상 어두워졌나 왜 내겐 햇볕 비춰주질 않는가 이렇게 왜 살어 비참한 건 싫어 유혹의 손길 내게 뻗치길 기다려 왔네 이제 시간이 됐네 난 그녈 버리고 돈앞에 무릎 꿇었네 무슨 일이든 돈이 되면 O K 비굴하게 닥치는 대로 쓸어담네 번지르르 겉모습만 쫘르르르 빛나는 보석에 무거운 걸음 이거야 다 내꺼야 가난은 못 참아 잘살꺼야 하나는 알고 둘은 모르나 자꾸만 내 맘 구석 아파와 나는 casanova 혼자남은 casanova yeah~~ 후회하는 casanova Oh together now wow casanova 아주 춥던 겨울 그날~로 니가 곁에 있어 행복한 그때로 돌아가고 싶지만 너는 떠나가 버렸지~ 오~~~~ 얼마나 가슴 아팠니 변해버린 나를 보고 후회할 필요없이 오오 너를 따라가 배부름에 포만감에 취한 그때 뭔가 허전함에 나는 외로움에 모르게 변해 보기 싫게 나온 헛배 이제서야 후회해 보네 왜 널 버렸나 그리워 나 가짜인생 살아가고 있는 바보였나 미안해 나를 용서하길 바래 그런데 그댄 가루되어 떠났네 어쩌나 죽을 죄 지고 말았나 시간을 되돌릴 수 있다면 나 벌 받아 널 잡아 그 겨울 돌아가 눈바닥 뒹굴다 후회만 나 남아 진짜 행복한 인생이 뭔가 곰곰히 생각해봐 불행해지는 나 혼자 남겨진 나 널 찾아가 니가 편히 쉬는 그곳으로
2000.04.02~04.08,36,62185,크로스,엄정화,All Details,1999.12.12,Dance,주영훈,이젠 나의 맘을 막을 수가 없어 너의 그를 사랑하게 되 버린걸 그렇게 애타게 찾아온 사랑이 왜 하필 너의 그 사람인지 난 모르겠어 내 맘을 어떻게 해야해 날 숨겨줘 어디라도 내 안의 사랑을 느낄 수 있는 곳에 용서받지 못한 나의 사랑이 아름다울 수 있도록 날 지켜줘 언제라도 웃으며 함께할 수 있는 그날까지 세상이 우리를 욕한다해도 너만은 축복해주길 바랄뿐야 누가 알까 숨죽이는 나의 모습 비밀 속에 묻고 싶은 사랑인걸 미안해 나만의 사랑을 위하여 우정까지 포기한 나에게 그 어떤 말로 날 저주 한 대도 괜찮아 날 숨겨줘 어디라도 내안의 사랑을 느낄 수 있는 곳에 용서받지 못한 나의 사랑이 아름다울 수 있도록 날 지켜줘 언제라도 웃으며 함께할 수 있는 그날까지 세상이 우리를 욕한다해도 너만은 축복해주길 바랄뿐야
2000.04.02~04.08,37,1576735,다 줄거야 (Acoustic Ver.),조규만,I Will Give You All,2000.01.01,Ballad,조규만,그대 내게 다가오는 그 모습 자꾸 다시 볼수 없을 것만 같아서 감은 두눈 뜨지 못한거야 너를 내게 보내준 걸 감사할뿐야 고마울 뿐야 많이 외로웠던거니 그동안 야워가는 너를 보며 느낄 수 있어 너무 힘이 들땐 실컷 울어 눈물속에 아픈기억 떠나보내게 내품에서 서글픈 우리의 지난 날들을 서로가 조금씩 감싸줘야해 난 네게 너무나도 부족하겠지만 다 줄꺼야 내 남은 모든 사랑을 많이 지쳐있던거야 그동안 자꾸 야워가는  너를 보며 느낄 수 있어 너무 힘이 들땐 실컷 울어 눈물속에 아픈기억 떠나보내게 내품에서 서글픈 우리의 지난 날들을 서로가 조금씩 감싸줘야 해 난 네게 너무나도 부족하지만 다 줄꺼야 내 남은 모든 사랑을 난 네게 너무나도 부족하지만 다 줄거야 내 남은 모든 사랑을
2000.04.02~04.08,38,33108,고양이와 새에 관한 진실,델리스파이스,슬프지만 진실...,2000.01,Rock,김민규,길을 걷던 한 소년은 물었지  엄마 저건 꼭 토끼 같아 라고  심드렁한 엄마는 대답했지  얘야 저건 썩은 고양이 시체일 뿐이란다   오 뒤틀린 발목 너덜너덜해진 날개를  푸드덕거려도 보지만  날수없는 작은 새 한마리를  누가 쳐다나 보겠어   길을 떠나던 한 소녀는 물었지  아빠 저건 꼭 토끼 같아 라고  무표정한 아빠는 대답했지  얘야 저건 썩은 고양이 시체일 뿐이란다   오 뒤틀린 발목 너덜너덜해진 날개를  푸드덕거려도 보지만  날 수 없는 작은새 한마리를  누가 쳐다나 보겠어   오 뒤틀린 발목 너덜너덜해진 날개를  푸드덕거려도 보지만  날 수 없는 작은새 한마리를  누가 쳐다나 보겠어 -
2000.04.02~04.08,39,84209,경고,타샤니,Parallel Prophecys,2000.09.28,Rap / Hip-hop,유유진,"cuz a party aint a party till we  run thought jigga babt t,and the tseiwhut whut!  party aint a party till we run throught  itwhut yaah baby t.  정말 니가 몰랐니 우리가 만난다는 걸  너와 그는 이미 다 끝났잖아  왜 또 그를 흔들어 내게서 뺏어가려해  이제서야 그가 필요해졌니  나와 나만의 baby boo 사랑은 for life  너는 막을 수 없어 우리는bonny &amp; clyde  No 1,2,3 it goes 하늘 끝까지  너의 단 한번의 기회는 끝나고 말았지  그리 쉽게 네가 원하는 걸 가지려 했다니  madada now you left with nada  이젠 내게 다가오는건  my lover, Say good bye to my baby,  while we pass you by!  니가 그를 버린걸 알아  아주 냉정히 넌 떠났었잖아  너 때문에 해매던 그를 위로 했던건  바로 나야  생각해봐 그의 맘을  내게 상처받은뒤로 얼마나 힘들었을지  이제서야 너의 그늘을 벗어나  그는 내게 맘을 열게 된거야  너는 이러면 안돼 그에게 다가오지마  그의 사랑 받을 자격 넌 없어  네가 필요할때만 넌 그를 찾아오잖아  이젠 내가 너를 용서않을래    My asiatic knights but bad like bo bo left,  Stand ready for the attack,  They always got my back,  eyes of Dragonflal,  always ride by my side,  cuz we partners in rhyme  throught millenium times  친구의 친굴 사랑하게 된  나는 슬픈 영화속의 주인공이 될지 몰라서  혼자 나만을 원망한 나  다신 그런 바보같은 생각하지 않을꺼야  Yeah you know who we be,  Baby T and the TSE in99 prime time to shine,  Yeah baby T hit me one more time    니가 그를 버린걸 알아  아주 냉정히 넌 떠났었잖아  너 때문에 해매던 그를  위로 했던건 바로 나야  이제와서 어떻게 넌  옛날로 돌아가잔 말을 또 쉽게 꺼낼 수 있니  니가 그의 마음에 줬던 상처가  이제 겨우 사라지고 있는데  너는 이러면 안돼 그에게 다가오지마  그의 사랑 받을 자격 넌 없어  네가 필요할때만 넌 그를 찾아오잖아  이젠 내가 너를 용서않을래  다시 그를 찾지마 그에게 다가오지마  이제 내가 그에 곁에 있으니  그와 나에 사랑을 더이상 방해하지마  이제 그에게는 내가 필요해  Hit me one more time, baby one more time  Hit me one more time, baby one more time  Hit me one more time, baby one more time  Hit me one more time, baby one more time  Hit me one more time, baby one more time  Hit me one more time, baby one more time"
2000.04.02~04.08,40,86078,For You,샵,The S#arp+2,1999.10.04,Dance,정성헌,well big willy but not your first niggy gettin down on the g's flip celly phones cuz you know it's p child p child make in sure you know you in a mess less hell nah not in pregsed maybe him you'll kiss but me you'll miss gettin full blown for sure wonna wicked ass scar so show em baby gettin down like you know me what you don't feel my flow for sure you know 니가 싫어져 너를 떠난 건 아니었는데  그땐 내가 왜 그랬는지 잘 모르겠어 너의 마음 아프게 하고 하루 하루 보내는 시간 내 맘도 그렇게 편하지는 않았어 이유 없는 나의 방황에 넌 야위어 가고 다시 네게 돌아왔을 때 난 많이 울었어 수척해진 너의 모습에 이기적인 나를 보았어 외로움의 끝은 너였으니 이렇게 너를 보내기엔 돌이킬 수 없는 후회지만 이제야 알았어 너의 의미를 다시는 I don't leave you 내가 세상을 사는 동안 두 번의 실수로 너를 잃지 않게 Love forever 니가 나에게 그랬듯이 너만을 지켜줄게 워 워 워 워 워 for you 나를 봐 봐 봐 봐 이젠 나를 봐라봐 나를 떠나지 말고 이젠 나를 한 번 봐라봐 니가 나를 어떻게 생각하는지 내 맘속에 넌 항상 가득 차 있어 그렇게 이제 그렇게 그래 그렇게 너에 대한 나 혼자의 외로움 없을 테니 떠나지마 이젠 내게서 아무데도 가지 말고  나만을 생각해줘 내 곁에서 이제 영원히 미안해 이런 말 소용없을 지도 몰라 하지만 제발 날 버리지 말아줘 나의 실수 였어 그래 그래 내게로 돌아와 제발 제발 그래 그래 떠나가지마 하하 니가 먼저 버린걸 이젠 후회 하는 거니 왜 그러는거니 아이러니 해 이젠 나도 지쳤어 날 놓아줘 풀어줘 너에게서 날 지워줘 이젠 모든 걸 전부 다 미안하다는 얘기도 없이 떠나라 했어 그런 나의 모진 말에도 늘 그랬듯이 항상 내 주위에 있어준 너를 사랑할 수밖 에 없는 나 받아줘 나의 뒤늦은 고백 처음 그대로의 느낌으로 너는 언제나 그 자리에 나의 눈물 닦아 줄 그날까지 다시는 I don't leave you 나로 인해 아팠던 만큼 네 품에 기대어 편히 쉴수 있게 Love forever 니가 나에게 그랬듯이 너만을 지켜줄게 워 워 워 워 다시는 I don't leave you 내가 세상을 사는동안 두 번의 실수로 너를 잃지 않게 Love forever 니가 나에게 그랬듯이 너만을 지켜줄게 워 워 워 워 워 for you like a puppets I'm corrupted not when I get down interrupted I'll knock you off the meter then you'll call it a misda meaner bleeder gleamer I'm the meaner always be gin me like a pheaner my raps go crazy platnum my lyrical sylables flatnum I ger peak like little dants mad so check my crazy culture bet you we givin by mother mature with the 1999 we goin deuine we shine millenniums in effect knucka's givin respect we check
2000.04.02~04.08,41,91321,미련,KYT(코요태),실연,1999.11.06,Dance,최원선,먼훗날 웃으며 만나자는 약속 따윈 말아 이제는 친구로 지내자는  거짓말도 싫어 네가 나를 떠난다면 모두 끝인걸 알고 있어 처음부터 영원한 사랑이란 네게 없던거야 날 위해 행복을 빌겠다고 얘기하는 네가 나에게 커다란 슬픔만을 주고 가는거야 너를 보는 내 두눈에 눈물이 흘러 내린대도 돌아선 네 마음을 되돌릴 수 없어 너무나 그리워 그리워 울고만 싶어 네 모습 지우려 지우려 해도 영원히 너만은 믿을수가 없어 네게로 달려가 달려가 만나고 싶어 죽도록 너만을 너만을 원해 아직은 네곁을 떠날 수 없어 넌 날 떠났지 내게 영원하자 했었지 uh 언제부턴가 너는 멀어져 갔고 saw myself crying baby as you go thought you was wit me damn it just hit me 떠나가던 너의 모습 이젠 잊지 now let me be alone like a lonely Jipssy 돌아오지 않은 널 나는 잊지 네가 왜 내곁을 떠나는지 묻고 싶지 않아 네가 날 사랑을 했었는지 생각하기 싫어 지금까지내 사랑이 물거품 되어 사라졌어  이대로 끝이란게 믿을수가 없어 너무나 그리워 그리워 울고만 싶어 네 모습 지우려 지우려 해도 영원히 너만을 믿을수가 없어 네게로 달려가 달려가 만나고 싶어 죽도록 너만을 너만을 원해 아직은 네곁을 떠날 수 없어 네게로 달려가 달려가 만나고 싶어 죽도록 너만을 너만을 원해 아직은 너만을 사랑하겠어
2000.04.02~04.08,42,898145,소중한 너 (With. 윤사라),조규찬,명작 듀엣 2,2000.01.21,Ballad,조규찬,너무나 투명한
2000.04.02~04.08,43,85257,바꿔,이정현,Let`s Go To My Star,1999.10,Dance,최준영,모두 제정신이 아니야 다들   미쳐가고만 있어   어느 누굴 믿어 어찌믿어   더는 못믿어   누가 누굴 욕하는거야 그러는   넌 얼마나 깨끗해   너나 할것없이 세상속에   속물들이야   바꿔 바꿔 바꿔 내 모든걸   다 바꿔 바꿔 바꿔   사랑도 다 바꿔 바꿔 바꿔 거짓은   다 바꿔 바꿔 바꿔 세상을 다 바꿔  THANGTH IT WAS A MUST   TO TRUST YOU NOW I CRUSH   YOU ANALYSIN MY BRAIN   너의 가식적인 사랑   나를 다시 사랑하길 바래   내가 다시 돌아오길 바래   그럼 바꾸길 바래 늦기전에   날 잡길 바래  한 여자의 지난 과거가 왜   용서받지 못할 일이야   맘에 걸렸다면 처음부터 왜   날 사랑해   모든 것이 변해버렸어 예전의   나로 착각하지마   나를 버린것을 후회해도   이미 늦었어   바꿔 바꿔 바꿔 내 모든걸   다 바꿔 바꿔 바꿔   사랑도 다 바꿔 바꿔   바꿔 거짓은   다 바꿔 바꿔 바꿔 세상을   다 바꿔 바꿔 바꿔 내 모든걸 다  바꿔 바꿔 바꿔  사랑도 다 바꿔 바꿔 바꿔  거짓은 다 바꿔 바꿔  바꿔 세상을  다 바꿔 바꿔
2000.04.02~04.08,44,87186,Failure,크래쉬,Terminal Dream Flow,2000,Rock,안흥찬,The Sarcasm of sticky romance my weak reaction weavering between mind my wanderings are the meaningless my weak reaction wavering a chaoticage I lived meaninglessly I live so I'm meaningless I lived meaninglessly I live so I'm meaningless I am denided I collide I provide I'm justified Failure potential self realisticself another failure find myself another failure  come back to my room where the ruins await the beyond the window my wandering are sum of you look at a sky ho one has seen before I lived meaninglessly I live so I'm meaningless I lived meaninglessly I live so I'm meaninvless I am denied I collide I provide I'm justified Failure Failure potential self realisticself Another Failure find myself Another failure Failure potential self realisticself Another Failure find myself Another failure  Failure potential self realisticself Another Failure find myself Another failure Failure potential self realisticself another failure find myself Another failure
2000.04.02~04.08,45,72505,너 없는 아침,유리상자,Be Happy...,1999.09.01,Ballad,이세준,세상에 나와 나보다 더 사랑한 단 하나의 사람 그대가 나와는 아무런 상관없는-- 신부되는 날-- 기다려 왔죠 그대가 날 깨워줄 수많은 아침을-- 하지만 바로 오늘부턴 이눈물이대신하--네요 불안했던 내 예감 그대로 모든게 어렵게 만 변해가고 있어도 참아왔죠 난 오직 그-대만 얻는다면 세상 모든걸 포기하려 했죠 돌려주세요 되돌려 주세요 눈감은 하늘을 향해 울지만- 나 사는 이유될 기다림 마저도 이젠 짐이될 뿐이라며 그댄 가네--요  불안했던- 내 예감 그대로 모든게 어렵게 만 변해가고 있어도 참아왔죠 난 오직 그-대만 얻는다면 세상 모든걸 포기하려 했죠 난 노력했죠 늘 부족했지만 내가 할 수 있는건 다 했어요- 내 삶을 지켜줄 기다림마저도 허락하지 않는 그녀를 돌려주세요 되돌려 주세요 눈감은 하늘을 향해 울지만- 나 사는 이유될 기다림 마저도 이젠 짐이될 뿐이라며 그댄 가네--요---
2000.04.02~04.08,46,85311,나비,자우림,B정규작업(定規作業),1999.10,Rock,김윤아,라 라라 라 라라 라라 라라 라라  라 라라 라 라라 라라 라라 라라  한번쯤은 이런 내게도  정말 좋은 일이 생길 거라고  늘 항상 언제나 처음부터  지금처럼 믿고 있었어  나나나 나나나 나나나나 나나나  꿈꾸었던 모든 것들이  전부 나를 배신하진 않을 거라고  늘 항상 언제나 처음부터  지금처럼 믿고 있었어  나나나 나나나 나나나나   하지만 가끔은 너무  힘들기도 했었지  가끔은 비바람 치기도 하니까  언젠가는 이런 내게도  정말 좋은 사람 생길 거라고  늘 항상 언제나 진심으로  지금처럼 믿고 있었어  나나나 나나나 나나나나 나나나  내 곁에 있어줘 너의 웃는 모습이  참 아름다와 목이 메어와  라 라라 라 라라 라라 라라 라라  라 라라 라 라라 라라 라라 라라  라라 라라라라 나나나   인생은 믿는대로 그대로 나나나  그래서 한번쯤은 이렇게  가끔은 깜짝 놀랄 일도 생기지  언제나 비바람 치는 건 아니지  언젠가는 이런 우리도  정말 멋진 사람이 될 거라고 나나나  그대로 나의 곁에 있어줘  나나나 나나나  지금 너 그대로가  참 아름다와 목이 메어와  언젠가는 이런 내게도  정말 좋은 일이 생길 거라고  언젠가는 이런 내게도  정말 좋은 사람 생길 거라고
2000.04.02~04.08,47,1516879,섹시한 남자,스페이스에이,성숙,1999.08.17,Dance,한경애,죽도록 너만 사랑하는데 왜 날 믿지 못하니 나는 죽을 때까지 널 사랑해 섹시한 당신은 나의 남자 잘 생긴 당신은 나의 남자 이 세상 마지막이 온대도  영원히 이 환상에 젖을래 잘 뻗은 당신은 나의 남자 첫눈에 너의 포로 되었어 하지만 괜찮다면 둘이서 아침을 맞이 하면 좋겠어  나를 봐 나를 봐 느껴봐 걱정하지마 너의 고민이 뭔지 이미 난 다 알고 있어 아무일 없어 지난 사랑과 추억도 없었어 죽도록 너만 사랑하는데 왜 날 믿지 못하니 나는 죽을때 까지 너 하나뿐야 아니야 나 죽는다 해도 너뿐야 그러니 제발 마음 열어 나를 믿으며 사랑해 솔직히 내가 너를 믿고 따라간다 해도 이렇게 니가 많은 남자들 거쳐 내가 그 중에 하나 남자껄 그딴식 싫어 니가 나를 믿건 말건 처음부터 내가 했던 행동 믿을 가치 없어 하지만 두고 보고 두고 믿을 가치 있던 말던 막 기다려 주마 언제까지라도 섹시한 당신은 나의 남자 잘 생긴 당신은 나의 남자 이 세상 마지막이 온대도 영원히 이 환상에 젖을래 모두 널 보내 주지 말라지 잡으면 너는 내꺼 된다고 조금은 망설이는 니 모습 사랑은 쟁취 하는거 잖아  나를 봐 나를 봐 느껴봐 걱정하지마 너의 고민이 뭔지 이미 난 다 알고 있어  아무일 없어 지난 사랑과 추억도 없었어 죽도록 너만 사랑하는데 왜 날 믿지 못하니 나는 죽을때 까지 너 하나뿐야 아니야 나 죽는다 해도 너뿐야 그러니 제발 마음 열어 나를 믿으며 사랑해
2000.04.02~04.08,48,494157,다 알아요,양파,Yangpa Best,2003.11.13,Ballad,,다 알아요 모두 다 알아요  나를 떠나야 했었다는걸  너무 많은 것을 바라는 날 감당할 수 없어  이내 지쳐가는 그대를 모른 건 아니었어요  나 다른 건 없어요 꼭 한번만 보고 싶어요  그대 얼굴 예전처럼 밝은지  하지만 떠나간 그대의 그 미안함 덜어주려면  그대를 잊는게 더 옳은 거겠죠 다 알아요 알잖아요 이건 알잖아요  그럴 수 밖에 없었다는 걸  너무 초라하게 기억될 날 보여줄 수 없어  끝내 잡지 않은 내 맘을 모른건 아니잖아요  나 다른 건 없어요꼭 하나만 묻고 싶어요  그대 맘이 예전보다 나은건지  하지만 떠나간 그대의 그 미안함 덜어주려면  그대를 잊는게 더 옳은 거겠죠 다 알아요  다시 한번 생각해요 우리의 약속 많이 힘들어도 헤어짐은 없기로 했던 걸  그대 곁에 있고 싶은 욕심이라 해도 한곳만 바라볼 거예요 뒷모습만이라도  또 다른 건 몰라도 꼭 하나만 기억해줘요  이런 사랑 다시 오지는 않겠죠 그리고 우리 헤어짐은 긴 행복을 위한거겠죠 이런 내 믿음이 틀리진 않겠죠 난 믿어요  이런 식으로 끝나진 않겠죠 다 알아요
2000.04.02~04.08,49,489869,연가,유승준,You Seung Jun Best & J Duet Collection,2001.09.01,Dance,이현도,처음 보았을때 난 벌써 시작되었지 우리 만났다는 그 이유 단 하나만으로  새로운 날이 찾아온거야 모든것이 내겐 이렇게 아름다워  모든것이 너와 함께야 오 이렇게 영원히 oh baby  소년의 얼굴로 노래하리 세상 가장 맑은 목소리로 내 마음 가득히 커져만 가는 너에게 사랑노래  소녀를 위해서 난 노래하리 세상 가장 행복한 목소리로 가슴 가득 나의 너를 위해  그저 지내왔던 어제 이제는 매일 새로워 서로 소중함에 슬픔은 나에게서 멀어져  새로운 날이 찾아온거야 모든것이 내겐 이렇게 아름다워  모든것이 너와 함께야 오 이렇게 영원히 oh baby  소년의 얼굴로 노래하리 세상 가장 맑은 목소리로 내 마음 가득히 커져만 가는 너에게 사랑노래  소녀를 위해서 난 노래하리 세상 가장 행복한 목소리로 가슴 가득 나의 너를 위해  아주 오랫동안 까맣게 잠들어 있던 내게 새빛으로 깨어나 숨쉬게 해준 너에게  소년의 얼굴로 노래하리 세상 가장 맑은 목소리로 내 마음 가득히 커져만 가는 너에게 사랑노래  소녀를 위해서 난 노래하리 세상 가장 행복한 목소리로 가슴 가득 나의 너를 위해
2000.04.02~04.08,50,1594157,For You,조성모,MBC 미니시리즈 `진실`OST,2000.01.20,"Drama,Ballad",양정승,나 아직도 꿈을 꾸어요 그대와 나 하나가 되는 날 시간이 흘러가도 변하지 않는데도 언제까지 기다릴테니까 나 잠에서 깨어 날 때쯤이면 내 눈가에 눈물이 고여요 슬픈 편지를 보면 헤어졌단 사실도 모른 체 익숙해져 갈 뿐이죠 내 편지로 힘들어 할까봐 사랑한단 말하지 않았죠 알아요 난 올 수 없다는 걸 아직까지 난 그댈 보낼 용기조차 없는데 용서해요 내 욕심만 채웠어요 눈감아도 눈물을 참을수가 없는데 마음을 열어 나를 느껴보아요 그리운 이가 있다는 것 그것만으로 감사해요 나 여전히 꿈을 꾸고 있어요 내 어깨를 빌려 드릴께요 그대 슬프다거나 울고 싶어질 때면 언제든 그대 곁에 있을 테니 잠시라도 볼 수는 없나요 내 심장이 멈출 것 같아요 그대 향한 그리움만으로 살아가기가 부족한 나 역시 힘이 드는데 용서해요 내 욕심만 채웠어요 눈감아도 눈물을 참을 수가 없는데 마음을 열어 나를 느껴보아요 그리운 이가 있다는 것 그것만으로 감사해요  사랑해 그 말 하지 못한다 해도 그리운 이가 있다는 것 그것만으로 감사해요
