time,rank,song_id,title,singers,album,date,genre,creator,lyric
2004.05.09~05.15,1,518619,친구여 (Feat. 인순이),조pd(ZoPD),Great Expectation 조PD Pt. 2: Love And Life,2004.03.23,Rap / Hip-hop,조pd(ZoPD),yeah how hottest track of  the year you know what time isit right  now right here yo cuz I'm back again yeah  once again it's 조PD time once again I'm back again yeah once again with 인순이 on top again I'm back again yeah once  again come on 우리들의 얘기로만 긴긴밤이 지나도록 when the time is alright it's way to survive 기다려 hold on 사랑들은 하고있나 많은것을 약속했나 힘들어도 try 포기하지 말아 it will be alright alright 친구여 세월이많이 변했구려 같이 늙어간단 말이 내게는 그저 먼 미래의 일일뿐이었는데 얼굴에 솜털의흔적도 없구려 어느 새 남자의 미래는 책임감과 무거운 중압감 하지만 햇살은 저 높은 곳에 각자의 이상을 위해 모두 바쁘네 자랑스런 나의 친구들아 나는 열심히 살아가고 있단다 우린 일 사랑 사회가 issue 하지만은 인간적일 뿐일 실수는 모두 겪어야지 너무 재수없는  직장 상사얘기 별 수 없이 아저씨 되는게  뭐가 대수 이 담에 소주 한 잔 할때까지 답장은 필수 always miss you 우리들의 얘기로만 긴긴밤이 지나도록 when your sprit is alright it's way to survive 기다려 hold on 그런다면 eventually go on stand on your on feel 힘들어도 try포기말아 it will be alright alright 세월에 무감각 해져가네 현실의 삶과 이상속에 아련한 추억이 너무 그립네 친구들과 뛰놀던 그 동네 바쁘게 지내온 나날속에 지난날을 돌아보지 못했는데 어느 날 잠에서 깨어날 때 꿈에서 본 듯한 나의 옛동네 찾아가봤지 친구들과 같이 너무 큰 기쁨으로 가슴이 뛰었지 dejavu 느끼고 추억의 자리에서  흐느끼고 생각에 생각이 꼬리를 물고 해지면은 소주병 나발을 불고  여기 추억과 바닷바람 그리고 너무나 사랑하는 사람들이 있네 인생에 뭐가 더 있나 돈 명예 미래 따위야 말로 영원할 순 없소 이 diamond 같이 someting's never change yo KTP 인순이 조PD Let's party 인생 끝날때까지 come on 우리들의 얘기로만 긴긴밤이 지나도록 세월이 지나도 변치 말자고  약속했잖아 영원토록 변치 않는 그런  믿음 간직할래 세월이 지나서 다 변해도 변치 않는 것 하나 이젠 뭘 하더라도 그 시절 같을 순  없으리오 이젠 바쁘더라도 가끔 전화를  해보시오 이젠 뭘 하더라도 그때와 같을 순  없으리오 이젠 바쁘더라도 우리의  추억을 기억해줘 이젠 뭘 하더라도 그 시절 같을  순 없으리오 이젠 바쁘더라도 가끔 전화를  해보시오 이젠 뭘 하더라도 그때와 같을  순 없으리오 이젠 바쁘더라도 우리의  추억을 기억해줘 친구여
2004.05.09~05.15,2,521704,그곳에 서서,박효신,Soul Tree,2004.04.20,Ballad,채정은,멀리도 돌아왔어 오는 길이 늦었어 그게 미안했어 항상 하지만 니가 없는 건 기다려주지 않는 건 상상도 못한 일이야 니가 있던 자리엔 싸늘한 바람만 일어 가슴은 너무 아픈데 난 울 수도 없겠어 너만 향해 왔는데 빛을 따라 온 건데 이제는 내 모든 게 사랑에 묻혀 끝난 거야 가라앉을 배처럼 지나친 욕심이었나 아님 자만이었나 절대 안 떠날 너라고 하지만 너는 없었어 돌아올 곳이 없었어 그토록 힘이 들었나 너를 사랑한 곳엔 너 아닌 그리움 살아 잊기엔 너무 많아서 난 잊을 수 없겠어 너만 보고 온 건데 이젠 안 떠날텐데 살아갈 희망없는 난 다 끝난 거야 조금씩 가라앉을 배처럼 이기적인 내 방황이 답답했던 내 방황이 자꾸 널 떠밀었어 니 맘을 아프게 했어 니가 있던 자리엔 그대로 니가 서있어 내가 널 너무 사랑해 널 보낼 수 없겠어 그냥 함께 갈 거야 니가 빛이었으니 어차피 너 없는 나는 나 아닌거니 기다리겠어 이젠 내가 널 기다려 니가 아팠던 바로 그 곳에 서서 저 깊이 가라앉을 때까지
2004.05.09~05.15,3,519280,디스코왕,KYT(코요태),Koyote 6,2004.03.26,Dance,주영훈,Yeah disco all around the world You know yo I pump me up With me intro disco on and on right Let's go on and on  yeah like that Disco on and on  right Let's go on and on  now I bump that  오늘도 하루가 힘이 들어 세상 산다는 건 항상 그렇지 왜 그리 답답한 일들뿐야 뭐든 내 뜻대로 되질 않는 걸 언제나 Everybody get down to the beat Now all the ladies get up off your feet Move to the left right constantly Get down to the sound with K Y T now 내맘을 왜 몰라주는 거야 이런 시간속에 나는 지쳐가 유일한 친구는 술잔이야 항상 부딪히며 나를 삼키지 모두 잊어봐 좋은 내일이 올거야 아직도 살아갈 더 많은 날들이 있잖아 Right now oh 몸을 흔들어봐 이음악에 빠져 내일일은 내일에 걱정하면 돼 힘껏 소리쳐봐 두 손 높게 들어 저 하늘이 언젠가 답을 줄거야 사랑은 언제야 오는 거야 나의 텅빈 맘은 항상 외로워 언제쯤 평온해지는 거야 온통 시끄러운 소식뿐이야 눈을 감아봐 좋은 기억만 생각해 내곁에 날 믿는 소중한 이들이있잖아 Right now oh 몸을 흔들어봐 이음악에 빠져 내일일은 내일에 걱정하면 돼 힘껏 소리쳐봐 두 손 높게 들어 저 하늘이 언젠가 답을 줄거야 뒤를 돌아봐 너무 빨리 걸어온 길 한번쯤 내게도 쉬어갈 여유가 필요해 Right now oh 몸을 흔들어봐 이음악에 빠져 내일일은 내일에 걱정하면 돼 힘껏 소리쳐봐 두 손 높게 들어 저 하늘이 언젠가 답을 줄거야 Everybody get down to the beat Now all the ladies get up off your feet Move to the left right constantly Get down to the sound with K Y T now Raise em up girl 신지 throw em up man 종민 Keep em up 빽가 M C now you know It's going on let's slow it down
2004.05.09~05.15,4,516204,이제서야,김동률,4집 토로 (吐露),2004.03.09,Ballad,김동률,가끔 거리를 나서면 온통 행복한 연인들  자꾸만 왜 걸음이 바빠만 지고  괜시리 울컥 화가 나는지  혼자서 영화를 볼 때나 슬픈 음악을 들을 땐  생각 없이 한바탕 울며 웃다가  터질 듯 가슴이 저며오곤 해  사랑해 되뇌이다 왜 나도 몰래 미안하단  말이 섞여 나오는지  잘못했던 것만 생각나는지  한발 늦어서 다 알게 되는지   술 취한 밤이면 전화번호 수첩을 뒤적이다가  멍하니 잠을 또 설치기도 해  돌아와 말도 못하고 나 혼자서 쓸데없이  헛된 기대만 하는지  왜 이렇게 내가 바보 같은지   나의 부족한 사랑에 지쳐 떠나간 거라면  이젠 난 준비가 된 것도 같은데  매일 웃게 해줄 수 있을 텐데  헤어진 아픔에 비해 다시 시작하는 건  내겐 너무 쉬울 것만 같은데  정말 잘할 수 있을 것 같은데  이제서야 난 다 알 것 같은데..
2004.05.09~05.15,5,2025250,닮은 사람,테이,The First Journey,2004.01.05,Ballad,조은희,왜 내게 말하지 않았죠   그대를 떠난 예전 사람과   참 많이 닮아서 나를 만난거라고   내 모습에 숨겨진 그에게   이끌려 머문거라고   그와 갔던 곳에 갔나요   그곳에서 날 보면서   그와 함께 했었던 시간을   추억했나요   날 사랑하지 말아요 날   사랑하면 안돼요   그대 맘을 믿고 싶어하면   그땐 어떻게   혹시라도 그가 돌아온다면   나는 또 어쩌죠 보낼수 없다면   다 용서 해줄 수 있나요   그녀와 닮은 그대 때문에   나 역시 쉽사리 빠져들게 된걸요   내 가슴 한구석에 그녀에 자리를   비워둔채로   못해준게 너무 많아서 울린일이   맘에 걸려   대신 그대에게 더 잘하고   싶었었나봐   날 사랑하지 말아요 날   사랑하면 안돼요   그대 맘을 믿고 싶어하면  그땐 어떻게  혹시라도 그가 돌아온다면  나는 또 어쩌죠 보낼수 없다면  다시 길들여지는게 다 잊고  시작하는게  상처 될까 원할수록 겁이 나  사랑할지도 몰라요 하지만  아직 안돼요  서로 외로움이 외로움을  키울뿐이죠  그대 안에 내가 그보다 크면  내 속에 그대가 그녈 다  지우면 와줘요
2004.05.09~05.15,6,518092,내가 당신을 사랑하는 이유,왁스,내가 당신을 사랑하는 이유 (Wax Best Day & Night),2004.03.18,Ballad,최준영,우리 둘이 만난지 얼마나 됐나요 좋은 날도 싸운 날도 참 많았어요 내 생일도 모르는 니가 어찌나 야속하던지 헤어지자고 울던 내게 쩔쩔매던 너 해로운 담배 피우며 한숨쉬는 널 보면 가슴 아팠어  쓰디쓴 술을 마시며 죽고 싶다는 그 말에 나도 따라서 죽고 싶었어요 온몸에 열 나고 아팠을 때 내 손 잡고서 밤을 새워 날 지켜준 너 나 때문에 흘리던 눈물 그 눈물을 봤던 그날 그땐 정말 행복했죠 고마웠어요 때로는 너무 미워서 두 번 다시 안보리 다짐했지만 기죽은 얼굴을 보며 불쌍하다는 생각에 맘 약해져 냉정히 떠나려해도 나 아니면 거둬줄 사람 없을 것 같은 미련한 연민 때문에 주저앉고 살아온 세월은 벌써 저만치 흐르고 그래요 이런게 사랑인가봐요 나 그대만을 영원히 사랑할게요
2004.05.09~05.15,7,521068,걸음이 느린 아이,고유진(플라워),신생아 (新生我),2004.04.09,Ballad,김진용,함께 걸으면 손닿지 못할만큼  한참을 뒤에 오던 그녀였죠  빨리 오라며 그녀를 다그치고  답답한 마음에 난 앞서서  걸었는데  천천히 걸을걸 그랬죠  먼저간 날 잃었었는지  그녀가 오질 않네요  하루를 헤매다 돌아온 그녀는  어제보다 많이 다른 모습이죠  날 보며 웃는 미소도  그 향기도 모두 예전과 같은데  낯설은 그대 모습  사소한 일로 많이 다툰  날이었죠   평소와 다른 그녀 모습보고  먼저 다가가 그녈 달래봤지만  내말도 들으려 않은채  울고있죠  사랑하는 사람있다고  허락해 줄수만 있다면  그 사랑 안고 싶다고  고개를 저으면 그저 난 저으면  예전처럼 다시 만날수 있나요  조금 더 함께 하고파  그렇게도 천천히 걷던 그녀를  알지못한 내 죄로  보내야 하나요  그대 혼자서 나를 남겨둔채  가는건  여린 그대가 참 힘든일이라  나 그대 따라서 이별이란  슬픈 세상에  나도 함께 갈께요 고개를 저으면 그저 난 저으면  예전처럼 다시 만날 수 있나요  조금 더 함께 하고파  그렇게도 천천히 걷던 그녀를  난 보내야만 하죠
2004.05.09~05.15,8,515804,야상곡(夜想曲),김윤아,유리가면(琉璃假面),2004.03.05,Rock,김윤아,바람이 부는 것은 더운 내 맘 삭여 주려 계절이 다 가도록 나는 애만 태우네 꽃잎 흩날리던 늦봄의 밤  아직 남은 님의 향기 이제나 오시려나 나는 애만 태우네 애달피 지는 저 꽃잎처럼  속절없는 늦봄의 밤 이제나 오시려나  나는 애만 태우네 구름이 애써 전하는 말  그 사람은 널 잊었다 살아서 맺은 사람의 연  실낱 같아 부질없다 꽃 지네 꽃이 지네 부는 바람에 꽃 지네 이제 님 오시려나  나는 그저 애만 태우네 바람이 부는 것은 더운 내 맘 삭여주려 계절이 다 가도록 나는 애만 태우네 꽃잎 흩날리던 늦봄의 밤  아직 남은 님의 향기 이제나 오시려나 나는 애만 태우네
2004.05.09~05.15,9,606079,시간을 찾아서 (Feat. 이적),김진표,Remastering All About JP,2004.05.24,Rap / Hip-hop,김진표,"내 나이 여섯살 때  크지 않은 언덕 위에 작지만 너무도 예쁜 놀이터  하나 있었었지. 거기엔 언제나 혼자,  풀밭에 앉아 예쁜꽃 찾아, 노래를 부르던 여자애 하나.  내 맘을 흔들었지. 말 한번 하지도 못하고  단 한번에 맘을 뺏겨 어린 맘에 찾아든 이상한 감정에 잠까지 뒤척여 주먹을 꼭 쥐고 엄마께 말하고 그녀와 꼭 결혼 하겠다고.  내 나이 스물 여덟 시간은 금새 흘렀는걸 동화 속 공주님 같은 얘기는  내게 너무 사치인걸 이리로 가다, 때로는 저리 가다 계속해 뛰다보면 어느샌가 시간은 흘러 이렇게나 미쳐가나 지나가는 시간을 잡고 한번은 말을 걸고 싶은 건데 날 위해 한번만  멈추어 주었으면 좋겠는데 내가 꿈꾸는 추억 속으로  떠날 한번의 기회 동화 속 공주님을 위해 시간은 도대체 어디 살고 있을까 매일 같이 넌 달리기만 하잖아 혹시 나 몰래 넌 햇볕드는 창에서 쉬고 있진 않을까  어렸을때 내가 훔친  어머니 지갑 속 오백원 되돌려 주지 않은  만화책들이 집에 세 권 아무런 이유도 없이  약한 자를 때린건 네 번 난 거짓말을 매 번 그냥 가책없이 말했던 그때 그 장난 가득한 어린시절에도 난 계속 사고는 쳤지만  내게 행복만 내 주변에 가득했지만  나 지금 내모습 보며, 쓴 웃음만 또 지며, 그때로 돌아가길 간절히 한번 빌어보지만 시간은 도대체 어디 살고 있을까 매일 같이 넌 달리기만 하잖아 혹시 나 몰래 넌 햇볕드는 창에서 쉬고 있진 않을까 어렸을적 나는 고층건물 유릴 닦고 싶다고 그럼 난 하늘을 나는 기분을 느낄 수가 있다고 아님 커서 택시 운전사가 난 될꺼라고 그럼 난 세상 어디든지 여행 다닐 수 있을꺼라고 아니면 난 구멍 가게 주인이 되고 싶다고 그럼 난 내가 원하는 과자  마음대로 먹을 수가 있다고 이 세 가지중 반드시 한가지는 이루겠다고 그렇다고 내 일기장에 적혀있다고  시간은 도대체 어디 숨어있을까 단 한번만 붙잡고도 싶은데 언젠가 나 너를 보게 되는 그 날에 내 작은 상자 안에 널 넣어둘꺼야 이렇게 나 너만 있으면 눈물 흘리지도 않을텐데 가슴 아픈 기억들을 모조리 되돌릴텐데 또 기억 저편에 보내  저 멀리 나를 보내고 오래  머무르며 그녀의 노래 들을수 있을텐데 아마 평생 내가 너를  보는 날은 오지 않겠지 세월이 흘러 주름이 지면 너가 말해주겠지 난 언제나 항상 너와 함게 했다고 다만 니가 몰랐던 것 뿐이라고"
2004.05.09~05.15,10,519558,I`m Sorry,파이브(F-IV),F-IV Story,2004.03.31,Ballad,"방시혁,박채원,조은희",너의 곁에 없어도  사랑은 계속될꺼야  널 떠난다고 말해서 I'm Sorry  난 변했다고 말해서 I'm Sorry  차마 얘기할 수 없어서  입가에만 맴돌다  내 안에만 남겨둔 말 I'm Sorry  너무나 사랑했나봐 I'm Sorry  정말 널 사랑했나봐  미안하다는 그말로 이해를 바라기에  한없이 부족한 나를 용서할 수 없었어  I can't ever be your man  더는 자신이 없어  너를 사랑한다면 이젠 놔줘야만 해  Though I wanna be your man  정말 해준게 없어  너무 미안했기에 못한 그말 I'm Sorry  죽을 것 같아도 다시 널 부르면 안돼  이렇게 보내는 날 알면 넌 두번 울게돼  내가 원했던 건 전부 사랑했던 건 모두  나를 떠났기에 너도 잃고 말 것만 같아  I can't ever be your man  더는 자신이 없어  너를 사랑한다면 이젠 놔줘야만 해  Though I wanna be your man  정말 해준게 없어  너무 미안했기에 못한 그말 I'm Sorry  쉽지는 않겠지만 너무 아프겠지만  이대로 가는거야 널 갖고 싶다는  비겁한 내 맘을 잘라내는 그날까지  행복했다는 행복했다는 말도  고마웠다는 말도 전할 수 없는 말로  내 맘속에서 말해  너에 곁에 없어도 사랑할꺼란 말도  돌아서는 눈물로 전해 그말 I'm Sorry  행복했다는 말도  고마웠다는 말도 전할 수 없는 말로  내 맘속에서 말해  너에 곁에 없어도 사랑할꺼란 말도  돌아서는 눈물로 전해 그말 I'm Sorry
2004.05.09~05.15,11,517087,사랑은 (Song 정인),리쌍,"Leessang, Special Jungin",2004.03.05,Ballad,KENNETH,잊어야죠 이제는 보내야죠  놔야겠죠 잡고있던 인연도 남겨진 슬픔 추억은  내 맘속에 흔적으로 남길께요   알았었죠 우리의 마지막을  예감했지만 멈출수가 없어  불안한 우리 사랑 더 밀어붙인 거죠  그렇지만 괜찮아요 지금도 후횐없어요   나에겐 사랑은 상처만을 남겼지만  사랑은 웃는법 또한 알게했고  사랑은 살아갈 이유를 주었다가  사랑은 절망이 뭔지도 알게했죠   사랑은 그렇게 왔다간거죠  내 마음속에서 love is   또 오겠지 나에게 다른 사랑이  그땐 지금처럼 힘들진 않겠죠  이미 사랑이 어떤건지  나에게 알려주고 갔으니  날 보낸 지금보다 쉽겠죠   사랑은 상처만을 남겼지만  사랑은 웃는법 또한 알게했고  사랑은 살아갈 이유를 주었다가  사랑은 절망 또한 알게했죠  사랑은 내게 알려주었죠  이 모든 것들을   내게 사랑은 함께라는 걸 보여주고  이별은 외로움 또한 남겨줬고  사랑은 다가서는 법을 알려주고  이별은 멀어지는 법도 알게했죠  사랑은 내게 알려주었죠  이 모든 것들을 love is -
2004.05.09~05.15,12,507484,꿈에,이수영,Classic,2004.01.12,Ballad,조덕배,꿈에 어제꿈에 보았던 이름모를 너를 나는 못잊어 본적도 없고 이름도 모르는 지난꿈 스쳐간 사람이여  이밤 곰곰히 생각해보니 어디선가 본듯한 바로 그모습 떠오르는 모습 잊었었던사랑 어느해 만났던 사람이여 어느 가을 나누던 사랑이여  난 눈을뜨면 꿈에서 깰까봐 나 눈못뜨고 그대를 보내 물거품처럼 깨져버린 내꿈이여 오늘 밤에 그대여 와요  난눈을뜨면 사라지는사람이여 나눈못뜨고 그대를 보내 물거품처럼 깨져버린 내꿈이여 오늘 밤에 그대여 와요  어느 가을 나누던 사랑이여 난 눈을뜨면 꿈에서 깰까봐 나 눈못뜨고 그대를 보네 물거품처럼 깨져버린 내 꿈이여 오늘밤에 그대여 와요  난 눈을 뜨면 사라지는 사람이여 나 눈 못뜨고 그대를 보내 물거품처럼 깨져버린 내 꿈이여 오늘밤에 그대여 와요
2004.05.09~05.15,13,1589039,여기보다 어딘가에,하림,Whistle In A Maze,2004.04.09,Ballad,이미나,아무 일도 없는 하루 또 하루 가 나를 지치게 해 보잘 것 없는 일상 초라한 평화속 숨막혀 하면서 사는 동안 잃어버린 모든 것은 이곳에는 없으니 이제 나 떠난다 크게 숨쉬며 돌아봄 없이 내가 가 두었던 내 자유를 찾아 하늘과 호수 들판을 달려 파도가 흰 구름을 품는 곳으로  나 또 다시 이곳으로 돌아오기 위해서 이제 나 떠난다 크게 숨쉬며 돌아봄 없이 내가 가 두었던 내 자유를 찾아 하늘과 호수 들판을 달려 파도가 흰 구름을 품는 곳으로  뚜뚜두룹 뚜뚜두룹  뚜뚜두룹 뚜뚜두룹  내가 가 두었던 내 자유를 찾아 뚜뚜두룹 뚜뚜두룹  들판을 달려 뚜뚜두룹 뚜뚜두룹  뚜뚜두룹 뚜뚜두룹  파도가 흰 구름을 품는 곳으로 지금 여기보다 그 어디엔 가로
2004.05.09~05.15,14,489055,Monologue,버즈,Morning Of Buzz,2003.10.10,Rock,이도연,다 잊었다는 거짓말 또 해 버렸죠 내 마음에 그대란 사람  없다고 했죠  너무나 쉽게 잊혀졌다고  이젠 남이라고  서툰 내 사랑에 지쳐 떠난 그대  너무 많이 울려서  잡을 용기조차 낼 수 없었죠  미안해요 내 사랑아  다신 나 같은 사람 만나지 마요  혹시 찾아가도 두번 다시  나를 허락해 주지마요  그댄 여리고 너무 착해서  싫단 말도 잘 못하는데  많이 부족한 나를 사랑한 그대  이거면 됐어요 더 이상은  그대 불행하지 않도록  나 이쯤에서 없어지는게  그댈 위한 나의 사랑인걸요  너무 투명해서 때론 불안했죠  제멋대로 살아온 나를  감당할 수 없을것 같죠  미안해요 내 사랑아  다신 나같은 사람 만나지 마요  혹시 찾아가도 두 번 다시  나를 허락 해주지 마요  그댄 여리고 너무 착해서  싫단 말도 잘 못하는데  고마웠어요 나를 사랑해줘서  나같은 사람이 두 번 다시  감히 받을 수 없는 사랑  그대 때문에 행복했어요  울지마요 그대  잘 생각해봐요  나쁜일들만 가득했던 우리  다 잊어야 해요  많이 부족한 나를 사랑한 그대  이거면 됐어요  더 이상은 그대 불행하지 않도록  나 이쯤에서 없어지는게  그댈 위한 나의 사랑인걸요
2004.05.09~05.15,15,521855,Xcstasy (Korean Ver.),베이비복스1기,Ride West,2004.03.02,Dance,,"Game cold like the pole in the winter  Picturing positions to smash feeling to hither  I want in the kitchen  on the counter top hit the spot  Till the cops start to knock  Wake up the whole block  How you want it baby  On the hood of the car  From the back to the front  Red hot heels on in the living room  in Cancun feel the breeze  Strawberries on you stomach  to spread the whip cream  날 원하는 걸 알아 그대 어떻게 나를 원해  날 사랑하는 걸 알아 ooh 하지만 천천히  E.Z does it do it easy  Touch tease and please me  Tell me how you want it  However do you need me  Passion and ecstasy  You're right next to me  Tell me all your deepest fantasies  Making love till sunrise  Holding you so tight  How do you want it  I'm yours tonight  Baby V with the recipe  To give real love live it up and rock the party  너와 나 함께 즐기고 싶니  그렇다면 내게 뭔가 보여줘  너와 나 함께 느끼고 싶니  그렇다면 내게 뭔가 보여줘  진짜 나와 함께 달려 보고 싶니  하지만 정신을 잃을걸  ooh baby 그렇게 쉽지는 않지  이제는 그만 나를 놓아줘  이젠 모두 늦어 버렸어 너 내게 빨리 다가와  Step up Step up boy  날 원하는 걸 알아 그대 어떻게 나를 원해  날 사랑하는 걸 알아 ooh 하지만 천천히  날 원하는 걸 알아 그대 어떻게 나를 원해  날 사랑하는 걸 알아 ooh 하지만 천천히  I'm sittin' here, hopin'  that we can find some way to kick it  even though I got ya diggets  gotta struggle to resist it  I slowly advance so lest  my chance not to miss it  You blow my kisses when he ain't  lookin at your heart's took it  My only whishes that you change  your mind and think you should  Wanna take you there  but you scared to follow  come see tomorrow  Hoping I can take you through the pain  and sorrow let you know I cared  And someone's there for your struggle  Depend on me when you have needs  or there's trouble  I wanna give you happiness  or maybe even more  I told you before no time to waste  We can hook up at the store  can you get away  진짜 나와 함께 달려보고 싶니  하지만 정신을 잃을걸  ooh baby 그렇게 쉽지는 않지  이제는 그만 나를 놓아줘  이렇게 시간 보내긴 싫어 넌 내게 빨리 달려와  Run up Run up boy  날 원하는 걸 알아 그대 어떻게 나를 원해  날 사랑하는 걸 알아 ohh 하지만 천천히  I know you want me baby  So how do you want me  I know you love this baby  oh real slow baby  Move your body  Let the music take you out of control  Rock the party put it down  From LA to Seoul  Get it jumping hot like live wire  Nobody does it better got the world on fire  Floss the overlord  Give em what they want more  A hundred percent pure  Rugged hard-core  Pump it in your jeep  When you cruise the block  Turn the volume up  Let the system rock uh  We make hits steady chasing the chips  International thug dish  Can't hate it  Just love this world famous  collaborate with the greatest  2 Pac and Baby Vox so dangerous  I know you want me baby  So how do you want me  I know you love this baby  ooh real slow baby"
2004.05.09~05.15,16,518217,무지개,롤러코스터,Sunsick,2004.03.19,Rock,조원선,걱정마 문제라는건 어차피 거기서 거기  걸어가야 할길 아직 멀었잖아  눈을떠 너를 바라봐 그렇게 슬퍼 하기엔  너는 눈이 부시게 빛나고 있잖아 음-   어쩌면 모든게 거짓말 같이  어느날 왔다가 또 사라져 음-  그럴땐 가만히 눈을 감은채  휘파람 불면서 웃는건지 음-   이것이 우리의 문제야  달라질 것도 없다는걸 알면서  자 이제부터는 축제야  기쁜 하늘의 일곱빛깔 무지개    걱정마 문제라는건 어차피 거기서 거기  걸어가야 할길 아직 멀었잖아  어쩌면 모든게 거짓말 같이  어느날 왔다가 또 사라져 음-   이것이 우리의 문제야  달라질것도 없다는걸 알면서  자 이제부터는 축제야  기쁜 하늘의 일곱빛깔 무지개    고갤들어 하늘을 바라봐  믿지못할 만큼 아름다울거야  자 이제부터는 축제야  기쁜 하늘의 일곱빛깔 무지개-
2004.05.09~05.15,17,509599,Heffy End,서태지,Seotaiji 7th Issue,2004.01.27,Rock,서태지,내가 널 널 그렇게 바라보는 걸 누구도 이해하진 않지만 넌 나를 이해할까 So 네 입술 속에 그 속에 나의 눈물을 흘리게 해줘 난 늘 곁에 네 곁에 언제나 너의 옆에 난 서있는 걸 넌 어째서 네 곁에 서있는 날 그렇게 차갑게 외면하니 난 너만 너만 Sorry 미안해 지난밤 나의 잘못을 후회했어 I thought it was over But it's not over 난 또 너의 뒤를 난 쫓고 있어 더 달려봐 더 멀리 뛰어봤자 결국 넌 내 앞에 있는걸 정말 모르니 날 모르니 차라리 꺼져버리라고 말해 줘 나에게 미소를 지어봐 날 달래봐 제발 나지막이 속삭여줘 It's all right It's all right 네 창가에 가리워진 나의 미련을 감싸 안아 넌 내 옛 기억엔 단 하나의 내 일부분인 걸 네 생명이 이슬처럼 청명함이 남아 있을 때 널 가져가려 해 난 이제 너와 단 둘만의 소망을 이룰게 니 추악한 이 세상에 두터운 밀랍의 성을 짓고 난 너와 너와 깨끗한 해피앤드
2004.05.09~05.15,18,507874,Hug,동방신기(TVXQ!),Hug,2004.01.14,Ballad,,하루만 니방의 침대가 되고싶어 Oh Baby-  더 따스히 포근히 내 품에 감싸 안고 재우고 싶어  아주 작은 뒤척임도 너의 조그만 속삭임에  난 꿈속의 괴물도 이겨내 버릴 텐데   내가 없는 너의 하룬 어떻게 흘러가는 건지  나를 얼마나 사랑하는지  난 너무나 궁금한데 (궁금해)  너의 작은 서랍 속의 일기장이 되고 싶어  알 수 없는 너의 그 비밀도  내 맘속에 담아둘래 너 몰래   하루만 너의 고양이가 되고싶어 Oh Baby-  니가 주는 맛있는 우유와 부드러운 니 품안에서  움직이는 장난에도 (장난에도)  너의 귀여운 입맞춤에  나도 몰래 질투를 느끼고 있었나 봐   내 마음이 이런 거야 너 밖엔 볼 수 없는 거지  누구를 봐도 어디 있어도  난 너만 바라 보잖아 (보잖아)   단 하루만 아주 친한 너의 애인이 되고 싶어  너의 자랑도 때론 투정도  다 들을 수 있을 텐데 널 위해 -  In My Heart In My Soul  나에게 사랑이란 아직 어색하지만 Uh Uh Babe - 이 세상 모든걸 너에게 주고싶어 꿈에서라도   내 마음이 이런 거야 지켜 볼수만 있어도  너무 감사해 많이 행복해  나 조금은 부족해도 (부족해도)  언제까지 너의 곁에 (니곁에)  연인으로 있고 싶어   너를 내 품에 가득 안은 채  굳어 버렸으면 싶어 영원히 -
2004.05.09~05.15,19,517390,이별은 멀었죠,한경일,New Wave,2004.03.13,Ballad,김진아,그대 오늘도 늦네요 할말이 생겼다더니 벌써 여러번 문소리만 들려도 내 가슴이 내려앉죠  잊고 살던 담배가 또 생각나고 눈치없이 눈물이 나죠 그대 어젯밤 연습했을 한마디 참 낯설겠죠 아프겠죠 믿기 싫은데  오늘은 날 잊어버려요 여기 오지말아요 서글픈 그 말 내 가슴이 듣지 못하게 아직 내 안의 그대와 이별은 먼 일이죠 긴 여행을 떠나 늦는거라 여길테니  화내면서 자꾸 날 걱정하더니 실은 미안해서였나요 전보다 줄어든 그대 미소 때문에 난 더 잘했죠 다 걸었죠 오해였나요  오늘은 날 잊어버려요 여기 오지 말아요 서글픈 그 말 내 가슴이 듣지 못하게 아직 내안의 그대와 이별은 먼 일이죠 긴 여행을 떠나 늦는거라 여길테니  이렇게 시간에 맡기다보면 혹 다시 그대 마음까지 찾을까요 와줄까요 이제 그만 돌아갈게요 편히 접어두어요 영원히 우리 이별만은 미룰 수 있게  그대 눈에서 떠나도 가슴이 사랑하죠 만날 수 없어도 추억만은 지킬테니까  오늘만은 오지 말아요
2004.05.09~05.15,20,510420,두 번 헤어지는 일,신승훈,Ninth Replay,2004.02.03,Ballad,신승훈,이제야 그댈 보내주나요 오래전에 이별이었지만
2004.05.09~05.15,21,519169,보이지 않는 인사,강성훈,Everlasting,2004.03.25,Ballad,이경,이제야 울어요 아파서 우네요 떠나가는 그댈 보며 보이지 않는 인사 전해요 고운 그대 얼굴 바라보며 한없이 초라한 날 감추네요 약속 할래요 행복할거라 울지도 않을 거라 믿어요 사랑해서 기쁜 것은 함께 있는 그 순간 뿐이라는걸 보는것들 조차 힘겨워질땐 이별은 이미 시작된거죠 사랑해줘 고마워요 그걸 너무나도 잘 알기에 잘가라는 인사조차도 보이지 않게 하네요  그대 행복찾길 잘했네요 그 사랑 보면서 또 인정 하죠 내 옆에선 늘 울던 그대가 미소가 그리 아름다울줄.... 사랑해서 기쁜 것은 함께 있는 그 순간 뿐이라는걸 보는것들 조차 힘겨워질땐 이별은 이미 시작된거죠 사랑해줘 고마워요 그걸 너무나도 잘 알기에 보고픈 만큼 행복을 빌게요 그게 내 맘 이니까 사랑해줘 고마워요 한순간도 잊은적 없기에 그대 앞에서 고인 눈물까지 보이지 않게 하네요 그게 내 마음이니까
2004.05.09~05.15,22,497095,그게 정말이니?,장나라,장나라 세번째 이야기,2003.12.03,Ballad,"진영진,신성호",후회는 없을거라고 그만큼  사랑했다고 지금 흔들리는 목소리로 이별을 얘기하는거니 사랑한 순간이야 그래 나도  기억하니까 니 말대로 후회는 없을꺼야 잊을순 없겠지만 그게 정말이니 너 돌아서는 모습이 정말 마지막이니 아무말 없이 너를 보내고 난 뒤에 후회하면 어떡하니 어쩌면 너의 말처럼 조금씩  잊혀진대도 아직까지는 나 단 하루도  너 없인 안되는데 그게 정말이니 너 돌아서는 모습이 정말 마지막이니 아무말 없이 너를 보내고  난 뒤에 후회하면 어떡하니 지금이라도 널 품에 안고 괜찮아 하면 돌아올꺼니 지나간 날에 이쁜추억 하나로 이렇게 너 남는거니 이렇게 멀어져 가는 그대 그저 힘없이 바라볼 뿐 소리쳐 불러봐도 잡을수 없기에 이건 안 된다고 가지 말라고 제발 내곁에 있어 달라고 마음속으로 너를 한없이 불러도 아무 소용 없겠지만 자꾸 돌아보며 머뭇거리는 저 멀리 니 모습 때문에 너로 인해서 행복했던 나란걸 지금에야 알게 됐어 이렇게
2004.05.09~05.15,23,488131,맹세,렉시,Lexury,2003.10.07,Rap / Hip-hop,최갑원,언제나 너와 다르지  그래 나 네가 지겹지  좀 더 얘기할게 오늘로  너랑은 끝낼거야   그렇게 놀라지는 마  이렇게 웃는 나를 봐  손을모아 꼽아 세보면  너 말고도 남자는 많아   내 맘대로 골라 잡아  남자들은 그걸 몰라  오늘 밤도 누군가를 만나  이런 내가 낯설지 않아   매일 밤을 나는 그래  항상 다른 남자 몰래  지겨워진 그 사랑의 맹세  내 귓가에 속삭여 주네   괜찮아 쉽게 잊혀져  걱정마 다들 그랬어  너도 돌아서면 오늘로  나랑은 끝낼 거야   지금은 힘이 들겠지  내일은 그냥 웃겠지  너는 언제 그랬냐는 듯  꼭 나처럼 하게 되겠지   네 맘대로 골라잡아  여자들은 그걸 몰라  내일 밤에 누군가를 만나  그럴 네가 낯설지 않아   매일 밤을 너도 그래  항상 다른 여자 몰래  지겨워진 그 사랑의 맹세  또 귓가에 속삭여 줘봐   내 곁엔 항상 내일은 없어  내게 하루에 언제나 하나면 충분하잖아  이제 나 너를 보내야만 해  다시 남자들에게 나를 줘야해   오 날 그렇게 봤어  너그럽게 빠져 줄 거라고 그러게 날 첨부터 조심하라 했어  날 내쳐버린 지금 나  네 사랑에서 난생 첨 희열을 봐   얼음 같은 너를 다시 또 사랑하게 됐네  이게 내 사랑이라 말할까 말까 하다  날 알아줬어 고마워서 눈물이나 벌써   내 맘대로 골라 잡아  남자들은 그걸 몰라  오늘 밤도 누군가를 만나  이런 내가 낯설지 않아   매일 밤을 나는 그래  항상 다른 남자 몰래  지겨워진 그 사랑의 맹세  내 귓가에 속삭여 주네 -
2004.05.09~05.15,24,492857,다 괜찮아요,리사,Finally,2003.11.04,R&B / Soul,,난 다 알고있는 걸요 그대 삶 속에 함께 있던 난데 누굴 만나고 또 얼마나 가끔 웃고있는지 늘 보고있는 것처럼 모두 다 느끼죠 다 알아요 아파했던걸 그대 곁에서 날 떼어내는 일이 그대만 믿고 있던 그대만 알고 있던 나를 보면 꺼내기까지 힘들었죠 헤어지자는 그 얘기 참 다행스럽죠 우리 헤어지고도 미운 맘없이 늘 걱정뿐이니 항상 고마운걸요 기억 속에 이렇게 곱게 남아준 그대가 있어서 늘 그대가 보고싶었죠 하루종일을 그대 생각에 쓰고 듣고 싶은 목소리 기억하려 한참 애써보지만 꿈에도 그댄 안보이죠 잘 지내고 있는거죠 늘 괜찮았어요 지난 우리 사랑은 매일 처음처럼 보고싶으니 항상 미안했어요 한번 뿐인 그 사랑 마지막까지 지키지 못해서 깨어나는 일이 두려운 아침에는 눈을 감고 그대 얼굴만 떠올리곤 하죠 내가 그댈 잊지 않고 사는 한 늘 우리 사랑은 그대로죠 난 다 괜찮아요 그대 없는 오늘도 미운 맘 없이 늘 걱정스러울 뿐인걸요 고마워요 기억 안에 이렇게 곱게 남아준 그대가 있어서 난 언제나 괜찮아요
2004.05.09~05.15,25,521717,어떡해,쿨(COOL),Cool Best,2004.04.19,Dance,박해운,어떡해 어떡해 어떡해 날.. 어떡해 우-  어떡해 그녀 나를 떠나간데  지금껏 나를 사랑만 했는데  항상 내게 이 세상을 늘 사랑할 수 있는  그 소중한 이유를 가르쳐 줬는데   어떡해 어떻게 그녈 보내  까맣게 내 맘 다 타버릴텐데  하얗게 내 앞에 남은 밤을  눈물로 지샐텐데(못 잊을텐데)   사랑해 미안해 그 어떤말도  잡을 수 없기에 삼킬 수 밖에  지금껏 그녀가 내게 말한 모든 것은  다 지켰었기에   어떡해 어떡해 어떡해 날.. 어떡해 우-   언제나 웃음만을 보여주던  그녀가 끝내 울고야 말았지  항상 내게 현실 너머 큰 꿈을 알게 해준  그런 사랑은 세상에 단 하나 뿐인데   어떡해 어떻게 그녈 보내  까맣게 내 맘 다 타버릴텐데  하얗게 내 앞에 남은 이 밤을  눈물로 지샐텐데(잠 못들텐데 )   내가 널 떠나도 혼자 잘 지내죠  널 걱정하지 않도록  (힘들텐데)어떡해 어떡해 널 떠나야해  이렇게 여린 너를 남겨준채  어떡해 어떡해 난 떠나야해  그렇게 보낸 내맘 힘들텐데   사랑해 미안해 그 어떤 말도  잡을수 없기에 삼킬수 밖에  지금껏 그녀가 내게 말한  모든것을 다 지켰었기에 -
2004.05.09~05.15,26,513760,Eros,엄정화,Self Control,2004.02.17,Dance,,"Senor, siente me mucho mi nueva figura Hombre, divierte mi cambiada corazon  나의 두 눈에 맘껏 취해봐 나의 입술에 좀더 다가와 나의 닫혀진 마음속에 누구라도 담고싶어 어떤 무엇도 내게 묻지마 오늘 이 밤은 내 멋대로야 혹시 사랑이 아니라도 나를 용서 할 수 있어 더 이상 눈물은 없어 그렇게 아프긴 싫어 그 헛된 어제 일로 나를 버릴순 없어 나 홀로 아파 우는 밤 넌 다시 아무일 없듯 어딘가 술 한잔에 나를 대신하겠지 닫혀진 옷장안에 그동안 숨겨왔던 니가 정말 싫어하던 그 옷을 꺼내 입었어 더 진한 립스틱에 더 높은 하이힐로 나만의 멋에 취해 모두 유혹하고 싶어 who's gonna take me away 나의 두 눈에 맘껏 취해봐 나의 입술에 좀더 다가와 나의 닫혀진 마음속에 누구라도 담고싶어 어떤 무엇도 내게 묻지마 오늘 이 밤은 내 멋대로야 혹시 사랑이 아니라도 나를 용서 할 수 있어 또 다시 나를 찾아와 아무리 애원해봐도 어차피 늦은거야 예전의 내가 아냐 그토록 짧은 인연에 이토록 아파했는지 이제는 후회뿐인 어리석은 인연뿐 멀어진 친구들도 날 반겨 위로하고 다시는 너무 쉽게 사랑하지 말라고 해 이 넓은 세상안에 인연은 또 있겠지 더 멋진 날 만들어 다른 사랑 찾는거야 who's gonna show me the away 나의 두 눈에 맘껏 취해봐 나의 입술에 좀더 다가와 나의 닫혀진 마음속에 누구라도 담고싶어 어떤 무엇도 내게 묻지마 오늘 이 밤은 내 멋대로야 혹시 사랑이 아니라도 나를 용서 할 수가 있어  Show me, don't close me, right on time I flow G, rhyme on top and grab `em a stake, now baby phone me, everytime I flow on a track and lady slowly I'll be back home in a sec, and `til I rep baby on 이런 나의 모습도 아픔 달랠수 없어 아니라고 해도 더욱 붉어지는 나의 두 눈가엔 눈물만이 who's gonna take me away 나의 두 눈에 맘껏 취해봐 나의 입술에 좀더 다가와 나의 닫혀진 마음속에 누구라도 담고싶어 어떤 무엇도 내게 묻지마 오늘 이 밤은 내 멋대로야 혹시 사랑이 아니라도 나를 용서 할 수가 있어 나의 두 눈에 맘껏 취해봐 나의 입술에 좀더 다가와 나의 닫혀진 마음속에 누구라도 담고싶어 어떤 무엇도 내게 묻지마 오늘 이 밤은 내 멋대로야 혹시 사랑이 아니라도 나를 용서 할 수 있어"
2004.05.09~05.15,27,1944403,죽을만큼 사랑했어요,SG워너비,Sg Wanna Be+,2004.01.20,Ballad,이경섭,그렇게도 미웠나요 모든걸 버릴만큼 그랬나요 어떡해야 하나요 쉽게 지울 수가 없는데 그댈 그토록 힘들게 했던  내 습관들 차라리 내가 그대 기억까지 갖고 산다면 그럴 수 있다면 나 용서 될텐데 그댄 잊고 살 수 있나요 정말 그래 줄 수 있나요 내게 받은 상철 전부 버릴 수 있나요 조금이라도 그대 편히 떠나실 수 있다면 무슨 일이라도 난 해야만 할텐데 떠나나요 이대로 정말 보내야 하나요 이별은 잔인하게 그댈 잊으라 하는데 부족했던 내 사랑이 자꾸 맘에 걸려서 이렇게 나 더 힘들어 지네요 미안해요 참 내가 어리석었죠 힘들어 하던 그댈 보며 한마디 다정한 위로도  못해줬네요 그랬던 내가 지금 너무 큰 욕심 부리나요 울며 매달리면 못이긴 척  돌아 오라고 꿈인가요 이렇게 정말 떠나실 건가요 후회는 바보처럼 그댈 잡으라 하는데 부족했던 내 사랑이 자꾸 맘에 걸려서 이렇게 나 더 힘들어 지네요 죽을만큼 그만큼 그댈 사랑 했어요 이제 와서야 그걸 깨달아요 이제서야
2004.05.09~05.15,28,494205,나는,거북이,Turtles 2집,2003.11.13,Rap / Hip-hop,Turtleman,하루에 거울에 내얼굴 바라보기에 슬프게 기쁘게 몇가지 표정지어봐도 웃는나 우는나 화내는 표정지으나 감출수 없는걸 언제나 나는 나니까 나는 노래할래요 모든사람들에게 이세상이 너무 넓어서 내말 들어줄까요 저기서 여기까지 오늘날까지 먼 훗날까지 그날까지 풀 수 없는 몇가지 살아오며 겪어왔던 수많은 경험까지 내인생의 얽혀버린 수많은 인맥가지 우~하~ 그누구도 함부로 단정질 수 없는 일 나의 길 내가 누구이길 바래 세상에 하나뿐인 나는 나일뿐 내게 짧지 않은 5년이란 시간이란 내 몸속 저 깊은 곳에서 절규하듯 울려퍼지던 쇳소리가 한 움큼의 욕망으로 끓어올라 목놓아 토해내던 나의 노래 그 노래에 담겨진 달궈진 얼굴의 뒷 표정 표범의 모습 가진 포만감 느끼 듯 맹수와 같은 맘으로 노래해 나는 춤추고싶어 모든 사람들앞에서 이세상이 너무 넓어서 나를 바라볼까요. 내가 모자라서 아무것도 해낼수 없었던 내가 힘이없어 뺏길 수밖에 없었던 내 소중했던 또 귀중했던 인생이란 이름아래 값진 경험 나는 뜨고지는 해와달을 바라봐요 나는 피고지는 꽃송이를 바라봐요 나는 지나가는 사람들을 쳐다봐요 그속에 나는 그무엇으로 존재하나 고운 목소리로 목청을 높여 높이 비상 하는 그들의 비상구가 되어버린 구리빛의 구름 사이로 내게로 오라고 손짓하는 볕으로 한껏 따스히 비춰주네 세상의 한 컷이 되라하네 맘껏 날개를 펼쳐 내 모둘 바쳐 내 길을 가네 나는 나는 나누고싶어 모든 사람들속에 이세상이 너무 넓어서 나를 받아줄까요.  하루에 거울에 내얼굴 바라보기에 슬프게 기쁘게 몇가지 표정지어봐도 웃는나 우는나 화내는 표정지으나 감출수 없는걸 언제나 나는 나니까 Stop it That's no funny 너 아무것도 모르면서 어딜 그리 보니 앞만보니 아니면 뒤를 가끔 돌아보니 인생의 허무함도 가끔 느껴 보니 who am I 난 누구일까 눈에만 겉으로 비치는것과 다른 나의 마인드 끝까지 풀수 없는 나의 의미 또다시 Feel me 어디로 가고있나 my head is kill me 나는 노래할래요 모든사람들에게 이세상이 너무 넓어서 내말 들어줄까요
2004.05.09~05.15,29,523766,가슴에 지는 태양,김범수,The 4th Episode,2004.04.30,Ballad,윤사라,나의 눈이 멀 것 같아 숨이 멎을 것만 같아 다시 너를 바라볼 수 없는 거라면 살아야 할 이유조차 잃어버린 난 이미 죽은 것과 같을테니까  왜 그땐 몰랐을까 어떻게 사랑해야 하는지 널 갖고 싶어 안으려 애를 써봐도 왜 넌 멀어져만 가는지 나의 꿈속에 너는 언제나  찢겨진 날개와 눈물에 얼룩져 있어  나는 눈이 멀 것 같아 숨이 멎을 것만 같아 다시 너를 느낄 수가 없는 거라면 살아야 할 이유조차 잃어버린 난 이미 죽은 것과 같을테니까 워-  나의 꿈속에 너는 언제나 두 손을 잡으면 닿을 듯 사라져 가지  내겐 시간마저 멈춰 태양마저 빛을 감춰 다시 너를 만질 수도 없는 거라면 니가 있어 눈부시던 나의 세상도 아무 의미조차 없을테니까 워-  다시 한번만 단 한번만 더 기회를 줘 아프지 않게 누구보다 더 행복하게 워-  너를 위해 웃고 싶어 너를 위해 울고 싶어 내 모든 걸 주고 싶은 오직 한 사람 이제서야 너의 맘을 알게 됐는데 떠나지마 다시 돌아와 내게 내게 내게 -
2004.05.09~05.15,30,499072,아프고 화나고 미안해,하은,Finding Love,2003.12.05,Ballad,"심현보,하은",왜 이렇게 아무 말이 없니 괜찮은 거니
2004.05.09~05.15,31,509825,헬스 클럽 아가씨,박상민,Sunflower,2004.01.27,Dance,싸이(PSY),오늘 아주 오랜만에 헬스 클럽으로 향해 런님머신에 올라 내 모습 아주 폼나 정신없이 뛰기 시작했어 그러다가 너를 발견했어 핫팬츠에 아가씨 긴생머리 질끈 묶고  빨간입술 꽉 깨물고 아령을 올릴때마다 아주 감동에 바다 이어폰으로 노랠 들으며 콧노래를 불르며 운동하는 아가씨 Lady 역시 그 누구와도 달라 Lady 젖었구나 숨이 가빠 Lady oh my baby 미칠것만 같아 헬스 클럽 아가씨  그녀가 빨리 뛰네 내 가슴도 빨리 뛰네 수많은 사람들 속에  섹시한 너의 모습 아주 튀네  그녀가 빨리 뛰네 내 가슴도 빨리 뛰네 땀 방울과 샴푸가 섞여  아찔한 꽃이 피네 탄력있는 그대여 힘들면은 쉬세요 땀나면은 식히고 목타면 물 들으키고 그대에 수건이고 싶어  그대에 물이고 싶어 알고 싶은 아가씨 Lady 역시 그 누구와도 달라 Lady 젖었구나 숨이 가빠 Lady oh my baby 미칠것만 같아 헬스 클럽 아가씨  그녀가 빨리 뛰네 내 가슴도 빨리 뛰네 수많은 사람들 속에  섹시한 너의 모습 아주 튀네  그녀가 빨리 뛰네 내 가슴도 빨리 뛰네 땀 방울과 샴푸가 섞여 아찔한 꽃이 피네 Lady 역시 그 누구와도 달라 Lady 젖었구나 숨이 가빠 Lady oh my baby 미칠것만 같아 헬스 클럽 아가씨  아가씨
2004.05.09~05.15,32,2101367,그런가 봐요...,V.One,2004 History Will Begine...,2003.01.19,Ballad,이희승,고맙다는 그 말 잘 못하는 사람 미안할 땐 괜히 더 화내는 사람 통화하다 먼저 끊는 사람 지난 사랑 얘길 늘 하는 사람 미리 해둔 약속 잘 어기는 사람 했던 얘기를 또 물어보는 사람 괜찮다고 걱정 말라하면 그 말 믿는 사람 그게 나래요 그녀가 말했죠 여자를 떠나게 만드는 남자들을 아냐고 그 이유 다 갖춘사람 오 다 나래요 그래서 날 떠나갔죠 그녀는 모르죠 나 얼마나 그녈 많이 사랑한지 그녈 위해선 아마 더한 버릇도 내가 다 고쳤을 텐데 그녀는 모르죠 내 모자란 자존심에 말 못했던 수많은 얘기 눈으로만 말한 걸 아마 듣지도 못하고 가나봐요  말하지 않아도 내 맘 아는 사람 약속에 늦어도 웃어주던 사람 작은 선물 뜻 없이 건네도 좋아하던 사람 그게 그녀죠 그녀는 말했죠 이별한 후에 더 차가운 여자 맘을 아냐고 만날 때 후회 없었던 오 그 이유라 미련조차 없다했죠 그녀가 떠났죠 이렇게 날 미련 속에 남겨두고 미안한 일이 너무 나도 많아서 후회뿐인 나를 두고 그녀는 떠났죠 다른 사랑 이래서는 안 된다며 내 마지막은 그녀였단 얘기를 끝내 듣고도 모른체 가나봐요  그녀는 모르죠 나 얼마나 그녈 많이 사랑한지 그녈 위해선 아마 더한 버릇도 내가 다 고쳤을 텐데 그녀는 모르죠 내 모자란 자존심에 말 못했던 수많은 얘기 눈으로만 말한 걸 아마 듣지도 못하고 가나봐요 나의 사랑이 날 두고 떠나가요
2004.05.09~05.15,33,496573,사진을 보다가,바이브,Do U Remember,2003.11.28,R&B / Soul,"류재현,노블레스",사진을 보다가 한쪽을 찢었어  지금 우리처럼 한쪽을 찢었어  난 남자답게 그렇게 널  잊고 싶어서  사진을 찢어버렸어  편지를 보다가 반쪽을 찢었어  거울을 보다가 눈물이 비쳐서  한참을 울었어 난 눈물로  널 잊고 싶어서  그래 잊고 싶어서 편지를 찢었어  혼자서도 잘 해낼거라고  난 너 없이도 잘 해낼 수  있을거라고  만약 니가 딴사람 만나면  행복을 빌어줄 거라고  난 너 없이도 잘 해낼거라고  난 습관처럼 눈물 흘리진  않는다고  내 손 위에 찢겨진  두 장 중에 한 장을 태웠어  사진을 보다가  난 가끔 울 것만 같아  난 지금 울 것만 같아  난 조금 알 것도 같아  이런게 이별이란걸  내 지갑속엔 지금도  버리지 못한 찢겨진 네 사진  한장 또 한장 빛바랜 추억 한장  아직도 버리지 못한  반지 또 편지  가끔은 네 생각에 지쳐  사랑을 하다가 반쪽을 잃었어  사랑을 하다가 나 혼자 남았어  한참을 울었어 난 눈물로  널 잊고 싶어서  그래 잊고 싶어서  편지를 찢었어  혼자서도 잘 해낼거라고  난 너 없이도 잘 해낼 수  있을거라고  만약 니가 딴사람 만나면  행복을 빌어줄 거라고  난 너 없이도 잘 해낼거라고  난 습관처럼 눈물 흘리진  않는다고  내 손 위에 찢겨진 두 장 중에  한 장을 태웠어  사진을 보다가  혼자서도 잘 해낼거라고  난 너 없이도 잘 해낼 수  있을거라고  만약 니가 딴사람 만나면  행복을 빌어줄 거라고  이젠 나 너 없이도 잘해낼 거라고  난 습관처럼 눈물 흘리진  않는다고  이렇게 다짐하지만 잠시  나도 모르게  어느새 널 기다려  항상 웃고 있는 너의  사진을 보다가
2004.05.09~05.15,34,511800,갈색머리,윤건,갈색머리,2004.02.09,R&B / Soul,한경혜,내가 버린 그녀가 이 노랠 들으면 흩어진 갈색머리 바람에 젖어 날 생각할까  그녀를 생각하면 이 노랠 부르면 사랑을 이별로 갚은 어리석은 날 미워할까 내가 버린거라 믿는지 넌 아직 모르고 내 맘 속 널 보내는 슬픔은 아무도 몰라주고 단 한번 사랑했던 너의 갈색 향기 아직도 다른 사람은  꿈도 못 꾸는 나를 아니 11월 초겨울에 그리움 묻어와 갈색실 스웨터 보면  걸음 멈추는 나를 아니 내가 버린거라 믿는지  넌 아직 모르고 내 맘 속 널 보내는 슬픔은  아무도 몰라주고 내가 보낸 이율 아는지  다 알고 있는지 내가 버려진 눈물 속에서  지내온걸 아는지 I can wait for you 내가 버린거라 믿는지  넌 아직 모르고 내 맘 속 널 보내는 슬픔은  아무도 몰라주고 내가 보낸 이율 아는지  다 알고 있는지 내가 버려진 눈물 속에서  지내온걸 아는지
2004.05.09~05.15,35,505518,천사,서영은,Gift,2004.01.06,Ballad,"우지민,류시아",이젠 더이상  날 잡지 않겠다는 낮은 목소리  이렇게 날 울게할 줄 몰랐어  그 누구도 모르게 스민 그대향기가 더 내 안에 가득 고여  아무도 들어올 수 없는걸  사랑하는 방법 하나  알지 못한채로 그대 그 뜨겁게 많은 그 눈빛에  나 굳어져 갔나봐  나 이제 천사가 될거야 그대의 맘을 날아다닐거야 수줍던 날들을 버리고서 아주 조금씩 하나가 될거야  나 이제 사랑을 할거야 그대의 마음을 다 가질거야 그 안에 머물다 잠든채로 그대와 하나가 될거야 영원히~   이렇게 머물다가  하나가 되면 울어도 좋을거야 난 그대 안에 항상 있으니까  나 이제 천사가 될거야 그대의 맘을 날아다닐거야 수줍던 날들을 버리고서 아주 조금씩 하나가 될거야  나 이제 사랑을 할거야 그대의 마음을 다 가질거야 그 안에 머물다 잠든채로 그대와 하나가 될거야  나 이제 천사가 될거야 그대만 아는 날갤 가질거야 그대를 외면한 날들보다 더 많이 사랑해 줄거야  나나나나라라나라라라~ 나라나나나나나라라라~  그 안에 머물다 잠들거야 하나가 될꺼야~
2004.05.09~05.15,36,520346,침묵,스위트피,하늘에 피는 꽃(Including ‘달에서의 9년‘),2004.04.06,Rock,스위트피,바람결에 실려 나직이 들리는 종소리 찬 바람이 불어 유난히 추웠던 그 겨울 떠나 보낼 수 밖에 없던 아무것도 할 수 없었던 날들 하늘이 한 순간 검은 구름으로 뒤덮혀 그 빛은 잠시 흔들린 후에야 사라져 달마저 저 버린 세상에 이렇게 텅 빈 채로 나 홀로 남아 무거운 침묵 속으로 빠져들어 꿈에서 깨어나도 그대로인걸 슬픔에 잠긴 채 끊임없는 고통에 전율 견딜 수 없었던 참을 수 없었던 그리움 떠나 보낼 수 밖에 없던 아무것도 할 수 없었던 그저 지켜 볼 수 밖에 없었던 나는 한참을 울다 지쳐 잠이 들었어 지독한 악몽일 거라 생각했어 하지만 꼭 기억하고 있을게요 내게 남겨진 당신의 그 마음을
2004.05.09~05.15,37,496378,Cry,원타임,Once N 4 All,2003.11.26,Rap / Hip-hop,,오늘따라 왜 이리도 울적할까 내 슬픈마음 그 누가 알아줄까 오늘따라 왜 이리도 힘이들까 이 아픈마음 그 누가 알아줄까 Verse 1)새벽 한시반 술에 만취한 비는 내리고 잠도 오지 않는 밤 지치고 멍든 때때로 아픈 가슴속 고스란히 간직한 기억들을 되새기려 애쓰지만 이젠 먼지쌓인 추억 뿐 나를 떠난 그리운 웃음의 흔적뿐 나오는건 기나긴 이 한숨뿐 모든게 영원할꺼라 믿었던 그땐 바보같았지만 하나둘씩 그렇게 떠나갔지 다 붙잡지 않았지만 널 잊고 싶었지만 홀로 남은 이순간 니가 그리워 난 c'mon Hook)울고 싶어라 울고싶어라 이마음 사랑은 가고 친구도 가고 모두가 Verse 2)날 상처투성이로 만들고 떠난 날 바보멍청이로 만들고 떠난 지난 여자친구 결혼한단 얘기에 태연한척하며 혼자 가슴아파했지 요즘 여자들은 남자를 원치않지 단지 많은 돈과 빠른차를 갖고 싶어만 하지 그래서 남자들은 돈을 벌려하지 많이 마치 사랑을 살수 있을것만 같이 나이가 들면 들수록 하나둘씩 멀어지는 친구들 어쩌다 마주쳐도 어색해진 모습뿐 니가 변한건지 내가 나도 모르게 시간속에서 서서히 변해가는 건지 Hook)울고 싶어라 울고싶어라 이마음 사랑은 가고 친구도 가고 모두가 Bridge)떠나가면 알거야 아마 알꺼야 떠나가면 알거야 아마 알꺼야 Verse 3)하루하루 살아가는 나의 Life Story 왜 이리도 산다는게 힘겨운 거니 저하늘도 가끔은 나만큼 슬픈지 지금 이노래를 듣고 있는 넌 어떠니 웃어야지 웃어야지 하면서 어색한 눈물이 흘러내려 그래도 웃어야지 참을 수 없이 목이 메여와 가슴이 아파와 울고싶어라 Hook)울고 싶어라 울고싶어라 이마음 사랑은 가고 친구도 가고 모두가 Semi-Hook)오늘따라 왜 이리도 울적할까 내 슬픈마음 그 누가 알아줄까 오늘따라 왜 이리도 힘이들까 이 아픈마음 그 누가 알아줄까
2004.05.09~05.15,38,490202,너를 원해,H,잊었니,2003.10.17,R&B / Soul,이강희,가슴으로 느껴지기에 더욱 더 간절해지는 너라는걸  your in my heart your in my mind  나를 보는 너의 눈빛 그 속에서 너를 찾는 내가 보여  I wanna be with u baby i wanna be with u  표현할 수 없는걸 가슴속 설레이는 말들  I wanna be with u baby i wanna be with u  두눈을 닫아도 남아있는 너의 모습  너를 얻을 수만 있다면 내가 가질 수만 있다면 그걸 원해 난 그걸 원해 너를 느낄수만 있다면 내가 가진 무엇보다도 너를 원해 난 너를 원해 힘든 일상에 지친 내게 위로가 되줘  햇살보다 더환한 너의 미소가 어둠속에 길을 잃으면  항상 빛이 되어주는 존재 그게 너란 걸  널 보고 있으면 너만 보고 있으면 너의 눈속에 날 담아 두고싶고  널 보고있으면 너만 보고있으면 시간이 멈춰진 세상을 꿈꾸게돼  너를 얻을 수만 있다면 내가 가질 수만 있다면 그걸 원해 난 그걸 원해 너를 느낄수만 있다면 내가 가진 무엇보다도 너를 원해 난 너를 원해 원해 나를 향한 너의 미소 원해 나를 보는 너의 눈빛을  next to me by my side don't u know we can make it right  널 얻을 수 있다면 널 느낄 수 있다면  원해 i wanna be your man baby yeah~  I wanna be with u baby I wanna be with u  너만 나의 사랑 원하고 있다면  I wanna be with u baby ooh ~ oooh ~ yeah ~  너를 얻을 수만 있다면 내가 가질 수만 있다면 그걸 원해 난 그걸 원해 너를 느낄수만 있다면 내가 가진 무엇보다도 너를 원해 난 너를 원해  너를 얻을 수만 있다면 내가 가질 수만 있다면 그걸 원해 난 그걸 원해 너를 느낄 수만 있다면 내가 가진 무엇보다도 너를 원해 영원히 난 너만을  너를 얻을 수만 있다면 내가 가질 수만 있다면 그걸 원해  너를 가질수만 있다면 와줄수만 있다면  내가 가질수만 있다면 내가 가진 무엇보다도 너를 원해
2004.05.09~05.15,39,494792,정상을 향한 독주 2 (Feat. 김범수),주석,Superior Vol. 1 This Iz My Life,2003.11.19,Rap / Hip-hop,"주석,이의현",끝없는 설레임을 넘어  (기나긴 여행 중에 좌절도 맛본)  내가 여기까지 왔음에  (하지만 오래전에 I told ya it's ma turn)  오직 영원함으로만 가질 수 있는 그 이름  이제 그 이름을 나에게(It's my turn)   I live my life 의심 마라  한 치의 부끄럼도 없어 Believe my rhymes  힙합 언제나 She's my wife  영원히 변함없어 그녀에 대한 사랑  최고로 값진 건 항상 가까이에  최고로 값진 널 항상 내 자리에 두고 싶어  누구와도 바꿀 수 없어 You're the only one  인생을 흔들어 놓은 유일한 너    이제 널 데려갈게 저 높은 정상으로  그런 내 마음이 모두에게  제대로 전달되도록  맨날 그토록 잠만 설치고  밤낮으로 기도만 했어  엎치락 뒤치락 이제 그만  어찌나 빛이 나는지 확인 하고파  내 힘으로 끝까지 올라가  그 까짓 정상보다 훨씬 더 높은 곳까지    끝없는 설레임을 넘어  (기나긴 여행 중에 좌절도 맛본)  내가 여기까지 왔음에  (하지만 오래전에 I told ya it's ma turn)  오직 영원함으로만 가질 수 있는 그 이름  이제 그 이름을 나에게 (yo- It's my turn)    아름다운 도시여 20년 지기 벗이여  기쁨과 슬픔을 모두 네게 덧씌워  고뇌는 있지만 후회는 없어  아무런 보장은 없지만 희망은 있어  비가 온 후엔 구름이 걷히잖아  마지막 순간에도 무릎을 꿇지 않아  아무리 힘겨워도 두 눈을 감지 않아  계속되는 이 게임의 흐름을 끊지 않아   내 자신이 내게 바라는 끊임없는 재개발화  철 같은 의지는 마치 체계바라  투지를 불태워 더욱 세계 발화(發火)  안되면 될때까지 끝까지 되게하라  3년 전에 이미 내가 뱉은 말  그말이 씨가 되어 comin'soon 해뜰 날  3point shot 길이 보인다  기뻐해라 (I told ya) 내 자신감이 키 포인트다    끊임없이 펀치를 날려  계란으로 바위치기라도  결국 난 성공시켜 꿈을  포기는 금물 이것이 불문율    금지된 이경기에서 필요한것  흔들림 없는 목소리지 작업은 이미완료  높은곳을 향해 전진하는것    아픔마저 삼켜내면서  눈물을 나는 가로질러  상처마저 뛰어넘어서  나는 그대의 것이 되리니   끝없는 설레임을 넘어  (기나긴 여행 중에 좌절도 맛본)  내가 여기까지 왔음에  (하지만 오래전에 I told ya it's ma turn)  오직 영원함으로만 가질 수 있는 그 이름  이제 그 이름을 나에게(It's my turn)    끝없는 설레임을 넘어  (기나긴 여행 중에 좌절도 맛본)  내가 여기까지 왔음에  (하지만 오래전에 I told ya it's ma turn)  오직 영원함으로만 가질 수 있는 그 이름  이제 그 이름을 나에게(It's my turn)
2004.05.09~05.15,40,499229,그대는 눈물겹다,엠씨더맥스,Love Is Time Sixth Sense,2003.12.12,Ballad,양재선,나에게 곧 올거라고 믿고 있었죠  눈물겨운 기다림을 아는지  나처럼 그대도 많이 힘들 거라고  눈물겨운 착각 속에 난 살고  있었죠 오늘까지 내것이었던 그대가 스쳐가요  이름 조차도 부를수가 없었죠  멈춰있던 나를 그대가 보네요  이미 누군가의 그대가 된 듯  괜찮아요 난 그냥 지나치세요  괜찮아요 난 그대 행복 봤으니  잠시 스쳐갔던 그대 모습으로  다시 한동안은 견딜 수 있겠죠  얼마나 스치는 우연 바랬었는데  모른채로 살아가야 하는지  나처럼 아프게 살길 바랬었나 봐  그런 못된 욕심부린 나  이런 아픔만 남았네요 내것이었던 그대가 스쳐가요  이름 조차도 부를수가 없었죠  멈춰있던 나를 그대가 보네요  이미 누군가의 그대가 된 듯  괜찮아요 난 그냥 지나치세요  괜찮아요 난 그대 행복 봤으니  잠시 스쳐갔던 그대 모습으로  다시 한동안은 견딜 수 있겠죠  하늘 마저 내게 말해 주나봐  그댄 이미 행복해져 있다고  너무 익숙한 그 향기가 익숙한  그 표정이  익숙한 그 모든게 멀어져 괜찮아요 난 다시 그댈 보내도  괜찮아요 난 눈물로 또 살아도  나를 잊기위해 누굴 만났다고  그렇게라도 나 살아갈 수 있죠
2004.05.09~05.15,41,1828095,Obsession,문희준,MoonHeeJun Special Album,2008.03.13,Rock,문희준,알 수 없는 뒤틀려진 나의 눈빛에 너를 잃어가고있나 난 미쳐가 너의 심장을 멈춰서라도 내 곁에 둘 거야 너의 향기가 물들어가네 더 이상 나의 모든 맘이 너 없이는 앞이 보이지도 않는걸 알고 있니 넌 모를 거야 답답해 나의 모든 맘이 너 없이는 이젠 난 걷지도 못하는 marathoner 오 나에겐 죽지 않는 Let it go Let it go 나의 인형이 되어주길 바랄게  너의 맘 속엔 나만이 없고 사라지길 바랄뿐야 나의 존재는 두려움과 눈물 더 이상 나의 모든 맘이 너 없이는 앞이 보이지도 않는걸 알고 있니 넌 모를 거야 답답해 나의 모든 맘이 너 없이는 이젠 난 걷지도 못하는 marathoner 오 나에겐 죽지 않는 Let it go Let it go 나의 인형이 되어주길 바랄게 이젠 널 놓아줄게 너의 곁을 나 떠나줄게 울지 말고 두려워마 넌 정말 모르겠니 너의 곁을 나 떠나는게 나에게는 어떤 의민지 두려워
2004.05.09~05.15,42,523088,인연,이승철,불새 OST,2004.04.26,Drama,윤일상,눈을 떠 바라보아요 그댄 정말 가셨나요  단 한번 보내준 그대 눈빛은 날 사랑했나요  또 다른 사랑이 와도 이젠 쉽게 허락되진 않아  견디기 힘들어 운명같은 우연을 기다려요   지워질 수 없는 아픈 기억들  그리워하면서도 미워하면서도 난 널  너무 사랑 했었나봐요 그댈  보고싶은 만큼 후횐 되겠죠   같은 운명처럼 다시 만난다면  서러웠던 눈물이 가슴속에  깊이 남아 있겠죠 우-  날 위해 태어난 사람 그대 이제 떠나줘요  힘들어 지쳤던 그댈 그리워하며 살아가요  지워 질수 없는 아픈 기억들  그리워 하면서도 미워하면서도 그댄  날 사랑할순 없었나봐요 이젠  그저 바라볼수 밖엔 없겠죠 아- 나 살아가는 동안 다시 만난다면  차마 볼수 없음에 힘겨운 눈물을 흘리죠   나는 정말 그댈 사랑해요 -
2004.05.09~05.15,43,485683,황혼의 문턱,왁스,Wax 4,2003.09.18,Rock,최준영,축복 받으면서 세상에 태어나  사랑을 받으며 나 자라왔어  교복을 입던날 친굴 알게됐고  우연히도 사랑이란걸 알게됐어  그렇게 처음 사랑을 하고  그러다 아픈 이별을 하고  맘이 아파 몇날 몇일을 울던 내가  어느새 키큰 어른이 되어  험난한 세상을 겪어보니  산다는게 정말 쉬운게 아니더라  평범한 사람과 사랑하게됐고  눈물 겨웠었던 청혼을받고  결혼식 하던 날 눈물 짓고있는  내 부모님 어느새 많이 늙으셨네  그렇게 나는 결혼을하고  날 닮은 예쁜 아이를 낳고  그 녀석이 벌써 학교에 들어갔네  어느덧 세월은 날 불잡고  황혼의 문턱으로 데려와  옛 추억에 깊은 한숨만 쉬게하네  거울에 비친 내모습 보니 많이도 변했구나  할수 있다면 다시 그때로 돌아가고싶어  그렇게 나는 결혼을 하고  날 닮은 예쁜 아이를 낳고  그 녀석이 벌써 학교에 들어갔네  어느덧 세월은 날붙잡고  황혼의 문턱으로 데려와  옛 추억의 깊은 한숨만 쉬게하네  - 간 주 중 - 어느덧 세월은 날 붙잡고  황혼의 문턱으로 데려와  옛 추억에 깊은 한숨만 쉬게 하네  나 후회는 없어 지금도 행복해  아직도 나에겐 꿈이 있으니까
2004.05.09~05.15,44,490334,One Two Three Four (1234),BMK,No More Music,2003.10.17,Ballad,김희연,아침에 눈을 떠 반쯤 감긴 눈에  커피를 벗삼아 하룰 생각하면  너무 빨리가는 시간이 내겐 야속해  everybody be alright-   시간이 멈춰서 이대로였으면  지나는 시간도 내맘 같았으면  인생의 리허설 이런말은 없을거야    이 도시에 가득한 사람들  무엇을 위해 가고 있는지  누구나 같은 삶의 무게인데  해피한 날 위해 let's go do it now    One two three four  달려가 너의 인생을  Happy happy 믿어봐  너의 미래를  Life is cool up and down  Finally I'll be alright    Uh! are you ready?  One two three to the four  아침에 눈을 뜨는 순간  아직 뭐가 뭔지도 분간 하기도 전에 나를 비추는 햇살이  사랑스런 지난 기억은 모두 잊고  이 노랠 들어 yeah    I'll make you happy  You know my name is 래피  And B to the M K with my back    어쩌다 한번쯤 이곳을 벗어나  술잔을 기울여 날 비춰보지만  고민은 한번에 날려 버리는게 인생  누군가 물었지 내 꿈이 뭐냐고  일상에 길들어 가는 날 바라보며  인생역전이란 꿈을 꾸며 모두 살지    이 도시에 가득한 사람들  무엇을 위해 가고 있는지  누구나 같은 삶의 무게라면  해피한 우릴 보여줘 워- woo-   One two three four 달려가 너의 인생을  Happy happy 불러봐 너의 노래를  Life is cool up and down  Finally I'll be alright  And happy together now   One two three four  달려가 너의 인생을  Happy happy 불러봐 너의 노래를  Life is cool up and down  Finally I'll be alright    (One two three four 달려가) 너의 인생을  (Happy happy 불러봐) 너의 노래를  Up and down be alright-
2004.05.09~05.15,45,485716,정말 사랑했을까,브라운아이드소울,Soul Free,2003.09.17,R&B / Soul,조은희,좋았나봐 널 많이 아꼈나봐 다시 못견디게 아픈걸 보니 가슴에서 자꾸만 열이 나고 널 떠올릴때마다 그리움이 흘러 숨겨봐도 그게 잘 안되나봐 이별 앓고있는 날 다 아는걸 씩씩한척 강한척 하는 내가 웃는 눈빛마저도 우는것  같아 보인대 우리 정말 사랑하긴 했을까 느낄 수가 없잖아 작고 좁은 나의 세상속에  살던 넌  행복하긴 했을까 우리 닮은 지난 추억이  초라한 내 앞이라 더 눈부셔 너 있는 곳 너무 멀어  다가갈 수 없어 헤어져도 보내지 못하나봐 니가 돌아와줄 것만 같아서 시간가면 잊을수 있을꺼란  굳은 다짐해봐도  매일 널 찾아 헤매는데 우리 정말 사랑하긴 했을까 믿을 수가 없잖아 좋은 사람으로 니 가슴에 내 모습  남긴 했을까 니가 곁에 없는 나보다  내가 없는 니가 더 두려워 나를 지우고 쉽게 또 사랑 할까봐 지키지 못할 약속들  그땐 왜 그렇게 많이 했는지 아직도 너를 위해 난 주고  싶은게 많은데 우리 정말 사랑하긴 했을까 느낄 수가 없잖아 작고 좁은 나의 세상속에 살던 넌  행복하긴 했을까 니가 곁에 없는 나보다  내가 없는 니가 더 두려워 니 사랑이 마지막이 될까봐
2004.05.09~05.15,46,505373,연인,김연우,연인,2004.01.06,Ballad,유희열,언제 보여줄꺼야 니가 어딜 볼게 있다고 요즘 매일 듣는 말 친구들 날 놀리는말 내 옷장에 입을 옷이 왜 이리 없나요 거릴 걷다가도 가게 유리에 머릴 쓸어넘기죠 라 모퉁이 뒤에 숨어 멀리 그대오는 길 한참 바라보다 웃음이 나 들킬 뻔했죠 모퉁이 뒤에 숨어 그대 날 찾는 눈빛 너무 행복해서 하마터면 울뻔했죠 촌스러웠었는데 진짜 첨엔 별루였는데 내팔에 매달린 채 날 놀리는그대의 말 내 손위에 적어줬던 그대의 전화번호 몇번을 걸었다 또 끊었다 그날밤 날 봤다면 얼마나 웃을까 모퉁이 뒤에 숨어 멀리 그대오는 길 한참 바라보다 웃음이 나 들킬뻔했죠 모퉁이 뒤에 숨어 그대 날 찾는 눈빛 너무 행복해서 하마터면 울뻔했죠 매일 아침 그대 있음에 나 감사드려요 그댈 닮고 싶은 내 맘 아나요 꿈을 꾸죠 곱게 나이 든 그녀와 그옆에 그대 손 꼭 쥔채로 웃고 있는 나 창밖에 눈이와요 우리 처음 만났던 밤 처럼 하얗게 그대도 보고 있나요 사랑이 내리네요 그대란 사람 내 마음 가득 내려요 보고 싶어요 그대 밤도 아침도 그대 작은 움직임까지
2004.05.09~05.15,47,504324,Thank You,신화,Winter Story,2003.12.30,R&B / Soul,"안영민,이결","Thank you this song is for my friend  in my life 눈물로 얼룩진  세상에 버려진 상처뿐인 방 어두운 기억의 방에서 울고 있는 내게 손 내밀어준  (Just take my hand)  One more time 빛으로 다가와 얼어버린 가슴 다 녹여준 너 내 안에 숨겨져 있던 내 모습  찾을 수 있었어 너로 인해   Thank you for you love  You''re the only one for me 뜨거운 태양보다 따스한 너의 가슴.  잊지 말아 줘 하나라는 이름을  (Promise we''ll be together)  영원까지 기억될 My friend  하나부터 열까지.  머리끝에서부터 발끝까지.  널 본 첨 느낌이 특별해.  모두가 다 변해도 나 안 변해.  손잡아 주먹 꽉 줘.  힘든 일 있으면 같이 해쳐 나가 뭐가 문제야. Everybody wanna know  what the problem here? yeah yeah How could It be.  This is the Destiny.  영원토록 변치 않을 우정.  Can''t you see.  우리 처음 만난 때 기억해.  그때처럼 그렇게 변치 않고,  이렇게 높은 하늘 위로 멀리 날아가.   Thank you for you love  You''re the only one for me 뜨거운 태양보다 따스한 너의 가슴.  잊지 말아 줘 하나라는 이름을  (Promise we''ll be together)  영원까지 기억될 My friend  다 타버린 불꽃처럼 이미 흘러 들어간 내 지난날들. 새롭게 타오르려 너와 나  헤아릴 수 없는 별을 함께 노래하면  약속했던 다짐들.  수없이 많은 시련이 다가와도  우린 하나라고  지쳐 쓰러져도 우린 함께 한다고.  Thank you for you love  You''re the only one for me 흘린 땀 하나되어 더 높이 날아올라 기억해줄래 세상이 준 선물은 (I remember you forever) 영원까지 함께 할 My friend"
2004.05.09~05.15,48,495147,Think About` Chu,아소토유니온,Sound Renovates A Structure,2003.11.18,R&B / Soul,김반장,언제부턴가 많은 말이 왜  우리에게 필요 없었지  수많은 밤을 함께 보낸  우리들에게 다가오는  아름다운 날들  우린 서로 마냥 끌렸지  우린 마치 자석 같았어  아름다운 너의 손을  처음 잡았을 때의 나  느껴지는 너와 나 둘만의 사랑  oh baby yeh oh yeh  ho baby baby baby baby baby  I love you baby baby baby baby yeh  oh yes you are  Think about you Think about you  Think about baby  My baby is you  just you at me tonight oh yeh  그 많은 날을 혼자 있었지 baby  마치 얼음처럼 차가웠던 날들  나를 향한 너의 미소를 느꼈을 때  내 마음은 이미 타오르는 한 여름  서로 미워한 적도 있었지 baby  싸우는지 연애인지 모를 만큼  그 때마다 우린  이 노래를 들으면서  서로의 얼굴 빤히 보며 웃었던  그 기억 여기서 또 한번  너와 나 둘만의 사랑을  느껴지네 느껴지네  오늘 밤 baby  uh baby baby baby baby baby  I love you baby baby baby baby  all light oh baby  Think about you Think about you Think about you baby
2004.05.09~05.15,49,618457,My Love,이현섭,발리에서 생긴 일 OST,2004.02.01,"Drama,Ballad",이희승,난 안되겠니 이생에서 다음 생에선 되겠니  약속한다면 오늘이 끝이라도 두렵지 않겠어 my love  나는 자꾸 지쳐가 너의 등 뒤에서  너는 불러도 다른 곳만 봐 대답이 없어 보내줘야 하는데 나 잘 알고 있는데  나의 마음은 내 것이 아냐   너의 슬픔이 나를 닮아서  그 외로움 알 것 같아서 눈물이 못 오게 꼭 안고 싶었어  왜 몰라주니 넌 내 맘을 아는 나라도 안되니  누군갈 내가 이렇게 간절하게 원한적 없었어   난 안되겠니 이생에서 다음 생에선 되겠니  약속한다면 오늘이 끝이라도 두렵지 않겠어 my love  이런 내 맘 알겠니 너무도 힘들어  너를 위해서 보내주는게 더 나을테지만 모든걸 다 잃어도 난 너만은 지킬께  너와 바꿀 수 없는 이유로  너의 슬픔이 나를 닮아서 그 외로움 알 것 같아서 눈물이 못 오게 꼭 안고 싶었어  왜 몰라주니 넌 내 맘을 아는 나라도 안되니  누군갈 내가 이렇게 간절하게 원한적 없었어  난 안되겠니 이생에서 다음 생에선 되겠니  약속한다면 오늘이 끝이라도 두렵지 않겠어 my love
2004.05.09~05.15,50,496004,비야,M(이민우),Un-Touch-Able,2003.11.22,Dance,,"떠나지 말라고 애원하지않겠어 네게 그런모습 보인적 없잖아 그래도 조금더 있다가라 말했어 곧 이 비가 그치고나면 All day 저 하늘은 All night 하루종일 소리지르며 서럽게 울어 All day, All night My heart 내 진심은 My soul 다 아는데 니가 떠나지못하게 한없이울어 I can't let go 정말 난많이 생각했어 널 잊고 사는건 나자신이없어 I can't I can't let go 정말 날떠나가겠다면이비를맞고가 너를 지울수있게 서로가말없이담담한척했지만 내 가슴은 숨을 쉴 수 조차없어 (정말로) 정말로 (이 비가) 이 비가 멎길 기다리는지 너도 못내 아쉬운건지 All day 나 생각해 All night 나 기도해 비 때문이라고 말을 해도 All day, All night My heart 내가슴은 My soul 내 영혼을 팔아서라도 널 돌릴수만 있다면 I can't let go 정말 난많이 생각했어 널 잊고 사는건 나자신이없어 I can't I can't let go 정말 날떠나가겠다면이비를맞고가 너를 지울수있게 이제 비가 그치고 있어 너는 나를 떠나야하겠지 비야 너는 알잖니 제발 멈추지말아 니가 영원히 떠나가지 못하게 I can't let go 정말 난많이 생각했어 널 잊고 사는건 나자신이없어 I can't I can't let go 정말 날떠나가겠다면 이 비를 맞고가 너를 지울수있게 I can't let go 한번 더 생각해 날 위해 나가지말라고 이렇게 애원해 I can't I can't let go 그래도 떠나가겠다면 내 숨을 멎게해 슬퍼할 수도 없게"
