time,rank,song_id,title,singers,album,date,genre,creator,lyric
2003.10.05~10.11,1,482653,With Me,휘성(Realslow),It`s Real,2003.08.21,R&B / Soul,박경진,This song is dedicated to   all the broken heart   Been there DONE that   Mr Real slow Real slow   R U ready 4 Shock   니 손짓하나 보는 게 난 좋은데  니 목소리를 듣는 것도 좋은데   왜 넌 내 마음은 묻지도 않고   나 니 맘대로 떠나라는지   날 미워해도 사랑할 수 있는데   난 너만 보면 행복할 수 있는데   그런 내 맘까지 아프라는 건지   왜 가기 싫은 날 떠미는지   사랑일거라고 믿고있어   믿고있어   니 맘이 아닌걸 알고 있어   아닌걸   더 많이 사랑할 나 사람   찾아가란 말   아픈 니 맘도 다 알 수 있어   알 수 있어   더 힘들어도 참을 수도 있는데  날 사랑하는 니 마음 보여주면   아직 너를 위해 해두고 싶은   일들이 너무 많이 있는데   사랑일거라고 믿고있어   니 맘이 아닌걸 맘이 아닌걸   알고 있어 난 알고 있는데   더 많이 사랑할 사람 찾아가란 말  아픈 니 맘도 다 알 수 있어   알수 있어   지금 어찌 할 수가 없는   너의 아픔을   니 곁을 지켜주란 하늘의 뜻   그게 내 믿음   내 가슴속 깊은 곳 새겨진   너의 이름   널 가까이서 지켜볼 수   있다는 게 오직 기쁨   나 없이는 하루도 살수   없다는 걸 알어   이제 떠나란 말 그런   말하지 말어   cause U the one   4 me n I the one 4 U   그런 마음 이 세상 그   누구보다 난 잘 알어   사랑이라고만 꼭 믿어줘   꼭 믿어줘   너를 가둬두는 내마음도   Say WE Say WE Say  너만을 사랑할 자신 아직까지 난  너의 사랑만큼 남았다고  사랑일거라고 믿고있어 니 맘이 아닌걸 알고 있어  더 많이 사랑할 사람 찾아가란 말  아픈 니 맘도 다 알 수 있어
2003.10.05~10.11,2,485716,정말 사랑했을까,브라운아이드소울,Soul Free,2003.09.17,R&B / Soul,조은희,좋았나봐 널 많이 아꼈나봐 다시 못견디게 아픈걸 보니 가슴에서 자꾸만 열이 나고 널 떠올릴때마다 그리움이 흘러 숨겨봐도 그게 잘 안되나봐 이별 앓고있는 날 다 아는걸 씩씩한척 강한척 하는 내가 웃는 눈빛마저도 우는것  같아 보인대 우리 정말 사랑하긴 했을까 느낄 수가 없잖아 작고 좁은 나의 세상속에  살던 넌  행복하긴 했을까 우리 닮은 지난 추억이  초라한 내 앞이라 더 눈부셔 너 있는 곳 너무 멀어  다가갈 수 없어 헤어져도 보내지 못하나봐 니가 돌아와줄 것만 같아서 시간가면 잊을수 있을꺼란  굳은 다짐해봐도  매일 널 찾아 헤매는데 우리 정말 사랑하긴 했을까 믿을 수가 없잖아 좋은 사람으로 니 가슴에 내 모습  남긴 했을까 니가 곁에 없는 나보다  내가 없는 니가 더 두려워 나를 지우고 쉽게 또 사랑 할까봐 지키지 못할 약속들  그땐 왜 그렇게 많이 했는지 아직도 너를 위해 난 주고  싶은게 많은데 우리 정말 사랑하긴 했을까 느낄 수가 없잖아 작고 좁은 나의 세상속에 살던 넌  행복하긴 했을까 니가 곁에 없는 나보다  내가 없는 니가 더 두려워 니 사랑이 마지막이 될까봐
2003.10.05~10.11,3,482793,덩그러니,이수영,This Time,2003.08.21,Ballad,윤종신,아쉬운 것 없이 무딘 사람인 척  미련없이 보내놓고  남은 사랑만큼 고통들도  웃음 뒤에 숨겨놓았어  그깟 한 사람따윈 떠난 건  나 사는 동안  가끔 걸리는 한낱 열병일뿐  함께했던 날들도  곧 흉터 하나없이  아무는 가벼운 상처자국이지만  지친 내 하루의 끝에 거울이 비춘  깊이 패인 상처에 난  눈물만 덩그러니  너무 그리워서 몰래 한 번  그 이름 부른 뒤 다시 가리는 얼굴  이별해서 내게 자유로와진 척  이리저리 바빠지고  잊기 힘들어서 아픈 추억들을  농담처럼 늘어놓았지  그깟 한 사람따윈 떠난 건  나 사는 동안  가끔 걸리는 한낱 열병일뿐  함께했던 날들도  곧 흉터 하나 없이  아무는 가벼운 상처자국일뿐  지친 내 하루의 끝에 거울이 비춘  깊이 패인 상처에 난  눈물만 덩그러니  너무 그리워서 몰래 한 번  그 이름 부른 뒤 다시 가리는 얼굴  널 보낼 수 없는 날 알면서 날 믿는다 떠난 너 이제 조금씩 허술해진 가면 흘러내려 흉한 날 보겠지 그때쯤엔 조금이라도 아물어져 있어서 널 보면 숨지 않기를 그때쯤엔 한 번 너의 눈 바라볼 수 있도록 날 알아봐줘 그때쯤엔 두 번 다시는 그 누구에게라도 상처주지 말아줘
2003.10.05~10.11,4,484861,오리 날다 (영화 '권순분여사 납치사건' CF 테마송),체리필터,Third Eye,2003.09.04,Rock,정우진,난나 나나난나 난나나  난나 나나난나 난나나  쭈쭈쭈 쭈쭈쭈 쭈쭈쭈  쭈쭈쭈 쭈쭈쭈 쭈쭈쭈  나는 꿈을 꾸었죠 네모난 달이 떴죠  하늘위로 올라가 달에게 말을했죠  늦은밤 잠에서 깨어 날개를 흔들었죠  오리는 날수없다 엄마에게 혼났죠  이제는 하늘로 날아갈래요  하늘위 떠있는 멋진 달되고 싶어  날아올라 저 하늘 멋진 달이 될래요  깊은밤 하늘에 빛이 되어 춤을 출꺼야 날아올라 밤하늘 가득 안고 싶어요  이렇게 멋진 날개를 펴  꿈을 꾸어요 난 날아올라  쭈쭈쭈 쭈쭈쭈 쭈쭈쭈  쭈쭈쭈 쭈쭈쭈 쭈쭈쭈  나는 꿈을 꾸었죠 달님이 말을 했죠 어서 위로 올라와 나와 함께 놀자고  늦은밤 잠에서 깨어 날개를 흔들었죠  엄마도 날수없다 오늘도 혼이났죠  이제는 하늘로 날아갈래요 하늘위 떠있는 멋진 달되고 싶어  날아올라 저 하늘 멋진 달이 될래요  깊은밤 하늘에 빛이 되어 춤을 출꺼야 날아올라 밤하늘 가득 안고 싶어요  이렇게 멋진 날개를 펴  꿈을 꾸어요 난 날아올라  날아올라 날아올라 저 하늘로  깊은밤 하늘에 빛이 되어 춤을 출꺼야  날아올라 날아올라 날아올라 저 하늘로  이제는 날개를 활짝펴고 날아갈꺼야  날아올라 저 하늘 멋진 달이 될래요  깊은밤 하늘에 빛이 되어 춤을 출꺼야  날아올라 밤하늘 가득 안고 싶어요  이렇게 멋진 날개를 펴  꿈을 꾸어요 난 날아올라  쭈쭈쭈 쭈쭈쭈 쭈쭈쭈 쭈쭈쭈
2003.10.05~10.11,5,2101649,만취 In Melody,은지원,만취 In Hiphop,2003.09.05,Rap / Hip-hop,,오오오오오오 내게 돌아와줘
2003.10.05~10.11,6,481199,10 Minutes,이효리,Stylish...,2003.08.13,Dance,메이비(Maybee),Just One 10 MINUTES  내 것이 되는 시간  순진한 내숭에 속아 우는 남자들  Baby 다른 매력에 흔들리고 있잖아  용기내봐 다가와 날 가질  수도 있잖아  어느 늦은 밤 혼자 들어선 곳  춤추는 사람들 그 속에 그녀와 너  왠지 끌리는 널 갖고 싶어져  그녀가 자릴 비운 그 10분 안에  지루했던 순간이 날 보는  순간 달라졌어  I'm telling you  오래된 연인 그게 아니던  중요한 사실은  넌 내게 더 끌리는 것  I say 너의 그녀는 지금  거울을 보며  붉은색 립스틱 화장을 덧칠하고  Baby 높은 구두에 아파하고  있을걸  나는 달라 그녀와 날 비교하진  말아줘  짧은 순간이 아니라고 했잖아  영화속에 갇힌 우리가 되는 거야  영화속 10분 1년도 지나쳐 어때  겁먹지는 마 너도 날 원해  지루했던 순간이 날 보는 순간  달라졌어  I'm telling you  오래된 연인 그게 아니던  중요한 사실은  넌 내게 더 끌리는 것  Just one 10 MINUTES  내 것이 되는 시간  모든 게 끝난 후 그녀가  오고 있어  Baby 붉은 립스틱  촌스럽기도 하지  내게와봐 이제 넌 날  안아봐도 괜찮아  Don't tell a lie just be  yourself  힘들게 둘러 대지마  널 떠나달라 말을해 have it  your way Bling Bling shine it's right  to come  사랑에 빠진 거라고  거짓을 말할거라면 모두 없던  걸로 해  I say 너의 그녀는 지금  거울을 보며  붉은색 립스틱 화장을 덧칠하고  Baby 높은 구두에 아파하고  있을걸  나는 달라 그녀와 날 비교하진  말아줘  Just one 10 MINUTES  내 것이 되는 시간  순진한 내숭에 속아 우는 남자들  Baby 다른 매력에 흔들리고  있잖아  용기 내봐 다가와 날 가질  수도 있잖아  Just one 10 MINUTES  Just one 10 MINUTES
2003.10.05~10.11,7,485685,관계,왁스,Wax 4,2003.09.18,Ballad,최준영,뭐라고 제발 말 좀 해봐요 왜 내게 미안한건지 어제까지 날 품에 안고서 사랑을 속삭였잖아 사랑에 눈을 뜨게 해놓고 이별을 가르쳐준너 영원하기를 바랬는데  그대를 믿은 내가 바보였어 뜨거웠던 우리 사랑이 부질없는 짓이였었나 내가 사랑했던 그대가 날 아프게 하네 오늘이 마지막이라면 나를 한번 안아주세요 너의 뜨거운 눈빛 너의 떨리는 손길 깊이 간직할거야  사랑이 정말 이런거라면 다시는 하지 않겠어 사랑하는데 왜 헤어져 솔직히 이해할 수가 없어요 뜨거웠던 우리 사랑이 부질없는 짓이였었나 내가 사랑했던 그대가 날 아프게 하네 오늘이 마지막이라면 나를 한번 안아주세요 너에 뜨거운 눈빛 너의 떨리는 손길 깊이 간직할거야 날 여자로 만들어 준 너 그댈 정말 사랑했어요 아마 누굴 만나서 그와 사랑할때도 네가 그리울꺼야 이렇게 밤이 내리는 날엔 그대가 너무 그리워
2003.10.05~10.11,9,420534,체념,빅마마,Like The Bible,2003.02.06,R&B / Soul,이영현,행복했어 너와의 시간들 아마도 너는 힘들었겠지 너의 마음을 몰랐던 건 아니야 나도 느꼈었지만 널 보내는게 널 떠나보내는게 아직은 익숙하지가 않아 그렇게 밖에 할 수 없던 니가 원망스러워 왜 말 안했니 아님 못한거니 조금도 날 생각하지 않았니 좋아한다면 사랑한다면 이렇게 끝낼거면서 왜 그런말을 했니 널 미워해야만 하는 거니 아니면 내 탓을 해야만 하는 거니 시간을 돌릴수만 있다면 다시 예전으로 돌아가고 싶은 마음뿐이야  왜 말 안했니 아님 못한거니 조금도 날 생각하지 않았니 좋아한다면 사랑한다면 이렇게 끝낼거면서 왜 그런말을 했니 널 미워해야만 하는 거니 아니면 내 탓을 해야만 하는 거니 시간을 돌릴수만 있다면 다시 예전으로 돌아가고 싶은 마음뿐이야 그래 더 이상 묻지 않을게 내곁을 떠나고 싶다면 돌아보지 말고 떠나가 눈물은 흘리지 않을게 괜히 마음만 약해지니깐 내게서 멀어진 니 모습이 흐릿하게 보여 눈물이 나나봐 널 많이 그리워할것 같아 참아야만 하겠지 잊혀질 수 있도록 다시 사랑같은거 하지 않을래 내 마지막 사랑은 돌아선 너에게 주고 싶어서  행복하길 바래 나보다 좋은 여자 만나기를
2003.10.05~10.11,10,473438,Missing You,플라이투더스카이,Missing You,2003.07.07,R&B / Soul,박창현,이젠 그대가 아니라고 해도   아니면 날 까맣게 잊었어도   넌 단지 내게 지난 사랑이라도   Tonight is Just One Night   너를 잃기 전처럼   널 다시 갖고 싶은 내 마음은   왜 그렇게 미련스러운건지   네가 없는 나 인정할 수가 없는   Tonight is Just One Night   너를 잃기 전처럼   한번만 내 맘을 들어줘   Every day Every night   I am Missing you   내 곁엔 없어도 이젠   볼수는 없어도   언제나 내 맘엔 똑같은 너인걸   널 다시 갖고 싶은 내 마음은   왜 그렇게 미련스러운건지   네가 없는 날 실감할수가 없는   Tonight is Just One Night   너를 잃기 전처럼   한번만 내 맘을 들어줘   Every day Every night   I am Missing you   내 곁엔 없어도 다신   볼수는 없어도   언제나 내 맘엔 똑같은 너인걸   난 기대하잖아 다시 내게 온다고   언제나 내 맘은 니 안에 갇힌걸  한번만 내 맘을 들어줘  Every day Every night   I am Missing you   내 곁에 없어도 다신   볼수 없어도   언제나 내 맘은 Because   I loving you   한번만 내 맘을 들어줘   Every day Every night   I am Missing you   내 곁에 없어도 없어도 난  다신 볼수 없어도  언제나 내 맘엔 똑같은 너인걸  내겐 너만은 똑같은 너인걸
2003.10.05~10.11,11,480366,다신,이정,Lee Jung,2003.08.05,Dance,오훈,너 밖에 몰라살던 날 기억해  넌 내가 변하니까 넌 몰랐니  거짓된 표정으로 말 하지마  속인 건 너였잖아  어제 난 늦은밤에 전화를 했지  낯설은 남자가 니 전화를 받고  화가 난 목소리로 소리쳤지  누구야 넌 또 누구야  기가 막혀서 oh 아니 웃음이 나서 oh 모두 솔직히 말해봐  네게 속은게 분해  변명 하지마 하지마  니말 듣기가 싫어 no no 네겐 잘된 일이야  이젠 니맘도 편하잖아  다신 날 찾지 말고 떠나  I know ya mind  다신 널 볼 수 없어  내게서 가벼려  다신 거짓된 너의 마음  I wanna know  다신 널 위한 방황 내게는  없을 테니까  왜 가끔 전화해서 귀찮게 해  니 모습 생각조차 하기 싫어  오해는 무슨 오해 다 끝났어  내 주윌 맴 돌지마  넌 내가 필요해서 날 만났고  사랑을 게임으로 즐겼었니  버려진 내모습이 안쓰러워  아직도 게임을 하니  너무 화가나 oh oh 아직 이해가 안돼 ye ye 너를 사랑한 만큼  내겐 미움이 더커  나를 찾지마 찾지마  모두 끝난일이야 모두다  지금 니 곁에 있는 넌  그 사람에게나 잘해줘  다신 날 찾지 말고 떠나  I know ya mind  다신 널 볼 수 없어  내게서 가벼려  다신 거짓된 너의 마음  I wanna know  다신 널 위한 방황  내게는 없을 테니까  다신 날 찾지 말고 떠나  I know ya mind  다신 널 볼 수 없어  내게서 가벼려  다신 거짓된 너의 마음  I wanna know  다신 널 위한 방황  내게는 없을 테니까  다신 날 찾지 말고 떠나  I know ya mind  다신 널 볼 수 없어  내게서 가벼려  다신 거짓된 너의 마음  I wanna know  다신 널 위한 방황  내게는 없을 테니까
2003.10.05~10.11,12,484910,미소,백지영,Smile,2003.09.04,Dance,이상백,네게 너무 쉽게 허락한 입술  먼지처럼 날린 숱한 니 추억들  두 번 다시 되돌릴 수는 없겠지  행복했던 시간 다시 떠올라  돌아서면 니가 자꾸만 생각나  끝낼 추억 자신이 없으니  why you leave why you leave  소리없이 불러도 봤지만  why not me why not me  이젠 모두 바램일 뿐이야  흘러가는 흘러가는 시간에 흘리리  여자라서 슬픈 내 맘을 모르니  돌아오지 않는 그런 사랑은 잊으리  그렇게 싸늘하게 날 놔버리니  What's gonna say 우 네가 내게 가져간건  마지막 남은 사랑이지만 워우예이예 우 내가 너를 몰랐었던 그 전에 미소는 돌려줘  스쳐가는 너의 서투른 몸짓  침묵 속에 잠긴 너의 그 목소리  지쳐버린 표정 어색한 니 눈빛  싸늘하게 식어버린 니 손길  예전같지 않은 차가운 그 느낌  더는 내게 감정이 없으니  why you leave why you leave  소리없이 불러도 봤지만  why not me why not me  이젠 모두 바램일 뿐이야  흘러가는 흘러가는 시간에 흘리리  여자라서 슬픈 내 맘을 모르니  돌아오지 않는 그런 사랑은 잊으리  그렇게 싸늘하게 날 놔버리니  What's gonna say 우 네가 내게 가져간건  마지막 남은 사랑이지만 워우예이예 우 내가 너를 몰랐었던 그 전에 미소는 돌려줘  - 간 주 중 - 네가 내게 남겨준건 사랑이였잖니  가슴 아픈 기억 다 참아 왔잖니  그런 니가 지금 내게 이별을 말하니  도대체 니가 내게준건 뭐였니  흘러가는 흘러가는 시간에 흘리리  흘러가는 흘러가는 사랑은 잊으리  영원히 너란 사랑 찾지 않으리
2003.10.05~10.11,13,486743,I Swear,"S(강타,신혜성,이지훈)",Group`S`1집 - I Swear,2003.09.25,Ballad,,아직 마르지 않는 눈물  내게 유난히 길던 밤들 슬픔이 모두 마르기 전에  기억을 모두 지우기 전에 I swear my everything in my heart 슬픔이 전부라 해도 눈물뿐이라도 I swear my love that you're everlasting 기다림이 전부라도 슬픔뿐이라도 기다려 사랑해 사랑해 just wanna give you my heart 비가 내렸으면 좋겠어  햇살 좋은날엔 니가 더 보고싶어 시간이 빨리 가면 좋겠어  니가 없는 난 하루가 일년 같아 시간이 흘러 널 잊게되면  난 누군갈 또 만나겠지 헤어짐이 슬픈 건  모두 잊겠단 약속인걸 I swear my everything in my heart 슬픔이 전부라 해도 눈물뿐이라도 I swear my love that you're everlasting 기다림이 전부라도 슬픔뿐이라도 기다려 사랑해 사랑해 just wanna give you my heart 좀더 차가웠음 좋겠어  따뜻했던 모습 기억도 나지 않게 니가 죽었으면 좋겠어  작은 희망도 가질 수 가 없도록 사랑이란 걸 너뿐이란 걸  떠난 후에야 알게됐지만 내가 할 수 있는 건  오직 이별 뿐 이라는 걸 사랑이라는 거 이제야 알았어 언제까지라도 기다려 영원히 언제나 I swear my everything in my heart 슬픔이 전부라 해도 눈물뿐이라도 I swear my love that you're everlasting 기다림이 전부라도 슬픔뿐이라도 I swear my Everything in my heart 슬픔이 전부라 해도 눈물뿐이라도 I swear my love that you're everlasting 기다림이 전부라도 슬픔뿐이라도 기다려 사랑해 사랑해 just wanna give you my heart 아직 마르지 않는 눈물
2003.10.05~10.11,14,480998,Without Your Love,JTL,Run Away,2003.08.11,Dance,장우혁,believe it you'd better   believe it   it's without without   your love   아무런 감정은 없어 나   바보처럼 멈춰서   나의 길을 찾으려 자 눈을 감아   왜 내가 그 이상이 될 수 없는지   알 수가 없어 이 현실이   나 여기서 끝내야해  햇님을 담아 별님을 담아   나 상상했던 이상 찾아   believe it you'd better believe it   'cause I found the future  it's sithout it's without your love   무지개 닮아 정말 예뻐  저 하늘의 구름이 되게   you'd bet better believe it  you showed me the furute  it's without without your love   나의 길을 찾으려 애쓰며   달을 내려 별빛을 꺼   무엇이든 상관없어   너로 인해 겪은 모든 것으로 인해   나의 미래를 찾았으니깐   그래 나 그 누구도 탓하지 않아   모든걸 잊고 나아가야 해   너의 사랑 없이 나아가야 해   아무도 필요치 않게   숨조차 참을 수 없게   그 누구도 탓하지 않아   너 생각해봐   그렇지 너 생각이 나질 않겠지  되돌릴수 없단 걸 알지   모든 걸 잊고 시작 해볼래  without your loving   햇님을 담아 별님을 담아   나 상상했던 이상 찾아   believe it you'd better believe it   'cause I found the future  it's sithout it's without your love   무지개 닮아 정말 예뻐  저 하늘의 구름이 되게   you'd betbetter believe it  you showed me the furute  it's without without your love   햇빛을 내려 비가 내리게   깨끗이 잊어버리게   영원히 지워 버리게   감정의 흐름을 잃어버려   공간속에 난 갇혔어  without your love   you'd better   you'd better   better believe it   you'd better   better believe it  햇님을 담아 별님을 담아   나 상상했던 이상 찾아   believe it you'd better believe it   'cause I found the future  it's sithout it's without your love   무지개 닮아 정말 예뻐  저 하늘의 구름이 되게   you'd betbetter believe it  you showed me the furute  it's without without your love  you'd better better believe it   without your love  it's without without your love  햇님을 닮아
2003.10.05~10.11,15,486716,진(珍),조용필,Over The Rainbow,2003.09.03,Rock,양인자,바람이 창문을 흔드네 닫혀진 커튼을 걷으며 눈물겹게 사랑한다고 이 말이 하고 싶네 검은 유리창에 비치는 젖어있는 나의 그림자 지난 날들의 추억 속 에서 흔들리는 불꽃 기쁨이 그리움이 슬픔이 함께 있고 싶은 사랑이 가슴깊이 저리는 밤 눈을 감네 그대 모습 더 가까이 보기위해  아득한 밤 하늘 저 너머 속살 같은 별빛 하나가 울지 말라고 울지 말라고 깜빡이고 있네 기쁨이 그리움이 슬픔이 함께 있고 싶은 사랑이 가슴 깊이 저리는 밤 눈을 감네 그대 모습 더 가까이 보기위해  가슴 깊이 저리는 밤 눈을 감네 그대 모습 더 가까이 보기위해
2003.10.05~10.11,16,481447,아버지,김경호,Open Your Eyes,2003.08.11,Rock,미루(MIRU),가슴 깊이 묻어도 바람 한 점에 떨어지는  저 꽃잎처럼 그 이름만 들어도 눈물이 나  돌아갈 수 있을까 날 기다리던 그 곳으로  그 기억 속에 내 맘 속에 새겨진 슬픈 얼굴  커다란 울음으로도 그리움을 달랠 수 없어  불러 보고 또 불러 봐도 닿지 않는 저 먼 곳에  빈 메아리 되돌아 오며 다 잊으라고 말하지만  나 죽어 다시 태어나도 잊을 수 없는 사람  - 간 주 중 - 단 한 번만이라도 볼 수 있다면  나의 두 눈이 먼다 해도 난 그래도  그 한 번을 택하고 싶어 가슴 깊이 묻고 있어도 바람 한 점에 떨어지는  저 꽃잎 처럼 그 이름만 들어도 눈물이 나  떨어진 꽃잎 처럼
2003.10.05~10.11,17,455209,아직 못다한 이야기 (Feat. BMK),김진표,JP4,2003.05.12,Rap / Hip-hop,김진표,It's it's jp 나 너와 나 똑같은 끝까지 아직 아직 못다한 내 얘기 이 세상이 끝날 때 까지(이 세상이 끝날 때 까지) 안녕이라 말하지마 아직은 날 떠나가지마 이밤이 지난대도 몇 만년이 흘러도 아직 난 해줄 얘기가 많아 어제 넌 내게 아무 말이나 해보라고 했지 왜 암말 못하냐며 소릴 질러댔지 무슨 말을 해야될지 몰랐었을 뿐인데 너에게 하고 싶은 말들은 많았었는데 무조건 화만내며 눈물이 가득 고인 널 바라보며 내 입술은 절대 떨어지지 않던 걸 또한 구차해지는 것 같아 망설였을뿐 순간 자존심 챙기는 내게 실망했을뿐 말한마디 꺼낼때면 내말을 잘라 넌 말했었지 우린 너무나 달라 가슴아픈 예전의 추억들만 잔뜩 꺼내 회복할수 없을 만큼 터뜨려 우리 사일 갈라 이런 상황에서 내가 무슨말을 해 너무 당황해서 담배만 태우는데 우리 심장 박동소리만 여기 잔뜩 울려 어색한 침묵만 끊임없이 주위에 계속 흘러 안녕이라 말하지마 아직은 날 떠나가지마 이 밤이 지난대도 몇만년이 흘러도 아직 난 해줄 얘기가 많아 날 첨볼 때 너무도 환히 웃던 미소 난 아직도 선명히 내 머리에 남아있어 우리가 자주 가던 바에서 너와나 손잡고 바랬던  우리 둘만의 미래 난 아직 기억해 이 짧은 노래에 말하긴 부족해 순전히 너의 모습 보기 위해서 너의 집앞에서 난 기나긴 밤을 매일 지새웠었어 안녕이란 말을 더듬던것부터 조그만 우리의 발이 되준 내 스쿠터 뒤에서 들리던 행복한 니 웃음 소리 그리고 말하기엔 유치한 그 놀이 갑자기 필름처럼 모든것들이 다가와 왜 지금에서야 모두 생각나는것일까 뒤를 돌아봐 시간있잖아 나 아직 너에게 해줄 얘기가 너무 많아 너와나 우리같이 이 세상이 끝날때까지 안녕이라 말하지마 아직은 날 떠나가지마 이 밤이 지난대도 몇만년이 흘러도 아직 난 해줄 얘기가 많아 이 밤이 지난대도 태양이 다시떠도 너에게 해줄 말이 많은 걸 내게 불어오는 바람아 너는 내 얘기를 어서 그녀에게 전해주렴 내 몸을 적시는 빗방울아 너는 그녀 향길 어서 내 몸에서 씻어주렴 내게 내리쬐는 태양아 너는 여길 떠나 어서 그녀에게 비춰주렴 뭐든지 볼 수있는 하늘아 그녈 볼 수 있게 어서 너의 눈을 빌려주렴 내게 불어오는 바람아 너는 내 얘기를 어서 그녀에게 전해주렴 내 몸을 적시는 빗방울아 너는 그녀 향길 어서 내 몸에서 씻어주렴 내게 내리쬐는 태양아 너는 여길 떠나 어서 그녀에게 비춰주렴 뭐든지 볼 수있는 하늘아....
2003.10.05~10.11,18,1199560,Street Life (Feat. Big Mama & Ill Skillz),DJDOC,Street Life (Single),-,Rap / Hip-hop,"Sim-pleLeeof,이하늘",아무도 물을 주지 않아도 봐주지 않아도 해가 뜨지 않는 어두운 골목에서도 외로워도 슬퍼도  힘이 들어도 그 누가 날 뭐라 하더라 도 난 뿌리깊은 잡초 기나긴 시간을 비바람과 싸워이긴 야생초 그렇게 살아왔기에 이겨낼 수 있다네 이게 바로 내 인생이기에 길거리에 많고 많은 건물들 중에 그 안에 내꺼라곤 하나도 없다네 턴테이블 하나 M I C 하나 그리고 buda 지금 내가 가 진건 이것뿐이지만 시간은 많아 내겐 아직 이루지 못한 꿈이 남아 있어 저기 하늘 위 눈부신 태양처럼 내 미래는 밝아 street life I know this is  just my way Street life feel like I cannot go on street life Yes I can make my own way Street life I won't cry I will rock on 오늘도 이 거리를 느끼며 펜은 종이위를 스치며 내 가슴에 불을 지피며 비트에 발걸음 옮기며 시작된 음악의 거리가 춤추네 내 표현 하나에 가로수는 열광해 모두 한번 더라고 외치네 나를 거리에서 볼 수 없는 건 내가 세상에 존재하지 않는 것 yo 음악이 내 길이 요 거리에서 얻는 진리요 yo S T R E E T 는 곧 내 L I F E 거리에서 핀 꽃 D O C 가 내뿜는 M U S I C Street life I know this is  Just my way street life Feel like I cannot go on Street life yes I can make My own way street life I won't cry I will rock on yo 이리 치이고 저리 치이고 비록 이 세상이  날 힘들게 하더라도 Money zero 라도 빈티는 no street life It's the only life I know 모스키토 같은 그전 매니저 여기 가슴이 아닌 잔머리로 일생을 살아가시는 이런 계산기같은 불쌍 한심한 인간들이여 넌 사업가가 아닌 사기꾼 음악을 돈으로 생각하는 장사꾼 당신들에게 하고 싶은 한마디 나이값 좀 하시지 나 비록 getto 라도 당신들같이 살긴 싫어 언제나 초심으로 일년이 가고 십년이 가도 난 항상 이 자리에  오늘도 종이와 펜을 들고서 거리로 나서는 나의 발걸음은 내가 살아가 는 이유 내가 살아남은 이유 모두가 내 겉모습을 봐 그 보다 들어봐 내 rhyme 과 탁탁찍어가는 내 flow 속의 soul을 한번 느껴봐 S T R E E T 는 곧 내 L I F E 일년이 가고 십년이 가도 난 항상 이 거리에 Oh baby street life I know this is  Just my way street life Feel like I cannot go on Street life yes I can make My own way street life I won't cry I will rock on Street life I know this is  Just my way street life Feel like I cannot go on Street life yes I can make My own way street life I won't cry I will Rock on street life-
2003.10.05~10.11,19,1110715,유리 (唯俚 - 비록 슬퍼진다 하더라도),김정훈,Sweet & Strong,2003.08.21,Ballad,이경,서둘러 널 잊기로 했어  모든건 세월에게 맡길래  다시와 왜 내 맘을 흔들어 놓고  내 품에 안겨 그를 못잊어   한때는 아파도 좋았어  곁에 있단 믿음 하나만으로  하지만 이젠 너를 잡진 않을래  떠날 준빌한채 날 만난 너야   사랑해서 널 잊기로 했어  미워하는 마음이 생길까봐 두려워  사랑해 너를 사랑해  함께 하길 빌던 난 기도도 다 거뒀어   기대는 오래전 버렸지  해주고픈 일도 이미 묻었어  닦아도 차오르는 이 눈물처럼  사랑의 욕심은 끝이 없나봐   사랑해서 널 잊기로 했어  미워하는 마음이 생길까봐 두려워  사랑해 너를 사랑해  함께하길 빌던 난 기도도 다 거뒀어   한번 떠난 사랑은 처음처럼은 안돼  다신 내 것이 될순 없어  사랑하는 사람은  사랑했던 그만큼만 숨을쉬어   사랑해서 널 잊기로 했어  미워하는 마음이 생길까봐 두려워  사랑해 너를 사랑해  함께하길 빌던 난 기도도 다 거뒀어   니가 내게 다시 돌아오던 날  널 보낼 준비를 했어  Love you- 너를 잊을 준빌 했어 -
2003.10.05~10.11,20,1183921,돌아와 제발,JK김동욱,Multiplepersonalize,2003.08.05,Ballad,조세정,우리의 사랑이 한 줄기 눈물 되어서  내 가슴을 적셔와  우리의 사랑이 초라한 추억 되어서  내 가슴에 상처를 새겨   나였잖아 나였잖아 네옆에서  늘 지켜주던 사람  다른 사람곁에서 나를 지워가는 널  바라보고만 있는 나   돌아와 제발 안올 줄 알면서도  매일 밤 내 꿈속에서 널 기다리며 울고 있어  날 버린 우리 마지막 사랑까지도 간직하고 싶어   너였잖아 (나의 사랑) 너였잖아 내곁에서  늘 지켜주던 사람  다른 사람곁에서 나를 지워가는 널  바라보고만 있는 나   돌아와 제발 안올 줄 알면서도  매일 밤 내 꿈속에서 널 기다리며 울고 있어  날 버린 우리 마지막 사랑까지도 간직하고 싶어   더 이상 무엇도 묻지 않을게  그냥 돌아오면 돼   돌아와 제발 안올 줄 알면서도  매일 밤 내 꿈속에서 널 기다리며 울고 있어  날 버린 우리 마지막 사랑까지도 간직하고 싶어
2003.10.05~10.11,21,482907,난 너에게 (To You),샤크라,Tomato,2003.08.21,Dance,"안성준,장성희",사랑 uh 이 세상 가장  소중한 That's Right  행복함 이제야 느끼는  뜨거운 넌 나의 태양 떠나가도 난 너 포기 안 해  가슴속의 내 맘 열어볼래  You're My Boy I'm  Your Lady  헤어지잔 말 쉽게 하지  않길 바래  사랑은 사랑 그 자체로  된거야 걱정하지마  항상 옆에서 널 지켜줄게  내게로 와  난 너에게 조금씩 가까이  넌 언제나 자꾸만 멀어져  하지만 나 너와 함께 있을거야  난 너에게 사랑을 원했어  넌 언제나 대답이 없었지  하지만 나 널 사랑해  언제까지나  멀어져가는걸 느껴 전화기는  계속 꺼져있어  야 너 이게 뭐야 마치  숨바꼭질 같잖아  항상 내가 옆에 있다는 걸  영원히 너뿐이라는 걸  믿어줘 얘기해줘 I Love  You 영원히 사랑은 사랑 그 자체로  된거야 걱정하지마  항상 옆에서 널 지켜줄게  내게로 와  난 너에게 조금씩 가까이  넌 언제나 자꾸만 멀어져  하지만 나 너와 함께 있을거야  난 너에게 사랑을 원했어  넌 언제나 대답이 없었지  하지만 나 널 사랑해  언제까지나  왜 이 세상에는 쉬운  사랑은 없을까  가슴 아프지 않고는 얻지  못하는 걸까  난 너에게 조금씩 가까이  넌 언제나 자꾸만 멀어져  하지만 나 너와 함께 있을거야  난 너에게 사랑을 원했어  넌 언제나 대답이 없었지  하지만 나 널 사랑해 언제까지나  난 너에게
2003.10.05~10.11,22,480667,Chiki Chiki-Love Song,여행스케치,The Best Of The Best 여행스케치 Yeoch 1989~2003,2003.08.13,Folk,조병석,치키치키love forever oh happy day 자기자기나를 부르는 너 상상해 치키치키 love song for you 날 만난 뒤로 지기지우보다 널 아껴줄 오직 한 사람 그건 바로 나야 나 I love you forever whenever you go 하루를 시작하는 나의 다짐 I need you forever whatever you do 잠들기 전 나의 기 도 친구들 이런 나를 이해못한다지만 나 역시 이런 닭살 상상도 못해봤어 오 치키치키love forever oh happy day 자기자기나를 부르는 너 상상해 치키치키 love song for you 날 만난 뒤로 지기지우보다 널 아껴줄 오직 한 사람 그건 바로 나야 나 그 누구만큼 가진 게 많아서 너에게 명품만 줄 순 없지만 난 너 하나만큼은 자신 있어 너와 내가 명품인걸 영원히 니가 나의 천사가 되준다면 난 항상 너의 발밑 구름이 되어줄게 오 치키치키love forever oh happy day 자기자기나를 부르는 너 상상해 치키치키 love song for you 날 만난 뒤로 지기지우보다 널 아껴줄 오직 한 사람 그건 바로 나야 나  너를 둘러싼 선수들 (다가와서) 나와 똑같은 말투로 (속삭이며) 너를 혹하게 한대도 흔들리지마 독이 든 사과야 뻥이야 오 치키치키love forever oh happy day 자기자기나를 부르는 너 상상해 치키치키 love song for you 날 만난 뒤로 지기지우보다 널 아껴줄 오직 한 사람 그건 바로 나야 나 치키치키할 때마다 태양처럼 이글이글불타는 내 눈빛 you know 치키치키 love song for you 부를 때마다 매일 나는 복권에 당첨된 기분이란걸 말은 안했지만 너만 빼고 다 알아 치키치키 love song for you-
2003.10.05~10.11,23,480392,단심가[丹心歌],표건수,다모 OST,2003.08.06,Drama,,
2003.10.05~10.11,24,445413,사랑합니다...,팀,영민,2003.03.01,Ballad,강은경,나빠요 참 그대란 사람  허락도 없이 왜 내 맘 가져요  그대 때문에 난 힘겹게 살고만 있는데  그댄 모르잖아요 알아요 나는 아니란 걸  눈길 줄 만큼 보잘 것 없단걸 다만 가끔씩 그저 그 미소 여기 내게도  나눠줄 순 없나요 비록 사랑은 아니라도 언젠간 한번쯤은 돌아봐 주겠죠  한없이 뒤에서 기다리면 오늘도 차마 못한 가슴속 한마디 그댈 사랑합니다 어제도 책상에 엎드려  그댈 그리다 잠들었나봐요 눈을 떠보니 눈물에 녹아 흩어져 있던  시린 그대 이름과 헛된 바램뿐인 낙서만 언젠간 한번쯤은 돌아봐 주겠죠  한없이 뒤에서 기다리면 오늘도 차마 못한 가슴속 한마디 그댈 사랑합니다 이젠 너무 나도 내겐 익숙한  그대 뒷모습을 바라보며 흐르는 눈물처럼 소리없는 그말 그댈 사랑합니다
2003.10.05~10.11,25,455268,놀러와,러브홀릭,Florist,2003.04.25,Rock,강현민,나른한 오후 재미도 없고   일말의 의욕 하나도 없어   일상에 지쳐 지겨운 날들  사는 건 뭘까  허탈한 새벽 홀로 외로워   날 찾는 이는 하나도 없어   이 넓은 우주 먼지 같은 난   뭘 하는 걸까 생각이 들면   내게 전화해 빨리 전화해   이런 저런 얘기하면서  웃어나 보자   아님 놀러와 그냥 놀러와   언제 어디서나 니 곁엔  내가 있잖니   I love you forever  Just like a shining spring   I love you forever  심난해 하지마   I love you forever  Just like a happy christmas   I love you forever  심각해 하지마   비오는 저녁 눈물이 흘러   보고픈 사람 있긴 있지만  그에게 나는 존재도 없어  사랑이 뭘까 서러워지면  내게 전화해 빨리 전화해  이런 저런 얘기하면서  웃어나 보자   아님 놀러와 그냥 놀러와   언제 어디서나 니 곁엔  내가 있잖니   I love you forever  Just like a shining spring   I love you forever  심난해 하지마   I love you forever  Just like a happy christmas  언젠간 행복 할거야  메마른 땅에도 꽃은 피듯이   I love you forever  Just like a shining spring   I love you forever  심난해 하지마   I love you forever  Just like a happy christmas   I love you forever  심각해 하지마   I love you forever  Just like a shining spring   I love you forever  심난해 하지마   I love you forever  Just like a happy christmas  I love you forever  심각해 하지마
2003.10.05~10.11,26,473186,끝이라면,김현정,Hit For 6ix,2003.07.08,Dance,M.,끝이라면 ....  - 간 주 중 - 생각도 못한 이별에 가슴 아픈건 나혼자니  그렇게 내가 싫었니 다시는 안볼 사람처럼  나를 봐 니가 원한게 이런거니  그랬니 비참한 표정 맘에드니   미안해 한마디 조차 싫었니  도대체 너란 사람은 누구였니  우리 즐겁던 날들 기억하니  혹시 그것마저도 다 잊엊니  이런게 니가 원한 사랑인거야  그렇다면 다시오진 않아도돼  끝이라면 다신 생각도 않는다며  나 같은 여잔 힘들다며  냉정하게 돌아섰던 그런 너잖아  날 떠나 왜 다시 돌아와 지우려는 날 괴롭혀  남은게 뭐야 니가 남긴 상처들뿐  다시는 이런 장난같은 사랑은 하지 않을래  날 그냥 내버려둬 - 간 주 중 - 나보다 그녀 잘해주니 좋았니  원하던 사람 찾은거니  어떻게 사랑하면서 그랬니  도대체 너란 사람은 누구였니?   우리 즐겁던 날들 기억하니  혹시 그것마저도 다 잊엊니  이런게 니가 원한 사랑인거야  그렇다면 다시오진 않아도돼  끝이라면 다신 생각도 않는다며  나 같은 여잔 힘들다며  냉정하게 돌아섰던 그런 너잖아  날 떠나 왜 다시 돌아와 지우려는 날 괴롭혀  남은게 뭐야 니가 남긴 상처들뿐  다시는 이런 장난같은 사랑은 하지 않을래  날 그냥 내버려둬 기억속에 너의 모습 하나라도 남았다면  그것만은 간직해두길 허락해줄게 날 떠나 왜 다시 돌아와 지우려는 날 괴롭혀  남은게 뭐야 니가 남긴 상처들뿐  다시는 이런 장난같은 사랑은 하지 않을래  날 그냥 내버려둬  날 그냥 내버려둬
2003.10.05~10.11,27,609381,니가 참 좋아,쥬얼리,3집 Beloved,2003.07.12,Dance,심현보,온종일 정신없이 바쁘다가도  틈만나면 니가 생각나  언제부터 내 안에 살았니  참 많이 웃게돼 너 때문에  어느새 너의 모든 것들이 편해지나봐  부드러운 미소도 나지막한 목소리도  you 아직은 얘기 할 수 없지만  난 있잖아 니가 정말 좋아  사랑이란 말하긴 어설플지 몰라도  아주 솔직히 그냥 니가 참 좋아  친구들속에 너와 함께일때면  조심스레 행복해지고  어쩌다가 니옆에 앉으면  세상을 다 가진 기분이 드는걸  우연히 눈만 마주쳐도  괜스레 발끝만 보게되고  조금씩 내 마음이 너에게 가고 있는걸  이 세상에 두사람 너랑 나만 몰랐나봐  you 얼마나 잘 할지는 몰라도  난 니곁에 서고 싶어 정말  하루하루 점점 더 커져가는 이 느낌  다른날 보다 그냥 니가 참 좋아  손잡을 때는 어떨까  우리둘이 입맞춘다면  you 아직은 얘기할수 없지만  난있잖아 니가 정말 좋아  사랑이란 말하긴 어설플지 몰라도  아주 솔직히 그냥 니가 참 좋아
2003.10.05~10.11,28,483377,내 안의 그대,서영은,첫사랑 OST,2003.08.12,"Drama,Ballad",이희승,슬픔은 없을 것 같아요  우산없이 비오는 거리를 걸어도  나는 행복할 것 같아요  내안에 그대가 왔잖아요  그대와 내가 마주쳤던 순간에  나는 다시 태어난거죠  그대가 없던 어제의  나는 없던 것과 같아요  기억조차 없는걸요  어떡하죠 내 심장이 고장났나봐  그대만 생각하면  터질 것만 같아요  어떡하죠 나는 그대 뒷모습에도  자꾸만 눈물이 나요  그대가 이름을 부를때  나는 내가 나인게 너무 행복하죠  그대가 날 보고 웃을땐  난 모든 세상에 감사해요  난 괜찮아요  혹시 어려워마요  다시 혼자가 된다해도  내 안에 그대 있음이  나를 살아가게 할테니  그대가 날 지킬테죠  어떡하죠  내 심장이 고장났나봐  그대가 생각하면  터질 것만 같아요  어떡하죠  나는 그대 뒷모습에도  자꾸만 눈물이 나요  내가 밤새 그댈 그리워 한다면  그대 품에 가게 될까요  잠든 그대 꿈에 나 찾아가  입맞추고 돌아올까요  어떡하죠  첫사랑은 슬프다는데  나 지금 누구라도 사랑하고 올까요  어떡하죠  사랑만도 너무 아픈데  이별은 난 모를래요 - 간 주 중 - 어떡하죠 나는 그대 뒷모습에도  자꾸만 눈물이 나요
2003.10.05~10.11,29,465286,안녕,박혜경,Seraphim,2003.06.17,Rock,"강현민,박지원,박혜경",외로운 날들이여 모두 다 안녕
2003.10.05~10.11,30,2247749,차 차,유진,My True Style...,2003.05.30,Dance,지국현,한마디 단 한마디 축하해 바빠서 몰랐어 내 생일을 울음바다로 만들어 놓고선 바빴다고 비싸서 부담될까 선물 얘기도 안꺼냈어 단 한번만 나를 위해서 그냥 웃어주면 됐었는데 차차 나아지겠지 차차 좋아 지겠지 하루에 하루를 보탠게 결국 이거야 차차 나아지겠지 차차 좋아지겠지 미련에 미련을 보태서 널 차버릴거야 바빠서 힘들어 피곤해 그 말밖에 너는 모르지 세상 모든 여자들이 듣기 싫어하는 말 골라 해댔지 이해를 해봐도 언제나 돌아오는 것은 무관심 그것때문에 아파한 내가 정말 바보였어 한마디 단 한마디 전화해 축하한 다는말 내 생일은 너 하나로도 충분한 가치가 있었는데 잔다고 피곤해 잤다고 그 말 한마디에 난 죽었어 세상안에 살고 있단게 너로 인해서 무너졌어 차차 나아지길 바란 차차 좋아지길 바란 욕심이 너무나 컸나봐 알면서도 말야 차차 나아지길 바란 차차 좋아지길 바란 내 욕심에 욕심을 더해서 널 차버릴거야 미련한 믿음에 아파한 내 마음을 너는 모르지 알면서도 모르는 척 한거란걸 알지만 내가 미쳤지 멋대로 살아봐 혼자서 평생동안 혼자 살아봐 그때 그리우면 한 번쯤 내가 생각은 해줄게 다음 세상에서 너를 사랑할꺼냐고 물어온다면 절대 죽어도 너랑은 안해 작은것 하나도 모르는 널 너를 내가 왜 미쳐가도록 사랑 사랑했던 내가 내가 내가 불쌍해  차차 나아지길 바란 차차 좋아지길 바란 욕심이 너무나 컸나봐 알면서도 말야 차차 나아지길 바래 차차 좋아지길 바래 내 욕심에 욕심을 더해서 널 차버릴꺼야 미련한 믿음에 아파한 내 마음을 너는 모르지 알면서도 모르는 척 한거란걸 알지만 내가 미쳤지 멋대로 살아봐 혼자서 평생동안 혼자 살아봐 그때 그리우면 한 번쯤 내가 생각은 해줄게 다음 세상에서 너를 사랑할꺼냐고 물어온다면 절대 죽어도 너랑은 안해 작은 것 하나도 모르는 널 너를 내가 왜 미쳐가도록 사랑 사랑했던 내가 내가 내가 불쌍해
2003.10.05~10.11,31,465221,Just For My Love,슈가,Shine,2003.06.18,Dance,한재호,Just For My Love I Give All To You 나나나나나나나 나나나나나나 나나나나나 내 곁에 있던 그대 생각 나죠  이제서야 그대를 원하죠  너무 늦어서 미안해요  이말 전하고 싶어 눈물로 지내던 내 상처 속에  그대가 머물던 날엔  몰랐었죠 어떤 것도  내겐 위로가 될순 없었죠 어디에 있나요 내 맘안에서  이제야 그대와 내가 함께 하네요  이렇게 뒤늦게야 그댈 느껴요  내 곁에 있던 그대 생각나죠  이제서야 그대를 원하죠  나를 지켜주던 그대의 마음  느낄 수 있게 만나고 싶어  내 마음 속엔 그대 생각뿐이죠  잊어보지만 지워지지 않아  너무 늦어서 미안해요  이말 전하고 싶어  Just For My Love I Give All To You 어디에 있나요 내 맘안에서  이제야 그대와 내가  함께하네요 이렇게 뒤늦게야  나는 그댈 깨달아요 언제나 곁에 있던 그대 생각나죠  이제서야 그대를 원하죠  나를 지켜주던 그대의 마음  느낄수 있게 만나고 싶어 내 마음 속엔 그대 생각뿐이죠  잊어보지만 지워지지 않아  너무 늦어서 미안해요  이말 전하고 싶어  나 그대 생각나요  이제서야 그대를 원해요  나를 지켜주던 그대의 마음  느낄수 있게 만나고 싶어  내 마음속엔 그대 생각뿐이죠  잊어보지만 지워지지 않아  너무 늦어서 미안해요 이말전하고 싶어 Just For love I Give All To You 나나나나나나나 Just For love I Give All To You Just For love I Give All To You
2003.10.05~10.11,32,608219,Milky Way,보아(BoA),Atlantis Princess,2003.05.31,Dance,kenzie,어떤 마음으로 전할까 난 너에게  너를 그려왔던 설레임 난 기다렸어  지나버린 시간 함께 할 순 없어도  이젠 너에게 줄 내가 가진 그 수많은 날들 나를 스쳐가는 바람이 내게 말해주네  문득 가까워진 계절을 여기 불러왔어  다시 가고 싶어 세상을 모르던 시절  이젠 내게로 올 세상에 비친 나의 모습 언젠가 소중함 마저 잃어버린 채 난 어른이 돼 버렸지 yeah-  I need you 언제나 내 곁에 있어줘 나를 놓치지 말아줘  까만 밤 내안에 펼쳐진 세계로 꿈은 반짝이고 있어  어디론가 그렇게 흘러가지 on my milky way  나의 작은 손을 내밀어 너를 부를때  언제라도 같은 자리에 넌 기다렸지  내게 속삭이던 너만의 비밀의 약속  같은 시간속에 함께 하길 원했던 거야  지금 가만히 귀를 기울여 기다려왔던 저 같은 날의 노래를  I believe 우연한 사랑을 찾았던 나를 지켜보고 있었지  언제나 만날 수 있었던 곳에서 너를 기다리고 있어 복잡한 세상속에 갇힌 채 손이 닿지 않아 난 두려웠어  하지만 계속 가도 되겠지 새로운 나날의 시작으로  I need you 언제나 내곁에 있어줘 나를 놓치지 말아줘  까만 밤 내 안에 펼쳐진 세계로 꿈은 반짝이고 있어 I believe 우연한 사랑을 찾았던 나를 지켜보고 있었지  언제나 만날 수 있었던 곳에서 너를 기다리고 있어  어디론가 그렇게 흘러가지 on my milky way
2003.10.05~10.11,33,454476,하늘을 달리다,이적,2적,2003.05.13,Rock,이적,두근거렸지  누군가 나의 뒤를 쫓고있었고  검은 절벽 끝  더 이상 발 디딜 곳 하나 없었지  자꾸 목이 메어  간절히 네 이름을 되뇌었을 때  귓가에 울리는 그대의  뜨거운 목소리  그게 나의 구원이었어  마른 하늘을 달려  나 그대에게 안길 수만 있으면  내 몸 부서진대도 좋아  설혹 너무 태양 가까이 날아  두 다리 모두 녹아 내린다고 해도  내맘 그대 마음속으로  영원토록 달려갈거야  내가 미웠지  난 결국 이것밖에 안 돼 보였고  오랜 꿈들이  공허한 어린 날의 착각 같았지  울먹임을 참고 남몰래 네 이름을 속삭였을 때 귓가에 울리는 그대의 뜨거운 목소리 그게 나의 희망이었어 마른 하늘을 달려 나 그대에게 안길 수만 있으면 내 몸 부서진대도 좋아 설혹 너무 태양 가까이 날아 두 다리 모두 녹아 내린다고 해도 내맘 그대 마음속으로 영원토록 달려갈거야 허약한 내 영혼에 힘을 날개를 달수있다면 마른 하늘을 달려 나 그대에게 안길 수만 있으면 내 몸 부서진대도 좋아 설혹 너무 태양 가까이 날아 두 다리 모두 녹아 내린다고 해도 내맘 그대 마음속으로 영원토록 달려갈거야
2003.10.05~10.11,34,481845,Gloomy Sunday,피아(PIA),3rd Phase,2003.08.09,Rock,"옥요한,옥요한",그날 또 저무는 햇살에 떠오른  차갑게 숨쉬는 네 미소 날 흔들고 지치게 한 건 네 생각과 또  그 상념과 또 혼돈 다시 외로운 거리에 홀로된 버려진  우울한 사람들 속에서  너 혼자 남아 슬퍼 울지마 나  같이 떠나 그곳으로 제발 이제 그 날을 슬퍼 말아줘  이제 다시 함께 해 우리 영원히 제발 이제 그 날을 슬퍼 말아줘  이제 다시 함께 해 우리 영원히  그땐 이미 아름다운 거리의 밤이  조용히 사라진 후였어 그건 여리고 흐트러진 내 상처와 또  그 아픔과도 같아 이제 의미 없는 웃음에 물든  도시와 사람들을 떠나 나 슬픔을 접을 때 기억해줘  저 하늘 그곳에서 제발 이제 그 날을 슬퍼 말아줘  이제 다시 함께 해 우리 영원히 제발 이제 그 날을 슬퍼 말아줘  이제 다시 함께 해 우리 영원히  깊은 슬픔 그날의 초대  이제 내 손을 잡아 내 손을 잡아  이제 다시 함께 해 제발 이제 그 날을 슬퍼 말아줘  이제 다시 함께 해 우리 영원히 제발 이제 그 날을 슬퍼 말아줘  이제 다시 함께 해 우리 영원히 우리 영원히 우리 영원히  우리 영원히 나 약속해
2003.10.05~10.11,35,454500,체념,KYT(코요태),비상(非常),2003.05.22,Dance,최원석,대체 어떤 사람을 만난거야  너의 표정이 달라보여  매일 바쁘단 핑계속에  내 마음 멀어질뿐야  내가 너에게 선물한 지갑속에  다른 사람의 사진있고  밤새 너와 같이 했던 얘기들을  어떻게 이해해야 해  너는 한번도 날 사랑한다 말하지 않았어  그저 성격이라 믿었었지만 너의 애매한 그 행동에 난 많이 답답해  나를 사랑한지 의심스러워  이제는 제발 내게 말해줘 누굴 사랑하는지  너의 마음 안에 내 모습 알고싶어  더 이상 부담주지 않을께 나도 사랑없다면  이젠 나도 포기하고 싶어  도대체 어디를 나간거야 너의 전화가 꺼져있어  보고싶단 메세질 남겨봐도 연락이 오지를 않아  너는 한번도 날 사랑한다 말하지 않았어  그저 성격이라 믿었었지만  너의 애매한 그 행동에 나 많이 답답해  너를 사랑한게 후회스러워  이제는 제발 내게 말해줘 누굴 사랑하는지  너의 마음 안에 내 모습 알고싶어  더 이상 부담주지 않을께 나도 사랑없다면  이젠 나도 포기하고 싶어
2003.10.05~10.11,36,447865,한번 단 한번,세븐,Just Listen.......,2003.03.08,Ballad,"dk,박경진",날 이제 그만 너의 곁으로  돌아가도록 해줘  그런 네 맘 어디도 있지 않은  차가운 말은 싫어 yeh-  첨 만난 그날 처럼 미소를 나에게 줘  다시 바라봐 줘 Uh-   아무런 말도 못하고 서 있는  나를 용서 해줘 네 곁에만 있을게  For you For you  널 울리지 않을게 약속해 너에게   한번 단 한번 아픈 내 마음을 알아줘  너를 바라는 너 하나 사랑한 내 맘을  너를 떠나선 행복할 순 없어 난  You Don't have to be along  그저 내 사랑 알기만 해줘   나조차 모를 만큼 빠르게  빠져 버린 거야 네가 아파할 줄은  나 몰랐나 봐 나 잊었나 봐  하지만 한 순간도 내 맘이  널 떠나 살진 않았어   믿어줘 날 널 사랑하는 날 제발-  네 곁에만 있을게  For you For you-  널 울리지 않을 게 약속해 너에게   한번 단 한번 아픈 내 마음을 알아줘  너를 바라는 너 하나 사랑한 내 맘을  너를 떠나선 행복할 순 없어 난  You Don't have to be along  그저 내 사랑 알기만 해줘   (난 아직 까지 한번도 네 사랑 없이  다른 누굴 사랑할 자신도)  다른 사람 사랑 할 생각한 적 없는데   한번 단 한번 아픈 내 마음을 알아줘  너를 바라는 너 하나 사랑한 내 맘을  너를 떠나선 행복할 순 없어 난  You Don't have to be along   한번 단 한번 아픈 내 마음을 알아줘  너를 바라는 너 하나 사랑한 내 맘을  너를 떠나선 행복할 순 없어 난  You Don't have to be along  그저 내 사랑 알기만 해줘 -
2003.10.05~10.11,37,456856,"Fly High (Feat. 정인, 하림(河琳))",리쌍,"재, 계발(再啓發)",2003.05.22,Rap / Hip-hop,개리,fly high 저 위로 다 잡은 맘을 놓치지 말고 fly high 더 위로 나를 가둔 생각은 모두 fly high 저 위로 주먹을 꽉 쥔 너만을 믿고 fly high 더 위로 오 희망을 담은 태양을 달고 아무리 생각해도 너무나 바보처럼 살아온 내 지난날 한창 어려웠던 시절 항상 주머니가 텅텅 벼 방바닥만을 기며 신세 타령만 하던 날 위해 잔소릴 하시던 엄말 한없이 원망 또 원망하며 힘들게 살라고 나를 낳았나요 그렇게 맘속으로 외치던 바로 그때 그때 난 참 바보 같았지 또 털빠진 닭처럼 초라한 내차림 때문에 사람들이 많이 모인 자릴 괜히 피하며 고개를 들지 못했던 바로 그때 그때 난 참 바보 같았지 fly high 저 위로 다 잡은 맘을 놓치지 말고 fly high 더 위로 나를 가둔 생각은 모두 fly high 저 위로 주먹을 꽉 쥔 너만을 믿고 fly high 더 위로 오 희망을 담은 태양을 달고 i got to go 고개들어 나를 느껴 feeling i got to go 손을 들어 다같이 fly high 열이면 열 백이면 백 모두가 다 말렸던 사랑에 난 허기진 밸 채우는 개 마냥 사랑에만 미쳐 친구고 일이고 다 버리고 불철주야 사랑이 전부야 그렇게 외치다 결국 이별이 들이닥쳐 괜히 난 죄없는 벽을 쳐 떨리는 손으로 붕대를 감던 그때 그때 난 참 바보 같았지 바보 같았던 지나온 날들을 이젠 난 잊고서 희망의 연을 날려 fly high 저 위로 다 잡은 맘을 놓치지 말고 fly high 더 위로 나를 가둔 생각은 모두 fly high 저 위로 주먹을 꽉 쥔 너만을 믿고 fly high 더 위로 오 희망을 담은 태양을 달고 i got to go 고개들어 나를 느껴 feeling i got to go 손을 들어 다같이 fly high 술에 취해 비틀 거리던 어제 가로등을 붙잡고 했던 나의 맹세 다시는 그 지독한 돈 냄샐 더 맡지 못한다고 내 삶을 비관하진 말자 또 사랑때문에 내 소중한 일과 사람 그 모든걸 바람처럼 모른체 하는 배신잔 더더욱 되지말자 그리고 언제 어디서나 당당하자 그렇게 다짐하고 24시간이 지나 또 아무것도 지키지 못한 어리석은 나 다시 한번 그 다짐을 반복해 그리고 내 그림잘 보며 소리치며 욕해 왜 그리도 넌 바보처럼 살았냐고 fly high 저 위로 다 잡은 맘을 놓치지 말고 fly high 더 위로 나를 가둔 생각은 모두 fly high 저 위로 주먹을 꽉 쥔 너만을 믿고 fly high 더 위로 오 희망을 담은 태양을 달고 fly high 저 위로 저 위로 날아가는 꿈을 꿔봐 fly high 더 위로 나를 가둔 생각은 모두 fly high 저 위로 주먹을 꽉 쥔 너만을 믿고 fly high 더 위로 오 희망을 담은 태양을 달고 fly high 저 위로
2003.10.05~10.11,38,473152,앤,박정현,Live Op.4 Concert Project 4th Movement The Album,2003.07.09,R&B / Soul,,나 우연이라도 그댈 마주치게 되길 빌며 외출할 때면 항상 단장을 하게 되네요 내 예쁜 모습을 다시 보게 되면 그대 혹시 흔들릴까봐 해주지 못한 말이 많은데 듣고 싶은 말도 많은데 보고 싶을 때도 아직 많은데 이젠 늦었나요  날 가끔이라도 그대 생각하기는 하나요 내게 해준만큼  지금 그녀에게 똑같이 해주고 있나요 어떻게 살아가고 있나요 밥은 챙겨먹고 있나요 가끔 내가 보고 싶긴 한가요 그대 나만큼은 아니라도 아프기는 한가요  나 그대 불행하길 바랬죠 그럼 혹시나 돌아올까 그런 못된 생각으로 지냈죠 나를 용서해요 모든게 끝났단 걸 아는데 잊어야 한단 걸 아는데 가슴은 늘 머리보다 더디죠 이젠 누구도  사랑할 수가 없을 것만 같아요
2003.10.05~10.11,39,466094,Stay,넬(NELL),Let It Rain,2003.06,Rock,김종완(NELL),Stay 내 눈물이 마를 때까지 Stay 내가 나를 모를 때까지 Stay 아주 조금만 기다려 Stay 내 기억의 주인은 나야 Stay 내가 널 보내줄 때까지 Stay 내 기억속에서라도 조금의 따뜻함이라도  간직할 수 있게해 줘 난 이미 얼어버릴 듯  한없이 차가워 너마저 떠나면 나에겐  이제 아름다움이 없어 난 이미 버려져 있고  한없이 더러워 Hey 이미 꽤 오랜 시간동안  내 안에 머물러 있었잖아 이제 그냥 집이라고 생각해 조금의 따뜻함이라도  간직할 수 있게해줘 난 이미 얼어버릴 듯  한없이 차가워 너마저 떠나면 나에겐  이제 아름다움이 없어 난 이미 버려져 있고  한없이 더러워 Stay inside my dear Don't you come out my dear  조금의 따뜻함이라도 간직할 수 있게 해줘 난 이미 얼어버릴 듯  한없이 차가워 너 마저 떠나면 나에겐 이제 아름다움이 없어 난 이미 죽어 버릴 듯  한없이 더러워 Stay my dear Stay my dear
2003.10.05~10.11,40,480415,어쩌면,서진영,여름향기 OST,2003.08.06,"Drama,Ballad",,나 어쩌면 좋아요 자꾸 당신 생각이 나네요.. 내가 이러면 안되는데..내 마음을 나도 모르겠어요  내가 왜 이러나요 자꾸 당신이 보고싶네요  정말 이러면 안되는데.. 내 마음이 자꾸 흔들리네요 왜 이제서야 내게 왔나요 너무나 그대를 기다렸는데..이제 숨기지 않을래요 가슴이 시키는대로..언제까지 그대를 사랑해요..  이젠 걱정말아요 이렇게 내가 옆에 있잖아요  나도 믿기지 않을만큼 너무나 그댈 원하니까요  왜 이제서야 내게 왔나요 너무나 그대를 기다렸는데.. 이제 숨기지 않을래요 가슴이 시키는대로..언제까지.  이런게 사랑이였군요 바로 이게 사랑이었었군요  괜찮아요 걱정말아요 내가 당신을 지켜줄께요  이제 나 어디에도 가지 않아요.. 이렇게 당신 곁에서..언제까지 숨쉬고 있을께요..
2003.10.05~10.11,41,467770,목포의 눈물,한영애,Behind Time(1925~1955 A Memory Left At An Alley),2003.07.01,Folk,문일석,사공의 뱃노래 가물거리면
2003.10.05~10.11,42,471072,결혼을 할 거라면,쿨(COOL),Cool 8ight,2003.07,Dance,이승호,이리저리 아무리 생각해봐도 그대는 나만 있으면 될 것 같은데 얼마나 이별을 더 해봐야 알 수 있을런지 이제서야 조금씩 알 것 같은데 도대체 남자가 뭐란 걸 사랑을 다룰 땐 역시 경험이란 걸 그렇게 버티다간 늘어나는 나이와 잔주름 책잡힐 과건 왜 만들어 그냥 날 선택하세요 결혼해줘요 눈 딱 감고 내 한 목숨 그댈 위해서 다 던져버릴테니 그대 인생 내게 맡겨 봐요 결혼해줘요 날 믿어요 나 사실은 자신 없어요 나 다른 건 몰라도 약속해줘요 Oh 사랑할거예요 혼자서 외로울 땐 결혼이 하고 싶고 결혼을 하고 나면 아기가 갖고 싶고 아기가 생겨 나고 세월이 흘러가면 혼자가 부러워진대 여기저기 결혼한 많은 사람들 이런 내 얘길 들으면 그럴 땐 그런 거라고 왠지 행복하지 않아보여 그렇잖아 그렇게 변해가잖아 다시 또 혼자도 되잖아 사랑이 뭔지도 혼란스러울 뿐야 어쩌면 환상같은 행복으로 시작은 했지만 먹구름 같은 현실속에 무너져 간 건 아닐까 결혼해줘요 내 사랑은 이 세상을 끝내는 그날 내 마지막 고백이 되는 그런 사랑 만들테니 결혼해줘요 날 믿어요 나 사실은 자신 없어요 나 그대만 보면서 약속해줘요 Oh 행복할거예요 날 사랑하나요 그럼요 난 아직 모르겠어요 왜 나를 스친 남자들이 갑자기 생각날까 결혼해줘요 눈 딱 감고 내 한 목숨 그댈 위해서 다 던져버릴테니 그대 인생 내게 맡겨 봐요 결혼해줘요 날 믿어요 나 사실은 자신 없어요 나 다른 건 몰라도 약속해줘요 Oh 영원할거예요 결혼을 할 거라면 확실히 목숨 걸고 결혼을 한 거라면 끝까지 책임지고 한평생 살 거라면 절대로 배신없이 사랑을 지켜야만해 결혼을 할거라면
2003.10.05~10.11,43,465183,아껴둔 이야기 (Radio Edit Ver.) (Feat. The Edition),강성훈,Hoony 03,2003.06.25,Ballad,"서하나,루이",아직도 그대로인지   시간이 데려간 네 모습  힘이 들어도 나의 하나까지도   아껴주는지  저녁이 내린 어느 날   너의 집앞에 울던 나  그렇게 시작된   어린사랑의 슬픈약속  넌 알고있니 그 누구보다   멋진 사람이 되고 싶어  그 흔한 담배조차 배우지 않고   대신 기다림을 배웠어  너를 찾는 동안  희망에 기대어 보면   내일은 와줄것 같은데  두팔을 벌려 너의 그늘이   되어주고 싶은데  동전하나를 모으듯   너의 기억을 채우면  비개인 하늘에 환히 웃는   넌 무지개로  하루가 가고 십년이가도   결국 변하지 않는 하나  너만을 그리다 떨어진   눈물은 아프기보단   더 반가운데  너의 두 손안에 잠시 멈춰있는   바람개비를 숨모아 돌려보면  이미 난 기억속 그날로   나를 데려가고  I'm waiting for you  넌 알고있니 그 누구보다   멋진 사람이 되고 싶어  그 흔한 담배조차 배우지 않고   대신 기다림을 배웠어  하루가 가고 십년이 가도   결국 변하지 않는 하나  니가 보고싶어 너무 보고싶어   아껴둔 사랑 널 기다리며  I believe that   you'll be my love  and i promise   you i'm yours forever  그 흔한 담배조차 배우지 않고   대신 기다림을 난 배웠어  I believe that  you'll be my love and i promise you  i'm yours forever 너만을 그리다 떨어진  눈물은 아프기보단 더 반가운데
2003.10.05~10.11,44,417892,친구,엔알지(NRG),Hit Song,2003.02.07,Ballad,천명훈,Ho ho ho Yo my friend Yo my dream Ho ho ho Yo my friend Yo my dream 내가 자란 이 동네에서  함께 뛰놀던 친구들과 모두 같이 있어  너무 좋은 추억 거리들 이거리를  그때 그곳을 생각해 보곤해 떠올려 보곤해  아무걱정 없이 미래에 대한 고민없이  말썽피고 사고치는일이 아무렇지도 않은 듯이  웃어넘긴 하긴 저긴 세월이 흘러  우리의 우정도 멀어져만 가고  돌이켜보면 난 어리석었어  그저 노는 것이 즐겁기만 했다는 것이  아무런 생각도 들지 않았어  지금 이순간이 영원하기만을 바랬어  나이가 들어 하나 둘씩 모두가 떠나가고  남은거라곤 내 힘든 육체 뿐이라고  말 한마디 건네줄 친구도 없더라고 난  yo yo my friend 그리웠던 나의 친구야 네가 너무 보고 싶어  아직 우린 미래가 남아있어 ooh yeah  지금이라도 꿈을 펼쳐봐 너에겐 용기가 있어  너와나 우리의 우정이 남아있는 걸  내가 살아간다는 건 우리가 필요하다는 건  삶에 지친 공식에 얽매이지 않다는 것  생각없이 사는것 같지만 내게도 꿈은 있어  한번도 흔들림 없는 나만의 그 세계가 있어  무엇이던 하던 말던 어쨌던 우리가 만든  춤과 노래로 희망을 갖고 나아가 모두다가  우정이란 달콤한 말로 속이기 보다는  친구라는 믿음으로 우리 모두 다가가  내 마음이 닿는대로 지금 모습 그대로  다시 하고 싶은 대로 너와 난 손발이 맞았고  스무 해를 넘어 조금은 내 인생을 찾아가고 있어  내 입가엔 미소만이 남았어  우리가 얼마나 무엇을 어떻게 하는 것이 아냐  앞을 보며 무작정으로 달리는것이 아냐  진실만으로 깨우친 후에 우정을 말하리  한번더 생각하고 그 뒤에 앞으로 나가리  그리웠던 나의 친구야 네가 너무 보고 싶어  아직 우린 미래가 남아있어 ooh yeah  지금이라도 꿈을 펼쳐봐 너에겐 용기가 있어  너와 나 우리의 우정이 남아있는 걸  ho ho ho steal in my life yo my friend yo my friend yo my drem yo my dream ho ho ho you steal in my yo my friend yo my friend yo my drem yo my dream 해맑은 너의 미소는 이제 가슴속에 남아있어  우리들의 우정은 변치 않길 바래  내 마음속에 간직 했었던 그때 그 기억속에서  다시 찾은 네 맘은 이젠 잊지 않을께
2003.10.05~10.11,45,471121,Do It Yourself,레이지본,Do It Yourself,2003.07.16,Rock,"레이지본,노진우",꿈꾸며 사는 거야  내 인생은 나의 것이니까  눈치 보며 살지마  떳떳하게  Do It Yourself  당당하게 사는 거야  내 인생은 나의 것이니까  나의 길을 가겠어  나의 꿈은 소중하니까  하고 싶은 일이 생긴 것 같아  엄마에게 물어봐야지  그녀가 자꾸 만 보고 싶은데  엄마에게 야단 맞겠지  내 사랑도 내 인생도  힘들 때도 나는 평생  엄마 찾아 삼만리 밥말리  우리 집 강아지 워 아이구 내 새끼 워 니가 난 정말 자랑스럽다  우리 아빠는 내게 말하지  나는 이 길로 가고만 싶은데  아빠는 절대 허락 안하지  이거해라 저거해라  저건 절대 하지마라  머리속에 맴돌아 맴돌아  귓가에 맴돌아 워 이젠 날 냅둬라 워 꿈꾸며 사는 거야  내 인생은 나의 것이니까  눈치 보며 살지마  떳떳하게  Do It Yourself  당당하게 사는 거야  내 인생은 나의 것이니까  나의 길을 가겠어  나의 꿈은 소중하니까  떠나는 소녀여 거기 서다오  제발 다시 돌아와주오  타는 가슴 눈물만 흘린다오  나에게 다시 돌아와주오  첫사랑은 떠나갔지  아버지도 그랬겠지  별이 빛나는 밤에 별밤에 너무나 후회해 워 니맘을 보여줘 워 사랑은 쉽게 떠나간다오  하소연해도 소용없다오  돈주고 살수도 없는거라오  진실만이 소중한거라오  로미오와 줄리엣과  변사또와 김중배는  바보 로맨티스트 로맨스 주위를 둘러봐 워 모두다 똑같아 워 꿈꾸며 사는 거야  내 인생은 나의 것이니까  눈치 보며 살지마  떳떳하게  Do It Yourself  당당하게 사는 거야  내 인생은 나의 것이니까  나의 길을 가겠어 당당하게  나의 꿈은 소중하니까 다른 길로 가면 난 행복해질텐데  자랑스런 착한 아이  아빠는 기뻐할텐데  하지만 난 가고 싶은 길을 갈거야  후회없는 인생 멋지잖아  이건 나의 인생이야  Do It Yourself  꿈꾸며 사는 거야  내 인생은 나의 것이니까  눈치 보며 살지마  떳떳하게  Do It Yourself  당당하게 사는 거야  내 인생은 나의 것이니까  나의 길을 가겠어  나의 꿈은 소중하니까  꿈꾸며 사는 거야  내 인생은 나의 것이니까  눈치 보며 살지마  떳떳하게  Do It Yourself 당당하게 사는 거야  내 인생은 나의 것이니까  나의 길을 가겠어  떳떳하게  Do It Yourself
2003.10.05~10.11,46,460363,난(亂),옥주현,Nan,2003.06.02,Ballad,옥주현,잘 지내고 있겠죠   내 걱정은 물론 하지 않겠죠   난 아직 버릇처럼   그댈 걱정해요   떠나던 그 뒷모습   먼지같은 점이 될때까지도   발걸음조차 뗄 수 없던   그 날 이후   세상끝난 듯 울던 난   웃음도 나왔던 난   넋이 나간 사람처럼   낮과 밤도 잃어버린채   살았지만   다시 생각했죠   그대가 살아있단게 고맙다고   아직은 절망도 이를꺼라고   변한건 없을꺼예요   다만 그대없는 사랑도   난 지켜가죠   네번째 손가락에 오랜   시간 머문 반지자욱도   어느새 채워버린 그댈   본 날 이후   세상끝난 듯 울던 난   웃음도 나왔던 난   넋이 나간 사람처럼   낮과 밤도 잃어버린채   살았지만   다시 생각했죠   어쩌면 그대도 많이 낯설어서   조금씩 내게로 돌아온다고   그렇게 생각할래요 다만 그대   없는 사랑도   홀로 지켜가는거죠   이렇게 시작도 그랬죠  익숙한걸요  아픈것도 내 몫이죠  다만 여전히 그대만을  사랑해요 난
2003.10.05~10.11,47,460401,Bye,임창정,Bye,2003.06.05,Ballad,,오늘은 이제 멀리 가는구나 1분 1초가 야속 하구나 원래 그런가 보다 그 누구가 내 마음 아는가 오늘은 두 번 다시 오진 않는가 더 이상 미련은 내겐 없어 너에 대한 욕심은 끝이 없어 그 동안 추억 간직 하겠어 너에 대한 마음도 간직 하겠어 왜 시간은 항상 아쉬울때 끝나는 걸까 오 나만 그런걸까 왜 시간은 항상 행복할때 끝나는 걸까 나에게만 그런걸까 오늘이 아쉬워 잠 못들고 한숨만 쉬다 잠이들고 오 미련한 사람아 내일 아침에도 또 해가 뜰거야 오늘은 이제 멀리 가는구나 1분 1초가 야속 하구나 원래 그런가보다 그 누구가 내 마음 아는가 오늘은 두 번 다시 오진 않는가 더 이상 미련은 내겐 없어 너에 대한 욕심은 끝이 없어 그 동안 추억 간직하겠어 너에 대한 마음도 간직하겠어 왜 시간은 항상 아쉬울때 끝나는 걸까 오 나만그런걸까 왜 시간은 항상 행복할때 끝나는 걸까 나에게만 그런걸까 오늘이 아쉬워 잠 못들고 한숨만 쉬다 잠이들고 오 미련한 사람아 내일 아침에도 또 해가 뜰거야  이순간 나 너무 행복해 내일 또 모레 오늘 같기를 바래 그게 아니라면 내일이 없다면 난 너무 아쉬워 시간이 미워 오늘이 아쉬워 잠 못들고 한숨만 쉬다 잠이들고 미련한 사람아 내일 아침에도 오늘이 아쉬워 잠못들고 한숨만 쉬다 잠이들고 오 미련한 사람아 내일 아침에도 또 해가 뜰거야 예
2003.10.05~10.11,48,454839,길 (Feat. 불독맨션),데프콘,Lesson 4 The People,2003.05.13,Rap / Hip-hop,데프콘,내 노래 가락에 이 길을 간다네 시원한 바람에 이 길을 간다네 내 노래 가락에 이 길을 간다네 에헤~ 이틀밤을 샜어 내 방한가운데서 많은시간을 내서 떠올린 말을 뱉어  완성한 내 가사의 깊이를 찾으려고 애써 노력을 해봤는데~안돼겠어 답답해지는 이 기분을 달래고 보자 무작정 밖으로 나가서 화내고 보다보니까 가만히 생각을 해보니까 뭘하나 빠트렸던거야 바보~ 바로 지금 내 눈앞에서 보이는 저기 저 아이들에게서 나오고 있는 환한얼굴속에서 보여지는 여유~ 그걸 잠시잊어버리고 있었거든 그래 알았다 이제바로시작하자 여유를 담으니 내 낭만의시 하나가 더욱더 멀리퍼져나간다 차차차 모두같이부르세 라라라 내 노래와(나의 시는)빛을 지녀 아주 단단히 해가되어 가나니 달라진다 다지난 그날까지 내노래와(나의 시는)길을 지켜 바른 낱말이 빛이되어 발하리 달라진날을 맞이한 사람만이 내나이 스물여덟 이제한숨은없어 벅찬가슴을 열어 남자의 꿈을던져 아무리 가진게 없다 할 지라도 내가 걷는길이 자갈밭이라도 난 원망은 안해요 이모두를 기쁘게 받아들일꺼야 그리고 푸른 하늘에 떠있는 구름을 즐기면 또 느껴 여유로운나를 기념할꺼야 힘든가요 세상이 짖��나요? 당신을 몰라주는 사람들이 미운가요? 하지만 조금만 더 생각하고 뒤를봐요 저마다 아름답게 손을잡고 길을가요 지금이 어렵다고 생각할진 몰라도 조금은 단순하게 사는것도 좋아요 그래요 모두같이 시작해요 차차차 한번 더 크게 라라라 내 노래와(나의 시는)빛을 지녀 아주 단단히 해가되어 가나니 달라진다 다지난 그날까지 내노래와(나의 시는)길을 지켜 바른 낱말이 빛이되어 발하리 달라진날을 맞이한 사람만이  내 노래와(나의 시는)빛을 지녀 아주 단단히 해가되어 가나니 달라진다 다지난 그날까지 내 노래와(나의 시는)길을 지켜 바른 낱말이 빛이되어 발하리 달라진날을 맞이한 사람만이 내 노래와(나의 시는)빛을 지녀 아주 단단히 해가되어 가나니 달라진다 다지난 그날까지 내노래와(나의 시는)길을 지켜 바른 낱말이 빛이되어 발하리 달라진날을 맞이한 사람만이
2003.10.05~10.11,49,447645,슬픈 초대장,한경일,Travel ∞ Directions (Bonus Track),2003.02.19,Ballad,김진아,내 야윈 손위로 온 초대장위에  널 데려간다는 그와 니이름  오래전 헤어지던날 자꾸 내눈앞에 스쳐  혼자서도 난 서글픈데  수화기 넘어로 젖은 니 목소리  그때 왜 날 보내줬냐고 첨부터 널 사랑했다면  마지막까지 붙잡아야 했다고  그 많은 사연들 다 버려둔채로 날 떠난 너였잖아  지금 그를 사랑한다면서  왜 이제와서 또 바보처럼 흔들려  누굴 위해 돌아봐  아픈 가슴 추억으로 달래며  니 행복을 믿었는데  차라리 날 다 지워버려  넌 그를 택한 세상에 후회하지 않도록  남들 처럼 나도 멀리서 나마  축하하고 싶으니    다 기억할만큼 모질지 못한 너  날 두번 울리잖아 되돌리긴 너무 늦었는데  왜 이제와서 또 바보처럼 흔들려  누굴 위해 돌아봐  아픈 가슴 추억으로 달래며  니 행복을 믿었는데  차라리 날 다 지워버려  넌 그를 택한 세상에 후회하지 않도록  남들 처럼 나도 멀리서 나마 축하하고 싶으니  부디 가서 영원해줘
2003.10.05~10.11,50,477063,니가 날 떠나,김범수,Friends,2003.07.29,Ballad,채정은,우리에게도 올 수 있구나  이별이 올 줄 몰랐었구나  나의 사랑이 부족했나봐  모자랐나봐 모두 미안해  허나 남으로 살아가라니 좋은 사람을 만나 보라니  아직은 니말 실감이 안나  니가 날 떠나 어찌 날 떠나  이러지마 제발 내 슬픔을 봐  잘 못해줬던 내 후회는 어떡하라고  되돌리고 싶어 날 떠나가지마  가슴이 터질만큼 니가 보고싶어  이렇게 혼자 남겨졌는데  너는 냉정히 일어섰는데  왜 난 아직도 실감이 않나  니가 날떠나 어찌 날 떠나  이제 겨우 모두 다 줄 수 있는데  힘들지 않게 행복하게 하려 했는데  가슴이 아파 너무 보고 싶어  이대로 기다리면 니가 올꺼야  다시 내가 혼자 될줄 몰랐어  이번만은 니가 내생에 마지막이라고 믿었어  어리석게도 이러지마 제발 널 정말 사랑하는데  힘들지 않게 행복하게 모든지 해줄텐데  되돌리고 싶어  날 떠나가지마 가슴이 터질만큼  니가 보고싶어
