time,rank,song_id,title,singers,album,date,genre,creator,lyric
2001.11.11~11.17,1,32574,또 한번 사랑은 가고,이기찬,New Story,2001.09.07,Ballad,박진영,울고 있는 내 모습이 이 젠 항상 나만 이러는게 이젠 너무 지겨워서 너무 한심해서 웃으며 보내보려고 해봤어 연습했던 그 멋진 표정도 준비했던 이별의 말들도 헤어지잔 너의 한마디 말 앞에 모두 잊어버린채 또 난 눈물만 흘렸어 난 이렇게 바라보고 있고  넌 그렇게 멀어져만 가고 또 내 눈엔 눈물이 흐르고 또 한번 사랑은 가고 멀어지는 모습 보는 일이 흐르는 눈물 감추는 일이 너무 익숙해서 많이 겪어봐서 이제 난 웃는 법까지 배웠어 음 사랑하고도 널 보냈듯이 헤어지고도 널 간직할게 다만 한가지 내가 정말 두려운 거는 다시는 맘을 열지 못할까봐 오 난 이렇게 바라보고 있고  넌 그렇게 멀어져만 가고 또 내 눈엔 눈물이 흐르고 또 한번 사랑은 가고 오 난 이렇게 바라보고 있고  넌 그렇게 멀어져만 가고 또 내눈엔 눈물이 흐르고 또 한번 사랑은 가고 또 한번 사랑은 가고
2001.11.11~11.17,2,105886,시간이 흐른 뒤 (As Time Goes By),윤미래,As Time Goes By,2001.09.10,R&B / Soul,심현보,마지못해 살아가겠지 너 없이도 매일 아침 이렇게 일어나 밤새 조금씩 더 무뎌져 버린 기억속에서 애써 너의 얼굴을 꺼내어 보겠지 시간이란 누구에게나 무딘 아픔을 주는지 우 힘든 하루 속에도 늘 니 생각뿐인 나 눈물마저도 말라가는데 as time goes by 난 그게 두려운 걸 니 안에서 나의 모든 게 없던 일이 될까봐 우 눈 감으면 늘 선명하던 니가 어느 순간 사라질까봐 정말 겁이나는 걸 이별이란 서로에게서 지워지는 거라지만 우 많은 사람속에도 늘 니 걱정 뿐인 나 시간마저도 붙잡고 싶은데 as time goes by 난 그게 두려운 걸 니 안에서 나의 모든 게 없던 일이 될까봐 우 눈 감으면 늘 선명하던 니가 어느 순간 사라지게 될까봐 내가 없는 세상이 너는 괜찮은 건지 너에게 잊을만한 추억일 뿐인지 참으려 애를 써도 늘 보고픈 나는 니가 아니면 안될 것 같은데 you're the one as time goes by 난 여기 있어줄게 셀 수 없는 밤이 지나도 사랑했던 그대로 우 혹시라도 너 돌아 오게 되면 단 한번에 나를 찾을 수 있게 as time goes by
2001.11.11~11.17,3,32776,You`re My Life,김민종,You`re My Life,2001.09.25,Ballad,김민종,혹시 내가 달라진 것 같나요 그대가 그런 건가요 나는 아닌데 행복을 느끼는데 그렇다고 난 믿고 있는데 오늘 또 누굴 만났나봐요 나를 몹시 피하는군요 그런가봐요 그렇게 변하는가봐요 영원한 사랑은 그저 떠도는 거짓인가요 oh You're my life 나에겐 텅 빈 그대 행복을 빌어야 하나요 어려워요 나를 달랠 자신 없어요 내 안은 그대뿐이죠  다시 많은 비가 오고 있어요 어제는 비를 맞았죠 괜찮았어요 오히려 포근하던걸요 우리의 많은 날들을 그렇게 보냈었기에 oh You're my life 그대 내 안에 그저 그렇게 떠돈 건 아니죠 행복했던 그대 안의 나의 사랑을 조금 더 간직해줘요 oh You're my life  더 흘릴 눈물도 더 기다릴 작은 힘도 야윈 듯 잠들어 가죠 이렇게 젖은 가슴에 oh You're my life 나에겐 텅 빈 그대 행복을 빌어야 하나요 어려워요 나를 달랠 자신 없어요 내 안은 그대뿐이죠 내 안은 You're my life
2001.11.11~11.17,4,111209,다시 사랑한다 말할까,김동률,귀향 (歸鄕),2001.10.26,Ballad,김동률,마치 어제 만난 것처럼  잘있었냔 인사가 무색할 만큼  괜한 우려였는지  서먹한 내가 되려 어색했을까  어제 나의 전활 받고서  밤새 한숨도 못 자 엉망이라며  수줍게 웃는 얼굴  어쩌면 이렇게도 그대로일까  그땐 우리 너무 어렸었다며  지난 얘기들로 웃음짓다가  아직 혼자라는 너의 그 말에  불쑥 나도 몰래 가슴이 시려  다시 사랑한다 말할까  조금 멀리 돌아왔지만 기다려왔다고  널 기다리는게 나에게 제일 쉬운 일이라  시간이 가는 줄 몰랐다고  다시 사랑한다 말할까  여전히 난 부족하지만 받아주겠냐고  널 사랑하는게 내삶에 전부라  어쩔 수 없다고 말야  그땐 사랑인줄 몰랐었다며  가끔 내 소식을 들을때마다  항상 미안했단 너의 그 말에  불쑥 나도 몰래 눈물이 흘러  다시 사랑한다 말할까  언젠가는 내게 돌아올 운명이었다고  널 잊는다는 게  나에게 제일 힘든 일이라  생각 조차 할 수 없었다고  다시 사랑한다 말할까  좋은 친구처럼 편하게 받아주겠냐고  다시 태어나도 널 사랑하는게  내 삶에 이유란 말야  다시 사랑한다 말할까  조금 멀리 돌아왔지만 기다려왔다고  널 기다리는게  나에겐 제일 쉬운 일이라  시간이 가는 줄 몰랐다고  다시 사랑한다 말할까  여전히 난 부족하지만  받아주겠냐고  널 사랑하는게 내삶에 전부라
2001.11.11~11.17,5,26378,화장을 고치고,왁스,Wax02 : 화장을 고치고,2001.08.09,Ballad,최준영,우연히 날 찾아와 사랑만 남기고 간 너    하루가 지나 몇 해가 흘러도    아무 소식도 없는데 세월에 변해버린    날 보면 실망할까봐 오늘도 나는    설레이는 맘으로 화장을 다시 고치곤해    아무것도 난 해준게 없어    받기만 했을뿐 그래서 미안해    나같은 여자를 왜 사랑했는지    왜 떠나야 했는지 어떻게든    우린 다시 사랑해야 해      살다가 널 만나면    모질게 따지고 싶어 힘든 세상에    나홀로 남겨두고 왜 연락 한번 없었느냐고    아무것도 난 해준게 없어 받기만 했을뿐    그래서 미안해 나같은 여자를    왜 사랑했는지 왜 떠나야 했는지    어떻게든 우린 다시 사랑해야해    그땐 너무 어려서 몰랐던 사랑을    이제야 알겠어- 보잘것 없지만    널 위해 남겨둔 내 사랑을 받아줘    어떻게든 우린 다시 사랑해-야해
2001.11.11~11.17,6,91823,다가라,엄정화,화(花),2001.10.31,Dance,주영훈,이제 맘 편해졌어 누구도 사랑하지 않기로 한 거야 항상 상처뿐인데~ 구속따윈 필요없어 이제부터 늦더라도 아무 부담 없어 애써 전화보고 할 일도 없잖아 누굴 만나든지 어디를 가든지 이젠 내 맘대로 야 다가라 Hey Boys 다신 내 삶을 사랑이란 말로 가둬 두진마 다가라 Hey Guys 다신 내 눈에 그런 눈물 따윈 없을 테니까 모두 다 똑같은 말 나 밖에 없단 말로 위로하려 하지 혹시 말 맞춘 건지 첫사랑은 다 떠났대 술 취한 밤 전활 해서 왜 그리 우는지 첨엔 나에게만 그런 줄 알았어 그런 모습조차 보고 싶지 않아 이젠 내 세상이야 다가라 Hey Boys 다신 내 삶을 사랑이란 말로 가둬 두지마 다가라 Hey Guys 다신 내 눈에 그런 눈물 따윈 없을 테니까  더 이상은 속지 않아 어떤 달콤함도 항상 소유하고 싶을때 뿐이야 이젠 자유롭게 날아보고 싶어 갇힌 내 맘을 열어 다가라 Hey Boys 다신 내 삶을 사랑이란 말로 가둬 두지마 다가라 Hey Guys 다신 내 눈에 그런 눈물 따윈 없을 테니까 다가라 Hey Boys 다신 내 삶을 사랑이란 말로 가둬 두지마 다가라 Hey Guys 다신 내 눈에 그런 눈물 따윈 없을 테니까
2001.11.11~11.17,7,37271,눈물,화요비,Nineteen Plus One,2001.09.17,R&B / Soul,화요비,이럴 수는 없다고  못본걸로 하자고  그렇게 날 위로하며 울었어  혹시 내가 꿈을 꾼건 아닌지  내가 아는 그댄 아닌데  멈춰버린 눈물도  굳어버린 시선도  그 순간을 외면 할 순 없었어  차라리 헤어지잔 말이면  내 맘이 더 나을텐데  몰랐어 이제껏  그대 날 비추던 눈빛들은  그녈위한 연습이었단걸  oh I can't believe it  그댈 보내긴 싫어  어색한 그 눈빛도  혼자서 참아 내면 될텐데  oh I can't believe it  그대와 영원하길  난 약속했는데  이제와서 남겨진 건 눈물  조금씩 멀어져가겠지  그대 안엔 쉽게 버릴  내 사랑만 남아 있을테니까  oh I can't believe it  그댈 보내긴 싫어  어색한 그 눈빛도 혼자서  참아 내면 될텐데  oh I can't believe it  그대와 영원하길  난 약속했는데 이제와서  남겨진건 나 그댈 놓칠순 없어 더 남은 사랑 많은데 이대로 끝내기엔 아직 그댄 oh I can't believe it 나 아닌 누군가의 전부가 될 거란 걸 상상조차 할 수 없었는데 oh I can't give hold time 오직 그대만 바라본  슬픈 사랑은 남겨진건 끝이 없는 눈물
2001.11.11~11.17,8,94934,The End,이현우,Free Your Mind & Body,2001.10.10,Ballad,"정한종,이창현",더 말할 것도 부탁할 것도 없어요 내 마음 이리도 아파한 적은 없어요 모든 게 후회되요 그대여 날 이렇게 떠나나요 그러면 남겨진 내 사랑은 어떡하나요 지쳐져버린 그대 뒷모습 보면서 아무것 해 줄 수 없는 내 자신이 미워져요 이제는 그대 맘에 내가 있을 곳 없나요 제발 처음으로 돌아와 줘요 이제는 돌아와요  나 그댈 위해 버릴 수 있다 믿었죠 그 어떤 아픔도 참아낼 거라 했었죠 나만을 바라보던 그대의 눈빛 속에 내가 있죠 이제는 누굴 위해 사랑을 노래하나요 쓰러져 가는 내가 보이긴 하나요 아무도 꿈 꿀 수 없는 나 환상에 살았나요 더 이상 그대 맘에 내가 있기는 하나요 이젠 나 떠난다 말할 게요 그대여 이젠 안녕 이젠 내가 떠나요 그대를 영원히 다시 볼수 없는 또 다른 곳으로 이젠 내가 떠나요 그대를 영원히
2001.11.11~11.17,9,19811,With Coffee...,브라운아이즈,Brown Eyes,2001.06.07,R&B / Soul,한경혜,Cause you're my love forever  매일밤의 달콤한 낮은 속삭임  부드러운 커피향보다  더욱 진하게 Don't be afraid tonight  졸린 눈 부벼 창문을 열면  기대 앉았던 바람 내 머릴 만져  등뒤에서 너를 안으면  더 행복할 수 없는 걸  바로 지금 여기 시간이 멎어  함께 눈감아도 멋질 거야  같은 시간 속을  두 손 잡고 걸어가게 우  너만을 바라보고 또  너만을 지키고 너만을 원해  내 가진 것 모두  너만을 줄 수 있다면  내겐 기쁨인 걸  Cause you're my lover so baby  Cause you're my lover  that's what I did  Cause you're my lover so baby  so give me a chance  너를 사랑하긴 힘이 들지만  힘든 그것조차 사랑인 걸  내가 살 수 있고 죽는 것은  너인 것을 우 Cause you're my love forever 매일밤의 달콤한 낮은 속삭임  부드러운 커피향보다 더욱 진하게 Don't be afraid tonight 너만의 아주 작은 몸짓도 지나가는 말도 너 있는 모든 것은 커다란 의미가 되는걸 Cause you're my love forever 매일밤의 달콤한 낮은 속삭임 부드러운 커피향보다 더욱 진하게 Don't be afraid tonight Cause you're my love forever 매일밤의 달콤한 낮은 속삭임 부드러운 커피향보다 더욱 진하게 Don't be afraid tonight tonight
2001.11.11~11.17,10,104419,휘파람,CBMass,Matics,2001.10.09,Rap / Hip-hop,"Curbin,최자,개코",M to the U SIC makes me high M to the U SIC makes me fly  music 음악은 내삶 맘속에 휘파람  거친 바람이 부는 현실에도  음악이 주는 따뜻함은  차가웠던 내마음에   소중한 땔감 I'm flow yo 소리바다로 비트의 강약 위로 덤블링을 타고 힘차게 흔들리는 저 equalizer  물결 위에서 나 파도 타고(Yo!yo!yo!yo!)  다같이 maki''n it move!  리듬에 맞춰서 두비둡두 음악만 있다면 돈 없이도  살 수 있고 얻은것이 뭐냐고 왜  여유를 얻은 것이 첫 번째  사랑과 평화를 얻은 것이 두번째 또 세 번째는 삶의 지혜  like 다윗 king's wisdom을 얻은 것 또 check(one two)  Whenever you call me I'll be there Whenever you want me I'll be there Whenever you need me I'll be there I''ll be around  every day every night  늘상 즐겨 들어왔던 favorite beat속에 감춰진 내 삶에 값진 선물 MUSIC mekes me high  어디든 어느 곳에있던   음악과 같이하는 삶이란  음악이 내게 주는 기쁨이란 말해 뭐해 이게바로 fantastic   너의 환상은 농담처럼 진담이 되고 우리의 삶은 음악에서 배우고  나 또한 그렇게 살아가고 손에서 손으로 잡은 나의 마이크   지식과 지혜를 돕는 나의soul mate  인생을 환히 비춰줄 music 나의 light 황폐한 세상에 단 하나의 빛으로  내 삶을 채우고  Whenever you call me I'll be there Whenever you want me I'll be there Whenever you need me I'll be there I''ll be around  Don''t stop keep yo!  이노래를 듣고 춤추는 사람들  keep on move it 내 준비를 beat to the beat yo! music   오직 내 맘속에 빛 날 비춰 주는 따스한 햇살같이  지친 내 영혼의 안식처  music makes me high  내 주위 대기를 메운 선율 속에 나 fly 내 귓속 고막의 깊은 진동으로부터 뭉클한 감동으로 온몸으로 퍼져  소리속 nirvana 툭툭 털어 버려  걱정이 너무 많아  beat 속에 너를 맡겨 또 안겨 자궁속 기억으로부터  포근한 화음으로부터 그로부터 노랫가락 타고   여유를 찾고 깊게 Straight to 영혼에  스며드네 맘속에나 그대 귓속에 흔드네 그대와나 함께 club에서 음악 속에 같은 시간 속에 과거와 현재  교차로 그곳에  M to the U SIC makes me high M to the U SIC makes me fly M to the U SIC It''s my life M to the U SIC makes me high  Whenever you call me I'll be there Whenever you want me I'll be there Whenever you need me I'll be there I''ll be around  Whenever you call me I'll be there Whenever you want me I'll be there Whenever you need me I'll be there I''ll be around  Whenever you call me I'll be there Whenever you want me I'll be there Whenever you need me I'll be there I''ll be around -
2001.11.11~11.17,11,8292,내안의 그녀,성시경,처음처럼,2001.04,Ballad,김진아,나에게 다가와서 잘해주려는 그대  고맙지만 받아들 일 수 없죠  아무 말도 없이 떠나간 그녀를  난 아직도 사랑 하기에   이런 날 보며 그댄 바보 같다 하지만  사랑 이란 건 가슴이 시키죠  나만 사랑 한단 그녀의 고운 약속을  아직 난 믿고 있기에   좀 늦을뿐일 거예요  아마도 먼 길 갔다 오는 그 길에  내 곁에 있는 그대를 보고  혹시 되돌아 갈지 모르니   그만 돌아가 줘요  그대에겐 참 미안 하지만  슬픔속에도 기다려지는 내사랑  그녀 뿐이죠 -  날 맘에 두지 말아요  또 다른 사랑 할 수 없는 나니까  늘 꿈 속에 다녀가는 그녈  잊을 수 없는 날 이해 해요   그만 돌아가줘요  그대에겐 참 미안 하지만  슬픔 속에도 기다려 지는 내사랑  그녀 뿐이죠   내게 미안해하며 언젠가는  날 찾을 그녀죠  편히 돌아올 수 있도록  나의 곁을 비워 두고 싶어요   영원히 올 수 없다고 해도  추억만은 지키며 -
2001.11.11~11.17,12,1137836,Lately,성시경,Try To Remember (Special),2003.05.27,Ballad,,lately I have had this strangest feeling with no vivd reasons here to find yet the thought of losing's been hanging round my mind far more requently    you're wearing perfume with you say no special place to go but when I ask will you be coming back soon you don't know never now well I'm a man of many wishes I hope my premonition misses but what I really feel my eyes won't let me hide cause they always start to cry cause it's time  could mean good good bye lately I've been staring in the mirror very slowly picking me apart trying to tell myself that I have no reason with your heart just the other night while you were sleeping I vaguely heard you whisper someone's name but when I ask you of the thoughts you're keeping  you just say nothing's changed I'm a man of many wishes I hope my premonition misses but what I really feel my eyes won't let me hide cause they always start to cry cause it's time could mean goodbye goodbye I'm a man of many wishes I hope my premonition misses but what I really feel  my eyes won't let me hide cause they always start to cry cause it's time could mean good goodbye
2001.11.11~11.17,13,94291,미쳐,이정현,Magic To Go To My Star,2001.10.23,Dance,"이승호,윤일상",왜 우니 또 왜 그리 바보같이  혼자니 왜 못 잊니 그 사람을  이미 끝나버린 사랑 어떻게든 지워버려   바보야 이 바보야 이러지마  어리석게 추억에 기대지마  다시는 돌아오지 않아 이젠 울지마   너 땜에 미쳐 있을 땐 미처  이럴 줄 몰랐었어  행복에 갇혀 모든 걸 바쳐  사랑만 했으니까   어떻게 네가 떠날 수 있니  그럴 줄 몰랐었어  내 맘의 상처 추억에 다쳐  쓰라려 아파하길   차라리 너 이 세상에 없었음 좋겠어  영원히 널 미워하고 원망할거야  나는 이제 어떻게 해   더이상 그 누구도 사랑할 수 없어  난 어떻게 살아가야 하니  다시 내게 돌아올 수 없니 사랑해   이렇게 니앞에서 무릎 꿇고 빌게  죽을 만큼 다시 사랑할게  니가 보고싶어 미쳐버릴 것 같아  내게로 돌아와  날 혼자 버려두지마   이제서야 사랑이란 걸 깨우친 걸  늦은 후회뿐인 걸 하지만 널 잊기 위해 나  그렇게 애를 썼지만 소용없는 걸  네가 비운 자리 채워보려 했지  그 무엇도 그 누구도 채워질 수 없었지  이만큼 이토록 너를 사랑하기에   네 맘이 닫혀  네 맘이 닫혀 떠날 땐 미쳐  이럴 줄 몰랐었어  내 맘에 상처 추억에 다쳐  이토록 아플 줄은   네가 너무 보고 싶어 죽겠어 어떡해  너 하나만 바라보고 살아갈테니  제발 내게 돌아와줘   더이상 그 누구도 사랑할 수 없어  난 어떻게 살아가야 하니  다시 내게 돌아올 수 없니 사랑해   이렇게 니앞에서 무릎 꿇고 빌게  죽을 만큼 다시 사랑할게  니가 보고싶어 미쳐버릴 것 같아  내게로 돌아 내게로 돌아와   아무리 멀리 있어도 아무리 오래 걸려도  돌아올 그날까지 기다릴거야  다시는 거울 앞에서 다시는 울지 않을래  다시 넌 돌아와 줄 테니까
2001.11.11~11.17,14,91166,천만에요,애즈원,천만에요 2집,2001.08.18,R&B / Soul,강은경,그가 먼저 나간 뒤홀로 남아  리필을 청했죠  커필 기다리면서 잠시  화장을 고쳤죠  문득 지갑 속에 남은 그가  생각이 났죠  웃는 그를 잘게 조각내 반쯤  남은 잔에  모두 털어버린 거죠  아마도 그는 내가 지금쯤은  너무 걱정돼 미치겠죠 자기가  버리곤  상심한 그 나머지 혹 차에  뛰어들진 않을까   천만에요 멀쩡해요 난  까펠 나온 다음엔 이곳저곳  쇼핑을 했죠  가장 화려한 걸로 옷도  한아름 골랐죠  한참 돌아다닌 동안 차츰  허기가 졌죠  남자친구 생각이 났죠  너 전활 하자마자  금새 달려 와 준거죠  아마도 그는 내가 지금쯤은  너무 불안해 미치겠죠 그렇게  떠난 후  살고 싶지 않아져 딴 생각을  하지 않을까  천만에요 멀쩡해요 난  늘 알고 싶었죠 정말 알고 싶었죠  대체 사람들이 이별한 뒤에  그 심정을  알 것 같네요 나 어떤 마음인지  슬픈 것도 아닌 이 기분  하루 온종일 우울할 새 없도록  내 멋대로 살 거예요  어쩜 오히려 나보다 더 그가  이젠 가슴이 허전하고 힘들지  몰라요  그럴지도 모르죠 나 기다리며   후횔할런지  천만에요 필요없죠 난  헌데 아마도 눈물샘이  고장난 거 같아요  자꾸 눈물이 왜 흐르죠
2001.11.11~11.17,15,104759,Baby Baby,조규찬,Thank You (For Saving My Life),2001.11.01,Ballad,"도철,왜왜",이런 나를 상상할 수 없겠죠  차갑기만 했던 사람이  세상 모든게 의미없는 것처럼  사진 한장에 웃고 우는 모습  그대 없는 내가 나을것 같다며  지쳐 떠나버린 그대  이젠 나 없이도 행복할텐데  해마다 오는 그대의 날엔  그댈 너무 보고싶은걸  baby baby baby 기억하나요 baby my baby 언제나 걷던 그길로 그대 와주면 돼요 오늘이 내게는 오랜 기다림 그대에게는 우연같은 만남 baby 이런 나를 이해할수 없겠죠 바라기만 했던 사람이 아무런 기대없이 이렇게 그댈 멀리서 혼자 바라보는 모습 그대없는 내가 나을것 같다며 지쳐 떠나버린 그대 이젠 나 없이도 행복할텐데 해마다 오는 처음 만난 날엔 그댈 너무 보고싶은걸 baby baby baby 기억하나요 baby my baby 언제나 걷던 그길로 그대 와주면 돼요 오늘이 내게는 오랜 기다림 그대에게는 우연같은 만남 baby 일년에 단 한번만이라 해도 그댈 만날수만 있다면 또다시 일년을 버틸수 있게 오 그럴수 있잖아요 baby baby baby 기억하나요 baby my baby 언제나 걷던 그길로 그대 와주면 돼요 오늘이 내게는 오랜 기다림 그대에게는 우연같은 만남 baby baby baby 기억하나요 baby my baby  언제나 걷던 그길로 그대 와주면 돼요 오늘이 내게는 오랜 기다림  그대에게는 우연같은 만남
2001.11.11~11.17,16,106172,봄날은 간다,김윤아,Shadow Of Your Smile,2001.11.20,Rock,,"눈을 감으면 문득  그리운 날의 기억  아직까지도 마음이 저려 오는 건  그건 아마 사람도  피고 지는 꽃처럼  아름다와서 슬프기 때문일 거야, 아마도.  봄날은 가네 무심히도  꽃잎은 지네 바람에  머물 수 없던 아름다운 사람들  가만히 눈 감으면 잡힐 것같은  아련히 마음 아픈 추억같은 것들  봄은 또 오고  꽃은 피고 또 지고 피고  아름다와서 너무나 슬픈 이야기    봄날은 가네 무심히도  꽃잎은 지네 바람에  머물 수 없던 아름다운 사람들  가만히 눈 감으면 잡힐 것같은  아련히 마음 아픈 추억같은 것들  눈을 감으면 문득  그리운 날의 기억  아직까지도 마음이 저려 오는 건  그건 아마 사람도 피고 지는 꽃처럼  아름다와서 슬프기 때문일 거야, 아마도"
2001.11.11~11.17,17,94303,Magic,채정안,3집 Goddess... Her Fate,2001.10.18,Dance,홍지유,잠에서 깨지 못한 숨결  순간에 마법에 이끌려  한번도 허락하지 않던 나의  사랑의 닫힌 눈을 떠 차갑게 떠민 손을 잡아  아꼈던 내 마음을 담아  남 몰래 간직했던 비밀 모두  그것도 전해주고 싶은 맘  얼마나 기다려야  사랑이 다가오는지 몰라  매일 오는 밤처럼  그렇게 꼭 와준다면  Tell me Show me Give me  들리는 짙은 너의 향기  Kiss me  모자란 나의 맘을 채워줄  너만은 언제나  내곁에 살아주면 돼  Tell me Show me Give me  열리는 깊은 너의 눈빛  Touch me  가녀린 내 사랑을 찾아줄  운명이 너라면  이제는 내게 들어와 Magic in your eyes  You are the another my life Magic in your eyes  You are the another my life  슬픔이 기쁨 보다 많아  햇살이 와도 시들었어  또다시 보고싶지 않은 날들  내 안에 너를 담은 이후로  엇갈린 만남처럼 그냥 널  스쳐 지나갔다면  끝을 알지 못하는  시간에 남았을꺼야  Tell me Show me Give me  들리는 짙은 너의 향기  Kiss me  모자란 나의 맘을 채워줄  너만은 언제나  내곁에 살아주면돼  Tell me Show me Give me  열리는 깊은 너의 눈빛  Touch me  가녀린 내사랑을 찾아줄  운명이 너라면  이제는 내게 들어와  영원히 하나뿐인 날 데려가  너와 나의 바램들을 위해  Tell me Show me Give me  열리는 깊은 너의 눈빛  Touch me  가녀린 내 사랑을 찾아줄  운명이 너라면  이제는 내게 들어와
2001.11.11~11.17,18,90731,고백,장나라,First Story,2001.06.19,Ballad,박경진,사랑해요 그대 이젠 내가 아닌 그대지만  사랑해요 그대 만질 수도 없는 사람이지만  힘들다는 말을 들었죠  슬픈 목소리 볼 순 없었죠  내가 할 수 없는 그대 바램들 그댈 포기하게 하는 얘기들   그대 그렇게 힘든가요 기다리기 너무 지루한가요  그대에게 주기로 한 작은  선물은 내 손에 있는데  그댄 이별을 주나요  견딜수 있나요  내가 없는 세상의 하루를  견딜수 있나요  시린 아침 홀로 남은 시작을  그대없는 젖은 가슴을  안고 살아야 하는건가요  그대라도 괜찮기를 바래요  그대 아직 나의 사랑이니까   하늘이 보내준 사랑을  그토록 애태워 찾은 사랑을  더는 이해시킬 힘도  참아낼 힘도 남아있지 않아  떠난 그댈 또 보네요  이별에는 서툰 우리였기에  쉽게 헤어질 수 없었던거죠(없었던거죠)  그랬던 거겠죠  우리 더 많은 시간지나면  이별할 수조차 없겠죠  하늘이 보내준 내사랑을  그토록 애태워 찾은 사랑을   더는 이해시킬 힘도  참아낼 힘도 남아있지 않아  떠난 그댈 또 보네요
2001.11.11~11.17,19,503258,사미인곡,서문탁,Seomoontak 3rd,2001.09.20,Rock,이영준,만백성에게 고하노니 사랑하며 살지어다 대체 무슨 일을 하관데 사랑하지 않고 살아가오 쉬었다 간들 어떨소냐 난 사랑하며 사는 도다 인생이 이리 짧을진데 어찌 사랑 맘껏 안하리오 Feel me Love me 사람이라면 응당 그래야 하거늘 이렇게 된 세상 어이할꼬 Love for Love for Love 꼭 그리 하오리다 사랑하며 살고 그 안에서 행복을 이룰지니 난 사랑을 하나니 정녕 있는 힘껏 사랑하며 그렇게 살으리오다  그대들에게 이르노니 사랑 속에 살리로다 어찌 혼자 살아 가리오 이제 둘이 함께 가자스라 Feel me Love me 사람이라면 응당 그래야 하거늘 이렇게 된 세상 어이할꼬 Love for Love for Love 꼭 그리 하오리다 사랑하며 살고 그 안에서 행복을 이룰지니 난 사랑을 하나니 정녕 있는 힘껏 사랑하며 그렇게 살으리오다  이제야 얻는 내 사랑을 지켜가게 하소서 오 나의 하늘님이여 Come on Come on 쭉 사랑을 하리라 둘이 함께 가는 길일진데 멀다고 힘들소냐 난 사랑에 미친 자 꿈에서 난 깨지 않으리라 사랑 안에 살리라
2001.11.11~11.17,20,91846,항상 엔진을 켜둘께,델리스파이스,D,2001.09.13,Rock,"김민규,김동영",휴일을 앞둔 밤에 아무도 없는 새벽  도로를 질주해서 바닷가에  아직은 어두운 하늘 천평궁은 빛났고  차 안으로 스며드는 찬공기들   기다릴께 언제라도 출발할 수 있도록  항상 엔진을 켜둘께  너와 만난 시간보다 많은 시간이 흐르고  그 바닷가에 다시 또 찾아와   만약 그때가 온다면 항상 듣던 스미스를  들으며 저 멀리로 떠나자   기다릴께 언제라도 출발할수 있도록  항상 엔진을 켜둘께 -  기다릴께 언제라도 출발할수 있도록  항상 엔진을 켜둘께  돌아오지 않더라도 난 여기에 서 있겠지  아마 엔진을 켜둔 채   기다릴께 언제라도 출발할수 있도록  항상 엔진을 켜둘께  돌아오지 않더라도 난 여기에 서 있겠지  아마 엔진을 켜둔 채 -
2001.11.11~11.17,21,33651,그 해 여름,강타(KANGTA),Polaris,2001.08.16,Ballad,강타(KANGTA),그래 나 알고 있어 다 이해할께 헤어지잔 너의 그 말도 하지만 혹시나 하는 맘에 너를 붙잡던 날 이해해줘  몇 번이고 수화기를 들어 전화하려 했지만 아무말도 할 수 없어 하루에 몇 번씩 걸던 전화가 왜 이리도 누르기 힘든건지  언제고 다시 니가 날 찾으면 어디든달려가겠다고 말했지만 그것도 역시 날 떠나가는 너의 마음을 편치 않게 할까봐  행복해 난 너만 행복해하면 니가 어떤 사람을 만나도 상관 없어 이런 내 모습이 초라해도 사랑은 자존심이 아니잖니  사랑해 오랜 시간이 흘러도 세상 모든 것이 다 변해도 널 사랑해 이젠 너 없이도 울지 않아 가끔은 보고 싶어지겠지만   너의 편지 너의 선물도 너의 기억들 나 어떻게 지워야 하니 이러면 안되는 걸 알고 있는데 편하게 보내줘야 하는데  나 이렇게도 이기적인건 우리 만날 때와 헤어진 지금도 같지만 이해해줄래 너무도 사랑했다는 마지막 내 표현일 테니까  행복해 난 너만 행복해하면 니가 어떤사람을 만나도 상관 없어 이런 내 모습이 초라해도 사랑은 자존심이 아니잖니  사랑해 오랜 시간이 흘러도 세상 모든 것이 다 변해도 널 사랑해 이젠 너 없이도 울지 않아 가끔은 보고 싶어지겠지만  시간이 지나 나 역시도 널 잊어가겠지만 기억해줄래 우리가 사랑했었던 수많은 그 눈물의 약속을  행복해 난 너만 행복해하면 니가 어떤사람을 만나도 상관 없어 이런 내 모습이초라해도 사랑은 자존심이 아니잖니  사랑해 오랜 시간이 흘러도 세상 모든 것이 다 변해도 널 사랑해 이젠 너 없이도 울지 않아 가끔은 보고 싶어지겠지만
2001.11.11~11.17,22,503342,선물,유엔,Traveling You,2001.07.11,Ballad,최수정,그대 두 눈가에 흐르는  눈물을 바라보면 가슴 아파요  행복하게 하지 못해서 세상에  태어나 처음 후회가 되요    나 부족 하지만 그댄 힘이 들 때  오히려 날 위로 하네요  하얗고 작은 손에 끼워 준 반지  작은 선물 하나도 눈물을 글썽 거리는    그런 널 나는 사랑하니까 너무 모자라니까  그댈 생각하면 눈물이 흘러  너무도 부족한 사랑 그댈 지키고 싶은  내 맘 항상 잊지 말아요    그대 뒷모습을 보면서  이렇게 이기적인 내가 미웠죠  비 내리는 창가에 서서  가득히 너를 안고 말하고 싶어    나 다시 태어나 너를 사랑해도  그 때도 날 만나 주겠니  이 세상 누구보다 소중한 사람  언제나 내 곁에서 환하게 웃을 수 있는    그런 널 나는 사랑하니까 너무 모자라니까  그댈 생각하면 눈물이 흘러  너무도 부족한 사랑 그댈 지키고 싶은  내 맘 항상 잊지 말아요 -
2001.11.11~11.17,23,24677,흐르는 강물처럼,김진표,JP3,2001.07.06,Rap / Hip-hop,"Ray,김진표",하루종일 신이 나게 싸웠지 미친듯이 고래고래 소리질렀지 이제 그만 때려쳐 모든 것들 관두자구 있는 힘껏 마구 소리질렀다구 어떻게 그럴 수 있냐구 우릴 이어주는 한 가닥 만이 남아버린 이제 마지막 정말 그것마저 끊겨 나갈꺼라 나는 생각했지 이렇게 지난 뒤 생각해 보니 정말 웃음만이 이제 그저 얘깃거리 우리 추억부르는 소리 그래 정말 미친듯이 애를 써봤자 때론 절대 엉켜 풀리지도 않지 허나 이제 정말 조금은 알 것 같아 절대 서두를 것 하나 없지 Like a river flows The thing I've come to know In the making of me You give the love I need Like a river flows 아주 어렸을 때 그땐 뭐가 그렇게도 무서웠었는지 아주 아련한 기억 속에 너무도 크게 울며 미친듯이 떨며 불안해 하면 생각하지 말고 이제 그만 자렴 어머니의 따스한 손길이 내 볼을 스칠때면 알 수 없는 포근함이 감도는 나의 내면 시간은 다시 돌아와 또 추억 속에 빠지는건 잠시라고 지금은 너무도 많은 것들이 바껴 눈 적셔주던 마음 아껴 이젠 내가 나의 손을 내밀 차례 첨엔 어색도 하겠지만 또 이제 금방 익숙해지겠지 모든 것들이 그렇듯이 흐르는 시간이 해결해 주겠지 Like a river flows The thing I've come to know In the making of me You give the love I need Like a river flows 벌써 7년 이 시간 잘 보내왔는지도 모르는 채 정말 앞만 보며 뛰어왔지 그 언젠가 내가 뒤를 돌아볼 때 사랑하는 친구 나의 식구 영원히 함께 할 나의 여자친구 또한 나의 음악 사랑해 주는 많은 사람들이 나를 맞이해줬으면 끝까지 Like a river flows Like a river flows The thing I've come to know In the making of me You give the love I need Like a river flows Like a river flows The thing I've come to know In the making of me You give the love I need Like a river flows
2001.11.11~11.17,24,1116679,I Believe,신승훈,엽기적인 그녀 OST,2001.08.01,Korean Movie,양재선,I believe 그댄 곁에 없지만  이대로 이별은 아니겠죠  I believe 나에게 오는 길은  조금 멀리 돌아올 뿐이겠죠  모두 지나간 그 기억속에서  내가 나를 아프게 하며  눈물을 만들죠  나만큼 울지 않기를 그대만은  눈물 없이 날 편하게 떠나주기를  언젠가 다시 돌아올  그대 라는 걸 알기에 난 믿고 있기에  기다릴께요 난 그대여야만 하죠  I believe 내가 아파할까봐 그대는 울지도 못했겠죠  I believe 흐르는 내 눈물이  그댈 다시 내게 돌려 주겠죠  자꾸 멈추는 내 눈길 속에서  그대 모습들이 떠올라 눈물을 만들죠 나만큼 울지 않기를 그대만은 눈물 없이 날 편하게 떠나주기를 언젠가 다시 돌아올 그대라는 걸 알기에 난 믿고 있기에 기다릴께요 난 그대여야만 하죠 나 그댈 알기 전 이 세상도 이렇게 눈부셨는지 그 하늘 아래서 이젠 눈물로  남겨졌지만 이 자릴 난 지킬께요 그대란 이유만으로 나에게는 기다림 조차 충분히 행복하겠죠 사랑한 이유만으로 또 하루가 지나가고 오는길 잊어도 기다릴께요 난 그대여야만 하죠 난 그대여야만 하죠
2001.11.11~11.17,25,8302,내게 오는 길,성시경,처음처럼,2001.04,Ballad,양재선,지금 곁에서 딴 생각에 잠겨 걷고 있는 그대  설레는 마음에 몰래 그대 모습 바라보면서  내안에 담아요   사랑이겠죠 또 다른 말로는 설명할수 없죠  함께 걷는 이 길 다시 추억으로 끝나지않게  꼭 오늘처럼 지켜갈께요   사랑한다는 그 말 아껴둘 걸 그랬죠  이젠 어떻게 내 맘 표현해야 하나  모든 것이 변해가도 이 맘으로 그대 사랑할께요   망설였나요 날 받아주기가 아직 힘든가요  그댈 떠난 사람 그만 잊으려고 애쓰지마요  나 그때까지 기다릴테니   사랑한다는 그 말 아껴둘 걸 그랬죠  이젠 어떻게 내맘 표현해야 하나  모든 것이 변해가도 이 맘으로 그대 사랑할께요   눈물이 또 남아있다면 모두 흘려버려요  이 좋은 하늘아래 우리만 남도록   사랑할 수 있나요 내가 다가간만큼  이젠 내게 와줘요 내게 기댄 마음  사랑이 아니라해도 괜찮아요 그댈 볼 수 있으니  괜찮아요 내가 사랑할테니 -
2001.11.11~11.17,26,25629,떠난 너,김현정,Wild Beauty,2001.07.24,Dance,김현정,Why Why 속절 없는 사랑아 이미 떠나 버린 사랑아  Hi Hi 나도 울고 너 울고 우리 모두 울고 간 사람 Bye Bye 혼자 남은 내 마음 상처로 깨지고 아프고 아아 버틸 수 있는 모든 걸 아아 가져가버린 내 마음 깊은 곳 모든걸  다 함께 가져가버린 너 바람처럼 사라져 가서  다른 어떤 곳에 다시 정착하려 하다니  너만 아는 사람 함께 하자 할 땐 언제고  그렇게 멀리 가 다신 우연히도 마주치지 않을 것처럼 떠난 너 So So 냉정하게 떠나가 바보 같이 떠난 사람아 혹시라도 말 못할 그런  일 있는 건지 I can feel who who you are 아아 내게 진실만을 말해 줘 아아 지쳐가버린 아아 날 버리고 가게 한 이유 고작 다른 여자라니 바람처럼 사라져 가서  다른 어떤 곳에 다시 정착하려 하다니  너만 아는 사람 함께 하자 할 땐 언제고  그렇게 멀리가 다신 우연히도 마주치지  않을 것 처럼 바람처럼 사라져 가서  다른 어떤 곳에 다시 정착하려 하다니  너만 아는 사람 함께 하자 할 땐 언제고  그렇게 멀리가 다신 우연히도 마주치지  않을 것 처럼 떠난 너 떠난 너 떠난 너
2001.11.11~11.17,27,1096487,내게 와 줘,YB,An Urbanite,2001.06.29,Rock,김나애,햇살처럼 눈부시게 내 마음에 쏟아지는 아름다운 그녀 모습 내 마음을 설레게 해 혹시 오늘 아침에도 그녈 만날 수 있을까 그럼 이제 용기를 내서 한번 말을 걸어볼까 아침마다 항상 힘들게 눈을 뜨던 나를 이제 달콤하게 깨우는 그녀 생각 자꾸 자꾸 웃음이 나와 나의 마음속의 그녀 내 맘을 간지럽히나봐 태연한 척 애써봐도 내 가슴을 뛰게 하는 아름다운 그녀 모습 점점 다가오고 있네 오늘은 꼭 그녀에게 좋아한다 말해야지 무슨말을 먼저할까 어떤 표정을 지을까 하지만 내곁을 무심히 스쳐 지나가는 그녀 다른 남자품으로 달려가네 한낱 꿈에 불과했었나 그녀를 원한 나의 마음 또 다시 무참히 깨지네 어디있나 내 사랑은 언제까지 외롭게 날 기다리게 할까  어디있나 내 사랑은 언제까지 외롭게 날 기다리게 할까 누구일까 내 사랑은 언제까지 외롭게 날 기다리게 할까 Oh oh oh oh oh oh 이젠 나도 사랑하고 싶어 Oh oh oh oh oh oh 어디있나 이젠 내게와줘
2001.11.11~11.17,28,21749,가장 슬픈 말,제이,Beautiful Ones,2001.06.21,R&B / Soul,심상원,처음 본 듯한 너의 행복한 모습  그녀와 함께 있는 네가 어색해 보여도  너무 잘 어울리는 걸  네게 잘해 줄 것만 같아  그녀는 정말 따뜻해 보여  I start to cry  when I hear you say goodbye  애써 웃어 보려 해도 내 맘은 울고있어  since the day you've gone  everyday and everynight I cry  너를 향한 사랑을 네가 알 수 없도록  감춰둬야 해  이해하겠니 사랑도 넘치면  또 쉽게 이별이 와 다신 우릴 볼 수 없게 해 서툰 나의 고백으로 어쩜 널 잃게 될지 몰라  차라리 그냥 지금 이대로  It breaks my heart do you know  I can't have you now  애써 웃어 보려 해도 내 맘은 울고있어  since the day you've gone  everyday and everynight I cry  너를 향한 사랑을 네가 알 수 없도록  감춰둬야 해  이 세상에 가장 슬픈 나의 말을 넌 알고있니  닿을 수 없는 내 고백처럼 사랑해 so for love  생애 두 번은 못 올 만큼  언제까지나 널 사랑해  since the day you've gone  everyday and everynight I cry  지금 네 앞에 다가온  그녀와의 사랑으로 행복하다면  나를 지워줄게
2001.11.11~11.17,29,1289869,오빠는 황보래용,이가희,Lee Ga Hee 1집,2006.07.07,Ballad,,친구들 말은 못하고 내가 눈이 삐었다고 수군대요 지네가 뭘 알겠어요 보는 눈이 낮아 그럴 뿐인거죠 오빠의 머리가 빨리 빨리 벗겨 지고 배가 나오면 좋겠어 그래야 나 말고 그 아무도 관심 가지지 못하게 그 누가 뭐라고 말을 해도 오빠는 내게 황보래용 세상을 왕따 시켜 주세요 나만의 오빨 가질 수 있게 You're mine 오빠 돈 못 벌어도 괜찮고 능력이 좀 딸려도 상관 없어요 바람만 안 피면 난 고맙지 그것만은 용서 못해 그 누가 나를 비웃는 데도 오빠는 나의 황보래용 세상을 왕따 시켜 주세요 바로 그 만화 주인공처럼 You're mine  그 누가 뭐라고 말을 해도 오빠는 내게 황보래용 세상을 왕따 시켜 주세요 나만의 오빨 가질 수 있게 그 누가 나를 비웃는 데도 오빠는 나의 황보래용 세상을 왕따 시켜 주세요 나만이 가질 수 있게 You're mine
2001.11.11~11.17,30,105694,내 입술... 따뜻한 커피처럼,샵,Flat [♭] (Flat Album),2001.11.05,Ballad,원태연,If you've ever biin in love before  I know you feel this beat  If you know it Don't be shy  and sing along  울지마 이미 지난 일이야  삶의 반직선 위에 점일뿐이야  살아가면서 누구나 겪는일이야  어른이 되는 단지 과정일뿐야  yo 단지 과정일뿐야  제발 이러진 말아요  끝이라는 얘기  나는 항상 시작인걸요  그대 사랑하는 마음  점점 커져가고 있는 날  잘 알잖아요  네가 밟고 걷는 땅이  되고 싶던 난  잠시라도 네 입술 따뜻하게  데워 준  커피가 되어주고 싶었던 난  아직도 널 울리고 있을거야  아마도 난  사랑해 사랑하는 마음말고 왜  이렇게도 너무 필요한 게  많은건지 왜  지금 널 만나지 않아도 널  울리고 있을  내가 나는 왜 이리도 싫은건지  나를 많이 알잖아요 그대  사랑하며  나를 모두 버렸다는 걸  혼자 울며 걷는 나를  모르나요 그러니 제발  이러지 마요  hey girl can you please  tell me why  no why no you don't have  to lie  and it hurts me in side  but I want you to know  I'll be waiting  그래 어느 하늘아래 안에  작은 내 사랑  이젠 나의 사랑한단 말도  의미도 잠시 넌  우리의 힘들었던 지나간  나의 넌 기리 위리  우리의 기리 위리 돌릴  수 없는 우리  I know 이제는 돌리지  못할 거란 걸  you know 아니 너를  사랑한단 걸  오래 전 노래처럼 오래오래  널 간직할래  그래 너만을 위한 나의  사랑은 이래  remember I miss you  난 하지만 행복해 이젠 넌 잘  할 수 있을께  네가 연습이 힘들었던 만큼  다음엔 꼭 나 같은  남자 피해갈테니  자상하고 부드럽고 따뜻한  남자였음 좋겠어  너의 부모님 마음 충분히  만족시켜 드리고  편하게 해드릴 수 있는 단  한 방울의 눈물없이  단 한 번의 아픔없이 상처없이  너무 편안한 사랑을  했음 좋겠어  꿈에서라도 싫어요  떠나지 말아요  나는 죽을지도 몰라요  이대로 행복한걸요 모르겠나요  아무것도 바라지 않아  지나간 사랑으로 날  그대의 추억 속에서 살게  할건가요  사랑은 계속 커져갈텐데  이대로 나를 정말 보낼건가요  울지마 이미 지난 일이야  버틸 수 없을만큼 힘들겠지만  삶의 반직선 위의 점일뿐이야  어느 때보다도 긴 시간이겠지만  살아가면서 누구나 겪는일이야  쉽게 받아들일 수는 없겠지만  어른이 되는 단지 과정일뿐야  yo 단지 과정일 뿐야
2001.11.11~11.17,31,8308,Second Love,최재훈,Trap,2001.04.18,Ballad,로이,나를 바라보아요 그대가 사랑한 나였잖아요 이렇게 눈물 보이고 뒤돌아서면 그럼 나는 어떡하나요 거짓말 하는거죠 그대도 나 없인 살 수 없잖아요 이렇게 우린 만난뒤로 세상 모든걸 얻은 것처럼행복했잖아요 이제 그대에게 내 맘을 보여주려 했는데 내가 부족했나요 그런가요 슬픈표정 싫어요  거짓말 하는거죠 그대도 나 없인 살 수 없잖아요 이렇게 우린 만난뒤로 세상 모든걸 얻은 것처럼행복했잖아요 이제 그대에게 내 맘을 보여주려 했는데 내가 부족했나요 그런가요 아무 말이라도 대답해줘요 아무것도 가진게 없어 사랑한단 말 대신 미안하다는 말도 하지 못하고 눈물만 삼켜 버린 나
2001.11.11~11.17,32,25594,기다리는 이유,임창정,Different Color,2001.07.26,Ballad,조은희,그댈 보내도 되나요  처음으로 되돌아 갈 수 있나요  나 없이 안 된다던 그대가  혼자 가기엔 먼 길이 될텐데    눈물 보이면 되는지  잘 살라고 손잡아 주면 되는지  어떻게 헤어져야 하는지  내가 배운 건 사랑이 전분데    울지 말아요 그대 맘을  채우지 못했던 날 탓해요  이별은 혼자서도 할 수 있나요 워-  내 허락이 없이도 끝을 향해 가겠죠  미안해요 나의 곁에서  더 힘들었을 거라고  차라리 믿을께요 아파도-    그대 내게 준 것처럼  나 받은 걸 모두 주면 되는지  추억도 이젠 짐이 되나요  내게 남은건 그 하나뿐인데  울지 말아요 그대 맘을  채우지 못했던 날 탓해요    이별은 혼자서도 할 수 있나요 워-  내 허락이 없이도 끝을 향해 가겠죠  미안해요 나의 곁에서  더 힘들었을 거라고  차라리 믿을께요 아파도    이 세상에겐 비밀로 해요  함께 해왔던 그 날처럼 늘 이대로  사랑은 혼자서도 할 수 있겠죠 워-  그대 상관 없이도 잊지 못할 나니까  괜찮아요 영원한 슬픔에  끝내 살아간대도  내 기다릴 이윤 그댈 테니-
2001.11.11~11.17,33,21360,밤이 깊었네,크라잉넛,하수연가 (下水戀歌),2001.06.01,Rock,캡틴락,밤이 깊었네 방황하며 춤을 추는 불빛들  이밤에 취해  술에 취해  흔들리고 있네요.  벌써 새벽인데 아직도 혼자네요  이 기분이 나쁘지는 않네요.항상 당신곁에 머물고 싶지만  이밤에 취해  술에 취해  떠나고만 싶네요.  이 슬픔을 알랑가 모르겄어요.  나의 구두여 너만은 떠나지 마요.  하나둘 피어오는 어린시절 동화같은 별을 보면서  오늘밤 술에 취한 마차타고 지친달을 따러가야지.  밤이 깊었네 방황하며 노래하는 불빛들  이밤에 취해  술에 취해  흔들리고 있네요    가지마라 가지마라 나를 두고 떠나지마라.  오늘 밤 새-빨간 꽃잎처럼 그대 발에 머물고 싶어.  딱 한 번만이라도  가지마라 가지마라   날 위해 웃어준다면  나를두고 떠나가지마라   거짓말이었대도  가지마라 가지마라   저별을 따다줄텐데  나를두고 가지마라   아침이 밝아오면  가지마라 가지마라   저 별이 사라질텐데  나를 두고 떠나가지마라   나는 나는 어쩌나  가지마라   차라리 떠나가주오. 워-어-오-  하나둘 피어오는 어린시절 동화같은 별을 보면서  오늘밤 술에 취한 마차타고 지친달을 따러가야지.  가지마라 가지마라 나를 두고 떠나지마라.  오늘 밤 새-빨간 꽃잎처럼 그대 발에 머물고 싶어.  날 안아 주어...
2001.11.11~11.17,34,4123450,Wow (Ver.2),유승준,Infinity,2001.08.31,Dance,강은경,wow 예감이 괜찮아 우리   뭔가 될 것 같아 wow   정말 예쁘잖아 뭔가   특별할 것 같아 wow   um 일부러 내가 찍지 않았고  항상 여자들이 나에게 먼저   다가 왔었지 wow   다 언제나 내가 먼저 끝냈어   뒤를 돌아보거나 후회 한적   없었지  하지만 넌 달라 난왠지 모르게   끌리지만 넌 아무 손짓 없는데  그런 니가 좋아 난난난   도도해보여 늘 넌넌넌  너를 갖고 싶어 예예예  내 맘을 모두 뺏길줄 몰랐잖아   난난난  이렇게 내가 빠져버릴줄 제발   내게 맘을 열어   나 한번도 이래본적 없었지  항상 모든 것에 당당한 자신있던   나였지 wow   왜 내 마음 태연한척 할수록   왠지 니 앞에서면 초라해질 뿐일까  움직임 하나로 그 표정만으로   내 가슴은 자꾸만 흔들리는데  그런 니가 좋아 난난난   도도해보여 늘 넌넌넌  너를 갖고 싶어 예예예  내 맘을 모두 뺏길줄 몰랐잖아   난난난  이렇게 내가 빠져버릴줄 제발   내게 맘을 열어  이건 너를 갖기위한 내 선전포고   가슴속의 담아논 내 마음의 포로  마치 예전의 모습을 모르는   것 같이 내 모든걸 바꿔   니 맘대로 바꿔  너의 몇 마디에 가슴이 이리쿵   저리쿵 나의 마음속에 넌   CANCOON  같이 멀지 않은 나의 마음속   MIRAGE 끝까지라도 너는   끝까지 내차지지 What   난 너로 인해 이렇게 또   다시 태어나 다른 내가 됐어  COME ON 내 모습보며   가끔씩 나조차 놀라지   OH BABY ROCK WITH ME  그런 니가 좋아 난난난  도도해보여 늘 넌넌넌 너를 갖고 싶어 예예예 내 맘을 모두 뺏길줄 몰랐잖아  난난난 이렇게 내가 빠져버릴줄 제발  내게 맘을 열어  변하지 않아 늘 난난난 내가  책임져 꼭 넌넌넌 내 여자니까 오 예예예 저기 하늘에 허락도 받겠어  꼭 난난난 주신 나의 삶 이제 널 위해  전부 써도 되겠냐고 예감이 괜찮아 우리 뭔가 될 것 같아 wow  정말 예쁘잖아 뭔가 특별할 것 같아 wow
2001.11.11~11.17,35,24292,Wild Eyes,신화,"Hey, Come On!",2001.06.28,Dance,유영진,큰 시련들이 내게 가져왔던   상처만이 나를 만들었지   그 누구도 나를 막을 수가 없어   지워졌어 예전의 난   나를 다시 보게 될거야 상상할수   없던 나의 모습을   You need a true rugged   type figure   I be holin the key gootta   be me   all in the sheets   달라졌어 나는 강해졌어   두고보면 너도 알게 될거야   What you really want from a   guy like me   I be rollin the streets hitten my   peak alway complete   순진했던 눈빛과 결코 계산적일   수가 없던 모습도   네게만 보였던걸 믿을 수   없니 없니  단 한순간도 네 앞에   거짓말은 없었어   진실만큼만 네게 줄테니까   If your wanna man like a   Winner How your wanna be   원한다면 해주고 싶어 Is you   down for me   내면속에 나를 찾을 수 있게   나를 쳐다봐 Cuz you callin me   Ilf you wanna man like a   Stronger for Is you down for me   그게 바로 나였던걸 왜 몰라   I've got you lady don't go   far away from me   never don't go   Diamond briguette rolex on   your wrists   Say you wanna man who   can do work with his firsts   A new millenium type   figure here   Only wanted to show you   the light side   the bright side of life   But if it ain't so let me   show you some more   이젠 분명해졌어 결코 니가   원했던게 내 모습이 아닌걸   굶주린 듯한 욕망들로   변해버렸지   진실같은 진실과 사랑없는   사랑 속을 헤매던   너를 구하고 싶어   If you wanna man like a   Winner How you wanna be   원한다면 해주고 싶어 Is you   down for me   내면 속에 나를 찾을수 있게   나를 쳐다봐 Cuz you callin be   If you wanna man like a   Stronger for Is you down for me   그게 바로 나였던걸 왜 몰라   I've got you lady don't go   far away from me   Never don't go   내 자유로움도 That's like me   너를 위한 것 It was like me   You only girl I love so   mentally   Sweety baby do you like that   특별한 것만을 준비해둔 나의   꿈에 너를 초대해   너의 남자가 된 나를   보여주겠어 Yeah   나를 다시 보게 될거야   상상할수 없던 나의 모습을   거친 눈빛만큼 내 뜻만큼   기적같은 세상도   달라졌어 나는 강해졌어   두고 보면 너도 알게 될거야   다시 나를 사랑할 수 있게 너를   잡고 싶었어   If you wanna man like a   Winner How you wanna be   원한다면 해주고 싶어 Is you   down for me   내면 속에 나를 찾을수있게   나를 쳐다봐 Cuz you callin me   If you wanna man like a   Stronger for Is you down for me  그게 바로 나였던걸 왜 몰라   I've got you lady don't go   far away from me   Never don't go See you ain't seen but  half of me  no lie Should of known  by that wild in your eyes you  the type exited by danger  well look it here  I ain't no stranger to  them things  that get in a player's way  Everything I got that's how  I'm standin here today  Take care of things people  look up to  Now it's on you We can do  this any way you lady  Don't go far away from me  Never don't go  나를 다시 보게 될거야 상상할  수 없던 나의 모습을
2001.11.11~11.17,36,28132,연인(戀人),박상민,Feel,2001.07.26,Ballad,손지창,너를 잊기 위해서 어떻게 해야하는지 이제와서 후회한다 해도 아무런 소용 없겠지만 너에겐 너무 모자란 나란 걸 알고 있기에 널 보낼께 그리고 내 맘에 남은 미련도 하나까지 모두다 나보다 더 널 사랑한 사람이면 떠나가도 돼 행복하기만 바랄께 난 괜찮아 너무 슬퍼 하지는 마 너 없이도 살 수 있을테니  너에겐 너무 모자란 나란 걸 알고 있기에 널 보낼께 그리고 내 맘에 남은 미련도 하나까지 모두다 지워버려 나와 함께한 기억은 꿈을 꾼거야 그렇게 생각 하면돼 바람처럼 스쳐간 사람이라고 이제 우린 모두 끝난거야 널 위해서 떠난다고 말하지만 그게 아니야 나도 미칠 것만 같아 이런 사랑 다시는 없을 거라고 약속할께 나 죽는다 해도 널 가질수 없는 나를 용서해줘 제발
2001.11.11~11.17,37,1590287,Alone,문희준,Alone,2001.10,Rock,문희준,난 모든 것을 잃어갔어 나의 의지와는 상관 없이 내 곁에는 그 모두가 다른 눈을 가졌어 나 태어나지 않았다면 차라리 나 그랬다면 워 넌 이해 못 해 나 밖에 왜 커져가라 모든 것이 아픔으로 바래 그걸 원하는 거라 생각하고 싶진 않아 난 뺏긴 나의 모든 것을 찾고 싶어 그냥 난 이젠 돌아갈 수도 없는 길을 걸어 가 책임 없는 아픔으로 의미없는 손 짓으로 나를 점점 잡아 끌어도 난 어쩔 수도 없이 여태 수 없이 이제와 후회해도 소용 없어 괜찮아 걱정하지마 더 힘들게 하지마 난 모든 것을 잃어갔어 나의 의지와는 상관 없이 내 곁에는 그 모두가 다른 눈을 가졌어 나 태어나지 않았다면 차라리 나 그랬다면 워 넌 이해 못 해 처음부터 원하지 않은 건지 내가 존재한 이후 후회한 건지 나에 대한 이 모든 걸 모른 척 하겠지 왜 내게 그래야 했었는지 듣고 싶지 않아 이유가 어쨌건 이제와 그게 무슨 소용인건지 왜 왜 내게만 이래 어떻게 된 건지 난 모르겠어 모든게 내게만 이래 왜 버려야만 했어 난 모든 것을 잃어갔어 나의 의지와는 상관 없이 내 곁에는 그 모두가 다른 눈을 가졌어 나 태어나지 않았다면 차라리 나 그랬다면 워 넌 이해 못 해 그래 영원하지 못 하는 한 순간이라도 당신을 나 볼 수 있다면 제발  처음으로 다시 돌아가도 이제 모든 것이 변해있겠지 그래도 난 상관없어 날 사랑으로 지켜준다면 다 이해할게
2001.11.11~11.17,38,18359,언젠가 우리 다시 만나면 (Feat. 김연우),토이,Fermata,2001.05.10,Ballad,유희열,이제 너를 볼 수 없기를  다신 너로 인해 흔들리는 나  되지 않기를  네게 선물했던 옷들 정리하면서  서럽게 울다 지쳐 잠든 밤  오지 않기를  너를 닮은 내 말투와 표정  그 속에서 난 너를 보고  낡은 내 전화기 속에 너의  목소린 그대론데  끝인가 봐  난 여기까지인 듯 해  영원할 순 없잖아  지쳐만 가는 날 더 보긴 안쓰러워  이젠 나 그만 쉴게  그래 널 보내줄게 안녕  내 손에 들린 사진 위에는  내가 사랑했었던 너의 얼굴  내가 살아가는 이유였는데  전부였는데  끝인가 봐  난 여기까지인 듯 해  영원할 순 없잖아  지쳐만 가는 날 더 보긴 안쓰러워  이젠 나 그만 쉴게  그래 널 보내줄게  언젠가 우리 다시 만나면 어색하지만 않길  편한 모습으로 아무렇지  않게 그냥  인사하면서 그렇게  스쳐가길 바래
2001.11.11~11.17,39,33113,딱이야!,디바,The Diva 5,2001.08.16,Dance,박선주(PakSunZoo),머리 굴리지 말고 Come On  Big Boy  좋으면서 아닌 척 말고 Come  On Come Boy  순진한 척 하지 좀 말고  Make It My Boy  내게로 와 아니면 말고  Be My Sexy  딱이야 그대는 Come On  두 눈이 마주쳤었다  그래 네가 날 보고 있었다  허나 아닌 척 하고 있다 넌  그는 나를 원하고 워 근데 머뭇거리고 있다 넌  근데 소문이 두려웁다 넌  근데 후회는 더욱 싫다 넌  Shake It Hu  많은 사람들 틈에 몰래 훔쳐 봐  친구들의 어깨 너머  너는 나를 지켜봐 망설이지마  한번만 줘 네 마음을 줘  긴 말 필요 없겠지  천국으로 와 나에게로 와  Honey Baby Love Tonight 내 눈을 봐봐 날 가져 봐봐  용기를 내봐 함께 춤을  이 밤이 가면 오늘이 가면  후회할거야 함께 춤을  Oh Baby 내게 다가와  나와 함께 느껴봐  Tonight Is The Night 너  더는 망설이지마  오늘 밤이 지나면 후회할지도 몰라  딱이야 너야 그래 너야  이제 내게 내게 다가와  괜히 비싼 척 말고 Come  On Big Boy  아무 계산하지도 말고  Come On Come Boy  올거면 와 아니면 말고 Make It My Boy  피곤하게 굴지 좀 말고  Be My Sexy  딱이야 그대는 Come On  아무도 너를 안봐 뭐  그냥 음악에 너를 맡겨봐  그냥 나에게 너를 맡겨봐  이미 우린 둘 알아 워 뭐가 두려워 나를 못 보나  뭐가 걱정돼 나를 안보나  누가 그렇게 너를 말리나  Come On You Shake It Hu 처음 본 순간 예사롭지 않았어  그저 우연이라기엔  너무 자주 마주쳐 너 그거 인정해  한번만 줘 네 마음을 줘  긴 말 필요 없겠지  천국으로 와 나에게로 와  Honey Baby Love Tonight 내 눈을 봐봐 날 가져 봐봐  용기를 내봐 함께 춤을  이 밤이 가면 오늘이 가면  후회할 거야 함께 춤을  come on big boy
2001.11.11~11.17,40,25844,세상 그 누구보다,김원준,Dearro Nine,2001.07.24,Ballad,김원준,모른 채 하려했니 아니면 잠시 몰라 봤던 거니 말할 수 없는 거니 지금 니 옆에 있는 사람이 누군지 미안해하면 할 수록 불편한 건 나야 나아닌 다른 이와 만나서 그러니 조금은 당황스럽지만 나는 상관없어 정말 너를 믿을게 믿을게 작은 거짓이라도 세상 그 누구보다 널 간직하면 돼 나의 사랑이 부끄럽지 않게 세상 어떤 사랑도 난 부럽지 않아 언젠가 너도 이런 날이 올거야  조금은 불안해지지만 용기내어 다 말할게 너를 믿을게 믿을게 두 눈감은 다음 세상이 와도 세상 그 누구보다 널 간직하면 돼 나의 사랑이 부끄럽지 않게 세상 어떤 사랑도 난 부럽지 않아 언젠가 너도 이런 날이 올거야  세상 그 누구보다 널 간직하면 돼 나의 사랑이 부끄럽지 않게 세상 어떤 사랑도 난 부럽지 않아 언젠가 너도 이런 날이 올거야
2001.11.11~11.17,41,620679,잘가요 내사랑,조성모,4집 No More Love,2001.09,Ballad,강은경,그죠 날 떠나실거죠  한번쯤 날 위해 솔직해줘요  가라시면 갈텐데  왜 애써 숨겼나요  아직 난 너무도 힘드네요  그 모든 사연을 잊어 내기엔  그대는 떠나도 사랑만은  남을 줄 알았는데  허무한 바램인가요  가세요 이제 편히  그댈 보내 드릴께요  함께한 정도 미련도  다 두고 가세요  세월가면 그대 잠시라도  문득 날 그리워하며  눈물질텐데  내가 언제라도  그대 몫까지 아파줄께요  그대 편히 갈수있게    그죠 날 사랑한거죠  거짓말이라도 듣고 싶네요  마지막 부탁인데  그 대답 어렵나요  아직 난 너무도 아프네요  웃으며 이별을 맞아주기엔  사랑이 떠나도 그리움은  남을 줄 알았는데  그 마저 떠나 가네요  가세요 이제 편히  그댈 보내 드릴께요  함께한 정도 미련도  다 두고 가세요  세월가면 그대 잠시라도  문득 날 그리워하면 눈물질텐데  내가 언제라도 그대 몫까지  아파줄께요 그대 편히 갈수 있게    잘가세요 멀리 가더라도  행복하게 살아줘요  잘가요 내사랑.....
2001.11.11~11.17,42,10837,동경,박효신,Second Story,2001.02.01,Ballad,김동률,우린 서로 너무도 다른 세상에 살아왔죠 한 번 스쳐 지났을 뿐 그 후로 난 멀리서 이렇게 기다려왔죠 언젠가는 내 헛된 꿈이 혹 이뤄질까 날 기억이나 할까요 내 이름조차 생각이나 날까요 누군가 매일 그대를 위해 늘 기도해온 걸 알까요 그대가 난 부럽죠 나 같은 사람 너무나 흔하겠죠 혹시나 그대 알고 있나요 얼마나 행복한 사람인지 아껴왔던 내 맘이 흔하게 묻혀질까봐 단 한번도 편지조차 못했는데 날 기억이나 할까요 내 이름조차 생각이나 날까요 그대는 이미 누군가에게 큰 의미라는 걸 알까요 그대를 사랑해요 나도 모르게 이렇게 돼 버렸죠 혹시나 그대 알고 있나요 그 날 이후로 지금까지 매일 그대의 곁에서 맴돌았다는 걸 그대를 지켜왔었다는 걸 날 사랑하면 안돼요 단 하루라도 그럴 수는 없나요 허튼 생각이란거 알지만 한 번은 말하고 싶었죠 사랑해도 되나요 혼자서라도 사랑하면 안돼요 허튼생각이란거 알지만 한 번은 말하고 싶었죠 그대를 사랑해요
2001.11.11~11.17,43,104207,Sad,조장혁,Sad...,2001.11.01,Rock,조은희,이젠 끝인가요..  나를 지워버릴 수 있나요..  그대의 맘에 닿는 길 잃은 뒤..  한걸음 조차도 내디딜 수가 없는데..  행복했던 그때..  너무 가진게 많았던 그때..  우리 나눈게 사랑이 맞는지..  그대가 내곁에 정말있기나 했나요..  모두 다 거짓말 같아.. 난 믿지 않아요..  이 세상은 아직도 그대로인데..  그대 내 끝이라는걸 왜 모르시나요..  혹시라도 후회하고 있다면..  제발 늦진마요..  눈물이 기억까지 버릴수 없도록..    야위어 갈테죠..  점점 눈이 멀어져 가겠죠..  그대가 아닌 또 다른 사랑을 안아 줄수 없게..  더이상 볼수도 없게..  모두 다 거짓말 같아.. 난 믿지 않아요..  이 세상은 아직도 그대로인데..  그대 내 끝이라는것 왜 모르시나요..  혹시라도 후회하고 있다면..  제발 늦진마요..  눈물이 기억까지 버릴수 없도록..  나의 끝은 그대죠..
2001.11.11~11.17,44,3013199,"구리뱅뱅 (Feat. 1kyne, 난아)",YDG,Best Of Best,2010.11.09,Rap / Hip-hop,"YDG,1Kyne",Just another day  honey with the license plate  call me call me  if you can find me  just another day  where we turn it up turn it up  call me call me  if you can find me  넓은 강남대로  어느 날씨 화창한 날  그래요 Kick and goal 리는대로  신사동 사거리 제일생명 사거리  타워 레코드 강남역 사거리  차 존나 막혀 길어지는 신호 대기  정박 힙합 음악에 끄덕이며  뒤돌아보는데 Yo Uh  숨 멎어버려 종이와 펜을  어여 빨리줘 봐 Hurry up  S E O U L 51로  Main 번호가 827 No  두말하면 마릴린먼로  그녀와 이제 247 No  I'm ready to go here we go  Hit'm hi ho I feel me flow  Hiphop 음악에 링딩동  This and that are my ice  bling bling blow  Just another day  Honey with are license plate  Call me call me  If you can find me  Just another day  Where we turn it up turn it up  Call me call me  If you can find me  Scorching hot day  Crushing the highway  Ready for someone hot babes  bout a hundred degrees  Me and my dawg Madman  Up to no good spot up a shawdae  Window rolled down hotbox set free  That's what I call a hot  recipe tank top  Singing on that bottle  like body she just ready to get  Sliced up lced up  Look at them curves on them  thang thang  She make a dawg wanta go bang bang  S E O U L 51로  Main 번호가 827 No  두말하면 마릴린먼로  그녀와 이제 247 No  I'm ready to go here we go  Hit'm hi ho I feel me flow  Hiphop 음악에 링딩동  This and that are my ice  bling bling blow  치리 치리 뱅뱅 청바지 뱅뱅  앞유리에 붙은 연락처 난 갱생  그러나 보지 못해서  내가 눈이 나빠서  답답해 뒤지는 줄 알았어 getppasa  2001년 April 17일 작은형 생일  10시 남짓 압구정 밤거리에 그녈 본 건 My mistake I'm a fake 니가 take a rice cake There's a lot other girl no She's only one No more in Korea She's perfect she's dime 어디서 와서 어디로 가는 건지 나도 몰라 그 날 이후 하루도 널 잊은 적이 없어 양손에 두 아이들 그 아이들 혹시 아들 About pm 10 17th April 2001 two kids와 압구정 밤 거릴 거닐던 Yo dime women Just another day Honey with the license plate Call me call me If you can find me Just another day Where we turn it up turn it up Call me call me If you can find me S E O U L 51로 Main 번호가 827 No 두말하면 마릴린먼로 그녀와 이제 247 No I'm ready to go here we go Hit'm hi ho I feel me flow Hiphop 음악에 링딩동 This and that are my ice bling bling blow
2001.11.11~11.17,45,2696149,그녀의 집앞에서 (Feat. 양해중),내추럴플러스,Natural The 1st,2001.03.21,Ballad,박태수,한참을 이렇게 그대 오기만을 기다리다 끝내 돌아오는데
2001.11.11~11.17,46,19778,Emotion,백지영,Tres,2001.06.14,Dance,신인수,그렇게 날 믿지 못했니  언젠가는 알게 되겠지  지나간 내 상처가  뭐가 그리 중요해  I saw your passion  처음 본 순간 느꼈어  Attraction  내 맘 어쩔 수 없었어  사랑이란게  뭔지 알게 됐어  Satisfaction  너는 날 만족시켰고  Emotion  너는 날 감동시켰어  니가 아니면  안될 내가 됐어  니가 본건  내가 아니야  다른사람 눈에  비친 나  어리석은 후회만  갖지 않길 바랄뿐  Hear the riff like  guitar (blah)  Your mind is messed up  I know its too hard  In any kind of  situation  There's a prob  both side  In your heart  there's a scar common  Everybody have a drink  then scoof same same  I'm a stay up  with my boo  Last round throw  it up get up team  1 2 3  everybody scream    I saw your passion  처음 본 순간 느꼈어  Attraction  내 맘 어쩔 수 없었어  사랑이란게  뭔지 알게 됐어  Satisfaction  너는 날 만족시켰고  Emotion  너는 날 감동시켰어  니가 아니면 안될  내가 됐어  내가 있던 빈자리가  그리워 다시 돌아온대도  그때는 너무 늦어  소용없어  I wanna passion  너의 아팠던 기억들  Attraction  너의 그 모든 기억들  이젠 조금씩  지워내야겠지  Satisfaction  내게 사랑은 없겠지  Emotion  끝내 혼자로 남겠지  그저 너 하나 잊기만을  바래 emotion~
2001.11.11~11.17,47,104354,음악이 뭔데,거리의시인들,What`s Music?,2001.10.30,Rap / Hip-hop,리키,그러니까 서론 본론 따윈 모두 제껴버리고 도대체가 결론부터 짚어가면 음악이 뭔데 사방에서 쏟아내리는 똑같은 음악들 서로 예술이라며 까불어 대고 있는데 조금만 긴장이 풀어져도 한순간 낙오자가 되버리는 무서운 세상 우리를 들어봐 그리고 자유를 느껴봐 다함께 불러봐 거리의 시인들 Hip Hop forever Rock'n roll together 또 누구는 재즈가 최고 나는 도무지 정신을 차릴 수가 없고 노래에 멜로디가 들어가야 히트를 친다고 한없이 어쩌고 저쩌고 하는 사람들 날 짜증나게 하고 말을 겁나게 빨리 하거나 박자를 특이하게 하면 랩퍼가 될까 흑인처럼 말하고 행동하면 힙합전사가 되는걸까 난 참을 수 없어 견딜수 없어 이런 식으로 가다간 머리가 터져버리겠어 하나만 물어보겠어 음악이 뭔데 예술이 뭔데 어떻게 만들어야 제대로 하는데 좋은게 뭔데 나쁜게 뭔데 어떻게 살아가면 제대로 가는데 음악이 뭔데 스타가 뭔데 도대체 어떡해야 내가 뜨는건데 사는게 뭔데 니들이 뭔데 왜 내가 하고 싶은 일을 막는건데  나는 너의 인생을 바꿔버릴 메신저 세상 돌아가는 모습 파악하고 싶으면 내 얘길 들어봐 재즈 락 펑크 블루스 힙합 무엇을 통해서든 할말은 한다 너희의 지친 영혼을 자유롭게 하겠어 그러기 위해 내가 십자가를 지겠어 그만 그만 그만 그만 이제 그만 거리의 시인들 음악이 뭔데 누구는 잘생겨야 성공한다고 하던데 누구는 돈만 있으면 다 된다고 하던데 누구는 자기한테 잘 보이라고 하던데 그만 그만 그만 그만 그만 그만 다 필요없어 모두 다 우리들은 맨손으로 도전하는 신동이 되겠어 한번더 당돌하게 질문하겠어 너에게 물어보겠어 대답할수 있겠어 음악이 뭔데 예술이 뭔데 어떻게 만들어야 제대로 하는데 좋은게 뭔데 나쁜게 뭔데 어떻게 살아가면 제대로 가는데 음악이 뭔데 스타가 뭔데 도대체 어떡해야 내가 뜨는건데 사는게 뭔데 니들이 뭔데 왜 내가 하고 싶은 일을 막는건데 음악이 뭔데 예술이 뭔데 어떻게 만들어야 제대로 하는데 좋은게 뭔데 나쁜게 뭔데 어떻게 살아가면 제대로 가는데 음악이 뭔데 스타가 뭔데 도대체 어떡해야 내가 뜨는건데 여자가 뭔데 사랑이 뭔데 왜 내꿈을 막는건데 음악이 뭔데 거리의 시인들
2001.11.11~11.17,48,531741,희생,김경호,시작 (始作),2004.07.12,Rock,,왜 이제야 내게 돌아온 거니  널 품었던 가슴에  다시 누굴 안는다는 것이  죽을 만큼 미안한 후에야   그저 바람이라고 날 생각해  나의 아픈 사랑과  미치게 널 잡고 싶은 맘도  떨쳐내 줄테니   넌 잊어야해 이미 다른  사랑이 된 날 위해서  널 울게 한 미움만 가득하도록  그 힘으로 행복하면 돼   지금 나를 보는 그녀 모습은  널 보는 나이기에  차마 버릴 죄를 짓지 못해  나를 용서해줘  그녀에게 평생 갚아야만 될  나는 빚이 남았어  사는 동안 가슴 깊은 곳에  너를 둘테니까   넌 잊어야해 이미 다른  사랑이 된 날 위해서  널 울게 한 미움만 가득하도록  그 힘으로 행복하면 돼   기억조차 쓰러지는 날까지  너를 사랑하다 갈  날 니가 알지 못하게 해 두 번 울지 않게  니가 날 버려줘
2001.11.11~11.17,49,20969,삶은 계란,엔알지(NRG),비(悲) - Sorrow,2001.06.04,Dance,천명훈,이제는 희망 기쁨 모두가 함께 영원하리 네 맘속 깊은 상처 우리가 모두 씻어주리 가슴속 깊이 파인 그림자 모두 찢겨지리 모든건 언제나처럼 니 뜻대로 되는 게 아냐 우리가 함께 한다면 그제서야 이루는 거야 아침에 일어나면 어영부영 8시고 늦었다 헐레벌떡 밥 거루고 9시고 상사에게 박터지고 시계 보면 12시고 지쳐서 한숨쉬고 퇴근하면 6시고 열받아 한잔 빨고 나면 밤 9시야 술김에 그녀와 싸우고 나면 밤 11시야 그녀와 끝이 났고 밤 12시야 되는 건 하나 없네 이놈에 이놈에 인생살이 WHY 하필 내게 이 모든 걸 책임지게 아무런 의미 없이 하루하루 살아가게 왜 그런지 정말이지 난 모르겠어 아 알겠어 넌 사실 자신을 알고있지 어차피 한번 사는 내 인생은 화려하리 인생이란 무엇인가 나 이제 보여주리 이 한몸 불태우리 방관하지 않으리 나답게 사나이답게 굵고 짧게 살아보리 삶이란 이런게 아니야 일상에 찌든 하루하루 벗어나고 싶지만 모든게 니 운명이라면 그것도 재미하나 없지 인생은 만들어 가는 거야 눈뜨면 아침 7시고 눈감으면 밤 12시고 눈 비비면 아침 7시고 눈 비비면 또 12시고 또 하루 이틀 연속되는 삶의 무게 또 다시 반복되는 힘든 삶의전쟁 참을 수가 없어 이제 나 어떻게 살아야해 난 역시 바보 다시 돌이킬수없는 이 순간마저도 갈팡질팡 난 등잔 밑에 바보 앞에 있는 승리의 깃발을 꽂아 그대 이제 싱글벙글 앞으로 나아가 다가가 내 인생 찾아 나의 사랑 나의 꿈 나의 희망 쟁취하리 붐시키 붐시키 시키 붐붐 어둠에 그림자 찢겨지리 시키붐붐 삶이란 이런게 아니야 일상에 찌든 하루하루 벗어나고 싶지만 모든게 니 운명이라면 그것도 재미하나 없지 인생은 만들어 가는 거야 이젠 알겠어 네 꿈들을 좀더 자신 있게 헤쳐나가  니꺼야 알잖아 힘들지 않다는걸 삶이란 이런게 아니야 일상에 찌든 하루하루 벗어나고 싶지만 모든게 니 운명이라면 그것도 재미하나 없지 인생은 만들어 가는 거야 모든건 언제나처럼 니 뜻대로 되는 게 아냐 우리가 함께 한다면 그제서야 이루는 거야 삶이란 이런게 아니야 일상에 찌든 하루하루 벗어나고 싶지만 모든게 니 운명이라면 그것도 재미하나 없지
2001.11.11~11.17,50,106517,"Storm (Feat. G-Dragon, Sean, Masta Wu)",Perry,By Storm,2001.09.04,Rap / Hip-hop,,HERE I COME HERE I COME HERE I COME BABY 이리와 우리와 어디 한번 놀아 볼까 HERE I COME WITH THE STORM NEMBER 1 BABY YO LITTLE SOME LIE 어차피 다 한번 살지 시끌시끌 복잡한 그대 삶이 미식거릴 수 밖에 지긋지긋한게 지금 달려볼래 자 이제부터 나를 따르게 목숨을 다바칠 이세상을 판칠 준비를 다 마친 너를 먹어 삼킬 너의 문제 맞힐 자칭 나는 storm 너를 던져 페리의 폭풍속으로 HERE IN THE STORM 널 가만 두지 못했지 흔들리듯 따라가는 니 손짓 HERE IN THE STORM 널 가만두지 못했지 그 무언가 누군가 HERE IN THE STORM 널 가만 두지 못했지 흔들리듯 따라가는 니 몸짓 HERE IN THE STORM 널 가만 두지 못했지 그 무언가 누군가 내 끓는 피여 솟는 기여 구름을 가르고 다가온 G DRAGON OH OH 나 이제 YG에 왔으니 내게 맡겨 멋진 일처리 기막힌 나이 알고 나면 쓰러지는 나의 SKILL FOR THE 1 2 3 가나다와 함께하는 A TO Z 자 손을 뻗어봐 우리와 같이 나와 P와 같이 흔들어봐 흐트러봐 휩쓸어가 이게 바로 나의 스톰 너를 던져 페리의 폭풍속으로 HERE IN THE STORM 널 가만 두지 못했지 흔들리듯 따라가는 니 손짓 HERE IN THE STORM 널 가만 두지 못했지 그 무언가 누군가 HERE IN THE STORM 널 가만 두지 못했지 흔들리듯 따라가는 니 몸짓 HERE IN THE STORM 널 가만 두지 못했지 그 무언가 누군가 OH OH OH YEH MOBE YA FEET YALL STEADY TO THE BEAT YALL OH OH OH YEH TO THE S T O R M GET OH OH OH YEH GET YOUR BUCK ON THIS IS WHAT YOU THIRST OH OH OH YEH NO DOUBT WE CAME TO ROCK THE HOUSE DOWN 사차원 세계로 이제 돌입 넘버원 힙합만 나는 고집 새롭게 고친 내맘에 꽂힌 쉽지만 멋진 힙합이란 호칭 너의 세대에 신세대 24 7DAYS STRAIGHT 일세대 자 이제부터 빼지말고 붙어 자 맡겨봐 니가 내가 완벽하게 뒤섞이는 STORM 너를 던져 페리의 폭풍속으로 HERE IN THE STORM 널 가만 두지 못했지 흔들리듯 따라가는 니 손짓 HERE IN THE STORM 널 가만 두지 못했지 그 무언가 누군가 HERE IN THE STORM 널 가만 두지 못했지 흔들리듯 따라가는 니 몸짓 HERE IN THE STORM 널 가만 두지 못했지 그 무언가 누군가 HERE IN THE STORM HERE I COME HERE I COME HERE I COME BABY HERE IN THE STORM HERE I COME WITH THE STORM NEMBER 1 BABY
