time,rank,song_id,title,singers,album,date,genre,creator,lyric
2000.05.07~05.13,1,91327,초련(初戀) (Techno Mix) (Feat. 윤진),클론,New World,2000.04.06,Dance,김창환,난 그냥 좋았어 니 앞에만 서면  요즘 내가 왜 이러는지 나도 몰라  니 생각만 하고 자꾸 보고싶고  틈만 나면 난 너를 만나고 싶어    이런 맘 첨이야 누군가를 내가  주체하지 못할 만큼 좋아하는게  너와 약속하면 기분이 들떠  난 몇번씩 거울 앞을 서성이곤 해    길가다 멋진 옷을 볼때면 항상  언제나 너에게 다 사주고 싶고  사소한 악세사리까지 모두다  예쁜걸 보면 항상 너를 먼저 떠올려    바다가 보이는 분위기가 좋은  멋진 카페를 우연히 알게되도  제일 먼저 니 생각을 하면서 나는  빨리 너와 둘이서 다시 또 와봐야지  너에게 내가 아는 모든걸 해주고 파    말론 설명할수가 없어  내 눈엔 오직 너만 보여  내 자신 조차도 주체할 수 없는  이런 감정이 사랑인가봐   오레오레오 난 지금 웃고 있어  오레오레오 너만을 생각하며  오레오레오 언제나 니곁에서  오레오레오 너와 함께 할꺼야    난 너무 아쉬워 널 바래다줄땐  일부러 한 정거장 앞에서 내리지  너와 걷고 싶어 좀더 있고 싶어  이 밤이 깊어가는게 아쉬워서    집에 돌아오면 니 생각을 하며  어느새 난 또 너에게 전화를 걸어  할말도 없는데 이 얘기 저 얘기  몇 시간씩 또 너와 애길 나누지    햇살이 창가에 머무는 아침엔  눈뜨면 제일 먼저 널 생각하고  오늘은 널 만나 또 무엇을 할까  콧노랠 부르면서 즐겁게 샤워를 해    재미있는 영화를 보는게 더 날까  아니면 교외로 나가는게 날까  아니야 즐겁게 쇼핑을 즐기며  니가 깜짝 놀라게 선물을 사줘야지  숨겨둔 비상금을 모두 털어서라도    말론 설명할수가 없어  내 눈엔 오직 너만 보여  내 자신 조차도 주체할 수 없는  이런 감정이 사랑인가봐    오레오레오 난 지금 웃고 있어  오레오레오 너만을 생각하며  오레오레오 언제나 니곁에서  오레오레오 너와 함께 할꺼야
2000.05.07~05.13,2,38558,왜,김민종,왜,2000.03.29,Ballad,"조규만,김민종",너무 어려워 사랑하는 널 잊고 사는게 가끔 딴 생각에 웃어보면 더욱 부담이 되는지 눈물만 흘러 멀리 서 있는 넌 또 다시 가까이 있는지 지친 모습으로 오늘도 널 제발 잊게해 달라고 애원해 봤어 내가 뭘 잘못했나 너를 사랑했던 이유가 내겐 왜 아픔이 되야 하나 나 이대로 너를 간직하며 살아야 내 안에 모든 아픔이 편안해지는지 나에게 이미 멀어진 너를 왜 난 사랑하는지  내가 뭘 잘못했나 너를 사랑했던 이유가 내겐 왜 아픔이 되야 하나 나 이대로 너를 간직하며 살아야 내 안에 모든 아픔이 편안해지는지 나에게 이미 멀어진 너를 왜 난 사랑하는지 너를 간직하며 살아야 내 안에 모든 아픔이 편안해지는지 나에게 이미 멀어진 너를 왜 난 사랑하는지 왜 난 사랑하는지
2000.05.07~05.13,3,27232,해석남녀,쿨(COOL),Cool 5,2000.04.22,Dance,이승호,나는 김성수다  나는 그녀를 사랑한다   이제부터 그녀 얘기를 시작한다   원 투 잘 들어봐 랄랄랄랄 랄랄랄랄라  여자는 항상 이런말을   서슴없이 하지   남자는 다 똑같은 늑대라는말   도대체 알고하는 소린지   진짜로 늑대들은 모두다  자기네 여자밖에 모른다는  사실을 아우  남자는 항상 이런 말을   은근슬쩍 하지  내숭을 떠는 여자 정말   싫다고 오 예  도대체 알고 하는 소린지   진짜로 내숭없는 여자는  조금만 사귀어 보면 매력  없단 사실을  남자는 뭐니뭐니 해도   내세울건 능력이라지만  여자는 곧 죽어도   미모란 사실을  영웅은 미인들만 차지해   용기가 있는자는 그렇지  열번을 찍을만큼   참을성도 필요해  바람에 흔들리는 갈대들   여자는 별로 다를께 없어  바람처럼 이 세상을 산다면  미인은 내꺼야  물론 너를 처음봤던 그 순간에  다리에 힘이 쫙 빠지고 정말  끝내줬지 하지만 양귀비도 2박3일 결국엔 얼마 못가 나도 슬슬  지겨워졌지 여자는 괜히 좋으면서  이런말도 하지 아직은 아니라는 아리송한 말 도대체 알고하는 소린지  진짜로 때가 아닌 거라면 왜 맨날 밤 늦도록 가지말라  하는지 남자는 가는 눈을 뜨고  앙큼하게 묻지 술한잔 못하는건 멋이 없다고 오 예 도대체 알고하는 소린지  진짜로 사랑하는 여자가 조금만 술취해도 화를  낸단 사실을 세상을 지배하는 자는  남자라고 큰소리 치지만 그런 남잘 지배하는건 여자야 세상에 남자들이 없다면  별문제 없이 지낼수 있어 여자가 없는 세상 그건  종말일거야 세상에 단 한가지 문제는 영원히 풀지못할 숙제는 미로처럼 복잡하고 미묘한 그것은 남 과 여 코꼈어 코꼈어 제발  코껴버렸어 네탓이지 걸린 내가 잘못이냐 그냥 팔자려니 하고 살아야지 오 코꼈어 코꼈어 제대로  코껴버렸어
2000.05.07~05.13,4,91326,Friday Night,god,Chapter 2,1999.11.25,Dance,박진영,맘 이맘   부풀어 오르는 이밤  right alright  it's friday night  감 예감   좋은 예감이 드는 이 밤  tonight's the night  oh friday night  yeah  금요일 밤 오늘밤   오 오 늘은 월급탄 밤  기분이 삼삼한 밤  아침부터 왠지  좋은 예감  yeah it's O K  자 기분좋아  yeah feel alright  자 어디든 가  우리 준이형  태우 호영 데니  다 모두 나갈 준비됐니  어두워진 거리를  미끄러져 나가는  우리들 g o d  다섯 남자는 주머니  꽉 차 시계는 안봐  멋진 자동차  거리로 나가  지나가는 여인들  yeah 마주치는 시선들  uh you want me  I want you too then  tell me and  I'll come to you  맘 이맘   부풀어 오르는 이밤  right alright  it's friday night  감 예감   좋은 예감이 드는 이 밤  tonight's the night  oh friday night  uh uh 드디어 도착한  클럽앞에  들어가려고 기다리는  사람들의  줄이 늘어서고  서로 의식하고 저마다  자기들의 무게를 잡고  마음의 준비 시작한다  uh 이제 곧 있으면  시작한다  uh 오늘의 승자는  누구일까  uh 또 어떤 커플이  탄생할까  선수입장  들어간다  자 들어간다  g o d 가 나가 신다  모두 모두 모두 모두   비켜나라  자 울려 퍼지는  음악소리  자 돌아가는  조명들이  금요일 밤이  온 걸 알리네  자 어서 이 밤을  즐기세 좋아 기분 좋아   uh 그대와 나  오늘 멈추지마  음악 멋진 음악   yeah 흘러나와  and it'll  I feel alright  pump it up  everybody say  tonight's the night  tonight's the night  hey ho  tonight's the night  tonight's the night  pump it up  everybody say  tonight's the night  tonight's the night  ho ho ho ho   tonight's the night  tonight's the night  이제는 dance time  come on stage  어디지 오  저기서 우릴 부르지  우리들을 향해서  손짓하지  자 우리들의 무대다  모두 비켜라  남자들은 비키고  여자들은 남아라  그리고 보아라 you want me   baby baby you can have me  맘 이맘 부풀어 오르는   이밤 right alright  it's friday night 감 예감 좋은 예감이  드는 이 밤 tonight's the night oh friday  night yeah 맘 이맘 부풀어  오르는 이밤 right alright it's  friday night 감 예감 좋은  예감이 드는 이 밤 tonight's  the night oh friday night yeah
2000.05.07~05.13,5,91329,One Love,원타임,2nd Round,2000.04.21,Rap / Hip-hop,TEDDY,Since The First Day We Met   Through All The Times   We Had   I Thank God That I Found you  oh yeh   So glad to have you in my life  너를 처음 만난 건 어느   추운 겨울날   무너질 듯이 외롭고   너무도 힘겨운 날   하얀 미소로 내게 다가와   따스히 감싸줬어   날아갈 듯이 행복해진 나   마치 어제처럼 기억이 나   그때 나 내 자신에게 수없이도   수백번이고 되새기며 말을 했어   아름다운 널 후회하지   않게 하기로   비록 세상이 그댈 힘들게   하더라도   모든게 뜻대로 가지 않다   하더라도   소중한 그대여 절대 잊지마오   여기 나 언제나 그대 것이라오   이젠 너의 그 눈물 가누며   따스하게 너를 감싸 안을게   네게 줄게 모든 걸 다 바쳐   너를 위해 준비한 사랑을   너의 맑은 눈에 비친 내   행복한 모습이   아련하게 보일 때 깊은 내 마음   한 구석 난 내 존재감을 느끼네   그 느낌이 내겐 무엇보다 소중해   메마른 내겐 비가 되어주고   어둠에 빠진 내게 밝은 빛이   되어주고   지친 내겐 웃음이 되어주고   그안에 내 사랑은 커져만 가고   가만히 두 눈을 감고   그댈 떠올려봐   네가 나만의 것이라는 그 생각에   이 모든게 행복하게 보이기만 해   사랑해 저 높은 하늘 아래   이젠 너의 그 눈물 가누며   따스하게 너를 감싸 안을게   네게 줄게 모든 걸 다 바쳐   너를 위해 준비한 사랑을   영원히 내가 너를 지켜줄게  이세상 모든게 변한다해도   간직할게  영원히 내가 너를 지켜줄게  이세상 모든게 변한다해도   간직할게  woo wer baby 영원히  한순간 내 모습마저도   너란걸 알고있니   You know it you know it   너 하나뿐야   You`re the love of my   life yeah   이젠 너의 영원히 내가   너를 지켜줄게  눈물을 가누며   따스하게 모든게 변한다해도   간직할게   네게 줄게 영원히 내가 너를   지켜줄게   너를 위해 모든게 변한다해도   간직할게  내 사랑을 내 사랑을  내 사랑을
2000.05.07~05.13,6,86980,가잖아,신승훈,Desire To Fly High,2000.03.07,Ballad,심현보,- 가잖아 -  가잖아 그댄 떠나가고 있잖아  함께 시작한 사랑인데  이별은 혼자도 되는지 다 잊고 살라는 쉬운 그 한마디 이제야 겨우 익숙해져 가는데  사진속의 우리 미소가  점점 닮아가고 있는데 여기서 끝나면 오래 혼잘텐데 그걸로 충분했는데  가끔 볼 수 있다면  비오는 날에 생각나는  사람이 그대라면  아무런 바램도 없이  행복했었는데  그댄 오히려 그런  내가 힘겨웠는지  잡을순 없었지만 흐르던  눈물도 감추었지만  살아가는 동안 후회해야겠지  그댈 보낸 지금을  말하진 않았지만 사실  난 내일 아침이 두려워  그댈 모른다고 없던 일이라고  나를 속여가는게 두려워  왜냐고 묻지 않았지  다시는 못 볼텐데  가는 그대 마음을  더 아프게 할테니  잡을순 없었지만 흐르던  눈물도 감추었지만  살아가는 동안 후회해야겠지  그댈 보낸 지금을  말하진 않았지만 사실  난 내일 아침이 두려워  그댈 모른다고 없던 일이라고  나를 속여가는게 두려워 그대여 떠나지마
2000.05.07~05.13,7,87019,Annie,윤종신,헤어진 사람들을 위한 지침서 (指針書),2000.03.23,Ballad,윤종신,Annie 혹시나 알고 있나요
2000.05.07~05.13,8,37516,위대한 탄생 (Fetticcini),드렁큰타이거,위대한 탄생,2000.03.29,Rap / Hip-hop,김성애,Boom Bap으로 Rap으로  취해봐 보여봐 너의 그 진정한 모습을  흑과 백과 선과 악과 너와 나와 그들과  그것을 위하여  가!장 아름답고 소중한 그것을 위해  나!는 지난 겨울처럼 또 다시 나타나  다!가가고 있어 그 곳으로 가고있어  라!샬락 붐- 터지고 있는 나의 슬픔  마!지막까지 포기할 수 없는 나의 마음  바!라만 보지마 다같이 외쳐봐  사!고 팔고 떠도는 너의 영혼을 그들은  아! 그 귀신처럼 덤벼 보고 되고있어  자!존심까지 화장으로 지워버려  차!별과 가식으로 너를 묻어버려  타!오르는 열망으로 취한 나의 타령  카!마카마카마카마 make a million  파!란 하늘 향해 겨뤄 Baby lon  하!늘을 향해 주먹을 질러봐  주먹을 질러봐 주먹을 질러봐   Boom Bap으로 Rap으로  취해봐 보여 봐 너의 그 진정한 모습을  흑과 백과 선과 악과 너와 나와 그들과  그것을 위하여  가!위 눌리는 현실에서 깨어나고싶어  나!는 나 너는 너 그들을 따라가긴 싫어 모두  다! 의지를 버리지 말고 앞으로 밀고 나가봐  라!일락 향기보다 달콤한 독을 알아봐  마!구 입을 놀리는 너는 내주먹의 맛을 봐  바!람과 함께 사라지는 우리 인생들  사!슬에 묶여 함께 끌려가는 인생들  아!무리 외쳐봐도 듣지않는 그 이들  자!신의 노예 속박에서 뛰어나와서  차!가워진 마음 녹여 모두다 다가와 더  타!오르는 열망으로 깨닮음으로  카!마카마카마카마 make a million  파!란 하늘 향해 겨뤄 Baby lon  하! 주먹을 질러봐  주먹을 질러봐 주먹을 질러봐   Boom Bap으로 Rap으로 취해봐 보여 봐 너의 그 진정한 모습을  흑과 백과 선과 악과 너와 나와 그들과  그것을 위하여 one shot  Boom Bap으로 Rap으로  취해봐 보여봐 너의 그 진정한 모습을  흑과 백과 선과 악과 너와 나와 그들과  그것을 위하여 one shot  카마카마카마카마 make a million  파란 하늘 향해 겨뤄 Baby lon  하! 주먹을 질러봐  주먹을 질러봐 주먹을 질러봐
2000.05.07~05.13,9,1140592,Tears,소찬휘,First Bridge,2000.03.24,Dance,정성윤,아무 일도 내겐 없는 거야 처음부터 우린 모른 거야 워 넌 그렇게 날 보내 줄 수는 없겠니 이제라도 나를 잊어야해 그런 모습 쉽진 않겠지만 아직 날 기다리는 너를 알아 마음이 아파 차라리 나를 미워해 이제 그만 내게 미련 보이지마 두번 다시 넌 나를 찾지마 나로 인해 아파할 테니까 잔인한 여자라 나를 욕하지마 잠시 너를 위해 이별을 택한거야 잊지는마 내 사랑을 너는 내 안에 있어 길진 않을 거야 슬픔이 가기까지 영원히 차라리 나를 미워해 이제 그만 내게 미련 보이지마 두번 다시 넌 나를 찾지마 나로 인해 아파할 테니까 가져가 내게서 눈먼 너의 사랑을 모든 게 집착인걸 너도 알고 있잖아 지독했던 사랑 따윈 모두 지워버려줘 길진 않을 거야 마지막 순간까지 사랑해
2000.05.07~05.13,10,88429,Smile Again (하늘에서),임창정,White,2000.02.10,Ballad,조규만,또 울고 있었군요 이젠 그만 나를 놓아요 커다란 그대 사랑 안고선 맘 편히 쉴 수 있게 긴 세월이 흐른 후 그대 좋은 사람 만나서 행복한 모습 볼 수 있도록 나 그댈 지킬께요 우리 함께 한 많은 날들이 너무나 소중해 그래도 웃을 수 있죠 혼자인게 서러울 땐 그댈 아프게 한 내 모습만 떠울리며 살아요  긴 그대의 한숨을 모두 가져갈 수 없다면 차라리 그대 그림자 되어 나 항상 그대 곁에 우리 함께 한 많은 날들이 너무나 소중해 그래도 웃을수 있죠 혼자인게 서러울 땐 그댈 아프게 한 내 모습만 기억해봐요 그대  세상에 홀로 남겨진 그대를 잠시라도 만날 수 있다면 단 하루라도 야위어 가는 그댈 위해 날 닮은 사람 보내줄께요 그에게서 날 봐요
2000.05.07~05.13,11,75233,비(悲)의 Rhapsody,최재훈,Believe In 5462,2000.03.09,Rock,"이세준,주영훈",이젠 눈물 그쳐 나를 봐요  우는 그대 더 아름다워  내게 이 모습 조차 더 남지 않도록  그냥 고개 돌려요  그저 미안한 마음뿐이죠  그댈 위해 해줄게 없어  모두 이해할게요 그댈 아끼는 맘  그분들도 같을 거란걸  한참 동안을 비틀거렸죠 워  그댈 사랑했던 그만큼 워  떠나가요 아주 먼곳으로  그대 소식 내게 올수 없을  그 만큼  다 잊어요 내겐 마지막이  될 사람도 모두 다 버려두고 갈게요  나를 위해 많이 애썼단걸  알고있죠 난 감사해요  허나 이룰수 없는건 어쩔수 없죠  내가 용기낼게요 이젠  죽는 날까지 사랑한대도 워  가질수 없는 그대인걸 워  떠나가요 아주 먼곳으로  그대 소식 내게 올수 없을  그 만큼  다 잊어요 내겐 마지막이  될 사람도 모두 다 버려두고 갈게요  떠나가요 아주 먼곳으로  그대소식 내게 올수 없을  그 만큼  혹시라도 내가 그리울 때면  세상에 내가 없다고 믿어요  우 그렇게 우 믿어요
2000.05.07~05.13,12,87307,Dash,백지영,Rouge,2000.04.17,Dance,이승호,벌써 며칠째야 애만 태우는게  날 사랑한단 한마디 말조차  하지 못한채  용기가 없는 넌 다가오지 못하고  언제까지나 그렇게 멀리서  바라볼거야  이젠 내가 너보다 먼저 다가  갈거야  널 사랑한단 그 말을 내가 먼저  하고 말거야  서로가 사랑인 걸 알고 있는데  왜 이러고만 있어야 하는지도  정말 답답해  이런 얘길 내가 먼저 한다면  언제나 남자들은  부담스러워 하지  너 역시 그렇다면 어쩔수 없어  넌 사랑받을 자격도 없는거니까  이제와서 이런 얘길하기가  조금은 껄끄럽고  어색하긴 하지만  사랑은 그리 쉽게 얻을수 없어  언제까지나 이럴순 없잖아  누가 먼저란건 그리  중요하지 않아  짧은 생을 사랑  하나만으로 산다면  너를 사랑한 후 내가 달라진건  외롭던 나의 시간을 채워준   너의 생각들   불처럼 타오른 열정은 아니지만  깨지지 않는 사랑의 믿음이  생겨난거야  이젠 내가 너보다 먼저  다가 갈거야  널 사랑한단 그 말을 내가 먼저  하고 말거야  서로가 사랑인 걸 알고 있는데  왜 이러고만 있어야 하는지도  정말 답답해  이런 얘길 내가 먼저 한다면  언제나 남자들은  부담스러워하지  너 역시 그렇다면 어쩔수 없어  넌 사랑받을 자격도 없는거니까  넌 사랑받을 자격도 없는거니까
2000.05.07~05.13,13,3824,어제처럼,제이,In Love,2000.04.21,R&B / Soul,윤사라,trust the warmth inside  can you feel my love alive   어제처럼 오늘도 아무일  없는듯이  그리고 please don't tell me why  이렇게 돌아서지만 나를 떠나가는 이유를 난  묻진 않을게요 cuz i love you 내게 이런 말하기가 쉽진  않았을거야  생각해봤어 얼마나  어려웠을지 다만 슬픈 내  눈물에 돌아설 수 없어  멈출 사랑으로 안을까봐  난 너무나 두려울 뿐이죠 so baby trust the  warmth inside can you feel my love alive  어제처럼 오늘도 아무일  없는듯이  그리고 please don't tell  me why  이렇게 돌아서지만 나를 떠나가는 이유를 난 묻진  않을게요  네겐 너무나 부족한 나를  알고 있기에  다짐해 왔어 언젠가  이별이 오면 그땐 떠난 내 마음이  미안하지 않게  좋은 추억으로 간직하게 널 웃으며 보내준다고  so baby faith is all we need  it was love that set us free  처음처럼 이별은 아무런  얘기 없이 하지만  love forever lives  다시는 볼 수 없어도 나의 가슴속엔 언제나 그대  영원하겠죠  언젠가 내 모습 또 다시  처음처럼 그립다면 그냥  돌아오면 돼  don't you know I love you  trust the warmth inside  can you feel my love alive  어제처럼 오늘도 아무일  없는듯이  그리고 please don't  tell me why  이렇게 돌아서지만  나를 떠나가는 이유를 난 묻진  않을게요  so baby faith is all we need  it was love that set us free  처음처럼 이별은 아무런  얘기 없이  하지만 love forever lives  다시는 볼 수 없어도 나의 가슴속엔 언제나 그대  영원하겠죠
2000.05.07~05.13,14,34093,오랜 방황의 끝,김태영,오랜 방황의 끝,2000.01.10,Ballad,김창환,그대 두 손을 잡고 고개를 숙인채로  나를 용서해달라면서 난 많이 울었지  나의 긴 방황 끝에 결국 내가 찾은건  아직도 날 기다리고 있는 그대였었어  알아 그 동안 많이 들었어  그대가 나땜에 무척 힘들어 했었다는 걸  알아 순간의 나의 잘못이 얼마나 많은  상처로 그대를 괴롭혔는지  이젠 되돌려줄께 못다한 내 사랑이  오직 나 하나만 믿고 기다린 그대에게  내 모든 걸 다바쳐 나의 사랑속에서  이젠 그댈 편히 쉬게 할꺼야  그대 내 손을 잡고 날 감싸주면서  돌아왔으면 됐다면서 날 위로했지  수척해진 얼굴로 미소를 띄운채  내 두눈에 고인 눈물을 닦아주었지  알아 그 동안 많이 들었어  그대가 나땜에 무척 힘들어 했었다는 걸  알아 순간의 나의 잘못이 얼마나 많은  상처로 그대를 괴롭혔는지  이젠 되돌려줄께 못다한 내 사랑을  오직 나 하나만 믿고 기다린 그대에게  내 모든 걸 다바쳐 나의 사랑속에서  이젠 그댈 편히 쉬게 할꺼야  이젠 되돌려줄께 못다한 내 사랑을  오직 나 하나만 믿고 기다린 그대에게  내 모든 걸 다바쳐 나의 사랑속에서  이젠 그댈 편히 쉬게 할꺼야
2000.05.07~05.13,15,87039,천애 (For You......),이지훈,Eternity Friend.....,2000.04.03,Ballad,강타(KANGTA),한참동안 숨겨왔던 내 숨죽인 눈물 여전히 고운 하얗게 식은 넌 아무말도 없어  소리없이 멈춰버린 내 떨리는 두 손  이제 다시 너의따스함을 느낄 순 없는건지 멈춰있었던 시간속에서 너를 만났었던 거였니  세상 어느 곳에도 이제 더이상 너의 모습을 볼 순 없는지 늦지 않았으면 해 지켜내야 해 니가 어느곳에 있어도  어떤 대답이라도 해줬으면 해 이렇게 애원하는 내게 그렇게도 힘들었던 니 여린 마음에 그 어떤것도 해줄 수 없던 난 대체 뭐였는지 한 순간도 내 앞에선 흔들리지 않던 너  돌아서선 얼마나 많이 괴로워 아파했었을지 멈춰있었던 시간속에서 너를 만났었던 거였니  세상 어느 곳에도 이제 더이상 너의 모습을 볼 순 없는지 늦지 않았으면 해 지켜내야 해 니가 어느곳에 있어도  어떤 대답이라도 해줬으면 해 이렇게 애원하는 내게  널 찾을수 있는곳에  살아갈 수 없다면  날 도와주겠니  내가 갈 수 있도록 항상 넌 다음 세상에서 도  날 만날 거라고 내 두눈을 보며  수줍게 웃곤했는 데  니가 있는 그곳에 소리없이 다가가 난 기도해 잠시 멈춰있었던 시간속에서 너를 만났었던 거였니  세상 어느곳에도 이제 더이상 더이상은  널 볼 순 없는지  늦지 않았으면 해 지켜내야 해 니가 어느곳에 있어도  어떤 대답이라도 해줬으면 해 이렇게 애원하는 내게
2000.05.07~05.13,16,82594,Blue Sky,박기영,혼잣말,2000.03.22,Rock,박기영,어두운 밤 기나긴꿈을 따라 널 기다릴 내게로 와  너만을 위해서 난 노래해 Blue sky  내맘을 채우는 빗줄기처럼 널 가득히 담아줄께  너만을 위해서 난 노래해 Blue sky  새벽은 소리없이 너와 날 불러내도 oh  가슴을 열어 크게 소리쳐 우릴 비춰줄 저 태양과  함께 마음을 열어 크게 소리쳐 나와 노래해  빰빰빠 빰빠빠 빠~  어두운 밤 밝은 달빛을 찾아 널 기다릴 내게로 와  너만을 위해서 난 노래해 Blue sky  내 맘을 채우는 저 햇살처럼 널 가득히 담아줄게  너만을 위해서 난 노래해 Blue sky  새벽은 소리없이 너와 날 불러내도 oh  가슴을 열어 크게 소리쳐 우릴 비춰줄 저 태양과  함께 마음을 열어 크게 소리쳐 나와 노래해  빰빰빠 빰빠빠 빠~  새벽을 깨워 내게 가져가 모두 채워줄게 oh  가슴을 열어 크게 소리쳐 우릴 비춰줄 저 태양과  함께 마음을 열어 크게 소리쳐 나와 노래해  빰빰빠 빰빠빠 가슴을 열어 크게 소리쳐 우릴 비춰줄 저 태양과  함께 마음을 열어 크게 소리쳐 나와 노래해  빰빰빠 빰빠빠 빠~
2000.05.07~05.13,17,85707,해줄 수 없는 일,박효신,해줄수 없는일,1999.12,R&B / Soul,윤사라,할말이 있어 어려운 얘기  내게 힘겹게 꺼내놓은 네   마지막 얘기  내 곁에 있기엔 너무 닮지 못해서  함께 할 수 있는 건 이별 뿐이라고  아무것도 난 몰랐잖아 너를   힘들게 했다는 게  그런것도 몰랐다는 걸 도무지   난 용서가 안돼  아무것도 넌 모르잖아  나를 차갑게 돌아서도 내일부터   볼 수 없어도  내 안에 넌 달라지는 게 아니란걸 그렇다는걸 너도 알고 있잖아  니가 원하면 무엇이든 다 할   수 있단 걸  해줄 수 없는 건 오직   한 가지 뿐야  너무 사랑하면서 너를   떠나가는 일  아무것도 난 몰랐잖아 너를   힘들게 했다는 게  그런것도 몰랐다는 걸 도무지   난 용서가 안돼  아무것도 넌 모르잖아   나를 차갑게 돌아서도 내일부터   볼 수 없어도  내 안에 넌 달라지는 게 아니란걸 너를 위한 길이라면 그러고 싶어  받아들이려고 해봐도 이별까지는 아무래도  힘들것 같아 니가 없이 살아가는게 나에게는  자신 없으니까 아무말도 못 들은 걸로 아무일도  없었던 걸로 오늘 일만 지워버리면 우리  둘은 달라지는게 없잖아 더 지치게 하는 일 없을테니
2000.05.07~05.13,18,494157,다 알아요,양파,Yangpa Best,2003.11.13,Ballad,,다 알아요 모두 다 알아요  나를 떠나야 했었다는걸  너무 많은 것을 바라는 날 감당할 수 없어  이내 지쳐가는 그대를 모른 건 아니었어요  나 다른 건 없어요 꼭 한번만 보고 싶어요  그대 얼굴 예전처럼 밝은지  하지만 떠나간 그대의 그 미안함 덜어주려면  그대를 잊는게 더 옳은 거겠죠 다 알아요 알잖아요 이건 알잖아요  그럴 수 밖에 없었다는 걸  너무 초라하게 기억될 날 보여줄 수 없어  끝내 잡지 않은 내 맘을 모른건 아니잖아요  나 다른 건 없어요꼭 하나만 묻고 싶어요  그대 맘이 예전보다 나은건지  하지만 떠나간 그대의 그 미안함 덜어주려면  그대를 잊는게 더 옳은 거겠죠 다 알아요  다시 한번 생각해요 우리의 약속 많이 힘들어도 헤어짐은 없기로 했던 걸  그대 곁에 있고 싶은 욕심이라 해도 한곳만 바라볼 거예요 뒷모습만이라도  또 다른 건 몰라도 꼭 하나만 기억해줘요  이런 사랑 다시 오지는 않겠죠 그리고 우리 헤어짐은 긴 행복을 위한거겠죠 이런 내 믿음이 틀리진 않겠죠 난 믿어요  이런 식으로 끝나진 않겠죠 다 알아요
2000.05.07~05.13,19,610483,요즘 너는,이현우,Viru..s,2000.04.29,Ballad,이현우,우리 처음 만났던 순간처럼  설레임이 나에겐 아직 남아 있는데  널 사랑하는 마음은 아직까지  조금도 변함없이 아직 그대로인데  요즘 너는 내게서 조금씩 멀어져가고  더 이상은 우리 사이 예전같지 않아  나를 바보로 만들어버린 너의 미소도  이젠 더이상 찾을 수 없어  변한건 없다고 넌 얘기하고 있지만  너의 마음이 떠났다는걸 알아  이별의 준비를 너 하는거라면  내게 말해줘 그런거라면  영원한 사랑은 없다고 얘기 하지만  난 항상 너이기를 바랬어  헤어지는건 견딜수 있지만  널 보내진 못 할것 같아   그 누구도 날 구속할순 없다고  나는 생각했었지 너를 만나기 전엔  하지만 너는 사랑을 내게 가르쳐주고  너 없이는 하루라도 견딜수 없지만  나를 바보로 만들어 버린 너의 눈빛은  나는 이제 느낄수 없어  변한건 없다고 넌 얘기하고 있지만  너의 마음이 떠났다는걸 알아  이별의 준비를 너 하는거라면  내게 말해줘 그런거라면  영원한 사랑은 없다고 얘기 하지만  난 항상 너이기를 바랬어  헤어지는건 견딜수 있지만  널 보내진 못 할것 같아
2000.05.07~05.13,20,26822,한 (Come A Come),샤크라,Chakra,2000.03.02,Dance,이상민,가라 가라 갇혀 확 갇혀   내 안에 갇혀 확 갇혀   가라 가라 갇혀 확 갇혀   사랑안에 갇혀 확 갇혀   소리 없이 보내리라   말이 없이 보내리라   그리워질 이야기가   소리없이 보내리라   말이 없이 보내리라   그리워질 이야기가  약해지지마 헤어져도 우린  이대로 갈 수 없어   커져가는 응어리를 버려야해   떠나가려 해  나 하나가 네게 있어 뭐가   그리 중요했니   나처럼 전처럼 그렇게 바라봐   알 수 없는 미래보다 지금이  더 좋아보여   잊어버려 나라는 이름을   다시 부르지마 어디서 어떻게든   모른체 지나쳐   다시 날 찾지마 어디서 어떻게든   죽어도 나를 찾지마   come a come come a come   다시 찾아주길 위해서   나는 너의 곁을 떠난다   come a come some a some   some a some   결심했다 너를 위해서   나는 너의 곁을 떠난다   some a some so loose   I've been abused absoulutely   make you   curse I make you dismiss me   dis piss me   이미 마음이 너의 곁을 떠난다   소리 없이 보내리라   말이 없이 보내리라   그리워질 이야기가  저 하늘을 바라보는   나날들이 늘어가도   나처럼 전처럼 행복해져야 해   내 곁에서 아주 멀리 떠나가줘   너를 잊게 목소리라도  들을 수 없게  다시 부르지마 어디서 어떻게든  모른체 지나쳐  다시 날 찾지마 어디서 어떻게든  죽어도 나를 찾지마  행복하게 살아야해 그 하나면 돼  나에겐 다시 부르지마  어디서 어떻게든 모른체 지나쳐  다시 날 찾지마 어디서 어떻게든  죽어도 나를 찾지마  가라 가라 갇혀 확 갇혀  내 안에 갇혀 확 갇혀  가라 가라 갇혀 확 갇혀  사랑안에 갇혀 확 갇혀
2000.05.07~05.13,21,91014,주문을 걸어,박혜경,+01,1999.12.23,Rock,강현민,(나나나 나나나 -)  파란 바람이 불어 괜히 설레이던 날  하얗게 빛나는 너를 보게됐어 오-  스쳐 지나 갔지만 까만 너의 눈 속엔  너를 바라보는 내 모습이 있어 오-   And I`ll be seeing you!  꼭 보게 될거야  네게 주문을 걸었으니  오 그렇게 난 그렇게 널 만날꺼야   오 찾게 될꺼야  너는 마법에 빠진거야  오 그렇게 꼭 그렇게 날 찾을꺼야   (나나나 나나나 -)  매일 너의 꿈 속에 나를 보게 될꺼야  놀라지는 말아 우연이 아니야 오-  한 순간이었지만 너의 마음 가득히  까만 눈에 비친 내 모습이 있어 오-   And I`ll be seeing you!  꼭 보게 될거야  네게 주문을 걸었으니  오 그렇게 난 그렇게 널 만날꺼야   오 찾게 될꺼야  너는 마법에 빠진거야  오 그렇게 꼭 그렇게 날 찾을꺼야   I`ll be seeing you!  오 찾게 될꺼야  너는 마법에 빠진거야  오 그렇게 꼭 그렇게 날 찾을꺼야 -  (나나나 나나나 -)
2000.05.07~05.13,22,88423,Love,윤현석,Will (1집),2000.02.29,Ballad,,"묻고 싶어 너를 만나게 되면 나를 떠난 후 정말 괜찮은지 또 다른 누굴 만나 날 잊고 사는지 혹시 나와 같은지 그 누군가가 너를 물을 때마다 이젠 날 떠나 행복할 거라고 해 나 또한 알고싶어 너무 힘들어 너를 잊을 수 없어 사랑해, 사랑해 너의 사랑이 너무 필요해 기억해 날 잊지마 너를 너무 사랑해 너 하나만을 사랑한 죄밖에 없어 사랑 때문에 모든 걸 포기했어 이제 단 하나 나의 바램이 있다면 행복하게 살아줘"
2000.05.07~05.13,23,2962362,Vision,유승준,Ivy Mega Mix 2,2000.04,Dance,,
2000.05.07~05.13,24,86857,노을의 연가,주영훈,Nostalgia,2000.03.21,Ballad,김태희,끝없이 나를 버려야 했고 끝없이 감싸 안아야 했지 항상 멀리 있는 그대를 사랑해야 했던 나는 수 없이 나는 울어야 했고 더 많이 애원 해야만 했지 다시 어떻게든 그대를 곁에 둘 수만 있다면 그만 잊어주길 바라는 그대 둘 곳없는 시선에 난 고갠 끄덕였지만 쉽게 보내긴 싫어 하지만 나 그댈 위해 떠나 보낼 수 밖에 오직 내게 바라는 전불테니까 처음부터 내게 허락된 적 없었던 사랑 그댈 향한 모습인걸  무너져 가는 나를 보면서 오늘도 원망할 뿐이였지 그렇게 사랑한 그대를 끝내 잡지 못했던 나 다시 돌릴 수가 없다면 어떤 말이라도 해주렴 다 지난 사랑 이래도 내겐 소중 했으니 살아볼께 헛된 기다림에 지쳐 울어도 나를 버린 그대로 기억된다면 처음부터 내게 허락된적 없었던 사랑 그댈 향한 모습인걸 하지만 나 그댈위해 떠나보낼수 밖에 오직 내게 바라는 전불테니까 처음부터 내게 허락된적 없었던 사랑 그댈 향한 모습인걸
2000.05.07~05.13,25,1564058,Good Bye My Love,이수영,I Believe,1999.11.17,Ballad,김선민,문득 말하고 싶었죠 우리 다시 시작 할 수는 없는지 잠시 울리다 끊어진 전화에도 나는 혹시나 그댄걸 느껴요 잊으려고 친구를 만났죠 아무 소용 없다는걸 난 알아요 그 언젠가 그대 아파할 때 하얗게 밤새던 그 추억도 이젠 나의 몫이 아니겠죠 사랑해요 떠나지 말아요 혼자 있다 그대 보고 싶을 땐 난 어쩌면 좋아요 내가 먼저 보내야 할까요 새로운 연인이 기다리나요 나보다 더 행복하게 해줄 것 같다면 Goodbye my love  잊으려고 친구를 만났죠 아무 소용 없다는걸 난 알아요 그 언젠가 그대 아파할 때 하얗게 밤새던 그 추억도 이젠 나의 몫이 아니겠죠 사랑해요 떠나지 말아요 혼자 있다 그대 보고 싶을 땐 난 어쩌면 좋아요 내가 먼저 보내야 할까요 새로운 연인이 기다리나요 나보다 더 행복하게 해줄 것 같다면 Goodbye my love
2000.05.07~05.13,26,86327,서방님,이소은,신비,2000.01.14,Ballad,이규호(Kyo),잊어요 괜한 걱정마요 예전에 내가 말했잖아요  그대 가는 길가에 핀 이름모를 꽃처럼 있는 모습 그대로  지켜줘요 괜한 욕심말아요 언제나 내가 말하잖아요  여기 그대 눈 멀게한 소녀의 고운 미소  그리 영원하진 않아요  서방님 내 서방님 용서하세요  허락하려 할 수록 소녀는 우스워질테니  노여워 말아요 견뎌내야죠 처음부터 잘못택했었던  그대의 잘못인거죠    미워요 괜한 투정이죠 사실 내맘도 병들어가고 있죠  늘 그대 볼 수 있게 이대로 눈을 감고  달이 되어 살고 싶어요  서방님 내 서방님 알아주세요  정든님 넓은 가슴 멍들게 할 주제 못되니  노여워 않아요 견뎌내야죠 처음부터 떨치지 못했던  소녀의 잘못인거죠    우리의 잘못인거죠  오- 언제라도 그대뿐이에요(서방님 내 서방님 용서하세요)  시간이 끝-에 닿아도(무엇이 또 그누가 잘못이 있을지라도)  다시 산다해도 그댈 따르겟어요(노여워 말아요 기다려야죠)  그땔 기다려-요 우 그런날이 오겠죠(처음부터 사랑해도 좋은 그런 날이 오겠죠)
2000.05.07~05.13,27,86132,애인,허쉬,Hush,1999.12.01,Dance,,다시 한번 나는 사랑에 또 빠졌어 이번에는 달라 전과 비교하지마 자존심은 모두 버리고 우 네 맘을 뺏을래 baby baby 네가 좋아한단 레몬향을 뿌리고 몸에 붙는 빨간 옷도 골라 입었어 이런데도 안넘어 오면 우 남자가 아니지 baby 너무 놀라 지는마 이런 나의 변신을 나와 함께 한다면 매일이 이런 기쁨일텐데 왠지 어리숙한 말투 착한 네 웃음이 내 마음을 끌었어 너라면은 내가 믿고 기댈 수 있다는 확신이 생겨난거야 내가 너에게 바라는 건 정말 진실한 마음뿐야 지금 너 그대로 baby baby  짙은화장대신 비누향을 풍기고 오늘만은 나의 청순함을 보일래 이런대도 안흔들리면 우 남자가 아니지baby 너무 놀라지는마 이런 나의 변신을 나와 함께 한다면 매일이 이런 기쁨일텐데 왠지 어리숙한 말투 착한 네 웃음이 내 마음을 끌었어 너라면은 내가믿고 기댈 수 있다는 마음 더해만가 이젠 용길 내줄래 기다리고 있잖아 너와 함께 한다면 언제나 나는 행복할꺼야 이젠 거릴 걸어가도 모든 여자들이 너를 보는것 같아 그런 부러운 시선이 나는 즐겁지만 넌 나만보고 걸어줘 내가 너에게바라는건 좀 더 나은 네 모습보다 변하지 않는 사랑을 할 나만의 너니까baby
2000.05.07~05.13,28,1606633,Tonight,터보,터보(Turbo) 5집 `Email My Heart`,2000.01.26,Ballad,이승호,너에게 더 가까이 다가가고 싶지 향긋한 향기 상큼한 느낌 가지고 싶지 눈을 감고 너를 만지고 싶지 냇가에 흐르는 시냇물처럼 끊이지않는 숨결이지 잠들은 너의 얼굴 보고 싶지 커튼 사이 햇살에 비친 나른한 꿈결 느껴지지 tonight 오늘밤 all night 세상에 벽을 쌓고 끝없는 사랑을 나누고 싶지 all night 까맣게 젖은 너의 머릿결 상큼한 솔잎 같은 너의 향기 하얗게 나를 보며 웃어봐 가까이 내게 다가와 줘 귓가에 들려오는 니 숨결 바다의 파도소리 같겠지 촉촉한 너의 입술 닿으면 눈부신 행복이 나 오늘밤 단 둘이서 먼 여행을 떠나갈 거야 서로가 너무나 원했었지만 차마 갈 수 없었던 곳 널 안고 싶었어 널 갖고 싶었어 넌 하지만 이미 다른 사랑이 널 원했었지만 간절했었지만 손 끝 조차 닿지 않는 안타까움만 너의 이름만 불러봐도 터질 것 같은 나의 사랑 널 만지고 널 느끼고 널 마시고 내게 입맞춤도 더 가까이 내 품 가득 안고파 그렇게 나를 떠나갈 때 어리석게 난 사랑이 뭔지도 넌지도 몰랐어 너의 빈자리가 더욱 더 커져갈 때 그 자리엔 쓰러질 것만 같은 후회만 남았어 돌이킬 수 없는 선택을 해버린 널 알게 됐고 또 한 번의 아득한 절망에 다시 만난 넌 날 깨닫게 했지 아직도 그대로라는 걸 널 향한 내 사랑과 미래 이래선 안되는 걸 알지만 체념은 그리 쉽진 않았어 사랑은 자꾸 너를 찾는데 참을 수 없었어 이 세상이 이런 나를 용서하지 않는다해도 이제야 비로소 찾은 사랑을 이젠 포기할 수 없어 왜 그랬었냐고 왜 보냈었냐고 왜 사랑도 아닌 사람 곁에서 왜 내게 왔냐고 왜 이제서냐고 그때처럼 너를 보낼 줄 알았다고 아마 그 때 니 아픈 만큼 내가 다시 겪는가봐 tonight 오늘밤 어쩌면 마지막이 될 지 그저 하룻밤이 될 지도 모르겠지 그저 거품처럼 사라지는 인어의 꿈이 될 지도 모르겠지 난 영원히 오늘밤 짧은 순간의 기억만으로도 살아갈 수 있을 만큼 너를 사랑하고 있지 눈 감으면 너와의 깊은 입맞춤을 기억하며 살아가는 내가 될 수만 있다면 하고 기도하지 tonight tonight tonight tonight 슬픔은 없어 tonight tonight tonight tonight
2000.05.07~05.13,29,4067,아가페,이브,너에게로 날다,2000.02.28,Rock,G.고릴라,그대 곁에는 내가 있잖아   병든 세상은 무너져가지만   나의 너마저 보낼 수 없어   저 어둠속에 널 보낼 수 없어   Oh Please forgive me   내가 그녀를 위해 내가   영혼을 모두다 그녀를 위해   Give me 나를 그녀 대신에 나를   당신께 모든걸 바쳐   Can you feel the love   comin out   영혼을 모두다 그녀를 위해   Give me 나를 그녀   대신에 나를   당신께 모든걸 바쳐   널 나에게 맡겨두면돼  이 세상을 가져버린 어두운   저 하늘도   너를 데려갈 순 없어   Forever I'm Foever  I'm by your side I'm by  your side  Until the end Until the end  그대와 저 끝까지도  I'm by your side I'm by  your side  Until the end Until the end  그대와 저 끝까지도  널 나에게 맡겨두면 돼  이 세상을 가져버린 어두운  저 하늘도  너를 데려갈 순 없어  Forever I'm Foever  I'm by your side I'm by  your side  Until the end Until the end  그대와 저 끝까지도  I'm by your side I'm by  your side  Until the end Until the end  그대와 저 끝까지도  I'm by your side I'm by  your side  Until the end Until the end  그대와 저 끝까지도  I'm by your side I'm by  your side  Until the end Until the end  그대와 저 끝까지도
2000.05.07~05.13,30,86168,Fly To The Sky,플라이투더스카이,Fly To The Sky,1999.12.14,R&B / Soul,유영진,세상 모두를 가질 수가 없다고  단념하며 살아왔던 내게 아무 것도 가진 것은 없겠지만  또 잃을 것도 없다고 말해줘 수천만의 사람 중에 단 하나의  너를 찾던 그 순간 난 느껴버렸지 난 해낼 수 도 있어 그대와 함께라면 It's alright baby I fly to  the world 나를 지켜줘 Can you makin'  me high It's alright Baby We fly to  the sky 나를 위해서 사랑이란 말도 빛이 바랬어 너무  흔한 말이 돼버렸지 말로 표현할 수 없는 감정들을  다 네게 보여주고 싶었어 수많은 거짓말과 욕심들로  채워버린 세상에 난 빛이 되겠어 난 해낼 수가 있어 그대와 함께라면 Girl I know what your thinkin'  when your sleepin' at night your thinkin' I'm stressin'  but baby I'm alright you are like an angel watchin'  over me I once was blind but now I see your lovin'  brings me acstasy can't you see your my girl of eva my lady 바로 앞에 미래마저 알 수 없겠지 그런 이유로 우린 또  되는대로 산거야 알고싶었어 모두에게 가진 꿈을  나눠줄 순 없는지 왜 I'm a lyrical lyricist on the  mic get contagious I be tighter tightest I be the  badest fly high way up to the sky  let me see yo 'hand's you  know how we ride It's alright baby I fly to  the world 나를 지켜줘 Can you makin'  me high It's alright Baby we fly to  the sky 나를 위해서
2000.05.07~05.13,31,39017,쇼크,구피,Techno,2000.01.21,Dance,조진광,지금 이 시간  순간순간 함께하는  이 시간 속에 안에  내 가슴속에 날 잡고 자릴잡고  보고있는 내 하나뿐인 너  사랑스러 그런 니가 부담스러  그런 나를 이해하는  니 눈빛도 부담스러  난 믿어 널 믿어 우리 사랑 믿어  믿음들과 사랑으로 바라보는 널  Forever love you  I love you I love you  영원히 널 기억할꺼야  이젠 내 꿈속에 항상  니가 있을테니까  알 수 없는 너의 눈빛들  요즘 너무 불안했었어  내 품안에 숨결까지  이젠 낯설은 걸 알고있어  너의 일기속에 몰래 숨겨진 말들  네 맘에 나는 없었던거야  보았어 예전 네 생일 우연히 소개했던 친구와 너를 환하게 웃는 네 입술 그 미소 그가 너의 사랑이었니 Forever love you I love you I love you 영원히 널 기억할꺼야 이젠 내 꿈속에 항상 니가 있을테니까 니 눈빛속에 비춰지는 내 친구 모습이 마치 비우고 다시 채워지는 술잔처럼 연인처럼 별빛처럼 비춰지는지 이건 아냐 넌 아냐 그건 니가 아냐 이건 정말 현실이 아냐 뭐든 쉽게 쓰는대로 변해버리는 마치 넌 물감처럼 변해버리지 그래 우린 연인 아닌 낯선 셋일때가 많았지 미안해 나만 몰랐던거야 보았어 예전 네 생일 우연히 소개했던 친구와 너를 환하게 웃는 네 입술 그 미소 그가 너의 사랑이었니 Forever love you I love you I love you 영원히 널 기억할꺼야 이젠 내 꿈속에 항상 니가 있을테니까 너의 눈을 볼 수 없어 미안할뿐야 오랫동안 아파할 너를 난 기억할 테니까 Forever love you I love you I love you 영원히 널 기억할꺼야 혹시 그 사람이 너를 버릴지도 모르니
2000.05.07~05.13,32,32497,학교를 안갔어!,량현량하,쌍둥이 파워,2000.01.18,Dance,,학학학교를 안갔어   학학학교를 안갔어   학학학교를 안갔어   학학학교를 안갔어   어쩌면 좋겠어 학교를 안갔어   아니아니야 안간게 아니야   실수로 못갔어 정말이야   믿어줘 제발좀 들어줘   일부러 그런게 아니야   내 얘길 들어봐줘   학교를 가는 길에 시계를   들여다보니   이게 웬일이니 시간이   남는게 아니겠니   그래서 딱 한판만 정말 딱   한판만 하고 가려고   오락실로 들어가게 됐어 그만   그런데 오늘따라 왠일인지   내게 뭐가 씌였는지 한판을   깨고 두판을 깨도   왜 죽지를 않는건지 결국   난 모든 기록을 깨고   내 이름을 새기고 멋있게   걸어 나오는데   아 버스를 놓쳤어   학학학교를 안갔어   학학학교를 안갔어   학학학교를 안갔어   학학학교를 안갔어   떠나는 스쿨버스 야속한   스쿨버스   돌아와줘 플리스   날 구해줘 SOS   소리쳐도 버스는   멀어졌기에 나는   할수 없이 달려가서 지하철을   탔거든 그런데 이게 웬일   믿을수 없는일 작년에 전학간   내가 사랑하던 지윤일   만난거야 갑자기 하늘의   축복이 내 가슴은   콩당 콩당 콩당   내눈에 눈물이 어떻게   살았는지 어디에 사는지   끝없이 얘기는 오가고   웃음꽃을 피웠지   그리고 나서 용기를 내서   연락처를 물어봤지   그러자 그녀가 말했지   그런데 너 내릴때 지나지   않았니   학학학교를 안갔어  학학학교를 안갔어  학학학교를 안갔어  학학학교를 안갔어  결국 오후가 돼서야 학교에  도착한거야 교문앞에선  내 마음은 엄마야 화난  선생님 얼굴 무서운 엄마의  얼굴 회초리 내 종아리  그냥 도망갈까 멀리 멀리  그래도 용기를 내서  교실문을 열었는데  와  혼나긴 커녕 매맞긴 커녕  박수를 받았어
2000.05.07~05.13,33,37756,그대도...내게도...,에코,Voice Of Angel,2000.01.01,Ballad,유유진,내게 올까요 만나질까요  그댈 잊게 해줄사람 말예요  그럴 리 없죠 있을 리 없죠  아직도 내 안에 그대가 있으니  나는 겁이 나요 이게 우리 끝일까봐  매일 난 기다려요 그대 목소리 들려오길  이건 아니에요 정말 아니에요  왜 우리가 이래야 해요  난 믿어요 그대에게  사랑은 아직 나뿐이라고 그래요  우리는 다시 만나야만 해요  내가 갈게요 다시 예전처럼  그대 날 안아줘요 (날 안아줘요)    그대 없이 난 안되나봐요  늘 해왔던 일도 손에 잡히질 않죠  소용없어요 누굴 만나도 그대의  얘기만 꺼내게 되네요  나는 겁이 나요 이게 우리 끝일까봐  그대는 어떤가요 지금 나처럼 힘들겠죠  이건 아니에요 정말 아니에요  왜 우리가 이래야 해요  난 믿어요 그대에게  사랑은 아직 나뿐이라고 그래요  우리는 다시 만나야만 해요  내가 갈게요 다시 예전처럼  그대 날 안아줘요 (날 안아줘요)  날 위해서 가요 그대가 떠난 이유가  왜 아직도 나를 몰라요 그대가 없다면  내게 뭐가 소용 있어요 우~  나를 믿어줘요 나를 지켜줘요  그게 나를 위한 거에요  이대로 우리 헤어진다면  다신 이런 사랑 못해요  그대도 내게도 또 다른 사랑은 없어요  늦지 않아요 다시 예전 그때처럼 그대 날 안아 줘요
2000.05.07~05.13,34,4050182,Cross,엄정화,코리안 댄스 탑 40 Vol.1,2000.07.06,Dance,,
2000.05.07~05.13,35,75203,"Party! (Feat. 타샤니,진원)",이현도,완전(完全) Hiphop,2000.01.21,Rap / Hip-hop,"이현도,MASTAWU",우 every day every night 우 every day every night 내가 가는 길이 바로 내길이지 무더운 사막에서도 I'll take it easy 서로를 믿고 따라야만 꽃은 피지 Cheesy 하게 생각하면 그건 지지 see me 모든걸 잠시 접어두고 생각않고 쉬고 이런 사람 저런 사람 불러 술마시고 우리에게 쌓이고 쌓이는 모든 피로 나 풀어나가지 I roll with ace Deux D O 망설임을 가지고 있을지 혹은 조금 어색할지도 모르지만 걱정하지 않아도 되지 그럴 필요없지 맴돌지 말지 아무라도 와도 누구라도 상관없지 누구나 또 와도 처음이라도 괜찮지 마치 나와 친구같이 노는 N R G 동생들처럼 말이지 우리 모두 여기 모여 모두 함께 하나의 그림 그려요 누구나 모두 함께 우 우 서로 다른 빛깔들로 하나의 아름다운 무지개가 되듯이 그렇게 함께해요 우 누가 누가 와도 괜찮아 아무나 즐겨도 뭐한 세상 왜 싸우나 웃어도 모자른데 왜 우나 모두 나와 놀아 기쁘나 슬프나 기분이 나쁘나 우리 함께면 이렇게 모두 좋아 왠지 모르게 하늘은 푸르구나 나와 그대 왜 어째서 벽이 높아야만 해 안돼 이제 달리 생각해봐야 해 서로가 다르다는 이유 하나에 어긋나지 않았으면 해 나만 이렇다 말하지 마라 다 함께 못할 이유는 아니다 내게 힙합이란 자유다 느낌이란 하나다 여기 모두 우린 전부로서 하나다 우리 모두 여기 모여 모두 함께 하나의 그림 그려요 누구나 모두 함께 우 우 서로 다른 빛깔들로 하나의 아름다운 무지개가 되듯이 그렇게 함께 해요 Every day and every night 에 매일 얼굴 찡그리기엔 하늘이 너무 맑아 높아 때론 우리들 먹구름과 빗줄기에 그렇게 가끔 이 슬픔과 만나기에 우리네 삶은 더욱 충실해 간다네 행복의 소중함을 더욱 느낄 수 있다네 모두가 함께라면 더 좋겠네 우리같은 이 자리에 Hey hey hey hey hey 그래 그렇게 서로 다른 빛깔들로 하나의 아름다운 무지개가 되듯이 그렇게 함께 해요 I broke all limits in guiness been this since elements admit it's so obvious but to me it's all irrelevant and yo I'm serious some be devious wit them slick politics tryna screw me like I'm new to this who be most desired like the coming of messiah don't you get tired while I'm reachin higher and higher my flow go surpassing those plateaus that how it goes while tse's featuring for DO 우 every day every night
2000.05.07~05.13,36,8472,Champ,긱스,Gigs,1999.11.24,Rock,이적,그대여 지쳤나요 하루하루를 뒤쫓다가 그래요 이상한 일이에요 우린 되는 일이 없나요 꼭 두들겨 맞은 듯이 상처 뿐 이어도 차마 쓰러질 수 없는 이유를 알기에 다시 일어나 주먹을 쥔다면 그것으로 충분해요 이 거친 세상에 자유를 꿈꾸는 그대가 바로 승자예요 어제는 소중했던 그대 마음 속의 자신이 단숨에 내팽개 쳐 지나요 그리 쉽게 질 순 없어요 꼭 두들겨 맞은 듯이 상처 뿐 이어도 차마 쓰러질 수 없는 이유를 알기에 다시 일어나 주먹을 쥔다면 그것으로 충분해요 이 거친 세상에 자유를 꿈꾸는 그대가 바로 승자예요 그대의 마음에 그대가 있다면 그것으로 충분해요 이 거친 세상에 자유를 원하는 그대가 바로 승자예요  가끔씩은 정신을 잃어 다리가 풀리기도 하죠 그럴 때면 환상을 봐요 언젠가 우리 승리의 잔을 들 그 날을  다시 일어나 주먹을 쥔다면 그것으로 충분해요 이 거친 세상에 자유를 꿈꾸는 그대가 바로 승자예요 그대의 마음에 그대가 있다면 그것으로 충분해요 이 거친 세상에 자유를 원하는 그대가 바로 승자예요
2000.05.07~05.13,37,87707,무제(舞帝)의 귀환(歸還),이주노,Bionic Jono,2000.03.18,Rap / Hip-hop,김준선,michacl mellet nicole smith lisa bevel peter penrose epeat crack your world up you've got it all wrong you've trapped in the matrix get out of the gray break away your chains and shout question what is all about start a revolution try to find a new diection cause the time you have is running out 난 잊지 않았지 언제나 여기에 니 안에 소망과 난 하나되어 있음을 지금껏 난 사랑해 왔던 나의 모든걸 지울순 없어 난 다시 여기 못다한 우리 꿈을 위해  난 알고 있었지 그날의 아픔과 삼켰던 눈물이 결코 끝이 아니였단걸 지금껏 난 사랑해 왔던 나의 모든걸 지울순 없어 난 다시 여기 기다려 와준 너를 위해서 사랑해 왔던 나의 모든걸 지울순 없어 난 다시 여기 내안에 살아있는 너를 위해서 어디에나 한결같은 너의 맘 있었기에 너에게 난 지금 나를 보여주려해 수많은 날 혼자 견뎌온 외로움의 기억들 모두 이젠 모두 지워버리게
2000.05.07~05.13,38,1576735,다 줄거야 (Acoustic Ver.),조규만,I Will Give You All,2000.01.01,Ballad,조규만,그대 내게 다가오는 그 모습 자꾸 다시 볼수 없을 것만 같아서 감은 두눈 뜨지 못한거야 너를 내게 보내준 걸 감사할뿐야 고마울 뿐야 많이 외로웠던거니 그동안 야워가는 너를 보며 느낄 수 있어 너무 힘이 들땐 실컷 울어 눈물속에 아픈기억 떠나보내게 내품에서 서글픈 우리의 지난 날들을 서로가 조금씩 감싸줘야해 난 네게 너무나도 부족하겠지만 다 줄꺼야 내 남은 모든 사랑을 많이 지쳐있던거야 그동안 자꾸 야워가는  너를 보며 느낄 수 있어 너무 힘이 들땐 실컷 울어 눈물속에 아픈기억 떠나보내게 내품에서 서글픈 우리의 지난 날들을 서로가 조금씩 감싸줘야 해 난 네게 너무나도 부족하지만 다 줄꺼야 내 남은 모든 사랑을 난 네게 너무나도 부족하지만 다 줄거야 내 남은 모든 사랑을
2000.05.07~05.13,39,1087406,가지 말라고,진주,Jinju`s Soul Music,1999.12.17,Ballad,박진영,떠난다는 말을 듣고서  어떻게 해야할지 몰라서  멍하니 그댈 보면서 눈물만 흘렸어  왜 이러냐고 묻는 그대를 붙잡고서  가지 말라고 떠나지 말라고  나를 이렇게 제발 울리지 말라고  말을 해봐도 아무리 울어도  돌아선 그대는 그저 멀어져만 가네  나도 이런 내가 싫어서 이렇게 매달리기 싫어서  몇번이고 나 혼자서 연습도 해봤어  하지만 그대없이 살 자신이 없어서  가지 말라고 떠나지 말라고  나를 이렇게 제발 울리지 말라고  말을 해봐도 아무리 울어도  돌아선 그대는 그저 멀어져만 가네   가지 말라고 가지 말라고 떠나지 말라고 떠나지 말라고 나를 이렇게 제발  울리지 말라고 울리지 말라고 말을 해봐도 말을 해봐도 아무리 울어도 아무리 울어도 돌아선 그대는 그저 멀어져만 가네
2000.05.07~05.13,40,91322,너를 보내고,YB,한국 Rock 다시 부르기,1999.12.01,Rock,이승희,구름낀 하늘은 왠지 네가 살고 있는 나라일 것 같아서 창문들마저도 닫지 못하고 하루종일 서성이며 있었지 삶의 작은 문턱조차 쉽사리 넘지 못했던 너에게 나는 무슨말이 하고 파서 였을까 먼산 언저리마다 너를 남기고 돌아서는 내게 시간은 그만 놓아주라는데 난 왜 너 닮은 목소리마저 가슴에 품고도 같이가자 하지 못했나  길잃은 작은 새 한마리가 하늘 향해 그리움 외칠때 같이 놀던 어린나무 한그루 혼자 남게 되는게 싫었지 해 저가는 넓은 들판 위에서 차가운 바람불어도 들려오던 노래 내곁에 없었지 먼산 언저리마다 너를 남기고 돌아서는 내게 시간은 그만 놓아주라는데 난 왜 너 닮은 목소리마저 가슴에 품고도 같이가자 하지 못했나 먼산 언저리마다 너를 남기고 돌아서는 내게 시간은 그만 놓아주라는데 난 왜 너 닮은 목소리마저 가슴에 품고도 같이가자 하지 못했나
2000.05.07~05.13,41,987282,가시나무,시인과촌장,시인과 촌장 3집 `숲`,1988,Ballad,하덕규,내속엔 내가 너무도 많아 당신에 쉴곳 없네 내속엔 헛된 바람들로 당신에 편할곳 없네 내속엔 내가 어쩔수 없는 어둠 당신에 쉴자리를 뺏고 내속엔 내가 이길수 없는 슬픔 무성한 가시나무숲 같네 바람만 불면 그 메마른 가지 서로 부대끼며 울어대고 쉴곳을 찾아 지쳐날아온 어린 새들도 가시에 찔려 날아가고 바람만 불면 외롭고 또 괴로워 슬픈노래를 부르던 날이 많았는대 내속엔 내가 너무도 많아서 당신에 쉴곳 없네
2000.05.07~05.13,42,91309,어머님께,god,Chapter 1,1999.01,Ballad,박진영,어머니 보고싶어요  어려서부터 우리집은 가난했었고 남들 다하는 외식 몇번 한적이 없었고 일터에 나가신 어머니 집에 없으면 언제나 혼자서 끓여 먹었던 라면 그러다 라면이 너무 지겨웠어 맛있는것 좀 먹자고 대들었었어 그러자 어머님은 마지못해 꺼내신 숨겨두신 비상금으로 시켜주신 자장면 하나에 너무나 행복했었어 하지만 어머님은 왠지 드시질 않았어 어머님은 자장면이 싫다고 하셨어 어머님은 자장면이 싫다고 하셨어 야이야아아 그렇게 살아가고 그렇게 후회하고 눈물도 흘리고 야이야아아 그렇게 살아가고 너무나 아프고 하지만 다시 웃고 중학교 일학년때 도시락 까먹을 때 다 같이 함께 모여 도시락 뚜껑을 열었는데 부잣집 아들 녀석이 나에게 화를 냈어 반찬이 그게 뭐냐며 나에게 뭐라고 했어 창피해서 그만 눈물이 났어 그러자 그녀석은 내가 운다며 놀려댔어 참을 수 없어서 얼굴로 날아간 내 주먹에 일터에 계시던 어머님은 또 다시 학교에 불려오셨어 아니 또 끌려오셨어 다시는 이런 일이 없을거라며 비셨어 그 녀석 어머님께 고개를 숙여 비셨어 우리 어머니가 비셨어 야이야아아 그렇게 살아가고 그렇게 후회하고 눈물도 흘리고 야이야아아 그렇게 살아가고 너무나 아프고 하지만 다시 웃고 아버지 없이 마침내 우리는 해냈어 마침내 조그만 식당을 하나 갖게 됐어 그리 크진 않았지만 행복했어 주름진 어머님 눈가에 눈물이 고였어 어머니와 내 이름에 앞 글자를 따서 식당 이름을 짓고 고사를 지내고 밤이 깊어가도 아무도 떠날줄 모르고 사람들의 축하는 계속되었고 자정이 다 돼서야 돌아갔어 피곤하셨는지 어머님은 어느새 깊이 잠이 들어 버리시고는 깨지 않으셨어 다시는 난 당신을 사랑했어요 한번도 말을 못했지만 사랑해요 이젠 편히 쉬어요 내가 없는 세상에서 영원토록 야이야아아 그렇게 살아가고 그렇게 후회하고 눈물도 흘리고 야이야아아 그렇게 살아가고 너무나 아프고 하지만 다시 웃고 야이야아아 그렇게 살아가고 그렇게 후회하고 눈물도 흘리고 야이야아아 그렇게 살아가고 너무나 아프고 하지만 다시 웃고
2000.05.07~05.13,43,607552,가시나무,조성모,2.5집 Classic,2000.01.27,Ballad,하덕규,내 속엔 내가 너무도 많아  당신의 쉴곳 없네  내 속엔 헛된 바램들로  당신의 편할곳 없네  내 속엔 내가 어쩔수 없는 어둠  당신의 쉴 자리를 뺏고  내 속엔 내가 이길수 없는 슬픔  무성한 가시나무 숲같네  바람만 불면 그 메마른 가지  서로 부대끼며 울어대고  쉴곳을 찾아 지쳐 날아온  어린 새들도 가시에 찔려 날아가고  바람만 불면 외롭고 또 괴로워  슬픈 노래를 부르던 날이 많았는데  내 속엔 내가 너무도 많아서  당신의 쉴곳 없네   바람만 불면 그 매마른 가지  서로 부대끼며 울어대고  쉴곳을 찾아 지쳐날아온  어린 새들도 가시에 찔려 날아가고  바람만 불면 외롭고  또 괴로워  슬픈 노래를 부르던  날이 많았는데  내 속엔 내가 너무도 많아서  당신의 쉴곳 없네
2000.05.07~05.13,44,81713,Rain,이적,Dead End,1999.05.31,Ballad,이적,"오늘도 이 비는 그치지 않아  모두 어디서 흘러오는 건지...  창 밖으로 출렁이던, 헤드라잇 강물도  갈 곳을 잃은채 울먹이고...  자동 응답기의 공허한 시간  모두 어디로 흘러가는 건지...  기다림은 방한 구석, 잊혀 진 화초처럼  조금씩 시들어 고개 숙여가고...  너를 보고 싶어서  내가 울 줄 몰랐어.  그토록 오랜 시간들이 지나도  나에게 마르지 않는 눈물을 남겼네  모든 흔적 지웠다고 믿었지  그건 어리석은 착각이었어  이맘때쯤 네가 좋아한, 쏟아지는 비까진  나의 힘으로도 어쩔 수 없는 걸...  너를 보고 싶어서  내가 울 준 몰랐어.  그토록 오랜 시간들이 지나도  나에게 마르지 않는 눈물을 남겼네  하루하루 갈수록 더 조금씩  작아져만 가는 내게  너 영영 그치지 않을 빗줄기처럼  나의 마음 빈곳에 너의 이름을 아로새기네  너를 보고 싶어서  너를 보고 싶어서  그토록 오랜 시간들이 지나도  나에게 마르지 않는 눈물을 남겼네...    나에게 마르지 않는 눈물...  흘러내리게 해줬으니...  누가 이제 이 빗속에"
2000.05.07~05.13,45,1483086,너를 사랑해,김경호,...Love U,2000.01.11,Rock,이승호,저 내리는 비를 또 이겨 내려고 길 마다 쌓인 기억을 빈 가슴에 담고 있지 잿빛 하늘 웃는 네 얼굴 뜀 뛰면 닿을 것 같은데 너는 이미 비가 되어 내 온 몸을 안고 있지 아프도록 불어오는 시린 바람에 뒤척이다 눈물로만 깨어나는 아침에 내 젖은 가슴 이대로 비처럼 눈감고 쓰러져 있어 내 곁에만 있는다면 워워워 너를 사랑해 너를 사랑해 함께라는 이유로만 살아 온 나였기에 너를 사랑해 너를 사랑해 내 곁에 돌아와서 날 지켜줘  �F빛 하늘 웃는 네 얼굴 뜀 뛰면 닿을 것 같은데 너는 이미 비가 되어 내 온 몸을 안고있지 아프도록 불어오는 시린 바람에 뒤척이다 눈물로만 깨어나는 아침에 내 젖은 가슴 이대로 비처럼 눈 감고 쓰러져 있어 내 곁에만 있는다면 워워워 너를 사랑해 너를 사랑해 함께라는 이유로만 살아 온 나였기에 너를 사랑해 너를 사랑해 내 곁에 돌아와서 날 지켜줘
2000.05.07~05.13,46,38542,꼭!,김건모,Growing,1999.11.20,Dance,"남정호,윤일상,김태윤",이제와 달라진건 너 하나 떠난 것 뿐인데 왜 다른거야 모두 그대론데 네 기억 마저 가져가줘 이렇게 허전한 줄 몰랐어 너 없는 시간들이 꿈속에서 그렇게 환히 웃던 너는 왜 그리 멀리 있니 다시는 돌아올 수 없는 넌 느끼며 또 하루가 지나갔어 이렇게 힘들게 살아갈 날 위해 내 곁으로 돌아와줘 아무도 없는 방 한구석에  쓸쓸히 앉아서 함께 했던 추억을 그리며 다시 너를 찾고 있어 꼭 돌아와 줘  그렇게 많은 것을 버린 채 살아온 나날들 아픈만큼 지친 나의 모습 넌 이런 나를 바랫었니  이렇게 너만을 생각하며 헤매고 싶지않아 너의 그늘을 벗어나 살고 싶은 바램 이제는 늦은 걸까 그 어떤 이유라도 이제는 괜찮아  다시 내게로 돌아와 줘 예전처럼 나를 힘들게 한데도 이제는 상관없어 또다시 나를 멀리 떠난다고 해도 널 원망하진 않을꺼야 너 없이 힘들게 살아온 만큼의 아픔을 배웠으니 다시는 너를 놓지 않겠어 너 돌아온다면 널 위해 내가 가졌던 모든 걸다 너에게 줄 수 있어 꼭 돌아와 줘
2000.05.07~05.13,47,84209,경고,타샤니,Parallel Prophecys,2000.09.28,Rap / Hip-hop,유유진,"cuz a party aint a party till we  run thought jigga babt t,and the tseiwhut whut!  party aint a party till we run throught  itwhut yaah baby t.  정말 니가 몰랐니 우리가 만난다는 걸  너와 그는 이미 다 끝났잖아  왜 또 그를 흔들어 내게서 뺏어가려해  이제서야 그가 필요해졌니  나와 나만의 baby boo 사랑은 for life  너는 막을 수 없어 우리는bonny &amp; clyde  No 1,2,3 it goes 하늘 끝까지  너의 단 한번의 기회는 끝나고 말았지  그리 쉽게 네가 원하는 걸 가지려 했다니  madada now you left with nada  이젠 내게 다가오는건  my lover, Say good bye to my baby,  while we pass you by!  니가 그를 버린걸 알아  아주 냉정히 넌 떠났었잖아  너 때문에 해매던 그를 위로 했던건  바로 나야  생각해봐 그의 맘을  내게 상처받은뒤로 얼마나 힘들었을지  이제서야 너의 그늘을 벗어나  그는 내게 맘을 열게 된거야  너는 이러면 안돼 그에게 다가오지마  그의 사랑 받을 자격 넌 없어  네가 필요할때만 넌 그를 찾아오잖아  이젠 내가 너를 용서않을래    My asiatic knights but bad like bo bo left,  Stand ready for the attack,  They always got my back,  eyes of Dragonflal,  always ride by my side,  cuz we partners in rhyme  throught millenium times  친구의 친굴 사랑하게 된  나는 슬픈 영화속의 주인공이 될지 몰라서  혼자 나만을 원망한 나  다신 그런 바보같은 생각하지 않을꺼야  Yeah you know who we be,  Baby T and the TSE in99 prime time to shine,  Yeah baby T hit me one more time    니가 그를 버린걸 알아  아주 냉정히 넌 떠났었잖아  너 때문에 해매던 그를  위로 했던건 바로 나야  이제와서 어떻게 넌  옛날로 돌아가잔 말을 또 쉽게 꺼낼 수 있니  니가 그의 마음에 줬던 상처가  이제 겨우 사라지고 있는데  너는 이러면 안돼 그에게 다가오지마  그의 사랑 받을 자격 넌 없어  네가 필요할때만 넌 그를 찾아오잖아  이젠 내가 너를 용서않을래  다시 그를 찾지마 그에게 다가오지마  이제 내가 그에 곁에 있으니  그와 나에 사랑을 더이상 방해하지마  이제 그에게는 내가 필요해  Hit me one more time, baby one more time  Hit me one more time, baby one more time  Hit me one more time, baby one more time  Hit me one more time, baby one more time  Hit me one more time, baby one more time  Hit me one more time, baby one more time"
2000.05.07~05.13,48,85258,와,이정현,Let`s Go To My Star,1999.10,Dance,최준영,사실이 아니길 믿고 싶었어  널 놓치기 싫었어  혹시나 우리의 사랑이 잘못 돼 끝나면 어떡해  가슴은 아프지만 모른척 해야해  이별보단 덜 아플 테니까  설마했던 네가 나를 떠나버렸어  설마했던 네가 나를 버렸어  깊었던 정을 쉽게 잊을 수 없어  늦었어 이미 난 네 여자야  오오오오오오오오 독한  여자라 하지마  오오오오오오오오  사랑했으니 책임져  다시는 사랑에 속지 않기를 나  간절히 바랬어  네가 내 인생의 마지막 남자가  돼 주길 바랬어  하지만 이게 뭐야 눈물 뿐이야  이제 남은건 절망 뿐이야  설마했던 네가 나를 떠나버렸어  설마했던 네가 나를 버렸어  깊었던 정을 쉽게 잊을 수 없어  늦었어 이미 난 네 여자야  오오오오오오오오  독한 여자라 하지마  오오오오오오오오  사랑했으니 책임져  날 봐 잘 봐 내 사랑을 다시 봐  와와 봐봐 이번이 마지막  뭣하러 뭣하러 떠나 날  뭣하러 뭣하러 버려  이제 잔소리 말고 내게로  다시 와줘 와줘
2000.05.07~05.13,49,85257,바꿔,이정현,Let`s Go To My Star,1999.10,Dance,최준영,모두 제정신이 아니야 다들   미쳐가고만 있어   어느 누굴 믿어 어찌믿어   더는 못믿어   누가 누굴 욕하는거야 그러는   넌 얼마나 깨끗해   너나 할것없이 세상속에   속물들이야   바꿔 바꿔 바꿔 내 모든걸   다 바꿔 바꿔 바꿔   사랑도 다 바꿔 바꿔 바꿔 거짓은   다 바꿔 바꿔 바꿔 세상을 다 바꿔  THANGTH IT WAS A MUST   TO TRUST YOU NOW I CRUSH   YOU ANALYSIN MY BRAIN   너의 가식적인 사랑   나를 다시 사랑하길 바래   내가 다시 돌아오길 바래   그럼 바꾸길 바래 늦기전에   날 잡길 바래  한 여자의 지난 과거가 왜   용서받지 못할 일이야   맘에 걸렸다면 처음부터 왜   날 사랑해   모든 것이 변해버렸어 예전의   나로 착각하지마   나를 버린것을 후회해도   이미 늦었어   바꿔 바꿔 바꿔 내 모든걸   다 바꿔 바꿔 바꿔   사랑도 다 바꿔 바꿔   바꿔 거짓은   다 바꿔 바꿔 바꿔 세상을   다 바꿔 바꿔 바꿔 내 모든걸 다  바꿔 바꿔 바꿔  사랑도 다 바꿔 바꿔 바꿔  거짓은 다 바꿔 바꿔  바꿔 세상을  다 바꿔 바꿔
2000.05.07~05.13,50,37990,잊으러 가는 길,김장훈,1999 바보,1999.10,Ballad,채정은,또 하루를 겨우 넘겼어 내일은 좀더 쉬울까 매일 이 똑같은 그리움 더하는 집착의 두려움 난 정말 괜찮은 것처럼 널 정말 잊은것처럼 마치 세상에 시위하듯 소리내 헤프게 웃는다 차라리 난 니가 누군가 와 결혼해 살기를 바래 너무나 행복하단 니 소식에 감히 널 기다리지 못하게 널 안으며 준비한 사랑 널 위해서 꾸었던 꿈 이제 난 슬픔에 눌-려 슬픔-에 질리면은 너를 잊-을-까- 늘 사랑은 위험하다고 넌 날 절망케 한다고 그래 그걸 알면서-도 오늘도 보내지 못해 운-다  차라리 난 니가 누군가 와 결혼해 살기를 바래 너무나 행복하단 니 소식에 감히 널 기다리지 못하게 널 안으며 준비한 사랑 널 위해서 꾸었던 꿈 이제 난 슬픔에 눌-려 슬픔-에 질리면은 너를 잊-을-까- 늘 사랑은 위험하다고 넌 날 절망케 한다고 그래 그걸 알면서도 오늘도 보내지 못해 운-다
