time,rank,song_id,title,singers,album,date,genre,creator,lyric
2000.01.02~01.08,1,38541,부메랑,김건모,Growing,1999.11.20,Ballad,문창배,다가오지마 더 이상   위로될 수 없다는 것을  모르는 것처럼   걱정하지마 차라리   편하기까지 하다니까  믿고 싶지 않니   나를 걱정해서 내게 오는 거라면   이제는 아무렇지도 않아   니가 후회해서 돌아오는 거라도   이번에는 내가 싫어   다가오지마 더 이상   위로될 수 없다는 것을  모르는 것처럼   걱정하지마 차라리  편하기까지 하다니까   믿고 싶지 않니  이제야 간신히 너의 그늘 속에서   벗어나 담담할 수 있는데   난 항상 너에게 목을 메고 있다고   그렇게 착각 한 거니   다가오지마 더 이상   위로될 수 없다는 것을  모르는 것처럼   걱정하지마 차라리   편하기까지 하다니까   믿고 싶지 않니   다가오지마   다가오지마 더 이상   위로될 수 없다는 것을  모르는 것처럼   걱정하지마 차라리  편하기까지 하다니까   믿고 싶지 않니   다가오지마 언젠가 다시는   사랑 할 수 있데도  No no no no no  이젠 괜찮아 괜찮아   그 만큼 그만큼의 고통뿐  이젠 괜찮아  다가오지마 걱정하지마 오 이젠 괜찮아
2000.01.02~01.08,2,489866,비젼,유승준,You Seung Jun Best & J Duet Collection,2001.09.01,Dance,이현도,"아닐거라 말해도 눈감지는 말아  네 꿈을 찾을 테니까  - 간 주 중 - 숫자만 하나씩 밀려나가는  어제와 똑같은 지친 아침을  생각없이 체념한 듯이 맞이하고 있니?  모두가 똑같은 표준의 시계 그대로  보며 맞춰나가며 그대로  너는 정말로 행복할꺼니?  누구를 위한 것도 아냐, 꿈이없다면 메뉴얼대로 살아만 간다면  과연 꿈꿀 수 있을까?  커다란 날개를 달아!다시 태어나!  허무하게 남겨진 어제를 벗어나!  높이 날고 싶다면 작은 망설임은 걷어차버려!  끝없는 미지를 향해 내딛어야 해!  새롭게 시작되는 오늘에 누구도  나를 대신 살아 줄 수는 없는거야  추운날의 알레르기 따위에 겁을 내는 것이  어떻게 행복해지는 거야?  그래 다 그렇게 무균상태에 길들여져서  자신도 모르게 약해져 가는데 울어버린 것만 같은 후회 뒤늦게 밀려올때  그땐 늦게 될꺼야  진정한 자신의 바램에 가깝게 가기위해  꿈을 멈추어서는 안돼 네 삶을 사는 것이 아냐 뜻이 없다면 메뉴얼대로 살아만 간다면 과연 꿈꿀 수 있을까?  커다란 날개를 달아!다시 태어나!  허무하게 남겨진 어제를 벗어나!  높이 날고 싶다면  작은 망설임은 걷어차버려!  끝없는 미지를 향해 내딛어야 해!  새롭게 시작되는 오늘에 누구도  나를 대신 살아 줄 수는 없는거야 다시 태어난다 해도 자신이고 싶은  그런 모습의 그삶을 위하여 발을 내딛어!  그 아무도 알 수 없는 내일로"
2000.01.02~01.08,3,91324,사랑해 그리고 기억해,god,Chapter 2,1999.11.25,Ballad,박진영,Uh 사랑하는 사람을  보내야만 했던  모든 사람들에게 바칩니다  돌아보면 너무나 아름다웠어  내 인생에 다시 못 올  순간들이었어  너를 보면 보고 있으면  아무 이유없이 눈물이  흐르곤 했어  행복했어 영원히 잊지  못할만큼  사랑했어 너를 보낼 수  없을만큼  하지만 그만큼이 내 몫이  아니기에  내 것이 아님을 알기에  행복해 이젠 널 보낼게  너의 그 사람에게  널 위해 흘릴 눈물만큼 넌  꼭 행복해야해  사랑해 그리고 기억해  떠난게 후회될 때 언제라도 나의품에  돌아와도 돼  보내야 해 보내야 해 여기서  만족해야 해  몇번이고 다짐을 해봐도  수없이 계속 내 자신을  타일러봐도  왼쪽 가슴 한 구석이  너무 아파와  계속 눈에선 눈물이  흘러 내려와  지나간 추억들 자꾸 돌아와  도대체 왜 이럴까 why why  행복해 이젠 널 보낼게  너의 그 사람에게  널 위해 흘릴 눈물만큼  넌 꼭 행복해야해  사랑해 그리고 기억해  떠난게 후회될때 언제라도 나의 품에 돌아와도 돼  돌아보면 너무나 아름다웠어  내 인생에 다시 못 올  순간들이었어  너를 보면 보고 있으면  아무 이유없이 눈물이  흐르곤 했어  행복했어 영원히 잊지  못할만큼  사랑했어 너를 보낼수  없을만큼  하지만 그만큼이 내 몫이  아니기에  내것이 아님을 알기에  행복해 이젠 널 보낼게  너의 그 사람에게  널 위해 흘릴 눈물만큼 넌  꼭 행복해야 해  사랑해 그리고 기억해  떠난게 후회될때  언제라도 나의 품에 돌아와도 돼
2000.01.02~01.08,4,1139376,상처,조성모,For Your Soul,1999.09.09,Dance,이승호,오 니가 없이는 완전해질수 없었던 삶의 의미를 나 이제서야 알겠어 슬픈운명을 다 바꿀수는 없겠지 상처뿐이던 너와의 그 기억들도 가까이 이별이 온걸 알고있었어  너와 함께해도 자꾸  어긋나던 시선을 느꼈을 때  나 하지만 아무런 준비 할수 없었어  너의 눈빛속에 사라지는  나를 바라만 볼뿐  난 단지 너와의 헤어짐 뒤에 올  차가운 눈물이 될 기억들 중에  더이상 추억 만들지 않으려 애를쓸뿐  잔인하게 좀더 냉정하게  내게 돌아서서 떠나줘  너의 뒷모습에 그나마  내 아픈 상처가 더 깊지 않도록  알고있어 니가 떠난뒤에  내가 어떻게 변해갈지 울컥 솟아나는 눈물이  내남은 삶들을 채워가는 걸  너의 사랑을 돌이킬 수가 없다면 아픈 가슴도 조금씩 죽어가겠지 나와는 그토록 힘에겨운 사랑이  어찌 그 사람관 그렇게도  쉬웠었는지 모르겠어  나 하지만 아무런 원망 하지않겠어  그저 한순간의 어설펐던  인연 이었을테니  그래도 너와의 헤어짐 앞에선  담담한 나를 보여주고 싶었어  니 기억에서 날 조금더 빨리 지워지게  잔인하게 좀더 냉정하게  내게 돌아서서 떠나줘  너의 뒷모습에 그나마  내 아픈 상처가 더 깊지 않도록  알고있어 니가 떠난뒤에  내가 어떻게 변해갈지  울컥 솟아나는 눈물이  내남은 삶들을 채워가는 걸  잔인하게 좀더 냉정하게  나를 떠나는 널 보여줘  어떤 사랑에도 다시는  다치지 않도록 차갑게 떠나줘  알고있어 내게 다른사랑  절대 생길수가 없단걸  다만 이런 나를 감추려  또다른 사랑을 찾을 나라는걸
2000.01.02~01.08,5,105690,나의 왕자님께 (To My Prince),핑클,Special,1999.11.26,Ballad,김혜선,잘 모르겠어요 내가 꿈꾸던  어린 왕자님이 그대였는지  나 태어날때부터 우리 만남이  정해진 것처럼 편안했어요  참 이상해요 사랑한단 이유로  그대의 여자되고 싶은 맘이 간절해져요   혹시 알고 있나요 그대로 인해  이 세상이 아름다울 수 있다는걸 배웠기에  믿고 싶어요 오늘도 감히 난  그대가 있었기에 행복하다고   날 알아줄래요 어설픈 약속  우리의 미래가 두려워져요  아직은 내가 많이 어린가봐요  먼 훗날 후회하면 어떡하나 걱정이 되요   혹시 알고 있나요 그대로 인해  이 세상이 아름다울 수 있다는걸 배웠기에  믿고 싶어요 오늘도 감히 난  그대가 있었기에 행복하다고   시간이 나를 속여도 허락할께요  For you   그래요 나는 그댈 믿어요  그것만이 내가 가진 것 전부이기 때문이죠  약속할께요 그대만 바라보다  이 세상 다하는 날 함께 간다고
2000.01.02~01.08,6,85257,바꿔,이정현,Let`s Go To My Star,1999.10,Dance,최준영,모두 제정신이 아니야 다들   미쳐가고만 있어   어느 누굴 믿어 어찌믿어   더는 못믿어   누가 누굴 욕하는거야 그러는   넌 얼마나 깨끗해   너나 할것없이 세상속에   속물들이야   바꿔 바꿔 바꿔 내 모든걸   다 바꿔 바꿔 바꿔   사랑도 다 바꿔 바꿔 바꿔 거짓은   다 바꿔 바꿔 바꿔 세상을 다 바꿔  THANGTH IT WAS A MUST   TO TRUST YOU NOW I CRUSH   YOU ANALYSIN MY BRAIN   너의 가식적인 사랑   나를 다시 사랑하길 바래   내가 다시 돌아오길 바래   그럼 바꾸길 바래 늦기전에   날 잡길 바래  한 여자의 지난 과거가 왜   용서받지 못할 일이야   맘에 걸렸다면 처음부터 왜   날 사랑해   모든 것이 변해버렸어 예전의   나로 착각하지마   나를 버린것을 후회해도   이미 늦었어   바꿔 바꿔 바꿔 내 모든걸   다 바꿔 바꿔 바꿔   사랑도 다 바꿔 바꿔   바꿔 거짓은   다 바꿔 바꿔 바꿔 세상을   다 바꿔 바꿔 바꿔 내 모든걸 다  바꿔 바꿔 바꿔  사랑도 다 바꿔 바꿔 바꿔  거짓은 다 바꿔 바꿔  바꿔 세상을  다 바꿔 바꿔
2000.01.02~01.08,7,37992,Good-Bye Day,김장훈,1999 바보,1999.10,Ballad,양재선,김장훈_Good-bye day 잊을 수 있다고 믿었었는데 이러다 말겠지 생각했는데 우리 함께 듣던 이 노래에 난 왜 또 눈물이 흐르는지 사랑의 슬픔을 알고 있었어 이별로 끝나는 약속이란걸 아름다운 그대의 미소도 이제 더 이상은 내것이 아니야 Good-bye day 나와 영원할 수 없었다면 지금 그 사랑도 그대와 영원할 순 없을테니까 Good-bye day 그대의 사랑도 지칠 테니 난 영원 끝에서 그대를 기다리며 살아갈게  사랑을 말해도 소용없겠지 돌아와 달래도 올 수 없겠지 좋아하던 비라도 내리면 그댄 혹시 나를 생각하는지 언젠간 나에게 돌아오려고 아무말도 없이 떠나간건지 그댄 지금 내 곁에 없지만 잠시 그댈 빌려준 것 뿐이야 Good-bye day 나와 영원할 수 없었다면 지금 그 사랑도 그대와 영원할 순 없을테니까 Good-bye day 그대의 사랑도 지칠 테니 난 영원 끝에서 그대를 기다리며 살아갈게  Good-bye day 나와 영원할 수 없었다면 지금 그 사랑도 그대와 영원할 순 없을테니까 Good-bye day 그대의 사랑도 지칠 테니 난 영원 끝에서 그대를 기다리며 살아갈게
2000.01.02~01.08,8,91320,실연,KYT(코요태),실연,1999.11.06,Dance,이재경,너 떠난후  많이 울었어 혼자가 되어버렸어 나 다시는 널 볼 수 없게 된거니 딴 사람을 만나다보면 쉽게 널 잊을거라던 내 단순했던 생각이 틀린거야 나만을 사랑한다 했잖아 너만 바라보게 했잖아 넌 나를 떠나정말 괜찮은거니 가끔씩 외로움에 취해서 너를 많이 원망했었어 날 버린 니가 너무 너무 미웠어 이대로 날 떠나면 안돼 제발 포기하지 말아줘 널 사랑할때 가장 행복했었어 Get ready Gdouble O goo's on to go Ay Yo Yo three four four here we go 잊혀져 가고 고 고  너를 믿었고 고  너를 보고만 있을때면 난 uh 행복했지만 You're on my mind baby all the time But I found myself that can't deny Now I didn't want to say goodbye bye  너의 모습 멀어져만 가 가  죽어야만 헤어진 다고 그렇게 맹세한 니가 왜 내가슴에 눈물이 돼야 했니 나만을 사랑한다 했잖아 너만 바라보게 했잖아 넌 나를 떠나정말 괜찮은거니 가끔씩 외로움에 취해서 너를 많이 원망했었어 날 버린 니가 너무 너무 미웠어 이대로 날 떠나면 안돼 제발 포기하지 말아줘 널 사랑할때 가장 행복했었어
2000.01.02~01.08,9,422691,고요한 밤 거룩한 밤,조성모,Christmas Memories(Remake Special),2002.01,Ballad,,
2000.01.02~01.08,10,85844,Blue Day,포지션,Position,1999.10.22,Rock,HamadaShogo,지친 내눈을 깨우며   쏟아지는 햇살에  오늘도 난 못이긴척   담배에 불을 붙여  내가 왜 일어나는지   이유도 알지 못한채  메마른 내 입술은 또   하루를 살겠지  샤워기에 물을 틀고   뿌연 거울 닦으며  오래 전 콧노래 하던   그녀가 웃는 듯해  젖은 머릿결 사이로 길고   진한 속눈썹을   나의 볼에 부비며 속삭이던   그녀가 우 I want you stay   워 우 꿈을 꾸네  내 품에 잠든 널   문을 열면 스쳐가는  다정한 저 연인들 나는 차마 볼 수 없어  애써 고개 숙이지 행여 나 아닌 사람과  나란히 걷는 그녀와  그 앞에 초라한 나 보게  될까 두려워 우 I want you stay 워 우  꿈을 꾸네 내 품에 잠든 널 그대 긴 머리를 풀고 잠을  청해 보나요 그 누구의 품에 안겨 나를  잊어가나요 이밤 난 그대 꿈꾸던 그 자리에  잠이 들죠 아직도 그대만의 숨결을  느끼면서 어제도 내 눈물로 얼룩진  그 자리에
2000.01.02~01.08,11,91317,신부에게,유리상자,Be Happy...,1999.09.01,Ballad,이세준,새하얀 드레스 수줍은 발걸음  꿈꾸는 설레임  나만을 믿고 내곁에 선  소중한 그대  차가운 시선이 우릴 막아설땐  슬퍼도 했지만  어느새 그댄  사랑으로 날 감싸주었죠  그대도 나도 아닌 다른 이유로  아파해야 했던 날 참아준 그대  약속할께요 더 이상의 눈물은  없을거란걸 눈부신 아침도 오후의 향기도  까만 밤 하늘도  내곁에 있는 그대로 인해  아름다울 수 있죠  세상 모든 기쁨과 슬픔 또 사랑  함께 나눌 사람을 난 찾은거죠  약속할께요 더 이상의 외로움  없을거란걸  힘들었던만큼  넉넉한 행복들을 드릴꺼예요 늘 지금처럼 해맑은 웃음만 지어 주세요 그대도 나도 아닌 다른 이유로 아파해야 했던 날 참아준 그대 약속할께요 더 이상의 눈물은 없을거란걸 세상 모든 기쁨과 슬픔 또 사랑 함께 나눌 사람을 난 찾은거죠 약속할께요 더 이상의 외로움 없을거란걸
2000.01.02~01.08,12,85674,영원,스카이,Final Fantasy,1999.11.16,Rock,,너와의 행복했었던 또 아름다웠던 추억  우연히 지나친 그런 시간만은 아닐 꺼야  BREAK DOWN  이미 커져버린 내 빈자리의 주인은  이 세상의 하나뿐인 너였던 거야  (바로 너)   항상 그래왔듯이 니가  내게 다가오기만을 기다린 나니깐  니가 없는 세상 속에서  혼자 눈뜬 아침이 너무 눈 부셔   이제껏 나 숨쉬고 있는 이유는 하나  걸어온 길이 너무도 쉽지 않았기 때문에  내 사랑은 늘 그래왔듯이 눈물만 남겨져  나 가진 것이 많아야 이룰 수 있는 건가봐   이제 사는 법을 알겠어 세상이 원하는 걸  다시 내 삶을 돌려 널 만난다면  널 잊지 않을 거야   기다릴게 나 언제라도  저 하늘이 날 부를 때  한없이 사랑했던 추억만은 가져갈게   우리 다시 널 만난다면 유혹뿐인 이 세상에  나 처음 태어나서 몰랐다고 말을 할게  나 약속해   기다릴게 나 언제라도  저 하늘이 날 부를 때  한없이 사랑했던 추억만은 가져갈게   우리 다시 널 만난다면 유혹뿐인 이 세상에  나 처음 태어나서 몰랐다고 말을 할게  나 약속해
2000.01.02~01.08,13,1734400,실락원 (타이틀),조관우,실락원,1999.12.03,Ballad,장복신,우---  이제 그 눈물 거두어 마지막 세상을 봐 다시 깨어난 시 린- 아침  그래 함께 가는거야 서로의 가슴 안고 끝-내-- 돌아오지 못-할-- 길고 긴 잠속으로 거역할 수 없는 건 시작된 사랑일-뿐 결코--이별은 아닌데 가혹한 운명의 얼굴이- 끝없는 형벌-에 두마음 쉴 곳 없어-- 이대로 떠나가려 해 늘 쫓겨온 사랑 비로소- 자유로워- -  영원한 꿈을 꾸면 돼 편한 여행처럼-- 이제 곧 닿을 세상에서-  지친 가슴 안았지 아픔에 몸을 떨-며 이미 미 쳐버린 사랑-- 비웃으며 돌아서는 이- 잔인한 세상- 에 아무런 미련없어------- 늘 쫓겨온 사랑 비로소- 자유로워- -  영원한 꿈을 꾸면 돼 편한 여행처럼-- 이제 곧 닿을 세상에서- 뚜루루뚜루뜻 뚜르르뚜뚜 뚜루루뚜루뜻 뚜르르뚜뚜 아---아--- 뚜루루뚜루뚜르 우-우
2000.01.02~01.08,14,38210,이해할께,김현성,현` Solitude 3,1999.10.14,Ballad,박주연,너의 손을 잡고서 거닐 사람 있는지 지금 헤어졌어도 다시 보고픈 사람 있는지 네가 아플 때에도 대신 아파해 주고 항상 너의 사진을 품고 다니는 사람 있는지 슬퍼도 이해해 줄게 우리 지난 날 잊는다 해도 이제는 너의 곁에서 돌봐 줄 수가 나는 없잖아 걱정이 돼도  이젠 부모님에게 소개하고픈 사람 있는지 슬퍼도 이해해줄께 우리 지난 날 잊는다 해도 이제는 너의 곁에서 돌봐 줄 수가 나는 없잖아 슬퍼도 그러길 바래 너는 외로움 몰랐으면 해 나처럼 어떤 누구도 사랑 못하면 그러면 안돼  나처럼 네가 외롭고 매일 어렵게 잠든다면 나는 더 슬플테니
2000.01.02~01.08,15,1087403,가니,진주,Jinju`s Soul Music,1999.12.17,Ballad,박진영,친구들이 말했어 니가 떠난다거든  웃으면서 보내줘야 한다고  이미 돌아선 너를 붙잡는다고 해도  이별을 힘들게 할뿐이라고  웃으며 넌 떠났어 우린 약속했기에  서로를 절대 붙잡지 말자고  그래서 떠나는 널 난 바라보면서도  눈물조차 흘릴수가 없었어  가니 정말 날 떠나니  가니 다신 안올거니  가니 이젠 못보는거니  그럼 기다릴 필요없는거니  친구들이 말했어 쉽지 않을거라고  웃으면서 너를 보낸다는게  하지만 난 이렇게 미소짓고 있는걸  조금도 슬프지 않은것처럼  가니 정말 날 떠나니  가니 다신 안올거니  가니 이젠 못보는거니  그럼 기다릴 필요없는거니  난 니가 왜 날 떠나는지  꼭 그래야 했는지  널 붙잡고 실컷 울고싶지만  어색한 미소 난 지을뿐  가니 정말 날 떠나니  가니 다신 안올거니  가니 이젠 못보는거니  그럼 기다릴 필요없는거니  가니 정말 날 떠나니  가니 다신 안올거니  가니 이젠 못보는거니
2000.01.02~01.08,16,83192,Twilight Zone,S.E.S.,Love,1999.10.29,Dance,유영진,Don`t say goodbye   my love   아직 이른 새벽 아침 시간인데   Baby you can`t search   thing that you want   내 꿈안에 널 가두고 싶어   단념할순 없었어   적빛 너의 향기 끝이 없는   너의 욕망   그때로 되돌릴순 없겠지   하지만 지금만큼은   오 난 Huh 그대여 눈물같은   너의 사랑   Would you loving in the   Twilight zone   Just once baby 누구도   너를 데려갈 수 없어   지금 내 안에 있는 걸   Baby you are my everything   and I`m everything for you   The love bond beween   us baby you know   it`s trueuse to walk on   the beach together   make love till we fall in   love foever   and ever fill we die together   아침이 올 때 까지   내 어둠 안에 밝은 빛이   올 때 까지   Baby you can touch my   lonely heart baby   I`m yours   Come into my bed Baby   I`m yours   I will never find a girl   more precious than you   sweeter than you noone   like you prettyer than you   baby you are my everything   SES baby dream team   this is what they sing   아무런 말도 필요없는 걸   난 떠올라 너의 나를 본거야   Alight 그대여 눈물같은 너의 사랑   Would you loving in the   Twilight zone   Just one baby   누구도 너를 데려갈 수 없어   지금 내안에 있는 걸   I can see the light Sign   of the candle light   별을 갈라버린 아침 나를  떠나가겠지만  그대 체온을 난 느낄 수 있어  그대여 눈물같은 너의 사랑  Would you loving in the  Twilight zone Just one  baby 누구도 너를 데려갈 수 없어  지금 내 안에 있는 걸  Twilight zone love me in the  Holy tonight
2000.01.02~01.08,17,1564057,I Believe,이수영,I Believe,1999.11.17,Ballad,MGR(RBW),그대 그약속-을 기억하고 있을까-요 I believe I believe  I believe 많이 변했을 내 모습을  알아볼까-요 And I believe I believe I believe  니가 떠나던 날 너의 빈 책-상위에 새겨져- 있- 던 그말을- -  난 기-억해-요 오늘이 바로 그대 약속-한 그날인-걸-요-- 오지 못할-거-란걸 알고 있어 앞으로도 영원-히- 볼 수 없-다는 것-을- 이젠 이세상에 너란 사-람은 없는거니 내가 잘못 안-것이길 빌고- 있어 우리- 약속한-  이곳에-서-  처음부터 운-명이란 걸 난 느꼈어-요 I believe I believe  I believe 친근한 말 한 -마디조차 한 적 없지-만 And I believe I believe I believe  슬픈 그대 얼굴 이유를 알-았을때 애써 담-담-한 표정만-- 짓고- 있었- 죠 연락하기로 해 웃으며 말-하던 너는- 어-디있-니  오지 못할-거-란걸 알고 있어 앞으로도 영원-히- 볼 수 없-다는 것-을- 이젠 이세상에 너란 사-람은 없는거니 내가 잘못 안-것이길 빌고- 있어 우리- 약속한 이곳에서---
2000.01.02~01.08,18,611100,처음 느낌 그대로,이소라,이소라 Best,1999.11.23,Ballad,이소라,남 다른 길을 가는 내게 넌 아무말 하지 않았지 기다림에 지쳐가는 걸 다  알고있어 아직도 가야하는 내게 넌  기대할 수도 없겠지 그 마음이 식어가는 걸 난  너무 두려워 어제 널 보았을 때 눈 돌리던  날 잊어줘 내가 사랑하며 사랑한단  말 대신 차갑게 대하는 걸 알잖아 오늘 널 멀리하며 혼자 있는  날 믿어줘 내가 차마 네게 할 수 없는  말 그건 사랑해 처음 느낌 그대로 어제 널 보았을 때 눈 돌리던  날 잊어줘 내가 사랑하며 사랑한단 말 대신 차갑게 대하는 걸 알잖아 오늘 널 멀리하며 혼자 있는  날 믿어줘 내가 차마 네게 할 수 없는 말 그건 사랑해 처음 느낌 그대로 처음 느낌 그대로
2000.01.02~01.08,20,8473,랄랄라,긱스,Gigs,1999.11.24,Rock,이적,함박눈이 내리던 그날에 우리들은 골목을 뛰었죠 숨이 터질 듯해 소리를 지르며 멋진 장갑 선물 받은 녀석 그저 맨손 시려운 형아도 모두 작당한 듯 노래만 불렀죠 하얀 겨울에 눈이 내리면 우리 모두 다 하나가 되죠 하얀 맘으로 어깨를 두른 나무들처럼 랄랄랄랄 랄랄 라라라라 랄라라 랄랄랄랄 랄랄 라랄라랄라 랄랄랄랄 랄랄 라라라라 랄라라 랄랄랄랄 랄랄 라랄라랄라  끼니 걱정 근심 많던 엄마 소주 잔에 속앓던 아빠도 뭔가 꿈꾸면서 하늘만 보았죠 하얀 겨울에 눈이 내리면 우리 모두 다 하나가 되죠 하얀 맘으로 어깨를 두른 나무들처럼 랄랄랄랄 랄랄 라라라라 랄라라 랄랄랄랄 랄랄 라랄라랄라 랄랄랄랄 랄랄 라라라라 랄라라 랄랄랄랄 랄랄 라랄라랄라 랄랄랄랄 랄랄 라랄라랄라 랄랄랄랄랄랄라리라라 랄랄랄랄 랄랄 라라라라 랄라라 랄랄랄랄 랄랄 라랄라랄라 랄랄랄랄 랄랄 라라라라 랄라라 랄랄랄랄 랄랄 라랄라랄라 랄랄랄랄 랄랄 라라라라 랄라라 랄랄랄랄 랄랄 라랄라랄라
2000.01.02~01.08,21,1514177,Jingle Bell,SMTOWN,Christmas In Smtown,2000.12.14,기타,,종이 울려서 모두 여기 모여서 그렇게 짜증났던 일들 모두 잊어버려 지워버려  너와 함께 하는 시간 모두 아름다운 추억 Uhh! 행복했던 기억 그 속에서 우리 하나였던  기억까지 그것까지 나는 간직하고 싶어 작은 하나까지 우리 아름다운 눈을 보며  행복했던 지금 이 순간을 기억해 Uhh! / H.O.T  흰눈 사이로 썰매를 타고 달리는 기분 상쾌도하다 종이 울려서 장단 맞추니 즐거워서 소리 높여 노래부르자 / S.E.S  종소리 울려라 종소리 울려 우리 썰매 빨리 달려 종소리 울려라 종소리 울려라 종소리  울려 우리 썰매 빨리 달려 빨리 달리자  나의 어릴 적 그곳에 하얀 눈이 함박눈이 내리면 지쳐있던 나의 마음 달래려 그때 그 시절로 돌아가 나는 찾아가  티없이 맑은 마음으로 썰매를 끌던 나의 모습으로 그런 모습으로 너무 행복해 그리운 그때 그 시절 그 추억 Uhh! /SHINHWA  흰눈 사이로 썰매를 타고 달리는 기분 상쾌도하다 아! / Fly to the Sky  종이 울려서 장단 맞추니 흥겨워서 소리 높여 노래 부르자./Fly to the Sky  나 잊을 수 없었던 그때의 기억 그 겨울을/혜성  다시 돌아가고 있어 나의 정든 그 곳으로/강타  종소리 울려라 종소리 울려 우리 썰매 빨리 달려 종소리 울려라  종소리 울려라 종소리 울려 우리 썰매 빨리 달려 빨리 달리자/합창  하얀 눈 속의 기억들 그 만큼 커버린 내 모습 다시 되돌리고 있어 나의 정든 이곳에서/유영진  종소리 울려라 종소리 울려 우리 썰매 빨리 달려 종소리 울려라 종소리 울려라 종소리  울려 우리 썰매 빨리 달려 빨리 달리자./합창
2000.01.02~01.08,22,86076,가까이,샵,The S#arp+2,1999.10.04,Dance,최수정,- 가까이 -   가까이 가까이 더 가까이  가까이 가까이 더 가까이 gotta check the rhyme me  take if back tight much love  do me right kick it   all right girl give it much hype  it's the 4 tay rock down   hit the shake down gotta drop  that digit hit the info  it's your main higga   mack from de  714 kick always by my   side lets ride  together forever much love   to in dever  나는 너에게 주고 싶어 꾸미지   않는 그 미소를  뭐라고 말하면 좋을까 이렇게   좋은 널  무엇과도 바꿀 수 없는  텔레비전의 연인처럼 다른   사람들이 부럽게  투명한 너의 눈빛으로 나를   꼭 안아 줘   세상에서 오직 단 한사람  나를 불러 줘 Oh baby  내 곁에 영원히 forever 다른 사람이 나의 이름을  부르기 전에 가까이 가까이 더 가까이  날 사랑한다면 오직 나와 함께 어려운 용기도 필요없어  가장 큰 소리로 날 사랑한다고  말해 줘 내 곁에 있고 싶어 내 맘속에  담고 싶어 널 바라보며 이렇게 기다리는  나의 마음 가져가줘 그렇게 힘들게만 느껴지던 하루하루 조금씩 힘들어진 나의 모습 하지만 너를 보며 내 마음은  편안해지고 너와의 시간들은 가장 행복한  추억들로 남길 난 지금 너에게 다가가고 있어  나에게 조금 더 다가와 줘 기다려 줘 너의 맘속으로 좀 더 다가가길 날 사랑하는 맘 이제야 알았어  나는 너의 곁에 나는 예쁘지는 않지만 너의  마음을 잡고 싶어 친구가 아니면 좋겠어  너의 앞에서면 내 가슴이  떨려오는데 특별한 연인이길 바래 평생을  같이 할 수 있게 얼마나 기다려야 할까  수줍은 내 맘이 기다림에  떠날지도 몰라 나를 불러줘 Oh baby 내 곁에  영원히 forever 다른 사람이 나의 이름을  부르기 전에 가까이 가까이 더 가까이  날 사랑한다면 오직 나와 함께 어려운 용기는 필요없어  가장 큰 소리로 날  사랑한다고 말해줘 가까이 가까이 더 가까이  날 사랑한다면 오직 나와 함께 어려운 용기는 필요없어  가장 큰 소리로 날  사랑한다고 말해줘 a black civic hatch back  roll in catch in on my mack cuz I'm a rapper 4tay then well  I hit it every day legit like kid capri it's christopher MC with some  funk dafied  sounds we give a bounce to da ounce livin a life a  luxury properly  a real G what you know  about me mad  I hit the swow key from  SK to LA be pimpin every day so check  your self be fore you  wreck yourself
2000.01.02~01.08,23,480245,Say You Will,유승준,Platinum Dance 2(가요 Techno 댄스),1999.11.09,Dance,,"Be bound to love you,hold on to love you The confess,the truth,I was keeping loving you Now I'll give a choice That you can choose to be with me or leave me in misery so why not leave me in joy? Hey how would you feel about me?Woul you be my lover? Don't ever say""No""and you know that we should be together You'd always be the one for me to bring a better day beautiful day now stay away from my lonely days Girl I've been waiting,all my life to meet someone who has a smile sweet as you i've never seen one, with eyes so warm and lovely Look at me the way that you do Share your love with me and don't let go And just promise me that you'll be Be my one and only every- thing Or just say,it would never last Say you'll stay here by my side Hold me tight and make it last more than one night Please just say you'll still be here With me till the morning light  Let's design our future with my truly love and we should pray to the God above I'll always gonna keep you in my piocket and someday I will speak to you in private that's my wish and I know how to treat you so just trust me So show me your love and let's leave it on the fortune but Idon't know what to say when I'm in front of you So I'm always behind you There is nothing more Iwant to hear. Than our hearts were meant to be Say you'll love me and you won't ever let me go Let our love just flow Say you'll stay here by my side Hold me tight and make it last more than one night Please just say you'll still be here With me till the morning light If you say that we belong  then there'll be no end in sight Love you ways you've never known Say you'll stay,girl just let me know Say you'll stay here by my side Hold me tight and make it last more than one night  Please just say you'll still be here With me till the morning light Say you'll stay here by my side Hold me tight and make it last more than one night  Please just say you'll still be here With me till the morning light"
2000.01.02~01.08,24,1816948,To Heaven,조성모,To Heaven,1998.09.06,Ballad,이승호,괜찮은거니 어떻게 지내는거야 나 없다고 또 울고 그러진 않니 매일 꿈속에 찾아와 재잘대던 너 요즘은 왜 보이질 않는거니 혹시 무슨 일이라도 생겼니 내게 올 수 없을 만큼 더 멀리갔니 니가 없이도 나 잘 지내 보여 괜히 너 심술나서 장난 친거지 비라도 내리면 구름 뒤에 숨어서 니가 울고 있는 건 아닌지 걱정만 하는 내게 제발 이러지마 볼 수 없다고 쉽게 널 잊을 수 있는 내가 아닌걸 잘 알잖아 혹시 니가 없어 힘이 들까봐 니가 아닌 다른 사랑 만날 수 있게 너의 자릴 비워둔 것이라면 그 자린 절망 밖에 채울 수 없어 미안해 하지마 멀리 떠나갔어도 예전처럼 니 모습 그대로 내 안에 가득한데 그리 오래 걸리진 않을거야 이별이 없는 그곳에 우리 다시 만날 그날이 그때까지 조금만 날 기다려 줘
2000.01.02~01.08,25,84207,하루 하루,타샤니,Parallel Prophecys,2000.09.28,Rap / Hip-hop,정연준(업타운),et puis tu es parti  je ne peux pas vivre sans toi  Je pense a toi chaque jour  et toute la nuit Je vous desir  Tu me veux  tu me manque et mon amour  혼자 있어도 난 슬프지 않아  그대와의 추억이 있으니  하지만 깊은 허전함은  추억이 채울 수 없는 걸  언젠간 나 없이도  살아갈 수 있을거야  차가운 그대 이별의 말에  할말은 눈물 뿐이라서  바라볼 수 없던 나의 그대  하루하루 지나가면 익숙해질까  눈을 감아야만  그댈 볼 수 있다는 것에  더이상 그대의 기쁨이 될수 없음에  나는 또 슬퍼하게 될거야  하루하루 지나가면 잊을 수 있을까  그대의 모습과 사랑했던 기억들은  끝내 이룰 수 없었던 약속들을  나는 또 슬퍼하고 말거야 Oawn lalls to dusk and again  I find myself needin what was  Souls of the late same enchained  baby I'm to blame  brought upon rain of cursing pain  that shadows upon us in this vein  that it I could obtain  but the the pride can  never admit to shame  Yet I deny can't seem to lay  what we had to die  and not a day passes me by cried  till waterfalls dissipate to dry  flow I repent and reminice on  everything you meant  Alone at destinies end  a path that I can never  chance again Je t'aime  언젠가 나 없이도 살아갈 수 있을거야 차가운 그대 이별의 말에 할 말은 눈물 뿐이라서 바라볼 수 없던 나의 그대 하루하루 지나가면 익숙해질까 눈을 감아야만 그댈 볼 수 있다는 것에 나 이제 그대의 기쁨이 될수 없음에 나는 또 슬퍼하게 될거야 하루하루 지나가면 잊을 수 있을까 그대의 모습과 사랑했던 기억들은 끝내 이룰 수 없었던 약속들을 나는 또 슬퍼하고 말거야
2000.01.02~01.08,26,85311,나비,자우림,B정규작업(定規作業),1999.10,Rock,김윤아,라 라라 라 라라 라라 라라 라라  라 라라 라 라라 라라 라라 라라  한번쯤은 이런 내게도  정말 좋은 일이 생길 거라고  늘 항상 언제나 처음부터  지금처럼 믿고 있었어  나나나 나나나 나나나나 나나나  꿈꾸었던 모든 것들이  전부 나를 배신하진 않을 거라고  늘 항상 언제나 처음부터  지금처럼 믿고 있었어  나나나 나나나 나나나나   하지만 가끔은 너무  힘들기도 했었지  가끔은 비바람 치기도 하니까  언젠가는 이런 내게도  정말 좋은 사람 생길 거라고  늘 항상 언제나 진심으로  지금처럼 믿고 있었어  나나나 나나나 나나나나 나나나  내 곁에 있어줘 너의 웃는 모습이  참 아름다와 목이 메어와  라 라라 라 라라 라라 라라 라라  라 라라 라 라라 라라 라라 라라  라라 라라라라 나나나   인생은 믿는대로 그대로 나나나  그래서 한번쯤은 이렇게  가끔은 깜짝 놀랄 일도 생기지  언제나 비바람 치는 건 아니지  언젠가는 이런 우리도  정말 멋진 사람이 될 거라고 나나나  그대로 나의 곁에 있어줘  나나나 나나나  지금 너 그대로가  참 아름다와 목이 메어와  언젠가는 이런 내게도  정말 좋은 일이 생길 거라고  언젠가는 이런 내게도  정말 좋은 사람 생길 거라고
2000.01.02~01.08,27,104083,지금은 우리가 멀리 있을지라도,김광민,보내지 못한 편지,1999.09,New Age,,
2000.01.02~01.08,28,88292,Baddest,안재욱,감사 (感謝),1999.11.01,Ballad,오석준,더이상 내게 아무말도 하지마 널 사랑할 수는 없어 첨부터 내게 이럴 생각이었니 왜 다시 온거-야 그 무슨말을 내게 한다고 해도 널 사랑할 수가 없어 날 버린 니가 이럴 수 있는 거니 무얼 생각 하는거야- 사랑한다는 그런 말 내겐 필요없어 도대체 왜 그러니 제발 그냥 내버려 둬 내 앞에서 꺼져버려 너란 여잔 내 마음엔 없-어 이제와서 후회해도 아무 소용 없다는 걸 너도 내 맘 잘 알고 있잖-아 너 떠난후에 수많았던 날들이 내겐 너무나 힘들었어 아직도 나를 생각하고 있다면 그냥 잊어주길 바래- 너무 늦었어 너를 받아줄 수 없는 걸 나를 좀 이해해줘 제발 그냥 내버려 둬 내 앞에서 꺼져버려 너란 여잔 내 마음엔 없-어 이제와서 후회해도 아무 소용 없다는 걸 너도 내 맘 잘 알고 있잖-아  제발 그냥 내버려 둬 내 앞에서 꺼져버려 너란 여잔 내 마음엔 없-어 이제와서 후회해도 아무 소용 없다는 걸 너도 내 맘 잘 알고 있잖-아 보내는 맘 아프지만 이젠 어쩔 수가 없어 아무말도 하지 말고 나를 떠나가줘- 이제와서 후회해도 아무 소용 없다는 걸 너도 내 맘 잘 알고 있잖-아 다른 사람 만나서 행복하기를 바래 네게 하고 싶은 마지막 말이야- 그렇게 인생 살지마
2000.01.02~01.08,29,1698079,애수(哀愁),이문세,Old And New,2002.02.09,Ballad,이영훈,아주 멀지 않았던 날에  그대가 곁에 있던 날엔  햇살 가득 거리에  푸른 잎 무성하고  이 세상 모든게 기뻤었지  아주 멀지 않았던 날에  그날도 오늘 같던 하늘  함박눈 갑자기 내려  온 세상 덮어도  이 세상 모든게 따뜻했지  힘들지만 만나면 기뻤었지  세월 지나 슬플 줄 알면서  언제인지 모를 이별앞에  언제나 손을 잡고 있었지  이젠 모두 지나간 시절에  아직도 그리운 그 모습  따스하던 너의  손내음이 그리우면  가끔씩 빈 손을 바라보네  아주 멀지 않은 그 곳에  그대가 살고 있겠지만  그대 행복 위해  내가 줄것이 없어서  찾지 않고 그저 지나지 힘들지만 만나면 기뻤었지 세월 지나 슬플 줄 알면서 밤 늦도록 추운 거리를 걸어도 언제나 손을 잡고 있었지 이젠 모두 지나간 시절에 아직도 그리운 그 모습 따스하던 너의 손내음이 그리우면 가끔씩 빈손을 바라보네 가끔씩 빈손을 맡아보네 가끔씩 빈손을 맡아보네
2000.01.02~01.08,30,84845,천년의 사랑,박완규,천년지애(千年之愛),1999.10.01,Rock,이현규,이대로 널 보낼 수는 없다고 밤을 세워 간절히 기도했지만 더 이상 널 사랑할 수 없다면 차라리 나도 데려가 내 마지막 소원은 하늘이 끝내 모른 척 져버린대도 불꽃처럼 꺼지지 않는 사랑으로 영원히 넌 가슴속에 타오를테니 나를 위해서 눈물도 참아야했던 그 동안에 넌 얼마나 힘이 들었니 천년이 가도 난 너를 잊을 수 없어 사랑했기 때문에 내 마지막 소원은 하늘이 끝내 모른 척 져버린대도 불꽃처럼 꺼지지 않는 사랑으로 영원히 넌 가슴속에 타오를테니 나를 위해서 눈물도 참아야했던 그 동안에 넌 얼마나 힘이 들었니 천년이 가도 난 너를 잊을 수 없어 사랑했기 때문에 나를 위해서 눈물도 참아야했던 그 동안에 넌 얼마나 힘이 들었니 천년이 가도 난 너를 잊을 수 없어 사랑했기 때문에 사랑했기 때문에
2000.01.02~01.08,31,104673,"사랑, 결코 시들지 않는...",서문탁,Asura,1999.10,Rock,이영준,기억해줘 널 사랑한  한 슬픈 영혼이 여기있었다는 걸  이젠 너의 곁을 지킬수 없는 날  죽었다고 생각해  사랑없는 삶 그것과 같을테니   무너지는 날 용서하길 바래  이렇게 너를 잊을 순 없었어  그저 술에 취해 너를 잊어버리는 건  내가 무너져 너를 지우는 것   언젠간 너를 잃고 살아가게 되겠지만  시간이 너를 떠나가게 만들겠지만  나는 그것조차 아플 것 같아  널 잊는 나의 모습이 하지만   기억해줘 널 사랑한  한 슬픈 영혼이 여기 있었다는 걸  이젠 너의 곁을 지킬수 없는 날  죽었다고 생각해  사랑없는 삶 그것과 같을테니   언젠간 너를 잃고 살아가게 되겠지만  시간이 너를 떠나가게 만들겠지만  나는 그것조차 아플 것 같아 널 잊는 나의 모습이 하지만   기억해줘 저 하늘이  너를 되돌려줄 그날 다시온다면  두번 다시는 이렇게 힘없이  너를 잃진 않겠어  나 없는 그 곳 보낼수가 없으니   슬퍼하지마 이별이 아냐  잠시 우리 사랑 쉬고 있을뿐 -  기억해줘 널 사랑한  한 슬픈 영혼이 여기있었다는 걸  이젠 너의 곁을 지킬수 없는 날  죽었다고 생각해  사랑없는 삶 그것과 같을테니   오 나의 마지막 순간이 이보다 더  행복할 순 없으니 그댈 난 사랑해 -
2000.01.02~01.08,32,83646,무정(無情),채정안,무정 (無情),1999.08,Dance,최준영,니가 원하면 뭐든지 했고  니가 싫다면 하기 싫었어  너의 여자로 태어난 걸 감사했어  해보나 마나 사랑하나 마나  언제부턴가 변해버린 너  아닌 척해도 느낄수가 있어  너의 몸에서 배어나는   여자의 향기  해보나 마나 마나 얘기하나 마나  울라 울라레요 울라레요  울라 울라레요 랄랄랄라  울라 울라레요 울라레요  울라 울라레요 랄랄랄라  사랑이 나를 눈뜨게 했고  이별이 나를 변하게 했어  무정한 니가 내 인생을 망쳐놨어  해보나 마나 사랑하나 마나  무너져 버린 여자의 사랑  조금은 내게 책임은 있어  한평생 너를 기억하며 살아갈게  해보나 마나 마나 기억하나 마나  울라 울라레요 울라레요  울라 울라레요 랄랄랄라  울라 울라레요 울라레요  울라 울라레요 랄랄랄라  제발 돌아오길 바랬어  매일 기다렸었어  내게 가르쳐준 사랑이  너무 깊어 잊을 수 없어  울라 울라레요 울라레요  울라 울라레요 랄랄랄라  울라 울라레요 울라레요  울라 울라레요 랄랄랄라
2000.01.02~01.08,33,85022,Face,엔알지(NRG),NRG003,1999.11.04,Dance,신영정,나의 위선 모두 버려버리겠어 먼저 우선 다짐을 하고 나는 여기 멈춰서선 그런 사람들의 많은 시선으로 인해 나는 용길 잃어버려 슬픔 기쁨속에 울고 웃고 바로 이게 내 모습 하 비웃고들 있고 하지만 용기를 내봐 너의 가면을 던져 다가오는 나의 미랠 위해 니가 있어줘 모든걸 떨쳐버리고 새로운 나날을 위해 가고 싶다면 어서 빨리 내게로 와 지친 너의 모습보다 강한 널 원한다면은 망설이지 말고 다시 뛰어봐 더 큰 꿈을 위해서가 아냐 지금보다 달라진 너의 모습을 위한거야 사랑따윈 지금 필요없어 네게 필요한건 너 자신뿐이야 너를 찾아봐 크나큰 나의 희망만 하지만 오늘도 나는 실망만 이대로 멈춰설 순 없어 너를 버려두지마 지금 처음부터 고쳐야만해 바꿔가야해 어쨌든 바꿔가야해 허 나로 인해 죽어가던 그들을 위해 허 세상이 변해가도 나 자신이 변해간다 해도 돌아서지마 절대로 네게 멈춰서지마  뭐가 두려워 넌 진실이 두려워 가식속에 매장되어 있어 다시 한번 생각해 미련이 두려워 때가 됐어 새로운 너를 찾아 나서봐 이제 지금 다시  시작이 두렵다면은 너의 과거로 돌아가 언제든지 돌아갈 수가 있는거야 두려움의 끝은 없어 더이상 주저하지마 가식보단 네 진실만이 필요해 니 자신을 찾을 때가 됐어 늦지않아 지금 이순간부터 다시 시작해 지나버린 미련은 다 버려 후회말고 새로운 너를 찾아봐 지금부터야 내 주위에 수많은 위선 모두 닮아가지는 않을꺼야 이젠 내가 용기를 내 찾고싶어 더 큰 꿈을 위해서가 아냐 지금보다 달라진 너의 모습을 위한거야 사랑따윈 지금 필요없어 네게 필요한건 너 자신뿐이야 너를 찾아봐 나의 위선 허 따가워진 시선 허 그걸피해 살고있는 내 인생의 사선 그 선 내가 닫고있는 모든 나의 미래 꿈 모든 것이 있네 그것이 날 움직여 그 선에서 있네 날 다시 움직여 다시 일어날 수 있게 잃어버린 나를 찾기위해 나를 위해
2000.01.02~01.08,34,1516879,섹시한 남자,스페이스에이,성숙,1999.08.17,Dance,한경애,죽도록 너만 사랑하는데 왜 날 믿지 못하니 나는 죽을 때까지 널 사랑해 섹시한 당신은 나의 남자 잘 생긴 당신은 나의 남자 이 세상 마지막이 온대도  영원히 이 환상에 젖을래 잘 뻗은 당신은 나의 남자 첫눈에 너의 포로 되었어 하지만 괜찮다면 둘이서 아침을 맞이 하면 좋겠어  나를 봐 나를 봐 느껴봐 걱정하지마 너의 고민이 뭔지 이미 난 다 알고 있어 아무일 없어 지난 사랑과 추억도 없었어 죽도록 너만 사랑하는데 왜 날 믿지 못하니 나는 죽을때 까지 너 하나뿐야 아니야 나 죽는다 해도 너뿐야 그러니 제발 마음 열어 나를 믿으며 사랑해 솔직히 내가 너를 믿고 따라간다 해도 이렇게 니가 많은 남자들 거쳐 내가 그 중에 하나 남자껄 그딴식 싫어 니가 나를 믿건 말건 처음부터 내가 했던 행동 믿을 가치 없어 하지만 두고 보고 두고 믿을 가치 있던 말던 막 기다려 주마 언제까지라도 섹시한 당신은 나의 남자 잘 생긴 당신은 나의 남자 이 세상 마지막이 온대도 영원히 이 환상에 젖을래 모두 널 보내 주지 말라지 잡으면 너는 내꺼 된다고 조금은 망설이는 니 모습 사랑은 쟁취 하는거 잖아  나를 봐 나를 봐 느껴봐 걱정하지마 너의 고민이 뭔지 이미 난 다 알고 있어  아무일 없어 지난 사랑과 추억도 없었어 죽도록 너만 사랑하는데 왜 날 믿지 못하니 나는 죽을때 까지 너 하나뿐야 아니야 나 죽는다 해도 너뿐야 그러니 제발 마음 열어 나를 믿으며 사랑해
2000.01.02~01.08,35,1786642,날 잊어 1,조pd(ZoPD),In Stardom Version 2.0,1999.08,Rap / Hip-hop,조pd(ZoPD),너였구나 예감은 했었지만 너의 그 큰 고통이 가실때쯤 니가 정리를 시작할때 바로 그때가 나에겐 시련의 시작이야 너 행복하길 나 항상 기도해 그리고 미안해 너의 그 사람이 돼주지 못한 다 거짓이었어 니가 부담이 된다던 말들 너는 내가 얼만큼 부담스러웠을까- 이제 자유를 느끼니 나 없는 너의 세상이 밝은 빛을 되찾았니------ 그래 그럼 좋아 그대로 행복하길 바래 나 영원히--날잊어----  날잊어----  잊어버려 baby 날 잊어버려 잊어버려 baby 날 잊어버려 잊어버려 baby 날 잊어버려 잊어버려 baby 날 잊어버려 잊어버려 baby 날 잊어버려 잊어버려 baby 날 잊어버려 잊어버려 baby 날 잊어버려 잊어버려 baby 날 잊어버려 이 말 들을때까진 아무것도 모르고 아무것도 모르고 하긴 이런 말이 무슨 소용있니 내 가슴에 행여라도 깊은 상처- 남기지- 않았으면 너 힘들었지 알아 하고 싶은 말 많았던 것 다 알아 곧 괜찮아지겠지 누구나 겪는 사랑 이별 그런것들이야 너 혹시 가슴안에 크고 작은 상처가 남았다면 부디 날 용서해 내 온 성의를 다해 너를 위해 기도해  이젠 각자 가야해 모든걸 이전처럼 다시 돌려놔야 해 이 다음에 그냥 생각해도 부담없이 미소지을 그런 사람이 돼야 해 know I'm saying uh 잊어버려 baby 날 잊어버려 잊어버려 baby 날 잊어버려 잊어버려 baby 날 잊어버려 이제 자유를 느끼니 나 없는 너의 세상이 밝은 빛을 되찾았니------ 그래 그럼 좋아 그대로 행복하길 바래 나 영원히--날잊어----  날잊어---- 너였구나 예감은 했었지만 너의 그 큰 고통이 가실때쯤 니가 정리를 시작할때 바로 그때가 나에겐 시련의 시작이야 너 행복하길 나 항상 기도해 그리고 미안해 너의 그 사람이 돼주지 못한 다 거짓이었어 니가 부담이 된다던 말들 너는 내가 얼만큼 부담스러웠을까-
2000.01.02~01.08,36,611574,끝....& More,이승환,Live - 무적전설 (無敵傳設),1999.10.01,Rock,이승환,문을 열어요 일어서는게 머가 그리 더딘가요 꾸물거리다 늦고 말걸요 뭐를 그리 망설이죠 각자 앞에 놓인 짐들은 잊지 말고 꼭 챙겨요 또 다른 세상에 나갈 채비를 서둘러야 해요 이젠 우리 헤어질 시간 언젠가 어디선가 다시 보길 그 동안의 아쉬움들은 그냥 여기 두고서 모른 척 해요 추억이 많은 정겨운 그대 잡은 손을 놓아줘요 마냥 그렇게 아쉬워하단 모두 놓치고 말걸요 딱히 갈곳이 없다고 해도 계속 머무를 순 없어요 또 다른 세상에 나갈 채비를 서둘러야 해요 이젠 우리 헤어질 시간 언젠가 어디선가 만나기를 그 동안의 아쉬움들은 그냥 거기 두고서 모른 척 해요  GoodBye My love GoodBye My Friends 벗어뒀던 옷을 다시 고쳐 입고 빨리 나가줘요 문을 닫을거죠 떠밀려 나가길 바라나요 모든 새로움의 시작은 다른 것의 끝에서 생기죠 그때를 놓쳐서는 안되요 지금 여기까지가 끝이죠 모든 새로움의 시작은 다른 것의 끝에서 생기죠 그때를 놓쳐서는 안되요 지금 여기까지가 끝이죠
2000.01.02~01.08,37,33042,I`m Still Loving You,두리안,I`m Still Loving You,1999.09.27,Dance,이승호,햇살같은 그대는 나의 빛  바라만 봐도 눈이 부셔  날 행복하게 해  내 마음을 왜 몰라주나요  내 뒤에 비친 그림자속에  흐르는 내 눈물을  I'm still loving you  언젠가는 알게 될 꺼야  차마 얘기 못한 내 맘을  눈물보다 더한 내 선택도  찬란한 빛 태양이 잠든 후  어두워진 하늘의 저 달은  아마 내맘 알꺼야  I'm still loving you  해를 따라 맴도는 그대  이런 그댈 서성대는 나  이런 내맘 저 달과 같은걸  내 마음을 왜 몰라주나요  내 눈물속에 베어있었던  간절한 내 소망을  I'm still loving you  햇살같은 그대는 나의 빛  바라만 봐도 눈이 부셔  날 행복하게 해  내 마음을 왜 몰라주나요  내 뒤에 비친 그림자속에  흐르는 내 눈물을  I'm still loving you
2000.01.02~01.08,38,86004,T.T,야다(Yada),Wear To Healing,1999.03,Rock,,Good bye 내 젊은 날 슬픈 사랑 모두 이젠 널 나 다시는 기억 않으리 사랑이란건 모든걸 주는 거라 믿던 나였기에 널 보내주는거야 단 하나뿐인 내 자신조차 버리고 하얗게 눈이 오던 그날도 난 늘 그랬듯 널 만났고 요즘들어 어색해진 널 위해 수줍듯 한 송이 장미를 건냈지 넌 문득 그런 날 보며 기다리던 고맙다는 말 대신 이젠 날 잊으란 그런 낯선 말을 해왔어 모든게 거짓말이라고 한순간 거짓일거라고 난 미친듯 거짓임을 네게 강요 했지만 너는 대답없이 고갤 숙였어 그제야 난 알았어 내 곁을 벗어나고 싶은 널 단 한번 눈길조차 이젠 외면하려 하는 널 Good bye 내 젊은 날 슬픈 사랑 모두 이젠 널 나 다시는 기억 않으리 사랑이란건 모든걸 주는 거라 믿던 나였기에 널 보내주는거야 단 하나뿐인 내 자신조차 버리고  모든게 거짓말이라고 한순간 거짓일거라고 난 미친듯 거짓임을 네게 강요 했지만 너는 대답없이 고갤 숙였어 그제야 난 알았어 내 곁을 벗어나고 싶은 널 단 한번 눈길조차 이젠 외면하려 하는 널 Good bye 내 젊은 날 슬픈 사랑 모두 이젠 널 나 다시는 기억 않으리 사랑이란건 모든걸 주는 거라 믿던 나였기에 널 보내주는거야 단 하나뿐인 내 자신조차 버리고
2000.01.02~01.08,39,81926,부담,백지영,Sorrow,1999.06.01,Dance,신동관,다시 널 사랑할 수 없다면 내 모든 아픔까지 가져가 네게 익숙해져 버린 나였기에 너를 사랑 할 수가 없어 나 아닌 다른 사람 만나서 너에게 부담이 되었다면 그만 잊어줄께 떠날 건 어차피 나였을 테니까 슬픈 음악이 흘러나올 때마다 난 눈물이 나올것 같아 나 이젠 널 잊은 줄 알았는데 술에 취해 아무리 울어봐도 더욱 더 생각이 나는 건 이루지 못한 나의 사랑 때문일거야 다시 널 사랑할 수 없다면 내 모든 아픔까지 가져가 네게 익숙해져 버린 나였기에 너를 사랑 할 수가 없어 나 아닌 다른 사람 만나서 너에게 부담이 되었다면 그만 잊어줄께 떠날 건 어차피 나였을 테니까 슬픈 음악이 흘러나올 때마다 난 눈물이 나올것 같아 나 이젠 널 잊은 줄 알았는데 술에 취해 아무리 울어봐도 더욱 더 생각이 나는 건 이루지 못한 나의 사랑 때문일거야 다시 널 사랑할 수 없다면 내 모든 아픔까지 가져가 네게 익숙해져 버린 나였기에 너를 사랑 할 수가 없어 나 아닌 다른 사람 만나서 너에게 부담이 되었다면 그만 잊어줄께 떠날 건 어차피 나였을 테니까 이제는 혼자 남겨진 내가 낯설고 어색하긴 하지만 모두 끝나버린 사랑이었기에 너를 떠나 보낼수 있어 또 다른 사람 만나도 괜찮아 난 너의 사랑을 받았으니 이젠 보내줄께 떠날건 어차피 나였을테니까
2000.01.02~01.08,40,83693,예감,젝스키스,Com` Back,1999.09,Dance,이승호,향긋한 모닝커피와 내 아침을 깨워주는 상큼한 입맞춤 아직 달콤한 꿈에 흠뻑 취해서 조금만 더 그러겠지 하얀 앞치마 입고 내 아침을 준비하는 너의 모습 나의 삐뚤어진 넥타이까지도 모두 다 너의 몫일거야 나 오늘도 행복한 너와 나의 그 모습을 상상하며 하루를 시작해 언젠가 그렇게 될거라는 내 단 하나의 소망으로 사랑해 지금 너의 모습을 세월에 변해갈 니 모습도 그보다 더욱 사랑하는 건 영원히 날 지켜줄 너의 믿음 사랑해 널 알게한 인연과 두려움없이 너를 선택하게한  운명까지도 내 마지막 바램은 다음 세상까지 함께라는 것 드라마를 봐도 영화를 봐도 행복한 장면은 모두 내가  주인공처럼 그렇게 되고 싶은 간절한  소망이면 어느새 너와나의 미래가 그려져 행복해져 현실이 나를 속여도 내 아침은 햇살처럼 눈부실거야 나의 아침을 깨울 너를 꼭 닮은 우리의 작은 아이 난 오늘도 너와의 많은 날들 너를 위해 채워야할 행복을 준비해 나만의 여인이 될거라는 내 단하나의 예감으로 사랑해 지금 너의 모습을 세월에 변해갈 니 모습도 그보다 더욱 사랑하는 건 영원히 날 지켜줄 너의 믿음 사랑해 널 알게한 인연과 두려움없이 너를 선택하게 한 운명까지도 내 마지막 바램은 다음 세상까지 함께라는 것 첫눈에 반한 그런 사랑보다는 하나씩 만들어가는 그런  사랑 바로 사랑 아마 아주 오래 살아간 후에 세상 끝 날 그 날 함께할  수만 있다면 나의 욕심껏 채우지 못했던 너의 모자란 행복을 후회할  것 같은데 그리고 이세상 마지막 그 순간이 오면 너를 사랑했다고 내가 얘기 해줄게
2000.01.02~01.08,41,84779,"투지 (鬪志, Git It Up!)",H.O.T.,I yah!,1999.09,Dance,문희준,모두 다 git it up  모두 다 길 잃어 가는  모든 우리들의 자신을 봐 봐  그 해 많은 일들로 얼룩져 버린  우리 검은 기억 속에  모두 다 git it up  모두 다 길 잃어 가는  모든 너희들의 주위를 봐 봐  모두 다 이젠 썩은 욕심에 길들어  다신 나 몰라라 할순 없어 없어  꺼져라 모두가 닿기 넣기 싫은  귀담아 듣지 조차 않는 모든 것을  지금부터 네게 그대로 알려주리라  하나도 빠짐없이 삼켜야만해  그래야지 억울한 영혼들도  잠을 잘 수 있지  give me take knee down  just a give me look around  so i can cut your T dripping  all the there's no guarantee  i don't wanna see you  허나 rathre epervana from pyunny  하나 i'm just gonna knock ya  outta say booya  치유 할 수 없는 그런 슬픔속에  그들은 다시 우리들 안에  두 번 다시 보고만은 않겠다고  오늘에서야 나는 다짐한다  ya 차디 찬란한 아이들도  검은 탄약에 검어지는 자그마한 손  또 그렇게 자라  그 검은 손으로 딛고 살아갈  그들의 삶을 생각해 봤나  우리가 그리던 곳  바램이 되어 가고  하지만 마지막 믿음은 잃지 않기를  하나란 마음으로 살겠어  그댈 위해  서로를 짓밟고 올라서  모든 걸 차지하고  그것도 모자라 남의 것을  탐내다가 무릎 꿇고   모든 기억 지워 질세라  또 다시 소리 없이 넌  우리가 그리던 곳 바램이 되어 가고 하지만 마지막 믿음은 잃지 않기를 하나란 마음으로 살겠어 그댈 위해 모두 다 git it up 모두 다 길 잃어 가는 모든 우리들의 자신을 봐 봐 그 해 많은 일들로 얼룩져 버린 우리 검은 기억 속에 모두 다 git it up 모두 다 길 잃어 가는 모든 너희들의 주위를 봐 봐 모두 다 이젠 썩은 욕심에 길들어 다신 나 몰라라 할순 없어 없어 꺼져라 모두가 닿기 넣기 싫은 귀담아 듣지 조차 않는 모든 것을 지금부터 네게 그대로 알려주리라 하나도 빠짐없이 삼켜야만해 그래야지 억울한 영혼들도 잠을 잘 수 있지 치유 할 수 없는 그런 슬픔속에 그들은 다시 우리들 안에 두 번 다시 보고만은 않겠다고 오늘에서야 나는 다짐한다
2000.01.02~01.08,42,82424,유리의 성 #Story Ⅲ,K2김성면,Vocalist,1999.04,Rock,미진,모두 지난일인데 이미 넌 내곁에 없는데  이제는 받아들여야 하는지  이별은 시간이 흘러가도  추억보단 아픔으로 그렇게 남나봐   유리로 집을 지어 아무도 없는 공간에서  우리 영원히 함께 하자던  너의 꿈 깨어져버린 유리 조각되어  내 가슴에 흩어져 내리네   추억은 아주 잠시 나를 위로할뿐  우리 이별뒤로 사라져가고  하지만 내가 믿고 싶은 건 단 하나  이 세상이 끝나면   다시 만날꺼야 저하늘 위에서  그토록 바라던 유리의 성을 지어서  그때는 너의 손 놓치 않을께  마음껏 울어도돼 너의 눈물 닦아 줄테니   추억은 아주 잠시 나를 위로 할뿐  우리 이별뒤로 사라져가고  하지만 내가 믿고 싶은건 단 하나  이 세상이 끝나면  다시 만날꺼야 저하늘 위에서  그토록 바라던 유리의 성을 지어서  널 지켜줄꺼야 니 맘의 상처가  아무는 날까지 우린 영원히 함께해   그때는 너의 손 놓치않을께  마음껏 울어도 돼 너의 눈물 닦아 줄테니   마음껏 울어도 돼 너의 눈물 닦아 줄테니 -
2000.01.02~01.08,43,78554,애련 (哀戀),컨츄리꼬꼬,Color Of Chameleon,1999.06.14,Ballad,탁재훈,애절한 마음을 그땐 내가 알지 못했죠  너의 얼굴속엔 어색한 행복함이 보였죠  괜찮아 이제는 내가 너의 모든걸 알아  힘든 시간속에 눈물을 모두 닦아 줄테니  죽도록 널 갖고 싶어  지친 너의 모든 상처를 내가 안고 싶어  영원히 그대 곁에 기억되지 않아도 이렇게 먼곳에서 너를 지켜줄게 그날까지  Forgive Me it's My Fault Baby if you Go Away From Me I Can't Do Anything I'm Lonely  I Miss You So Much Please Darling Come Back To Me  죽도록 널 갖고 싶어 지친 너의 모든 상처를 내가 안고 싶어 영원히  그대 곁에 기억되지 않아도  이렇게 먼 곳에서 너를 지켜줄게 그날까지  죽도록 널 갖고 싶어 지친 너의 모든 상처를 내가 안고 싶어 영원히  그대 곁에 기억되지 않아도  이렇게 먼 곳에서 너를 지켜줄게 널 사랑해  언제까지 영원토록
2000.01.02~01.08,44,38521,Loving U,김종서,The Seven Kim Jong Seo,1999.06.09,Rock,김종서,하늘에 두둥실 떠올라 모든 걸 가진 이 기분 니가 내게 오던 날 다시 태어 난 거야 오 어두운 밤 홀로 깨어나 때론 혼자라 느낄때 나 언제나 곁에서 영원토록 지켜줄꺼야 늘 똑같던 하루 하루 너무나 빨리 저물고 널 만나러 가는 이 길은 왜 이리도 먼거야 아무 의미없던 세상에 나만이 알아 볼 수 있는 선물 눈이 부신 그대 꿈속으로 나 달려가 Loving U 나 혼자서 있을때 조차 온통 그대의 생각 뿐 변해가는 내 모습 아마 이게 사랑인가봐  늘 똑같던 하루 하루 너무나 빨리 저물고 널 만나러 가는 이 길은 왜 이리도 먼거야 아무 의미없던 세상에 나만이 알아 볼 수 있는 선물 눈이 부신 그대 꿈속으로 나 달려가 Loving U 나 혼자서 있을때 조차 온통 그대의 생각 뿐 변해가는 내 모습 아마 이게 사랑인가봐 아마 이게 사랑인가봐 너는 나의 또다른 이름
2000.01.02~01.08,45,84229,남자이야기 -My Way,허니패밀리,남자 이야기,1999.09.02,Rap / Hip-hop,"박명호,주라(Jura)",이 세상 내 아버지가 살던 세상  이 세상 내 자식이 살아갈 세상  이 세상 속에서 내가 지금  살아가고 있죠  지나간 세월을 회상하며  지나간 시간은 되돌릴순 없죠  이렇게 우리들은  후회하며 살아가죠  한번쯤 우리들은 생각을 하겠죠  서로가 지금껏 걸어온  그 길을 말이죠  어렴풋이 생각나는  내 어린시절 때는  나는 내 부모님께 항상  여쭤보곤 했었었지  나 어디서 어떻게 태어났어  라고 문득 물을때면  내가 말썽을 피울때면  너 다리밑에서 주워왔어  이렇게 말씀하곤했지  지금 난 가끔 어린시절 그때 시절  생각 하며 가끔 웃고는하지  저기 저편 저기 멀리서 들려오는  희망찬 함성소리 헤이  우린 듣죠 우린 알수가 있죠 예  저기 저편 저기 멀리서 다가오는  희망찬 밝은 미래  우린 알죠 우린 느낄수 있죠 예   나의 부모님  주는 사랑만을 고집하셨지  이 못난 아들래미 친구 못지 않게  살게하려 없는 살림에서도  주머니 쌈짓돈  꺼내 주시곤 하셨지  비참했던 학창시절 나 패자가 되어  보내고 세상 첫발 내미는 순간  그 냉혹한 그 현실에 나 두려웠죠  라 라라라라 라라라라 라라라라  라라라라 라라라라 라라라라  라라라라 라라라라 라라라라  라라라라라  이 세상 내 아버지가 살던 세상  이 세상 내 자식이 살아갈 세상  이 세상 속에서 내가 지금  살아가고 있죠  지나간 세월을 회상하며  지나간 시간은 되돌릴순 없죠  이렇게 우리들은  후회하며 살아가죠  한번쯤 우리들은 생각을 하겠죠  서로가 지금껏 걸어온  그 길을 말이죠  지금도 생각나지만  친구들과 어울려 놀던  그때 학창시절에 그때 내게 항상  말씀하신 부모님 잘살려면  똑똑해야 한다는 그 말씀  하지만 그때 의미를 지금  난 아직 모르고 있어  철이 없던 어리던 시절에  세월은 흘러만 가고  난 지금 이 자리에 서 있어 멈춰 있어  저기 저편 저기 멀리서 들려오는  희망찬 함성소리 헤이  우린 듣죠 우린 알수가 있죠 예  저기 저편 저기 멀리서 다가오는  희망찬 밝은 미래 우린 알죠  우린 느낄수 있죠 예  시간이 흘러 어느덧 난 나이를 먹고  평범한 가정에 가장이 되어  토끼같은 자식과 여우같은 마누라  이들을 위해 난  땀을 흘리며 살고 있죠  마치 내 아버지가 그랬던 것처럼  내가 지금 그 길을 걷고 있는거죠  그리고 내 아들 역시  걸어갈 길이겠죠  이 한 남자의 인생의 길을  라 라라라라 라라라라 라라라라 라라라라 라라라라 라라라라 라라라라 라라라라 라라라라 라라라라라
2000.01.02~01.08,46,27676,사랑하게 되면,안치환,I Still Believe,1999.05.01,Folk,김범수,나 그대가 보고파서 오늘도 이렇게 잠 못 드는데 창가에 머무는 부드러운 바람 소리 그대가 보내 준 노래일까 보고파서 보고파서 저 하늘 넘어 그댈 부르며 내 작은 어깨에 하얀 날개를 달고 그대 곁으로 날아 오르네 훨훨 훨훨 날아가자 내 사랑이 숨 쉬는 곳으로 훨훨 훨훨 이 밤을 날아서 그댈 품에 안고 편히 쉬고파 나를 잠 못 들게 하는 사람아 보고파서 보고파서 저 하늘 넘어 그댈 부르며 내 작은 어깨에 하얀 날개를 달고 그대 곁으로 날아 오르네 훨훨 훨훨 날아가자 내 사랑이 숨 쉬는 곳으로 훨훨 훨훨 이 밤을 날아서 그댈 품에 안고 편히 쉬고파 훨훨 훨훨 날아가자 내 사랑이 숨쉬는 곳으로 훨훨 훨훨 이 밤을 날아서 훨훨 훨훨 나를 잠 못 들게 하는 사람아
2000.01.02~01.08,47,875894,상처 (Special Re-Mix),조성모,Club DJ 가요 리믹스 Vol. 3,1999.11,Dance,,
2000.01.02~01.08,48,85291,Winwin,브로스,The Bros,1999.10,Rap / Hip-hop,이상민,여기서 멈추지 마라   win아 win아  윈 내가 기다려 왔다 인아 인아  나 때론 참으며 지켜본다  인아 인아 워워워워워  여기서 멈추지 마라 win아 win아  윈 내가 기다려 왔다 인아 인아  나 때론 참으며 지켜본다  인아 인아 워워워워워  여기서 멈추지 마라 win아 win아  윈 내가 기다려 왔다 인아 인아  나 때론 참으며 지켜본다  인아 인아 워워워워워  그대 걷고 있나 그대 뛰고 있나  나는 하늘을 난다  하늘 위에서 지켜보고 있다  그대 가다 말다 주저 하다 말다  이 다음으로 모든 걸 이루는 새  그댄 패배자다 이젠 모든 걸  뒤로한채  새롭게 시작해봐 와 자 날 봐  싸워 이겨 이런 슬픔은 없어 지금은 내가 뭘 하든지  날 우릴 내버려 두지 않아 왜 넌  up next bobby kim spittin  for the win 우리가 하나되어  with my brotha 상민  단합하자마자 벌써부터  we be champion 다가와  내가 보여줄께 Rock one   one one  이 순간이 중요하다 너의 집착  그 집요함을 없애 없애  Dera Bros 너희들을 파파파  자 날 따라 새로운 세계 접해봐  나도 감당하기 힘든   내 안에 에너지  마치 내가 아닌 네게로 흐르지  I'm ready for the year  2G the BROS Artilery   X L A R G E  be rushing in  여기서 멈추지 마라   win아 win아  윈 내가 기다려 왔다 인아 인아  나 때론 참으며 지켜본다  인아 인아 워워워워워  여기서 멈추지 마라 win아 win아  윈 내가 기다려 왔다 인아 인아  나 때론 참으며 지켜본다  인아 인아 워워워워워 나를 바라봐 보이지 않니 작은 힘들이 느껴 시간이 멈춰 약해지지마 나를 생각해 지금 다시 시작해 숨가쁘게 살지마 우리에게 다가올 투지 now Brake it Brake it lick it 나 그리고 나 높이 멀리  바라만보고 나 자신과 싸워 나 지기 싫어 정말 지기 싫어 싸워봐 이겨봐 한번 날 이겨보지 그래 너 걸어 그리고 뛰어 머리속은 항상 이겨 한번이겨 한번져 계속 이겨이겨 이기지 못하고 죽어가는 top이 너무도 많아 그대로 놔두면 이등이 일등이 되는 세상이 된다 win win two zero zero  with another zero yo 14 representing  Dem BROS be your hero ROORA DIVA 우리가 모여 X LARGE BOB  SHAKRA ESTUER 다 BROS BROS 친한 형제들아 영원하라 여기모인 우리들은  FOREVER BROS power 누구도 쳐다보지 못할 BROS A sia power 언제나 푸른풀잎 그위로 죽은풀잎 승리의 화려한 신 그뒤로  숨은 슬픔 모두가 가려졌지 그렇게 움직이지 그러 다 깨지지 다 없어지지 다 받아주리라 모두모두 이리로 부러워마라 넌 아니니 왜 서있니 뭐하니 이리와라 오지마 넌 꽤 더럽게 살았지 거기서 쎄븐만을 기다려 이 패배자 여기서 멈추지 마라 win아 win아 윈 내가 기다려 왔다 인아 인아 나 때론 참으며 지켜본다 인아 인아 워워워워워 여기서 멈추지 마라 win아 win아 윈 내가 기다려 왔다 인아 인아 나 때론 참으며 지켜본다 인아 인아 워워워워워 여기서 멈추지 마라 win아 win아 윈 내가 기다려 왔다 인아 인아 나 때론 참으며 지켜본다 인아 인아 워워워워워 여기서 멈추지 마라 win아 win아 윈 내가 기다려 왔다 인아 인아 나 때론 참으며 지켜본다 인아 인아 워워워워워
2000.01.02~01.08,49,82602,깊은 슬픔,Y2K,YⅡK,1999.05.01,Rock,장대성,잊은거니 우리둘만의 약속 지금  어디 있는거야 다 나은 모습으로 바로 오늘   이곳에 돌아올거란  그말 기억하지 못한 거니 아닐 거야 조금 더 기다리면  너는 꼭 돌아올거야 나를 사랑하기에 행복하다  했던 넌  나를 안으며 눈물 흘릴거야 꿈속에 본 너의 얼굴은  정말 예뻤어  창백한 모습도 사라진채 깨어난   후 한참동안을  울어야 했어 이젠 볼수 있다는  생각 때문에 지금 어디쯤 온거니 어딘가에서  날 보고 있니 미안해 숨어있는 거라면 화내지   않을 거야 정말 괜찮아 세상을 미워했었어 하필 니가  아파야 했는지  이제는 이런 생각 모두 지울게 너의 모든걸 감사해 할거야 왜 아직도 너의 모습은 보이질  않아 아주 많이  어두워 졌는데 혹시 많이 아파서  돌아오지 못했니  다시는 나를 울게 하지 말아줘 지금 어디쯤 온거니 어딘가에서  날 보고 있니 미안해 숨어있는 거라면 화내지  않을거야 정말 괜찮아 세상에 니가 없다면  어떤 연락도 하지 말아줘 언제나 니가 살아있단 생각에  영원히 널 기다릴수 있잖아
2000.01.02~01.08,50,32588,약속,류시원,몽(夢),1999.10,Ballad,심현보,그런대로 지낼만해요  가끔은 웃기도 하고  그대를 생각하며 잠드는 일도  요즘은 예전보단 익숙한걸요    그대에겐 별 일 없나요  여전히 혼자 인가요  혹시 내가 아직도 맘에 걸려서  누군갈 곁에 둘 순 없는건가요    괜찮아요    멀리서 기도할께요 이젠  그게 내 몫이죠  이거 하나만 약속해줘요  착한 사람을 만난다고  그의 곁에서  행복하게 지내겠다고    괜찮아요    멀리서 기도할께요 이젠  그게 내 몫이죠  이거 하나만 약속해줘요  착한 사람을 만났다고  그의 곁에서 행복하겠다고  기억해줘요 이거 하나만  가끔 그대를 생각하며  잠을 청하는  한 사람이 있다는 것을
