time,rank,song_id,title,singers,album,date,genre,creator,lyric
2000.12.24~12.30,1,10435,거짓말,god,Chapter 3,2000.11.03,Ballad,박진영,미안해  난 니가 싫어졌어 우리  이만 헤어져  다른 여자가 생겼어 너보다  훨씬 좋은  실망하지는 마 나 원래 이런  놈이니까  제발 더 이상 귀찮게 하지마  그래 이래야 했어 이래야만  했어 거짓말을 했어  내가 내가 결국 너를  울리고 말았어  하지만 내가 이래야만  나를 향한  너의 마음을 모두 정리할  수 있을 거라고 생각한 내 맘을 내 결정을 어쩔  수 없음을 이렇게 하지 않으면 니가  날 떠나지 않을 것임을 알기에 너무나도 잘 알기에  어쩔 수 없어 널 속일게  미안해 널 울릴게  잘 가 가지마 행복해 떠나지마  나를 잊어줘 잊고 살아가줘  나를 잊지마  나는 그래 나는 괜찮아 아프잖아  내 걱정은 하지 말고 떠나가  제발 가지마  왜 자꾸 날 따라와 싫다고  했잖아 다른 여자가 생겼다고 몇 번  말했잖아  너 자꾸 이러면 나 이제 정말  화낼거야 제발 너도 다른 사랑 찾아  왜 자꾸 이러니 왜 자꾸 날  힘들게 하니  니가 자꾸 이러면 내가 널  떠나 보내기가 힘들잖니  내가 어디가 좋니 이렇게  매일 고생만 시키잖니  그리고 너 정도면 훨씬 좋은  남자 얼마든지  사귈 수 있잖니 싫어 싫어  정신 차려 바보야 정신 차려 제발 다시 한번 말하지만 나는 이제  니가 정말 싫어  그러니 제발 돌아가 제발 저리가  난 니가 싫어 니가 정말 싫어  잘 가 가지마 행복해 떠나지마 나를 잊어줘 잊고 살아가줘  나를 잊지마  나는 그래 나는 괜찮아 아프잖아  내 걱정은 하지 말고 떠나가  제발 가지마 잘 가 가지마 행복해 떠나지마 나를 잊어줘 잊고 살아가줘  나를 잊지마  나는 그래 나는 괜찮아 아프잖아  내 걱정은 하지 말고 떠나가  제발 제발 가지마 잘가 행복해  나를 잊어줘 잊고 살아가줘  나를 잊으면 안돼  나는 그래 나는 괜찮아 아프잖아  내 걱정은 하지 말고 떠나가
2000.12.24~12.30,2,9419,혼잣말,김장훈,Innocence,2000.12,Ballad,오태호,추억이 소중한 이유 흐름 속에 머물러 있다는 것 수줍게 두 손을 잡던 너와 나를 만날 수 있다는 것 하지만 아무리 그리워도 두 번 다시 그때로 돌아갈 수 없기에 조금 더 잘 해주지 못하고 울리던 일들만 마음에 남아 이젠 내가 눈물이 날까 아직 내 맘 속엔 하루에도 천 번씩 만 번씩 니가 다녀가 잊어도 잊어도 눈물이 흐를 너인데 친구도 될 수 없는 너 둘이 되어 흘러가는 구름처럼 괜찮아 말하며 혼자 더 슬퍼져 죽을 만큼 힘들어 혹시나 어리석은 마음에 니 편지도 사진도 버리지 못하는 나 그동안 너무 고마웠다고 전하지 못한 말 혼자 되뇌며 눈물 속에 널 보냈지만 아직 내 맘 속엔 하루에도 천 번씩 만 번씩 니가 다녀가 잊어도 잊어도 눈물이 흐를 너인데  눈물 속에 널 보냈지만 아직 내 맘 속엔 하루에도 천 번씩 만 번씩 니가 다녀가 잊어도 잊어도 눈물이 흐를 너인데
2000.12.24~12.30,3,10291,날 닮은 너,임창정,www.Love.7th,2000.11.01,Ballad,임창정,날 닮은 너를 부족한 너를  그저 바라보기엔 후회로 물든  내 지난날이 너무 많이 다쳤어  나의 과거와 너의 지금과  너무도 같기에 두려워 겁이나  내게 마지막이어야 할 사람  너의 방황을 돌릴 수 있게  날 이렇게 뿌리친대도  너의 손을 놓진 않을거야   잠시도 너는 불안한 모습  감출수가 없었니 음  내가 아녀도 지친 니 맘을  위로 받을수 있니  나의 과거와 너의 지금과  너무도 같기에 두려워 겁이나  내게 마지막이어야 할 사람  너의 방황을 돌릴 수 있게  날 이렇게 뿌리친대도  너의 손을 놓진 않을거야   나 역시 너 같았어  너처럼 어두웠어 니가 지내온  또 다른 시간도 더 있을 고통도  난 감당할거야 워  마지막이어야 할사람  너의 미래를 지킬 수 있게  날 이렇게 뿌리친대도  너의 손을 놓진 않을거야   마지막이어야 할 사람  너의 미래를 지킬수 있게  날 이렇게 뿌리친대도  너의 손을 놓진 않을거야   너의 손을 놓진 않을거야
2000.12.24~12.30,4,489863,찾길 바래,유승준,You Seung Jun Best & J Duet Collection,2001.09.01,Dance,홍지유,이젠 내 안에 다시 깨어나  I WILL BE BACK  이젠 너에게 다시 태어나 I WILL BE BACK 너를 바래 She's got to He's got to  tell me now  버려진 나의 꿈들을 찾길 바래  비참한 날 딛고 잡은 Chance  영원한 나의 널 위해 너를 바래 여기 점점 저기 다가오는 종점  너와 나의 끝을 기다리고  있는 시점에  서있는 우리 이미 다른 우리  어쩌면 우리다 바라고 왔지  우리 모를 사이  좀 더 네게 말로 표현못해  널 보냈던 분했던  잡지못해 울었던 너무나  그리웠던  너만을 위한 나 모든걸  네게 주겠어  가질 수 없는 꿈이라면  그쳐 비켜 스쳐가라고  말하는 그 사람들에겐  언제나 넌 그 틀 속에 갇혔어  툭 꺼진 PASSION  세상이 날 속여도 그대가  날 버려도  내 실패는 한번 뿐  할 수 있는 모든 걸 던져 봐  세상에 멈춰진 나에겐  소중한 니가 필요해 너를 바래  언제나 니 안에 살겠어  영원히 너를 사랑해 찾길 바래  끝낼 수 없는 사이라면  DO IT TAKE IT 다시 시작해 나만이 널 지킬 수 있게  한번 더 내게 힘을 줄 수 없니 불타는 PATIENCE  간절히 바랬던 걸 끝까지  원했던 걸 내 가슴에 새겼어 너를  향한 끝없는 사랑도 세상에 멈춰진 나에겐  소중한 니가 필요해 너를바래 언제나 니 안에 살겠어  영원히 너를 사랑해 찾길바래 쓰러지는 내 앞에 말없이  다가온 너를 더 이상 초라함에 시들어  살아가게 할 순 없어  이젠 내 안에 다시 깨어나  I WILL BACK 찾길바래 이젠 너에게 다시 태어나  I WILL BACK 너를바래 She's got to He got to  tell me now  버려진 나의 꿈들을 찾길바래 비참한 날 딛고 잡은 Chance  영원한 나의 널 위해 너를바래
2000.12.24~12.30,5,9040,제발,이소라,꽃,2000.12.14,Ballad,이소라,잊지 못해 너를 있잖아  아직도 눈물 흘리며 널 생각해  늘 참지 못하고 투정 부린 것 미안해   나만 원한다고 했잖아  그렇게 웃고 울었던 기억들이  다른 사랑으로 잊혀져 지워지는게 난 싫어   어떻게든 다시 돌아오길 부탁해  처음으로 다시 돌아가길 바랄게  기다릴게 너를 하지만 너무 늦어지면은 안돼  멀어지지마 더 가까이 제발   모든걸 말할수 없잖아  마지막 얘길 할테니 좀 들어봐  많이 사랑하면 할수록 화만 내서 더 미안해   어떻게든 다시 돌아오길 부탁해  처음으로 다시 돌아가길 바랄께  기다릴게 너를 하지만 너무 늦어지면은 안돼  멀어지지마 더 가까이   잊지 말고 다시 돌아오길 부탁해  헤어지면 가슴 아플거라 생각해  기다릴게 너를 하지만 너무 늦어지면 안돼  멀어지지마 더 가까이.. 제발 -
2000.12.24~12.30,6,10124,Passion,KYT(코요태),Passion,2000.11.01,Dance,이용민,It's on and bump it  It's on and bump it  It's on and bump it  get ready to ride yeah It's on and bump it baby come on and bump it baby It's on and bump it baby  come on and bump it baby people in the house lets go  아련히 기억에 멀어지던  너를 다시 볼수 있어  행복했었어  하지만 나 멀리서 너만을  하염없이 보고 말았지  우리 헤어지고 나의 일기 속에  너의 이름으로 채운적도 많았고  매일 밤 나의 옷깃을  적시며 너의 이름  부른 적 많았어  Get ready it`s on  영원히 나와 같이 있을거라던  그런날들은 이제 모두  Done Done  그런 넌 넌 내겐 모든 것이였던  떠나버린 넌 너무나 멀어진  넌 왜 날 떠나갔나  오직 너를 위해 살아온 나  왜 나를 잊으려고 하나  너와나 uh why you gotta leave  me now  가슴에 너를 묻어 버리고  기억에서 너를 지웠었는데  다시 흔들리는 나를 어떻게  해야 해  우리 다시는 헤어지지 말자고  우리 사랑 포기하지 말자고  말하고 싶어 너를 내게  돌리고 싶어 나만을 안아줘  이대로 나를 잊어줘 문득  떠오르는 나의 모습 지워줘  힘들어도 다신 네곁에 갈순  없잖아 날 용서해  그저 행복했던 날들 너를  위해 살아온  나는 절대 너를 원망하지 않아  이젠 다시 나를 받아줘 내게  돌아올수 없니  uh tell me the reason why  you left me  baby take me back  어서 나를 받아줘 언제나 너를 기다릴께 가슴에 너를 묻어 버리고  기억에서 너를 지웠었는데 다시 흔들리는 나를 어떻게  해야 해 우리 다시는 헤어지지 말자고 우리 사랑 포기하지 말자고 말하고 싶어 너를 내게 돌리고  싶어 나만을 안아줘 우리 다시는 헤어지지 말자고 우리 사랑 포기하지 말자고 말하고 싶어 너를 내게 돌리고  싶어 나만을 안아줘
2000.12.24~12.30,7,46163,그대 내게 묻는다면,유리상자,Home,2000.10.16,Ballad,이세준,커피향기 방안을 채우고  햇살 눈부시게 날 깨우는 그대 참 오랜만이네요 웃으며 맞는 아침 어제 그댄 오랜 방황에서  다시 나에게로 돌아와주었죠 언제 어디 누군가와의 어떤 일도 내게는 상관없어 알아볼 수도 없을만큼  야윈 모습에 맘 아프지만 그대 목소리 여전히 나를 행복하게 하네요 눈물 걱정 한숨뿐인 나날들 돌아올 거란 믿음 하나로 잘 참아주었던 내가 얼마나 자랑스러운지 몰라요  표현할 수도 없을만큼  소중한 그댈 보내주는게  사랑일꺼라 믿었던 그땐 내가 바보 같았죠 아주 오랜 시간이 흐른뒤에 사는 동안 뭐했나 물으면 대답할게요 나 후회없이 그댈 사랑했다고 말예요 나의 숨이 다하는 날 누군가(어느 누군가) 세상에 미련있나 물으면 대답할게요 나 그댈 사랑했던일 하나로 됐다고..
2000.12.24~12.30,9,75279,You Mean Everything To Me,박정현,Naturally,2000.10.17,R&B / Soul,윤종신,그대 가슴에 귀를 대보면 나는 정말 행복해져요 날 사랑하는 그대 가슴이 너무 건강히 뛰고 있으니 따뜻하기 까지한 그대란 사람 언제까지나 내 곁에 머물러 줄 수 있나요 You mean everything You are everything to me 그대 짓는 표정이 나를 바꿔요 You mean everything 나를 숨쉬게 하는 가슴속의 주인이죠 나의 그대여  그대 입술을 바라볼때면 나는 정말 행복해져요 날 사랑한단 그 꿈같은 말을 애타던 내 귀에 속삭여 주었으니 부드럽기 까지한 그대란 사람 언제까지나 내 곁에 머물어 줄 수 있나요 You mean everything You are everything to me 그대 짓는 표정이 나를 바꿔요 You mean everything 나를 숨쉬게 하는 가슴속의 주인이죠 나의 그대여 가끔씩 그대가 떠나간 걸 그리면 아찔해 오는걸 믿어도 되나요 아니 믿고 싶어 영원한걸 You mean everything You are everything to me 그대 짓는 표정이 나를 바꿔요 You mean everything 나를 숨쉬게 하는 가슴속의 주인이죠 그대여 You mean everything You are everything everything to me 그대 짓는 표정이 나를 바꿔요 나를 바꿔요 You mean everything 나를 숨쉬게 하는 가슴속의 주인은 바로 그대여
2000.12.24~12.30,10,27600,기도,정일영,가을동화 OST,2000.10,"Drama,Ballad",최희진,혹시 나를 떠나려는 그대맘이 힘든 나를 위해서 그런 이유인가요 하루만큼 멀어져도 괜찮아요 그대 어디있어도 사랑인걸 믿어요 그땐 난 미처 몰랐죠 나를 보던 그대 눈빛 작은 그대 어깨조차도 안아줄 수 없던 내가 싫었죠 우 워우워~ 언제까지 슬픈 운명 우릴갈라 놓아도 또다시 그대맘을 울리지는 않을거예요 어떤것도 나의 그댈 대신할수 없기에 이제는 그대보다 소중한건 내게 없단걸 아나요 나를 보며 웃는 그대 그 미소가  내게너무나 벅찬 그런 행복인걸요 더가까이 기대와도 괜찮아요 그대 숨결느끼는 지금 이순간 처럼 그땐 난 미처 몰랐죠 나를 보던 그대 눈빛 작은 그대 어깨조차도 안아줄수 없던 내가 싫었죠 우워우워~~ 언제까지 슬픈운명 우릴 갈라놓아도 또다시 그대맘을 울리지는 않을거예요 어떤것도 나의 그댈 대신할수 없기에 이제는 그대보다 소중한건 내게 없단걸 아나요  언제까지나 여기 있어요 작은 손길 닫는 곳에 그대 사랑이 나를 불렀죠 그대 곁으로~ 언제까지 슬픈운명 우릴 갈라놓아도 또다시 그대맘을 울리지는 않을거예요 어떤것도 나의 그댈 대신할수 없기에 이제는 그대보다 소중한건 내게 없단걸  라라 리리 라~
2000.12.24~12.30,11,10262,Up & Down,디바,Naughty,2000.11.08,Dance,이상민,DIVA 2000 AFRO   TRIPHOP FUNK   넌 지금에야 느낄수 있니   모든것들   자유로와 싶어지는 우리의   나날들 이세상을   Here we go2 Up n Down n   round n round to the   extrem DIVA   Full force now I hii you   point brank   Up n Down 들어봐봐   흔들어봐봐 우릴봐봐   Up n Down Big up naughty   DIVA 우릴봐봐   Up n Down 멈춰 Mic checka   Up n Down come down   자 이제 우리가 간다   사랑에 속아 세상에 속아   슬픈자여 Up n Down  모든것을 떨쳐버려 Up n   Down Up n Down  새롭게 살아 웃으며 살아  지금부터 Up n Down  모든것을 잊어버려 Up n   Down Up n Down  나만의 Up된 style을   비웃는 사람들   너만의 Down된 style에   답답해하는 사람들   이런 모두가 모여서 사는   세상이 Up n Down  이젠 우리가 바꿔 바로   Up n Down Up n Down  때로는 Roose하게 때로는   Tyte하게 때로는 Speedy하게  때로는 쇼킹하게 때로는   그루브하게 때로는 스피드하게   Down n Low Down n low   다시 가다듬어 활기를 찾아   Down n Low Slow down   and low   Down n Low 다시 Big up   Big up and down   내사랑 그대여 갈때까지 가봐   내맘이 흔들려 널 사랑하나봐   키스해줘 내게 말을해줘 내게   UP된 마음 이밤에 그대와 사랑을   내사랑 그대여 갈때까지 가봐   내 맘이 흔들려 널 사랑하나봐   키스해줘 내게 말을해줘 내게   UP된 마음 이밤에 이쯤에서   DOWN  나만의 Up된 style을  비웃는 사람들  너만의 Down된 style에  답답해하는 사람들  이런 모두가 모여서 사는  세상이 Up n Down 이젠 우리가 바꿔 바로  Up n Down Up n Down 때로는 루즈하게 때로는  타이트하게 때로는 스피디하게  때로는 쇼킹하게 때로는  그루브하게 때로는 스피드하게  Up n Down 들어봐봐  흔들어봐봐 우릴봐봐  Up n Down Big up naughty  DIVA 우릴봐봐  Up n Down 멈춰 Mic checka  Up n Down come down  자 이제 우리가 간다  나만의 Up된 style을  비웃는 사람들  너만의 Down된 style에  답답해하는 사람들  이런 모두가 모여서 사는  세상이 Up n Down 이젠 우리가 바꿔 바로  Up n Down Up n Down 내사랑 그대여 갈때까지 가봐  내맘이 흔들려 널 사랑하나봐  키스해줘 내게 말을해줘 내게  UP된 마음 이밤에  그대와 사랑을  내사랑 그대여 갈때까지 가봐  내 맘이 흔들려 널 사랑하나봐  키스해줘 내게 말을해줘 내게  UP된 마음 이밤에 이쯤에서  DOWN
2000.12.24~12.30,12,611228,창밖을 봐요 (Waiting For White Christmas),SMTOWN,Winter Vacation In SM Town.com,2000,Dance,,많이 기다렸어요 오 당신을 마음이 또 설레는걸요 오 모든게 꼭 잘 될 거예요 올해 크리스마스에는 온 세상이 하얗길 지금까지 기다려온 Check it out Christmas Day 행복한 날에 N I'm out to go before I go wanna let you know that 창 밖을 봐요 창 밖을 봐요 흰 눈이 내려요 창 밖을 봐요 창 밖을 봐요 겨울이 왔어요 썰매를 타는 어린애들은 해가는 줄도 모르고 눈길 위에다 썰매를 깔고 신나게 달리죠 긴긴해가 다 가고 어둠이 오면 오색 빛이 찬란한 거리거리에 성탄 빛 눈이 부시는 걸요 온 세상이 너무나 아름다워요 오 난 기다렸어요 하얀 크리스마스는 정말로 행복하죠 너와 나 이렇게 끝까지 변치 않도록 저 눈이 떨어져 네 긴 머리 위에 누구보다 널 사랑해 하지만 아직 부족해 이젠 자신 생기기 시작했어 너 날 믿지 LISTEN 창 밖을 봐요 창 밖을 봐요 흰 눈이 내려요 창 밖을 봐요 창 밖을 봐요 겨울이 왔어요 썰매를 타는 어린애들은 해가는 줄도 모르고 눈길 위에다 썰매를 깔고 신나게 달리죠 긴긴해가 다 가고 어둠이 오면 오색 빛이 찬란한 거리거리에 성탄 빛 추운 겨울이 다 가기 전에 마음껏 즐겨요 맑고 흰 눈이 새 봄빛속에 사라지기 전에 흰 눈이 내리면 정말 좋겠죠 난 창 밖을 봐요 내 어린 기억 속에 눈이 내린 날 그 날은 난 정말 행복했어요 오  많이 기다렸어요 오 언제나 마음이 또 설레는 걸요 오 다 잘 될 거예요 올해 크리스마스에는 난 정말 기대해요 온 세상이 하얗길
2000.12.24~12.30,13,2270751,Love,조장혁,Love,2000.06,Ballad,조은희,날 모두 다 주고 싶어  널 위해서라면  오직 나만이   네 가슴에 숨 쉴 수 있게 널 모두 다 갖고 싶어  또 다른 나처럼 아주 작은 슬픔까지도   느낄 수 있게  널 닮아가는 나의 모습은  언제나 날 향기롭게 해  내겐 눈물나게 아름다운  너 하나만으로도 너무 감사해 난 행복해  널 나에게 준 이 세상 끝까지  너를 사랑해 영원히  변하지 않을 지금 이대로  널 닮아 가는 나의 모습은  언제나 날 향기롭게 해  내겐 눈물나게 아름다운  너 하나만으로도 너무 감사해 난 행복해  널 나에게 준 이 세상 끝까지  너를 사랑해 영원히  변하지 않을 지금 이대로  지금 이대로
2000.12.24~12.30,15,11172,흐린 가을 하늘에 편지를 써,엄태환,다시 꽃씨되어(김광석 Anthology),2000.11.17,Folk,김창기,비가 내리면 음 나를 둘러싸는 시간의 숨결이 떨쳐질까 비가 내리면 음 내가 간직하는 서글픈 상념이 잊혀질까 난 책을 접어놓으며 창문을 열어 흐린 가을 하늘에 편지를 써 잊혀져 간 꿈들을 다시 만나고파 흐린 가을 하늘에 편지를 써 잊혀져 간 꿈들을 다시 만나고파 흐린 가을 하늘에 편지를 써  바람이 불면 음 나를 유혹하는 안일한 만족이 떨쳐질까 바람이 불면 음 내가 알고 있는 허위의 길들이 잊혀질까 난 책을 접어놓으며 창문을 열어 흐린 가을 하늘에 편지를 써 잊혀져 간 꿈들을 다시 만나고파 흐린 가을 하늘에 편지를 써 난 책을 접어 놓으며 창문을 열어 흐린 가을 하늘에 편지를 써 잊혀져 간 꿈들을 다시 만나고파 흐린 가을 하늘에 편지를 써 잊혀져 간 꿈들을 다시 만나고파 흐린 가을 하늘에 편지를 써 잊혀져 간 꿈들을 다시 만나고파 흐린 가을 하늘에 편지를 써 잊혀져 간 꿈들을 다시 만나고파 흐린 가을 하늘에 편지를 써 잊혀져 간 꿈들을 다시 만나고파 흐린 가을 하늘에 편지를 써
2000.12.24~12.30,16,46195,Escape,엄정화,Queen Of Charisma,2000.11.03,Dance,주영훈,눈을 감아도 잠들 수가 없어 이렇게 붉어진 눈물로 지새운 이 밤 쉽지 않았어 살아야 하는것 얼마나 더 울어야 너를 용서할런지 나의 작은 이 사랑으론 너무 부족했니 모두 가진 너의 그녀는 정말 행복하니 다 잊게해줘 너의 느낌 모두 나를 도와줘 더 울지않게 그 어디에도 널 기억할수 없도록 이 슬픔도 가져가 다 없던거야 처음부터 모두 난 없는 거야 그렇게 믿어 너 언제라도 날 떠올려 후회해도 그건 꿈이야 다시 취한 밤 또 어둠속으로 비틀거리는 내 모습이 너무나 싫어 나를 사랑하긴 했었니 한순간이라도 넌 날 잃은 것 뿐이지만 난 모두 잃은 걸 다 잊게 해줘 너의 느낌 모두 나를 도와줘 더 울지않게 그 어디에도 널 기억할 수 없도록 이 슬픔도 가져가 다 없던거야 처음부터 모두 난 없는 거야 그렇게 믿어 너 언제라도 날 떠올려 후회해도 그건 꿈이야 그래도 널 감사해 그런 사랑에 이젠 어떤 꿈으로 나를 채울까
2000.12.24~12.30,17,27641,환상,박지윤,성인식,2000.07.26,Ballad,박진영,그대여 돌아 올순 없나요 우리 다시 예전처럼 말예요 서로를 가졌단이유만으로 너무도 행복했던 그대여 지금 행복한가요 그 사람이 그렇게 해주나요 아니면 그대 내게 돌아와요 난 항상 기다려요 그대 떠난 걸 헤어졌다는걸 혼자라는 걸 난 믿을수가 없는 걸 저 문을열고 걸어들어오는 그대 모습만 아직도 떠오르는걸 아직도 그댈 기다린다면 아직도 그대 생각에 운다면 그대는 믿을 수가 없겠지요 날 바보라 하겠죠 그대 떠난 걸 헤어졌다는걸 혼자라는 걸 난 믿을수가 없는 걸 저 문을열고 걸어들어오는 그대 모습만 아직도 떠오르는걸 그대 날 떠나 얼마나 행복해졌나요 내가 없는 삶이 훨씬 더 좋던가요 나는 그대 떠나간 뒤 텅 빈 그  자리를 그 어떤 것으로도 채우질 못해요 그대 떠난 걸 헤어졌다는걸 혼자라는 걸 난 믿을수가 없는 걸 저 문을열고 걸어들어오는 그대 모습만 아직도 떠오르는걸
2000.12.24~12.30,18,38423,너 정말?,김현정,Kim Hyun Jung 3,2000.05.22,Dance,이승환,요즘 니가 만나는   그 앤 너무 아니야  왜 하나같이 그런 여자뿐이니   속상해서 그러지 눈은   높았었는데  어쩜 그렇게도 실망스럽니  물론 우리 어차피 안 볼 사람들  그래도 옛정이 남았는지  신경 쓰였어 아무렴 어떠니 뭐 그래 봤잔데 나 괜히 열냈던 거니  오해는 말아줘 어디가 이쁘니 나보다 괜찮니  그냥 좀 궁금한거니  기대는 말아줘 내가 어떤 여자를  사귀든 말든 상관없는 거잖아  관심없다 했잖아  아쉽나 너나 나나  무언가가가 그랬었나 몰랐었나 후회되는  건가 그런가 바보같이 내인생이 이렇지  아직까지 너만한 애 본적  없지 나는 이렇지  후회해도 할수 없지  그렇지 나같이  그래도 널 사랑했지 물론 우리 어차피 안 볼 사람들 그래도 옛정이 남았는지  신경 쓰였어 아무렴 어떠니 뭐 그래 봤잔데 나 괜히 열냈던 거니  오해는 말아줘 어디가 이쁘니 나보다 괜찮니  그냥 좀 궁금한거니  기대는 말아줘 너 정말 못됐어 그렇게 하길래  매달릴 거였으면  왜 나랑 헤어졌니  너 정말 미웠어 너  정말 불쌍해  나같이 보기드문 애  놓치고 잘사니
2000.12.24~12.30,19,3680,너를 위해,임재범,Story Of Two Years,2000.05.16,Ballad,채정은,어쩜 우린 복잡한 인연에  서로 엉켜있는 사람인가봐  나는 매일 네게 갚지도 못할만큼  많은 빚을 지고 있어  연인처럼 때론 남남처럼  계속 살아가도 괜찮은 걸까  그렇게도 많은 잘못과 잦은 이별에도  항상 거기 있는 너  날 세상에서 제대로 살게해 줄  유일한 사람이 너란걸 알아  나 후회없이 살아가기 위해  너를 붙잡아야 할테지만  내 거친 생각과 불안한 눈빛과  그걸 지켜보는 너  그건 아마도 전쟁같은 사랑  난 위험하니까 사랑하니까  너에게서 떠나줄꺼야   날 세상에서 제대로 살게해 줄  유일한 사람이 너란걸 알아  나 후회없이 살아가기 위해  너를 붙잡아야 할테지만  내 거친 생각과 불안한 눈빛과  그걸 지켜보는 너  그건 아마도 전쟁같은 사랑  난 위험하니까 사랑하니까  너에게서 떠나줄꺼야  너를 위해 떠날꺼야
2000.12.24~12.30,20,106215,다짐,조성모,Let Me Love,2000.09.01,Dance,이승호,그때 내가 아니야 니 얼굴만 봐도 눈물짓던 그런 표정 하지마 잔인한 너에게 후회 뿐야 널 우연히 만나면 나에 달라진 모습을 너 보여 주면 혹시 내게 다시 돌아 올까봐 하지만 끝난 거야  니가 나를 잊는데 도움만됐을 뿐 오히려 헤어진 게 잘됐다고 안심했을 너야 그대 날 떠나가 왜 날 버리나 나없이 행복했었나 why left alone with nothing but a tears mow you and I ah 너와 나 그대 나에게 그렇게 냉정해야했나 back in time when you were by my side 이제 나 그렇게 무너지지않아 no one is going to bring me down 다짐하고 또 했어 널 모조리 잊어버리자고 죽기 직전까지만 널 그리워하다 끝내자고 널 우연히 만나면 나에 달라진 모습을 너 보여주면 혹시 내게  다시 돌아 올까봐 하지만 끝난 거야  니가 나를 잊는데 도움만됐을 뿐 오히려 헤어진 게 잘됐다고 안심했을 너야 난 달라졌어 너 때문에 더 이상 아파하진 않아 그 때완 다를 거야 누가 봐도 강한 내가 됐어
2000.12.24~12.30,21,86980,가잖아,신승훈,Desire To Fly High,2000.03.07,Ballad,심현보,- 가잖아 -  가잖아 그댄 떠나가고 있잖아  함께 시작한 사랑인데  이별은 혼자도 되는지 다 잊고 살라는 쉬운 그 한마디 이제야 겨우 익숙해져 가는데  사진속의 우리 미소가  점점 닮아가고 있는데 여기서 끝나면 오래 혼잘텐데 그걸로 충분했는데  가끔 볼 수 있다면  비오는 날에 생각나는  사람이 그대라면  아무런 바램도 없이  행복했었는데  그댄 오히려 그런  내가 힘겨웠는지  잡을순 없었지만 흐르던  눈물도 감추었지만  살아가는 동안 후회해야겠지  그댈 보낸 지금을  말하진 않았지만 사실  난 내일 아침이 두려워  그댈 모른다고 없던 일이라고  나를 속여가는게 두려워  왜냐고 묻지 않았지  다시는 못 볼텐데  가는 그대 마음을  더 아프게 할테니  잡을순 없었지만 흐르던  눈물도 감추었지만  살아가는 동안 후회해야겠지  그댈 보낸 지금을  말하진 않았지만 사실  난 내일 아침이 두려워  그댈 모른다고 없던 일이라고  나를 속여가는게 두려워 그대여 떠나지마
2000.12.24~12.30,22,9282,벌,박미경,Parkmikyung 5,2000.12.01,Dance,,Baby now that you gone And out of my life one thing for sure You punish for the rest of your life 떠나 잔인하게 잊어줄게 좀더 살아보면 알겠지만 누군가에게서 잊혀진다는건 참 무서운 벌이거든 아주 그럴듯한 변명들로 너는 빙빙 돌려 말하지만 결국 그 얘긴 헤어지잔 거잖아 두눈 가득 고인 눈물까지 너를 포장하려 하겠지만 그건 모질게 날 떠나겠단 거잖아 마지막까지도 나의 기억속에 넌 좋은 얼굴로 남아 널 원망할 수도 미워할수도 없게 그렇게 만들려 한거잖아 떠나 구차하게 굴지 말고 더는 잡고 싶은 맘도 없어 이별 앞에서도 속이려는 네가 참 불쌍할 뿐인거야 떠나 잔인하게 잊어줄게 좀더 살아보면 알겠지만 누군가에게서 잊혀진다는건 더 비교하지 못할 무서운 벌이 될테니까  마지막까지도 나의 기억속에 넌 좋은 얼굴로 남아 널 원망할 수도 미워할수도 없게 그렇게 만들려 한거잖아 떠나 구차하게 굴지 말고 더는 잡고 싶은 맘도 없어 이별 앞에서도 속이려는 네가 참 불쌍할 뿐인거야 떠나 잔인하게 잊어줄게 좀더 살아보면 알겠지만 누군가에게서 잊혀진다는건 참 무서운 벌이거든 잡고 싶은 맘도 없어 이별 앞에서도 속이려는 네가 참 불쌍할 뿐인거야 떠나 잔인하게 잊어줄게 좀더 살아보면 알겠지만 누군가에세서 잊혀진다는건 더 비교하지 못할 무서운 벌이 될 테니까
2000.12.24~12.30,23,9961,진심,여행스케치,Love Story,2000.09.14,Ballad,조병석,내가 널 사랑하는 마음만큼 너도 날 사랑했으면 내 삶에 더 바랄게 없겠어 아직 내 맘 깊은 곳엔 언제나 너를 처음 만났던 날 그 설렘으로 가득 차 있어 이런 내 마음을 넌 모르겠지만 언젠가 알아줄 거란 믿음으로 하루를 보내는 난 행복한거야 널 그릴 때마다 밤하늘에 곱게 물든 별빛보다 더 아름다운 건 너의 눈빛임을 넌 알고있니 내가 살아 숨쉬는 것 또 꿈꾸는 오직 단 하나의 이윤 너라는 걸 말할 순 없지만 숨길 수도 없어 널 외면하는 건 사랑하기 때문이야  밤하늘에 곱게 물든 별빛보다 더 아름다운 건 너의 눈빛임을 넌 알고 있니 내가 살아 숨쉬는 것 또 꿈꾸는 오직 단 하나의 의민 너라는 걸 말할 순 없지만 숨길 수도 없어 널 외면하는 건 사랑하기 때문이야 지금 내 모습 너무나 초라해 너 떠난 후 잡을 수 없기에 소중한 너의 미래를 책임 질 수 있을 만큼 내가 커다란 나무로 열매 맺을 때 작은 내 날개가 자라 너의 꿈을 파란 하늘 높이 날릴 수 있을 때 그때 고백할게 지금 내 마음은 널 외면 하는건 사랑하기 때문임을 숨겨온 나의 진심을
2000.12.24~12.30,24,89325,Bad,Y2K,Try Again,2000.10.27,Rock,,나 지금 너무 안좋아   무조건 내편에   서서 내 얘길 들어주던 널  얼마나 찾고 있는데 내 앞에   보이질 않아 나 지금   미칠것 같아  너만 나 오직 너만 바라보며   살아왔던 거야 이젠   어떡해야 하나  지금쯤 누군가 만나는 생각에   잠이 오질 않아  아무말이 없는 네 사진   바라보지만   일분이분 그리고 하루이틀  끝나버린 거라고 이제는   잊을거라   해도 그 다짐은 잠시뿐  얼마나 소중한 넌데   이렇게 잊을수   있니 모든걸 버릴수 있니  너만 나 오직 너만 바라보며   살아왔던거야 이젠   어떡해야 하나  지금쯤 누군가 만나는 생각에   잠이 오질 않아  아무 말이 없는 니 사진   바라보지만   일분 이분 그리고 하루 이틀  끝나버린거라고 이제는   잊을거라   해도 그 다짐은 잠시뿐  널 잊을수가 없어 너로인해   내 또다른 사랑 올수 없다고 해도  말이 없는 니 사진 바라보지만   일분 이분 그리고 하루 이틀  끝나버린거라고 이제는  잊을거라 해도  그 다짐은 잠시뿐
2000.12.24~12.30,25,27655,Feel Your Love,핑클,Now,2000.10.16,Dance,유유진,다가와 다가와 가져봐 가져봐  내 시선을 피하지는마  원한다면 주고 싶어 너를 위해  아껴왔던 내 사랑  난 깊이 빠진거야 니  생각 뿐인거야  사랑엔 이유가 없으니까  우리 둘 뿐이야 지금 이순간엔  KISS ME 이런 기횔 놓치지마  WE BE LONG TOGETHER  FEEL YOUR LOVE  니 사랑을 내게 가르쳐줘  I`M NOT A BABY WANNA  FEEL YOUR LOVE  너만을 위해 나를 줄거야  다가와 열어봐 너만 보여줄게  내맘을 가르쳐줘 원하는걸 어색한  말보다 니 눈빛으로  소중히 아껴왔어 널위해  지켜왔어  누구도 날 갖지 못하도록  우리 둘 뿐이야 지금 이순간엔  KISS ME 이런 기횔 놓치지마  WE BE LONG TOGETHER FEEL YOUR LOVE  니 사랑을 내게 가르쳐줘  I`M NOT A BABY WANNA  FEEL YOUR LOVE  너만을 위해 나를 줄거야  원해 이 느낌 너밖에 없어  난 너 밖에 없기 때문에  원해 You feel my baby  내 머릿속 안에 너 밖에  없기 때문에  처음부터 난 알았어 We be  one perfect combination  한번 더 느껴와 uh  인연 그런 하소연 필요 없다는걸  After you came in to my life  내게로 와줘  처음부터 알았어 내가  찾던 너란걸  이젠 날 지켜줘 너만 알게해줘  KISS ME 달콤한 쵸콜릿 같아 워  WE BE LONG TOGETHER  FEEL YOUR LOVE  니 사랑을 내게 가르쳐줘  I`M NOT A BABY WANNA  FEEL YOUR LOVE  너만을 위해 나를 줄거야  WE BE LONG TOGETHER  FEEL YOUR LOVE  내 안에 널 잊지않게 해줘  I`M NOT A BABY WANNA  FEEL YOUR LOVE  네 여자로 난 태어난거야
2000.12.24~12.30,26,39288,짝사랑,긱스,Gigs 02,2000.10.25,Rock,이적,난 정말 멍청하지 말도 곧잘 못하고 얼굴만 붉히면서 네 주윌 맴돌아도 난 너를 원해 냉면보다 더 난 네가 좋아 야구보다 더 넌 내맘 모를거야 아냐 그건 괜찮아 저번에 집에갈땐 내게 웃어줬잖아 넌 너무 예뻐 햇살보다 더 난 네가 좋아 우주보다 더 저 불난집에 부채질하듯 내 사랑 맨날 맨날 활활 타올라 마음 점점 더 숯검댕처럼 그렇게 자꾸자꾸 까맣게 타버리지만 난 너를 원해 포도보다 더 난 네가 좋아 들꽃보다 더  언젠가 어떤날에 그런 날이 오려나 언젠가 어떤날에 둘이 손을 잡고서 언젠가 어떤날에 같이 갈 수 있을까 넌 너무 예뻐 하늘보다 더 난 네가 좋아 만화보다 더 아침에 눈을 떠보면 널 볼 수 있단 생각에 난 너를 어쩜 짝사랑하나봐 난 너를 진짜 사랑하나봐 나나나나 나나나나 나나나나 나나나나 난 너를 어쩜 짝사랑하나봐 난 너를 진짜 사랑하나봐 난 너를 어쩜 짝사랑하나봐 난 너를 진짜 사랑하나봐 난 너를
2000.12.24~12.30,27,90060,"Oh, My Julia",컨츄리꼬꼬,Winter Traveling,2000.11.10,Dance,함경문,"사랑이 타오르던 커다랗고 검은 그녀의 눈동자 안에서  영원히 꺼지지않을 둘만의 시간도 Heart break saturday night  들려오는 음악소리 내겐 어떤 노래도 그보다 슬프진 않았을 꺼야  내게 남은 시간 많아도 그녈 잊기엔 모자랄 것 같아  하지만 내 기억 속에 마지막 그 모습만은 지워버리려고 해 Oh, My Julia 정말 행복한 거니 내 존재가 잊혀질 만큼  크게 소리쳐 불러보고 싶지만 Ha ha break Oh, ma ma ma My Julia 신나는 Rock &amp; Roll 자주가던 그 거리로 흐르는 네온 불빛  그녀가 있을땐 천국이었던 이 거리  추억의 Vacation 내 마음을 묶어버린 그녀의 빨간 리본  영원히 풀리지 않을 것 같아 이젠 눈을 감아야 보여 나는 그녀를 느껴보고 싶어  제 멋대로 커져가는 내 사랑이 이제 그만 단념 할 수 있도록 Oh, My Julia 정말 행복해야해 니 몫까지 아파할테니 크게 소리쳐 불러보고 싶지만 Ha ha break Oh, ma ma ma My Julia Oh, My Julia 정말 행복한 거니 내 존재가 잊혀질만큼  이제 다시는 불러 볼 수 없는 너 Ha ha break Oh, ma ma ma My Julia"
2000.12.24~12.30,29,27562,"각인, 그 후...",서문탁,서문탁 Ⅱ,2000.09.18,Rock,이영준,한동안 너를 잊고 지냈어 많이 아파도 했지만 네가 보고플땐 마지막 너를 떠올렸어 너의 차가웠던 눈빛을 이렇게 다시 돌아온 너를 내가 어떻게 해야해 두번 다신 너와 인연이 되고 싶진않아 어떻게 지워 내 이 상처를 힘껏 너를 붙잡고 우는 날 떼어 놓으며 고개돌리던 너는 어디 간거야 다시 내게 돌아와 웃음지면 너에게 달려가 울거라 생각했니  어떠니 이런 나를 보는게 조금은 힘들지 않니 내가 그랬었어 네가 날 버리고 갔을때 네가 나의 곁을 떠나갔을때 힘껏 너를 붙잡고 우는 날 떼어 놓으며 고개 돌리던 너는 어디 간거야 다시 내게 돌아와 웃음지면 너에게 달려가 울거라 생각했니 착각이야 다시 너를 보며 사랑 느낄수가 없어 이젠 너와의 사랑은 단지 집착이었을 뿐 내게서 사라져줘 차가워진 나를 보며 나를 향하는 너의 마음은 다시 찢겨지겠지 느끼게 될 꺼야 너의 잔인했던 사랑 나의 큰 아픔들을
2000.12.24~12.30,30,88416,그래도 될까?,샵,The Four Letter Word Love,2000.08.11,Dance,유유진,A wella fella baby just the type you make me high 나 지금까지 느껴온 또 다른 너의 사랑 and every little thing I do it makes me think of you cuz girl you make me crazy I know I'm getting twisted through all the 4 seasons I know you here to stay from the summer time to the fall winter to the spring you bring a whole new level of the word meaning love 아름다운 그대의 따스함을 느껴 힘들 땐 니 어깨에 기대랬지 내가 헤어진 그 사람 잊을 때까지 왜니 왜 내게 이렇게 잘해줘 딴사람 못 잊는 날 말야 친구인 날 걱정해서라지만 아냐 나는 알아 나를 사랑하는 걸 그렇게도 오랫동안 나를 지켜준 너를 난 모른 척 했을 뿐 니가 필요했어 널 사랑하진 않지만 내가 맘껏 기대 울어도 되는 니가 그래 너에게는 미안한 일이지만 나를 위해 널 만난 것 뿐야 그런 내가 변해가 자꾸 변해가 나도 몰래 니 전활 기다리지 난 너 라면은 이별 없이 사랑할 것 같은 그런 기대도 생겨 널 사랑해도 될까 그래도 될까 아직 두려움이 난 앞서지만 지금처럼만 날 니가 아낀다면 너에게 줄꺼야 내가 가진 사랑 모두를  Cause I know in my heart you &amp; I from the start You're my dream Can't you see Come to me We can be 끝내 사랑한 그가 널 떠나갔어 너뿐이란 말 다 잊었어 그랬어 하루하루가 너무 힘들었어 그를 잊기 위해 넌 취해야만 했어 그렇지만 넌 언제라도 넌 너에게 달려가는 내가 있어 지금도 네게 전화를 했어 니가 필요해 내 곁에 있어 니가 필요했어 널 사랑하진 않지만 내가 맘껏 기대 울어도 되는 니가 그래 너에게는 미안한 일이지만 나를 위해 널 만난 것 뿐야 그런 내가 변해가 자꾸 변해가 나도 몰래 니 전활 기다리지 난 너 라면은 이별 없이 사랑할 것 같은 그런 기대도 생겨 널 사랑해도 될까 그래도 될까 아직 두려움이 난 앞서지만 지금처럼만 날 니가 아낀다면 너에게 줄꺼야 내가 가진 사랑 모두를  Cause I know in my heart you &amp; I from the start You're my dream Can't you see Come to me We can be
2000.12.24~12.30,31,27849,Sara,보아(BoA),ID; Peace B,2000.08.25,Dance,,너를 처음 본 순간 왠지  네가 좋았어  예쁜 그 애 품에 안겨  놀러 왔던 너  나는 그 날 이후로 매일  너의 생각 뿐  무엇도 난 재미없어 무의미 해  먹고 싶지 않아 놀고 싶지 않아  난 그저 이렇게 혼자 있고픈데  어제는 병원에가 주사도 맞았지  다 내가 아픈 줄로  그렇게 알지만  그래 내가 여태껏  받기만한 사랑을  이젠 너를 만나 나도  사랑이란 걸 해  이런 생각만으로  내 눈에는 눈물이  나에게도 이런 감정 있는 걸  방안에 있어도 거실에 나가도  온 집안 가득한 그날의 네 향기  이렇게 니 모습 찾아 헤매 돌면  어느새 내 걸음은 널 닮아 가는데  sara sara sara sara  sara sara sara sara  Crazy glue stuck  together soul ties  Rainy weather never  sep arate love like a  flu shot  It only gets better your  perpection  And your refection And  your rellection  So i walk the streets again  Until we neet again  푹신한 양탄자가 깔린 집에서  같이 책도 보고 넌 내 무릎에 누워  아직 어려 우린 그 모든게  서툴다해도  너와 함께라면 행복할거야  방안에 있어도 거실에 나가도  나만이 느끼는 그 날의 네 향기  이렇게 니 모습 찾아 헤매 돌면  어느새 내 걸음은  그리워 추는 춤  방안에 있어도 거실에 나가도  온 집안 가득한 그 날의 니 향기  이렇게 니 모습 찾아  헤매 돌면  어느새 내 걸음은 그리워 추는 춤  sara sara sara sara  sara sara sara sara
2000.12.24~12.30,32,27833,Lie (Radio Ver.),화요비,My All,2000.06.14,R&B / Soul,이상호,말해줄래 나를 위해라면 이러진 말아 아직 그댈 놓아주기에는 너무 난 두려워 이미 지나간 일이 아니라면 숨기지 말아 다시 예전처럼 내게 돌아온다 말해주겠니 미안해져 니 모습 못보는 맘 알겠니 왜 넌 먼곳에서 숨기고 있니 이젠 지워지지가 않아 내 눈물같은 바래진 기억들이 긴 하루 온종일 널 대신하고 있어 기다린단 말하려다 난 잘 지내 해버렸지 떠난 그대 돌아갈 곳 있을것 같아 Oh lie I for you that lie Do do do that lie 미안해져 니 모습 못보는 맘 알겠니 왜 넌 먼곳에서 숨기고 있니 이미 그댈 향한 사랑은 내 마음을 넌 읽었는지도 몰라 다만 말 안해도 알거라 믿은거야 기다린단 말하려다 난 잘 지내 해버렸지 떠난 그대 돌아갈 곳 있을것 같아 말해줄래 니가 이러는게 우스워보여 아직 나에게는 갈 곳이 없어 음 마지막이라 믿었었지 니가 떠난후에 시간이 지날수록 날 위한 욕심이었다는 걸 난 알고 있었기에 그대 잠이 깬 후에도 난 울면서 헤맸던 건 혹시 그대 내게 돌아오는 길 모를까봐 Oh lie I for you that oh lie Do do do that lie
2000.12.24~12.30,33,1576735,다 줄거야 (Acoustic Ver.),조규만,I Will Give You All,2000.01.01,Ballad,조규만,그대 내게 다가오는 그 모습 자꾸 다시 볼수 없을 것만 같아서 감은 두눈 뜨지 못한거야 너를 내게 보내준 걸 감사할뿐야 고마울 뿐야 많이 외로웠던거니 그동안 야워가는 너를 보며 느낄 수 있어 너무 힘이 들땐 실컷 울어 눈물속에 아픈기억 떠나보내게 내품에서 서글픈 우리의 지난 날들을 서로가 조금씩 감싸줘야해 난 네게 너무나도 부족하겠지만 다 줄꺼야 내 남은 모든 사랑을 많이 지쳐있던거야 그동안 자꾸 야워가는  너를 보며 느낄 수 있어 너무 힘이 들땐 실컷 울어 눈물속에 아픈기억 떠나보내게 내품에서 서글픈 우리의 지난 날들을 서로가 조금씩 감싸줘야 해 난 네게 너무나도 부족하지만 다 줄꺼야 내 남은 모든 사랑을 난 네게 너무나도 부족하지만 다 줄거야 내 남은 모든 사랑을
2000.12.24~12.30,34,87694,널 보내며,홍경민,홍경민 3,2000.06.18,Ballad,김창환,알아 널 보내야 한다는 걸 점점 야위어 가는 널 보며 아무 도움도 주지 못한채 그저 눈물로 지켜봐야 한다는 걸 매일 널 위해 기도를 했어 제발 널 데려가지 말라고 아주 조금만 더 널 내 곁에 머물 수 있게 제발 날 도와달라고 울지마 그냥 나만 바라봐 내 모습을 너는 기억해야 돼 먼 훗날 내가 니곁에 갈 때 내가 변해있어도 기억해야 하니까 영원히 나를 떠난다고 생각하지마 하늘에서  날 바라보며 기다리면 돼 내가 니 곁에 가는 그날까지만 참아 그때 만나면 헤어지지 않을테니 너를 꼭 안고  믿을게 비가 오는 날에는 하늘에서 니가 우는 거라고  언제나 내가 보고 싶을 땐 나의 꿈 속에 와서 너를 보여주면 돼 영원히 나를 떠난다고 생각하지마 하늘에서  날 바라보며 기다리면 돼 내가 니 곁에 가는 그날까지만 참아 그때 만나면 헤어지지 않을테니 너를 꼭 안고
2000.12.24~12.30,35,38504,거짓말처럼,김현정,Kim Hyun Jung 3,2000.05.22,Ballad,윤사라,거짓말처럼 너를 사랑하게 됐어  I can't live 너 없인 하루도  so I won't leave Forever  이렇게 매일 함께 있는게  난 너무나 감사할 뿐  생각처럼 잘해 주지는 못했지만 워 거짓말처럼 너를 사랑하게 됐어  한 번도 이런적 없던  내 마음의 떨림처럼 너도  그랬으면 좋겠어  I can't live 너 없인 하루도  so I won't leave Forever  너의 눈빛을 너의 손길을  늘 가까이 느끼는게  어떤말도 부족 하도록 고마운 걸 우 거짓말처럼 너를 사랑하게 됐어  한번도 이런적 없던 내마음의 떨림처럼 너도 그랬으면 좋겠어  I can't live 너 없인 하루도  so I won't leave Forever  하지만 가끔씩은 두려워  너무 벅찬 이 기쁨이  눈뜨고 나면 짧은 꿈처럼 사라질까봐  어린 아이처럼 네게 기대고만 싶어  무슨 일 있어도 처음 약속처럼  영원토록 나와 함께 해달라고  거짓말처럼 내가 달라지게 됐어  세상에 태어나 처음 눈뜬듯한 이런 기분  너도 느꼈으면 좋겠어  I believe in you and your the love  so I will give my everything to you  And just believe in your love  I need you baby I can't live 너 없인 하루도 이젠  so I won't leave Forever  네 곁을 떠나지 않아  and just believe in your  love and I love you
2000.12.24~12.30,36,88794,울트라맨이야,서태지,울트라맨이야,2000.09.09,Rock,서태지,we are the youth youth youth 항상 못된 내겐 truth truth truth  내게 미쳤다고 그래 모두 그래  다들 그래 다들 그래  마져 그래 난 더 미치고 싶어 울트라맨 어렸을적 내 꿈엔  울트라맨 여긴 진정 어떤 나라인지  울트라맨 이제부턴 진정 난  울트라맨 수퍼 초울트라 매니아  솔직한 해답을 갖자 영웅이란 존재는 더는 없어  이미 죽은지 오래 무척 오래  저 태양아래 바로 이날의 영웅은 바로 너야  울트라맨 어렸을적 내 꿈엔  울트라맨 여긴 진정 어떤 나라인지  울트라맨 이제부턴 진정 난  울트라맨 수퍼 초울트라 매니아  반듯했던 네겐 울트라 같은 펀치  간듯했던 네겐 울트라 같은 펀치  빈듯했던 내게 울트라 같은 펀치  간듯했던 내겐 울트라 같은 펀치  심사의 세대 닫힌 네겐  서툰 새빛조차 두렵겠지만  난 좋기만해 난 더 기대가 돼  너 다시 내게 짓굳게 굴땐 가만안두리라  넌 이제 울트라의 이름의 심판 받으리라  네 잣대로다 우릴 논하다 조만간 넌 꼭   we are the youth youth youth 항상 넌 또 내겐 juice juice juice  내게 미쳤다고 모두 그래 다들 그래  미친 매니아들에 세상 밝은 미친 세상  울트라맨 어렸을적 내 꿈엔  울트라맨 여긴 진정 어떤 나라인지  울트라맨 이제부턴 진정 난  울트라맨 수퍼 초울트라 매니아
2000.12.24~12.30,37,3692,Delete...,김경호,Kim Kyungho-5th,2000.07,Rock,강은경,무심코 그냥 지나는 말로 저거 맘에 든다고 한마디 하면 나 몰래 눈여겨 보았다가 며칠뒤에 말없이 내밀던 그대 그해 내 생일~ 이렇게도 소중한 사람 낳아주셔서~~~ 감사하다고~ 어머니께 선물한 그대~ 다시 그런 사람을 만날수가 있을까 영~원히 내 삶~에~ 사랑이란 그 누구의 힘으로 이렇게도 잔인하게 정해지는지 우리를 자꾸 갈라 놓으려고만 해 니 사람이 아니니 욕심~~~ 버리라고~  내일이면 난~ 그의 품에 그대를 안겨 드려야만 해~~~ 내가 준비한~ 제일 귀한 결혼 선물로~ 하얀 드레스 안에 곱게 포장도 해서 그~사람에게~로~ 사랑이란 그 누구의 힘으로 이렇게도 슬프게만 흘러가는지~ 원한건 그대 하나밖엔 없는데~ 그것마저 왜 안되는지~~~ 저 하늘이 보시기엔 나보단 그가~~~ 그래도 더 날것 같아서~~~ 그랬나봐~
2000.12.24~12.30,38,445159,그대가 그대를,이승환,His Ballad Ⅱ,2003.03.12,Ballad,"이승환,이지은",참 많이 모질었었죠 나 당신께  나같지 않은 말땜에 놀랬겠죠  편할날이 없었죠 틀렸던 걸까봐  말없이 놓아준 그대가  정말로 내사랑 같아서  왜 그랬나요 울거면서  잘 가라는 듯 왜  그게 되나요 못보는게 그대가  그대를 음  참많이 오래 견디죠 나 당신을  조금만 멀리 보여도 보고싶죠  갚을게 많아서 못준게 많아서 혹시 날 못있고 산다면  꼭 한번 만나고 싶어서  잘지내나요 혼잔가요  나아닌 누군가와 사랑하나요 우릴 지운  그대가 나아닌 그대를  우리가 사랑했던게 간직 할 만한  슬픔이었음 해요 왜 그랬나요 울거면서  잘 가라는 듯 왜 그게 되나요 못보는게  그대가 그대를 음 우리 오래 오래 살아요  꼭 한번이라도 보게 못한 얘기들도 하구요  맛나는 것도 먹어요 우리 정말로 오래오래  살아요 천년만년  어쩌면 인연이 다하여  뜻하지 않은 어느 곳  그리 우리 다시 만나면  이제 편히 쉬게요
2000.12.24~12.30,39,610559,Marry Me,이현우,Viru..s,2000.04.29,Rock,이현우,Won't you be my woman  Come on  won't you be my only girl  Won't you be my woman  come on  그대가 아침에 내가 눈을 뜰때에  곁에 있었으면 해 그대가 저녁에  내가 집에 올때에 나를 맞았으면 해-  그대에겐 아주 사소한 일이라도 알고 싶어  그대 내게 말해주었으면 해  오랜 시간을 예--- 기다려왔어  Won't you be my woman 삶이 끝나는 예---  그 순간까지- 그대와 둘이서  그대의 예쁜 미소를 닮은 아이를  아이를 갖고 싶어 어색한 나의 눈빛을  닮은 아이를 너와 키우고 싶어-  나에게는 아주 사소한 일이라도  귀 기울여 주는 그대 나와 함께 있어줘  오랜 시간을 예--- 기다려 왔어  Won't you be my woman 삶이 끝나는  예--- 그 순간까지- 그대와 둘이서  Hey woman I'm not big on words.  But tonight I gotta tell you something  You gotta be my woman  you got a be my woman  Oh--- sweet baby  you are a one that I want  oh---- oh my sweet baby baby  You are a one that I need  Would you marry me tonight  오랜 시간을 예--- 기다려 왔어  (기다려 왔어---) 삶이 끝나는  예--- 그 순간까지- 그대와 둘이서
2000.12.24~12.30,40,9271,뱀,자우림,"Jaurim, The Wonder Land",2000.07.04,Rock,김윤아,그래 그래 너는 그렇게 말을 하지  이제 다시 그런 일은 없을 거라고  왜 내 눈을 보면서 얘기 못 해  너는 질리지도 않았니 뻔한 핑계  언제까지나 그런 식으로  도망갈 줄 알았니  언제까지나 그런 식으로  무사할 줄 알았니  난 그저 매번 이렇게 화만 내지  화만 내지  이제 다시 그런 일은 하지 말라고  왜 너를 이대로 버리지 못 해  나는 질리지도 않는 걸까  이런 일들  언제까지나 이런 식으로  살아야만 하는 걸까  언제까지나 이런 관계를  계속해야 하는 걸까 너는 한마리 뱀이지  슬슬 스르르륵  네 몸만 빠져나가면  아무 상관없이  뻔뻔스런 얼굴로  만족스런 미소를 짓지 너의 한마디 말에도  아무렇지 않게  지껄여대는 궤변과  내뱉어대는 욕설이 있지 나나나 나나나나나  나나나 나나나나나  내 인생을 망쳐놓고 웃고 있는 넌  나나나 나나나나나  나나나 나나나나나  이 모든 걸 망쳐놓고 즐거워하는 넌 나나나 나나나나나 나나나 나나나나나 나나나나 한 마리 뱀이지 나나나나 나나나나 나나나나 그래 보자 보자 하니까 심하잖아 나를 만만하게 보지마 더 이상은 이제 각오해 두는게 좋을 거야 각오해 너도 뜨거운 맛을 보게 될 테니 언제까지나 그런 식으로 도망갈 순 없으니까 언제까지나 그런 식으로 참아주진 않으니까
2000.12.24~12.30,41,88776,욕망이란 이름...,박완규,엽기발랄(獵奇潑剌),2000.09.20,Rock,,인정사정 볼 것 없어  수단방법 가리지도 마  입시지옥 무한경쟁  적자생존 게임의 법칙   한눈팔면 끝장이야  한순간도 방심하지 마   어린왕자 꿈을 꾸던 아이  꿈도 없는 지옥같은 세상   총알보다 빠른 세상  낙오자로 찍히면 안돼  죽기살기 일등사회  최고일류 아니면 안돼   비상구도 없는 세상  일렬종대 선착순 한명   어린왕자 꿈을 꾸던 아이  꿈도 없는 지옥같은 세상   아냐 그런 생각하지마  약해지면 절대로 안돼  수단방법 가리지도 마  인정사정 볼것도 없어   어린왕자 꿈을 꾸던 아이  꿈도 없는 지옥 같은 세상  내가 없는 세상 속에 살다  내가 버린 지옥 같은 세상   아냐 그런 생각하지마  약해지면 절대로 안돼  수단방법 가리지도 마  인정사정 볼것도 없어 -
2000.12.24~12.30,42,37100,"힘을 내요, 미스터 김",롤러코스터,일상다반사(日常茶飯事),2000.08.01,Rock,조원선,오늘도 많이 바쁜가요  또 자꾸 짜증이 나나 봐요  벌써 몇 번째 한숨 쉬고  끊었던 담배 다시 피우나요  거울을 봐요 충혈된 두 눈에  언제나 용모단정 이게 아닌데 하면서도  등만 대면 잠이 와요  이름을 말해봐요 미스터 김  당신이 꿈꾸던 삶은 어디에  하고 싶었던 일 뭔가요  아직도 늦지 않았어  당신이 바라는 대로 하세요  멋있게 행복하게 사는 거죠  잘 다려진 와이셔츠에  빤짝이는 검은 구두  무표정한 얼굴 뒤에는 무슨 생각하나요  이름을 말해봐요 미스터 김  당신이 꿈꾸던 삶은 어디에  기죽지 말아요 어깨를 쫙 펴고  당당히 맞서요  이제부터라도 신나게  맘대로 멋지게 사는 거죠  하고 싶었던 일 뭔가요  아직도 늦지 않았어  당신이 바라는 대로 하세요  멋있게 힘을 내요 미스터 김  하고 싶었던 일 뭔가요  아직도 늦지 않았어  당신이 바라는 대로 하세요  멋있게 힘을 내요 미스터 김  기죽지 말아요 어깨를 쫙 펴고  당당히 맞서요  이제부터라도 신나게  맘대로 멋지게 사는 거죠  하고 싶었던 일 뭔가요  아직도 늦지 않았어  당신이 바라는 대로 하세요  멋있게 힘을 내요 미스터 김
2000.12.24~12.30,43,84375,꿈꾸는 소녀,YB,가리지 좀 마,1997.03.01,Rock,윤도현,나의 마음속에 언제나 꿈을 꾸는 소녀 살고 있지 별을 좋아하던 푸른 하늘 같은 너 너의 꿈을 찾아 떠나간 그대를 생각하네 꿈꾸는 소녀야 별들아 그대들은 멀리있지만 꿈꾸는 소녀야 별들아 언젠가는 같은 하늘에 뜰거야 오래전 그 노래 다시 부를거야 너의 가슴속에 나의 노래 하나를  꿈꾸는 소녀야 별들아 그대들은 멀리있지만 꿈꾸는 소녀야 별들아 언젠가는 같은 하늘에 뜰거야 꿈꾸는 소녀야 별들아 그대들은 멀리있지만 꿈꾸는 소녀야 별들아 언젠가는 같은 하늘에 뜰거야 나의 마음 속에 꿈 꾸는 소녀가 소녀 마음속에 꿈을 꾸는 별들이 꿈을 꾸는 이 세상 모든것들 꿈을 꾸는 이 세상 모든것들
2000.12.24~12.30,44,3822,831 8,제이,In Love,2000.04.21,R&B / Soul,윤사라,그래도 하루를 살고 가끔  웃기도 하죠 이렇게 살다보면 잊는걸까요 그대 얼굴마저 잊을까 난 자꾸 두려워 져요 이 사진 한장 조차도 버릴 수  없어 망설이고 있죠 난 어떡해야 좋은걸까요 내게 말했던 대로 모두 지우면  그대 서운하지 않은가요 아무말도 못하겠지만 아주 잠시라 해도 그댈 꼭 한번만 볼수 있다면  It's all l ask 오늘은 이런 생각도 왠지  어색해져요 이렇게 변하는게 맞는건가요 그댈 마주치는 어느날  어쩌면 스쳐가겠죠 조금 닮은 뒷모습에도  한참동안을 숨쉴수 없는데 난 어떡해야 좋은걸까요 내게 말했던 대로 모두 지우면  그대 서운하지 않은가요 아무말도 못하겠지만 아주 잠시라 해도 그댈 꼭 한번만  볼수 있다면 It's all l ask 아직 모르겠어요 믿을수 없죠 다신 날 찾아 오지 않을꺼라면 제발 가르쳐 줘요 그대 없이도  나 살아가야 하잖아요 더 이상은 울지 않도록 이런 나의 바램도 오늘이 마지막이면 It's all l ask It's all l ask
2000.12.24~12.30,45,75266,그래! 그렇게! (We Can Do It),H.O.T.,Outside Castle,2000.10.02,Dance,강타(KANGTA),그대로 거기 멈춰선 당신의  힘겨운 발걸음을 보았죠  세상 앞에 홀로 서기가 너무나 힘이 들죠  그토록 힘겹던 시간  그대는 수많은 시련을 이겼어요  이제 시작이란 마음 하나로 다시 일어서요  작아진 목소리로 아무런 것도  할수 없어 지쳐버린 그대  그대 앞에 펼쳐질  세상을 향해 소리쳐 봐요 그대 이젠  그대 그렇게 한번 웃어봐요  당신 앞에 열린 세상을 바라봐  그대 안에 있는 모든 것들을  이제 활짝 펼쳐 다시 깨어나  새롭게 태어나 모든 것은  그대 안에 간직해줘 오늘을 기억해  새롭게 펼친 세상 앞에 이제는 다시 시작해  이제까지 내게 숨을 쉬고  숨을 쉬고 살아가는 법을  내게 가르친 너에게 나는 무엇일까  생각 나게 하게  그렇게 하게 내가 가만이 있지 않게  나를 잡아주고  지탱하던 수많은 사람들이 나를 감싸주던  결국 이겨낸건 어느 순간 나의 안에 있는  이름도 모를 무엇인가 나를 지켰어 그렇게  다시 또 일어서야죠  이렇게 힘없이 무너질순 없어요  이젠 두팔 벌려 하늘을 향해 크게 웃어봐요  수많은 좌절 앞에  또다시 한번 쓰러지게 될지 몰라  그대 그대안에 숨겨진  자신을 믿고 일어서 봐요 그대 이젠  그대 그렇게 한번 웃어봐요  당신 앞에 열린 세상을 바라봐  그대 안에 있는 모든 것들을  이제 활짝 펼쳐 다시 깨어나  새롭게 태어나 모든 것은  그대 안에 간직해줘 오늘을 기억해  새롭게 펼친 세상 앞에  랩 그대 그렇게 다시 일어서요  아름다운 세상속에 그대가 있어요  이젠 그렇게 웃어봐요  자신을 믿잖아요 이젠 무엇도 두렵지 않아요  그대 안에 있는 믿음을 사랑해  오늘도 기억해 새롭게 열린  세상 앞에 이제는 다시 시작해
2000.12.24~12.30,46,83220,내안의 그대,엄정화,005.1999.06,1999.06,Dance,조규만,이 밤이 지나면 내게서 멀어질 수 없을거야 영원히 내 안의 너를 가득 담고서 이렇게 널 기다리고 있어 조용히 두 눈을 감아봐 그리고 모든걸 느껴봐 다 잊어버려 우리둘뿐야 가만히 다가와줘 살아있는 나를 느껴 너의 향기속에서 시간의 흐름속에 우린 하나가 됐어 아무 말도 필요없어 자신을 믿을뿐야 그냥 내게로 와 줘 널 원해 영원히 이 밤이 지나면 내게서 멀어질 수 없을거야 영원히 내 안의 너를 가득 담고서 이렇게 널 기다리고 있어 조용히 내 손을 잡아봐 그리고 모든걸 느껴봐 다 잊어버려 우리둘뿐야 가만히 다가와줘 살아있는 나를 느껴 너의 향기속에서 시간의 흐름속에 우린 하나가 됐어 아무말도 필요없어 자신을 믿을뿐야 그냥 내게로 와 줘 널 원해 영원히 살아있는 나를 느껴 너의 향기속에서 시간의 흐름속에 우린 하나가 됐어 아무말도 필요없어 자신을 믿을뿐야 그냥 내게로 와 줘 널 원해 영원히 살아있는 나를 느껴 너의 향기속에서 시간의 흐름속에 우린 하나가 됐어 아무말도 필요없어 자신을 믿을뿐야 그냥 내게로 와 줘 널 원해 영원히
2000.12.24~12.30,47,85108,바보,박효신,해줄수 없는일,1999.12,R&B / Soul,조우진,너무 모르고 있죠 이미 떠난 사인데  언젠가 올 거란 생각에 마냥 웃고만 있죠  슬픈 상처뿐인데 곁에 있을 거라 믿었죠  걱정돼요 내가 없으면 어느 것 하나도 할 수 없던 사람인데  꼭 한번 만날 수 있다면 아직 남겨진 내 맘 전하고 싶은데  내가 부족한가요 당신을 원한 이유로 이렇게 날 외면하려 하나요  단 한번 사랑을 믿어요 볼 수 있다면 나 웃고 살 수 있는데  허나 다른 사랑 찾아가란 말은 말아요 날 버리진 않겠죠  그럴 리 없잖아요 you  부탁해요 곁에 없어도 몸조심하세요 참 힘겨워 했잖아요  또 다시 만날 수 있다면 아직 남겨진 내 맘 전하고 싶은데  내가 부족한가요 당신을 원한 이유로 이렇게 날 외면하려 하나요  단 한번 사랑을 믿어요 볼 수 있다면 나 웃고 살 수 있는데  허나 다른 사랑 찾아가란 말은 말아요 날 버리진 않겠죠  그럴 리 없잖아요  언젠가 잠시라도 기억 할 수 있다면 난 그걸로 되요
2000.12.24~12.30,48,1002851,그대니까요 (Duet With 차은주),김현철,김현철 Best + 총각파티,2000.07.08,Ballad,김현철,홀로 텅 빈 방을 볼 때면 문득 그대 없음을 느끼죠  그대가 버린 이 도시속을 살아가요 어떤 좋은 것 볼 때마다 또한 그대있음이 그립죠  그대없이는 난 아무것도 아닌걸요  이젠 헤어지지 말아요  우린 헤어지면 안돼요  어쩌면 죽는날까지 어쩌면 그보다 더  미칠것만큼 사랑할 사람  그대니까요  너무 파란 하늘일때마다 많이 그대 생각을 하죠  나는 알아요 우린 헤어질 수 없다는걸  이젠 헤어지지 말아요 우린 헤어지면 안돼요  어쩌면 죽는날까지 어쩌면 그보다 더  미칠것만큼 사랑할 사람  그대니까요  잊어서도 안돼요 우리 사랑한것을 언제까지나   어쩌면 죽는 날까지 어쩌면 그보다 더  미칠것만큼 사랑할 사람  그대니까요  우리 헤어지지 말아요  우린 헤어지면 안돼요  어쩌면 죽는 날까지 어쩌면 그보다 더  미칠것만큼 사랑할 사람  그대니까요
2000.12.24~12.30,49,89820,나침반,CBMass,Massmediah,2000.09.06,Rap / Hip-hop,"Curbin,최자,개코",변화를 원해 좀더 진실한  인간이 되길 원해 삶이 살만한 가치가  있길 바래 한숨찬 세상에  한줌의 재가 될 때까지 우린 이렇게 살아가네 변화를 원해 좀더 진실한  인간이 되길 원해 삶이 살만한 가치가  있길 바래 한숨찬 세상에  한줌의 재가 될 때까지 우린 이렇게 살아가네 나의 영혼을 훔쳐간  힙합 비둘기 같이  더러운 깃털로 물든 식어버린 호빵  이만든 힙합 팝콘  속에 밑바닥에 덜 익은 같은 자들이  이끌어 가는 수레를 이제는 뒤집어  그 위에 cbmass 우리의 울타릴 만들어  거리에 방황하는  어린 영혼의 새천년의 밝은 미래를  만들어 맘대로 이대로 배고픔은 간절함으로  다음 세대로 다시 첨으로 순환되어만 갔던 흑백  그리고 숨기고 싶은  내안의 독백 돈백만원으로 하늘을 날 때  그들은 가난의 여백을 채우려 발악하곤 했지  what 여백을 위해 잡은 나의 마이크  나의 맘속에  다이나마이트 속에 숨긴 나의 rhyme과  skill bass kick 과 snare가 심장속으로 strike 그리고 내가 내뱉는  rap에 강한 1톤 spike 변화를 원해 좀더 진실한  인간이 되길 원해 삶이 살만한 가치가  있길 바래 한숨찬 세상에  한줌의 재가 될 때까지 우린 이렇게 살아가네 변화를 원해 좀더 진실한  인간이 되길 원해 삶이 살만한 가치가  있길 바래 한숨찬 세상에  한줌의 재가 될 때까지 우린 이렇게 살아가네 한숨에 찬 도시의  왼손에 마이크 오른손에 스프레이로  세상을 바꿔 맘껏 모두가 위로  더위로 올라가 반짝 원숭이 재주부려 서로 앞서 가려  바둥거려 쳇바퀴 굴려 어둠을 뚫고 들어오는  cb mass 그것만이 빛의 진실  길거리에 깔린  아저씨 아저씨들에 몸뚱이에 걸친  부르주아에 위선에 찬  옷들을 살 돈으로 차라리 배고프고  병든 자를 도와 진정한 진짜배기  삶이 뭔지 거리의 삶에 미친 힙합에  미친 거리의 삶  그건 마치 빠져나올  수 없는 덫과 같아 그토록  힘들게 버틴 눈과 기가 막힌 먼지 낀 세상에 느끼는 천사의 소리  cb mass sound 진실만을 말해  진실위해 죽고 사는  언더 그라운드 변화를 원해 좀더 진실한  인간이 되길 원해 삶이 살만한 가치가  있길 바래 한숨찬 세상에  한줌의 재가 될 때까지 우린 이렇게 살아가네 변화를 원해 좀더 진실한  인간이 되길 원해 삶이 살만한 가치가  있길 바래 한숨찬 세상에  한줌의 재가 될 때까지 우린 이렇게 살아가네 내내 삶 지지 금까지  흘려온 우리의 땀땀 나  그리고 우리 결코 후회하지 않을 판단  힙합에 대한 우리가 선택한  이 길에 대한 시작 비비비판에 시선으로  우리를 보는 니들의 생각을  뒤집기 위한 니들가가슴 속에  그속에 생각들을 니들 머리에 뿌리박아  주기 위한 힙합 힙합에 대한  우리의 열정에 결정 체체체인 우리의 음악 속에 그 속에 담아보고자하는  세상의 혼란속에  거꾸로 휙휙 돌아만 가는 현실의 세계  거세게 휘몰아치는 위선의 폭풍속에  눈앞에 밟히고 또밟히는 이사회의  부조리에 모든 일들을  움켜쥐고서 이제부터 우리가 제대로  꼬집어 주겠어 광기에 더더 빠르게  돌아만가는 우리의 긴혀로 다다  내 뱉어주겠어 변화를 원해 좀더 진실한  인간이 되길 원해 삶이 살만한 가치가  있길 바래 한숨찬 세상에  한줌의 재가 될 때까지 우린 이렇게 살아가네 변화를 원해 좀더 진실한  인간이 되길 원해 삶이 살만한 가치가  있길 바래 한숨찬 세상에  한줌의 재가 될 때까지 우린 이렇게 살아가네 변화를 원해 좀더 진실한  인간이 되길 원해 삶이 살만한 가치가  있길 바래 한숨찬 세상에  한줌의 재가 될 때까지 우린 이렇게 살아가네 변화를 원해 좀더 진실한  인간이 되길 원해 삶이 살만한 가치가  있길 바래 한숨찬 세상에  한줌의 재가 될 때까지 우린 이렇게 살아가네
2000.12.24~12.30,50,86984,이별 그후,신승훈,Desire To Fly High,2000.03.07,Ballad,심현보,혼자서 먹는 저녁도 익숙해져가고  더는 눈물 흐르지도 않아  너없인 안될거라고 믿었던 나였는데  그때는 정말 그랬었는데   기다릴 것도 기대할 일도  너와 함께라 떠나간건지  조금씩 무뎌진 내가 두려워  다시 또 널 그리다 잠드네   살아도 사는게 아닌 날들  웃어도 웃는게 아닌 시간  너없는 오늘을 견뎌내야  내일의 시작도 너인걸   미워도 미워도 남는 그 말  사랑해 사랑해 널 사랑해  숨쉬는 동안은 잊지 못할  더없이 사랑했었던 너   기다릴 것도 기대할 일도  너와 함께라 떠나간건지  조금씩 무뎌진 내가 두려워  다시 또 널 그리다 잠드네   살아도 사는게 아닌 날들  웃어도 웃는게 아닌 시간  너없는 오늘을 견뎌내야  내일의 시작도 너인걸   비워도 비워도 남는 그 말  사랑해 사랑해 널 사랑해  숨쉬는 동안은 잊지 못할  더 없이 사랑했었던 너 -
