time,rank,song_id,title,singers,album,date,genre,creator,lyric
2002.02.03~02.09,1,517704,사랑해도 헤어질 수 있다면...,신승훈,The Shin Seung Hun,2002.01.14,Ballad,심현보,참 많이 겪어 봤는데.. 이젠 알것도 같은데.. 늘 조금 이른 이별은 한번도 어김이 없어 날 바라보던 그 눈이 사랑을 말한 입술이.. 헤어짐을 얘기하는게 믿어지지가 않아 난 한동안 기억속에 널 지울 순 없겠지.. 잘해준 기억보다 미안한 마음이 남아 누구라도 사랑할 순 있지만  그 사람이 네가 될 순 없잖아 눈물로 남은 날을 다 써도 널 지우기엔 모자란데 사랑해도 헤어질 수 있다면  헤어져도 사랑할 수 있잖아.. 네 곁에 내가 없는 오늘도 너는 내 안에 남아 가끔 눈물이 흘러..  넌 언젠가 내 이름조차 낯설어 지겠지.. 지나간 사랑이라 웃으며 말을 하겠지 누구라도 사랑할 순 있지만  그 사람이 네가 될 순 없잖아 눈물로 남은 날을 다 써도 널 지우기엔 모자란데 사랑해도 헤어질 수 있다면  헤어져도 사랑할 수 있잖아.. 네 곁에 내가 없는 오늘도 너는 내 안에 남아 가끔 눈물이 흘러..
2002.02.03~02.09,2,105006,사랑해도 될까요?,유리상자,유리상자 5th,2001.12.03,Ballad,심현보,문이 열리네요 그대가 들어오죠  첫눈에 난 내사람인걸 알았죠  내 앞에 다가와 고개 숙이며 비친 얼굴  정말 눈이 부시게 아름답죠  왠일인지 낯설지가 않아요 설레고 있죠  내 맘을 모두 가져간 그대   조심 스럽게 얘기할래요 용기내 볼래요  나 오늘부터 그대를 사랑해도 될까요  처음인걸요 분명한 느낌 놓치고 싶지 않죠  사랑이 오려나봐요  그대에겐 늘 좋은것만 줄께요   왠일인지 낯설지가 않아요 설레고 있죠  내 맘을 모두 가져간 그대   참 많은 이별 참 많은 눈물 잘 견뎌 냈기에  좀 늦었지만 그대를 만나게 됐나봐요  지금 내 앞에 앉은 사람을 사랑해도 될까요  두근거리는 맘으로 그대에게 고백할께요   조심스럽게 얘기할래요 용기내 볼래요  나 오늘부터 그대를 사랑해도 될까요  처음인걸요 분명한 느낌 놓치고 싶지 않죠  사랑이 오려나봐요  그대에겐 늘 좋은것만 줄께요   내가 그대를 사랑해도 될까요 -
2002.02.03~02.09,3,621108,잘못,이승환,7집 Egg,2001.12.01,Ballad,"이승환,이지은",사랑이라는 말을 접어놓으니 이렇게 우리 웃는걸 하지만 너를 보지 않고 있으면 울고 싶어 너무 끝을 알아채버린 난 참 슬퍼  비겁한 내가 부끄럽고 불쌍해 이런 날 너는 믿다니 나 아니면 그 누구도 해줄수 없는 마음들로 채우고 떠날께  안녕 안녕 나 없어도 되니 아플때는 꼭 내게 연락해 미안 미안 나쁘지 내가 고마운 너를 지키지 못하고  그대 이후 누구도 그대 일수는  없음을 잘 알기에 눈물이 창피하게 자꾸 고여서 고갤들어 참고 참았지  알아 알아 너 없음 난 아냐 근데 우리 왜 헤어질꺼지 너무 너무 나쁘지 나는 결국엔 내가 더 힘들 꺼면서  내게서 가장 큰 위안은  너의 등뒤에 있지 변치 않는 난 이제  안녕 안녕 나 없어도 되니 아플때는 꼭 내게 연락해 미안 미안 나쁘지 내가 고마운 널 아-  알아 알아 너 없음 난 아냐 근데 우리 왜 헤어질꺼지 너무 너무 나쁘지 나는 결국엔 내가 더 힘들 거면서 -
2002.02.03~02.09,4,489219,난 남자야,박지윤,Man,2002.01.11,Dance,박진영,사랑한다고 정말이라고 영원히 계속 날 사랑 할 것 같다고 그말 그대로 나는 믿어버렸고 그래서 그대에겐 내 모든걸 주었고 그날 이후로 아무리 기다려도 그대는 도무지 연락이 오지를 않고  다시 나 혼자 바보같이 나 혼자 쓸데없는 기댈했다는 걸 알았고 난 남자야 이제 난 남자야 아무런 기대도 바램도 없이 즐길꺼야 즐길꺼야 너희처럼 그럴꺼야 나혼자 상처받는 일 더 이상은 없을꺼야 이번만큼은 너 하나만큼은 다른 남자들과는 정말 다를 것 같다고 모든걸 주고 너의 여자가 되도 변하지 않는 사랑을 줄 것 같다고 하지만 역시 시간만 좀 길었지 결국엔 새로운 여잘 또 찾아떠났고 남자는 역시 기대를 말아야지 정을 주면 안된다는 걸 깨달았고 난 남자야 이제 난 남자야  아무런 기대도 바램도 없이 즐길꺼야 즐길꺼야 너희처럼 그럴꺼야 나혼자 상처받는 일 더 이상은 없을꺼야 난 남자야 쓰레기 같은 남자야 내가 하는 말 모두 그때뿐야 잊는거야 기억은 없는거야 서로 즐거우면 된거야 쓸데없는 약속이나 감정따윈 없는 거야  난 남자야 이제 난 남자야  아무런 기대도 바램도 없이 즐길꺼야 즐길꺼야 너희처럼 그럴꺼야 나혼자 상처받는 일 더 이상은 없을꺼야 난 남자야 쓰레기 같은 남자야 내가 하는 말 모두 그때뿐야 잊는거야 기억은 없는거야 서로 즐거우면 된거야 쓸데없는 약속이나 감정따윈 없는 거야 난 남자야 이제 난 남자야
2002.02.03~02.09,5,104584,그리고 사랑해,이수영,Made In Winter,2001.12.11,Ballad,양재선,지금 돌아선 그대가 그대 맞는지 눈을 뜨고도 꿈을 꾸는 것 같아 떠나가라고 아프게 한건 나인데 내가 눈물이 나네 가슴 속에서 맴돌던 얘기도 애써 외면해야 했던 사랑도 뒤로한 채 이대로 그대를 보내야 해 그댈 사랑할수록 나에게 남겨지는 건 그리움 그대여 날 떠나가 이제 긴 머리로 내 눈물 감췄으니 여기서 날 돌아서 내가 이렇게 웃잖아  부디 떠나간 곳에서 행복해야 해 감히 그대를 기다릴 수 없도록 이미 내 안에 또 다른 사랑 있다는 거짓말을 믿어 줘 가슴속에서 맴돌던 얘기도 애써 외면해야 했던 사랑도 뒤로한 채 이대로 그대를 보내야 해 그댈 사랑할수록 나에게 남겨지는 건 그리움 그대여 날 떠나가 이제 긴 머리로 내 눈물 감췄으니 여기서 날 돌아서 내가 이렇게 웃잖아 언젠가는 모든게 희미해져 지금 이 순간도 추억이 되겠지 그렇게 믿을게 함께한 그 날 동안 많은 눈물 흘렸지만 행복 했었잖아 그대가 나에게 준 사랑 그걸로 충분해 내가 그대 전부였잖아 거기까지만 기억할께
2002.02.03~02.09,6,103858,아로하,쿨(COOL),First Whisper,2001.12.06,Ballad,김태훈,어두운 불빛 아래 촛불 하나 와인 잔에 담긴 약속 하나 항상 너의 곁에서 널 지켜줄꺼야 날 믿어준 너였잖아 나 바라는 건 오직 하나 영원한 행복을 꿈꾸지만 화려하지 않아도 꿈같지 않아도 너만 있어주면 돼 걱정 마 I Believe 언제나 I Believe 이 순간을 잊지 않을께 내 품에 I Believe 안긴 너의 미소가 영원히 빛을 잃어 가지 않게 Cause your love is so sweet You are my everything 첫 날밤의 단 꿈에 젖어 하는 말이 아냐 난 변하지 않아 오직 너만 바라볼꺼야 You're light of my life You're the one in my life 내 모든걸 다 잃는데도 후회하지 않아 오직 너를 위한 변하지 않는 사랑으로 이제 나에게 있어 가장 소중한 건 내가 아닌 당신입니다 말로는 다짐할 수 없지만 당신만을 사랑합니다 때로는 친구처럼 때로는 연인처럼 눈 감는 그 날까지 당신만을 사랑합니다 늘 하나라는 마음으로 흔들리지 않는 믿음으로 아픈 마음도 함께 기쁜 맘도 함께 나눠 가졌으면 해 약속해 I Believe 힘들 때 I Believe 너의 그늘이 되어줄께 내 품에 I Believe 안긴 너의 미소가 영원히 빛을 잃어 가지 않게 Cause your love is so sweet You are my everything 첫날밤의 단 꿈에 젖어 하는 말이 아냐 난 변하지 않아 오직 너만 바라볼 꺼야 You're light of my life You're the one in my life 내 모든 걸 다 잃는데도 후회하지 않아 오직 너를 위한 변하지 않는 사랑으로 You're light of my life You're the one in my life 내 모든걸 다 잃는데도 후회하지 않아 오직 너를 위한 변하지 않는 사랑으로 All I ever want is your love
2002.02.03~02.09,7,621079,If I Leave (나 가거든),조수미,명성황후 (The Lost Empire) OST,2001.12.03,"Drama,Ballad",,쓸쓸한 달빛 아래  내 그림자 하나 생기거든  그땐 말해볼까요 이 마음  들어나 주라고   문득 새벽을 알리는  그 바람 하나가 지나거든  그저 한숨 쉬듯 물어볼까요 나는 왜 살고 있는지   나 슬퍼도 살아야 하네  나 슬퍼서 살아야 하네   이 삶이 다 하고 나야 알텐데  내가 이 세상을 다녀간 그 이율  나 가고 기억하는 이  나 슬픔까지도 사랑했다 말해주길   흩어진 노을처럼  내 아픈 기억도 바래지면  그땐 웃어질까요 이 마음  그리운 옛일로   저기 홀로선 별 하나  나의 외로움을 아는건지  차마 날 두고는 떠나지 못해  밤새 그 자리에만   나 슬퍼도 살아야 하네  나 슬퍼서 살아야 하네   이 삶이 다 하고 나야 알텐데  내가 이 세상을 다녀간 그 이유  나 가고 기억하는 이  내 슬픔까지도 사랑하길 우  부디 먼 훗날  나 가고 슬퍼하는 이  나 슬픔속에도 행복했다 믿게
2002.02.03~02.09,8,667071,내생에 봄날은...,캔,Can with Piano,2001.12.03,Ballad,"MichiyaHaruhata,NobuteruMaeda",비린내 나는 부둣가를  내 세상 처럼 누벼가며  두 주먹으로 또 하루를  겁 없이 살아 간다  희망도 없고 꿈도 없이  사랑에 속고 돈에 울고  기막힌 세상 돌아 보며  이 서러움에 눈물이나  비겁하다 욕하지마 더러운  뒷골목을 헤매고 다녀도  내 상처를 끌어안은 그대가  곁에 있어 행복했다  촛불처럼 짧은사랑 내 한몸  아낌없이 바치려 했겄만  저 하늘이 외면하는 그 순간  내 생에 봄날은 간다  이 세상 어딜 둘러 봐도  언제나 나는 혼자였고  시린고독과 악수하며  외길을 걸어 왔다  멋진남자로 살고 싶어  안간힘으로 버텼는데  막다른 길에 가로 막혀  비참하게 부서졌다  비겁하다 욕하지마 더러운  뒷골목을 헤매고 다녀도  내 상처를 끌어안은 그대가  곁에 있어 행복했다  촛불처럼 짧은사랑 내 한몸  아낌없이 바치려 했겄만  저 하늘이 외면하는 그 순간  내 생에 봄날은 간다  비겁하다 욕하지마 더러운  뒷골목을 헤매고 다녀도  내 상처를 끌어안은 그대가  곁에 있어 행복했다  촛불처럼 짧은사랑 내 한몸  아낌없이 바치려 했겄만  저 하늘이 외면하는 그 순간  내 생에 봄날은 간다  무엇하나 내 뜻대로 잡지도  가질수도 없었던 이 세상  내 한목숨 사랑으로 남긴채  이제는 떠나고 싶다  바람처럼 또 그렇게
2002.02.03~02.09,9,105850,후(後),홍경민,Forever And A Day,2001.12.19,Ballad,오지훈,너와 헤어지던 날 아마 넌 울었을거야  난 모질게 반질 빼버렸지  그땐 니가 싫었어 니가 너무 부담되서  난 그땐 그 방법 밖엔 없었어   한동안 난 편했어 그렇게  너와 헤어져 있던 그 시간이  하지만 내 서툰 이별에  난 너무 아팠어 워-   이젠 돌아올 수 없니 되돌릴 순 없겠니  혹시 너도 나와 같지 않니  머릴 짧게 잘라도 술을 많이 마셔도  내 마음은 너무 아파 어떡해 워-   나는 이해 못했지 니가 다른 남자에게  왜 그렇게 친절했었는지  그땐 니가 미웠어 모두에게 그러는게  난 그래서 널 탓했는지 몰라 난 워-  넌 정말 나와 헤어진 이유를 모른채  이별을 받아들였니  아니면 내 질투를 알면서  넌 포기한거야 워   이젠 돌아 수 없니 되돌릴 순 없겠니  혹시 너도 나와 같지 않니  머릴 짧게 잘라도 술을 많이 마셔도  내 마음은 너무 아파 어떡해 워-   너와 헤어지던 날 아마 넌 울었을거야  난 모질게 반질 빼버렸지  그땐 니가 싫었어 니가 너무 부담되서  난 그땐 그 방법밖엔 없었어 난 -
2002.02.03~02.09,10,104798,니가 있어야 할 곳,god,Chapter 4,2001.11.15,Dance,박진영,Like this yall to the   break of down  do you feel me every   body come on  Like this yall to the   break of down  do you feel me every   body come on  Like this yall to the   break of down  do you feel me every   body come on  Like this yall to the   break of down  그냥 feel me every   body come on  니가 나에게 안녕이라고   말하던 날   다른 남자가 생겼다고   말하던 날   널 말리는 날 붙잡던 날   뿌리치고 돌아서는 너를   보며 어느 날   니가 다시 돌아올지도 모른다는   생각이 들었지만   난 그래도 그러면 안되지   나를 이렇게까지 아프게 하며   애써 떠나는 널 보니   정말 사랑하나 했어   나는 그때 니가 돌아서던 그때   정말 너의 행복을 빌었어   근데 이제 와 이렇게 이런   모습으로 내게   나타나면 어떡해 내 맘 아프게   날 떠났으면 버렸으면   그 사람과 행복해야 하잖아   왜 이렇게 바보같이 울고있어   내가 가지말랬잖아   어서 내게 돌아와 어서 여기  내 곁으로 돌아와  니가 있어야 할 곳은 여기야  다시 내게 돌아와 지금  그 남자는 너를 잘 몰라  너를 이해하는 사람은 나 뿐야  Like this yall to the  break of down do you feel me every  body come on Like this yall to the  break of down do you feel me every  body come on Like this yall to the  break of down do you feel me every  body come on Like this yall to the  break of down 그냥 feel me every  body come on yeah let me show  you how's feel  any goes a little some  like this go out  이렇게 될 줄 알았으면  보내지 않았지  아니 알았어도 할 수 없이  보냈겠지  니가 원하는 거라면 난  다 해 줬으니까 너만 행복하다면  그걸로 됐으니까 보낸거야 그래서  보낸거야 바보야  그런데 이게 뭐야 이게 다야  내가 보고싶어 했던 네  모습은 이런게 아니야  이럴 줄 알았으면 너를  안 보냈단 말야  날 떠났으면 버렸으면  그 사람과 행복해야 하잖아  왜 이렇게 바보같이 울고있어  내가 가지 말랬잖아  어서 내게 돌아와 어서 여기  내 곁으로 돌아와  니가 있어야 할 곳은 여기야  다시 내게 돌아와 지금  그 남자는 너를 잘 몰라  너를 이해하는 사람은 나 뿐야  어서 내게 돌아와 어서 여기  내 곁으로 돌아와  니가 있어야 할 곳은 여기야  다시 내게 돌아와 지금  그 남자는 너를 잘 몰라  너를 이해하는 사람은 나 뿐야  어서 내게 돌아와 어서 여기  내 곁으로 돌아와  니가 있어야 할 곳은 여기야  다시 내게 돌아와 지금  그 남자는 너를 잘 몰라  너를 이해하는 사람은 나 뿐야   Like this yall to the  break of down do you feel me every  body come on Like this yall to the  break of down 그냥 feel me every  body come on
2002.02.03~02.09,11,111209,다시 사랑한다 말할까,김동률,귀향 (歸鄕),2001.10.26,Ballad,김동률,마치 어제 만난 것처럼  잘있었냔 인사가 무색할 만큼  괜한 우려였는지  서먹한 내가 되려 어색했을까  어제 나의 전활 받고서  밤새 한숨도 못 자 엉망이라며  수줍게 웃는 얼굴  어쩌면 이렇게도 그대로일까  그땐 우리 너무 어렸었다며  지난 얘기들로 웃음짓다가  아직 혼자라는 너의 그 말에  불쑥 나도 몰래 가슴이 시려  다시 사랑한다 말할까  조금 멀리 돌아왔지만 기다려왔다고  널 기다리는게 나에게 제일 쉬운 일이라  시간이 가는 줄 몰랐다고  다시 사랑한다 말할까  여전히 난 부족하지만 받아주겠냐고  널 사랑하는게 내삶에 전부라  어쩔 수 없다고 말야  그땐 사랑인줄 몰랐었다며  가끔 내 소식을 들을때마다  항상 미안했단 너의 그 말에  불쑥 나도 몰래 눈물이 흘러  다시 사랑한다 말할까  언젠가는 내게 돌아올 운명이었다고  널 잊는다는 게  나에게 제일 힘든 일이라  생각 조차 할 수 없었다고  다시 사랑한다 말할까  좋은 친구처럼 편하게 받아주겠냐고  다시 태어나도 널 사랑하는게  내 삶에 이유란 말야  다시 사랑한다 말할까  조금 멀리 돌아왔지만 기다려왔다고  널 기다리는게  나에겐 제일 쉬운 일이라  시간이 가는 줄 몰랐다고  다시 사랑한다 말할까  여전히 난 부족하지만  받아주겠냐고  널 사랑하는게 내삶에 전부라
2002.02.03~02.09,12,992575,"Bravo, My Life!",봄여름가을겨울,Bravo My Life,2002,Rock,김종진,해저믄 어느오후 집으로 향한 걸음뒤엔 서툴게 살아왔던 후회로 가득한 지난날 그리좋진 않지만 그리 나쁜건만도 아녔어 석양도 없는 저녁 내일 하루도 흐리겠지 힘든일도 있지 드넓은 세상 살다보면 하지만 앞으로 나가 내가 가는곳이 길이다 Bravo Bravo My Life 나의 인생아 지금껏 달려온 너의 용기를 위해 Bravo Bravo My Life 나의 인생아 찬란한 우리의 미래를 위해  내일은 더 낫겠지 그런작은 희망하나로 사랑할수 있다면 힘든 1년도 버틸꺼야 일어나 앞으로 나가 니가 가는곳이 길이다 Bravo Bravo My Life 나의 인생아 지금껏 살아온 너의 용기를 위해 Bravo Bravo My Life 나의 인생아 찬란한 우리의 미래를 위해 고개들어 하늘을 봐 창문을 가르는 새들 너의 어깨에 잠자고 있는 아름다운 날개를 펼쳐라 Bravo Bravo My Life 나의 인생아 지금껏 달려온 너의 용기를 위해 Bravo Bravo My Life 나의 인생아 찬란한 우리의 미래를 위해 Bravo Bravo My Life 나의 인생아 지금껏 달려온 너의 용기를 위해 Bravo Bravo My Life 나의 인생아 찬란한 우리의 미래를 위해 나의 인생아 지금껏 달려온 너의 용기를 위해 Bravo Bravo My Life 나의 인생아 찬란한 우리의 미래를 위해
2002.02.03~02.09,13,90693,4월 이야기 (April Story),장나라,First Story,2001.06.19,Ballad,박경진,난 오늘 같은 하루를  만나지 못 할거라고 생각했지만  나 이제는 달라졌어요 내 관심없던 전화벨  소리도 귀찮지 않아   그대일꺼란 그 생각에 미소지어요 불안해하지도 않을래요  부끄러워하지도 않을래요 내가 가진 작은 숨소리로만  그대에게 속삭이면서 살래요 떨리는 맘을 전하고 싶은  그대 왼쪽귓가에 담고 싶은 내 여린 목소리를 위한 핑곌 찾아  꿈 속 깊은 밤을 서성이죠 그 모습 그대로 간직하고 있어 나 또한  그 뒤로 난 널 잊지 못한 시간동안  언제나 너를 나만의 곁에 머물게  하고만 싶었어  어느새 나를 사로잡게 된 행복함  마치 유리알처럼 너무도 투명한  무엇에도 비할 수 없어  그저 신비할 뿐인 눈동자  어디서도 찾지 못했던 내 모습이 좋아  이런 바보 같은 웃음조차  난 그대라는 나만의 소중한 관객을 두고  근사한 노랠 불러 행복을 주고 싶어 촛불처럼 따뜻한 눈길로  비 같은 나즈막한 목소리로 아직 한번도 눈 떠보지 못한 내 사랑을 아름답도록 해줘요 나 오늘 그대를 만난다면  그대 먼저 내 곁으로 온다면 입술 끝까지 올라와 있는 그 말을  오늘 해버리고 말거예요
2002.02.03~02.09,14,103839,어머니,원타임,Third Time Fo Yo‘ Mind!!,2001.12.13,Rap / Hip-hop,테디,"새빨간 빨간 저 태양 아래 그 어딘가에 나만의 꿈에 끝이 있다 믿고 있지 아니, 확실히 알고 있지 가만히 있어도 시간은 가고 그렇게 여태까지 난 살아왔고 까불대다 야단맞고 불같은 사랑 한번 못해봤고 그래서 난 지금 기쁨 슬픔 모두를 내 가슴에 안고 젊은 내 인생 몽땅 걸어 집을 걸어 나서려해 c'mon!! 어머니 저 잠깐 나갔다 올테니  절 기다리지는 말아요, 먼저 주무세요 어머니 만약 혹시라도 늦더라도 찾아다니지 말아요, 용서해주세요! 모두 날 막았지 살날이 얼마나 남았니? 저 찬란히 빛나는 내 미래를 위해 뛰쳐 나가리 정말 지겨워 저 날파리 아가씨도 만나고 멋진 차 타고 그러기 위해선 집을 떠나야 하고 어린 내가 뭘아냐고? 안다고 말했지 지금 나간다고 세상이 만만해 혼자서도 잘만해 누구보다 난 잘났네 지금은 가난해 하지만 훗날 내 모습을 상상해 나 요즘 살만해 어머니 저 잠깐 나갔다 올테니 절 기다리지는 말아요, 먼저 주무세요 어머니 만약 혹시라도 늦더라도 찾아다니지 말아요, 용서해주세요!  하루가 길어졌고 갈수록 추워졌고 사람들이 무서웠고 홀로 난 외로웠고 세상이 이런곳일 줄이야 무서울 뿐이야 어머니의 맘이 따뜻한 밥이 이젠 그저 그리울 뿐이야 하지만 우리 아버지 무서운 분이야 눈아파에 아른거려 HOME SWEET HOME 벌써 들려 아버지 목소리 ""네 이놈!"" (갈까 말까?) 무거운 발걸음은 애타 날샜다 애라 모르겠다!! 어머니 저 지금 집으로 갈테니 무조건 혼내지 마세요 이해해주세요 어머니 만약 혹시라도 화나셨더라도 용서해 주세요 이제는 알아요 아버지 저 지금 집으로 갈테니 무조건 혼내지 마세요. 이해해주세요 아버지 만약 혹시라도 화나셨더라도 용서해 주세요 이제는 알아요"
2002.02.03~02.09,15,423507,가슴앓이,지영선,사랑,2002.12.18,Ballad,강영철,밤 별들이 내려와 창문 틈에 머물고 너의 맘이 다가와 How do I love you How can I need you baby 예전부터 내 곁에 있는 듯한 네 모습에 내가 가진 전부 그 모든 것을 네게 주고 싶었는데 골목길을 돌아서 뛰어가는 네 그림자 동그랗게 내버려진 You're the only one in my heart 아 I can do nothing but I cry 아 어쩌란 말이냐 이 아픈 가슴을 아 I can do nothing but I cry 아 어쩌란 말이냐 이 아픈 가슴을 그 큰 두 눈에 하나 가득 눈물이 고이면 세상 모든 슬픔이 How do I love you How can I need you baby 네가 웃는 그 모습에 세상 기쁨 담길 때 내가 가진 전부 그 모든 것을 네게 주고 싶었는데 골목길을 돌아서 뛰어가는 네 그림자 동그랗게 내버려진 You're the only one in my heart 아 I can do nothing but I cry 아 어쩌란 말이냐 이 아픈 가슴을 아 I can do nothing but I cry 아 어쩌란 말이냐 이 아픈 가슴을
2002.02.03~02.09,16,104372,남자니까,김종국,Renaissance,2001.12.12,Dance,김영아,말해 내게 니 걱정 다 알아
2002.02.03~02.09,17,1456783,A Better Day,JTL,Enter The Dragon,2001.12.01,Rap / Hip-hop,이재원,A Better day 왜 날 떠나갔어 Another way 아무런 말없이 아름다웠던 우리들의 추억 이제 두번 다시 돌아오지 않아 이별이 이렇게 쉽게 다가 올 거라 예감할 수 없던 나 기쁨 슬픔을 함께 나누던 우리 그렇게 헤어져야만 했던 우리 돌이킬 수 없는 지난 시간 너와 함께 했던 동안 순수했던 아름다웠던 나날들 모두가 우리를 부러워 했던 나날들 아무것도 부러울 것이 없었던 시간들 그렇게 어두운 과거 속에 내가 너를 만난 건 행운이었어 A Better day 왜 날 떠나갔어 Another way 아무런 말없이 아름다웠던 우리들의 추억 이제 두번 다시 돌아오지 않아 Yo 의미 없는 하루하루 지치고 외로운 내 영혼에 한줄기 빛이 되어 찾아온 너 세상 무엇과도 바꿀 수 도 이루 말 할 수 조차도 없던 너의 작고 해맑았던 너의 그 눈빛 단 한번의 입맞춤으로 세상이 모두 내 것이 되고 난 행복했고 이젠 네가 없는 너의 빈자리 바라보는 이 마음속 깊은 곳의 허전함 아무것도 해줄 수 없던 A Better day 왜 날 떠나갔어 Another way 아무런 말없이 아름다웠던 우리들의 추억 이제 두번 다시 돌아오지 않아 우리 서로 사랑했던 지난 겨울로 돌아가고 싶지만 이제는 너무도 많은 시간이 지난 것을 깨달아 너무나도 빨리 흘러가는 시간 이제 내게 다가 올 또 다른 이별의 세계 뜨겁게 타고 내리는 두 뺨 위의 눈물들 희미해져 가는 추억 속의 사진들 다시 못 올 추억이라 해도 소중히 간직해줘 내게 준 우리의 아름다운 또 다른 세상 속을 향해 향해 오오오 날 다시 또 시작 하게 하게 오오오 더 이상 너를 찾진 않아 않아 오오오 미련 없이 너를 잊어 잊어 오오오 또 다른 세상 속을 향해 향해 오오오 날 다시 또 시작하게 하게 오오오 더 이상 너를 찾진 않아 않아 오오오 미련 없이 너를 잊어 잊어 오오오 A Better day 왜 날 떠나갔어 Another way 아무런 말없이 아름다웠던 우리들의 추억 이제 두번 다시 돌아오지 않아 A Better day 왜 날 떠나갔어 Another way 아무런 말없이 아름다웠던 우리들의 추억 이제 두번 다시 돌아오지 않아
2002.02.03~02.09,18,104099,잘가요,정재욱,A Simple Story,2001.11.20,Ballad,채정은,미안해 마요 이제야 난 깨달아요  내 절대 그대 짝이 아님을  괜찮을께요 영혼 밖에 팔것 없는  못난 날 잘 비켜갔어요    그대 행복 내가 꼭 아니라도  지킨다면 그게 사랑일 테죠  그게 나의 몫이죠    잘가요 내 소중한 사람 행복했어요  그래도 이것만 알아줘요  지금 그 사랑보다 결코 내 사랑이  부족하다거나 얕지 않음을-   잊어도 되요 나를 만난 시간들은  잠깐의 연극이라 여김을  잘한거예요 아무리 난 노력해도  작은 희망도 없잖아요   아주 멀리 멀리 뛰어가세요  어떡해요 자꾸 잘못한 일만  떠오르는걸-    잘가요 내 소중한 사람 행복했어요 그래도 이것만 알아줘요  지금 그 사랑보다 결코 내 사랑이  부족하다거나 얕지 않음을   어긋난 인연이 남겨놓은 사랑이란  날카로운 슬픔이군요-    잘가요 내 사랑아 고마웠어요  그래도 이것만 알아줘요  지금 그 사랑보다 결코 내 사랑이  부족하다거나 얕지 않음을-    부족하다거나 얕지 않음을-
2002.02.03~02.09,19,104927,미안해,김장훈,Natural,2001.12.13,Ballad,김장훈,참 많은 눈이 내렸었지 처음 널 만났던 어느 겨울밤 머리위엔 눈꽃송이 쌓여만 가고 추운줄도 모른채 걷기만 했지 내게 어울릴것 같다며 수줍게 내민 터틀넥 스웨터 우습게도 널 보내러 가는 시간앞에 잘 보이고 싶은 마음에 옷을 꺼내네 미안해 널 보낼 자신이 없어 너무 많은 추억이 있는데 잘 살아요 멋있는 말 수없이 연습했지만 바보처럼 눈물만 흘러 미안해  바로 어제 일인것 같아 뭐가 그렇게 좋았었는지 매일 매일 밤을 새워 전화를 하고 눈을 뜨면 너의 집앞에 찾아갔던 나 미안해 널 보낼 자신이 없어 나 살아온 이유는 너인걸 너의 행복 혼자 남아 비는 내 모습 두려워 내 얼굴엔 내 이름엔  니가 있는데 널 보낼 자신이 없어 너무 많은 추억이 있는데 잘 살아요 멋있는 말 수없이 연습했지만 바보처럼 눈물만 흘러 널 보낼 수 없을것 같아  가지마
2002.02.03~02.09,20,104184,Heaven,김현성,Soul Mate,2002.01.21,Ballad,강은경,왜 이제 왔나요 더 야윈 그대  나만큼 힘들었나요  두번 살게 하네요 그대 내 삶을  난 모든걸 버리려 했죠   왜 나를 떠나요 아플거면서  사랑이 여기 있는데  다신 그러지 마요 내가 죽어요  그댄 나의 숨이니까요  나 그댈 잃는다는 건  내 삶이라는 것 살아도 지옥인거죠   그댄 나의 전부 그댄 나의 운명  헤어질 수 없어요  영원보다 먼 곳에 우리 사랑 가져가요  눈물 없는 세상 나의 사랑 하나로만  그대 살게 할게요  그대와 나 영원히 행복할 그 곳  Heaven   울어도 되나요 그대 앞에서  고마워 눈물이 나요  기다렸던 날들이 너무 아파서  그대 다시 미워지네요  사랑을 버린다는건 모든걸 잃는것  상처만 남기잖아요   그댄 나의 전부 그댄 나의 운명  헤어질 수 없어요  영원보다 먼 곳에 우리 사랑 가져가요  눈물 없는 세상 나의 사랑 하나로만  그대 살게 할게요  그대와 나 영원히 행복할 그 곳  Heaven.  그댄 나의 전부 그댄 나의 운명  헤어질 수 없어요  영원보다 먼 곳에 우리 사랑 가져가요  눈물 없는 세상 나의 사랑 하나로만  그대 살게 할게요  그대와 나 영원히 행복할 그 곳  Heaven
2002.02.03~02.09,21,105886,시간이 흐른 뒤 (As Time Goes By),윤미래,As Time Goes By,2001.09.10,R&B / Soul,심현보,마지못해 살아가겠지 너 없이도 매일 아침 이렇게 일어나 밤새 조금씩 더 무뎌져 버린 기억속에서 애써 너의 얼굴을 꺼내어 보겠지 시간이란 누구에게나 무딘 아픔을 주는지 우 힘든 하루 속에도 늘 니 생각뿐인 나 눈물마저도 말라가는데 as time goes by 난 그게 두려운 걸 니 안에서 나의 모든 게 없던 일이 될까봐 우 눈 감으면 늘 선명하던 니가 어느 순간 사라질까봐 정말 겁이나는 걸 이별이란 서로에게서 지워지는 거라지만 우 많은 사람속에도 늘 니 걱정 뿐인 나 시간마저도 붙잡고 싶은데 as time goes by 난 그게 두려운 걸 니 안에서 나의 모든 게 없던 일이 될까봐 우 눈 감으면 늘 선명하던 니가 어느 순간 사라지게 될까봐 내가 없는 세상이 너는 괜찮은 건지 너에게 잊을만한 추억일 뿐인지 참으려 애를 써도 늘 보고픈 나는 니가 아니면 안될 것 같은데 you're the one as time goes by 난 여기 있어줄게 셀 수 없는 밤이 지나도 사랑했던 그대로 우 혹시라도 너 돌아 오게 되면 단 한번에 나를 찾을 수 있게 as time goes by
2002.02.03~02.09,22,104409,Starry Night,김종서,Odyssey,2001.11.13,Rock,김종서,오랜뒤에 그냥 그런대로 나조차 잊었던 긴 이별 그 후 이런 나의 그 외로움 끝에 다가오는 그대 천천히 왠지 아직은 두려움뿐이야 나 많이 그댈 좋아하지만 이런 불안함 따뜻한 미소로 조용히 감싸 안아준 그대 Starry Night! Shinning Bright! 다시 깨어 살아 있는 듯한 이 기분 아직 난 조금 자신없지만 이미 내안에 들어온 그대 이밤 그대 그리울 뿐이야 내일 또 그대를 만나겠지만 이젠 하루가 너무 짧기만해 그대가 내게 온 그 이후로 오늘 이렇게 아름다운 이 밤 지금껏 아껴온 말 사랑해 Starry Night! Shinning Bright! 다시 깨어 살아 있는 듯한 이 기분 아직 난 조금 자신없지만 이미 내안에 들어온 그대 아픈 이별후에 내게온 사랑 두려웁지만 지금 이순간 그대와 영원히 Starry Night! Shinning Bright! 다시 깨어 살아 있는 듯한 이 기분 아직 난 조금 자신없지만 이미 내안에 들어온 그대 이미 내안에 들어온 그대
2002.02.03~02.09,23,91846,항상 엔진을 켜둘께,델리스파이스,D,2001.09.13,Rock,"김민규,김동영",휴일을 앞둔 밤에 아무도 없는 새벽  도로를 질주해서 바닷가에  아직은 어두운 하늘 천평궁은 빛났고  차 안으로 스며드는 찬공기들   기다릴께 언제라도 출발할 수 있도록  항상 엔진을 켜둘께  너와 만난 시간보다 많은 시간이 흐르고  그 바닷가에 다시 또 찾아와   만약 그때가 온다면 항상 듣던 스미스를  들으며 저 멀리로 떠나자   기다릴께 언제라도 출발할수 있도록  항상 엔진을 켜둘께 -  기다릴께 언제라도 출발할수 있도록  항상 엔진을 켜둘께  돌아오지 않더라도 난 여기에 서 있겠지  아마 엔진을 켜둔 채   기다릴께 언제라도 출발할수 있도록  항상 엔진을 켜둘께  돌아오지 않더라도 난 여기에 서 있겠지  아마 엔진을 켜둔 채 -
2002.02.03~02.09,24,94296,반,이정현,Magic To Go To My Star,2001.10.23,Dance,"PJ,김진아",흔들리는 네 눈빛에 끌렸어  애써 나를피하지는마  버려졌던 기억 따윈 덮어둬  이미 나도 겪어봤으니  다시 한번 내게 말해봐  너도 나를 사랑했다고  나 역시 너 처럼 사랑이 두려워도  외로운건 싫으니까  반만 나를 믿어봐  반만 나를 닮아봐  정말 사랑하다가  끝나도 후회 없도록  암만 사랑해봤자  뒤돌아서면 남이야  어차피 이 세상에서  완전한 사랑은 없어    더 이상은 네게 강요하지마  너 하나만 사랑할꺼야  쓸데없는 욕심 따윈 버렸어  이젠 나를 시험하지마  사랑하진 않았었다고  헤어진다 말했었지만  그렇게 몰랐니 나에게 솔직해봐  이젠 나를 책임져봐  반만 나를 믿어봐  반만 나를 닮아봐  정말 사랑하다가  끝나도 후회없도록  암만 사랑해봤자  뒤돌아서면 남이야  어차피 이 세상에서 완전한 사랑은 없어  나나나 나하나 땜에괜한자책 하지마  괜히 미안해지고 괜한 자책감만 느껴  너와나 함께할 때에 그냥 좋았던것 뿐야  이젠 끝날수 없어 날 받아줘
2002.02.03~02.09,25,105694,내 입술... 따뜻한 커피처럼,샵,Flat [♭] (Flat Album),2001.11.05,Ballad,원태연,If you've ever biin in love before  I know you feel this beat  If you know it Don't be shy  and sing along  울지마 이미 지난 일이야  삶의 반직선 위에 점일뿐이야  살아가면서 누구나 겪는일이야  어른이 되는 단지 과정일뿐야  yo 단지 과정일뿐야  제발 이러진 말아요  끝이라는 얘기  나는 항상 시작인걸요  그대 사랑하는 마음  점점 커져가고 있는 날  잘 알잖아요  네가 밟고 걷는 땅이  되고 싶던 난  잠시라도 네 입술 따뜻하게  데워 준  커피가 되어주고 싶었던 난  아직도 널 울리고 있을거야  아마도 난  사랑해 사랑하는 마음말고 왜  이렇게도 너무 필요한 게  많은건지 왜  지금 널 만나지 않아도 널  울리고 있을  내가 나는 왜 이리도 싫은건지  나를 많이 알잖아요 그대  사랑하며  나를 모두 버렸다는 걸  혼자 울며 걷는 나를  모르나요 그러니 제발  이러지 마요  hey girl can you please  tell me why  no why no you don't have  to lie  and it hurts me in side  but I want you to know  I'll be waiting  그래 어느 하늘아래 안에  작은 내 사랑  이젠 나의 사랑한단 말도  의미도 잠시 넌  우리의 힘들었던 지나간  나의 넌 기리 위리  우리의 기리 위리 돌릴  수 없는 우리  I know 이제는 돌리지  못할 거란 걸  you know 아니 너를  사랑한단 걸  오래 전 노래처럼 오래오래  널 간직할래  그래 너만을 위한 나의  사랑은 이래  remember I miss you  난 하지만 행복해 이젠 넌 잘  할 수 있을께  네가 연습이 힘들었던 만큼  다음엔 꼭 나 같은  남자 피해갈테니  자상하고 부드럽고 따뜻한  남자였음 좋겠어  너의 부모님 마음 충분히  만족시켜 드리고  편하게 해드릴 수 있는 단  한 방울의 눈물없이  단 한 번의 아픔없이 상처없이  너무 편안한 사랑을  했음 좋겠어  꿈에서라도 싫어요  떠나지 말아요  나는 죽을지도 몰라요  이대로 행복한걸요 모르겠나요  아무것도 바라지 않아  지나간 사랑으로 날  그대의 추억 속에서 살게  할건가요  사랑은 계속 커져갈텐데  이대로 나를 정말 보낼건가요  울지마 이미 지난 일이야  버틸 수 없을만큼 힘들겠지만  삶의 반직선 위의 점일뿐이야  어느 때보다도 긴 시간이겠지만  살아가면서 누구나 겪는일이야  쉽게 받아들일 수는 없겠지만  어른이 되는 단지 과정일뿐야  yo 단지 과정일 뿐야
2002.02.03~02.09,26,105644,늦은 후회,보보,Bobo,2001.12.06,Ballad,"보보,양재선",얼마나 한참을 서있었는지  멀리 너의 모습 보면서  그 모습 사라질때까지  나의 발걸음은 움직일 수 조차 없었지   내가 어떤 사랑 받았었는지  내가 어떤 아픔 줬는지  이제야 널 보낸후에야  돌아선 후에야 다시 후회하고 있잖아   떠나간 다른 사람 때문에  비틀거리던 나를 힘들게 지켜주던 널  바라보지 않았지   그렇게 사랑이 온지몰랐어  기대어 울기만 했잖아  그런 내 눈물이 너의 가슴으로 흘러  아파하는 널 나는 밀어냈었지   사랑은 떠난 후에야 아는지  곁에 두고서 헤맨건지  이제야 알겠어 너에게 기대어 울던  그 순간들이 가장 행복했었던 나를   내가 어떤 사랑 받았었는지  내가 어떤 아픔 줬는지  이제야 널 보낸후에야  돌아선 후에야 다시 후회하고 있잖아   떠나간 다른 사람 때문에  비틀거리던 나를  힘들게 지켜주던 널  바라보지 않았지   그렇게 사랑이 온지몰랐어  기대어 울기만 했잖아  그런 내 눈물이 너의 가슴으로 흘러  아파하는 널 나는 밀어냈었지   사랑은 떠난 후에야 아는지  곁에 두고서 헤맨건지  이제야 알겠어 너에게 기대어 울던  그 순간들이 가장 행복했었던 나를 -
2002.02.03~02.09,27,106192,24시간의 신화,스카이,영원(永遠) II,2001.11.15,Rock,강은경,오늘쯤 올거라 믿으며 매일 밤 기다렸어 다음을 기약도 못한 채 널 보낸 그 날부터 늦어도 올까봐 행여 꿈에라도 올까봐 입은 옷 그대로 매일 잠이 드는 날 아니 널 사랑하면 안 되니 아무것도 바라지 않았잖아 그저 보고싶은 날에 너를 보게 허락해줘 자꾸만 멀리 가지마 일생동안 나 혼자 사랑할게 너 때문에 외로워도 사랑해서 행복해  내 삶에 또 한번 살고픈 순간이 있었다면 흩날린 너의 그 옷자락 손끝에 닿던 그 때 하늘도 모르게 스쳤던 짧은 그 동안이 너와 나 추억의 전부일지라도 감사해 널 사랑하면 안 되니 아무것도 바라지 않았잖아 그저 보고싶은 날에 너를 보게 허락해줘 자꾸만 멀리 가지마 일생동안 나 혼자 사랑할게 너 때문에 외로워도 사랑해서 행복해  사랑한다는 한마디 그 어디에 남기면 네가 아니 들어야 할 넌 없는데 혼잣말은 슬프잖아 너 없는 하루하루가 일생보다 더 길게 느껴져도 기다릴 그 누군가가 내게 있어 행복해
2002.02.03~02.09,28,449004,To Be Continued,클릭비(Click-B),Click-B,2001.11.20,Ballad,김수정,break it down what feelin so along Check the flow and it's on yo dialin up The phone right on this microphone What won't you come back home to me Yo we can be one love Come on uh baby you and me 그녀의 이미진 늘 붉은색이죠 그녀는 슬픔 모를것 같아요 꽃보다 더 고운 그녀의 미소는 세상 사람 물들여 놓아요 모두가 그녈 한번 더 봐요 그댄 빛처럼 환히 빛나죠 그녀 남자친구 나란게 난 행운이에요 하늘 아래에 그녀 오직 한명뿐이죠 그런 그녀가 없어요 날 두고 갔어요 정말 바람처럼 꿈처럼 사라졌어요 그녀의 눈빛은 늘 맑고 깨끗해 Always for me 눈물을 감췄죠 그녀와 있으면 난 웃을일 밖에 아무것도 더 바램없어요 언젠가 지난 소문을 들었죠 삶의 무게에 지친 그녀를 내가 정말 바보였어요 왜 몰랐었는지 어쩜 기대어 울 사람이 필요했는데 그땐 알 수가 없었죠 날 위로해주던 그녀 햇살같은 미소가 눈물이란걸 I wanna take you into my arms  널 기다리는 동안에 그리움에서 헤매 내안에 있는 사랑 남긴채 너로 인해 이별을 만들어 기다림속에 눈물을 만들게 한 널 가슴에 묻어줄께 이제 슬픔을 숨긴채 울지마 내게 기대 나 그때 네게 느낀 사랑은 따뜻해 맘속에 널 가둘게 아픔 잊게 해줄께 옛날에 그리던 그 미소처럼 웃을게 모두가 그녈 한번 더 봐요 그댄 빛처럼 환히 빛나죠 그녀 남자친구 나란게 난 행운이에요 하늘 아래에 그녀 오직 한명뿐이죠 그런 그녀가 없어요 날 두고 갔어요 정말 바람처럼 꿈처럼 사라졌어요 내가 정말 바보였어요 왜 몰랐었는지 어쩜 기대어 울 사람이 필요했는데 그땐 알 수가 없었죠 날 위로해주던 그녀 햇살같은 미소가 눈물이란걸 Feelin so along check the flow And it's on yo dialin up the phone Right on this microphone What won't you come back home to me yo We can be one love come on Uh baby you and me
2002.02.03~02.09,29,26375,사랑하고 싶어,왁스,Wax02 : 화장을 고치고,2001.08.09,Ballad,함경문,My Love  My Face 넌 내곁에서 멀어져 갔지만  나는 너를 그렇게 쉽게 보낼수가 없어   내게 왜 이러는거야 정말 이래야 하는거니  그저 몇마디 말로 다 끝나버릴 사랑은 아니잖아  다시 내게로 돌아와줘 너만 사랑할 수 있도록  지금 이대로 날 내버려 둔다면 내 맘 변할지도 몰라    My Heart My Dream 넌 벌써 나를 잊은지 몰라도  아직 나는 널 내 곁에서 보낼수가 없어 왜 날 떠나야만 했어 왜 네 마음이 변한거야  매일 밤 나를 아프게 울려도 싫어지진 않는데   다시 내게로 돌아와줘 제발 너무 늦지 않도록  내게로 돌아왔을 때 그 자리에 그땐 없을지도 몰라  다시 내게로 돌아와줘 너만 바라볼 수 있도록  오랜 기다림에 지쳐 내 사랑이 메마르지 않도록   다시 한 번 너의 가슴에 안겨보고 싶어  사랑하고 싶어
2002.02.03~02.09,30,104419,휘파람,CBMass,Matics,2001.10.09,Rap / Hip-hop,"Curbin,최자,개코",M to the U SIC makes me high M to the U SIC makes me fly  music 음악은 내삶 맘속에 휘파람  거친 바람이 부는 현실에도  음악이 주는 따뜻함은  차가웠던 내마음에   소중한 땔감 I'm flow yo 소리바다로 비트의 강약 위로 덤블링을 타고 힘차게 흔들리는 저 equalizer  물결 위에서 나 파도 타고(Yo!yo!yo!yo!)  다같이 maki''n it move!  리듬에 맞춰서 두비둡두 음악만 있다면 돈 없이도  살 수 있고 얻은것이 뭐냐고 왜  여유를 얻은 것이 첫 번째  사랑과 평화를 얻은 것이 두번째 또 세 번째는 삶의 지혜  like 다윗 king's wisdom을 얻은 것 또 check(one two)  Whenever you call me I'll be there Whenever you want me I'll be there Whenever you need me I'll be there I''ll be around  every day every night  늘상 즐겨 들어왔던 favorite beat속에 감춰진 내 삶에 값진 선물 MUSIC mekes me high  어디든 어느 곳에있던   음악과 같이하는 삶이란  음악이 내게 주는 기쁨이란 말해 뭐해 이게바로 fantastic   너의 환상은 농담처럼 진담이 되고 우리의 삶은 음악에서 배우고  나 또한 그렇게 살아가고 손에서 손으로 잡은 나의 마이크   지식과 지혜를 돕는 나의soul mate  인생을 환히 비춰줄 music 나의 light 황폐한 세상에 단 하나의 빛으로  내 삶을 채우고  Whenever you call me I'll be there Whenever you want me I'll be there Whenever you need me I'll be there I''ll be around  Don''t stop keep yo!  이노래를 듣고 춤추는 사람들  keep on move it 내 준비를 beat to the beat yo! music   오직 내 맘속에 빛 날 비춰 주는 따스한 햇살같이  지친 내 영혼의 안식처  music makes me high  내 주위 대기를 메운 선율 속에 나 fly 내 귓속 고막의 깊은 진동으로부터 뭉클한 감동으로 온몸으로 퍼져  소리속 nirvana 툭툭 털어 버려  걱정이 너무 많아  beat 속에 너를 맡겨 또 안겨 자궁속 기억으로부터  포근한 화음으로부터 그로부터 노랫가락 타고   여유를 찾고 깊게 Straight to 영혼에  스며드네 맘속에나 그대 귓속에 흔드네 그대와나 함께 club에서 음악 속에 같은 시간 속에 과거와 현재  교차로 그곳에  M to the U SIC makes me high M to the U SIC makes me fly M to the U SIC It''s my life M to the U SIC makes me high  Whenever you call me I'll be there Whenever you want me I'll be there Whenever you need me I'll be there I''ll be around  Whenever you call me I'll be there Whenever you want me I'll be there Whenever you need me I'll be there I''ll be around  Whenever you call me I'll be there Whenever you want me I'll be there Whenever you need me I'll be there I''ll be around -
2002.02.03~02.09,31,91823,다가라,엄정화,화(花),2001.10.31,Dance,주영훈,이제 맘 편해졌어 누구도 사랑하지 않기로 한 거야 항상 상처뿐인데~ 구속따윈 필요없어 이제부터 늦더라도 아무 부담 없어 애써 전화보고 할 일도 없잖아 누굴 만나든지 어디를 가든지 이젠 내 맘대로 야 다가라 Hey Boys 다신 내 삶을 사랑이란 말로 가둬 두진마 다가라 Hey Guys 다신 내 눈에 그런 눈물 따윈 없을 테니까 모두 다 똑같은 말 나 밖에 없단 말로 위로하려 하지 혹시 말 맞춘 건지 첫사랑은 다 떠났대 술 취한 밤 전활 해서 왜 그리 우는지 첨엔 나에게만 그런 줄 알았어 그런 모습조차 보고 싶지 않아 이젠 내 세상이야 다가라 Hey Boys 다신 내 삶을 사랑이란 말로 가둬 두지마 다가라 Hey Guys 다신 내 눈에 그런 눈물 따윈 없을 테니까  더 이상은 속지 않아 어떤 달콤함도 항상 소유하고 싶을때 뿐이야 이젠 자유롭게 날아보고 싶어 갇힌 내 맘을 열어 다가라 Hey Boys 다신 내 삶을 사랑이란 말로 가둬 두지마 다가라 Hey Guys 다신 내 눈에 그런 눈물 따윈 없을 테니까 다가라 Hey Boys 다신 내 삶을 사랑이란 말로 가둬 두지마 다가라 Hey Guys 다신 내 눈에 그런 눈물 따윈 없을 테니까
2002.02.03~02.09,32,32779,하얀 그리움,김민종,You`re My Life,2001.09.25,Dance,김태훈,하얀 눈이 내려와  온 세상이 하얗게   기억해요 우리 처음 만났었던  그날에도 오늘처럼 눈이 내렸죠  어떤말을 해야 좋을지  조금은 수줍던 그런 느낌  하얀 눈을 맞으며 시작된 사랑을 우  행복했죠 말없이 걷기만 해도  차갑게만 느껴졌던 겨울바람도  그대가 내곁에 있어 그땐 추운줄도 모르고  행복했죠 포근했죠  꿈만같던 지난 겨울에 난  하얀눈이 내려와  내 맘을 아프게해 나를 힘들게 해  사라져버린 꿈처럼 그댄 눈물로 흩어져  온세상이 하얗게  모두가 행복한데 너무 행복한데  그대가 없는 난 하얀 그리움에 이길을 걷고 있죠   눈 내리는 이 길을 그댄 걷고 있을까 워  우리 처음 만났었던 그날처럼  혹시 우연히라도 그대 볼수 있지 않을까  눈 내리는 이 거리를 그댈 찾아 헤매이고 있죠  하얀눈이 내려와  내 맘을 아프게해 나를 힘들게해  사라져버린 꿈처럼 그댄 눈물로 흩어져  온 세상이 하얗게  모두가 행복한데 너무 행복한데  그대가 없는 난 하얀그리움에 이 길을 걷고있죠
2002.02.03~02.09,33,91380,원하고 원망하죠,애즈원,천만에요 2집,2001.08.18,Ballad,윤사라,아직 누굴 사랑할 수 없는 그대 지친 가슴을 난 너무나 잘 알죠 변함없이 그대 곁을 지켜왔지만 그댄 지나버린 사랑 그 안에만 사는 걸 원하고 원망하죠 그대만을 내게 다가온 시간을 힘겹게 만드는 사람 지난 날들을 그대의 아픈 얘기를  모르고 싶은걸 소리내어 환히 웃을때도 그대 가슴은 울고 있는 걸 느끼죠 그런 그를 끌어안아 주고 싶지만 이런 내 맘 들키지 않기로 한걸요 원하고 원망하죠 그대만을 내게 다가올 시간을 힘겹게 만드는 사람 그대 지난 날들을 그대의 아픈 얘기를  모르고 싶은걸 지금 그대는 빈 자릴 채워줄  누구라도 필요한거겠죠 잠시 그대 쉴 곳이 되어주기에 나는 너무나 욕심이 많은걸 원하고 원망하죠 그대만을 내게 다가와 내일을 후회로 만드는 사람 이런 내 맘을 혼자서 얘기할께요 그대 너무 사랑해요
2002.02.03~02.09,34,104207,Sad,조장혁,Sad...,2001.11.01,Rock,조은희,이젠 끝인가요..  나를 지워버릴 수 있나요..  그대의 맘에 닿는 길 잃은 뒤..  한걸음 조차도 내디딜 수가 없는데..  행복했던 그때..  너무 가진게 많았던 그때..  우리 나눈게 사랑이 맞는지..  그대가 내곁에 정말있기나 했나요..  모두 다 거짓말 같아.. 난 믿지 않아요..  이 세상은 아직도 그대로인데..  그대 내 끝이라는걸 왜 모르시나요..  혹시라도 후회하고 있다면..  제발 늦진마요..  눈물이 기억까지 버릴수 없도록..    야위어 갈테죠..  점점 눈이 멀어져 가겠죠..  그대가 아닌 또 다른 사랑을 안아 줄수 없게..  더이상 볼수도 없게..  모두 다 거짓말 같아.. 난 믿지 않아요..  이 세상은 아직도 그대로인데..  그대 내 끝이라는것 왜 모르시나요..  혹시라도 후회하고 있다면..  제발 늦진마요..  눈물이 기억까지 버릴수 없도록..  나의 끝은 그대죠..
2002.02.03~02.09,35,37271,눈물,화요비,Nineteen Plus One,2001.09.17,R&B / Soul,화요비,이럴 수는 없다고  못본걸로 하자고  그렇게 날 위로하며 울었어  혹시 내가 꿈을 꾼건 아닌지  내가 아는 그댄 아닌데  멈춰버린 눈물도  굳어버린 시선도  그 순간을 외면 할 순 없었어  차라리 헤어지잔 말이면  내 맘이 더 나을텐데  몰랐어 이제껏  그대 날 비추던 눈빛들은  그녈위한 연습이었단걸  oh I can't believe it  그댈 보내긴 싫어  어색한 그 눈빛도  혼자서 참아 내면 될텐데  oh I can't believe it  그대와 영원하길  난 약속했는데  이제와서 남겨진 건 눈물  조금씩 멀어져가겠지  그대 안엔 쉽게 버릴  내 사랑만 남아 있을테니까  oh I can't believe it  그댈 보내긴 싫어  어색한 그 눈빛도 혼자서  참아 내면 될텐데  oh I can't believe it  그대와 영원하길  난 약속했는데 이제와서  남겨진건 나 그댈 놓칠순 없어 더 남은 사랑 많은데 이대로 끝내기엔 아직 그댄 oh I can't believe it 나 아닌 누군가의 전부가 될 거란 걸 상상조차 할 수 없었는데 oh I can't give hold time 오직 그대만 바라본  슬픈 사랑은 남겨진건 끝이 없는 눈물
2002.02.03~02.09,36,106162,담,김윤아,Shadow Of Your Smile,2001.11.20,Rock,김윤아,우리 사이엔 낮은 담이 있어 내가 하는 말이 당신에게 가 닿지 않아요 내가 말하려 했던 것들을 당신이 들었더라면 당신이 말할 수 없던 것들을 내가 알았더라면 우리 사이엔 낮은 담이 있어 부서진 내 마음도 당신에겐 보이지 않아요 나의 깊은 상처를 당신이 보았더라면 당신 어깨에 앉은 긴 한숨을 내가 보았더라면 우리 사이엔 낮은 담이 있어 서로의 진실을 안을 수가 없어요 이미 돌이킬 수 없을 마음의 상처 서로 사랑하고 있다 해도 이젠 소용없어요 나의 닫힌 마음을 당신이 열었더라면 당신 마음에 걸린 긴 근심을 내가 덜었더라면 이미 돌이킬 수 없을 마음의 상처 서로 사랑하고 있다 해도 이젠 소용없어요 우리 사이엔 낮은 담이 있어 서로의 진실을 안을 수가 없어요
2002.02.03~02.09,37,528588,얼씨구,싸이(PSY),싸2,2002.01.16,Rap / Hip-hop,싸이(PSY),아름다운 밤이예요  손들어 머리위로 흔들어 좌로 우로  눈치 살필 필요 체면 차릴 필요 없고 누구든지 근심 걱정 모두 등에 업고 나중에 딴 소리하는 사람 모두 바보 오늘만큼 미친 듯이 놀꺼야 나도 본심을 감추고 자존심 다 내가는 이들아 양심도 없나? 누가 볼까 겁나? 내숭 떨래 땀나?  땀나니 덥나? 참나 말도 안되는 소리하고 있어 휘적거리는 동안 내 가슴은 타고있어 너 일단 차에 타고 있어 너와 상관없이 이 밤이  타고있어 깨기 있기 싫으면 집에 가서 잠자고  있어 분위기 깨지 말고 그냥 잠자코 있어 얼씨구 씨구 씨구 씨구 지화자 지휘자 싸이가  여기왔구나 아하 얼씨구 씨구 씨구 씨구  지화자 지휘자 싸이가 여기왔구나 아하 절씨구 씨구 씨구 씨구 닐리리 날라리 싸이가  돌아왔구나 아하 절씨구 씨구 씨구 씨구 닐리리 날라리 싸이가 돌아왔구나 아하 이 밤이 다 가기전에 내일이 없는 사람인 것 같이 일단 춤추고 보자 노래하고 보자 분위기가 중요해 그 무엇보다 보다 더 나은 놀이 문화를 위해 이제 즐길 줄 알아야 하는 시대 더욱더 신나는 내일을 위해 잔을 위로 Come On 머리위로 Come On 너무나 아름다운 이 날의 젊은이야 Check! 음악이 취할 수 있는게 젊음이야 Check! 젊음이란 시간이 아니라 마음먹기니까 고쳐먹으니까 이것 보소 남녀 노소 상관없이 좌우로 흔들어 보소 한 가지에 미치는 게 젊은이야 내가 살아가는 미치게 하기 전문이야 얼씨구 씨구 씨구 씨구 지화자 지휘자 싸이가  여기왔구나 아하 얼씨구 씨구 씨구 씨구  지화자 지휘자 싸이가 여기왔구나 아하 절씨구 씨구 씨구 씨구 닐리리 날라리 싸이가  돌아왔구나 아하 절씨구 씨구 씨구 씨구 닐리리 날라리 싸이가 돌아왔구나 아하  전국에 형제여 소리 질러봐 전국에 자매여  소리 질러봐 전국에 형제 자매여 소리 질러봐 얼씨구 씨구 씨구 씨구 지화자 지휘자 싸이가  여기왔구나 아하 얼씨구 씨구 씨구 씨구  지화자 지휘자 싸이가 여기왔구나 아하 절씨구 씨구 씨구 씨구 닐리리 날라리 싸이가  돌아왔구나 아하 절씨구 씨구 씨구 씨구 닐리리 날라리 싸이가 돌아왔구나 아하
2002.02.03~02.09,38,94303,Magic,채정안,3집 Goddess... Her Fate,2001.10.18,Dance,홍지유,잠에서 깨지 못한 숨결  순간에 마법에 이끌려  한번도 허락하지 않던 나의  사랑의 닫힌 눈을 떠 차갑게 떠민 손을 잡아  아꼈던 내 마음을 담아  남 몰래 간직했던 비밀 모두  그것도 전해주고 싶은 맘  얼마나 기다려야  사랑이 다가오는지 몰라  매일 오는 밤처럼  그렇게 꼭 와준다면  Tell me Show me Give me  들리는 짙은 너의 향기  Kiss me  모자란 나의 맘을 채워줄  너만은 언제나  내곁에 살아주면 돼  Tell me Show me Give me  열리는 깊은 너의 눈빛  Touch me  가녀린 내 사랑을 찾아줄  운명이 너라면  이제는 내게 들어와 Magic in your eyes  You are the another my life Magic in your eyes  You are the another my life  슬픔이 기쁨 보다 많아  햇살이 와도 시들었어  또다시 보고싶지 않은 날들  내 안에 너를 담은 이후로  엇갈린 만남처럼 그냥 널  스쳐 지나갔다면  끝을 알지 못하는  시간에 남았을꺼야  Tell me Show me Give me  들리는 짙은 너의 향기  Kiss me  모자란 나의 맘을 채워줄  너만은 언제나  내곁에 살아주면돼  Tell me Show me Give me  열리는 깊은 너의 눈빛  Touch me  가녀린 내사랑을 찾아줄  운명이 너라면  이제는 내게 들어와  영원히 하나뿐인 날 데려가  너와 나의 바램들을 위해  Tell me Show me Give me  열리는 깊은 너의 눈빛  Touch me  가녀린 내 사랑을 찾아줄  운명이 너라면  이제는 내게 들어와
2002.02.03~02.09,39,32575,어떤 말로도,이기찬,New Story,2001.09.07,Ballad,유유진,모자라  내겐 모자라  나의 남은 긴 삶을  너를 위해 다 써도  세상 어떤말로  내 사랑을 전해도  너를 향한 내 맘에  아주 조금일뿐야  떠올리지마  니가 날 떠난 시간  너 없이 난 힘들었지만  지금이 내겐 중요해  가져가질 수 있는 한  내 맘도 나의 전부도   다신 니가 나를  못지울만큼  Oh baby  받아 받기만하면 돼  그러다  니 삶의 끝에  너도 나처럼  행복했다 해줘 오  분명 난  많이 변했어  내가 널 첨 봤을때  지금과는 달랐어  믿음도 배려도   다 말뿐인  그런 사랑을 했어  너를 잃고 알았지  난 달라졌어  니가 날 떠난 시간  너없이는 안된다는 걸  끝없이 느낀 나니까  가져가질 수 있는 한  내 맘도 나의 전부도   다신 니가 나를  못지울만큼  Oh baby  받아 받기만하면 돼  그러다  니 삶의 끝에  너도 나처럼  행복했다 해줘 오  다신 보내지 않아  나의 다음 사랑도  또 그 다음번도  또 나에게는  분명히 너야 기억해  세상 어떤말로도  너를 향한 내 맘은  표현못해  다신 보내지 않아  가져가질 수 있는 한  내 맘도 나의 전부도   다신 니가 나를  못지울만큼 oh baby 받아 받기만하면 돼 그러다 니 삶의 끝에 너도 나처럼 행복했다 해줘 오 my love
2002.02.03~02.09,40,104770,Thank You (For Saving My Life),조규찬,Thank You (For Saving My Life),2001.11.01,Ballad,BrianMcKnight,영원히 끝도 없는 어둠 속에  갇힌 죽음보다 절망적인  외로움 홀로 견뎌내기엔  너무도 깊은 아픔  그런 내게 넌 다가왔어  그 품속에 기대어 쉬라고  다시 살아갈 이유인 너  야윈 내 맘에 안식인 너  다시 널 사랑하겠어  내 처음이 돼줘  내 생명이 돼줘  Thank you for saving my life 널 믿겠어 너 하나만 위해 살겠어 그런 날 받아주길 이제 난 그 이름만으로 환히 웃을 수 있어 얘기해줘 너의 꿈들을 늘 곁에서 널 지켜줄게 다시 살아갈 이유인 너 야윈 내 맘에 안식인 너 다시 널 사랑하겠어 내 처음이 돼줘 내 생명이 돼줘 Thank you for saving my life 이제야 알 것 같아 나 얼마나 행복한 사람인지 날 지켜줄 힘이 돼줄 널 가진 것 그 하나로 다시 살아갈 이유인 너 야윈 내 맘에 안식인 너 다시 널 사랑하겠어 내 처음이 돼줘 내 생명이 돼줘 Thank you for saving my life Thank you for saving my life
2002.02.03~02.09,41,167312,Hidden,Y2K,Unification,2001.11.12,Rock,마경식,아직은 이르다는 걸 니눈엔 내가 없단 걸 나도 알기에 다가서지 못한 거야 얼마나 힘이 드냐고 얼마나 보고 싶냐고 너를 위로하는 내 맘을 넌 아는지 부탁해 너의 어깨에 내손이 감싸줄 수 있게 허락해 난 떠나지 않아 그 누구처럼 널 널 혼자 있게 하지는 않아 내게로 와 와 너의 하루가 그렇게도 견디기 힘들면 그냥 내 이름을 불러줘 어 어서 와 와 내 품에 안겨 나의 옷깃에 눈물 적시며 그 사람을 생각해도 돼  부탁해 나의 두 손이 네 눈물 감춰줄 수 있게 허락해 난 떠나지 않아 그 누구처럼 널 널 혼자 있게 하지는 않아 내게로 와 와 너의 하루가 그렇게도 견디기 힘들면 그냥 내 이름을 불러줘 어 어서 와 와 내 품에 안겨 나의 옷깃에 눈물 적시며 그 사람을 생각해도 돼 웃으라고 하지않아 그 사람 잊으란 말도 하지않아 내게로 와 와 너의 하루가 그렇게도 견디기 힘들면 그냥 내이름을 불러줘 어 어서와 와 내품에 안겨 나의 옷깃에 눈물 적시며 그 사람을 생각해도 돼
2002.02.03~02.09,42,1679278,내가 너의 곁에 잠시 살았다는걸,토이,Live Toy,2001.11.21,Ballad,유희열,지운줄 알았어 너의 기억들을 친구들 함께 모여 술에 취한 밤 네 생각에 난 힘들곤 해 그런채 살았어 늘 혼자였잖아 한때는 널 구원이라 믿었었어 멀어지기 전엔 그것만 기억해줄 수 있겠니 내가 너의 곁에 잠시 살았다는걸 가끔 널 거리에서 볼까봐 초라한 날 거울에 비춰 단장하곤 해 아프진 않니 많이 걱정돼 행복하겠지만 너를 위해 기도할게 기억해 다른 사람 만나도 내가 너의 곁에 잠시 살았다는걸  웃을 수 있었어 널 보고 있을땐 조그만 안식처가 되어 주었지 멀어지기 전엔 그것만 기억해줄 수 있겠니 내가 너의 곁에 잠시 살았다는걸 가끔 널 거리에서 볼까봐 초라한 날 거울에 비춰 단장하곤 해 아프진 않니 많이 걱정돼 행복하겠지만 너를 위해 기도할게 기억해 다른 사람 만나도 내가 너의 곁에 잠시 살았다는걸  아프진 않니 많이 걱정돼 행복하겠지만 너를 위해 기도할게 기억해 다른 사람 만나도 내가 너의 곁에 잠시 살았다는걸
2002.02.03~02.09,43,1096485,박하사탕,YB,An Urbanite,2001.06.29,Rock,"윤도현,김진원",떠나려 하네 저 강물 따라서 돌아 가고파 순수했던 시절 끝나지 않은 더러운 내 삶에 보이는 것은 얼룩진 추억속의 나 고통의 시간만 보낸 뒤에는 텅 빈 하늘만이 아름다웠네 그 하늘마저 희미 해지고 내 갈 곳은 다시 못 올 그 곳 뿐야 열어줘 제발 다시 한번만 두려움에 떨고 있어 열어줘 제발 다시 한번만 단 한번만 이라도 나 돌아갈래 어릴 적 꿈에 나 돌아갈래 그 곳으로  남아 있는건 아무것도 없어 그 시간들도 다시 오진 않아 어지러워 눈을 감고 싶어 내 갈 곳은 다시 못 올 그 곳뿐야 열어줘 제발 다시 한번만 두려움에 떨고 있어 열어줘 제발 다시 한번만 단 한번만 이라도 나 돌아갈래 어릴 적 꿈에 나 돌아갈래 그 곳으로  나 돌아갈래 어릴 적 꿈에 나 돌아갈래 그 곳으로 나 돌아갈래 어릴 적 꿈에 나 돌아갈래 그 곳으로
2002.02.03~02.09,44,8292,내안의 그녀,성시경,처음처럼,2001.04,Ballad,김진아,나에게 다가와서 잘해주려는 그대  고맙지만 받아들 일 수 없죠  아무 말도 없이 떠나간 그녀를  난 아직도 사랑 하기에   이런 날 보며 그댄 바보 같다 하지만  사랑 이란 건 가슴이 시키죠  나만 사랑 한단 그녀의 고운 약속을  아직 난 믿고 있기에   좀 늦을뿐일 거예요  아마도 먼 길 갔다 오는 그 길에  내 곁에 있는 그대를 보고  혹시 되돌아 갈지 모르니   그만 돌아가 줘요  그대에겐 참 미안 하지만  슬픔속에도 기다려지는 내사랑  그녀 뿐이죠 -  날 맘에 두지 말아요  또 다른 사랑 할 수 없는 나니까  늘 꿈 속에 다녀가는 그녈  잊을 수 없는 날 이해 해요   그만 돌아가줘요  그대에겐 참 미안 하지만  슬픔 속에도 기다려 지는 내사랑  그녀 뿐이죠   내게 미안해하며 언젠가는  날 찾을 그녀죠  편히 돌아올 수 있도록  나의 곁을 비워 두고 싶어요   영원히 올 수 없다고 해도  추억만은 지키며 -
2002.02.03~02.09,45,1289875,바람맞던 날,이가희,Lee Ga Hee 1집,2006.07.07,Ballad,,이별엔 여자가 더 강하다고 하지만 난 아직 널 보내긴 너무 힘들어 너 없는 세상은 상상조차 안 해봤어 오늘 널 만나 맘 돌려보고 싶어 제일 예쁘게 차려입고 너 좋아하는 머리하고 늦을까봐 택시도 타고 숨차게 달려와서 기다리고 있는데 어서 잘난 그 얼굴 보여봐 나 그래야 매달리든 뭐든 할 거 아냐 자꾸 눈물이 나서 옆에 사람들이 불쌍한 듯이 쳐다본단 말야 내가 우는 거 보기 미안해 일부러 조금 늦게 나오려는 거지 근데 나는 왜 이리 서러워지는 걸까 이제 정말 잘 할 수 있는데  니가 너무 늦게 나오면 화장이 다 번진단 말야 나 예쁘게 하고 나와서 이거 보면 니 생각 변할 수도 있는데 어서 빨리 여기 나타나 봐 나 그래야 빰이라도 때릴 수 있잖아 자꾸 눈물이 나서 하고싶은 말들 까먹게되면 안 된단 말이야 니가 올 때까지 기다릴래 넌 한번도 내게 약속 어긴 적 없으니 근데 왜 난 끝없이 눈물이 나는 걸까 예쁘게 보이려면 참아야 하는데
2002.02.03~02.09,46,21360,밤이 깊었네,크라잉넛,하수연가 (下水戀歌),2001.06.01,Rock,캡틴락,밤이 깊었네 방황하며 춤을 추는 불빛들  이밤에 취해  술에 취해  흔들리고 있네요.  벌써 새벽인데 아직도 혼자네요  이 기분이 나쁘지는 않네요.항상 당신곁에 머물고 싶지만  이밤에 취해  술에 취해  떠나고만 싶네요.  이 슬픔을 알랑가 모르겄어요.  나의 구두여 너만은 떠나지 마요.  하나둘 피어오는 어린시절 동화같은 별을 보면서  오늘밤 술에 취한 마차타고 지친달을 따러가야지.  밤이 깊었네 방황하며 노래하는 불빛들  이밤에 취해  술에 취해  흔들리고 있네요    가지마라 가지마라 나를 두고 떠나지마라.  오늘 밤 새-빨간 꽃잎처럼 그대 발에 머물고 싶어.  딱 한 번만이라도  가지마라 가지마라   날 위해 웃어준다면  나를두고 떠나가지마라   거짓말이었대도  가지마라 가지마라   저별을 따다줄텐데  나를두고 가지마라   아침이 밝아오면  가지마라 가지마라   저 별이 사라질텐데  나를 두고 떠나가지마라   나는 나는 어쩌나  가지마라   차라리 떠나가주오. 워-어-오-  하나둘 피어오는 어린시절 동화같은 별을 보면서  오늘밤 술에 취한 마차타고 지친달을 따러가야지.  가지마라 가지마라 나를 두고 떠나지마라.  오늘 밤 새-빨간 꽃잎처럼 그대 발에 머물고 싶어.  날 안아 주어...
2002.02.03~02.09,47,19807,벌써 일년,브라운아이즈,Brown Eyes,2001.06.07,R&B / Soul,한경혜,처음이라 그래 며칠뒤엔  괜찮아져  그 생각만으로 벌써 일년이  너와 만든 기념일마다  슬픔은 나를 찾아와  처음 사랑 고백하며  설렌 수줍음과  우리 처음 만난날 지나가고  너의 생일엔 눈물의 케이크  촛불 켜고서 축하해  I believe in you  I believe in your mind  벌써 일년이 지났지만  일년뒤에도 그 일년뒤에도  널 기다려  너무 보고싶어 돌아와줘  말 못했어  널 보는 따뜻한 그의 눈빛과  니 왼손에 껴진 반지보다  빛난 니 얼굴 때문에  I believe in you  I believe in your mind  다시 시작한 널 알면서  이젠 나없이 추억을 만드는  너라는걸 내가 기억하는 추억은 언제나  지난 웃음과 얘기와 바램들  또 새로 만들 추억은 하나뿐  내 기다림과 눈물 속 너일뿐  I believe in you  I believe in your mind  다시 시작한 널 알면서  이젠 나없이 추억을 만드는  너라는걸  I believe in you  I believe in your mind  벌써 일년이 지났지만  일년뒤에도 그 일년뒤에도  널 기다려
2002.02.03~02.09,48,503258,사미인곡,서문탁,Seomoontak 3rd,2001.09.20,Rock,이영준,만백성에게 고하노니 사랑하며 살지어다 대체 무슨 일을 하관데 사랑하지 않고 살아가오 쉬었다 간들 어떨소냐 난 사랑하며 사는 도다 인생이 이리 짧을진데 어찌 사랑 맘껏 안하리오 Feel me Love me 사람이라면 응당 그래야 하거늘 이렇게 된 세상 어이할꼬 Love for Love for Love 꼭 그리 하오리다 사랑하며 살고 그 안에서 행복을 이룰지니 난 사랑을 하나니 정녕 있는 힘껏 사랑하며 그렇게 살으리오다  그대들에게 이르노니 사랑 속에 살리로다 어찌 혼자 살아 가리오 이제 둘이 함께 가자스라 Feel me Love me 사람이라면 응당 그래야 하거늘 이렇게 된 세상 어이할꼬 Love for Love for Love 꼭 그리 하오리다 사랑하며 살고 그 안에서 행복을 이룰지니 난 사랑을 하나니 정녕 있는 힘껏 사랑하며 그렇게 살으리오다  이제야 얻는 내 사랑을 지켜가게 하소서 오 나의 하늘님이여 Come on Come on 쭉 사랑을 하리라 둘이 함께 가는 길일진데 멀다고 힘들소냐 난 사랑에 미친 자 꿈에서 난 깨지 않으리라 사랑 안에 살리라
2002.02.03~02.09,49,1786655,My Style,조pd(ZoPD),Stardom In Future Flow,2001.12.24,Rap / Hip-hop,"조pd(ZoPD),Uzi,DigitalMasta,라디(Ra.D)",Yo 난 내 스타일로 말하지 난 내 스타일로 웃지 난 내 스타일로 먹고 또 내 스타일로 걷지 운전할때도 전화할때도  누워잘때도 TV 볼때도  다 내 스타일로 하지 난 영어도 내 스타일로 하지 난 일어도 내 스타일로 하지 난 한국말도 랩처럼 내 스타일로 하지 난 빌어먹을 노래도 내 스타일로 하지 난 옷 입을때도 신경 안쓴듯해도 꼭 내 스타일로 입지 난 담배피는 모습도 딱 내 스타일이지 이런 생각 하는것도 보면 내 스타일이지 이런 비트는 딱 내 스타일이지 이런 멜로디 또한 내 스타일이지 이런 리듬이그냥 내 스타일이고 이런 내용도 그냥 내 스타일이지 이런 노래가 바로 내 스타일이지 그런 랩 스타일은 바로 내 스타일이고 이런 flow 가 바로 내 스타일이고 내가 blow 할 너의 맘에 한방의 미사일 난 내 스타일로 말하고 난 내 스타일로 웃고 난 내 스타일로 먹고 난 내 스타일로 걷지 난 내 스타일로 놀고 난 내 스타일로 자고 난 내 스타일로 울지 난 내 스타일로 살지 난 내 스타일로 말하고 난 내 스타일로 웃고 난 내 스타일로 먹고 난 내 스타일로 걷지 난 내 스타일로 놀고 난 내 스타일로 자고 난 내 스타일로 울지 show me your style UZI 저마다 가치 갖은 생활의 방식으로 세상을 살아가고 수많은 낙오와 끝이 없는 시행착오를 겪고 일어나고  계속해서 울고 서로의 스타일로 벗겨나가고 시간은 흘러가도 내 자신은 나인걸 수없이 무너져도 결국 나인걸 아픔을 잊고 슬픔을 잊고 앞으로 걸어나가 멈추지 말아라 내 스타일로 말하고 난 내 스타일로 웃고 난 내 스타일로 먹고 난 내 스타일로 걷지 난 내 스타일로 놀고 난 내 스타일로 자고 난 내 스타일로 웃지 난 내 스타일로 살지 난 내게 있어 가장 중요한 건 상관없어 be cause it's 그 누구가 뭐라해도 나의 길을 가는 것 세상속에 내가 존재하는 이유 너무도 유일한 나를 지켜가겠어 Yo in 90's style 내 학창시절 style 백육십팔 사십팔  그년 나의 style 소년원 free style 잘 나갔던 아이 세상이 다 좆같았던 겁없었던 나이 넌 입 다물어 난 나의 세계로 나와 뜻이 같다면 너 역시 나의 세계로 top으로 그러하므로 제대로 hiphop 간지를 또 모두에게로 서울 도곡 오로지 hiphop만이 서울 북쪽 오로지 복고만이 허접 간지 병신 넌 좆만이 스타일 하나 없으면 넌 귓방망이 내게 있어 가장 중요한 건 상관없어 be cause it's 그 누구가 뭐라해도 나의 길을 가는 것 세상속에 내가 존재하는 이유 너무도 유일한 나를 지켜가겠어 내게 있어 가장 중요한 건 상관없어 be cause it's 그 누구가 뭐라해도 나의 길을 가는 것 세상속에 내가 존재하는 이유 너무도 유일한 나를 Keep on keep on  in the my style I wanna know your style my baby I like to know I wanna know No no my baby don't be afraid No more no more no more No more no more  this is my style
2002.02.03~02.09,50,104354,음악이 뭔데,거리의시인들,What`s Music?,2001.10.30,Rap / Hip-hop,리키,그러니까 서론 본론 따윈 모두 제껴버리고 도대체가 결론부터 짚어가면 음악이 뭔데 사방에서 쏟아내리는 똑같은 음악들 서로 예술이라며 까불어 대고 있는데 조금만 긴장이 풀어져도 한순간 낙오자가 되버리는 무서운 세상 우리를 들어봐 그리고 자유를 느껴봐 다함께 불러봐 거리의 시인들 Hip Hop forever Rock'n roll together 또 누구는 재즈가 최고 나는 도무지 정신을 차릴 수가 없고 노래에 멜로디가 들어가야 히트를 친다고 한없이 어쩌고 저쩌고 하는 사람들 날 짜증나게 하고 말을 겁나게 빨리 하거나 박자를 특이하게 하면 랩퍼가 될까 흑인처럼 말하고 행동하면 힙합전사가 되는걸까 난 참을 수 없어 견딜수 없어 이런 식으로 가다간 머리가 터져버리겠어 하나만 물어보겠어 음악이 뭔데 예술이 뭔데 어떻게 만들어야 제대로 하는데 좋은게 뭔데 나쁜게 뭔데 어떻게 살아가면 제대로 가는데 음악이 뭔데 스타가 뭔데 도대체 어떡해야 내가 뜨는건데 사는게 뭔데 니들이 뭔데 왜 내가 하고 싶은 일을 막는건데  나는 너의 인생을 바꿔버릴 메신저 세상 돌아가는 모습 파악하고 싶으면 내 얘길 들어봐 재즈 락 펑크 블루스 힙합 무엇을 통해서든 할말은 한다 너희의 지친 영혼을 자유롭게 하겠어 그러기 위해 내가 십자가를 지겠어 그만 그만 그만 그만 이제 그만 거리의 시인들 음악이 뭔데 누구는 잘생겨야 성공한다고 하던데 누구는 돈만 있으면 다 된다고 하던데 누구는 자기한테 잘 보이라고 하던데 그만 그만 그만 그만 그만 그만 다 필요없어 모두 다 우리들은 맨손으로 도전하는 신동이 되겠어 한번더 당돌하게 질문하겠어 너에게 물어보겠어 대답할수 있겠어 음악이 뭔데 예술이 뭔데 어떻게 만들어야 제대로 하는데 좋은게 뭔데 나쁜게 뭔데 어떻게 살아가면 제대로 가는데 음악이 뭔데 스타가 뭔데 도대체 어떡해야 내가 뜨는건데 사는게 뭔데 니들이 뭔데 왜 내가 하고 싶은 일을 막는건데 음악이 뭔데 예술이 뭔데 어떻게 만들어야 제대로 하는데 좋은게 뭔데 나쁜게 뭔데 어떻게 살아가면 제대로 가는데 음악이 뭔데 스타가 뭔데 도대체 어떡해야 내가 뜨는건데 여자가 뭔데 사랑이 뭔데 왜 내꿈을 막는건데 음악이 뭔데 거리의 시인들
