time,rank,song_id,title,singers,album,date,genre,creator,lyric
2003.02.09~02.15,1,421409,점점,브라운아이즈,Reason 4 Breathing,2002.11.26,R&B / Soul,한경혜,점점 넌 멀어지나봐 웃고 있는 날 봐 때론  며칠씩 편하게 지내 점점 널 잊는 것 같아 먼일처럼 점점 넌 떠나가나봐 하루는 미치고 다음 날이면  괜찮아졌어 다만 슬픔에 익숙해질  뿐인걸 점점 어쩌다 또 생각나 너를 그릴 때가 오면  숨막히게 지쳐 애써 참아낼 수 있겠지 그렇게 널 버려 내 아픔도 점점 점점 넌 멀어지나봐 그게 편해지나봐 너의 얼굴도  생각이 안나 점점 너를 버릴 것 같아  나 어느새 점점 어쩌다 또 생각나 너를 그릴 때가 오면 숨막히게 지쳐 애써 참아낼 수 있겠지 그렇게 널 버려 내 아픔도 점점 어쩌다 또 생각나 너를 그릴 때가 오면  숨막히게 지쳐 애써 참아낼 수 있겠지  그렇게 널 버려 Long Goodbye No Way  You Know 이젠 낯선 목소리에 너를 부르는걸 시간이 나를 다 버리고 내 슬픔도 이제 멀어져가 점점
2003.02.09~02.15,2,418253,보고 싶다,김범수,보고 싶다,2002.12.11,Ballad,윤사라,아무리 기다려도 난 못가  바보처럼 울고 있는 너에 곁에  상처만 주는 나를 왜 모르고  기다리니 떠나가란 말야  보고싶다~~보고 싶다~~  이런 내가 미워질만큼~~  울고 싶다~~ 네게 무릎 꿇고  모두 없던일이 될수 있다면  미칠듯 사랑했던 기억이  추억들이 너를 찾고 있지만  더 이상 사랑이란 변명에  너를 가둘수 없어  이러면 안되지만..  죽을만큼 보고 싶다.    보고싶다~~ 보고 싶다~~  이런 내가 미워질만큼~~  믿고 싶다 옳은 길이라고  너를 위해 떠나야만 한다고  미칠듯 사랑했던 기억이  추억들이 너를 찾고 있지만  더 이상 사랑이란 변명에  너를 가둘수 없어  이러면 안되지만  죽을만큼 보고 싶다.    죽을 만큼 믿고 싶다~~~~
2003.02.09~02.15,3,422606,백설공주를 사랑한 일곱번째 난장이,쿨(COOL),Second Whisper,2002.12.01,Ballad,김태윤,난 세상에서  가장 아름다운  그녀를 사랑한다  친구들은 왠지  그런 내가  걱정스러운가 보다  난 바보가 아닌데  나도 이제 다 아는데  그래서 난  그녀를 보내기로 했다  난 너무 키가 작다  그대 그렇게  나를 멀리 떠난다해도  끝내 웃음으로  보낼 수 밖에  보잘 것 없는  나의 모습 때문에  나 그대를  잡을 수 없죠  늘 키작은 내 모습만을  원망했기에  난 사랑도 몰랐었는데  마법에 걸려 잠든  그댈 보면서  난 조금씩  사랑을 배웠죠 겨우 이제서야  사랑을 난 알게 됐는데  그댄 왜 나를 남겨두고  떠나가나요  내 사랑만큼 내 모습이  자랄 때까지  내 곁에 좀더  잠들 수 있다면 잠시 부족한 내 모습을  잊어버린 채  감히 나 그대를  사랑했지만  이젠 알았죠  이런 내 모습으론  난 사랑도  할 수 없음을  우습던 날 바라보며  웃던 그대는  내 맘을  다 알지 못했죠  단 하루라도  그대 슬퍼할까봐  날 감추며  광대가 됐던 날  밤새 내 곁에서  잠든 나를  바라보면서  왜 떠나가나요 그대가 흘린 눈물을 난 알지 못했죠 날 지금까지웃게 했던 그 모습으로 애써 아픔을 감추던 그댈 시간이 흘러 그댈 볼 수 있다면 그날까지 나 잠이 들기를 왜 날 이제 어느샌가 떠나야 할 시간이 됐죠 안되는 건가요 그대여 제발 나를 보며 슬퍼 말아요 왜 날 왜 날 왜 날 늘 바보같이 웃음뿐인 그 모습처럼 한번더 내게 바보가 돼줘요 키작은 내 사랑이여 안녕
2003.02.09~02.15,4,418848,To My Love (Korean Ver.),윤미래,To My Love,2002.12.01,R&B / Soul,,yeah hey Hey  그댈 만나던 어떤 날보다  옷을 고르기가 어려워  오늘 만나서 하잔 얘기가  왠지 자꾸 맘에 걸려요   만일 그대가 나를 떠나겠다면  나는 붙잡지 못할거예요  사랑한다는 고백보다 힘든게  이별의 말인 것 같아   아니길 바래 난 그대의 사진만 봐도  여전히 가슴 떨리고 설레이는데  아니길 바래 내 사랑을  그대여 제발 놓지 말아요   오늘 밖에는 할 수 없는 얘기면  오늘 약속은 피하고 싶어(피하고 싶어)  다신 그대를 못 볼 것만 같아서  걸음이 느려만 가요   아니길 바래 난 그대의 사진만 봐도  여전히 가슴 떨리고 설레이는데  아니길 바래 내 사랑을  그대여 제발 놓지 말아요   내 예감이 틀리기를  나는 바랄 뿐이죠(oh baby)  그대를 만나고 돌아오는 길이  나 슬프지 않도록   아니길 바래 그 아무리  시간이 가도(시간이 가도)  그대여 나의 곁에 머물겠다고  나에게 말해   그 언제나 그대 나만을  사랑한다고 사랑한다고   떠나지 말아요 -
2003.02.09~02.15,5,419124,편지,god,Chapter 5 Letter,2002.12.27,Ballad,박진영,이 감옥에서 나갈 때
2003.02.09~02.15,6,316434,Never Ending Story,부활,새벽,2002.09.01,Rock,김태원,손 닿을 수 없는 저기 어딘가  오늘도 난 숨쉬고 있지만  너와 머물던 작은 의자 위에  같은 모습의 바람이 지나네...  너는 떠나며 마치 날 떠나가듯이  멀리 손을 흔들며  언젠가 추억에 남겨져 갈 꺼라고  그리워하면 언젠가 만나게 되는  어느 영화와 같은 일들이 이뤄져 가기를...  힘겨워 한 날의 너를 지킬 수 없었던  아름다운 시절속에 머문 그대 이기에  너는 떠나며 마치 날 떠나가듯이  멀리 손을 흔들며  언젠가 추억에 남겨져 갈 꺼라고  그리워하면 언젠가 만나게 되는  어느 영화와 같은 일들이 이뤄져 가기를...  힘겨워 한 날의 너를 지킬 수 없었던  아름다운 시절속에 머문 그대여  그리워하면 언젠가 만나게 되는  어느 영화와 같은 일들이 이뤄져 가기를...  힘겨워 한 날의 너를 지킬수 없었던  아름다운 시절속에 머문 그대여  그리워하면 언젠가 만나게 되는  어느 영화와 같은 일들이 이뤄져 가기를...  힘겨워 한 날의 너를 지킬 수 없었던  아름다운 시절속에 머문 그대이기에...
2003.02.09~02.15,7,317034,빚,이수영,My Stay In Sendai,2002.09.11,Ballad,,하루하루 변해가는  거울속 나의 모습  만일 지금 나를 봐도  넌 사랑해줄까  다들 그랬어 사랑은  사랑으로만 잊혀지고  여자에겐 지금의 사랑만이  첫사랑인거라고  하지만 나에게 사랑은 하난데  아직 가슴에 남았는데  또 다른 인연이 올수록  니가 더 보고 싶어  한없이 너에게 받았던 그 사랑  나는 주지도 못했잖아  그때에 너에게 진 빚을  제발 나 갚게 해줘  다들 그랬어 세월은  모든 상처를 잊게 하고  늘 여자는 지난날 추억보단  사랑으로 산다고  하지만 나에게 사랑은 하난데  아직 가슴에 남았는데  또다른 인연이 올수록  니가 더 보고싶어  한없이 너에게 받았던 그 사랑  나는 주지도 못했잖아  그때에 너에게 진 빚을  제발 나 갚게 해줘  하루만이라도 한번만이라도  그때로 돌아가 너와 나  함께 할 수 있다면  그렇게 허락된 하루라면  내일이 나에겐 없다해도  웃으며 눈 감을게
2003.02.09~02.15,8,418463,너의 결혼식,신화,너의 결혼식,2002.12.27,Dance,"유영진,유한진","Hold up, Let's take it from the top hot box  Booming System Floshin' pure rocks,  in the six drop 4, minute on stop  see money lookin' alright yeah  what up pop plus the girl throwin'  signals I'm throwin' em back  flowin' cuz I found you like that,  p baby boy style hopin' We match she  set me crown royal with a note attached  난 너를 처음 본 순간부터  움직일 수 없었어 숨을 쉴 수조차 없었어  왜 너를 이제야 만난 건지  하필 내 동생의 결혼식에서 신부가 된 너를  이제 나는 어떡해야 하나  내가 찾던 꿈의 이상형을 난 이제 보고 말았어  난 그저 바라볼 수밖에 없겠지 아냐 만족해  안 돼 모든 순간 그녈 보는 게 내겐 악몽일거야  하지만 피할 수도 없는걸 내겐 첫사랑인걸  시간을 돌리고 싶어..단 몇 일만이라도 Do you loving me? and come with me?  영화 '졸업' 같은 일이 생길까 나에겐 그런 용기가 없어 난 축하 해줄 수도 없었어 그대신 내가 너를 가졌던 걸 상상도해 Tonight  내가 찾던 꿈의 이상형을 난 이제 보고 말았어  난 그저 바라볼 수밖에 없겠지 아냐 만족해  안 돼 모든 순간 그녈 보는 게 내겐 악몽일거야 하지만 피할 수도 없는걸 내겐 첫사랑인걸  용서받지 못할 감정도  널 향해 터질 듯한 내 온 가슴도  혼자만의 사랑 같은 착각 속에 빠진 것은 아닐까  난 두려워   가슴이 폭발할 정도로 뛰는 심장박동  최고 속도로 어차피 내게 다른 길은  없어 오직 난 한길로 모든게 끝이라 해도  시간을 돌리고 싶어...Love me..  그녀가 날 보고 웃잖아  난 그녀 뒤에 설 수밖에 없지만 행복해요  그녀만큼 날 흔들어 놓을 수 있는 사람 없으니깐  지금 이 순간도 나를 견딜 수가 없을 것 같아  그녀의 옆자리에 서고 싶었어  참을 수 없이 지금 이 순간도  지나버리면 돌릴 수가 없겠지  난 매일 미쳐가고 있겠지  그녀는 알지 못한 채  내가 찾던 꿈의 이상형을 난 이제 보고 말았어  난 그저 바라볼 수밖에 없겠지 아냐 만족해  안 돼 모든 순간 그녈 보는 게 내겐 악몽일거야 하지만 피할 수도 없는걸 내겐 첫사랑인걸"
2003.02.09~02.15,9,421376,고백하는 날,이기찬,New Story Ⅱ,2002.11.12,Dance,"심현보,이기찬",오늘만은 용기를 내봐  다음 기회는 없어  우물쭈물 망설이지마  말을 하란 말야  바보야  시간이 없단 말야  말을 해야  니 맘을 알지  Oh my God 어떡해  너의 눈을 본 그 순간  나 얼어버렸어  나 또 얼어버렸어  사랑해 사랑해  널 사랑하고 있다고  말해야 하는데  말이 안나오지  널 원해 널 원해  널 원하고 있다고  왜 말이  안나오는 거야 왜    무슨 얘기라도 괜찮아  일단 말 좀 걸어봐  내가 봐도 정말 답답해  oh my God 난 몰라  너와 마주친 그 순간  온몸에 힘이 풀려  주저앉고 말았어 oh  사랑해 사랑해  널 사랑하고 있다고  말해야 하는데  말이 안나오지  널 원해 널 원해  널 원하고 있다고  왜 말이  안나오는 거야 왜  너무 싫어 싫어 싫어  용기없는 너 정말 싫어  짜증나 짜증나  짜증나 짜증나  짜증나 짜증나 짜증나  Oh my god 난 몰라  너와 마주친 그 순간  온몸에 힘이 풀려  주저앉고 말았어 oh  사랑해 사랑해  널 사랑하고 있다고  말해야 하는데  말이 안나오지  널 원해 널 원해  널 원하고 있다고  왜 말이  안나오는 거야 왜    Oh my God 어떡해  너의 눈을 본 그 순간  나 얼어버렸어  나 또 얼어버렸어  Oh my God 난 몰라  너와 마주친 그 순간  온 몸에 힘이 풀려  주저앉고 말았어 oh  I love U love U  honey  사랑하고 있다고  말하고 싶은데  말이 안나오니  이게 아닌데  너를 잡아야만  하는데  답답해  미칠 것만 같아 oh~  사랑해 사랑해  널 사랑하고 있다고  말해야 하는데  말이 안나오지  널 원해 널 원해  널 원하고 있다고  왜 말이  안나오는 거야 왜
2003.02.09~02.15,10,418989,Stay,이현우,Da Painkiller,2003.01.17,Rock,이현우,가지 말아요 나를 이렇게 내버려 두고 다시 한 번 생각해줘요 가지 말아요 이렇게 내가 애원해도 안 되는 건가요 어떻게 내게 그럴 수 있나 안 되요. 그건 안 되요.   I'm still believe you're the only one 그대가 아니면 나는 안 되요 oh no~ no~ please stay with me until the end of time 이러지 말아요 가지 말아요   가지 말아요 제발 왜 이러는 지 말해요 내가 무얼 잘못했다면 고쳐볼께요 나는 알아요 그대 그런 사람 아니에요 I know~ 그냥 한 번 장난쳤다고 말해요 내게 말해요 I'm still believe you're the only one 그대가 아니면 나는 안 되요 oh no~ please stay with me until the end of time 이러지 말아요 가지 말아요 예이 예~   I'm still believe you're the only one 그대가 아니면 나는 안 되요
2003.02.09~02.15,11,418814,좋은날,유리상자,Favorite,2002.12.05,Ballad,양정승,알고 있나요 내가 사랑한 그대  아무래도 우리는 천생연분인가 봐요  울지 말아요 화장이 번지잖아요  조금만 더 참으면 우린 영원히 태어나요  아무 걱정 말아요 나 여기 있어요  아픈 상처도 슬픈 눈물도 이젠 없을 테니까  좋은날 좋은날 내가 지켜 드릴게요  좋은날 좋은날 이젠 외롭지 않아요  그대 보다도 나를 잘 아는 사람은  아마 없을꺼예요  믿어요 내 삶에 커다란 선물은 그대죠  알고 있나요 내가 사랑한 그대  그댈 만나기 위해 천번을 울었던 나를  너무 귀해서 훔쳐 보기만 했던 날  이미 나의 심장은 그대 향해 뛰고 있었죠  힘들었음을 그대는 모르실테죠  하지만 그대 그 시간의 그대 날 데려 온거죠  좋은날 좋은날 내가 지켜 드릴께요  좋은날 좋은날 이젠 외롭지 않아요  그대 보다 더 나를 잘아는 사람은  아마 없을꺼예요  믿어요 내 삶에 커다란 선물은 그대죠  좋은날 좋은날 내가 지켜 드릴께요  좋은날 좋은날 이젠 외롭지 않아요  우리 함께 하는 날 그 시간이  이젠 우리에게 남았죠  영원히 내 손을 잡고서 사랑을 믿어요
2003.02.09~02.15,12,420714,Goodbye,이수영,Sweet Holiday In Lombok,2003.01.23,Ballad,김선민,나의 마음 속에 숨어있어 허락 없이 살고 있지 그런 너를 쫓아 버리기엔 이젠 너무 늦은거야 오직 너에게만 주고 싶은거야 내가 알고 있는 작은사랑 오직 내 곁에만 있어 줄 순 없니 이젠 너 없이는 살 수 없어 oh baby good bye good bye 보낼 순 없어 니가 먼저 나를 사랑 한다 했잖아 good bye good bye 내 손을 잡아 남은 내 사랑을 꼭 쥐고가  이유라도 알고 싶었지만 이젠 소용 없잖아요 내게 돌아올 수 없는 사랑인걸 편히 갈 수 있게 웃어야죠 다시 사랑할 수 없을 것 만 같아 그대 아닌 다른 사람에게 oh baby good bye good bye 보낼 순 없어 니가 먼저 나를 사랑한다 했잖아 good bye good bye 내 손을 잡아 남은 내 사랑을 꼭 쥐고가 다시 내 곁으로 돌아온다면 내 모든걸 줄꺼야 oh baby good bye good bye 행복하기를 내가 사랑했던 세상에 단 한사람 good bye good bye 기억해 줘요 남은 내 사랑을 잊지 마요 good bye good bye 보낼 순 없어 니가 먼저 나를 사랑한다 했잖아 good bye good bye 내 손을 잡아 남은 내 사랑을 꼭 쥐고가 남은 내 사랑을 꼭 쥐고가
2003.02.09~02.15,13,430981,낙원 (Feat. 이재훈),싸이(PSY),Psy 3집,2002.09.19,Ballad,싸이(PSY),너와 나 단 둘이서 떠나가는 여행  너를 향한 내 마음 절대 안 변해  보고 또 봐도 또 다시 나 반해  꿈만 같애 우리 둘이 함께  우린 서로 아무말도 없이  이렇다 할 행선지도 없이  빡빡한 저 세상 등지고  너와 내가 나침반과 지도  하지 못했었던 말  한땐 다시 안본다 했었나  허나 지금 우리 둘만 이 차속에  어느덧 훌쩍 지나버린 고개  비와 바람도 세상과 사람도  우릴 막지 말라 우린 지금 빨라  우릴 갈라 놨던 속세 탈출하는 찰라  우린 지금 아주 빨라  난 너와 같은 차를 타고  난 너와 같은 곳을 보고  난 너와 같이 같은 곳으로  그 곳은 천국 일거야  정신없이 달려온 곳 동해안  저 시원한 바다 소리가 곧 내맘  너 때문에 잠 못자고 꼬박 샌 밤  손발을 다 합쳐도 못 샌다  말이 필요없는 거야 같이 있는거야  이제서야 밝히지만 내 주인은 너야  기분 좋아 둘이 장도 봐  밥은 내가 할게 쌀만 담궈 놔  피곤한지 너는 잠깐 자고  그 사이 나는 몰래 요리책을 파고  드디어 오붓하게 저녁식사를 하고  여기가 바로 지상 낙원  비와 바람도 세상과 사람도  우릴 막지 말라 우린 이제 달라  나홀로 애태웠던 예전과는 달라  우린 이제 많이 달라  난 너와 같이 마주 하고  난 너와 같이 살아 숨쉬고  난 너와 같이 같은 곳에서  여기가 천국인거야 oh 너로 인해 힘들었던 나의 어제가  술안주로 변해버린 오늘이구나  내 여자구나 이제 안 보낸다 절대  안겨봐 내 품에 포근해 소중해  나중에 다시 돌아가더라도  오늘 하루 곱씹으며 행복하게 살어  나중에 다시 돌아가더라도  오늘 하루 곱씹으며 나를 잊지 말어  난 너와 같이 마주 하고  난 너와 같이 살아 숨쉬고  난 너와 같이 같은 곳에서  여기가 천국인거야 oh This is what my life is all about  it is all about you
2003.02.09~02.15,14,420035,붙잡고도,노을,노을,2002.12.16,Ballad,박진영,헤어지자고 너무 힘들다고   더 이상 버틸 자신이 없다고   미안하다고   잘 지내라고 아프지 말라고  나 보다 더 좋은 여자를 만나서  행복하라고  그리고 나서 나를 두고   돌아서면서   정말로 날 사랑했다고   그렇다고  붙잡고도 싶었지만 나도  결국엔 안될걸 알기에  잡고있던 손을 놓아주고 말았어   이젠 보낼게   My love good bye   good bye good bye  미안하다고 용서해달라고  약속을 지키지 못한 자기를   미워하라고  그렇게 모든 너의 꿈이 모두   꺼져가고   사랑만으로 모자란걸 느꼈다고 붙잡고도 싶었지만   나도 결국엔 안될거란 걸 알기에  잡고있던 손을 놓아주고 말았어  이젠 보낼게  너무 보고 싶을거란  말도 너에겐 해주고 싶지만  끝이라도 예쁘게 남기고 싶어서  이젠 보낼게  My love good bye  Good bye Good bye
2003.02.09~02.15,15,424230,풍류가 (風流歌),MasterPlanAllstarz,MP Hip Hop 2002 風流(풍류) Part.1,2002.12.24,Rap / Hip-hop,,"지친 내 입안에 술 한잔을 넣어 자 쉽지 않은 인생이다 숨 하나를 덜어 남자여 가슴에 물든 뜨거운 불을 한 잔의 붉은 술로 적셔 시 하나를 적어 잊자 잊자 하면서 기나긴 밤 남자는 무엇을 그리도 기다리나 기다 아니다도 확실하지 않고 그저 그렇게 기다리다 비워져 가는 술병을 바라보며 비나이다 고작 술 몇잔에 붉어진 얼굴 차마 들지못해 아래로 떨굴 얼굴 벌꿀을 발라놓은 듯이 쳐다보는 땅바닥 대신 내게 눈높이에 맞는 색깔을 주오 자신을 주오 확신을 줘 확신을 줘 넘치는 술잔에 취중진담에 지새우는 긴밤에 남자의 술잔에 이유? 없어. 사랑도 눈물도 원샷건배, let''s dance 기쁘다 마셔라 멋진밤 술 한잔을 받아라 건배, let''s dance 음악에 취해 everybody say wooe! 건배, let''s dance da da master plan la la la 풍류가 JC beat 언제나 makes me sick no one did this crazy shit 풍류개념 basically 여흥과 문화 boom box를 틀어봐 now it''s time to party everybody (딴따다따) 풍악을 울려라 yo 난 널위해 mic잡은 거리위에 악사 so 그저 움직이면돼 신경과 비트를 맞잡고 박자맞춰 각자알아서 stage위에서 각 잡어 이건이래 저건 저래 논리따위는 버려둬 GM, 넋업샨, combination rhyme을 위한 도구 supposin'' dat if I say this game is like 야구 이건 마치 찰떡궁합인 투수와 포수 우리의 리듬을 던질테니 잘 받으라구 Erick Sermon이 지향한 내 삶의 이상향(jus like music) to relax ma mind so I can be free 넋업샨 do it! yo! microphone만 있다면 어디든 definite show (keepin''it lo)with 우리 Infinite Flow 눈을 감아 스며오는 귓가의 달콤함 멈추지 않아 STOP!!이란 버튼은 존재치 않아 오직 play를 위한 play에 의한 player의 붐박스만 있다면 나 따스한 여유와 안락까지 모두 내꺼야 그리곤 느낄꺼야 (Music 아하아하, I like it 아하아하~)verse3) Joosuc, Supasize, Sammy sosa at the club, on the floor 노래에 맞춰 춤추는 Born kim과 Infinite flow Defconn은 jack d, Vasco는 bacardi, Onesun은 tequila 다함께 마셔라 부어라 liquor shot Hold up 아직도 풍류 게이진 2% 부족해 우리는 여자가 필요해 that''s right! I need a girl to make ma 밥 u need a girl to spend your 밤 step by step 그녀에게 한걸음 다가가 속삭여 what is your name? where is your man? 네 몸을 맡겨봐 날 빤히 쳐다보지만 마 백마 탄 기사 대신 i''ll be 빽 포쓰 탄 신사 let''s dance 너와 나의 거리는 조금씩 좁혀져 let''s dance 허릴 감싸고 서로의 감정을 느껴 let''s dance 눈빛을 맞추며 이젠 맘도 흔들려 shake it shake it shake yo ass 클럽 안 열기에 dirty한 네 몸짓에 나의 몸과 맘은 한 여름 38도 온도계 뭘 또 더 생각해 의외로 간단해 오늘 넌 내 방에 문밖에 차에 타 U&amp;I 사랑을 불태우게 (one)하룻밤 사랑에 (two) 기쁨을 느끼네 (three)하루만 사랑해 (four) 내일은 없기에 각박한 시대에도 변치말고 바람의 흐름을 느끼세 don''t forget the 風流 wuh 2003!!"
2003.02.09~02.15,16,419999,나의 사랑 나의 신부,유엔,Extreme Happiness 3,2002.11.14,Dance,최수정,넌 언제나 나의 곁에서  항상 꿈을꾸는 그대 천사이길 바래  눈 내리던 어느 겨울 날  영화 속의 주인공처럼  (그 어느날) 하얀 면사포로 얼굴을 가린  수줍은 신부의 모습  (나에게) 사랑의 서약을 말하겠지  많은 사람들 축복속에  Everybody everyody  party time yeah- all right all right Everybody everybody  party time yeah-  난 너를 사랑해  넌 나를 모를 꺼야 내 마음이  왜 이렇게 떨려 오는지 너는 몰라  언제까지나 이 순간을 너와 나눌께   덤 덤 치키 치키 치키 치키 치키 덤  덤 치키 덤 치키 덤 덤 치키 덤  오우 워우 yeah 오우 워우 yeah 오우   난 너에게 다가갈수록  고백하고 싶은 그 말  언제나 사랑해  한참동안 생각해왔어  나의 단 한 사람을 위해  (꿈 속에) 네가 만들어 준 아침을 하고  넥타이를 맨 내 모습  (그 어느날) 우리 둘을 닮은 아이와 함께  사는 꿈이 이뤄진다면  Everybody everybody  party time yeah  all right all right yeah  Everybody everybody  party time yeah 난 너를 사랑해  하늘이 축복해 준 하얀 눈과  눈처럼 아름다운 그대 모습  언제까지나 이 순간을 너와 나눌께  덤 덤 치키 치키 치키 치키 치키 덤  덤 치키 덤 치키 덤 덤 치키 덤  오우 워우 yeah  오우 워우 예예이 워  Everybody everybody party time yeah  all right all right yeah  Everybody everyobdy party time yeah  all right all right
2003.02.09~02.15,17,430053,내게로 와,체리필터,Made In Korea?,2002.08.13,Rock,정우진,"all right 그대 내게로와  너른 벌판을 따라가며 오늘 하루를 다잊는거야 all right 그대 내게로와  손을 마주잡아  필요한건 행복함뿐인거야 그대 어제 매몰차게 돌아서며  연인과의 다툼에  애꿎은 술잔만 기울였죠 또 잘나가는 친구와 비교를 당하며 이렇게 못나게 낳아준  부모님을 원망했었죠 아무 이윤 없는거죠  가끔은 잔인한걸요  웃어요 지나고 나면 아무렇지 않을거죠 all right 그대 내게로와  너른 벌판을 따라가며  오늘 하루를 다잊는거야 all right 그대 내게로와 손을 마주잡아  필요한건 행복함뿐인거야  그대 어제 밑도 끝도 없이  계속된 잔소리에 머리가 지끈거렸죠 또 사고픈건 너무나도 많은데  주머니엔 달랑 몇백원  전부인게 서러웠었죠 저 하늘과 푸른바다 언제나 곁에 있어요  웃어요 지나고 나면  아무렇지도 않을거죠(you can get over it) all right 그대 내게로와  너른 벌판을 따라가며  오늘 하루를 다잊는거야 all right 그대 내게로와  손을 마주잡아  필요한건 행복함뿐인거야 Do you wanna be free baby~ If you want it, You must relieve,  you must relieve all  I don’t want it, I don’t want it baby  You must relieve , you must relieve ,  you must relieve all"
2003.02.09~02.15,18,316662,왜 모르니,별,12월 32일,2002.10.10,Ballad,"박진영,유유진",왜 그래 넌 내게 자신없니 아직도 내가 떠날까 두렵니 우리 어디갈까 어떤 영화볼까 왜 항상 내게 묻기만 해  어쩌다 내 손이 널 스치면 오히려 나보다 넌 더 놀라고 아니 언제까지 내게 거릴둘래 내 맘 니꺼란 걸 몰라  왜 모르니 바보같이 어떻게 더 표현을 하니 이만하면 내 맘 알 때도 됐는데 왜 모르니  내가 아직 불안하니 아직도 내가 떠날 것 같니 나를 안아봐 눈을 감아봐 니 안에 있는 난 언제나 너의 여자야  어쩌다 니 어깨에 기대면 당황한 니 목소리 더 떨리고 아니 언제까지 내게 거릴둘래 내 맘 니꺼란 걸 몰라  왜 모르니 바보같이 어떻게 더 표현을 하니 이만하면 내 맘알 때도 됐는데 왜 모르니  내가 아직 불안하니 아직도 내가 떠날 것 같니 나를 안아봐 눈을 감아봐 니 안에 있는 난 언제나 너의 여자야  난 너만 믿고 따라 가고 싶어 때로는 힘든 일 있어도 괜찮아 난 너와 함께라면 뭐든 두렵지가 않은 걸  왜 모르니 바보같이 어떻게 더 표현을 하니 이만하면 내 맘 알 때도 됐는데 왜 모르니  내가 아직 불안하니 아직도 내가 떠날 것 같니 나를 안아봐 눈을 감아봐 니 안에 있는 난 언제나 너의 여자야 -
2003.02.09~02.15,19,419785,한사람을 위해,안재모,My Destiny,2003.01.01,Ballad,조은희,나 모르길 바랬어  감히 너를 가질 수 없기에  내 마음속 아득한 떨림도  엇갈린체 날 떠나길  너 모르길 바랬어  내 눈물과 내 상처까지도  짐이 될까 난 두려운거야  너무나 널 사랑하니까  이런 나라도 넌 괜찮니 후회는 없겠니  너를 위해라면 돌아설 수 있어  내 곁에서 너의 행복을 놓치지 말아줘  그래도 날 허락한다면  이젠 내품에 안겨  부족하지만 너라면 날 주고싶어  약속해줄께 영원히 너만을 사랑해  이세상 끝에 니가 있다 해도  달려갈 사람 나 여기 있잖아  또 원망도 했었어  왜 아픔은 내게만 오는지  널 만나서 난 알게 된거야  어둠에 더 눈부신 빛으로  하늘이 널 내게 주려고 시련을 준거야  기쁨으로 벅찬 내맘 알고 있니  하나로는 살수 없는걸  너 함께 있어야 비로소 완전해 지는걸  이젠 내품에 안겨  부족하지만 너라면 날 주고 싶어  약속해줄께 영원히 너만을 사랑해  이세상 끝에 니가 있다 해도  달려갈 사람 나 여기 있잖아  이젠 내품에 안겨 힘겹겠지만  오직 너 하나만을 위해  사랑 할 사람 네 앞에 있잖아  마지막까지 한 사람을 위해
2003.02.09~02.15,20,420840,퀵서비스맨,크라잉넛,고물라디오,2002.12.05,Rock,,나는 퀵 서비스맨 오호 라빠라빠  배달 해드립니다 오직 초스피드    그리움에 빠진 연인들이나  원자폭탄도 배달됩니다  차가 막혀도 걱정 없는  나는야 퀵 서비스맨    감사합니다 퀵 서비습니다  예 퀵서비스죠?  잃어버린 제 사랑도 배달되나요  네 배달됩니다 히야-    오늘 하루 쉽니다 사고 났거든요  너무 빨리 가다가 여자한테 채였죠  이제 사랑은 배달 안해요  너무 빨르면 안되거든요  그녀 맘도 몰라준  난 바보야 난 바보야    이제 사랑은 배달 안 해요  너무 빨르면 안되거든요  손님께서 원하신다면  정 원하신다면    언제든지 전화주세요  번개처럼 달려갑니다  제가 직접 사랑해 드려요  이제는 천천히    내 이름은 퀵 서비스맨  여러분의 초 스피드맨  랄랄라라 랄랄랄랄라  랄랄라라 라라랄랄라    텍미홈 컨트리로드로 달려갑니다  언제든지 초 스피드로 달려갑니다  오늘도 눈썹 떨어지게 그대 곁으로  달려가는 나는야 진정한 멋쟁이  퀵 서비스맨 -
2003.02.09~02.15,21,315861,잠시만 안녕 (Pop Ver.),엠씨더맥스,M.C The Max!,2002.10.31,Ballad,Yoshiki,행복을 줄 수 없었어  그런데 사랑을 했어 니 곁에 감히 머무른  내 욕심을 용서치마 방황이 많이 남았어  그 끝은 나도 모르는 곳 약하게 태어나서 미안해  그래서 널 보내려고 해 언젠가는 돌아갈께  사랑할 자격 갖춘 나 되어 너의 곁으로 돌아갈께  행복을 줄 수 있을때 아파도 안녕 잠시만 안녕 언제나 위태로운 나  그런 내가 널 사랑을했어 외로운 고독이 두려워  빨리 못보내 미안해 사는게 참 힘들었어  널 보며 난 견뎠어 허나 네겐  보여줄 수 없는 내 사랑 이별로 널 지키려해  언젠가는 돌아갈께 흔들리지 않는 나 되어  늦지 않게 돌아갈께 널 많이 사랑하니까  조금만 울자 잠시만 울자 아파도 안녕 널 위해 안녕 너와 내가 사랑하면  우리가 정말 사랑한다면
2003.02.09~02.15,22,422079,Tatoo (문신),소찬휘,The Beginning,2002.12.06,Dance,김태윤,사랑밖엔 몰랐었어 잔인한  이순간까지  지금 너의 곁에 있는 그녀처럼  한땐 내가 전부였지 oh baby  사랑하지않는다는 너의  짧은 한마디는  어떤 말조차 되묻지 못할만큼  너무 솔직한 이윤거야  아무런 말없이 이대로 돌아서길  다짐했지만  이미 내손은 너의 뺨에  할말을 대신했지  너 떠나고 문신처럼  내 안에 새겨진 그 추억들을  쓰리도록 눈물로 지울거야  흔적조차 남지않게  너 더 이상 위선처럼  나에게 행복따윈 바라지 말아줘  날 떠나 택한 사랑에  아픈 네모습 바랄테니  알아  아프지 않은 듯 니 앞에  태연한 척 웃어보지만  이미 눈물은 나의뺨에  내 맘을 대신했지  너 떠나고 문신처럼  내 안에 새겨진 그 추억들을  쓰리도록 눈물로 지울거야  흔적조차 남지않게  너 더 이상 위선처럼  나에게 행복따윈 바라지 말아줘  날 떠나 택한 사랑에  아픈 네모습 바랄테니  나 죽어도 친구따윈 이제는  기대할수 없게 됐어  너를 잃고 지독한 원망들로  하늘마저 욕하는 날  단 한번만 잡고싶어 그렇게  원망으로 애원해봤지만  이런 내맘을 알면서 애써  모른채 떠나간 널  알아
2003.02.09~02.15,23,2032203,원 (願),김정민,2003 Reborn Of Tiger,2003.01.24,Ballad,조은희,왜 아침이 오는지 내가 왜 눈 떠야 하는지  내 곁에 이젠 니가 없는데  왜 모든게 그대론지  왜 살아야 하는지 내가  왜 숨쉬고 있는지  널 미치도록 보고싶어도  왜 니 곁에 다시 난 갈수 없는지  이런 내가 나 조차 짐스러워  항상 내 가슴 속에 늘 니가 있어  날 용서해 줘 니가 불행하길 바래  넌 그래야 내 곁으로 다시 또 돌아 올테니  너 없는 나는 살아도 죽은거야  내 영원토록 너를 사랑할 테니까  이런 내가 나조차 짐스러워  항상 내 가슴 속에 늘 니가 있어  날 용서 해줘 니가 불행하길 바래  넌 그래야 내 곁으로 다시 또 돌아 올테니  너 없는 나는 살아도 죽은거야  내 영원토록 너를 사랑 할테니까  날 용서 해줘 니가 불행하길 바래  넌 그래야 내 곁으로 다시 또 돌아 올테니  너없는 나는 살아도 죽은거야  내 영원토록 너를 사랑할 테니까  너를 못잊을 테니까
2003.02.09~02.15,24,314448,사랑 Two (Acoustic Ver.),YB,Live Is Life,2002.06.27,Rock,이경희,나의 하루를 가만히 닫아주는 너 은은한 달빛따라 너의 모습 사라지고 홀로 남은 골목길에 수줍은 내 마음만  나의 아픔을 가만히 안아 주는 너 눈물 흘린 시간 뒤엔 언제나 네가 있어 상처 받은 내 영혼에 따뜻한 네 손길만  처음엔 그냥 친군줄만 알았어 아무 색깔 없이 언제나 영원하길 또 다시 사랑이라 부르진 않아 아무 아픔 없이 너만은 행복하길  널 만나면 말없이 있어도 또하나의 나처럼 편안했던거야 널 만나면 순수한 내모습에 철없는 아이처럼 잊었던 거야  내겐 너무 소중한너 내겐 너무 행복한너   처음엔 그냥 친군줄만 알았어 아무 색깔 없이 언제나 영원하길 또다시 사랑이라 부르진 않아 아무 아픔 없이 너만은 행복하길  널 만나면 말없이 있어도 또하나의 나처럼 편안했던거야 널 만나면 순수한 내모습에 철없는 아이처럼 잊었던거야  널 만나면 말없이 있어도 또하나의 나처럼 편안했던거야 널 만나면 군수한 내모습에 철없는 아이처럼 잊었던거야  내겐 너무 소중한너 내겐 너무 행복한너
2003.02.09~02.15,25,316784,Valenti,보아(BoA),Miracle,2002.09.01,Dance,,그대를 바라본 내 모습  그대가 바라본 내 모습  내 미래를 걷어 버리고  그대의 그 손을 잡았어  이른 아침 이슬 맺힌 듯  어린 사랑이라고 해도  마치 불꽃같아 보여도  Oh step in step in baby  우린 어떻게 만난건지  왜 하필 그게 나인건지  Boy I fall in love with you  지금 이 순간도  타이트한 그대의 틀에 맞춰진  사람이 되고도 행복한 나  그 어떤 조그마한 소원이라도  그대에게 기회를 줄래요   My dream  찢어져 있는 청바지와  섬세한 그대의 눈빛도  항상 지켜주고 싶었어  운명처럼 비밀로 했어  소중한 나의 모든것은  내 자신이 지켜줘야해  그곳의 벽을 뛰어 넘고  Oh step in step in baby  무의미한 그 욕심들도  알 수 없는 그 행동까지  Just I fall in love with you  모두 받아 줄께  그대와 나 사이 우리 둘 사이  사랑을 찾을 수 없는 거라면  이 넓은 세상의  어느곳에도 사랑은 존재하지 않는 걸 My dream 헤어지면 의미 없잖아 그냥 함께 있고 싶은걸 Boy I fall in love with you 이런 날 잡아 줘 달리는 고동의 길을 걸어가 그대와 내가 택한 이 길 위에 그 어떤 알 수 없는 예감 속에서 사랑할 수 있게 믿음을 줘  My dream 타이트한 그대의 틀에 맞춰진 사람이 되고도 행복한 나 그 어떤 조그마한 소원이라도 그대에게 기회를 줄래요  My dream
2003.02.09~02.15,26,422098,행복했던 기억들은... (When Did Your Heart Stop Loving Me),JTL,Love Story,2002.12.01,Ballad,"COLEGATEROY,MAGNUSFUNEMYR",우리 처음 만났던 그날이 떠올라  그 길을 또 걷지만 너는 곁에 없는걸 하얀 눈이 내리던 그날이 떠올라 오늘도 눈이 내려 내 눈에 눈물이 흘러  네가 곁을 떠나 간 후 느낄 수 있는 건 너 없는 빈자리가 너무 큰 그리움이란 걸 가슴속을 파고드는 아픔이 있는 건  얼마나 많은 밤을 지새며 눈물 흘려야 하나  기억 속에 너의 모습 떠올라 나도 몰라 내가 왜 이래야만 하는지 왜 자꾸 눈물이 나는지  항상 곁에 있겠다던 네가  날 떠나지 않겠다던 네가  이제 없는 걸 더 크게 느껴지는 걸  후회만이 남아 술에 취해도 몸부림 쳐봐도  이젠 아무 소용 없는 걸 날 떠나간 후  네가 곁을 떠나간 후 느낄수 있는 건  너 없는 빈자리가 너무 큰 그리움 이란 걸  가슴속을 파고드는 아픔이 있는 건  얼마나 많은 밤을 지새며 눈물 흘려야 하나  이젠 너와 내가 되는가  하나였을 때 우린 정말  어떤 어려움도 이겨낼 수 있었는데  행복했던 기억들은 (기억들은)  아픈 추억이 되고  너 없는 빈자리가 너무  큰 그리움이란 걸(그리움이란 걸)  가슴속을 파고드는 아픔이 있는 건  얼마나 많은 밤을 지새며 눈물 흘려야 하나  네가 곁을 떠나간 후 느낄 수 있는 건  가슴속을 파고드는  행복했던 기억은 아픈 추억이 되고...
2003.02.09~02.15,27,317636,빨간 내복,이문세,빨간 내복,2002.10.15,Ballad,이문세,새빨간 내복을 입고 입 벌리며 잠든 예쁜 아이  낡은 양말 깁고 계신 엄마  창밖은 아직도 새하얀 겨울밤  한손엔 누런 월급봉투  한손엔 따뜻한 풀빵 가득 오~예  한잔 술로 행복해 흥얼거리며 오시는 아버지  그리워~요 눈물이나~요 가볼 수도 없는 곳  보고파요 내 뛰놀던 그 동네 날 데려가 준다면   너무 멋진 하숙생 오빠 고향으로 돌아가는 이삿짐  리어카엔 낡은 책과 라디오  문밖엔 어느새 온 동네 사람들  다시는 못 볼 것 같아  밤새워 써 논 편지를 쥐고 으~흠  담 밑에 쪼그려 앉아 눈물 흘리는 하숙집 이쁜이  그리워~요 눈물이나~요 돌아갈 수 없는 곳  보고파~요 내 뛰놀던 그 동네 날 데려가 준다면~  어쩌면 나도 먼~훗날 낡은 사진 속 주인공이 되어  누군가 날 그리워하며  추억하며 살아갈 수도 있을 테지 그리워~요 눈물이나~요 가볼수도 없는 곳  보고파~요 내 뛰놀던 그 동네 날 데려가 준다면~  그리워~요 눈물이나~요 돌아갈 수 없는 곳  보고파~요 내 뛰놀던 그 동네 날 데려가 준다면~
2003.02.09~02.15,28,423378,그대여서 고마워요,신승훈,The Legend (The New / The Classic / The Festive),2002.11.20,Ballad,심현보,그대밖에 모르고 싶죠 그게 행복인걸요
2003.02.09~02.15,29,314591,Tonight,쥬얼리,2집 Again,2002.07.31,Dance,심현보,집엔 잘 갔을런지 그대가   걱정이죠   오늘밤 얼마나 힘든 잠을 청할까  헤어지자는 말도  잘 지내라는 말도  꺼내기가 싫죠 많이 아팠을텐데  몰라요 난 이 순간도  끝이란게 믿을 수 없어  내일이면 웃으며 볼 수  있을 것 같죠 Tonight 이 밤이 지나고 나면  모든게 달라지겠죠  모르는 사이로 우린  돌아가는 거죠 Tonight 내일도 변하지 않을  사랑은 그대로지만  잡을 수 없겠죠  그게 이별이니까  마지막 그대 얼굴 조금  더 못 봐둔게  후회스러워 난 자꾸  눈물이 나요 그래요 나 혼자서는  계속 갈 수없는 거겠죠  내가 힘들어하면 그댄  더 아프겠죠  Tonight 그 오랜 추억 모두는  오늘밤 다 잊는 거죠  처음부터 우린 만난 적이  없는 걸로 Tonight 이렇게 보내고 나면  다시는 없을 내 사랑  내 맘이 닿으면 다시  볼 수 있겠죠  왜 나는 이렇게 그대가  간절한가요  이제 그대는 다른 사람인데 Tonight 이렇게 보내고 나면  다시는 없을 내 사랑  내 맘이 닿으면 다시  볼 수 있겠죠
2003.02.09~02.15,30,316185,Someday,제이워크,Someday,2002.10.14,Ballad,안성일,baby close your eyes listen to heart n song  cause i no fool no more do  what love will make u do  i wanna heart n song  baby my love is so good  tell me that u need me  i'll always make u smile   some day 나 기억해요 우리가 처음 만났던  그날들을 조심스럽게 수줍던 말로  서로를 조금씩 알아가던 때도 있죠  또 궁금해요.  내 어떤점이 그대의 맘 사로잡을 수 있었던 거죠.  말 못하겠죠 나아닌 나를  조금씩 더 익숙해져 가기만 한  그대 가끔 길을 걷다 멈춰서면  나 사실은 겁이나요  내가 살수없는걸 보는 그대인걸  동전하나 남아있다고 하면 그대 떠날껀가요  잡을수 없죠 언제쯤 그대 단 한번만이라도  정말 나를 위해서 웃어줄수 있죠  cause i no fool no more do what love  will make u do i wanna heart n song  baby my love is so good tell me that  u need me i'll always make u smile  그대 그런말을 한적 있었죠 내가 새롭다며  예전 그대 사랑을 비교하던 그대 이젠 내가 지겨워졌을까요  매일 늘어만 가는 그대 투정도  그대 스쳐간 저 낙엽 같은 사랑  해가 바뀌면 그대 또 웃을수있겠죠  가끔 다른곳에서 그대소식을 듣겠죠 그대  제발 행복해야만 되요 i want you  someday 시간이 흘러  멀리서 그대 바라보고 있는날  쓸쓸이 걷던 그대 뒷모습 내 눈앞에 어른거린기만 한데  그대 still loving you
2003.02.09~02.15,31,608863,Snowman,장나라,2집 Sweet Dream,2002.10.02,Dance,서동성,When it snows(When it snows)  그렇게 사랑은 왔죠  Be with me(Be with me )  하얀눈처럼  One day when it starts snowing  when you are here with me  I will hold you in my arms  Till the snow melts away  흰 눈이 내리는 날 내게와 준다면  녹지않을 만큼 꼭 안아줄꺼야  조금은 커졌니 그때는 미안해  너보다 큰 눈사람 부러워하던 너  When it snows( When it snows)  거리에 많은 사람들  Be with me(Be with me ) 어디쯤 서있니  When it snows( When it snows)  내게로 달려와 줄래  Be with me(Be with me ) 나의 첫사랑    white white snow man  스두두 스빠빠빰  monday you with me  when it snow men    우리 크면 만나자고 약속했죠  열번째 첫눈이 또 흰눈이 내려오는날  꽁꽁 얼어붙은 손을 불어대던  어린 시절 꼬마 눈사람  One day when it starts snowing  when you are here with me  I will hold you in my arms  Till the snow melts away    햇살은 눈부신데 왜 맘은 아플까  눈사람처럼 울던 착했던 니 마음  When it snows(When it snows)   거리에 많은 사람들  Be with me( Be with me )  어디쯤 서있니  When it snows( When it snows)  내게로 달려와 줄래  Be with me(Be with me )   나의 첫사랑  When it snows (When it snows)  그렇게 사랑은 왔죠  Be with me( Be with me)  하얀 눈처럼  When it snows( When it snows)  이렇게 겨울이 오면  Be with me(baby Be with me   my smiling white snow man    ho!
2003.02.09~02.15,32,430014,기분 좋은 상상,여행스케치,달팽이와 해바라기,2002.08.01,Folk,조병석,어느날 천사가 너에게 와서  너의 소원 하나를 들어 준다고  묻는다면 어떻게 말할래  커다란 종이 비행기를 접어  그녀와 함께 타고 솜사탕 같은  구름에 가득 이렇게 쓰고 싶다고  loving you I`m loving you  마음속에 고이 접어둔 말  사랑해 사랑해 생각만 해도 행복해  그리고 또 지우고 아마  천번은 더 그려왔을 소중한 내일을  함께 하자고 말할께  어느 날 천사가 또 다시 와서  너의 소원 하나를 들어 준다고  묻는다면 어떻게 말할래  별빛과 달빛을 한아름 엮어  그녀의 미소처럼 화사한 머리핀을 만들어  앞머리에 꽂아주며  loving you I`m loving you  그녀에게 듣고 싶은 그 말  사랑해 사랑해 한번 더 말하고 싶어  싱그런 장미보다 촉촉한 그대의 입술처럼  향기로운 무드를 함께 했으면  꿈깨라 거울속에 비친 너희들의 모습을 봐  농담이 좀 지나친거 아냐  겉으론 어떤 말을 못 하겠니  선수같은 너희들 말을 어떻게 믿을 수 있니     그렇게 배가 아프면  너도 우리처럼 기분 좋은 상상 해봐  모든게 다르게 보여  어느날 천사들이 모두 날개를 잃어버리고  다시는 소원을 말하지 못한다해도  괜찮아 난 괜찮아 그때는  나만의 용기로 말할테니 그녀가 바로 너라고  loving you I`m loving you  마음속에 고이 접어둔 말  사랑해 사랑해 생각만 해도 행복해  loving you I`m loving you  그녀에게 듣고 싶은 그 말  사랑해 사랑해 말하고 싶어 loving you- loving you I`m loving you-
2003.02.09~02.15,33,316233,Buenos Aires,불독맨션,Funk,2002.09.19,Rock,"이한철,김동영",네번의 기내식과 지루한 미국영화를 본 난 적도를 지나며 설레는 맘에 창밖을 봐 저 언덕과 들판 위 내 눈이 머문 곳에 나의 그대가 손 흔들고 있네요 라따따라따따 baby 오후의 열기와 뿌연 먼지 바람 속의 난 따가운 햇살과 낯선 도시의 향기를 느껴 저 언덕과 들판 위 내 눈이 머문 곳에 나의 그대가 손 흔들고 있네요 라따따라따 따따라 저 태양과 시간 속 내 맘이 머문 곳에 나의 그대와 손을 잡고 있겠죠 라따따라따따 baby 잠 siesta 휴일 fiesta 그 곳에 난 잠들고 싶어 파란 저 언덕과 이 들판 위 어딘가의 나의 그대가 손 흔들고 있네요 라따따라 따라 타오른 저 태양과 이 시간 속 어딘가의 나의 그대와 손을 잡고 있겠죠 라따따라 따따
2003.02.09~02.15,34,421030,달아달아,이정현,I Love Natural,2002.11.01,Dance,"윤일상,윤사라",자꾸 왜 이러는데 다 끝난 일인데  그 사람은 이제 내 곁에 없는데  날 차버리고 간 날 비참하게 한 사람  왜 그리도 못 잊는건데    아무것도 할수 없어 아무데도 갈수 없어  어딜가도 그사람의 흔적들이 내 가슴을 아프게 해    달아달아 제발 나를 도와줘 그 사람은 나의 남자야  달아달아 나를 잊지 못하게 그 사람을 떠나지마    절대 안돼 예전으로 돌아 갈수 없어  달라 달라 다른 여자와 전혀 달라  아무리 힘들어도 아무리 아프게 해도  절대로 뒤돌아 보지마 마~ 마~ 마~ 마~ 마~ 마~    나만 사랑한다고 늘 나뿐이라고  떠나지 말라고 늘 함께 하자고  그렇게 말했던 나밖에 없던 그 사람  날 버리고 가버린 사랑    아무것도 할수 없어 아무데도 갈수 없어  어딜가도 그사람의 흔적들이 내 가슴을 아프게 해    달아달아 제발 나를 도와줘 그 사람은 나의 남자야  달아달아 나를 잊지 못하게 그 사람을 떠나지마    달아달아 제발 나를 도와줘 사랑 땜에 미칠것 같아  달아달아 나를 잊지 못하게 그 사람을 지켜줘
2003.02.09~02.15,35,317832,끝이 보일때쯤..,화요비,Because I Love You,2002.10.12,R&B / Soul,화요비,누구나 한번쯤은 세상을 다 준대도  바꿀 수 없는 사랑해봤겠죠  그러다 보면 시간이 흘러가듯 이별도 찾아 와요  사랑이 깊어 지면 멈출 줄을 모르죠  눈 뜨면 서로밖에 못 보니까  운명의 선이 어긋날 때 쯤 되면  그땐 자신밖에 몰라요 끝이 보이면 서두르지 마요  벌써 무너진 가슴이겠지만  생각도 없이 아픔에 지쳐서  소중한 사람 버리려 하진 마요  안아주세요 그의 미움까지  그리고 이렇게 생각해봐요  그 사랑 없이도 나 살 수 있는지  살아갈 이유 없어도 되는 건지  그렇게  참았던 투정들이 한껏 밀려왔을 땐  좋았던 기억으로 덮어줘요  만약 헤어지면 영화속 이별처럼  우연히라도 볼 수 있게 끝이 보이면 서두르지 마요  벌써 무너진 가슴이겠지만  생각도 없이 아픔에 지쳐서  소중한 사람 버리려 하진 마요  안아 주세요 그의 미움까지  그리고 이렇게 생각해봐요  그 사랑 없이도 나 살 수 있는지  살아갈 이유 없어도 되는 건지  그렇게
2003.02.09~02.15,36,317157,2002년의 시간들,언니네이발관,꿈의 팝송,2002.10.17,Rock,이석원,우리 헤어지던 날 넌 아무렇지도 않게 그냥 걸었어  너의 마음 어디쯤에 이별을 반기는 마음이 있나 봐  너를 아는 정말 많은 사람 중에 그 많고 많은 사람 중에 널 찾는 이 없어 아무도 없어 그걸 왜 모르는 거니 사실 이제는 그 누구도 볼 수 없을 것만 같은 그런 슬픈 마음의 소리 난 들을 수 있어 나를 보는 너의 마음 나는 알아 그 너의 마음 나는 알아 난 가진게 없어 나은 것도 없어 그게 뭐 어쨌다는 거니  추억이 깊을수록 생기 없는 날들이 너무나 힘들어  나를 아는 정말 많은 사람 중에 그 많고 많은 사람 중에 날 찾는 이 없어 아무도 없어 그래도 괜찮은 건지 잘 모르겠지만  바람이 있다면 나도 너희들의 흔한 얘기 나누고 싶어 나를 보는 너의 마음 나는 알아 그 너의 마음 나는 알아 난 가진게 없이 나은 것도 없어 그게 뭐 어쨌다는 거니
2003.02.09~02.15,37,992576,화해연가 (和解戀歌),봄여름가을겨울,Bravo My Life,2002,Rock,김종진,그대여 날좀봐요 계속 토라져있을 건가요 용기내어 다가가는 날 버려두진 않겠죠 그대여 웃어봐요 그댄 웃는 모습이 귀여워요 시간이 이렇게 흐르면 우리는 후회하고 말꺼야 내말 들어봐요  잊었나봐요 우리가 처음 만난 날을 세상은 온통 핑크빛 구름 위 였었죠 힘이 들땐 위로하고 서로 그리워하던 그때로 우리 잠깐 돌아가보도록 해요 알아요 나도 이러고싶진 않아요 하지만 그대의 무뚝뚝한 모습을 보면 난 아무말도 못하겠어요 넌 내 반쪽이 아니라 전부라 말하던 당신이 이런 내모습까지 사랑해 줄 순 없는건가요 그대여 날좀봐요 계속 토라져있을 건가요 용기내어 다가가는 날 버려두진 않겠죠 그대여 웃어봐요 그댄 웃는 모습이 귀여워요 시간이 이렇게 흐르면 우리는 후회하고 말꺼야 내말 들어봐요  잊진 않겠죠 우리가 했던 약속들을 세상 끝까지 변치말고 행복하자던 용서하며 사는 것이 인생 아니던가요 그대여 고개들어 같은 곳을 바라봐요 알아요 자기가 하는 말이 무엇인지 하지만 나도 내맘을 어떻게 할 수 없을 때가 있어요 때로 눈물을 흘리고 자존심이 상하기도 한다구요 이런 내모습까지 따스히 감싸주면 좋을텐데 그대여 날좀봐요 계속 토라져있을 건가요 용기내어 다가가는 날 버려두진 않겠죠 그대여 웃어봐요 그댄 웃는 모습이 귀여워요 시간이 이렇게 흐르면 우리는 후회하고 말꺼야 내말 들어봐요  그대여 날좀봐요 계속 토라져있을 건가요 용기내어 다가가는 날 버려두진 않겠죠 그대여 웃어봐요 그댄 웃는 모습이 귀여워요 시간이 이렇게 흐르면 우리는 후회하고 말꺼야 그대여 날좀봐요 계속 토라져있을 건가요 용기내어 다가가는 날 버려두진 않겠죠 그대여 웃어봐요 그댄 웃는 모습이 귀여워요
2003.02.09~02.15,38,432311,사랑이 올까요,박정현,박정현 Op.4,2002.06.15,R&B / Soul,,많이 사랑했었죠 아무일도 아닌 일에 웃었죠  밤새 얘기 나눠도 우린 하고픈 얘기가 끊이질 않았죠   거울 보며 웃었죠 우린 서로 닮았다고 했었죠  잦은 나의 투정도 넓은 품으로 이해 해주고 안아줬잖아요   사랑이 올까요 또 오게 될까요 그대 아니면 안될것 같은데  그대가 그렇게 지내듯  나도 다른사랑 찾아도 그대는 정말로 괜찮나요  우린 약속했었죠 사는 동안 서로밖에 없기를  눈으로만 말해도 다 알았잖아요 그런 그대가 내곁에 없네요   만나게 될까요 그대같은 사람 그대아니면 없을것 같은데  잊어보려고 기도하다  마지막에 항상 바뀌어요 그대를 되돌려 달라고   혹시 그대 꿈에 갈수 있다면 가장 예쁜 모습으로 갈수 있다면  난 크게 말할거에요  I love you 사랑한다고 그럼 그대도 나 그리울까요   사랑이 올까요 또 오게 될까요 그대아니면 안될것 같은데  그대가 그렇게 지내듯  나도 나의 사랑찾아도 그대 정말로 괜찮은 건가요   만나게 될까요 그대같은사람 그대아니면 없을꺼 같은데  잊어보려고 기도하다 바꾸게되죠 그대를 되돌려 달라고
2003.02.09~02.15,39,419566,무지개,조규찬,무지개,2002.11.01,Ballad,조규찬,창백한 아침 햇살이 동산을 맴돌 때 나무 위에 새들도 구름마다 흐르네 우 집 앞엔 친구들이 내 이름을 부를 때  나도 모르는 기쁨이 내 몸을 감싸네  한여름 날 소나기를 흠뻑 맞은  아이들의 모습에 살며시  미소를 띄어 보내고  뒷산 위에 무지개가 가득히 떠오를 때면  가도 가도 잡히지 않는  무지개를 따라 갔었죠 워 예 한여름 날 소나기를 흠뻑 맞은  아이들의 모습에 살며시  미소를 띄어 보내고  뒷산 위에 무지개가 가득히 떠오를 때면  가도 가도 잡히지 않는  무지개를 따라 갔었죠
2003.02.09~02.15,40,317670,멋쟁이 신사,YGFamily,YG Family 2,2002.10.24,Rap / Hip-hop,YGFamily,멋쟁이 신사 나가신다 길을 길을 비켜라
2003.02.09~02.15,41,530208,시간에 기대어,이브,The History Of EVE (Live Album),2004.06.25,Rock,심현보,가끔이라도 생각이 날런지  너라는 사람 내곁에 있었던 걸  이해해 마음의 빚이 남아서  잡을 수도 없는 날  잊혀지는 아픔을 견디며  혼자 있어도 웃을 수 있을지  너를 닮은 누군갈  기다려야겠지만  어리석은 짓이지  그래도 살겠지 눈물이 나도  함께여도 편치 않았던 사랑  이거니 이걸 바랬었니 너는  시간에 기대어 지우길  잊겠지 그러다 잊게 되겠지  혼자 남은 서글픈 사실마저  추억이 너의 이름이  지우고 나면  얼굴 조차 잊겠지    어쩌다가 눈을 뜨는 새벽  정말 내곁에 니가 없다는 걸  놀란 나는 몇번씩  너를 불러보지만  부질없는 짓이지  그래도 살겠지 눈물이 나도  함께여도 편치 않았던 사랑  이거니 이걸 바랬었니 너는  시간에 기대어 지우길  잊겠지 그러다 잊게 되겠지  혼자 남은 서글픈 사실마저  추억이 너의 이름이  지우고 나면  얼굴 조차 잊겠지  그걸 바랬던 거니
2003.02.09~02.15,42,317801,첫사랑,이소라,Diary,2002.10.11,Ballad,이소라,파랗게 비가 개인 날 하늘색 예쁜 구둘 신고  가볍게 나풀대며 그 집 앞을 찾아가 첫사랑 니가 사는 곳 좁고 긴 작은 골목길 안  하얀색깔 담 그 위에 내 마음을 적어봐 난 그냥 네가 좋아 날 모른대도 좋아 언젠가는 알아줘 나 널 원하는 사람 나야 나 널 다 아는 사람  기막혀 얼굴 붉혀 하지마 그래도 너만 바라봐 반갑게 문을 여는 너 담장에 까만 글씰 보며  수줍은듯 어색하게 웃고만 있었어 난 그런 네가 좋아 잘 웃는 네가 좋아  이것만은 알아줘 나 널 원하는 사람 나야 나 널 다 아는 사람  기막혀 얼굴 붉혀 하지마 그래도 너만 바라봐  그게 나야널 원하는 사람 나야 나 널 다 아는 사람  기막혀 얼굴 붉혀 하지마  그래도 너만 바라봐 그게 나야 나야  나 널 원하는 사람 나야 나 널 다 아는 사람  기막혀 얼굴 붉혀 하지마  그래도 너만 바라봐 그게 나야 널 원하는 사람 나야 나 널 다 아는 사람  기막혀 얼굴 붉혀 하지마  그래도 너만 바라봐 그게 나야 널 원하는 사람 나야 나 널 다 아는 사람  기막혀 얼굴 붉혀 하지마  그래도 너만 바라봐 그게 나야
2003.02.09~02.15,43,432940,여정,왁스,Wax 3,2002.07.05,Ballad,이건우,거리마다 불빛이 흐느끼듯 우는 밤  세월흐른 지금도 사랑하고 있다니  내 나이가 몇인가 꽃이 되어 진 세월  무던히도 참아왔던 외로움의 눈물이  사랑했어 사랑했어  우린 미치도록사랑했었어  보고싶어 너무 보고싶어  내 사랑이 식기전에   별빛속을 헤매던 하나였던 그림자  지금 어디 있는지 너무 보고 싶은데  사랑했어 사랑했어  우린 미치도록 사랑했었어  보고싶어 너무 보고싶어  단 한번만 내게  돌아와줘 돌아와줘  슬픈 내 눈물이 마르기전에  보고싶어 너무 보고싶어  내 사랑이 다 식기전에  이것만은 꼭 기억해야해  가려거든 오지마
2003.02.09~02.15,44,430722,The Name 名字(명자),더네임,The First Scene Of 名字(명자),2002.07.01,Ballad,김지민,수천번 수만번 불러봤던 이름을  다시애써 지우려고 하는데  누구를 만나도 누굴 불러보아도  너의 이름이 귓가에 맺혀서  얼굴을 그려보아도 체온을  느끼려해도  아무것도 생각나질 않아  모두 잊은듯한데  I remember name  시간이 흐른지금도  내맘속에 슬픔으로 남아있어  The Name 먼훗날 내게도 그런날이 오겠지  남은 하나의 숨쉬는 그날이  마지막 부르는 니 이름이 될거야  어서그날이 오면 좋을것같아  하지만 하늘이 있어 그속에  삶이있다면  또 다시 널  그리워 지우며 살아야 하는 걸까  I forgot your name  다시는 부를수 없는  이름으로 날아가  이젠 모두버려 너의 아름다웠던  모습도 미소도 향기도 이름마저   이젠지워버려  I remember name  I forgot your name  Cause your my love  눈 감아 또다른 삶이 있다하여도  I remember name  다시 또 부를수있는 이름으로  기억되지 않았으면  The Name
2003.02.09~02.15,45,430227,나비(娜悲)의 겨울,박효신,Time Honored Voice,2002.09.13,Ballad,윤사라,시간을 멈출수 있다면 온힘을 다해 막을텐데....어쩌면 우리 오늘이 마지막인데....잠시후면 볼 수 없을텐데.....조금만 천천히 일어나 주겠니?마지막 그 담배를 다 피울때까지만부탁이야 조금만 더 너를 볼 수 있게....며칠전 우연히 보았던짙은 화장의 취한 네모습숨기고 싶은 또 다른 삶이 있다면언제까지나 모른척 할텐데....한번만 되돌려 줄수는 없겠니?어떻게 이대로 사랑이 끝나니?행복했던 처음으로 돌아갈수있게...허락해줘....너도 기억하니?숨이 멎을 듯 사랑했던꿈보다도 더 아름다워 부서질것 같던눈부신 순간들.....기어코 날 두고 떠나야 한다면.....추억이 눈물이 되어야 한다면.....부탁이야......조금만 더 너를 볼수있게.......
2003.02.09~02.15,46,313556,선인장,성시경,Melodie d` Amour,2002.07.19,Ballad,윤사라,눈 뜨지 말아요 잠든 채 그냥 있어요 그대 눈물 못 본 척 할게요 한번만 더 그대의 고운 얼굴을 가슴에 새길 수 있게 해줘요 날 잡지 말아요 내 못난 사랑 안에서 그댄 너무 힘들었잖아요 내 욕심이 그대를 깨울 수 없게 이대로 말없이 떠날 수 있게 도와줘요 사랑해서 내가 가까이 갈수록 그대 맘엔 상처가 깊어져 우리는 너무나 닮지 못했죠 우리에게 허락된 건 그저 바라보는 일 거짓을 말할 땐 내 눈을 피하던 그댈 내가 너무나 잘 알잖아요 변함없이 사랑한다는 거짓말 오히려 내 맘을 병들게 했죠 알잖아요 사랑해서 내가 가까이 갈수록 그대 맘엔 상처가 깊어져 우리는 너무나 닮지 못했죠 우리에게 허락된 건 그저 바라보는 일 혼자 가야 할 그대의 길이 힘이 들 땐 나의 이름을 불러요 안아줄 수는 없지만 그댈 지켜줄 수 있도록 가끔씩만 날 찾아줄 순 없나요 다른 사람 함께라도 좋아요 그대의 모습만 볼 수 있다면 괜찮아요 얼마든지 견뎌낼 수 있어요 나 기다릴게요
2003.02.09~02.15,47,421955,Welcome to Koneyisland,VariousArtists,A Walk Around The Corner(Project Album: Photo+Music),2002.11.01,Ballad,,
2003.02.09~02.15,48,430126,Propose,강타(KANGTA),Pine Tree,2002.08.01,Ballad,강타(KANGTA),어떤 말부터 꺼내야할지 어떤 말이 멋질지  왠지 평소완 다른 내가 이상해 보이진 않을지  어디가 좋을지 고민했어 어떤 곳이 멋질지  우리 처음 만났던 이 카페  이젠 또 다른 두 번째 고백인걸   가끔은 이기적인 내가 많이 힘들었단 걸 알아  하지만 조금씩 달라질 내 고백을 받아줄래   너 없인 옷도 난 잘 고르질 못하잖아  방도 항상 지저분할 것 같아  니가 없으면 술에 취한 날들만  늘어갈 것만 같은데   너 없인 늦잠 자는 날 깨울 수가 없어  식사도 제대로 하지 않겠지  무엇보다 니가 없인 단 하루도 살수가 없어  나와 결혼해 주겠니   이런 말 나도 많이 어색해 너의 맘은 어떤지  왜 자꾸 웃기만 하는 거니  이런 내 모습이 혹시 낯선 거니   때론 힘든 날도 있겠지  때론 다투기도 하겠지  하지만 세상 그 무엇도  우릴 갈라 놓을 순 없어   너 없인 옷도 난 잘 고르질 못하잖아  방도 항상 지저분할 것 같아  니가 없으면 술에 취한 날들만  늘어갈 것만 같은데   너 없인 늦잠 자는 날 깨울 수가 없어  식사도 제대로 하지 않겠지  무엇보다 니가 없인 단 하루도 살수가 없어  나와 결혼해 주겠니   아무리 생각해봐도 멋진 말이 떠오르지가 않아  매일 아침 눈을 뜰 때마다 니가 곁에 있으면   이젠 날 어떻게 부를 건지 생각했니  예전처럼 오빠라 부를 거니  아기들은 몇이나 가질거니  난 둘이면 딱 좋은데   널 만난 이 세상에 감사 드리며 살게  혹시 넌 내 마음 알고는 있니  어떤 두려움 망설임도 없이 널 선택했어  그만큼 너를 사랑해 -
2003.02.09~02.15,49,316561,Inmost,이승환,Serious Day,2002.10.30,Ballad,이승환,살아있음 행복하니 붙어있는 숨에 안도하니 어딜 가던지 무얼 하던지 너는 부딪혀 깨진 내가 처참하게 무너져가길 원해  너의 삶을 살고 있니 갈망이 갈증이지 않게 무엇이 진정 니가 원했던 거니 부딪혀 깨진 내가 처참하게 무너져가길 원해 keep on followin' dream my real my real dream I will be there someday my real world 미래는 없고 현실은 지고 젊음은 가고 허망한 꿈만 쫓고 안위와 시기 나에게 닥친 위기 이제 나는 나로 또 다른 내가 아닌 진짜 나로 늦지 않아 이제 그게 뭔데 뭐래 자유 이제 내게 모든 것이 내게 무엇이 진정 니가 원했던 건지 어딜 가던지 무얼 하던지 너는 keep on followin' dream my real my real dream I will be there someday my real world  keep on followin' dream my real my real dream I will be there someday my real world keep on followin' dream my real my real dream I will be there someday my real world 살아있음 행복하니
2003.02.09~02.15,50,431613,악수,비,N001,2002.05.13,Ballad,박진영,헤어지자는 말 이제는 그만 만나자는 말 음 어쩜 그런 편안한 표정과 말투로 할 수가 있는 건지 어쩜 그렇게 쉬운지 헤어지는게 그대에겐 아무것도 아닌지 어떻게 웃고 있는지 즐거웠다는 말 그 말이 전분건지 내겐 사랑이었죠 그대에겐 즐거운 시간이었지만 내겐 사랑이었죠 처음으로 느껴본 사랑 난 그댈 만나 처음으로 정말 행복했죠 하지만 그댄 알 수 없는 이유로 이렇게 내곁을 떠나려고 하네요 그댄 언제나 이렇게 만나고 또 헤어지고 이러나요 나와 함께 한 시간도 그저 또 하나의 추억일뿐인가요 내겐 사랑이었죠 그대에겐 소중한 추억이라지만 내겐 사랑이었죠 처음으로 느껴본 사랑 악수를 청하는 그대의 손을 난 바라보고 서있죠 음 이 악수를 하면 그댄 돌아서겠죠 그럼 난 이제 어떡하나요 우 워 내겐 사랑이었죠 그대에겐 즐거운 시간이었지만 내겐 사랑이었죠 처음으로 느껴본 사랑 마지막으로 느낀 사랑
