time,rank,song_id,title,singers,album,date,genre,creator,lyric
2001.09.16~09.22,1,620679,잘가요 내사랑,조성모,4집 No More Love,2001.09,Ballad,강은경,그죠 날 떠나실거죠  한번쯤 날 위해 솔직해줘요  가라시면 갈텐데  왜 애써 숨겼나요  아직 난 너무도 힘드네요  그 모든 사연을 잊어 내기엔  그대는 떠나도 사랑만은  남을 줄 알았는데  허무한 바램인가요  가세요 이제 편히  그댈 보내 드릴께요  함께한 정도 미련도  다 두고 가세요  세월가면 그대 잠시라도  문득 날 그리워하며  눈물질텐데  내가 언제라도  그대 몫까지 아파줄께요  그대 편히 갈수있게    그죠 날 사랑한거죠  거짓말이라도 듣고 싶네요  마지막 부탁인데  그 대답 어렵나요  아직 난 너무도 아프네요  웃으며 이별을 맞아주기엔  사랑이 떠나도 그리움은  남을 줄 알았는데  그 마저 떠나 가네요  가세요 이제 편히  그댈 보내 드릴께요  함께한 정도 미련도  다 두고 가세요  세월가면 그대 잠시라도  문득 날 그리워하면 눈물질텐데  내가 언제라도 그대 몫까지  아파줄께요 그대 편히 갈수 있게    잘가세요 멀리 가더라도  행복하게 살아줘요  잘가요 내사랑.....
2001.09.16~09.22,2,26378,화장을 고치고,왁스,Wax02 : 화장을 고치고,2001.08.09,Ballad,최준영,우연히 날 찾아와 사랑만 남기고 간 너    하루가 지나 몇 해가 흘러도    아무 소식도 없는데 세월에 변해버린    날 보면 실망할까봐 오늘도 나는    설레이는 맘으로 화장을 다시 고치곤해    아무것도 난 해준게 없어    받기만 했을뿐 그래서 미안해    나같은 여자를 왜 사랑했는지    왜 떠나야 했는지 어떻게든    우린 다시 사랑해야 해      살다가 널 만나면    모질게 따지고 싶어 힘든 세상에    나홀로 남겨두고 왜 연락 한번 없었느냐고    아무것도 난 해준게 없어 받기만 했을뿐    그래서 미안해 나같은 여자를    왜 사랑했는지 왜 떠나야 했는지    어떻게든 우린 다시 사랑해야해    그땐 너무 어려서 몰랐던 사랑을    이제야 알겠어- 보잘것 없지만    널 위해 남겨둔 내 사랑을 받아줘    어떻게든 우린 다시 사랑해-야해
2001.09.16~09.22,3,91166,천만에요,애즈원,천만에요 2집,2001.08.18,R&B / Soul,강은경,그가 먼저 나간 뒤홀로 남아  리필을 청했죠  커필 기다리면서 잠시  화장을 고쳤죠  문득 지갑 속에 남은 그가  생각이 났죠  웃는 그를 잘게 조각내 반쯤  남은 잔에  모두 털어버린 거죠  아마도 그는 내가 지금쯤은  너무 걱정돼 미치겠죠 자기가  버리곤  상심한 그 나머지 혹 차에  뛰어들진 않을까   천만에요 멀쩡해요 난  까펠 나온 다음엔 이곳저곳  쇼핑을 했죠  가장 화려한 걸로 옷도  한아름 골랐죠  한참 돌아다닌 동안 차츰  허기가 졌죠  남자친구 생각이 났죠  너 전활 하자마자  금새 달려 와 준거죠  아마도 그는 내가 지금쯤은  너무 불안해 미치겠죠 그렇게  떠난 후  살고 싶지 않아져 딴 생각을  하지 않을까  천만에요 멀쩡해요 난  늘 알고 싶었죠 정말 알고 싶었죠  대체 사람들이 이별한 뒤에  그 심정을  알 것 같네요 나 어떤 마음인지  슬픈 것도 아닌 이 기분  하루 온종일 우울할 새 없도록  내 멋대로 살 거예요  어쩜 오히려 나보다 더 그가  이젠 가슴이 허전하고 힘들지  몰라요  그럴지도 모르죠 나 기다리며   후횔할런지  천만에요 필요없죠 난  헌데 아마도 눈물샘이  고장난 거 같아요  자꾸 눈물이 왜 흐르죠
2001.09.16~09.22,4,4123450,Wow (Ver.2),유승준,Infinity,2001.08.31,Dance,강은경,wow 예감이 괜찮아 우리   뭔가 될 것 같아 wow   정말 예쁘잖아 뭔가   특별할 것 같아 wow   um 일부러 내가 찍지 않았고  항상 여자들이 나에게 먼저   다가 왔었지 wow   다 언제나 내가 먼저 끝냈어   뒤를 돌아보거나 후회 한적   없었지  하지만 넌 달라 난왠지 모르게   끌리지만 넌 아무 손짓 없는데  그런 니가 좋아 난난난   도도해보여 늘 넌넌넌  너를 갖고 싶어 예예예  내 맘을 모두 뺏길줄 몰랐잖아   난난난  이렇게 내가 빠져버릴줄 제발   내게 맘을 열어   나 한번도 이래본적 없었지  항상 모든 것에 당당한 자신있던   나였지 wow   왜 내 마음 태연한척 할수록   왠지 니 앞에서면 초라해질 뿐일까  움직임 하나로 그 표정만으로   내 가슴은 자꾸만 흔들리는데  그런 니가 좋아 난난난   도도해보여 늘 넌넌넌  너를 갖고 싶어 예예예  내 맘을 모두 뺏길줄 몰랐잖아   난난난  이렇게 내가 빠져버릴줄 제발   내게 맘을 열어  이건 너를 갖기위한 내 선전포고   가슴속의 담아논 내 마음의 포로  마치 예전의 모습을 모르는   것 같이 내 모든걸 바꿔   니 맘대로 바꿔  너의 몇 마디에 가슴이 이리쿵   저리쿵 나의 마음속에 넌   CANCOON  같이 멀지 않은 나의 마음속   MIRAGE 끝까지라도 너는   끝까지 내차지지 What   난 너로 인해 이렇게 또   다시 태어나 다른 내가 됐어  COME ON 내 모습보며   가끔씩 나조차 놀라지   OH BABY ROCK WITH ME  그런 니가 좋아 난난난  도도해보여 늘 넌넌넌 너를 갖고 싶어 예예예 내 맘을 모두 뺏길줄 몰랐잖아  난난난 이렇게 내가 빠져버릴줄 제발  내게 맘을 열어  변하지 않아 늘 난난난 내가  책임져 꼭 넌넌넌 내 여자니까 오 예예예 저기 하늘에 허락도 받겠어  꼭 난난난 주신 나의 삶 이제 널 위해  전부 써도 되겠냐고 예감이 괜찮아 우리 뭔가 될 것 같아 wow  정말 예쁘잖아 뭔가 특별할 것 같아 wow
2001.09.16~09.22,5,25594,기다리는 이유,임창정,Different Color,2001.07.26,Ballad,조은희,그댈 보내도 되나요  처음으로 되돌아 갈 수 있나요  나 없이 안 된다던 그대가  혼자 가기엔 먼 길이 될텐데    눈물 보이면 되는지  잘 살라고 손잡아 주면 되는지  어떻게 헤어져야 하는지  내가 배운 건 사랑이 전분데    울지 말아요 그대 맘을  채우지 못했던 날 탓해요  이별은 혼자서도 할 수 있나요 워-  내 허락이 없이도 끝을 향해 가겠죠  미안해요 나의 곁에서  더 힘들었을 거라고  차라리 믿을께요 아파도-    그대 내게 준 것처럼  나 받은 걸 모두 주면 되는지  추억도 이젠 짐이 되나요  내게 남은건 그 하나뿐인데  울지 말아요 그대 맘을  채우지 못했던 날 탓해요    이별은 혼자서도 할 수 있나요 워-  내 허락이 없이도 끝을 향해 가겠죠  미안해요 나의 곁에서  더 힘들었을 거라고  차라리 믿을께요 아파도    이 세상에겐 비밀로 해요  함께 해왔던 그 날처럼 늘 이대로  사랑은 혼자서도 할 수 있겠죠 워-  그대 상관 없이도 잊지 못할 나니까  괜찮아요 영원한 슬픔에  끝내 살아간대도  내 기다릴 이윤 그댈 테니-
2001.09.16~09.22,6,19807,벌써 일년,브라운아이즈,Brown Eyes,2001.06.07,R&B / Soul,한경혜,처음이라 그래 며칠뒤엔  괜찮아져  그 생각만으로 벌써 일년이  너와 만든 기념일마다  슬픔은 나를 찾아와  처음 사랑 고백하며  설렌 수줍음과  우리 처음 만난날 지나가고  너의 생일엔 눈물의 케이크  촛불 켜고서 축하해  I believe in you  I believe in your mind  벌써 일년이 지났지만  일년뒤에도 그 일년뒤에도  널 기다려  너무 보고싶어 돌아와줘  말 못했어  널 보는 따뜻한 그의 눈빛과  니 왼손에 껴진 반지보다  빛난 니 얼굴 때문에  I believe in you  I believe in your mind  다시 시작한 널 알면서  이젠 나없이 추억을 만드는  너라는걸 내가 기억하는 추억은 언제나  지난 웃음과 얘기와 바램들  또 새로 만들 추억은 하나뿐  내 기다림과 눈물 속 너일뿐  I believe in you  I believe in your mind  다시 시작한 널 알면서  이젠 나없이 추억을 만드는  너라는걸  I believe in you  I believe in your mind  벌써 일년이 지났지만  일년뒤에도 그 일년뒤에도  널 기다려
2001.09.16~09.22,7,33641,북극성,강타(KANGTA),Polaris,2001.08.16,Ballad,강타(KANGTA),괜찮은 건지 혹시 내 생각에 힘겹진 않은지 그럴리 없겠지만 바보같은 난 아직도 많이 모자라 널 잊기엔 많이 부족해 니가 주고 간 우리 추억 때문에 어떻게든 나 살아가곤 있지만 많이 아파 했었던  내 모습이 혹시 너에게 짐이 된 건 아닌지 많이 걱정했었어 아주 잠시라도 우리 마주치지 않도록 나 기도했는데 하루에도 난 몇 번씩 왜 보고 싶어 지치는 건지 미안해 용서해 줘 가끔씩 내게 들리는 니 소식에 그토록 난 괜찮은 척 애써 보지만 아직도 내겐 남아 있는 미련처럼 너의 모든 게 너무 소중해 이제 더 이상 힘겹게 참아야만 했던 우리 모든 추억도 내 곁엔 없는 거야 아주 잠시라도 우리 마주치지 않도록 나 기도했는데 하루에도 난 몇 번씩 왜 보고 싶어 지치는 건지 미안해 용서해 줘 아주 잠시라도  우리 마주칠 수 있다면  나 고백할 텐데 하루에도 난 몇 번씩 보고 싶어 미칠 것 같다고 사랑한다고 영원토록
2001.09.16~09.22,8,104759,Baby Baby,조규찬,Thank You (For Saving My Life),2001.11.01,Ballad,"도철,왜왜",이런 나를 상상할 수 없겠죠  차갑기만 했던 사람이  세상 모든게 의미없는 것처럼  사진 한장에 웃고 우는 모습  그대 없는 내가 나을것 같다며  지쳐 떠나버린 그대  이젠 나 없이도 행복할텐데  해마다 오는 그대의 날엔  그댈 너무 보고싶은걸  baby baby baby 기억하나요 baby my baby 언제나 걷던 그길로 그대 와주면 돼요 오늘이 내게는 오랜 기다림 그대에게는 우연같은 만남 baby 이런 나를 이해할수 없겠죠 바라기만 했던 사람이 아무런 기대없이 이렇게 그댈 멀리서 혼자 바라보는 모습 그대없는 내가 나을것 같다며 지쳐 떠나버린 그대 이젠 나 없이도 행복할텐데 해마다 오는 처음 만난 날엔 그댈 너무 보고싶은걸 baby baby baby 기억하나요 baby my baby 언제나 걷던 그길로 그대 와주면 돼요 오늘이 내게는 오랜 기다림 그대에게는 우연같은 만남 baby 일년에 단 한번만이라 해도 그댈 만날수만 있다면 또다시 일년을 버틸수 있게 오 그럴수 있잖아요 baby baby baby 기억하나요 baby my baby 언제나 걷던 그길로 그대 와주면 돼요 오늘이 내게는 오랜 기다림 그대에게는 우연같은 만남 baby baby baby 기억하나요 baby my baby  언제나 걷던 그길로 그대 와주면 돼요 오늘이 내게는 오랜 기다림  그대에게는 우연같은 만남
2001.09.16~09.22,9,24105,Jumpo Mambo,쿨(COOL),Cool 6ix,2001.07.04,Dance,이승호,음 무얼 하든지 너무   간섭 안하기   누굴 만나도 연락처는   주지 않기   집착 같은건 서로   만들지 않기   과거 따위는 유치하게   묻지 않기   jumpo mambo 외모 집안 학벌   jumpo mambo 직업 능력 성격   jumpo mambo 암만 따져봐도   모두 말짱 꽝   너를 알기엔 아직 너무 모자라   느낌은 좋은데 그게 뭔진   모르겠어   무작정 기다려 그러기엔 뭐하고   딱 잘라 너라고 결정할   순 없는걸   나 역시 그 말은 충분히   이해가 돼   이십년 가까이 따로 살았는데   도대체 서롤 얼마나 만났다고   쉽게 결정할 수 있겠어   같이 삽시다 살아 봅시다   과연 우리 서로 잘 맞는지   어떤지를 한번 겪어 보면 어떨지   같이 삽시다 살아 봅시다   그렇게 하고 싶지만 그럴 순 없어   아직 널 믿지 못 하겠어   jumpo mambo 헷갈리나 니도   jumpo mambo 헷갈린다 나도   jumpo mambo shakarinarina   jumpo mambo love    사랑이란 건 가슴 뛰고 설렌대   콩깍지 때문에 눈에 뵈는   것도 없대   가진걸 다줘도 아까운것 없고   사랑을 위해서 목숨까지 바친대   하지만 왜 그리 쉽게 들   끝내는지   한 번쯤 신중히 생각해 봐야 돼   나만이 너를 영원히 지켜줄게   그 맘 변하지 않을거야   같이 삽시다 살아 봅시다   과연 우리 서로 잘 맞는지   어떤지를 한번 겪어 보면 어떨지   같이 삽시다 살아봅시다   그렇게 하고 싶지만 그럴 순 없어   아직 널 믿지 못하겠어   오 같이 삽시다 살아봅시다   과연 우리 서로 잘 맞는지   어떤지를한번 겪어 보면 어떨지   같이 삽시다 살아 봅시다   그렇게 하고 싶지만 그럴 순 없어   이젠 날 믿지 못하겠어   왜 자꾸 다른 사람이 눈에   띄는지   이런 날 믿을 수 있겠니   긴말 하긴 싫어 그냥 이대로   내곁에   있어 주던지 말던지   갑자기 너 같지 않아서 불안했어   그래도 난 니가 좋은걸   jumpo mambo shakarinarina   jumpo mambo shakarinarina  jumpo mambo shakarinarina  jumpo mambo love  jumpo mambo
2001.09.16~09.22,10,90902,Change,소찬휘,Red Change,2001.07.01,Dance,강은경,내 마음 다해서  너를 사랑했단 그 이유로  혼자 지낸 날 동안  나 행복했지만 떠날 거야  그러니 더 이상  함부로 나를 대하지마  니 모든 걸 나 이제 거부해  넌 나를 사랑한 게 아냐  외로움에 날 이용한 것뿐  내가 니 장난감이니  실컷 갖고 놀다 이제는 버리게  독한 마음으로 널 잊고야 말겠어  지금이라도 다행이야  너란 사람 분명히 알게 돼서  깊은 내 상처 어떻게 너 책임질 거니  넌 사랑이 뭔지 알긴 하니  죽어도 모를 거야  슬프도록 니가 참 안됐어  항상 넌 외로울 수밖에  없을 거야 그렇게 살면  늘 다른 사람을 울린 죄로  부탁해 어디 가도 날  차라리 모른다 해줘  어차피 버릴 생각했잖아  넌 내게 가라 가라 마라  니가 도대체 잘난 게 또 뭔데  내게도 자존심은 있어  사랑 따위 구걸하진 않아  내가 니 장난감이니  실컷 갖고 놀다 이제는 버리게  독한 마음으로 널 잊고야 말겠어 마지막 기대조차 넌 다 져버렸어 이젠 끝이야 나 다시는 너를 찾지 않아 이 순간 내가 우는 건 이별이 슬퍼서 아냐 쏟았던 내 사랑이 허탈해 떠나가 내가 내가 왜 가 내겐 아무런 잘못도 없는데 넌 나를 사랑한 게 아냐 외로움에 날 이용한 것뿐 내가 니 장난감이니 실컷 갖고 놀다 이제는 버리게 너를 정리하는 건 또 다른 만남뿐 나는 널 몰라 첨부터
2001.09.16~09.22,11,33113,딱이야!,디바,The Diva 5,2001.08.16,Dance,박선주(PakSunZoo),머리 굴리지 말고 Come On  Big Boy  좋으면서 아닌 척 말고 Come  On Come Boy  순진한 척 하지 좀 말고  Make It My Boy  내게로 와 아니면 말고  Be My Sexy  딱이야 그대는 Come On  두 눈이 마주쳤었다  그래 네가 날 보고 있었다  허나 아닌 척 하고 있다 넌  그는 나를 원하고 워 근데 머뭇거리고 있다 넌  근데 소문이 두려웁다 넌  근데 후회는 더욱 싫다 넌  Shake It Hu  많은 사람들 틈에 몰래 훔쳐 봐  친구들의 어깨 너머  너는 나를 지켜봐 망설이지마  한번만 줘 네 마음을 줘  긴 말 필요 없겠지  천국으로 와 나에게로 와  Honey Baby Love Tonight 내 눈을 봐봐 날 가져 봐봐  용기를 내봐 함께 춤을  이 밤이 가면 오늘이 가면  후회할거야 함께 춤을  Oh Baby 내게 다가와  나와 함께 느껴봐  Tonight Is The Night 너  더는 망설이지마  오늘 밤이 지나면 후회할지도 몰라  딱이야 너야 그래 너야  이제 내게 내게 다가와  괜히 비싼 척 말고 Come  On Big Boy  아무 계산하지도 말고  Come On Come Boy  올거면 와 아니면 말고 Make It My Boy  피곤하게 굴지 좀 말고  Be My Sexy  딱이야 그대는 Come On  아무도 너를 안봐 뭐  그냥 음악에 너를 맡겨봐  그냥 나에게 너를 맡겨봐  이미 우린 둘 알아 워 뭐가 두려워 나를 못 보나  뭐가 걱정돼 나를 안보나  누가 그렇게 너를 말리나  Come On You Shake It Hu 처음 본 순간 예사롭지 않았어  그저 우연이라기엔  너무 자주 마주쳐 너 그거 인정해  한번만 줘 네 마음을 줘  긴 말 필요 없겠지  천국으로 와 나에게로 와  Honey Baby Love Tonight 내 눈을 봐봐 날 가져 봐봐  용기를 내봐 함께 춤을  이 밤이 가면 오늘이 가면  후회할 거야 함께 춤을  come on big boy
2001.09.16~09.22,12,19094,Double,김건모,Another Days.......,2001.05.14,Dance,최준영,차마 못볼 걸 보고 말았어 모르고 살았으면 될텐데  너무나 안좋았던 예감이 사실로 드러난거야  나보다 잘나보이는 사람 그 곁에 행복해 보이는 너  너무나 기가 막혀 웃는 나 운명의 장난인가봐   너는 다시 내게 돌아와 나를 사랑한다 말하고  그런 너를 보는 내 눈엔 눈물만이 흘러 내리고  나를 만나도 사랑하고 그를 만나 또 사랑하는  값싼 너의 사랑때문에 내 마음이 너무 슬퍼져   어제는 누구와 있었는지 전화는 왜 꺼져 있었는지  내가 잘못 본 거길 바라며 조심히 물어 보았어  어제는 너무너무 아파서 온종일 집에 있었노라며  너무나 태연하게 말하는 너에게 놀랄 뿐이야   가끔 전화벨이 울리면 왠지 불안해 보이는 너  아주 급한 약속있다며 뒤도 보지 않고 가던 너  나를 만나도 사랑하고 그를 만나 또 사랑하는  값싼 너의 사랑때문에 내 마음이 너무 슬퍼져   너는 다시 내게 돌아와 나를 사랑한다 말하고  그런 너를 보는 내 눈엔 눈물만이 흘러 내리고  나를 만나도 사랑하고 그를 만나 또 사랑하는  값싼 너의 사랑때문에 내 마음이 너무 슬퍼져   사랑이 나를 미치게 했어 사랑이 나를 아프게 했어  그렇게 믿었었던 사랑이 왜 내게 이러는 거야  하지만 이것만은 알아줘  너에겐 아무것도 아닌 사랑이  행복한 내 인생을 바꿔버렸어
2001.09.16~09.22,13,3013199,"구리뱅뱅 (Feat. 1kyne, 난아)",YDG,Best Of Best,2010.11.09,Rap / Hip-hop,"YDG,1Kyne",Just another day  honey with the license plate  call me call me  if you can find me  just another day  where we turn it up turn it up  call me call me  if you can find me  넓은 강남대로  어느 날씨 화창한 날  그래요 Kick and goal 리는대로  신사동 사거리 제일생명 사거리  타워 레코드 강남역 사거리  차 존나 막혀 길어지는 신호 대기  정박 힙합 음악에 끄덕이며  뒤돌아보는데 Yo Uh  숨 멎어버려 종이와 펜을  어여 빨리줘 봐 Hurry up  S E O U L 51로  Main 번호가 827 No  두말하면 마릴린먼로  그녀와 이제 247 No  I'm ready to go here we go  Hit'm hi ho I feel me flow  Hiphop 음악에 링딩동  This and that are my ice  bling bling blow  Just another day  Honey with are license plate  Call me call me  If you can find me  Just another day  Where we turn it up turn it up  Call me call me  If you can find me  Scorching hot day  Crushing the highway  Ready for someone hot babes  bout a hundred degrees  Me and my dawg Madman  Up to no good spot up a shawdae  Window rolled down hotbox set free  That's what I call a hot  recipe tank top  Singing on that bottle  like body she just ready to get  Sliced up lced up  Look at them curves on them  thang thang  She make a dawg wanta go bang bang  S E O U L 51로  Main 번호가 827 No  두말하면 마릴린먼로  그녀와 이제 247 No  I'm ready to go here we go  Hit'm hi ho I feel me flow  Hiphop 음악에 링딩동  This and that are my ice  bling bling blow  치리 치리 뱅뱅 청바지 뱅뱅  앞유리에 붙은 연락처 난 갱생  그러나 보지 못해서  내가 눈이 나빠서  답답해 뒤지는 줄 알았어 getppasa  2001년 April 17일 작은형 생일  10시 남짓 압구정 밤거리에 그녈 본 건 My mistake I'm a fake 니가 take a rice cake There's a lot other girl no She's only one No more in Korea She's perfect she's dime 어디서 와서 어디로 가는 건지 나도 몰라 그 날 이후 하루도 널 잊은 적이 없어 양손에 두 아이들 그 아이들 혹시 아들 About pm 10 17th April 2001 two kids와 압구정 밤 거릴 거닐던 Yo dime women Just another day Honey with the license plate Call me call me If you can find me Just another day Where we turn it up turn it up Call me call me If you can find me S E O U L 51로 Main 번호가 827 No 두말하면 마릴린먼로 그녀와 이제 247 No I'm ready to go here we go Hit'm hi ho I feel me flow Hiphop 음악에 링딩동 This and that are my ice bling bling blow
2001.09.16~09.22,14,1116679,I Believe,신승훈,엽기적인 그녀 OST,2001.08.01,Korean Movie,양재선,I believe 그댄 곁에 없지만  이대로 이별은 아니겠죠  I believe 나에게 오는 길은  조금 멀리 돌아올 뿐이겠죠  모두 지나간 그 기억속에서  내가 나를 아프게 하며  눈물을 만들죠  나만큼 울지 않기를 그대만은  눈물 없이 날 편하게 떠나주기를  언젠가 다시 돌아올  그대 라는 걸 알기에 난 믿고 있기에  기다릴께요 난 그대여야만 하죠  I believe 내가 아파할까봐 그대는 울지도 못했겠죠  I believe 흐르는 내 눈물이  그댈 다시 내게 돌려 주겠죠  자꾸 멈추는 내 눈길 속에서  그대 모습들이 떠올라 눈물을 만들죠 나만큼 울지 않기를 그대만은 눈물 없이 날 편하게 떠나주기를 언젠가 다시 돌아올 그대라는 걸 알기에 난 믿고 있기에 기다릴께요 난 그대여야만 하죠 나 그댈 알기 전 이 세상도 이렇게 눈부셨는지 그 하늘 아래서 이젠 눈물로  남겨졌지만 이 자릴 난 지킬께요 그대란 이유만으로 나에게는 기다림 조차 충분히 행복하겠죠 사랑한 이유만으로 또 하루가 지나가고 오는길 잊어도 기다릴께요 난 그대여야만 하죠 난 그대여야만 하죠
2001.09.16~09.22,15,25629,떠난 너,김현정,Wild Beauty,2001.07.24,Dance,김현정,Why Why 속절 없는 사랑아 이미 떠나 버린 사랑아  Hi Hi 나도 울고 너 울고 우리 모두 울고 간 사람 Bye Bye 혼자 남은 내 마음 상처로 깨지고 아프고 아아 버틸 수 있는 모든 걸 아아 가져가버린 내 마음 깊은 곳 모든걸  다 함께 가져가버린 너 바람처럼 사라져 가서  다른 어떤 곳에 다시 정착하려 하다니  너만 아는 사람 함께 하자 할 땐 언제고  그렇게 멀리 가 다신 우연히도 마주치지 않을 것처럼 떠난 너 So So 냉정하게 떠나가 바보 같이 떠난 사람아 혹시라도 말 못할 그런  일 있는 건지 I can feel who who you are 아아 내게 진실만을 말해 줘 아아 지쳐가버린 아아 날 버리고 가게 한 이유 고작 다른 여자라니 바람처럼 사라져 가서  다른 어떤 곳에 다시 정착하려 하다니  너만 아는 사람 함께 하자 할 땐 언제고  그렇게 멀리가 다신 우연히도 마주치지  않을 것 처럼 바람처럼 사라져 가서  다른 어떤 곳에 다시 정착하려 하다니  너만 아는 사람 함께 하자 할 땐 언제고  그렇게 멀리가 다신 우연히도 마주치지  않을 것 처럼 떠난 너 떠난 너 떠난 너
2001.09.16~09.22,16,531741,희생,김경호,시작 (始作),2004.07.12,Rock,,왜 이제야 내게 돌아온 거니  널 품었던 가슴에  다시 누굴 안는다는 것이  죽을 만큼 미안한 후에야   그저 바람이라고 날 생각해  나의 아픈 사랑과  미치게 널 잡고 싶은 맘도  떨쳐내 줄테니   넌 잊어야해 이미 다른  사랑이 된 날 위해서  널 울게 한 미움만 가득하도록  그 힘으로 행복하면 돼   지금 나를 보는 그녀 모습은  널 보는 나이기에  차마 버릴 죄를 짓지 못해  나를 용서해줘  그녀에게 평생 갚아야만 될  나는 빚이 남았어  사는 동안 가슴 깊은 곳에  너를 둘테니까   넌 잊어야해 이미 다른  사랑이 된 날 위해서  널 울게 한 미움만 가득하도록  그 힘으로 행복하면 돼   기억조차 쓰러지는 날까지  너를 사랑하다 갈  날 니가 알지 못하게 해 두 번 울지 않게  니가 날 버려줘
2001.09.16~09.22,17,24670,믿을진 모르겠지만…,김진표,JP3,2001.07.06,Rap / Hip-hop,"이적,김진표",매일같이 언제나 당신  사진에 입맞춤하며  깨어나 욕조물 위에 비춘것은  우리 추억의 책이지 당신이 남긴 메시지 그게  시작 페이지  너무도 수줍어 하며 나의  농담 한마디에  넌 얼굴 빨개 알게모르게  사랑은 그렇게 슬쩍  다가와 우리의 날개 끝없이  펼쳐 사랑을 설계 너무도 멀게만 있던 사랑이  내게 huh  모두들 옹기 종기 맑은 공기 당신께 kiss 하기위해 침을  삼킨 용기 당신의 입술의 온기 나와  통한 짜릿한 전기 당신이 내게 들어온뒤  잔뜩 쌓여있는 할일 들  속에서 이미 미리  우리 사랑 예측했지 우리  둘만 끼리끼리  함께할 때면 또 그렇게나  넘 행복했지 어떻게 시간 흘러가는 지도  몰랐지 내게 네게 무슨 흔적 될 수  있을지  이제는 처음으로 돌아가고 싶어 마치  되감기는 테이프처럼 우리  처음과똑같이  이젠 모두 지나버린  옛사랑의 앙금 이제는 마음속에 지울수  없는 상처만 알면서 뻔히 모든것들  멋대로맘대로 망쳐놔 믿을진 모르겠지만  나 아직도 그대를  생각하면 아파 하지만 뭘 어떻게 웃을지  모르겠지만  나 아직도 그때같이 그렇게 바보같이 왜인지 모르겠지만  나 아직도 그대를  생각하면 아파 하지만 뭘 어떻게  누구도 모르겠지만  나아직도 그때같이  그렇게그대를 추억해 그때를 지금도 여전히 당신  사진에 입맞춤 하며  깨어나 거울속 내눈에  비춘것은  우리 추억의 책이지 내가 남긴 메시지 그게  마지막 페이지 언제 부턴가 틀어져 버려  실증 혹 짜증 내가찾은 사랑은 날아가버려  갖은 노력을 한들  이젠 돌아오지 않는 시간들  점점 늘어만가는  넘어지는 술잔들 내게 네게 무슨 흔적 될 수  있을지  이제는 처음으로 돌아가고 싶어 마치  되감기는 테이프처럼 우리  처음과똑같이  이젠 모두 지나버린  옛사랑의 앙금 이제는 마음속에 지울수  없는 상처만 알면서 뻔히 모든것들  멋대로맘대로 망쳐놔 믿을진 모르겠지만  나 아직도 그대를 생각하면  아파 하지만 뭘 어떻게 웃을지  모르겠지만  나 아직도 그때같이 그렇게  바보같이 왜인지 모르겠지만  나 아직도 그대를 생각하면  아파 하지만 뭘 어떻게 누구도  모르겠지만  나아직도 그때같이 그렇게 그대를 추억해 그때를 또 하루가 가고 또 하루가 가고  몇번째의 계절쯤에 나는 다시  또다른 누구에게 상처를 남길지 그런 나를 볼 자신이 없어  그런날이 오지않게 할 자신도 없어 믿을진 모르겠지만  나 아직도 그대를 생각하면 아파 하지만 뭘 어떻게 웃을지  모르겠지만  나 아직도 그때같이 그렇게  바보같이 왜인지 모르겠지만  나 아직도 그대를 생각하면 아파 하지만 뭘 어떻게 누구도  모르겠지만  나아직도 그때같이 그렇게 그대를 추억해 그때를 믿을진 모르겠지만  나 아직도 그대를 생각하면 아파 하지만 뭘 어떻게 웃을지  모르겠지만  나 아직도 그때같이 그렇게  바보같이 왜인지 모르겠지만  나 아직도 그대를 생각하면 아파 하지만 뭘 어떻게 누구도  모르겠지만  나아직도 그때같이 그렇게 그대를 추억해 그때를 믿을진 모르겠지만  나 아직도 그대를 생각하면 아파 하지만 뭘 어떻게 웃을지  모르겠지만  나 아직도 그때같이 그렇게  바보같이 왜인지 모르겠지만  나 아직도 그대를 생각하면 아파 하지만 뭘 어떻게 누구도  모르겠지만
2001.09.16~09.22,18,1096487,내게 와 줘,YB,An Urbanite,2001.06.29,Rock,김나애,햇살처럼 눈부시게 내 마음에 쏟아지는 아름다운 그녀 모습 내 마음을 설레게 해 혹시 오늘 아침에도 그녈 만날 수 있을까 그럼 이제 용기를 내서 한번 말을 걸어볼까 아침마다 항상 힘들게 눈을 뜨던 나를 이제 달콤하게 깨우는 그녀 생각 자꾸 자꾸 웃음이 나와 나의 마음속의 그녀 내 맘을 간지럽히나봐 태연한 척 애써봐도 내 가슴을 뛰게 하는 아름다운 그녀 모습 점점 다가오고 있네 오늘은 꼭 그녀에게 좋아한다 말해야지 무슨말을 먼저할까 어떤 표정을 지을까 하지만 내곁을 무심히 스쳐 지나가는 그녀 다른 남자품으로 달려가네 한낱 꿈에 불과했었나 그녀를 원한 나의 마음 또 다시 무참히 깨지네 어디있나 내 사랑은 언제까지 외롭게 날 기다리게 할까  어디있나 내 사랑은 언제까지 외롭게 날 기다리게 할까 누구일까 내 사랑은 언제까지 외롭게 날 기다리게 할까 Oh oh oh oh oh oh 이젠 나도 사랑하고 싶어 Oh oh oh oh oh oh 어디있나 이젠 내게와줘
2001.09.16~09.22,19,611294,소녀에게 (Hey Girl),신승훈,Endless Ballads,2001.10,Ballad,이풀잎,Hey Girl 너의 눈에 비친 나의 모습이  너무 슬퍼보여 우는건 아니야  Hey Girl 다만 너를 사랑할 수 없었던  내모습이 너무 초라해 보일뿐  슬픔이 네게 필요하다면 눈물을 미리 준비해둘께  그것이 네가 바랬던 거라면 슬픔마져 참아야 한다면 받아들일께  너를 위해서 나혼자 슬픔을 감추며  Your my lady 너의 마음속에 나의 눈물을  그림처럼 그려 네게 보여줄 수 있다면  Your my lady 너의 사랑으로 이르는 길이  이렇게 길고 슬프지만은 않았을테데  한번만이라도 나를 위해서 말해줄 수 없나 그대여 아주 흔한말 사랑 한다고   슬픔이 내게 필요하다면 눈물을 미리 준비해둘께  그것이 네가 바랬던 거라면 슬픔마져 참아야 한다면 받아들일께  너를 위해서 나혼자 슬픔을 감추며  네가 내곁을 떠난 이유를 내게 말해줄 필요는 없어  너만을 사랑했던 날 아름답게 간직하면되 기억될 수 있는 추억을 모두 지워버리려 하지마  멀어지는 슬픔속에서 너를 기다리고 있을께 Your my lady 너의 마음속에 나의 눈물을  그림처럼 그려 네게 보여줄 수 있다면  Your my lady 너의 사랑으로 이르는 길이  이렇게 길고 슬프지만은 않았을테데  한번만이라도 나를 위해서 말해줄 수 없나 그대여 아주 흔한말 사랑 한다고
2001.09.16~09.22,20,503339,파도,유엔,Traveling You,2001.07.11,Dance,김영아,눈이 부시게 아름답던 바다   나의 눈속엔  그 보다 더 고운 너였어  하얀 모래 위  너와 내가 남긴 추억들  파도가 떠나도  내겐 지워지지 않는걸  너를 보내고  나 또 다시 찾은 바닷가  하지만 이제 내곁에  다른 사람 있는걸  새롭게 시작하고 싶어  그녀를 따라 왔어  하지만 내 맘 니 모습만 생각이 나  그녀 머리에 쏟아진 별빛들  그 별빛아래 약속한  지난 날이 떠올라 워  흔들리는 나의 마음을  가눌 길 없는 내 눈빛  너와 비슷한  사람 마저 쫓고 있었어  Oh oh 그 순간 내 두 눈 속에  너무 익숙했던 너의 뒷모습  그렇게 그리던  지난날 바로 너였어  눈이 부시게 아름다운 바닷가  나의 눈 속엔 그보다 고운 너였어  하얀 내 맘에 지난날  우리가 남긴 추억들  파도가 안기듯  다시 네게 돌아 오는걸  나와 마주친 당황한 니 얼굴  하지만 너의 곁에도  다른 누가 있는걸 워  너를 안고싶은 내 가슴  널 붙잡고픈 내 손길  허나 넌 이미  나를 둔채 멀어져갔어  Oh 하지만 널 돌아본 순간  두 눈에 흐르던 니 눈물 때문에  꼭 나처럼 기다린  너란걸 알았어 날 봐  다시 너에게 달려가는 나를 봐  찌는 태양도 내 사랑을 가릴순 없어 하얀 모래 위 우리의 사랑을 다시 새겨봐 이제는 내 사랑 너를 놓지 않을 테니까
2001.09.16~09.22,21,21749,가장 슬픈 말,제이,Beautiful Ones,2001.06.21,R&B / Soul,심상원,처음 본 듯한 너의 행복한 모습  그녀와 함께 있는 네가 어색해 보여도  너무 잘 어울리는 걸  네게 잘해 줄 것만 같아  그녀는 정말 따뜻해 보여  I start to cry  when I hear you say goodbye  애써 웃어 보려 해도 내 맘은 울고있어  since the day you've gone  everyday and everynight I cry  너를 향한 사랑을 네가 알 수 없도록  감춰둬야 해  이해하겠니 사랑도 넘치면  또 쉽게 이별이 와 다신 우릴 볼 수 없게 해 서툰 나의 고백으로 어쩜 널 잃게 될지 몰라  차라리 그냥 지금 이대로  It breaks my heart do you know  I can't have you now  애써 웃어 보려 해도 내 맘은 울고있어  since the day you've gone  everyday and everynight I cry  너를 향한 사랑을 네가 알 수 없도록  감춰둬야 해  이 세상에 가장 슬픈 나의 말을 넌 알고있니  닿을 수 없는 내 고백처럼 사랑해 so for love  생애 두 번은 못 올 만큼  언제까지나 널 사랑해  since the day you've gone  everyday and everynight I cry  지금 네 앞에 다가온  그녀와의 사랑으로 행복하다면  나를 지워줄게
2001.09.16~09.22,22,26447,어이해,컨츄리꼬꼬,High Society,2001.08.14,Dance,김희탐,그대와 난 이제 남남이라고  이말을 남기고 싶군요  어이해   왜 자꾸 이러십니까  무슨 억하심정으로   그대 나를 떠났기에   나 역시 새로운 사랑을  찾는데 어이해 나에게   이러십니까   내가 싫어졌다며   무정하게 떠나실 땐 언제고   어이해 한밤중에 내 집 벨을   누르십니까   다른 남자 곁으로  나를 두고 떠나실 땐 언제고   어이해 아침부터 나의 뒤를  미행합니까   그녀의 귀여운 애교를   욕하지 마세요   그대의 내숭도   만만치 않았어요  왜 자꾸 이러십니까   아니 이젠 눈물까지 혹시라도   어디 아프십니까   갑자기 마음이 약해져   그댈 외면했지만   그대의 찬바람 부는  헤어짐에 흐느끼던 그 옛날이   생각나 이 말을 남기고  싶군요 그대와 난 이제  남남이라고  알고보면 순진한 남자예요   왜 자꾸 나에게 상처주나요 내가 잡지 않아서 억울하고  옛 정이 그리워서 매일 밤   우신 다니 어찌 그런 섭한  말씀을   이상도 하군요 딴 남자   품안에 안긴 채 날 보며   내 눈을 조롱했던 그대가  왜 자꾸 이러십니까   아니 이젠 눈물까지  혹시라도 어디 아프십니까  갑자기 마음이 약해져   그댈 외면했지만 그대의   찬바람 부는 헤어짐에   흐느끼던 그 옛날이 생각나  이 말을 남기고 싶군요  그대와 난 이제 남남이라고  늘 그녀와 키스할 순간 나타나   내이름 소리쳐부르는  미운그대 왜 자꾸 이러십니까  무슨 억하심정으로 그대  나를 떠났기에 나 역시 새로운 사랑을 찾는데  어이해 나에게 이러십니까 그대의 찬바람 부는  헤어짐에 흐느끼던  그 옛날이 생각나 이 말을  남기고 싶군요 그대와  난 이제 남남이라고 어이해
2001.09.16~09.22,23,24971,꿈을 모아서 (Just In Love),S.E.S.,Surprise,2001.07.11,Dance,S.E.S.,그대에게 줄게요 나의  모든 사랑을  세상에서 오직 하나뿐인  당신을 위해서  당신에게 줄게요 우리  헤어져 있어도  아름다운 미소로  다가오는 매일을  오래도록 기다려왔었던  사랑은 따뜻한 바람 타고  잠에서 깬 나무들 속에서  순결한 꽃잎처럼 빛나고  이제 태어나는 구름  이제 피어나는 꿈들이  메말랐던 이 세상에  아름다운 색으로  내리고 있는걸  당신과 걸어가요 꿈을  모두 모아서  저 하늘 속으로 내 마음  모두 담아둘게요  당신과 걸어가면 보이지  않던 미래도  너무 밝게 우리를 비춰주기 때문에  기다림을 모르는 사람들은  세상에 모두 등을 돌리지만  무너져 버릴 것 같은 추억  모두의 작은 두 손 가득히  내가 간직해온 시절  그땐 무얼 사랑했었나  기억나요 두려움에  아무것도 나는 믿을 수 없었지만  그대에게 줄게요 나의 모든 사랑을  세상에서 오직 하나뿐인  당신을 위해서  당신에게 줄게요 우리  헤어져 있어도  아름다운 미소로 다가오는 매일을  눈물이 왜 흐를까요  태양이 저무는 곳에서  저 석양이 질 때까지  그 빛이 모두 사라져 버릴 때까지  당신과 걸어가요 꿈을  모두 모아서  저 하늘 속으로 내 마음  모두 담아둘게요  당신과 걸어가면 보이지  않던 미래도  너무 밝게 우리를 비춰주기 때문에
2001.09.16~09.22,24,8302,내게 오는 길,성시경,처음처럼,2001.04,Ballad,양재선,지금 곁에서 딴 생각에 잠겨 걷고 있는 그대  설레는 마음에 몰래 그대 모습 바라보면서  내안에 담아요   사랑이겠죠 또 다른 말로는 설명할수 없죠  함께 걷는 이 길 다시 추억으로 끝나지않게  꼭 오늘처럼 지켜갈께요   사랑한다는 그 말 아껴둘 걸 그랬죠  이젠 어떻게 내 맘 표현해야 하나  모든 것이 변해가도 이 맘으로 그대 사랑할께요   망설였나요 날 받아주기가 아직 힘든가요  그댈 떠난 사람 그만 잊으려고 애쓰지마요  나 그때까지 기다릴테니   사랑한다는 그 말 아껴둘 걸 그랬죠  이젠 어떻게 내맘 표현해야 하나  모든 것이 변해가도 이 맘으로 그대 사랑할께요   눈물이 또 남아있다면 모두 흘려버려요  이 좋은 하늘아래 우리만 남도록   사랑할 수 있나요 내가 다가간만큼  이젠 내게 와줘요 내게 기댄 마음  사랑이 아니라해도 괜찮아요 그댈 볼 수 있으니  괜찮아요 내가 사랑할테니 -
2001.09.16~09.22,25,32574,또 한번 사랑은 가고,이기찬,New Story,2001.09.07,Ballad,박진영,울고 있는 내 모습이 이 젠 항상 나만 이러는게 이젠 너무 지겨워서 너무 한심해서 웃으며 보내보려고 해봤어 연습했던 그 멋진 표정도 준비했던 이별의 말들도 헤어지잔 너의 한마디 말 앞에 모두 잊어버린채 또 난 눈물만 흘렸어 난 이렇게 바라보고 있고  넌 그렇게 멀어져만 가고 또 내 눈엔 눈물이 흐르고 또 한번 사랑은 가고 멀어지는 모습 보는 일이 흐르는 눈물 감추는 일이 너무 익숙해서 많이 겪어봐서 이제 난 웃는 법까지 배웠어 음 사랑하고도 널 보냈듯이 헤어지고도 널 간직할게 다만 한가지 내가 정말 두려운 거는 다시는 맘을 열지 못할까봐 오 난 이렇게 바라보고 있고  넌 그렇게 멀어져만 가고 또 내 눈엔 눈물이 흐르고 또 한번 사랑은 가고 오 난 이렇게 바라보고 있고  넌 그렇게 멀어져만 가고 또 내눈엔 눈물이 흐르고 또 한번 사랑은 가고 또 한번 사랑은 가고
2001.09.16~09.22,26,106517,"Storm (Feat. G-Dragon, Sean, Masta Wu)",Perry,By Storm,2001.09.04,Rap / Hip-hop,,HERE I COME HERE I COME HERE I COME BABY 이리와 우리와 어디 한번 놀아 볼까 HERE I COME WITH THE STORM NEMBER 1 BABY YO LITTLE SOME LIE 어차피 다 한번 살지 시끌시끌 복잡한 그대 삶이 미식거릴 수 밖에 지긋지긋한게 지금 달려볼래 자 이제부터 나를 따르게 목숨을 다바칠 이세상을 판칠 준비를 다 마친 너를 먹어 삼킬 너의 문제 맞힐 자칭 나는 storm 너를 던져 페리의 폭풍속으로 HERE IN THE STORM 널 가만 두지 못했지 흔들리듯 따라가는 니 손짓 HERE IN THE STORM 널 가만두지 못했지 그 무언가 누군가 HERE IN THE STORM 널 가만 두지 못했지 흔들리듯 따라가는 니 몸짓 HERE IN THE STORM 널 가만 두지 못했지 그 무언가 누군가 내 끓는 피여 솟는 기여 구름을 가르고 다가온 G DRAGON OH OH 나 이제 YG에 왔으니 내게 맡겨 멋진 일처리 기막힌 나이 알고 나면 쓰러지는 나의 SKILL FOR THE 1 2 3 가나다와 함께하는 A TO Z 자 손을 뻗어봐 우리와 같이 나와 P와 같이 흔들어봐 흐트러봐 휩쓸어가 이게 바로 나의 스톰 너를 던져 페리의 폭풍속으로 HERE IN THE STORM 널 가만 두지 못했지 흔들리듯 따라가는 니 손짓 HERE IN THE STORM 널 가만 두지 못했지 그 무언가 누군가 HERE IN THE STORM 널 가만 두지 못했지 흔들리듯 따라가는 니 몸짓 HERE IN THE STORM 널 가만 두지 못했지 그 무언가 누군가 OH OH OH YEH MOBE YA FEET YALL STEADY TO THE BEAT YALL OH OH OH YEH TO THE S T O R M GET OH OH OH YEH GET YOUR BUCK ON THIS IS WHAT YOU THIRST OH OH OH YEH NO DOUBT WE CAME TO ROCK THE HOUSE DOWN 사차원 세계로 이제 돌입 넘버원 힙합만 나는 고집 새롭게 고친 내맘에 꽂힌 쉽지만 멋진 힙합이란 호칭 너의 세대에 신세대 24 7DAYS STRAIGHT 일세대 자 이제부터 빼지말고 붙어 자 맡겨봐 니가 내가 완벽하게 뒤섞이는 STORM 너를 던져 페리의 폭풍속으로 HERE IN THE STORM 널 가만 두지 못했지 흔들리듯 따라가는 니 손짓 HERE IN THE STORM 널 가만 두지 못했지 그 무언가 누군가 HERE IN THE STORM 널 가만 두지 못했지 흔들리듯 따라가는 니 몸짓 HERE IN THE STORM 널 가만 두지 못했지 그 무언가 누군가 HERE IN THE STORM HERE I COME HERE I COME HERE I COME BABY HERE IN THE STORM HERE I COME WITH THE STORM NEMBER 1 BABY
2001.09.16~09.22,27,25841,나인(裸人),김원준,Dearro Nine,2001.07.24,Dance,김원준,mic check one two one two c'mon unite your fist held tight it's on mic check one tow one two Dearro break it down your the warrior sound 이젠 잊고 싶은 너의 모습 언제쯤 미련없이 지워질까 이렇게 방황하는 내 모습을 혹시 아니 넌 모를 거야 그토록 간절했던 내 모든 게 여기까지인지 시간에 시간이 더 해질수록 나에게 남는 건 니 그리움뿐 언제나 말이 없던 너였던 걸 스치는 바람처럼 사라진 널 이제와 어떻게 해야 할수도 없는 내 현실 너무 아프잖아 이제는 남이 되어 가버린 걸 아껴둔 사랑 없이 다 줬던 널 한없이 무너지는 나는 지금 어디에 mic check one two one two c'mon unite your fist held tight it's on mic check one tow one two Dearro break it down your the warrior sound 이젠 잊고 싶은 너의 모습 언제쯤 미련 없이 지워질까 지워질까 지워질까 이렇게 방황하는 내 모습을 혹시 아니 넌 모를 거야 그토록 간절했던 내 모든 게 여기까지인지 시간에 시간이 더 해질 수록 나에게 남는 건 니 그리움뿐 언제나 말이 없던 너였던 걸 스치는 바람처럼 사라진 널 이제와 어떻게 해야 할 수도 없는 내 현실 너무 아프잖아 이제는 남이 되어 가버린 걸 아껴둔 사랑 없이 다 줬던 널 한없이 무너지는 나는 지금 어디에  언제나 말이 없던 너였던 걸 스치는 바람처럼 사라진 널 이제와 어떻게 해야 할 수도 없는 내 현실 너무 아프잖아 이제는 남이 되어 가버린 걸 아껴둔 사랑없이 다 줬던 널 한없이 무너지는 나는 지금 어디에
2001.09.16~09.22,28,90609,지금인가요,조이락,Genuine Temptation,2001.06.21,Ballad,,뭐라 말할까요 그대 뭘 원하나요 웃어주면 될까요 이별이란건 항상 이렇게 서둘러오죠 그냥 어제처럼 내일보잔 얘기로 헤어지려 했는데 그대 이러면 내가 너무나 불쌍한 걸요 알아요 어쩜 그대도 힘들거란걸 조금도 그댈 의심안했던 나를 떠나가는게 지금인가요 그토록 날  불안하게 했던 그 순간이 와버린건가요 참아도 참아봐도 그대 보고싶으면 미워할께요 그대 마지막 얘기처럼  알아요 어쩜 그대도 힘들거란걸 조금도 그댈 의심안했던 나를 떠나가는게 지금인가요 그토록 날  불안하게 했던 그 순간이 와버린건가요 참아도 참아봐도  그대 보고싶으면 미워할께요 그대 말처럼 그래요 처음부터 여기까지였겠죠 우리사이의 시간이란건 지워도 지워봐도 지금처럼 힘들면 미워할께요 그대 마지막 얘기처럼
2001.09.16~09.22,29,28132,연인(戀人),박상민,Feel,2001.07.26,Ballad,손지창,너를 잊기 위해서 어떻게 해야하는지 이제와서 후회한다 해도 아무런 소용 없겠지만 너에겐 너무 모자란 나란 걸 알고 있기에 널 보낼께 그리고 내 맘에 남은 미련도 하나까지 모두다 나보다 더 널 사랑한 사람이면 떠나가도 돼 행복하기만 바랄께 난 괜찮아 너무 슬퍼 하지는 마 너 없이도 살 수 있을테니  너에겐 너무 모자란 나란 걸 알고 있기에 널 보낼께 그리고 내 맘에 남은 미련도 하나까지 모두다 지워버려 나와 함께한 기억은 꿈을 꾼거야 그렇게 생각 하면돼 바람처럼 스쳐간 사람이라고 이제 우린 모두 끝난거야 널 위해서 떠난다고 말하지만 그게 아니야 나도 미칠 것만 같아 이런 사랑 다시는 없을 거라고 약속할께 나 죽는다 해도 널 가질수 없는 나를 용서해줘 제발
2001.09.16~09.22,30,2274434,위하여!!,안치환,Good Luck,2001.07.06,Folk,안치환,위하여 위하여
2001.09.16~09.22,31,23345,미쓰코리아,자우림,Jaurim `True` Live (Live),2001.06.22,Rock,,말은 필요 없지 하지만 묻겠지  모든게 준비 돼있어  오늘은 괜찮아 마음껏 훑어봐 늘 그랬던 것처럼  내 몸을 봐  더듬어 봐 살펴 봐  머리는 무거워  입술은 저려와  하지만 참을수 있어  이 나라의 군인과 사춘기 소년의  환상이 되어줄게  우스운 나의 모습은 우스운 나의 웃음은  우스운 나의 모습은 우스운 나의 웃음은  세계의 평화위해  어색하게 웃음 짓는 미쓰코리아  고귀한 여성이여 명예로운 이름이여  미쓰코리아  세계의 평화위해  어색하게 웃음 짓는 미쓰코리아  고귀한 여성이여  명예로운 이름이여 미쓰코리아   쑈는 모두 끝났어  입술도 풀렸어 까불면 재미없어  새로운 이름과 새로운 세계가  내 앞에 펼쳐져있어  세계의 평화위해  어색하게 웃음 짓는 미쓰코리아  고귀한 여성이여  명예로운 이름이여 미쓰코리아  세계의 평화위해  어색하게 웃음 짓는 미쓰코리아  고귀한 여성이여  명예로운 이름이여 미쓰코리아
2001.09.16~09.22,32,19573,영원히,강성훈,비상(飛翔),2001.05.01,Ballad,U.Na,When I lost in my heart 어렵게 웃던 니 모습 이젠 알아 날 떠날 준비로 조금씩 줄어든 니 손길에 보낼수 없는 사랑이었어요 지금 눈 감아요 그녀곁에 데려가줘요 Just my love 떠나버린 너에게 사랑했기에 내 눈속에 니가 묻어나 널 데려간 하늘보면 자꾸 눈물 흘러내려 Good bye 포기했어 또다시 떨궈 땅을 봐 And tomorrow I'll be there Must be there because I love you~  어젯밤 꿈속에서 너는 날 잊어버렸어 Please me 그렇게도 보고 싶던 넌데 미친듯 불러보고 불러보았어 안돼 잊기전에 너에게 워 사랑했기에 내 눈속에 니가 묻어나 널 데려간 하늘보면 자꾸 눈물 흘러 내려 Good bye 포기했어  또다시 떨궈 땅을 봐 And tomorrow I'll be there Must be there because I love you~
2001.09.16~09.22,33,8293,미소천사,성시경,처음처럼,2001.04,Dance,이희진,You make my heart   keep pumpin'  I can't stop my selt   lovin' you   You make my heart   keep pumpin'  I can't stop my selt   lovin' you   You make my heart   keep pumpin'  I can't stop my selt   lovin' you   You make my heart   keep pumpin'  I can't stop my selt   lovin' you   Tell me that you love   me can not   stand that you're   never mine   you really break my heart   짜증내고 화를 내도 너의   미소만 보면 바보 같은나   넌 누가 봐도 아주 예쁘고   탐스러운 사과 같아   깨물어주고 싶어   안아주고 싶어   너의 핑크 빛 화살에 꽂혔어   넌 모두에게 늘 친절해   그래서 착각들 하지   나만의 애인인걸 잊지 않았다면   내게 더 이상 장난치지는마   욕심이 지나친 걸까   자신이 없는 걸까 불안한   마음뿐야   Tell me that you love me   can not stand that you're   never mine   you really break my heart   짜증내고 화를 내도 너의   미소만 보면 바보같은 나   Ya break my heart feeling  blue got no club  don't wanna leave Ya  i want to conceive ya  come to my complete mind  내게 다가와 나의 텅 빈  마음속을 채워줘  옆에 좀 있어줘 너만을  바라보고 있어  비어 있는 내마음 함께 있어줬음  지갑속의 네 사진은 노랗게  바래져 버렸어  애써 감추지 말아줘  넌 찡그려도 싫증 안나는   사랑스런 천사인걸 아무도 볼수 없게 숨겨두고 싶어  나만의 인형이면 안되겠니  힘겹게 내게 온 너를 잃고  싶지는 않아  불안한 마음뿐야  Tell me that you love me can  not stand that you're  never mine  you really break my heart  짜증내고 화를 내도 너의  미소만 보면 바보 같은 나  Tell me that you love me can  not stand that you're  never mine  you really break my heart  짜증내고 화를 내도 너의  미소만 보면 바보 같은 나  Tell me that you love me can  not stand that you're  never mine  you really break my heart  짜증내고 화를 내도 너의  미소만 보면 바보 같은 나
2001.09.16~09.22,34,21360,밤이 깊었네,크라잉넛,하수연가 (下水戀歌),2001.06.01,Rock,캡틴락,밤이 깊었네 방황하며 춤을 추는 불빛들  이밤에 취해  술에 취해  흔들리고 있네요.  벌써 새벽인데 아직도 혼자네요  이 기분이 나쁘지는 않네요.항상 당신곁에 머물고 싶지만  이밤에 취해  술에 취해  떠나고만 싶네요.  이 슬픔을 알랑가 모르겄어요.  나의 구두여 너만은 떠나지 마요.  하나둘 피어오는 어린시절 동화같은 별을 보면서  오늘밤 술에 취한 마차타고 지친달을 따러가야지.  밤이 깊었네 방황하며 노래하는 불빛들  이밤에 취해  술에 취해  흔들리고 있네요    가지마라 가지마라 나를 두고 떠나지마라.  오늘 밤 새-빨간 꽃잎처럼 그대 발에 머물고 싶어.  딱 한 번만이라도  가지마라 가지마라   날 위해 웃어준다면  나를두고 떠나가지마라   거짓말이었대도  가지마라 가지마라   저별을 따다줄텐데  나를두고 가지마라   아침이 밝아오면  가지마라 가지마라   저 별이 사라질텐데  나를 두고 떠나가지마라   나는 나는 어쩌나  가지마라   차라리 떠나가주오. 워-어-오-  하나둘 피어오는 어린시절 동화같은 별을 보면서  오늘밤 술에 취한 마차타고 지친달을 따러가야지.  가지마라 가지마라 나를 두고 떠나지마라.  오늘 밤 새-빨간 꽃잎처럼 그대 발에 머물고 싶어.  날 안아 주어...
2001.09.16~09.22,35,24290,"Hey, Come On !",신화,"Hey, Come On!",2001.06.28,Dance,신혜성,Break it on down stop   지금이 바꿔버릴 때   거침없이 날아 갈 수 있게 나   타이르고 날 말리고   소용없어 이쯤에서 포기해  어둠속에서 울다 지친 나   이젠 지쳐 소리쳐 깊은   절망속에서 외쳐   더는 갈곳이 없던 힘든 세상에   네가 원했던 꿈을 난 찾을   수 없어 Yeah   Hey hey Come on come   on come on   갇혀버렸던 미래   Hey hey Come on come on   포기하지는 마   Hey hey Come on come   on come on   지켜내야 돼 이젠   Hey hey Come on come   on yo   Break it on down break   it on down   멀리 지났다고 돌아간 걸까   빨리 올라와   break it 넌 항상 비슷해 흘린   투에 Think Uh   내 말은 strategies 기억해라   크게 세상의 속을봐 속에   네 모습을 지켜   참아야만 했어 나의 모든 걸   나 지친 숨가쁜 이젠 나   쓰러 질 것 같은   짧은 순간들 속에 지쳐 가는 나   내 모든걸 위해 참을 수   없어 Yeah   Hey hey Come on come   on come on   찾아 헤맸던 미래   Hey hey Come on come on   멈추지는 마   Hey hey Come on come   on come on   이겨내야 해 이젠   Hey hey Come on come on   Just break it on down   break it on down   언제나 같은 곳의 나   멈춰진 시간 속에 서 있는 너   더 이상 주저하지마   깊은 곳에 빠져 있던 너만의   꿈을 위해   All right 이제 날 너만의 틀에   가둘 순 없잖아   나 견딜 수가 없어 이젠 더 이상  All right 이제는 세상이 나를   버릴 순 없잖아   Hey hey Come on come on yo  Break it on down break  it on down  Hey hey Come on come  on come on  찾아헤맸던 미래  Hey hey Come on come on  멈추지는 마  Hey hey Come on come  on come co  이겨내야 해 이젠   Hey hey Come on come on yo  Break it on down break  it on down  Hey hey Come on come  on come on  갇혀버렸던 미래  Hey hey Come on come on  포기하지는 마  Hey hey Come on come  on come on  지켜내야 돼 이젠  Hey hey Come on come on yo  Break it on down break  it on down  Hey Come on
2001.09.16~09.22,36,18359,언젠가 우리 다시 만나면 (Feat. 김연우),토이,Fermata,2001.05.10,Ballad,유희열,이제 너를 볼 수 없기를  다신 너로 인해 흔들리는 나  되지 않기를  네게 선물했던 옷들 정리하면서  서럽게 울다 지쳐 잠든 밤  오지 않기를  너를 닮은 내 말투와 표정  그 속에서 난 너를 보고  낡은 내 전화기 속에 너의  목소린 그대론데  끝인가 봐  난 여기까지인 듯 해  영원할 순 없잖아  지쳐만 가는 날 더 보긴 안쓰러워  이젠 나 그만 쉴게  그래 널 보내줄게 안녕  내 손에 들린 사진 위에는  내가 사랑했었던 너의 얼굴  내가 살아가는 이유였는데  전부였는데  끝인가 봐  난 여기까지인 듯 해  영원할 순 없잖아  지쳐만 가는 날 더 보긴 안쓰러워  이젠 나 그만 쉴게  그래 널 보내줄게  언젠가 우리 다시 만나면 어색하지만 않길  편한 모습으로 아무렇지  않게 그냥  인사하면서 그렇게  스쳐가길 바래
2001.09.16~09.22,37,24137,바다 이야기,윤종신,그늘,2001.07.06,Ballad,윤종신,나 한동안은 푸른 미소로
2001.09.16~09.22,38,19776,추락,백지영,Tres,2001.06.14,Dance,"PabloDurand,LopezRossi",눈을 감아 그댈 기억해봐 눈물이라도 멈추지 않는 그대 추억을 헤어나려고 벗어나려고 너무 애를 써도 소용없었어 혼자라도 괜찮을 거라고 그대 빈자리 채워질거라 믿어왔지만 가면 갈수록 더해만가는 그대 그리움에 견딜수 없어 사랑했어 그대만을 이런 내맘 몰라 그대 나를 떠난 것 같아 후회했어 떠나갈때 눈물이라도 보여 그대를 잡아야 했어 사랑으로 영원할 거라고 나에게 이별은 다시는 오지 않을거라고 그대 곁에서 함께 할때면 다른 아무것도 필요없었어 가끔 그댈 미워하면서도 한번의 손길로 그대 품안에 안겼었지만 이젠 더이상 자신 없다는 그대 그 말 한마디에 끝났어 사랑했어 그대만을 이런 내맘 몰라 그대 나를 떠난 것 같아 후회했어 떠나갈때 눈물이라도 보여 그대를 잡아야 했어 원망했어 떠난 그댈 그대없는 내가 걱정되지 않는 그대가 돌아와줘 나 여기서 천년이라도 사랑으로만 기다리겠어 아니라해도 지쳤다해도 내게 이럴수는 없는 거잖아 사랑했어 그대만을 이런 내맘 몰라 그대 나를 떠난 것같아 후회했어 떠나갈때 눈물이라도 보여 그대를 잡아야했어 라라라라 라라라라 라라라라라라 라라라라라 라라라라라 라라라라 라라라라 라라라라라라 라라라라라 라라라라라
2001.09.16~09.22,39,8305,편지 (Original Ver.),최재훈,Trap,2001.04.18,Ballad,채정은,내 영혼이 내 몸을 벗고 자유롭게 될거야 그럼 나의 사랑도 힘든 세상에다 두고 갈거야 그림자로 살아갈 만큼 강한 내가 아니야 널 갖지 못한 나 슬픔이 많던 나 모두 함께 태워 뿌려줘 널 처음 본 날 영화처럼 스쳐가 내 운명을 돌려놓은 그날이 이 세상은 감히 널 선택한 벌이 었나봐  니가 없는 곳에 태어날거야 워~  깨우지마 널 잊게 될테니 가엾은 날 너무 욕하지는마 내가 너로 인해 떠났다고 힘들어도마 그저 새로 시작하고 싶었어 사랑했어 그래서 내가 미치기 전에 멈춰야만 했어 나도 내 사랑이 힘에 겨워서 널 처음 본 날 영화처럼 스쳐가 내 운명을 돌려놓은 그날이 이 세상은 감히 널 선택한 벌이 었나봐  니가 없는 곳에 태어날거야 워~  깨우지마 널 잊게 될테니 가엾은 날 너무 욕하지는마 내가 너로 인해 떠났다고 힘들어도마 그저 새로 시작하고 싶었어 사랑했어 그래서 내가 미치기 전에 멈춰야만 했어 나를 널 다치게 할까봐 끝도 없이 달릴 사랑때문에 이젠 멈춰진 거야 나도 내 사랑도 정말 힘에 겨웠어
2001.09.16~09.22,40,20226,난 여자가 있는데 (CF - 컴팩 프리자리오),박진영,놀이,2001.06.07,Dance,박진영,니가 오기전까진 우린 아무 문제가 없었어
2001.09.16~09.22,41,20969,삶은 계란,엔알지(NRG),비(悲) - Sorrow,2001.06.04,Dance,천명훈,이제는 희망 기쁨 모두가 함께 영원하리 네 맘속 깊은 상처 우리가 모두 씻어주리 가슴속 깊이 파인 그림자 모두 찢겨지리 모든건 언제나처럼 니 뜻대로 되는 게 아냐 우리가 함께 한다면 그제서야 이루는 거야 아침에 일어나면 어영부영 8시고 늦었다 헐레벌떡 밥 거루고 9시고 상사에게 박터지고 시계 보면 12시고 지쳐서 한숨쉬고 퇴근하면 6시고 열받아 한잔 빨고 나면 밤 9시야 술김에 그녀와 싸우고 나면 밤 11시야 그녀와 끝이 났고 밤 12시야 되는 건 하나 없네 이놈에 이놈에 인생살이 WHY 하필 내게 이 모든 걸 책임지게 아무런 의미 없이 하루하루 살아가게 왜 그런지 정말이지 난 모르겠어 아 알겠어 넌 사실 자신을 알고있지 어차피 한번 사는 내 인생은 화려하리 인생이란 무엇인가 나 이제 보여주리 이 한몸 불태우리 방관하지 않으리 나답게 사나이답게 굵고 짧게 살아보리 삶이란 이런게 아니야 일상에 찌든 하루하루 벗어나고 싶지만 모든게 니 운명이라면 그것도 재미하나 없지 인생은 만들어 가는 거야 눈뜨면 아침 7시고 눈감으면 밤 12시고 눈 비비면 아침 7시고 눈 비비면 또 12시고 또 하루 이틀 연속되는 삶의 무게 또 다시 반복되는 힘든 삶의전쟁 참을 수가 없어 이제 나 어떻게 살아야해 난 역시 바보 다시 돌이킬수없는 이 순간마저도 갈팡질팡 난 등잔 밑에 바보 앞에 있는 승리의 깃발을 꽂아 그대 이제 싱글벙글 앞으로 나아가 다가가 내 인생 찾아 나의 사랑 나의 꿈 나의 희망 쟁취하리 붐시키 붐시키 시키 붐붐 어둠에 그림자 찢겨지리 시키붐붐 삶이란 이런게 아니야 일상에 찌든 하루하루 벗어나고 싶지만 모든게 니 운명이라면 그것도 재미하나 없지 인생은 만들어 가는 거야 이젠 알겠어 네 꿈들을 좀더 자신 있게 헤쳐나가  니꺼야 알잖아 힘들지 않다는걸 삶이란 이런게 아니야 일상에 찌든 하루하루 벗어나고 싶지만 모든게 니 운명이라면 그것도 재미하나 없지 인생은 만들어 가는 거야 모든건 언제나처럼 니 뜻대로 되는 게 아냐 우리가 함께 한다면 그제서야 이루는 거야 삶이란 이런게 아니야 일상에 찌든 하루하루 벗어나고 싶지만 모든게 니 운명이라면 그것도 재미하나 없지
2001.09.16~09.22,42,8274,Je T`aime,해이,Hey,2001.04.13,Ballad,이재경,창문을 두드리는 깨끗한 빗소리에  널 만나기전 설렘이 더해가고  영화를 보러갈까 어디로든 떠나볼까  투명하게 물든 거리를 함께 걸어볼까  조금 더 가까이 작은 우산속에  내 한쪽 어깨끝이 다 젖어도 난 좋은걸   널 사랑하나봐 사랑에 빠졌어  이 기분좋은 느낌이 변함없길 바래  널 사랑하나봐 자꾸 보고싶어  매일 모닝커피를 너와 들고 싶어   언제나 힘겨울 때 내게 올 그런사람  애써 얘기하지 않아도 아는 사람  가끔씩 화를내고 때론 내가 토라져도  오랜 친구처럼 살며시 나를 꼭 안아줘  조금씩 다가와 나를 보여줄게  은은한 향기처럼 나의 곁에 머물러줘   널 사랑하나봐 사랑에 빠졌어  이 기분좋은 느낌이 변함없길 바래  널 사랑하나봐 자꾸 보고싶어  매일 모닝커피를 너와 들고 싶어   널 사랑하나봐 꿈은 아니겠지  비를 타고 찾아온 수줍은 내 사랑  널 사랑하나봐 너무나 행복해  언제나 투명하게 나만 사랑해줘  toi et moi eternellement
2001.09.16~09.22,43,105886,시간이 흐른 뒤 (As Time Goes By),윤미래,As Time Goes By,2001.09.10,R&B / Soul,심현보,마지못해 살아가겠지 너 없이도 매일 아침 이렇게 일어나 밤새 조금씩 더 무뎌져 버린 기억속에서 애써 너의 얼굴을 꺼내어 보겠지 시간이란 누구에게나 무딘 아픔을 주는지 우 힘든 하루 속에도 늘 니 생각뿐인 나 눈물마저도 말라가는데 as time goes by 난 그게 두려운 걸 니 안에서 나의 모든 게 없던 일이 될까봐 우 눈 감으면 늘 선명하던 니가 어느 순간 사라질까봐 정말 겁이나는 걸 이별이란 서로에게서 지워지는 거라지만 우 많은 사람속에도 늘 니 걱정 뿐인 나 시간마저도 붙잡고 싶은데 as time goes by 난 그게 두려운 걸 니 안에서 나의 모든 게 없던 일이 될까봐 우 눈 감으면 늘 선명하던 니가 어느 순간 사라지게 될까봐 내가 없는 세상이 너는 괜찮은 건지 너에게 잊을만한 추억일 뿐인지 참으려 애를 써도 늘 보고픈 나는 니가 아니면 안될 것 같은데 you're the one as time goes by 난 여기 있어줄게 셀 수 없는 밤이 지나도 사랑했던 그대로 우 혹시라도 너 돌아 오게 되면 단 한번에 나를 찾을 수 있게 as time goes by
2001.09.16~09.22,44,33037,Is Ask Hizay? (=Is Ack Here?),드렁큰타이거,The Legend Of...,2001.03.22,Rap / Hip-hop,,IT'S BEEN A LONG TIME 나의 자유 나의 친구 세상에서 가장 소중한 그 모든 것의 이유 IT'S BEEN A LONG TIME 나의 기도 네 소망 그 모든 것 앗아간 지난 시간 속의 절망 YO 수 많은 별밤 끝내 태양은 없었던 나의 희망 배반의 폭풍우 거짓의 회오리 바람과 함께 휩싸여 난 멀리 어떤 저 산 넘어 높이 날아가며 THE EXCABLER 그 칼을 뽑는 내 날이 올 때까지 방황하며 불 같이 활활 타오르는 열망에 난 열반 신이 주신 나의 CHANGE 이 땅으로의 환생 또 다시 눈 떠 꿈꾸는 위대한 너의 탄생 우리의 위대한 탄생 다시 꿈을 꾸고 무당에 홀린 신령처럼 니들은 춤을 추고 YOU KNOW 고통으로 미워진 니 가슴 풀어주고 어떤 어둠속에서도 항상 불타는 진리로 YES YES YALL ALL OF MY PEOPLE KEEP IT DON'T STOP WITH THE FEELEN YES YES YALL AND YOU DON'T STOP THROW YOUR HANDS UP AND YOUCH THE CEILEN YES YES YALL OF MY DURKENS LET ME HEAR YOU IF YOU WANT IT YES YES YALL AND YOU DON'T STOP WE KEEP IT DON'T TILL THE BREAK OF DAWNEN IT'S BEEN A LONG TIME YO TING J YO DJ SHINE 다시 시작할 때 니 마무리 짓지 못한 RHYME 완벽히 끝까지 THE CHAPTER no3 ONE TWO 하나 둘 여긴 우리 자리 나의 왕국 THE DURKEN 나의 MIC 나의 영혼 슬픔으로 멍든 내 가슴 속의 고통 속에서도 영원토록 아름다운 기쁨에 흐느껴 심오한 리듬 속에 최면돼 깊이 파묻혀 정의에 승리를 기다리며 또 거대한 꿈을 꿔 일어서 쓰러져도 글로 아픔을 허물어 떠나지 말아야 했어 너를 두고 다시 떠나지 않지 널 위해 내 목숨걸고 YO 너무도 허무했던 니 가슴 속 빈 공간 나 없이 가난한 겨울의 텅 빈 내맘의 밤 줄게 채워 줄게 눈부신 아침으로 이제 굳게 쥐여진 내 주먹의 다짐으로 YES YES YALL ALL OF MY PEOPLE KEEP IT DON'T STOP WITH THE FEELEN YES YES YALL AND YOU DON'T STOP THROW YOUR HANDS UP AND YOUCH THE CEILEN YES YES YALL OF MY DURKENS LET ME HEAR YOU IF YOU WANT IT YES YES YALL AND YOU DON'T STOP WE KEEP IT DON'T TILL THE BREAK OF DAWNEN  DRUNKEN TIGERISH DRUNKEN TIGERISH YES YES YALL ALL OF MY PEOPLE KEEP IT DON'T STOP WITH THE FEELEN YES YES YALL AND YOU DON'T STOP THROW YOUR HANDS UP AND YOUCH THE CEILEN YES YES YALL OF MY DURKENS LET ME HEAR YOU IF YOU WANT IT YES YES YALL AND YOU DON'T STOP WE KEEP IT DON'T TILL THE BREAK OF DAWNEN
2001.09.16~09.22,45,10837,동경,박효신,Second Story,2001.02.01,Ballad,김동률,우린 서로 너무도 다른 세상에 살아왔죠 한 번 스쳐 지났을 뿐 그 후로 난 멀리서 이렇게 기다려왔죠 언젠가는 내 헛된 꿈이 혹 이뤄질까 날 기억이나 할까요 내 이름조차 생각이나 날까요 누군가 매일 그대를 위해 늘 기도해온 걸 알까요 그대가 난 부럽죠 나 같은 사람 너무나 흔하겠죠 혹시나 그대 알고 있나요 얼마나 행복한 사람인지 아껴왔던 내 맘이 흔하게 묻혀질까봐 단 한번도 편지조차 못했는데 날 기억이나 할까요 내 이름조차 생각이나 날까요 그대는 이미 누군가에게 큰 의미라는 걸 알까요 그대를 사랑해요 나도 모르게 이렇게 돼 버렸죠 혹시나 그대 알고 있나요 그 날 이후로 지금까지 매일 그대의 곁에서 맴돌았다는 걸 그대를 지켜왔었다는 걸 날 사랑하면 안돼요 단 하루라도 그럴 수는 없나요 허튼 생각이란거 알지만 한 번은 말하고 싶었죠 사랑해도 되나요 혼자서라도 사랑하면 안돼요 허튼생각이란거 알지만 한 번은 말하고 싶었죠 그대를 사랑해요
2001.09.16~09.22,46,20951,Crying,플라워,Bandlife,2001.06,Rock,"이상명,하해룡",crying 초라한 나를 위로하지마   날 그냥 놓아줘  그래 비참한 나를 기다리지마   날 미워 해야 돼  don't cry  영원히 날 죽었다 생각해  그렇게 떠나가 워 crying  다시 네게 돌아가지 않아  끝난거야  이젠 don't cry  crying  미칠 것 같아  너는 혼자서 울고만 있는데  don't cry  나를 위해 넌 다시 시작해  나처럼 울어선 안돼  crying  먼 훗날에 우연히 만나면  외면하길 바래  don't cry  다시 네게 돌아가지 않아  끝난거야 crying  crying
2001.09.16~09.22,47,19175,고백,이승철,Confession,2001.03.21,Dance,이승철,느낌이와 멀어져 가고 있는 느낌이와  이젠 떠나가줘 내곁에서 널 사랑했던 눈물도 이젠 없어  그 어느날 빗속에 가려진 내 눈물보며  이젠 기억할수 없을 만큼만 사랑해 달라며  내게 애원하던 너의 고백을 아직도 믿고 싶진 않지만  멀어져 간 너의 그 모습에 영원히 할수있을까  아쉬운 너의 기억이 잊혀질수만 있다면  널 다시 볼수 없음에 난 이제 행복해지려해..  너의 고백을 아직도 믿고 싶진 않지만 멀어져 간 너의 그 모습에 영원히 할수 있을까 아쉬운 너의 기억이 잊혀질수만 있다면 널 다시 볼수 없음에 난 이제 행복해지려해 아쉬운 너의 기억이 잊혀질수만 있다면 널 다시 볼수 없음에 난 이제 행복해지려해
2001.09.16~09.22,48,2696149,그녀의 집앞에서 (Feat. 양해중),내추럴플러스,Natural The 1st,2001.03.21,Ballad,박태수,한참을 이렇게 그대 오기만을 기다리다 끝내 돌아오는데
2001.09.16~09.22,49,3680,너를 위해,임재범,Story Of Two Years,2000.05.16,Ballad,채정은,어쩜 우린 복잡한 인연에  서로 엉켜있는 사람인가봐  나는 매일 네게 갚지도 못할만큼  많은 빚을 지고 있어  연인처럼 때론 남남처럼  계속 살아가도 괜찮은 걸까  그렇게도 많은 잘못과 잦은 이별에도  항상 거기 있는 너  날 세상에서 제대로 살게해 줄  유일한 사람이 너란걸 알아  나 후회없이 살아가기 위해  너를 붙잡아야 할테지만  내 거친 생각과 불안한 눈빛과  그걸 지켜보는 너  그건 아마도 전쟁같은 사랑  난 위험하니까 사랑하니까  너에게서 떠나줄꺼야   날 세상에서 제대로 살게해 줄  유일한 사람이 너란걸 알아  나 후회없이 살아가기 위해  너를 붙잡아야 할테지만  내 거친 생각과 불안한 눈빛과  그걸 지켜보는 너  그건 아마도 전쟁같은 사랑  난 위험하니까 사랑하니까  너에게서 떠나줄꺼야  너를 위해 떠날꺼야
2001.09.16~09.22,50,3526118,마지막 시간,박정현,Lena Park Forever,2011.08.04,R&B / Soul,박지미,다정하게 내게 말해줘 나 이제 울지 않아 외로움 때문에 나의 마음은 더욱 힘들어 솔직하게 내게 말해줘 나 이제 알고 있어 나 원하는대로 할 수 없다면 나는 어떡해 너는 아무 말 하지 않았지만 제발 오늘은 있어줘 오 네 모습 멀어져가면 돌이킬 수 없는거야 내 마음 깊이 간직한 기억들만 생각할께 너와의 마지막 시간 너는 아무 말 하지 않았지만 제발 오늘은 있어줘 오 네 모습 멀어져가면 돌이킬 수 없는거야 내 마음 깊이 간직한 기억들만 생각할께 너와의 마지막 시간 너와의 마지막 시간
