time,rank,song_id,title,singers,album,date,genre,creator,lyric
2003.11.16~11.22,1,485716,정말 사랑했을까,브라운아이드소울,Soul Free,2003.09.17,R&B / Soul,조은희,좋았나봐 널 많이 아꼈나봐 다시 못견디게 아픈걸 보니 가슴에서 자꾸만 열이 나고 널 떠올릴때마다 그리움이 흘러 숨겨봐도 그게 잘 안되나봐 이별 앓고있는 날 다 아는걸 씩씩한척 강한척 하는 내가 웃는 눈빛마저도 우는것  같아 보인대 우리 정말 사랑하긴 했을까 느낄 수가 없잖아 작고 좁은 나의 세상속에  살던 넌  행복하긴 했을까 우리 닮은 지난 추억이  초라한 내 앞이라 더 눈부셔 너 있는 곳 너무 멀어  다가갈 수 없어 헤어져도 보내지 못하나봐 니가 돌아와줄 것만 같아서 시간가면 잊을수 있을꺼란  굳은 다짐해봐도  매일 널 찾아 헤매는데 우리 정말 사랑하긴 했을까 믿을 수가 없잖아 좋은 사람으로 니 가슴에 내 모습  남긴 했을까 니가 곁에 없는 나보다  내가 없는 니가 더 두려워 나를 지우고 쉽게 또 사랑 할까봐 지키지 못할 약속들  그땐 왜 그렇게 많이 했는지 아직도 너를 위해 난 주고  싶은게 많은데 우리 정말 사랑하긴 했을까 느낄 수가 없잖아 작고 좁은 나의 세상속에 살던 넌  행복하긴 했을까 니가 곁에 없는 나보다  내가 없는 니가 더 두려워 니 사랑이 마지막이 될까봐
2003.11.16~11.22,2,490059,태양을 피하는 방법 (Gtr.Remix),비,Rain 2,2003.10.16,Dance,"박진영,GORDONSUMNER,DominicMiller",울고 있는 나의 모습  바보같은 나의 모습  환하게 비추는  태양이 싫어 태양이 싫어  누군가 날 알아보며  왜 우냐고 물어보면  대답을 해줄 수가  없는게 너무 싫었어  태양을 피하고 싶어서  아무리 달려봐도 태양은 계속 내 위에 있고  너를 너무 잊고 싶어서  아무리 애를 써도  아무리 애를 써도 넌 내 안에 있어  아직도 너의 그 미소  나를 만졌던 그 두손  그리워하는 게 너무 싫어서 너무 싫어서 많은 사람들 속에서 웃고 얘길 나누면서 잊어보려 했지만 또 다시 눈물이 흘렀어 태양을 피하고 싶어서 아무리 달려봐도 태양은 계속 내위에 있고 너를 너무 잊고 싶어서 아무리 애를 써도 아무리 애를 써도 넌 내안에 있어 모두 다 내가 잊은 줄 알아 하지만 난 미칠 것 같아 너무 잊고 싶은데 지우고 싶은데 그게 안돼 예 태양을 피하고 싶어서 아무리 달려봐도 태양은 계속 내위에 있고 너를 너무 잊고 싶어서 아무리 애를 써도 아무리 애를 써도 넌 내 안에 있어 태양을 피하고 싶어서 아무리 달려봐도 태양은 계속 내위에 있고 너를 너무 잊고 싶어서 아무리 애를 써도 아무리 애를 써도 넌 내 안에 있어 yo 너무 깊이 박혀 뺄 수 없는 가시같이 너무 깊이 다쳐 나을 수 없는 상처같이 너라는 사람 도무지 지워지질 않지 헤어져도 같이 살아가는 것 같지 눈물로 너를 다 흘려서 지워버릴 수만 있다면야 끝없이 울어 내 눈물 강을 이뤄 흐를 정도로 많이 울어서라도 너를 잊고 제대로 살고 싶어 제대로 살고 싶어 제대로 살고 싶어
2003.11.16~11.22,3,490173,차마...,성시경,Double Life ; The Other Side,2003.10.16,Ballad,양재선,차마...  저기 저문을 닫아요  우리의 추억이 흩어져요  슬픈 눈 하지말아요  또 다시 그댈 안고싶어져요  이제 부질없는 일이죠  내마음 애써 추스려야죠  그대라도 내가 아끼는 그대라도  돌아서는 발걸음 아프지 않아야하는데  입술을 깨물죠  또 발끝만 보죠  눈물이 자꾸만 차올라  편한 표정지으며 또 웃음보이며  잘가라는 말 해줘야 하는데  입술만 떼어도 눈물부터 흘러와  떠나가는맘 슬프게 할까봐 음~  그댈사랑한다는 말 차마 하지 못했죠  시간은 흘러가겠죠  그렇게 사랑도 바래지겠죠  이별이 다그런거죠  그래요 잠시만 아픈거예요  내 어깨에 작은 떨림도  입술끝에 고이는 눈물도 괜찮아요  내가 슬픈건 그대 모습 나의 앞에두고도  할말을 다 못하는 거죠  입술을 깨물죠 또 발끝만 보죠  눈물이 자꾸만 차올라  편한 표정지으며 또 웃음 보이며  잘가라는 말 해줘야 하는데  입술만떼어도 눈물부터 흘러와  떠나가는맘 슬프게 할까봐 음~  그댈 사랑한다는 말 차마 하지 못했죠 워~~  그댈 기다릴꺼란말 차마 하지못했죠
2003.11.16~11.22,4,492268,Music,바다,A Day Of Renew,2003.10.22,Dance,바다,Can't stop this... I just can't stop this  음악을 느껴봐 지금 이순간  oh music music know you can't let go  니가원한건 I can give it to you take my music  늘 같은 생각들로 가득한 이 도시에 똑같이  흘러가는 음악은 싫어 수 없이 많은 일이  끝나고 난 후에도 듣고 싶은 노래가 없는 걸  너를 위한 새로운 음악이 필요해 같은 곳을  보면 느낄 수 없어 진부했던 표현이 널 묶어두고  있어 너를 맡겨봐 come in to me  I just can't stop this  음악을 느껴봐 지금 이순간  oh music music know you can't let go  니가원한건 I can give it to you take my music  - 간 주 중 - 사랑이 끝나면 음악이 꼭 필요해 어두워진  마음을 감싸는 멜로디  아무런 의미없이 부른 노랜  아니야 나도 여러 번 겪어 봤는걸  너를 위한 새로운 음악이 필요해  같은 곳을 보면 느낄 수 없어  처음과는 다른 시간 속에 빠져드는 너를 맡겨봐  come in to me  I just can't stop this  음악을 느껴봐 지금 이순간  oh music music know you can't let go  니가원한건 I can give it to you take my music  긴 시간 속에 우린 많이 변했지만  I Love you music that 아픔을 잊고서 난 다시  사랑하니까 I just can't stop this ooh~ 지금 이순간  모든게 어제와 모두 달라졌어 oh~ yeah~  I just can't stop this 음악을 느껴봐  지금 이순간 영원히 이 순간을 Know you can't let go 니가 원한 건  I can give it to you take my music
2003.11.16~11.22,5,482651,다시 만난 날,휘성(Realslow),It`s Real,2003.08.21,R&B / Soul,박경진,너무 다 변해서 네가 아닌것 같아 손을 잡기가 힘이 들었나봐 baby 너무 기다려서 아주 조금 지친 맘에 너를 반겨줄 힘이 없었나봐 꼭 돌아오라고 여기 있겠다고 가는 네 등 뒤에 말 못하고 혼자 약속 했었는데 많이 보고 싶었다는 하고싶던 그 말보다 왜 돌아왔냐는 말이 나도 모르게 먼저 나와 애써 웃어 보이려는 너를 다시 울리고서 내 맘도 울고 있는데 날 보는 눈빛도 너무 많이 변해서 마주보기가 힘이 들었나봐 baby 너무 낮설어서 안녕이란 네 인사에 반겨 대답해 줄 힘이 없었나봐 떠나지 말라고 거기 서달라고 가는 네 등 뒤에 말 못하고 혼자 울고 있었는데 많이 보고 싶었다는 하고싶던 그 말보다 왜 돌아왔냐는 말이 나도 모르게 먼저 나와 애써 웃어 보이려는 너를 다시 울리고서 내 맘도 울고 있는데 이대로 네가 다시 돌아선다면 돌아선다면 널 다시 말 못하고 보내고 나면 보내고 나면 또 네가 없던 그날처럼 나 멍하니 너의 생각에 네가 다시 와 주기만 애태우며 지날텐데 네가 떠난 그 날처럼 하고싶은 말 못하고 왜 돌아왔냐는 말만 나도 모르게 하고있어 다시 등을 돌리려는 너를 잡지 못하고서 나는 또 울고 있는데 많이 보고 싶었다는 하고싶던 그 말보다 왜 돌아왔냐는 말이 나도 모르게 먼저 나와 애써 웃어 보이려는 너를 다시 울리고서 우는 널 보고 내 맘도 울고 있는데
2003.11.16~11.22,6,488135,애송이 (CF - 써니텐),렉시,Lexury,2003.10.07,Rap / Hip-hop,싸이(PSY),yo  세상에 남자는 많아  그러나  아무도 맘에  들지 않아  it's been a long time  p s y  what you do say yo  l e x y  uh  어김없이 남자들은  나를 보네  어이없는 남자들만  다가오네  나는 콧대 높은 여자  시건방진 여자  자신있음 이리와봐  애송이들아  예쁘다는 뻔한 얘기  사양할게  날 만족시키려면  다양하게  나는 눈이 높은 여자  만족 없는 여자  자신있음 이리와봐  애송이들아  감동이 없어  재미도 없어  별 볼일 없어  요즘 남자들  똑같애 예  다 애송이야  아아아아  yeah  감정이 없어  정열도 없어  인물이 없어  요즘 남자들 똑같애  이예 다 애송이야  아아아아  뒤돌아 쎈 척하는  바보  지 혼자 만족하는  바보  뒤돌아 후회하는  바보  지밖에 모르는  남자니까 바보  얼레벌레  망설이지 말고  설레설레  긴장하지 말고  남자답게  자신없음 말고  what's up  애송이 바보  내 이름은  왜 묻는데  낯간지럽게  내 나이는  왜 묻는데  더 유치하게  나는 머리좋은  feel 좋은 여자  자신있음 이리와봐  애송이들아  감동이 없어  재미도 없어  별 볼일 없어  요즘 남자들  똑같애 예  다 애송이야  아아아  참 답답한 남자들  겉돌지만 말고  그냥 내 손 잡고  내 허릴 감고  눈 감고  땡겨  우워  감동이 없어  재미도 없어  별 볼일 없어 요즘 남자들 똑같애 yeah 다 애송이야 아아아아 yeah 감정이 없어 정열도 없어 인물이 없어 요즘 남자들 똑같애 이예 다 애송이야 아아아아
2003.11.16~11.22,7,482795,여전히 입술을 깨물죠,이수영,This Time,2003.08.21,Ballad,심현보,가지려고 가지려고  가져보려고 무던히 원하고 바랬죠 잠시라도 그대곁에 있는 동안엔 모른척 내것이라 믿었죠 웃는 그대 얼굴을 한참 못본 후에야 알았죠 더는 어려운 일인 걸 갖지 못한 그대 마음이 못내 서러웠지만 보내야 했죠 사랑이란 못된 이유로 그대 맘을 잡기엔 너무 늦어버린 걸 알죠 잊으려고 잊으려고  잊어보려고 여전히 입술을 깨물죠 하루라도 그대없이 살아보려고 아닌 척 웃어보기도 하죠 어떡하죠 내 맘이 내 맘같지 않아서 눈이 시리도록 보고 싶은데 바보같은 나는 이래요 사랑했던 순간만 기억해내고 내 마음도 그대 마음도 모두 잃어버린 채 아파하네요 눈물도 기다려보겠단 말도 보일 수 없던 나를 모르죠 변해버린 건 그댄데 왜 내가 미안할까요 갖지 못한 그대 마음이 못내 서러웠지만 보내야죠 사랑이란 못된 이유로 그대 맘을 잡기엔 너무 늦어버린 걸 알죠
2003.11.16~11.22,8,490105,Double,보아(BoA),Double (Single),2003.10.23,Dance,,ready!  외로웠던 시간들 행복했던 나날들  내 옆엔 그대가 있었어  꿈 인줄 알면서도 깨고싶진 않았어  함께 있을 수 있었기에   가까이 더 갈수록 멀어지는 걸 느껴  꿈일 뿐인데 이제는 싫어 (oh-)   그대사랑 느끼고 싶어  우리 영원할 수 있다면  편안함도 아픈 상처도  나의 품에Double Take It!  (Double Take It!)   그대 곁에 있어 준다면  아무것도 두렵지 않아  그대와 나 지금처럼만  함께 해요Double Take It!  (Double Take It!)   사랑이란 질문의 대답은 없는 거죠  사랑은 미움과 EQUAL  안녕 이라고 해도 우연이라고 해도  이렇게 만난 건 REAL   만남이 더 할수록 알 수가 없는 그대  사랑한대도 이제는 싫어 (oh-)   아무것도 하지 못했던  내 모습에 후회한다면  더 이상의 망설임조차  필요 없어Double Take It!  (Double Take It!)   그 어떤 시련이 온대도  그 어떤 미래가 온대도  함께 걸어갈 수 있다면  영원토록Double Take It!  (Double Take It!)   가까이 더 갈수록 멀어지는 걸 느껴  꿈일 뿐인데 이제는 싫어   그대사랑 느끼고 싶어  우리 영원할 수 있다면  편안함도 아픈 상처도  나의 품에Double Take It!  (Double Take It!)   그대 곁에 있어 준다면  아무것도 두렵지 않아  그대와 나 지금처럼만  함께 해요Double Take It!  (Double Take It!) -
2003.11.16~11.22,9,490201,잊었니,H,잊었니,2003.10.17,R&B / Soul,김세진,잊었니 네가 고백했던  그 말 잊었니  날 버리지 않겠다던 그 약속  그렇게 쉬운 약속이었니  잊었니 네가 고백했던  그 말 잊었니  날 버리지 않겠다던 그 약속  그렇게 쉬운 약속이었니 정말  알잖니 너만 사랑했던  나를 알잖니  너를 위해 준비했던 시간이  나를 붙잡고 어떡하냐고  내게 묻잖니  I never say goodbye  안녕이란 그말 하지마  그렇게 쉽게 잊을 수 있다면  잊는다면 그렇게 한다면  널 잊겠어  I know you pass me bye  내게 아무 변명 하지마 말하지마  너무 익숙해진 너의 습관  이제 지우려 노력할게  울잖니 널 볼 수 없단  내맘이 울잖니  너 몰래 흘려왔었던 눈물이  보기 싫다면 웃어줄게 정말  간다면 정말 날 버리고  가야 한다면  아무리 크게 널 불러 보아도  들을 수 없게  네 기억마저 내가 가질게  I never say goodbye  안녕이란 그말 하지마  그렇게 쉽게 잊을 수 있다면  잊는다면 그렇게 된다면   널 잊겠어  I know you pass me bye  내게 아무 변명 하지마 말하지마  너무 익숙해진 너의 습관  이제 지우려 노력할게  나도 그대를 잊어볼게  네가 편히 떠날 수 있게  그대가 그랬듯 또 다른 사랑을  나도 아마 할 수 있겠지  I never say goodbye  안녕이란 그말 하지마  그렇게 쉽게 잊을 수 있다면  잊는다면 그렇게 된다면  널 잊겠어  I know you pass me bye  내게 아무 변명 하지마 말하지마  너무 익숙해진 너의 습관  이제 지우려 노력할게  Don't forget my love forever
2003.11.16~11.22,10,487288,자꾸만,이기찬,Natural,2003.09.29,Ballad,"심현보,김평희",내앞에 그대가 있죠 여전히 아름다운데  자꾸 보고플 까봐 고개를 숙이죠  아무말 하지 않는데 눈물 먼저 흐르는 난  이별을 알죠  그렇게 모자랐나요 늘 부족했나요  모든순간 그댈 사랑했는데  차마그댄 미워 할수 없어서 미안함이 남아서  더는 잡을수도 없는 나지만 사랑했던 기억  그걸로 살아가기엔 남아있는 시간이 너무 길죠  차라리 미워졌으면 차라리 잊혀졌으면  못된 마음이라도 가질수 있다면  잘못한 일도 없는데 눈물 먼저 흐르는 난  어떡해 하죠  서글픈 기억보다도 아픈 일들보다도  행복했던 기억들만 떠올라  병이겠죠 잊지 못하는 것도 자꾸 그리운 것도  항상 그대 걱정 하는 내맘도 마음 한곳에 그냥  그대를 담아두기엔 남아있는 사랑이 너무 깊죠  왜 난 자꾸만 왜 난 자꾸만  그대가 보고 싶어지는 건지  병이겠죠 아직 그대가 보고픈 것도  내 맘속에 남아있는 사랑도  왜 자꾸만 눈물 먼저 나는지
2003.11.16~11.22,11,485685,관계,왁스,Wax 4,2003.09.18,Ballad,최준영,뭐라고 제발 말 좀 해봐요 왜 내게 미안한건지 어제까지 날 품에 안고서 사랑을 속삭였잖아 사랑에 눈을 뜨게 해놓고 이별을 가르쳐준너 영원하기를 바랬는데  그대를 믿은 내가 바보였어 뜨거웠던 우리 사랑이 부질없는 짓이였었나 내가 사랑했던 그대가 날 아프게 하네 오늘이 마지막이라면 나를 한번 안아주세요 너의 뜨거운 눈빛 너의 떨리는 손길 깊이 간직할거야  사랑이 정말 이런거라면 다시는 하지 않겠어 사랑하는데 왜 헤어져 솔직히 이해할 수가 없어요 뜨거웠던 우리 사랑이 부질없는 짓이였었나 내가 사랑했던 그대가 날 아프게 하네 오늘이 마지막이라면 나를 한번 안아주세요 너에 뜨거운 눈빛 너의 떨리는 손길 깊이 간직할거야 날 여자로 만들어 준 너 그댈 정말 사랑했어요 아마 누굴 만나서 그와 사랑할때도 네가 그리울꺼야 이렇게 밤이 내리는 날엔 그대가 너무 그리워
2003.11.16~11.22,12,510795,Piece Of My Wish,해이,Piece Of My Wish,2003.10.28,Ballad,이지은,미안해하지 마요  조금만 더 용기를 내봐요  이별을 고하던 그 날처럼  그렇게 말해요  두려워도 얘기해요  아마 내가 웃어줄 거예요  그대가 걱정하는 것처럼  차갑지 않을 걸요  나 사실은 너무 힘들어요  괜찮은 걸로 보일 뿐이죠  그대도 그렇죠 다 느낄 수 있어요  지나간 일은 지난 일인 거죠  잠시 여행을 떠난 것처럼  그렇게 나 그렇게 기다려도 되나요   냉정하게 말했던 거  그 자리에서 지워버렸죠  좋은 날들만 자꾸 생각나  그게 제일 어렵죠  지금 거기 멈춰서면  다신 못 볼 지도 모르는데  무모해질 순 없는 건가요  처음 그대처럼  또다시 다른 사랑 만나는 일도  쉽지는 않다는 걸 알아요  사랑이 어디서 그리 쉽게 오나요  아무렇지도 않은 그 인사로  나를 속일 순 없을 거예요  아직도 그대와 닿아있는 나니까   너무도 그댈 그리워 울어요  괜찮은 듯 웃어도 아니죠  그대도 그렇죠 다 느낄 수 있어요  지나간 일은 지난 일인 거죠  잠시 여행을 떠난 것처럼  서둘러 서둘러 내 마중을 받아요  난 믿어요 그대라는 걸  It's just a Piece Of My Wish
2003.11.16~11.22,14,486743,I Swear,"S(강타,신혜성,이지훈)",Group`S`1집 - I Swear,2003.09.25,Ballad,,아직 마르지 않는 눈물  내게 유난히 길던 밤들 슬픔이 모두 마르기 전에  기억을 모두 지우기 전에 I swear my everything in my heart 슬픔이 전부라 해도 눈물뿐이라도 I swear my love that you're everlasting 기다림이 전부라도 슬픔뿐이라도 기다려 사랑해 사랑해 just wanna give you my heart 비가 내렸으면 좋겠어  햇살 좋은날엔 니가 더 보고싶어 시간이 빨리 가면 좋겠어  니가 없는 난 하루가 일년 같아 시간이 흘러 널 잊게되면  난 누군갈 또 만나겠지 헤어짐이 슬픈 건  모두 잊겠단 약속인걸 I swear my everything in my heart 슬픔이 전부라 해도 눈물뿐이라도 I swear my love that you're everlasting 기다림이 전부라도 슬픔뿐이라도 기다려 사랑해 사랑해 just wanna give you my heart 좀더 차가웠음 좋겠어  따뜻했던 모습 기억도 나지 않게 니가 죽었으면 좋겠어  작은 희망도 가질 수 가 없도록 사랑이란 걸 너뿐이란 걸  떠난 후에야 알게됐지만 내가 할 수 있는 건  오직 이별 뿐 이라는 걸 사랑이라는 거 이제야 알았어 언제까지라도 기다려 영원히 언제나 I swear my everything in my heart 슬픔이 전부라 해도 눈물뿐이라도 I swear my love that you're everlasting 기다림이 전부라도 슬픔뿐이라도 I swear my Everything in my heart 슬픔이 전부라 해도 눈물뿐이라도 I swear my love that you're everlasting 기다림이 전부라도 슬픔뿐이라도 기다려 사랑해 사랑해 just wanna give you my heart 아직 마르지 않는 눈물
2003.11.16~11.22,15,420534,체념,빅마마,Like The Bible,2003.02.06,R&B / Soul,이영현,행복했어 너와의 시간들 아마도 너는 힘들었겠지 너의 마음을 몰랐던 건 아니야 나도 느꼈었지만 널 보내는게 널 떠나보내는게 아직은 익숙하지가 않아 그렇게 밖에 할 수 없던 니가 원망스러워 왜 말 안했니 아님 못한거니 조금도 날 생각하지 않았니 좋아한다면 사랑한다면 이렇게 끝낼거면서 왜 그런말을 했니 널 미워해야만 하는 거니 아니면 내 탓을 해야만 하는 거니 시간을 돌릴수만 있다면 다시 예전으로 돌아가고 싶은 마음뿐이야  왜 말 안했니 아님 못한거니 조금도 날 생각하지 않았니 좋아한다면 사랑한다면 이렇게 끝낼거면서 왜 그런말을 했니 널 미워해야만 하는 거니 아니면 내 탓을 해야만 하는 거니 시간을 돌릴수만 있다면 다시 예전으로 돌아가고 싶은 마음뿐이야 그래 더 이상 묻지 않을게 내곁을 떠나고 싶다면 돌아보지 말고 떠나가 눈물은 흘리지 않을게 괜히 마음만 약해지니깐 내게서 멀어진 니 모습이 흐릿하게 보여 눈물이 나나봐 널 많이 그리워할것 같아 참아야만 하겠지 잊혀질 수 있도록 다시 사랑같은거 하지 않을래 내 마지막 사랑은 돌아선 너에게 주고 싶어서  행복하길 바래 나보다 좋은 여자 만나기를
2003.11.16~11.22,16,492481,She`s Mine,박효신,Park Hyo Shin Best (Voice=2003-1999),2003.10.30,Dance,,니가 예뻐 보였어 왠지 있어 보였어 너와 있고 싶었어 꼭 너를 갖고 싶었어 다가갔던 이유라면 그것뿐야 니가 슬퍼 보였어 왠지 아파 보였어 물어보고 싶었어 꼭 네게 듣고 싶었어 헤어질 땐 그 이유가 딱이니까 너처럼 예쁜 여자 이렇게 혼자 있는 건 우예 그거야 보나마나 너를 떠나버릴 이별밖에 더 있겠어 그런게 사랑이야 그렇게 상처뿐야 그런 거야 사랑이란 약속처럼 물거품같은 것은 없으니까 그런게 인생이야 그렇게 사는거야 오히려 잘 됐다고 생각해 나를 만났잖아  또 다시 한번 생각해봐 사랑해 그런 건 하지마 조금만 더 천천히 이렇게 네게 내가 없다 해도 너만을 바라볼 수 없나 지금 이젠 조금 천천히 여기 이 자리 벗어나지마 그때도 늦지 않아 비슷하게 보였대 왠지 닮아 보였대 위로받고 싶었대 꼭 그러고만 싶었대 안그러면 죽을 것만 같았었대 우예 자신있어 보였대 왠지 닮아 보였대 복수하고 싶었대 그러고만 싶었대 그 사람이 그랬듯이 날 버렸대 처음엔 먼저 떠난 너에게 고마웠었어 하지만 하루 이틀 사흘 왜 이렇게 니가 보고 싶은거야 그런게 사랑인걸 그렇게 상처란 걸 나 다시는 사랑 땜에 바보처럼 살지는 않을거라 했었는데 그런게 인생인걸 그렇게 산다는 걸 하지만 이게 뭐야 너마저 사랑해버렸어 오
2003.11.16~11.22,17,480367,내일 해,이정,Lee Jung,2003.08.05,Ballad,오훈,내게 헤어지잔 그 말은 내일 해 미안하단 그 말도 내일 해 오늘까지만 나를 위해서 좀 웃어줄래 내게 힘이든단 그 말은 내일 해 잘 지내란 그 말도 내일 해 마지막 부탁이야 이미 알고 있었어 오늘 니가 내게 전하려 하는 말 이별얘기란 걸 오늘만은 참아줘 내 생일이잖아 너와 함께 하는 마지막 생일 내게 헤어지잔 그 말은 내일 해 미안하단 그 말도 내일 해 오늘까지만 나를 위해서 좀 웃어줄래 내게 힘이든단 그 말은 내일 해 잘 지내란 그 말도 내일 해 마지막 부탁이야 미안해 힘들게 해 니 맘은 알지만 어쩔 수 없었어 니가 보고 싶어 편하진 않겠지만 마지막 내 생일 함께 해주겠니 나를 위해서 내게 헤어지잔 그 말은 내일 해 미안하단 그 말도 내일 해 오늘까지만 나를 위해서 좀 웃어줄래 내게 힘이든단 그 말은 내일 해 잘 지내란 그 말도 내일 해 마지막 부탁이야 난 아직 너를 보낼 자신이 없어 흔한 눈물도 아직 준비 못했어 이렇게 아픈 가슴으로 널 바라보면서 웃고있지만 난 눈물이 흘러 어떻게 내게 헤어지잔 그 말은 내일 해 미안하단 그 말도 내일 해 오늘까지만 나를 위해서 좀 웃어줄래 내게 힘이든단 그 말은 내일 해 잘지내란 그 말도 내일 해 마지막 부탁이야
2003.11.16~11.22,18,490332,떠나버려,BMK,No More Music,2003.10.17,Ballad,BMK,떠나버려 더이상 사랑을 믿지는 않아  이제는 지워버려 너와의 추억을 태워버렸으니  너 떠난 뒤에 나 이렇게 너를 보낸 후  너 또다시 날 날 사랑한다고 말할 수 있는거야  이제는 떠나가 날 자꾸 귀찮게는 하지마  뒤돌아 가는 니모습을 나는  오늘도 사랑은 없다고 믿어  떠나버려 더이상 사랑을 믿지는 않아  이제는 지워버려 너와의 추억을 태워버렸으니  - 간 주 중 - 이제는 떠나가 날 자꾸 귀찮게는 하지마  뒤돌아 가는 니모습을 나는  오늘도 사랑은 없다고 믿어 떠나버려 더이상 사랑을 믿지는 않아  이제는 지워버려 너와의 추억을 태워버렸으니  떠나버려 더이상 사랑을 믿지는 않아  이제는 지워버려 너와의 추억을 태워버렸으니  차라리 너에게 차갑게 대하는 날 미워해  바보처럼 애원하는 내 모습은 없을 테니 워  오 떠나 이젠 내게서 사랑을 믿지 않아  떠나버려 더이상 사랑을 믿지는 않아  이제는 지워버려 너와의 추억을 태워버렸으니
2003.11.16~11.22,19,481446,Oasis,김경호,Open Your Eyes,2003.08.11,Rock,미루(MIRU),아무도 날 찾지 않을때 나조차 나를 버렸었는데 마치 난 사막 한가운데서 갑자기 펼쳐진 오아시스처럼 내 지친 영혼에 빛이 되었지 그토록 내가 찾던 그건 바로 너였어 난 다시 살아야했지  널 위해서 난 포기하지 않을꺼야  Never again 난 널 사랑하니까 널 가졌으니까 내 전불 걸어 널 지켜줄게 넌 그 무엇보다도 내겐 소중하니까 나 살아있는 그 날까지 때론 맘에 없는 말들로  너에게 상처를 주곤했지 니가 싫어서가 아니야  날 사랑하는 니가 가여웠어 눈부신 너의 눈빛이  조금씩 시들어 가고 있다는걸 느끼던 순간 난 다시 살아야했지 이제는 너를 울지 않게 할거야 Never again 난 널 사랑하니까 널 가졌으니까 내 전부를 걸어 널 지켜줄게 넌 그 무엇보다도 내겐 소중하니까 나 살아있는 그 날까지 왜 나였었는지 갈라진 손톱 끝에 적실 눈물조차 다 말라 어떤 희망도 없던 나에게 다 날 떠나버려도 날 잊어버려도 내 존재조차 알지 못해도 난 널 갖고 있잖아 나의 전부인거야 더 무엇도 바라지 않아 난 널 사랑하니까 널 가졌으니까 내 전부를 걸어 널 지켜줄게 넌 그 무엇보다도 내겐 소중하니까 나 살아있는 그 날까지 한 순간도 니곁을 떠나지 않아
2003.11.16~11.22,20,492075,Can You Tell Me...?,화요비,Across The Romantic Bridge,2003.10.24,R&B / Soul,손상민,Can you tell me the   way we were 아무런 후회도 없이  떠나보낸 그 길 위에서  지나간 그대 눈빛이  문득 미치도록 그리워  Memories 모든게 희미해져  그대 이름도 사라졌지만  Go away 함께 만든 흔적들  모두 지워버린 내가 미워져  Just tell me  시간 속에 우리가 걸었던  두 그림자도 꽉 찬 골목길  Just tell me  지난 작은 연인의 뒷모습  가끔은 다시 돌아본다고  손닿지 않는 시간 넘어  memories 편지와 사진들을  너무나 쉽게 지워 버렸죠  Go away 함께 만든 추억들  수줍었던 많은 고백 모든 걸  Just tell me  시간 속에 우리가 걸었던  두 그림자도 꽉 찬 골목길  Just tell me  지난 작은 연인의 뒷모습  가끔은 다시 돌아본다고  손닿지 않는 너  내가 왜 이렇게 어둠 속에서  눈물로 잠 못 드는지  낯설어진거니   낯익은 그리움 속에서  또 헤매는지 Just tell me 시간 속에 우리가 걸었던 두 그림자도 꽉 찬 골목길 Just tell me 지난 작은 연인의 뒷모습 가끔은 다시 돌아본다고 손닿지 않는 너 잊지 말아요 나의 기억 모두
2003.11.16~11.22,21,485458,인형의 꿈,러브홀릭,좋은 사람 OST,2003.09.09,"Drama,Rock",강현민,그대 먼 곳만 보네요  내가 바로 여기 있는데 조금만 고개를 돌려도  날 볼 수 있을텐데 처음엔 그대로 좋았죠 그저  볼 수만 있다면 하지만 끝없는 기다림에  이젠 난 지쳐가나봐 한 걸음 뒤엔 항상 내가  있었는데 그대 영원히 내 모습 볼 수 없나요 나를 바라보면 내게 손짓하면  언제나 사랑할텐데 난 매일 꿈을 꾸죠 함께  얘기 나누는 꿈 하지만 그 후에 아픔을  그대 알 수 없죠 한 걸음 뒤엔 항상 내가  있었는데 그대 영원히 내 모습 볼 수 없나요 나를 바라보면 내게 손짓하면 언제나 사랑할텐데 사람들은 내게 말했었죠 왜 그토록 한 곳만 보는지 난 알 수 없었죠 내 마음을 작은 인형처럼 그대만을  향해 있는 나 한 걸음 뒤엔 항상 내가  있었는데 그대 영원히 내 모습 볼 수 없나요 나를 바라보면 내게 손짓하면 언제나 사랑할텐데 영원히  널 지킬텐데
2003.11.16~11.22,22,484910,미소,백지영,Smile,2003.09.04,Dance,이상백,네게 너무 쉽게 허락한 입술  먼지처럼 날린 숱한 니 추억들  두 번 다시 되돌릴 수는 없겠지  행복했던 시간 다시 떠올라  돌아서면 니가 자꾸만 생각나  끝낼 추억 자신이 없으니  why you leave why you leave  소리없이 불러도 봤지만  why not me why not me  이젠 모두 바램일 뿐이야  흘러가는 흘러가는 시간에 흘리리  여자라서 슬픈 내 맘을 모르니  돌아오지 않는 그런 사랑은 잊으리  그렇게 싸늘하게 날 놔버리니  What's gonna say 우 네가 내게 가져간건  마지막 남은 사랑이지만 워우예이예 우 내가 너를 몰랐었던 그 전에 미소는 돌려줘  스쳐가는 너의 서투른 몸짓  침묵 속에 잠긴 너의 그 목소리  지쳐버린 표정 어색한 니 눈빛  싸늘하게 식어버린 니 손길  예전같지 않은 차가운 그 느낌  더는 내게 감정이 없으니  why you leave why you leave  소리없이 불러도 봤지만  why not me why not me  이젠 모두 바램일 뿐이야  흘러가는 흘러가는 시간에 흘리리  여자라서 슬픈 내 맘을 모르니  돌아오지 않는 그런 사랑은 잊으리  그렇게 싸늘하게 날 놔버리니  What's gonna say 우 네가 내게 가져간건  마지막 남은 사랑이지만 워우예이예 우 내가 너를 몰랐었던 그 전에 미소는 돌려줘  - 간 주 중 - 네가 내게 남겨준건 사랑이였잖니  가슴 아픈 기억 다 참아 왔잖니  그런 니가 지금 내게 이별을 말하니  도대체 니가 내게준건 뭐였니  흘러가는 흘러가는 시간에 흘리리  흘러가는 흘러가는 사랑은 잊으리  영원히 너란 사랑 찾지 않으리
2003.11.16~11.22,23,484861,오리 날다 (영화 '권순분여사 납치사건' CF 테마송),체리필터,Third Eye,2003.09.04,Rock,정우진,난나 나나난나 난나나  난나 나나난나 난나나  쭈쭈쭈 쭈쭈쭈 쭈쭈쭈  쭈쭈쭈 쭈쭈쭈 쭈쭈쭈  나는 꿈을 꾸었죠 네모난 달이 떴죠  하늘위로 올라가 달에게 말을했죠  늦은밤 잠에서 깨어 날개를 흔들었죠  오리는 날수없다 엄마에게 혼났죠  이제는 하늘로 날아갈래요  하늘위 떠있는 멋진 달되고 싶어  날아올라 저 하늘 멋진 달이 될래요  깊은밤 하늘에 빛이 되어 춤을 출꺼야 날아올라 밤하늘 가득 안고 싶어요  이렇게 멋진 날개를 펴  꿈을 꾸어요 난 날아올라  쭈쭈쭈 쭈쭈쭈 쭈쭈쭈  쭈쭈쭈 쭈쭈쭈 쭈쭈쭈  나는 꿈을 꾸었죠 달님이 말을 했죠 어서 위로 올라와 나와 함께 놀자고  늦은밤 잠에서 깨어 날개를 흔들었죠  엄마도 날수없다 오늘도 혼이났죠  이제는 하늘로 날아갈래요 하늘위 떠있는 멋진 달되고 싶어  날아올라 저 하늘 멋진 달이 될래요  깊은밤 하늘에 빛이 되어 춤을 출꺼야 날아올라 밤하늘 가득 안고 싶어요  이렇게 멋진 날개를 펴  꿈을 꾸어요 난 날아올라  날아올라 날아올라 저 하늘로  깊은밤 하늘에 빛이 되어 춤을 출꺼야  날아올라 날아올라 날아올라 저 하늘로  이제는 날개를 활짝펴고 날아갈꺼야  날아올라 저 하늘 멋진 달이 될래요  깊은밤 하늘에 빛이 되어 춤을 출꺼야  날아올라 밤하늘 가득 안고 싶어요  이렇게 멋진 날개를 펴  꿈을 꾸어요 난 날아올라  쭈쭈쭈 쭈쭈쭈 쭈쭈쭈 쭈쭈쭈
2003.11.16~11.22,24,2101649,만취 In Melody,은지원,만취 In Hiphop,2003.09.05,Rap / Hip-hop,,오오오오오오 내게 돌아와줘
2003.11.16~11.22,25,511798,어쩌다..,윤건,갈색머리,2004.02.09,R&B / Soul,한경혜,어쩌다 지나친 거릴 돌아보게 돼  니가 있는 게 아닐텐데 맞을텐데  어쩌다 오간 대화에 니 이름 오르면  모두 놀란 듯이 나의 표정을 살피는데  그런 니가 없어도 아직은 살만하다고  또 내 맘을 속여가며 웃어주고  그런 뒤에 돌아서 나 혼자 견딜 이별에  눈물은 니가 되고 내가 되지 항상  날 스치는 사람중에 왜 너 하나만 없는지  오늘까지만 울면 내일은 너를 잊을까  나 하나씩 너의 얘길 모두 지워가며   그런 니가 없어도 아직은 살만하다고  또 내 맘을 속여가며 웃어주고  그런 뒤에 돌아서 나혼자 견딜 이별엔  눈물은 니가 되고 내가 되지 항상
2003.11.16~11.22,26,480667,Chiki Chiki-Love Song,여행스케치,The Best Of The Best 여행스케치 Yeoch 1989~2003,2003.08.13,Folk,조병석,치키치키love forever oh happy day 자기자기나를 부르는 너 상상해 치키치키 love song for you 날 만난 뒤로 지기지우보다 널 아껴줄 오직 한 사람 그건 바로 나야 나 I love you forever whenever you go 하루를 시작하는 나의 다짐 I need you forever whatever you do 잠들기 전 나의 기 도 친구들 이런 나를 이해못한다지만 나 역시 이런 닭살 상상도 못해봤어 오 치키치키love forever oh happy day 자기자기나를 부르는 너 상상해 치키치키 love song for you 날 만난 뒤로 지기지우보다 널 아껴줄 오직 한 사람 그건 바로 나야 나 그 누구만큼 가진 게 많아서 너에게 명품만 줄 순 없지만 난 너 하나만큼은 자신 있어 너와 내가 명품인걸 영원히 니가 나의 천사가 되준다면 난 항상 너의 발밑 구름이 되어줄게 오 치키치키love forever oh happy day 자기자기나를 부르는 너 상상해 치키치키 love song for you 날 만난 뒤로 지기지우보다 널 아껴줄 오직 한 사람 그건 바로 나야 나  너를 둘러싼 선수들 (다가와서) 나와 똑같은 말투로 (속삭이며) 너를 혹하게 한대도 흔들리지마 독이 든 사과야 뻥이야 오 치키치키love forever oh happy day 자기자기나를 부르는 너 상상해 치키치키 love song for you 날 만난 뒤로 지기지우보다 널 아껴줄 오직 한 사람 그건 바로 나야 나 치키치키할 때마다 태양처럼 이글이글불타는 내 눈빛 you know 치키치키 love song for you 부를 때마다 매일 나는 복권에 당첨된 기분이란걸 말은 안했지만 너만 빼고 다 알아 치키치키 love song for you-
2003.11.16~11.22,27,483377,내 안의 그대,서영은,첫사랑 OST,2003.08.12,"Drama,Ballad",이희승,슬픔은 없을 것 같아요  우산없이 비오는 거리를 걸어도  나는 행복할 것 같아요  내안에 그대가 왔잖아요  그대와 내가 마주쳤던 순간에  나는 다시 태어난거죠  그대가 없던 어제의  나는 없던 것과 같아요  기억조차 없는걸요  어떡하죠 내 심장이 고장났나봐  그대만 생각하면  터질 것만 같아요  어떡하죠 나는 그대 뒷모습에도  자꾸만 눈물이 나요  그대가 이름을 부를때  나는 내가 나인게 너무 행복하죠  그대가 날 보고 웃을땐  난 모든 세상에 감사해요  난 괜찮아요  혹시 어려워마요  다시 혼자가 된다해도  내 안에 그대 있음이  나를 살아가게 할테니  그대가 날 지킬테죠  어떡하죠  내 심장이 고장났나봐  그대가 생각하면  터질 것만 같아요  어떡하죠  나는 그대 뒷모습에도  자꾸만 눈물이 나요  내가 밤새 그댈 그리워 한다면  그대 품에 가게 될까요  잠든 그대 꿈에 나 찾아가  입맞추고 돌아올까요  어떡하죠  첫사랑은 슬프다는데  나 지금 누구라도 사랑하고 올까요  어떡하죠  사랑만도 너무 아픈데  이별은 난 모를래요 - 간 주 중 - 어떡하죠 나는 그대 뒷모습에도  자꾸만 눈물이 나요
2003.11.16~11.22,28,487702,기억이... 눈물이... (Vocal : 조대연),정지찬,Hue,2003.09.27,Ballad,정지찬,만나지 마 보고 싶다 해도  아쉬움도 끝나지 않도록  만나지 마 무너진다 해도  그가 바라는 걸 알잖아  마지막 너무 미움 가득한  사랑한 너를 다시 잊으려 해도  기억이 널 사랑한 기억이  모든 걸 네게 주었던 그 기억이  눈물이 널 보냈던 눈물이 나  내 마음 아픈 마음 그대로   많은 시간 또 많은 눈물도  너를 잊게 할 수는 없었고  너와 만난 그 시간만큼은  아파해야 널 잊게 될는지  마지막 너무 미움 가득한  사랑한 너를 다시 잊으려 해도  기억이 널 사랑한 기억이  모든 걸 네게 주었던 그 기억이  눈물이 널 보냈던 눈물이 나  내 마음 아픈 마음 그대로   너의 맘을 알아서 아니란 걸 알아서  사랑한 마음을 니 전부를 지운 것 같은데  기억이 널 사랑한 기억이  모든 걸 네게 주었던 그 기억이  눈물이 널 보냈던 눈물이 나  내 마음 아픈 마음 그대로  내 마음 아픈 마음 그대로
2003.11.16~11.22,29,486764,No. 7,스웨터,Humming Street,2003.09.23,Rock,신세철,촉촉한 이 바람을 그리워했었지 한참을 달려온 이 거리 끝도 없이 펼처진 너의 노란색 줄무늬 NO.7 그게 바로 너의 image 주저하지마 여기까지 와서 돌아보지마 그토록 원했었던 지칠때로 지친 나를 봐 헝클어진 내 머리를 봐 이렇게 무너진 가슴안고 돌아온 나를 또 받아주겠니  언제나 이런 날을 기다려 왔었지 힘들게만 느낀 지난날 불꽃모양 해송 사이로 희미하게 실루엣 NO. 7 그게 바로 너의 꿈이지 주저하지마 여기까지 와서 돌아보지마 그토록 원했었던 지칠때로 지친 나를 봐 헝클어진 내 머리를 봐 이렇게 무너진 가슴안고 돌아온 나를 또 받아주겠니 너만의 열기로 NO.7 날 감싸주겠니  이렇게 무너진 가슴안고 돌아온 나를 또 받아주겠니 너만의 열기로 NO.7 날 감싸주겠니 너만의 온기로 날 안아주겠니
2003.11.16~11.22,30,482907,난 너에게 (To You),샤크라,Tomato,2003.08.21,Dance,"안성준,장성희",사랑 uh 이 세상 가장  소중한 That's Right  행복함 이제야 느끼는  뜨거운 넌 나의 태양 떠나가도 난 너 포기 안 해  가슴속의 내 맘 열어볼래  You're My Boy I'm  Your Lady  헤어지잔 말 쉽게 하지  않길 바래  사랑은 사랑 그 자체로  된거야 걱정하지마  항상 옆에서 널 지켜줄게  내게로 와  난 너에게 조금씩 가까이  넌 언제나 자꾸만 멀어져  하지만 나 너와 함께 있을거야  난 너에게 사랑을 원했어  넌 언제나 대답이 없었지  하지만 나 널 사랑해  언제까지나  멀어져가는걸 느껴 전화기는  계속 꺼져있어  야 너 이게 뭐야 마치  숨바꼭질 같잖아  항상 내가 옆에 있다는 걸  영원히 너뿐이라는 걸  믿어줘 얘기해줘 I Love  You 영원히 사랑은 사랑 그 자체로  된거야 걱정하지마  항상 옆에서 널 지켜줄게  내게로 와  난 너에게 조금씩 가까이  넌 언제나 자꾸만 멀어져  하지만 나 너와 함께 있을거야  난 너에게 사랑을 원했어  넌 언제나 대답이 없었지  하지만 나 널 사랑해  언제까지나  왜 이 세상에는 쉬운  사랑은 없을까  가슴 아프지 않고는 얻지  못하는 걸까  난 너에게 조금씩 가까이  넌 언제나 자꾸만 멀어져  하지만 나 너와 함께 있을거야  난 너에게 사랑을 원했어  넌 언제나 대답이 없었지  하지만 나 널 사랑해 언제까지나  난 너에게
2003.11.16~11.22,31,608101,Be My Love,쥬얼리,3집 Beloved,2003.07.12,Dance,남기상,눈물만 흘리던 나에게 니 손길  너무도 포근한 안식처가 됐어  이제 나는 너의 곁에서 꿈꾸고 싶어  지나온 시간을 너에게 돌려줄  그날을 위해서 이렇게 기도해  이제 나는 너의 곁에서 숨쉬고 있어 baby  Oh my love 이제는 너를 느낄수 있어  Oh my love 너만이 나를 안아줄 수 있는걸  이제는 내안에 모든걸 잊고  그대만을 위해 따를래 또다른 아픔도  이제 내가 느낀 기쁨속에 모두 지울래  그대를 향했던 내맘을 모두  받아주던 그대 미소는 내겐 너무 따뜻한 얘기  Be my love 이젠 나를 사랑해 줄래  Be my love 내가 너를 느낄수있게  You don't have to worry Please just  Kiss me baby You don't have to worry  Kiss me hold me a baby  - 연 주 중 - Oh my love 이제는 너를 느낄수 있어  Oh my love 너만이 나를 안아줄 수 있는걸  이제는 내안에 모든걸 잊고  그대만을 위해 따를래 또다른 아픔도  이제 내가 느낀 기쁨속에 모두 지울래  그대를 향했던 내맘을 모두  받아주던 그대 미소는 내겐 너무 따뜻한 얘기  Be my love 이제 나를 사랑해줄래  Be my love 내가 너를 느낄수있게   Be my love 이제 나를 사랑해줄래  Be my love 내가 너를 느낄수있게  이제는 내안에 모든걸 잊고  그대만을 위해 따를래 또다른 아픔도  이제 내가 느낀 기쁨속에 모두 지울래  그대를 향했던 내맘을 모두  받아주던 그대 미소는  내겐 너무 따뜻한 얘기
2003.11.16~11.22,32,455209,아직 못다한 이야기 (Feat. BMK),김진표,JP4,2003.05.12,Rap / Hip-hop,김진표,It's it's jp 나 너와 나 똑같은 끝까지 아직 아직 못다한 내 얘기 이 세상이 끝날 때 까지(이 세상이 끝날 때 까지) 안녕이라 말하지마 아직은 날 떠나가지마 이밤이 지난대도 몇 만년이 흘러도 아직 난 해줄 얘기가 많아 어제 넌 내게 아무 말이나 해보라고 했지 왜 암말 못하냐며 소릴 질러댔지 무슨 말을 해야될지 몰랐었을 뿐인데 너에게 하고 싶은 말들은 많았었는데 무조건 화만내며 눈물이 가득 고인 널 바라보며 내 입술은 절대 떨어지지 않던 걸 또한 구차해지는 것 같아 망설였을뿐 순간 자존심 챙기는 내게 실망했을뿐 말한마디 꺼낼때면 내말을 잘라 넌 말했었지 우린 너무나 달라 가슴아픈 예전의 추억들만 잔뜩 꺼내 회복할수 없을 만큼 터뜨려 우리 사일 갈라 이런 상황에서 내가 무슨말을 해 너무 당황해서 담배만 태우는데 우리 심장 박동소리만 여기 잔뜩 울려 어색한 침묵만 끊임없이 주위에 계속 흘러 안녕이라 말하지마 아직은 날 떠나가지마 이 밤이 지난대도 몇만년이 흘러도 아직 난 해줄 얘기가 많아 날 첨볼 때 너무도 환히 웃던 미소 난 아직도 선명히 내 머리에 남아있어 우리가 자주 가던 바에서 너와나 손잡고 바랬던  우리 둘만의 미래 난 아직 기억해 이 짧은 노래에 말하긴 부족해 순전히 너의 모습 보기 위해서 너의 집앞에서 난 기나긴 밤을 매일 지새웠었어 안녕이란 말을 더듬던것부터 조그만 우리의 발이 되준 내 스쿠터 뒤에서 들리던 행복한 니 웃음 소리 그리고 말하기엔 유치한 그 놀이 갑자기 필름처럼 모든것들이 다가와 왜 지금에서야 모두 생각나는것일까 뒤를 돌아봐 시간있잖아 나 아직 너에게 해줄 얘기가 너무 많아 너와나 우리같이 이 세상이 끝날때까지 안녕이라 말하지마 아직은 날 떠나가지마 이 밤이 지난대도 몇만년이 흘러도 아직 난 해줄 얘기가 많아 이 밤이 지난대도 태양이 다시떠도 너에게 해줄 말이 많은 걸 내게 불어오는 바람아 너는 내 얘기를 어서 그녀에게 전해주렴 내 몸을 적시는 빗방울아 너는 그녀 향길 어서 내 몸에서 씻어주렴 내게 내리쬐는 태양아 너는 여길 떠나 어서 그녀에게 비춰주렴 뭐든지 볼 수있는 하늘아 그녈 볼 수 있게 어서 너의 눈을 빌려주렴 내게 불어오는 바람아 너는 내 얘기를 어서 그녀에게 전해주렴 내 몸을 적시는 빗방울아 너는 그녀 향길 어서 내 몸에서 씻어주렴 내게 내리쬐는 태양아 너는 여길 떠나 어서 그녀에게 비춰주렴 뭐든지 볼 수있는 하늘아....
2003.11.16~11.22,33,492347,One,이브,Welcome To Planet Eve,2003.10.29,Rock,심현보,모르지 어쩌면 이미 너를 잊은건지도  흔한 눈물도 없이 쉬운 방황도 없이  버릇처럼 숨쉬고 있는 나   내 눈에 내 맘에 가득했던 너를 비우면  슬플 겨를도 없이 힘들 사이도 없이  나조차 없는건데   더 기억이 안나 보고 싶을수록  참 사랑했던 손끝 하나도  너 없이 혼자서 아플까봐  내 기억까지 가져간 거니   더 눈물이 안나 그리워질수록  서러운 맘에 목이 메어도  잘가란 인사도 못했던 나를 용서해   모르지 어쩌면 내가 너를 버린건지도  끝내 잡을 용기도 참고 보낼 자신도  그땐 왜 없었는지   더 기억이 안나 보고 싶을수록  참 사랑했던 손끝하나도  너없이 혼자서 아플까봐  내 기억까지 가져간거니  더 눈물이 안나   너 없이 혼자서 아플까봐  내 기억까지 가져간거니   나 사는 동안에 단 한번이라도  또 너를 다시 볼 수 있다면  그때는 말할께 차마 못한 마지막 인사  고마웠었다고 언제나 미안했다고  행복하라고 그래도 사랑한다고 -
2003.11.16~11.22,34,465286,안녕,박혜경,Seraphim,2003.06.17,Rock,"강현민,박지원,박혜경",외로운 날들이여 모두 다 안녕
2003.11.16~11.22,35,488408,다만...,더준,Jun Project,2003.10.02,Ballad,김영아,아무 말도 말아요.. 내가 그리 다가 갈게요..  다만 그대 맘을 내게 열어둬요..  혹 부담이 될까봐 그대 눈빛하나 표정하나..  늘 조심스런 나인데..  이유조차 몰라요.. 그시작도 알지 못하죠..  지금 그댈향한 내 마음 내 사랑은..  오랜 기다림 속에서도  꼭 그대여야 한다는 바램 뿐인걸..  난 나 이렇게 모자라도  그대만 생각할게요 그대만 바라 볼께요..  내사랑 내가 눈을 감는날까지  늘 함께라는 그 사실만 기억해요..  그댈 얘길 알아요.. 걱정스런 맘도 알아요..  지난 사랑처럼 될까 두려운 맘..  나 역시나 스쳐온 잦은 헤어짐에 엇갈림에  늘 아파했던 나였죠..  이젠 데려 고맙죠.. 조금은 더 잘해내겠죠..  더는 혼자되지 않게 지킬께요..  아주 대단하지 않아도  늘 변함없는 마음만 지킬테니까..  난 나 이렇게 모자라도  그대만 생각할게요 그대만 바라 볼 께요..  내사랑 내가 눈을 감는날까지  늘 함께라는 그 사실만  이 세상 모든걸 다 다줄거란 약속 할순 없지만  다만 나 그댈위해 나를 다 버려도  다 준대도 후횐없죠.. 난 나 이렇게 모자라도  그대만 생각할게요 그대만 바라 볼게요..  내사랑 내가 눈을 감는날까지  늘 함께라는 그 사실만  난 나 이렇게 모자라도  그대만 생각할게요 그대만 바라 볼게요..  내사랑 내가 눈을 감는날까지  늘 함께라는 그 사실만 기억해요 내 영혼이 잠들 곳 그대라면 된거죠..
2003.11.16~11.22,36,445414,가끔씩 눈물이 나죠,팀,영민,2003.03.01,Ballad,심현보,눈물도 흐르지 않아 돌아서는 그대 말없이 바라보았죠 한참을 그렇게 있다 이별이 온걸 알아버렸죠 모든건 다 잊혀지겠죠 보고픈 맘도 그대의 이름도 가끔 몸서리치게 그립고 서글퍼도 그래도 시간은 흐를테고 변해가겠죠 더이상은 더이상은 가질 수 없는 그대 기억도 함께 가져가야 하는걸텐데 바보같은 사랑은 모진 상처로 남아 하루도 살 수 없게 하네요 가끔씩 눈물이 나죠 그래도 살아가겠죠 다 그런거니까 그러는 내가 싫겠죠 더는 그리워할것도 손꼽아 기다릴 일도 없겠죠 그대가 나에게 말했던 사랑은 이토록 서글픈건가요 이렇게 잊지도 미워하지도 못하고 가끔씩 그대를 떠올리다 잠이 들겠죠 더이상은 더이상은 가질 수 없는 그대 기억도 함께 가져가야 하는걸텐데 바보같은 사랑은 모진 상처로 남아 하루도 살 수 없게 하네요 가끔씩 눈물이 나죠 (아나요) 이런 나를 아나요 (그렇게) 모두 잊고 사나요 (그대는) 정말 나를 사랑했나요 (더이상은 더이상은) 기억도 함께 가져가야 하는걸텐데 바보같은 사랑은 모진 상처로 남아 하루도 살 수 없게 하네요 가끔씩 눈물이 나죠
2003.11.16~11.22,37,481199,10 Minutes,이효리,Stylish...,2003.08.13,Dance,메이비(Maybee),Just One 10 MINUTES  내 것이 되는 시간  순진한 내숭에 속아 우는 남자들  Baby 다른 매력에 흔들리고 있잖아  용기내봐 다가와 날 가질  수도 있잖아  어느 늦은 밤 혼자 들어선 곳  춤추는 사람들 그 속에 그녀와 너  왠지 끌리는 널 갖고 싶어져  그녀가 자릴 비운 그 10분 안에  지루했던 순간이 날 보는  순간 달라졌어  I'm telling you  오래된 연인 그게 아니던  중요한 사실은  넌 내게 더 끌리는 것  I say 너의 그녀는 지금  거울을 보며  붉은색 립스틱 화장을 덧칠하고  Baby 높은 구두에 아파하고  있을걸  나는 달라 그녀와 날 비교하진  말아줘  짧은 순간이 아니라고 했잖아  영화속에 갇힌 우리가 되는 거야  영화속 10분 1년도 지나쳐 어때  겁먹지는 마 너도 날 원해  지루했던 순간이 날 보는 순간  달라졌어  I'm telling you  오래된 연인 그게 아니던  중요한 사실은  넌 내게 더 끌리는 것  Just one 10 MINUTES  내 것이 되는 시간  모든 게 끝난 후 그녀가  오고 있어  Baby 붉은 립스틱  촌스럽기도 하지  내게와봐 이제 넌 날  안아봐도 괜찮아  Don't tell a lie just be  yourself  힘들게 둘러 대지마  널 떠나달라 말을해 have it  your way Bling Bling shine it's right  to come  사랑에 빠진 거라고  거짓을 말할거라면 모두 없던  걸로 해  I say 너의 그녀는 지금  거울을 보며  붉은색 립스틱 화장을 덧칠하고  Baby 높은 구두에 아파하고  있을걸  나는 달라 그녀와 날 비교하진  말아줘  Just one 10 MINUTES  내 것이 되는 시간  순진한 내숭에 속아 우는 남자들  Baby 다른 매력에 흔들리고  있잖아  용기 내봐 다가와 날 가질  수도 있잖아  Just one 10 MINUTES  Just one 10 MINUTES
2003.11.16~11.22,38,473441,습관,플라이투더스카이,Missing You,2003.07.07,R&B / Soul,전승우,도대체 너란 여자는 왜 내게 이렇게도 지독한 습관인지  아무리 끊어내려고 애써도  더 깊이 스며드는 가시처럼 눈이 붓도록 울면서도  끝내 너의 사진을 들여다보는 나  나의 마음 속 깊은 곳에  마치 독처럼 퍼져있는  너의 모습인 걸  너를 생각하면 할수록  맘이 더 아파 오는걸 알아도  나는 끝내 널 잡지 못하고 기억해내고 다시 무너지고 이제는 너 아닌 누구도  사랑할 수 없는 걸  너로 길들여진 내 맘은  미안해 이럴 수 밖에 없는 날  이것밖엔 안되는 날 용서해  마지막 한 네가 남긴 이 말들이  몇 번이고 되돌려 듣고 있어  이렇게라도 네 목소리  들어야만 하루를 버틸  수 있는 걸  그럴때면 또 미칠만큼  너의 모습 다시 떠올라  눈물뿐이지만 너를 생각하면 할수록  맘이 더 아파 오는 걸 알아도  나는 끝내 널 잡지 못하고  기억해내고 다시 무너지고 이제는 너 아닌 누구도 사랑할 수 없는 걸  너로 길들여진 내 맘은  이제는 돌이킬 수 없어  그러기에는 이미 난 늦었어  나의 숨이 멈추기 전에는  끝낼 수 없어 정말 안되겠어  이제는 너 아닌 누구도 사랑할 수 없는 걸  너로 길들여진 내 맘은 이제는 돌이킬 수 없어  그러기에는 이미 난 늦었어  나의 숨이 멈추기 전에는  끝낼 수 없어 정말 안되겠어  이제는 너 아닌 누구도  사랑할 수 없는 걸  너로 길들여진 내 맘은
2003.11.16~11.22,39,454476,하늘을 달리다,이적,2적,2003.05.13,Rock,이적,두근거렸지  누군가 나의 뒤를 쫓고있었고  검은 절벽 끝  더 이상 발 디딜 곳 하나 없었지  자꾸 목이 메어  간절히 네 이름을 되뇌었을 때  귓가에 울리는 그대의  뜨거운 목소리  그게 나의 구원이었어  마른 하늘을 달려  나 그대에게 안길 수만 있으면  내 몸 부서진대도 좋아  설혹 너무 태양 가까이 날아  두 다리 모두 녹아 내린다고 해도  내맘 그대 마음속으로  영원토록 달려갈거야  내가 미웠지  난 결국 이것밖에 안 돼 보였고  오랜 꿈들이  공허한 어린 날의 착각 같았지  울먹임을 참고 남몰래 네 이름을 속삭였을 때 귓가에 울리는 그대의 뜨거운 목소리 그게 나의 희망이었어 마른 하늘을 달려 나 그대에게 안길 수만 있으면 내 몸 부서진대도 좋아 설혹 너무 태양 가까이 날아 두 다리 모두 녹아 내린다고 해도 내맘 그대 마음속으로 영원토록 달려갈거야 허약한 내 영혼에 힘을 날개를 달수있다면 마른 하늘을 달려 나 그대에게 안길 수만 있으면 내 몸 부서진대도 좋아 설혹 너무 태양 가까이 날아 두 다리 모두 녹아 내린다고 해도 내맘 그대 마음속으로 영원토록 달려갈거야
2003.11.16~11.22,40,1183921,돌아와 제발,JK김동욱,Multiplepersonalize,2003.08.05,Ballad,조세정,우리의 사랑이 한 줄기 눈물 되어서  내 가슴을 적셔와  우리의 사랑이 초라한 추억 되어서  내 가슴에 상처를 새겨   나였잖아 나였잖아 네옆에서  늘 지켜주던 사람  다른 사람곁에서 나를 지워가는 널  바라보고만 있는 나   돌아와 제발 안올 줄 알면서도  매일 밤 내 꿈속에서 널 기다리며 울고 있어  날 버린 우리 마지막 사랑까지도 간직하고 싶어   너였잖아 (나의 사랑) 너였잖아 내곁에서  늘 지켜주던 사람  다른 사람곁에서 나를 지워가는 널  바라보고만 있는 나   돌아와 제발 안올 줄 알면서도  매일 밤 내 꿈속에서 널 기다리며 울고 있어  날 버린 우리 마지막 사랑까지도 간직하고 싶어   더 이상 무엇도 묻지 않을게  그냥 돌아오면 돼   돌아와 제발 안올 줄 알면서도  매일 밤 내 꿈속에서 널 기다리며 울고 있어  날 버린 우리 마지막 사랑까지도 간직하고 싶어
2003.11.16~11.22,41,480998,Without Your Love,JTL,Run Away,2003.08.11,Dance,장우혁,believe it you'd better   believe it   it's without without   your love   아무런 감정은 없어 나   바보처럼 멈춰서   나의 길을 찾으려 자 눈을 감아   왜 내가 그 이상이 될 수 없는지   알 수가 없어 이 현실이   나 여기서 끝내야해  햇님을 담아 별님을 담아   나 상상했던 이상 찾아   believe it you'd better believe it   'cause I found the future  it's sithout it's without your love   무지개 닮아 정말 예뻐  저 하늘의 구름이 되게   you'd bet better believe it  you showed me the furute  it's without without your love   나의 길을 찾으려 애쓰며   달을 내려 별빛을 꺼   무엇이든 상관없어   너로 인해 겪은 모든 것으로 인해   나의 미래를 찾았으니깐   그래 나 그 누구도 탓하지 않아   모든걸 잊고 나아가야 해   너의 사랑 없이 나아가야 해   아무도 필요치 않게   숨조차 참을 수 없게   그 누구도 탓하지 않아   너 생각해봐   그렇지 너 생각이 나질 않겠지  되돌릴수 없단 걸 알지   모든 걸 잊고 시작 해볼래  without your loving   햇님을 담아 별님을 담아   나 상상했던 이상 찾아   believe it you'd better believe it   'cause I found the future  it's sithout it's without your love   무지개 닮아 정말 예뻐  저 하늘의 구름이 되게   you'd betbetter believe it  you showed me the furute  it's without without your love   햇빛을 내려 비가 내리게   깨끗이 잊어버리게   영원히 지워 버리게   감정의 흐름을 잃어버려   공간속에 난 갇혔어  without your love   you'd better   you'd better   better believe it   you'd better   better believe it  햇님을 담아 별님을 담아   나 상상했던 이상 찾아   believe it you'd better believe it   'cause I found the future  it's sithout it's without your love   무지개 닮아 정말 예뻐  저 하늘의 구름이 되게   you'd betbetter believe it  you showed me the furute  it's without without your love  you'd better better believe it   without your love  it's without without your love  햇님을 닮아
2003.11.16~11.22,42,466093,고양이,넬(NELL),Let It Rain,2003.06,Rock,김종완(NELL),아무 말도 없는 내가  너는 너무 싫다고 아무 표정 없는 내게  한번 웃어 보라고 그렇게 넌 그렇게  넌 나를 더 가둬두려 그럼 내가 어떡해야 되는 건데 울지 못해 웃는 건 이제 싫은데 한번쯤은 편히 울어 볼 수 있게 내가 네가 될 수 있음 좋을텐데 갇혀있는 내 영혼이  너무 보고 싶다고 말이 없는 내 눈물이  너는 너무 싫다고 그렇게 넌 그렇게  넌 나를 더 가둬두려 그럼 내가 어떡해야 되는 건데 울지 못해 웃는 건 이제 싫은데 한번쯤은 편히 울어 볼 수 있게 내가 비가 될 수 있음 좋을텐데  모두 날 위한 거라고  넌 계속 얘기하지만 아름다운 거짓이라고  난 항상 생각해왔어 그럼 내가 어떡해야 되는 건데 울지 못해 웃는 건 이제 싫은데 한번쯤은 편히 울어 볼 수 있게 내가 비가 될 수 있음 좋을 텐데
2003.11.16~11.22,43,1110715,유리 (唯俚 - 비록 슬퍼진다 하더라도),김정훈,Sweet & Strong,2003.08.21,Ballad,이경,서둘러 널 잊기로 했어  모든건 세월에게 맡길래  다시와 왜 내 맘을 흔들어 놓고  내 품에 안겨 그를 못잊어   한때는 아파도 좋았어  곁에 있단 믿음 하나만으로  하지만 이젠 너를 잡진 않을래  떠날 준빌한채 날 만난 너야   사랑해서 널 잊기로 했어  미워하는 마음이 생길까봐 두려워  사랑해 너를 사랑해  함께 하길 빌던 난 기도도 다 거뒀어   기대는 오래전 버렸지  해주고픈 일도 이미 묻었어  닦아도 차오르는 이 눈물처럼  사랑의 욕심은 끝이 없나봐   사랑해서 널 잊기로 했어  미워하는 마음이 생길까봐 두려워  사랑해 너를 사랑해  함께하길 빌던 난 기도도 다 거뒀어   한번 떠난 사랑은 처음처럼은 안돼  다신 내 것이 될순 없어  사랑하는 사람은  사랑했던 그만큼만 숨을쉬어   사랑해서 널 잊기로 했어  미워하는 마음이 생길까봐 두려워  사랑해 너를 사랑해  함께하길 빌던 난 기도도 다 거뒀어   니가 내게 다시 돌아오던 날  널 보낼 준비를 했어  Love you- 너를 잊을 준빌 했어 -
2003.11.16~11.22,44,2247749,차 차,유진,My True Style...,2003.05.30,Dance,지국현,한마디 단 한마디 축하해 바빠서 몰랐어 내 생일을 울음바다로 만들어 놓고선 바빴다고 비싸서 부담될까 선물 얘기도 안꺼냈어 단 한번만 나를 위해서 그냥 웃어주면 됐었는데 차차 나아지겠지 차차 좋아 지겠지 하루에 하루를 보탠게 결국 이거야 차차 나아지겠지 차차 좋아지겠지 미련에 미련을 보태서 널 차버릴거야 바빠서 힘들어 피곤해 그 말밖에 너는 모르지 세상 모든 여자들이 듣기 싫어하는 말 골라 해댔지 이해를 해봐도 언제나 돌아오는 것은 무관심 그것때문에 아파한 내가 정말 바보였어 한마디 단 한마디 전화해 축하한 다는말 내 생일은 너 하나로도 충분한 가치가 있었는데 잔다고 피곤해 잤다고 그 말 한마디에 난 죽었어 세상안에 살고 있단게 너로 인해서 무너졌어 차차 나아지길 바란 차차 좋아지길 바란 욕심이 너무나 컸나봐 알면서도 말야 차차 나아지길 바란 차차 좋아지길 바란 내 욕심에 욕심을 더해서 널 차버릴거야 미련한 믿음에 아파한 내 마음을 너는 모르지 알면서도 모르는 척 한거란걸 알지만 내가 미쳤지 멋대로 살아봐 혼자서 평생동안 혼자 살아봐 그때 그리우면 한 번쯤 내가 생각은 해줄게 다음 세상에서 너를 사랑할꺼냐고 물어온다면 절대 죽어도 너랑은 안해 작은것 하나도 모르는 널 너를 내가 왜 미쳐가도록 사랑 사랑했던 내가 내가 내가 불쌍해  차차 나아지길 바란 차차 좋아지길 바란 욕심이 너무나 컸나봐 알면서도 말야 차차 나아지길 바래 차차 좋아지길 바래 내 욕심에 욕심을 더해서 널 차버릴꺼야 미련한 믿음에 아파한 내 마음을 너는 모르지 알면서도 모르는 척 한거란걸 알지만 내가 미쳤지 멋대로 살아봐 혼자서 평생동안 혼자 살아봐 그때 그리우면 한 번쯤 내가 생각은 해줄게 다음 세상에서 너를 사랑할꺼냐고 물어온다면 절대 죽어도 너랑은 안해 작은 것 하나도 모르는 널 너를 내가 왜 미쳐가도록 사랑 사랑했던 내가 내가 내가 불쌍해
2003.11.16~11.22,45,456856,"Fly High (Feat. 정인, 하림(河琳))",리쌍,"재, 계발(再啓發)",2003.05.22,Rap / Hip-hop,개리,fly high 저 위로 다 잡은 맘을 놓치지 말고 fly high 더 위로 나를 가둔 생각은 모두 fly high 저 위로 주먹을 꽉 쥔 너만을 믿고 fly high 더 위로 오 희망을 담은 태양을 달고 아무리 생각해도 너무나 바보처럼 살아온 내 지난날 한창 어려웠던 시절 항상 주머니가 텅텅 벼 방바닥만을 기며 신세 타령만 하던 날 위해 잔소릴 하시던 엄말 한없이 원망 또 원망하며 힘들게 살라고 나를 낳았나요 그렇게 맘속으로 외치던 바로 그때 그때 난 참 바보 같았지 또 털빠진 닭처럼 초라한 내차림 때문에 사람들이 많이 모인 자릴 괜히 피하며 고개를 들지 못했던 바로 그때 그때 난 참 바보 같았지 fly high 저 위로 다 잡은 맘을 놓치지 말고 fly high 더 위로 나를 가둔 생각은 모두 fly high 저 위로 주먹을 꽉 쥔 너만을 믿고 fly high 더 위로 오 희망을 담은 태양을 달고 i got to go 고개들어 나를 느껴 feeling i got to go 손을 들어 다같이 fly high 열이면 열 백이면 백 모두가 다 말렸던 사랑에 난 허기진 밸 채우는 개 마냥 사랑에만 미쳐 친구고 일이고 다 버리고 불철주야 사랑이 전부야 그렇게 외치다 결국 이별이 들이닥쳐 괜히 난 죄없는 벽을 쳐 떨리는 손으로 붕대를 감던 그때 그때 난 참 바보 같았지 바보 같았던 지나온 날들을 이젠 난 잊고서 희망의 연을 날려 fly high 저 위로 다 잡은 맘을 놓치지 말고 fly high 더 위로 나를 가둔 생각은 모두 fly high 저 위로 주먹을 꽉 쥔 너만을 믿고 fly high 더 위로 오 희망을 담은 태양을 달고 i got to go 고개들어 나를 느껴 feeling i got to go 손을 들어 다같이 fly high 술에 취해 비틀 거리던 어제 가로등을 붙잡고 했던 나의 맹세 다시는 그 지독한 돈 냄샐 더 맡지 못한다고 내 삶을 비관하진 말자 또 사랑때문에 내 소중한 일과 사람 그 모든걸 바람처럼 모른체 하는 배신잔 더더욱 되지말자 그리고 언제 어디서나 당당하자 그렇게 다짐하고 24시간이 지나 또 아무것도 지키지 못한 어리석은 나 다시 한번 그 다짐을 반복해 그리고 내 그림잘 보며 소리치며 욕해 왜 그리도 넌 바보처럼 살았냐고 fly high 저 위로 다 잡은 맘을 놓치지 말고 fly high 더 위로 나를 가둔 생각은 모두 fly high 저 위로 주먹을 꽉 쥔 너만을 믿고 fly high 더 위로 오 희망을 담은 태양을 달고 fly high 저 위로 저 위로 날아가는 꿈을 꿔봐 fly high 더 위로 나를 가둔 생각은 모두 fly high 저 위로 주먹을 꽉 쥔 너만을 믿고 fly high 더 위로 오 희망을 담은 태양을 달고 fly high 저 위로
2003.11.16~11.22,46,455268,놀러와,러브홀릭,Florist,2003.04.25,Rock,강현민,나른한 오후 재미도 없고   일말의 의욕 하나도 없어   일상에 지쳐 지겨운 날들  사는 건 뭘까  허탈한 새벽 홀로 외로워   날 찾는 이는 하나도 없어   이 넓은 우주 먼지 같은 난   뭘 하는 걸까 생각이 들면   내게 전화해 빨리 전화해   이런 저런 얘기하면서  웃어나 보자   아님 놀러와 그냥 놀러와   언제 어디서나 니 곁엔  내가 있잖니   I love you forever  Just like a shining spring   I love you forever  심난해 하지마   I love you forever  Just like a happy christmas   I love you forever  심각해 하지마   비오는 저녁 눈물이 흘러   보고픈 사람 있긴 있지만  그에게 나는 존재도 없어  사랑이 뭘까 서러워지면  내게 전화해 빨리 전화해  이런 저런 얘기하면서  웃어나 보자   아님 놀러와 그냥 놀러와   언제 어디서나 니 곁엔  내가 있잖니   I love you forever  Just like a shining spring   I love you forever  심난해 하지마   I love you forever  Just like a happy christmas  언젠간 행복 할거야  메마른 땅에도 꽃은 피듯이   I love you forever  Just like a shining spring   I love you forever  심난해 하지마   I love you forever  Just like a happy christmas   I love you forever  심각해 하지마   I love you forever  Just like a shining spring   I love you forever  심난해 하지마   I love you forever  Just like a happy christmas  I love you forever  심각해 하지마
2003.11.16~11.22,47,1199560,Street Life (Feat. Big Mama & Ill Skillz),DJDOC,Street Life (Single),-,Rap / Hip-hop,"Sim-pleLeeof,이하늘",아무도 물을 주지 않아도 봐주지 않아도 해가 뜨지 않는 어두운 골목에서도 외로워도 슬퍼도  힘이 들어도 그 누가 날 뭐라 하더라 도 난 뿌리깊은 잡초 기나긴 시간을 비바람과 싸워이긴 야생초 그렇게 살아왔기에 이겨낼 수 있다네 이게 바로 내 인생이기에 길거리에 많고 많은 건물들 중에 그 안에 내꺼라곤 하나도 없다네 턴테이블 하나 M I C 하나 그리고 buda 지금 내가 가 진건 이것뿐이지만 시간은 많아 내겐 아직 이루지 못한 꿈이 남아 있어 저기 하늘 위 눈부신 태양처럼 내 미래는 밝아 street life I know this is  just my way Street life feel like I cannot go on street life Yes I can make my own way Street life I won't cry I will rock on 오늘도 이 거리를 느끼며 펜은 종이위를 스치며 내 가슴에 불을 지피며 비트에 발걸음 옮기며 시작된 음악의 거리가 춤추네 내 표현 하나에 가로수는 열광해 모두 한번 더라고 외치네 나를 거리에서 볼 수 없는 건 내가 세상에 존재하지 않는 것 yo 음악이 내 길이 요 거리에서 얻는 진리요 yo S T R E E T 는 곧 내 L I F E 거리에서 핀 꽃 D O C 가 내뿜는 M U S I C Street life I know this is  Just my way street life Feel like I cannot go on Street life yes I can make My own way street life I won't cry I will rock on yo 이리 치이고 저리 치이고 비록 이 세상이  날 힘들게 하더라도 Money zero 라도 빈티는 no street life It's the only life I know 모스키토 같은 그전 매니저 여기 가슴이 아닌 잔머리로 일생을 살아가시는 이런 계산기같은 불쌍 한심한 인간들이여 넌 사업가가 아닌 사기꾼 음악을 돈으로 생각하는 장사꾼 당신들에게 하고 싶은 한마디 나이값 좀 하시지 나 비록 getto 라도 당신들같이 살긴 싫어 언제나 초심으로 일년이 가고 십년이 가도 난 항상 이 자리에  오늘도 종이와 펜을 들고서 거리로 나서는 나의 발걸음은 내가 살아가 는 이유 내가 살아남은 이유 모두가 내 겉모습을 봐 그 보다 들어봐 내 rhyme 과 탁탁찍어가는 내 flow 속의 soul을 한번 느껴봐 S T R E E T 는 곧 내 L I F E 일년이 가고 십년이 가도 난 항상 이 거리에 Oh baby street life I know this is  Just my way street life Feel like I cannot go on Street life yes I can make My own way street life I won't cry I will rock on Street life I know this is  Just my way street life Feel like I cannot go on Street life yes I can make My own way street life I won't cry I will Rock on street life-
2003.11.16~11.22,48,473193,그놈의 결혼식,김현정,Hit For 6ix,2003.07.08,Ballad,원태연,내일 그 사람 결혼을 합니다 그래서 나는 혼자 쇼핑을 했어요 새로 산 옷과 구두를 신고 화장을 끝낸 내가 거울앞에서 웃고 있습니다 그사람이 좋아하는 모습이네요 내일도 이렇게 웃고 있었으면 좋겠습니다 편하게 웃어줄게요 정말 자신있어요 축복 받은 그대의 결혼식 나 지켜 볼게요 오늘 낮에 들려왔던 목소리가 맘에 걸려요 나도 그대처럼 말없이 울고있었지만 내가 더 아파할게 내가 다 슬퍼할게 오늘까지 그댈 혼자서 날 지켜줬잖아 내가 다 기억할게 늘 축복 받지 못했던 불쌍했던 우리 사랑을 내가 지켜줄게 그 사람이 좋아했던 건 환하게 웃는 내 얼굴이었습니다 그렇지만 난 많이 웃어주지 못했죠 우린 늘 힘들었거든요 내일 결혼식에서 그렇지 않을거에요 미리 다 울어뒀으니까요 거울속에 화장을 한 나의 얼굴이 너무 예뻐요 그대 보여주고 싶지만 이젠 안 되겠죠 그대가 사랑한 날 버리진 않을거야 제발 아무 걱정 말아요 정말 난 괜찮아 나 혼자 간직할게 늘 축복받지 못했던 초라했던 우리 사랑을 내가 지켜줄게 내가 더 아파할게 내가 모두 다 슬퍼할게 오늘까지 그대 혼자서 날 지켰잖아
2003.11.16~11.22,49,486716,진(珍),조용필,Over The Rainbow,2003.09.03,Rock,양인자,바람이 창문을 흔드네 닫혀진 커튼을 걷으며 눈물겹게 사랑한다고 이 말이 하고 싶네 검은 유리창에 비치는 젖어있는 나의 그림자 지난 날들의 추억 속 에서 흔들리는 불꽃 기쁨이 그리움이 슬픔이 함께 있고 싶은 사랑이 가슴깊이 저리는 밤 눈을 감네 그대 모습 더 가까이 보기위해  아득한 밤 하늘 저 너머 속살 같은 별빛 하나가 울지 말라고 울지 말라고 깜빡이고 있네 기쁨이 그리움이 슬픔이 함께 있고 싶은 사랑이 가슴 깊이 저리는 밤 눈을 감네 그대 모습 더 가까이 보기위해  가슴 깊이 저리는 밤 눈을 감네 그대 모습 더 가까이 보기위해
2003.11.16~11.22,50,608219,Milky Way,보아(BoA),Atlantis Princess,2003.05.31,Dance,kenzie,어떤 마음으로 전할까 난 너에게  너를 그려왔던 설레임 난 기다렸어  지나버린 시간 함께 할 순 없어도  이젠 너에게 줄 내가 가진 그 수많은 날들 나를 스쳐가는 바람이 내게 말해주네  문득 가까워진 계절을 여기 불러왔어  다시 가고 싶어 세상을 모르던 시절  이젠 내게로 올 세상에 비친 나의 모습 언젠가 소중함 마저 잃어버린 채 난 어른이 돼 버렸지 yeah-  I need you 언제나 내 곁에 있어줘 나를 놓치지 말아줘  까만 밤 내안에 펼쳐진 세계로 꿈은 반짝이고 있어  어디론가 그렇게 흘러가지 on my milky way  나의 작은 손을 내밀어 너를 부를때  언제라도 같은 자리에 넌 기다렸지  내게 속삭이던 너만의 비밀의 약속  같은 시간속에 함께 하길 원했던 거야  지금 가만히 귀를 기울여 기다려왔던 저 같은 날의 노래를  I believe 우연한 사랑을 찾았던 나를 지켜보고 있었지  언제나 만날 수 있었던 곳에서 너를 기다리고 있어 복잡한 세상속에 갇힌 채 손이 닿지 않아 난 두려웠어  하지만 계속 가도 되겠지 새로운 나날의 시작으로  I need you 언제나 내곁에 있어줘 나를 놓치지 말아줘  까만 밤 내 안에 펼쳐진 세계로 꿈은 반짝이고 있어 I believe 우연한 사랑을 찾았던 나를 지켜보고 있었지  언제나 만날 수 있었던 곳에서 너를 기다리고 있어  어디론가 그렇게 흘러가지 on my milky way
