time,rank,song_id,title,singers,album,date,genre,creator,lyric
2002.03.17~03.23,1,523274,처음부터 지금까지,Ryu(류),겨울연가 OST,2002.01.01,Drama,Ryu(류),내게 올수없을거라고 이젠 그럴수 없다고  제발 그만하라고 나를 달래지..  정말 잊어버리고 싶어 다신볼수없다면..  나를 잡고있는 너의 모든걸  내가 웃고싶을때마다 넌 나를 울어버리게 만드니까..  어느것 하나도 나의 뜻대로 넌 할수 없게 만드는걸..  니가 보고싶을때마다 난 이렇게 무너져버리고 마니까  아무리 잊으려고 애를써도 잊을수 없게 하니까..   정말 잊어버리고 싶어 다신 볼 수 없다면..  나를 잡고있는 너의 모든걸  내가 웃고싶을때마다 넌 나를 울어버리게 만드니까..  어느것 하나도 나의 뜻대로 넌 할수 없게 만드는걸..  니가 보고싶을때마다 난 이렇게 무너져버리고 마니까  아무리 잊으려고 애를써도 잊을수 없게 하니까..  단 한사람을 사랑하는게 이토록 힘든일인줄 난 정말 몰랐어  내가 웃고싶을때마다 넌 나를 울어버리게 만드니까..  어느것 하나도 나의 뜻대로 넌 할수 없게 만드는걸..  니가 보고싶을때마다 난 이렇게 무너져버리고 마니까  아무리 잊으려고 애를써도 잊을수 없게 하니까..
2002.03.17~03.23,2,503111,U,S.E.S.,Choose My Life-U,2002.02.15,Dance,NickManic,"누구도 너보다 중요하지 않아 나의사랑 너니까  하지만 넌 내가 맘에 들지 않는지  외면하고 멀어지고 서로다른사람 만나자고 말하고  그래도 난 쉽게 포기하지 않는데   아낌 없는 내맘을 주려고 사랑 찾는 당당한 나니까  Hey dude, what you gonna do for me  내 매력에 따라와 반해 버리고 말꺼야  Hey dude, what you gonna do for me  아니라고 말해도 너도 원하잖아 날 정말 속이지마   나보다 더 멋진 그런 여자 한번 깊이깊이 찾아봐  나처럼 날마다 새롭지는 않잖아  상냥하고 다정하고 때론 사랑앞에 수줍게도 변하고  가끔은 너무 냉정하긴 하지만   너무 빠른 선택이 힘들면 사랑 모아 천천히 다가와  Hey dude, what you gonna do for me  첫느낌이 같은 나 너의 마음을 열어봐  Hey dude, what you gonna do for me  내 마법에 걸린 너 빠져버릴꺼야 날 정말 속이지마   너무 빠른 선택이 힘들면 사랑 모아 천천히 다가와  행복 기쁨 혼자할 수 없어 이젠 내게 다가와   Hey dude, what you gonna do for me  내 매력에 따라와 반해 버리고 말꺼야  Hey dude, what you gonna do for me  아니라고 말해도 너도 원하잖아 날 정말 속이지마   Hey dude,what you gonna do for me  첫느낌이 같은 나 너의 마음을 열어봐  Hey dude, what you gonna do for me  내 마법에 걸린 너 빠져버릴꺼야 날 정말 속이지마 -"
2002.03.17~03.23,3,503472,정상에서,김정민,The Greatest Love Song 2002,2002.02.27,Ballad,"지예,김관민",죽어도 좋을만큼 누굴   사랑한적 있었던 나  이세상 끝이라도 지켜주고픈   사람있었던 나  영원히 머물것만 같던  너마저 떠나가던 그날에  왜인지 조차 묻고싶지   않았던 초라한 내 삶이었었어  잃어버린 지난 시간속에   혼자만의 서럽던 지난날들  잊어버려 또 잊고 일어서버려   언젠가 다시 돌아올테니  영원히 머물것만 같던   너마저 떠나가던 그날에  왜인지 조차 묻고싶지   않았던 초라한 내 삶이었었어  어디라도 마음둘곳 없어   쓰러지듯 아파온 내 가슴에  고개들어 나 다시 고개를   들어 언제나 말하고 싶어  잃어버린 지난 시간속에   혼자만의 서럽던 지난날들  잊어버려 또 잊고 일어서버려  언젠가 다시 돌아올테니
2002.03.17~03.23,4,517704,사랑해도 헤어질 수 있다면...,신승훈,The Shin Seung Hun,2002.01.14,Ballad,심현보,참 많이 겪어 봤는데.. 이젠 알것도 같은데.. 늘 조금 이른 이별은 한번도 어김이 없어 날 바라보던 그 눈이 사랑을 말한 입술이.. 헤어짐을 얘기하는게 믿어지지가 않아 난 한동안 기억속에 널 지울 순 없겠지.. 잘해준 기억보다 미안한 마음이 남아 누구라도 사랑할 순 있지만  그 사람이 네가 될 순 없잖아 눈물로 남은 날을 다 써도 널 지우기엔 모자란데 사랑해도 헤어질 수 있다면  헤어져도 사랑할 수 있잖아.. 네 곁에 내가 없는 오늘도 너는 내 안에 남아 가끔 눈물이 흘러..  넌 언젠가 내 이름조차 낯설어 지겠지.. 지나간 사랑이라 웃으며 말을 하겠지 누구라도 사랑할 순 있지만  그 사람이 네가 될 순 없잖아 눈물로 남은 날을 다 써도 널 지우기엔 모자란데 사랑해도 헤어질 수 있다면  헤어져도 사랑할 수 있잖아.. 네 곁에 내가 없는 오늘도 너는 내 안에 남아 가끔 눈물이 흘러..
2002.03.17~03.23,5,105006,사랑해도 될까요?,유리상자,유리상자 5th,2001.12.03,Ballad,심현보,문이 열리네요 그대가 들어오죠  첫눈에 난 내사람인걸 알았죠  내 앞에 다가와 고개 숙이며 비친 얼굴  정말 눈이 부시게 아름답죠  왠일인지 낯설지가 않아요 설레고 있죠  내 맘을 모두 가져간 그대   조심 스럽게 얘기할래요 용기내 볼래요  나 오늘부터 그대를 사랑해도 될까요  처음인걸요 분명한 느낌 놓치고 싶지 않죠  사랑이 오려나봐요  그대에겐 늘 좋은것만 줄께요   왠일인지 낯설지가 않아요 설레고 있죠  내 맘을 모두 가져간 그대   참 많은 이별 참 많은 눈물 잘 견뎌 냈기에  좀 늦었지만 그대를 만나게 됐나봐요  지금 내 앞에 앉은 사람을 사랑해도 될까요  두근거리는 맘으로 그대에게 고백할께요   조심스럽게 얘기할래요 용기내 볼래요  나 오늘부터 그대를 사랑해도 될까요  처음인걸요 분명한 느낌 놓치고 싶지 않죠  사랑이 오려나봐요  그대에겐 늘 좋은것만 줄께요   내가 그대를 사랑해도 될까요 -
2002.03.17~03.23,6,104584,그리고 사랑해,이수영,Made In Winter,2001.12.11,Ballad,양재선,지금 돌아선 그대가 그대 맞는지 눈을 뜨고도 꿈을 꾸는 것 같아 떠나가라고 아프게 한건 나인데 내가 눈물이 나네 가슴 속에서 맴돌던 얘기도 애써 외면해야 했던 사랑도 뒤로한 채 이대로 그대를 보내야 해 그댈 사랑할수록 나에게 남겨지는 건 그리움 그대여 날 떠나가 이제 긴 머리로 내 눈물 감췄으니 여기서 날 돌아서 내가 이렇게 웃잖아  부디 떠나간 곳에서 행복해야 해 감히 그대를 기다릴 수 없도록 이미 내 안에 또 다른 사랑 있다는 거짓말을 믿어 줘 가슴속에서 맴돌던 얘기도 애써 외면해야 했던 사랑도 뒤로한 채 이대로 그대를 보내야 해 그댈 사랑할수록 나에게 남겨지는 건 그리움 그대여 날 떠나가 이제 긴 머리로 내 눈물 감췄으니 여기서 날 돌아서 내가 이렇게 웃잖아 언젠가는 모든게 희미해져 지금 이 순간도 추억이 되겠지 그렇게 믿을게 함께한 그 날 동안 많은 눈물 흘렸지만 행복 했었잖아 그대가 나에게 준 사랑 그걸로 충분해 내가 그대 전부였잖아 거기까지만 기억할께
2002.03.17~03.23,7,1589078,출국 (出國),하림,다중인격자(多重人格者),2001.12.27,Ballad,하림,기어코 떠나버린 사람아 편안히 가렴 날으는 그 하늘에 미련따윈 던져버리고 바뀌어버린 하루에 익숙해져봐 내게 니가 없는 하루만큼 낯설테니까 모두 이별하는 사람들 그속에 나 우두커니 어울리는게 우리 정말 헤어졌나봐 모르게 바라보았어 니가 떠난 모습 너의 가족 멀리서 손 흔들어 주었지 하늘에 니가 더 가까이 있으니 기도해 주겠니 떠올리지 않게 흐느끼지 않게 무관심한 가슴 가질수 있게 도착하면 마지막 전화 한번만 기운찬 목소리로 잘 왔다고 인사 한번만 그저 그것뿐이면 돼 습관처럼 알고 싶던 익숙한 너의 안부 거기 까지만 이별하는 사람들 그속에 나 우두커니 어울리는게 정말 헤어졌나봐 모르게 바라보았어 니가 떠난 모습 너의 가족 멀리서 손 흔들어 주었지 하늘에 니가 더 가까이 있으니 기도해 주겠니 떠올리지 않게 흐느끼지 않게 무관심한 가슴 가질수 있게 다른눈의 사람들 속에서 yo every night 외로워져도 서러워도 나를 찾지마 모르게 바라보았어 니가 떠난 모습 너의 가족 멀리서 손 흔들어 주었지 하늘에 니가 더 가까이 있으니 기도해 주겠니 떠올리지 않게 흐느끼지 않게 무관심한 가슴 가질수 있게 마지막 니 모습 나 잊기를 원해 원해 원해 원해 원해 떠올리지 않게 흐느끼지 않게 무관심한 가슴 가질수 있게
2002.03.17~03.23,8,1456783,A Better Day,JTL,Enter The Dragon,2001.12.01,Rap / Hip-hop,이재원,A Better day 왜 날 떠나갔어 Another way 아무런 말없이 아름다웠던 우리들의 추억 이제 두번 다시 돌아오지 않아 이별이 이렇게 쉽게 다가 올 거라 예감할 수 없던 나 기쁨 슬픔을 함께 나누던 우리 그렇게 헤어져야만 했던 우리 돌이킬 수 없는 지난 시간 너와 함께 했던 동안 순수했던 아름다웠던 나날들 모두가 우리를 부러워 했던 나날들 아무것도 부러울 것이 없었던 시간들 그렇게 어두운 과거 속에 내가 너를 만난 건 행운이었어 A Better day 왜 날 떠나갔어 Another way 아무런 말없이 아름다웠던 우리들의 추억 이제 두번 다시 돌아오지 않아 Yo 의미 없는 하루하루 지치고 외로운 내 영혼에 한줄기 빛이 되어 찾아온 너 세상 무엇과도 바꿀 수 도 이루 말 할 수 조차도 없던 너의 작고 해맑았던 너의 그 눈빛 단 한번의 입맞춤으로 세상이 모두 내 것이 되고 난 행복했고 이젠 네가 없는 너의 빈자리 바라보는 이 마음속 깊은 곳의 허전함 아무것도 해줄 수 없던 A Better day 왜 날 떠나갔어 Another way 아무런 말없이 아름다웠던 우리들의 추억 이제 두번 다시 돌아오지 않아 우리 서로 사랑했던 지난 겨울로 돌아가고 싶지만 이제는 너무도 많은 시간이 지난 것을 깨달아 너무나도 빨리 흘러가는 시간 이제 내게 다가 올 또 다른 이별의 세계 뜨겁게 타고 내리는 두 뺨 위의 눈물들 희미해져 가는 추억 속의 사진들 다시 못 올 추억이라 해도 소중히 간직해줘 내게 준 우리의 아름다운 또 다른 세상 속을 향해 향해 오오오 날 다시 또 시작 하게 하게 오오오 더 이상 너를 찾진 않아 않아 오오오 미련 없이 너를 잊어 잊어 오오오 또 다른 세상 속을 향해 향해 오오오 날 다시 또 시작하게 하게 오오오 더 이상 너를 찾진 않아 않아 오오오 미련 없이 너를 잊어 잊어 오오오 A Better day 왜 날 떠나갔어 Another way 아무런 말없이 아름다웠던 우리들의 추억 이제 두번 다시 돌아오지 않아 A Better day 왜 날 떠나갔어 Another way 아무런 말없이 아름다웠던 우리들의 추억 이제 두번 다시 돌아오지 않아
2002.03.17~03.23,9,104184,Heaven,김현성,Soul Mate,2002.01.21,Ballad,강은경,왜 이제 왔나요 더 야윈 그대  나만큼 힘들었나요  두번 살게 하네요 그대 내 삶을  난 모든걸 버리려 했죠   왜 나를 떠나요 아플거면서  사랑이 여기 있는데  다신 그러지 마요 내가 죽어요  그댄 나의 숨이니까요  나 그댈 잃는다는 건  내 삶이라는 것 살아도 지옥인거죠   그댄 나의 전부 그댄 나의 운명  헤어질 수 없어요  영원보다 먼 곳에 우리 사랑 가져가요  눈물 없는 세상 나의 사랑 하나로만  그대 살게 할게요  그대와 나 영원히 행복할 그 곳  Heaven   울어도 되나요 그대 앞에서  고마워 눈물이 나요  기다렸던 날들이 너무 아파서  그대 다시 미워지네요  사랑을 버린다는건 모든걸 잃는것  상처만 남기잖아요   그댄 나의 전부 그댄 나의 운명  헤어질 수 없어요  영원보다 먼 곳에 우리 사랑 가져가요  눈물 없는 세상 나의 사랑 하나로만  그대 살게 할게요  그대와 나 영원히 행복할 그 곳  Heaven.  그댄 나의 전부 그댄 나의 운명  헤어질 수 없어요  영원보다 먼 곳에 우리 사랑 가져가요  눈물 없는 세상 나의 사랑 하나로만  그대 살게 할게요  그대와 나 영원히 행복할 그 곳  Heaven
2002.03.17~03.23,10,992575,"Bravo, My Life!",봄여름가을겨울,Bravo My Life,2002,Rock,김종진,해저믄 어느오후 집으로 향한 걸음뒤엔 서툴게 살아왔던 후회로 가득한 지난날 그리좋진 않지만 그리 나쁜건만도 아녔어 석양도 없는 저녁 내일 하루도 흐리겠지 힘든일도 있지 드넓은 세상 살다보면 하지만 앞으로 나가 내가 가는곳이 길이다 Bravo Bravo My Life 나의 인생아 지금껏 달려온 너의 용기를 위해 Bravo Bravo My Life 나의 인생아 찬란한 우리의 미래를 위해  내일은 더 낫겠지 그런작은 희망하나로 사랑할수 있다면 힘든 1년도 버틸꺼야 일어나 앞으로 나가 니가 가는곳이 길이다 Bravo Bravo My Life 나의 인생아 지금껏 살아온 너의 용기를 위해 Bravo Bravo My Life 나의 인생아 찬란한 우리의 미래를 위해 고개들어 하늘을 봐 창문을 가르는 새들 너의 어깨에 잠자고 있는 아름다운 날개를 펼쳐라 Bravo Bravo My Life 나의 인생아 지금껏 달려온 너의 용기를 위해 Bravo Bravo My Life 나의 인생아 찬란한 우리의 미래를 위해 Bravo Bravo My Life 나의 인생아 지금껏 달려온 너의 용기를 위해 Bravo Bravo My Life 나의 인생아 찬란한 우리의 미래를 위해 나의 인생아 지금껏 달려온 너의 용기를 위해 Bravo Bravo My Life 나의 인생아 찬란한 우리의 미래를 위해
2002.03.17~03.23,11,106244,"사랑해, 이 말 밖엔...",리치,I Have A Dream,2001.12.12,Ballad,심현보,그렇게 싫었니 웃는 날 보며  말할 만큼  너무 갑자기라 눈물도 놀라  흐르지 않나 봐  보내주고 싶은데 널 위해  그래야 하는데  So I got say good bye  네가 없는 내 모습  걱정이 돼서 너무 잘 알아서  쉽지가 않아 나를 봐  어쩌면 늦었겠지만  니 마음은 저만치 가버렸겠지만  그래도 한번만 내 얘길 들어 줄래  I don't cry never cry  눈물은 보이지 않을게  늘 너에게 부족했었기에  미안함 뿐인걸  Still with me Still with you  이대로 널 보낼 순 없어  단 하루라도 내게 기횔 줘  널 지킬 수 있도록  다 잊고싶은데 그래야 나도  편할 텐데  늘 함께 있어도 그립던  너를 하루도  비워낼 자신이 없어  지금이 끝인 걸 알고 있지만  그 어떤 말도 너에게는  소용없겠지만 그래도  한번만 내 얘길 들어줄래  I don't cry never cry  눈물은 보이지 않을게  늘 너에게 부족했었기에  미안함 뿐인걸  Still with me Still with you  이대로 널 보낼 순 없어  단 하루라도 내게 기횔 줘  널 지킬 수 있도록  잡아야만 해 하지만  이젠 내 마음을 어쩔 수 없어  네가 없는 세상을 한번도  생각한적 없어  사랑해 사랑해 난 이말 밖에  못하지만  그 수많은 날을 너만 보며  살아 왔었잖아  미안해 하지만 이렇게라도  잡고 싶어  단 하루라도 내게 기횔 줘  그럴 수 만 있다면  Baby just say I love you
2002.03.17~03.23,12,502946,Rain,박혜경,Feel Me,2002.02.20,Rock,이재학,늘 함께 했던 카페에 앉아  누구가를 기다리듯이 혼자서 차를 마시고 널 바라보던 그 자리에서  물끄러미 창밖을 보다 비 내리는 거릴 나섰지 차가운 빗속을 바쁜 듯 움직이는 사람들 속에 어느새 뜨거운 내 눈물이 내 뺨위로 흐르는 빗물에 눈물 감추며 한참동안 이렇게 온몸을 흠뻑 적신채 저 퍼붓는 빗속을 하염없이 울며 서 있어 쏟아지는 빗속에 끝없이 눈물 흘리며  이젠 안녕  늘 잠 못들어 뒤척이다가  비 내리는 소리에 끌려 난 그대로 집을 나섰지 차가운 빗속을 바쁜 듯 움직이는 사람들 속에 어느새 뜨거운 내 눈물이 내 뺨위로 흐르는 빗물에 눈물 감추며 한참동안 이렇게 온몸을 흠뻑 적신채 저 퍼붓는 빗속을 하염없이 울며 서 있어 쏟아지는 빗속에 끝없이 눈물 흘리며  이젠 안녕  내 뺨위로 흐르는 빗물에 눈물 감추며 한참동안 이렇게 온몸을 흠뻑 적신채 저 퍼붓는 비를 맞으며  하염없이 울며 서 있어 아름다운 기억도  모두다 난 난 난 눈물로 널 지워버릴께  이제는 나 지워버릴께 쏟아지는 빗속에  끝없이 눈물 흘리며 이젠 안녕
2002.03.17~03.23,13,106240,More Than Words,오션(5TION),True Image Of New,2002,R&B / Soul,정진환,재촉하진 말아요 아무말도 준비 못했죠  그대같은 사랑은 처음이라  표현이 좀 서툰거죠   나도 그대 못지 않게 조급한 걸  그대마저 놓쳐 버릴까봐  하지만 서둘지 않을래요  그대라면 기다릴 수 있죠   That's more than a word feel my love  말론 모두 담을 수 없죠  사랑한다는 그 말로 대신하긴 싫어 there are so many feelings inside of me   That's more than a word feel my love  그저 맘으로 만져봐요  영원이라도 그대와 함께 있고픈 날  영원토록 그대와   모두 쉽게 얘기하죠  작은 떨림마저 사랑이라  하지만 이토록 소중한 느낌은  자주 오지는 않을텐데   감은 그대 눈으로 부푼 내 가슴위로  가만히 날 느껴봐요  그대 지금까지 들어왔던  그런 사랑과 난 다르단걸   That's more than a word feel my love  말론 모두 담을 수 없죠  사랑한다는 그말로 대신하긴 싫어  there are so many feelings inside of me   That's more than a word feel my love  그저 맘으로 만져봐요  영원이라도 그대와 함께 있고픈 날  영원토록 그대와   들리나요 그 어느새 내 안에  너무 커져버린 이름  곁에 있기에 그대이기에 행복해  I'll love you baby   난 마치 세상을 처음 본 아이같이  하나같이 낯설지만 신비로운 눈빛까지  나를 빠짐없이 담아내는  그대 자칫 사랑이란 쉬운말로  표현해야 하는지  그대와 나 진정 원하고 바랬던  지금까지 오래 기다렸던 진실한 사랑을  소중한 행복을 혀끝으로 전해지는  그 보다 더한 가치가 있는 것  들어봐 가슴에는 그대를 향한 설레임과  잠시도 쉬지않고 빛을 보는 나의 눈과  부러운 눈으로 우리를 보는 세상  그 속에 함께 할 그대와 나   영원이라도 그대와 함께 있고픈 날  영원토록 그대와  이대로 그대와 함께 있고픈 날 -
2002.03.17~03.23,14,862035,영원,핑클,영원,2002.02,Ballad,이효리,이제는 다시는 돌아올수가 없는  먼곳에 그녀를 보낸 네마음  떠나간 그녀를 놓아주기엔 시간이 부족했던걸  알지만 난 슬퍼져  시간이 지나가면 모두 잊혀진다는 그말  틀린 애기는 아니겠지  너도 그녈 잊을수 있겠지  난 너를 기다릴게 네 마음 문을 열고  네가 오기를 내게 와주기를 언제나 나 그래왔듯이  넌 그냥 내게로 와 쉽진 않겠지만  눈물로 채운 지난 기억 모두 내곁에 잠들수 있게   그렇게 그립니 아직도 울고 있니  모두 다 주어도 모자란거니 난  이렇게 사랑해도 가질수가 없는 네맘을  원망하며 돌아서봐도 나 역시 널 잊을수 없어  난 너를 기다릴게  네 마음 문을 열고  네가 오기를 내게 와주기를 언제나 나 그래왔듯이  넌 그냥 내게로 와 쉽진 않겠지만  너만을 위해 살고 있는 나를 기억해  혼자 아닌 둘이면 무엇도 두렵지는 않아  네가 곁에 있어 영원히   난 기다림의 끝에 네가 오는 날에  누구보다 더 환한 모습으로 말할게  널 사랑한다고
2002.03.17~03.23,15,667071,내생에 봄날은...,캔,Can with Piano,2001.12.03,Ballad,"MichiyaHaruhata,NobuteruMaeda",비린내 나는 부둣가를  내 세상 처럼 누벼가며  두 주먹으로 또 하루를  겁 없이 살아 간다  희망도 없고 꿈도 없이  사랑에 속고 돈에 울고  기막힌 세상 돌아 보며  이 서러움에 눈물이나  비겁하다 욕하지마 더러운  뒷골목을 헤매고 다녀도  내 상처를 끌어안은 그대가  곁에 있어 행복했다  촛불처럼 짧은사랑 내 한몸  아낌없이 바치려 했겄만  저 하늘이 외면하는 그 순간  내 생에 봄날은 간다  이 세상 어딜 둘러 봐도  언제나 나는 혼자였고  시린고독과 악수하며  외길을 걸어 왔다  멋진남자로 살고 싶어  안간힘으로 버텼는데  막다른 길에 가로 막혀  비참하게 부서졌다  비겁하다 욕하지마 더러운  뒷골목을 헤매고 다녀도  내 상처를 끌어안은 그대가  곁에 있어 행복했다  촛불처럼 짧은사랑 내 한몸  아낌없이 바치려 했겄만  저 하늘이 외면하는 그 순간  내 생에 봄날은 간다  비겁하다 욕하지마 더러운  뒷골목을 헤매고 다녀도  내 상처를 끌어안은 그대가  곁에 있어 행복했다  촛불처럼 짧은사랑 내 한몸  아낌없이 바치려 했겄만  저 하늘이 외면하는 그 순간  내 생에 봄날은 간다  무엇하나 내 뜻대로 잡지도  가질수도 없었던 이 세상  내 한목숨 사랑으로 남긴채  이제는 떠나고 싶다  바람처럼 또 그렇게
2002.03.17~03.23,16,103839,어머니,원타임,Third Time Fo Yo‘ Mind!!,2001.12.13,Rap / Hip-hop,테디,"새빨간 빨간 저 태양 아래 그 어딘가에 나만의 꿈에 끝이 있다 믿고 있지 아니, 확실히 알고 있지 가만히 있어도 시간은 가고 그렇게 여태까지 난 살아왔고 까불대다 야단맞고 불같은 사랑 한번 못해봤고 그래서 난 지금 기쁨 슬픔 모두를 내 가슴에 안고 젊은 내 인생 몽땅 걸어 집을 걸어 나서려해 c'mon!! 어머니 저 잠깐 나갔다 올테니  절 기다리지는 말아요, 먼저 주무세요 어머니 만약 혹시라도 늦더라도 찾아다니지 말아요, 용서해주세요! 모두 날 막았지 살날이 얼마나 남았니? 저 찬란히 빛나는 내 미래를 위해 뛰쳐 나가리 정말 지겨워 저 날파리 아가씨도 만나고 멋진 차 타고 그러기 위해선 집을 떠나야 하고 어린 내가 뭘아냐고? 안다고 말했지 지금 나간다고 세상이 만만해 혼자서도 잘만해 누구보다 난 잘났네 지금은 가난해 하지만 훗날 내 모습을 상상해 나 요즘 살만해 어머니 저 잠깐 나갔다 올테니 절 기다리지는 말아요, 먼저 주무세요 어머니 만약 혹시라도 늦더라도 찾아다니지 말아요, 용서해주세요!  하루가 길어졌고 갈수록 추워졌고 사람들이 무서웠고 홀로 난 외로웠고 세상이 이런곳일 줄이야 무서울 뿐이야 어머니의 맘이 따뜻한 밥이 이젠 그저 그리울 뿐이야 하지만 우리 아버지 무서운 분이야 눈아파에 아른거려 HOME SWEET HOME 벌써 들려 아버지 목소리 ""네 이놈!"" (갈까 말까?) 무거운 발걸음은 애타 날샜다 애라 모르겠다!! 어머니 저 지금 집으로 갈테니 무조건 혼내지 마세요 이해해주세요 어머니 만약 혹시라도 화나셨더라도 용서해 주세요 이제는 알아요 아버지 저 지금 집으로 갈테니 무조건 혼내지 마세요. 이해해주세요 아버지 만약 혹시라도 화나셨더라도 용서해 주세요 이제는 알아요"
2002.03.17~03.23,17,489226,난 사랑에 빠졌죠,박지윤,Man,2002.01.11,Dance,방시혁,나 내가 왜 이러죠 정말 이상하죠 그대가 없인 하루가 너무 길어요 날 사랑한 사람은 많이 있었지만 언제나 내겐 귀찮은 일이었는데 사랑을 받는것만 익숙했던 나 그대 내게 뭘했길래 내가 달라질까 나조차 궁금하지만 난 사랑에 빠졌죠 나밖에 모르던 그 못된 내가 나보다 그댈 생각해요 한사람에게만 이렇게 하려고 그랬나봐요 아껴둔 내 맘을 받아요 나 어제는 말예요 관심도 없었던 남자 옷들을 고르는 날 발견했죠 꼭 배우지 않아도 사랑은 이렇게 날 바꾸네요 그대만 생각하게 사랑을 받는것만 익숙했던 나 이젠 모두 주고 싶어 그대에게만은 그대도 나와 같나요 난 사랑에 빠졌죠 나밖에 모르던 그 못된 내가 나보다 그댈 생각해요 한 사람에게만 이렇게 하려고 그랬나봐요 아껴둔 내 맘을 받아요 이별이나 말은 없겠죠 oh baby 나에겐 첫사랑인데 혹시 이 사랑이 깨지면 이젠 나는 다시는  사랑을 못하게 될지도 난 몰라요  난 난 사랑에 빠졌죠  사랑에 사랑에  나밖에 모르던  그러던 내가 그 못된 내가 나보다 그댈 생각해요 그래요 그대에게만 그대에게만  이러려고 그랬나요 오 아껴둔 내 맘을 받아요 난 사랑에 빠졌죠 나밖에 모르던  나보다 그댈 생각해요
2002.03.17~03.23,18,621108,잘못,이승환,7집 Egg,2001.12.01,Ballad,"이승환,이지은",사랑이라는 말을 접어놓으니 이렇게 우리 웃는걸 하지만 너를 보지 않고 있으면 울고 싶어 너무 끝을 알아채버린 난 참 슬퍼  비겁한 내가 부끄럽고 불쌍해 이런 날 너는 믿다니 나 아니면 그 누구도 해줄수 없는 마음들로 채우고 떠날께  안녕 안녕 나 없어도 되니 아플때는 꼭 내게 연락해 미안 미안 나쁘지 내가 고마운 너를 지키지 못하고  그대 이후 누구도 그대 일수는  없음을 잘 알기에 눈물이 창피하게 자꾸 고여서 고갤들어 참고 참았지  알아 알아 너 없음 난 아냐 근데 우리 왜 헤어질꺼지 너무 너무 나쁘지 나는 결국엔 내가 더 힘들 꺼면서  내게서 가장 큰 위안은  너의 등뒤에 있지 변치 않는 난 이제  안녕 안녕 나 없어도 되니 아플때는 꼭 내게 연락해 미안 미안 나쁘지 내가 고마운 널 아-  알아 알아 너 없음 난 아냐 근데 우리 왜 헤어질꺼지 너무 너무 나쁘지 나는 결국엔 내가 더 힘들 거면서 -
2002.03.17~03.23,19,104373,행복하길,김종국,Renaissance,2001.12.12,Ballad,양정승,행복하길   가지마 아직은 아니야 내가 없이도 괜찮겠니 니 앞에 내 눈을 바라봐 울고있니 너 역시도 가슴이 메어와 나를 버리려는 널 두고 아직도 난 사랑을 기대하나봐 알고있어 이젠 내가 할 수 있는 건 널 보내야 하는 네게 줄 수 있는 마지막 선물인걸 그래 사랑했다는 그 말 하지않아도 알아 나의 모습이 초라해질까봐 부디 행복하라는 이 말 기억해 힘들겠지 날 떠나 보내는 너도 나처럼  내가 사는 이유 오직 그건 바로 너였어 니가 없인 하루도 의미가 없어 듣고 있니 이젠 마지막 일테지만 널 잊고 살기엔 너무 멀리까지 온거야 날 용서해 그래 사랑했다는 그말 하지 않아도 알아 나의 모습이 초라해질까봐 너를 보낼 수 없어 아직 널 원해 돌아와줘 날 떠나려고 하지마 제발  우리 영원하자던 그말 잊지않을게 이별에는 다른 이유가 없으니 행복하길 나보다 더
2002.03.17~03.23,20,94296,반,이정현,Magic To Go To My Star,2001.10.23,Dance,"PJ,김진아",흔들리는 네 눈빛에 끌렸어  애써 나를피하지는마  버려졌던 기억 따윈 덮어둬  이미 나도 겪어봤으니  다시 한번 내게 말해봐  너도 나를 사랑했다고  나 역시 너 처럼 사랑이 두려워도  외로운건 싫으니까  반만 나를 믿어봐  반만 나를 닮아봐  정말 사랑하다가  끝나도 후회 없도록  암만 사랑해봤자  뒤돌아서면 남이야  어차피 이 세상에서  완전한 사랑은 없어    더 이상은 네게 강요하지마  너 하나만 사랑할꺼야  쓸데없는 욕심 따윈 버렸어  이젠 나를 시험하지마  사랑하진 않았었다고  헤어진다 말했었지만  그렇게 몰랐니 나에게 솔직해봐  이젠 나를 책임져봐  반만 나를 믿어봐  반만 나를 닮아봐  정말 사랑하다가  끝나도 후회없도록  암만 사랑해봤자  뒤돌아서면 남이야  어차피 이 세상에서 완전한 사랑은 없어  나나나 나하나 땜에괜한자책 하지마  괜히 미안해지고 괜한 자책감만 느껴  너와나 함께할 때에 그냥 좋았던것 뿐야  이젠 끝날수 없어 날 받아줘
2002.03.17~03.23,21,106465,Now,은지원,Eun Ji Won 2,2002.02.27,Rap / Hip-hop,김영아,Now that we found love what are we gonna do we did now that we found love what are we gonna do we did 날 봐 어딜 쳐다봐 지금부터 하는 내 말 깊이 새겨 제발 듣는 척 마는 척 싫어하는 척 내 눈을 속여도 내겐 안 통해 너 한낱 허영에 눈이 멀어서 이런 애 저런 애 보다 네눈에 차는 애 또 고르고 있지 내 말이 맞지 하지만 소용없어 넌 결국 내꺼지 널 알지 trick 척 보면 척 누가 좀 더 나을까 또 재는 널 눈치 코치 그래봤자 백치 허영심 가득한 내숭의 극치 뭘 또 바래 이제 그만 바래 그깟 조건 뭘해 come on 진실을 볼래 자 눈을 떠 이제 정신 차려야 돼 네 인생을 바꿔줄게 내 품에 와 Now that we found love what are we gonna do we did now that we found love what are we gonna do we did 높은 곳을 바라봐야 눈만 아파 눈만 또 이것 저것 따져야 나이만 더 먹어 고르고 또 골라야 거기서 거기 백년도 채 못 돼서 다같이 die 이제 그만 결정해 네 마음 가득 아주 특별한 꿈을 채워 줄게 이런 기횐 다신 없어 너를 맞을 준비가 난 다 됐어 yes baby 찾아봐 어디 어디 가봐도 없을 껄 나만한 남자 찾아봐 뒤져봐 돈이니 명예니 널 버릴 수도 있지만 너를 평생 배신않고 지켜줄 걸 it's me sexy sexy 맵시 맵시 어느것도 빠짐없는 네게 와 이젠 그래 날 믿어 믿어 내사랑 너를 책임져 줄 내 가슴으로 안겨봐 착 Now that we found love what are we gonna do we did now that we found love what are we gonna do we did Move in Kick Move in Kick Move in Kick Move in Kick Move in Kick Move in Kick Move in Kick Move in Kick 네가 만났던 그렇게 믿었던 너를 쫓던 남자들을 좀 봐 사탕발림 유혹 속에 네 맘 헌신해야 결국에는 헌신짝이 되버린건 너야 진짜 널 아껴줄 이 나 뿐야 진심으로 대해줄 이 나 뿐야 날 받아줘 그래 너를 위해서 내 몸 부서지게 너한테 잘할게 Now that we found love what are we gonna do we did now that we found love what are we gonna do we did Now that we found love what are we gonna do we did now that we found love what are we gonna do we did now that we found love what are we gonna do we did
2002.03.17~03.23,22,90693,4월 이야기 (April Story),장나라,First Story,2001.06.19,Ballad,박경진,난 오늘 같은 하루를  만나지 못 할거라고 생각했지만  나 이제는 달라졌어요 내 관심없던 전화벨  소리도 귀찮지 않아   그대일꺼란 그 생각에 미소지어요 불안해하지도 않을래요  부끄러워하지도 않을래요 내가 가진 작은 숨소리로만  그대에게 속삭이면서 살래요 떨리는 맘을 전하고 싶은  그대 왼쪽귓가에 담고 싶은 내 여린 목소리를 위한 핑곌 찾아  꿈 속 깊은 밤을 서성이죠 그 모습 그대로 간직하고 있어 나 또한  그 뒤로 난 널 잊지 못한 시간동안  언제나 너를 나만의 곁에 머물게  하고만 싶었어  어느새 나를 사로잡게 된 행복함  마치 유리알처럼 너무도 투명한  무엇에도 비할 수 없어  그저 신비할 뿐인 눈동자  어디서도 찾지 못했던 내 모습이 좋아  이런 바보 같은 웃음조차  난 그대라는 나만의 소중한 관객을 두고  근사한 노랠 불러 행복을 주고 싶어 촛불처럼 따뜻한 눈길로  비 같은 나즈막한 목소리로 아직 한번도 눈 떠보지 못한 내 사랑을 아름답도록 해줘요 나 오늘 그대를 만난다면  그대 먼저 내 곁으로 온다면 입술 끝까지 올라와 있는 그 말을  오늘 해버리고 말거예요
2002.03.17~03.23,23,105850,후(後),홍경민,Forever And A Day,2001.12.19,Ballad,오지훈,너와 헤어지던 날 아마 넌 울었을거야  난 모질게 반질 빼버렸지  그땐 니가 싫었어 니가 너무 부담되서  난 그땐 그 방법 밖엔 없었어   한동안 난 편했어 그렇게  너와 헤어져 있던 그 시간이  하지만 내 서툰 이별에  난 너무 아팠어 워-   이젠 돌아올 수 없니 되돌릴 순 없겠니  혹시 너도 나와 같지 않니  머릴 짧게 잘라도 술을 많이 마셔도  내 마음은 너무 아파 어떡해 워-   나는 이해 못했지 니가 다른 남자에게  왜 그렇게 친절했었는지  그땐 니가 미웠어 모두에게 그러는게  난 그래서 널 탓했는지 몰라 난 워-  넌 정말 나와 헤어진 이유를 모른채  이별을 받아들였니  아니면 내 질투를 알면서  넌 포기한거야 워   이젠 돌아 수 없니 되돌릴 순 없겠니  혹시 너도 나와 같지 않니  머릴 짧게 잘라도 술을 많이 마셔도  내 마음은 너무 아파 어떡해 워-   너와 헤어지던 날 아마 넌 울었을거야  난 모질게 반질 빼버렸지  그땐 니가 싫었어 니가 너무 부담되서  난 그땐 그 방법밖엔 없었어 난 -
2002.03.17~03.23,24,105885,바보,윤미래,As Time Goes By,2001.09.10,Ballad,이승환,힘든가요 내가 싫어졌나요 차라리 내게 뭐라 말좀 해봐요 그렇게도 내가 미워졌나요 아무리 그대를 불러봐도 대답하지 않고  애써 지우려 말아요 그저 그대 곁에 있는 날 아무말도 하지않고 있게만 해줘요 you've been my life 내게 돌아와요 그대를 나 기다릴게요  이런 내 모습 바보같지만 그게 내 맘이예요 그대도 날 잊을순 없는거죠 제발 애원하며 불러봐도  대답하지 않고 나의 마음이 그대에게 부담스러웠는지 난 몰랐어요 그대 나를 용서해요 you've my life 내게 돌아와요 그대를 나 기다릴게요 이런 내 모습 바보 같지만 뭐라해도 난 괜찮아요 그대 사랑해 you've my life 내게 돌아와요 그대를 나 기다릴게요 이런 내 모습 바보같지만 잊을 수는 없어요
2002.03.17~03.23,25,104409,Starry Night,김종서,Odyssey,2001.11.13,Rock,김종서,오랜뒤에 그냥 그런대로 나조차 잊었던 긴 이별 그 후 이런 나의 그 외로움 끝에 다가오는 그대 천천히 왠지 아직은 두려움뿐이야 나 많이 그댈 좋아하지만 이런 불안함 따뜻한 미소로 조용히 감싸 안아준 그대 Starry Night! Shinning Bright! 다시 깨어 살아 있는 듯한 이 기분 아직 난 조금 자신없지만 이미 내안에 들어온 그대 이밤 그대 그리울 뿐이야 내일 또 그대를 만나겠지만 이젠 하루가 너무 짧기만해 그대가 내게 온 그 이후로 오늘 이렇게 아름다운 이 밤 지금껏 아껴온 말 사랑해 Starry Night! Shinning Bright! 다시 깨어 살아 있는 듯한 이 기분 아직 난 조금 자신없지만 이미 내안에 들어온 그대 아픈 이별후에 내게온 사랑 두려웁지만 지금 이순간 그대와 영원히 Starry Night! Shinning Bright! 다시 깨어 살아 있는 듯한 이 기분 아직 난 조금 자신없지만 이미 내안에 들어온 그대 이미 내안에 들어온 그대
2002.03.17~03.23,26,196599,나 때문이죠,오현란,오현란의 꽃 같은 사랑 이야기,2002.01.04,Ballad,오현란,나 또 어려워져요  이러지 않으려고 나를 달래왔는데  눈물이 또 넘쳐서 그댈 힘들게 해요  이러면 안되는데 자꾸 열이 나네요  아니 괜찮아요  아니예요 감기예요  바람이 너무 청아해서  어제 산책을 했거든요  내가 원래 좀 어설프죠  그대 걱정만 하게하고  자꾸 속만 상하게 하죠  내가 없다고 아침 거르지 마요  늦잠자면 안되요 잔소리만 하네요  내가 그렇잖아요  나 때문이죠 그대 잘못없는데  우리 마지막인데 나 땜에 그대가  또 울게되네요  아니 말해요  오늘 하루만큼은 내게 기대어줘요  나를 살피지마요 그럼 화날꺼예요  노력했지만 정말 안되나봐요  그댈 사랑하지만  이렇게 밖에는 안되나봐요  혼자 힘들어야 할 그댈 남겨두기가  자꾸 미안해져요  내가 없다고 아침 거르지마요  늦잠자면 안되요 잔소리만 하네요  내가 그렇잖아요  나 때문이죠 그대 잘못 없는데  우리 마지막인데  나 땜에 그대가 또 울게 되네요
2002.03.17~03.23,27,502928,Loving You,김현철,... 그리고 김현철,2002.03.12,Ballad,김현철,사람들은 나에게 물어봐.. 넌 꿈을 꾸냐고 사람들이 나에게 이렇게 묻는다면.. 뭐그리 좋냐고 요즘 내가 무슨 꿈 꾸냐면 Loving you always in loving you Loving you always in loving you 그댄 날 전혀 몰라 준다고 해도..  누구라도 이럴까 나에 맘 모든게 새로워 누구라도 이럴까 자그마한 일에도 마음아리는거 요즘내가 꿈꾸는 꿈이라 Loving you always in loving you Loving you always in loving you 그댄 날 전혀 몰라 준다고 해도..  어느날 문득 찾아와 고백하는 꿈.. 나를 사랑한다고 Loving you always in loving you Loving you always in loving you 그댄 날 전혀 몰라준대도.. Loving you always in loving you Loving you always in loving you 그댄 날 전혀 몰라준다고 해도.. 그게 몇년 동안이 가고 나에 꿈은 환상으로.. Loving you..
2002.03.17~03.23,28,104927,미안해,김장훈,Natural,2001.12.13,Ballad,김장훈,참 많은 눈이 내렸었지 처음 널 만났던 어느 겨울밤 머리위엔 눈꽃송이 쌓여만 가고 추운줄도 모른채 걷기만 했지 내게 어울릴것 같다며 수줍게 내민 터틀넥 스웨터 우습게도 널 보내러 가는 시간앞에 잘 보이고 싶은 마음에 옷을 꺼내네 미안해 널 보낼 자신이 없어 너무 많은 추억이 있는데 잘 살아요 멋있는 말 수없이 연습했지만 바보처럼 눈물만 흘러 미안해  바로 어제 일인것 같아 뭐가 그렇게 좋았었는지 매일 매일 밤을 새워 전화를 하고 눈을 뜨면 너의 집앞에 찾아갔던 나 미안해 널 보낼 자신이 없어 나 살아온 이유는 너인걸 너의 행복 혼자 남아 비는 내 모습 두려워 내 얼굴엔 내 이름엔  니가 있는데 널 보낼 자신이 없어 너무 많은 추억이 있는데 잘 살아요 멋있는 말 수없이 연습했지만 바보처럼 눈물만 흘러 널 보낼 수 없을것 같아  가지마
2002.03.17~03.23,29,103858,아로하,쿨(COOL),First Whisper,2001.12.06,Ballad,김태훈,어두운 불빛 아래 촛불 하나 와인 잔에 담긴 약속 하나 항상 너의 곁에서 널 지켜줄꺼야 날 믿어준 너였잖아 나 바라는 건 오직 하나 영원한 행복을 꿈꾸지만 화려하지 않아도 꿈같지 않아도 너만 있어주면 돼 걱정 마 I Believe 언제나 I Believe 이 순간을 잊지 않을께 내 품에 I Believe 안긴 너의 미소가 영원히 빛을 잃어 가지 않게 Cause your love is so sweet You are my everything 첫 날밤의 단 꿈에 젖어 하는 말이 아냐 난 변하지 않아 오직 너만 바라볼꺼야 You're light of my life You're the one in my life 내 모든걸 다 잃는데도 후회하지 않아 오직 너를 위한 변하지 않는 사랑으로 이제 나에게 있어 가장 소중한 건 내가 아닌 당신입니다 말로는 다짐할 수 없지만 당신만을 사랑합니다 때로는 친구처럼 때로는 연인처럼 눈 감는 그 날까지 당신만을 사랑합니다 늘 하나라는 마음으로 흔들리지 않는 믿음으로 아픈 마음도 함께 기쁜 맘도 함께 나눠 가졌으면 해 약속해 I Believe 힘들 때 I Believe 너의 그늘이 되어줄께 내 품에 I Believe 안긴 너의 미소가 영원히 빛을 잃어 가지 않게 Cause your love is so sweet You are my everything 첫날밤의 단 꿈에 젖어 하는 말이 아냐 난 변하지 않아 오직 너만 바라볼 꺼야 You're light of my life You're the one in my life 내 모든 걸 다 잃는데도 후회하지 않아 오직 너를 위한 변하지 않는 사랑으로 You're light of my life You're the one in my life 내 모든걸 다 잃는데도 후회하지 않아 오직 너를 위한 변하지 않는 사랑으로 All I ever want is your love
2002.03.17~03.23,30,105695,Kiss Me,샵,Flat [♭] (Flat Album),2001.11.05,Dance,윤경,아니 아니 너를 사랑한단 걸   Kiss me Kiss me Kiss me baby   요리 조리 돌아봐도 너에게 오   어울리는 여자는 나뿐인걸  왜 몰라  Ohlike a nice kiss girl  strolling oh by  coming over baby  screaming why  너만 보면 자꾸 자꾸 좋은걸  Kiss me KIss me Kiss  me baby  하루종일 너를 생각 할 때면  오 날 믿어 너 밖에 안보여  사과보다 달콤한 목소리로  언제까지 나만 사랑한다고  말해줘  바보처럼 니 앞에선  사랑한단 말도 못하지만  뜨겁게 때로는 예쁘게  니 품에 안기고 싶어 영원히  오 가까이 와 더 가까이  수줍게 웃는 내 입술을 훔쳐가  너만 주려고 아껴온 아껴온  소중한 사랑을  To you 내 소원이 뭐냐고  누가 물어보면  나는 꼭 니 애인 되는거라  말할거야  뭐니 뭐니 아직 내 맘 모르니  Kiss me Kiss me Kiss me baby  너의 귀가 너무너무 밝아서 오 말 안해도 내 맘 알거야  사과보다 달콤한 목소리로  언제까지 나만사랑한다고  말해줘  바보처럼 니 앞에선  사랑한단 말도 못하지만  뜨겁게 때로는 예쁘게  니 품에 안기고 싶어 영원히  오 가까이 와 더 가까이  수줍게 웃는 내 입술을 훔쳐가  너만 주려고 아껴온아껴온  소중한 사랑을  To you 내 소원이 뭐냐고  누가 물어보면  나는 꼭 니 애인 되는거라  말할거야  yo check my word skiills  can I get your love  hah show me my chance  for the kiss I trust  Yo Kiss me girl  strollin' on by and I miss  you babe  그대 모든걸 다 갖고 싶어 난  아무리 힘든일이 있다해도  언제나 난  널 만나고부터 난 달라졌지 난  그대만이 나만의 등불이  되어주길 바래 그러길 바래  오 가까이 와 더 가까이  수줍게 웃는 내 입술을 훔쳐가  너만 주려고 아껴온아껴온  소중한 사랑을  To you 내 소원이 뭐냐고  누가 물어보면  나는 꼭 니 애인되는거라  말 할거야
2002.03.17~03.23,31,423507,가슴앓이,지영선,사랑,2002.12.18,Ballad,강영철,밤 별들이 내려와 창문 틈에 머물고 너의 맘이 다가와 How do I love you How can I need you baby 예전부터 내 곁에 있는 듯한 네 모습에 내가 가진 전부 그 모든 것을 네게 주고 싶었는데 골목길을 돌아서 뛰어가는 네 그림자 동그랗게 내버려진 You're the only one in my heart 아 I can do nothing but I cry 아 어쩌란 말이냐 이 아픈 가슴을 아 I can do nothing but I cry 아 어쩌란 말이냐 이 아픈 가슴을 그 큰 두 눈에 하나 가득 눈물이 고이면 세상 모든 슬픔이 How do I love you How can I need you baby 네가 웃는 그 모습에 세상 기쁨 담길 때 내가 가진 전부 그 모든 것을 네게 주고 싶었는데 골목길을 돌아서 뛰어가는 네 그림자 동그랗게 내버려진 You're the only one in my heart 아 I can do nothing but I cry 아 어쩌란 말이냐 이 아픈 가슴을 아 I can do nothing but I cry 아 어쩌란 말이냐 이 아픈 가슴을
2002.03.17~03.23,32,449004,To Be Continued,클릭비(Click-B),Click-B,2001.11.20,Ballad,김수정,break it down what feelin so along Check the flow and it's on yo dialin up The phone right on this microphone What won't you come back home to me Yo we can be one love Come on uh baby you and me 그녀의 이미진 늘 붉은색이죠 그녀는 슬픔 모를것 같아요 꽃보다 더 고운 그녀의 미소는 세상 사람 물들여 놓아요 모두가 그녈 한번 더 봐요 그댄 빛처럼 환히 빛나죠 그녀 남자친구 나란게 난 행운이에요 하늘 아래에 그녀 오직 한명뿐이죠 그런 그녀가 없어요 날 두고 갔어요 정말 바람처럼 꿈처럼 사라졌어요 그녀의 눈빛은 늘 맑고 깨끗해 Always for me 눈물을 감췄죠 그녀와 있으면 난 웃을일 밖에 아무것도 더 바램없어요 언젠가 지난 소문을 들었죠 삶의 무게에 지친 그녀를 내가 정말 바보였어요 왜 몰랐었는지 어쩜 기대어 울 사람이 필요했는데 그땐 알 수가 없었죠 날 위로해주던 그녀 햇살같은 미소가 눈물이란걸 I wanna take you into my arms  널 기다리는 동안에 그리움에서 헤매 내안에 있는 사랑 남긴채 너로 인해 이별을 만들어 기다림속에 눈물을 만들게 한 널 가슴에 묻어줄께 이제 슬픔을 숨긴채 울지마 내게 기대 나 그때 네게 느낀 사랑은 따뜻해 맘속에 널 가둘게 아픔 잊게 해줄께 옛날에 그리던 그 미소처럼 웃을게 모두가 그녈 한번 더 봐요 그댄 빛처럼 환히 빛나죠 그녀 남자친구 나란게 난 행운이에요 하늘 아래에 그녀 오직 한명뿐이죠 그런 그녀가 없어요 날 두고 갔어요 정말 바람처럼 꿈처럼 사라졌어요 내가 정말 바보였어요 왜 몰랐었는지 어쩜 기대어 울 사람이 필요했는데 그땐 알 수가 없었죠 날 위로해주던 그녀 햇살같은 미소가 눈물이란걸 Feelin so along check the flow And it's on yo dialin up the phone Right on this microphone What won't you come back home to me yo We can be one love come on Uh baby you and me
2002.03.17~03.23,33,104210,용서,조장혁,Sad...,2001.11.01,Ballad,조장혁,모두 끝인가요 지금 이대로 날 용서할 순 없나요 그대 떠난 뒤 내모습은 모든 게 달라져만 가고 있어요 이젠 깨달아요 그대가 내게 얼마나 소중했는지 이제 나 기도할께요 그대 아픔 다 내게 달라고 많은 시간이 흐른대도 그대 모습 지울순 없겠죠 나 그대곁에서 영원히 후회하며 살아야 할테니 울고 있나요 힘겨운가요 상처만 준 날 아직 그리나요 이기적인 날 이젠 지우세요 날 떠나 그대 행복을 다시 찾길 바랄뿐이죠  많은 시간이 흐른대도 그대 모습 지울순 없겠죠 나 그대곁에서 영원히 후회하며 살아야 할테니 울고 있나요 힘겨운가요 상처만 준 날 아직 그리나요 이기적인 날 이젠 지우세요 날 떠나 그대 행복을 다시 찾길 바랄뿐이죠
2002.03.17~03.23,34,91820,괜찮아요,엄정화,화(花),2001.10.31,Dance,이승호,우 우우우 우우우 우우 우우 우우우우우  나 혼자선 안되겠죠 내 몸에 가득한 그대의 흔적들 그래서 이 사람을 만났죠 그대를 떨쳐버리려고 그런데 왜 그 품에서 그대의 숨결을 느끼는 걸까요 그대의 그 모습과 향기도 아직 여전 할까요 날 사랑으로 빠지게했던 그대가 내게 해준 애기를 왜 지금 내가 이 사람에게 하는 거죠 이해가 안돼요 어떻게 다른 사랑할 수 있는지 잊혀지던가요 내 아픈 눈물들이 담긴 추억이 믿을 수 없어요 그렇게 다른 사람 품에 안겨도 그대 곁에서 잠들 때보다 더 그대를 사랑하는 나를 어떻해요 그리워요 자꾸 내게 물어봐요 얼마나 그대가 잊혀져 가냐고 이미 다 잊었다는 거짓말 오늘도 하고 말았어요 그런데 왜 내 눈에선 아직도 그대가 보이는 거냐고 이렇게 내 못다한 사랑을 자꾸 들키곤 해요 조금 더 빨리 잊혀지기를 조금 더 많이 지워지기를 나 하루에도 몇 번씩이나 기도해요 더 이상 안돼요 그대를 잊기위해 만난 사람을 보내야만 해요 나 같은 상처를 또 주긴 싫어요 기다릴 거예요 그대가 돌아오지 않는다해도 그대 곁에서 잠들 때처럼 늘 그리운 그댈 기다리며 살거에요 보고파요 사랑해요  괜찮아요 떠나세요 당신이 행복하다면 보내야죠 이 말을 전할순 없어요 조금도 나 때문에 아프지 말아요 사랑해요
2002.03.17~03.23,35,104798,니가 있어야 할 곳,god,Chapter 4,2001.11.15,Dance,박진영,Like this yall to the   break of down  do you feel me every   body come on  Like this yall to the   break of down  do you feel me every   body come on  Like this yall to the   break of down  do you feel me every   body come on  Like this yall to the   break of down  그냥 feel me every   body come on  니가 나에게 안녕이라고   말하던 날   다른 남자가 생겼다고   말하던 날   널 말리는 날 붙잡던 날   뿌리치고 돌아서는 너를   보며 어느 날   니가 다시 돌아올지도 모른다는   생각이 들었지만   난 그래도 그러면 안되지   나를 이렇게까지 아프게 하며   애써 떠나는 널 보니   정말 사랑하나 했어   나는 그때 니가 돌아서던 그때   정말 너의 행복을 빌었어   근데 이제 와 이렇게 이런   모습으로 내게   나타나면 어떡해 내 맘 아프게   날 떠났으면 버렸으면   그 사람과 행복해야 하잖아   왜 이렇게 바보같이 울고있어   내가 가지말랬잖아   어서 내게 돌아와 어서 여기  내 곁으로 돌아와  니가 있어야 할 곳은 여기야  다시 내게 돌아와 지금  그 남자는 너를 잘 몰라  너를 이해하는 사람은 나 뿐야  Like this yall to the  break of down do you feel me every  body come on Like this yall to the  break of down do you feel me every  body come on Like this yall to the  break of down do you feel me every  body come on Like this yall to the  break of down 그냥 feel me every  body come on yeah let me show  you how's feel  any goes a little some  like this go out  이렇게 될 줄 알았으면  보내지 않았지  아니 알았어도 할 수 없이  보냈겠지  니가 원하는 거라면 난  다 해 줬으니까 너만 행복하다면  그걸로 됐으니까 보낸거야 그래서  보낸거야 바보야  그런데 이게 뭐야 이게 다야  내가 보고싶어 했던 네  모습은 이런게 아니야  이럴 줄 알았으면 너를  안 보냈단 말야  날 떠났으면 버렸으면  그 사람과 행복해야 하잖아  왜 이렇게 바보같이 울고있어  내가 가지 말랬잖아  어서 내게 돌아와 어서 여기  내 곁으로 돌아와  니가 있어야 할 곳은 여기야  다시 내게 돌아와 지금  그 남자는 너를 잘 몰라  너를 이해하는 사람은 나 뿐야  어서 내게 돌아와 어서 여기  내 곁으로 돌아와  니가 있어야 할 곳은 여기야  다시 내게 돌아와 지금  그 남자는 너를 잘 몰라  너를 이해하는 사람은 나 뿐야  어서 내게 돌아와 어서 여기  내 곁으로 돌아와  니가 있어야 할 곳은 여기야  다시 내게 돌아와 지금  그 남자는 너를 잘 몰라  너를 이해하는 사람은 나 뿐야   Like this yall to the  break of down do you feel me every  body come on Like this yall to the  break of down 그냥 feel me every  body come on
2002.03.17~03.23,36,104099,잘가요,정재욱,A Simple Story,2001.11.20,Ballad,채정은,미안해 마요 이제야 난 깨달아요  내 절대 그대 짝이 아님을  괜찮을께요 영혼 밖에 팔것 없는  못난 날 잘 비켜갔어요    그대 행복 내가 꼭 아니라도  지킨다면 그게 사랑일 테죠  그게 나의 몫이죠    잘가요 내 소중한 사람 행복했어요  그래도 이것만 알아줘요  지금 그 사랑보다 결코 내 사랑이  부족하다거나 얕지 않음을-   잊어도 되요 나를 만난 시간들은  잠깐의 연극이라 여김을  잘한거예요 아무리 난 노력해도  작은 희망도 없잖아요   아주 멀리 멀리 뛰어가세요  어떡해요 자꾸 잘못한 일만  떠오르는걸-    잘가요 내 소중한 사람 행복했어요 그래도 이것만 알아줘요  지금 그 사랑보다 결코 내 사랑이  부족하다거나 얕지 않음을   어긋난 인연이 남겨놓은 사랑이란  날카로운 슬픔이군요-    잘가요 내 사랑아 고마웠어요  그래도 이것만 알아줘요  지금 그 사랑보다 결코 내 사랑이  부족하다거나 얕지 않음을-    부족하다거나 얕지 않음을-
2002.03.17~03.23,37,502661,My Life Style,신화,My Choice,2002.01.26,Dance,김동현,Can't stop &amp; We don't stop Won't Stop  I will not stop 이제 다시 날 무시하지 않길 바라며  이제 Say my life style  It's operation 내 심장의 소리 꽉 막혀버린  거리를 헤매이지 (Oh no) 세상의 진리 가야하는 순리 거부할 수 없는 나의 운명 (Rewind) 누가 말했나 누가 정해버렸나 (Oh why)  내 길을 왜 막나 (Hold me so tight) 나 꿈꿔왔던 가진 모든 기억이 흔적 없이 모두 부셔 질 순 없어 Make my life style ah 설명할 순 없지만  먼 미래를 향해 떠나는 (두려움) 조금 더 지나 ah 돌아보게 될 때면  좀 더 나은 내가 되어 있기를 It's now 그래 가진 지난 모든 시든 그렇게 굼뜬 행동이  만든 아픈 타협 속에 가둔 나의 정체성이 사라진 기다려 바래진  사진이 흔적 속에  내버려 내버려 버려진다  I lost my faith 갈 길을 잃어버린 내 가슴속의 시간은 흘러가고 (Oh no)  어디에 있나 어디로 가야 하나  난 어디로 흘러서 가는가 (Rewind) 난 누구인가 어디에서 왔는가 (So why)  해답은 있는가 (Tell me answer) 나의 꿈속엔 이미 정해진 운명  그 뜻대로 움직여야 하나 안 돼 내 눈물만큼 힘든 시간이 얼마나 (지나야 하나)  많은걸 포기하며 살아야만 내 길을  (다시) 되돌릴 수 있을까 처참한 긴 시간 헤쳐갈수 있나  My Life Style me wide a make your whole team  for feat 저 불빛 쫓아가 살아가 가야할 날 Finally Don't it it Just won't stop  이제부터 다가올 미래 피하지마  부딪혀 내 삶 속에서 걸림돌은  비켜 이제껏 나 감추고 기다려왔던 나 You can't fake me say no more You make me! Make my life style ah 설명할 순 없지만  먼 미래를 향해 떠나는 (두려움) 조금 더 지나 ah 돌아보게 될 때면  좀 더 나은 내가 되어 있기를 It's now
2002.03.17~03.23,38,32575,어떤 말로도,이기찬,New Story,2001.09.07,Ballad,유유진,모자라  내겐 모자라  나의 남은 긴 삶을  너를 위해 다 써도  세상 어떤말로  내 사랑을 전해도  너를 향한 내 맘에  아주 조금일뿐야  떠올리지마  니가 날 떠난 시간  너 없이 난 힘들었지만  지금이 내겐 중요해  가져가질 수 있는 한  내 맘도 나의 전부도   다신 니가 나를  못지울만큼  Oh baby  받아 받기만하면 돼  그러다  니 삶의 끝에  너도 나처럼  행복했다 해줘 오  분명 난  많이 변했어  내가 널 첨 봤을때  지금과는 달랐어  믿음도 배려도   다 말뿐인  그런 사랑을 했어  너를 잃고 알았지  난 달라졌어  니가 날 떠난 시간  너없이는 안된다는 걸  끝없이 느낀 나니까  가져가질 수 있는 한  내 맘도 나의 전부도   다신 니가 나를  못지울만큼  Oh baby  받아 받기만하면 돼  그러다  니 삶의 끝에  너도 나처럼  행복했다 해줘 오  다신 보내지 않아  나의 다음 사랑도  또 그 다음번도  또 나에게는  분명히 너야 기억해  세상 어떤말로도  너를 향한 내 맘은  표현못해  다신 보내지 않아  가져가질 수 있는 한  내 맘도 나의 전부도   다신 니가 나를  못지울만큼 oh baby 받아 받기만하면 돼 그러다 니 삶의 끝에 너도 나처럼 행복했다 해줘 오 my love
2002.03.17~03.23,39,94305,귀한 사랑,채정안,3집 Goddess... Her Fate,2001.10.18,Dance,이재경,이거 하나만은 꼭 지켜줘 너무 쉽게 다가오지마 다른 여자들과 내 사랑을 감히 비교하려 하지마 난 사랑을 의심치 않아 하 하지만 귀하길 바래 한 한순간에 기도보단 널 깊이 채울 수 있도록 너만을 사랑해 조금만 더 조심스레 날 가져 사랑이란 시작보다 지키는게 더 어려운거잖아  거친 너의 손을 다듬어줘 나를 어렵게 생각해줘 쉽게 가진것은 언제든지 버리기가 더 쉬운거야 널 위해 화장을하고 널위해 나를 가두며 어디서든 자신있게 나 너의 여자라 말하지 너만을 사랑해 조금만 더 조심스레 날 가져 사랑이란 시작보다 지키는게 더 어려운거잖아  순간을 아쉬워 하며 집착하지 말아줘 난 너의 거짓보다 늘 강한 눈빛을 더 원해 너만을 사랑해 조금만 더 조심스레 날 가져 사랑이란 시작보다 지키는게 더 어려운거잖아
2002.03.17~03.23,40,104770,Thank You (For Saving My Life),조규찬,Thank You (For Saving My Life),2001.11.01,Ballad,BrianMcKnight,영원히 끝도 없는 어둠 속에  갇힌 죽음보다 절망적인  외로움 홀로 견뎌내기엔  너무도 깊은 아픔  그런 내게 넌 다가왔어  그 품속에 기대어 쉬라고  다시 살아갈 이유인 너  야윈 내 맘에 안식인 너  다시 널 사랑하겠어  내 처음이 돼줘  내 생명이 돼줘  Thank you for saving my life 널 믿겠어 너 하나만 위해 살겠어 그런 날 받아주길 이제 난 그 이름만으로 환히 웃을 수 있어 얘기해줘 너의 꿈들을 늘 곁에서 널 지켜줄게 다시 살아갈 이유인 너 야윈 내 맘에 안식인 너 다시 널 사랑하겠어 내 처음이 돼줘 내 생명이 돼줘 Thank you for saving my life 이제야 알 것 같아 나 얼마나 행복한 사람인지 날 지켜줄 힘이 돼줄 널 가진 것 그 하나로 다시 살아갈 이유인 너 야윈 내 맘에 안식인 너 다시 널 사랑하겠어 내 처음이 돼줘 내 생명이 돼줘 Thank you for saving my life Thank you for saving my life
2002.03.17~03.23,41,105644,늦은 후회,보보,Bobo,2001.12.06,Ballad,"보보,양재선",얼마나 한참을 서있었는지  멀리 너의 모습 보면서  그 모습 사라질때까지  나의 발걸음은 움직일 수 조차 없었지   내가 어떤 사랑 받았었는지  내가 어떤 아픔 줬는지  이제야 널 보낸후에야  돌아선 후에야 다시 후회하고 있잖아   떠나간 다른 사람 때문에  비틀거리던 나를 힘들게 지켜주던 널  바라보지 않았지   그렇게 사랑이 온지몰랐어  기대어 울기만 했잖아  그런 내 눈물이 너의 가슴으로 흘러  아파하는 널 나는 밀어냈었지   사랑은 떠난 후에야 아는지  곁에 두고서 헤맨건지  이제야 알겠어 너에게 기대어 울던  그 순간들이 가장 행복했었던 나를   내가 어떤 사랑 받았었는지  내가 어떤 아픔 줬는지  이제야 널 보낸후에야  돌아선 후에야 다시 후회하고 있잖아   떠나간 다른 사람 때문에  비틀거리던 나를  힘들게 지켜주던 널  바라보지 않았지   그렇게 사랑이 온지몰랐어  기대어 울기만 했잖아  그런 내 눈물이 너의 가슴으로 흘러  아파하는 널 나는 밀어냈었지   사랑은 떠난 후에야 아는지  곁에 두고서 헤맨건지  이제야 알겠어 너에게 기대어 울던  그 순간들이 가장 행복했었던 나를 -
2002.03.17~03.23,42,26375,사랑하고 싶어,왁스,Wax02 : 화장을 고치고,2001.08.09,Ballad,함경문,My Love  My Face 넌 내곁에서 멀어져 갔지만  나는 너를 그렇게 쉽게 보낼수가 없어   내게 왜 이러는거야 정말 이래야 하는거니  그저 몇마디 말로 다 끝나버릴 사랑은 아니잖아  다시 내게로 돌아와줘 너만 사랑할 수 있도록  지금 이대로 날 내버려 둔다면 내 맘 변할지도 몰라    My Heart My Dream 넌 벌써 나를 잊은지 몰라도  아직 나는 널 내 곁에서 보낼수가 없어 왜 날 떠나야만 했어 왜 네 마음이 변한거야  매일 밤 나를 아프게 울려도 싫어지진 않는데   다시 내게로 돌아와줘 제발 너무 늦지 않도록  내게로 돌아왔을 때 그 자리에 그땐 없을지도 몰라  다시 내게로 돌아와줘 너만 바라볼 수 있도록  오랜 기다림에 지쳐 내 사랑이 메마르지 않도록   다시 한 번 너의 가슴에 안겨보고 싶어  사랑하고 싶어
2002.03.17~03.23,43,111209,다시 사랑한다 말할까,김동률,귀향 (歸鄕),2001.10.26,Ballad,김동률,마치 어제 만난 것처럼  잘있었냔 인사가 무색할 만큼  괜한 우려였는지  서먹한 내가 되려 어색했을까  어제 나의 전활 받고서  밤새 한숨도 못 자 엉망이라며  수줍게 웃는 얼굴  어쩌면 이렇게도 그대로일까  그땐 우리 너무 어렸었다며  지난 얘기들로 웃음짓다가  아직 혼자라는 너의 그 말에  불쑥 나도 몰래 가슴이 시려  다시 사랑한다 말할까  조금 멀리 돌아왔지만 기다려왔다고  널 기다리는게 나에게 제일 쉬운 일이라  시간이 가는 줄 몰랐다고  다시 사랑한다 말할까  여전히 난 부족하지만 받아주겠냐고  널 사랑하는게 내삶에 전부라  어쩔 수 없다고 말야  그땐 사랑인줄 몰랐었다며  가끔 내 소식을 들을때마다  항상 미안했단 너의 그 말에  불쑥 나도 몰래 눈물이 흘러  다시 사랑한다 말할까  언젠가는 내게 돌아올 운명이었다고  널 잊는다는 게  나에게 제일 힘든 일이라  생각 조차 할 수 없었다고  다시 사랑한다 말할까  좋은 친구처럼 편하게 받아주겠냐고  다시 태어나도 널 사랑하는게  내 삶에 이유란 말야  다시 사랑한다 말할까  조금 멀리 돌아왔지만 기다려왔다고  널 기다리는게  나에겐 제일 쉬운 일이라  시간이 가는 줄 몰랐다고  다시 사랑한다 말할까  여전히 난 부족하지만  받아주겠냐고  널 사랑하는게 내삶에 전부라
2002.03.17~03.23,44,528588,얼씨구,싸이(PSY),싸2,2002.01.16,Rap / Hip-hop,싸이(PSY),아름다운 밤이예요  손들어 머리위로 흔들어 좌로 우로  눈치 살필 필요 체면 차릴 필요 없고 누구든지 근심 걱정 모두 등에 업고 나중에 딴 소리하는 사람 모두 바보 오늘만큼 미친 듯이 놀꺼야 나도 본심을 감추고 자존심 다 내가는 이들아 양심도 없나? 누가 볼까 겁나? 내숭 떨래 땀나?  땀나니 덥나? 참나 말도 안되는 소리하고 있어 휘적거리는 동안 내 가슴은 타고있어 너 일단 차에 타고 있어 너와 상관없이 이 밤이  타고있어 깨기 있기 싫으면 집에 가서 잠자고  있어 분위기 깨지 말고 그냥 잠자코 있어 얼씨구 씨구 씨구 씨구 지화자 지휘자 싸이가  여기왔구나 아하 얼씨구 씨구 씨구 씨구  지화자 지휘자 싸이가 여기왔구나 아하 절씨구 씨구 씨구 씨구 닐리리 날라리 싸이가  돌아왔구나 아하 절씨구 씨구 씨구 씨구 닐리리 날라리 싸이가 돌아왔구나 아하 이 밤이 다 가기전에 내일이 없는 사람인 것 같이 일단 춤추고 보자 노래하고 보자 분위기가 중요해 그 무엇보다 보다 더 나은 놀이 문화를 위해 이제 즐길 줄 알아야 하는 시대 더욱더 신나는 내일을 위해 잔을 위로 Come On 머리위로 Come On 너무나 아름다운 이 날의 젊은이야 Check! 음악이 취할 수 있는게 젊음이야 Check! 젊음이란 시간이 아니라 마음먹기니까 고쳐먹으니까 이것 보소 남녀 노소 상관없이 좌우로 흔들어 보소 한 가지에 미치는 게 젊은이야 내가 살아가는 미치게 하기 전문이야 얼씨구 씨구 씨구 씨구 지화자 지휘자 싸이가  여기왔구나 아하 얼씨구 씨구 씨구 씨구  지화자 지휘자 싸이가 여기왔구나 아하 절씨구 씨구 씨구 씨구 닐리리 날라리 싸이가  돌아왔구나 아하 절씨구 씨구 씨구 씨구 닐리리 날라리 싸이가 돌아왔구나 아하  전국에 형제여 소리 질러봐 전국에 자매여  소리 질러봐 전국에 형제 자매여 소리 질러봐 얼씨구 씨구 씨구 씨구 지화자 지휘자 싸이가  여기왔구나 아하 얼씨구 씨구 씨구 씨구  지화자 지휘자 싸이가 여기왔구나 아하 절씨구 씨구 씨구 씨구 닐리리 날라리 싸이가  돌아왔구나 아하 절씨구 씨구 씨구 씨구 닐리리 날라리 싸이가 돌아왔구나 아하
2002.03.17~03.23,45,104421,CB Mass는 내 친구,CBMass,Matics,2001.10.09,Rap / Hip-hop,"Curbin,최자,개코",5:469 #@6준비 uh 시작  5:469 #@6아침에 일어나서 준비 uh 시작 아침에 일어나서 세수를 하고 학교에 가서 공부를 하고 미끄럼 타고 그네도 타고 우리들도  바쁘게 살지요 C B MASS 는 내 친구 (그렇지) C B MASS 는 내 친구 (한번 더) C B MASS 는 내 친구 yeah yeah yeah yeah  You don't stop move your body 움직여 팔 다리 push up push up  And sit up 조금 더 빨리 많이 흘리는 땀속에 찾는  건강만이 이 거친 세상의 master key 이제 안녕 그만 해 담배타령 흡연은 폐암과 두통을 유발하기 마련 또 빵점앞 이빨사이 니코틴 낀 아가씨 미소 오 혐오 감 만점 이제 바이바이 달콤한 슈가 슈가  그 덕에 입안 구석구석썩어버린 치아아아아아 빈번한 폭식과 마시고 죽자 음주습관 오 그만 아침에 일어나서 세수를 하고 학교에 가서 공부를 하고 미끄럼타고 그네도 타고 우리들도  바쁘게 살지요 C B MASS 는 내 친구 (그렇지) C B MASS 는 내 친구 (한번 더) C B MASS 는 내 친구 yeah C B MASS 는 너의 친구 yo 한여름 티셔츠 네장 겹쳐 입으신 외소하신 삐쩍 마르신  그대는 갈비씨 yo 남의 시선이 그렇게 두려운지 yo 테이프 돌돌말은 다이어트 아가씨 (Oh no) 니코틴이 충만하신 어르신  아침부터 밤까지 먹는 것이 버릇인 월화수목금토일 성생활이 문란하신 혈기왕성 젊으신 친구들 모두 Watch this oh stop it'sbad For your health make strong 너와 나 강해져야 해 경쟁시대 Mental game 에 살아남는 지름길은 yo 탄탄한 정신과 육체 다 같이 sing it 아침에 일어나서 세수를 하고 학교에 가서 공부를 하고 미끄럼타고 그네도 타고 우리들도 바쁘게 살지요 C B MASS 는 내 친구 (그렇지) C B MASS 는 내 친구 (한번 더) C B MASS 는 내 친구 yeah 너의 친구 개코 make strong 최자 Make strong c 부터 u부터 r b i n 다음 여덟마디 부터 신나게 yeah yeah  That's right 힘이 나는 나의 mic 나의 climax 에 시작되는 With nigh feel high microphone 을 쥐고 모두 다 count 다 같이 hang around C B MASS best friend nobody understand 이제 우리가 들어 올리는 바벨의 무게 너의 근력도 국가의 국력도 올라가지 남자는 힘이야 남자는 남자답게 여자는 여자답게 모두 다 인간답게 아침에 일어나서 세수를 하고 학교에 가서 공부를 하고 미끄럼 타고 그네도 타고 우리들도 바쁘게 살지요 C B MASS 는 내 친구 (그렇지) C B MASS 는 내 친구 (한번 더) C B MASS 는 내 친구 yeah 너의 친구  우리 모두 따라불러 볼까요 딴딴딴딴딴따딴따리 딴딴딴따딴따딴따리 아침에 일어나 서세수를 하고 학교에 가서 공부를 하고 미끄럼 타고 그네도 타고 우리들도 바쁘게 살지요 C B MASS 는 내 친구 (그렇지) C B MASS 는 내 친구 (한번 더) C B MASS 는 내 친구 yeah  yeah yeah yeah  아침에 일어나 서세수를 하고 학교에 가서 공부를 하고 미끄럼 타고 그네도 타고 우리들도 바쁘게 살지요 C B MASS 는 내 친구 (그렇지) C B MASS 는 내 친구 (한번 더) C B MASS 는 내 친구 yeah C B MASS 는 너의 친구
2002.03.17~03.23,46,1786655,My Style,조pd(ZoPD),Stardom In Future Flow,2001.12.24,Rap / Hip-hop,"조pd(ZoPD),Uzi,DigitalMasta,라디(Ra.D)",Yo 난 내 스타일로 말하지 난 내 스타일로 웃지 난 내 스타일로 먹고 또 내 스타일로 걷지 운전할때도 전화할때도  누워잘때도 TV 볼때도  다 내 스타일로 하지 난 영어도 내 스타일로 하지 난 일어도 내 스타일로 하지 난 한국말도 랩처럼 내 스타일로 하지 난 빌어먹을 노래도 내 스타일로 하지 난 옷 입을때도 신경 안쓴듯해도 꼭 내 스타일로 입지 난 담배피는 모습도 딱 내 스타일이지 이런 생각 하는것도 보면 내 스타일이지 이런 비트는 딱 내 스타일이지 이런 멜로디 또한 내 스타일이지 이런 리듬이그냥 내 스타일이고 이런 내용도 그냥 내 스타일이지 이런 노래가 바로 내 스타일이지 그런 랩 스타일은 바로 내 스타일이고 이런 flow 가 바로 내 스타일이고 내가 blow 할 너의 맘에 한방의 미사일 난 내 스타일로 말하고 난 내 스타일로 웃고 난 내 스타일로 먹고 난 내 스타일로 걷지 난 내 스타일로 놀고 난 내 스타일로 자고 난 내 스타일로 울지 난 내 스타일로 살지 난 내 스타일로 말하고 난 내 스타일로 웃고 난 내 스타일로 먹고 난 내 스타일로 걷지 난 내 스타일로 놀고 난 내 스타일로 자고 난 내 스타일로 울지 show me your style UZI 저마다 가치 갖은 생활의 방식으로 세상을 살아가고 수많은 낙오와 끝이 없는 시행착오를 겪고 일어나고  계속해서 울고 서로의 스타일로 벗겨나가고 시간은 흘러가도 내 자신은 나인걸 수없이 무너져도 결국 나인걸 아픔을 잊고 슬픔을 잊고 앞으로 걸어나가 멈추지 말아라 내 스타일로 말하고 난 내 스타일로 웃고 난 내 스타일로 먹고 난 내 스타일로 걷지 난 내 스타일로 놀고 난 내 스타일로 자고 난 내 스타일로 웃지 난 내 스타일로 살지 난 내게 있어 가장 중요한 건 상관없어 be cause it's 그 누구가 뭐라해도 나의 길을 가는 것 세상속에 내가 존재하는 이유 너무도 유일한 나를 지켜가겠어 Yo in 90's style 내 학창시절 style 백육십팔 사십팔  그년 나의 style 소년원 free style 잘 나갔던 아이 세상이 다 좆같았던 겁없었던 나이 넌 입 다물어 난 나의 세계로 나와 뜻이 같다면 너 역시 나의 세계로 top으로 그러하므로 제대로 hiphop 간지를 또 모두에게로 서울 도곡 오로지 hiphop만이 서울 북쪽 오로지 복고만이 허접 간지 병신 넌 좆만이 스타일 하나 없으면 넌 귓방망이 내게 있어 가장 중요한 건 상관없어 be cause it's 그 누구가 뭐라해도 나의 길을 가는 것 세상속에 내가 존재하는 이유 너무도 유일한 나를 지켜가겠어 내게 있어 가장 중요한 건 상관없어 be cause it's 그 누구가 뭐라해도 나의 길을 가는 것 세상속에 내가 존재하는 이유 너무도 유일한 나를 Keep on keep on  in the my style I wanna know your style my baby I like to know I wanna know No no my baby don't be afraid No more no more no more No more no more  this is my style
2002.03.17~03.23,47,621079,If I Leave (나 가거든),조수미,명성황후 (The Lost Empire) OST,2001.12.03,"Drama,Ballad",,쓸쓸한 달빛 아래  내 그림자 하나 생기거든  그땐 말해볼까요 이 마음  들어나 주라고   문득 새벽을 알리는  그 바람 하나가 지나거든  그저 한숨 쉬듯 물어볼까요 나는 왜 살고 있는지   나 슬퍼도 살아야 하네  나 슬퍼서 살아야 하네   이 삶이 다 하고 나야 알텐데  내가 이 세상을 다녀간 그 이율  나 가고 기억하는 이  나 슬픔까지도 사랑했다 말해주길   흩어진 노을처럼  내 아픈 기억도 바래지면  그땐 웃어질까요 이 마음  그리운 옛일로   저기 홀로선 별 하나  나의 외로움을 아는건지  차마 날 두고는 떠나지 못해  밤새 그 자리에만   나 슬퍼도 살아야 하네  나 슬퍼서 살아야 하네   이 삶이 다 하고 나야 알텐데  내가 이 세상을 다녀간 그 이유  나 가고 기억하는 이  내 슬픔까지도 사랑하길 우  부디 먼 훗날  나 가고 슬퍼하는 이  나 슬픔속에도 행복했다 믿게
2002.03.17~03.23,48,91380,원하고 원망하죠,애즈원,천만에요 2집,2001.08.18,Ballad,윤사라,아직 누굴 사랑할 수 없는 그대 지친 가슴을 난 너무나 잘 알죠 변함없이 그대 곁을 지켜왔지만 그댄 지나버린 사랑 그 안에만 사는 걸 원하고 원망하죠 그대만을 내게 다가온 시간을 힘겹게 만드는 사람 지난 날들을 그대의 아픈 얘기를  모르고 싶은걸 소리내어 환히 웃을때도 그대 가슴은 울고 있는 걸 느끼죠 그런 그를 끌어안아 주고 싶지만 이런 내 맘 들키지 않기로 한걸요 원하고 원망하죠 그대만을 내게 다가올 시간을 힘겹게 만드는 사람 그대 지난 날들을 그대의 아픈 얘기를  모르고 싶은걸 지금 그대는 빈 자릴 채워줄  누구라도 필요한거겠죠 잠시 그대 쉴 곳이 되어주기에 나는 너무나 욕심이 많은걸 원하고 원망하죠 그대만을 내게 다가와 내일을 후회로 만드는 사람 이런 내 맘을 혼자서 얘기할께요 그대 너무 사랑해요
2002.03.17~03.23,49,1096485,박하사탕,YB,An Urbanite,2001.06.29,Rock,"윤도현,김진원",떠나려 하네 저 강물 따라서 돌아 가고파 순수했던 시절 끝나지 않은 더러운 내 삶에 보이는 것은 얼룩진 추억속의 나 고통의 시간만 보낸 뒤에는 텅 빈 하늘만이 아름다웠네 그 하늘마저 희미 해지고 내 갈 곳은 다시 못 올 그 곳 뿐야 열어줘 제발 다시 한번만 두려움에 떨고 있어 열어줘 제발 다시 한번만 단 한번만 이라도 나 돌아갈래 어릴 적 꿈에 나 돌아갈래 그 곳으로  남아 있는건 아무것도 없어 그 시간들도 다시 오진 않아 어지러워 눈을 감고 싶어 내 갈 곳은 다시 못 올 그 곳뿐야 열어줘 제발 다시 한번만 두려움에 떨고 있어 열어줘 제발 다시 한번만 단 한번만 이라도 나 돌아갈래 어릴 적 꿈에 나 돌아갈래 그 곳으로  나 돌아갈래 어릴 적 꿈에 나 돌아갈래 그 곳으로 나 돌아갈래 어릴 적 꿈에 나 돌아갈래 그 곳으로
2002.03.17~03.23,50,106162,담,김윤아,Shadow Of Your Smile,2001.11.20,Rock,김윤아,우리 사이엔 낮은 담이 있어 내가 하는 말이 당신에게 가 닿지 않아요 내가 말하려 했던 것들을 당신이 들었더라면 당신이 말할 수 없던 것들을 내가 알았더라면 우리 사이엔 낮은 담이 있어 부서진 내 마음도 당신에겐 보이지 않아요 나의 깊은 상처를 당신이 보았더라면 당신 어깨에 앉은 긴 한숨을 내가 보았더라면 우리 사이엔 낮은 담이 있어 서로의 진실을 안을 수가 없어요 이미 돌이킬 수 없을 마음의 상처 서로 사랑하고 있다 해도 이젠 소용없어요 나의 닫힌 마음을 당신이 열었더라면 당신 마음에 걸린 긴 근심을 내가 덜었더라면 이미 돌이킬 수 없을 마음의 상처 서로 사랑하고 있다 해도 이젠 소용없어요 우리 사이엔 낮은 담이 있어 서로의 진실을 안을 수가 없어요
