time,rank,song_id,title,singers,album,date,genre,creator,lyric
2002.11.24~11.30,1,316434,Never Ending Story,부활,새벽,2002.09.01,Rock,김태원,손 닿을 수 없는 저기 어딘가  오늘도 난 숨쉬고 있지만  너와 머물던 작은 의자 위에  같은 모습의 바람이 지나네...  너는 떠나며 마치 날 떠나가듯이  멀리 손을 흔들며  언젠가 추억에 남겨져 갈 꺼라고  그리워하면 언젠가 만나게 되는  어느 영화와 같은 일들이 이뤄져 가기를...  힘겨워 한 날의 너를 지킬 수 없었던  아름다운 시절속에 머문 그대 이기에  너는 떠나며 마치 날 떠나가듯이  멀리 손을 흔들며  언젠가 추억에 남겨져 갈 꺼라고  그리워하면 언젠가 만나게 되는  어느 영화와 같은 일들이 이뤄져 가기를...  힘겨워 한 날의 너를 지킬 수 없었던  아름다운 시절속에 머문 그대여  그리워하면 언젠가 만나게 되는  어느 영화와 같은 일들이 이뤄져 가기를...  힘겨워 한 날의 너를 지킬수 없었던  아름다운 시절속에 머문 그대여  그리워하면 언젠가 만나게 되는  어느 영화와 같은 일들이 이뤄져 가기를...  힘겨워 한 날의 너를 지킬 수 없었던  아름다운 시절속에 머문 그대이기에...
2002.11.24~11.30,2,317826,어떤가요,화요비,Because I Love You,2002.10.12,R&B / Soul,"유장희,유인식",어떤가요 내곁을 떠난  이후로 그대 아름다운 모습  그대로 있나요 아직까지 당신을 잊는다는게 기억 저편으로 보낸다는게 너무 힘이 드는데 하루종일 비내리는  좁은 골목길에 우리 아끼던 음악이 흐르면 잠시라도 행복하죠 그럴때면 너무 행복한 눈물이 흐르죠 가끔씩은 당신도 힘이 드나요 사람들에게서 나의  소식도 듣나요 당신곁을 지키고 있는 사람이 그댈 아프게 하지는 않나요 그럴리 없겠지만 이젠 모두 끝인가요 정말 그런가요 우리 약속했던 많은 날들은 나를 사랑 했었나요 아닌가요 이젠 당신에겐 상관 없겠죠 알고 있어요 어쩔수  없었다는걸 나만큼이나 당신도 아파 했다는걸 이젠 모두 끝인가요 정말 그런가요 우리 약속했던 많은 날들은 나를 사랑 했었나요 아닌가요 이젠 당신에겐 상관 없겠죠 듣고있나요 우습게 들릴테지만 난 변함없이 아직도 그대를
2002.11.24~11.30,3,316561,Inmost,이승환,Serious Day,2002.10.30,Ballad,이승환,살아있음 행복하니 붙어있는 숨에 안도하니 어딜 가던지 무얼 하던지 너는 부딪혀 깨진 내가 처참하게 무너져가길 원해  너의 삶을 살고 있니 갈망이 갈증이지 않게 무엇이 진정 니가 원했던 거니 부딪혀 깨진 내가 처참하게 무너져가길 원해 keep on followin' dream my real my real dream I will be there someday my real world 미래는 없고 현실은 지고 젊음은 가고 허망한 꿈만 쫓고 안위와 시기 나에게 닥친 위기 이제 나는 나로 또 다른 내가 아닌 진짜 나로 늦지 않아 이제 그게 뭔데 뭐래 자유 이제 내게 모든 것이 내게 무엇이 진정 니가 원했던 건지 어딜 가던지 무얼 하던지 너는 keep on followin' dream my real my real dream I will be there someday my real world  keep on followin' dream my real my real dream I will be there someday my real world keep on followin' dream my real my real dream I will be there someday my real world 살아있음 행복하니
2002.11.24~11.30,4,619078,Sweet Dream,장나라,2집 Sweet Dream,2002.10.02,Ballad,,It's gonna be another day  with a sunshine  햇살은 나의 창을 밝게 비추고  반쯤 눈을 떴을 때  그대 미소가 나를 반겨요    내 볼에 살짝 입맞추고  사랑한다고 속삭였죠  내 머리 맡에 모닝커피  혹시 내가 꿈을 꾸나요   It's gonna be another day  with a sunshine  햇살은 나의 창을 밝게 비추고  반쯤 눈을 떴을 때  그대 미소가 나를 반겨요    When we can get together I  feel paradise  이보다 더 행복할수는 없겠죠  아마 그럴거예요  지금 내 곁에 그대가 있잖아요   너무 흔해서 나 조차도 싫어했었던 내 이름도  왠지 그대가 불러주면  예쁘게만 느껴지네요   It's gonna be another day  with a sunshine  그대가 나를 아름답게 하네요  나를 안아줄래요  사랑한다고 말해줄께요    When we can get together I  feel paradise  마치 난 영화속에 주인공처럼  사랑받기 위해서 그대 맘속에  다시 태어난거죠    지금 이순간 나보다  행복한 사람은 없겠죠  깨지 않게 해줘요  Don't Break it 난 이 꿈안에서    It's gonna be another day  with a sunshine  햇살은 나의 창을 밝게 비추고  반쯤 눈을 떴을 때  그대 미소가 나를 반겨요   When we can get together I  feel paradise  이보다 더 행복할수는 없겠죠  아마 그럴거예요  지금 내 곁에 그대가 있잖아요   It's gonna be another day  with a sunshine  그대가 나를 아름답게 하네요  나를 안아줄래요  사랑한다고 말해줄게요   When we can get together I  feel paradise  마치 난 영화속에 주인공처럼  사랑받기 위해서 그대 맘속에  다시 태어난거죠
2002.11.24~11.30,5,430228,좋은사람,박효신,Time Honored Voice,2002.09.13,Ballad,윤사라,좋은사람  준비없이 비를 만난것처럼 아무말 못한채 너를 보낸뒤에 한동안 취한 새벽에 잠을 청하며 너를 그렇게 잊어보려했어 시간이가도 잊혀지지 않는 널  생각하면서 깨달은게있어 좋은사람 사랑했었다면 헤어져도 슬픈게 아니야 이별이 내게 준것은 곁에 있을때 보다 너를 더욱 사랑하는 맘 셀수없이 많은 날을 울면서  힘든가슴을 보이지 않았던 널 끝내 날 나쁜남자로 만들었던 널 어떻게든 미워하려했어 어떤말로도 미워할수없는 널  생각하면서 깨달은게있어 좋은사람 사랑했었다면 헤어져도 슬픈게 아니야 이별이 내게 준것은 조금 멀리떨어져   너를 헤아릴수 있는 맘 늦었겠지만 너의 맘 아프게했던 바보같은 날 용서해줘 단 한번만 허락해준다면 나를 믿고 돌아와준다면 언제나 말하곤했던 그런 사람이되어 너를 지켜주고싶은데 다시 돌아올순 없겠니
2002.11.24~11.30,6,317797,안녕,이소라,Diary,2002.10.11,Ballad,이소라,나를 슬프게 하지마 너는 내맘속에 있어 나 없는데로 떠나가줘 나를 아프게 하지마 너는 날 울리고 있어 너의 이름을 잊어 버리게  기억을 빼앗아줘 너를 위해 울던 시간도 되돌릴 수 없는 네 마음도 바보같은 나도 다 이해해 다시 올 수 없는 그 날은  마지막 눈물로 지우며  나를 아프게 하지마 너는 날 울리고 있어 너의 이름을 잊어 버리게  기억을 빼앗아줘 너를 위해 울던 시간도 되돌릴 수 없는 네 마음도 바보같은 나도 다 이해해 다시 올 수 없는 그 날은  마지막 눈물로 지우며 사랑했던 너와 이제는 안녕
2002.11.24~11.30,7,317670,멋쟁이 신사,YGFamily,YG Family 2,2002.10.24,Rap / Hip-hop,YGFamily,멋쟁이 신사 나가신다 길을 길을 비켜라
2002.11.24~11.30,8,317034,빚,이수영,My Stay In Sendai,2002.09.11,Ballad,,하루하루 변해가는  거울속 나의 모습  만일 지금 나를 봐도  넌 사랑해줄까  다들 그랬어 사랑은  사랑으로만 잊혀지고  여자에겐 지금의 사랑만이  첫사랑인거라고  하지만 나에게 사랑은 하난데  아직 가슴에 남았는데  또 다른 인연이 올수록  니가 더 보고 싶어  한없이 너에게 받았던 그 사랑  나는 주지도 못했잖아  그때에 너에게 진 빚을  제발 나 갚게 해줘  다들 그랬어 세월은  모든 상처를 잊게 하고  늘 여자는 지난날 추억보단  사랑으로 산다고  하지만 나에게 사랑은 하난데  아직 가슴에 남았는데  또다른 인연이 올수록  니가 더 보고싶어  한없이 너에게 받았던 그 사랑  나는 주지도 못했잖아  그때에 너에게 진 빚을  제발 나 갚게 해줘  하루만이라도 한번만이라도  그때로 돌아가 너와 나  함께 할 수 있다면  그렇게 허락된 하루라면  내일이 나에겐 없다해도  웃으며 눈 감을게
2002.11.24~11.30,9,421039,아리아리,이정현,I Love Natural,2002.11.01,Dance,이상백,넌 잘난것도 없어 못난것도 없어  한번 스친 남자야 자꾸 귀찮게 하지마  너같은 건 이 세상에 깔리고 깔렸어   널 다시 만난다면 잊지 못한다면  내게도 분명 문제가 있는 걸  아직도 나와 같은 여자 찾아 헤매니   정말 눈물나게 잘해주다가  너무 잔인하게 변해버린 너  하지만 이미 너를 사랑해버린 나야  Shake it shake it shake it baby   아리아리요 날 두고 떠나가나요  날 가지고 날 버린게 사랑인가요  아리아리요 날 두고 떠나간다면  내 가슴에 새긴 상처 책임지고 가   널 사랑하고 싶어 좋아하고 싶어  이젠 널 갖고 싶어 나도 너처럼 변했어  닮아갔어 니가 만든 나란걸 알잖아   널 사랑하는 여자 좋아하는 여자  이제는 내게 모두다 적인 걸  돌아와 이젠 나만 보며 살아가야 해   정말 눈물나게 잘해주다가  너무 잔인하게 변해버린 너  하지만 이미 너를 사랑해버린 나야  Shake it shake it shake it baby   아리아리요 날 두고 떠나가나요  날 가지고 날 버린게 사랑인가요  아리아리요 날 두고 떠나간다면  내 가슴에 새긴 상처 책임지고 가   아리아리요 날 믿고 돌아와줘요  날 가지고 날 버리면 그만인가요  아리아리요 날 두고 혼자가나요  날 버리고 끝날 사랑 아니아니요   아리아리요 날 두고 떠나가나요  날 가지고 날 버린게 사랑인가요  아리아리요 날 두고 떠나간다면  내가슴에 새긴 상처 책임지고 가 -
2002.11.24~11.30,10,317645,내 사랑 `심수봉`,이문세,빨간 내복,2002.10.15,Ballad,노영심,열 여섯에 처음 날 울리던 노래 그때 난 사실 좀 조숙했지만 온통 세상이 그 목소리처럼 참 묘한 느낌의 뭔가 있다는 것을 깨달았지 하루에도 몇번은 그 속에 빠져 마치 내 얘긴듯 심각했지만 왠지 내 인생 그 언제부턴가 난 그녀 노래와 인연이 있다는 걸 깨달았지 참삶이란 어쩐지 삶이란 단순하진 않아 참사랑도 여전히 사랑도 쉽지만은 않아 이제는 정도 그 흔한 사랑도 다 버릴것 같지만 마지막처럼 불러보았던 언제나 그 노래 불러보자 한때는 눈물짓던 나 그래도 진실했던 나 언제나 고향처럼 불러보자 쓸쓸한 내 모습까지 허구한 내 인생까지 노래로 불러보자 오늘도 숨차게 돌아온 하루 지친 내 모냥이 늘 우습지만 역시도 나를 반겨주는 건 꼭 그녀 노래는  노을 같다는 것을 깨달았지  불러보자 한때는 눈물짓던 나 그래도 진실했던 나 언제나 고향처럼 불러보자 쓸쓸한 내 모습까지 허구한 내 인생까지 노래로 불러보자 불러보자 한때는 눈물짓던 나 그래도 진실했던 나 언제나 고향처럼
2002.11.24~11.30,11,430978,챔피언,싸이(PSY),Psy 3집,2002.09.19,Dance,싸이(PSY),진정 즐길줄 아는 여러분이 이 나라의 챔피언입니다 하 모두의 축제 서로 편가르지  않는것이 숙제 소리 못질르는 사람들 오늘 술래 다같이 빙글 빙글 강강 수월래  강강수월래 함성이 터져 메아리 커져 파도 타고 모두에게 퍼져 커져 아름다운 젊음이 갈라져 있던  땅덩어리 둥글게 둥글게 돌고 도는 물레  방아 인생 사나인데 가슴쫙펴고 화끈하게 손뼉을 치면서 노래를 하면서 이것보소 남녀노소 좌우로 흔들어 챔피언 소리지르는 니가 챔피언 음악에 미치는 니가 챔피언 인생 즐기는 니가 챔피언 니가 챔피언 니가 챔피언 소리지르는 니가 챔피언 음악에 미치는 니가 챔피언 인생 즐기는 니가 챔피언 전경과 학생 서로 대립했었지만  나인같애 고로 열광하고 싶은 마음 같애 오늘부로 힘을 모아 합세 하나로  합체 모두 힘을 길러 젊음을 질러 자유로운 외침이 저기 높은 하늘을  찔러 소리를 질러 우리는 제도권 킬러 둥글게 둥글게 돌고 도는 물레  방아 인생 사나인데 똑같이 모두 어깨동무 손뼉을  치면서 노래를 하면서 파벌없이 성별없이 앞뒤로 흔들어 챔피언 소리지르는 니가 챔피언 음악에 미치는 니가 챔피언 인생 즐기는 니가 챔피언 니가 챔피언 니가 챔피언 소리지르는 니가 챔피언 음악에 미치는 니가 챔피언 인생 즐기는 니가 챔피언 질러볼까 더 크게 뛰어올라 더 높게 내일 걱정은 내일모레 오늘 미쳐보게 둥글게 둥글게 돌고 도는 물레  방아 인생 한방인데 바람따라 구름따라 손뼉을 치면서 노래를 하면서 주먹을 쫙피고 하늘로 아래위로  흔들어 챔피언 소리지르는 니가 챔피언 음악에 미치는 니가 챔피언 인생 즐기는 니가 챔피언 니가 챔피언 니가 챔피언 소리지르는 니가 챔피언 음악에 미치는 니가 챔피언 인생 즐기는 니가 챔피언
2002.11.24~11.30,12,316784,Valenti,보아(BoA),Miracle,2002.09.01,Dance,,그대를 바라본 내 모습  그대가 바라본 내 모습  내 미래를 걷어 버리고  그대의 그 손을 잡았어  이른 아침 이슬 맺힌 듯  어린 사랑이라고 해도  마치 불꽃같아 보여도  Oh step in step in baby  우린 어떻게 만난건지  왜 하필 그게 나인건지  Boy I fall in love with you  지금 이 순간도  타이트한 그대의 틀에 맞춰진  사람이 되고도 행복한 나  그 어떤 조그마한 소원이라도  그대에게 기회를 줄래요   My dream  찢어져 있는 청바지와  섬세한 그대의 눈빛도  항상 지켜주고 싶었어  운명처럼 비밀로 했어  소중한 나의 모든것은  내 자신이 지켜줘야해  그곳의 벽을 뛰어 넘고  Oh step in step in baby  무의미한 그 욕심들도  알 수 없는 그 행동까지  Just I fall in love with you  모두 받아 줄께  그대와 나 사이 우리 둘 사이  사랑을 찾을 수 없는 거라면  이 넓은 세상의  어느곳에도 사랑은 존재하지 않는 걸 My dream 헤어지면 의미 없잖아 그냥 함께 있고 싶은걸 Boy I fall in love with you 이런 날 잡아 줘 달리는 고동의 길을 걸어가 그대와 내가 택한 이 길 위에 그 어떤 알 수 없는 예감 속에서 사랑할 수 있게 믿음을 줘  My dream 타이트한 그대의 틀에 맞춰진 사람이 되고도 행복한 나 그 어떤 조그마한 소원이라도 그대에게 기회를 줄래요  My dream
2002.11.24~11.30,13,317254,팬이야,자우림,Jaurim 04,2002.09.06,Rock,김윤아,아무렇지 않은 표정으로 애써 웃음지어 보여도 나는 알고 있어 때로 너는 남들 몰래 울곤 하겠지 특별할 것 없는 나에게도 마법같은 사건이 필요해 울지않고 매일 꿈꾸기 위해서 언젠가의 그날이 오면 Oh let me smile again in the sun 내보일 것 하나 없는 나의 인생에도 용기는 필요해 지지않고 매일 살아남아 내일 다시 걷기 위해서 나는 알고 있어 너도 나와 똑같다는 것을 주저앉지 않기 위해 너도 하늘을 보잖아 언젠가의 그날을 향해 I see the light shining in your eyes I'm my fan I'm mad about me I love myself 매일 거울안의 내게 말하곤 해 I'm my fan I'm mad about me I love myself 매일 거울 안의 내게 말하곤 해 어디론가 남들 몰래 사라져 버릴수만 있다면 어디에도 존재하지 않은 없었던 사람인 것처럼 내보일 것 하나 없는 나의 인생에도 용기는 필요해 지지않고 매일 살아남아 내일도 내일도 언젠가는 그날이 올까 아직 어둡게 가려진 그날 I'm my fan I'm mad about me I love myself Day after Day I'm saying same prayer for me I'm my fan I'm mad about me I love myself Day after Day I'm saying same prayer for me I see the light shining in my eyes I see the light shining in my eyes I see the light shining I see the light shining I see the light shining in my eyes
2002.11.24~11.30,14,430051,낭만고양이,체리필터,Made In Korea?,2002.08.13,Rock,"캡틴락,정우진",sweet little kitty  sweet little kitty -  내 두눈 밤이면 별이 되지   나의 집은 뒷골목 달과 별이 뜨지요  두번 다신 생선가게 털지 않아  서럽게 울던 날들 나는 외톨이라네  이젠 바다로 떠날거예요(더 자유롭게)  거미로 그물 쳐서 물고기 잡으러   나는 낭만 고양이  슬픈 도시를 비춰 춤추는 작은 별빛  나는 낭만 고양이  홀로 떠나가버린 깊고 슬픈 나의 바다여   (sweet) sweet little kitty -  깊은 바다 자유롭게 날던 내가  한 없이 밑으로만 가라 앉고 있는데  이젠 바다로 떠날 거예요(더 자유롭게)  거미로 그물 쳐서 물고기 잡으러   나는 낭만 고양이  슬픈 도시를 비춰 춤추는 작은 별빛  나는 낭만 고양이   홀로 떠나가버린 깊고 슬픈 나의 바다여   sweet little kitty  sweet little kitty -  (나는 낭만 고양이 홀로 떠나가버린..)   나는 낭만 고양이  슬픈 도시를 비춰 (도시를 비춰)  춤추는 작은 별빛   나는 낭만 고양이  홀로 떠나가버린 (떠나가 버린 아)  깊고 슬픈 나의 바다여   (sweet) sweet little kitty -
2002.11.24~11.30,15,421955,Welcome to Koneyisland,VariousArtists,A Walk Around The Corner(Project Album: Photo+Music),2002.11.01,Ballad,,
2002.11.24~11.30,16,313555,넌 감동이었어,성시경,Melodie d` Amour,2002.07.19,Ballad,윤종신,미련하게 아무도 모를 것 같아  태연한 척 지내왔어 너 떠나버린 뒤  다 알았대 어설픈 나의 눈빛을  행복했던 지난 날의 나와 너무 달라서  이별했음을 느낄 수 밖에  너와 나 정말 그때는 좋았었나봐  나 화 낼줄도 몰라 내내 즐거웠대  그래 그랬었지 널 사랑하기에  세상은 나에게 커다란 감동이었어  그 순간을 잃는다면 내가 살아 온  짧은 세월은 너무나 보잘 것 없어  되돌려 보려 해 너를 찾으려 해  너 없이 살아도 멀쩡히 숨은 쉬겠지만  후회와 그리움만으로는 견딜 수 없어  하루도 자신이 없어 초라했데 어설픈 나의 눈빛은  행복했던 지난 날의 나와 너무 달라서  이별했음을 느낄 수 밖에  너와 나 헤어질줄은 아무도 몰랐대  하루가 너무 짧던 우리의 날들이  그래 그랬었지 널 사랑하기에  세상은 나에게 커다란 감동이었어  그 순간을 잃는다면 내가 살아 온  짧은 세월은 너무나 보잘 것 없어  되돌려 보려 해 너를 찾으려 해  너 없이 살아도 멀쩡히 숨은 쉬겠지만  후회와 그리움만으로는 견딜 수 없어  하루도 자신이 없어 도저히
2002.11.24~11.30,17,317157,2002년의 시간들,언니네이발관,꿈의 팝송,2002.10.17,Rock,이석원,우리 헤어지던 날 넌 아무렇지도 않게 그냥 걸었어  너의 마음 어디쯤에 이별을 반기는 마음이 있나 봐  너를 아는 정말 많은 사람 중에 그 많고 많은 사람 중에 널 찾는 이 없어 아무도 없어 그걸 왜 모르는 거니 사실 이제는 그 누구도 볼 수 없을 것만 같은 그런 슬픈 마음의 소리 난 들을 수 있어 나를 보는 너의 마음 나는 알아 그 너의 마음 나는 알아 난 가진게 없어 나은 것도 없어 그게 뭐 어쨌다는 거니  추억이 깊을수록 생기 없는 날들이 너무나 힘들어  나를 아는 정말 많은 사람 중에 그 많고 많은 사람 중에 날 찾는 이 없어 아무도 없어 그래도 괜찮은 건지 잘 모르겠지만  바람이 있다면 나도 너희들의 흔한 얘기 나누고 싶어 나를 보는 너의 마음 나는 알아 그 너의 마음 나는 알아 난 가진게 없이 나은 것도 없어 그게 뭐 어쨌다는 거니
2002.11.24~11.30,18,316233,Buenos Aires,불독맨션,Funk,2002.09.19,Rock,"이한철,김동영",네번의 기내식과 지루한 미국영화를 본 난 적도를 지나며 설레는 맘에 창밖을 봐 저 언덕과 들판 위 내 눈이 머문 곳에 나의 그대가 손 흔들고 있네요 라따따라따따 baby 오후의 열기와 뿌연 먼지 바람 속의 난 따가운 햇살과 낯선 도시의 향기를 느껴 저 언덕과 들판 위 내 눈이 머문 곳에 나의 그대가 손 흔들고 있네요 라따따라따 따따라 저 태양과 시간 속 내 맘이 머문 곳에 나의 그대와 손을 잡고 있겠죠 라따따라따따 baby 잠 siesta 휴일 fiesta 그 곳에 난 잠들고 싶어 파란 저 언덕과 이 들판 위 어딘가의 나의 그대가 손 흔들고 있네요 라따따라 따라 타오른 저 태양과 이 시간 속 어딘가의 나의 그대와 손을 잡고 있겠죠 라따따라 따따
2002.11.24~11.30,19,314448,사랑 Two (Acoustic Ver.),YB,Live Is Life,2002.06.27,Rock,이경희,나의 하루를 가만히 닫아주는 너 은은한 달빛따라 너의 모습 사라지고 홀로 남은 골목길에 수줍은 내 마음만  나의 아픔을 가만히 안아 주는 너 눈물 흘린 시간 뒤엔 언제나 네가 있어 상처 받은 내 영혼에 따뜻한 네 손길만  처음엔 그냥 친군줄만 알았어 아무 색깔 없이 언제나 영원하길 또 다시 사랑이라 부르진 않아 아무 아픔 없이 너만은 행복하길  널 만나면 말없이 있어도 또하나의 나처럼 편안했던거야 널 만나면 순수한 내모습에 철없는 아이처럼 잊었던 거야  내겐 너무 소중한너 내겐 너무 행복한너   처음엔 그냥 친군줄만 알았어 아무 색깔 없이 언제나 영원하길 또다시 사랑이라 부르진 않아 아무 아픔 없이 너만은 행복하길  널 만나면 말없이 있어도 또하나의 나처럼 편안했던거야 널 만나면 순수한 내모습에 철없는 아이처럼 잊었던거야  널 만나면 말없이 있어도 또하나의 나처럼 편안했던거야 널 만나면 군수한 내모습에 철없는 아이처럼 잊었던거야  내겐 너무 소중한너 내겐 너무 행복한너
2002.11.24~11.30,20,316185,Someday,제이워크,Someday,2002.10.14,Ballad,안성일,baby close your eyes listen to heart n song  cause i no fool no more do  what love will make u do  i wanna heart n song  baby my love is so good  tell me that u need me  i'll always make u smile   some day 나 기억해요 우리가 처음 만났던  그날들을 조심스럽게 수줍던 말로  서로를 조금씩 알아가던 때도 있죠  또 궁금해요.  내 어떤점이 그대의 맘 사로잡을 수 있었던 거죠.  말 못하겠죠 나아닌 나를  조금씩 더 익숙해져 가기만 한  그대 가끔 길을 걷다 멈춰서면  나 사실은 겁이나요  내가 살수없는걸 보는 그대인걸  동전하나 남아있다고 하면 그대 떠날껀가요  잡을수 없죠 언제쯤 그대 단 한번만이라도  정말 나를 위해서 웃어줄수 있죠  cause i no fool no more do what love  will make u do i wanna heart n song  baby my love is so good tell me that  u need me i'll always make u smile  그대 그런말을 한적 있었죠 내가 새롭다며  예전 그대 사랑을 비교하던 그대 이젠 내가 지겨워졌을까요  매일 늘어만 가는 그대 투정도  그대 스쳐간 저 낙엽 같은 사랑  해가 바뀌면 그대 또 웃을수있겠죠  가끔 다른곳에서 그대소식을 듣겠죠 그대  제발 행복해야만 되요 i want you  someday 시간이 흘러  멀리서 그대 바라보고 있는날  쓸쓸이 걷던 그대 뒷모습 내 눈앞에 어른거린기만 한데  그대 still loving you
2002.11.24~11.30,21,432940,여정,왁스,Wax 3,2002.07.05,Ballad,이건우,거리마다 불빛이 흐느끼듯 우는 밤  세월흐른 지금도 사랑하고 있다니  내 나이가 몇인가 꽃이 되어 진 세월  무던히도 참아왔던 외로움의 눈물이  사랑했어 사랑했어  우린 미치도록사랑했었어  보고싶어 너무 보고싶어  내 사랑이 식기전에   별빛속을 헤매던 하나였던 그림자  지금 어디 있는지 너무 보고 싶은데  사랑했어 사랑했어  우린 미치도록 사랑했었어  보고싶어 너무 보고싶어  단 한번만 내게  돌아와줘 돌아와줘  슬픈 내 눈물이 마르기전에  보고싶어 너무 보고싶어  내 사랑이 다 식기전에  이것만은 꼭 기억해야해  가려거든 오지마
2002.11.24~11.30,22,431613,악수,비,N001,2002.05.13,Ballad,박진영,헤어지자는 말 이제는 그만 만나자는 말 음 어쩜 그런 편안한 표정과 말투로 할 수가 있는 건지 어쩜 그렇게 쉬운지 헤어지는게 그대에겐 아무것도 아닌지 어떻게 웃고 있는지 즐거웠다는 말 그 말이 전분건지 내겐 사랑이었죠 그대에겐 즐거운 시간이었지만 내겐 사랑이었죠 처음으로 느껴본 사랑 난 그댈 만나 처음으로 정말 행복했죠 하지만 그댄 알 수 없는 이유로 이렇게 내곁을 떠나려고 하네요 그댄 언제나 이렇게 만나고 또 헤어지고 이러나요 나와 함께 한 시간도 그저 또 하나의 추억일뿐인가요 내겐 사랑이었죠 그대에겐 소중한 추억이라지만 내겐 사랑이었죠 처음으로 느껴본 사랑 악수를 청하는 그대의 손을 난 바라보고 서있죠 음 이 악수를 하면 그댄 돌아서겠죠 그럼 난 이제 어떡하나요 우 워 내겐 사랑이었죠 그대에겐 즐거운 시간이었지만 내겐 사랑이었죠 처음으로 느껴본 사랑 마지막으로 느낀 사랑
2002.11.24~11.30,23,317112,사랑해요,김조한,2002 The 1st Single,2002.09.25,R&B / Soul,박진영,난 지금 한번도 느껴 본 적이 없는 걸 느끼죠 가슴이 터질 것 같아 모두 말하고 싶지만 숨기죠 왜 날 이렇게 한 그대 왜 날 사랑하지 않죠 왜 날 바라보는 그대 눈에 아무 감정이 없나요 안타까움이 없나요 사랑해요 사랑해요 그댈 보면 마음 속으로 끝없이 외쳐요 사랑해선 안되는 사람을 사랑하는 난 이제 어쩌면 좋아요 난 이제 끝없이 슬퍼하며 살아가야 하나요 그대를 향한 내 마음은 작아지지 않을 것만 같은데 음 왜 난 찾아온 사랑이 하필 이런 사랑이죠 왜 난 기쁨 대신 아픔으로 얼룩진 추억들을 만들어 가야하죠 사랑해요 사랑해요 그댈 보면 마음 속으로 끝없이 외쳐요 사랑해선 안되는 사람을 사랑하는 난 이제 어쩌면 좋아요 오 나를 봐요 나를 봐요 정말 아무런 감정도 느낄 수가 없나요 작은 기적이라도 어떤 마법이라도 그대를 돌릴 순 없나요 난 이제 어쩌면 좋아요
2002.11.24~11.30,24,314885,인생은 아름다워 (Feat. 박선주),리쌍,Leessang Of Honey Familly,2002.06.27,Rap / Hip-hop,"박선주(PakSunZoo),개리",Turn around Turn around  마치 인생이란 의미 없는 우리들의 어지러운 축제 Oh My Happy Life  Turn around Turn around  달이 뜨고 지고 해가 다시 제자리로 돌아가는 놀이  Oh My Happy Life  우린 학교라는 문턱 그것을 넘어서면서부터 1등에서 꼴찌  그 사이를 이리저리 끌려다니며  순위의 족쇄를 찬 노예  하지만 모두 다 똑같애  이 세상은 따뜻한 삶의 커피를 기다리는 카페  모두 그 따뜻한 꿈을 이루려 똑같이 땀을 흘려  삐그덕 거리는 세상위로 쇠붙이 같이 무거운 삶의 무게를 메고  긴 인생의 마라톤 그 힘든 길을 달려 또 달려  거친 세상의 풍파 속에서  견디며 살아가는 사람들이여  당신들의 모습은 진정 아름다워  인생은 아름다워 노래해 헤이 헤헤헤  슬픔은 모두 버려 헤헤 모두 굿바이 인생은 아름다워 노래해 헤이 헤헤헤  슬픔은 모두 버려 헤헤 모두 굿바이  매일 술잔 속에 빠져 인생의 패배자처럼  하루하루를 보내던 지난겨울  너무도 힘겨운 내 삶은  마치 차가워진 안주 이미 끝나버린 연주  더 이상 오를 수 없었던 높은 산  날 애워싼 수많은 장벽들  내 곁을 떠난 많은 사람들  하지만 난 던져주는데로 받아먹는 개처럼  애처로운 모습을 보일 순 없었지  또다시 싹튼 도전정신  그 하나로 버텨온 난 오늘도 솔직한 땀을 흘려  무거운 아픔의 돌을 끌어 내버리고 더욱 더 아름다운 내 인생의 꽃을 피워  Turn around Turn around  마치 인생이란 의미 없는 우리들의 어지러운 축제 Oh My Happy Life  Turn around Turn around  달이 뜨고 해가 다시 제자리로 돌아가는 놀이 Oh My Happy Life  어차피 모두 한 줌의 재로  고로 금은동 정해졌던 순위도 결국 제로  승자와 패자는 따로 없어 힘든 나날을 견뎌가며 살아가는 모두가 승자인걸 그렇지 개리 인생이란 무엇이라 생각하는가? 정답은 이세상 가장 아름다운 꽃  술에 젖어 전봇대에 기대 힘든 삶을 노래하여도  소중한 사랑에 차여도  주머니가 텅 비어도  시들지 않는 가장 아름다운 꽃 또  이 세상 가장 아름답고 솔직한 쇼  인생은 아름다워 노래해 헤이 헤헤헤  슬픔은 모두 버려 헤헤 모두 굿바이  인생은 아름다워 노래해 헤이 헤헤헤  슬픔은 모두 버려 헤헤 모두 굿바이
2002.11.24~11.30,25,316356,지켜 준다더니,디바,Luxury Diva,2002.09.06,Ballad,안성준,첫번째 만남 우리의 사랑 forever my life  너에게 모두다 아름다운 시간  i know that 첫사랑 until we die  사랑할 수 있을까 than I wish   역시 소망은 소망일 뿐  너와 나 잠시 그저 스쳐 지나가는  그렇고 그런 너와 나 우리 사이  거의 우린 하나라고 생각하고  미리 단정짓고 모든 것을 주어버린  미련하고 바보 같은  나의 어릴 적 깊은 상처   그는 말없이 떠났어 새로운 그녀와 그냥 그렇게  나와 함께 했던 추억은 아름다웠다고 말했지   아무 일 없을거야 냉정해져야해  괜찮아 모두가 보고 있잖아  하지만 왜 이렇게 눈물이 나와  지켜준다더니 결국 날 울리니   내가 생각했던 것과  why 항상 너무 다른 결과  notorious infanous love just fakers  믿음없는 사랑하지 않겠어 promis   지금까지 많은 만남 나를 속여왔던 사랑  경험이란 나의 착각 속에 살아왔던 시간  보상받고 싶진 않아 너너너  새로운 또 다른 제대로 된 만남이 있기까진  또 많은 고통과 시련이 있겠지  나는 이제 포기할래 차라리   our love could be last forever  우리 사랑만은 영원하다 했잖아  나와 함께 했던 시간은 기억하겠다고 말했잖아   아무 일 없을거야 냉정해져야해  괜찮아 모두가 보고 있잖아  하지만 왜 이렇게 눈물이 나와  지켜준다더니 결국 날 울리니   시간의 흐름속에 굳은 내 의지  퇴색되어 가겠지 결코 쉽진 않지  만남의 기쁨이 있듯이 항상 헤어짐이 따르지  더 이상 속이지도 속고 싶지도 않은 내 자신   아무 일 없을거야 냉정해져야해  괜찮아 모두가 보고 있잖아  하지만 왜 이렇게 눈물이 나와  지켜준다더니 결국 날 울리니   나와의 약속 지키고 싶지 않았어  난 이미 벌써 사랑에 빠진걸  난 어쩔 수 없어 날 포기하겠어  또 한번 사랑이 날 속이고 있었어
2002.11.24~11.30,26,430004,달팽이와 해바라기 (Men`s Ver.),여행스케치,달팽이와 해바라기,2002.08.01,Folk,조병석,"한번만이라도 그대...고개를 돌리면...  언제나..그대곁에 내가 보일텐데..  손내밀면 닿을만큼 가까운곳에..  내가.. 말없이 서있는걸.. 그댄 모르죠...   가끔씩.. 그대 눈빛과 마주치면,....  너무 벅찬 설레임에...잠도 못이루고..  작은 내몸이..날아갈것만 같은...  비바람속에서도 난..웃음지을수 있죠..  아무것도 가진것 없죠...그대 향한 마음뿐..  그대는 내꿈의 전부죠~~  하지만 세상은 말하죠...너무나 느리다고..  끝내...상처뿐일꺼라고..   한번만이라도 그대...고개를 돌리면...  언제나..그대곁에 내가 보일텐데..  손내밀면 닿을만큼 가까운곳에..  내가.. 말없이 서있는걸.. 그댄 모르죠...   날이 저물어 창백한 달빛속에..  그대의 향기가 점점 사라져 버리고..  그런 시간의 덧없는 반복속에..  그대가 시들어 가도..내겐 눈부시죠..  아무도 날 막을순 없죠...  새들의 위협조차..오히려..내겐 용기를 주죠...  하지만 나역시 알아요...힘든 모험이란걸,,  그대곁으로 가는 길이....   한번만이라도 그대...고개를 돌리면...  언제나..그대곁에 내가 보일텐데..  손내밀면 닿을만큼 가까운곳에..  내가.. 말없이 서있는걸.. 그댄 모르죠...   한번만이라도 내가 날아갈수만 있다면..  그대의 꽃잎에 날아 앉을텐데..  속삭여도 들릴만큼,,,가까운곳에..내가..  말없이 서있는걸 그댄 모르죠..  어쩌면..그댄 내모습..영영 볼수 없겟죠.."
2002.11.24~11.30,27,430722,The Name 名字(명자),더네임,The First Scene Of 名字(명자),2002.07.01,Ballad,김지민,수천번 수만번 불러봤던 이름을  다시애써 지우려고 하는데  누구를 만나도 누굴 불러보아도  너의 이름이 귓가에 맺혀서  얼굴을 그려보아도 체온을  느끼려해도  아무것도 생각나질 않아  모두 잊은듯한데  I remember name  시간이 흐른지금도  내맘속에 슬픔으로 남아있어  The Name 먼훗날 내게도 그런날이 오겠지  남은 하나의 숨쉬는 그날이  마지막 부르는 니 이름이 될거야  어서그날이 오면 좋을것같아  하지만 하늘이 있어 그속에  삶이있다면  또 다시 널  그리워 지우며 살아야 하는 걸까  I forgot your name  다시는 부를수 없는  이름으로 날아가  이젠 모두버려 너의 아름다웠던  모습도 미소도 향기도 이름마저   이젠지워버려  I remember name  I forgot your name  Cause your my love  눈 감아 또다른 삶이 있다하여도  I remember name  다시 또 부를수있는 이름으로  기억되지 않았으면  The Name
2002.11.24~11.30,28,314588,Again,쥬얼리,2집 Again,2002.07.31,Dance,Miunki,아껴두지 말 걸 그랬나봐 이렇게   헤어지는 거라면   너만을 사랑한다는 그 말 왜 난   단한번도 못한채   보내야 하는지 항상   아쉬워 하는지   왜 그래 오늘이 지나면 널   다시 못볼 것 만 같아   I wanna be all right   내 곁에 있어줘   Never say good bye   날 떠나가지마   Come on in my life   돌아와 내게로   세상에 가장 흔한 얘기지만   아직 네게 못한 말 그 말   널 사랑해   태양을 바다가 삼키듯이 내맘에  너를 삼키려고 해  내일이 찾아와 네게  햇살을 비추면  어떡해 다시 너의 기억을  하나둘씩 꺼내겠지  I wanna be all right  내 곁에 있어줘  Never say good bye  날 떠나가지마  Come on in my life  돌아와 내게로  너무나 쉽게 할 수 있는 얘기  잊을 수 있을거라  하지마  세상에 가장 흔한 얘기지만  아직 네게 못한 말 그 말  널 사랑해
2002.11.24~11.30,29,430126,Propose,강타(KANGTA),Pine Tree,2002.08.01,Ballad,강타(KANGTA),어떤 말부터 꺼내야할지 어떤 말이 멋질지  왠지 평소완 다른 내가 이상해 보이진 않을지  어디가 좋을지 고민했어 어떤 곳이 멋질지  우리 처음 만났던 이 카페  이젠 또 다른 두 번째 고백인걸   가끔은 이기적인 내가 많이 힘들었단 걸 알아  하지만 조금씩 달라질 내 고백을 받아줄래   너 없인 옷도 난 잘 고르질 못하잖아  방도 항상 지저분할 것 같아  니가 없으면 술에 취한 날들만  늘어갈 것만 같은데   너 없인 늦잠 자는 날 깨울 수가 없어  식사도 제대로 하지 않겠지  무엇보다 니가 없인 단 하루도 살수가 없어  나와 결혼해 주겠니   이런 말 나도 많이 어색해 너의 맘은 어떤지  왜 자꾸 웃기만 하는 거니  이런 내 모습이 혹시 낯선 거니   때론 힘든 날도 있겠지  때론 다투기도 하겠지  하지만 세상 그 무엇도  우릴 갈라 놓을 순 없어   너 없인 옷도 난 잘 고르질 못하잖아  방도 항상 지저분할 것 같아  니가 없으면 술에 취한 날들만  늘어갈 것만 같은데   너 없인 늦잠 자는 날 깨울 수가 없어  식사도 제대로 하지 않겠지  무엇보다 니가 없인 단 하루도 살수가 없어  나와 결혼해 주겠니   아무리 생각해봐도 멋진 말이 떠오르지가 않아  매일 아침 눈을 뜰 때마다 니가 곁에 있으면   이젠 날 어떻게 부를 건지 생각했니  예전처럼 오빠라 부를 거니  아기들은 몇이나 가질거니  난 둘이면 딱 좋은데   널 만난 이 세상에 감사 드리며 살게  혹시 넌 내 마음 알고는 있니  어떤 두려움 망설임도 없이 널 선택했어  그만큼 너를 사랑해 -
2002.11.24~11.30,30,111414,전할 수 없는 이야기 (부제:시티 오브 엔젤),휘성(Realslow),Like A Movie,2002.04.03,R&B / Soul,박경진,나 너를 사랑하나봐 아주  오래전부터  이 말 전해 주고 싶었어  이 말을 하고 싶어서 오늘도  네 주위를  하루종일 맴돌고 있어  이런 나의 마음을 조금이라도  혹시 니가 알아줄 수만 있다면  Someday I'll show you  all my mind  항상 내가 있었다고  언제나 너 머물러 지내는 곳엔  Just let me cry for you tonight  아무말 못하는 내가 니곁에 있다는  그것도 모르는 널 위해  언젠가 나를 보면서 웃어주던  니 모습  떠오를땐 너무 좋았어  나를 향한 미소가 아니었는데  마치 내 맘 알아주는 것만 같아  Someday I'll show you all  my mind  항상 내가 있었다고  언제나 너 머물러 지내는 곳엔  Just let me cry for you tonight  아무말 못하는 내가 니곁에 있다는  그것도 모르는 널 위해  제발 내 미소 그대가 느껴와주면  좋을텐데  내 사랑이 너에게 부담일까  걱정스러워  Someday I'll show you all  my mind  항상 내가 있었다고  언제나 너 머물러 지내는 곳에  Just let me cry for  you tonight  아무말 못하는 내가  니곁에 있다는  그것도 모르는 널 위해  내 맘도 모르는 널 위해
2002.11.24~11.30,31,432311,사랑이 올까요,박정현,박정현 Op.4,2002.06.15,R&B / Soul,,많이 사랑했었죠 아무일도 아닌 일에 웃었죠  밤새 얘기 나눠도 우린 하고픈 얘기가 끊이질 않았죠   거울 보며 웃었죠 우린 서로 닮았다고 했었죠  잦은 나의 투정도 넓은 품으로 이해 해주고 안아줬잖아요   사랑이 올까요 또 오게 될까요 그대 아니면 안될것 같은데  그대가 그렇게 지내듯  나도 다른사랑 찾아도 그대는 정말로 괜찮나요  우린 약속했었죠 사는 동안 서로밖에 없기를  눈으로만 말해도 다 알았잖아요 그런 그대가 내곁에 없네요   만나게 될까요 그대같은 사람 그대아니면 없을것 같은데  잊어보려고 기도하다  마지막에 항상 바뀌어요 그대를 되돌려 달라고   혹시 그대 꿈에 갈수 있다면 가장 예쁜 모습으로 갈수 있다면  난 크게 말할거에요  I love you 사랑한다고 그럼 그대도 나 그리울까요   사랑이 올까요 또 오게 될까요 그대아니면 안될것 같은데  그대가 그렇게 지내듯  나도 나의 사랑찾아도 그대 정말로 괜찮은 건가요   만나게 될까요 그대같은사람 그대아니면 없을꺼 같은데  잊어보려고 기도하다 바꾸게되죠 그대를 되돌려 달라고
2002.11.24~11.30,32,992576,화해연가 (和解戀歌),봄여름가을겨울,Bravo My Life,2002,Rock,김종진,그대여 날좀봐요 계속 토라져있을 건가요 용기내어 다가가는 날 버려두진 않겠죠 그대여 웃어봐요 그댄 웃는 모습이 귀여워요 시간이 이렇게 흐르면 우리는 후회하고 말꺼야 내말 들어봐요  잊었나봐요 우리가 처음 만난 날을 세상은 온통 핑크빛 구름 위 였었죠 힘이 들땐 위로하고 서로 그리워하던 그때로 우리 잠깐 돌아가보도록 해요 알아요 나도 이러고싶진 않아요 하지만 그대의 무뚝뚝한 모습을 보면 난 아무말도 못하겠어요 넌 내 반쪽이 아니라 전부라 말하던 당신이 이런 내모습까지 사랑해 줄 순 없는건가요 그대여 날좀봐요 계속 토라져있을 건가요 용기내어 다가가는 날 버려두진 않겠죠 그대여 웃어봐요 그댄 웃는 모습이 귀여워요 시간이 이렇게 흐르면 우리는 후회하고 말꺼야 내말 들어봐요  잊진 않겠죠 우리가 했던 약속들을 세상 끝까지 변치말고 행복하자던 용서하며 사는 것이 인생 아니던가요 그대여 고개들어 같은 곳을 바라봐요 알아요 자기가 하는 말이 무엇인지 하지만 나도 내맘을 어떻게 할 수 없을 때가 있어요 때로 눈물을 흘리고 자존심이 상하기도 한다구요 이런 내모습까지 따스히 감싸주면 좋을텐데 그대여 날좀봐요 계속 토라져있을 건가요 용기내어 다가가는 날 버려두진 않겠죠 그대여 웃어봐요 그댄 웃는 모습이 귀여워요 시간이 이렇게 흐르면 우리는 후회하고 말꺼야 내말 들어봐요  그대여 날좀봐요 계속 토라져있을 건가요 용기내어 다가가는 날 버려두진 않겠죠 그대여 웃어봐요 그댄 웃는 모습이 귀여워요 시간이 이렇게 흐르면 우리는 후회하고 말꺼야 그대여 날좀봐요 계속 토라져있을 건가요 용기내어 다가가는 날 버려두진 않겠죠 그대여 웃어봐요 그댄 웃는 모습이 귀여워요
2002.11.24~11.30,33,433742,그녈 위해,JK김동욱,Lifesentence,2002.05.18,Ballad,민지영,비가오는 거릴 좋아하죠. 그래서 눈물도 많아요 빨간 장미보단 하얀 카라를... 또 담배 연길 무척 싫어하죠 처음처럼 전활 자주해줘요... 그녀가 토라질땐 수화기에 대고  그 노랠 가끔 불러줘요 아무일도 없다는듯 웃을테니 I could say i love you.  it hurts me deep in my heart. 이제 당신에게 그녈 보내요 정말 원하는건 왜 항상 갖질 못하는지  소중한건 떠나는지.. I could say i love you.  it hurts me deep in my heart. 그녈 울울린다면 나 용서 않죠... 내가 세상에서 가장 부러워할수 있는  한사람이 되겠다고 약속해요  그녀 집앞에서 멀지 않은곳 걷기 좋은곳있죠 가끔 커필 들고 그녀와 산책하곤 했죠 그것마저 이제 당신 몫인걸요 I could say i love you.  it hurts me deep in my hearts 이제 당신에게 그녈 보내요 같은남자라면 내 마음 이해해주겠죠  누구보다 행복하길 바라는맘 I could say i love you.  it hurts me deep in my hearts 부디 그녀곁에 영원해줘요 지금 당신에게 그녀를 떠나보낸일이  내가 가장 잘한일이 될수있게... 잊어주는거야 그녈위해  난 어떤 얘기도 한적없었던걸로 해요 이젠 이게 내 마지막 부탁이죠 내 그녈 위해...
2002.11.24~11.30,34,430490,Ya Ya Ya!!,영턱스클럽,Upgrade No.1,2002.08.01,Dance,,Ya Ya Ya ye  Ya Ya Ya ye 이젠 널 지킬게 Ya Ya Ya ye 내 맘 속 너에게 지쳐 있는 너 이젠 Bye Bye 내 새로운 모습을 넌 지켜봐 줘 우릴 기다리는 a whole new world 내 모든걸 너에게  숨 죽여 그렇게 너만을 기다렸던 내 맘이 보이니 이젠 그 어떤 일들이 내 앞을 가로막고 있다 해도 간절한 내 사랑을 위해 기도해줘 세상이 나를 속일지라도 내 삶이 끝나는 날까지 하나만을 오로지 바라보며 모든걸 버려도 아깝지 않을 내 운명 지친 네 어깨 사이로 힘겹게 놓여진 기로 울지 말기로 약속해놓고 그렇게 넌 또 눈물 짓네 가슴 깊숙히 감춰진 네 맘을 열어줄 내 사랑을 믿네 이제 여기를 돌아봐 그리고 내 말을 들어봐 너만을 사랑해 Ya Ya Ya ye 수없이 많은 날 Ya Ya Ya ye 너만을 사랑해 흘렸던 눈물 이젠 Bye Bye 언제나 너의 뒤에 나 있어 줄게 니 안에 있는 나의 모습 그것만이 나인걸  그래 나 이제 너만을 지킬게 오직 널 위해 내 자릴 비킬게 숨 죽여왔어 미로속에서 끝없이 헤메이다 다시 돌아왔어 결국엔 그대 역시 나에게로 내 얼굴엔 반짝이는 미소만이 내 사랑이야말로 그대 눈에 흐르는 눈물을 닦아 줄 선물 그대 곁엔 나만이 언제나 지켜봐 줄 거란걸 더 이상 눈물은 없는거야 Come on I will never Let's down baby 슬픔이 내게 보여 아파보여 모두 지나버린 일들이야 이쯤이야 나와 함께 있다면 이겨낼꺼야 나와 함께 있어줘 Ya Ya Ya ye 이젠 널 지킬게 Ya Ya Ya ye 내 맘 속 너에게 지쳐 있는 너 이젠 Bye Bye 내 새로운 모습을 넌 지켜봐 줘 우릴 기다리는 a whole new world 내 모든걸 너에게 Ya Ya Ya ye Ya Ya Ya Ya Ya Ya Ya Ya Ya Ya Ya Ya ye Ya Ya Ya Ya Ya Ya Ya Ya Ya
2002.11.24~11.30,35,425688,Ace Of Sorrow (슬픈운명),조성모,Don`t Forget To Remember 1998 To Heaven,2002.10,Ballad,강은경,나 떠나야하는 걸 말해야 할텐데 할 수가 없네요 그저 전하는것처럼 가끔씩 건냇던 얘기밖에는 나 전에도 말했죠 그대는 웃을때 젤 이쁘다고 그냥 그렇게 웃어요 항상 내가 없더라도 언젠간 다시 만나겠죠 그시간은 하늘만이 알겟죠 되도록 늦게 만나요 내가 곁에 없더라도 지금처럼 그대 미소 잃지마요 내가 멀리 떠나고 외로워져도 눈물과는 친하지말아요  하루도 난 거르지 않고 그대 내 말 얼마나 잘듣는지 다 보고 있을꺼예요 내가 곁에 없더라도 지금처럼 그대 미소 잃지마요 내가 멀리 떠나고 외로워져도 슬픔과는 친하지말아요  내가 곁에 없더라도 부디 화내고 울지말아요 말 못하고 가서 미안해요
2002.11.24~11.30,36,500796,Promise U,바이브,Afterglow,2002.02.01,Ballad,신조,한동안 많이 힘들겠지   예전처럼 우리다시 만날까   말하고 싶은데 말하고 싶은데   그댄 지금 어디에   좋아 니 멋대로 떠나   지난날 속에 기억은   지워줄께   함께 잊어줄께   잘 살아볼께 잊어볼께   믿거나 말거나 사랑이란 언제나   주거나 받거나 사라지는 거잖아   환한 미소로 내게 다가왔던   그대는 어디에 나 또한 어디에   I promise U I promise U   난 너를 잊어 갈께   I can't love with U   I can't love with U Oh no   이제는 기억에 사라질께 난   내 삶속에 단 한번에 상처   남기고 간   그대안에 갇혀 지내왔어   오랫동안을   나의 다짐이 나를 꺼내줬어   한순간 너를 보내기에  내가 너를 너무 사랑했나봐   말하고 싶은데 말하고 싶은데   그댄 지금 어디에  걸어가 각자의 길을 걸어가 가   늘어가 찢겨진 편진 늘어가 가   혼자나마마 늦게나마마   찢겨진 편질들고 네게 찾아가   조금만 더 내게 시간을 줘 제발   한번만 더 내게 기회를 줘 제발   언젠간 너도 나처럼 멋대로   제멋대로 굴던때를 후회하고 말걸  I promise U I promise U   난 너를 잊어 갈께   I can't love with U   I can't love with U Oh no   이제는 기억에 사라질께 난  멀어질대로 멀어지고  그대는 멀어지고  절대로 그때로 돌아갈순 없고  믿고 싶지는 않고 너를  믿고 살아왔고  잔인하게도 날 떠나갔고  한참동안 울어야 했고  저 달빛에 기대어봤고  이미 떠나간 너를 볼순없고  나 너를 보내고 그 시간속에서 얼마나 지쳐있는지  I deep in side my heart  hold me Now cause  I miss U baby  I can't love with U I can't love with U  난 너를 잊어 갈께  oh I promise U  I promise U Oh no  이제는 기억에 사라질께 난  가라 했어 잊으라 했어 애써 잊어보겠어 됐어  널 지워버리겠어  알겠어 벌써 나의 기억  속에서 사라져가고 있어  가라 했어 잊으라 했어 애써 잊어보겠어 됐어 널  지워버리겠어  알겠어 벌써 나의 기억 속에서  사라져가고 있어  벌써 잊었어
2002.11.24~11.30,37,426290,The Hero,신해철,Struggling - 고군분투 (孤軍奮鬪) (The Best Of Shin Hae-Chul),2002.09.09,Rock,신해철,또 하루가 시작이 되고 숨을 쉴뿐 별 의미도 없이 또 그렇게 지나가겠지 한 장 또 한 장 벽의 달력은 단 한번도 쉼없이 넘어가는데 초조해진 맘 한 구석에선 멀어져가는 꿈이 안녕을 말하네 난 천천히 혼자 메말라가는 느낌뿐이야  언덕 너머 붉은 해가 지고 땅거미가 내려올 무렵 아이들은 바삐 집으로가 TV 앞에 모이곤 했었지 매일 저녁 그 만화 안에선 언제나 정의가 이기는 세상과 죽지 않고 비굴하지 않은 나의 영웅이 하늘을 날았지 다시 돌아가고픈 내 기억 속의 완전한 세계여  세상의 모든 사람들은 자신의 영웅을 맘에 갖고 있어 유치하다고 말하는 건 더 이상의 꿈이 없어졌기 때문이야  그의 말투를 따라하며 그의 행동을 흉내 내보기도 해 그가 가진 생각들과 그의 뒷모습을 맘 속에 새겨두고서 보자기를 하나 목에메고 골목을 뛰며 슈퍼맨이 되던 그 때와 책상과 필통안에 붙은 머리 긴 록 스타와 위인들의 사진들 이제는 나도 어른이 되어 그들관 다른 삶을 살고 있지만 그들이 내게 가르쳐준 모든 것을 가끔씩은 기억하려고해 세상에 속한 모든 일은 너 자신을 믿는데서 시작하는 거야 남과 나를 비교하는 것은 완전히 바보같은 일일 뿐이야  그대 현실 앞에 한없이 작아질 때 마음 깊은 곳에 숨어있는 영웅을 만나요 무릎을 꿇느니 죽음을 택하던 그들 언제나 당신 안의 깊은 곳에 그 영웅들이 잠들어 있어요  그대를 지키며 그대를 믿으며
2002.11.24~11.30,38,489249,사나이 가는 길,더자두,Change Yourself,2002.04.02,Ballad,자두,웃으며 보내려 했는데 편하게 갈 수 있게 짧게 자른 너의 머릴 보니 자꾸만 눈물이 흘러 자꾸 눈물 흘리지는 마 잘 있다 돌아올게 가끔씩 편지나 보내주면 무척 힘이 될꺼야 너를 잡고 싶어 보내기 싫어 너무나 걱정이 돼 나에겐 가장 소중한 너 고생할 걸 생각하니 너를 기다릴게 정말 기다릴게 약한 맘 갖지는 마 우리 헤어져도 마음만은 항상 같이 있으니  모든 게 그리워지겠지 함께 했던 많은 날 매일 니가 너무 보고싶어 한 숨도 못잘꺼야 너를 잡고 싶어 보내기 싫어 너무나 걱정이 돼 이렇게 빨리 떠날거면 좀 더 잘할 걸 그랬어 너무 힘들어도 너무 외로워도 나는 견딜 수 있어 잠시 멀리 떨어져 있을뿐 아무것도 아니니까 너를 기다릴게 네게 약속 할게 항상 여기 있을게 우리 헤어져도 마음만은 항상 같이 있으니 너를 너무 사랑해
2002.11.24~11.30,39,317991,그녀의 매력 (Disco),홍경민,The Hong Kyung Min Best(1997-2002 History),2002.08.05,Dance,김창환,청바지에 흰티 파란 운동화에 윤기나는 검은 긴 머리 청순한 외모에 톡톡 튀는 말투 나는 네게 반해 버렸고 그런 너를 보며 무슨 말을 할까 망설이고 있는 나에게 너는 말했었지 남자가 속 좁게 뭘 그렇게 망설이냐고 할말이 없어 그냥 널 봤어 넌 내가 맘에 든다했었지 적당히 순수한 내 모습이 좋아 매력 있다며 한번 사귀어보자 했지 뭐야 세상이 변했어 여자가 먼저 프로포즐해 자존심 상하는데 이상하게 더 끌려 당당한 니 모습이 왠지 매력있어  좋아 한번 사귀어보자 내 맘을 이미 뺏어갔으니 누가 먼저면 어때 좋으면 그만이지 사랑에 무슨 격식이 필요하겠어 난 난 네게 반했어 정말 넌 매력있어 솔직한 그 모습 난 난 네게 반했어 난 너의 매력에 빠졌나봐  너를 보는 순간 넋이 나간 채로 뚫어지게 너만을 봤어 그런 나를 보고 처음 건넨 말이 예쁜 여자 첨 보냐했지 순간 당황해서 얼굴 붉어진 채 애써 딴청하려 하는데 너는 말했었지 농담한걸 갖고 뭘 그렇게 당황하냐며 할말이 없어 그냥 널 봤어 넌 내가 맘에 든다했었지 적당히 순수한 내 모습이 좋아 매력 있다며 한번 사귀어보자 했지 뭐야 세상이 변했어 여자가 먼저 프로포즐해 자존심 상하는데 이상하게 더 끌려 당당한 니 모습이 왠지 매력있어  좋아 한번 사귀어보자 내 맘을 이미 뺏어갔으니 누가 먼저면 어때 좋으면 그만이지 사랑에 무슨 격식이 필요하겠어  난 난 네게 반했어 정말 넌 매력있어 솔직한 그 모습 난 난 네게 반했어 난 너의 매력에 빠졌나봐
2002.11.24~11.30,40,314875,동경소녀,김광진,Solveig,2002.07.19,Ballad,허승경,오랜만이야 정말 보고 싶었지만  내 하찮은 자존심이 허락 안했어  헤어진 후에 많이 달라진것 같아  늘 해오던 긴머리가 네겐 어울려  니가 떠난 후 빈자리가  너무나 컸었다고 말하고 싶은데  goodbye my love sing love you  넌 왜 지금도 나를 자꾸만 나를 아프게 해 Oh My 지금도 너를 나만의 너를 I Still Love You 몇번씩이나 전화하려 했었지만 니 곁에선 그 사람이 맘에 걸렸어 느낄수 있어 이제 많이 편해보여 너 말없이 웃어주니 나는 서글퍼 너무 늦었나 보고싶다 내 맘은 이제와서 부담일뿐이니 goodbye my love sing love you 넌 왜 지금도 나를 자꾸만 나를 아프게 해 Oh My 지금도 너를 나만의 너를 I Still Love You 넌 왜 지금도 나를 자꾸만 나를 아프게 해
2002.11.24~11.30,41,316070,현장,김현정,Diet,2002.08.01,Dance,강은경,지금 어디야 너 말해 누구랑 있어 바른대로 다 대 너 왜 버벅대 니가 뭐 하는지 모두 보고 있는데 왜 너 거짓말 해 오늘 딱 걸렸어 날이 너무 좋아 불러내려고 전화 했다 피곤하다길래 그냥 쉬라 했더니 설마 이럴 수가 너 왠 여자와 함께 있어 여기가 니 집이니 넌 날 속였어 말해봐 어디까지 간 거야 얼마만큼 된 거야 그러면서 왜 날 자꾸 만나 이게 몇 번째야 그래도 참고 봐줬더니 나를 물로 봤어 됐어 이제 끝내 이제 네게 다시 돌아오지 않겠어 널 두 번 다시 쳐다보지 않겠어 다신 너 같은 애 상대하지 않겠어 어디 잘 살아봐라 내가 먼저 이제 너를 차겠어 날 찾아와도 너를 거부하겠어 정말 이 세상의 모든 남자 늑대란 게 맞나 봐 너를 믿다니 내가 미쳤지 실은 나도 한때 다른 멋진 남자 알았지 이렇게 어떻게 하다 보니까 한번 만난 니가 걸렸어 근데 뭐야 너에게 정말 정말 괜한 거짓말 하지마 그래도 어떻게 자꾸만 만나자고 먼저 연락했는걸 그런데 뭐 어째 나보다 넌 더한걸 지금 니 꼴을 봐 정말 우스워 보여 자꾸 땀 흘리며 왜 내 눈칠 봐 너무 아파서 Yeah 그만 좀 변명하렴 이미 접은 마음 니가 더 싫어져 그 앤 알고 있니 너에게 내가 있다는 걸 물론 아니라고 여태 숨겨왔겠지 그래 이제라도 널 깨끗하게 놔줄 테니 좋으면 그 애 보고 가지라고 해 도대체 남자들은 왜 그래 하나같이 다 그래 왜 믿을 남자는 세상에 없어 그저 여자라면 아무나 좋아하는 거니 정말 실망했어 됐어 이제 끝내 이제 네게 다시 돌아오지 않겠어 널 두 번 다시 쳐다보지 않겠어 다신 너 같은 애 상대하지 않겠어 어디 잘 살아봐라 내가 먼저 이제 너를 차겠어 날 찾아와도 너를 거부하겠어 정말 이 세상의 모든 남자 늑대란 게 맞나 봐 이제 네게 다시 돌아오지 않겠어 널 두 번 다시 쳐다보지 않겠어 다신 너 같은 애 상대하지 않겠어 어디 잘 살아봐라 내가 먼저 이제 너를 차겠어 날 찾아와도 너를 거부하겠어 정말 이 세상의 모든 남자 늑대란 게 맞나 봐
2002.11.24~11.30,42,316480,눈물,샵,Style,2002.09.06,Dance,이용민,오렐레 오랄라 hey ho 너를 버려야만 했어 hey ho 너를 떠나기로 했어 hey ho 너를 버려야만 했어 hey ho 변명 따윈 하지 않겠어 오렐레 오랄라 떠나가 가 가 가서 나를 다시 찾지마 오렐레 오랄라 이제나 나 나 나의 맘을 버릴 테니까 이젠 나를 보내준다고 이제 다신 나를 안 보겠다고 미안하단 말만 남기고서 뒤돌아 버렸어 대체 왜 그러는거니 무슨 일이 너에게 생겨서 나 혼자서 혼자서 살아가라고 말하니 내 모든 사랑이 나의 전부라 여겼어 이제 와서 어떡하라고 난 처음부터 너만 알았고 지금껏 너를 믿으면서 살았어 오바바이 오랄라이 차라리 연락 없이 나를 피해버리면 너를 향한 내 모든 사랑은 다 조금씩 잊어버릴 텐데 오바바이 오랄라이 미안해하며 니가 뒤돌아선 순간에 니 뺨에 흐른 눈물이 내 눈에 잊혀지지 않으니까 이제 내 곁에 너를 지우려고 해 나의 가슴에 너를 버리려고 해 니가 더 큰 상처 받기 전에 내 맘에 너라는 존재는 없애려 해 너와 함께 모았던 것을 없애고 널 잊기 위해 울어도 봤어 하지만 그럴수록 너무도 니가 보고파 견딜 수가 없었어 오바바이 오랄라이 차라리 연락 없이 나를 피해버리면 너를 향한 내 모든 사랑은 다 조금씩 잊어버릴 텐데 오바바이 오랄라이 미안해하며 니가 뒤돌아선 순간에 니 뺨에 흐른 눈물이 내 눈에 잊혀지지 않으니까 오바바이 오랄라이 사랑한다고 이제 어디 가서 말하니 니 뺨에 흐른 눈물이 내 눈에 지워지지 않으니까 Yo move to the groove can you groove everybody say gotta move to the beat to the body say hey ho Yo move to the groove can you groove everybody say gotta move to the beat to the body say hey ho comin at yah
2002.11.24~11.30,43,1104565,Shall We Dance,김완선,S & Remake,2002.07.23,Dance,조은희,Shall we dance Till the end Love Love  지금 네 사랑안에  Free Free  마치 내 꿈결처럼  Heart Heart  너를 느끼고 있잖아  다가와 어서 나의 맘을 잡아 줘  내가 기다렸던 사실도 잊고 싶어질 만큼 난  너밖엔 안보여 참을 수 없이 흔들려 나를향한  니 눈빛이 나를 맴도는 숨결이 어지러워  Shall we dance  그 어떤 얘기도  Never say  가슴에 채워  조금씩 니 맘이 이끄는 곳으로 날 데려가  Shall we dance  시간이 멈춰져  Move in night  누구도 알 수 없게  다시 사랑해 내 마지막 행복이 될지 몰라  Love Love  지금 네 사랑안에  Free Free  마치 내 꿈결처럼  Heart Heart  너를 느끼고 있잖아  알잖아 스쳐가는 인연 중에서 운명이란  그런 느낌은 자주 오는 게 아닌 걸  그에겐 미안해 허나 어쩔수없잖아  조금 늦었을뿐인 널 이미  돌릴 수 없는 날 어떻게해  Shall we dance  그 어떤 얘기도  Never say  가슴에 채워  조금씩 니 맘이 이끄는 곳으로 날 데려가  Shall we dance  시간이 멈춰져  Move in night  누구도 알 수 없게  다시 사랑해 내 마지막 행복이 될지 몰라  힘겨운 눈물이 흘러 너의 사랑과  바꿔갈 그와의 이별 앞에  Shall we dance  쓰러질때까지  Till the end  멈출 순 없어  어차피 하나를 버려야 하나를 얻으니까  Shall we dance  영원히 안아줘  Fall in love  사랑을 받기보다  널 사랑하길 내 가슴은 간절히 원하니까
2002.11.24~11.30,44,1594084,슬픔 속에 그댈 지워야만 해,제이엠,네 멋대로 해라 OST,2002.08.02,Korean Movie,,창가에 불어오는 가을 바람은 텅빈 마음을 스쳐가는데 차가와진 벽에 기대어 멀리 밝아오는 새벽 하늘 바라 보곤해 보고 싶지만 가까이 갈 수 없어 이젠 그대 곁을 떠나가야해 외로웠었던 나의 메마른 그 두눈에 크고 따뜻한 사랑을 주었던 그대 곁을 이제 떠나는 것을 후회 할지도 모르지만 그대 사랑하기 때문이야 그대만을 사랑하는 걸 잊을수는 없지만 슬픔속에 그댈 지워야만 해  눈부신 햇살 아래 많은 사람들은 웃음 지으며 걷고 있지만 차갑게만 느껴지는 가을 하늘처럼 온 세상이 낯설게 보여 사랑하지만 떠날 수밖에 없어 지금 이순간이 너무 힘들어 어두웠지만 나는 알수 있었어 그대 눈가에 흐르는 눈물이 난 그대에게 상처만을 주지만 언젠간 내마음을 이해할 수 있겠지 그대곁을 이제 떠나는 것을 후회할지도 모르지만 그댈 사랑하기 때문이야 그대만을 사랑하는 걸 잊을수는 없지만 사랑하는 그대여 안녕
2002.11.24~11.30,45,1124439,모르나요,차태현,연애소설 OST,2002.09.01,"Korean Movie,Ballad","거목,이규태",그댄 어디 있는지 무얼 하는지  내 생각 가끔 하는지 궁금해도  그대 소식은 오질 않네요  왜 떠나가는지  이별의 말도 하지 못하고 갔는지 원망해도  그대 귓가엔 안들리나요  참 많이 힘들었었죠 그대 떠나 버리고  날 사랑한 적 없나요  한번 말해봐요  보고 싶은 건 나 뿐인가요 그댄 아닌가요 처음 온 것처럼 문득 내 앞에 오시려나요  그대 주려고 묻어둔 내 맘 끝내 모르나요  차마 못했던 그 말 사랑한다는 그 말  다 끝난 사랑이라고 혼자 다짐해도  또 그대 모습 떠올라  눈물 떨어져요  보고 싶은 건 나뿐인가요 그댄 아닌가요  처음 온 것처럼 문득  내 앞에 오시려나요  그대 주려고 묻어둔 내 맘 끝내 모르나요  차마 못했던 그 말 사랑한다는 그 말
2002.11.24~11.30,46,432414,잘가요,정재욱,Compilation Hero,2002.09.09,Ballad,,미안해 마요 이제야 난 깨달아요 내 절대 그대 짝이 아님을 괜찮을께요 영혼밖엔 팔것 없는 못난 날 잘 비켜갔어요 그대 행복 내가 꼭 아니라도 지킨다면 그게 사랑일테죠 그게 나의 몫이죠 잘가요 내 소중한 사랑 행복했어요 그래도 이것만 알아줘요 지금 그 사랑보다 결코 내 사랑이 부족하다거나 얕지 않음을  잊어도 돼요 나를 만난 시간들은 잠깐의 연극이라 여기며 잘한거에요 아무리 난 노력해도 작은 희망도 없잖아요 아주 멀리 멀리 뛰어가세요 어떡해요 자꾸 잘못한 일만 떠오르는 걸 잘가요 내 소중한 사랑 행복했어요 그래도 이것만 알아줘요 지금 그 사랑보다 결코 내 사랑이 부족하다거나 얕지 않음을 어긋난 인연이 남겨 놓은 사랑이란 날카로운 슬픔이군요 잘가요 내 사랑아 고마웠어요 그래도 이것만 알아줘요 지금 그 사랑보다 결코 내 사랑이 부족하다거나 얕지 않음을 부족하다거나 얕지 않음을
2002.11.24~11.30,47,17282,다시 사랑한다면,도원경,Do Won Kyoung,2001.05.26,Rock,,그대와 나의 사랑은  너무나 강렬하고도 애절했으며  그리고 위험했다   그것은 마치 서로에게 다가설수록  상처를 입히는 선인장과도 같은..  다시 태어난다면 다시 사랑한다면  그때는 우리 이러지 말아요  조금 덜 만나고 조금 덜 기대하며  많은 약속 않기로 해요   다시 이별이 와도  서로 큰 아픔 없이  돌아설 수 있을만큼  버려도 되는 가벼운 추억만  서로의 가슴에 만들기로 해요   이젠 알아요 너무 깊은 사랑은  외려 슬픈 마지막을 가져 온다는 걸  그대여 빌께요 다음번의 사랑은  우리 같지 않길 부디 아픔이 없이  꼭 나보다 더 행복해져야만 해   많은 시간이 흘러 서로 잊고 지내도  지난날을 회상하며  그때도 이건 사랑이었다고  말할 수 있다면 그걸로 된거죠   이젠 알아요 너무 깊은 사랑은  외려 슬픈 마지막을 가져 온다는 걸  그대여 빌께요 다음번의 사랑은  우리 같지 않길 부디 아픔이 없이   이젠 알아요 영원할 줄 알았던  그대와의 사랑마저 날 속였다는게  그보다 슬픈 건 나 없이 그대가  행복하게 지내는 먼훗날의 모습   내 마음을 하늘만은 알기를 -
2002.11.24~11.30,48,432270,Condition Of My Heart,플라이투더스카이,Sea Of Love,2002.04.26,R&B / Soul,BrianMcKnight,그대가 말해주던 이별이   수많은 시간이 흘러가던 날   내게 물어오는 그대의 전화에   나는 잘 있다고 말을 했지만   기억을 잊는 건 너무 힘들어   How I cried 날 떠나던 그 날 밤   그대 있는 세상에 내가   없길 원해도   이렇게 남아 그 이별에 무너져   날 버리지 않아요 자유로운 나를   You underestimate   the condition of my heart   그대만이 삶의 전부였을 때   모든 사랑 전해 줄 수 있었죠   언젠가는 언젠가 나의 곁에   와줄거라 믿었죠   하지만 이젠 더는 그럴   수 없다는 걸   그대는 아나요 나 홀로 남겨두면   When I cried 날 떠나던 그 날 밤   그대 있는 세상에 내가   없길 원해도   나 여기에 남아 그 이별에 무너져   날 버리지 않아요 자유로운 나를   You underestimate   the condition of my heart   그대가 하고 싶은 말들이   내앞에 펼쳐지는 그 순간   예감했었던 이별   I don't wanna cry again  마음을 바꿔도 그대가 잃은 건   이미 늦어버린 멀어진 지난 날   그대가 날 원해도  How I cried 날 떠나던 그 날 밤   그대 있는 세상에 내가   없길 원해도   나 여기에 남아 그 이별에 무너져   날 버리지 않아요 자유로운 나를   You underestimate   the condition of my heart
2002.11.24~11.30,49,314558,숙아,쿨(COOL),Cool 7even,2002.07.04,Dance,김영아,더 이상 뭐를 바래 식어버린  우리사이  차라리 정리해 그게 나은가  숙숙숙숙숙아 연애만 칠년째  숙숙숙숙숙아 세월에 장사 없네  숙숙숙아숙아 차라리 끝장내  숙숙숙숙숙아 어우숙아  연애가 길어진 탓에 변한건  당연하지만  지금의 널 보면 한숨부터 나와 oh  몸매는 망가져 가고 말투는  험악해지고  이제는 정말 아줌마가 다됐어  어머 그런 너나 잘해 처음 만날 땐 밤낮 졸졸 따라 붙더니 매일또 매일 핑계만 는너  시들시들 한걸  좀 돌아와 줘 숙아숙아  처음 만난 그때로  이대로 사랑을 하기엔 우린  너무 심각해  좀 변화를줘 sugar sugar  나역시 마찬가지야  그나마도 외로워질까 만나는  것뿐인데  너부터 잘해  숙숙숙숙숙아 별꼴다 봤네  숙숙숙숙숙아 마음은 딴데 가네  숙숙숙아숙아 차라리 남이 돼  숙숙숙숙숙아 어우숙이  어차피 아는 얼굴에  화장은 안 했다 쳐도  반쪽만 남겨진 니눈썹 어딨어  oh no  먹는거 맘릴 순 없어 통통해 졌다   싶어도  커플링 까지 작아진 건 너무해  어머머 그러는 너를 봐  니 뱃살 봐 밤낮 힘준다고 되겠니  자꾸 또 자꾸 느끼해진 너  징글징글 한걸  좀 돌아와 줘 숙아 숙아  처음 만난 그때로 이대로  사랑을 하기엔  우린 너무 심각해 좀 변화를줘 sugar sugar  나역시 마찬가지야  그나마도 외로워질까 만나는  것뿐인데  oh 수기 수기 sugar sugar  좋은날도 많았지  손끝만 닿아도 뜨겁던 지난날이  그리워  지금껏 만난 순간 순간  그놈의 정이 뭐 길래  그나마도 헤어진다면 울고 불고  할텐데  우리 더 잘해  숙숙숙숙숙아 미워도 어떡해   숙숙숙숙숙아 이게 다 인연인데  숙숙숙아숙아 차라리 결혼해  숙숙숙숙숙아 어우 숙아
2002.11.24~11.30,50,502948,빨간 운동화,박혜경,Feel Me,2002.02.20,Rock,박혜경,Longing for you  Wating for you  Hold me  Hold me in your eyes  너라는걸  너 뿐일걸 모르겠니  I will be your love  오 빨간 운동화 짧은 청바지  참 어째도 해결이 안될것 같은 곱슬머리  하지만 왜일까 자꾸 끌리는 내 마음이  어쩌면 사랑 아닐까  Longing for you  Waiting for you  Hold me  Hold me in your eyes  너라는걸  너 뿐인걸 모르겠니  I will be your love  오 착한 눈동자 수줍은 표정  넌 어쩌면 어릴적 책 속에 있던 어린왕자  그래서 당연해 자꾸끌리는 내마음이  어쩌면 사랑 일꺼야  Longing for you  Waiting for you  Hold me  Hold me in your eyes  너라는걸  너뿐인걸 모르겠니  I will be your love  깊은 밤(깊은 밤) 하얀 별(하얀 별) 그 별 속을 함께 날아요 - 간 주 중 - Longing for you  Waiting for you  Hold me  Hold me in your eyes  너라는걸  너뿐인걸 모르겠니  I will be your love  빨간 운동화
