time,rank,song_id,title,singers,album,date,genre,creator,lyric
2000.08.06~08.12,1,4077,오! 가니,컨츄리꼬꼬,Country Kkokko 03,2000.06.12,Dance,"최준영,JKLee",오오 오오   우리 오다가다 만난사이   아니잖아   우리그냥 보통사이 아니잖아   그러면서 정이 들어버렸잖아   여기에서 포기하면 나는뭐야   사랑해 줄 시간은 아직많은데   벌써가면 이제 나는   어떡하라고 왜 가니  오 가니 오 가니 오 가니 오 가니 정말 기가막힐 것 같아   나를 떠나려고 하다니   너밖에 모르는 난 어떻게   되는거야 오 가니   세상 모든 것이 변해도   우리 사랑변치 말자던 그 약속   넌 잊어버렸니   오가니 오가니   니가 원한것은 다 했어   하늘에 별도 따다줄만큼   니가 이제와서 싫다면   나는 어떡하라고오오   오가니가니 나를떠나가니   나를떠나 가다니   날 많이 많이 아주많이 많이   사랑해 주었잖아   다시 날 사랑해줘 다시 돌아와줘   진정 사랑했다면   영원히 너와 단 둘이 살고싶어  왜가 솔직히 잡기가 뭐해서   난 너에게 말하지 못했어   끝까지 너만을 믿는데   니 맘은 자꾸 멀어져   오 오   돌아와 달라고 말할때까지   널 기다리겠어   오가니 오가니   오가니 오가니   정주고 공들여 다바친   내 청춘 이젠 어떡하라고   사랑해 날 떠나가지마   오가니 오가니   니가 원한것은 다 했어   하늘에 별도 따다 줄 만큼   니가 이제와서 싫다면   나는 어떡하라고오오   오가니가니 나를떠나가니   나를 떠나 가다니   날 많이 많이 아주많이 많이   사랑해주었잖아   다시 날 사랑해줘 다시 돌아와줘   진정 사랑했다면   영원히 너와 단 둘이 살고싶어  다시 날 사랑해줘 다시 돌아와줘   진정 사랑했다면   영원히 너와 단 둘이 살고싶어   오가니 오가니   오가니 오가니
2000.08.06~08.12,2,505165,Run To You,DJDOC,The Life... DOC Blues 5%,2000.05.16,Rap / Hip-hop,정재용,하나 투 원 투 쓰리 포   BOUNCE with me BOUNCE   with me  BOUNCE with me BOUNCE   BOUNCE with me BOUNCE   with me  BOUNCE with me BOUNCE   BOUNCE with me   BOUNCE with me   BOUNCE with me   BOUNCE with me   BOUNCE with me   BOUNCE with me   BOUNCE BOUNCE BOUNCE   BOUNCE   외로울땐 날불러 뭐가   니맘에 걸려   다른남자와 난 틀려 내게   전활걸어   아무리 우리 멀리 있어도   그 무엇이 날막고 있어도   갈 수 있어 너만 원한다면   달려가겠어 훨훨 날아가겠어   널 안아주겠어 내 모든걸   주겠어 주겠어   내 사랑을 받아줘 날   사랑한다 말해줘   Yeah Baby Yeah Baby  BOUNCE with me BOUNCE   with me  BOUNCE BOUNCE BOUNCE   BOUNCE   외로울땐 나를 불러 뭐가   니맘에 걸려   내가 원한다는걸 넌 알고 있잖아   I need you I want you   I'll run to you  Yeah Baby Yeah Baby   니 마음의 문을 열어   나를 허락해줘   니안에 니맘에 내가 들어   갈수있게  나의 사랑으로 채워줄게  나나나나나 나나나나나 나나나나나 BOUNCE with me BOUNCE  나나나나나 나나나나나 나나나나나 BOUNCE with me BOUNCE  with me BOUNCE with me BOUNCE  BOUNCE with me BOUNCE  with me BOUNCE with me BOUNCE  BOUNCE with me  BOUNCE with me  BOUNCE with me  BOUNCE with me  BOUNCE with me  BOUNCE with me  BOUNCE BOUNCE BOUNCE  BOUNCE  마주선 다가선 너와의  뜨거운 시선  피할 수 없어 내맘을  숨길수가 없어  느낄수가 있어 니가 원하는걸 이 시간을 기다려 왔어 이젠  널 갖겠어  Just two of us 우리 단 둘이서  하늘을 날았어 멈출수가 없었어  이 시간을 꿈꿔왔어 난  정말 원했어  Yeah Baby I want you  I need you run to you  외로울땐 나를 불러 뭐가  니맘에 걸려 내가 원한다는 걸 넌  알고 있잖아  I need you I want you I run  to you  Yeah Baby Yeah Baby  니 마음의 문을 열어 나를  허락해줘  니안에 니맘에 내가 들어  갈수 있게  너와 내가 하나 될수 있게  나나나나나 나나나나나 나나나나나 BOUNCE with me BOUNCE  나나나나나 나나나나나 나나나나나 BOUNCE with me BOUNCE  with me BOUNCE with me BOUNCE  BOUNCE with me BOUNCE  with me BOUNCE with me BOUNCE  BOUNCE with me  BOUNCE with me  BOUNCE with me  BOUNCE with me  BOUNCE with me  BOUNCE with me  BOUNCE BOUNCE BOUNCE  BOUNCE
2000.08.06~08.12,3,9270,매직 카펫 라이드,자우림,"Jaurim, The Wonder Land",2000.07.04,Rock,김윤아,이렇게 멋진 파란 하늘 위로  날으는 마법 융단을 타고  이렇게 멋진 푸른 세상 속을  날으는 우리 두 사람  신경 쓰지 마요 그렇고 그런 얘기들 골치 아픈일은 내일로 미뤄버려요 인생은 한번 뿐 후회하지 마요 진짜로 가지고 싶은 걸 가져요 이렇게 멋진 파란 하늘 위에 지어진 마법 정원으로 와요 색색의 보석 꽃과 노루 비단 달콤한 우리 두 사람 웬일인지 인생이 재미 없다면 지난 일은 모두 다 잊어버려요 기회는 한번 뿐 실수하지 마요 진짜로 해내고 싶은 걸 찾아요 용감하게 씩씩하게 오늘의 당신을 버려봐요 이렇게 멋진 파란 하늘 위로 나르는 마법융단을 타고 이렇게 멋진 장미빛 인생을 당신과 나와 우리 둘이 함께 인생은 한번 뿐 후회하지 마요 진짜로 가지고 싶은 걸 가져요 용감하게 씩씩하게 오늘의 당신을 버려봐요 이렇게 멋진 파란 하늘 위로 날으는 마법 융단을 타고 이렇게 멋진 초록 바다속을 달리는 빨간 자동차를 타고 이렇게 멋진 푸른 세상 속을 날으는 마법 융단을 타고 이렇게 멋진 장미빛 인생을 당신과 나와 우리 둘이 함께
2000.08.06~08.12,4,91021,너,이정현,이정현 2집,2000.06.10,Dance,최준영,너만을 너무 사랑했었어   그래서 내 모든걸 준거야   왜 갔어 왜 갔어   나를 두고 왜 떠나갔어   이제와서 내가 싫증난거니   숨겨왔던 다른 누가 있었니   얘기를 해봐 내가 단념할수 있게  날 사랑한단 말도  다 아니야 다 아니야   내게 주었던 사랑까지   가져가 가져가   아직까지 여태까지 몰랐었던   사랑을 배웠어   아무것도 가진 것도 없는 나를   나를 울리지마   가끔은 너무 보고 싶어서   뜬눈으로 밤을 새며 울었어   이제 알겠어 너를 사랑했었나봐   너를 잊겠단 말은   내 맘 아니야 아니야   오직 너만을 사랑하도록   길들여졌잖아  아직까지 여태까지 몰랐었던   사랑을 배웠어   아무것도 가진 것도 없는 나를   나를 울리지마   이 세상의 많고 많은 여잘 대신해   한마디만 하고싶어 새겨들어봐   사랑이란 이름으로 장난치지마   너 역시 사랑땜에 울 수도 있어
2000.08.06~08.12,5,38423,너 정말?,김현정,Kim Hyun Jung 3,2000.05.22,Dance,이승환,요즘 니가 만나는   그 앤 너무 아니야  왜 하나같이 그런 여자뿐이니   속상해서 그러지 눈은   높았었는데  어쩜 그렇게도 실망스럽니  물론 우리 어차피 안 볼 사람들  그래도 옛정이 남았는지  신경 쓰였어 아무렴 어떠니 뭐 그래 봤잔데 나 괜히 열냈던 거니  오해는 말아줘 어디가 이쁘니 나보다 괜찮니  그냥 좀 궁금한거니  기대는 말아줘 내가 어떤 여자를  사귀든 말든 상관없는 거잖아  관심없다 했잖아  아쉽나 너나 나나  무언가가가 그랬었나 몰랐었나 후회되는  건가 그런가 바보같이 내인생이 이렇지  아직까지 너만한 애 본적  없지 나는 이렇지  후회해도 할수 없지  그렇지 나같이  그래도 널 사랑했지 물론 우리 어차피 안 볼 사람들 그래도 옛정이 남았는지  신경 쓰였어 아무렴 어떠니 뭐 그래 봤잔데 나 괜히 열냈던 거니  오해는 말아줘 어디가 이쁘니 나보다 괜찮니  그냥 좀 궁금한거니  기대는 말아줘 너 정말 못됐어 그렇게 하길래  매달릴 거였으면  왜 나랑 헤어졌니  너 정말 미웠어 너  정말 불쌍해  나같이 보기드문 애  놓치고 잘사니
2000.08.06~08.12,6,37148,풍변기곡(風變旗曲),룰라,풍변기곡(風變旗曲),2000.06.12,Dance,이상민,위기도 너의 기도 너와  할 수 있었다는 세상에 사랑할 수밖에 없었던 그 때는 영원할 수 없는  세상 떠난다  A still in a love 하늘에 바라며 비에 이별에 그 날이 없기를 사랑도 버릴 나랄거며 슬퍼도  미워하지 말아줘 슬픔과 두려움도 지나면 사랑을  잊을 수 있어 사랑하는 나의 그대여 아나요  우리에겐 바꿀수 없는 슬픈 미래를  같이 할수 없는 사랑을 운명을 피해갈수 없다면 부디부디 행복해요 나만을 그대만을 그리며  기다리며 살아요 사랑의 천년을 이별의  억년을 넘나드는 수 없는 이별의 슬픔을 눈물의 비가 되어 물이 되어 흐르고 수 없는 만남이 기쁜 바람  되어 불어와 하늘이 되어 세상 모든 연인 하늘 바라보며 헤어지고  기다리고 만나는 신비한 세계가 펼쳐져  그대는 이편에 나는 이편에 세상에서 그대를 기다리며 영원한  사랑을 기다리며 사랑해 나를 원할때면 언제나  돌아올게 슬퍼마 영원히 행복하길 빌면서 편하게  떠날 수 있게 사랑하는 나의 그대를 보내며  슬퍼해도 수 많은 연인들의 이별에  하나라고 생각해요 내게서 움직이는 사랑이 그댈  다시 찾으라고 하지만 여기서 나 그대를  기다리며 살래요 사랑하는 나의 그대여 아나요  우리에겐 언젠가 다시 만날 그 날이  올꺼라는 확신을 영혼을 마감하는 날까지  돌아오지 않는대도  사랑을 움직일 수 없기에 그  사랑을 기다리며
2000.08.06~08.12,7,27236,맥주와 땅콩,쿨(COOL),Cool 5,2000.04.22,Dance,한경혜,"맥주처럼 새하얀 커품의 파도  모아논 어느 작은 섬 우리는 돛을 내려  투명한 아침 햇살은 삼페인처럼 터지고  더 이상 행복할수는 없을 것 같아 지금 우리  밤이면 후 라디오에선  먼 메아리처럼 사랑의 노래  너의 입속에 내 가슴에도 부푼 그 말은  사랑해 너를 언제까지나 oh Happy summer summer  너의 눈속에 쏟아진 별처럼 영원의 시간까지  너의 작은 어깨 기대면 텐트 속 어둠은 바다가 되지 나의 summer summer  하늘마저도 질투가 날만큼 너만을 사랑해  천국은 가까이 사랑하는 내 안에 있어  투명한 유리잔에 퍼 울리면 황금빛 와인이 되는  가슴에 담으면 모든것이 행복이 되는 천국처럼 common babe love me babe  사랑해 사랑해 나는 너를 사랑해  무박 이일, 둘 만의 기차여행에 어느새 들뜬 우리는 새처럼 자유롭지  가벼운 농담만으로 유리알처럼 뒹구는 해맑은 웃음 소리에 행복이 벌써 가득한걸  밤이면 후 라디오에선  먼 메이라처럼 사랑의 노래  너의 입속에 내 가슴에도 부푼 그 말은  사랑해 너를 언제까지나  oh happy summer summer  너의 눈속에 쏟아진 별처럼 영원의 시간까지  너의 작은 어깨 기대면 텐트 속 어둠은  바다가 되지 나의 summer summer  하늘마저도 질투가 날만큼 너만을 사랑해  천국은 가까이 사랑하는 내안에 있어"
2000.08.06~08.12,8,3690,와인,김경호,Kim Kyungho-5th,2000.07,Rock,이경,많이 아팠었어 긴 호흡에도 가라앉지 않아
2000.08.06~08.12,9,87310,Sad Salsa,백지영,Rouge,2000.04.17,Dance,이승호,이렇게 끝내야만 하나 깊어진 나의 사랑을 그대의 숨결로만 자라난 내 사랑인데 이렇게 그대 돌아서면 다시는 볼 수 없는데 어떻게 해야 하는지도 모른 채 자꾸 눈물만 가지 말라고 가지 말라고 한 마디 말이라도 해야 할텐데 함께 했었던 시간속에서 어떤 걸 제일 먼저 잊어야할지 모르는데 이젠 어떻게 살아야 하나 온 몸 가득 남겨진 사랑을 이젠 다가올 사랑은 없어 그대 남긴 상처때문에 이렇게 끝낼수는 없어 그대를 보낼 순 없어 그대를 잊어야 할 이유라도 만들어 줘 멈춰 버린 시간속에 쌓여만 가는 그리움 그대가 없는 나의 모습 그대가 더 잘 알텐데 잠깐일거야 돌아올거야 그대도 나 아니면 안될거라고 알게 될거야 우리 사랑이 그렇게 쉽게 끝낼 수 없다는 걸 그렇게 날 위로했지만 이미 그대는 저 만큼 멀리 날 등진채 떠나고 있잖아 이젠 목마른 보고픔으로 기다릴게 다시 그대를 이제 나 없는 그대의 모습 행복하길 기도 했었지만 나의 마지막 기도는 항상 그대 사랑 내가 되길
2000.08.06~08.12,10,3680,너를 위해,임재범,Story Of Two Years,2000.05.16,Ballad,채정은,어쩜 우린 복잡한 인연에  서로 엉켜있는 사람인가봐  나는 매일 네게 갚지도 못할만큼  많은 빚을 지고 있어  연인처럼 때론 남남처럼  계속 살아가도 괜찮은 걸까  그렇게도 많은 잘못과 잦은 이별에도  항상 거기 있는 너  날 세상에서 제대로 살게해 줄  유일한 사람이 너란걸 알아  나 후회없이 살아가기 위해  너를 붙잡아야 할테지만  내 거친 생각과 불안한 눈빛과  그걸 지켜보는 너  그건 아마도 전쟁같은 사랑  난 위험하니까 사랑하니까  너에게서 떠나줄꺼야   날 세상에서 제대로 살게해 줄  유일한 사람이 너란걸 알아  나 후회없이 살아가기 위해  너를 붙잡아야 할테지만  내 거친 생각과 불안한 눈빛과  그걸 지켜보는 너  그건 아마도 전쟁같은 사랑  난 위험하니까 사랑하니까  너에게서 떠나줄꺼야  너를 위해 떠날꺼야
2000.08.06~08.12,11,3827,Time Out,제이,In Love,2000.04.21,R&B / Soul,박창학,이기고 지는 건 더 이상 상관없지 끝나버린 게임에 감당하지 못할 수많은 말들속에 오히려 너와 나는 멀어지고 다시 늘어가는 오해와 변명들은  이렇게 우리를 돌이킬  수 없는 먼곳에 처음부터 이랬던건 아니지 사랑을 속삭이는 시간조차  아쉬웠었지 시작이 어디인지 이제  생각나지도 않아 매일처럼 되풀이 되는 싸움에도 익숙해져 버렸지 타임아웃 이쯤에서 끝내기로 해 애써 남긴 기억마저도 미움으로 바뀌어 버리기 전에 감당하지 못할 수많은 말들속에 오히려 너와 나는 멀어지고 다시 늘어가는 오해와 변명들은 이렇게 우리를 돌이킬 수  없는 먼곳에 처음부터 이랬던 것 아니지 사랑을 속삭이는 시간조차  아쉬웠었지 그만해 아직 너를 미워하고  싶지는 않아 가시돋힌 너의 말들이  자꾸 나를 숨막히게 하는걸 타임아웃 이쯤에서 끝내기로 해 애써 남긴 기억마저도  미움으로 바뀌어 버리기 전에  그만해 아직 너를 미워하고  싶지는 않아 가시돋힌 너의 말들이  자꾸 나를 숨막히게 하는걸 타임아웃 이쯤에서 끝내기로 해 애써 남긴 기억마저도  미움으로 바뀌어 버리기 전에
2000.08.06~08.12,12,87695,흔들린 우정,홍경민,홍경민 3,2000.06.18,Dance,김창환,아냐 이게 아닌데 왜 난 자꾸만  친구의 여자가 좋을까  이러면 안되지 하면서 왜  내맘속엔 온통 그녀 생각뿐일까  친구 몰래 걸려온 그녀의  전화가 난 왜 이리도 설레일까  냉정하게 거절하면 되는데 왜  난 그녀를 거절하지 못할까  정말 난 미치겠어 나도  나를 잘 모르겠어  오랜 친구와의 우정을 외면한 채  여자 땜에 흔들리는 게  너무나 괴로워 나만 포기하면 되는데  왜 난 고민할 가치도 없는 일을  이렇게 고민하고 있는지  미안해 내 친구야  잠시 너를 기만했던걸  지금까지 너에 대한 내 우정이  아직도 좀 모자란가봐  이해해줘 내 친구야 잠시 흔들렸던 우정을  누군가가 너와 나의 친구사일  질투해 시험했던거라  그렇게 생각해줘    뭐야 정말 이게 뭐야 왜 하필  난 친구의 여자가 좋을까  이러면 안되는줄 알면서 왜  항상 난 그녀에게 끌리는 걸까  친구와 그녀가 다퉜다는 얘길 듣고  왜 내가 웃는 걸까  말도 안돼는 상상을 하며 헛된 기댈  왜 난 자꾸하는것일까  정말 난 모르겠어 이런 내자신이 싫었어  내 욕심만 채우려 우정을  잠시 망각했던 내 자신이 싫었어  너무나 괴로워 마치 죄를 짓는 것 같아  이젠 모든걸다 잊고  난 친구 곁으로 돌아가야 하겠어  미안해 내 친구야  잠시 너를 기만했던걸  지금까지 너에 대한 내 우정이  아직도 좀 모자란가봐  이해해줘 내 친구야 잠시 흔들렸던 우정을  누군가가 너와 나의 친구사일  질투해 시험했던거라  그렇게 생각해줘
2000.08.06~08.12,13,1576735,다 줄거야 (Acoustic Ver.),조규만,I Will Give You All,2000.01.01,Ballad,조규만,그대 내게 다가오는 그 모습 자꾸 다시 볼수 없을 것만 같아서 감은 두눈 뜨지 못한거야 너를 내게 보내준 걸 감사할뿐야 고마울 뿐야 많이 외로웠던거니 그동안 야워가는 너를 보며 느낄 수 있어 너무 힘이 들땐 실컷 울어 눈물속에 아픈기억 떠나보내게 내품에서 서글픈 우리의 지난 날들을 서로가 조금씩 감싸줘야해 난 네게 너무나도 부족하겠지만 다 줄꺼야 내 남은 모든 사랑을 많이 지쳐있던거야 그동안 자꾸 야워가는  너를 보며 느낄 수 있어 너무 힘이 들땐 실컷 울어 눈물속에 아픈기억 떠나보내게 내품에서 서글픈 우리의 지난 날들을 서로가 조금씩 감싸줘야 해 난 네게 너무나도 부족하지만 다 줄꺼야 내 남은 모든 사랑을 난 네게 너무나도 부족하지만 다 줄거야 내 남은 모든 사랑을
2000.08.06~08.12,14,85108,바보,박효신,해줄수 없는일,1999.12,R&B / Soul,조우진,너무 모르고 있죠 이미 떠난 사인데  언젠가 올 거란 생각에 마냥 웃고만 있죠  슬픈 상처뿐인데 곁에 있을 거라 믿었죠  걱정돼요 내가 없으면 어느 것 하나도 할 수 없던 사람인데  꼭 한번 만날 수 있다면 아직 남겨진 내 맘 전하고 싶은데  내가 부족한가요 당신을 원한 이유로 이렇게 날 외면하려 하나요  단 한번 사랑을 믿어요 볼 수 있다면 나 웃고 살 수 있는데  허나 다른 사랑 찾아가란 말은 말아요 날 버리진 않겠죠  그럴 리 없잖아요 you  부탁해요 곁에 없어도 몸조심하세요 참 힘겨워 했잖아요  또 다시 만날 수 있다면 아직 남겨진 내 맘 전하고 싶은데  내가 부족한가요 당신을 원한 이유로 이렇게 날 외면하려 하나요  단 한번 사랑을 믿어요 볼 수 있다면 나 웃고 살 수 있는데  허나 다른 사랑 찾아가란 말은 말아요 날 버리진 않겠죠  그럴 리 없잖아요  언젠가 잠시라도 기억 할 수 있다면 난 그걸로 되요
2000.08.06~08.12,15,445159,그대가 그대를,이승환,His Ballad Ⅱ,2003.03.12,Ballad,"이승환,이지은",참 많이 모질었었죠 나 당신께  나같지 않은 말땜에 놀랬겠죠  편할날이 없었죠 틀렸던 걸까봐  말없이 놓아준 그대가  정말로 내사랑 같아서  왜 그랬나요 울거면서  잘 가라는 듯 왜  그게 되나요 못보는게 그대가  그대를 음  참많이 오래 견디죠 나 당신을  조금만 멀리 보여도 보고싶죠  갚을게 많아서 못준게 많아서 혹시 날 못있고 산다면  꼭 한번 만나고 싶어서  잘지내나요 혼잔가요  나아닌 누군가와 사랑하나요 우릴 지운  그대가 나아닌 그대를  우리가 사랑했던게 간직 할 만한  슬픔이었음 해요 왜 그랬나요 울거면서  잘 가라는 듯 왜 그게 되나요 못보는게  그대가 그대를 음 우리 오래 오래 살아요  꼭 한번이라도 보게 못한 얘기들도 하구요  맛나는 것도 먹어요 우리 정말로 오래오래  살아요 천년만년  어쩌면 인연이 다하여  뜻하지 않은 어느 곳  그리 우리 다시 만나면  이제 편히 쉬게요
2000.08.06~08.12,16,91331,Only One,신화,Only One,2000.12.14,Dance,,Oh Come on baby  heart beating tonight  지금 너에게로 가까이  난 다가갈거야  I've been waiting  You make me crazy  너를 처음 만난 그 순간부터  멀리 있어도 자꾸 네가 보여  그 작은 환상에서 깰 수 없게  날 데려가봐 너를 알수 있게해봐  이 모든 것이 나 혼자의 꿈인걸  She's only one 그댈  차지하고 싶어  끝까지 포기 난 못해 My darlin  she's only one 내 인생  끝까지 오  내 여자로 만들겠어 워 어제 너의 사서함을 봤나  너의 손에 코미를 끼워 봤나  그건 너를 위한 나의  디디다 디디다  그대 작은 손에 내가 나를  끼워주고 싶다  그래 언제까지 외면할 수 있나  나를 피해 도망가려 하면  하면 할수록  언제나 너의 뒤를 스쳐가는  시선을 느껴라  네가 쓰는 샴푸를 나는 알아  즐겨찾는 집이 어딘지도 알지  멀리 가지마 넌 혼자가 아니야  난 너의 틀안에서 살고 있어  하늘은 느껴 정해진 너의  운명 같이  그것 만이 네 인생을 찾는걸  She's only one 그댈  차지하고 싶어  끝까지 포기 난 못해 My darlin  she's only one 내 인생  끝까지 오  내 여자로 만들겠어 오  It may sound simple  ice the ear the wrist the  neck and ring  uh take a step into my car  yeah yeah yeah yeah  that's it  I see you type of girl  with the pearls  and all jewels and all  I heard you  rock a ice and a now  look at this  I could see you take a  pills pass the bills  yo jiggy pass to the brown  home boys  check it our it's going down  Don't go away from me  I must ganna get U  my heart is so deep  모두 상관없어  나를 거부해도 넌 막을  수가 없어 이젠  내게 열어줘 너의 마음을 이제  그만 내가 들어갈수 있게 그댈 느낄 수가있게  네게 보여줘 너의 사랑을  이제 그만 내가 편히 쉴 수 있게  언제까지 그럴건데  She's only one 그댈  차지하고 싶어  끝까지 포기 난 못해 My darlin  she's only one 내 인생  끝까지 오  내 여자로 만들겠어 오
2000.08.06~08.12,17,87394,쾌지나 칭칭,원타임,2nd Round,2000.04.21,Rap / Hip-hop,TEDDY,야 너 빨리 일어나 야 너 더 질러봐 야 너 빨리 일어나 힘껏 더 질러봐 난 그저 단지 당신이 원하는 그 뭔가를 주려왔지 가식적인 모습들은 뒤에 두고 그대의 생활 방식들을 구속하는 무리들은 뿌리 쳐두고 함께 할텐가 또 갈텐가 엄마한테 물어 볼텐가 지금 때가 어느 땐데 Huh 숨바꼭질 하다가 후회하게 될텐데 가진건 MIC밖에 없네 uh 지루했던 어제 uh 신경쓰지 말고 크게 소리쳐대 어때 멋대로 살아가며 즐겨주길 바래 그게 멋진 자네 야하하 이제 좀 이래라 저래라 듣기 싫어 너나 잘해라 놀땐 아무도 신경 쓰지마 놀아라 서서히 눈을 감아 음악을 천천히 느껴봐봐 HIP HOP을 쾌지나 칭칭나네 지금이 니가 나설 차례 쾌지나 칭칭나네 미치도록 신이나게 쾌지나 칭칭나네 지금이 니가 나설 차례 쾌지나 칭칭나네 You don't stop and we won't stop RAP을 하고 싶으면 하고 춤을 추고 싶으면 추고 노래 부르고 싶으면 부르고 그게 우리가 말하는 자유고 쾌지나 칭칭 머리가 핑핑 돌도록 신이나 난 흔들어봐 빙빙 조금만 쉬었다 같이 불러줘봐 내 님 너 집에 간다 징징 왜 우냐 음악을 들을 때마다 난 힘이 솟아 사람은 더더 많을수록 나는 좋아 저기 쭈그리고 앉아 있는 쟤보다 자신있는 내 모습이 나는 좋아 이 세상일들이 모두다 그렇듯이 다 힘들게 사느라 너무 바쁘지 하지만 행복한 인생이 내겐 먼저지 So what u say 난 놀아볼랜다 모두 어울려 우리의 음악과 Hiphop을 같이 즐겨 맘껏 느껴 복잡했던 머리속은 자꾸 편해져만 가네 Yo 쾌지나 칭칭나네 Uh 야 너 빨리 일어나 야 너 더 질러봐 야 너 빨리 일어나 힘껏 더 질러봐 쾌지나 칭칭나네 지금이 니가 나설 차례 쾌지나 칭칭나네 미치도록 신이나게 쾌지나 칭칭나네 지금이 니가 나설 차례 쾌지나 칭칭나네 You don't stop and we won't stop T E double D Y 나 내가 RAP 할때는 아무도 상관마 이제 제발 날 좀 내버려둬라 Hip Hop이 바로 나의 삶이다 2000년을 넘어왔지 이제 나는 착한 진환이 너도 이젠 착한 아이 못 믿겠지 넌 상관없지 네게 네게 너무 듣고 싶은 말 멋쟁이라고 불러주면 좋지 말 많네라고 내게 말해 단지 너보다 생각이 많아선데 Yes 1TYM 더 신나게 태빈이라고도 하네 둘째가라면 서럽네 우리 CD 또 나왔네 쾌지나 칭칭 쾌지나 칭칭 쾌지나 칭칭 Uh Uh 쾌지나 칭칭 쾌지나 칭칭 쾌지나 칭칭나네 쾌지나 칭칭 쾌지나 칭칭 쾌지나 칭칭 Uh Uh 쾌지나 칭칭 쾌지나 칭칭 쾌지나 칭칭
2000.08.06~08.12,18,87898,부탁,김원준,Another 8000,2000.06.20,Dance,,약속 시간이 한참 지났는데 어디에 있니 걱정스러워 연락도 되지 않아 초조한데 그제서야 넌 모습을 보였지 미소로 널 맞이 했었는데 외면한 채 말을 꺼냈지 나와는 함께 할 수 없다고 그렇게 넌 떠나갔어 눈물 흘리며 미안해 하지마 나는 괜찮아 좋은 추억으로 간직하면 돼 이제 돌아서면 널 볼 수 없단 생각이 나를 더욱 흔들리게 하지만 나처럼 너도 힘들어 질 때면 돌아오란 나의 부탁에 고개를 저으며 뒤 돌아 가버린 너 냉정했던 거니 너의 모습이 아니잖아  미소로 널 맞이 했었는데 외면한 채 말을 꺼냈지 나와는 함께 할 수 없다고 그렇게 넌 떠나갔어 눈물 흘리며 미안해 하지마 나는 괜찮아 좋은 추억으로 간직하면 돼 이제 돌아서면 널 볼 수 없단 생각이 나를 더욱 흔들리게 하지만 나처럼 너도 힘들어 질 때면 돌아오란 나의 부탁에 고개를 저으며 뒤 돌아 가버린 너 냉정했던 거니 너의 모습이 아니잖아  냉정했던 거니 너의 모습이 아니잖아
2000.08.06~08.12,19,610483,요즘 너는,이현우,Viru..s,2000.04.29,Ballad,이현우,우리 처음 만났던 순간처럼  설레임이 나에겐 아직 남아 있는데  널 사랑하는 마음은 아직까지  조금도 변함없이 아직 그대로인데  요즘 너는 내게서 조금씩 멀어져가고  더 이상은 우리 사이 예전같지 않아  나를 바보로 만들어버린 너의 미소도  이젠 더이상 찾을 수 없어  변한건 없다고 넌 얘기하고 있지만  너의 마음이 떠났다는걸 알아  이별의 준비를 너 하는거라면  내게 말해줘 그런거라면  영원한 사랑은 없다고 얘기 하지만  난 항상 너이기를 바랬어  헤어지는건 견딜수 있지만  널 보내진 못 할것 같아   그 누구도 날 구속할순 없다고  나는 생각했었지 너를 만나기 전엔  하지만 너는 사랑을 내게 가르쳐주고  너 없이는 하루라도 견딜수 없지만  나를 바보로 만들어 버린 너의 눈빛은  나는 이제 느낄수 없어  변한건 없다고 넌 얘기하고 있지만  너의 마음이 떠났다는걸 알아  이별의 준비를 너 하는거라면  내게 말해줘 그런거라면  영원한 사랑은 없다고 얘기 하지만  난 항상 너이기를 바랬어  헤어지는건 견딜수 있지만  널 보내진 못 할것 같아
2000.08.06~08.12,20,1175789,Back To The Real Life,윤상,Cliche,2000.06.01,Ballad,박창학,화면속의 거짓 눈물에 그토록 너는 가슴아팠고 녀석들의 가짜 사랑도 너에겐 이미 현실이었지 뭐하고 있니 어두운 방에 혼자서 널 기다리는 사람들은 거기 없는데 돌아와 너의 거리로 따뜻한 피가 흐르는 세상속으로 한동안 여기 비워둔 너의 자리로 화면속의 거짓 슬픔에 그토록 너는 무뎌져갔고 녀석들의 가짜 정의 도 너에겐 이미 법률이었지 뭐하고 있니 어두운 방에 혼자서 널 기다리는 사람들은 거기 없는데 눈을 떠 한동안 너는 달콤한 꿈에 빠져 있었을뿐이야 대답도 없이 되풀이 되는 꿈속에 아픔없는 상처는 없지 책임져야 할 필요없는 사랑따위 모두 거짓말 모두 새빨간 거짓말 눈을 떠 한동안 너는 달콤한 꿈에 빠져 있었을뿐이야 끝나지 않는 꿈이란 없는 거니까
2000.08.06~08.12,21,67169,상실,박상민,Romanticism,2000.06.01,Ballad,이승호,이제 다시는 니 맑은 두 눈에- 담겨진 내-모습 볼 수 없겠지 더이상 니 목소리로 깨-는 아침 이젠 없-을거야 너를 스쳐온 바람 귓가에 머물며- 먼 곳의 니-소식 들려주겠지 언젠가 또 다른 사랑으-로 만날 그날만 기다린다고-- 그러지마 널 다시 만난다해도 모자란 내 사랑으로 넌 또 울텐데 넌 행복해야 해 하지만 난 아냐- 슬픔밖에 없던 나를 잊어  나의 웃는 소리에 나조차 놀라서- 서둘러 널- 다시 찾아내곤 해 조금씩 희미해지는 너의 기억 나를 더 힘들게만 해-- 그러지마 널 모두 잊는다해도 내게 없던 사랑이 되지는 않잖아 나 살 수 있는건 아직도 내 안에- 살아있는 너야 사랑했어 이 세상 누구보다 더 너무 보고 싶어 견딜 수 없을만큼 내 부서진 영혼 조금만 추스려- 너를 보러갈게- 너무 보고 싶어
2000.08.06~08.12,22,38557,아름다운 아픔,김민종,왜,2000.03.29,Ballad,김민종,더 기다려줄께 너를 향한 나의 그리움으로 그토록 널 사랑하기에 오랜시간을 소중히 견딜수있었어 나 익숙해졌어 어떤 날은 울기만 했었지만 그래도 그런 아픔이 날 떠난 널 날 버린 널 더 높게 만들었어 자유롭게 더 지내도 난 괜찮아 더 있을께 이렇게 나보다 널 사랑한 날위해 아름다운 아픔을 느끼며  또 눈물이 흘러 편안하게 기다리려했지만 그래도 그런 눈물이 날 떠난 널 날 버린 널 더 높게 만들었어 자유롭게 더 지내도 난 괜찮아 더 있을께 이렇게 나보다 널 사랑한 날위해 아름다운 아픔을 느끼며 자유롭게 더 지내도 난 괜찮아 더있을께 이렇게 나보다 널 사랑한 날위해 아름다운 아픔을 느끼며 아름다운 아픔을 느끼며
2000.08.06~08.12,23,87169,신세계 (Feat. 윤진),클론,New World,2000.04.06,Dance,김창환,두드려 맘껏 세상은 다 열려버렸어 무한한 정보의 세상이  지금 눈앞에 있어 들어가 찾아봐 그리고 보고 듣고 느껴  니가 원하는 삶의미래가 거기에 있어 이제는 무너졌어 학벌도 필요 없어 오로지 개인의 능력만이 필요한 세상 다 잘할 필요 없어 한가지라도 잘해  새로운 세상은 전문가의 시대니까 1999년까지 우린 정해진 관념 속에서  순종하며 뭉쳐야만 산다고 배워왔었지 하지만 2천년 댄 달라졌어  고정관념을 깨버려 컴퓨터와 일대일로 부딪혀 정복하면 돼 기회는 이제 왔어 한국사람에 시대  개인의 능력이 뛰어난 한민족이니까 이십일세길 봐봐 정보를 지배하며 컴퓨터 세상에선 우리가 최골 테니 이제는 모두다 잠에서 깨 다시 시작이댜 랄 랄라 라라 한민족의 시대를 열어봐  새 천년을 향해 랄 랄라 라라~~~~~  바꾸자 세상을 모두다 바꿔버리자 지난 암울했던 시댄 모두 잊어버리고 눈을 떠 부릅떠 기회가 눈앞에 있어  컴퓨터 세상은 이젠 우리를 선택한 거야 세상은 돌고 돌아 고정관념을 버려  지금껏 잠자던 능력을 이젠 모두 깨워 열린 세상을 봐봐 미래가 거기 있어 정보에 테크널러지를 지배해야해 1999년까지 우린 천년을 숨죽여 왔어 누군가가 만들어 논 세상을 흉내만 내며  하지만 2천년 댄 달라졌어 원점에서 시작이야 새 역사의 주인공은 바로 우리가 쓸꺼야 기회는 이제 왔어 한국사람에 시대  개인의 능력이 뛰어난 한민족이니까 이십일세길 봐봐 정보를 지배하며 컴퓨터 세상에선 우리가 최골 테니 이제는 모두다 잠에서 깨 다시 시작이댜 랄 랄라 라라 한민족의 시대를 열어봐  새 천년을 향해 랄 랄라 라라~~~~~
2000.08.06~08.12,24,1002851,그대니까요 (Duet With 차은주),김현철,김현철 Best + 총각파티,2000.07.08,Ballad,김현철,홀로 텅 빈 방을 볼 때면 문득 그대 없음을 느끼죠  그대가 버린 이 도시속을 살아가요 어떤 좋은 것 볼 때마다 또한 그대있음이 그립죠  그대없이는 난 아무것도 아닌걸요  이젠 헤어지지 말아요  우린 헤어지면 안돼요  어쩌면 죽는날까지 어쩌면 그보다 더  미칠것만큼 사랑할 사람  그대니까요  너무 파란 하늘일때마다 많이 그대 생각을 하죠  나는 알아요 우린 헤어질 수 없다는걸  이젠 헤어지지 말아요 우린 헤어지면 안돼요  어쩌면 죽는날까지 어쩌면 그보다 더  미칠것만큼 사랑할 사람  그대니까요  잊어서도 안돼요 우리 사랑한것을 언제까지나   어쩌면 죽는 날까지 어쩌면 그보다 더  미칠것만큼 사랑할 사람  그대니까요  우리 헤어지지 말아요  우린 헤어지면 안돼요  어쩌면 죽는 날까지 어쩌면 그보다 더  미칠것만큼 사랑할 사람  그대니까요
2000.08.06~08.12,25,87596,편지,채정안,편지,2000.05.08,Dance,최준영,
2000.08.06~08.12,26,85177,사랑 +,애즈원,Day By Day,1999.11,R&B / Soul,정휘수,참 세상에 이럴 수가 날 도무지  알 수가 없어  사랑에 빠진 거야 나 어떡해 사랑은 아픈거야 난 절대로 안 할거라고  굳게 다짐하던 나였었잖아 도대체 넌 어디서 나타났니  이렇게 잠자는 나를  깨우고 간 거야 난 사랑을 해본 적 없지만  아직은 서툴겠지만  사랑을 하고 있는 거야  사랑에 빠진건가봐 하늘도 무심하지 왜 이제야  보내준거야  이렇게 달콤한걸 난 몰랐어 멍하니 하늘 보면 난  괜시리 웃어도  보고 넋이 나간 거야 어찌된일야 그렇지 기다린 보람은  있어 결국엔 널 만나려고  많은 날 혼자였나 난 모든게  새롭게만 보여 세상이  아름답게 보여 사랑에 빠지면 이럴까  사랑은 이런건가봐 아침 햇살처럼 해맑게 웃는  너를 영원히 사랑해 나만의 마지막 사랑이 되길  기도할께 난 너에게 달려가고 있어  너 역시 날 사랑해줄까 아직은  알 수 없겠지만 너도 날  사랑할거야 난 너에게 달려가고 있어  세상이 아름답게 보여  아직은 알 수 없겠지만 너도  날 사랑할거야
2000.08.06~08.12,27,86981,엄마야,신승훈,Desire To Fly High,2000.03.07,Dance,한경혜,엄마야 어떡하면 그녈 다시
2000.08.06~08.12,28,3454850,Age Of Peace,H.O.T.,Age Of Peace OST,2010.07.15,Korean Movie,,
2000.08.06~08.12,29,87732,Again,태사자,도약(跳躍),2000.06.20,Ballad,,아픔이 슬픔이 눈물처럼 흘러가면 식어지겠지 말라가겠지 나의 소중했던 꿈 나의 멋진 바램을 가렸었던 저 그늘 날려버린 저 하늘 흩어져버린 My steet time and my sweet rhyme 내가 그대가 서러움에 슬픔을 겪어야 했던 시련은 가져가 무너져 가는 you and I 차마 눈뜨고 볼 수 없는 미련으로 남는가 말하지 그랬니 너의 미소가 시들어 가는 걸 나는 몰랐어 행복했었던 순간들은 영원히 함께할 걸 믿어왔어 또다른 세상이 너를 원해도 나만의 너를 놓지 않아 내 가슴속에 하나뿐인 건 너 이젠 헤어지자고 다신 보지 말자고 맘속에 없는 말 나에 게 던져버리고 가지마 받기만 했던 사랑 돌려주지 못해 난 가슴 아파해 도무지 막지 못해 정신 없어해 누구도 내게 힘이 되지 못해 내 품안에 잠든 너를 하염없이 바라봐 이별이없는 세상으로 멀리 멀리 너만이 남긴 흔적만 내 품에 남겨진 채 Sometimes 나의 눈물이 sometimes 나의 사랑이 너 없는 세상끝까지 채워져 가겠지 슬픈 나의 눈물이 아픈 나의 사랑이 너를 깨울 수 있는 그 날까지 외로움에 벽에 갇힌 나 외로움에 나 살아갈 내일이 다가오질 않아 나 시커먼 어둠속에 희망조차 없는 곳에 있는 듯한 버려진 내 모습 난 언제나 이땅에 이 슬픔에 고개숙여 살아가야 하는가 나를 내려다 볼 너에게 우리 아름답던 지나간 날들 보여주고 싶지만 우리둘만의 포근한 love again 날 미치게 했던 건 바로 not again 나의 손이 닿지 않는 곳에 있는 너에게 지금 이 곳에서 그 곳으로 나의 맘을 던져 주저앉아 있는 나에게 힘을 좀 줘 비록 멈춰 버린 추억 그 기억 잠시라도 잊으면서 살 수 있게 미쳐가는 나를 위해 힘을 줘 나 지쳐 너무나 많은걸 네게 바랬던 부족했던 나를 이해해주길 그리움으로 가슴 가득 얼룩진 두 손을 모아서 기도했어 보이지 않아도 끝낼 수 없는 건 우리의 사랑인걸 알아 남겨진 내게 새겨져 있는 너  어둠을 비켜가는 새벽도 나의 마음을 비출 수 없는 건 너로 인해 스며든 서글픔 때문이 아닐까 나 너로 인해 슬퍼져만 가나 Sometimes 나의 눈물이 sometimes 나의 사랑이 너 없는 세상끝까지 채워져가겠지 슬픈 나의 눈물이 아픈 나의 사랑이 너를 깨울 수 있는 그 날까지 I never see you again 살아갈 수가 없어 멀어져가는 my love 막을 수 없는 운명인걸 나의 사는 날까지 나의 마지막까지 널 향한 나의 마음을 하늘에 바칠게 Blue sky 외롭지 않아 나의 그녀 안에서 내안에 너를 I will always love you
2000.08.06~08.12,30,104507,태어나서 처음,DJ렉스,MP Hip Hop 2000 超(초),2000.06.05,Rap / Hip-hop,,이것은 옛날 또 옛날 얘기입니다  이것은 옛 옛날 또 옛날 얘기입니  Wreckx 입니다 저는 Wreckx 저는 DJ Wreckx  저 대사 Wreckx 는 어느 쪽으로 갔는지 보지 못하셨습니까 중은 말없이 MP 쪽을 손으로 가리켰습니다 중은 말없이 MP 쪽을 손으로 가리켰습니다 중은 말없이 MP 쪽을 손으로 가리켰습니다 그곳에는 donemany 가 서있었어요 어서 어서 들어오세요 자 자 구경하세요 서울서도 제일가는 MC 서울서도 제일가는 DJ DJ and MCscratch 시작 break M A S T E R P L A N  가리온 represnt dope dope 빌어먹을그대는 내이름은 바로 one in the place to be 나 대팔이심장 박동에 비트속에 내 안의 혁명 Deegie373 Da CREW 쓰레기 쓰레기 쓰레기 인간쓰레기 u know what I'm saying JOOSUC 천하무적 A JAY Turntablism S K I P D J E T BABY CUT J 하나님이 도우셨나봐 그렇게도 DJ 가 되고 싶던 바램
2000.08.06~08.12,31,37761,내가 그린 그림,에코,Voice Of Angel,2000.01.01,Ballad,신연아,오늘 처음이에요 생각지도 않았던  어떤 그림 한 점을 샀죠 그대 사진이 있던 텅 빈 하얀 벽위에  너무나 잘 어울릴 것 같아요 뽀얀 먼지를 덮은 채  아직도 웃고만 있는 그대를  조심히 들어 떼어내고  아주 커다란 그 그림을 걸어보았을 때  자꾸 눈물이 흘러 내렸죠 이제야 이별인걸 깨달았죠  아직 남아있는 그대 기억들을  모두 버려야 하겠죠 이럴 수도 있나요 그대 곁에 없는데  나는 아직 숨쉬고 있어  며칠이 지났을까 꿈을 꾼건 아닐까  모든게 달라져 버린 것 같아  바라볼 곳이 없어요 누구도 날 안아주지 않아요  어색한 그림 앞에 서서  그저 멍하니 긴 한숨만 쉬어 볼뿐이죠 자꾸 눈물이 흘러 내렸죠 이제야 이별인걸 깨달았죠  아직 남아있는 그대 기억들을  모두 버려야 하지만 슬픔까지 지워야만 하지만  애를 써도 그대모습 지워지지 않아  자꾸 눈물이 흘러 내렸죠  이제야 이별인 걸 깨달았죠 내 맘 깊은 곳에 그린 그림들은  그대 한 사람 뿐인걸  자꾸 눈물이 흘러내렸죠  이제야 이별인걸 깨달아요  내 맘 깊은 곳에 그대 그림들을  모두 지워 줄게요
2000.08.06~08.12,32,26837,Hey U,샤크라,Chakra,2000.03.02,Dance,이상민,니가 아니니 니가 니가 아니었니  니가 아니니 니가 니가 아니었니  니가 아니니 니가 니가 아니었니  니가 아니니 니가 니가 아니었니  니가 아니니 니가 니가 아니었니  니가 아니니 니가 니가 아니었니  니가 아니니 니가 니가 아니었니  니가 아니니 니가 니가 아니었니  hey u hey u hey u hey   u hey u   love u love u love u love   u love u  hey u hey u hey u hey u   hey u  love u love u love u love u   첫번째 내 남잔 그대로 떠나   보내고 good bye   저기 저 저 남자 내게로 어서  오세요 baby   매일 난 한 사람에 빠져   상상속으로 빠져들곤 하지  그렇지 그 사람을 위해 살아가지   어디선가 본적없는 you   어느새 내 사람이 되어   머릿속에 빙글빙글   사랑일것 같지 모두다 그렇겠지   도무지 알 수 없어 살 수가 없어  일년에 입을 옷 며칠 다 입고   너를 놓치기 싫어하지   혼자의 시간이 어딨겠어   나는 매일 너와 함께하고   지내고 사랑하고 얘기해요  나만의 시간 이젠 없어   날려버려 너를 위해   그러는 거 아니 이러는거 아니   상상이나 되니 어처구니 없이   돌아가는   사랑인줄 알면서도 너를 그냥   보면 좋아   그게 좋아 니가 좋아   언젠가 이루어 질거라 믿고   지금은 너만 사랑하는 거야   두근 두근 두근 두근 두근   두근 두근 두근    설레이는 이 내 맘이   차근 차근 차근 차근 차근   차근 차근 차근    다가가 얘기할까   조금 조금 조금 조금 조금  조금 조금 조금   조금씩 사랑을 표현해   이제 이제 이제 이제 이제   이제 이제 이제   그대 이름을 부르며 다가가  hey u hey u hey u hey   u hey u   영화처럼 순수한 사랑을  love u love u love u love   u love u  영원토록 나 하나만 사랑해   오늘 난 너무 화가나 코도   삐뚤 입도 삐뚤   얼굴도 삐뚤인 여자가 네   옆에서 있는걸 봤어   달려가서 둘의 사일 비집고 들어가   집으로 달려가서 달력을 끄리내려   너를 보는것 만으로 해가   바뀌었구나 때가 왔다   새 천년 새 남자를 잡아야   할때가 왔다   최대한 꾸미고 가자나   me yeowon come on   첫번째 내 남잔 그대로 떠나   보내고 good bye   저기저 저 남자 내게로 어서   오세요 baby   내가 어떻게 됐겠어 말을   걸지 못했지만   you의 목소리는 들었어   너무 멋있었어   말을 걸려고 코앞까지 달려가다   넘어지는 나를 일으키는   그대 목소리   괜찮아요 괜찮지 않으면   어쩔라구요  어디라도 다쳤을라고 마음이   다쳤어요   오늘 위해 일년을 기다렸는데   이게 뭐야  그대를 사랑해요 come on   두근 두근 두근 두근 두근   두근 두근 두근    설레이는 이 내 맘이   차근 차근 차근 차근 차근   차근 차근 차근    다가가 얘기할까   조금 조금 조금 조금 조금   조금 조금 조금   조금씩 사랑을 표현해   이제 이제 이제 이제 이제   이제 이제 이제   그대 이름을 부르며 달려가  hey u hey u hey u hey   u hey u   영화처럼 순수한 사랑을  love u love u love u love   u love u  영원토록 나 하나만 사랑해   hey u hey u hey u hey   u hey u   영화처럼 순수한 사랑을  hey u hey u hey u hey  u hey u  영원토록 나 하나만 사랑해
2000.08.06~08.12,33,1140592,Tears,소찬휘,First Bridge,2000.03.24,Dance,정성윤,아무 일도 내겐 없는 거야 처음부터 우린 모른 거야 워 넌 그렇게 날 보내 줄 수는 없겠니 이제라도 나를 잊어야해 그런 모습 쉽진 않겠지만 아직 날 기다리는 너를 알아 마음이 아파 차라리 나를 미워해 이제 그만 내게 미련 보이지마 두번 다시 넌 나를 찾지마 나로 인해 아파할 테니까 잔인한 여자라 나를 욕하지마 잠시 너를 위해 이별을 택한거야 잊지는마 내 사랑을 너는 내 안에 있어 길진 않을 거야 슬픔이 가기까지 영원히 차라리 나를 미워해 이제 그만 내게 미련 보이지마 두번 다시 넌 나를 찾지마 나로 인해 아파할 테니까 가져가 내게서 눈먼 너의 사랑을 모든 게 집착인걸 너도 알고 있잖아 지독했던 사랑 따윈 모두 지워버려줘 길진 않을 거야 마지막 순간까지 사랑해
2000.08.06~08.12,34,3675,I Swear My Love,비쥬,Face The Music R&B,2000.05.17,R&B / Soul,비쥬,내가 그대를 사랑하는건  그대의 사소한 습관  하나까지 내가 닮고 싶고  Don't Forget Me Baby !   그대의 아픈기억을 나의 사랑으로  가득 채워주고 싶은 거죠   이 커다란 세상에 비하면  보잘것 없는 나의 사랑  그댈 위해 다 주고 싶어요  내가 꿈꾸어온 모든 것을   I Swear My Love  I'll Never Let You Down  언제나 변함없는 친구가 될께요   I Swear My Love  I'll Never Let You Down  언제나 지금처럼 그대를 위해   그대 정말 날 사랑한다면  미안하단 말은 말아요  그댈 위한 나의 사랑인걸  내 가진 모든걸 다 준대도   I Swear My Love  I'll Never Let You Down  언제나 변함없는 친구가 될께요   I Swear My Love  I'll Never Let You Down  언제나 지금처럼 그대를 위해   눈물 나는 날에 우리 함께해  어둠속에 내리는 눈부신  저 빛처럼 그댈 사랑해   I Swear My Love  I'll Never Let You Down  언제나 변함없는 친구가 될께요   I Swear My Love  I'll Never Let You Down  언제나 지금처럼 그대를 위해   지금처럼 그대를 위해 -
2000.08.06~08.12,35,26787,Lover,이브,너에게로 날다,2000.02.28,Rock,G.고릴라,그댄 나의 Lover 언제나 널 그리며 Baby  이젠 나의 Lover 내 곁에 머물러요  I love you forever 누구도 대신할수 없어  나 하나의 Lover 나 맹세할게요   어느날 밤 삶에 지쳐 힘겨울 때 내게 말해요  나는 그댈 위한 어릿광대 라도 좋아   세상 마지막 날까지 난 변하지 않아  그대도 나와 같지 않은가요  세상 무엇 하나도 날 막을순 없어  그대도 나와 함께 가는거야   먼 훗날에 늙고 지쳐  그대 먼저 떠나야 할때  내가 함께 갈게 그대 혼자  저 먼곳으로 보낼순없어   세상 마지막 날까지 난 변하지 않아  그대도 나와 같지 않은가요  서l상 무엇하나도 날 막을수 없어  그대도 나와 함께 가는거야   세상 마지막 날까지 난 변하지 않아  그대도 나와 같지 않은가요  세상 무엇하나도 날 막을수 없어  그대도 나와 함께 가는거야   그댄 나의 Lover 언제라도 널 그리며 Baby  이젠 나의 Lover 내 곁에 머물러요 -
2000.08.06~08.12,36,86669,기쁜 우리,임창정,White,2000.02.10,Ballad,임창정,있잖아 니 맘 한켠에 행복한  마냥 즐겁기만 한 나를 봐봐   지난 어젤 생각해도   이미 정해졌었던 거라 우린 믿어   널 따라 다니면서 그렸던  좋은 꿈들 이젠 꿈이 아니길 빌어   걷기만 해도 고됐던 시간   이젠 너의 손을 잡고   저 끝없는 길을 뛴다니 기뻐   넌 어때   누구와도 어색했었기에 늘   혼자라 믿었다고   늘 곁에 두고 이제야 너의 눈물을   웃으면서 닦아줄수 있는   지금을 우리 영원히 간직해   니가 날 택한 것이 지금도   믿어지지 않아   매일 같이 너의 안부를 물을   수 있다는게 기뻐   따듯하게 대답해줄 니가 날   기다린다는게 기뻐   고마워 그 긴세월에 대한 선물이   니가 되어 줘서 기뻐   포기하고 싶었었지만   너와 더 큰 미래를 생각했기   때문에   난 여기서 기다렸어 또 하나   기쁜 우리가 함께 한   지난 천년에 마지막의   christmas  짧았지만 난 그토록 아름다운   밤을 보지 못했어   매일 널 따라 다니면서 그렸던   좋은 꿈들 이젠 꿈이   아니길 빌어   걷기만 해도 고됐던 시간   이젠 너의 손을 잡고   저 끝없는 길을 뛴다니   기뻐 넌 어때   누구와도 어색했었기에 늘   혼자라 믿었다고   늘곁에 두고 이제야 너의 눈물을  웃으면서 닦아 줄 수 있는  지금을 우리 영원히 간직해  저끝없는 길을 뛴다니 기뻐  넌 어때  누구와도 어색했었기에 늘  혼자라 믿었다고  늘 곁에 두고 이제야 너의 눈물을  웃으면서 닦아 줄 수 있는  지금을 우리 영원히 간직해
2000.08.06~08.12,37,87195,거꾸로 돌아간 세상,박기영,혼잣말,2000.03.22,Rock,박기영,뭐가 그리신나고 재미있을까 궁금해서 엿들었어 둥그렇게 모여 않아 누군가의 얘길하고 있었지 내 보기엔 모두 꼭 같더만 왜 자기만 바르다고 난리를 치나 거꾸로 보면 모두가 똑 같은데 하루에도 수만 가지씩 희안한 일들이 일어나고 둥그렇게 모여앉아 서로를 욕하고 달려드네 내 보기엔 모두 꼭 같더만 왜 자기만 바르다고 난리를 치나 거꾸로 보면 모두가 똑 같은데 까마귀 노는 곳엔 가지마라 가지마라 그렇게 말한 니가 내눈엔 까마귀야 거꾸로 돌아간 세상 하늘을 보고 자신을 봐 잘난척 하지말고 거꾸로 틀어진채 해메이는 우리의 꿈을 다시 찾아와  날이 밝아 하루가 시작되면 또 한번 재밌어져 밤새 무슨일이 그리도 많았을까  어처구니가 없네 내 보기엔 모두 꼭 같더만 왜 자기만 바르다고 난리를 치나 거꾸로 보면 모두가 똑 같은데 까마귀 노는 곳엔 가지마라 가지마라 그렇게 말한 니가 내눈엔 까마귀야 거꾸로 돌아간 세상 하늘을 보고 자신을 봐 잘난척 하지말고 거꾸로 틀어진채 해메이는 우리의 꿈을 다시 찾아와 거꾸로 돌아간 세상 하늘을 보고 자신을 봐 잘난척 하지말고 거꾸로 틀어진채 해메이는 우리의 꿈을 다시 찾아와
2000.08.06~08.12,38,91014,주문을 걸어,박혜경,+01,1999.12.23,Rock,강현민,(나나나 나나나 -)  파란 바람이 불어 괜히 설레이던 날  하얗게 빛나는 너를 보게됐어 오-  스쳐 지나 갔지만 까만 너의 눈 속엔  너를 바라보는 내 모습이 있어 오-   And I`ll be seeing you!  꼭 보게 될거야  네게 주문을 걸었으니  오 그렇게 난 그렇게 널 만날꺼야   오 찾게 될꺼야  너는 마법에 빠진거야  오 그렇게 꼭 그렇게 날 찾을꺼야   (나나나 나나나 -)  매일 너의 꿈 속에 나를 보게 될꺼야  놀라지는 말아 우연이 아니야 오-  한 순간이었지만 너의 마음 가득히  까만 눈에 비친 내 모습이 있어 오-   And I`ll be seeing you!  꼭 보게 될거야  네게 주문을 걸었으니  오 그렇게 난 그렇게 널 만날꺼야   오 찾게 될꺼야  너는 마법에 빠진거야  오 그렇게 꼭 그렇게 날 찾을꺼야   I`ll be seeing you!  오 찾게 될꺼야  너는 마법에 빠진거야  오 그렇게 꼭 그렇게 날 찾을꺼야 -  (나나나 나나나 -)
2000.08.06~08.12,39,904488,Tell Me Why,최창민,너에게,2000.06.26,Dance,김진권,Never can you make me turn around Haunt me with the other side of you Disillusioned by the unexpected you 또 다른 너 never can you Make me turn around haunt me with The other side of you disillusioned by the Unexpected you 난 늦었어 I'll be back try to make me hold you back 니가 찍혀있다는 그 사각 방안의 진실 정말 믿을수가 없는 현실에 You know you'll set it somehow break it up Now crack it up how go go  미처 몰랐던 트릭들 쾌락속에 허 좋아 웃음짓던 crazy girl 그 위에 내가 아닌 타 낯선 여자 니가 아닐거라고 정말 믿고 싶었지 하지만 지울 수 없는 잊을 수 없는 나 평생을 기억해야 하는 화면속에 니 모습 배신과는 또다른 질투심 난 견딜 수 없어 Tell me why 내 모든걸 바쳤어 나를 배신한 이유가 무언지 Tell me why 다 묻어둘 수 있지만 언젠가 다시 생각날 Memories back to my mind 한때 모든걸 바쳐 사랑했었던 우리 왔다간 그들의 마음속엔 하룻밤 상상속에 펼쳐지는 쾌락 생각만해도 내 마음 무너지게 하지만 감출 수 없는 세계 Po R C and V R C  그대 슬픈 그 미소 보고 싶지만 넌 이미 내 마음속의 shameless girl 떠나는 너를 보며 눈물 흘렸지 그래도 너를 사랑한 너를 어떻게든 용서하려 했지만 너는 이미 모두의 연인이 되어버린걸 난 견딜 수 없어 Tell me why 내 모든걸 바쳤어 나를 배신한 이유가 무언지 Tell me why 다 묻어둘 수 있지만 언젠가 다시 생각날 memories never Can you make me turn around Haunt me with the other side of you Disillusioned by the unexpected you 또 다른 너 never can you Make me turn around haunt me with The other side of you disillusioned by the Unexpected you 난 늦었어 Tell me why 내 모든걸 바쳤어 나를 배신한 이유가 무언지 Tell me why 다 묻어둘 수 있지만 언젠가 다시 생각날 Memories back to my mind
2000.08.06~08.12,40,75233,비(悲)의 Rhapsody,최재훈,Believe In 5462,2000.03.09,Rock,"이세준,주영훈",이젠 눈물 그쳐 나를 봐요  우는 그대 더 아름다워  내게 이 모습 조차 더 남지 않도록  그냥 고개 돌려요  그저 미안한 마음뿐이죠  그댈 위해 해줄게 없어  모두 이해할게요 그댈 아끼는 맘  그분들도 같을 거란걸  한참 동안을 비틀거렸죠 워  그댈 사랑했던 그만큼 워  떠나가요 아주 먼곳으로  그대 소식 내게 올수 없을  그 만큼  다 잊어요 내겐 마지막이  될 사람도 모두 다 버려두고 갈게요  나를 위해 많이 애썼단걸  알고있죠 난 감사해요  허나 이룰수 없는건 어쩔수 없죠  내가 용기낼게요 이젠  죽는 날까지 사랑한대도 워  가질수 없는 그대인걸 워  떠나가요 아주 먼곳으로  그대 소식 내게 올수 없을  그 만큼  다 잊어요 내겐 마지막이  될 사람도 모두 다 버려두고 갈게요  떠나가요 아주 먼곳으로  그대소식 내게 올수 없을  그 만큼  혹시라도 내가 그리울 때면  세상에 내가 없다고 믿어요  우 그렇게 우 믿어요
2000.08.06~08.12,41,88423,Love,윤현석,Will (1집),2000.02.29,Ballad,,"묻고 싶어 너를 만나게 되면 나를 떠난 후 정말 괜찮은지 또 다른 누굴 만나 날 잊고 사는지 혹시 나와 같은지 그 누군가가 너를 물을 때마다 이젠 날 떠나 행복할 거라고 해 나 또한 알고싶어 너무 힘들어 너를 잊을 수 없어 사랑해, 사랑해 너의 사랑이 너무 필요해 기억해 날 잊지마 너를 너무 사랑해 너 하나만을 사랑한 죄밖에 없어 사랑 때문에 모든 걸 포기했어 이제 단 하나 나의 바램이 있다면 행복하게 살아줘"
2000.08.06~08.12,42,489866,비젼,유승준,You Seung Jun Best & J Duet Collection,2001.09.01,Dance,이현도,"아닐거라 말해도 눈감지는 말아  네 꿈을 찾을 테니까  - 간 주 중 - 숫자만 하나씩 밀려나가는  어제와 똑같은 지친 아침을  생각없이 체념한 듯이 맞이하고 있니?  모두가 똑같은 표준의 시계 그대로  보며 맞춰나가며 그대로  너는 정말로 행복할꺼니?  누구를 위한 것도 아냐, 꿈이없다면 메뉴얼대로 살아만 간다면  과연 꿈꿀 수 있을까?  커다란 날개를 달아!다시 태어나!  허무하게 남겨진 어제를 벗어나!  높이 날고 싶다면 작은 망설임은 걷어차버려!  끝없는 미지를 향해 내딛어야 해!  새롭게 시작되는 오늘에 누구도  나를 대신 살아 줄 수는 없는거야  추운날의 알레르기 따위에 겁을 내는 것이  어떻게 행복해지는 거야?  그래 다 그렇게 무균상태에 길들여져서  자신도 모르게 약해져 가는데 울어버린 것만 같은 후회 뒤늦게 밀려올때  그땐 늦게 될꺼야  진정한 자신의 바램에 가깝게 가기위해  꿈을 멈추어서는 안돼 네 삶을 사는 것이 아냐 뜻이 없다면 메뉴얼대로 살아만 간다면 과연 꿈꿀 수 있을까?  커다란 날개를 달아!다시 태어나!  허무하게 남겨진 어제를 벗어나!  높이 날고 싶다면  작은 망설임은 걷어차버려!  끝없는 미지를 향해 내딛어야 해!  새롭게 시작되는 오늘에 누구도  나를 대신 살아 줄 수는 없는거야 다시 태어난다 해도 자신이고 싶은  그런 모습의 그삶을 위하여 발을 내딛어!  그 아무도 알 수 없는 내일로"
2000.08.06~08.12,43,610605,송인 (送人),조수미,허준 OST,2000.05.08,Drama,,가지 못하네 돌아갈데가 없어  살아 헤어질 이 마음 가없이 떠도네 살아서 우네 갈 곳을 잃었구나  죽어도 못 맺을 이 몸은 천공을 헤매리 가없는 저 세월은 꿈도 한도 없구나 천년을 울어봐도 가는 해만 덧없어라 가지 못하게 갈 곳을 잃었구나 죽어도 못 맺을 이 몸은 천공을 헤매리 살아서 슬퍼라
2000.08.06~08.12,44,87838,배신,베이비복스1기,Why,2000.05.16,Dance,,너 없는 세상도 눈 부신걸 알아  더 이상은 너만을 바라보던   내가 아니야  그렇게 슬픈듯이 쳐다보지마  이제더는 너에게 줄 수 있는   마음이 없어  지금 남은건 떠나는 일 뿐이란걸  고맙게도 떠나는 날 잡지   않을 너잖아  사랑했던 난 이제 없어 너를   너를 모두 잊었어  후회해도 다신 나를 돌아보진마  함께한 우리 기억따윈 이젠 없어  모두 버려줘 돌아서면 그만인   이별까지 아름다울 필욘 없잖아 사랑도 아름답지 만은 않듯이  믿지 못할 사랑의 끝도 그리   슬프지 않아  그렇게 슬픈듯이 쳐다보진마   더 이상은 너에게 상처 밖에  줄 것이 없어 지금 남은건 떠나는 일뿐이란걸 고맙게도 떠나는 날 잡지  않을 너잖아 사랑했던 난 이제 없어  너를 너를 모두 잊었어 후회해도 다신 나를 돌아보지마 함께한 우리 기억따윈 이제 없어  모두 버려줘 돌아서면 그만인  이별까지 아름다울 필욘 없잖아 사랑한 기억들은 날 비웃지만 더 이상은 너에게 눈물밖에  줄것이 없어 이별이란건 이제 떠나 이젠 없어 지금에  와선 나로선 이젠 내게 후회는 없어 지금  와선 나로선 보란듯이 변해가는  내 모습들이 너에게  어떤 영향을 가져다 줄건지  너의 표정이 궁굼해 원해 너의 잘못을 만회 할 기회도 조차도 없는 너에게 다시 시작해 말도안돼 내 가슴에 상처는 지워질수 없는 것이기 때문에  사랑했던 난 이제 없어  너를 너를 모두 잊었어 후회해도 다신 나를 돌아보지마 함께한 우리 기억따윈 이제 없어 모두 버려줘 돌아서면 그만인  이별까지 아름다울 필욘없잖아
2000.08.06~08.12,45,1706205,파리넬리 - 울게하소서,조관우,조관우 밀레니엄 베스트 라이브 콘서트(Millennium Best Live Concert),2000.06,Ballad,,
2000.08.06~08.12,46,85257,바꿔,이정현,Let`s Go To My Star,1999.10,Dance,최준영,모두 제정신이 아니야 다들   미쳐가고만 있어   어느 누굴 믿어 어찌믿어   더는 못믿어   누가 누굴 욕하는거야 그러는   넌 얼마나 깨끗해   너나 할것없이 세상속에   속물들이야   바꿔 바꿔 바꿔 내 모든걸   다 바꿔 바꿔 바꿔   사랑도 다 바꿔 바꿔 바꿔 거짓은   다 바꿔 바꿔 바꿔 세상을 다 바꿔  THANGTH IT WAS A MUST   TO TRUST YOU NOW I CRUSH   YOU ANALYSIN MY BRAIN   너의 가식적인 사랑   나를 다시 사랑하길 바래   내가 다시 돌아오길 바래   그럼 바꾸길 바래 늦기전에   날 잡길 바래  한 여자의 지난 과거가 왜   용서받지 못할 일이야   맘에 걸렸다면 처음부터 왜   날 사랑해   모든 것이 변해버렸어 예전의   나로 착각하지마   나를 버린것을 후회해도   이미 늦었어   바꿔 바꿔 바꿔 내 모든걸   다 바꿔 바꿔 바꿔   사랑도 다 바꿔 바꿔   바꿔 거짓은   다 바꿔 바꿔 바꿔 세상을   다 바꿔 바꿔 바꿔 내 모든걸 다  바꿔 바꿔 바꿔  사랑도 다 바꿔 바꿔 바꿔  거짓은 다 바꿔 바꿔  바꿔 세상을  다 바꿔 바꿔
2000.08.06~08.12,47,86854,Man,주영훈,Nostalgia,2000.03.21,Dance,이승호,태산이 높다하되 하늘 아래 뫼 오르고 또 오르면 못 오르겠어 아무리 힘든일도 해내고 마는 내가 바로 그런 멋진 남자야 그 높은 산을 오르다 실패하면 뭐 어때 힘이 들때면 구름하고 놀다 가면 돼 인생은 딱 한번 뿐 겁먹지마 비겁하게 살지 않는 배짱 그거면 돼 남자라면 무릎 꿇지마 목에 칼이 들어온다고 해도  왜 이리 살아가기 힘이 든건지 세상에 태어난 걸 후회도 했어 모든게 내 뜻대로 되지 않을땐 그런 바보같은 원망도 했어 하지만 술 한잔이면 언제 그랬냐는 듯 가슴 속에는 다시 태양같은 정열이 인생은 딱 한번뿐 겁먹지마 비겁하게 살지 않는 배짱 그거면 돼 남자라면 무릎꿇지마 목에 칼이 들어온다고 해도  어떻게 살고 싶냐고 누가 내게 물으면 거침없이 난 굵고 짧게 살고 싶다고 인생은 딱 한번 뿐 겁먹지마 비겁하게 살지 않는 배짱 그거면 돼 남자라면 무릎 꿇지마 목에 칼이 들어온다고 해도 원하는 걸 모두 준다 하여도 기가막힌 부가 생긴다해도
2000.08.06~08.12,48,88481,Angel,이지훈,Eternity Friend.....,2000.04.03,Ballad,김현아,먼곳으로 떠-나- 널 기다릴게- 가뿐 숨이 막혀와 워-- 얼마 남지않은 그 짧은 시간이- 날 힘들게 해-- 따뜻한 온기로 내 손을 잡아줘-- 편히 떠날 수 있게--- 차마 말할 수 없었어 나에겐 남은 시간을 아파하는-- 너를 뒤로한-채 조심스레 떠나갈 준비를 해--- 너무 아파하지는 마 너에겐 내가 없단걸 날 도와줘--- 편히 잠들도록-- 마지막 웃는 모습 내게 보여줘--  좋은 사람 제발 만날 수 있게- 손 모아 기도해---- 허락된 시간이 이젠 끝났어-- 시린 눈이 감겨와--- 차마 말할 수 없었어 나에겐 남은 시간을 아파하는-- 너를 뒤로한-채 조심스레 떠나갈 준비를 해--- 너무 아파하지는 마 너에겐 내가 없단 걸 날 도와줘-- 편히 잠들도록-- 마지막 웃는 모습 내게 보여줘-  차마 말할 수 없었어- 워--예- 뒤로한 채- 예-  나- 나- -  나나나나나나나 나나나나나--------- 너에겐 내가 없단 걸 날 도와줘
2000.08.06~08.12,49,87022,잘했어요,윤종신,헤어진 사람들을 위한 지침서 (指針書),2000.03.23,Ballad,윤종신,그대 잘 산다고 소식 들었죠 그 때의 그 사람과 그토록 원망했던 그대 선택 잘 했어요 나 역시 좋아요 그대 덕분에 나를 알았죠 너무나 쉽게 무너져 버리는 나를 알게 해주었고 어쩌면 돌아오지 않을까 날 잊긴 힘들거야 그대의 잘못된 선택이길 비는 비겁한 날 알았죠 떠올리지 마요 그대 옛사랑은 너무나 못난 사람이죠 추억이라 하면서 가끔이라도 내 생각은 정말 안되요 이제 만들어 가요 그대들의 추억을 내탓에 늦게 만났지만 나도 잘살거예요 또 아파하기엔 내 가슴에게 너무 미안해  떠올리지마요 그대 옛사랑은 너무나 못난 사람이죠 추억이라 하면서 가끔이라도 내 생각은 정말 안되요 이제 만들어 가요 그대들의 추억을 내탓에 늦게 만났지만 나도 잘살거예요 또 아파하기엔 내 가슴에게 너무 미안해 건강해요
2000.08.06~08.12,50,38211,거울 앞에서,김태영,오랜 방황의 끝,2000.01.10,Dance,김창환,나 이젠 잊을래 더이상 기다리지 않아 그대의 추억을 벗고 다시 날 찾을거야 거울 앞에서--  아----아---아--- 아----아--- 난 머릴 잘랐지 그대가 날 떠난 오랜 뒤에야 난 화장을 했어 예전의 내 모습을 지우려고 한참 동안 기다렸었지-- 그대를 만나던 그 모습 그 대로 혹-시나 그대가 다시 나를 찾아올지도 모른다는 기대속에 난 이젠 알았어 그대가 영원히 떠난 걸 흐르던 눈물이 메말랐을때 비로소 느낀거야 난 이젠 잊을래 더이상 기다리지 않아 예전의 초라한 모습을 벗고 다시 날 찾을거야 거울앞에서--  아----아--- hey---아--아- 난 이젠 바꿀래 혹시 그대가 날 봐도 모르게 난 모두 버릴래 내 맘속에 남겨둔 추억까지 지금껏 난 애태웠었지-- 그대의 기억을 가슴에 안고서 언-제나 그 자리에서 나는 그대가 돌아오기만을 기다리며 난 이젠 알았어 그대가 영원히 떠난걸 흐르던 눈물이 메말랐을때 비로소 느낀거야 난 이젠 잊을래 더이상 기다리지 않아 예전에 초라한 모습을 벗고 다시 날 찾을거야 거울앞에서--
