time,rank,song_id,title,singers,album,date,genre,creator,lyric
2001.07.15~07.21,1,19094,Double,김건모,Another Days.......,2001.05.14,Dance,최준영,차마 못볼 걸 보고 말았어 모르고 살았으면 될텐데  너무나 안좋았던 예감이 사실로 드러난거야  나보다 잘나보이는 사람 그 곁에 행복해 보이는 너  너무나 기가 막혀 웃는 나 운명의 장난인가봐   너는 다시 내게 돌아와 나를 사랑한다 말하고  그런 너를 보는 내 눈엔 눈물만이 흘러 내리고  나를 만나도 사랑하고 그를 만나 또 사랑하는  값싼 너의 사랑때문에 내 마음이 너무 슬퍼져   어제는 누구와 있었는지 전화는 왜 꺼져 있었는지  내가 잘못 본 거길 바라며 조심히 물어 보았어  어제는 너무너무 아파서 온종일 집에 있었노라며  너무나 태연하게 말하는 너에게 놀랄 뿐이야   가끔 전화벨이 울리면 왠지 불안해 보이는 너  아주 급한 약속있다며 뒤도 보지 않고 가던 너  나를 만나도 사랑하고 그를 만나 또 사랑하는  값싼 너의 사랑때문에 내 마음이 너무 슬퍼져   너는 다시 내게 돌아와 나를 사랑한다 말하고  그런 너를 보는 내 눈엔 눈물만이 흘러 내리고  나를 만나도 사랑하고 그를 만나 또 사랑하는  값싼 너의 사랑때문에 내 마음이 너무 슬퍼져   사랑이 나를 미치게 했어 사랑이 나를 아프게 했어  그렇게 믿었었던 사랑이 왜 내게 이러는 거야  하지만 이것만은 알아줘  너에겐 아무것도 아닌 사랑이  행복한 내 인생을 바꿔버렸어
2001.07.15~07.21,2,19807,벌써 일년,브라운아이즈,Brown Eyes,2001.06.07,R&B / Soul,한경혜,처음이라 그래 며칠뒤엔  괜찮아져  그 생각만으로 벌써 일년이  너와 만든 기념일마다  슬픔은 나를 찾아와  처음 사랑 고백하며  설렌 수줍음과  우리 처음 만난날 지나가고  너의 생일엔 눈물의 케이크  촛불 켜고서 축하해  I believe in you  I believe in your mind  벌써 일년이 지났지만  일년뒤에도 그 일년뒤에도  널 기다려  너무 보고싶어 돌아와줘  말 못했어  널 보는 따뜻한 그의 눈빛과  니 왼손에 껴진 반지보다  빛난 니 얼굴 때문에  I believe in you  I believe in your mind  다시 시작한 널 알면서  이젠 나없이 추억을 만드는  너라는걸 내가 기억하는 추억은 언제나  지난 웃음과 얘기와 바램들  또 새로 만들 추억은 하나뿐  내 기다림과 눈물 속 너일뿐  I believe in you  I believe in your mind  다시 시작한 널 알면서  이젠 나없이 추억을 만드는  너라는걸  I believe in you  I believe in your mind  벌써 일년이 지났지만  일년뒤에도 그 일년뒤에도  널 기다려
2001.07.15~07.21,3,18357,좋은 사람 (Feat. 김형중),토이,Fermata,2001.05.10,Ballad,유희열,오늘은 무슨일 인거니 울었던 얼굴 같은걸 그가 너의 마음을 아프게 했니 나에겐 세상 젤 소중한 너인데 자판기 커피를 내밀어 그속에 감춰온 내 맘을 담아 고마워 오빤 너무 좋은 사람이야 그 한마디에 난 웃을뿐 혹시 넌 기억하고 있을까 내 친구 학교 앞에 놀러왔던 날 우리들 연인같다 장난쳤을때 넌 웃었고 난 밤 지새웠지 니가 웃으면 나도 좋아 넌 장난이라 해도 널 기다렸던 날 널 보고 싶던 밤 내겐 벅찬 행복 가득한데 나는 혼자여도 괜찮아 널 볼수만 있다면 늘 너의 뒤에서 늘 널 바라보는 그게 내가 가진 몫인것만 같아 친구들 지겹다 말하지 늘 같은 노랠 부르는 나에게 하지만 그게 바로 내 마음인걸 그대 먼곳만 보네요 혹시 넌 그날 내맘을 알까 우리들 아는 친구 모두 모인밤 술취한 널 데리러 온 그를 내게 인사시켰던 나의 생일 날 니가 좋으면 나도 좋아 니 옆에 그를 보며 나완 너무 다른 난 초라해지는 그에게 널 부탁한다는 말 밖에 널 울리는 사람과 위로 밖에 못하는 나 니가 웃으면 나도 좋아 넌 장난이라 해도 널 기다렸던 날 널 보고 싶던 밤 내겐 벅찬 행복 가득한데 나는 혼자여도 괜찮아 널 볼수만 있다면 나 늘 너의 뒤에서 늘 널 바라보는 그게 내가 가진 몫인것만 같아
2001.07.15~07.21,4,20226,난 여자가 있는데 (CF - 컴팩 프리자리오),박진영,놀이,2001.06.07,Dance,박진영,니가 오기전까진 우린 아무 문제가 없었어
2001.07.15~07.21,5,24105,Jumpo Mambo,쿨(COOL),Cool 6ix,2001.07.04,Dance,이승호,음 무얼 하든지 너무   간섭 안하기   누굴 만나도 연락처는   주지 않기   집착 같은건 서로   만들지 않기   과거 따위는 유치하게   묻지 않기   jumpo mambo 외모 집안 학벌   jumpo mambo 직업 능력 성격   jumpo mambo 암만 따져봐도   모두 말짱 꽝   너를 알기엔 아직 너무 모자라   느낌은 좋은데 그게 뭔진   모르겠어   무작정 기다려 그러기엔 뭐하고   딱 잘라 너라고 결정할   순 없는걸   나 역시 그 말은 충분히   이해가 돼   이십년 가까이 따로 살았는데   도대체 서롤 얼마나 만났다고   쉽게 결정할 수 있겠어   같이 삽시다 살아 봅시다   과연 우리 서로 잘 맞는지   어떤지를 한번 겪어 보면 어떨지   같이 삽시다 살아 봅시다   그렇게 하고 싶지만 그럴 순 없어   아직 널 믿지 못 하겠어   jumpo mambo 헷갈리나 니도   jumpo mambo 헷갈린다 나도   jumpo mambo shakarinarina   jumpo mambo love    사랑이란 건 가슴 뛰고 설렌대   콩깍지 때문에 눈에 뵈는   것도 없대   가진걸 다줘도 아까운것 없고   사랑을 위해서 목숨까지 바친대   하지만 왜 그리 쉽게 들   끝내는지   한 번쯤 신중히 생각해 봐야 돼   나만이 너를 영원히 지켜줄게   그 맘 변하지 않을거야   같이 삽시다 살아 봅시다   과연 우리 서로 잘 맞는지   어떤지를 한번 겪어 보면 어떨지   같이 삽시다 살아봅시다   그렇게 하고 싶지만 그럴 순 없어   아직 널 믿지 못하겠어   오 같이 삽시다 살아봅시다   과연 우리 서로 잘 맞는지   어떤지를한번 겪어 보면 어떨지   같이 삽시다 살아 봅시다   그렇게 하고 싶지만 그럴 순 없어   이젠 날 믿지 못하겠어   왜 자꾸 다른 사람이 눈에   띄는지   이런 날 믿을 수 있겠니   긴말 하긴 싫어 그냥 이대로   내곁에   있어 주던지 말던지   갑자기 너 같지 않아서 불안했어   그래도 난 니가 좋은걸   jumpo mambo shakarinarina   jumpo mambo shakarinarina  jumpo mambo shakarinarina  jumpo mambo love  jumpo mambo
2001.07.15~07.21,6,21746,빛,제이,Beautiful Ones,2001.06.21,R&B / Soul,심상원,"taking it day by day  didn't konw how precious your love could be couldn't we try again to make it last  how could you let love go  don't know how much more my heart can take  to see you walk away it breaks my heart  너를 생각하면서  매일 울고 웃는 내 모습 그저 흔한 얘기들뿐인데도 그리워 항상 곁에 있는 널 그땐 느끼지도 못했지  너무 편안한 사람 너무 고마운 사람 I don't wanna end this love cause it hurts  hurts so much, I cried a thousand tears  나의 어둠을 다 밝혀주던 따뜻한 가슴이 when you turn away don't say goodbye  just wanna know you will be alright  세상 가장 밝은 너 다시 널 찾을 수 있게 바라기만 했었죠  아무 것도 아닌 일들에  많이 투정부리던 나였잖아 미안해 너의 아픔 같은 건 내게 보여준 적 없었지 너무 편안한 사람 너무 고마운 사람 don't regret the days when you were loved  happiness is all I want you to know  아픈 눈물로 매일 자라난 널 위한 사랑이  when you look back on all that we've shared  know in your heart my love will be there  그럴 수만 있다면 다시 나에게 돌아와 아무말없이 돌아선 나에게  눈물고인 미소만 보이던 너를 떠난 후에 뒤늦게 깨닫게 되었죠  바보 같은 나를 용서해줘 I don't wanna end this love cause it hurts  hurts so much, I cried a thousand tears  나의 어둠을 다 밝혀주던 따뜻한 가슴이 when you turn away don't say goodbye  just wanna know you will be alright  세상 가장 밝은 너 다시 널 찾을 수 있게 don't regret the days when you were loved  happiness is all I want you to know  아픈 눈물로 매일 자라난 널 위한 사랑이  when you look back on all that we've shared  know in your heart my love will be there  그럴 수만 있다면 다시 나에게 돌아와 how could you let love go don't know how much more my heart can take to see you walk away it breaks my heart"
2001.07.15~07.21,7,8302,내게 오는 길,성시경,처음처럼,2001.04,Ballad,양재선,지금 곁에서 딴 생각에 잠겨 걷고 있는 그대  설레는 마음에 몰래 그대 모습 바라보면서  내안에 담아요   사랑이겠죠 또 다른 말로는 설명할수 없죠  함께 걷는 이 길 다시 추억으로 끝나지않게  꼭 오늘처럼 지켜갈께요   사랑한다는 그 말 아껴둘 걸 그랬죠  이젠 어떻게 내 맘 표현해야 하나  모든 것이 변해가도 이 맘으로 그대 사랑할께요   망설였나요 날 받아주기가 아직 힘든가요  그댈 떠난 사람 그만 잊으려고 애쓰지마요  나 그때까지 기다릴테니   사랑한다는 그 말 아껴둘 걸 그랬죠  이젠 어떻게 내맘 표현해야 하나  모든 것이 변해가도 이 맘으로 그대 사랑할께요   눈물이 또 남아있다면 모두 흘려버려요  이 좋은 하늘아래 우리만 남도록   사랑할 수 있나요 내가 다가간만큼  이젠 내게 와줘요 내게 기댄 마음  사랑이 아니라해도 괜찮아요 그댈 볼 수 있으니  괜찮아요 내가 사랑할테니 -
2001.07.15~07.21,8,1606519,Love Is (Dance Mega Mix Ver.),터보,터보 History,2001.06.20,Dance,이승호,우린 6년전에 만났지
2001.07.15~07.21,9,8293,미소천사,성시경,처음처럼,2001.04,Dance,이희진,You make my heart   keep pumpin'  I can't stop my selt   lovin' you   You make my heart   keep pumpin'  I can't stop my selt   lovin' you   You make my heart   keep pumpin'  I can't stop my selt   lovin' you   You make my heart   keep pumpin'  I can't stop my selt   lovin' you   Tell me that you love   me can not   stand that you're   never mine   you really break my heart   짜증내고 화를 내도 너의   미소만 보면 바보 같은나   넌 누가 봐도 아주 예쁘고   탐스러운 사과 같아   깨물어주고 싶어   안아주고 싶어   너의 핑크 빛 화살에 꽂혔어   넌 모두에게 늘 친절해   그래서 착각들 하지   나만의 애인인걸 잊지 않았다면   내게 더 이상 장난치지는마   욕심이 지나친 걸까   자신이 없는 걸까 불안한   마음뿐야   Tell me that you love me   can not stand that you're   never mine   you really break my heart   짜증내고 화를 내도 너의   미소만 보면 바보같은 나   Ya break my heart feeling  blue got no club  don't wanna leave Ya  i want to conceive ya  come to my complete mind  내게 다가와 나의 텅 빈  마음속을 채워줘  옆에 좀 있어줘 너만을  바라보고 있어  비어 있는 내마음 함께 있어줬음  지갑속의 네 사진은 노랗게  바래져 버렸어  애써 감추지 말아줘  넌 찡그려도 싫증 안나는   사랑스런 천사인걸 아무도 볼수 없게 숨겨두고 싶어  나만의 인형이면 안되겠니  힘겹게 내게 온 너를 잃고  싶지는 않아  불안한 마음뿐야  Tell me that you love me can  not stand that you're  never mine  you really break my heart  짜증내고 화를 내도 너의  미소만 보면 바보 같은 나  Tell me that you love me can  not stand that you're  never mine  you really break my heart  짜증내고 화를 내도 너의  미소만 보면 바보 같은 나  Tell me that you love me can  not stand that you're  never mine  you really break my heart  짜증내고 화를 내도 너의  미소만 보면 바보 같은 나
2001.07.15~07.21,10,19776,추락,백지영,Tres,2001.06.14,Dance,"PabloDurand,LopezRossi",눈을 감아 그댈 기억해봐 눈물이라도 멈추지 않는 그대 추억을 헤어나려고 벗어나려고 너무 애를 써도 소용없었어 혼자라도 괜찮을 거라고 그대 빈자리 채워질거라 믿어왔지만 가면 갈수록 더해만가는 그대 그리움에 견딜수 없어 사랑했어 그대만을 이런 내맘 몰라 그대 나를 떠난 것 같아 후회했어 떠나갈때 눈물이라도 보여 그대를 잡아야 했어 사랑으로 영원할 거라고 나에게 이별은 다시는 오지 않을거라고 그대 곁에서 함께 할때면 다른 아무것도 필요없었어 가끔 그댈 미워하면서도 한번의 손길로 그대 품안에 안겼었지만 이젠 더이상 자신 없다는 그대 그 말 한마디에 끝났어 사랑했어 그대만을 이런 내맘 몰라 그대 나를 떠난 것 같아 후회했어 떠나갈때 눈물이라도 보여 그대를 잡아야 했어 원망했어 떠난 그댈 그대없는 내가 걱정되지 않는 그대가 돌아와줘 나 여기서 천년이라도 사랑으로만 기다리겠어 아니라해도 지쳤다해도 내게 이럴수는 없는 거잖아 사랑했어 그대만을 이런 내맘 몰라 그대 나를 떠난 것같아 후회했어 떠나갈때 눈물이라도 보여 그대를 잡아야했어 라라라라 라라라라 라라라라라라 라라라라라 라라라라라 라라라라 라라라라 라라라라라라 라라라라라 라라라라라
2001.07.15~07.21,11,24290,"Hey, Come On !",신화,"Hey, Come On!",2001.06.28,Dance,신혜성,Break it on down stop   지금이 바꿔버릴 때   거침없이 날아 갈 수 있게 나   타이르고 날 말리고   소용없어 이쯤에서 포기해  어둠속에서 울다 지친 나   이젠 지쳐 소리쳐 깊은   절망속에서 외쳐   더는 갈곳이 없던 힘든 세상에   네가 원했던 꿈을 난 찾을   수 없어 Yeah   Hey hey Come on come   on come on   갇혀버렸던 미래   Hey hey Come on come on   포기하지는 마   Hey hey Come on come   on come on   지켜내야 돼 이젠   Hey hey Come on come   on yo   Break it on down break   it on down   멀리 지났다고 돌아간 걸까   빨리 올라와   break it 넌 항상 비슷해 흘린   투에 Think Uh   내 말은 strategies 기억해라   크게 세상의 속을봐 속에   네 모습을 지켜   참아야만 했어 나의 모든 걸   나 지친 숨가쁜 이젠 나   쓰러 질 것 같은   짧은 순간들 속에 지쳐 가는 나   내 모든걸 위해 참을 수   없어 Yeah   Hey hey Come on come   on come on   찾아 헤맸던 미래   Hey hey Come on come on   멈추지는 마   Hey hey Come on come   on come on   이겨내야 해 이젠   Hey hey Come on come on   Just break it on down   break it on down   언제나 같은 곳의 나   멈춰진 시간 속에 서 있는 너   더 이상 주저하지마   깊은 곳에 빠져 있던 너만의   꿈을 위해   All right 이제 날 너만의 틀에   가둘 순 없잖아   나 견딜 수가 없어 이젠 더 이상  All right 이제는 세상이 나를   버릴 순 없잖아   Hey hey Come on come on yo  Break it on down break  it on down  Hey hey Come on come  on come on  찾아헤맸던 미래  Hey hey Come on come on  멈추지는 마  Hey hey Come on come  on come co  이겨내야 해 이젠   Hey hey Come on come on yo  Break it on down break  it on down  Hey hey Come on come  on come on  갇혀버렸던 미래  Hey hey Come on come on  포기하지는 마  Hey hey Come on come  on come on  지켜내야 돼 이젠  Hey hey Come on come on yo  Break it on down break  it on down  Hey Come on
2001.07.15~07.21,12,20951,Crying,플라워,Bandlife,2001.06,Rock,"이상명,하해룡",crying 초라한 나를 위로하지마   날 그냥 놓아줘  그래 비참한 나를 기다리지마   날 미워 해야 돼  don't cry  영원히 날 죽었다 생각해  그렇게 떠나가 워 crying  다시 네게 돌아가지 않아  끝난거야  이젠 don't cry  crying  미칠 것 같아  너는 혼자서 울고만 있는데  don't cry  나를 위해 넌 다시 시작해  나처럼 울어선 안돼  crying  먼 훗날에 우연히 만나면  외면하길 바래  don't cry  다시 네게 돌아가지 않아  끝난거야 crying  crying
2001.07.15~07.21,13,24136,해변 Mood Song,윤종신,그늘,2001.07.06,Ballad,윤종신,부드러워 모래밭 잔잔히 부서지는 파도소리 앞에서 너와 나 단둘이 이게 바로 천국 아니겠니 안겨볼래 내품에 그렇게 넓고 우람하지는 않겠지만 좋잖아 이럴땐 그냥 와락 안겨보는거야 우리 여기에서 그냥 확 살아 버릴까 난 부족할 게 없어 내가 필요한 건 너 뿐인데 너 하나만 있어준다면 내 인생 바랄 게 없어 I Love You  바라볼래 나의 눈 무언가 이글거리는게 보이지 않니 불타는 내 사랑 겉잡을 수 없이 번진거야 우리 여기에서 그냥 확 살아 버릴까 난 부족할 게 없어 내가 필요한 건 너 뿐인데 너 하나만 있어준다면 내 인생 바랄 게 없어 I Love You
2001.07.15~07.21,14,104868,아름다운 날들,장혜진,It`s My Life: 6집 & Best,2001.05.03,Ballad,조규만,미안한맘 들곤 했었지  널 다그쳐 원한걸  가졌을때 난  그땐 그게 사랑이라  믿고 싶었지  지금도 난 그런거라  믿고 싶은걸  그렇게 한참이나 지났지  날 감싸주던 니 모습 따뜻했지  가끔은 너 나처럼 그땔  떠올리는지  너에게 보채기만 했던  내 모습을  많이 좋아했던 날 너무  철이 없던 날  아무말도 없이 지켜주던 너  많이 보고 싶겠지 나  살아가는 모든날  매일 나는 너를 찾아가겠지  미안하단 말도 못했지  난 태연히 또 널 보며 웃었었지  그렇게 쉽게 널 떠날수 있을거라  나 조차 알지 못했지 바보처럼  많이 좋아했던 날 너무  철이 없던 날  아무말도 없이 지켜주던 너  많이 보고 싶겠지 나 살아  가는 모든날  매일 나는 너를 찾아가겠지  다른 사람 만나 행복할수 있길  내게서 받은 상처 아물기를  용서할수 있겠니 너를  아프게한 날  그냥 꾸밈없이 말해주겠니  많이 좋아했다고 너 살아가는  동안에  가끔씩은 나를 떠올린다고  많이 좋아했던 날 너무 철이  없던 날  아무말도 없이 지켜주던 널  많이 보고 싶겠지 나 살아가는  모든날  매일 나는 너를 찾아 가겠지  매일 나는 너를 꿈꿔 가겠지
2001.07.15~07.21,15,19571,축복,강성훈,비상(飛翔),2001.05.01,Ballad,강은경,알아 이제는 오지 않겠죠 그동안 너무 행복했어요 가끔 내게 전해 준 세상 얘기와 아름답던 꽃 고마웠어요 이제야 내 마음이 놓여요 감사한걸요 그대 가슴에 다시 핀 사랑에 하지만 그댄 모를꺼에요 그게 나란걸 보이지 않게 지켜 주고 싶죠 나 그댈 이렇게라도  아마 낯설지 않았었겠죠 그에게서만 느꼈었나요 그대 보면 반가워 뛰기만 했죠 할 수 있는 건 그것 뿐인데 이제야 내 마음이 놓여요 감사한걸요 그대 가슴에 다시 핀 사랑에 하지만 그댄 모를꺼에요 그게 나란걸 보이지 않게 지켜 주고 싶죠 나 그댈 이렇게라도 눈물이 나도 축복해 드릴께요 날 지우고 이제는 그대의 길을 가세요 부디 괜찮아요 난 워 난 축복받은 삶이죠 이렇게라도 사랑한 그대 곁에 머물도록 영원히 헤어지면 안돼요 그와는 제발 그럼 나와도 이별일 테니깐 꼭 영원하길 바래요 나 두 번 떠나지 않게
2001.07.15~07.21,16,8274,Je T`aime,해이,Hey,2001.04.13,Ballad,이재경,창문을 두드리는 깨끗한 빗소리에  널 만나기전 설렘이 더해가고  영화를 보러갈까 어디로든 떠나볼까  투명하게 물든 거리를 함께 걸어볼까  조금 더 가까이 작은 우산속에  내 한쪽 어깨끝이 다 젖어도 난 좋은걸   널 사랑하나봐 사랑에 빠졌어  이 기분좋은 느낌이 변함없길 바래  널 사랑하나봐 자꾸 보고싶어  매일 모닝커피를 너와 들고 싶어   언제나 힘겨울 때 내게 올 그런사람  애써 얘기하지 않아도 아는 사람  가끔씩 화를내고 때론 내가 토라져도  오랜 친구처럼 살며시 나를 꼭 안아줘  조금씩 다가와 나를 보여줄게  은은한 향기처럼 나의 곁에 머물러줘   널 사랑하나봐 사랑에 빠졌어  이 기분좋은 느낌이 변함없길 바래  널 사랑하나봐 자꾸 보고싶어  매일 모닝커피를 너와 들고 싶어   널 사랑하나봐 꿈은 아니겠지  비를 타고 찾아온 수줍은 내 사랑  널 사랑하나봐 너무나 행복해  언제나 투명하게 나만 사랑해줘  toi et moi eternellement
2001.07.15~07.21,17,78002,하나의 사랑,박상민,The Road,1998.02,Ballad,조은희,가슴속에 차오르는 그대  이렇게 외면 하지만 나는 이미 알고있잖아  그댈 원하고 있어  날 바라보는 그대 눈빛 속에  영원히 머물고 싶어  함께 할 수 없는 사랑을  이젠 견딜 수가 없어 다가갈수록 멀어지는  그대 뒷모습 바라보고 있어  돌아서서 젖어오는 슬픔을  그댄 알 수 없을꺼야  서로 잠시 멀리 있다해도  이제는 느낄수 있어 오직 내가 꿈꿔왔던건  그대라는 단 하나의 사랑  다가갈수록 멀어지는  그대 뒷모습 바라보고 있어  돌아서서 젖어오는 슬픔을 그댄 알 수 없을꺼야 그댄 알 수 없을 꺼야
2001.07.15~07.21,18,53615,사랑일뿐야,김민우,사랑일뿐야,1990.02.10,Ballad,박주연,나를 어떻게 생각하냐고 너는 내게 묻지만 대답하기는 힘들어 너에게 이런 얘길 한다면 너는 어떤 표정 지을까 언젠가 너의 집 앞을 비추던 골목길 외등 바라보며 길었던 나의 외로움의 끝을 비로소 느꼈던 거야 그대를 만나기 위해 많은 이별을 했는지 몰라 그대는 나의 온몸으로 부딪혀 느끼는 사랑일 뿐야 나를 어떻게 생각하냐고 너는 내게 묻지만 대답하기는 힘들어 너에게 이런 얘길 한다면 너는 어떤 표정 지을까 언젠가 너의 집 앞을 비추던 골목길 외등 바라보며 길었던 나의 외로움의 끝을 비로소 느꼈던 거야 그대를 만나기 위해 많은 이별을 했는지 몰라 그대는 나의 온몸으로 부딪혀 느끼는 사랑일 뿐야
2001.07.15~07.21,19,90434,사랑하니까,문차일드,Moon Child 2집,2001.05.11,Rock,강은경,들리지 않아도 나에게 하고픈 니 얘길 다 알아 늘 내가 걱정돼 한숨만 내쉬며 행복을 바라겠지 차라리 너를 하얗게 잊어내며 좋은 사람 만나라고 하고 싶겠지 널 위해서라면 전부터 넌 세상에 없었던 사람이 되길 빌잖아 어떻게 아냐고 그렇게 내가 비니까 멀리 있지만 아마도 우린 같을 테니까 허락된 인연은 다 하고 말았지만 아직도 너와 난 하나라고 느껴질 만큼 사랑하니까  보이지 않아도 지금 넌 어떻게 지낼지 다 알아 왜 사는지 조차 그 이유 모른 체 또 하룰 보냈겠지 누굴 만나도 그 어디에 있어도 마음은 늘 같은 곳을 향해 있겠지 애써 참지만 서글픈 노래라도 들리면 넌 그만 울고 말거야 어떻게 아냐고 그렇게 내가 사니까 멀리 있지만 아마도 우린 같을 테니까 닿을 수 없는 곳에 슬픔이어도 이렇게 헤어져도 우린 사랑하니까 슬퍼하지마 함께 할 내가 없음을 난 니가 되고 넌 내가 되어 살면 되잖아 마음으로 이미 서로를 가진거야 저 하늘마저도 그것만은 어쩔 수 없게
2001.07.15~07.21,20,10837,동경,박효신,Second Story,2001.02.01,Ballad,김동률,우린 서로 너무도 다른 세상에 살아왔죠 한 번 스쳐 지났을 뿐 그 후로 난 멀리서 이렇게 기다려왔죠 언젠가는 내 헛된 꿈이 혹 이뤄질까 날 기억이나 할까요 내 이름조차 생각이나 날까요 누군가 매일 그대를 위해 늘 기도해온 걸 알까요 그대가 난 부럽죠 나 같은 사람 너무나 흔하겠죠 혹시나 그대 알고 있나요 얼마나 행복한 사람인지 아껴왔던 내 맘이 흔하게 묻혀질까봐 단 한번도 편지조차 못했는데 날 기억이나 할까요 내 이름조차 생각이나 날까요 그대는 이미 누군가에게 큰 의미라는 걸 알까요 그대를 사랑해요 나도 모르게 이렇게 돼 버렸죠 혹시나 그대 알고 있나요 그 날 이후로 지금까지 매일 그대의 곁에서 맴돌았다는 걸 그대를 지켜왔었다는 걸 날 사랑하면 안돼요 단 하루라도 그럴 수는 없나요 허튼 생각이란거 알지만 한 번은 말하고 싶었죠 사랑해도 되나요 혼자서라도 사랑하면 안돼요 허튼생각이란거 알지만 한 번은 말하고 싶었죠 그대를 사랑해요
2001.07.15~07.21,21,20966,비(悲),엔알지(NRG),비(悲) - Sorrow,2001.06.04,Ballad,강타(KANGTA),모두 잊어 버리겠다고 나의  기억 속에 지울거라고 너에게 다 해주지 못한 나  내 곁에 넌 날 떠났고 다 버리고 어디로 가야하는  나는 슬퍼도 가슴속에 남아있는 모든 기억도 이젠  모두다 지워갈 수밖에 나 힘겹게 내게 다가왔던  아픔들은 내게 그렇게 지난 추억들을 되돌려 나  너와 함께 걷던 거리 나 너와 함께 했던 얘기와  이제와 아무 것도 볼 수 없는 날 돌이킬수 없는  나 가슴속에 깊은 후회들만 남아 이젠 포기해버렸어 널 잊고  살아가는걸  역시 많이 부족했던 내  사랑인걸 너를 보내던 내 모습 마지막  너의 모습도 너의 목소린 지금도 날  힘들게 해 한순간만 제발 단 한번만  널 다시 볼 수 있다면 여전히 남은 내 사랑을  네게 보여줄게 이 세상은 지금 이세상은  아직 우리 만나 사랑할 세상이 아닌 것만 같아  지금 이 세상에선 창밖에 슬픈 비가 와 내 마음엔 아픈 비가 와 평생을 두고도 만나지 못할  찢겨지는 가슴이여 내 눈물이여 어차피 나올 나의 눈물  언제까지나 그렇게 나 널 기억하고 있을게 더 이상 거짓말을 하지 않을게 널 잊을 수 있다고 널  잊고 있다고 널 잊었다고 난 널 속여왔고 그렇게 내 마음을 썩히고 어리석은 아픔에 난 널  슬프게 했고 내 맘속에 간직하는거야 너와 나 아름다웠던 기억  우리의 추억 영원히 비에 담아 슬픈 비는  다시 하늘에 담아 나의 기억 속에 언제나  살아있는 널 지운채 어떻게 나 살아갈지 이제 내 모든건 이미 널  닮아버렸어 나 도대체 어떻게 널 잊어야해 한 순간만 제발 단한번만  널 다시 볼 수 있다면 여전히 남은 내사랑을 네게  보여줄게 이세상은 지금 이세상은 아직  우리 만나 사랑할 세상이 아닌것만 같아 지금   이 세상에서
2001.07.15~07.21,22,1096487,내게 와 줘,YB,An Urbanite,2001.06.29,Rock,김나애,햇살처럼 눈부시게 내 마음에 쏟아지는 아름다운 그녀 모습 내 마음을 설레게 해 혹시 오늘 아침에도 그녈 만날 수 있을까 그럼 이제 용기를 내서 한번 말을 걸어볼까 아침마다 항상 힘들게 눈을 뜨던 나를 이제 달콤하게 깨우는 그녀 생각 자꾸 자꾸 웃음이 나와 나의 마음속의 그녀 내 맘을 간지럽히나봐 태연한 척 애써봐도 내 가슴을 뛰게 하는 아름다운 그녀 모습 점점 다가오고 있네 오늘은 꼭 그녀에게 좋아한다 말해야지 무슨말을 먼저할까 어떤 표정을 지을까 하지만 내곁을 무심히 스쳐 지나가는 그녀 다른 남자품으로 달려가네 한낱 꿈에 불과했었나 그녀를 원한 나의 마음 또 다시 무참히 깨지네 어디있나 내 사랑은 언제까지 외롭게 날 기다리게 할까  어디있나 내 사랑은 언제까지 외롭게 날 기다리게 할까 누구일까 내 사랑은 언제까지 외롭게 날 기다리게 할까 Oh oh oh oh oh oh 이젠 나도 사랑하고 싶어 Oh oh oh oh oh oh 어디있나 이젠 내게와줘
2001.07.15~07.21,23,21360,밤이 깊었네,크라잉넛,하수연가 (下水戀歌),2001.06.01,Rock,캡틴락,밤이 깊었네 방황하며 춤을 추는 불빛들  이밤에 취해  술에 취해  흔들리고 있네요.  벌써 새벽인데 아직도 혼자네요  이 기분이 나쁘지는 않네요.항상 당신곁에 머물고 싶지만  이밤에 취해  술에 취해  떠나고만 싶네요.  이 슬픔을 알랑가 모르겄어요.  나의 구두여 너만은 떠나지 마요.  하나둘 피어오는 어린시절 동화같은 별을 보면서  오늘밤 술에 취한 마차타고 지친달을 따러가야지.  밤이 깊었네 방황하며 노래하는 불빛들  이밤에 취해  술에 취해  흔들리고 있네요    가지마라 가지마라 나를 두고 떠나지마라.  오늘 밤 새-빨간 꽃잎처럼 그대 발에 머물고 싶어.  딱 한 번만이라도  가지마라 가지마라   날 위해 웃어준다면  나를두고 떠나가지마라   거짓말이었대도  가지마라 가지마라   저별을 따다줄텐데  나를두고 가지마라   아침이 밝아오면  가지마라 가지마라   저 별이 사라질텐데  나를 두고 떠나가지마라   나는 나는 어쩌나  가지마라   차라리 떠나가주오. 워-어-오-  하나둘 피어오는 어린시절 동화같은 별을 보면서  오늘밤 술에 취한 마차타고 지친달을 따러가야지.  가지마라 가지마라 나를 두고 떠나지마라.  오늘 밤 새-빨간 꽃잎처럼 그대 발에 머물고 싶어.  날 안아 주어...
2001.07.15~07.21,24,10398,하루,김범수,Remember,2000.11,Ballad,채정은,사랑이 날 또 아프게해요  사랑이 날 또 울게 하네요  그렇게 사랑했던 추억마저 잊어달라며  사랑은 잔인하게 떠나가네요  정말 내가 괜찮을까요  그대가 한 그 인사처럼  그래 그댄 눈 가린채  모르는 척 떠나는게  차라리 편할 테죠  변할 수도 있는 거겠죠  저 바람도 매일이 다른데  그래도 이 세상에 살고 싶단 행복을 준건  너무나도 고마웠어요  사랑이 날 또 아프게해요  사랑이 날 또 울게 하네요  그렇게 사랑했던 추억마저 잊어달라며  사랑은 잔인하게 떠나가네요    잊을 수도 있을거예요  그대처럼 나도 변하겠죠  하지만 그날까지 내가 어찌 살아낼까요  벌써 그댈 보고 싶어요  사랑이 날 또 아프게해요  사랑이 날 또 울게 하네요  그렇게 사랑했던 추억마저 잊어달라며  사랑은 잔인하게 떠나가네요  이렇게 또 하루가 지나가네요    사랑이 날 또 아프게 하네요  사랑이 날 또 울게 하네요  다시는 못쓰게된 내 가슴은  이렇게 아픈데  사랑은 꿈을 깨듯 허무하네요  이렇게 또 하루가 지나가네요
2001.07.15~07.21,25,23345,미쓰코리아,자우림,Jaurim `True` Live (Live),2001.06.22,Rock,,말은 필요 없지 하지만 묻겠지  모든게 준비 돼있어  오늘은 괜찮아 마음껏 훑어봐 늘 그랬던 것처럼  내 몸을 봐  더듬어 봐 살펴 봐  머리는 무거워  입술은 저려와  하지만 참을수 있어  이 나라의 군인과 사춘기 소년의  환상이 되어줄게  우스운 나의 모습은 우스운 나의 웃음은  우스운 나의 모습은 우스운 나의 웃음은  세계의 평화위해  어색하게 웃음 짓는 미쓰코리아  고귀한 여성이여 명예로운 이름이여  미쓰코리아  세계의 평화위해  어색하게 웃음 짓는 미쓰코리아  고귀한 여성이여  명예로운 이름이여 미쓰코리아   쑈는 모두 끝났어  입술도 풀렸어 까불면 재미없어  새로운 이름과 새로운 세계가  내 앞에 펼쳐져있어  세계의 평화위해  어색하게 웃음 짓는 미쓰코리아  고귀한 여성이여  명예로운 이름이여 미쓰코리아  세계의 평화위해  어색하게 웃음 짓는 미쓰코리아  고귀한 여성이여  명예로운 이름이여 미쓰코리아
2001.07.15~07.21,26,20885,Game Over,베이비복스1기,Boyish Story,2001.05,Dance,"김이지,양재선",차가워진 날 보며 짐작했길 바랄게 끝난 사랑을
2001.07.15~07.21,27,5119,Oh! My Boy,샤크라,Chakra‘Ca 2집,2001.03.07,Dance,이상민,"모든 걸 보여 줬어 다 줬었어 그보다 중요한건 날 버렸어 아픔을 그대에게 주고 싶었어 왜냐면 억울해서 못살겠어 그랬어 이랬어 저랬어 이별하게 됐어 내 사랑이 앞에 있어 10미터 밖에 그렇게 날 버리더니 다시 올 수 밖에 그랬어 이랬어 저랬어 얘기하게 됐어 코스모스 길을 따라 너와 걷게 됐어 걷다가 나 황홀해진 그대와의 키스 찬스라고 생각했던 나의 키스 뺨 한대만 얻어맞고 나를 떠나갔어 I love you 날 Oh 사랑해 왜 그렇게 안돼 이제와서 I love you 날 Oh 사랑해 왜 이렇게 바뀌어야 해 아니란 걸 아니란 걸 알면서 그런데 왜 믿어 왜 믿어 믿지마 여길 왜 와 여길 왜 와 Oh! My boy 저리가 다시 내게 이제 내게 오지마  (oh, my boy ah, oh my joy oh, my boy ah, oh my joy) 사랑을 가르쳤어 고쳐 줬었어 그보다 중요한건 바꿔 놨어 진실한 사랑만을 하고 싶었어 이제는 영원히 날 사랑하겠어 1그리고 2 그리고 4 and 5 and 6 root of reggae six 앨범이었어 오랫동안 그대만을 기다려 왔어 갈 수 없는 길을 나도 걸을 뻔 했어 그대여 나만의 남자 Oh! My boy(오 내 남자친구) 사랑했으면서 왜 그랬어 1그리고 2 그리고 4 and 5 and 6 이미 스친 인연 아니겠어 I love you 날 Oh 사랑해 Oh never 다신 날 떠나지마 I love you 날 Oh 사랑해 Oh 한번만 참아 준다 아니란 걸 아니란 걸 알면서 버렸어 왜 버렸어 왜 버렸어 하지마 또 이런 일 또 이런 일 OH! MY BOY(오 내 남자친구) 그 때는 너도 죽고 나도 죽고 다 죽어!!"
2001.07.15~07.21,28,3680,너를 위해,임재범,Story Of Two Years,2000.05.16,Ballad,채정은,어쩜 우린 복잡한 인연에  서로 엉켜있는 사람인가봐  나는 매일 네게 갚지도 못할만큼  많은 빚을 지고 있어  연인처럼 때론 남남처럼  계속 살아가도 괜찮은 걸까  그렇게도 많은 잘못과 잦은 이별에도  항상 거기 있는 너  날 세상에서 제대로 살게해 줄  유일한 사람이 너란걸 알아  나 후회없이 살아가기 위해  너를 붙잡아야 할테지만  내 거친 생각과 불안한 눈빛과  그걸 지켜보는 너  그건 아마도 전쟁같은 사랑  난 위험하니까 사랑하니까  너에게서 떠나줄꺼야   날 세상에서 제대로 살게해 줄  유일한 사람이 너란걸 알아  나 후회없이 살아가기 위해  너를 붙잡아야 할테지만  내 거친 생각과 불안한 눈빛과  그걸 지켜보는 너  그건 아마도 전쟁같은 사랑  난 위험하니까 사랑하니까  너에게서 떠나줄꺼야  너를 위해 떠날꺼야
2001.07.15~07.21,29,8305,편지 (Original Ver.),최재훈,Trap,2001.04.18,Ballad,채정은,내 영혼이 내 몸을 벗고 자유롭게 될거야 그럼 나의 사랑도 힘든 세상에다 두고 갈거야 그림자로 살아갈 만큼 강한 내가 아니야 널 갖지 못한 나 슬픔이 많던 나 모두 함께 태워 뿌려줘 널 처음 본 날 영화처럼 스쳐가 내 운명을 돌려놓은 그날이 이 세상은 감히 널 선택한 벌이 었나봐  니가 없는 곳에 태어날거야 워~  깨우지마 널 잊게 될테니 가엾은 날 너무 욕하지는마 내가 너로 인해 떠났다고 힘들어도마 그저 새로 시작하고 싶었어 사랑했어 그래서 내가 미치기 전에 멈춰야만 했어 나도 내 사랑이 힘에 겨워서 널 처음 본 날 영화처럼 스쳐가 내 운명을 돌려놓은 그날이 이 세상은 감히 널 선택한 벌이 었나봐  니가 없는 곳에 태어날거야 워~  깨우지마 널 잊게 될테니 가엾은 날 너무 욕하지는마 내가 너로 인해 떠났다고 힘들어도마 그저 새로 시작하고 싶었어 사랑했어 그래서 내가 미치기 전에 멈춰야만 했어 나를 널 다치게 할까봐 끝도 없이 달릴 사랑때문에 이젠 멈춰진 거야 나도 내 사랑도 정말 힘에 겨웠어
2001.07.15~07.21,30,2530,첨이야,홍경민,Hong Kyung Min,2001.03.20,Dance,김창환,첨이야 이런 야릇한 느낌  너를 처음본 그 이후로 뭐든지 니가 원하는 건  다 기분 좋게 해 주고 싶어 평소엔 안 먹던 피자도 난 니가  원하면 맛있게 먹어주고 그렇게 안 보던 멜로 영화도 난 니가  본다면 아무 말 못하고  너를 위해서 재밌다며 봐주지 알고있니 이런 내 마음을 얼마나 널 사랑하는지 니가 곁에 있다는 느낌만으로  내가 행복해 하는걸 가까이와 좀더 내 곁으로 내가 널 안아줄수 있게 아직 사랑한다고 말못했지만  난 이미 내 모든 것을 네게다 준거야  변했어 내가 변해버렸어 너를 만난 그날 이후로 안 보던 거울을 자주 보며  하루 종일 너를 생각해 평소엔 불편해 안 입던 양복도  멋있게 보이려 차려입고 몇 달째 힘들게 길렀던 머리도  안 어울린단 너의 한마디에  그날로 당장 난 머리를 잘랐지 알고있니 이런 내 마음을 얼마나 널 사랑하는지 니가 곁에 있다는 느낌만으로  내가 행복해 하는걸 가까이와 좀더 내 곁으로  내가 널 안아줄수 있게 아직 사랑한다고 말못했지만  난 이미 내 모든 것을 네게다 준거야  알고있니 이런 내 마음을 얼마나 널 사랑하는지 니가 곁에 있다는 느낌만으로  내가 행복해 하는걸 가까이와 좀더 내 곁으로  내가 널 안아줄수 있게 아직 사랑한다고 말못했지만  난 이미 내 모든 것을 네게다 준거야
2001.07.15~07.21,31,62176,끝,싸이(PSY),Psy From The Psycho World,2001.01.18,Rap / Hip-hop,싸이(PSY),너를 처음 본 그 날을 잊지 못하는 나  Uh! Uha! yo! yo! keep on! keep on!   너의 머릿속은 나를 귀찮아 하는 생각 잔뜩  나를 피하려는 마음만 잔뜩  하지만 내 머릿속은 니 모습만으로 가득  나를 등지고 서 있는 너를  혼자 보고 혼자 좋아했던 내가 문득  너를 잊겠다 마음 먹었어  처음부터 지금까지 너무 힘들었어  무관심도 아닌 편견과 오해로 인해  나를 모르는채 나를 나쁘게  생각하는 너의 관심을 얻어보려  그냥 니가 아는 사람중의 한 명이 되어보려  너무나 애써 너에게 다가갔어  아직도 한참 멀지만 그래도 조금 가까워진게  너무나 행복했어 항상 너에게 감사했어  너를 알게 되어서 너와 전화할 수 있게 되어서  가끔이라도 너를 들을 수 있다는게  너무나 행복했어   행복했어 너를 알게 된 순간부터  너무나 행복했어 너를 처음 본 순간부터  너무나 행복했어 지금도 행복해  내가 떠나가도 너는 슬퍼하지 않으니까   전화만 가끔하던 너를  단둘이서 보기는 불편하다던 너를  결국 만나게 된거야 아니 근데 이게 뭐야  이렇게 좋을 수 가 있는거야  어째야 할지 몰라 헛소리 한게 수차례  평소에 잘 되던 것도 잘 안돼  아직도 내 차안에 너를 만날 때  할 말과 할 것을 적어놓은 쪽지가 보일 때  혼자 웃다 또 니 생각날 때가 올까봐  청승맞게 슬퍼질까봐  너를 힘들게 잊었는데 그때가서 나를 찾을까봐  너를 잊기로 한 지금 내 마음  속은 너무나 큰 아쉬움  너를 원했던 만큼 그 마음이 컸던 만큼  쉽게 잊을 수 없는 나의 마음  오랜 후에도 가끔 후회할거야 지금   행복했어 너를 알게 된 순간부터  너무나 행복했어 너를 처음 본 순간부터  너무나 행복했어 지금도 행복해  내가 떠나가도 너는 슬퍼하지 않으니까  행복했어 행복했어   행복했어  지금도 행복해  내가 떠나가도 너는 슬퍼하지 않으니까   더이상 미련은 내게 없어  너에 대한 욕심도 이젠 없어  그동안 아픔 다 지우겠어  너에 대한 미련도 다 지우겠어  더이상 미련은 내게 없어  너에 대한 욕심도 이젠 없어  그동안 아픔 다 지우겠어  너에 대한 기억도 다 없애겠어  이제는 모든 것을 끝내겠어   행복했어 너를 알게 된 순간부터  너무나 행복했어 너를 처음 본 순간부터  너무나 행복했어 지금도 행복해  내가 떠나가도 너는 슬퍼하지 않으니까
2001.07.15~07.21,32,7654,아주 오래된 연인들,클릭비(Click-B),Click-B 3,2001.04.03,Dance,,yes yes yoll to the beat yoll  up to the rhythm that go with my rhyme  what ever you doing  what ever you kicking  Ill be two step be hind you see   for long time 너 하나만  바라다 보며 살아왔던걸 넌 알고 있니  cant you see cant you hear me out   we aint going out like that  like that like that   저녁이 되면 의무감으로 전화를 하고  관심도 없는 서로의 일과를 묻곤하지   가끔씩은 사랑한단 말로  서로에게 위로하겠지만  그런 것도 예전에 가졌던 두근거림은 아니야   처음에 만난 그 느낌 그 설레임을 찾는다면  우리가 느낀 싫증은 이젠 없는 거야이야아   주말이 되면 습관적으로 약속을 하고  서로를 위해 봉사한다고 생각을 하지   가끔씩은 서로의 눈 피해  다른 사람만나기도 하고  자연스레 이별할 핑계를 찾으려 할때도 있지   처음에 만난 그 느낌 그 설레임을 찾는다면  우리가 느낀 싫증은 이젠 없는 거야이야아   처음에 만난 그 느낌 그 설레임을 찾는다면  우리가 느낀 싫증은 이젠 없는 거야이야아 -
2001.07.15~07.21,33,33026,Good Life,드렁큰타이거,The Legend Of...,2001.03.22,Rap / Hip-hop,"김성애,Curbin,다이나믹듀오",한잔 두잔 비워내는 술잔   혀를 지나 목구멍으로   넘어가는 순간   이제부터 시작되는 너와나의 시간  흘러가는 나그네들에 유일한 위안   한잔의 데낄라 같은 쓰디쓴   내 인생은   one shots liquorshots to my   세상 의미   현실에 우물안 같은 내 버림   내 삶 깊이   너와나 old my time   바꿔 삶에 그림자 같은 의미  끝없는 경쟁 속에 나는 우정속에   터지는 기쁨에 눈물 조이는 내 목에   텅 빈 내맘 위해 불러보는   슬픈노래 손에  슬픈 술잔 속에 친구 자니  be walking the dark until he's   back bright back   힙합은 나의 술 so where are   you at   이젠 내 가슴에 파인 상처로 매꿔   그리고 마셔   여지껏 쌓인 나의 울분을 토해 뱉어  채워줄께 가득히 one shots   잔을위로 come on 머리위로   come on   건배 to my 세상 yo everybody   come on   우리위한 축배를 one shots   잔을위로 come on 머리위로   come on  건배 to my 세상 yo everybody   come on  yo 조용히 히 해 내 말좀 들어봐봐   내 술잔처럼 깨져버린 내인생의   drama   나를 버리고 간 너 곧 후회하지 지   지금 누구도 나를 건든다면   후회하지 히   나는 drunken 주정뱅이 끝없이   지껄이는 나   비틀비틀거리는 yo 쓰러져가는 팽이   괜히 저 눈길이 가는 저 table에 lady   the we can make wah we can  make better 항상 내 기대치만큼 더 이상에 만큼  좀 더 깊이 다가가지 못할지라도  항상 텅빈 나의 가슴 채우지  못할지라도  내 인생과 난모든 진실을 위해  내 인생 그것을 위해 우리들에 입에  straight on shots 독한물에 취해 나에  심장으로 부터나온 삶에 많은 얘기  후에 clark와 같이 바람과 함께  나는 사라지네 채워줄께 가득히 one shots  잔을위로 come on 머리위로  come on  건배 to my 세상 yo everybody  come on  우리위한 축배를 one shots  잔을위로 come on 머리위로  come on 건배 to my 세상 yo everybody  come on 채워줄께 가득히 one shots  잔을위로 come on 머리위로  come on  건배 to my 세상 yo everybody  come on  우리위한 축배를 one shots  잔을위로 come on 머리위로  come on 건배 to my 세상 yo everybody  come on 채워줄께 가득히 one shots  잔을위로 come on 머리위로  come on  건배 to my 세상 yo everybody  come on  우리위한 축배를 one shots  잔을위로 come on 머리위로  come on 건배 to my 세상 yo everybody  come on
2001.07.15~07.21,34,24971,꿈을 모아서 (Just In Love),S.E.S.,Surprise,2001.07.11,Dance,S.E.S.,그대에게 줄게요 나의  모든 사랑을  세상에서 오직 하나뿐인  당신을 위해서  당신에게 줄게요 우리  헤어져 있어도  아름다운 미소로  다가오는 매일을  오래도록 기다려왔었던  사랑은 따뜻한 바람 타고  잠에서 깬 나무들 속에서  순결한 꽃잎처럼 빛나고  이제 태어나는 구름  이제 피어나는 꿈들이  메말랐던 이 세상에  아름다운 색으로  내리고 있는걸  당신과 걸어가요 꿈을  모두 모아서  저 하늘 속으로 내 마음  모두 담아둘게요  당신과 걸어가면 보이지  않던 미래도  너무 밝게 우리를 비춰주기 때문에  기다림을 모르는 사람들은  세상에 모두 등을 돌리지만  무너져 버릴 것 같은 추억  모두의 작은 두 손 가득히  내가 간직해온 시절  그땐 무얼 사랑했었나  기억나요 두려움에  아무것도 나는 믿을 수 없었지만  그대에게 줄게요 나의 모든 사랑을  세상에서 오직 하나뿐인  당신을 위해서  당신에게 줄게요 우리  헤어져 있어도  아름다운 미소로 다가오는 매일을  눈물이 왜 흐를까요  태양이 저무는 곳에서  저 석양이 질 때까지  그 빛이 모두 사라져 버릴 때까지  당신과 걸어가요 꿈을  모두 모아서  저 하늘 속으로 내 마음  모두 담아둘게요  당신과 걸어가면 보이지  않던 미래도  너무 밝게 우리를 비춰주기 때문에
2001.07.15~07.21,35,24670,믿을진 모르겠지만…,김진표,JP3,2001.07.06,Rap / Hip-hop,"이적,김진표",매일같이 언제나 당신  사진에 입맞춤하며  깨어나 욕조물 위에 비춘것은  우리 추억의 책이지 당신이 남긴 메시지 그게  시작 페이지  너무도 수줍어 하며 나의  농담 한마디에  넌 얼굴 빨개 알게모르게  사랑은 그렇게 슬쩍  다가와 우리의 날개 끝없이  펼쳐 사랑을 설계 너무도 멀게만 있던 사랑이  내게 huh  모두들 옹기 종기 맑은 공기 당신께 kiss 하기위해 침을  삼킨 용기 당신의 입술의 온기 나와  통한 짜릿한 전기 당신이 내게 들어온뒤  잔뜩 쌓여있는 할일 들  속에서 이미 미리  우리 사랑 예측했지 우리  둘만 끼리끼리  함께할 때면 또 그렇게나  넘 행복했지 어떻게 시간 흘러가는 지도  몰랐지 내게 네게 무슨 흔적 될 수  있을지  이제는 처음으로 돌아가고 싶어 마치  되감기는 테이프처럼 우리  처음과똑같이  이젠 모두 지나버린  옛사랑의 앙금 이제는 마음속에 지울수  없는 상처만 알면서 뻔히 모든것들  멋대로맘대로 망쳐놔 믿을진 모르겠지만  나 아직도 그대를  생각하면 아파 하지만 뭘 어떻게 웃을지  모르겠지만  나 아직도 그때같이 그렇게 바보같이 왜인지 모르겠지만  나 아직도 그대를  생각하면 아파 하지만 뭘 어떻게  누구도 모르겠지만  나아직도 그때같이  그렇게그대를 추억해 그때를 지금도 여전히 당신  사진에 입맞춤 하며  깨어나 거울속 내눈에  비춘것은  우리 추억의 책이지 내가 남긴 메시지 그게  마지막 페이지 언제 부턴가 틀어져 버려  실증 혹 짜증 내가찾은 사랑은 날아가버려  갖은 노력을 한들  이젠 돌아오지 않는 시간들  점점 늘어만가는  넘어지는 술잔들 내게 네게 무슨 흔적 될 수  있을지  이제는 처음으로 돌아가고 싶어 마치  되감기는 테이프처럼 우리  처음과똑같이  이젠 모두 지나버린  옛사랑의 앙금 이제는 마음속에 지울수  없는 상처만 알면서 뻔히 모든것들  멋대로맘대로 망쳐놔 믿을진 모르겠지만  나 아직도 그대를 생각하면  아파 하지만 뭘 어떻게 웃을지  모르겠지만  나 아직도 그때같이 그렇게  바보같이 왜인지 모르겠지만  나 아직도 그대를 생각하면  아파 하지만 뭘 어떻게 누구도  모르겠지만  나아직도 그때같이 그렇게 그대를 추억해 그때를 또 하루가 가고 또 하루가 가고  몇번째의 계절쯤에 나는 다시  또다른 누구에게 상처를 남길지 그런 나를 볼 자신이 없어  그런날이 오지않게 할 자신도 없어 믿을진 모르겠지만  나 아직도 그대를 생각하면 아파 하지만 뭘 어떻게 웃을지  모르겠지만  나 아직도 그때같이 그렇게  바보같이 왜인지 모르겠지만  나 아직도 그대를 생각하면 아파 하지만 뭘 어떻게 누구도  모르겠지만  나아직도 그때같이 그렇게 그대를 추억해 그때를 믿을진 모르겠지만  나 아직도 그대를 생각하면 아파 하지만 뭘 어떻게 웃을지  모르겠지만  나 아직도 그때같이 그렇게  바보같이 왜인지 모르겠지만  나 아직도 그대를 생각하면 아파 하지만 뭘 어떻게 누구도  모르겠지만  나아직도 그때같이 그렇게 그대를 추억해 그때를 믿을진 모르겠지만  나 아직도 그대를 생각하면 아파 하지만 뭘 어떻게 웃을지  모르겠지만  나 아직도 그때같이 그렇게  바보같이 왜인지 모르겠지만  나 아직도 그대를 생각하면 아파 하지만 뭘 어떻게 누구도  모르겠지만
2001.07.15~07.21,36,11109,팔짜,더자두,Jadu Version 0001,2001.03.12,Dance,최준영,이것봐 하하하 나를 웃겼어 미안해 반말하지마 지마 후후후 너는 못됐어 자기야 자긴 무슨 웬 자기 우연히 알게 된 내 남자친구 알고 보니 두 살 아래 어떻게 보면 너무 애기 같고 잘 보면 또 애교 만점 내 자기 우리 자기 누나가 자기 된지 얼마 후 잦던 연락 뜸해지고 들리는 소문엔 어여쁜 어린애를 만난다나 이것봐 하하하 나를 웃겼어 미안해 반말하지마 지마 후후후 너는 못됐어 자기야 자긴 무슨 웬 자기 그뒤로 알게된 내 남자친구 알고 보니 열두살 위 똑같은 띠라 너무나 좋다고 궁합 볼 필요도 없대 나 개띠 너도 개띠 오빠가 자기 된지 얼마 후 잦던 연락 뜸해지고 들리는 소문엔 어여쁜 와이프와 심각하대 이것봐 하하하 나를 웃겼어 미안해 반말하지마 지마 후후후 너는 못됐어 자기야 자긴 무슨 웬 자기 맞서 싸우리 나 맞서 싸우리 팔짜 맞서 싸우리 나 맞서 싸우리 팔짜 맞서 싸우리 나 맞서 싸우리 팔짜 맞서 싸우리 나 맞서 싸우리 팔짜 아무렇게나 살아가도 되는지 이게 내가 타고난 운명인건지 나를 누가 말려줘 나를 누가 잡아줘 잡아줘 사랑받고 싶어  이것봐 하하하 나를 웃겼어 미안해 반말하지마 지마 후후후 너는 못됐어 자기야 자긴 무슨 웬 자기 이것봐 하하하 나를 웃겼어 미안해 반말하지마 지마 후후후 너는 못됐어 자기야 자긴 무슨 웬 자기 자긴 무슨 왠 자기 아 팔짜
2001.07.15~07.21,37,90478,바람난 남자,스페이스에이,City Mania,2001.06.08,Dance,,너무 잘 생겼잖아 섹시하잖아 넌 나의 이상형이야 죽어도 사랑한다고 애기했잖아 이제는 믿지 않을래 내 맘이 움직인걸 어떻게 할 수있니 너 아닌 다른 여잘 사랑한 걸 어떡하니 네가 원하면 언제라도 난 너에게 달려갔어 나의 마음과 너의 마음이 같을거라 믿었어 가끔 연락없이 사라지는 널 이해하지 못한 날 한마디로 넌 아프게 했어 다 집착이야 우리 사랑 하나라고 믿었었는데 너 없으면 못산다고 빌었었는데 그 누구도 막지 못할 사랑이였기에 행복했는데 그랬었는데  애원하고 붙잡아도 소용없는데 찢어진 상처안에 내가 살잖아 후생에서 다시 만나 사랑한다면 두번 다시는 아픔이 없는 사랑을 할거야 내게 왔던 사랑 다 집어쳐버려 내게 지금 후회 또 상처나면 이제 지울거라고 내가 네가 하나라고 믿고 또 봐도 잊혀지면 되는거라 생각해 봐도 가식으로 현실속을 헤매고 애타게 불러봐도 소용없다고 가끔 연락없이 사라지는 널 이해하지 못한 날 한마디로 넌 아프게 했어 다 집착이야 우리 사랑 하나라고 믿었었는데 너 없으면 못 산다고 빌었었는데 그 누구도 막지 못할 사랑이였기에 행복했는데 그랬었는데 애원하고 붙잡아도 소용없는데 찢어진 상처안에 내가 살잖아 후생에서 다시 만나 사랑한다면 두번 다시는 아픔이 없는 사랑을 할거야
2001.07.15~07.21,38,6855,I` ll Be There,이브,The 4th Album,2001.04.11,Rock,G.고릴라,I'm so lonely I'm so lonely 그대 날 떠나간 그날 이후로 수많은 밤과 슬픈 아픔에도 너를 잊지못해 나는 혼자인 걸 그리워도 못잊어도 두번 다시는 볼 수 없겠죠 다 아는데도 그리 쉽지 않아 너를 잊지못해 나는 혼자인걸 I'll be there 나에겐 그대 하나 뿐이야 항상 너만 꿈꾸며 살아가는  나에게로 What a feeling I feel love 너도 알고 있잖아 많은  날이 지나도 I'll be there and I'll be  there and wait for you 소중한 사랑이란걸 알아 언젠가 나에게 가르쳐 주고 이제 나만 혼자 남아 I can't breath without you and I can't live without you I'll be there 나에겐 그대 하나 뿐이야 항상 너만 꿈꾸며 살아가는  나에게로 What a feeling I feel love 너도 알고 있잖아 많은  날이 지나도 I'll be there and I'll be  there and wait for you  I'll be there I'll be there
2001.07.15~07.21,39,89900,Get Away,A-TOM,Be-Lie-Ve,2001.02.07,Dance,,1. 내겐 아무도 오지 않았어 하루 하루가 다 의미 없는 날들 세상모두가 날 외면 했었고 세상 끝에서 난 혼자 서있어 버림 받았다고 혼자 뿐이라고 생각했던 나의 그 아픈 나날들 이제는 하늘높이 날아가고 싶어 더 이상 나를 혼자 두진 말아줘  이제는 내게 말해줘 이제는 내게 보여줘 지금껏 느낄수 없던 따뜻 한 너의 마음을 이제는 느낄수 있게 이제는 웃을수 있게 지친 내 손을 잡아줘 Let my loneliness get away  (rap) 이제 멈춰 제발 멈춰 너의 쓸데 없는 무관심 차가움 이젠 제 발 집어쳐 사방을 두른 벽속에 살며 혼자 걸어가는 길이 이젠 견딜 수가 없어 come in a get yo! come on get away 나를 바라봐 아- yeah! 나의 지친 손 잡아줘 One one Two two everybody come on!  2. 신문에 실린 소외된 이들 하나하나가 다 내 얘긴 것 같아 사람 들 시선 두려워 하는내 내 모습 보면 다시 또 한숨만. 누가 날 이렇게 만들어 가는지 누가 날 이렇게 슬프게하나 이제는 하늘 높이 날아가고 싶어 더이상 나를 혼자 두진 말아줘   또 다시 나를 외면해 내게 증을 돌리네 날 잡아줘 단한번만 닫혀 있는 마음을 열어줘 너의 무관심 속에서 너의 차가 움 속에서 한줄기 빛을 보여줘 Let my loneliness get away 힘차게 날아 오르게 마음껏 숨쉴 수 있게 내게 날개를 달아줘 Let my loneliness get away
2001.07.15~07.21,40,90784,백일기도,샵,4ever Feel So Good,2001.02.20,Dance,김영아,바래 바래 바래 바래 바래 바래  바래 바래 바래 바래 바래   바래 바래 바래  바래 바래 바래 니가 내게   있기를 바래   바래 바래 바래 딴데로 가지   않기를 바래   바래 바래 바래 언제나 곁에   있기를 바래   바래 바래 바래 오 내 맘을   알아주길 바래   얼마나 기다려야 곁에있는   날 보겠니   이번에 만난 그애도 얼마못가   끝날걸 알아   Well I guess you knew too   my truth 찍었던 우리 사랑   그렇게도   you tell me live learn you   give you night night   I thought about it   so what so tell me about it   품으로 와 찾아 와   I get you back first  편한건 나뿐이라고 때마다   나를 찾아도   정말 나 원하는 건 너의   사랑이란 걸 알잖아   올래말래 이제는 말해 설래절래   얼마나 잴래   나보다 사랑 할 사람없단걸  알잖아   몰래몰래 너몰래 흘린   나의 눈물봐   니사랑 나 달라고 기도해 손모아   기다리는 날 잡아  바래 바래 바래 니가 내게   있기를 바래   바래 바래 바래 딴데로 가지   않기를 바래   바래 바래 바래 언제나 곁에   있기를 바래   바래 바래 바래 오 내 맘을   알아주길 바래   가까이 서도 니맘까진 닿진 못해   너 아닌 누굴 만나도 내마음은   너와 있는데   아파한 시간만큼 널 위해  기도했던 만큼  그만큼 니가 내게 다가오게  너 뿐이였어  널 그리워 했던만큼 널  사랑하고 있던 만큼  언제라도 항상 내 사랑은  항상 너만을 위한 것  너 누굴 만날 때마다 난 항상  외톨이었어  너만을 바라보는 순애보도  이제는 지쳐가  올래말래 이제는 말해 설래절래  얼마나 잴래  나보다 사랑 할 사람없단걸  알잖아  몰래몰래 너몰래 흘린  나의 눈물봐  니사랑 나 달라고 기도해 손모아  기다리는 날 잡아 stay here by my side uh don't  you leave my side hu  How can I get you to come  back don't wanna let you go  마지막 백일의 기도 백년의  기약이 되길  그렇게 원하고 있어 이제 그만  내 사랑을 봐  갈래갈래 뒤돌아 갈래 끝내끝내  맘처럼 안돼  조금씩 내맘도 흔들리는걸  어떡해  그래그래 이번엔 정말  마지막이야  이만큼 사랑할 한 여자 다시는  찾지 못하테니까  바래 바래 바래 니가 내곁에  있기를 바래 바래 바래 바래 딴데로 가지  않기를 바래  바래 바래 바래 언제나 곁에  있기를 바래  바래 바래 바래 바래 바래
2001.07.15~07.21,41,2696149,그녀의 집앞에서 (Feat. 양해중),내추럴플러스,Natural The 1st,2001.03.21,Ballad,박태수,한참을 이렇게 그대 오기만을 기다리다 끝내 돌아오는데
2001.07.15~07.21,42,85108,바보,박효신,해줄수 없는일,1999.12,R&B / Soul,조우진,너무 모르고 있죠 이미 떠난 사인데  언젠가 올 거란 생각에 마냥 웃고만 있죠  슬픈 상처뿐인데 곁에 있을 거라 믿었죠  걱정돼요 내가 없으면 어느 것 하나도 할 수 없던 사람인데  꼭 한번 만날 수 있다면 아직 남겨진 내 맘 전하고 싶은데  내가 부족한가요 당신을 원한 이유로 이렇게 날 외면하려 하나요  단 한번 사랑을 믿어요 볼 수 있다면 나 웃고 살 수 있는데  허나 다른 사랑 찾아가란 말은 말아요 날 버리진 않겠죠  그럴 리 없잖아요 you  부탁해요 곁에 없어도 몸조심하세요 참 힘겨워 했잖아요  또 다시 만날 수 있다면 아직 남겨진 내 맘 전하고 싶은데  내가 부족한가요 당신을 원한 이유로 이렇게 날 외면하려 하나요  단 한번 사랑을 믿어요 볼 수 있다면 나 웃고 살 수 있는데  허나 다른 사랑 찾아가란 말은 말아요 날 버리진 않겠죠  그럴 리 없잖아요  언젠가 잠시라도 기억 할 수 있다면 난 그걸로 되요
2001.07.15~07.21,43,1213165,Special Night,양파,Perfume,2001.03.30,Ballad,양파,On the special night I want to tell you how much I love you  나 그대에게 다 고백할게 아무 약속 없는 친구 사인 너무 힘들어 그냥 말없이 눈 감아요 조심스레 눈뜨면 거짓말처럼 내 모든 걸 사랑하게 되는 운명이죠 On the special night I want you to know 나 그댈 사랑해요 곁에 있어도 너무 보고 싶어 이런 순간이 다신 없겠죠 My love 나 그대에게 다 감사해요 어두운 내 맘도 우리 행복으로 숨쉬죠 바라만 봐도 좋은 그대 조심스레 꿈 깨면 거짓말처럼 이 모든 게 사라져 버리진 않겠지요 On the special night I want you to know 나 그댈 사랑해요 먼 훗날 우리 지금 모습처럼 내 안에 그대 영원하겠죠 My love 나 두 번 다시 후횐 않겠죠 그대와 함께라면 이젠 On the special night I want you to know 나 그댈 사랑해요 곁에 있어도 너무 보고 싶어 이런 순간이 다신 없겠죠 My love
2001.07.15~07.21,44,19175,고백,이승철,Confession,2001.03.21,Dance,이승철,느낌이와 멀어져 가고 있는 느낌이와  이젠 떠나가줘 내곁에서 널 사랑했던 눈물도 이젠 없어  그 어느날 빗속에 가려진 내 눈물보며  이젠 기억할수 없을 만큼만 사랑해 달라며  내게 애원하던 너의 고백을 아직도 믿고 싶진 않지만  멀어져 간 너의 그 모습에 영원히 할수있을까  아쉬운 너의 기억이 잊혀질수만 있다면  널 다시 볼수 없음에 난 이제 행복해지려해..  너의 고백을 아직도 믿고 싶진 않지만 멀어져 간 너의 그 모습에 영원히 할수 있을까 아쉬운 너의 기억이 잊혀질수만 있다면 널 다시 볼수 없음에 난 이제 행복해지려해 아쉬운 너의 기억이 잊혀질수만 있다면 널 다시 볼수 없음에 난 이제 행복해지려해
2001.07.15~07.21,45,7711,늘 지금처럼,핑클,Memories & Melodies,2001.04.13,Dance,최수정,Come on baby tonight come on baby tonight 사랑한다는 말은 더 달콤하게 이 밤이 지나면 잊어버리지 마 그댈 보는 내 모습이 초라해 지지 않게  사랑하는 사람이 내 곁에 있고 그대 눈 속에 내가 가득해 이 세상 모든 것이 변한다고 해도 나를 놓지 마 눈을 뜨는 아침에 햇살이 나의 창을 두드릴 때 그대 팔에 잠을 깨고 내 모습이 초라해져 내가 미워 보일 때도 늘 지금처럼 나를 안아 줘 Come on baby tonight come on baby tonight 사랑한다는 말은 더 달콤하게 이 밤이 지나면 잊어버리지 마 그댈 보는 내 모습이 초라해 지지 않게  외로웠던 지난 날은 잊어버려 그대 사랑을 받아들일게 눈으로 숨겨온 그대의 어떤 말도 느낄 수 있어 우리 둘을 둘러싼 주변의 소문들이 방핼해도 언제까지 흔들리지 마 나의 작은 실수라도 내가 부족해 보여도 늘 지금처럼 나를 안아 줘 Come on baby tonight come on baby tonight 사랑한다는 말은 더 달콤하게 이 밤이 지나면 잊어버리지 마 그댈 보는 내 모습이 초라해 지지 않게  Come on baby tonight come on baby tonight 사랑한다는 말은 더 달콤하게 이 밤이 지나면 잊어버리지 마 그댈 보는 내 모습이 초라해 지지 않게 Come on baby tonight come on baby tonight 사랑한다는 말은 더 달콤하게 이 밤이 지나면 잊어버리지마 그댈 보는 내 모습이 초라해 지지 않게
2001.07.15~07.21,46,1698077,기억이란 사랑보다,이문세,Old And New,2002.02.09,Ballad,이영훈,내가 갑자기 가슴이 아픈 건 그대 내 생각하고 계신거죠 흐리던 하늘이 비라도 내리는 날 지나간 시간 거슬러 차라리 오세요 내가 갑자기 눈물이 나는 건 그대 내 생각하고 계신거죠 함박눈 하얗게 온 세상 덮이는 날 멀지 않은 곳이라면 차라리 오세요 이렇게 그대가 들리지 않을 말들을 그대가 들었으면 사랑이란 맘이 이렇게 남는건지 기억이란 사랑보다 더 슬퍼 기억이란 사랑보다 더 슬퍼  내가 갑자기 눈물이 나는 건 그대 내 생각하고 계신거죠 새하얀 눈꽃이 온 세상 날리는 날 멀지 않은 곳이라면 차라리 오세요 이렇게 그대가 들리지 않을 말들을 그대가 들었으면 사랑이란 맘이 이렇게 남는건지 기억이란 사랑보다 더 슬퍼 기억이란 사랑보다 더 슬퍼
2001.07.15~07.21,47,526821,결혼해줘,임창정,Again (그때 또 다시),1997,Ballad,김형석,그럴지도 몰라 널 만나기  위해 많은 날들을 아픔 속에서 내 눈물 속에서  보내야만 했었었는지 왜 웃기만 하니 뭐라고 말해봐 너도 나처럼  기다렸다고 날 사랑한다고 다시 슬픈  이별은 없다고 혼자이면 언제나 끝도 없는  그리움이 밀려와 무엇하나 시작할 수 없던 날들 내곁에 머물러 주렴 내가 다시  꿈을 꿀 수 있게 그래도 가끔은 그 언젠가처럼 다시 이별이 찾아올까봐 난 두렵기도 해 슬픈 내 눈빛  이해하겠니 이것만 기억해줘 너의 마지막  사랑이라는 걸 많은 시간 지나 모두 변한대도  지금 이 설레임들을 아름답게  간직 하는 거야 사랑해 지금처럼 영원히  환한 네 미소 이젠 내가 지켜줄게 혼자이면 언제나 끝도 없는  그리움이 밀려와 무엇하나 시작할 수 없던 날들 너를 만난 이후 다시 꿈 꿀 수 있어 이것만 기억해줘 너의 마지막  사랑이라는 걸 많은 시간 지나 모두 변한대도 지금 이 설레임들을 아름답게  간직 하는 거야
2001.07.15~07.21,48,10580,괜찮아요,조관우,연(緣),2001.01.30,Ballad,이희승,따뜻한 말 한마디 해 준 적 없고 그 좋아하는 영화 한 편 못보고 술 취한 기운에야 널 사랑한다 안고 싶다 했어 나와의 만남은 너에겐 이미 무뎌져 있어 서러운 나의 눈물도 귀찮아 했어 이대로 떠나가지 말아요 가지 말아요 돌아오라는 그 말은 끝내 난 못했어 처음엔 이러지 않았잖아 나의 모든 걸 책임진다 했잖아 종일 봐도 아쉬워서 다시 집 앞으로 돌아왔잖아 이제는 너를 감당못해 나도 이쁜 공주이고 싶어 자꾸 눈물이 나 이렇게 이렇게 되긴 싫었어 괜찮아요 날 위해 울지 말아요 행복이 거기 있다면 내 슬픔 상관 말아요 날 잊어요 정말 괜찮아요 마음엔 없지만 그 말밖엔 더 줄 것이 없어요 이대로 떠나가지 말아요 가지 말아요 돌아오라는 그 말은 끝내 난 못했어 다들 모두 그러려니 했었어 바쁜 탓에 그러려니 했었어 하지만 난 그러다 난 자꾸 지쳐가고 곁에 있는 너 때문에 외로워서 혼자 있는 그 슬픔은 너무 힘들어서 날 위로해 준 누군갈 만났고 난 이제 나는 널 떠나겠어 난 떠나겠어 괜찮아요 날 위해 울지 말아요 행복이 거기 있다면 내 슬픔 상관 말아요 날 잊어요 정말 괜찮아요 마음엔 없지만 그 말밖엔 더 줄 것이 없어요  괜찮아 난 난 괜찮아 니 부모에게 나보다 더 잘 했었고 부족한 너였어도 질책 한 번 없었어 생일 날 옷 한벌 사준 적이 없어도 기억한 그 마음이 고마웠어 그런 나를 니가 울게 했어 그런 나를 다시 나를 다시 니가 울게 했어 더 붙잡을 수 없어 그 자격 없어 나를 나를 보내야만 해
2001.07.15~07.21,49,68576,나의 노래,이현우,Let`s Go Fishing,1996,Rock,이현우,이렇게 걸어왔잖아 짙은 어둠속으로 하지만 후회하진 않아 많은 것을 잃었다고 생각했지만 얻은 것이 더욱 많았어 이렇게 너를 보잖아 이렇게 웃고 있잖아 하지만 눈앞이 흐려와 내게 소중한것들을 알게되었어 네게 들려주고 싶었어 내가 사랑하는 노래가 내 귓가에 흐르고 있어 그리고 난 나의길을 갈꺼야 나만의 길을  이렇게 자유롭잖아 이렇게 평화롭잖아 아무런 두려움 없잖아 많은 것을 잃었다고 생각했지만 얻은 것이 더욱 많았어 오늘도 나는 바라봐 해맑은 아이의 눈을  그리고 난 사랑을 해 이리로 다가와 나의 품에안기겠니 나는 널 닮아가고 싶어 내가 사랑하는 노래가 내 귓가에 흐르고있어 그리고 난 나의길을 갈꺼야 나만의 길을 내가 사랑하는 노래가 내 귓가에 흐르고있어 그리고 난 나의길을 갈꺼야 나만의 길을
2001.07.15~07.21,50,3526118,마지막 시간,박정현,Lena Park Forever,2011.08.04,R&B / Soul,박지미,다정하게 내게 말해줘 나 이제 울지 않아 외로움 때문에 나의 마음은 더욱 힘들어 솔직하게 내게 말해줘 나 이제 알고 있어 나 원하는대로 할 수 없다면 나는 어떡해 너는 아무 말 하지 않았지만 제발 오늘은 있어줘 오 네 모습 멀어져가면 돌이킬 수 없는거야 내 마음 깊이 간직한 기억들만 생각할께 너와의 마지막 시간 너는 아무 말 하지 않았지만 제발 오늘은 있어줘 오 네 모습 멀어져가면 돌이킬 수 없는거야 내 마음 깊이 간직한 기억들만 생각할께 너와의 마지막 시간 너와의 마지막 시간
