time,rank,song_id,title,singers,album,date,genre,creator,lyric
2000.10.15~10.21,1,106212,아시나요,조성모,Let Me Love,2000.09.01,Ballad,강은경,아시나요 얼마나 사랑했는지 그댈 보면 자꾸 눈물이 나서  차마 그대 바라보지 못하고 외면해야 했던 나였음을  아시나요 얼마나 기다렸는지 그대 오가는 그 길목에 숨어  저만치가는 뒷모습이라도 마음껏 보려고 한참을 서성인 나였음을  왜 그런 얘기 못했냐고 물으신다면  가슴이 아파 아무 대답도 못하잖아요  그저 아무것도 그댄 모른채 지금처럼만 기억하면되요 우릴 그리고 나  아시나요 얼마나 힘겨웠는지 하고 싶은 말이 너무 많아서  듣지 못하는 병이라도 들면 그땐 말해 볼 수 있을까요  모르셨죠 이렇게 아픈 내 마음 끝내 모르셔도 난 괜찮아요  그댈 향한 그리움의 힘으로 살아왔던거죠 그대가 없으면 나도 없죠  몇 번을 다시 태어나고 다시 떠나도  그댈 만났던 이세상 만한 곳은 없겠죠  여기 이세상이 아름다운 건 그대가 머문 흔적들 때문에 아마  슬픈 오늘이 같은 하늘 아래 그대와 내가  함께 서있는 마지막 날인걸 그댄 아시나요
2000.10.15~10.21,2,88794,울트라맨이야,서태지,울트라맨이야,2000.09.09,Rock,서태지,we are the youth youth youth 항상 못된 내겐 truth truth truth  내게 미쳤다고 그래 모두 그래  다들 그래 다들 그래  마져 그래 난 더 미치고 싶어 울트라맨 어렸을적 내 꿈엔  울트라맨 여긴 진정 어떤 나라인지  울트라맨 이제부턴 진정 난  울트라맨 수퍼 초울트라 매니아  솔직한 해답을 갖자 영웅이란 존재는 더는 없어  이미 죽은지 오래 무척 오래  저 태양아래 바로 이날의 영웅은 바로 너야  울트라맨 어렸을적 내 꿈엔  울트라맨 여긴 진정 어떤 나라인지  울트라맨 이제부턴 진정 난  울트라맨 수퍼 초울트라 매니아  반듯했던 네겐 울트라 같은 펀치  간듯했던 네겐 울트라 같은 펀치  빈듯했던 내게 울트라 같은 펀치  간듯했던 내겐 울트라 같은 펀치  심사의 세대 닫힌 네겐  서툰 새빛조차 두렵겠지만  난 좋기만해 난 더 기대가 돼  너 다시 내게 짓굳게 굴땐 가만안두리라  넌 이제 울트라의 이름의 심판 받으리라  네 잣대로다 우릴 논하다 조만간 넌 꼭   we are the youth youth youth 항상 넌 또 내겐 juice juice juice  내게 미쳤다고 모두 그래 다들 그래  미친 매니아들에 세상 밝은 미친 세상  울트라맨 어렸을적 내 꿈엔  울트라맨 여긴 진정 어떤 나라인지  울트라맨 이제부턴 진정 난  울트라맨 수퍼 초울트라 매니아
2000.10.15~10.21,3,75263,Outside Castle (The Castle Outsiders),H.O.T.,Outside Castle,2000.10.02,Dance,문희준,"oh! 너희의 모든 걸 나는 닮고 싶었어.  한없이 기도했지만  하지만 나에겐 단지 바램이었고  내 곁에 모두가 떠났어  이 세상이 너무 힘겨워  두 눈을 모두가 감아버리려 하고 있나  난 이 세상에 모든 걸  어둠으로 긴 어둠으로 바라보고 있어  모든 것을 위해서 난 오직 살아남기 위해서  그렇게 모든 것 너희와 다른  나는 가슴속에 몸부림에 지친 Everyday  항상 나에겐 너희의 다른 시선과  편견으로 나를 바라보고 관심조차 없는 사람들 속에  외로이 홀로 살아가고 있고  그래도 내가 살아가는건  내가 살아갈 수 있는 건  내 가슴속에 살아있는 희망과  사랑이 사랑이 있기에  우리 가슴속에 보여 줘야해(보여줘야해)  잊고 살아가던 사랑있음을(사랑이 있었음을)  지치거나 쓰러지지 않도록(너∼)  하나되어 우리 살겠어   나나 이 세상에서 사랑없이 나를 잃어버린 나  나나 그토록 한없이 힘겨워 했나  너 위해서 내개서 모든 것  꺼져버린 마음과 찢겨진 마음과  모든 것이 나로 인해 생긴 거라 믿을게  너 위해서 내게서 모든 걸  Keep your game tight, for you right 내가 don't you wanna fight back!  내가 살수 있는 그날이 오기를  홀로 외롭지 않게 너희의 사랑과  너희의 믿음으로 우리가 살수 있게~  우리 가슴속에 보여줘야해(보여 줘야해)  잊고 살아가던 사랑 있음을(사랑이 있었음을) 지치거나 쓰러지지 않도록(너∼)  하나되어 우리 살겠어   지치거나 쓰러지지 않도록 하나되어 우리 살겠어"
2000.10.15~10.21,4,3680,너를 위해,임재범,Story Of Two Years,2000.05.16,Ballad,채정은,어쩜 우린 복잡한 인연에  서로 엉켜있는 사람인가봐  나는 매일 네게 갚지도 못할만큼  많은 빚을 지고 있어  연인처럼 때론 남남처럼  계속 살아가도 괜찮은 걸까  그렇게도 많은 잘못과 잦은 이별에도  항상 거기 있는 너  날 세상에서 제대로 살게해 줄  유일한 사람이 너란걸 알아  나 후회없이 살아가기 위해  너를 붙잡아야 할테지만  내 거친 생각과 불안한 눈빛과  그걸 지켜보는 너  그건 아마도 전쟁같은 사랑  난 위험하니까 사랑하니까  너에게서 떠나줄꺼야   날 세상에서 제대로 살게해 줄  유일한 사람이 너란걸 알아  나 후회없이 살아가기 위해  너를 붙잡아야 할테지만  내 거친 생각과 불안한 눈빛과  그걸 지켜보는 너  그건 아마도 전쟁같은 사랑  난 위험하니까 사랑하니까  너에게서 떠나줄꺼야  너를 위해 떠날꺼야
2000.10.15~10.21,5,27638,성인식,박지윤,성인식,2000.07.26,Dance,박진영,그대여 뭘 망설이나요  그대 원하고 있죠  눈앞에 있는 날 알아요 그대 뭘 원하는지  뭘 기다리는지 그대여  이리와요 나도 언제까지 그대가  생각하는 소녀가 아니예요  이제 나  여자로 태어났죠  기다려준 그대가 고마울 뿐이죠  나 이제 그대 입맞춤에  여자가 돼요  난 이제 더 이상 소녀가  아니예요  그대 더 이상 망설이지 말아요  그대 기다렸던 만큼  나도 오늘을 기다렸어요  장미 스무송일 내게 줘요  그대 사랑을 느낄 수 있게  그댈 기다리며 나 이제  눈을 감아요  그대여 나 허락 할래요  나만을 바라보던 그대의 사랑을 사랑은 너무나 달콤하고  향기로운거란 걸 내게  가르쳐줘요 항상 힘들어하는 그대  기다려 주던 그대  모습 바라보는 내 마음도  아팠어요  하지만 이제 내게 더  기다려야 될  이유가 없어지는 날이 온 거예요  난 이제 더 이상 소녀가  아니예요  그대 더 이상 망설이지 말아요  그대 기다렸던 만큼  나도 오늘을 기다렸어요  장미 스무송일 내게 줘요  그대 사랑을 느낄 수 있게  그댈 기다리며 나 이제  눈을 감아요  나도 언제까지 그대가  생각하는 소녀가  아니예요 이제 나 여자로  태어났죠  기다려준 그대가 고마울  뿐이죠 나  이제 그대 입맞춤에  여자가 돼요  난 이제 더 이상 소녀가  아니예요  그대 더 이상 망설이지 말아요  그대 기다렸던 만큼  나도 오늘을 기다렸어요  장미 스무송일 내게 줘요  그대 사랑을 느낄 수 있게  그댈 기다리며 나 이제  눈을 감아요
2000.10.15~10.21,6,27654,Now,핑클,Now,2000.10.16,Dance,홍지유,came in to my life ye make me fly again ye 늘 바래왔던 상상처럼 always be with you ye are the one for me ye 내게 눈이 먼것처럼 날 보는 시선을 느낄 수 있어 그대로 다가와 call me 조금씩 내 안에 빠져 들어와 널 내게 맡겨봐 kiss me 그냥 보낼 순 없어 나 그려왔던 너를 놓칠 순 없어 내 가슴 파고드는 그 눈빛 속에 나 살고 싶어 Don't say goodbye I know you miss me I'm crazy now 뜨거운 너의 품에 쉴 수 있게 꿈꿔왔던 satisfaction 모든 내 사랑을 다 주고 싶은 나 came in to my life ye make me fly again ye 늘 바래왔던 상상처럼 always be with you ye are the one for me ye 내게 눈이 먼것처럼 첫눈에 모든걸 다 사로잡았던 환상적인 시선 show me 불꺼진 내 맘을 다 채워주었던 완벽한 니 모습 tell me 내가 느끼는만큼 너 똑같다면 나를 피하지는 마 더 후횐 없는거야 그 체온 속에 날 데려가 줘 Don't say goodbye I know you miss me I'm crazy now 뜨거운 너의 품에 쉴 수 있게 꿈꿔왔던 satisfaction 모든 내 사랑을 다 주고 싶은 나 I can't live without you 나는 기다려 운명의 끈에 걸린 너만을 영원히 I know you miss me I'm crazy now 뜨거운 너의 품에 쉴 수 있게 꿈꿔왔던 satisfaction 모든 내 사랑을 다 주고 싶은 나 came in to my life ye make me fly again ye 늘 바래왔던 상상처럼 always be with you ye are the one for me ye 내게 눈이 먼것처럼
2000.10.15~10.21,7,2270749,중독된 사랑,조장혁,Love,2000.06,Ballad,조은희,다시 너를 볼 수 있을까 이렇게 너의 집까지 오고만 거야 넌 나를 떠나도 매일 널  바래다 준 습관 눈물로 남아서 소리없이 끊는 전화에     몸서리치게 네 모습 더욱 그리워 너의 그 따뜻한 목소리  이젠 더 이상은 내 것이 아닌데 잊었니 너와 나 사랑했던 날 모두 이젠 너의 기억 저멀리 잠든 추억인 거니 아직도 널 잊지 못해 견딜 수 없어 눈물로 하루를 삼키는 내게 제발 다시 돌아올 수 없겠니 너 없는 세상 어디에서도 숨쉴수 없는 날 위해  들어줄 넌 곁에 없지만  가만히 너의 이름을 혼자 불러봐 어쩌면 예전에 그랬던  내가 대답해 줄까 하는 미련에 잊었니 너와 나 사랑했던 날 모두 이젠 너의 기억 저멀리 잠든 추억인 거니 아직도 널 잊지 못해 견딜 수 없어 눈물로 하루를 삼키는 내게 제발 다시 돌아올 수 없겠니 너 없는 세상 어디에서도 숨쉴수 없는 날 위해  날 위해~ 날위해~ 날위해~ 돌아와
2000.10.15~10.21,8,27585,2년만에,김동률,희망 (希望),2000.08.16,Ballad,김동률,생각이 잘 안나요 마지막 목소리
2000.10.15~10.21,9,9956,왠지 느낌이 좋아,여행스케치,Love Story,2000.09.14,Folk,조병석,널 만난후부터 난 달라지고 있어  매일 걷던 그 길거리를 걸어도  늘 새롭게 느껴져 처음인것처럼  온종일 구름위를 걷는것 같아  이 기분 조금은 두려워  너에게 푹 빠져드는 내 모습  멈출수 없기에 하지만 왠지 느낌이 좋아  나를 사랑해줘 한번 꼭 안아줘  너에게 하고 싶은 말이야  수줍은 소녀처럼 늘 마음뿐이지만  행복한 순간이야 널 그릴때마다  몇 번의 만남과 몇 번의 이별후에  누군가를 또다시 만난다는게  내겐 가장 어려운 일이 됐었는데  넌 나의 천사가 돼줄것만 같아  우연히 거울앞에 서면 너와의 입맞춤하는  상상에 눈을 감아버려 달콤하고 너무 짜릿해  나를 사랑해줘 한번 꼭 안아줘  너에게 하고 싶은 말이야  수줍은 소녀처럼 늘 마음뿐이지만  행복한 순간이야 널 그릴때마다    이대로 이 느낌 그대로 영원히 변치 않기만을 바래  나의 눈빛속에 비춰진 너의 미소처럼  나를 사랑해줘 한번 꼭 안아줘  너에게 하고 싶은 말이야  수줍은 소녀처럼 늘 마음뿐이지만  행복한 순간이야 나를 사랑해줘 한번 꼭 안아줘  너에게 하고 싶은 말이야  수줍은 소녀처럼 늘 마음뿐이지만  행복한 순간이야 널 그릴때마다  왠지 느낌이 좋아
2000.10.15~10.21,10,87695,흔들린 우정,홍경민,홍경민 3,2000.06.18,Dance,김창환,아냐 이게 아닌데 왜 난 자꾸만  친구의 여자가 좋을까  이러면 안되지 하면서 왜  내맘속엔 온통 그녀 생각뿐일까  친구 몰래 걸려온 그녀의  전화가 난 왜 이리도 설레일까  냉정하게 거절하면 되는데 왜  난 그녀를 거절하지 못할까  정말 난 미치겠어 나도  나를 잘 모르겠어  오랜 친구와의 우정을 외면한 채  여자 땜에 흔들리는 게  너무나 괴로워 나만 포기하면 되는데  왜 난 고민할 가치도 없는 일을  이렇게 고민하고 있는지  미안해 내 친구야  잠시 너를 기만했던걸  지금까지 너에 대한 내 우정이  아직도 좀 모자란가봐  이해해줘 내 친구야 잠시 흔들렸던 우정을  누군가가 너와 나의 친구사일  질투해 시험했던거라  그렇게 생각해줘    뭐야 정말 이게 뭐야 왜 하필  난 친구의 여자가 좋을까  이러면 안되는줄 알면서 왜  항상 난 그녀에게 끌리는 걸까  친구와 그녀가 다퉜다는 얘길 듣고  왜 내가 웃는 걸까  말도 안돼는 상상을 하며 헛된 기댈  왜 난 자꾸하는것일까  정말 난 모르겠어 이런 내자신이 싫었어  내 욕심만 채우려 우정을  잠시 망각했던 내 자신이 싫었어  너무나 괴로워 마치 죄를 짓는 것 같아  이젠 모든걸다 잊고  난 친구 곁으로 돌아가야 하겠어  미안해 내 친구야  잠시 너를 기만했던걸  지금까지 너에 대한 내 우정이  아직도 좀 모자란가봐  이해해줘 내 친구야 잠시 흔들렸던 우정을  누군가가 너와 나의 친구사일  질투해 시험했던거라  그렇게 생각해줘
2000.10.15~10.21,11,27561,사슬,서문탁,서문탁 Ⅱ,2000.09.18,Rock,이영준,나에겐 니가 묻어 있어 다신 지울 수 없는 얼룩이 되어 있어 나의 몸 어느 한 구석에도 니가 없는 곳 없어 다신 씻을 수 없어  지금은 내 곁에 있지는 않지만 어떻게 너를 지울수 있어 내 삶에  너라는 감옥에 난 갇혀 그저 울고 있잖아 나올 수가 없잖아 기억의 사슬에 난 묶여 그저 슬퍼하잖아 끊을 수가 없잖아 너와의 기억들을   나에겐 니가 맺혀 있어 다신 떨굴 수 없는 눈물이 되어 있어 가드다란 내 숨결 속에도 니가 숨겨져 있어 다신 뱉을 수 없어  지금은 내 곁에 있지는 않지만 어떻게 너를 지울수 있어 내 삶에  너라는 감옥에 난 갇혀 그저 울고 있잖아 나올 수가 없잖아 기억의 사슬에 난 묶여 그저 슬퍼하잖아 끊을 수가 없잖아  너도 자유롭진 않아 영원히 널 내 머리 속에 항상 가두어둘테니  너라는 감옥에 난 갇혀 그저 울고 있잖아 나올 수가 없잖아 기억의 사슬에 난 묶여 그저 슬퍼하잖아 끊을 수가 없잖아 너와의 기억들을
2000.10.15~10.21,12,88409,잘됐어!!!,샵,The Four Letter Word Love,2000.08.11,Dance,홍지유,Love is pain love is gone  나를 속였어 사랑없는  세상에 날 버렸어  Stilllove is dream  나는 행복해 넌 몰랐었니  Goodbye 세상엔 반은 남자 이미 다른 너의 모습 언젠가  내 앞에서 사라져 버릴 환상 그런데 나는 지금 무얼 상상  이미 난 네 머리속에 모든 것이  지워져 가고 함께 그 답답한 맘으로 살아야  한다는 생각에 그 어떤것도 무시해 버리는  성격에 아무 것도 되질 않아 네 모습을 봐 멀어지는 널  네안에 버려진 내 모습을 좀 봐 네안에 감춰왔던 너를 보여봐 너를 단념할 수 있게 네 곁에 스며있는 너의 그녀가  날 바보로 만들었어 나에게 사랑을 다 가르쳐준 널  잊을순 없지만  너의 그 다정했던 두 눈엔 항상  그녀뿐야 난 떠나갈래 Love is pain love is gone  나를 속였어 사랑없는 세상에  날 버렸어  Stilllove is dream  나는 행복해 넌 몰랐었니  Goodbye 세상엔 반은 남자 웃고있는 널 봐 뭐라 해도 널 봐  내 곁에 있지 않으려고 발버둥치는  너의 그 모습을 봐 봐 봐 언제까지  한눈팔지 않고 봐 봐 봐 나를 잡아준다더니 왜 울고있는  모습 내 모습 분해  지쳐나가 쓰러진 모습 내 모습  그런건 이제부터 필요없어  네안에 박혀 박힌 사라진 나야  버려진 나야 솔직히 생각하면 내가 아까워  너의 사랑이 되는 건  주위에 걸려있는 다른 매력에  내 마음은 흔들렸어 차라리 잘 됐어 널 지워줄게  네 사랑을 찾아서  언제나 그려왔던 내 바램들이  부르잖아 난 떠나갈래 Love is pain love is gone  나를 속였어 사랑없는 세상에  날 버렸어  Stilllove is dream 나는 행복해  넌 몰랐었니  Goodbye 세상엔 반은 남자 where is my love 내 모든걸  다 아낌없이 줄텐데 Love is pain love is gone  나를 속였어 사랑없는 세상에  날 버렸어  Stilllove is dream 나는 행복해  넌 몰랐었니  Goodbye 세상엔 반은 남자
2000.10.15~10.21,13,27833,Lie (Radio Ver.),화요비,My All,2000.06.14,R&B / Soul,이상호,말해줄래 나를 위해라면 이러진 말아 아직 그댈 놓아주기에는 너무 난 두려워 이미 지나간 일이 아니라면 숨기지 말아 다시 예전처럼 내게 돌아온다 말해주겠니 미안해져 니 모습 못보는 맘 알겠니 왜 넌 먼곳에서 숨기고 있니 이젠 지워지지가 않아 내 눈물같은 바래진 기억들이 긴 하루 온종일 널 대신하고 있어 기다린단 말하려다 난 잘 지내 해버렸지 떠난 그대 돌아갈 곳 있을것 같아 Oh lie I for you that lie Do do do that lie 미안해져 니 모습 못보는 맘 알겠니 왜 넌 먼곳에서 숨기고 있니 이미 그댈 향한 사랑은 내 마음을 넌 읽었는지도 몰라 다만 말 안해도 알거라 믿은거야 기다린단 말하려다 난 잘 지내 해버렸지 떠난 그대 돌아갈 곳 있을것 같아 말해줄래 니가 이러는게 우스워보여 아직 나에게는 갈 곳이 없어 음 마지막이라 믿었었지 니가 떠난후에 시간이 지날수록 날 위한 욕심이었다는 걸 난 알고 있었기에 그대 잠이 깬 후에도 난 울면서 헤맸던 건 혹시 그대 내게 돌아오는 길 모를까봐 Oh lie I for you that oh lie Do do do that lie
2000.10.15~10.21,14,27845,ID; Peace B,보아(BoA),ID; Peace B,2000.08.25,Dance,,세상 무서운걸 아무것도   모른다고 말하겠죠   즐거움만 찾는다고   가상 현실 속에 의미없는   상자 속에   갇혀서 살아가지 말라   흘러내린 물은 절대   다시 올라 갈수 없는 것   나를 이해 할수 없겠죠   난 내 세상있죠   Peace B is my network ID   우린 달라요 갈수없는   세계는 없죠   하나로 담긴 세상   connecting is my naverland   추카추카추   이젠 멈출 수가 없어요  보여지는 것이 나의 전부라고   말도 하시겠죠 그게   다가 아닌데도   우리만의 언어  우리만의 표현들로  가득찬 우리만의 세상  그 속에는 나와 같은  꿈을 꾸는 친구가 있죠  평화로운 세계 속에서  난 내 세상있죠  Peace B is my network ID  우린 달라요 갈 수 없는  세계는 없죠  하나로 담긴 세상  connecting is my naverland  추카추카추 이젠 멈출  수가 없어요  서로 많이 다른것도  이상할게 없죠  세대차이 뿐인걸 그게  뭐가 어떤가요  예전부터 우린 모두 하나인 걸  나를 믿어 보세요  그 속에는 나와 같은  꿈을 꾸는 친구가 있죠  평화로운 세계 속에서  난 내 세상있죠  Peace B is my network ID  우린 달라요 갈수 없는  세계는 없죠  하나로 담긴 세상  connecting is my naverland  추카추카추  이젠 멈출 수가 없어요  난 내 세상있죠  Peace B is my network ID  우린 달라요 갈 수 없는  세계는 없죠  하나로 담긴 세상  connecting is my naverland  추카추카추  이젠 멈출 수가 없어요
2000.10.15~10.21,15,83220,내안의 그대,엄정화,005.1999.06,1999.06,Dance,조규만,이 밤이 지나면 내게서 멀어질 수 없을거야 영원히 내 안의 너를 가득 담고서 이렇게 널 기다리고 있어 조용히 두 눈을 감아봐 그리고 모든걸 느껴봐 다 잊어버려 우리둘뿐야 가만히 다가와줘 살아있는 나를 느껴 너의 향기속에서 시간의 흐름속에 우린 하나가 됐어 아무 말도 필요없어 자신을 믿을뿐야 그냥 내게로 와 줘 널 원해 영원히 이 밤이 지나면 내게서 멀어질 수 없을거야 영원히 내 안의 너를 가득 담고서 이렇게 널 기다리고 있어 조용히 내 손을 잡아봐 그리고 모든걸 느껴봐 다 잊어버려 우리둘뿐야 가만히 다가와줘 살아있는 나를 느껴 너의 향기속에서 시간의 흐름속에 우린 하나가 됐어 아무말도 필요없어 자신을 믿을뿐야 그냥 내게로 와 줘 널 원해 영원히 살아있는 나를 느껴 너의 향기속에서 시간의 흐름속에 우린 하나가 됐어 아무말도 필요없어 자신을 믿을뿐야 그냥 내게로 와 줘 널 원해 영원히 살아있는 나를 느껴 너의 향기속에서 시간의 흐름속에 우린 하나가 됐어 아무말도 필요없어 자신을 믿을뿐야 그냥 내게로 와 줘 널 원해 영원히
2000.10.15~10.21,16,33146,머피의 법칙,DJDOC,D`J DOC,1995.05,Rap / Hip-hop,이승호,돈 싫어 명예 싫어 따분한 음악 우린 정말 싫어 펑키 비트의 신나는 댄스 노래하는 창렬이 래퍼 스카이 래퍼 재용 우리들은 DOC DJ DOC  친구들과 미팅을 갔었지 뚱뚱하고 못생긴 애 있길래 와 재만 빼고 다른애는 다 괜찮아 그래도 꼭 개랑 나랑 짝이 되지 내가 맘에 들어하는 여자들은 꼭 내 친구 여자 친구이거나 우리 형 애인 형 친구 애인 아니면 꼭 동성동본 세상에 어떻게 이럴수가 나는 도대체 되는일이 하나 없는지 언제쯤 내게도 기가 막힌 그런 눈부신 여자친구 하나 생길까 세상 모든게 다 내뜻과 어긋나 힘들게 날 하여도 내가 꿈꿔온 내 사랑은 널 위해 내 뜻대로 이루고 말테야 나나나나 나나나나 나나나나  나나나나 나나나나 나나나나 나나나나  나나나나 나나나나나 오랜만에 꼬질꼬질한 모습으로  우리동네 목욕탕을 찾은 날은 한 달에 두 번 있는 정기휴일이 왜 꼭걸리는 거야 어 꼬질꼬질 지저분한 내 모습 그녀에게 들키지 말아야지 하면 벌써 저 쪽에서 그녀가 날 꼭 어이없이 바라볼까 세상에 그 어떤 누구라도 너와 바꿀 수 없다는걸 우린 알잖아 세상에 그 어떤 어려움도 우리 사랑을 갈라놓을 순 없잖아 세상 모든게 다 내 뜻과 어긋나 힘들게 말하여도 내가 꿈꿔온 내 사랑은 널 위해 내 뜻대로 이루고 말테야 나나나나 나나나나 나나나나  나나나나 나나나나 나나나나 나나나나  나나나나 나나나나 요 머피의 법칙 I like the full  music DJ DOC  머피의 법칙 자 다같이 오  예 오예 아 예 아예 아하 아하 Say one Two  One Two Three Four 나나나나 나나나나 나나나나  나나나나 나나나나 나나나나 나나나나  나나나나 나나나나
2000.10.15~10.21,17,3884179,성녀,이상은,이야기해주세요,2012.08.21,Rock,이상은,그녀가 성녀라면 어떨까 생각해 나비처럼 가벼이 땅에 발을 딛지 않는 그런 성녀 만약 모래알 보다 작은 기적이 오늘 밤 일어난다면 그녀는 성녀가 되고 뭔가 성스러운 일이 일어날거야 그저 버티는 건 정말 사는걸까 그녀를 내버려둬 씨앗을 심듯이 그녀가 망가지면 어떻게 하나 너무나 구슬픈데도 아무도 곁에 없이 눈이 오는 것도 모른 채 창문을 닫아두겠지 그저 버티는 건 정말 사는걸까 그녀를 안아줬으면 좋겠어 부숴지지 않도록 만약 물방울보다 작은 기적이 오늘 밤 일어난다면 모두가 어린아이로 돌아갈 수만 있다면
2000.10.15~10.21,18,88776,욕망이란 이름...,박완규,엽기발랄(獵奇潑剌),2000.09.20,Rock,,인정사정 볼 것 없어  수단방법 가리지도 마  입시지옥 무한경쟁  적자생존 게임의 법칙   한눈팔면 끝장이야  한순간도 방심하지 마   어린왕자 꿈을 꾸던 아이  꿈도 없는 지옥같은 세상   총알보다 빠른 세상  낙오자로 찍히면 안돼  죽기살기 일등사회  최고일류 아니면 안돼   비상구도 없는 세상  일렬종대 선착순 한명   어린왕자 꿈을 꾸던 아이  꿈도 없는 지옥같은 세상   아냐 그런 생각하지마  약해지면 절대로 안돼  수단방법 가리지도 마  인정사정 볼것도 없어   어린왕자 꿈을 꾸던 아이  꿈도 없는 지옥 같은 세상  내가 없는 세상 속에 살다  내가 버린 지옥 같은 세상   아냐 그런 생각하지마  약해지면 절대로 안돼  수단방법 가리지도 마  인정사정 볼것도 없어 -
2000.10.15~10.21,19,610559,Marry Me,이현우,Viru..s,2000.04.29,Rock,이현우,Won't you be my woman  Come on  won't you be my only girl  Won't you be my woman  come on  그대가 아침에 내가 눈을 뜰때에  곁에 있었으면 해 그대가 저녁에  내가 집에 올때에 나를 맞았으면 해-  그대에겐 아주 사소한 일이라도 알고 싶어  그대 내게 말해주었으면 해  오랜 시간을 예--- 기다려왔어  Won't you be my woman 삶이 끝나는 예---  그 순간까지- 그대와 둘이서  그대의 예쁜 미소를 닮은 아이를  아이를 갖고 싶어 어색한 나의 눈빛을  닮은 아이를 너와 키우고 싶어-  나에게는 아주 사소한 일이라도  귀 기울여 주는 그대 나와 함께 있어줘  오랜 시간을 예--- 기다려 왔어  Won't you be my woman 삶이 끝나는  예--- 그 순간까지- 그대와 둘이서  Hey woman I'm not big on words.  But tonight I gotta tell you something  You gotta be my woman  you got a be my woman  Oh--- sweet baby  you are a one that I want  oh---- oh my sweet baby baby  You are a one that I need  Would you marry me tonight  오랜 시간을 예--- 기다려 왔어  (기다려 왔어---) 삶이 끝나는  예--- 그 순간까지- 그대와 둘이서
2000.10.15~10.21,20,85108,바보,박효신,해줄수 없는일,1999.12,R&B / Soul,조우진,너무 모르고 있죠 이미 떠난 사인데  언젠가 올 거란 생각에 마냥 웃고만 있죠  슬픈 상처뿐인데 곁에 있을 거라 믿었죠  걱정돼요 내가 없으면 어느 것 하나도 할 수 없던 사람인데  꼭 한번 만날 수 있다면 아직 남겨진 내 맘 전하고 싶은데  내가 부족한가요 당신을 원한 이유로 이렇게 날 외면하려 하나요  단 한번 사랑을 믿어요 볼 수 있다면 나 웃고 살 수 있는데  허나 다른 사랑 찾아가란 말은 말아요 날 버리진 않겠죠  그럴 리 없잖아요 you  부탁해요 곁에 없어도 몸조심하세요 참 힘겨워 했잖아요  또 다시 만날 수 있다면 아직 남겨진 내 맘 전하고 싶은데  내가 부족한가요 당신을 원한 이유로 이렇게 날 외면하려 하나요  단 한번 사랑을 믿어요 볼 수 있다면 나 웃고 살 수 있는데  허나 다른 사랑 찾아가란 말은 말아요 날 버리진 않겠죠  그럴 리 없잖아요  언젠가 잠시라도 기억 할 수 있다면 난 그걸로 되요
2000.10.15~10.21,21,67169,상실,박상민,Romanticism,2000.06.01,Ballad,이승호,이제 다시는 니 맑은 두 눈에- 담겨진 내-모습 볼 수 없겠지 더이상 니 목소리로 깨-는 아침 이젠 없-을거야 너를 스쳐온 바람 귓가에 머물며- 먼 곳의 니-소식 들려주겠지 언젠가 또 다른 사랑으-로 만날 그날만 기다린다고-- 그러지마 널 다시 만난다해도 모자란 내 사랑으로 넌 또 울텐데 넌 행복해야 해 하지만 난 아냐- 슬픔밖에 없던 나를 잊어  나의 웃는 소리에 나조차 놀라서- 서둘러 널- 다시 찾아내곤 해 조금씩 희미해지는 너의 기억 나를 더 힘들게만 해-- 그러지마 널 모두 잊는다해도 내게 없던 사랑이 되지는 않잖아 나 살 수 있는건 아직도 내 안에- 살아있는 너야 사랑했어 이 세상 누구보다 더 너무 보고 싶어 견딜 수 없을만큼 내 부서진 영혼 조금만 추스려- 너를 보러갈게- 너무 보고 싶어
2000.10.15~10.21,22,87908,나만의 사랑 ~ Just My Love ~,김원준,Another 8000,2000.06.20,Dance,,
2000.10.15~10.21,23,9270,매직 카펫 라이드,자우림,"Jaurim, The Wonder Land",2000.07.04,Rock,김윤아,이렇게 멋진 파란 하늘 위로  날으는 마법 융단을 타고  이렇게 멋진 푸른 세상 속을  날으는 우리 두 사람  신경 쓰지 마요 그렇고 그런 얘기들 골치 아픈일은 내일로 미뤄버려요 인생은 한번 뿐 후회하지 마요 진짜로 가지고 싶은 걸 가져요 이렇게 멋진 파란 하늘 위에 지어진 마법 정원으로 와요 색색의 보석 꽃과 노루 비단 달콤한 우리 두 사람 웬일인지 인생이 재미 없다면 지난 일은 모두 다 잊어버려요 기회는 한번 뿐 실수하지 마요 진짜로 해내고 싶은 걸 찾아요 용감하게 씩씩하게 오늘의 당신을 버려봐요 이렇게 멋진 파란 하늘 위로 나르는 마법융단을 타고 이렇게 멋진 장미빛 인생을 당신과 나와 우리 둘이 함께 인생은 한번 뿐 후회하지 마요 진짜로 가지고 싶은 걸 가져요 용감하게 씩씩하게 오늘의 당신을 버려봐요 이렇게 멋진 파란 하늘 위로 날으는 마법 융단을 타고 이렇게 멋진 초록 바다속을 달리는 빨간 자동차를 타고 이렇게 멋진 푸른 세상 속을 날으는 마법 융단을 타고 이렇게 멋진 장미빛 인생을 당신과 나와 우리 둘이 함께
2000.10.15~10.21,24,3690,와인,김경호,Kim Kyungho-5th,2000.07,Rock,이경,많이 아팠었어 긴 호흡에도 가라앉지 않아
2000.10.15~10.21,25,38504,거짓말처럼,김현정,Kim Hyun Jung 3,2000.05.22,Ballad,윤사라,거짓말처럼 너를 사랑하게 됐어  I can't live 너 없인 하루도  so I won't leave Forever  이렇게 매일 함께 있는게  난 너무나 감사할 뿐  생각처럼 잘해 주지는 못했지만 워 거짓말처럼 너를 사랑하게 됐어  한 번도 이런적 없던  내 마음의 떨림처럼 너도  그랬으면 좋겠어  I can't live 너 없인 하루도  so I won't leave Forever  너의 눈빛을 너의 손길을  늘 가까이 느끼는게  어떤말도 부족 하도록 고마운 걸 우 거짓말처럼 너를 사랑하게 됐어  한번도 이런적 없던 내마음의 떨림처럼 너도 그랬으면 좋겠어  I can't live 너 없인 하루도  so I won't leave Forever  하지만 가끔씩은 두려워  너무 벅찬 이 기쁨이  눈뜨고 나면 짧은 꿈처럼 사라질까봐  어린 아이처럼 네게 기대고만 싶어  무슨 일 있어도 처음 약속처럼  영원토록 나와 함께 해달라고  거짓말처럼 내가 달라지게 됐어  세상에 태어나 처음 눈뜬듯한 이런 기분  너도 느꼈으면 좋겠어  I believe in you and your the love  so I will give my everything to you  And just believe in your love  I need you baby I can't live 너 없인 하루도 이젠  so I won't leave Forever  네 곁을 떠나지 않아  and just believe in your  love and I love you
2000.10.15~10.21,26,37100,"힘을 내요, 미스터 김",롤러코스터,일상다반사(日常茶飯事),2000.08.01,Rock,조원선,오늘도 많이 바쁜가요  또 자꾸 짜증이 나나 봐요  벌써 몇 번째 한숨 쉬고  끊었던 담배 다시 피우나요  거울을 봐요 충혈된 두 눈에  언제나 용모단정 이게 아닌데 하면서도  등만 대면 잠이 와요  이름을 말해봐요 미스터 김  당신이 꿈꾸던 삶은 어디에  하고 싶었던 일 뭔가요  아직도 늦지 않았어  당신이 바라는 대로 하세요  멋있게 행복하게 사는 거죠  잘 다려진 와이셔츠에  빤짝이는 검은 구두  무표정한 얼굴 뒤에는 무슨 생각하나요  이름을 말해봐요 미스터 김  당신이 꿈꾸던 삶은 어디에  기죽지 말아요 어깨를 쫙 펴고  당당히 맞서요  이제부터라도 신나게  맘대로 멋지게 사는 거죠  하고 싶었던 일 뭔가요  아직도 늦지 않았어  당신이 바라는 대로 하세요  멋있게 힘을 내요 미스터 김  하고 싶었던 일 뭔가요  아직도 늦지 않았어  당신이 바라는 대로 하세요  멋있게 힘을 내요 미스터 김  기죽지 말아요 어깨를 쫙 펴고  당당히 맞서요  이제부터라도 신나게  맘대로 멋지게 사는 거죠  하고 싶었던 일 뭔가요  아직도 늦지 않았어  당신이 바라는 대로 하세요  멋있게 힘을 내요 미스터 김
2000.10.15~10.21,27,88559,워워,허니패밀리,Another Level,2000.08.26,Rap / Hip-hop,"박명호,주라(Jura)",아무리 찾아봐도 힙합은 없고 주위를 둘러봐도 쫄바지 빽바지 나팔바지 표범바지 마바지 뿐이네 힙합은 어디에 있나 워워 아직도 모르고 있나 워워 힙합을 모르고 있나 워워 날 바라봐 모두같이 워워 워워 아직도 모르고 있나 워워 힙합을 모르고 있나 워워 날 바라봐 모두같이 워워워워 봐 그리고 느껴봐 내 랩에 맞춰서 흔들어봐봐봐봐봐 그리고 느껴봐 내 랩에 맞춰 리듬을 타요 자 봐 그리고 느껴봐 내 랩에 맞춰서 흔들어봐봐봐봐봐 그리고 느껴봐 내 랩에 맞춰 리듬 리듬 잠깐 잠깐 내 말좀 들어봐 그런게 아냐 니가 생각하는 그런 것과는 달라 넌 아무것도 몰라 그런 너에게 애써 내가 말로 설명해 줘봤자 넌 이해 못할 걸 백문이 불여일견 거기 멍청히 서 있지만 말고 이리로 와 이거 들어봐 흔들어봐 이제 알겠니 아직 넌 못느껴 하지만 계속 빠지다보면 넌 느껴 그러나 아까부터 널 계속 막고만 있었던 너의 그 편견 이런 내가 못마땅한 시선 넌 너와 다르니까 두렵니 그래서 피하니 그렇지 않아 이제 마음을 열어봐 워워 두 손들고 워워 좌우로 흔들어봐요 예예 함께해요 워워 우리모두 같이 워워워워 워워 두 손들고 워워 좌우로 흔들어봐요 예예 함께해요 워워 우리모두 같이 워워워워 축 늘어진 내 옷차림 늘 이상한 내머리 그런 나의 겉모습만 보고 맘대로 판단하는 사람들의 탐탁치 않은 시선들 마치 날 보듯 쳐다보는 눈빛들 하하 이거 왜 이러시나 어찌 그리 날 그리 쉽게 판단하시나 날 아시나 난 이래봐도 꾀꼬리같은 목소리로 다가가 사람들의 갈증을 확 풀어주는데 내가 왜야 아트지 잘 들어봐 내 말에 귀기울여봐 자 다같이 워워 두 손들고 워워 좌우로 흔들어봐요 예예 함께해요 워워 우리모두 같이 워워워워 워워 두 손들고 워워 좌우로 흔들어봐요 예예 함께해요 워워 우리모두 같이 워워워워  우리모두 같이 함께 외쳐봐 오예 우리 모두 같이 함께 즐겨봐 오예 오예 오예 날 따라해봐 요 날 따라해봐 요 날 따라해봐 요 요렇게 밤이나 낮이나 너희들 빼는 모습 싫어 어쩌나 이제 시작이야 모두다 움직여 그리고 리듬에 맞춰 몸을 흔들어봐 우리는 결코 너희들의 함성을 구걸하지 않아 부담을 갖지마 그리고 맘껏 흔들어봐 자신을 변호해 쫄바지 빽바지 할 것없이 모두다 내게로 와봐 주의를 둘러봐 봐 거봐 그렇지 겉모습이 그리 중요한건 아니지 무엇을 어떻게 느끼느냐가 중요할 뿐이지 자 이제 그 모든 편견을 버리고 자 이제 두 손 높이 들고 모두 같이 워워 두 손들고 워워 좌우로 흔들어봐요 예예 함께해요 워워 우리모두 같이 워워워워 워워 두 손들고 워워 좌우로 흔들어봐요 예예 함께해요 워워 우리모두 같이 워워워워 워워 두 손들고 워워 좌우로 흔들어봐요 예예 함께해요 워워 우리모두 같이 워워워워 워워 두 손들고 워워 좌우로 흔들어봐요 예예 함께해요 워워 우리모두 같이 워워워워
2000.10.15~10.21,28,1002851,그대니까요 (Duet With 차은주),김현철,김현철 Best + 총각파티,2000.07.08,Ballad,김현철,홀로 텅 빈 방을 볼 때면 문득 그대 없음을 느끼죠  그대가 버린 이 도시속을 살아가요 어떤 좋은 것 볼 때마다 또한 그대있음이 그립죠  그대없이는 난 아무것도 아닌걸요  이젠 헤어지지 말아요  우린 헤어지면 안돼요  어쩌면 죽는날까지 어쩌면 그보다 더  미칠것만큼 사랑할 사람  그대니까요  너무 파란 하늘일때마다 많이 그대 생각을 하죠  나는 알아요 우린 헤어질 수 없다는걸  이젠 헤어지지 말아요 우린 헤어지면 안돼요  어쩌면 죽는날까지 어쩌면 그보다 더  미칠것만큼 사랑할 사람  그대니까요  잊어서도 안돼요 우리 사랑한것을 언제까지나   어쩌면 죽는 날까지 어쩌면 그보다 더  미칠것만큼 사랑할 사람  그대니까요  우리 헤어지지 말아요  우린 헤어지면 안돼요  어쩌면 죽는 날까지 어쩌면 그보다 더  미칠것만큼 사랑할 사람  그대니까요
2000.10.15~10.21,29,3822,831 8,제이,In Love,2000.04.21,R&B / Soul,윤사라,그래도 하루를 살고 가끔  웃기도 하죠 이렇게 살다보면 잊는걸까요 그대 얼굴마저 잊을까 난 자꾸 두려워 져요 이 사진 한장 조차도 버릴 수  없어 망설이고 있죠 난 어떡해야 좋은걸까요 내게 말했던 대로 모두 지우면  그대 서운하지 않은가요 아무말도 못하겠지만 아주 잠시라 해도 그댈 꼭 한번만 볼수 있다면  It's all l ask 오늘은 이런 생각도 왠지  어색해져요 이렇게 변하는게 맞는건가요 그댈 마주치는 어느날  어쩌면 스쳐가겠죠 조금 닮은 뒷모습에도  한참동안을 숨쉴수 없는데 난 어떡해야 좋은걸까요 내게 말했던 대로 모두 지우면  그대 서운하지 않은가요 아무말도 못하겠지만 아주 잠시라 해도 그댈 꼭 한번만  볼수 있다면 It's all l ask 아직 모르겠어요 믿을수 없죠 다신 날 찾아 오지 않을꺼라면 제발 가르쳐 줘요 그대 없이도  나 살아가야 하잖아요 더 이상은 울지 않도록 이런 나의 바램도 오늘이 마지막이면 It's all l ask It's all l ask
2000.10.15~10.21,30,1576735,다 줄거야 (Acoustic Ver.),조규만,I Will Give You All,2000.01.01,Ballad,조규만,그대 내게 다가오는 그 모습 자꾸 다시 볼수 없을 것만 같아서 감은 두눈 뜨지 못한거야 너를 내게 보내준 걸 감사할뿐야 고마울 뿐야 많이 외로웠던거니 그동안 야워가는 너를 보며 느낄 수 있어 너무 힘이 들땐 실컷 울어 눈물속에 아픈기억 떠나보내게 내품에서 서글픈 우리의 지난 날들을 서로가 조금씩 감싸줘야해 난 네게 너무나도 부족하겠지만 다 줄꺼야 내 남은 모든 사랑을 많이 지쳐있던거야 그동안 자꾸 야워가는  너를 보며 느낄 수 있어 너무 힘이 들땐 실컷 울어 눈물속에 아픈기억 떠나보내게 내품에서 서글픈 우리의 지난 날들을 서로가 조금씩 감싸줘야 해 난 네게 너무나도 부족하지만 다 줄꺼야 내 남은 모든 사랑을 난 네게 너무나도 부족하지만 다 줄거야 내 남은 모든 사랑을
2000.10.15~10.21,31,87311,Tri-Angle,백지영,Rouge,2000.04.17,Dance,이승호,나를 사랑한다는 그 말 어떻게 받아들일지  솔직히 내 감정은 그게 아닌데 우린 서로 감출게 없어 너무나 편했었나봐  오히려 그런게 이유가 됐을지 몰라 어쩌면 언젠간 나도 사랑할 수 있을까 생각했어 하지만 아니야 우리는 친구일 뿐야 That's all I want 어차피 오래 가지 못할 사랑 하지마 나도 알지 못할 괜한 집착 때문에 널 잃긴 싫어 That's all I want 상처와 아픔 밖에 없는 사랑보다는 언제까지라도 항상 함께 할 우정을 택해줘 그를 사랑한다는 고백 내 친구 내게 한거야  어떻게 해야할 지 정말 난감해 니가 좋아한다는 그는 날 사랑하고 있다는  그 말은 차마 나 너에게 할 수 없었어 포기해 너와는 안돼 아파하는 니 모습 어떻게 봐 이룰 수 없는 그 사랑이 나 때문인데 That's all I want 어차피 오래 가지 못할 사랑하지마 나도 알지 못할 괜한 집착 때문에 널 잃긴 싫어 That's all I want 상처와 아픔 밖에 없는 사랑보다는 언제까지라도 항상 함께 할 우정을 택해줘
2000.10.15~10.21,32,87775,줄래,이정현,이정현 2집,2000.06.10,Dance,유유진,뒤돌아 날 본다 넌 내가 셋을 셀 동안  홧김에 끝내 잔 얘길 넌 던진 것 뿐야  이대로 날 두고 갈 생각 전혀 없어 넌  거봐 너 지금 너 또 오잖아   불안해 왜 불안해 내 말을 왜 못 믿어  그렇게 겪어봐도 나를 몰라 왜 몰라줘  니 몸에 날 묶을까 내 옷에 써 붙일까  난 바로 니 여자라고   처음엔 좋댔잖아 섹시한 눈웃음도  감았다 살짝 뜬 우아한 내 윙크도  너만을 위한 거야 딴데선 난 안 그래  왜 맘 좁게 날 의심해   톡 쏘는 콜라처럼 난  니 마음속에 들어갈 거야  지금은 화난척해도 또 풀릴걸 내가 안기면   모든 걸 가질래 아무도 안 줄래  나 니 마음을 다 사로 잡을래  나 오늘은 순결한 백합처럼  나 때로는 붉은 장미처럼  모든 걸 다 줄래 너에게 다 줄래  나의 관심은 언제나 너 뿐야  언제나 나만 사랑해 줘  날 안아 줘 너는 내 꺼야   우리가 그 동안 함께 한 날이 얼만데  난 알아 널 알아 너무나 잘 알고 있지  하나에 하나 반 둘에 또 둘에 반에 셋  거봐 너 지금 너 또 오잖아   오늘은 뭐했는지 누구를 만났는지  핸드폰 왜 껐는지 물어볼래 간섭할래  사랑은 구속인걸 난 너무 잘 알지만  때로는 난 숨이 막혀   할 수만 있다면 넌 날 작게 만들어서  주머니 속에 날 넣고 다니겠다고  그게 소원이라고 그렇게 말하는 널  나 어떻게 미워하니   톡 쏘는 콜라처럼 난  니 마음속에 들어갈 거야  지금은 화난척해도 또 풀릴걸 내가 안기면   모든 걸 가질래 아무도 안 줄래  나 니 마음을 다 사로 잡을래  나 오늘은 순결한 백합처럼  나 때로는 붉은 장미처럼   모든 걸 다줄래 너에게 다줄래  나의 관심은 언제나 너뿐야  언제나 나만 사랑해줘  날 안아줘 너는 내꺼야   아무리 차가운 척해도 소용없어 넌  가득찬 내 작은 손을 넌 못 벗어날걸  이대로 널 두고 갈 생각 전혀 없어 난  하나 또 둘에 반 셋 거봐 너 또 오잖아   날 줄래 날 줄래 날 줄래 날 줄래
2000.10.15~10.21,33,87732,Again,태사자,도약(跳躍),2000.06.20,Ballad,,아픔이 슬픔이 눈물처럼 흘러가면 식어지겠지 말라가겠지 나의 소중했던 꿈 나의 멋진 바램을 가렸었던 저 그늘 날려버린 저 하늘 흩어져버린 My steet time and my sweet rhyme 내가 그대가 서러움에 슬픔을 겪어야 했던 시련은 가져가 무너져 가는 you and I 차마 눈뜨고 볼 수 없는 미련으로 남는가 말하지 그랬니 너의 미소가 시들어 가는 걸 나는 몰랐어 행복했었던 순간들은 영원히 함께할 걸 믿어왔어 또다른 세상이 너를 원해도 나만의 너를 놓지 않아 내 가슴속에 하나뿐인 건 너 이젠 헤어지자고 다신 보지 말자고 맘속에 없는 말 나에 게 던져버리고 가지마 받기만 했던 사랑 돌려주지 못해 난 가슴 아파해 도무지 막지 못해 정신 없어해 누구도 내게 힘이 되지 못해 내 품안에 잠든 너를 하염없이 바라봐 이별이없는 세상으로 멀리 멀리 너만이 남긴 흔적만 내 품에 남겨진 채 Sometimes 나의 눈물이 sometimes 나의 사랑이 너 없는 세상끝까지 채워져 가겠지 슬픈 나의 눈물이 아픈 나의 사랑이 너를 깨울 수 있는 그 날까지 외로움에 벽에 갇힌 나 외로움에 나 살아갈 내일이 다가오질 않아 나 시커먼 어둠속에 희망조차 없는 곳에 있는 듯한 버려진 내 모습 난 언제나 이땅에 이 슬픔에 고개숙여 살아가야 하는가 나를 내려다 볼 너에게 우리 아름답던 지나간 날들 보여주고 싶지만 우리둘만의 포근한 love again 날 미치게 했던 건 바로 not again 나의 손이 닿지 않는 곳에 있는 너에게 지금 이 곳에서 그 곳으로 나의 맘을 던져 주저앉아 있는 나에게 힘을 좀 줘 비록 멈춰 버린 추억 그 기억 잠시라도 잊으면서 살 수 있게 미쳐가는 나를 위해 힘을 줘 나 지쳐 너무나 많은걸 네게 바랬던 부족했던 나를 이해해주길 그리움으로 가슴 가득 얼룩진 두 손을 모아서 기도했어 보이지 않아도 끝낼 수 없는 건 우리의 사랑인걸 알아 남겨진 내게 새겨져 있는 너  어둠을 비켜가는 새벽도 나의 마음을 비출 수 없는 건 너로 인해 스며든 서글픔 때문이 아닐까 나 너로 인해 슬퍼져만 가나 Sometimes 나의 눈물이 sometimes 나의 사랑이 너 없는 세상끝까지 채워져가겠지 슬픈 나의 눈물이 아픈 나의 사랑이 너를 깨울 수 있는 그 날까지 I never see you again 살아갈 수가 없어 멀어져가는 my love 막을 수 없는 운명인걸 나의 사는 날까지 나의 마지막까지 널 향한 나의 마음을 하늘에 바칠게 Blue sky 외롭지 않아 나의 그녀 안에서 내안에 너를 I will always love you
2000.10.15~10.21,34,33245,Slam,노바소닉,진달래꽃,2000.08.01,Rock,김진표,Jump Jump 여기부터 beat 2 da beat Jump Jump 저기부터 beat 2 da beat Jump Jump 여기저기 beat 2 da beat 체면따위 갖다 버려 버려 jump Jump Jump 여기부터 beat 2 da beat Jump Jump 저기부터 beat 2 da beat Jump Jump 여기저기 beat 2 da beat 체면따위 갖다 버려 버려 jump  기좀 죽지 말고 어깨펴 주름펴 그러다가 영영 지금 인생속에 갇혀 다른 사람 신경 쓰지마 지쳤니 언제 어디서나 너는 vip 이렇게 산게 만족하니 자신 갖고 한번 다시 시작하는 거 내가 원한거 지난 날은 잊어 버려버려 크게 소리질러 이렇게 Jump Jump 여기부터 beat 2 da beat Jump Jump 저기부터 beat 2 da beat Jump Jump 여기저기 beat 2 da beat 체면따위 갖다 버려 버려 jump Jump Jump 여기부터 beat 2 da beat Jump Jump 저기부터 beat 2 da beat Jump Jump 여기저기 beat 2 da beat 체면따위 갖다 버려 버려 jump 너희 모두다 너의 모습봐 수근대지마 둘러보지마 너만 바라봐 너를 바꿔봐 주위 시선 신경쓰지마 다신 이런 생각 갖고 살지마 나를 한번 봐 두손 펴서 기지개를 쫙 펴봐 과거로는 가지 마라 와라 내게 와라 나와 날아 다시 한번 시작하는 것을 봐라 너를 자극하는 귀에 익은 멜로디 이게 내가 줄수 있는 tip 다 기억하지마라 그래 잊는거야 세상 사는 걱정 오늘만큼 잊는거야 더 숨기지는 말아 날 찾는거야 자신있던 나를 오늘만큼 찾는거야 소리를 질러봐 Video Killed The Radio Star Video Killed The Radio Star Video Killed The Radio Star Video Killed The Radio Star  Jump Jump 여기부터 beat 2 da beat Jump Jump 저기부터 beat 2 da beat Jump Jump 여기저기 beat 2 da beat 체면따위 갖다 버려 버려 jump Jump Jump 여기부터 beat 2 da beat Jump Jump 저기부터 beat 2 da beat Jump Jump 여기저기 beat 2 da beat 체면따위 갖다 버려 버려 jump 너희 모두다 너의 모습봐 수근대지마 둘러보지마 너만 바라봐 너를 바꿔봐 주위 시선 신경쓰지마 다신 이런 생각 갖고 살지마 나를 한번 봐 두손 펴서 기지개를 쫙 펴봐 과거로는 가지 마라 와라 내게 와라 나와 날아 다시 한번 시작하는 것을 봐라 너를 자극하는 귀에 익은 멜로디 이게 내가 줄수 있는 tip 다 기억하지마라 그래 잊는거야 세상 사는 걱정 오늘만큼 잊는거야 더 숨기지는 말아 날 찾는거야 자신있던 나를 오늘만큼 찾는거야 소리를 질러봐 Video Killed The Radio Star Video Killed The Radio Star Video Killed The Radio Star Video Killed The Radio Star Video Killed The Radio Star Video Killed The Radio Star Video Killed The Radio Star Video Killed The Radio Star
2000.10.15~10.21,35,48175,Tess,채정안,편지,2000.05.08,Dance,김진아,이렇게 다시 내게 와서는 안돼  모질게 날 버린건 너였었잖아  나의 과걸 감싸주며 사랑해준 그 사람을  이제와서 차마 떠날 순 없어   무너진 널 보는게 너무 두려워  난 그를 만나면서 너를 지웠는데  모두 용서해 달라며 애원하는 네앞에서  흔들리는 나를 어떡해야해   차라리 내가 내가 너무 보고싶어서  날 찾았다 말해줘  지나간 우리 우리사랑  마음 아파도 돌릴 순 없어   이제는 멀리 멀리 멀리  내게서 떠나줘 날 그만 잊어줘  지금의 내 사랑을 지키고 싶어   다시 네 여자가 될 수는 없어  더 이상 나 때문에 힘들어 하지마  이젠 그의 사랑 앞에 너를 향한 미련까지  모두 슬픈 죄가 될 뿐이니까   차라리 내가 너무 보고싶어서  날 찾았다 말해줘  지나간 우리 우리사랑  마음 아파도 돌릴순 없어   이제는 멀리 멀리 멀리  내게서 떠나줘 날 그만 잊어줘  지금의 내 사랑을 지키고 싶어 -
2000.10.15~10.21,36,445159,그대가 그대를,이승환,His Ballad Ⅱ,2003.03.12,Ballad,"이승환,이지은",참 많이 모질었었죠 나 당신께  나같지 않은 말땜에 놀랬겠죠  편할날이 없었죠 틀렸던 걸까봐  말없이 놓아준 그대가  정말로 내사랑 같아서  왜 그랬나요 울거면서  잘 가라는 듯 왜  그게 되나요 못보는게 그대가  그대를 음  참많이 오래 견디죠 나 당신을  조금만 멀리 보여도 보고싶죠  갚을게 많아서 못준게 많아서 혹시 날 못있고 산다면  꼭 한번 만나고 싶어서  잘지내나요 혼잔가요  나아닌 누군가와 사랑하나요 우릴 지운  그대가 나아닌 그대를  우리가 사랑했던게 간직 할 만한  슬픔이었음 해요 왜 그랬나요 울거면서  잘 가라는 듯 왜 그게 되나요 못보는게  그대가 그대를 음 우리 오래 오래 살아요  꼭 한번이라도 보게 못한 얘기들도 하구요  맛나는 것도 먹어요 우리 정말로 오래오래  살아요 천년만년  어쩌면 인연이 다하여  뜻하지 않은 어느 곳  그리 우리 다시 만나면  이제 편히 쉬게요
2000.10.15~10.21,37,86984,이별 그후,신승훈,Desire To Fly High,2000.03.07,Ballad,심현보,혼자서 먹는 저녁도 익숙해져가고  더는 눈물 흐르지도 않아  너없인 안될거라고 믿었던 나였는데  그때는 정말 그랬었는데   기다릴 것도 기대할 일도  너와 함께라 떠나간건지  조금씩 무뎌진 내가 두려워  다시 또 널 그리다 잠드네   살아도 사는게 아닌 날들  웃어도 웃는게 아닌 시간  너없는 오늘을 견뎌내야  내일의 시작도 너인걸   미워도 미워도 남는 그 말  사랑해 사랑해 널 사랑해  숨쉬는 동안은 잊지 못할  더없이 사랑했었던 너   기다릴 것도 기대할 일도  너와 함께라 떠나간건지  조금씩 무뎌진 내가 두려워  다시 또 널 그리다 잠드네   살아도 사는게 아닌 날들  웃어도 웃는게 아닌 시간  너없는 오늘을 견뎌내야  내일의 시작도 너인걸   비워도 비워도 남는 그 말  사랑해 사랑해 널 사랑해  숨쉬는 동안은 잊지 못할  더 없이 사랑했었던 너 -
2000.10.15~10.21,38,27236,맥주와 땅콩,쿨(COOL),Cool 5,2000.04.22,Dance,한경혜,"맥주처럼 새하얀 커품의 파도  모아논 어느 작은 섬 우리는 돛을 내려  투명한 아침 햇살은 삼페인처럼 터지고  더 이상 행복할수는 없을 것 같아 지금 우리  밤이면 후 라디오에선  먼 메아리처럼 사랑의 노래  너의 입속에 내 가슴에도 부푼 그 말은  사랑해 너를 언제까지나 oh Happy summer summer  너의 눈속에 쏟아진 별처럼 영원의 시간까지  너의 작은 어깨 기대면 텐트 속 어둠은 바다가 되지 나의 summer summer  하늘마저도 질투가 날만큼 너만을 사랑해  천국은 가까이 사랑하는 내 안에 있어  투명한 유리잔에 퍼 울리면 황금빛 와인이 되는  가슴에 담으면 모든것이 행복이 되는 천국처럼 common babe love me babe  사랑해 사랑해 나는 너를 사랑해  무박 이일, 둘 만의 기차여행에 어느새 들뜬 우리는 새처럼 자유롭지  가벼운 농담만으로 유리알처럼 뒹구는 해맑은 웃음 소리에 행복이 벌써 가득한걸  밤이면 후 라디오에선  먼 메이라처럼 사랑의 노래  너의 입속에 내 가슴에도 부푼 그 말은  사랑해 너를 언제까지나  oh happy summer summer  너의 눈속에 쏟아진 별처럼 영원의 시간까지  너의 작은 어깨 기대면 텐트 속 어둠은  바다가 되지 나의 summer summer  하늘마저도 질투가 날만큼 너만을 사랑해  천국은 가까이 사랑하는 내안에 있어"
2000.10.15~10.21,39,1175767,바람에게,윤상,Cliche,2000.06.01,Ballad,박창학,혹시 그 사람을 만나거든 용서를 빌어주겠니 홀로 버려둔 세월이 길지는 않았는지 우연히도 마주치게 되면 소식을 전해주겠니 아직 그래도 가끔은 생각이 날테니까 결국 끝내지 못한 그 많은 말들 안녕이란 세월 함께 가져가주렴 아직 다 못한 사랑이 울고 있는 그 곳으로  혹시 그 사람을 만나거든 용서를 빌어주겠니 홀로 버려둔 세월이 길지는 않았는지 아직도 나를 기다리거든 내 대신 위로해주렴 이젠 잊어야 한다고 없었던 일이라고 결국 끝내지 못한 그 많은 말들 안녕이란 세월 함께 가져가주렴 아직 다 못한 사랑이 울고 있는 그 곳으로
2000.10.15~10.21,40,505165,Run To You,DJDOC,The Life... DOC Blues 5%,2000.05.16,Rap / Hip-hop,정재용,하나 투 원 투 쓰리 포   BOUNCE with me BOUNCE   with me  BOUNCE with me BOUNCE   BOUNCE with me BOUNCE   with me  BOUNCE with me BOUNCE   BOUNCE with me   BOUNCE with me   BOUNCE with me   BOUNCE with me   BOUNCE with me   BOUNCE with me   BOUNCE BOUNCE BOUNCE   BOUNCE   외로울땐 날불러 뭐가   니맘에 걸려   다른남자와 난 틀려 내게   전활걸어   아무리 우리 멀리 있어도   그 무엇이 날막고 있어도   갈 수 있어 너만 원한다면   달려가겠어 훨훨 날아가겠어   널 안아주겠어 내 모든걸   주겠어 주겠어   내 사랑을 받아줘 날   사랑한다 말해줘   Yeah Baby Yeah Baby  BOUNCE with me BOUNCE   with me  BOUNCE BOUNCE BOUNCE   BOUNCE   외로울땐 나를 불러 뭐가   니맘에 걸려   내가 원한다는걸 넌 알고 있잖아   I need you I want you   I'll run to you  Yeah Baby Yeah Baby   니 마음의 문을 열어   나를 허락해줘   니안에 니맘에 내가 들어   갈수있게  나의 사랑으로 채워줄게  나나나나나 나나나나나 나나나나나 BOUNCE with me BOUNCE  나나나나나 나나나나나 나나나나나 BOUNCE with me BOUNCE  with me BOUNCE with me BOUNCE  BOUNCE with me BOUNCE  with me BOUNCE with me BOUNCE  BOUNCE with me  BOUNCE with me  BOUNCE with me  BOUNCE with me  BOUNCE with me  BOUNCE with me  BOUNCE BOUNCE BOUNCE  BOUNCE  마주선 다가선 너와의  뜨거운 시선  피할 수 없어 내맘을  숨길수가 없어  느낄수가 있어 니가 원하는걸 이 시간을 기다려 왔어 이젠  널 갖겠어  Just two of us 우리 단 둘이서  하늘을 날았어 멈출수가 없었어  이 시간을 꿈꿔왔어 난  정말 원했어  Yeah Baby I want you  I need you run to you  외로울땐 나를 불러 뭐가  니맘에 걸려 내가 원한다는 걸 넌  알고 있잖아  I need you I want you I run  to you  Yeah Baby Yeah Baby  니 마음의 문을 열어 나를  허락해줘  니안에 니맘에 내가 들어  갈수 있게  너와 내가 하나 될수 있게  나나나나나 나나나나나 나나나나나 BOUNCE with me BOUNCE  나나나나나 나나나나나 나나나나나 BOUNCE with me BOUNCE  with me BOUNCE with me BOUNCE  BOUNCE with me BOUNCE  with me BOUNCE with me BOUNCE  BOUNCE with me  BOUNCE with me  BOUNCE with me  BOUNCE with me  BOUNCE with me  BOUNCE with me  BOUNCE BOUNCE BOUNCE  BOUNCE
2000.10.15~10.21,41,87584,All Your Dreams,신화,Only One,2000.12.14,Dance,,어느 날 갑자기 나의 모든 것 환상처럼 한꺼번에 모두 다 사라져 버렸지 세상 모든것이 다 나를 미워해 정말로 이렇게 패배자로 살고 싶지 않아 학벌 없고 돈과 지위도 없고 이변 없는 Lets go to shelter place 이제는 모든 걸 버리고 떠나 갈 시간이 왔어 나의 영혼은 자유로워 지는 거야 그렇게 찾아온 불행 죽음을 불러오는 고통 자신있는 모습으로 맞서 싸워 이겨 너만이 너의 고민을 해결할 수 있어 그렇게 무너진 모습 예전에 너는 아닌거야 시작해 다시 일어나 일어나 다시 살아가는 것이 두려운가 Shut up 어떻게 내 마음을 이해해 영화에서도 소설에서도 있어왔던 일들 언제까지 남의 일인줄만 알았어 Cheer up 생각해 우릴 타오르게 한 못난 나에게 뭐가 남아 있는데 이런 나에게 이런 나에게 I remember all of your dreams 자신 있게 꿈꾸던 그때 눈빛도 너 이루는 그 날까지 포기는 마 다시 시작해 아무도 나에게 묻지 않았지 괴로운지 두려운지 도대체 뭐가 문젠지 세상 누구도 나 이해 못하나 떠나간 너에게 모든 핑계는 대고 싶진 않아 망가진 미래 날 바라보는 가족 무능한 나 Lord What your doing to me 지금껏 나의 조건만을 사랑했었니 그럴 땐 우리가 있어 넌 결코 혼자가 아니야 고통 한번 찾아오지 않는 삶은 없어 이보다 더욱 괴로운 순간이 올 수 도 있어 그럴 땐 내일을 믿어 내 꿈이 이뤄진 그 날을 생각해 다시 기억해 다시 살아가는 것이 두려운가 Shut up 어떻게 내 마음을 이해해 영화에서도 소설에서도 있어왔던 일들 언제까지 남의 일인 줄만 알았어 Cheer up 생각해 우릴 타오르게 한 못난 나에게 뭐가 남아 있는데 이런 나에게 이런 나에게 I remember all of your dreams 자신 있게 꿈꾸던 그때 눈빛도 너 이루는 그 날까지 포기는 마 다시 시작해 그래 또 다시 키워갈 나의 꿈을 위해 I remember all of your dreams 자신 있게 꿈꾸던 그때 눈빛도 너 이루는 그 날까지 포기는 마 다시 시작해
2000.10.15~10.21,42,27092,Space Fantasy,이박사,Space Fantasy,2000.07,Adult Contemporary,,"(이박사~~~) we got 이박사 in the house for new century litsen up people fantastic sound move your body, dance your body every body get up! and say 1. 2. 3. 4!!  이박사와 가재발이 왔습니다. Are you ready for the 뽕짝?!!!!!!! 좋다 좋다 ...앗싸 좋아요. 헤이 헤이 안녕하세요? 저는 대한민국의 신바람 이박사아 섹시한 아가씨를 쫓아가다보니  여긴어디 하와이 (좋아좋아좋아) 하늘의 별을 몽땅 샀더니  카드 막을 일이 걱정이야(아하하 노래하면 신이나고 살아가면 흔들어(오이예~~) 잘난척 소란 부리고  꿈이면 어떠냐 내맘대로 살아요. 꽃다발을 품에안고 은하수와  달과 별을 사랑하는 혹성들(좋다 허!) 우주끝까지 도망가도  마누라는 계속 나를 쫓아와(얼씨구) 노래하는 사람은 세상따르고(우!)  세상은 나를 따라(얼씨구) 엉망진창 난리쳐도 마이크 잡으면 무조껀 오케이(오호) 세상이 끝난다 해도 노래불러  손가락질 받아도 언제나 뽕짝! 열심히 하지 무리도 하지만  다음 일요일도 신바람야 (좋아좋아좋아......하이) 그대역시 나만의 환타지 역시 나의 환타지 그대역시 나만의 환타지  남에게는 얘기못할 환타지 아리랑 스파크 환타지!  아이엠 스페이스 환타지~~ 날아날아 이박사 달려달려 가재발 어디로 가나 어디로 가나 모두들 어디로 가나 이박사님 말해줘요 모두들 어디로 가나 쭉쭉빵빵 미녀들 어디가서 찾지요 박사님과 함께라면 어디라도 좋아요 어디로 가나 어디로 가나 스페이스 환타지 우리모두 함께가자 스페이스 환타지 금발미녀한테 맛이가서 여긴 어디 지구밖~ 무중력땜에 붕!붕! 머물곳은 도대체 어디냐. 힘을들여 노래하면(얼씨구)  가계부가 살아나(아무렴) 문제아라고 불러도  그래도 내맘대로 사는게 최고야. 지평선의 끝까지 노래할거야(그래) 이박사를 부르면 언제나 뽕짝! 버라이어티쇼 한번출연하면 아줌마들 다넘어가. (좋아좋아좋아좋아) (너무너무너무.....허이) 그대역시 나만의 환타지(환타지)  역시 나의 환타지(환타지) 그대역시 나만의 환타지(환타지)  남에게는 얘기못할 환타지 아리랑 스파크 환타지  아이엠 스페이스 환타지이~~~~~  그대역시 나만의 환타지(환타지)  역시 나의 환타지(환타지) 그대역시 나만의 환타지(환타지)  남에게는 얘기못할 환타지 (환타지) 그대역시 나만의 환타지(환타지)  역시 나의 환타지(환타지) 그대역시 나만의 환타지  남에게는 얘기못할 환타지 ...헛!!!! 그대역시 나만의 환타지 역시 나의 환타지 그대역시 나만의 환타지  남에게는 얘기못할 환타지 아리랑 스파크 환타지!  아이엠 스페이스 환타지이~~~~~~ 날아날아 이박사 (좋아좋아좋아)  달려달려 가재발(환타지 (미쳐미쳐) 어디로 가나 어디로 가나 스페이스 환타지! 우리모두 함께가자 스페이스 환타지! (띠리 디리 띠리 디리 ~~) 날아날아 이박사 !!! (이히~~~~) 달려달려 가재발 !!! (우루히~~) 어디로 가나 어디로 가나 스페이스 환타지 우리모두 함께가자 스페이스 환타지~~!!!!!!!"
2000.10.15~10.21,43,86773,이별한 사람만이 아는 진실,최재훈,Believe In 5462,2000.03.09,Rock,유유진,늦은밤 전화해서 니 목소리 듣는일 너에게줄 꽃을 사는일도 이제 난 할 수 없니 사람들 시선에도 너를 안고 걷던 일 말로는 다하지 못 할 우리 사랑한 기억 모두를 지워야 하니 나를 봐 거짓말이지 너를 미워하란말 왜 나없이 살아가려고해 한마디만 내게해줘  나를 사랑했다면 돌아올 수도 있다고 끝내 니가 택한 그 사람 내게서 널 데려가니 나에게는 금지된 모든일들이 그의 몫이 된거니 나를 봐 거짓말이지 너를 미워하란말 왜 나없이 살아가려고해 한마디만 내게해줘 나를 사랑했다면 돌아올 수도 있다고 세상이 한 사람만을 선택하라 하기에 넌 그를 택하는 것 뿐이지 나를 봐 한마디만해 나를 사랑했다고 이대로 널 지울테니
2000.10.15~10.21,45,89820,나침반,CBMass,Massmediah,2000.09.06,Rap / Hip-hop,"Curbin,최자,개코",변화를 원해 좀더 진실한  인간이 되길 원해 삶이 살만한 가치가  있길 바래 한숨찬 세상에  한줌의 재가 될 때까지 우린 이렇게 살아가네 변화를 원해 좀더 진실한  인간이 되길 원해 삶이 살만한 가치가  있길 바래 한숨찬 세상에  한줌의 재가 될 때까지 우린 이렇게 살아가네 나의 영혼을 훔쳐간  힙합 비둘기 같이  더러운 깃털로 물든 식어버린 호빵  이만든 힙합 팝콘  속에 밑바닥에 덜 익은 같은 자들이  이끌어 가는 수레를 이제는 뒤집어  그 위에 cbmass 우리의 울타릴 만들어  거리에 방황하는  어린 영혼의 새천년의 밝은 미래를  만들어 맘대로 이대로 배고픔은 간절함으로  다음 세대로 다시 첨으로 순환되어만 갔던 흑백  그리고 숨기고 싶은  내안의 독백 돈백만원으로 하늘을 날 때  그들은 가난의 여백을 채우려 발악하곤 했지  what 여백을 위해 잡은 나의 마이크  나의 맘속에  다이나마이트 속에 숨긴 나의 rhyme과  skill bass kick 과 snare가 심장속으로 strike 그리고 내가 내뱉는  rap에 강한 1톤 spike 변화를 원해 좀더 진실한  인간이 되길 원해 삶이 살만한 가치가  있길 바래 한숨찬 세상에  한줌의 재가 될 때까지 우린 이렇게 살아가네 변화를 원해 좀더 진실한  인간이 되길 원해 삶이 살만한 가치가  있길 바래 한숨찬 세상에  한줌의 재가 될 때까지 우린 이렇게 살아가네 한숨에 찬 도시의  왼손에 마이크 오른손에 스프레이로  세상을 바꿔 맘껏 모두가 위로  더위로 올라가 반짝 원숭이 재주부려 서로 앞서 가려  바둥거려 쳇바퀴 굴려 어둠을 뚫고 들어오는  cb mass 그것만이 빛의 진실  길거리에 깔린  아저씨 아저씨들에 몸뚱이에 걸친  부르주아에 위선에 찬  옷들을 살 돈으로 차라리 배고프고  병든 자를 도와 진정한 진짜배기  삶이 뭔지 거리의 삶에 미친 힙합에  미친 거리의 삶  그건 마치 빠져나올  수 없는 덫과 같아 그토록  힘들게 버틴 눈과 기가 막힌 먼지 낀 세상에 느끼는 천사의 소리  cb mass sound 진실만을 말해  진실위해 죽고 사는  언더 그라운드 변화를 원해 좀더 진실한  인간이 되길 원해 삶이 살만한 가치가  있길 바래 한숨찬 세상에  한줌의 재가 될 때까지 우린 이렇게 살아가네 변화를 원해 좀더 진실한  인간이 되길 원해 삶이 살만한 가치가  있길 바래 한숨찬 세상에  한줌의 재가 될 때까지 우린 이렇게 살아가네 내내 삶 지지 금까지  흘려온 우리의 땀땀 나  그리고 우리 결코 후회하지 않을 판단  힙합에 대한 우리가 선택한  이 길에 대한 시작 비비비판에 시선으로  우리를 보는 니들의 생각을  뒤집기 위한 니들가가슴 속에  그속에 생각들을 니들 머리에 뿌리박아  주기 위한 힙합 힙합에 대한  우리의 열정에 결정 체체체인 우리의 음악 속에 그 속에 담아보고자하는  세상의 혼란속에  거꾸로 휙휙 돌아만 가는 현실의 세계  거세게 휘몰아치는 위선의 폭풍속에  눈앞에 밟히고 또밟히는 이사회의  부조리에 모든 일들을  움켜쥐고서 이제부터 우리가 제대로  꼬집어 주겠어 광기에 더더 빠르게  돌아만가는 우리의 긴혀로 다다  내 뱉어주겠어 변화를 원해 좀더 진실한  인간이 되길 원해 삶이 살만한 가치가  있길 바래 한숨찬 세상에  한줌의 재가 될 때까지 우린 이렇게 살아가네 변화를 원해 좀더 진실한  인간이 되길 원해 삶이 살만한 가치가  있길 바래 한숨찬 세상에  한줌의 재가 될 때까지 우린 이렇게 살아가네 변화를 원해 좀더 진실한  인간이 되길 원해 삶이 살만한 가치가  있길 바래 한숨찬 세상에  한줌의 재가 될 때까지 우린 이렇게 살아가네 변화를 원해 좀더 진실한  인간이 되길 원해 삶이 살만한 가치가  있길 바래 한숨찬 세상에  한줌의 재가 될 때까지 우린 이렇게 살아가네
2000.10.15~10.21,46,4078,Kiss,컨츄리꼬꼬,Country Kkokko 03,2000.06.12,Dance,최수정,그녀의 검은 머릿결은 정말 나는 사랑하지 않을 수가 없었어 그래서 빠져 버렸지 지독한 그 사랑속에 빠지고 만거야 그녀의 예쁜 두눈이 달려와서 내 가슴에 울어 버리면 한 남자의 순정의 가슴속에 비가 내리지 너무나 사랑했던 그토록 믿어왔던 그녀의 마지막 그 말이 미안하다니 날 잊으라니~ 우리가 함께 나누던 수 많은 추억이 가슴에 많은데 떠나가지 말고 내게로 돌아와서 키스해 나의 입술에 촉촉한 입술로 사랑의 묘약을 랄랄라~ 오늘 이 밤이 다 지나가기 전에 다시 안겨 나의 품에  난 정말 참을 수 없어 니가 뭔데 나를 울리고 떠나가겠다니 난 너를 믿어 왔는데 난생 처음 진심으로 너만을 원했어 아무리 잊으려해도 내 머리엔 온통 너의 생각뿐이야 오늘 이 밤이 마지막 만남이란 말은 하지마 우연히 길을 걷다 우리가 함께 듣던 음악이 거리에 나오면 어떡하라고 가슴이 아파 늦은 밤 끊어져버리는 전화벨 소리도 마음이 우울해 떠나가지 말고 내게로 돌아와서 키스해 나의 입술에 촉촉한 입술로 사랑의 묘약을 랄랄라~ 오늘 이 밤이 다 지나가기 전에 다시 안겨 나의 품에 한번 더 나에게 키스해 오늘 밤에 나의 입술에 촉촉한 입술로 사랑의 묘약을 랄랄라~ 오늘 이 밤이 다 지나가기 전에 다시 안겨 나의 품에
2000.10.15~10.21,47,91014,주문을 걸어,박혜경,+01,1999.12.23,Rock,강현민,(나나나 나나나 -)  파란 바람이 불어 괜히 설레이던 날  하얗게 빛나는 너를 보게됐어 오-  스쳐 지나 갔지만 까만 너의 눈 속엔  너를 바라보는 내 모습이 있어 오-   And I`ll be seeing you!  꼭 보게 될거야  네게 주문을 걸었으니  오 그렇게 난 그렇게 널 만날꺼야   오 찾게 될꺼야  너는 마법에 빠진거야  오 그렇게 꼭 그렇게 날 찾을꺼야   (나나나 나나나 -)  매일 너의 꿈 속에 나를 보게 될꺼야  놀라지는 말아 우연이 아니야 오-  한 순간이었지만 너의 마음 가득히  까만 눈에 비친 내 모습이 있어 오-   And I`ll be seeing you!  꼭 보게 될거야  네게 주문을 걸었으니  오 그렇게 난 그렇게 널 만날꺼야   오 찾게 될꺼야  너는 마법에 빠진거야  오 그렇게 꼭 그렇게 날 찾을꺼야   I`ll be seeing you!  오 찾게 될꺼야  너는 마법에 빠진거야  오 그렇게 꼭 그렇게 날 찾을꺼야 -  (나나나 나나나 -)
2000.10.15~10.21,48,38557,아름다운 아픔,김민종,왜,2000.03.29,Ballad,김민종,더 기다려줄께 너를 향한 나의 그리움으로 그토록 널 사랑하기에 오랜시간을 소중히 견딜수있었어 나 익숙해졌어 어떤 날은 울기만 했었지만 그래도 그런 아픔이 날 떠난 널 날 버린 널 더 높게 만들었어 자유롭게 더 지내도 난 괜찮아 더 있을께 이렇게 나보다 널 사랑한 날위해 아름다운 아픔을 느끼며  또 눈물이 흘러 편안하게 기다리려했지만 그래도 그런 눈물이 날 떠난 널 날 버린 널 더 높게 만들었어 자유롭게 더 지내도 난 괜찮아 더 있을께 이렇게 나보다 널 사랑한 날위해 아름다운 아픔을 느끼며 자유롭게 더 지내도 난 괜찮아 더있을께 이렇게 나보다 널 사랑한 날위해 아름다운 아픔을 느끼며 아름다운 아픔을 느끼며
2000.10.15~10.21,50,88452,WA NNA BE,닥터코어911,비정(非正)산조,2000.08,Rock,,비가오지 아니 오길 바라지 나비가오면 어둠이 나를 감싸지 내안에 꽃을 물고 이리저리가니 나를 보는 다른이의 눈은 뭔지 먼지만이 쌓인 가슴에 다른 내가 있길 바램의 끝은 어딘지 그치 맞지 세상이 말이지 나를 가만두려 하지 않지 세상은 나를 가만두려 하지않지 흩날린 기억속에 나를 찾네 내리는 빗물속에 숨을 참네 잊혀진그늘속에 관을 깔고 내 손이 이젠 내목을 감고 끔찍한 말들속에 손을 담네 늘 같은 한숨속에 날이 가네 지쳐만가는 삶에 취해 가네 낫선 칼이 내말이 나를 깎고  비가 오지 또 짜증나지 왜 이 지겨운 비는 자꾸자꾸 내리는지 나비가 니가 비가 너무 싫어서 집에 있지 방에 있지 나가기도 싫지 맨발 벗고 나가 하얀 비를 맞으며 내안에 영혼을 날려보내 사람에 대한 그리움에 목메인 가슴에 미움에 끝은 어디쯤에 기다림에 끔찍한 말들속에 손을 담네 늘 같은 한숨속에 날이 가네 지쳐만가는 삶에 취해 가네 낫선 칼이 내말이 나를 깎고 꽃이피기전에 꿈을 꿔야해 가끔 죽기전에 꿈을 꾸곤해 햇살만이 가득한 이 날 그리움에 애써 웃음주고 가지 꺽이지 꽃이피기전에 꿈을 꿔야해 가끔 죽기전에 꿈을 꾸곤해 햇살만이 가득한 이 날 그리움에 애써 웃음주고 가지 꺽이지 꽃이피기전에 꿈을 꿔야해 가끔 죽기전에 꿈을 꾸곤해 햇살만이 가득한 이 날 그리움에 애써 웃음주고 가지 꺽이지 꽃이피기전에 꿈을 꿔야해 가끔 죽기전에 꿈을 꾸곤해 햇살만이 가득한 이 날 그리움에 애써 웃음주고  봄비마저 내린 날은 네 꿈만을 썼네 가끔은 맞기싫어 난 우산을 썼네 가끔은 맞기싫어 난 우산을 썼네 이 비를 맞기싫어 난 우산을 썼네
