time,rank,song_id,title,singers,album,date,genre,creator,lyric
2002.04.28~05.04,1,500962,비몽,KYT(코요태),필립 4집,2002.03.15,Dance,주영훈,Long gone every time  I close my eyes  See you one more time  So long say goodbye come on  see more time Let's start  난 나나나 나나나 나나나나   난 나나나  난 나나 나나나나  난 나나나 난나나 나나나나   난 나나나 난 나나나  움직일수 없어 너의 모습앞에  너무도 달라진 표정  차가운 말투와 날 피하는 눈빛  예전에 네가 아니야  이유라도 대봐 내가 알 수 있게  왜 나를 떠나려는지  마음 약한 내가 쓰러져 울 것을  누구보다 알면서  단 한 번만 나의 모습을 되돌아봐 줘  멈춰버린 내 가슴은 또 어떻게 해  이대로 가지마 남겨진 기억  어떡하라고  흐르는 눈물도 버려진 슬픔도  왜 그냥 두고가  그런 말 하지마   행복하기를 바란다는말  평생을 울어도 상처로 남겨질   내 맘 알잖아  Can't move 차가운 너의 말투  나를 피하려고 애써 I got you  내게 다 주고 넌 아주 먼 곳에서  나를 놔주려해 I want you  내게 다시 돌아와 떠나지마  마지막 한 번만 나를 쳐다봐  이건 꿈일 거야 sad dream뿐이야  내게 남긴 상처 Please stop  난 나나나 나나나 나나나나  난 나나나 난 나나 나나나나 난 나나나 난나나 나나나나  난 나나나 난 나나나 이건 꿈일 거야 분명 아닐거야 아무리 위로해봐도 자꾸 멀어지는 너의 뒷모습에 난 다시 눈물 뿐야 사랑했던 그 순간만은 진심이었길 누굴 향해 냉정하게 또 가는 거야 이대로 가지마 남겨진 기억 어떡하라고 흐르는 눈물도 버려진 슬픔도 왜 그냥 두고가 그런 말 하지마 행복하기를 바란다는말 평생을 울어도 상처로 남겨질  내 맘 알잖아 난 나나나 나나나 나나나나  난 나나나 난 나나 나나나나 난 나나나 난나나 나나나나  난 나나나 난 나나나
2002.04.28~05.04,2,489210,Last Scene,롤러코스터,Absolute,2002.03.22,Rock,조원선,나는 아무 말도 못했다  그 자리에 그냥 서있다  니가 하는 말이 무슨 뜻 인지를  한참 후에서야 알았다 그래 모든 것은 변했다  변하지 않는 건 없었다 내가 있는 곳에 너는 없다는 걸  한참 후에서야 알았다 다행히도 시간은 흐르고  아무렇지않게 너의  이름을 말하고 이제는 다 지난 얘기라고  큰 소리로 웃어보기도 하고 나 답지도 않은 말을 하고  사람들은 내가 변했다고 해 그래 모든 것은 변했다  변하지 않는 건 없었다 내가 있는 곳에 너는 없다는 걸  한참 후에서야 알았다 다행히도 시간은 흐르고  아무렇지않게 너의  이름을 말하고 이제는 다 지난 얘기라고  큰 소리로 웃어보기도 하고 나 답지도 않은 말을 하고  사람들은 내가 변했다고 그러다 어떤 날은 화가 나고  큰 소리로 울어 보기도 하고 넌 더 힘들꺼라 상상해도  아무것도 달라지는 건 없어 이제는 다 지난 얘기라고  큰 소리로 웃어보기도 하고 나 답지도 않은 말을 하고  사람들은 내가 변했다고 그러다 어떤 날은 화가 나고  큰 소리로 울어 보기도 하고 넌 더 힘들꺼라 상상해도  아무것도 달라지는 건 없어
2002.04.28~05.04,3,448502,마지막 약속,포지션,The Romanticist,2002.03.29,Ballad,양재선,조금 더 천천히 걷기를 바랬어  너의 발걸음을 맞추며  왜 오늘따라 늘 오고가던 길이  유난히도 가까운지  이길의 모퉁이를 지나고나면  우린 헤어져야 하겠지  왜 오늘따라 밤 하늘위에 별이  유난히도 빛나는지  보내는 날 차갑게 돌아서  내앞에 널 또 잡을지 몰라  몇번씩이나 날 떠나라고 밀어냈지만  내맘은 항상 너를 붙잡았지  보내줄게 눈물만 남은 사랑  여기에서 끝낼수 있도록 널보내줄게  괜찮아 사랑한 기억모두 지난 약속 모두를  잊어도 괜찮아 내가 기억할테니...  널 보낸 그자리에 그대로였어  니가 다시 올 것 같아서  왜 오늘따라 늘 바라보던 창이  유난히도 높은건지  다시는 널 보이진 말아줘  이렇게 널 또 보낼순 없어  몇번씩이나 날 떠나라고 밀어냈지만  내맘은 항상 너를 붙잡았지  보내줄게 눈물만 남은 사랑  여기에서 끝낼수 있도록 널보내줄게 괜찮아 사랑한 기억모두 지난 약속 모두를  잊어도 괜찮아 영원히 내가 기억할테니 괜찮아 기다리는 내모습 남겨진 내 눈물을  잊을수 있도록 이제 행복해야되...
2002.04.28~05.04,4,159406,Perfect Man,신화,Perfect Man,2002.03.29,Dance,유영진,"Yeah- Uh- 그대만을 알겠어.  내 숨이 다 한대도 Cause u are the one 모두 변한다 해도(난 변하지 않겠어)  그냥 내버려둬.  나의 그녀에겐 시간이 필요할 테니까  난 기다려야만 돼. 때론 힘들겠지 항상 네 곁엔  완벽한 사랑이 있어.  내가 줄 수 없던 많은 것  세상을 다 가진 너일 테니까.  그대만을 알겠어 내 숨이 다 한대도  Cause u are the one  다신 내게 니가 없던 시련 또 없을 거야.  내 품에 네가 이젠 쉴 수 있도록   네가 떠나버리기 전엔(아무것도 몰랐어)  내게 중요했던 건 오! 나일뿐  이젠 깨달았어.  너무 늦었지만 너를 알아 본 거야  하나의 사랑인걸.  제발 내게 닥친 고통 속에서  나를 구해내 주겠니.  일 년 같은 하루를 사는게  너무 힘에 겨워 견딜 수 없어.  그대만을 알겠어 내 숨이 다 한대도  Cause u are the one  다신 내게 니가 없던 시련 또 없을 거야.  내 품에 네가 이젠 쉴 수 있도록  Ya, the perfect man is who I be,  sittin on top with ya, but more swifter,  stronger than your nob liquor,  money hoes and clothes  don''t let the clues get ya, they not fear.  혹시 너 기억 속에 내가  아주 덤덤하게 느껴질 땐  모닝커피 향기처럼 곧 사라질 땐  마지막 기회를 내게 줄 순 없나  다시 시작해  넌 내가 얼마나 힘들었는지 알거야  너의 곁을 떠난 적 없어(Call me)  날 받아준다면 내 모든게 변할 거야  너이기를 간절히 원해 원해  그대만을 알겠어 내 숨이 다 한대도  Cause u are the one  다신 내게 니가 없던 시련 또 없을 거야.  내 품에 네가 이젠 쉴 수 있도록"
2002.04.28~05.04,5,191093,No.1,보아(BoA),No. 1,2002.04.01,Dance,,어둠속에 니 얼굴 보다가
2002.04.28~05.04,6,502946,Rain,박혜경,Feel Me,2002.02.20,Rock,이재학,늘 함께 했던 카페에 앉아  누구가를 기다리듯이 혼자서 차를 마시고 널 바라보던 그 자리에서  물끄러미 창밖을 보다 비 내리는 거릴 나섰지 차가운 빗속을 바쁜 듯 움직이는 사람들 속에 어느새 뜨거운 내 눈물이 내 뺨위로 흐르는 빗물에 눈물 감추며 한참동안 이렇게 온몸을 흠뻑 적신채 저 퍼붓는 빗속을 하염없이 울며 서 있어 쏟아지는 빗속에 끝없이 눈물 흘리며  이젠 안녕  늘 잠 못들어 뒤척이다가  비 내리는 소리에 끌려 난 그대로 집을 나섰지 차가운 빗속을 바쁜 듯 움직이는 사람들 속에 어느새 뜨거운 내 눈물이 내 뺨위로 흐르는 빗물에 눈물 감추며 한참동안 이렇게 온몸을 흠뻑 적신채 저 퍼붓는 빗속을 하염없이 울며 서 있어 쏟아지는 빗속에 끝없이 눈물 흘리며  이젠 안녕  내 뺨위로 흐르는 빗물에 눈물 감추며 한참동안 이렇게 온몸을 흠뻑 적신채 저 퍼붓는 비를 맞으며  하염없이 울며 서 있어 아름다운 기억도  모두다 난 난 난 눈물로 널 지워버릴께  이제는 나 지워버릴께 쏟아지는 빗속에  끝없이 눈물 흘리며 이젠 안녕
2002.04.28~05.04,7,502928,Loving You,김현철,... 그리고 김현철,2002.03.12,Ballad,김현철,사람들은 나에게 물어봐.. 넌 꿈을 꾸냐고 사람들이 나에게 이렇게 묻는다면.. 뭐그리 좋냐고 요즘 내가 무슨 꿈 꾸냐면 Loving you always in loving you Loving you always in loving you 그댄 날 전혀 몰라 준다고 해도..  누구라도 이럴까 나에 맘 모든게 새로워 누구라도 이럴까 자그마한 일에도 마음아리는거 요즘내가 꿈꾸는 꿈이라 Loving you always in loving you Loving you always in loving you 그댄 날 전혀 몰라 준다고 해도..  어느날 문득 찾아와 고백하는 꿈.. 나를 사랑한다고 Loving you always in loving you Loving you always in loving you 그댄 날 전혀 몰라준대도.. Loving you always in loving you Loving you always in loving you 그댄 날 전혀 몰라준다고 해도.. 그게 몇년 동안이 가고 나에 꿈은 환상으로.. Loving you..
2002.04.28~05.04,8,482404,Suddenly,제이워크,Suddenly,2002.03.22,Ballad,안성일,Suddenly 이렇게 나에게  찾아 온 슬픔이 너무도 힘든걸  Just for you 마지막 한번만  떠나는 그대를 볼 수만 있도록  내게 남겨진 기억속의 마지막 모습  찾고 싶어 찾아간 그 곳에서  그댈 볼까  어떻게든 잊으려고  지우려고 했지만  더욱 더 커져가는 마음속에 상처뿐  후회도 내 체념도 더욱  파고드는 그리움 뿐  하늘도 이런 나를 미워하고 있는지  내 몸을 아프게도 적시고만 있는걸  꺼멓게 다 타버린 나의  마음만이 남아 있는걸  내 자신조차 포기하겠어  내 가슴속에 기억하겠어  내 가슴속 깊숙이 널 묻어두고서  지우지 않겠어  그대 영원토록 나 증오로  사랑할게 love love  Close to you 기억에 잠기면  아직도 조금은 행복한 추억도  이젠 더 이상 의미 없는  세상이 된 걸  바로 지금 편안히 잠들고파  영원토록  어떻게든 잊으려고  지우려고 했지만  더욱 더 커져 가는 마음속에  상처뿐  후회도 내 체념도 더욱  파고드는 그리움 뿐  더 이상 걸을 수도 없을  만큼 힘든걸  아무리 참아봐도 더해가는 고통도  사랑이 참 이렇게 가시 가득  고인 아픔이란 걸  마지막 한번만 더 그대의  그림자조차 볼 수만 있게해줘  멀리서 다가오는 그대 모습 보았어  갑자기 굳어버린 나를 원망했지만  차라리 그 모습을 보지  않았어야 했을텐데  내 볼에 흘러내린 빗물이  내 눈물을  감추고 있을거라 생각하고 싶었어  그렇게 스쳐가는 그대  향기만이 남아 있을 뿐  내 자신조차 포기하겠어  내 가슴속에 기억하겠어  내 가슴속 깊숙이 널 묻어  두고서 지우지 않겠어  그대 영원토록 나 증오로  사랑할게 love love
2002.04.28~05.04,9,862035,영원,핑클,영원,2002.02,Ballad,이효리,이제는 다시는 돌아올수가 없는  먼곳에 그녀를 보낸 네마음  떠나간 그녀를 놓아주기엔 시간이 부족했던걸  알지만 난 슬퍼져  시간이 지나가면 모두 잊혀진다는 그말  틀린 애기는 아니겠지  너도 그녈 잊을수 있겠지  난 너를 기다릴게 네 마음 문을 열고  네가 오기를 내게 와주기를 언제나 나 그래왔듯이  넌 그냥 내게로 와 쉽진 않겠지만  눈물로 채운 지난 기억 모두 내곁에 잠들수 있게   그렇게 그립니 아직도 울고 있니  모두 다 주어도 모자란거니 난  이렇게 사랑해도 가질수가 없는 네맘을  원망하며 돌아서봐도 나 역시 널 잊을수 없어  난 너를 기다릴게  네 마음 문을 열고  네가 오기를 내게 와주기를 언제나 나 그래왔듯이  넌 그냥 내게로 와 쉽진 않겠지만  너만을 위해 살고 있는 나를 기억해  혼자 아닌 둘이면 무엇도 두렵지는 않아  네가 곁에 있어 영원히   난 기다림의 끝에 네가 오는 날에  누구보다 더 환한 모습으로 말할게  널 사랑한다고
2002.04.28~05.04,10,314448,사랑 Two (Acoustic Ver.),YB,Live Is Life,2002.06.27,Rock,이경희,나의 하루를 가만히 닫아주는 너 은은한 달빛따라 너의 모습 사라지고 홀로 남은 골목길에 수줍은 내 마음만  나의 아픔을 가만히 안아 주는 너 눈물 흘린 시간 뒤엔 언제나 네가 있어 상처 받은 내 영혼에 따뜻한 네 손길만  처음엔 그냥 친군줄만 알았어 아무 색깔 없이 언제나 영원하길 또 다시 사랑이라 부르진 않아 아무 아픔 없이 너만은 행복하길  널 만나면 말없이 있어도 또하나의 나처럼 편안했던거야 널 만나면 순수한 내모습에 철없는 아이처럼 잊었던 거야  내겐 너무 소중한너 내겐 너무 행복한너   처음엔 그냥 친군줄만 알았어 아무 색깔 없이 언제나 영원하길 또다시 사랑이라 부르진 않아 아무 아픔 없이 너만은 행복하길  널 만나면 말없이 있어도 또하나의 나처럼 편안했던거야 널 만나면 순수한 내모습에 철없는 아이처럼 잊었던거야  널 만나면 말없이 있어도 또하나의 나처럼 편안했던거야 널 만나면 군수한 내모습에 철없는 아이처럼 잊었던거야  내겐 너무 소중한너 내겐 너무 행복한너
2002.04.28~05.04,11,529013,착각의 늪,박경림,박고테 프로젝트,2002.03.23,Ballad,박수홍,관심없는 표정 짓고 있지만  흔들리는 니 마음 다 들켰어 인정해  속이려 하지마 말은 안해도  날 보는 니 눈빛은 내게 빠진걸   내 주윌 맴도는 수많은 남자들 내게 말해  처음엔 재밌고 편한 친구라  날 생각했었다고   나에게 빠져 빠져 모두 빠져 버려  피할 수 없는 나의 매력속으로  사실은 처음부터 그랬던거야  벗어날 수 없을걸   사랑에 빠져 빠져 이젠 빠져 버려  누구도 선택 할 수 없는 내 마음  이제는 한 사람을 사랑할거야  그건 바로 너   Yo 프로듀서에는 박수홍  소속가수에는 박경림  모두가 안된다고 했지만  우리는 결국 해냈다  난 정말 가난이 싫어  여러분 한 번만 도와주세요  영원히 잊지 않을께요  난 정말 가난이 싫어 요~맨  사랑에 빠진건 우연이 아냐  피해가려 하지마 이젠 포기해  시간이 갈 수록 더 깊이 빠졌어 하나 둘씩  왠지는 잘 몰라 정신차리면  허우적대고 있어   나에게 빠져 빠져 모두 빠져 버려  피할 수 없는 나의 매력속으로  사실은 처음부터 그랬던거야  벗어날 수 없을 걸   사랑에 빠져 빠져 이젠 빠져 버려  누구도 선택 할 수 없는 내 마음  이제는 한 사람을 사랑할거야  그건 바로 너 -
2002.04.28~05.04,12,159881,떠나가라,Q.O.Q,Like A Movie,2002.03.26,Dance,,"가라 가라 가라 가라 멀리 떠나가라! 사랑해서 떠난다고 웃기지마라! 봐라 날 너없이도 잘살아 갈날! 가라 가라 떠나가라 멀리 날아가라! 떠나려면 다 떠나가라  내 슬픔 상관말고 떠나가라  너 행복하다면 나는 좋아 oh 떠나가라 떠나가라 떠나가라 봄에 우리가 만났던가  여름에는 우리 놀러 갔었던가  가을 겨울에는 헤어져 oh 슬펐던가 슬펐던가 슬펐던가 아니 나 이렇게 그대를 그리워 할것을  이별에 슬픈 내 모습을 보게 될것을  저기 새로운 사람 나를 오라하여도  그대생각 사랑 생각 떠올라! 사랑하면 뒤돌아 깬 날 생각나  내게 안긴 그대 얼굴 떠올라 울잖아 널 사랑하고 좋아했어 지금도 그대생각 사랑 생각 떠올라! 나도 간다 다 필요없다 내게서 최대한 멀리떨어진다  니가 떠나간 반대편으로 내가 oh 떠나간다. 잘있어라 행복해라 Show me love!  이젠 이런 말 조차도 다신 할수가 없어! 날 버리고 떠난너! 난 또 바보가 됐고,  나 혼자 아무말 못하고 슬퍼 울고 또 울고, 내 맘 한구석에서는 널 찾지 않겠다고,  크게 외쳐봐도 이를 꽉 물어봐도  너무도 너무도 보고싶어 분통터져,  한맺혀! 널 괜히 보냈는가 싶어! 니가 날 떠났듯이 나 또한 역시 아무런 미련없이  내 마음속에서 널떠나보내 지워버려 그리고는 너에대한 나의 마지막 배려로  보내는 이 한마디 잘있어! 행복해라! 부디 어디 한번 두고보자며 아무렇디도 않은듯  되돌아 서기만 하지만 막상 되돌아서고 나니 너무도 슬퍼지는게 사실이고  아마 너도 그럴테고  도대체 너나 나나 왜 이래야 하나 아니 나 이렇게 그대를 그리워 할것을  이별에 슬픈 내 모습을 보게 될 것을  저기 새로운 사람 나를 오라 하여도  그대 생각 사랑 생각 떠올라  사랑이란 건 이런 것  다 떠나가고 다시오고 떠나가고 이별이란 건 이런 것 새로운 만남을 예고하고 또 헤어지고 사랑이란 건 이런 것  다 떠나가고 다시오고 또 떠나가고"
2002.04.28~05.04,13,111413,안 되나요.. (부제: 화양연화),휘성(Realslow),Like A Movie,2002.04.03,R&B / Soul,박경진,너무 힘들어요 다른 사람 곁에 그대가 있다는 게 처음 그댈 본 난 휠씬 그전부터 이미 그랬을 텐데 어쩌면 헤어질 지 몰라 힘겨운 기대를 해봐도 단 한번 힘들어 하는 표정 없이 행복해 하는 그대가 싫어요 안되나요 나를 사랑하면 조금 내 마음을 알아주면 안되요 아니면 그 사람 사랑하면서 살아가도 돼요 내 곁에만 있어 준다면 하루는 울고 있는 그대 멀리 서 지켜 본적이 있죠 그렇게 울다 지쳐서 그 사람과 이별하게 되길 기도 하면서 안되나요 그대 이별하면 이제 그 자리에 내가 가면 안되요 아니면 그 사람 사랑하면서 살아가도 돼요 내 곁에만 있어 준다면 힘들 그대 모습 생각해 보면 애써 그대 때문에  아픈 나를 만나지만 우우 사랑 할 수 없는 그대를 보면 너무 아픈 가슴 다 쓰러져만 가는데 안되나요 나를 사랑하면 조금 내 마음을 알아 주면 안되요 아니면 나를 그 사람이라고 생각해도 되요  그대만 내게 있으면 그대만 있어 준다면
2002.04.28~05.04,14,432824,콩가,컨츄리꼬꼬,딱! 내 스타일이에요,2002.04.08,Dance,이상백,(달나라 꿈꾸는 나의 HONEY-)    태양이 싫다(예) 뜨거워 싫다(우)  흔한게 사랑에 타지 않는 차가워진  저 달빛이 좋다(예) 차가워 좋다(와)  그녀의 머릿속 정말 이해할 수가 없다    그래 Bye bye bye 가고 싶은 대로 가  하고 싶은 대로 하고 너의 사랑 찾아가  Hi hi hi 과연 만족할런지  다시 돌아 오겠지 설마 설마 했었지    첫사랑을 꿈꾸는 그녀  알고 보니 정말 헤어지려하네  잡으려도 잡을수 없네  나 그녀 정말 사랑하나봐    안돼 허니 뭐하니 떠나려고 하니  뭐니 너 뭐니 정말 왜 그러니  왜 날 잊으려고 왜 날 떠나려고  달나라 꿈꾸는 나의 허니  왜 나니 정말 어떡하니  달나라 꿈꾸는 나의 사랑아  잘가라 Good bye -   달빛에 그녀(예-) 꿈꾸는 그녀(예-) 바보처럼 잘 가라 말했더니  바로그냥 차가워진 그녀 냉정한 그녀  그녀의 마음속을 정말 헤아릴수 없잖아    그래 Bye bye bye 가고 싶은 대로 가  하고 싶은 대로 하고 너의 사랑 찾아가  hi hi hi 과연 만족할런지  다시 돌아 오겠지 설마 설마 했었지   저 사랑을 꿈꾸는 그녀  또 다른 사랑 찾아 떠나가는 그녀  잊으려도 잊을 수가 없네  나 그녀 정말 보내야 하나   안돼 허니 뭐하니 떠나려고 하니  뭐니 너 뭐니 정말 왜 그러니  왜날 잊으려고 왜날 떠나려고  달나라 꿈꾸는 나의 Honey -   나니 또 나니 수많은 사람 중에  나니 왜 나니 정말 어떡하니  달나라 꿈꾸는 나의 사랑아  잘가라 Good bye -
2002.04.28~05.04,15,503472,정상에서,김정민,The Greatest Love Song 2002,2002.02.27,Ballad,"지예,김관민",죽어도 좋을만큼 누굴   사랑한적 있었던 나  이세상 끝이라도 지켜주고픈   사람있었던 나  영원히 머물것만 같던  너마저 떠나가던 그날에  왜인지 조차 묻고싶지   않았던 초라한 내 삶이었었어  잃어버린 지난 시간속에   혼자만의 서럽던 지난날들  잊어버려 또 잊고 일어서버려   언젠가 다시 돌아올테니  영원히 머물것만 같던   너마저 떠나가던 그날에  왜인지 조차 묻고싶지   않았던 초라한 내 삶이었었어  어디라도 마음둘곳 없어   쓰러지듯 아파온 내 가슴에  고개들어 나 다시 고개를   들어 언제나 말하고 싶어  잃어버린 지난 시간속에   혼자만의 서럽던 지난날들  잊어버려 또 잊고 일어서버려  언젠가 다시 돌아올테니
2002.04.28~05.04,16,448806,Remember,악동클럽,Remember Hero,2002.03.23,Ballad,김태희,tell me why you come to me tell me why you want my love 나를 이렇게 쉽게 떠날꺼라면 you are always on my mind I can't live without you love 다시 내게 돌아와 tell me why I don't wanna say goodbye 상관없어 내맘 걱정하지마 난 괜찮아 어차피 다 지난 기억속에 희미한 나만 남아있을뿐 널 사랑했던 그순간 tonight 오랜 시간뒤엔 잊혀지겠지 다른 사랑도 있겠지 가끔 너를 닮은 뒷모습 보면 가던길 멈출 테지만 정말 나를 사랑하긴 했는지 너무 서둔건 아닌지 매일 잠이드는 그순간마다 때 늦은 눈물 흘려도 마지못해 살겠지 추억 속에 남겨져 끝내 지우지 못할 그리움속에 많이 울어야겠지 끝없이 날 버리며 너를 사랑한만큼 baby please let go 지난 날들은 그저 추억을 메꿔 텅빈 가슴을 내눈물로 채우며 너무 아픈날들 난 긴밤을 새우며 내맘을 숨기기에는 이미 깊어진 상처 내속에 남겨져 가끔씩 꿈속에 잠겨 귓가를 간지럽히는 너의 목소리가 들려 그리움에 눈물만 흘러 아직 눈감으면 나의 입술에 웃음 그리던 널느껴 그손 잡아보려 눈을 떠보면 외로이 눈물만 흘러 tell me why you come to me tell me why you want my love 나를 이렇게 쉽게 떠날꺼라면 you are always on my mind I can't live without you love 다시 내게 돌아와 내가 어떻게 너를 잊을수 있겠니 내삶이 끝나 나를 잊어도 마지못해 살겠지 추억속에 남겨져 끝내 지우지 못할 그리움속에 많이 울어야겠지 끝없이 날 버리며 너를 사랑한만큼 내삶이 끝나는 그 날까지 난 애타게 기다리겠지 오지 않을걸 알지만 하지만 오랜시간 후 널 다시 만날 수 있는 순간까지 넌 내 전부니까 goodbye
2002.04.28~05.04,17,503109,Just A Feeling,S.E.S.,Choose My Life-U,2002.02.15,Dance,전승우,Just a feeling 느낀 그대로 말해  Think about it 주저하지마  Just be waiting 이젠 준비가 됐어  너를 내게 줘 내가 갖겠어 ...  처음부터 다 날 보여 줄순 없지  신비스런 분위기로 Oh yeah~  호기심을 자극하는 것도 괜찮아  궁금해 미칠 것만큼  결국 너는 내게 오게 될 거야  원한다면 내길 걸어도 좋아  한 걸음 씩 조금 더 네게로 다가가  널 차지하고 말거야  Just a feeling 느낀 그대로 말해  Think about it 주저하지마  Just be waiting 이젠 준비가 됐어  너를 내게 줘 내가 갖겠어 ...  딴 사람과 다정한 내모습을  살며시 보여 줄 거야 Oh yeah~  그에게는 조금 미안한 일이지만  널 갖기 위해서니까  어쩔 줄을 몰라하는 니 표정  어쩜 그리 숨기지를 못하니  느낄 수가 있었어  내 곁의 그 사람 쳐다보는 니 시선  Just a feeling 느낀 그대로 말해  Think about it 주저하지마  Just be waiting 이젠 준비가 됐어  너를 내게 줘 내가 갖겠어 ...  Just a feeling  That''s what I can show you  Think about it 기다리고 있어  Just a feeling  That''s what I can show you  Think about it 기다리고 있어  Just a feeling  Think about it  이런 나도 맘이 편한게 아냐  혹시라도 니가 돌아설 까봐  그만 내게 말해 줘 나를 사랑한다고  기다리고 있잖아  Just a feeling 느낀 그대로 말해  Think about it 주저하지마  Just be waiting 이젠 준비가 됐어  너를 내게 줘 내가 갖겠어 ...  Just a Feeling 느낀 그대로 말해  Think about it 주저하지마  Just be waiting 이젠 준비가 됐어  너를 내게 줘 내가 갖겠어(너를 내게 줘)  Just a feeling  That''s what I can show you  Think about it 기다리고 있어  Just a feeling  That''s what I can show you  Think about it 기다리고 있어  Just a feeling
2002.04.28~05.04,18,489252,대화가 필요해,더자두,Change Yourself,2002.04.02,Ballad,최준영,또 왜 그러는데 뭐가 못 마땅한데  할 말 있으면 터 놓고 말해봐   너 많이 변했어 내가 뭘 어쨌는데  첨엔 안 그랬는데 첨에 어땠었는데  요샌 내가 하는 말투랑  화장과 머리 옷 입는 것까지  다 짜증나나봐 그건 니 생각이야   우리서로 사랑한지도 어느덧 10개월  매일 보는 얼굴 싫증도 나겠지  나도 너처럼 나 좋다는 사람 많이 줄 섰어  간다는 사람 잡지 않아 어디한번 잘해봐  근데 그놈의 정이 뭔지 내 뜻대로 안 돼  맘은 끝인데 몸이 따르지 않아  아마 이런게 사랑인가봐 널 사랑하나봐  지금부터 내 말 들어봐   넌 집착이 심해 그건 집착이 아냐  나를 너무너무 구속해 그럼 너도 나를 구속해  우리 결혼한 사이도 아닌데  마치 와이프처럼 모든걸 간섭해   너의 관심 끌고 싶어서  내 정든 긴 머리 짧게 치고서 웨이브 줬더니  한심스러운 너의 목소리 나이 들어 보여  난 너의 긴 머리 때문에 너를 좋아했는데  니가 너무 보고 싶어서 전화를 걸어  날 사랑하냐고 물어봤더니  귀찮은 듯한 너의 목소리 나 지금 바빠  듣고 보니 내가 너무 미안해   대화가 필요해 이럴 바엔 우리 헤어져  내가 너를 너무 몰랐어 그런 말로 넘어가지마  항상 내 곁에 있어서  너의 소중함과 고마움까지도 다 잊고 살았어   대화가 필요해 우린 대화가 부족해  서로 사랑하면서도  사소한 오해 맘에 없는 말들로 서로 힘들게 해  너를 너무 사랑해 대화가 필요해
2002.04.28~05.04,19,104586,차라리,이수영,Made In Winter,2001.12.11,Ballad,양재선,곁에 있어도 내게 사랑을 말해도 그대 마음은 내게 있지않았죠 하루 하루가 이별을 향해 걷는 슬픈 시간들 이었죠 그대도 날 위해 눈물이 많은 날 위해 어떤 말로 해야 하는지 힘들었겠죠 이별을 위해서 차라리 차라리 위로 하지마요 미안한 그 눈빛에 난 숨이막혀 영원히 그대를 보내지 않아요 누군가를 또 다시 사랑 할 수 없을 테니  그대도 날 위해 눈물이 많은 날 위해 어떤 말로 해야하는지 힘들었겠죠 이별을 위해서 차라리 차라리 위로 하지마요 미안한 그 눈빛에 난 숨이 막혀 영원히 그대를 보내지 않아요 누군가를 또 다시 사랑 할 수 없을 테니 차라리 차라리 아무말도 마요 행복하란 그 말이 더 슬퍼해요 영원히 영원히 기다려볼께요 그대 있는 세상에 내가 살아있는 한  아무말 마요  기다릴께요  아무말 마요  기다릴께요
2002.04.28~05.04,20,1589078,출국 (出國),하림,다중인격자(多重人格者),2001.12.27,Ballad,하림,기어코 떠나버린 사람아 편안히 가렴 날으는 그 하늘에 미련따윈 던져버리고 바뀌어버린 하루에 익숙해져봐 내게 니가 없는 하루만큼 낯설테니까 모두 이별하는 사람들 그속에 나 우두커니 어울리는게 우리 정말 헤어졌나봐 모르게 바라보았어 니가 떠난 모습 너의 가족 멀리서 손 흔들어 주었지 하늘에 니가 더 가까이 있으니 기도해 주겠니 떠올리지 않게 흐느끼지 않게 무관심한 가슴 가질수 있게 도착하면 마지막 전화 한번만 기운찬 목소리로 잘 왔다고 인사 한번만 그저 그것뿐이면 돼 습관처럼 알고 싶던 익숙한 너의 안부 거기 까지만 이별하는 사람들 그속에 나 우두커니 어울리는게 정말 헤어졌나봐 모르게 바라보았어 니가 떠난 모습 너의 가족 멀리서 손 흔들어 주었지 하늘에 니가 더 가까이 있으니 기도해 주겠니 떠올리지 않게 흐느끼지 않게 무관심한 가슴 가질수 있게 다른눈의 사람들 속에서 yo every night 외로워져도 서러워도 나를 찾지마 모르게 바라보았어 니가 떠난 모습 너의 가족 멀리서 손 흔들어 주었지 하늘에 니가 더 가까이 있으니 기도해 주겠니 떠올리지 않게 흐느끼지 않게 무관심한 가슴 가질수 있게 마지막 니 모습 나 잊기를 원해 원해 원해 원해 원해 떠올리지 않게 흐느끼지 않게 무관심한 가슴 가질수 있게
2002.04.28~05.04,21,517708,널 위한 이별,신승훈,The Shin Seung Hun,2002.01.14,Ballad,양재선,아직 할말이 남은 건지  돌아서지 못하고 나를 바라보는 너  뭐가 달라 질수 있겠니  서로 마주한 채로 눈물만 흘린텐데   차갑도록 돌아선 나지만  자꾸 멀어지는 널 잡고 싶은 나지만  보내 줘야 하겠지 눈물만 주는 내가  너무 늦게 보내는 건 아닌지   행복했어 (그걸로 됐어) 잠시라도 (너의 곁에서)  울지좀 마(울면 내가 더욱) 내가 더욱 힘들어 지잖아   바보야 나 없어야 네가  행복해 진다는 걸 왜 모르고 있니   날 잊어줘(너를 못잊어 )  두 번다시 (돌아보지마 )  부탁이야 (이젠 나를 그냥)  나를 그냥 가게 내버려둬  내 곁에 잠시 머물렀던  기억으로 살아갈 수 있도록   차갑도록 돌아선 나지만  자꾸 멀어지는 널 잡고 싶은 나지만  보내 줘야 하겠지 눈물만 주는 내가  너무 늦게 보내는 건 아닌지   행복했어 (그걸로 됐어) 잠시라도 (너의 곁에서)  울지좀마(울면 내가 더욱) 내가 더욱 힘들어 지잖아   바보야 나 없어야 네가  행복해진다는 걸 왜 모르고 있니   날 잊어줘(너를 못잊어 )  두 번다시 (돌아보지마 )  부탁이야 (이젠 나를 그냥)  나를 그냥 가게 내버려둬   내 곁에 잠시 머물렀던 기억으로  살아갈 수 있도록 -
2002.04.28~05.04,22,500797,미워도 다시 한번 (Original Ver.),바이브,Afterglow,2002.02.01,Ballad,"신조,류재현",잘 지내고 있는 거겠죠 좀 처럼 연락이 없네요  요즘 많이 바쁜가봐요  이미 다른 사람 품에 안긴 너인데   나 미워도 다시 한번만  나 싫어도 다시 한번만  내 꿈속에 나타나줘요 이미 돌아올 수 없을만큼 떠난 너인데   I need U baby bye bye bye  가야만하니 why why why  그 모든 말은 lie lie lie  오늘도 눈물 나는게   슬퍼서 bye bye bye  가야만하니 why why why  의외로 참아내기가  힘이들어 돌아와줘  미워도 다시 한번만  어쩌면 많이 변했겠지  어쩔 수가 없겠지  아직도 나를 용서할 수 없겠지  내가 미쳤었나봐 너무 늦었나봐  다시는 너를 볼 수가 없나봐   왜 자꾸만 멀어지는건데  왜 자꾸만 잊혀지는건데  이렇게 너무 쉽게 헤어졌 다는게  믿을 수 없어 견딜 수가 없어  비오는 명동을 걸었죠  그대 생각이 많이 나네요  이런 생각하면 바보 같지만  저기 먼곳에서 그대 다시 올 것만 같아   I need U baby bye bye bye  가야만 하니 why why why  그 모든 말은 lie lie lie  오늘도 눈물 나는게   슬퍼서 bye bye bye  가야만 하니 why why why  의외로 참아 내기가  힘이 들어 돌아와줘  미워도 다시 한번만   하지만 그댈 잊어야만 하는 나 우-  I miss U baby bye bye bye  영원히 그대 bye bye bye  가야만 하니 why why why  그 모든 말은 lie lie lie   i miss U baby girl  너무 많이 보고 싶어요  오 제발 이런 나를 용서해줘요  미워도 다시 한번만 -
2002.04.28~05.04,23,90693,4월 이야기 (April Story),장나라,First Story,2001.06.19,Ballad,박경진,난 오늘 같은 하루를  만나지 못 할거라고 생각했지만  나 이제는 달라졌어요 내 관심없던 전화벨  소리도 귀찮지 않아   그대일꺼란 그 생각에 미소지어요 불안해하지도 않을래요  부끄러워하지도 않을래요 내가 가진 작은 숨소리로만  그대에게 속삭이면서 살래요 떨리는 맘을 전하고 싶은  그대 왼쪽귓가에 담고 싶은 내 여린 목소리를 위한 핑곌 찾아  꿈 속 깊은 밤을 서성이죠 그 모습 그대로 간직하고 있어 나 또한  그 뒤로 난 널 잊지 못한 시간동안  언제나 너를 나만의 곁에 머물게  하고만 싶었어  어느새 나를 사로잡게 된 행복함  마치 유리알처럼 너무도 투명한  무엇에도 비할 수 없어  그저 신비할 뿐인 눈동자  어디서도 찾지 못했던 내 모습이 좋아  이런 바보 같은 웃음조차  난 그대라는 나만의 소중한 관객을 두고  근사한 노랠 불러 행복을 주고 싶어 촛불처럼 따뜻한 눈길로  비 같은 나즈막한 목소리로 아직 한번도 눈 떠보지 못한 내 사랑을 아름답도록 해줘요 나 오늘 그대를 만난다면  그대 먼저 내 곁으로 온다면 입술 끝까지 올라와 있는 그 말을  오늘 해버리고 말거예요
2002.04.28~05.04,24,106253,My Girl,오션(5TION),True Image Of New,2002,R&B / Soul,김영아,지나간 시간의 추억들 사랑했던 행복한 날들 아직도 난 기다려 I want you someday you gonna be mine 나한테 하나였어 툭 싸우던 그런사이 내게 지쳐갔어 없어 기분이 파이 벌써 다른 남자 생겼어 살찐 돼지 우리 서로 짜증났어 그런 질투어린 시기 To the people over here to the people over there to the people the people the people people the people people people there every when watching the show Leaving you the memory let the 5Tion glow 나의 쓸데없는 오해로 우리 멀어져만 갔어도 Girl I never gonna say good bye cause what we had was true Girl 떠나간 my girl 다시 돌아올순 없겠니 한번 더 기회를 줘 나에게 just to feel it tonight 너의 집앞 계단에서 마법의 주문을 걸었어 제발 네 꿈에 babe 내가 나타날수 있게 그런데 반응없어 퍽 싸늘한 미운사이 굳게 문이 닫혀 있어 가슴이 파이 정말 입이 컸어 그남자 밀림악어 버려 괜히 싫어졌어 나는 그런 남자 싫어 To the people over here to the people over there to the people the people the people people the people peopel people there every when watching the show 우리 모두 좋아하는 5Tion yo 나의 쓸데없는 오해로 우리 멀어져만 갔어도 Girl I never gonna say good bye cause what we had was true Girl 떠나간 my girl 다시 돌아올순 없겠니 한번 더 기회를 줘 나에게 just to feel it tonight 너 오는 길 길목에서 애타게 소원을 빌었어 다시 네 꿈에 babe 들어갈 자리가 있게  너와 같이 있던 시간이 너무 행복했던 그날이 그리울 때 외로울 때 나 자꾸 들려봐 그 까페 그 자리 작은 까페에서 혼자 울고있던 너의 뒷 모습을 난 보았었지 미안해 떨리는 너의 손등 위에 눈물이 용서해줘 너의 집앞 계단에서 마법의 주문을 걸었어 제발 네 꿈에 babe 내가 나타날수 있게 너도 내가 필요하지 가까이 나만을 느껴봐 이젠 내곁에 babe 머물러 영원히 오래
2002.04.28~05.04,25,104187,너잖아,김현성,Soul Mate,2002.01.21,Dance,김현성,어서 말을 해봐 너의 마음을 싫증난 거니 누가 생겼니 이젠 기억도 나지 않나보지  행복했었던 우리 추억들 떠나지마 나를 원했던 건 니가 먼저였잖아 나를 사랑한다 말한 것도 너잖아 왜 너 이제 와서 다른 사람 찾아가라 내게 말을 해 너의 그런 사랑이란게 고작 이런거였니 니가 맘 먹은대로 쉽게 움직일 수 있니 믿지 않을게 항상 우리 사랑 영원하다고 내게 말했던 건 바로 너잖아  그래 인정할게 너의 사랑이 내가 아니면 어쩔 수 없지 하지만 니가 떠난 빈 자리는 무엇으로 채워질런지 말했잖아 니가 필요한 건 오직 나뿐이라고 너만 바라보게 니가 만들었잖아 그래 이제 와서 날 버리면 다른 사랑 할 수 없잖아 너의 그런 사랑이란게 고작 이런거였니 니가 맘 먹은대로 쉽게 움직일 수 있니 믿지 않을게 항상 우리 사랑 영원하다고 내게 말했던 건 바로 너잖아 내게 왜 이래 왜 너 사랑 아니래 니가 흘린 웃음들 모두 거짓였던 거니 돌아서줄게 눈물 보일 작은 미련조차도 이미 너에게는 없을테니까
2002.04.28~05.04,26,489226,난 사랑에 빠졌죠,박지윤,Man,2002.01.11,Dance,방시혁,나 내가 왜 이러죠 정말 이상하죠 그대가 없인 하루가 너무 길어요 날 사랑한 사람은 많이 있었지만 언제나 내겐 귀찮은 일이었는데 사랑을 받는것만 익숙했던 나 그대 내게 뭘했길래 내가 달라질까 나조차 궁금하지만 난 사랑에 빠졌죠 나밖에 모르던 그 못된 내가 나보다 그댈 생각해요 한사람에게만 이렇게 하려고 그랬나봐요 아껴둔 내 맘을 받아요 나 어제는 말예요 관심도 없었던 남자 옷들을 고르는 날 발견했죠 꼭 배우지 않아도 사랑은 이렇게 날 바꾸네요 그대만 생각하게 사랑을 받는것만 익숙했던 나 이젠 모두 주고 싶어 그대에게만은 그대도 나와 같나요 난 사랑에 빠졌죠 나밖에 모르던 그 못된 내가 나보다 그댈 생각해요 한 사람에게만 이렇게 하려고 그랬나봐요 아껴둔 내 맘을 받아요 이별이나 말은 없겠죠 oh baby 나에겐 첫사랑인데 혹시 이 사랑이 깨지면 이젠 나는 다시는  사랑을 못하게 될지도 난 몰라요  난 난 사랑에 빠졌죠  사랑에 사랑에  나밖에 모르던  그러던 내가 그 못된 내가 나보다 그댈 생각해요 그래요 그대에게만 그대에게만  이러려고 그랬나요 오 아껴둔 내 맘을 받아요 난 사랑에 빠졌죠 나밖에 모르던  나보다 그댈 생각해요
2002.04.28~05.04,27,525246,나같은 사랑이라면...,정재형,두번째 울림,2002.03.14,Ballad,양재선,아무리 생각해봐도 사랑할 이유가 많았죠 그대의 수많은 미소가 떠올라 어느샌가 내가 웃고 있네요 나도 날 몰라요 왜 이리도 바보 같은지 그댈 위한 일이면 무엇도 행복했는데 사랑한다는 그 말 만큼은 힘들었죠  아무리 생각해봐도 기다릴 이유가 많았죠 누군가 돌아올 사람 있다는건 만남보다 행복한 일이였죠 나도 날 몰라요 언제까지 여기 있을지 그댈 위한 일이면 무엇도 행복할텐데 이젠 사랑을 말할 수 있는데 하루라도 지울 순 없는지 하루쯤은 편할 수 있도록  행복하길 바랬죠 그대의 눈물이 나를 더욱 힘들게 해요 혼자 하는 사랑이 얼마나 버거운건지 그대 나 같은 사랑이라면  하지 마요
2002.04.28~05.04,28,104110,Season In The Sun,정재욱,A Simple Story,2001.11.20,Ballad,,Stop The Season In The Sun 이대로 멈춰버리길 바래 너의 마음과 너의 사랑과 너의 눈길도  Stop The Season You`re My Dream 모든게 꿈이 아니길 바래 내 품안에 안겨온 숨결까지 쏟아지는 햇살과 상큼한 니 미소 조금씩 젖어드는 너의 눈 부서지는 파도소리처럼 온종일 속삭이는 음성 어떤 노래보다 지금의 나보다 행복할 순 없을꺼야 Stop The Season In The Sun 더 깊이 내게 안겨 와 줄래 지금 이 순간 좀더 가까이 느끼고 싶어 Stop The Season You`re My Dream  어제는 없었던 걸로 해줘 중요한 건 너와의 오늘뿐야  모래처럼 반짝이는 너의 긴 머릿결 바람타고 스쳐가는 너 만의 멋진 그 향기 동화에서 나온 그녀처럼 꿈 깨면 사라질 것 같아 사랑을 말해도 널 품에 안아도 자꾸만 널 보고 싶어 Stop The Season In The Sun 이대로 멈춰버리길 바래 너의 마음과 너의 사랑과 너의 눈길도  Stop The Season You`re My Dream 모든게 꿈이 아니길 바래 내 품안에 안겨온 숨결까지 Stop The Season In The Sun 더 깊이 내게 안겨 와 줄래 지금 이 순간 좀더 가까이 느끼고 싶어 Stop The Season You`re My Dream  어제는 없었던 걸로 해줘 중요한 건 너와의 오늘뿐야
2002.04.28~05.04,29,609419,사랑하나요!?,이승환,7집 Egg,2001.12.01,Rock,"이승환,이지은",언제부터 사랑이었는지  알아채는 요령없나요  그 어떤 맘이 변해서 사랑하게 되는지  나만 훔쳐보고 싶은데   사랑하면 달라진다는데  알아채는 요령없나요  그 어떤 말을 숨기고 애태우게 하는지  그만 내게 가르쳐줘요   매일 단장하는 그대의 부지런함  나완 무관한가요 그런가요  몰라보게 착해진 마음씨에 다들 놀라요  사랑하나요   나도 그댈 사랑해  그대보다 더 오래오래  평생 웃게 해줄게  우리 둘이서 같이 산다면   그 어떤 맘이 변해서 사랑하게 되는지  그만 내게 가르쳐줘요  괜히 토라지는듯 어설픈 연기가  내겐 묘한 즐거움 귀여워요  아무 상관없는 걸 맞춰보는 건  아마도 사랑하나요   나도 그댈 사랑해  그대보다 더 오래오래  평생 웃게 해줄게  우리 둘이서 같이 산다면  나도 그댈 사랑해  그대보다 더 많이많이 평생 보살펴줄게  우리 둘이서 같이 산다면    나도 그댈 사랑해  그대보다 더 많이많이   평생 이뻐해줄게  우리 둘이서 같이 산다면  나도 그댈 사랑해..
2002.04.28~05.04,30,317742,이별후애 (愛),린애,이별후愛 (Repackage),2002.01.23,Ballad,,언제쯤이면 괜찮을까 잊으려는 마음 마져도 잊을까 니가 없다는 것 조차 지우고 나면 편안해 질까 이별이란건 참 우스워 거울속에 내게 거짓을 얘기해 더는 그립지 않다고 말하고 나면 눈물이 흘러 어디 있는지 무얼 하는지 아직 난 하루종일 널 찾고 있는데 사랑했던 기억 그것만으로 남은 날들이 너무 서글픈데 눈을 뜨는게 두려워 거짓 쓰는 웃음으로 날 속여도 세상 모든것 속에는 니가 숨쉬고 다시 널 그려 어디 있는지 무얼 하는지 아직 난 하루종일 널 찾고 있는데 헤어졌다는것 그것 마져도 잊어버리면 웃을수 있을까 보고 싶은데 그것뿐인데 꿈에도 소원은 늘 너 하나뿐인데 사랑했던 날들 정말 너에게 쉽게 잊혀질 추억일뿐인지
2002.04.28~05.04,31,106465,Now,은지원,Eun Ji Won 2,2002.02.27,Rap / Hip-hop,김영아,Now that we found love what are we gonna do we did now that we found love what are we gonna do we did 날 봐 어딜 쳐다봐 지금부터 하는 내 말 깊이 새겨 제발 듣는 척 마는 척 싫어하는 척 내 눈을 속여도 내겐 안 통해 너 한낱 허영에 눈이 멀어서 이런 애 저런 애 보다 네눈에 차는 애 또 고르고 있지 내 말이 맞지 하지만 소용없어 넌 결국 내꺼지 널 알지 trick 척 보면 척 누가 좀 더 나을까 또 재는 널 눈치 코치 그래봤자 백치 허영심 가득한 내숭의 극치 뭘 또 바래 이제 그만 바래 그깟 조건 뭘해 come on 진실을 볼래 자 눈을 떠 이제 정신 차려야 돼 네 인생을 바꿔줄게 내 품에 와 Now that we found love what are we gonna do we did now that we found love what are we gonna do we did 높은 곳을 바라봐야 눈만 아파 눈만 또 이것 저것 따져야 나이만 더 먹어 고르고 또 골라야 거기서 거기 백년도 채 못 돼서 다같이 die 이제 그만 결정해 네 마음 가득 아주 특별한 꿈을 채워 줄게 이런 기횐 다신 없어 너를 맞을 준비가 난 다 됐어 yes baby 찾아봐 어디 어디 가봐도 없을 껄 나만한 남자 찾아봐 뒤져봐 돈이니 명예니 널 버릴 수도 있지만 너를 평생 배신않고 지켜줄 걸 it's me sexy sexy 맵시 맵시 어느것도 빠짐없는 네게 와 이젠 그래 날 믿어 믿어 내사랑 너를 책임져 줄 내 가슴으로 안겨봐 착 Now that we found love what are we gonna do we did now that we found love what are we gonna do we did Move in Kick Move in Kick Move in Kick Move in Kick Move in Kick Move in Kick Move in Kick Move in Kick 네가 만났던 그렇게 믿었던 너를 쫓던 남자들을 좀 봐 사탕발림 유혹 속에 네 맘 헌신해야 결국에는 헌신짝이 되버린건 너야 진짜 널 아껴줄 이 나 뿐야 진심으로 대해줄 이 나 뿐야 날 받아줘 그래 너를 위해서 내 몸 부서지게 너한테 잘할게 Now that we found love what are we gonna do we did now that we found love what are we gonna do we did Now that we found love what are we gonna do we did now that we found love what are we gonna do we did now that we found love what are we gonna do we did
2002.04.28~05.04,32,105006,사랑해도 될까요?,유리상자,유리상자 5th,2001.12.03,Ballad,심현보,문이 열리네요 그대가 들어오죠  첫눈에 난 내사람인걸 알았죠  내 앞에 다가와 고개 숙이며 비친 얼굴  정말 눈이 부시게 아름답죠  왠일인지 낯설지가 않아요 설레고 있죠  내 맘을 모두 가져간 그대   조심 스럽게 얘기할래요 용기내 볼래요  나 오늘부터 그대를 사랑해도 될까요  처음인걸요 분명한 느낌 놓치고 싶지 않죠  사랑이 오려나봐요  그대에겐 늘 좋은것만 줄께요   왠일인지 낯설지가 않아요 설레고 있죠  내 맘을 모두 가져간 그대   참 많은 이별 참 많은 눈물 잘 견뎌 냈기에  좀 늦었지만 그대를 만나게 됐나봐요  지금 내 앞에 앉은 사람을 사랑해도 될까요  두근거리는 맘으로 그대에게 고백할께요   조심스럽게 얘기할래요 용기내 볼래요  나 오늘부터 그대를 사랑해도 될까요  처음인걸요 분명한 느낌 놓치고 싶지 않죠  사랑이 오려나봐요  그대에겐 늘 좋은것만 줄께요   내가 그대를 사랑해도 될까요 -
2002.04.28~05.04,33,432844,이사(移徙),윤상,이사(移徙),2002.04.12,Ballad,박창학,이젠 출발이라고  문을 두드리는 소리  한낮의 햇빛이  커튼 없는 창가에 눈부신  어느 늦은 오후  텅 빈 방안에 가득한  추억들을 세어보고 있지  우두커니  전부 가져가기에는  너무 무거운 너의 기억들을  혹시 조금 남겨두더라도  나를 용서해  날 미워하지 마  녹슨 자전거 하나  겨우 몇 개의 상자들  움켜쥔 손에는  어느 샌가 따뜻해진 열쇠  그게 다였는데 결국  다 그런 거라고 내 어깨를  두드려줄 너는 어디 있는지  전부 가져가기에는  너무 무거운 너의 기억들을  혹시 조금 남겨두더라도  나를 용서해  날 미워하지마  전부 가져가고 싶어  곳곳에 배인 너의 숨결까지  손때 묻은 열쇠  두개가 닫힌 문 뒤로  떨어지는 소리
2002.04.28~05.04,34,103835,Make It Last,원타임,Third Time Fo Yo‘ Mind!!,2001.12.13,Rap / Hip-hop,테디,"아직도 내겐 어제 같아 널 처음 만난 지가  사랑을 배운지가  네 구슬 같은 눈을 난 마냥 쳐다보면 그저 슬퍼져  세월이 가면 빛바래지겠지만. If you only knew I'll be there for you. so lets  Make it last... make it last  너무 소중한 우리의 사랑을 Just  Make it last... Make it last  영원한 세상 함께 걸어가. 그대는 내가 가진 전부  아직도 모르겠니 넌 나에게 천국  만약 하늘이 내려앉아도  Don't run, Boo 내곁에 머물러 (영원히 내가 너를 지켜줄께)  니가 쓰러지지 않게...  쓰러진다해도 내 꿈에 널 안게  너도 같은 마음이라고 나 생각해  그러니 너와나, 우리 영원할 수밖에...  세상이 그댈 너무나 아프게 할때 때론 지치게 할땐  여기서 있는 애게 기대  지긋이 눈을 감아(close your eyes) 편히 잠들어,  시간이 가도 변하진 않겠지만  baby. if you only knew  How I care for you That I'd die for you.so lets  Make it last... make it last  너무 소중한 우리의 사랑을 Just  Make it last... Make it last  영원한 세상 함께 걸어가.  내게 넌 하늘이기에 넌 나의 꿈이기에...  너무 소중한...영원한 아름다운 나의 널 위해!  Make it last... make it last  너무 소중한 우리의 사랑을 위해 Make it last... Make it last   너무 소중한 우리의 사랑을 Just  Make it last."
2002.04.28~05.04,35,667071,내생에 봄날은...,캔,Can with Piano,2001.12.03,Ballad,"MichiyaHaruhata,NobuteruMaeda",비린내 나는 부둣가를  내 세상 처럼 누벼가며  두 주먹으로 또 하루를  겁 없이 살아 간다  희망도 없고 꿈도 없이  사랑에 속고 돈에 울고  기막힌 세상 돌아 보며  이 서러움에 눈물이나  비겁하다 욕하지마 더러운  뒷골목을 헤매고 다녀도  내 상처를 끌어안은 그대가  곁에 있어 행복했다  촛불처럼 짧은사랑 내 한몸  아낌없이 바치려 했겄만  저 하늘이 외면하는 그 순간  내 생에 봄날은 간다  이 세상 어딜 둘러 봐도  언제나 나는 혼자였고  시린고독과 악수하며  외길을 걸어 왔다  멋진남자로 살고 싶어  안간힘으로 버텼는데  막다른 길에 가로 막혀  비참하게 부서졌다  비겁하다 욕하지마 더러운  뒷골목을 헤매고 다녀도  내 상처를 끌어안은 그대가  곁에 있어 행복했다  촛불처럼 짧은사랑 내 한몸  아낌없이 바치려 했겄만  저 하늘이 외면하는 그 순간  내 생에 봄날은 간다  비겁하다 욕하지마 더러운  뒷골목을 헤매고 다녀도  내 상처를 끌어안은 그대가  곁에 있어 행복했다  촛불처럼 짧은사랑 내 한몸  아낌없이 바치려 했겄만  저 하늘이 외면하는 그 순간  내 생에 봄날은 간다  무엇하나 내 뜻대로 잡지도  가질수도 없었던 이 세상  내 한목숨 사랑으로 남긴채  이제는 떠나고 싶다  바람처럼 또 그렇게
2002.04.28~05.04,36,992575,"Bravo, My Life!",봄여름가을겨울,Bravo My Life,2002,Rock,김종진,해저믄 어느오후 집으로 향한 걸음뒤엔 서툴게 살아왔던 후회로 가득한 지난날 그리좋진 않지만 그리 나쁜건만도 아녔어 석양도 없는 저녁 내일 하루도 흐리겠지 힘든일도 있지 드넓은 세상 살다보면 하지만 앞으로 나가 내가 가는곳이 길이다 Bravo Bravo My Life 나의 인생아 지금껏 달려온 너의 용기를 위해 Bravo Bravo My Life 나의 인생아 찬란한 우리의 미래를 위해  내일은 더 낫겠지 그런작은 희망하나로 사랑할수 있다면 힘든 1년도 버틸꺼야 일어나 앞으로 나가 니가 가는곳이 길이다 Bravo Bravo My Life 나의 인생아 지금껏 살아온 너의 용기를 위해 Bravo Bravo My Life 나의 인생아 찬란한 우리의 미래를 위해 고개들어 하늘을 봐 창문을 가르는 새들 너의 어깨에 잠자고 있는 아름다운 날개를 펼쳐라 Bravo Bravo My Life 나의 인생아 지금껏 달려온 너의 용기를 위해 Bravo Bravo My Life 나의 인생아 찬란한 우리의 미래를 위해 Bravo Bravo My Life 나의 인생아 지금껏 달려온 너의 용기를 위해 Bravo Bravo My Life 나의 인생아 찬란한 우리의 미래를 위해 나의 인생아 지금껏 달려온 너의 용기를 위해 Bravo Bravo My Life 나의 인생아 찬란한 우리의 미래를 위해
2002.04.28~05.04,37,94296,반,이정현,Magic To Go To My Star,2001.10.23,Dance,"PJ,김진아",흔들리는 네 눈빛에 끌렸어  애써 나를피하지는마  버려졌던 기억 따윈 덮어둬  이미 나도 겪어봤으니  다시 한번 내게 말해봐  너도 나를 사랑했다고  나 역시 너 처럼 사랑이 두려워도  외로운건 싫으니까  반만 나를 믿어봐  반만 나를 닮아봐  정말 사랑하다가  끝나도 후회 없도록  암만 사랑해봤자  뒤돌아서면 남이야  어차피 이 세상에서  완전한 사랑은 없어    더 이상은 네게 강요하지마  너 하나만 사랑할꺼야  쓸데없는 욕심 따윈 버렸어  이젠 나를 시험하지마  사랑하진 않았었다고  헤어진다 말했었지만  그렇게 몰랐니 나에게 솔직해봐  이젠 나를 책임져봐  반만 나를 믿어봐  반만 나를 닮아봐  정말 사랑하다가  끝나도 후회없도록  암만 사랑해봤자  뒤돌아서면 남이야  어차피 이 세상에서 완전한 사랑은 없어  나나나 나하나 땜에괜한자책 하지마  괜히 미안해지고 괜한 자책감만 느껴  너와나 함께할 때에 그냥 좋았던것 뿐야  이젠 끝날수 없어 날 받아줘
2002.04.28~05.04,38,105851,미안해,홍경민,Forever And A Day,2001.12.19,Dance,김창환,미안해 아무런 이윤 없어 잠시 널 떠나는 거야  머리가 복잡해 이대론 계속 널 만날 수가 없어  사소한 말다툼 땜에 며칠씩 말도 안하고  그런 날들이 계속 되는게 힘들어  울고 있니 아직 네게 이별을 전한게 아닌데  갑자기 왜 내 맘 아프게 눈물을 먼저 보이니  그러지마 한순간 토라져 난 이러는게 아냐  며칠을 난 밤 새며 많이 고민하고 또 해봤어  내버려둬 날 혼자있게 잠시 너를 떠나는 거야  며칠도 안지나 니가 보고파 다시 널 찾을지 몰라  혹시라도 내 맘이 변해 다시 너를 찾지 않거든  준비해 두었던 이별을 꺼내 내 모습을 지워버려 정말로 미안하다  지금에 이런 내 심정으론 너를 만날수가 없어  이대로 계속 널 만나다간 네게 상처만 줄 뿐야  별것도 아닌일 갖고 며칠씩 괴로워 하며  계속 만나면 미움만 커질 테니까  울고 있니 아직 네게 이별을 전한게 아닌데  갑자기 왜 내 맘 아프게 눈물을 먼저 보이니  그러지마 한순간 토라져 난 이러는게 아냐  며칠을 난 밤 새며 많이 고민하고 또 해봤어  내버려둬 날 혼자있게 잠시 너를 떠나는 거야  며칠도 안지나 니가 보고파 다시 널 찾을지 몰라  혹시라도 내 맘이 변해 다시 너를 찾지 않거든  준비해 두었던 이별을 꺼내 내 모습을 지워버려 정말로 미안하다
2002.04.28~05.04,39,423507,가슴앓이,지영선,사랑,2002.12.18,Ballad,강영철,밤 별들이 내려와 창문 틈에 머물고 너의 맘이 다가와 How do I love you How can I need you baby 예전부터 내 곁에 있는 듯한 네 모습에 내가 가진 전부 그 모든 것을 네게 주고 싶었는데 골목길을 돌아서 뛰어가는 네 그림자 동그랗게 내버려진 You're the only one in my heart 아 I can do nothing but I cry 아 어쩌란 말이냐 이 아픈 가슴을 아 I can do nothing but I cry 아 어쩌란 말이냐 이 아픈 가슴을 그 큰 두 눈에 하나 가득 눈물이 고이면 세상 모든 슬픔이 How do I love you How can I need you baby 네가 웃는 그 모습에 세상 기쁨 담길 때 내가 가진 전부 그 모든 것을 네게 주고 싶었는데 골목길을 돌아서 뛰어가는 네 그림자 동그랗게 내버려진 You're the only one in my heart 아 I can do nothing but I cry 아 어쩌란 말이냐 이 아픈 가슴을 아 I can do nothing but I cry 아 어쩌란 말이냐 이 아픈 가슴을
2002.04.28~05.04,40,1456786,Enter The Dragon,JTL,Enter The Dragon,2001.12.01,Rap / Hip-hop,"장우혁,토니안,이재원",지난 5년간 축적해온 Energy 난 Pow 내 몸에선 불을 내뿜지 그렇게도 오늘만을 기다린 나 이제 싹 정리 할 때가 왔지 난 제겨 내 몸 안에 용솟음 치는 라임 뱉어 용의 몸짓 마치 춤추는 듯한 신들린 듯한 발광 Now in Get you to Fall in 이 음악에 미쳐 나를 바쳐 어느덧 22년이란 시간 흘러보니 인정사정 없고 거침없는 사회 생활속에 찌든 그리고 병든 나약해진 내 모습이 어느 순간 거울 속에 비쳐 나는 미쳐 달성하지 못한 내 꿈을 위한 새로운 나를 결심 Best of the dragon Enter the JTL 쉽게 쓰러지진 않아 지켜봐 두 눈으로 난 네가 생각했던 만큼 약하지 않아 쉽게 무너지진 않아 지켜봐 그 눈으로 난 네가 무너지는 날까지 싸워 이겨내겠어 뭐야 네가 뭐야 겨우 고작 그것 뿐이야 더 질러봐 힘껏 내가 쓰러질때까지 힘껏 뻗어보란 말이야 아픔의 끝을 지나 새롭게 시작하네 뜨겁게 타오르는 저 태양에 뻗어나가는 절권도와 같이 마치 미친 용의 몸부림이 만들어 내는 거대한 불씨 여긴 사방이 막힌 Deathrow 피할 수 없어 절대로 오직 살아 남기 위해 싸우겠어 그리고 또 싸우겠어 You know Lee's style 그리고 널 무릎 꿇게 하겠어 후회하지마 너무 늦어 버렸으니까 내 자신 외에 그 누구도 믿지 않아 난 또 We'll take ya down Yo Nigga we'll be comin' We'll wipe ya out Yo Nigga we'll be comin' We'll put ya down Yo Nigga we'll be comin' We'll strike ya out Check it near now We'll take ya down Yo Nigga we'll be comin' We'll wipe ya out Yo Nigga we'll be comin' We'll put ya down Yo Nigga we'll be comin' We'll rock you and knock you Nigga we'll be comin'  너에겐 마지막 시간이 온거야 이제 더는 너 갈 곳이 없어 피하려 하지마 너의 최후인 거야 We'll take ya down Yo Nigga we'll be comin' We'll wipe ya out Yo Nigga we'll be comin' We'll put ya down Yo Nigga we'll be comin' We'll strike ya out Check it near now We'll take ya down Yo Nigga we'll be comin' We'll wipe ya out Yo Nigga we'll be comin' We'll put ya down Yo Nigga we'll be comin' We'll rock you and knock you Nigga we'll be comin' We're Still alive
2002.04.28~05.04,41,104409,Starry Night,김종서,Odyssey,2001.11.13,Rock,김종서,오랜뒤에 그냥 그런대로 나조차 잊었던 긴 이별 그 후 이런 나의 그 외로움 끝에 다가오는 그대 천천히 왠지 아직은 두려움뿐이야 나 많이 그댈 좋아하지만 이런 불안함 따뜻한 미소로 조용히 감싸 안아준 그대 Starry Night! Shinning Bright! 다시 깨어 살아 있는 듯한 이 기분 아직 난 조금 자신없지만 이미 내안에 들어온 그대 이밤 그대 그리울 뿐이야 내일 또 그대를 만나겠지만 이젠 하루가 너무 짧기만해 그대가 내게 온 그 이후로 오늘 이렇게 아름다운 이 밤 지금껏 아껴온 말 사랑해 Starry Night! Shinning Bright! 다시 깨어 살아 있는 듯한 이 기분 아직 난 조금 자신없지만 이미 내안에 들어온 그대 아픈 이별후에 내게온 사랑 두려웁지만 지금 이순간 그대와 영원히 Starry Night! Shinning Bright! 다시 깨어 살아 있는 듯한 이 기분 아직 난 조금 자신없지만 이미 내안에 들어온 그대 이미 내안에 들어온 그대
2002.04.28~05.04,42,523274,처음부터 지금까지,Ryu(류),겨울연가 OST,2002.01.01,Drama,Ryu(류),내게 올수없을거라고 이젠 그럴수 없다고  제발 그만하라고 나를 달래지..  정말 잊어버리고 싶어 다신볼수없다면..  나를 잡고있는 너의 모든걸  내가 웃고싶을때마다 넌 나를 울어버리게 만드니까..  어느것 하나도 나의 뜻대로 넌 할수 없게 만드는걸..  니가 보고싶을때마다 난 이렇게 무너져버리고 마니까  아무리 잊으려고 애를써도 잊을수 없게 하니까..   정말 잊어버리고 싶어 다신 볼 수 없다면..  나를 잡고있는 너의 모든걸  내가 웃고싶을때마다 넌 나를 울어버리게 만드니까..  어느것 하나도 나의 뜻대로 넌 할수 없게 만드는걸..  니가 보고싶을때마다 난 이렇게 무너져버리고 마니까  아무리 잊으려고 애를써도 잊을수 없게 하니까..  단 한사람을 사랑하는게 이토록 힘든일인줄 난 정말 몰랐어  내가 웃고싶을때마다 넌 나를 울어버리게 만드니까..  어느것 하나도 나의 뜻대로 넌 할수 없게 만드는걸..  니가 보고싶을때마다 난 이렇게 무너져버리고 마니까  아무리 잊으려고 애를써도 잊을수 없게 하니까..
2002.04.28~05.04,43,75233,비(悲)의 Rhapsody,최재훈,Believe In 5462,2000.03.09,Rock,"이세준,주영훈",이젠 눈물 그쳐 나를 봐요  우는 그대 더 아름다워  내게 이 모습 조차 더 남지 않도록  그냥 고개 돌려요  그저 미안한 마음뿐이죠  그댈 위해 해줄게 없어  모두 이해할게요 그댈 아끼는 맘  그분들도 같을 거란걸  한참 동안을 비틀거렸죠 워  그댈 사랑했던 그만큼 워  떠나가요 아주 먼곳으로  그대 소식 내게 올수 없을  그 만큼  다 잊어요 내겐 마지막이  될 사람도 모두 다 버려두고 갈게요  나를 위해 많이 애썼단걸  알고있죠 난 감사해요  허나 이룰수 없는건 어쩔수 없죠  내가 용기낼게요 이젠  죽는 날까지 사랑한대도 워  가질수 없는 그대인걸 워  떠나가요 아주 먼곳으로  그대 소식 내게 올수 없을  그 만큼  다 잊어요 내겐 마지막이  될 사람도 모두 다 버려두고 갈게요  떠나가요 아주 먼곳으로  그대소식 내게 올수 없을  그 만큼  혹시라도 내가 그리울 때면  세상에 내가 없다고 믿어요  우 그렇게 우 믿어요
2002.04.28~05.04,44,196599,나 때문이죠,오현란,오현란의 꽃 같은 사랑 이야기,2002.01.04,Ballad,오현란,나 또 어려워져요  이러지 않으려고 나를 달래왔는데  눈물이 또 넘쳐서 그댈 힘들게 해요  이러면 안되는데 자꾸 열이 나네요  아니 괜찮아요  아니예요 감기예요  바람이 너무 청아해서  어제 산책을 했거든요  내가 원래 좀 어설프죠  그대 걱정만 하게하고  자꾸 속만 상하게 하죠  내가 없다고 아침 거르지 마요  늦잠자면 안되요 잔소리만 하네요  내가 그렇잖아요  나 때문이죠 그대 잘못없는데  우리 마지막인데 나 땜에 그대가  또 울게되네요  아니 말해요  오늘 하루만큼은 내게 기대어줘요  나를 살피지마요 그럼 화날꺼예요  노력했지만 정말 안되나봐요  그댈 사랑하지만  이렇게 밖에는 안되나봐요  혼자 힘들어야 할 그댈 남겨두기가  자꾸 미안해져요  내가 없다고 아침 거르지마요  늦잠자면 안되요 잔소리만 하네요  내가 그렇잖아요  나 때문이죠 그대 잘못 없는데  우리 마지막인데  나 땜에 그대가 또 울게 되네요
2002.04.28~05.04,45,104373,행복하길,김종국,Renaissance,2001.12.12,Ballad,양정승,행복하길   가지마 아직은 아니야 내가 없이도 괜찮겠니 니 앞에 내 눈을 바라봐 울고있니 너 역시도 가슴이 메어와 나를 버리려는 널 두고 아직도 난 사랑을 기대하나봐 알고있어 이젠 내가 할 수 있는 건 널 보내야 하는 네게 줄 수 있는 마지막 선물인걸 그래 사랑했다는 그 말 하지않아도 알아 나의 모습이 초라해질까봐 부디 행복하라는 이 말 기억해 힘들겠지 날 떠나 보내는 너도 나처럼  내가 사는 이유 오직 그건 바로 너였어 니가 없인 하루도 의미가 없어 듣고 있니 이젠 마지막 일테지만 널 잊고 살기엔 너무 멀리까지 온거야 날 용서해 그래 사랑했다는 그말 하지 않아도 알아 나의 모습이 초라해질까봐 너를 보낼 수 없어 아직 널 원해 돌아와줘 날 떠나려고 하지마 제발  우리 영원하자던 그말 잊지않을게 이별에는 다른 이유가 없으니 행복하길 나보다 더
2002.04.28~05.04,46,106236,It`s Alright,리치,I Have A Dream,2001.12.12,Ballad,김은지,내 사랑아 야윈 얼굴 힘들어 보여 이제는 그만 내가 떠나 갈께요 시간이 지나 날 잊을까 두려운 맘에 한참을 그댈 내가 울게 했어요 밤을 지새며 내 곁에서 기도 해주던 그대가 너무 안쓰러 보여 이제는 나 머물 수 없어 그대여 울지 말아요 it's all right 나도 맘처럼 그리 쉽게 눈 감아지지 않아요 끝내 말하지 못했던 I love you 뒤돌아서는 여린 그대 더 아파 할 것 같아  나 떠난 후 혹시 그대 날 떠올리면 아팠던 모습 만을 기억할까봐 웃음 뒤로 날 숨기던 하루 하루도 내게는 이제 그저 그리움이죠 밤을 지새며 내곁에서 기도 해주던 그대가 너무 안쓰러 보여 이제는 나 머물 수 없어 그대여 울지 말아요 it's all right 나도 맘처럼 그리 쉽게 눈 감아지지 않아요 끝내 말하지 못했던 I love you 뒤돌아서는 여린 그대 더 아파 할까 이젠 널 떠나가 멀리 가지는 않아요 it's all right 지켜줄께요 그대 곁에 항상 머물고 있어요 가끔은 날 느껴요 it's all right 사랑하면서 울게만 했던 나를 용서해 my love
2002.04.28~05.04,47,1096485,박하사탕,YB,An Urbanite,2001.06.29,Rock,"윤도현,김진원",떠나려 하네 저 강물 따라서 돌아 가고파 순수했던 시절 끝나지 않은 더러운 내 삶에 보이는 것은 얼룩진 추억속의 나 고통의 시간만 보낸 뒤에는 텅 빈 하늘만이 아름다웠네 그 하늘마저 희미 해지고 내 갈 곳은 다시 못 올 그 곳 뿐야 열어줘 제발 다시 한번만 두려움에 떨고 있어 열어줘 제발 다시 한번만 단 한번만 이라도 나 돌아갈래 어릴 적 꿈에 나 돌아갈래 그 곳으로  남아 있는건 아무것도 없어 그 시간들도 다시 오진 않아 어지러워 눈을 감고 싶어 내 갈 곳은 다시 못 올 그 곳뿐야 열어줘 제발 다시 한번만 두려움에 떨고 있어 열어줘 제발 다시 한번만 단 한번만 이라도 나 돌아갈래 어릴 적 꿈에 나 돌아갈래 그 곳으로  나 돌아갈래 어릴 적 꿈에 나 돌아갈래 그 곳으로 나 돌아갈래 어릴 적 꿈에 나 돌아갈래 그 곳으로
2002.04.28~05.04,48,449004,To Be Continued,클릭비(Click-B),Click-B,2001.11.20,Ballad,김수정,break it down what feelin so along Check the flow and it's on yo dialin up The phone right on this microphone What won't you come back home to me Yo we can be one love Come on uh baby you and me 그녀의 이미진 늘 붉은색이죠 그녀는 슬픔 모를것 같아요 꽃보다 더 고운 그녀의 미소는 세상 사람 물들여 놓아요 모두가 그녈 한번 더 봐요 그댄 빛처럼 환히 빛나죠 그녀 남자친구 나란게 난 행운이에요 하늘 아래에 그녀 오직 한명뿐이죠 그런 그녀가 없어요 날 두고 갔어요 정말 바람처럼 꿈처럼 사라졌어요 그녀의 눈빛은 늘 맑고 깨끗해 Always for me 눈물을 감췄죠 그녀와 있으면 난 웃을일 밖에 아무것도 더 바램없어요 언젠가 지난 소문을 들었죠 삶의 무게에 지친 그녀를 내가 정말 바보였어요 왜 몰랐었는지 어쩜 기대어 울 사람이 필요했는데 그땐 알 수가 없었죠 날 위로해주던 그녀 햇살같은 미소가 눈물이란걸 I wanna take you into my arms  널 기다리는 동안에 그리움에서 헤매 내안에 있는 사랑 남긴채 너로 인해 이별을 만들어 기다림속에 눈물을 만들게 한 널 가슴에 묻어줄께 이제 슬픔을 숨긴채 울지마 내게 기대 나 그때 네게 느낀 사랑은 따뜻해 맘속에 널 가둘게 아픔 잊게 해줄께 옛날에 그리던 그 미소처럼 웃을게 모두가 그녈 한번 더 봐요 그댄 빛처럼 환히 빛나죠 그녀 남자친구 나란게 난 행운이에요 하늘 아래에 그녀 오직 한명뿐이죠 그런 그녀가 없어요 날 두고 갔어요 정말 바람처럼 꿈처럼 사라졌어요 내가 정말 바보였어요 왜 몰랐었는지 어쩜 기대어 울 사람이 필요했는데 그땐 알 수가 없었죠 날 위로해주던 그녀 햇살같은 미소가 눈물이란걸 Feelin so along check the flow And it's on yo dialin up the phone Right on this microphone What won't you come back home to me yo We can be one love come on Uh baby you and me
2002.04.28~05.04,49,104798,니가 있어야 할 곳,god,Chapter 4,2001.11.15,Dance,박진영,Like this yall to the   break of down  do you feel me every   body come on  Like this yall to the   break of down  do you feel me every   body come on  Like this yall to the   break of down  do you feel me every   body come on  Like this yall to the   break of down  그냥 feel me every   body come on  니가 나에게 안녕이라고   말하던 날   다른 남자가 생겼다고   말하던 날   널 말리는 날 붙잡던 날   뿌리치고 돌아서는 너를   보며 어느 날   니가 다시 돌아올지도 모른다는   생각이 들었지만   난 그래도 그러면 안되지   나를 이렇게까지 아프게 하며   애써 떠나는 널 보니   정말 사랑하나 했어   나는 그때 니가 돌아서던 그때   정말 너의 행복을 빌었어   근데 이제 와 이렇게 이런   모습으로 내게   나타나면 어떡해 내 맘 아프게   날 떠났으면 버렸으면   그 사람과 행복해야 하잖아   왜 이렇게 바보같이 울고있어   내가 가지말랬잖아   어서 내게 돌아와 어서 여기  내 곁으로 돌아와  니가 있어야 할 곳은 여기야  다시 내게 돌아와 지금  그 남자는 너를 잘 몰라  너를 이해하는 사람은 나 뿐야  Like this yall to the  break of down do you feel me every  body come on Like this yall to the  break of down do you feel me every  body come on Like this yall to the  break of down do you feel me every  body come on Like this yall to the  break of down 그냥 feel me every  body come on yeah let me show  you how's feel  any goes a little some  like this go out  이렇게 될 줄 알았으면  보내지 않았지  아니 알았어도 할 수 없이  보냈겠지  니가 원하는 거라면 난  다 해 줬으니까 너만 행복하다면  그걸로 됐으니까 보낸거야 그래서  보낸거야 바보야  그런데 이게 뭐야 이게 다야  내가 보고싶어 했던 네  모습은 이런게 아니야  이럴 줄 알았으면 너를  안 보냈단 말야  날 떠났으면 버렸으면  그 사람과 행복해야 하잖아  왜 이렇게 바보같이 울고있어  내가 가지 말랬잖아  어서 내게 돌아와 어서 여기  내 곁으로 돌아와  니가 있어야 할 곳은 여기야  다시 내게 돌아와 지금  그 남자는 너를 잘 몰라  너를 이해하는 사람은 나 뿐야  어서 내게 돌아와 어서 여기  내 곁으로 돌아와  니가 있어야 할 곳은 여기야  다시 내게 돌아와 지금  그 남자는 너를 잘 몰라  너를 이해하는 사람은 나 뿐야  어서 내게 돌아와 어서 여기  내 곁으로 돌아와  니가 있어야 할 곳은 여기야  다시 내게 돌아와 지금  그 남자는 너를 잘 몰라  너를 이해하는 사람은 나 뿐야   Like this yall to the  break of down do you feel me every  body come on Like this yall to the  break of down 그냥 feel me every  body come on
2002.04.28~05.04,50,111208,사랑한다는 말,김동률,귀향 (歸鄕),2001.10.26,Ballad,김동률,처음으로 사랑한다 말하던 날 살며시 농담처럼 흘리던 말 못 알아들은 걸까 딴청을 피는 걸까 괜히 어색해진 나를 보며 웃던 짓궂은 너 넌지시 나의 맘을 열었던 날 친구의 얘기처럼 돌려한 말 알면서 그런 건지 날 놀리려는 건지 정말 멋진 친굴 뒀노라며 샐쭉 토라진 너 사랑한다는 말 내겐 그렇게 쉽지 않은 말 사랑해요 너무 흔해서 하기 싫은 말 하지만 나도 모르게 늘 혼자 있을 땐 항상 내 입에서 맴도는 그 말 사랑한다는 말 내겐 눈으로 하고 싶은 말 사랑해 난 맘으로 하고 싶은 말 나 아끼고 아껴서 너에게만 하고 싶은 그 말 시처럼 읊어볼까 편지로 적어볼까 그냥 너의 얼굴 그려놓고 끝내 못하는 말 사랑한다는 말 내겐 그렇게 쉽지 않은 말 사랑해요 너무 흔해서 하기 싫은 말 하지만 나도 모르게 늘 혼자 있을 땐 항상 내 입에서 맴도는 그 말 사랑한다는 말 내겐 눈으로 하고 싶은 말 사랑해 난 맘으로 하고 싶은 말 언제나 이렇게 너에게 귀 기울이면 말하지 않아도 들을 수 있는 말 꼭 너에게만 해보고 싶은 말
