time,rank,song_id,title,singers,album,date,genre,creator,lyric
2001.03.25~03.31,1,10838,먼곳에서,박효신,Second Story,2001.02.01,Ballad,박창학,지금 너는 내일을 믿고 있는지 칠흙같은 밤들이 지나고 아무일도 없었던 것처럼 눈을뜨면 새롭게 시작되는 아침을 언젠간 이렇게 될 수 있길 바랬지 너의 슬픔이 모두 끝날 수 있게 잊어버려 그게 너를 위한 일이라면 함께 했던 우리의 약속들을 나는 지금 여기 있어 바로 너의 곁에 있어 그렇지만 너에겐 보이지 않는것일뿐 내가 너를 지켜줄게 더 이상 아프지 않게 이제 나를 잊어버릴 수 있게  언젠간 이렇게 될 수 있길 바랬지 너의 슬픔이 모두 끝날 수 있게 잊어버려 그게 너를 위한 일이라면 함께 했던 우리의 약속들을 나는 지금 여기 있어 바로 너의 곁에 있어 그렇지만 너에겐 보이지 않는것일뿐 내가 너를 지켜줄게 더 이상 아프지 않게 이제 나를 잊어버릴 수 있게 나는 지금 여기 있지 바로 너의 곁에 있지 그렇지만 너에겐 보이지 않는것일뿐 내가 너를 지켜줄게 더 이상 아프지 않게 이제 나를 잊어버릴 수 있게
2001.03.25~03.31,2,89806,I Love You,포지션,I Love You...,2000.12.28,Ballad,OzakiYutaka,I love you 사랑한다는 이말밖에는  해줄 말이 없네요  I love you 의미 없는 말이 되었지만  사랑해요   이제와서 무슨 소용 있겠어요  다신 볼 수 없는 이별인데  돌이킬 수 없는 걸 잘 알고 있지만  어떻게든 그대 잡아 두고 싶은걸 우-  이 세상 아니라도 언젠가  우리 다시 만날텐데  눈물 한방울도 보여선 안되겠죠   사랑에 빠지게 만들었던  미소로 날 떠나요  그 미소 하나로 언제라도 그대를  찾아낼 수 있게   I love you 기억하나요  처음 그대에게 느낀 그 떨림 I love you 오랜 후에서야  내게 해준 그대 그 한마디   우리사랑 안될거라 생각했죠  너무나도 아름다웠기에  돌아서려 했었던 내 앞의 그대는  꿈만같은 사랑으로 다가 왔었죠 우-  이세상 아니라도 언젠가  우리 다시 만날텐데  눈물 한방울도 보여선 안되겠죠   사랑에 빠지게 만들었던  미소로 날 떠나요  그 미소 하나로 언제라도 그대를  찾아낼 수 있게   언젠가 우리 다시 만나면  약속 하나만 해요 이렇게 아프게  너무 쉽게 헤어질 사랑하진 마요 -
2001.03.25~03.31,3,90782,Sweety,샵,4ever Feel So Good,2001.02.20,Dance,백종열,퐁당퐁당 너를 처음보고 난  두근두근 빠져 버렸지 오 달콤달콤 너의 눈을보고 난  어쩔 줄을 몰라 버렸지 웃기지도 않게 불쑥  내게 온 널 잡아 볼까  나 어떡해 어쩜 내 모습이 내가 우스워  널 닮는 모습이 점점 더 우스워 또 스르륵 니가 기다려 다가와 줘 나 도로록 니가 달콤해 사랑 내겐 너무나 사탕같은 어쩔수 없는걸 눈과 코와 입술 그 맛 너를 처음 만난건 네게 행운이었어 지켜지켜 없는 세상  너의 성격 필요해 oh 사탕같은 널 항상 안아주고 싶어 나나나말야 네가 필요하단 말야 문득문득 너의 입술 때문에  조심조심 키스 때문에 오 살랑살랑 너의 손길때문에  어쩔줄을 몰라 버렸어 바라지도 않던 내게 찾아온 널  사랑할까 나 이제 어쩜 네 모습도 내게 묻어나 날  닮은 니 모습 사랑해도 괜찮지 나 사라락 네가 날 감쌀때 짜릿해져 너 도로록 내가 널 안길때 안길때  날 안아버릴 때 난 너에게 안길때 이 시간이  영원히 멈추지 않기를 또 스르륵 니가 기다려 다가와 줘 나 도로록 니가 달콤해 사랑  내겐 너무나 사탕같은 어쩔수 없는건 손과 귀와 입술 그 맛 나 사라락 네가 날 감쌀때 짜릿해져 너 도로록 내가 널 안길때 안길때  날 안아버릴 때 난 너에게 안길때 그렇게 나  너에게 sweety come on come on come on come on  baby baby baby 너의 집으로 뽀로록 달려가서  안아줄거야 너 사랑할거야 그렇게 널 사랑하는 거 나의 맘  오예 이제 나에게 조금 솔직히 이제는 나에게 좀 더  가까이 내몸이 두근두근 벌렁벌렁 come on come on come on come on  baby baby baby
2001.03.25~03.31,4,53615,사랑일뿐야,김민우,사랑일뿐야,1990.02.10,Ballad,박주연,나를 어떻게 생각하냐고 너는 내게 묻지만 대답하기는 힘들어 너에게 이런 얘길 한다면 너는 어떤 표정 지을까 언젠가 너의 집 앞을 비추던 골목길 외등 바라보며 길었던 나의 외로움의 끝을 비로소 느꼈던 거야 그대를 만나기 위해 많은 이별을 했는지 몰라 그대는 나의 온몸으로 부딪혀 느끼는 사랑일 뿐야 나를 어떻게 생각하냐고 너는 내게 묻지만 대답하기는 힘들어 너에게 이런 얘길 한다면 너는 어떤 표정 지을까 언젠가 너의 집 앞을 비추던 골목길 외등 바라보며 길었던 나의 외로움의 끝을 비로소 느꼈던 거야 그대를 만나기 위해 많은 이별을 했는지 몰라 그대는 나의 온몸으로 부딪혀 느끼는 사랑일 뿐야
2001.03.25~03.31,5,11043,I Love You,차태현,Accident,2001.02.01,Dance,거목,후회해 내 사랑을
2001.03.25~03.31,6,1564067,Never Again,이수영,Never Again,2001.02.10,Ballad,MGR(RBW),말론 다 못하겠죠 이 내 마음을 처음 그대 보았을때 생각이 나요 어렵사리 키워온 나의 사랑은 이대로 묻어야겠죠 없던것처럼 그대만을 바라보는 그녀는 어떻해 눈물삼키며 say good bye 이럴수밖에 없는 나 원망스러워 내게 남은 시간 그대와 할수있다면 마지막 내곁을 그대가 지켜준다면 정말 기쁘게 떠날수있을텐데 돌아가요 이미 늦었잖아요 지금도 그녀는 그대를 기다려요 행복한 모습 지켜볼수 있게해줘 plz let me go  그대만을 믿고있는 그녀를 지켜요 눈물삼키며 say good bye 행복하길 바래요 얼마안돼는 내게 남은 시간 기쁘게 살아갈께요 그대라는 사람 만난건 하늘이 내게 주신 마지막 선물이란걸 알아 돌아가요 이미 늦었잖아요 지금도 그녀는 그대를 기다려요 행복한 모습 지켜 볼수있게 해줘 plz let me go you'll have forget me 말로 못한 내 진심은 잊어요 붙잡고 싶지만 이내 슬퍼할 그대를 볼수없어 나 그냥 혼자갈께요 never come to me again  never come to me again never come to me never come to me never come to me again
2001.03.25~03.31,7,609766,사진속에 담긴 추억,임재범,Memories,2000.11.09,Rock,이지영,나의 기억속에 남겨진 그대 모습 이젠 정말 잊어야만해 흘러만 가는 시간처럼 그대 그리움이 안타까운 마음만 주네 소리없는 슬픔만 나의 맘에 쌓이고 희미해진 불빛속에 떠나버린 그대여 내 사랑 나의 사랑 어둠이 다가오네 눈 감으면 그대가 내 곁에 있는데 멀리 떠나갔지만 그대만을 사랑해 사진 속에 담긴 추억들도 이젠 잊어야만 해  이젠 이별뒤에 남겨둔 슬픈 사랑 나의 웃음 흩어져가네 아득하게만 느껴지는 그대 마음처럼 모든것이 멀어만지네 소리없는 슬픔만 나의 맘에 쌓이고 희미해진 불빛속에 떠나버린 그대여 내 사랑 나의 사랑 어둠이 다가오네 눈 감으면 그대가 내 곁에 있는데 멀리 떠나갔지만 그대만을 사랑해 사진 속에 담긴 추억들도 이젠 잊어야만해
2001.03.25~03.31,8,90105,A-Yo,지누션,The Reign,2001.02.01,Rap / Hip-hop,지누션,"This is the tihs that y'all ain't ready for  This is the tihs that y'all ain't ready for  I said one for da money and two for da show  지누션함께면 너도 Champion  Hey Hey Hey (Hey Hey Hey~) I Said  새로 태어난 힙합 빠삐용  I said one for da money and two for da show  지누션과 함께면 너도 Champion  Hey Hey Hey (Hey Hey Hey~) I Said  새로 태어난 힙합 빠삐용  Yo, Microphone Check 1,2 Uh (A-yo)  아무도 누구도 날 몰라줄 때 (A-yo)  왕따가 구타당할 때 (A-yo)  빽 있어 유죄가 무죄가 될 때  배고플 때 밥이 없을 때 (A-yo)  누가 새 Timberland Boots 밟을 때 (A-yo)  사랑했던 네가 나 찰 때(A-yo)  네가 도리도리도리 춤을 출 때 (uh)  아파도 병원에 못 갈 때 (A-yo)  은메달 따고도 너 울 때 (A-yo)  차가 막혀 화 삭혀야 할 때 (A-yo)  집어쳐 (A-Yo) 이 음악에 미쳐  Let's git it on git it on ha ha  Let's bring it on bring it on ha c'mon  I said one for da money and two for da show  지누션과 함께면 너도 Champion  Hey Hey Hey (Hey Hey Hey~) I Said  새로 태어난 힙합 빠삐용  I said one for da money and two for da show  지누션과 함께면 너도 Champion  Hey Hey Hey (Hey Hey Hey~) I Said  새로 태어난 힙합 빠삐용  반가운 친구를 만날 때 난 (A-yo)  예쁜 여자가 눈길 보낼 때 난 (A-yo)  TV 쇼에 Hiphop이 나오면 난 (A-yo)  사고 싶은 옷을 선물 받을 때도 난  전화 받을 때 내가 하는 말 (A-yo)  웨이터를 부를 때도 난 (A-yo)  싸울 때도 (A-yo)  말릴 때도 (A-yo)  화해할 땐 (A-yo~)  은행 구좌 속에 돈이 가득찰 때 난 (A-yo)  내가 산 복권이 당첨이 됐을 때 난 (A-yo)  이렇게 기쁠 때 난(A-yo)  소리쳐 모두가 들을 수 있게  Let's git it on git it on ha ha  Let's bring it on bring it on ha c'mon  I said one for da money and two for da show  지누션과 함께면 너도 Champion  Hey Hey Hey (Hey Hey Hey~) I Said  새로 태어난 힙합 빠삐용  I said one for da money and two for da show  지누션과 함께면 너도 Champion  Hey Hey Hey (Hey Hey Hey~) I Said  새로 태어난 힙합 빠삐용  열받지 가끔씩 A-Yo  신나지 다 같이 A-Yo  모두 하나지 Hiphop  우린 이렇게 살지 사는게 다 그렇지  H-I-P H-O-P 그래 난 어차피  내가 얽매였던 고삐  내 안에 또 하나의 나를 깨워 깨워  다른 모든 것을 잠재워  I said one for da money and two for da show  지누션과 함께면 너도 Champion  Hey Hey Hey (Hey Hey Hey~) I Said  새로 태어난 힙합 빠삐용  A-YO!  I said one for da money and two for da show  지누션과 함께면 너도 Champion  Hey Hey Hey (Hey Hey Hey~) I Said  새로 태어난 힙합 빠삐용"
2001.03.25~03.31,9,10398,하루,김범수,Remember,2000.11,Ballad,채정은,사랑이 날 또 아프게해요  사랑이 날 또 울게 하네요  그렇게 사랑했던 추억마저 잊어달라며  사랑은 잔인하게 떠나가네요  정말 내가 괜찮을까요  그대가 한 그 인사처럼  그래 그댄 눈 가린채  모르는 척 떠나는게  차라리 편할 테죠  변할 수도 있는 거겠죠  저 바람도 매일이 다른데  그래도 이 세상에 살고 싶단 행복을 준건  너무나도 고마웠어요  사랑이 날 또 아프게해요  사랑이 날 또 울게 하네요  그렇게 사랑했던 추억마저 잊어달라며  사랑은 잔인하게 떠나가네요    잊을 수도 있을거예요  그대처럼 나도 변하겠죠  하지만 그날까지 내가 어찌 살아낼까요  벌써 그댈 보고 싶어요  사랑이 날 또 아프게해요  사랑이 날 또 울게 하네요  그렇게 사랑했던 추억마저 잊어달라며  사랑은 잔인하게 떠나가네요  이렇게 또 하루가 지나가네요    사랑이 날 또 아프게 하네요  사랑이 날 또 울게 하네요  다시는 못쓰게된 내 가슴은  이렇게 아픈데  사랑은 꿈을 깨듯 허무하네요  이렇게 또 하루가 지나가네요
2001.03.25~03.31,10,61962,새,싸이(PSY),Psy From The Psycho World,2001.01.18,Rap / Hip-hop,싸이(PSY),당신 너무나 이쁜 당신 항상 나 당신을 향해 행진 언제 거꾸로 신을지 몰라 고무신 근데도 너무 귀여운 당신 당신의 텅빈 머릿속에 꽉 차있는 담배 연기 아무데서나 담배를 피는 용기 아무데서나 화장을 고치는 굳은 심지 그러면서 남의 시선 남의 이목 남의 크고 작은 목소리 되게 신경쓰는 당신 좋지만 얄밉고 이쁘지만 열받게 구는 당신은 세뇨리따 남들이 다 뭐래도 나 당신만을 따라가리다 당신은 나만의 모나리자 곧 모든걸 바꿔보리다 내가 차지하리다 뭐 달라구 뭐 혼날라구 혼 힘내자구 힘 어쩌라구 어 나 한순간에 새됐스 당신은 아름다운 비너스 이랬다가 저랬다가 왔다 갔다 나 갖다가 너는 밤낮 장난하나 나 한순간에 새됐스 당신은 아름다운 비너스 너만을 바라보던 날 차버렸어 나 완전히 새됐어 두려운거야 드러운거야 아니면 좋아서 내숭떠는거야 show하는거야 뭐야 당신 나랑 지금 장난하는 거야 당신 갖긴 싫고 남 주긴 아까운거야 이 10원짜리야 여기선 웃어 나에게 와선 차가워 우선 사람을 만나면 사람만 봐라 어서 가로세로 전후 좌우 재가며 계산해가며 사람 만나면 혼난다는걸 모른다면 당신은 바보 무심코 뱉은 당신의 한마딘 내 마음에 파도 날 가지고 장난했다면 당신을 타도할거야 바로 잡아줄거야 바로 혼내줄거야 진심이었다면 당신의 일거수 일투족은 평생 나의 가보 oh feel me 뭐 달라구 뭐 혼날라구 혼 힘내자구 힘 어쩌라구 어 나 한순간에 새됐스 당신은 아름다운 비너스 이랬다가 저랬다가 왔다 갔다 나 갖다가 너는 밤낮 장난하나 나 한순간에 새됐스 당신은 아름다운 비너스 너만을 바라보던 날 차버렸어 나 완전히 새됐어  나 완전히 새됐어 나 완전히 새됐어 참을만큼 참았어 갈때까지 갔어 해줄만큼 해줬어 한도 끝도 없이 난 해줬고 정도 지나치게 당신은 날 완전히 뭉게 버렸어 성질나서 더는 못 해먹겠어 알았어 없어도 있는듯 몰라도 아는듯 눈웃음으로 모든 상황을 해결하는 니 속뜻 이젠 진짜 밉상 진상 꼴배기 싫은 니가 대장 니가 얼마나 멋진 남자 만나 어떻게 사나 평생 지켜본다 명심해라 너혼자 잘나 퉁퉁 튕기다가 하루 아침에 니가 뻥 튀길거다 명심 또 명심해라 그리고 뒤통수 조심해라 어떻게 내 마음을 전할까 어떻게 잡을 수 있을까 나보다 좋은 사람 만날까 너무 두려워 너무 싫어 제발 날 떠나지마 더 이상 혼자는 싫어 정말 싫어 나 완전히 새됐어
2001.03.25~03.31,11,10126,파란,KYT(코요태),Passion,2000.11.01,Dance,강은경,Groove Groove Keep   on grooving  Don`t you stop come   on Keep it moving  The Time is now and   I feel alright  I`ve been waiting all   week and tonight is   the night  Rock the beat can you   feel the heat  lf you want some more   then get off your seat  Groove Groove Keep on   grooving  Don`t you stop  Keep on moving  누군가 네게 생겼다는   그 사실을  처음 나 알게 됐을땐 너무도   큰 충격이었어  나보다 대체 더 난게 뭐야  날 버리고 갈 만큼 대단한 거니  누군지 한번 보고 싶어  그녈 나 몰래 만날때마다   한번도 죄책감 같은 것 없었니  내게 이럴수는 없는거야   정말 나쁜 사람  니가 나가줘 내 맘 속에서  나 혼자 널 지워내기가 힘들어  차마 내가 먼저 너를 떠날   순 없으니  Now every take a   look around  Party over here and there   let me see you bounce  What you gonna do huh   Just sit around  Get up and move to the   techno sound 나보다 대체 더 난게 뭐야   날 버리고 갈 만큼 대단한 거니  누군지 한번 보고 싶어  그녈 나 몰래 만날때마다   한번도 죄책감 같은 것 없었니  내게 이럴수는 없는거야   정말 나쁜 사람  니가 나가줘 내 맘 속에서  나 혼자 널 지워내기가 힘들어  차마 내가 먼저 너를 떠날   순 없으니  묻고 싶은 얘기가 있어  나를 사랑은 했니  지금 그녀만큼 한때는 나도  다시 내게로 돌아온다면   내 곁에 돌아와 주기만 한다면  이젠 정말 잘 할것 같은데   너무 멀리갔니  니가 말해줘 나의 옆에서  영원히 널 기다리지도 말라고  나도 깨끗히 널 포기해버릴   수 있도록  나도 깨끗히 널 포기해버릴  수 있도록
2001.03.25~03.31,12,8921,오빠,왁스,엄마의 일기,2000.11.14,Dance,,그냥 편한 느낌이 좋았어
2001.03.25~03.31,13,9543,하루,박혜경,O2-박혜경,2000.12.28,Rock,심현보,참 나쁘죠 그대 없이도  사람들을 만나고 또 하루를 살아요  이런거죠 그대 모든것  조금씩 흐려지다 없던일이 되겠죠  벌써 난 두려운 마음뿐이죠  한참 애를써도 그대 얼굴조차  떠올릴 수 없죠  웃고 있어도 자꾸 눈물이 나요  그대 역시 그렇게 나를 잊어 가겠죠  왜 그랬나요 이럴걸 알면서도  이별이란 이토록 서글픈 모습인데  정말 사랑했는데    벌써 난 두려운 마음뿐이죠  한참 애를써도 그대 얼굴조차  떠올릴 수 없죠  웃고 있어도 자꾸 눈물이 나요  그대 역시 그렇게 나를 잊어 가겠죠  왜 그랬나요 이럴걸 알면서도  이별이란 이토록 서글픈 모습인데  단 하루도 안될 것 같더니  내가 미워질만큼 익숙해져만 가죠  별일 없나요 그대 역시 나처럼  깨어나고 잠들며 그런대로 사나요  그대 없이도 아무일 없다는거  이별보다 더 아픈 세상속을 살아요  웃고 있어도 자꾸 눈물이 나요  그대 역시 그렇게 나를 잊어 가겠죠  왜 그랬나요 이럴걸 알면서도  이별이란 이토록 서글픈 모습인데  정말 사랑했는데    슬픈 하루가 가죠
2001.03.25~03.31,14,9422,난 남자다,김장훈,Innocence,2000.12,Ballad,김장훈,넌 모르겠지만 사랑했다  비정한 척했던 것 사과한다  남자란 이유로 널 떠나보내며  행복해지기를  바보처럼 기도했었다  흔들리는 날 잡던 두 손 이젠  독한 소주잔만이 날 위로해  두 눈 꼭 감고  입맞추던 내 입술엔  해로운 담배 한 개피로  널 추억해 본다  바람아 불어라 못다 한 얘기들  그녈 만난다면 대신 전해주겠니  이 세상 누구보다  잘 살아달라고  나의 사랑 이젠 Goodbye  좋은 음식 예쁜 옷 볼 때마다  가난한 우리 지난날 떠올라  아무것도 못해 준  너의 생일 올 때면  해주고 싶어도  이제 넌 내 곁에 없구나  바람아 불어라 못다 한 얘기들  그녈 만난다면 대신 전해주겠니  이 세상 누구보다  잘 살아달라고  나의 사랑 이젠 Goodbye  너 하나만 행복하다면  미련한 여자였던 너는  지금쯤 어디에 있을까  못 견디게 그리워  바람아 불어라 못다 한 얘기들  그녈 만난다면 대신 전해주겠니  이 세상 누구보다  잘 살아달라고  나의 사랑 이젠 Goodbye
2001.03.25~03.31,15,9040,제발,이소라,꽃,2000.12.14,Ballad,이소라,잊지 못해 너를 있잖아  아직도 눈물 흘리며 널 생각해  늘 참지 못하고 투정 부린 것 미안해   나만 원한다고 했잖아  그렇게 웃고 울었던 기억들이  다른 사랑으로 잊혀져 지워지는게 난 싫어   어떻게든 다시 돌아오길 부탁해  처음으로 다시 돌아가길 바랄게  기다릴게 너를 하지만 너무 늦어지면은 안돼  멀어지지마 더 가까이 제발   모든걸 말할수 없잖아  마지막 얘길 할테니 좀 들어봐  많이 사랑하면 할수록 화만 내서 더 미안해   어떻게든 다시 돌아오길 부탁해  처음으로 다시 돌아가길 바랄께  기다릴게 너를 하지만 너무 늦어지면은 안돼  멀어지지마 더 가까이   잊지 말고 다시 돌아오길 부탁해  헤어지면 가슴 아플거라 생각해  기다릴게 너를 하지만 너무 늦어지면 안돼  멀어지지마 더 가까이.. 제발 -
2001.03.25~03.31,16,11028,약속,플라이투더스카이,약속,2001.02.02,R&B / Soul,김용호,언제나 낯선 아픔들은 습관처럼 다시 찾아와 눈물을 짓지만 그대가 늘 미안해하던 초라한 현실은 영원하지 않죠 감사해요 그댈 보내주셨던 하늘이 우릴 지켜줄 것을 언젠가는 자유롭게 날아갈 수 있어 그대의 꿈처럼 우린 한걸음 또 한 걸음 그댄 포기하지 않아  난 믿어요 지쳐가겠지만 언제나 같을 순 없겠죠 더 많은 날들이 기다릴테니까 감사해요 그댈 보내주셨던 하늘이 우릴 지켜줄 것을 언젠가는 자유롭게 날아갈 수 있어 oh yes you will 그대가 꿈꿔왔던 것처럼 약속해요 나의 삶이 놓아줄 때까지 지켜줄 수 있어 널 사랑하니까 아름답게 맞으려 애써 준비했던 그 작은 바램도 가까이 있는 것 언젠가는 자유롭게 날아갈 수 있어  그대의 눈물이 꿈꾸던 날들은  너무 아름다울 것 같죠 우우우 워우워 예이 예
2001.03.25~03.31,17,10581,사랑했으므로,조관우,연(緣),2001.01.30,Ballad,정연준(업타운),사랑했으므로 이별이 옵니다 영원한 사랑은 없기 때문이죠 이별했으므로 눈물이 납니다 오직 시간만이 눈물을 닦아줄 수 있다죠 함께할 땐 그대 없인 아무것도 못할꺼라고 생각했었지만은 나 울 수 있는걸 숨 쉴 수 있는걸 지나간 날을 기억할 수 있는걸  사랑할땐 그대 없인 아무데도 안갈꺼라고 다짐했었지만은 혼자 가야겠죠 영원을 꿈꾸며 약속해 버린 다음 세상으로 이 하늘 아래 어디쯤 그대 나 없이 행복하고 있다해도 아무렇지도 않아요 그래도 잊지 않아요 그토록 사랑했으니까  사랑할땐 그대 없인 아무것도 못 할꺼라고 생각했었지만은 사랑하는걸 이별한 뒤에도 그대가 나를 잊고 있다 해도 오늘 또 시간이 흘러도 슬픔은 어제처럼 남아 있기에
2001.03.25~03.31,18,5112,끝 (End),샤크라,Chakra‘Ca 2집,2001.03.07,Dance,이상민,제각기 있기 였기 때문이기  사랑했기 때문이기  하루지기 이야기 이야기  잊지않기 제각기 이기적  이었기 때문이기  사랑했기 때문이기 영원지기   이야기 이야기  제각기 있기 였기 때문이기  우리의 이야기 이야기  끝에 저 끝에 내가 보내야 하나 사랑이 여기서 end end야 너와의 모든 게 over over  over over 그대의 기억이 end end야 사랑의 끝이야 never never  never never 행복하라며 기다리지 말라며  부디 잊으라 하며 사랑했다며 끝에 끝이여 나의 사랑의 끝  다시 올 수 없을 내 사랑아 그대가 영원한 내 마지막  사랑이었음을  하늘에 바랄 뿐이야  끝에 끝이여 나의 사랑의 끝  다시 올 수 없을 내 사랑아 우리가 영원히 저 세상 끝까지  함께 할 수 없음이 슬플 뿐이야  끝이여 끝이 아니길 비는  우리의 이야기 이야기  끝이여 끝이 아니길 비는  우리의 이야기 이야기  끝이여 끝이 아니길 비는  우리의 이야기 이야기  끝이여 끝이 아니길 빌어 끝에 저 끝에 내가 보내야 하나 기다릴테니 찾아오길 바라며  부디 잊지 않기를 사랑했기에 끝에 끝이여 나의 사랑의 끝  다시 올 수 없을 내 사랑아 그대가 영원한 내 마지막  사랑이었음을  하늘에 바랄 뿐이야  끝에 끝이여 나의 사랑의 끝  다시 올 수 없을 내 사랑아 우리가 영원히 저 세상 끝까지  함께 할 수 없음이 슬플 뿐이야  사랑이 여기서 end end야 너와의 모든 게 over over  over over 그대의 기억이 end end 야 사랑이 끝이야  끝에 끝이여 나의 사랑의 끝  다시 올 수 없을 내 사랑아  사랑의 끝이여 다시 만나기를  슬픔으로 영원한 끝에 끝이여
2001.03.25~03.31,19,10619,오늘까지만,김조한,2gether 4ever,2001.01.16,R&B / Soul,조은희,이젠 모두 잊었니 정말 나를 잊어버렸니 왜 슬픈 예감은 틀린적 없는지 꿈에 날 찾아와 울며 미안하단 니 모습 오늘을 위한 거니 니 고운 얼굴도 환한 미소도 여전히 예전 그대로인데  지금 니 곁에 내가 아닌 사랑이 돌아설게 그가 나를 알수가 없게 휘청이는 내 마음 니가 느낄수 없게 오늘만 울어줄게 슬픈 눈물이  내게 널 지울만큼만 너 하나만 원한게 내겐 헛된 바램이었나 니 행복한 모습 본걸로 됐다고 날 위로해봐도 너를 기다려온 사랑에 자꾸 목이 메어와 오 내게 이것만 묻고 싶어서  아직도 나와 함께 했었던 지난 추억들 니 맘 속에 있는지 돌아설게 그가 나를 알수가 없게 휘청이는 내 맘을 니가 느낄수 없게 오늘만 울어줄게 슬픈 눈물이  내게 널 지울만큼만 I pray for your love 행복해줘(행복해줘)  늘 지금처럼만 (늘지금처럼만) 아~~ 그를 선택했던 니 맘을  그가 내게 없는걸 가진거라 여길게 오늘만 기억할게 너의 모든걸 미련도 오늘까지만  영원히 오늘까지만 오늘까지만
2001.03.25~03.31,20,9828,인형 (Duet. 신혜성),이지훈,Lee Jeehoon Special With...,2001.02.01,Ballad,강타(KANGTA),아침이 오는 소리에 난 잠이 들어요 오늘도 역시 그대 날 잊고 보냈었는지 그렇게도 쉽게 괜찮을수 있는지 항상 변함이 없었던 그대 떠나간게 믿을수 없어 힘들었죠 그냥 그렇게 서로가 조금씩 잊혀 가겠죠 사랑한단말 조차도 소용없겠죠 미안해요 이기적인 나였죠 사랑한단 이유로 내곁에만 두려 했었던걸요 그래요 난 가장 중요한걸 모르고 있었죠 사랑한다면 그대가 언제나 행복해야죠 보고 싶겠죠 그건 어쩔수 없겠죠 하지만 힘들진 않게할게요 한동안 많이 아파 울다 지쳐 그대를 찾겠죠 신경쓰지말아요 난 잠시뿐일 테니까 괜찮아요 이대로 있을게요 당신과 상관없이 그냥 홀로 지킬 수 있는걸요 사랑해요 정말 한순간도 변함이 없어요 그대없는 빈자리도 사랑하며 살아갈게요 보고싶겠죠 그건 어쩔 수 없겠죠 하지만 힘들진 않게할게요 한동안 많이 아파 울다 지쳐 그대를 찾겠죠 신경쓰지 말아요 난 잠시뿐일 테니까 오 그래요 난 바보같지만 우리 지난 기억들 간직하며 홀로 지키고 있을게 한동안 많이 아파 울다 지쳐 그대를 찾겠죠 신경쓰지 말아요 난 잠시 뿐일 이별이니까
2001.03.25~03.31,21,6028,Don`t Start Now,보아(BoA),Don`t Start Now - Jumping Into The World,2001.03.06,Dance,,아직은 시작하지마  그 오빠는 기다리겠지 나의 사랑을  어린 나를 아껴주던 햇살  그의 환한 미소 같이 모두 간직 하겠어   언니옆에 있었던 내 손잡은 그순간  그의 멋진 눈빛에 나는 얼어버렸어   Hock! Don't start Now  The feelings Come &amp; Gone  난 지금은 어린걸  그때까지만 기다려줘요   Don't start Now  The feelings Come &amp; Gone  내 사랑을 지켜줘  그때가 되면 내게로 와요   학교에서 돌아 왔을때  그의 차가 와있어  누굴 보러 왔을까  그 사람의 옆자리엔  내가 그를 바라보고있어  내게 키스할꺼야   붉어진 내 얼굴에 다가온 순간  이 모든것이 나의 환상이었어   Hock! Don't start Now  The feelings Come &amp; Gone  난 지금은 어린걸  그때까지만 기다려줘요   Don't start Now  The feelings Come &amp; Gone  내 사랑을 지켜줘  그때가 되면 내게로 와요   내게 보낸 그 사람의 선물이  언니에게도 하나가 와있어  내가 모두 차지 할수 없는게 안타까웠어   기다려요 그리 멀진 않아요  예쁜 모습으로 앞에 설께요  그땐 나를 안아주고 말해요  날 사랑했었다고   언니옆에 있었던 내 손잡은 그 순간  돌아가던 세상 모두 멈춰버렸어  얼어버렸어   Don't start Now  The feelings Come &amp; Gone  난 지금은 어린걸  그때까지만 기다려줘요   Don't start Now  The feelings Come &amp; Gone  내사랑을 지켜줘  그때가 되면 내게로 와요   Don't start Now  The feelings Come &amp; Gone  난 지금은 어린걸  그때까지만 기다려줘요   Don't start Now  The feelings Come &amp; Gone  내사랑을 지켜줘  그때가 되면 내게로 와요   (come on) 기다려줘요  Don't... Don't... Don't... -
2001.03.25~03.31,22,106314,그런 사람 또 없습니다,황수정,황수정의 고백,2001.02.01,기타,원태연,그런 사람은 또 없습니다
2001.03.25~03.31,23,4123405,어제 오늘 그리고,유승준,Summit Revival,2000.11.11,Dance,김영아,지난 날 다시 찾아갈 순 없다  깨친다 그 까닭 그 대답  흘러간 건 지금의 대해 다  아무런 대답 얻을 순 없다  어제 내가 얻은 건  대체 무엇인가  인생을 가책 속에  담으려 했었던가  내 육체 속에  간직한 채 가려는가  잊은 채 그냥  뒤돌아서려는가  바람소리처럼 멀리  사라져갈 인생길  우린 무슨 사랑 어떤 사랑 했나  텅 빈 가슴속에  가득 채울 것을 찾아서  우린 정처 없이  떠나가고 있네  여기 길 떠나는  저기 방황하는 사람아  우린 모두 같이  떠나가고 있구나  끝없이 시작된 방황 속에서  어제도 오늘도 나는 울었네  어제 우리가 찾은 것은  무엇인가  잃은 것은 무엇인가  버린 것은 무엇인가  오늘 우리가 찾은 것은  무엇인가  잃은 것은 무엇인가  남은 것은 무엇인가  yo one three  불타는 내 행위  내 주위를 감싸는  공간의 지위  저 끝 하위 내 죽은 과거의  무리 묻어두리  한낮 헛된 꿈  지금가야 할 길은  또 그 닫는 곳은  어제 내일만큼 가깝지 만은  오 더 멀어질 뿐  오 더 멀게만 느껴질 뿐  어떤 날은 웃고  어떤 날은 울고 우는데  어떤 꽃은 피고  어떤 꽃은 지고 있네  오늘 찾지 못한  나의 알 수 없는 미련에  헤어날 수 없는  슬픔으로 있네  여기 길 떠나는  저기 방황하는 사람아  우린 모두 같이  떠나가고 있구나  끝없이 시작된 방황 속에서  어제도 오늘도 나는 울었네  어제 우리가 찾은 것은  무엇인가  잃은 것은 무엇인가  버린 것은 무엇인가  오늘 우리가 찾은 것은  무엇인가  잃은 것은 무엇인가  남은 것은 무엇인가  어제 우리가 찾은 것은  무엇인가  잃은 것은 무엇인가  버린 것은 무엇인가
2001.03.25~03.31,25,9573,Endless,플라워,소품집,2001.08.21,Rock,하해룡,널 사랑해 눈을 감아도 단 한 번만 볼 수 있다면 하늘이여 내 모든 걸 가져가 미련 없이 이 세상 떠나갈게 안녕 다시 돌아올까 봐 아직도 혼자인 거니 서로가 사랑하고 있지만 우리는 인연이 아닌가 봐 많이 야윈 것 같아 웃음도 잃어버리고 항상 멀리서 널 지켜봤어 아프진 않은지 너무나 걱정돼 기다릴게 죽는 날까지 나 없다고 혼자 울지 마 너의 눈물 위로할 수 있도록 그날까지만 참고 견뎌야 해 사랑해 눈을 감아도 단 한 번만 볼 수 있다면 하늘이여 내 모든 걸 가져가 미련 없이 이 세상 떠나갈게 안녕 기다릴게 죽는 날까지 나 없다고 혼자 울지 마 너의 눈물 위로할 수 있도록 그날까지만 참고 견뎌야 해 사랑해 눈을 감아도 단 한 번만 볼 수 있다면 하늘이여 내 모든 걸 가져가 미련 없이 이 세상 떠나갈게 안녕
2001.03.25~03.31,27,105714,니가 필요해,god,Chapter 3,2000.11.03,Dance,박진영,니가 필요해   가지마 제발 제발 왜 왜 날 떠나려고 해 난 난 아직도 니가 필요해 다 다시 한번 제발 생각해 날 날 이대로 버리면 안돼 왜 왜 날 떠나려고 해 난 난 아직도 니가 필요해 다 다시 한번 제발 생각해 날 날 이대로 버리면 안돼 그댄 헤어지자고 말을 하네 그러면서 내 앞에서 돌아서고 있네 그대 모습이 조금씩 멀어져가네 그 모습 흐려지네 조금씩 번져가네 왜 내가 그대를 떠나가게 한건지 곁에 있을때 잘하지 못했는지 이제와서 뒤늦게 이제는 잘할게 하며 그대의 발목을 붙잡고 있는지 곁에 있는 건 그게 무엇이건 언제나 곁에 있기에 떠나기 전에는 얼마나 소중한지 몰라 떠나고 나서야 뒤늦게 깨달아 마음속에 있는 수없이 많은 생각들 중에서 언제나 네 생각은 왜 소홀해지는지 가볍게 여기는지 그러다 이렇게 후회하는지 이별은 막을수가 없다고 수없이 많이 들어왔지만 떠날땐 보내줘야 한다고 다짐을 하고 또 해보지만 난 니가 필요해 아무리 말을 해봐도 그대는 내 말 들으려고 안해 그대 없이는 나 자신이 없는데 어떻게 다시 그대없이 살아가야 해 나를 용서못해 그래 이해해 나도 내 자신을 도저히 용서못해 하지만 어떻게 난 니가 필요해 제발 지나간 추억들을 생각해 그대는 나를 다시 용서하면 즉시 다시 예전과 하나 다를바가 없지 그 모습 그대로 돌아갈거라고 생각하겠지만 절대로 두번 다시 이런일 없을거야 나를 믿어줘 제발 나에게 한번만 기회를 줘 놓치고 싶지 않아 보내고 싶지 않아 하늘아 제발 날 좀 도와줘 이별은 막을수가 없다고 수없이 많이 들어왔지만 떠날땐 보내줘야 한다고 다짐을 하고 또 해보지만 난 이렇게라도 그대 동정심에라도 그댈 돌릴수만 있다면 나는 괜찮아 왜 왜 날 떠나려고 해 난 난 아직도 니가 필요해 다 다시 한번 제발 생각해 날 날 이대로 버리면 안돼 왜 왜 날 떠나려고 해 난 난 아직도 니가 필요해 다 다시 한번 제발 생각해 날 날 이대로 버리면 안돼 이별은 막을수가 없다고 수없이 많이 들어왔지만 떠날땐 보내줘야 한다고 다짐을 하고 또 해보지만 이별은 막을수가 없다고 수없이 많이 들어왔지만 떠날땐 보내줘야 한다고 다짐을 하고 또 해보지만
2001.03.25~03.31,28,89110,난 말야,유리상자,Home,2000.10.16,Ballad,"이세준,심현보",지금 넌 도대체 어디 있는지 남은 말이 너무 많은데 이대로 오늘 밤이 지나버리면 우린 다시 못 볼 지 모르는데 헤어지자는 말을 꺼내고 나서 이렇게 후회하고 있는데 아무 표정없이 돌아선 너는 나 없이도 살 수 있다는 거니 한 번 만이라도 잡아줄 순 없었니 이대로 끝이 될 수는 없다고 알고 있는 너의 뒷모습이 사라지도록 그 곳에 서 있던 지친 나의 어깨를 넌 모르겠니 그걸 바랬던게 아닌데 내가 먼저 말하길 기다린거니 날 위해 혹시 이별을 넌 받아준거니 하루도 너 없인 안되는데  한 번 만이라도 잡아줄 순 없었니 이대로 끝이 될 수는 없다고 알고 있는 너의 뒷모습이 사라지도록 그 곳에 서 있던 지친 나의 어깨를 이게 아닌데 넌 도대체 어딨는거야 거두고만 싶은 말들로 난 후회하는데 날 잡아줄꺼라 믿었던 내 잘못이야 하루도 너 없인 안되는데 밤을 세워 전화해도 넌 받지 않는 걸 이대로 오늘이 가면 널 포기할지도 모르는 일인데 넌 모르겠니 그걸 바랬던게 아닌데 내가 먼저 말하길 기다린거니 날 위해 혹시 이별을 넌 받아준거니 하루도 너 없인 안되는데 이게 아닌데 넌 도대체 어딨는거야 거두고만 싶은 말들로 난 후회하는데 날 잡아줄꺼라 믿었던 내 잘못이야 하루도 너 없인 안되는데
2001.03.25~03.31,29,3743,그런일은,화요비,My All,2000.06.14,R&B / Soul,윤사라,너무나 멀어보여요 이렇게 가까이 있는데도 언제나 나를 안아주던 따스한 인사도 잊은건가요 내가 뭘 잘못했나요 혹시 나 미워졌나요 아니죠 떠나려는건 아니죠 그런일은 절대로 없을거라 나는 믿을게요 오늘은 안돼요  내 사랑이 이대로는 이별을 감당하긴 어려운걸요 많은 약속을 다 지울순 없잖아요 아직도 해드릴게 참 많이 있는데 얼마쯤 걸어가다가 한번은 날 뒤돌아 봐줄거죠 그리곤 다시 예전처럼 다가와 웃으며 안아줄거죠 정말 날 좋아했는데  정말 날 아꼈었는데 아니죠 그대를 다시 못보는 그런일은 절대로 없는거죠  나는 믿을게요 오늘은 안돼요 내 사랑이  이대로는 이별을 감당하긴 어려운걸요 많은 약속을 다 지울순  없잖아요 아직도 해드릴게 참 많은걸요 내일 아침엔 더 힘들어 질거예요 어쩌면 며칠밤을  지새우겠죠 언제까지나 곁에  있기로 했잖아요 그대가 아니라면 난 혼자인걸요
2001.03.25~03.31,30,9202,이연(異緣),신성우,Identity,2000.12.16,Rock,임동진,집으로 가는 골목길 문득 너의 생각에 가슴에 고이 접어 놓은 노파심을 꺼내어 보며 네가 슬퍼 하진 않는지 혹시 외로워 하진 않는지 오늘도 별들에게 물어 내 마음을 달래어 보네 혹시 잠시라도 네가 힘에 겨워 쓰러지려 할 때 그때 내게로 와 내가 너의 별이 될 테니 세상 어느 곳에 네가 있다 해도 세상이 모두 널 뒤로 한대도 날 지키는 저 별처럼 늘 곁에 있을 테니까 세상 어느 곳에 네가 없다 해도 세상을 모두 네가 등진대도 날 지키는 저 별처럼 내가 널 지킬 테니까 영원히  세상 어느 곳에 네가 있다 해도 세상이 모두 널 뒤로 한대도 날 지키는 저 별처럼 늘 곁에 있을 테니까 세상 어느 곳에 네가 없다 해도 세상을 모두 네가 등진대도 날 지키는 저 별처럼 내가 널 지킬 테니까 영원히
2001.03.25~03.31,31,9815,영원의 서약,정일영,정일영,2001.01.10,Ballad,김영아,내가 잘못했나요 내 사랑이 부족했나요 나에겐 그녀 뿐인데 조금만 더 머물면 안되나요 기다릴 순 없나요 한번만 더 기회를 줘요 밤새워 못다한 내 맘을 지켜도 내겐 모자랄 것 같은데 야윈 얼굴 속에도 내가 좋아한 그 미소를 보여주려 애쓰던 그녀죠 그렇게도 날 위한 착한 그녀 맘을 아시면 제발 이 세상에 남게 해줘요 저 하늘 어디서든 지켜줄 그대란 걸 아는데 어떻게 내 눈물 감추며 슬픈 하늘 볼까요 차라리 내 숨결도 잠 들어 그댈 따라갈게요 영원히 그대 곁에 쉬게 해줘요  헤어지라 하시면 남은 세상엔 그녀 곁에 나의 모습 감추고 살께요 그것조차 힘들면 항상 부족하다 여기던 나를 그녀 대신 데려가 줘요 저 하늘 어디서든 지켜줄 그대란 걸 아는데 어떻게 내 눈물 감추며 슬픈 하늘 볼까요 차라리 내 숨결도 잠 들어 그댈 따라갈게요 영원히 그대 곁에 쉬게 해줘요 기다려요 함께 할께요
2001.03.25~03.31,32,1786609,Episode Ⅱ,조pd(ZoPD),ChoPD.Net / Best In East,2000.12.28,Rap / Hip-hop,조pd(ZoPD),타오르는 태양도 날아가는 저새도
2001.03.25~03.31,33,2528,가져가,홍경민,Hong Kyung Min,2001.03.20,Dance,김창환,뭐하는 거야 지금 너는 내 앞에서 장난치지마 겉으로 슬픈척 괴로운척해도 속으론 웃는걸 알아 날보고 있지만 지금 니 마음속엔 이미 다른 사람이 지금껏 너를 사랑했던 내 모습을 모두 지운걸 알아 넌 이미 변했어 지금껏 내가 알던 니가 아니야 니가 낯설어 너무 어색해서 차마 널 볼 수가 없어 내가 사랑했던 상냥한 니 모습을 찾을 순 없어 그런 널 보면 너무 화가 나서 나는 견딜 수가 없어 모두 가져가 내게 주었던 지난날의 너의 사랑도 내가 너 땜에 괴로워하며 다시는 너를 찾지 않도록 그냥 가버려 좀더 냉정히 어설픈 미련 남기지 말고 그게 마지막 니가 나에게 해주는 배려가 될테니까 변명하지마 이젠 내게 솔직하게 모두다 털어놔 괜히 날 위로한답시고 맘에 없는 말로 날 놀리지 말고 내앞에선 울고 뒤돌아 서면 웃을꺼라는걸 난 알아 차라리 그럴 바엔 내가 싫어졌다 내게 솔직히 말해 줘 어차피 갈거면 어설픈 거짓말로 위로하지마 그냥 솔직히 다른 사람 만나 사랑하게 됐다 말해 줘 널 잊을 수 있게 조금더 냉정하게 내게 말해 줘 그래야 나도 아무 미련 없이 너를 잊을 수 있으니 모두 가져가 내게 주었던 지난날의 너의 사랑도 내가 너 땜에 괴로워하며 다시는 너를 찾지 않도록 그냥 가버려 좀더 냉정히 어설픈 미련 남기지 말고 그게 마지막 니가 나에게 해주는 배려가 될테니까 모두 가져가 내게 주었던 지난날의 너의 사랑도 내가 너 땜에 괴로워하며 다시는 너를 찾지 않도록 그냥 가버려 좀더 냉정히 어설픈 미련 남기지 말고 그게 마지막 니가 나에게 해주는 배려가 될테니까
2001.03.25~03.31,34,10288,www.사랑.com,임창정,www.Love.7th,2000.11.01,Ballad,임창정,가도돼 그에게 전분 너야  그래서 내게 이러는거야  괜찮아 내 상처는 나도  웃을수 있길 바랄게 워-  말을 하지 그랬어  아직 니 곁에 그가 있다고  너와 이별했다는 그가 내게 며칠 전  너의 얘길 널 사랑한다는 얘길   넌 아니라 하지만  그의 간절함은 진실했어  나 또한 그렇게 생각하며 그 누굴  기다리며 눈물 흘린 적 있었어   가도돼 그에게 전분 너야  그래서 내게 이러는거야  괜찮아 내 상처는 나도 웃을 수 있길 바래   그래 난 이대로 힘들지만  그가 기뻐 내게 감사하면  나도 용기를 내서 달려가야해  더 늦기전에 워-  넌 아니라 하지만  그의 간절함은 진실했어  나 또한 그렇게 생각하며  그 누굴 기다리며 눈물 흘린적 있었어   가도돼 그에게 전분 너야  그래서 내게 이러는거야  괜찮아 내 상처는 나도 웃을 수 있길바래   그래 나 이대로 힘들지만  그가 기뻐 내게 감사하면  나도 용기를 내서 달려가야해  더 늦기전에 워-   가도돼 그에게 전분 너야  그래서 내게 이러는거야  괜찮아 내 상처는 나도 웃을 수 있길바래   그래 나 이대로 힘들지만  그가 기뻐 내게 감사하면  나 용기를 낼꺼야  그녀가 너와 같길 바라며 워-
2001.03.25~03.31,35,75279,You Mean Everything To Me,박정현,Naturally,2000.10.17,R&B / Soul,윤종신,그대 가슴에 귀를 대보면 나는 정말 행복해져요 날 사랑하는 그대 가슴이 너무 건강히 뛰고 있으니 따뜻하기 까지한 그대란 사람 언제까지나 내 곁에 머물러 줄 수 있나요 You mean everything You are everything to me 그대 짓는 표정이 나를 바꿔요 You mean everything 나를 숨쉬게 하는 가슴속의 주인이죠 나의 그대여  그대 입술을 바라볼때면 나는 정말 행복해져요 날 사랑한단 그 꿈같은 말을 애타던 내 귀에 속삭여 주었으니 부드럽기 까지한 그대란 사람 언제까지나 내 곁에 머물어 줄 수 있나요 You mean everything You are everything to me 그대 짓는 표정이 나를 바꿔요 You mean everything 나를 숨쉬게 하는 가슴속의 주인이죠 나의 그대여 가끔씩 그대가 떠나간 걸 그리면 아찔해 오는걸 믿어도 되나요 아니 믿고 싶어 영원한걸 You mean everything You are everything to me 그대 짓는 표정이 나를 바꿔요 You mean everything 나를 숨쉬게 하는 가슴속의 주인이죠 그대여 You mean everything You are everything everything to me 그대 짓는 표정이 나를 바꿔요 나를 바꿔요 You mean everything 나를 숨쉬게 하는 가슴속의 주인은 바로 그대여
2001.03.25~03.31,36,2940,Be Natural,S.E.S.,A Letter From Green Land,2000.12.26,Dance,유영진,이 마음에 있는 세상과 보여지는 풍경들과 느낄 수가 있는 모든 것 Oh 아이처럼 웃는 얼굴 가끔 가끔씩 내 작은 방에 옮겨놓고 싶은 걸 Oh 매일 아침 꿈에서 매일 같은 곳에서 그댈 만날 수 있어 Oh Something nobody knows It's feel like heavens eye 이제 날아갈 수도 있어 문득 난 잠에서 깨어나 창문을 열어두고 기분 좋은 상상에 빠져있네 나와 같은 세상과 나를 닮은 눈빛과 수필 같은 넉넉한 말들 따뜻하게 들려주는 목소리 또 다른 나의 모습을 찾을 수 있는 오직 한사람 새파란 거리 위에 핀 선율을 가진 표정들 날 웃게 만든 모든 것 Oh 이젠 상념들은 사라져 가고 이 순간은 행복할 것 같아 문득 난 어젯밤 꿈속에 그 길을 걷고 있네 아마 그건 꿈결도 아닌 거야 나와 같은 세상과 나를 닮은 눈빛과 수필 같은 넉넉한 말들 따듯하게 들려주는 목소리 또 다른 나의 모습을 찾을 수 있는 오직 한사람 그대에게 가는 길목엔 왠지 어린 나의 모습 만날 것 같아 Oh 작은 손을 잡고 나 그대 얘길 해 주고 싶어 Oh Oh 문을열어 네게 들어가 첫발 닫는순간 부터 지금까지 네 곁에있어 창을열어 창에 날아가 날 보고 웃고있는나 너 너 너 바로너지 향에빠져들어 속 깊이녹여 눈을감아 신비를 니 네게 보여줄게 다 너에게줄게 이리가까이와 너에게 담아줄게 그저행복의 작은소망과 멀리 퍼져있는 작은 인연  단순하게 생각해볼 미련 한번만더 내어릴적 모습 보며 꿈이현실이야 그게 꿈인 나는천상꿈속에 나와 같은 세상과 나를 닮은 눈빛과 수필 같은 넉넉한 말들 따뜻하게 들려주는 목소리 또 다른 나의 모습을 찾을 수 있는 오직 한사람 Welcome to my heart inside We gonna get to become one hust holding you forever in my mind 내 귓가를 어지럽힌 목소리 또 다른 나의 모습을 찾을 수 있는 오직 한사람
2001.03.25~03.31,37,3680,너를 위해,임재범,Story Of Two Years,2000.05.16,Ballad,채정은,어쩜 우린 복잡한 인연에  서로 엉켜있는 사람인가봐  나는 매일 네게 갚지도 못할만큼  많은 빚을 지고 있어  연인처럼 때론 남남처럼  계속 살아가도 괜찮은 걸까  그렇게도 많은 잘못과 잦은 이별에도  항상 거기 있는 너  날 세상에서 제대로 살게해 줄  유일한 사람이 너란걸 알아  나 후회없이 살아가기 위해  너를 붙잡아야 할테지만  내 거친 생각과 불안한 눈빛과  그걸 지켜보는 너  그건 아마도 전쟁같은 사랑  난 위험하니까 사랑하니까  너에게서 떠나줄꺼야   날 세상에서 제대로 살게해 줄  유일한 사람이 너란걸 알아  나 후회없이 살아가기 위해  너를 붙잡아야 할테지만  내 거친 생각과 불안한 눈빛과  그걸 지켜보는 너  그건 아마도 전쟁같은 사랑  난 위험하니까 사랑하니까  너에게서 떠나줄꺼야  너를 위해 떠날꺼야
2001.03.25~03.31,38,11238,오늘 하루,LeeTzsche,Endless Lay,2001.02.01,Rock,,"오늘 하루 생각하고 내일은 신의 손에 맡기리 조용히 아주 조용히 미끄러지는 새들의 무언 알 수 없는 것을 생각할 것인가.  알고 있는 것을 소중히 여길 것인가 우리가 정말 이어져 있다면 언젠가 또다시 만나겠지  오늘 하루 생각하고 내일은 신의 손에 맡기리 향기가 되어 사는 법 마음 속의 먼지를 버리며 알 수 없는 것을 생각할 것인가.  알고 있는 것을 소중히 여길 것인가 우리가 정말 이어져 있다면 왜 나는 빈 배에 홀로 있는지  잊어버리는 데 몇 년이 걸리고, 아무는 데 몇 달이 걸리고 사람은 참 연약하구나 기억이 가물거리네  술이나 한 잔 마시자고 달구경이나 나가자고 너와 함께 웃어보자고 밤바람이나 쐬어보자고  오늘 하루 생각하고 내일은 신의 손에 맡기리 조용히 아주 조용히 미끄러지는 달의 무언"
2001.03.25~03.31,39,1576735,다 줄거야 (Acoustic Ver.),조규만,I Will Give You All,2000.01.01,Ballad,조규만,그대 내게 다가오는 그 모습 자꾸 다시 볼수 없을 것만 같아서 감은 두눈 뜨지 못한거야 너를 내게 보내준 걸 감사할뿐야 고마울 뿐야 많이 외로웠던거니 그동안 야워가는 너를 보며 느낄 수 있어 너무 힘이 들땐 실컷 울어 눈물속에 아픈기억 떠나보내게 내품에서 서글픈 우리의 지난 날들을 서로가 조금씩 감싸줘야해 난 네게 너무나도 부족하겠지만 다 줄꺼야 내 남은 모든 사랑을 많이 지쳐있던거야 그동안 자꾸 야워가는  너를 보며 느낄 수 있어 너무 힘이 들땐 실컷 울어 눈물속에 아픈기억 떠나보내게 내품에서 서글픈 우리의 지난 날들을 서로가 조금씩 감싸줘야 해 난 네게 너무나도 부족하지만 다 줄꺼야 내 남은 모든 사랑을 난 네게 너무나도 부족하지만 다 줄거야 내 남은 모든 사랑을
2001.03.25~03.31,40,9957,I Can Wait 4 U,여행스케치,Love Story,2000.09.14,Rock,조병석,가시와 타는 모래 뿐인 아무도 없는 사막 한 가운데 나홀로 서 있는 것 같아 그댈 보내는 지금 기다리지 말라는 말이 그대의 진심이 아닌 걸 알아 나를 위해 그대가 택한 마지막 배려란걸 I can wait 4 u 날 믿어준다면 너에게 하고 싶은 말 오직 I can stay in your heart 하지만 내 맘에 혼잣말로 하는 나도 너의 맘 같아 내가 대신 할 수 있다면 그 길을 난 선택하고 싶지만 이런 생각조차 어쩌면 나만의 사칠거야 그대가 흘리는 땀만큼 내겐 눈물의 시간이 늘겠지 외롭고 낯선 그 날들이 익숙해질때까지 I can wait 4 u 날 믿어준다면 너에게 하고 싶은 말 오직 I can stay in your heart 하지만 내 맘에 혼잣말로 하는 나도 너의 맘 같아  그을린 그대 모습처럼 내 맘도 까만 숯이 돼 가겠지 우리 행복했던 순간이 스쳐지날때면 I can wait 4 u 날 믿어준다면 너에게 하고 싶은 말 오직 I can stay in your heart 하지만 내 맘에 혼잣말로 하는 나도 너의 맘 같아 I can wait 4 u 그 어떤 약속도 너에겐 짐이란걸 알기에 I can stay in your heart 널 다시 만날때 눈물로 접어둔 내 마음 보여줄게
2001.03.25~03.31,41,46181,틈,엄정화,Queen Of Charisma,2000.11.03,Dance,김건우,난 너의 생각처럼 널 위해 기다렸어 너만을 쳐다보며 이렇게 나를 오랫동안 그냥 두지 말아줘 이제 견딜수 없는 나를 좀 봐 변하고 있는 나에게 너는 아무런 느낌이 없었니 별다른 이유가 많이 있었더라도 널 생각만 해봐도 답답해 제발 이제 내게 말해줘 너의 힘없는 얼굴이 내 생각엔 아무런 느낌 없는 너처럼 그저 희미해질 뿐이야 난 이제 더 이상 기다리지 않아 나를 언제나 바라본 넌 이렇게 아무런 감동없는 나처럼 매일 같은 날일 뿐이야 Oh 제발  그렇게 말도없이 나만을 쳐다보며 너무나 힘이 들어 이렇게 우린 오랫도록 지쳐있긴 했지만 언젠가 끝낼수 있는 나였잖아 이제 모든걸 버리고 우리 많은 기억을 생각해봐 너와 나 사이는 아주 가까웠지만 언제부터 이렇게 멀어졌니 제발 이제 내게 말해줘 너의 힘없는 얼굴이 내 생각엔 아무런 느낌 없는 너처럼 그저 희미해질뿐이야 난 이제 더이상 기다리지 않아 나를 언제나 바라본 넌 이렇게 아무런 감동없는 나처럼 매일 같은 날일 뿐이야 Oh 제발 더 이상 기다리지 않아 나를 언제나 바라본 넌 이렇게 아무런 감동없는 나처럼 매일 같은 날일 뿐이야 Oh 제발
2001.03.25~03.31,42,106219,다음 사람에게는,조성모,Let Me Love,2000.09.01,Ballad,강은경,그녀가 떠나버렸다 어디로 간다는 말 한마디 없이 그리고 그녀는 이렇게 눈물로 썼을 편지 한 통만을 남겨놓았다  그러지 마요 다음 사람에게는 이별의 얘긴 그대가 직접 전해요 이렇게 친굴 대신 보내 비참한 눈물 흘리게 하지 마요  그러지 마요 다음사람에게는 그댄 날 함께 있어도 외롭게 했죠 가끔은 내가 아는 그대 정말 맞는지 남보다 멀게 느껴졌죠  그댄 술 취해야만 내가 보고싶다 했죠 나는 그게 싫었던 거죠 내가 한번이라도 생각난적 있었나요 그대가 기쁜 순간에도  다음 사람에게는 아프게 하지 말아요 난 비록 이렇게 떠나가지만 다음 사랑은 행복하기를 빌어요 그래도 사랑한 그대니까요  그녀의 글씨위로 번져 가는 나의 눈물 때문에 그녀의 편지를 더는 읽어 내려갈 수가 없다 하지만 하지만 이 글 마지막 어딘가에라도 그녀가 다시 돌아오겠다는 그 말을 남겨놓았을 것 같아 나는 여기서 편지를 접을 수가 없다  내가 힘들 때마다 그댈 기대고 싶어도 그댄 곁에 없었잖아요 항상 그댄 주위에 아무도 없을 때에만 그제야 날 찾았잖아요  다음 사람에게는 아프게 하지 말아요 난 비록 이렇게 떠나가지만 다음 사랑은 행복하기를 빌어요 그래도 사랑한 그대니까요  돌아와야 해 다시 내게로 이대로 너를 보낼 순 없어 제발 돌아와 줘 다음 사람은 내게는 없어 내 다음 사랑은 다시 너일 테니까
2001.03.25~03.31,43,1698077,기억이란 사랑보다,이문세,Old And New,2002.02.09,Ballad,이영훈,내가 갑자기 가슴이 아픈 건 그대 내 생각하고 계신거죠 흐리던 하늘이 비라도 내리는 날 지나간 시간 거슬러 차라리 오세요 내가 갑자기 눈물이 나는 건 그대 내 생각하고 계신거죠 함박눈 하얗게 온 세상 덮이는 날 멀지 않은 곳이라면 차라리 오세요 이렇게 그대가 들리지 않을 말들을 그대가 들었으면 사랑이란 맘이 이렇게 남는건지 기억이란 사랑보다 더 슬퍼 기억이란 사랑보다 더 슬퍼  내가 갑자기 눈물이 나는 건 그대 내 생각하고 계신거죠 새하얀 눈꽃이 온 세상 날리는 날 멀지 않은 곳이라면 차라리 오세요 이렇게 그대가 들리지 않을 말들을 그대가 들었으면 사랑이란 맘이 이렇게 남는건지 기억이란 사랑보다 더 슬퍼 기억이란 사랑보다 더 슬퍼
2001.03.25~03.31,44,9282,벌,박미경,Parkmikyung 5,2000.12.01,Dance,,Baby now that you gone And out of my life one thing for sure You punish for the rest of your life 떠나 잔인하게 잊어줄게 좀더 살아보면 알겠지만 누군가에게서 잊혀진다는건 참 무서운 벌이거든 아주 그럴듯한 변명들로 너는 빙빙 돌려 말하지만 결국 그 얘긴 헤어지잔 거잖아 두눈 가득 고인 눈물까지 너를 포장하려 하겠지만 그건 모질게 날 떠나겠단 거잖아 마지막까지도 나의 기억속에 넌 좋은 얼굴로 남아 널 원망할 수도 미워할수도 없게 그렇게 만들려 한거잖아 떠나 구차하게 굴지 말고 더는 잡고 싶은 맘도 없어 이별 앞에서도 속이려는 네가 참 불쌍할 뿐인거야 떠나 잔인하게 잊어줄게 좀더 살아보면 알겠지만 누군가에게서 잊혀진다는건 더 비교하지 못할 무서운 벌이 될테니까  마지막까지도 나의 기억속에 넌 좋은 얼굴로 남아 널 원망할 수도 미워할수도 없게 그렇게 만들려 한거잖아 떠나 구차하게 굴지 말고 더는 잡고 싶은 맘도 없어 이별 앞에서도 속이려는 네가 참 불쌍할 뿐인거야 떠나 잔인하게 잊어줄게 좀더 살아보면 알겠지만 누군가에게서 잊혀진다는건 참 무서운 벌이거든 잡고 싶은 맘도 없어 이별 앞에서도 속이려는 네가 참 불쌍할 뿐인거야 떠나 잔인하게 잊어줄게 좀더 살아보면 알겠지만 누군가에세서 잊혀진다는건 더 비교하지 못할 무서운 벌이 될 테니까
2001.03.25~03.31,45,27600,기도,정일영,가을동화 OST,2000.10,"Drama,Ballad",최희진,혹시 나를 떠나려는 그대맘이 힘든 나를 위해서 그런 이유인가요 하루만큼 멀어져도 괜찮아요 그대 어디있어도 사랑인걸 믿어요 그땐 난 미처 몰랐죠 나를 보던 그대 눈빛 작은 그대 어깨조차도 안아줄 수 없던 내가 싫었죠 우 워우워~ 언제까지 슬픈 운명 우릴갈라 놓아도 또다시 그대맘을 울리지는 않을거예요 어떤것도 나의 그댈 대신할수 없기에 이제는 그대보다 소중한건 내게 없단걸 아나요 나를 보며 웃는 그대 그 미소가  내게너무나 벅찬 그런 행복인걸요 더가까이 기대와도 괜찮아요 그대 숨결느끼는 지금 이순간 처럼 그땐 난 미처 몰랐죠 나를 보던 그대 눈빛 작은 그대 어깨조차도 안아줄수 없던 내가 싫었죠 우워우워~~ 언제까지 슬픈운명 우릴 갈라놓아도 또다시 그대맘을 울리지는 않을거예요 어떤것도 나의 그댈 대신할수 없기에 이제는 그대보다 소중한건 내게 없단걸 아나요  언제까지나 여기 있어요 작은 손길 닫는 곳에 그대 사랑이 나를 불렀죠 그대 곁으로~ 언제까지 슬픈운명 우릴 갈라놓아도 또다시 그대맘을 울리지는 않을거예요 어떤것도 나의 그댈 대신할수 없기에 이제는 그대보다 소중한건 내게 없단걸  라라 리리 라~
2001.03.25~03.31,46,38504,거짓말처럼,김현정,Kim Hyun Jung 3,2000.05.22,Ballad,윤사라,거짓말처럼 너를 사랑하게 됐어  I can't live 너 없인 하루도  so I won't leave Forever  이렇게 매일 함께 있는게  난 너무나 감사할 뿐  생각처럼 잘해 주지는 못했지만 워 거짓말처럼 너를 사랑하게 됐어  한 번도 이런적 없던  내 마음의 떨림처럼 너도  그랬으면 좋겠어  I can't live 너 없인 하루도  so I won't leave Forever  너의 눈빛을 너의 손길을  늘 가까이 느끼는게  어떤말도 부족 하도록 고마운 걸 우 거짓말처럼 너를 사랑하게 됐어  한번도 이런적 없던 내마음의 떨림처럼 너도 그랬으면 좋겠어  I can't live 너 없인 하루도  so I won't leave Forever  하지만 가끔씩은 두려워  너무 벅찬 이 기쁨이  눈뜨고 나면 짧은 꿈처럼 사라질까봐  어린 아이처럼 네게 기대고만 싶어  무슨 일 있어도 처음 약속처럼  영원토록 나와 함께 해달라고  거짓말처럼 내가 달라지게 됐어  세상에 태어나 처음 눈뜬듯한 이런 기분  너도 느꼈으면 좋겠어  I believe in you and your the love  so I will give my everything to you  And just believe in your love  I need you baby I can't live 너 없인 하루도 이젠  so I won't leave Forever  네 곁을 떠나지 않아  and just believe in your  love and I love you
2001.03.25~03.31,47,445159,그대가 그대를,이승환,His Ballad Ⅱ,2003.03.12,Ballad,"이승환,이지은",참 많이 모질었었죠 나 당신께  나같지 않은 말땜에 놀랬겠죠  편할날이 없었죠 틀렸던 걸까봐  말없이 놓아준 그대가  정말로 내사랑 같아서  왜 그랬나요 울거면서  잘 가라는 듯 왜  그게 되나요 못보는게 그대가  그대를 음  참많이 오래 견디죠 나 당신을  조금만 멀리 보여도 보고싶죠  갚을게 많아서 못준게 많아서 혹시 날 못있고 산다면  꼭 한번 만나고 싶어서  잘지내나요 혼잔가요  나아닌 누군가와 사랑하나요 우릴 지운  그대가 나아닌 그대를  우리가 사랑했던게 간직 할 만한  슬픔이었음 해요 왜 그랬나요 울거면서  잘 가라는 듯 왜 그게 되나요 못보는게  그대가 그대를 음 우리 오래 오래 살아요  꼭 한번이라도 보게 못한 얘기들도 하구요  맛나는 것도 먹어요 우리 정말로 오래오래  살아요 천년만년  어쩌면 인연이 다하여  뜻하지 않은 어느 곳  그리 우리 다시 만나면  이제 편히 쉬게요
2001.03.25~03.31,48,11172,흐린 가을 하늘에 편지를 써,엄태환,다시 꽃씨되어(김광석 Anthology),2000.11.17,Folk,김창기,비가 내리면 음 나를 둘러싸는 시간의 숨결이 떨쳐질까 비가 내리면 음 내가 간직하는 서글픈 상념이 잊혀질까 난 책을 접어놓으며 창문을 열어 흐린 가을 하늘에 편지를 써 잊혀져 간 꿈들을 다시 만나고파 흐린 가을 하늘에 편지를 써 잊혀져 간 꿈들을 다시 만나고파 흐린 가을 하늘에 편지를 써  바람이 불면 음 나를 유혹하는 안일한 만족이 떨쳐질까 바람이 불면 음 내가 알고 있는 허위의 길들이 잊혀질까 난 책을 접어놓으며 창문을 열어 흐린 가을 하늘에 편지를 써 잊혀져 간 꿈들을 다시 만나고파 흐린 가을 하늘에 편지를 써 난 책을 접어 놓으며 창문을 열어 흐린 가을 하늘에 편지를 써 잊혀져 간 꿈들을 다시 만나고파 흐린 가을 하늘에 편지를 써 잊혀져 간 꿈들을 다시 만나고파 흐린 가을 하늘에 편지를 써 잊혀져 간 꿈들을 다시 만나고파 흐린 가을 하늘에 편지를 써 잊혀져 간 꿈들을 다시 만나고파 흐린 가을 하늘에 편지를 써 잊혀져 간 꿈들을 다시 만나고파 흐린 가을 하늘에 편지를 써
2001.03.25~03.31,50,88773,눈물없는 이별,박완규,엽기발랄(獵奇潑剌),2000.09.20,Rock,이승호,숨기려 했어 처음엔 그랬어 어떻게 말해야 할지 몰라서 가길 바랬어 너 먼저 가기를 맘에도 없었던 모진 말들로 하지만 여전히 내 곁에 있는 넌 나보다 더 깊은 사랑이었어 내가 좋아한 그 미소로 제발 내 말 들어줘 세상을 나 끝내기 전에 사랑 먼저 끝내려 그랬던거야  부탁해 영원히 너를 떠나가는 그길에 눈물없는 이별 되도록  마지막 내 눈에 담겨진 네 모습 먼길에 외롭진 않을 것 같아 세상을 나 끝내기 전에 사랑 먼저 끝내려 그랬던거야 부탁해 영원히 너를 떠나가는 그길에 눈물없는 이별 되도록 약속해 내가 없는 세상을 눈물로만 살지는 않을 거라고 모자란 사랑만 깊이 기억하고 떠날게 다시 꼭 널 만날 테니까 사랑해 너를 영원히
