time,rank,song_id,title,singers,album,date,genre,creator,lyric
2003.04.27~05.03,1,420522,Break Away,빅마마,Like The Bible,2003.02.06,R&B / Soul,박경진,이젠 날 떠나가줘 이젠 날   다 잊어줘   나를 버리고 살아가줘   가져간 내 사랑을 내게 돌려줘  차라리 떠났다면 차라리   죽었다면   어쩔 수 없이 참을 텐데   이대론 견디기가 너무 힘들어   단 한번 나를 봐주기를   말을 해주기를 예전처럼   단 한번만   그렇게 너를 기다리고   너를 사랑해 왔는데  Break away No I can't wait   내가 널 보내줄께 편하게   I'll make my way I'll   throw my pain  이제 나 너 없이도 살 수 있게   널 떠나 맘 편하게 널 떠나   행복하게   이제 내 안에 너를 버려   널 위해 힘들었던 지난 날은   지웠어   우연히 나를 보더라도 나를   지나쳐줘   너를 잊은 나를 위해 날 위해  혹시 너 말을 걸어와도 나는  모른체 할 테니  Break away Break away  No I can't wait No  I can't wait  내가 널 보내줄게 편하게  I'll make my way I'll make  my way  I'll throw my pain I'll throw  my pain  이제 나 너 없이도 살 수 있게  갑자기 니가 또 생각나  널 떠난 거란걸 잊고서  내가 널 찾아도 넌 모르는 척  누굴 찾아왔냐고 또 다시 날  돌아서줘  I'll make my way I'll throw  my pain  다신 널 바라보고 살순 없어  break away No I can't wait  이젠 날 다 버리고 떠나줘  I'll make my way I'll throw  my pain 처음부터 넌 없었던 사람처럼  break away
2003.04.27~05.03,2,429656,그랬나봐,김형중,Kim Hyung Joong 1,2003.02.14,Ballad,유희열,많은 친구 모인 방 그속에서  늘 있던자리에 니가 가끔보이지 않을때  내가 좋아했던 너의 향길 맡으면  혹시 니가 아닐까 고개 돌려 널 찾을때  우연히 너의 동넬 지나갈때면  어느새 니 얼굴 자꾸 떠오를때  그랬나봐 나 널 좋아하나봐  하루하루 니생각만 나는걸  널 보고싶다고 잘할수 있다고  용기내 전활걸고 싶었는데  그게 잘안돼 바보처럼   우연히 너의 메일을 알게되면서  모니터앞에 널 밤새 기다릴때  그랬나봐 나 널 좋아하나봐  하루하루 니생각만 나는걸  널 보고싶다고 잘할수 있다고  용기내 전활걸고 싶었는데 그게 잘안돼  말 하지 못한 막막함을 너는 알고 있을까  오랫동안 기다려온 사람 내앞에 숨쉬고 있는걸  그랬나봐 나 널 좋아하나봐  하루하루 니생각만 나는걸  널 보고싶다고 잘할수 있다고  용기내 전활걸고 싶었는데 그게 잘안돼  넌 언제나 나를 꿈꾸게 하지  지금보다 더 좋은 남자 되고싶다고  널 만나러 가는 이시간 난 연습해  그토록 오랜시간 가슴속에 숨겨 왔던말  사랑해
2003.04.27~05.03,3,447863,와줘..,세븐,Just Listen.......,2003.03.08,Ballad,박경진,참 많이 미웠어 너의 모든 게  오래 된 사진 속에 날 보고 웃고 선  고운 네 표정들까지  자고 나면 내게로 돌아올 거라고  지겹게 너를 잊지 못하는 내가 더 미웠어  이젠 다 잊을 거란 지킬 수도 없는 약속 하고  너를 보낸 기억에 자꾸 난 지쳐만 가는데 baby 돌아와줘 멀지 않다면 아직 나를 사랑 한다면  아직까지 난 그 자리에 널 기다리고 있어 yeh 이미 다른 사랑 한다면 벌써 나를 다 잊었다면  조금만 더 기다릴게 더 미워할 수 있도록 yeh  참 오래 지났지 네가 떠난 지  사랑한 기억은 다  첨 부터 없었던 일 처럼 모두 잊었어  그런데 왜 이렇게 눈물이 나는지  너를 만나던 거릴 걸으며  또 힘이든 건지 이젠 다 잊었다고  웃을 수도 있다 말도 하고  너의 기억 하나도 없다고 믿고 지냈는데 baby 돌아와줘 멀지 않다면 아직 나를 사랑 한다면  아직까지 난 그 자리에 널 기다리고 있어 yeh 이미 다른 사랑 한다면 벌써 나를 다 잊었다면  조금만 더 기다릴게 더 미워할 수 있도록 yeh 너는 없는데 벌써 떠났는데 너를 잊지 못하고  네가 꼭 돌아올 거라고  내게로 믿고 있는 걸 모르고서  널 다잊었다 믿었나 봐  난 아직 끝까지 널 미워 못하고  그리워만 하나 봐  행복하게 살지 말아줘 나를 떠나 더 힘들어줘  다시 내게 오고 싶도록 baby 언제라도 내가 생각나 혹시 내게로 돌아올까 봐  언제나 난 여전히 이곳에 널 기다리고 있어
2003.04.27~05.03,4,430909,청첩장,김건모,Hestory,2003.02.27,Ballad,최준영,아름다운 그녀 모습 차마 잊기도 전에 비오는 날 전해받은 아주 작은 편지 하나 미안해요 나 결혼해요 부디 행복하세요  청첩장에 적힌 날은 바로 비 내리는 오늘 달려가 소리쳐볼까 이 결혼은 안 된다고  우리 얼마나 깊이 사랑했는지 알 수 있게 빗속을 뛰어 갔지만 이미 도착했을 땐  너무나 아름다운 그녀의 얼굴이  나를 만나 사랑할 땐 한번도 본 적 없던  그 행복한 그 미소들이 나를 초라하게 했어 나보다 잘나 보이는 그 남잘 바라보면서  내가 얼마나 많이 부족했는지 알게 됐어 그녀를 사랑해줘요 행복하게 해줘요  내 생각 나지않게 더 사랑해줘요 내가 너무 속을 많이 썩여 남잘 믿지 못해요 꼭 하루 한번씩 사랑을 확인해줘요 나 여기 있으면 안돼 나 그냥 돌아가야해  나 때문에 그녀가 곤란해지면 어떡해 그녀를 사랑해줘요 행복하게 해줘요  내 생각 나지 않게 더 사랑해줘요 그대 이젠 안녕
2003.04.27~05.03,5,445151,꽃,이승환,His Ballad Ⅱ,2003.03.12,Ballad,이규호(Kyo),내 오랜 낡은 수첩 빛 바래진 종이 위에 분홍 글씨 그대 이름 내게 남아선 안 되는 그 뒷모습 따라가 보는 엄마 잃은 아이처럼 그대 손을 놓쳐 버린 그 거리를 나 기억 못하네 많은 시간이 흘러서 우리 살아가는 작은 세상 몇 바퀴를 돌아  그대가 내 삶의 시작이었다는 뒤늦은 고백도 갈곳이 없네  어쩌면 어김없이 지나는 가을 그 긴 옷자락 가려지는 슬픈 얼굴 서로 서로 비밀이 되가네 혹시 시간이 지쳐서 우리 살아가는 동안 다시 만날 수 있다면  그대가 내 삶의 끝이 돼 주기를 바라는 내 사랑 보여주겠네  먼 옛날 눈물로 지새던 밤 그대 기억도 못할 약속 가슴에 남아 혹시 시간이 흘러도 우리 살아 있는 동안 다신 볼 수 없다 해도  그대의 태양이 다 지고 없을 때 말없이 찾아가 꽃이 되겠네 내 사랑 영원히 잠드는 잔디 위에 꽃이 되겠네
2003.04.27~05.03,6,444956,피아노,조성모,가인 (歌人),2003.03.11,Ballad,이경,사랑이 이젠 잊으라네요. 붙잡아도 소용없데요 시간이 지나가면 편해진다고 잊으래요 내 맘 가져놓고.. 살아갈 날은 아직 길다고  자기 땜에 울지 말래요  그렇게 모진모습 처음이기에  가지말란 말도 못하네요 내사랑 지켜만 봐도 안될까요  아파져도 난 그대를 사랑해요  이렇게 나 영원히 삶이 다해도 난 그댈 위해 늘 기도할께요   그대를 미워해도 되겠죠  아픈 만큼 사랑한 만큼 가끔은 불행하라 빌지 몰라요  생각나서 애써 지우려고.. 내사랑 지켜만 봐도 안될까요  아파져도 난 그대를 사랑해요  이렇게 나 영원히 삶이 다해도 나 그댈위해 늘 기도 할거에요  내 사랑 잊기엔 멀리 왔나봐요  안될 것 같아 잊으라 말아요  저 하늘이 정해준 사람을 따라 그대는 떠나가지만 바라볼래요 세상앞에 남보다도 더 못한 사람으로 남아도  누구보다 더 그댈 사랑해요
2003.04.27~05.03,7,439947,Desperado,포지션,On The Road-New & Best,2003.03.22,Ballad,강은경,몰랐었어 거짓말처럼 이별이 기다릴줄  그렇게도 사랑한 우리앞에  말했었지 너와 나 사이 샘이난 하늘이  우릴향해 장난한 거라고  조금만 덜 사랑할 걸 그랬었나봐  나없는 동안 더 쉽게 견딜수 있게  나 니곁에 없더라도 잠시 혼자가 되더라도  기다려 주겠니 언젠가 다시 돌아올때까지 오 조금은 늦더라도 끝내 나 오지 않더라도  그렇게 믿어줘 저 하늘에게 부탁하러 갔다고  Desperado   물었었지 만약에 다시 만날수 없다면  또 누군갈 사랑할거냐고  너와 나 한걸음만큼 엇갈린다면  그 한걸음 내가 갈게 가면 되잖아  나 니곁에 없더라도 잠시 혼자가 되더라도  기다려 주겠니 언젠가 다시 돌아올때까지 오  조금은 늦더라도 끝내 나 오지 않더라도  그렇게 믿어줘 저 하늘에게 부탁하러 갔다고  워 얼마나 원하는지 그렇게라도 알려주면  다시 만날거야 내 슬픈 사랑에 하늘도 우는 날  우린 Desperado
2003.04.27~05.03,8,1726654,The Secret Garden,이상은,Out Of Space,2007.08.31,Ballad,이상은,"All I wanna know Where's the secret garden Inside of you And where's the zoo Then you will know I'm not different from you I'll say the names of trees with fruits  bring the sleeping monsters, too If you hide your nails of violence I will leave you with ignorance When I'm tired of your zoo Don't say that I don't trust you Sometimes you didn't notice that I can choose You're not the universe as I am It's like a small town Worse than a jail sometime. You're not the universe as I am Don't terrify me never waste your time La la la la la la la la La la la la la la la la La la la la la la la la La la la la la la La la la la la  All I wanna know is Why you're treating yourself As an eagle with hunger Where's the clue Then you will know You just another victim Hope that I know how to pray For your painful monsters You know If you cut your nails of violence  No one say That you are not innocence When you are tired of being good There so many other joys Will come to you Sometimes You didn't notice the changes You're not the universe as I am Its' like a small town Worse than a jail sometime You're not the universe as I know Don't terrify me never waste your time I know you have your own secret garden Is it just like mine or better than where I've been You're not the universe as I am Don't terrify me never waste your time"
2003.04.27~05.03,9,444798,Mr. A-Jo,애즈원,Never Too Far,2003.03.14,R&B / Soul,윤사라,지금 네 모습 말야 정말  말도 아니야 누가 화나게 한 거니 그녀도  너를 버렸니 어떤 얘기를 들어도 아무런  도움이 안되고 대답하기 조차 싫을 땐  그에게 찾아가 그러면 바다 위를 걸어  널 자유롭게 하늘을 날아서 다른 시간 속에 누구나 너를 사랑해 줄 곳으로 널 데리고 가 줄거야 하루종일 헤매도 남은  것이 없었니 술을 그렇게 마셔도 해결이  잘 안 나는군 언젠간 너의 현실이 나아질  거라고 믿어도 기다리기 조차 힘들 땐  그에게 찾아가 그러면 어둠을 녹이는  밝은 빛으로 영혼을 감싸고 널 위로하지 누구도 널 버리지 않는 곳에서 넌 외롭지 않을 거야 when you're feeling alone when you're felling afraid when you're feeling like  there's nowhere to go 널 데리고 가 줄거야 when you're feeling alone when you're felling afraid when you're feeling like  there's nowhere to go mra jo will take you to be  a place where everything will make  you feel high 언젠간 너의 현실이 나아질  거라고 믿어도 기다리기 조차 힘들 땐  그에게 찾아가 그러면 어둠을 녹이는  밝은 빛으로 영혼을 감싸고 널 위로하지 누구도 널 버리지 않는 곳에서 넌 외롭지 않을 거야 so you wanna know mra jo you should already know 그러면 바다 위를 걸어 널  자유롭게 하늘을 날아서 다른 시간 속에 누구나 너를 사랑해 줄 곳으로 널 데리고 가 줄거야 넌 외롭지 않을거야 when you're feeling alone when you're felling afraid when you're feeling like  there's nowhere to go mra jo will take you to be  a place where everything will make  you feel high
2003.04.27~05.03,10,439346,친구 붕우 (朋友),안재욱,Reds In Anjaewook 4,2003.03.17,Ballad,LIUSIMING,괜스레 힘든 날 턱없이 전화해  말없이 울어도 오래 들어주던 너  늘 곁에 있으니 모르고 지냈어  고맙고 미안한 마음들  사랑이 날 떠날때 내 어깰 두드리며  보낼 줄 알아야 시작도 안다고  얘기하지 않아도 가끔 서운케 해도  못믿을 이 세상 너와 난 믿잖니   겁없이 달래고 철없이 좋았던  그 시절 그래도 함께여서 좋았어  시간은 흐르고 모든게 변해도  그대로 있어준 친구여  세상에 꺾일때면 술 한잔 기울이며  이제 곧 우리의 날들이 온다고  너와 마주 앉아서 두 손을 맞잡으면  두려운 세상도 내 발 아래 있잖니  세상에 꺽일때면 술 한잔 기울이며  이제 곧 우리의 날들이 온다고  너와 마주 앉아서 두 손을 맞잡으면  두려운 세상도 내 발 아래 있잖니  눈빛만 보아도 널 알아  어느 곳에 있어도 다른 삶을 살아도  언제나 나에게 위로가 되준 너  늘 푸른 나무처럼 항상 변하지 않을  너 얻은 이 세상 그걸로 충분해  내 삶이 하나 듯 친구도 하나야
2003.04.27~05.03,11,450178,나 어떡해,베이비복스1기,Devotion,2003.04.03,Dance,김창환,이대로 끝났으면 좋겠어  이대로 잊혀지면 좋겠어  지난 밤 꿈처럼 달콤했던 꿈으로  이렇게 울고나면 잊을까  이렇게 미워하면 잊을까  나의 마음속에 그대가 살지 못하게  난 모르겠어 자꾸 눈물만 흘러내리고  난 한순간도 그댈 잊고 살수가 없는데  나 어떡해 그대를 너무 사랑해  이별도 사랑하려고  웃으며 행복하길 바란다며 그댈 보내줬는데  아직 내 사랑이 좀 부족한가봐  눈물 섞인 내 마음에  그대가 불행해져 다시 나를 찾길 바라고있어  나 나 어떡해  자꾸만 눈물이 흐르고  나 나 어떡해  가슴이 아파 난 너무나   오늘이 없었으면 좋겠어  내일이 안 왔으면 좋겠어  그대 생각하며 어제처럼 잠들게  오늘이 가는 게 난 두려워  내일이 오는 게 난 두려워  나의 그리움은 눈물로 잠들 테니까  난 모르겠어 자꾸 눈물만 흘러내리고  난 한순간도 그댈 잊고 살수가 없는데  나 어떡해 그대를 너무 사랑해  이별도 사랑하려고  웃으며 행복하길 바란다며 그댈 보내줬는데  아직 내 사랑이 좀 부족한가봐  눈물 섞인 내 마음에  그대가 불행해져 다시 나를 찾길 바라고있어  나 나 어떡해  자꾸만 눈물이 흐르고  나 나 어떡해  가슴이 아파 난 너무나
2003.04.27~05.03,12,451816,개미와 베짱이,유리상자,1997;2003 유리상자 베스트 앨범,2003.04.14,Ballad,이세준,알아요 그댄 내손에 잡아두기엔 너무 벅찬 사랑인 걸 저 하늘 높이 날고픈 그대기에 그저 나는 맘속에만 두죠 처음 내 이름을 부르던 그대의 그 지친 표정이 미소 아니라 해도 사랑 아니라 해도 나는 너무 행복했죠 그대가 내곁에 머물고 가니 사랑 아니란 게 슬프긴 해도 잠시 내가 필요했었던 그걸로 충분한거죠 알아요 그댄 다시 떠나야 하는 걸 내곁은 끝이 아님을 이렇게 바삐 서둘러 떠나는 건 아마 나를 위함도 있겠죠 야윈 날갤 접고 내게로 찾아온 그 지친 표정도 미소아니라 해도 사랑 아니라 해도 나는 너무 고마웠죠 그대가 내곁에 머문 동안이 사랑 아니란 게 슬프긴 해도 잠시 그대 내가 필요했던 그걸로 충분한 거죠 파란 목소리로 그대 부르던 노래들 그댄 그때가 제일 아름다워요 내가 아무리 노력해도 줄 수 없는  그 행복이겠죠 그래도 된다면 나의 그대여 마지막 한가지만 더 부탁할께요 언제라도 돌아갈 수 있는 내가 있단 걸 아세요
2003.04.27~05.03,13,451066,어떤 사람 A,윤상,There Is A Man...,2003.04.15,Ballad,박창학,꿈에서 깨어나기 전에 다 끝나기 전에 그 이름을 불러야 할 텐데 내가 지금 여기 서 있다고 이젠 연극이 끝나고 조명이 꺼지면 관객들에 박수 갈채 속에서 어느새 난 까맣게 잊혀질 텐데 널 위한 무대 위에서 난 언제나 그냥 지나가는 사람 이름도 없이 대사도 없이 화려한 불빛 아래 서있는 너에 곁을 잠시 지나가는 사람 운명이 네게 정해 준 배역 어떤 사람  먼저 무대를 내려와 화장을 지우고 숨 죽인 채 널 바라보고 있는 많은 사람들 속에 나도 서있지 널 위한 무대 위에서 난 언제나 그냥 지나가는 사람 이름도 없이 대사도 없이 화려한 불빛 아래 서있는 너에 곁을 잠시 지나가는 사람 운명이 내게 정해준 배역 어떤 사람
2003.04.27~05.03,14,1765866,처음 그 날처럼,박용하,올인 OST,2003.01.31,"Drama,Ballad",김형석,처음 그 날처럼  가야한다고 어쩔 수 없다고 너의 손 잡은 채 나는 울고만 있었지 언젠가는 꼭 돌아올 거라고 그땐 우리 서로 웃을 수 있을거라고 긴 기다림은 내게 사랑을 주지만 너에겐 아픔만 남긴 거 같아 이런 날 용서해 바보같은 날 언젠가 널 다시 만날 그날이 오면 너를 내 품에 안고 말할거야 너만이 내가 살아온 이유였다고 너 없인 나도 없다고 언젠가 힘든 이 길이 끝이나는 날 그대 곁에서 내가 눈 감는 날 기억해 나의 사랑은 니가 마지막이었단 걸 처음 그 날처럼 눈을 감으면 잊혀져 버릴까 슬픈 밤에도 쉽게 잠들 수 없었지 꿈에서라도 널 보게 된다면 눈물 흐를까봐 눈을 뜰 수가 없었어 긴 기다림은 내게 사랑을 주지만 너에겐 아픔만 남긴 거 같아 이런 날 용서해 바보같은 날 언젠가 널 다시 만날 그날이 오면 너를 내 품에 안고 말할거야 너만이 내가 살아온 이유였다고 너 없인 나도 없다고 언젠가 힘든 이 길이 끝이나는 날 그대 곁에서 내가 눈 감는 날 기억해 나의 사랑은 니가 마지막이었단 걸 처음 그 날처럼
2003.04.27~05.03,15,418253,보고 싶다,김범수,보고 싶다,2002.12.11,Ballad,윤사라,아무리 기다려도 난 못가  바보처럼 울고 있는 너에 곁에  상처만 주는 나를 왜 모르고  기다리니 떠나가란 말야  보고싶다~~보고 싶다~~  이런 내가 미워질만큼~~  울고 싶다~~ 네게 무릎 꿇고  모두 없던일이 될수 있다면  미칠듯 사랑했던 기억이  추억들이 너를 찾고 있지만  더 이상 사랑이란 변명에  너를 가둘수 없어  이러면 안되지만..  죽을만큼 보고 싶다.    보고싶다~~ 보고 싶다~~  이런 내가 미워질만큼~~  믿고 싶다 옳은 길이라고  너를 위해 떠나야만 한다고  미칠듯 사랑했던 기억이  추억들이 너를 찾고 있지만  더 이상 사랑이란 변명에  너를 가둘수 없어  이러면 안되지만  죽을만큼 보고 싶다.    죽을 만큼 믿고 싶다~~~~
2003.04.27~05.03,16,447642,내 삶의 반,한경일,Travel ∞ Directions (Bonus Track),2003.02.19,Ballad,강은경,이젠 떠나는 그대여 나처럼 웃어줘
2003.04.27~05.03,17,420424,고백,델리스파이스,Espresso,2003.01.24,Rock,김민규,중2때까지 늘 첫째 줄에  겨우 160 이 됐을 무렵  쓸만한 녀석들은 모두 다  이미 첫사랑 진행 중  정말 듣고 싶었던 말이야  물론 2년전 일이지만  기뻐야하는 게 당연한데  내 기분은 그게 아냐  하지만 미안해 이 넓은  가슴에 묻혀  다른 누구를 생각했었어  미안해 너의 손을 잡고  걸을 때에도  떠올렸었어 그 사람을  널 좋아하면 좋아할수록  상처 입은 날들이 더 많아  모두가 즐거운 한 때에도  나는 늘 그곳에 없어  정말 미안한 일을 한걸까  나쁘진 않았었지만  친구인 채 였다면 오히려  즐거웠을 것만 같아  하지만 미안해 네 넓은  가슴에 묻혀  다른 누구를 생각했었어  미안해 너의 손을 잡고  걸을 때에도  떠올랐었어 그 사람이 정말 듣고 싶었던 말이야  물론 2년전 일이지만  기뻐야하는 게 당연한데  내 기분은 그게 아냐  하지만 미안해 네 넓은  가슴에 묻혀  다른 누구를 생각했었어  미안해 너의 손을 잡고  걸을 때에도  떠올렸었어 그 사람을  하지만 미안해 네 넓은  가슴에 묻혀  다른 누구를 생각했었어  미안해 너의 손을 잡고  걸을 때에도  떠올랐었어 그 사람이
2003.04.27~05.03,18,317027,라라라,이수영,My Stay In Sendai,2002.09.11,Ballad,,어느새 잊었나봐요 그대가 떠났다는 걸 내가 이래요 철없는 바보야 아직도 전화가 오면 그대일거란 생각에 내 목소릴 먼저 가다듬고는 하죠 습관이란 무섭죠 생각처럼 안되요 이별보다 사랑에 더 익숙하니까 잊어 볼게요 안되도 해볼게요 사랑도 추억도 없었던 것처럼 라라라라라라라라라라랄라 라랄라랄라라라랄라 쇼핑을 하며 무심코 그대 몫까지 사다가 다시 말없이 내려논 바보야 좋은 영화가 나오면 꼭 같이 보러가야지 나도 몰래 또 그런 생각해요 그댄 그랬던적 없었나요 한 번 이라도 헤어진 그 날로 끝인건가요 변해볼게요 그대가 그랬듯이 이제는 또 다른 사랑도 할게요 시간이 흘러 그렇게 살다보면 누구든 내겐 또 익숙해지겠죠 잊어볼게요 안되도 해볼게요 사랑도 추억도 없었던 것처럼 라라라라라라라라라라랄라 라랄라랄라라라랄라  그대도 날 잊고 나도 변해볼게요 그대가 그랬듯이 이제는 또 다른 사랑을 할게요 시간이 흘러 그렇게 살다보면 누구든 내겐 또 익숙해지겠죠 잊어 볼게요 안되도 해볼게요 사랑도 추억도 없었던 것처럼 라라라라라라라라라라랄라 라랄라랄라라라랄라
2003.04.27~05.03,19,430341,그댄 행복에 살텐데,리즈,Obsession,2002.09.11,Ballad,양재선,혼자인 시간이 싫어  시계를 되돌려 봤죠  앞으로 앞으로  그대를 만나게  그러다 또 하루만 갔죠  다시 돌아와 줄거라고  나보다 아파할 거라고  내맘이 내맘을  눈물이 눈물을  다독이며 보내 온 거죠  넌 나를 버렸다는  미안함도 잊고  그댄 행복에 살텐데  왜 또 생각하니  왜 또 전화기를 보니  왜 그 사진은 다시 꺼냈니  왜 또 멍해졌니 닮은  뒷모습을 봤니  왜 나를 버린 사람  잊지 못 하니  그대 스쳐갔던 흔적이  그대 할퀴고간 상처가  너무나 많아서  자꾸만 아파서  눈물도 알아서 흐르죠  넌 나를 버렸다는  미안함도 잊고  그댄 행복에 살텐데  왜 또 생각하니  왜 또 전화기를 보니  왜 그 사진은 다시 꺼냈니  왜 또 멍해졌니 닮은  뒷모습을 봤니  왜 나를 버린 사람  잊지 못 하니  사랑 같은건  영원 같은건  내겐 없자나 우  왜 또 생각하니  왜 또 전화기를 보니  왜 그 사진은 다시 꺼냈니  왜 또 멍해졌니 닮은  뒷모습을 봤니  왜 나를 버린 사람  잊지 못 하니
2003.04.27~05.03,20,441007,남자기 때문에,드렁큰타이거,뿌리,2003.02.01,Rap / Hip-hop,타이거JK,눈물은 태어나 세 번 꼴찌라도 누구에건 자존심은 내걸고 난 어떤 상황에도 몇 번 뒷걸음질 못하고 맞았던 고집불통 내게 쌍코피는  보통 몸과 마음속 고통 시원한 냉수로 깨끗이 씻어내 빨랫 비누로 머리를 감아도 개운해 배운 게 이것 뿐이지만 해내야 돼 내 아내 그녀의 고운 손가락 영원하게 사포보다도 거칠어진 내 주먹에  쥐가 나도 피가 나도  천으로 돌돌 말아 아파하지 않고 용감의 탈로 가려 내 두려움 부드러움과 부러움을 숨긴 채  난 남자기 때문에 절대 흔들릴 수 없는 나의 맘의 한복판에 박힌 장대위에 달린 벌집 속에 벌떼 가끔 따갑게 쏴대며 날 아프게 하지만 오징어에 고추장에 소주 열한잔반 쓰라린 나의 가슴속을 싹 쓸어내리며 얼큰한 김칫국에 고된 하루를 달래주며 고개를 숙여 또 참고 그날을 기다리며 널 납작하게 만들 날만 혼자 벼르고 있어 눈싸움도 지기 싫어 내 두 눈 부릅뜨고 거울 속에 나란 놈과 또 한 번 붙어보고 하늘을 향해 턱을 올려 눈물을 삼켜버려 난 남자기 때문에 또 태산을 어깨위로 절대로 울지 않아 난 남자기 때문에 절대로 울지 않아 난 남자기 때문에 너 대신 내가 맞어 난 남자기 때문에 너 대신 내가 맞서 난 남자기 때문에 흑기사여 One Shots! One Shots! 여자에 약한 나 여자에 약한 나 알집을 두개 찬 난 미련한 나란 남자기 때문에 남자기 때문에 친구 따라 강남 갔다 배신만 당한 나 또 만나 술 사주고 그냥 웃고 말아 버린 아픔의 기억들 다 건배로 깨진 잔과 함께 깨끗이 지워지고 깨끗이 지워지고 힘든 널 일으켜 내 등에 짊어지고 울컹거리는 내 가슴을 억눌리고 소리를 질러 밤거리로 발길을 질러 말처럼 달려 Gitty up and away 그들의 채찍질에 난 또 헉헉거리며 뛰네 소리가 죽고 숑고를 묻고도  사랑은 눈물을 쏟아도 미련이 난 또 그러려니 아랑곳 하지 않고 태산도 짊어지고 난 또 남자기 때문에 yo yo yo yo 그냥 부닥쳐 형제와 부모를 위해 내 심장을 아낌없이 바칠 수 있지 나의 마음 바뀜없이 친구와 가족이란 내가 사는 이유 아직 가진 거란 186키가 전부 힘든 하루가 시작되며 내 정신의 권투 아무리 쓰러져도 오뚝이 나 끝까지 버티지 끈질긴 끈기와 내투지 누구는 어리석다  하지만 인생은 Boxing ring  그 종이 땡땡거릴 때까지 흰 수건을 뒤로 던져도 두발로 다시 섰지 날 떨게 만드는 상대에게는 속마음을 숨겨 이를 깨물고 One Two툭툭 주먹을 던져 yo 남자기 때문에 난 남자기 때문에 절대로 울지 않아 난 남자기 때문에 절대로 울지 않아 난 남자기 때문에 너 대신 내가 맞어 난 남자기 때문에 너 대신 내가 맞서 난 남자기 때문에 흑기사여 One Shots! One Shots! 여자에 약한 나 여자에 약한 나 알집을 두개 찬 난 미련한 나란 남자기 때문에 남자기 때문에 절대로 울지 않아 난 남자기 때문에 절대로 울지 않아 난 남자기 때문에 너 대신 내가 맞어 난 남자기 때문에 너 대신 내가 맞서 난 남자기 때문에 흑기사여 One Shots! One Shots! 여자에 약한 나 여자에 약한 나 알집을 두개 찬 난 미련한 나란 남자기 때문에 남자기 때문에
2003.04.27~05.03,21,418989,Stay,이현우,Da Painkiller,2003.01.17,Rock,이현우,가지 말아요 나를 이렇게 내버려 두고 다시 한 번 생각해줘요 가지 말아요 이렇게 내가 애원해도 안 되는 건가요 어떻게 내게 그럴 수 있나 안 되요. 그건 안 되요.   I'm still believe you're the only one 그대가 아니면 나는 안 되요 oh no~ no~ please stay with me until the end of time 이러지 말아요 가지 말아요   가지 말아요 제발 왜 이러는 지 말해요 내가 무얼 잘못했다면 고쳐볼께요 나는 알아요 그대 그런 사람 아니에요 I know~ 그냥 한 번 장난쳤다고 말해요 내게 말해요 I'm still believe you're the only one 그대가 아니면 나는 안 되요 oh no~ please stay with me until the end of time 이러지 말아요 가지 말아요 예이 예~   I'm still believe you're the only one 그대가 아니면 나는 안 되요
2003.04.27~05.03,22,443515,봉우리,전인권,Destiny,2003.03.10,Rock,김민기,사람들은 손을 들어 가리키지 높고 뾰족한 봉우리만을 골라서 내가 전에 올라가 보았던 작은 봉우리 얘기 해줄까 봉우리 지금은 그냥 아주 작은 동산일 뿐이지만 그래도 그때 난 그 보다 더 큰 다른 산이 있다고는 생각지 않았어 나한텐 그게 전부였거든  혼자였지 난 내가 아는 제일 높은 봉우리를 향해 오르고 있었던 거야 너무 높이 올라온 것일까 너무 멀리 떠나온 것일까 얼마 남진 않았는데 잊어버려 일단 무조건 올라보는거야 봉우리에 올라서서 손을 흔드는거야 고함도 치면서 지금 힘든 것은 아무것도 아니야 저 위 제일 높은 봉우리에서 늘어지게 한 숨 잘텐데 뭐  허나 내가 오른 곳은 그저 고갯 마루였을 뿐 길은 다시 다른 봉우리로 거기 부러진 나무 등걸에 걸터 앉아서 나는 봤지 낮은데로만 흘러 고인 바다 작은 배들이 연기 뿜으며 가고  이봐 고갯 마루에 먼저 오르더라도 뒤돌아서서 고함치거나 손을 흔들어댈 필요는 없어 난 바람에 나부끼는 자네의 옷자락을 이 아래에서도 똑똑히 알아볼 수 있을테니까 말이야  또 그렇다고 괜히 허전해하면서 주저 앉아 땀이나 닦고 그러지는 마 땀이야 지나가는 바람이 식혀주겠지 뭐 혹시라도 어쩌다가 아픔 같은것이 저며올 때는 그럴 땐 바다를 생각해 바다 봉우리란 그저 넘어가는 고갯 마루일 뿐이라구 하여 친구여 우리가 오를 봉우리는 바로 지금 여긴지도 몰라 우리 땀 흘리며 걷는 여기 숲 속에 좁게 난 길 높은 곳에 봉우리는 없는지도 몰라 그래 친구여 바로 여긴지도 몰라 우리가 오른 봉우리는 우 우우 아아 아
2003.04.27~05.03,23,417893,Hit Song,엔알지(NRG),Hit Song,2003.02.07,Dance,천명훈,Get down with the dancing Let's get it on follow me I want you come on baby so you dancing music to be night Get down with the dancing Let's get it on follow me I want you come on lady than other stop the music to be night 나의 몸이 흔들 너는 비틀 이 길고 긴 밤 남남처럼 비틀비틀 어색한 몸부림 잘못하면 따돌림 발전하지 못한다면 영원한 옥동자 지금 나랑 놀아 보거들랑 거기 보이는 당신은 Oh my Lady 나와 춤을 춘 그대는 Happy Lady 내 열정을 뿌려주는 Perfume Baby 없었어 난 재미가 네가 없는 밤은 지루했어 네가 내게 말했어 하루하루 흥밀 잃어 버린 네가 망설임 없이 마치 내 가치를 알듯이 내게 다가와 얼른 이리와 눈 감아도 냄새 맡고 바로 뒤로 찾아와 느껴 눈감아 당신 준비됐나  나는 킬리만자로 하이에나 거칠어져 가는 너의 숨소리 눈 부신 조명 불빛 내 맘은 설레가고 그 무엇도 우릴 막을 수는 없어 리듬에 몸을 맡겨 너와 난 하나가 될 테니까 Get down with the dancing Let's get it on follow me I want you come on baby so you dancing music to be night Get down with the dancing Let's get it on follow me I want you come on lady than other stop the music to be night 나 오늘 긴장되네 입술이 바짝 말라오네 기분이 아주 살짝 좋아지네 아 실수 화들짝 따귀를 쫙 별이 빛나는 밤에 굴지의 Power 어디서 힘이 샘솟니 얼굴이 죄송해서 내가 맘에 안드니 남들은 다 하는데 나는 왜 안되니 승리가 코앞인데 포기 할 것 같니 기쁨이 두 배 작업은 네가 선배 술술 잘도 들어간다 모두 건배 눈빛을 잘 주고 받는 것이 관건 엮었다 아싸 야한 밤의 사건 너의 숨결 미끄러져 가는 너의 살결 투철한 개척 정신만이 모두 해결 아니면 뒤집어 힘을 모아서 모두 단결! 단결! 거칠어져 가는 너의 숨소리 눈 부신 조명 불빛 내 맘은 설레가고 그 무엇도 우릴 막을 수는 없어 리듬에 몸을 맡겨 너와 난 하나가 될 테니까 Get down with the dancing Let's get it on follow me I want you come on baby so you dancing music to be night Get down with the dancing Let's get it on follow me I want you come on lady than other stop the music to be night 숨겨왔던 나의 진실 마음의 준비를 해 이젠 모든것이 완벽해 너만 내게 오면돼 너의 모든것을 원해 거칠어져 가는 너의 숨소리 눈 부신 조명 불빛 내 맘은 설레가고 그 무엇도 우릴 막을 수는 없어 리듬에 몸을 맡겨 너와 난 하나가 될 테니까 Get down with the dancing Let's get it on follow me I want you come on baby so you dancing music to be night Get down with the dancing Let's get it on follow me I want you come on lady than other stop the music to be night
2003.04.27~05.03,24,419762,오늘부터...,리치,Dream On the Hill,2003.02.04,Ballad,심현보,그대로 하고싶은데 너의 얘기대로  사실 나 자신이없어  너없이 행복 하란말 아프지 말란말  힘없이 끄덕였지만 긴 한숨속에 눈물로 얘기하는 니모습  보기힘들어 그냥 웃으며 잘 지내라 했지만    (니 이름이 니 얼굴이 내 안에 살아있는데) 보지않고 만질수 없다고 없던게되니  (내 사랑이 내 마음이) 너를 향해 있는데  이 세상에 오직 하나 너만이 나를 살게하는데    사랑이 쉽지 않았듯 이별도 그렇지  잊겠다 다짐하지만 너없는 나는  한번도 생각한 적 없는데  항상 곁에서 울고 웃었던 우리둘이였는데   (니 이름이 니 얼굴이 내 안에 살아있는데) 보지않고 만질수 없다고 없던게되니  (내 사랑이 내 마음이) 너를 향해 있는데  이 세상에 오직 하나 너만이 나를 살게하는데    널 사랑했던 날동안 늘 행복한  꿈을꾸며 지냈었잖아 오늘부터 영원토록 너를 그리며 살께 예-   않된다고 (않된다고) 못한다고 (못한다고)  죽고싶은 나지만 그런 나일꺼라  답하는 넌 아플테니까 워-   (하룻밤만 자고나면) 니가 돌아온다고 그렇게 나 생각하며 지낼께 오늘부터 영원히-
2003.04.27~05.03,25,441286,여자가 남자에게 바라는 11가지,박지윤,Twenty One,2003.02.27,Dance,유유진,"사랑이 식은 거야 너뭐야  요즘 넌, 예전의 너 같지가 않아  이젠 내가, 니꺼라고 넌 안심하는 거니  잊지마 니가 계속 이러면  차갑게 나 딴 맘 먹을지도 몰라  기횔줄께 다시한번 내 맘을 흔들어놔봐  All right 나만 알기  내눈만 바라보며 얘기하기  늘 20분쯤 나 늦어도 절대 화 안내기  이젠 피곤해도 날 당연히 집까지 바래다 주기  지갑속 내사진 꺼내서 입맞추기  니가 잠드는 순간도    오늘은 친구 몇 명과 만나  밥먹고 커피도 마시러 갔는데  나만빼고 친구들은 계속해 전화가 와  모두들 남자 친구의 전활  귀찮다 하며 자랑을 하더니  묻는거야 너와나는 다툰게 아니냐 면서  All right 약속해줘  하루에 3번이상 전화하기  날 믿어주기 니 하루는 내게 보고하기  항상 내편이기 나 아플땐 나보다 더 아파하기  세상의 그어떤 여자가 다가와도  나의 이름만 부르기  난알아 처음도 지금도 변함없는 널  말보다 마음이 더 큰 사람  Oh~ baby 난 너의 그 사랑을 받고 있기에  세상 가장 행복한 사람인걸  All right 나만 알기  내 눈만 바라보며 얘기하기  늘 20분쯤 나 늦어도 절대 화 안내기  이젠 피곤해도 날 당연히 집까지 바래다주기  지갑속 내 사진 꺼내서 입맞추기  니가 잠드는 순간도(All right)   약속해줘  하루에 3번이상 전화하기  날 믿어주기 니 하루는 내게 보고하기  항상 내편이기 나 아플땐 나보다 더 아파하기  세상의 그어떤 여자가 다가와도  나의 이름만 부르기"
2003.04.27~05.03,26,420037,인연,노을,노을,2002.12.16,Ballad,박진영,왜 이렇게 엇갈리는지  우린 결국 이뤄지지 않을런지  왜 이렇게 날 울리는지  우린 인연이 아닌건지  내가 한걸음 다가서면  너는 한걸음 물러나고  내가 기다리다 지쳐서 돌아서면  너는 그때야 나타나고  내가 남겨놓은 편지는  바람이 불어 날아가고  니가 녹음해놓은 사랑한다는 말은  그만 실수로 지워지고  나는 널 사랑하는데  너도 그런 것 같은데  만나려고만 하면  우린 빗나가는데  언제까지 이럴껀지  왜 이렇게 엇갈리는지  우린 결국 이뤄지지 않을런지  왜 이렇게 날 울리는지  우린 인연이 아닌건지  인연이란게 있는건지  이미 다 정해져 있는지  서로를 아무리 원해도 사랑해도  인연이 아니면 아닌지  나는 꼭 너야 하는데  다른 사람은 싫은데  하늘이 널 조금만 놓아주면 되는데  왜 이렇게 잔인한지  왜 이렇게 엇갈리는지  우린 결국 이뤄지지 않을런지  왜 이렇게 날 울리는지  우린 인연이 아닌건지  될듯 될듯 이뤄질듯 이뤄질듯  하다가도 꼭 마지막에는 우리들의  뜻과는 다르게 꼭 일이꼬여 가슴 아프게해  운이 따라주지 않은 나를 슬프게 해  텔레비전에 내 얘기를 내보내면 드라마가 될 것만 같아  이렇게 운이 따라주지 않는데  어떻게 인연이 아닌것 같은데  왜 이렇게 엇갈리는지  우린 결국 이뤄지지 않을런지  왜 이렇게 날 울리는지  우린 인연이 아닌건지  정말 우린 인연이 아닌건지
2003.04.27~05.03,27,418072,악몽,버블시스터즈,Bubble Sisters,2003.02.09,Dance,Gan-D,새벽에 악몽으로 잠에서 깨나 내게로  전활 걸어 봤지만 아무리 기다려도 받질 않네  one two three fore pick up the phone  얼마후 나에게 걸려온 친구에 전활 받고  믿을 수 없는 이야기에  you you tell me baby 여태날 속였었네 널 기다리는 날 두고 날 버리고 다른 여자에게  you you tell me baby 도저히 용서못해  똑같은 내 고통을 네게 돌려 줄께 돌려 줄께  나와 오늘 밤 같이 취할 누군가  아무것도 묻지마 그냥 감정에 따라  너와 똑같이 아무 죄책감 없이  다른 사람 찾아서 떠나 갈 지도 몰라  얼마전 부터 내게 어색해진 니 말투에  의심하지 못하고 너를 믿었던 내가 바보 였네  one two three four baby you know  전활 보며 짓던 미소  생각하면 할 수록 배심감만이 커져가네  you you tell me baby 여태날 속였었네  널 기다리는 날 두고 날 버리고 다른 여자에게  you you tell me baby 도저히 용서못해  똑같은 내 고통을 네게 돌려 줄께 돌려 줄께 tell me why 어떡하라고 tell me why 너는 왜  끝내 이렇게 날 비참하게 해 돌아 갈순 없어  나와 오늘 밤 같이 취할 누군가  아무것도 묻지마 그냥 감정에 따라  너와 똑같이 아무 죄책감 없이  다른 사람 찾아서 떠나 갈 지도 몰라  나와 오늘 밤 같이 취할 누군가  아무것도 묻지마 그냥 감정에 따라  너와 똑같이 아무 죄책감 없이  다른 사람 찾아서 떠나 갈 지도 몰라
2003.04.27~05.03,28,316434,Never Ending Story,부활,새벽,2002.09.01,Rock,김태원,손 닿을 수 없는 저기 어딘가  오늘도 난 숨쉬고 있지만  너와 머물던 작은 의자 위에  같은 모습의 바람이 지나네...  너는 떠나며 마치 날 떠나가듯이  멀리 손을 흔들며  언젠가 추억에 남겨져 갈 꺼라고  그리워하면 언젠가 만나게 되는  어느 영화와 같은 일들이 이뤄져 가기를...  힘겨워 한 날의 너를 지킬 수 없었던  아름다운 시절속에 머문 그대 이기에  너는 떠나며 마치 날 떠나가듯이  멀리 손을 흔들며  언젠가 추억에 남겨져 갈 꺼라고  그리워하면 언젠가 만나게 되는  어느 영화와 같은 일들이 이뤄져 가기를...  힘겨워 한 날의 너를 지킬 수 없었던  아름다운 시절속에 머문 그대여  그리워하면 언젠가 만나게 되는  어느 영화와 같은 일들이 이뤄져 가기를...  힘겨워 한 날의 너를 지킬수 없었던  아름다운 시절속에 머문 그대여  그리워하면 언젠가 만나게 되는  어느 영화와 같은 일들이 이뤄져 가기를...  힘겨워 한 날의 너를 지킬 수 없었던  아름다운 시절속에 머문 그대이기에...
2003.04.27~05.03,29,420248,동네 한 바퀴,CBMass,Massappeal,2003.02.10,Rap / Hip-hop,"Curbin,최자,개코",다같이 돌자 동네 한 바퀴
2003.04.27~05.03,30,417924,Cowboy,클릭비(Click-B),Click-B 04,2003.02.06,Dance,오종혁,"Who are you man?   주위의 사람들이 뭐라하던 상관없지 (후!)  영화 속 주인공처럼 살거야 난 (히~하)  마음 가는데로 사는거지 (누가) 욕을해도 신경꺼!! (그만)  모두다들 다 똑같지 맞춰논듯해  먹고 자고 일어나고 정해논 일정에  맞춰가는 빡빡한 삶일뿐이야  답답한 일상따윈 무시하는 대담한 난 cowboy   oh! yeh~~ 바람따라 구름따라 떠도는 My name  화산속에 (yeh~) 불꽃처럼 (oh~) 나타나는 cowboy~~   oh! yeh  풀려버린 멍한 그 눈빛 만으론.. (yeh~) 나를 막을 순 없어  모두들 나를 보며 미쳤다해도 (그래도)  신경쓰지 않아 누가 뭐래도  I said cowboy!  oh~ 영화처럼 사는거야,  난 무법자가 되는거야  그렇게 나를 바꿔가는 걸  I said cowboy!  oh~ 내멋대로 산다해도,  oh~ 아무도 막을 수 없는  석양의 무법자 나는 cowboy!   oh! yeh~ 때론 누가 내게 별자릴 물을때면  자신있게 (yeh~) 대답하지 (oh~)  나?..카우보이 자리요  oh! yeh~ 그런 내게 모두들 쯧쯧거리며  정신 차리라 하지  모두들 나를 이해 못 한다해도 (그래도)  신경쓰지 않아 누가 뭐래도  I said cowboy!  oh~ 영화처럼 사는거야,  난 무법자가 되는거야  그렇게 나를 바꿔가는 걸   I said cowboy!  oh~ 내멋대로 산다해도,  oh~ 아무도 막을 수 없는  석양의 무법자  나는 cowboy!   날 모두가 말리려 하지만  똑같은 삶을 사는 사람들과는 확실히 다른 나를 yeah~  지킬 거야 yeah!!  뻔한 일상들은 이제 너무 식상해  나는 cowboy 이제 wow 보이지 않니?  내 손안에 있는 멋진 자유로움이  멍하니 시키는대로 살지 말고 (hey!)  자신있는 cowboy 인생으로 come on!   I said cowboy!  oh~ 영화처럼 사는거야, 난 무법자가 되는거야  그렇게 나를 바꿔가는 걸  I said cowboy!  oh~ 내 멋대로 산다해도,  oh~ 아무도 막을 수 없는 석양의 무법자 I said cowboy!   내가 가는 길을 막지마  cowboy! 내가 하는대로 두고봐  cowboy! 내가 누군지도 믿지마  cowboy! cowboy!   I said cowboy! 내가 가는 길을 막지마 (said cow boy yeah~)  cowboy! 내가 하는대로 두고봐  (said cow boy yeah~) cowboy!  내가 누군지도 믿지마  (said cowboy yeah~ yeah~) -"
2003.04.27~05.03,31,431898,미로,조관우,Impression,2003.03.04,Ballad,,사랑했던 기억만으로 한 사람을 가슴 깊이 묻어두려 했던 마음은 욕심일까 미워하려 하면 할수록 보고 싶어지는 사람 용서하려 하면 할수록 미워지는데 가도가도 끝이 없는 길에 그리움만 님처럼 쌓이고 쉴 곳 없는 지친 발걸음으로 난 어디로 가는 걸까 더 가야만 하는 이유가 이 길 끝에 남겨져 있다면 그것으로 지친 나를 일으켜 찾아갈 텐데  가도가도 끝이 없는 길에 그리움만 님처럼 쌓이고 쉴 곳 없는 지친 발걸음으로 난 어디로 가는 걸까 더 가야만 하는 이유가 이 길 끝에 남겨져 있다면 그것으로 지친 나를 일으켜 찾아갈 텐데
2003.04.27~05.03,32,317801,첫사랑,이소라,Diary,2002.10.11,Ballad,이소라,파랗게 비가 개인 날 하늘색 예쁜 구둘 신고  가볍게 나풀대며 그 집 앞을 찾아가 첫사랑 니가 사는 곳 좁고 긴 작은 골목길 안  하얀색깔 담 그 위에 내 마음을 적어봐 난 그냥 네가 좋아 날 모른대도 좋아 언젠가는 알아줘 나 널 원하는 사람 나야 나 널 다 아는 사람  기막혀 얼굴 붉혀 하지마 그래도 너만 바라봐 반갑게 문을 여는 너 담장에 까만 글씰 보며  수줍은듯 어색하게 웃고만 있었어 난 그런 네가 좋아 잘 웃는 네가 좋아  이것만은 알아줘 나 널 원하는 사람 나야 나 널 다 아는 사람  기막혀 얼굴 붉혀 하지마 그래도 너만 바라봐  그게 나야널 원하는 사람 나야 나 널 다 아는 사람  기막혀 얼굴 붉혀 하지마  그래도 너만 바라봐 그게 나야 나야  나 널 원하는 사람 나야 나 널 다 아는 사람  기막혀 얼굴 붉혀 하지마  그래도 너만 바라봐 그게 나야 널 원하는 사람 나야 나 널 다 아는 사람  기막혀 얼굴 붉혀 하지마  그래도 너만 바라봐 그게 나야 널 원하는 사람 나야 나 널 다 아는 사람  기막혀 얼굴 붉혀 하지마  그래도 너만 바라봐 그게 나야
2003.04.27~05.03,33,441219,천일동안,이승환,His Ballad Ⅰ,2003.03.14,Ballad,이승환,천일동안 난 우리의 사랑이  영원할 거라 믿어 왔었던거죠 어리석게도 그런 줄로만  알고 있었죠 헤어지자는 말은 참을수  있었지만  당신의 행복을 빌어줄 내모습이 낯설어 보이진  않을런지 그 천일동안 알고 있었나요  많이웃고 또 많이울던  당신을 항상 지켜주던 감사해하던 너무  사랑했던 나를  보고싶겠죠 천일이 훨씬  지난 후에라도 역시 그럴테죠  난 괜찮아요 당신이 내곁에  있어줬잖아요 그 천일동안 알고 있었나요  많이웃고 또 많이울던  당신을 항상 지켜주던 감사해하던 너무  사랑했던 나를  보고싶겠죠 천일이 훨씬  지난 후에라도 역시 그럴테죠 잊지마요 우리 사랑  아름다운 이름들을 그 천일동안 힘들었었나요  혹시 내가 당신을 아프게  했었나요 용서해요 그랬다면 마지막 일거니까요 난 자유롭죠 그날 이후로 다만  그냥 당신이 궁금할 뿐이죠 다음 세상에서라도 우리 다시는  만나지 마요
2003.04.27~05.03,34,421385,시간은 모든걸 잊혀지게 합니다. 하지만 사랑은 모든걸 기억하게 하죠((부제: 911),이기찬,New Story Ⅱ,2002.11.12,Ballad,심현보,이 하늘 어느 아래 그대 살고 있겠죠  몇달 새 잘 지냈는지 궁금한 게 참 많이 있죠  이제 곧 만나겠죠 몇분 후면 볼텐데  기다리는 마음은 쉴새 없이 두근대지만  우리와 아무 상관 없이 왠지 멀어져요  아무 것도 못하는 난 눈물로만 말하죠  사랑했어요 모든 순간  그래서 고마웠죠  두 눈을 보며 말할 수 없는 그게 제일 미안한 걸요   우리와 아무 상관 없이 왠지 멀어져요  아무 것도 못하는 난 눈물로만 말하죠  사랑했어요 모든 순간  그래서 고마웠죠  두 눈을 보며 말할 수 없는 그게 제일 미안한 걸요  그대는 남으니까 아름다운 이 세상에  하지만 힘들 그대 생각에 더 마음이 아파와  지켜볼게요 멀리서도 그대를 지킬게요  남은 시간들 나 없더라도 그댄 꼭 행복해야 해  언제나 그댈 지켜볼게요 그댄 꼭 행복해줘요
2003.04.27~05.03,35,421423,For You,브라운아이즈,Reason 4 Breathing,2002.11.26,R&B / Soul,한경혜,다신 오지마 내손을 잡지마  you know 언제든지 그렇게 다시  날 버려도 난 너라면 족해 네곁에 없어도 날 갖지  못해도 you know 세상 끝날때까지 벗어날 수  없어 알고 있겠지만 For you 돌아가줘 나로인해 사랑이 넌 더  쉬워진 것만 같아 take on your life 너의 사랑이 끝날 땐 왜  나를 찾아 니가 올까봐 나는 다른  사랑도 못하잖아 이젠 그만둬 또 내게 오는  일 항상 넌 언제나 그랬듯이 너  힘들어지면 또 나를 찾겠지 이제는 머물러 한곳에  머물러 you know 니가 사랑할 사람 널  사랑할 사람 단 한명이면 돼 For you 돌아가줘 누군가를 위해서 너의  전부를 거는거야 take on your life 그런 행운의 사랑을 왜 넌 몰라 니가 한사람에게 빠진  사랑을 하길 바래 내게는 거짓뿐인 너이지만  내안에 담긴 세상이란  너라는걸 For you For you 돌아가줘 나로인해 사랑이 넌 더  쉬워진 것만 같아 take on your life  take on your life 너의 사랑이 끝날땐  왜 나를 찾아 니가 올까봐 나는 다른  사랑도 못하잖아
2003.04.27~05.03,36,315861,잠시만 안녕 (Pop Ver.),엠씨더맥스,M.C The Max!,2002.10.31,Ballad,Yoshiki,행복을 줄 수 없었어  그런데 사랑을 했어 니 곁에 감히 머무른  내 욕심을 용서치마 방황이 많이 남았어  그 끝은 나도 모르는 곳 약하게 태어나서 미안해  그래서 널 보내려고 해 언젠가는 돌아갈께  사랑할 자격 갖춘 나 되어 너의 곁으로 돌아갈께  행복을 줄 수 있을때 아파도 안녕 잠시만 안녕 언제나 위태로운 나  그런 내가 널 사랑을했어 외로운 고독이 두려워  빨리 못보내 미안해 사는게 참 힘들었어  널 보며 난 견뎠어 허나 네겐  보여줄 수 없는 내 사랑 이별로 널 지키려해  언젠가는 돌아갈께 흔들리지 않는 나 되어  늦지 않게 돌아갈께 널 많이 사랑하니까  조금만 울자 잠시만 울자 아파도 안녕 널 위해 안녕 너와 내가 사랑하면  우리가 정말 사랑한다면
2003.04.27~05.03,37,314448,사랑 Two (Acoustic Ver.),YB,Live Is Life,2002.06.27,Rock,이경희,나의 하루를 가만히 닫아주는 너 은은한 달빛따라 너의 모습 사라지고 홀로 남은 골목길에 수줍은 내 마음만  나의 아픔을 가만히 안아 주는 너 눈물 흘린 시간 뒤엔 언제나 네가 있어 상처 받은 내 영혼에 따뜻한 네 손길만  처음엔 그냥 친군줄만 알았어 아무 색깔 없이 언제나 영원하길 또 다시 사랑이라 부르진 않아 아무 아픔 없이 너만은 행복하길  널 만나면 말없이 있어도 또하나의 나처럼 편안했던거야 널 만나면 순수한 내모습에 철없는 아이처럼 잊었던 거야  내겐 너무 소중한너 내겐 너무 행복한너   처음엔 그냥 친군줄만 알았어 아무 색깔 없이 언제나 영원하길 또다시 사랑이라 부르진 않아 아무 아픔 없이 너만은 행복하길  널 만나면 말없이 있어도 또하나의 나처럼 편안했던거야 널 만나면 순수한 내모습에 철없는 아이처럼 잊었던거야  널 만나면 말없이 있어도 또하나의 나처럼 편안했던거야 널 만나면 군수한 내모습에 철없는 아이처럼 잊었던거야  내겐 너무 소중한너 내겐 너무 행복한너
2003.04.27~05.03,38,2032205,내가 사는 이유,김정민,2003 Reborn Of Tiger,2003.01.24,Ballad,조은희,니 앞에 내 모습 초라해 미안해 나 가진게 너무도 없어 괜찮다 넌 말해도 더 주고싶은 내 맘 그게 아냐 내가 힘들때마다 멀리해 미안해 약한 모습 보이긴 싫어 언제나 너에게는 고운 모습만 지켜주고 싶어 넌 알고 있니 가끔씩 너를 울리면 내가 얼마나 속으로 우는지 지금 보다 좋을때 널 만났다면 원 없는 행복 다 줄텐데 워우워 너를 만나서 내 삶이 변했어 이토록 나 누굴 원한건 처음이야 그 한사람이 너이기에 나 고마워 넌 알고 있니 가끔씩 너를 울리면 내가 얼마나 속으로 우는지 지금보다 좋을때 널 만났다면 원없는 행복 다줄텐데 워우워 너를 만나서 내 삶이 변했어 이토록 나 누굴 원한건 처음이야 그 한사람이 너이기에 나 고마워 나 약속할게 기다려 준다면 니가 원한 내가 된다고 이세상에 너 태어나서 날 사랑해서 고마워
2003.04.27~05.03,39,316664,별의 자리,별,12월 32일,2002.10.10,Ballad,심현보,그 날도 오늘도 몇번쯤 울먹 거렸죠 늘 바보처럼 눈물이 많았던 나는 이렇게 지내요 창밖에 어제와 똑같은 만큼의 별들이 떠오르면 내 맘의 그대도 떠오르니까요 좀 멀어져 있는다고 사라지나요 그대가 보고있는 하늘엔 내 별자리도 있죠 아프지 말아요 속상 할 테니까 가끔 내가 생각 날 땐 웃어 줄래요 그대 기억속의 내 모습 항상 좋았기를 바라죠 곁에 있을때도 볼 수 없다 해도 여전히 그댈 사랑하는 날 알아요 닿지 않는 곳에 있어도 그댄 언제나 빛나겠죠 내 안에서  그대와 함께인 세상이 있다면 이렇게 그대 없는 세상도 있겠죠 좀 서운하지만 늘 말없던 그대 모습 여전 한가요 첨부터 외로움이 많았죠 그대의 별자리는 아프지 말아요 속상 할 테니까 가끔 내가 생각 날 땐 웃어 줄래요 그대 기억속의 내 모습 항상 좋았기를 바라죠 곁에 있을 때도 볼 수 없다 해도 여전히 그댈 사랑하는 날 알아요 닿지 않는 곳에 있어도 그댄 언제나 빛나겠죠 돌아 올 건가요 그대를 믿어요 모든 별들에도 제 자리가 있어요 그대 곁에 내가 아니면 그럼 내 곁에 그댄 거죠 사랑이죠
2003.04.27~05.03,40,419999,나의 사랑 나의 신부,유엔,Extreme Happiness 3,2002.11.14,Dance,최수정,넌 언제나 나의 곁에서  항상 꿈을꾸는 그대 천사이길 바래  눈 내리던 어느 겨울 날  영화 속의 주인공처럼  (그 어느날) 하얀 면사포로 얼굴을 가린  수줍은 신부의 모습  (나에게) 사랑의 서약을 말하겠지  많은 사람들 축복속에  Everybody everyody  party time yeah- all right all right Everybody everybody  party time yeah-  난 너를 사랑해  넌 나를 모를 꺼야 내 마음이  왜 이렇게 떨려 오는지 너는 몰라  언제까지나 이 순간을 너와 나눌께   덤 덤 치키 치키 치키 치키 치키 덤  덤 치키 덤 치키 덤 덤 치키 덤  오우 워우 yeah 오우 워우 yeah 오우   난 너에게 다가갈수록  고백하고 싶은 그 말  언제나 사랑해  한참동안 생각해왔어  나의 단 한 사람을 위해  (꿈 속에) 네가 만들어 준 아침을 하고  넥타이를 맨 내 모습  (그 어느날) 우리 둘을 닮은 아이와 함께  사는 꿈이 이뤄진다면  Everybody everybody  party time yeah  all right all right yeah  Everybody everybody  party time yeah 난 너를 사랑해  하늘이 축복해 준 하얀 눈과  눈처럼 아름다운 그대 모습  언제까지나 이 순간을 너와 나눌께  덤 덤 치키 치키 치키 치키 치키 덤  덤 치키 덤 치키 덤 덤 치키 덤  오우 워우 yeah  오우 워우 예예이 워  Everybody everybody party time yeah  all right all right yeah  Everybody everyobdy party time yeah  all right all right
2003.04.27~05.03,41,451843,내사람,유리상자,1997;2003 유리상자 베스트 앨범,2003.04.14,Ballad,이세준,아침 햇살이 잠을 깨우면 눈을 뜨기도 전에 떠오르는 아무리 바빠도 하루 백번 넘게 보고싶은 한 사람 사랑하는 내 사람 그대 (이렇게) 많은 사람들중에서 (왜 하필) 나에게 왔냐고 그대는 묻지만 (oh! sweet heart) 이렇게 예쁜 그대를 (oh! sweet heart) 내가 어떻게 모르고 지나칠 수가 있나요 사랑 안할 수 있나요 I can't help Falling inlove with U 오 그대는 my sweet heart-  우린 만난게 아닐거예요 내가 그대를 찾아낸 것이죠 그대는 나를 도와주기 위해 그토록 아름다운 눈빛을 가진 거죠 그댄 (이렇게) 많은 사람들 틈에서 (어떻게) 날 찾아냈냐고 그대는 묻지만 (Oh! sweet heart) 이렇게 예쁜 그대를 (Oh! sweet heart) 내가 어떻게 모르고 지나칠 수가 있나요 사랑 안할 수 있나요 I can't help falling in love with U 오 그대는 my sweet heart 이렇게 예쁜 그대를 (oh! sweet heart) 내가 어떻게 모르고 지나칠 수가 있나요 사랑 안할 수 있나요 I can't help Falling inlove with U 오 그대는 my sweet heart  You're my sweet heart-
2003.04.27~05.03,42,317152,헤븐 (단 한번의 사랑),언니네이발관,꿈의 팝송,2002.10.17,Rock,이석원,그댄 나의 헤븐 잊지 말아요  다시는 볼 수 없다 해도 이제는 만날 수 없어도  알 수 없는 기분 난 잊지 못할 걸  그 어느 곳엘 가더라도  그 어느 곳에 있더라도  도시의 밤에 우리는 모두 외롭고  쓸쓸하기만 한 거예요  그렇기에 너와 나 친구가 될 수 있는 것  가타부타 다른 말이 필요가 없는 거죠  이제우린 헤븐 잊지 말아요  단 한번 만났다 하여도  다시는 만날 수 없어도   그대 나의 헤븐 잊지 말아요  다시는 볼 수 없다 해도  이제는 만날 수 없어도  그대 나의 헤븐...
2003.04.27~05.03,43,1185432,오렌지,서태지,Re-Recording & Etpfest Live,2003.02.17,Rock,서태지,당시는 뭐가 뭔지  난 인지 조차 못한 무지  난 네 헛점만 찾고서 못박고서  우쭐대며 내 빈틈 매꿨어   널 딛고 큰 척했고  겉멋 찾고 모두를 깔봤건만  내 훔친 가치는 붕괴된 채  몹시도 보챘던 내 실체   값진 너를 망칠것없지  또 니가 아깝지 역시 너 답지  넌 가진척에 지쳐  넌 네 덫에 또 갇히겠지   너도 역시 네 입지만 과시  다 쉽게만 얕봤었지만  네겐 벅찬 애써 당찬 듯한  숨찼던 네게 남는 퀘스천   넌 소유속의 널 믿는가  니 자아보다 더 값진 건가  쉽게 뿌리 깊게  굳게 밖힌 교만 허튼 욕망   불타버려 우린 쓰레기인걸  내겐 따뜻한 느낌이 없어 왜  꺼져버려 넌 참 비겁자인걸  다들 널 잊고난뒤 널 찾을래   지나쳤지 그 권위적인 너의 모습  우습지만 못난 전통세습  참 어린 그들에겐 단 한번도  넌 절대 틈을 주지 않던   니 지독한 독선 갖은 위선  니 틀박힌 공식 역시  또 이기적 독식 박식한척했던  허세가식 탑식깃든 약육강식   값진 너를 망칠것없지  또 니가 아깝지 역시  너 답지 넌 가진척에 지쳐  넌 네 덫에 또 갇히겠지   불타버려 우린 쓰레기인걸  내겐 따뜻한 느낌이 없어 왜  꺼져버려 넌 참 비겁자인걸  다들 널 잊고난뒤 널 찾을래
2003.04.27~05.03,44,418168,희재,성시경,국화꽃 향기 OST,2003.02.01,Korean Movie,양재선,햇살은 우릴 위해 내리고  바람도 서롤 감싸게 했죠  우리 웃음속에 계절은 오고  또 갔죠  바람에 흔들리는 머릿결  내게 불어오는 그대 향기  예쁜 두눈도 웃음 소리도  모두 다 내 것이었죠  이런 사랑 이런 행복 쉽다  했었죠 이런 웃음  이런 축복 내게 쉽게 올리 없죠  눈물 조차 울음조차 닦지  못한 나  정말로 울면 내가 그댈 보내  준 것 같아서  그대 떠나가는 그 순간도  나를 걱정했었나요  무엇도 해줄 수 없는 내 맘 앞에서  그대 나를 떠나 간다해도  난 그댈 보낸적 없죠  여전히 그댄 나를 살게 하는  이율테니  이런 사랑 이런 행복 쉽다 했었죠  이런 웃음 이런 축복 내게  쉽게 올리 없죠  눈물 조차 울음 조차 닦지 못한 나  정말로 울면 내가 그댈 보내  준 것 같아서  그대 떠나가는 그 순간도  나를 걱정했었나요  무엇도 해줄 수 없는 내 맘앞에서  그대 나를 떠나 간다해도 난  그댈 보낸적 없죠  기다림으로 다시 시작일테니  얼마나 사랑했는지 얼마나  또 울었는지  그대여 한순간 조차 잊지 말아요  거기 떠나간 그곳에서 늘  기억하며 기다려요  하루씩 그대에게 다가가는  나 일테니
2003.04.27~05.03,45,419791,My Lady (내 가슴에 그녀만의 자리를 만든다),안재모,My Destiny,2003.01.01,Ballad,최희진,"그녀를 혼자 두고 돌아서던 날 바람이 많이  불었습니다. 내 어깨엔 그녀의 눈물이  그녀의 이마엔 내 눈물이 우린 그렇게  헤어져버렸습니다. 숨쉬기조차 힘들만큼  깊은 그리움이 올줄도 모르고 왜 아무말없이 나를 떠나갔나요  그땐 너무나도 안타까웠죠 그 후로 많은 날들을  난 눈물속에 잠들며 그대를 원망했었죠 사랑 하나로만 널 내 곁에 잡아둘 수 없었어 너를 보는 내 맘은 나조차도 모르게 사랑이  커져갔지만 그런 널 보내려고 난 수없이 많은  밤을 울었고 너 없이도 그 추억에 기대살면 되겠지 이런 착각을 했었어   다 잊어버려요 제발 이러지 마요 다시 그대 품에 안아주세요 그대의 어떤 말보다  이 순간들이 소중해 다시는 떠나지 마요 너를 사랑하는 내 진심이 죄가 되지 않기를  미치도록 그리운 니 곁에 날 부른건,  운명같은 이 사랑야 더는 숨길 수 없이  니 모든걸 너무 많이 사랑해 내 가슴속에 영원히 너만 안고 살겠어 어떤 시련 또 온대도   다신 사랑을 피하지 않겠습니다 그녀의 행복을 위해서라며  그녀를 울릴 순 없잖아요 가끔 살다보면 하늘은 도망치고 싶을 정도의 큰 사랑을 외롭게 살아온 이들에게  선물처럼 내려주시나봅니다."
2003.04.27~05.03,46,419131,0%,god,Chapter 5 Letter,2002.12.27,Dance,박진영,절대 안된다고  끝이보이는 사랑이라고  시간이 갈수록 상처만  더 커질 거라고    모두 우리둘을 붙잡고  어떻게든 헤어지라고  축하는 커녕 안타까운  눈빛들만 주지만    난 널 보낼수가 없는걸  넌 나 없인 살수 없는 걸  힘든사랑도 사랑이기에  사랑이기에 우린 행복한걸    헤어질 수 밖에 없단걸  끝이 분명히 보인단걸  아무리 우리에게 말해도  그래도 우리들은 두렵지 않을걸    이미 해봤다고  해봤기에 말리는 거라고  결국에는 둘다 지쳐  쓰러지고 말거라고  조금 힘들어도 꾹 참고  어떻게든 헤어지라고  주위에는 온통 말리는  목소리들만 있지만    난 널 보낼수가 없는걸  넌 나 없인 살수 없는 걸  힘든사랑도 사랑이기에  사랑이기에 우린 행복한걸    헤어질 수 밖에 없단걸  끝이 분명히 보인단걸  아무리 우리에게 말해도  그래도 우리들은 두렵지 않은걸    아무도 못한 일이래  다들 결국엔 실패한데  하지만 우린 그래도 해볼래  그래도 사랑할래    성공할 확률 0%  모두다 누구나 한번도  성공한 적 없는 게임  그래서 마치 목이 메인  죄수의 마지막 사랑처럼 뜨겁고  강렬하게 타오르는 걸  서로 미치게 원해 끝내 이루지 못해  후회하는 일 없어 나 원래 그래   안 되는 일 다 언제나 해내  항상 그랬고 앞으로도 그래  그러니 우릴 보고 불쌍하단 말이나  가슴 아프다 속상 하다는 말이나  글이나 메시지나 이런 것 따위 하지마  우린 괜찮아 조금 힘들 뿐야  힘들어도 뜨겁게 괴로워도 함께  그래 그렇게 나만 믿으면 돼    난 널 보낼수가 없는 걸  넌 나 없인 살수 없는 걸  힘든사랑도 사랑이기에  사랑이기에 우린 행복한걸    헤어질 수 밖에 없단걸  끝이 분명히 보인단걸  아무리 우리에게 말해도  그래도 우리들은 두렵지 않을걸
2003.04.27~05.03,47,418848,To My Love (Korean Ver.),윤미래,To My Love,2002.12.01,R&B / Soul,,yeah hey Hey  그댈 만나던 어떤 날보다  옷을 고르기가 어려워  오늘 만나서 하잔 얘기가  왠지 자꾸 맘에 걸려요   만일 그대가 나를 떠나겠다면  나는 붙잡지 못할거예요  사랑한다는 고백보다 힘든게  이별의 말인 것 같아   아니길 바래 난 그대의 사진만 봐도  여전히 가슴 떨리고 설레이는데  아니길 바래 내 사랑을  그대여 제발 놓지 말아요   오늘 밖에는 할 수 없는 얘기면  오늘 약속은 피하고 싶어(피하고 싶어)  다신 그대를 못 볼 것만 같아서  걸음이 느려만 가요   아니길 바래 난 그대의 사진만 봐도  여전히 가슴 떨리고 설레이는데  아니길 바래 내 사랑을  그대여 제발 놓지 말아요   내 예감이 틀리기를  나는 바랄 뿐이죠(oh baby)  그대를 만나고 돌아오는 길이  나 슬프지 않도록   아니길 바래 그 아무리  시간이 가도(시간이 가도)  그대여 나의 곁에 머물겠다고  나에게 말해   그 언제나 그대 나만을  사랑한다고 사랑한다고   떠나지 말아요 -
2003.04.27~05.03,48,430981,낙원 (Feat. 이재훈),싸이(PSY),Psy 3집,2002.09.19,Ballad,싸이(PSY),너와 나 단 둘이서 떠나가는 여행  너를 향한 내 마음 절대 안 변해  보고 또 봐도 또 다시 나 반해  꿈만 같애 우리 둘이 함께  우린 서로 아무말도 없이  이렇다 할 행선지도 없이  빡빡한 저 세상 등지고  너와 내가 나침반과 지도  하지 못했었던 말  한땐 다시 안본다 했었나  허나 지금 우리 둘만 이 차속에  어느덧 훌쩍 지나버린 고개  비와 바람도 세상과 사람도  우릴 막지 말라 우린 지금 빨라  우릴 갈라 놨던 속세 탈출하는 찰라  우린 지금 아주 빨라  난 너와 같은 차를 타고  난 너와 같은 곳을 보고  난 너와 같이 같은 곳으로  그 곳은 천국 일거야  정신없이 달려온 곳 동해안  저 시원한 바다 소리가 곧 내맘  너 때문에 잠 못자고 꼬박 샌 밤  손발을 다 합쳐도 못 샌다  말이 필요없는 거야 같이 있는거야  이제서야 밝히지만 내 주인은 너야  기분 좋아 둘이 장도 봐  밥은 내가 할게 쌀만 담궈 놔  피곤한지 너는 잠깐 자고  그 사이 나는 몰래 요리책을 파고  드디어 오붓하게 저녁식사를 하고  여기가 바로 지상 낙원  비와 바람도 세상과 사람도  우릴 막지 말라 우린 이제 달라  나홀로 애태웠던 예전과는 달라  우린 이제 많이 달라  난 너와 같이 마주 하고  난 너와 같이 살아 숨쉬고  난 너와 같이 같은 곳에서  여기가 천국인거야 oh 너로 인해 힘들었던 나의 어제가  술안주로 변해버린 오늘이구나  내 여자구나 이제 안 보낸다 절대  안겨봐 내 품에 포근해 소중해  나중에 다시 돌아가더라도  오늘 하루 곱씹으며 행복하게 살어  나중에 다시 돌아가더라도  오늘 하루 곱씹으며 나를 잊지 말어  난 너와 같이 마주 하고  난 너와 같이 살아 숨쉬고  난 너와 같이 같은 곳에서  여기가 천국인거야 oh This is what my life is all about  it is all about you
2003.04.27~05.03,49,422606,백설공주를 사랑한 일곱번째 난장이,쿨(COOL),Second Whisper,2002.12.01,Ballad,김태윤,난 세상에서  가장 아름다운  그녀를 사랑한다  친구들은 왠지  그런 내가  걱정스러운가 보다  난 바보가 아닌데  나도 이제 다 아는데  그래서 난  그녀를 보내기로 했다  난 너무 키가 작다  그대 그렇게  나를 멀리 떠난다해도  끝내 웃음으로  보낼 수 밖에  보잘 것 없는  나의 모습 때문에  나 그대를  잡을 수 없죠  늘 키작은 내 모습만을  원망했기에  난 사랑도 몰랐었는데  마법에 걸려 잠든  그댈 보면서  난 조금씩  사랑을 배웠죠 겨우 이제서야  사랑을 난 알게 됐는데  그댄 왜 나를 남겨두고  떠나가나요  내 사랑만큼 내 모습이  자랄 때까지  내 곁에 좀더  잠들 수 있다면 잠시 부족한 내 모습을  잊어버린 채  감히 나 그대를  사랑했지만  이젠 알았죠  이런 내 모습으론  난 사랑도  할 수 없음을  우습던 날 바라보며  웃던 그대는  내 맘을  다 알지 못했죠  단 하루라도  그대 슬퍼할까봐  날 감추며  광대가 됐던 날  밤새 내 곁에서  잠든 나를  바라보면서  왜 떠나가나요 그대가 흘린 눈물을 난 알지 못했죠 날 지금까지웃게 했던 그 모습으로 애써 아픔을 감추던 그댈 시간이 흘러 그댈 볼 수 있다면 그날까지 나 잠이 들기를 왜 날 이제 어느샌가 떠나야 할 시간이 됐죠 안되는 건가요 그대여 제발 나를 보며 슬퍼 말아요 왜 날 왜 날 왜 날 늘 바보같이 웃음뿐인 그 모습처럼 한번더 내게 바보가 돼줘요 키작은 내 사랑이여 안녕
2003.04.27~05.03,50,421030,달아달아,이정현,I Love Natural,2002.11.01,Dance,"윤일상,윤사라",자꾸 왜 이러는데 다 끝난 일인데  그 사람은 이제 내 곁에 없는데  날 차버리고 간 날 비참하게 한 사람  왜 그리도 못 잊는건데    아무것도 할수 없어 아무데도 갈수 없어  어딜가도 그사람의 흔적들이 내 가슴을 아프게 해    달아달아 제발 나를 도와줘 그 사람은 나의 남자야  달아달아 나를 잊지 못하게 그 사람을 떠나지마    절대 안돼 예전으로 돌아 갈수 없어  달라 달라 다른 여자와 전혀 달라  아무리 힘들어도 아무리 아프게 해도  절대로 뒤돌아 보지마 마~ 마~ 마~ 마~ 마~ 마~    나만 사랑한다고 늘 나뿐이라고  떠나지 말라고 늘 함께 하자고  그렇게 말했던 나밖에 없던 그 사람  날 버리고 가버린 사랑    아무것도 할수 없어 아무데도 갈수 없어  어딜가도 그사람의 흔적들이 내 가슴을 아프게 해    달아달아 제발 나를 도와줘 그 사람은 나의 남자야  달아달아 나를 잊지 못하게 그 사람을 떠나지마    달아달아 제발 나를 도와줘 사랑 땜에 미칠것 같아  달아달아 나를 잊지 못하게 그 사람을 지켜줘
