time,rank,song_id,title,singers,album,date,genre,creator,lyric
2004.07.25~07.31,1,528529,My Name,보아(BoA),My Name,2004.06.11,Dance,,"너무 가까운 느낌만을 원했던 건지 알잖아 내가 원하는 것  그 어떤 사람과도 다른 나 어쩜 너라면..날 바꿀 수 있어  Oh, 감춰왔던 날 말하자면, U Feel Like, 아마 놀랄 거야 지금 내 모습은 단지  어제 같은 모습대로 충분한지 내가 아닌 다른 얼굴 갖힌 거라면 불러 줄래 My Name  Don't wanna fake it!  너를 알게 된 후  매일 기다린 phone call I got to make it! 어느새 알게 했어 매일 같은 식,  또 아직 먼 듯한 내일, ahh.. 그렇다면 take it!  아주 조금만큼 뭐든 되고픈 현실  너를 알게 된 후  매일 달라진 Fine Days  의심 갖진 마 조금만 더 나를 알아봐 좋지 않아? 날 닮아가는 것  Oh, 나를 찾는 네 눈 속에서, I Feel Like, 다시 가질 거야 흐린 불빛 속에 몸속  가득 넘쳐나는 새로운 속삭임 바로 지금부터 모두 시작된다면 불러 줄래 My Name  Don't wanna fake it!  내가 느낀 대로 너를 가지고 싶어 I got to make it! 어설픈 어느 순간 빠져버렸어,  이미 난 멈출 수 없어, ahh.. 그렇다면 take it!  보고 싶은 만큼 항상 내 곁에 있어  너를 알게 된 후  매일 기다린 phone call 내가 느낀 대로 너를 가지고 싶어 With me...  Don't wanna fake it!  너를 알게 된 후  매일 기다린 phone call I got to make it! 어느새 알게 했어 매일 같은 식,  또 아직 먼 듯한 내일, ahh.. 그렇다면 take it!  아주 조금만큼 뭐든 되고픈 현실  Don't wanna fake it!  내가 느낀 대로 너를 가지고 싶어 I got to make it! 어설픈 어느 순간 빠져버렸어,  이미 난 멈출 수 없어, ahh.. 그렇다면 take it!  보고 싶은 만큼 항상 내 곁에 있어"
2004.07.25~07.31,2,527016,고마웠다고...,팀,Second Breath,2004.01.01,Ballad,,그렇게 힘이 들거든 먼저 떠나가요  남겨둔 상처는 내가 어떻게든 할테니까   이유도 없이 눈물을 보이지 않겠죠  내가 사랑한 그대는 그런 사람이니까   그 어떤 아픔을 감추고 있는지  알 수 없지만 알 수 없지만  고마웠다는 그 한마디 말에  갈 곳을 잃은 내 사랑은  깊은 절망속으로   마지막까지 난 그녈 믿어보려 해요  단 한번도 거짓말을 하지 않았을 거라고   이유도 없이 이별을 말하진 않겠죠  내가 사랑한 그대는 그런 사람이니까   아무것도 나는 해줄 수 없는지  묻고 싶지만 묻고 싶지만   미안하다는 그 한마디 말에  난 바보처럼 손 내밀며  고마웠다고   그 어떤 아픔을 감추고 있는지  알 수 없지만 알 수 없지만   고마웠다는 그 한마디 말에  갈 곳을 잃은 내 사랑은  깊은 절망속으로 -
2004.07.25~07.31,3,530043,너의 곁으로,조성모,파리의 연인 OST,2004.06.25,"Drama,Ballad","이승호,이희승",넌 알고 있니 난 말야  너의 하얀 웃음이 자꾸만 기억나  바보처럼 웃게 돼   나보다 먼저 내 눈이  니가 그리워 널 찾아 가는지  늘 너를 보게 돼   나는 익숙하지 않아서  누구도 사랑한 적 없어서  자꾸 커져가는 너를 지워보지만   너를 사랑해도 되겠니  우리 시작해도 되겠니  나의 상처 많은 가슴이  너를 울게 할지도 몰라   사랑 말로 할 줄 몰라서  너를 안을 줄을 몰라서  내가 줄 수 있는 마음만으로  널 지켜낼 용기없는 날  사랑해 주겠니   난 익숙해져 버렸어  너의 하얀 웃음이 아침을 깨우는  나의 삶이 되었어   난 기대하고 있었어  너의 하루에도 내가 있기를  더 바라게 됐어   가끔 너의 눈빛 속에서  나 아닌 누군가를 볼 때면  벼랑 끝에선 듯 절망이 날 깨웠어   너를 사랑해도 되겠니  우리 시작해도 되겠니  나의 상처 많은 가슴이  너를 울게 할지도 몰라   사랑 말로 할 줄 몰라서  너를 안을 줄을 몰라서  내가 줄 수 있는 마음만으로  널 지켜낼 용기없는 날  사랑해 주겠니   사랑 믿어본 적 없어서  사랑해본 적도 없어서  텅 빈 가슴으로 살아가던 날  가득히 넌 채우고 있어  너의 사랑으로 -
2004.07.25~07.31,4,531006,열정,세븐,Must Listen,2004.07.07,R&B / Soul,양현석,"뜨거운 가슴에 너를 안을래  내가 죽는 날까지 너만 사랑할래  나는 everyday 너만 생각해  다른 사람은 절대 안돼 너야만해   내 모든걸 다 바쳤지  원하는건 다 사줬지  아낌없이 주고만 싶었어   하지만 너는 모르지 너에게 나는 오로지  친구 이상은 아니라고  다른 사람을 만나려 하네  다른 사랑을 찾으려 하네  나에겐 오직 너 하나밖에 없는걸 알잖아  내 맘을 받아줘   (One! Two! Three! Four!  Five,Sixth,Seven~!! 자 let's go~!)   뜨거운 가슴에 너를 안을래  내가 죽는 날까지 너만 사랑할래  나는 Everyday 너만 생각해  다른 사람은 절대 안돼 너야만해   너의 다른 그 시선이  니가 잡은 그의 손이  너무나도 어울리지않아   생각해봐 내 가슴이  얼마나 찢어지는지  난 그저 울고만 싶었어   마음을 열어 더 늦기전에  나를 남자로 봐주길 원해  행복한 미래가 눈에 선해  제발 날 받아줘 내맘 좀 알아줘   (One! Two! Three! Four!  Five,Sixth,Seven~!! 자 let's go~!)   뜨거운 가슴에 너를 안을래  내가 죽는 날까지 너만 사랑할래  나는 Everyday 너만 생각해  다른 사람은 절대 안돼 너야만해   왜 너는 내 맘 모르니  몰라도 너무 모르지  왜 자꾸 나를 피하니   (One! Two! Three! Four!  Five,Sixth,Seven~!! 자 let's go~!)   뜨거운 가슴에 (나의 가슴에)  너를 안을래 (너를 안을래)  내가 죽는 날까지 (oh~ 너를 너무 사랑해)  너만 사랑할래  나는 Everyday (난 Everyday)  너만 생각해 (널 생각해)  다른 사람은 절대 안돼 너야만해 -"
2004.07.25~07.31,5,528185,내가 눈을 감는 이유,태빈,Taebin Of 1TYM,2004.06.10,R&B / Soul,이주연,언제부터였는지 자꾸만 먼 델 보던 너 눈부신 그 미소는 난 거기 없는 것처럼 날 위한 거라고 애써 난 믿어왔었는데 동경에 들뜬 눈빛 낮선 그 미소도 단 한번 처음 그때로  시간을 되감을 수 있다면 내 아픔도 모두 다 지워낼 수 있을텐데 많이 지쳐서 잊지 못해서 돌아오기를 Baby kiss me just one more time 보고 싶다고 거짓이라도 말해주기를 Baby tell me just one more lie 이제는 거짓말처럼 기억만이 남았어도 또다시 눈을 감으면 니 모습이 가득한데 Miss you Always  Can't U see your loves without you 그렇게 쉬웠는지 문득 너 가 버리던 날 차가운 그 눈빛을 난 마치 없던 것처럼 기억은 하는지 다 벌써 지운건 아닌지 떨리던 내 손짓도 함께 한 순간도 꿈속에 남은 그대로  시간을 멈출 수만 있다면 언제라도 널 가진 시절 속에 있을테니 많이 지쳐서 잊지 못해서 돌아오기를 Baby kiss me just one more time 보고 싶다고 거짓이라도 말해주기를 Baby tell me just one more lie Miss you Always 그 모습만 가득해 나 항상 간절히 기도해  행복한 꿈이 깨질 않길 힘겹게 잠 깨면 내 마음에 소름처럼 또 돋은 니 기억들 많이 지쳐도 잊지 못해도 울지않기를 (너를 포기 할 수 있게) 보고 싶어도 거짓이라도  행복하기를 (널 보낼 수 있을만큼) 이제는 거짓말처럼 기억만이 남았어도 또다시 눈을 감으면 니 모습이 가득한데 기억 해줘 내가 눈을 감는 이유 이제 다시 내가 꿈을 꾸는 이유
2004.07.25~07.31,6,526407,그녀가 웃잖아....,김형중,Kim Hyung Joong Vol. 2,2004.05.28,Ballad,조은희,그래 그렇게 제발 좀 웃어봐 웃는 여자중엔 니가 젤 예쁜걸 내 말 앞에 손사래 쳐도 좋은듯 행복한듯 웃는 니가 나의 삶에 햇살이잖니 밤새도 눈 빨개져도 난 좋았어 너를 웃게해줄 생각에 들떠서 혹시 중간에 끊길까봐 재미있는 얘길 달달외고 준비한게 탄로날까 연습도 했었지 널 떠난사람 잊을수 있다면 널 울린사람 거둬낼수 있다면 광대라도 좋아 바보가 된다해도 너만 기쁘면 그보다 더한것도 난 누군가 내게 니 사랑과 행복중 하나만 고르라면 택하라면 한치 망설임도 없이 언제나 난 니 행복이고 싶어 니가 나를 사랑하지 않는다 해도 내가 널 사랑하니까 남자니까 우는건 아픈건 내가 할께 넌 웃어줘 가끔 날 보며 웃는 널 보면서 나를 사랑한단 착각을 하나봐 아니 지금은 아니라도 나를 사랑해라 사랑해라 가슴으로 너를 향해 주문도 거나봐 그 꿈에서 또 깨면 쓸쓸해도 널 볼수록 더 가슴이 미어져도 뒤돌아서 눈물 삼키고 삼켜내도 너를 몰랐던 그날들 보다 괜찮아 널 위해 할수 있는게 참 없잖니 사랑을 얻는일도 하는일도 그게 나를 또 얼마나 미치게 하는건지 니가 알까 끝내 몰라도 돼 부탁 하나만 할께 널 웃게 만드는 일만 허락해줘 우는건 아픈건 내가 할께 넌  웃어줘
2004.07.25~07.31,7,525682,제주도의 푸른 밤,성시경,성시경 Remake Album,2004.05.20,Ballad,최성원,떠나요 둘이서  모든것 훌훌버리고  제주도 푸른 밤  그 별 아래  이제는 더이상  얽매이긴 우린 싫어요  신문에 T V 에  월급봉투에  아파트  담벼락보다는  바달(바다를) 볼 수 있는  창문이 좋아요  낑깡밭 일구고 감귤도  우리둘이 가꿔봐요  정말로 그대가  외롭다고 느껴진다면  떠나요 제주도  푸른 밤 하늘 아래로    떠나요 둘이서  힘들게 별로 없어요  제주도 푸른 밤  그 별 아래  그동안 우리는  오랫동안 지쳤잖아요  술집에 카페에  많은 사람에  도시의 침묵보다는  바다의 속삭임이 좋아요  신혼부부밀려와 똑같은  사진찍기 구경하며  정말로 그대가  재미없다 느껴진다 면  떠나요 제주도  푸르메가 살고 있는 곳
2004.07.25~07.31,8,529683,Feeling,김종국,Evolution,2004.06.18,Dance,김성위,"Alright, yeah, let’s ride tonight, come on Just feel the music, let’s move it Just feel the groove, let’s do it Everybody feel jiggy tonight Then let’s get funky Do you wanna funky music? Do you want it Do you wanna ride in my soul I? Do you like a disco moonlight? Do you want it Do you like this giggle dance? Now go listen 사랑했었어 너는 바로 내 삶의 전부였었어 내 모든 걸 다 바쳐 살고 싶었어 니 숨결이 이끌어 준 그대로 아름다웠어 너의 눈과 입술이 보여준 세상 남자라는 사실이 행복했었어 이 세상에 태어나 첨으로 이렇게 난 널 사랑하는데 웃으며 즐거웠다니 니 맘이 변하면 너만 다 잊으면 나의 감정 따윈 상관없는 거야 Never go never leave I can’t without your love 내가 왜 대체 왜 너를 보내야 해 널 잘 아니까 널 사랑하니까 이대로 널 절대 보낼 수 없어 Tell me why do it right you can’t leave baby now 안겨봐 느껴봐 내 맘을 들어봐 난 자신있어 너도 잘 알잖아 나만큼 사랑할 순 없어 Everybody let’s groove tonight Just move your body, rock on to the beat Now dance somebody, it’s on tonight Let’s all get jiggy, like 1, 2, 3 Do you wanna ride in my soul, take it back With the funky disco, I lay the track From the left to the right uptown we go You know how we do it let’s bounce with the jiggy dance 감싸 줄거야 지금 너의 불안한 마음까지도 알 수 없는 내일의 기다림마저 변함없는 나의 사랑으로 이렇게 난 널 사랑하는데 웃으며 즐거웠다니 니 맘이 변하면 너만 다 잊으면 나의 감정 따윈 상관없는 거야 Never go never leave I can’t without your love 내가 왜 대체 왜 너를 보내야 해 널 잘 아니까 널 사랑하니까 이대로 널 절대 보낼 수 없어 Tell me why do it right you can’t leave baby now 안겨봐 느껴봐 내 맘을 들어봐 난 자신있어 너도 잘 알잖아 나만큼 사랑할 순 없어 나나나 나나나 나나나나나나 - 난 자신있어 너도 잘 알잖아 나만큼 사랑할 순 없어 Do you wanna funky music? Do you want it Do you wanna ride in my soul I? Do you like a disco moonlight? Do you want it Do you like this giggle dance? Now go listen"
2004.07.25~07.31,9,532116,아가씨와 건달들,쿨(COOL),9th Performance: Let‘s See What‘s Happening Now,2004.07.14,Dance,Sky,음악이 신날 땐 리듬에 맞춰  dancing all the night 하고 싶은데로 흘러가는데로  dancing all the night 하지만 시선은 항상 그녀 뿐 신나게 즐겁게 춤추는 내겐  dancing dancing queen 이렇게 춤출 땐 너무 행복해져 dancing all the night 하짐만 오늘은 왠지 외로워 살며시 생생 조금씩 다가가 이러다 우리둘이 화려한 생생 그녀를 맴돌다 그러다 우리둘이 이 밤이 생생 그녀와 함께 해 신나게 춤을 춰요 dance dance 그녀와 나는 춤을 추고 싶어요 조금 더 흔들어도 씩씩씩 그녀의 몸짓이 나를 미치게 해요 one two three 신나게 함께  dancing me 리듬에 맞춰 멈추지 마요 이밤이 새도록 멈추지마요 아가씨 아름다운 아가씨 My Name is dancing queen  그대야 말로 dancing queen 날 따라해봐요 요렇게. last dance 향기가 좋네요 그대머리결이 나를 스쳐요 음악에 취하고 향기에 취해 정신 못차려 어쩌면 난 그대에게 빠졌나봐 음악에 좋네요 젖어버렸죠 가슴이 쿵쿵쿵 따뜻한 느낌 이러다 사고치겠어 나 어떡해 어울릴세 생생 완전히 다가가 이러다 우리둘이 이대로 생생생 살며시 안으며 그러다 우리둘이 완전히 생생생 그녀를 내 품에 신나게 춤을 춰요 dance dance 그녀와 나는 춤을 추고 싶어요 조금 더 흔들어도 씩씩씩 그녀의 몸짓이 나를 미치게 해요 one two three 신나게 함께  dancing me 리듬에 맞춰 멈추지 마요 이밤이 새도록 신나게 춤을 춰요 dance dance 이밤이 다가도록 춤을 춰봐요 조금 더 흔들어도 씩씩씩 그녀의 몸짓이 나를 미치게 해요 one two three 신나게 함께  dancing me 리듬에 맞춰 멈추지 마요 이밤이 새도록
2004.07.25~07.31,10,527575,발작 (發作),원티드,Like The First,2004.06.04,R&B / Soul,박경진,Yoo YEAH   Can you see me cring out on my knees       Babay know baby yeah ~   이젠 꺼내보려해 하나둘 모아둔 니 기억까지다 모두 보내주려해 너무나 멀지만 너 가는 곳으로 니가 살고 있던 내 맘에  남아있는 너를 닮은 버릇까지 너의 곁에 돌려 놓으려 해  니가 내게 남겨둘 너없는 사랑은 다 여기까지만 이제 돌려 보내줄 모자란 니 사랑 꼭 지금까지만 다시 처음 처럼 내 맘에  단 하나도 니 향기 까지 남지 않게 마지막 날 위해 가져가 줘  떠나가도 돼  그런 말도 하지말고 보내줘 행복해도 돼  이젠 너완 상관없다 말해줘 나를 두고 눈을 감는 아픈 니맘 모르고 언제 까지 미워 할수 있도록  그저 떠나보려해 아무도 모르고 먼 곳이라 해도 내가 찾을수 없게 너는 더 모른척 꼭 숨는다 해도 너를 닮아있는 내 맘은 널 잃은채 살 수 없나봐 하루 하루 너를 더 닮아져 가려나봐  떠나가도 돼  그런말도 하지 말고 보내줘 행복해도 돼  이젠 너완 상관 없다 말해줘 나를 두고 눈을 감는 아픈 니 맘 모르고 언제까지 미워 할수 있도록  너를 참기조차 힘이 들어 너만 편하게 그런마음에 날 떠나 보내려 했다면  떠나가도 돼 내가 없이 잘 지낼수 있다면 행복해도 돼 그런 말은 하지말고 떠나줘 니가 없는 이세상이 난 자신이 없으니 내맘대로 행복할수 있도록  너를 닮아 행복할수 있도록 -
2004.07.25~07.31,11,525066,Sweety,클래지콰이,Instant Pig,2004.05.14,Electronica,호란,눈을 뜨면 오늘은 왠지 기분이 좋아  벽에 걸린 너의 웃음처럼  지난밤에 꿈속엔 네가 있던 것 같아  노래를 불러보네 yeah -  거리는 오늘따라 너무 눈부시기만 해  네 목소리로 내게 말을 걸어와  오늘같은 날이면 우연히 만날 것 같아  기대하며 걸어가 I'm in love with you   눈을 뜨면 오늘은 왠지 기분이 좋아  지난밤에 늦은 전화처럼  잠에 취한 목소린 귓가에 남아있어  나를 기다리게해 yeah -  머린 오늘따라 마음에 안들기만해  뭘 좋아할까 괜히 고민도 하고  오늘 같은 날이면 시간이 더디기만해  전화를 해볼까 I'm in love with you   어디쯤 오는 걸까 I'm in love  You don't know how I feel  When you smile at me like that  Can't you see that you are the one  To bring me back to life uh -  아침부터 오늘은 왠지 느낌이 좋아  곁에있는 너의 웃음처럼  따뜻한 네 목소린 내게 말을 걸어와  설레이는 시간들 Yeah -  거리는 오늘따라 너무 눈부시기만해  누구나 다들 우릴 보는 것 같아  오늘같은 날이면 시간이 빠르기만해  너와 둘이 걸어가  I'm in love with you  I'm in love -  You don't know how I feel  when you smile at me like that  Can't you see that you are the one  To bring me back to life uh -   Everytime you come around  Everytime you smile at me  Everytime you come around  Can you tell me you love me   Everytime you come around  Everytime you smile at me  Everytime you come around  You love me You love me -
2004.07.25~07.31,12,530958,긴 하루,이승철,The Livelong Day,2004.07.21,Ballad,전혜성,뒤척이며 잠에서 깨며 문득 그대가 없다는 생각에 내 머리 맡에 걸어 놓은  그대의 사진을 보며 이렇게 또 하루 시작 되네요 끝인가요 후회만 남은 사랑 처음으로 돌아 갈 순 없나요 뒤돌아 봐요 휘청거리는  내 인생을 가눌 수 없는  내 마음도 모두 가져 갈 수 없나요 편안하길 바란다구요 나의 편안함은 바로 그대죠 끝인가요 후회만 남은 사랑 처음으로 돌아 갈 순 없나요 뒤돌아 봐요 휘청거리는 내 인생을 가눌 수 없는 내 마음도 모두 가져 갈 수 없나요 편안하길 바란다구요 나의 편안함은 바로 그대죠 다 받기만을 바래 왔었던 난 그대 소중함을 이제 알죠 끝인가요 후회만 남은 사랑 처음으로 돌아 갈 순 없나요 뒤돌아 봐요 휘청거리는 내 인생을 가눌 수 없는  내 마음도 모두 가져 갈 수 없나요 긴 하루 보내야겠죠 끝도 없는 외로움을 숨기며 끝도 없는 외로움을 숨기며 긴 하루를 보내요
2004.07.25~07.31,13,530234,Honeymoon,유엔,Reunion,2004.06.29,Dance,최수정,부드런 밀밭 사이로 불어오는 나른한 바람 그녀의 머릿결이 내 코끝을 살며시 간지르고 새벽차 창가로 비친 한 여름의 태양도 그녀가 보고 있어 눈부시네요 고기를 잡으러 저 바다로 갈까요 진주조개를 따다 그녀 목에 걸고 망고 파파야 향기 묻은 입술로 내게 kiss해요 my sweety 해지는 바다 모닥불 빛 아래 그녀와 둘만의 허니문 하얗게 부서지는 내 발아래 파도 여름의 추억을 만들어 가요 지나간 옛일 여자 얘기들은 물어 보지 말아요 행복하게 살아요 하루하루 그 누구보다 더 오늘이 오길 기다린 나의 맘을 받아주세요  당신이 원하신 다면 울창한 밀림에서라도 바나나 잎을 엮어 아담한 집을 짓고 살 수 있죠 같은 주소를 쓰는 일 서로 닮아 가는 일 너무나 기다려온 나의 꿈이죠 유리 바다 같은 아름다운 해변에 코코넛 body lotion 여자들의 perfume 은빛 모래 고래들의 summer dance 붉은 저녁 노을 party time 해지는 바다 모닥불 빛 아래 그녀와 둘만의 허니문 하얗게 부서지는 내 발아래 파도 여름의 추억을 만들어 가요 지나간 옛일 여자 얘기들은 물어 보지 말아요 행복하게 살아요 하루하루 그 누구보다 더 오늘이 오길 기다린 나의 맘을 받아주세요
2004.07.25~07.31,14,519620,...사랑했잖아...,린,Can U See The Bright,2004.03.29,R&B / Soul,린,나만 원한다 했던 말도 지켜준다던 약속들도 아무렇지 않은 표정으로 버리고 있잖아 너만 바라본 많은 날들 물거품이 돼버린 오늘 또 아무렇지 않게 웃고있을 너잖아 정말 좋았잖아 행복 했었잖아 가슴아픈 그런 일들도 견뎌냈던 우리잖아 제발 그러지마라 아직 사랑하는 날 너도 알고 있잖아 매일밤 울며 전화하는 날 낯설만큼 차가운 니 목소릴 들어도 바보처럼 난 너를 못잊어 이렇게  알면서도 시작한 만남 그녀에게 미안한 맘만 하루하루 지날수록 커진 내 헛된 욕심들 많이 부담스러웠겠지 니 자릴 찾으려 했겠지 난 알고 있었어 닫혀진 너의 마음을 정말 좋았잖아 행복 했었잖아 가슴아픈 그런 일들도 견뎌냈던 우리잖아 제발 그러지마라 아직 사랑하는 날 너도 알고 있잖아 매일밤 울며 전화하는 날 낯설만큼 차가운 니 목소릴 들어도 바보처럼 난 니가 행복하길 바래 다시 나에게 너라는 기회가 온다면 놓치지 않을텐데 니 손 꼭 잡을텐데 니가 원했던 만큼 많이 원했던 만큼 잘해주지 못한 날 미안해 용서해 이해해줘 끝까지 이기적인거 이것도 이해해줄래 바보같은 날 마지막까지 이렇게 마지막 까지 미안해
2004.07.25~07.31,15,606317,Growing Up,넥스트,개한민국,2004.06.01,Rock,넥스트,"난 아주 어릴 때 우리 반에서 앞에서 첫번째 줄에 앉았고 여자애들에게도 전혀 인기가 없었어 성격도 소심한 축에 들었고 유난히 몸이 약해 자주 아팠어 한마디로 말해 별 볼일 없었단 얘기지    그러던 어느 날 양호실에서 배탈이 나 드러누운 그 앨 보았고 내 생애 처음으로 사랑에 빠져버렸어 얼마 후 소풍 날 하필 그 애가 우리 반 아이들 몽땅 모인 앞에서 나의 촌스러운 바지를 놀려대는 거야 당황해버린 난 얼굴이 빨개져 숨이 막혀와 어쩔 줄 몰라서 우왕좌왕 하다가 그만 손을 들어 그 애 뺨을 때렸지 *I""m sorry i""m so sorry 정말 미안해 나의 천사여 엉엉 울면서 집으로  돌아 가던 길은 멀기만 했지 i""m sorry i""m so sorry 결국 말하지 못했던 그 말 그토록 오랜 세월이 가도 가슴에 남아 우연히 들러 본 동창회에서 숙녀가 된 그 애를 다시 만났고 우린 진짜로 사랑에 빠졌으면 좋았겠지만 영화에나 나올 법한 그런 얘기지 졸업 후 다시는 그 앨 못 봤어 결국 삶이란 영화가 아니란 얘기야 정말 아주 우연히 어느 하늘 아래 길을 걷다가 스치듯 지나쳐 갔을 수도 있겠지 너는 내 얼굴을 기억할 수 있을까 I""m sorry i""m so sorry 정말 미안해 나의 천사여 엉엉 울면서 집으로  돌아 가던 길은 멀기만 했지 i""m sorry i""m so sorry 결국 말하지 못했던 그 말 그토록 오랜 세월이 가도 가슴에 남아"
2004.07.25~07.31,16,529850,The Way U Are,동방신기(TVXQ!),The Way U Are (Single),2004.06.23,Dance,태훈,첫눈에 반하기는 힘들어  널 보기전에 믿었었지  생각이 바뀌는건 참 쉬운걸  난 어리석게 혼자였지   애쓴다고 될일은 아닌걸  자연스레 가고 싶어   내 눈물속에 있는 환상안에서만 바라던  니 진심속에 있는 사랑을 피워주게 할래   그 너의생각 너의 관심  니 귀에 달려있던 귀걸이 니 몸무게  너만의 향기 너의 몸짓  모든걸 알고싶어 이런 내게  It's about the way you are   모두가 외로움을 말하지  널 원하던 나를 건너  머리를 비울수가 있다던지  하는건 이제 관심 없어   내눈물 속에 있는 환상안에서만 바라던  네 진심속에 있는 사랑을 피워 주게 할래   그 너의생각 너의 관심  니 귀에 달려있던 귀걸이 니 몸무게  너만의 향기 너의 몸짓  모든걸 알고싶어 이런 내게  It's about the way you are   싫다고는 하지마 니가 느낀 대로야  돌이킬수 없잖아 It's about the way you are  싫다고는 하지마 니가 느낀 대로야  돌이킬수 없잖아 It's about the way you are   그 너의 생각 너의 관심  니 귀에 달려 있던 귀걸이 니 몸무게  너 만의 향기 너의 몸짓 모든 걸 알고 싶어  이런 내게 It's about the way you are   그 너의 생각 너의 관심  니 귀에 달려 있던 귀걸이 니 몸무게  너 만의 향기 너의 몸짓 모든 걸 알고 싶어  이런 내게 It's about the way you are -
2004.07.25~07.31,17,531429,언제라도,화요비,Soul Saver,2004.07.08,R&B / Soul,손상민,멍하니 그대만 바라보다  문득 이별인가봐 까만밤 마지막 입맞춤은  메마른 달빛같아 oh yeah 한 순간 너로 깊이 물든  나 홀로인게 어색해 이비에 너를 씻어내기란  눈물로도 부족해 사랑이라도 이젠 아니라해도  언제라도 널 안고  살아갈 내안에  나를 잊어도 내가 사라진대도  언제라도 널 기다려 나는 어쩌다 내가 없는 하루에  너는 살고 있는지 내 맘이 조금씩 적셔간 너 벌써 햇살 아랜지 이별후라도 지쳐 날 떠났대도  언제라도  난 그리워할께 너만을  아파했어도 이젠 편히 웃어도  언제라도 널 간직해 나는  사랑이라도 이젠 아니라해도  언제라도  널 안고 살아가 내안에  나를 잊어도 내가 사라진대도  언제라도 널 기다려 나는
2004.07.25~07.31,18,529637,따라해 봐,이정현,Passion,2004.06.21,Dance,최은하,우울해보여 누가 널 괴롭혔니 잊혀진 거야 사는게 재미없니 조금만 참아 내가 널 구해줄께 넌 지금부터 나만 쳐다봐   (눈을감아) 생각을 꺼 (과감하게) 너를 비워 (걱정모두) 집어치워 이젠 널 내게 줘 봐   내 춤을 즐겨봐 널 위한 거야 내게로 다가와 나를 가져봐 다 털어버리고 한번 웃어봐 세상이 너를 울려도 날 버리지마 Oh 날 따라해봐 (Oh 날 따라해봐)   사소한 일에 왜 목숨걸고 덤벼 한발 물러나 더 큰 세상을 봐봐 누구나 그래 똑같이 힘든거야 넌 조금 달라 내가 있잖아   (눈을감아) 생각을 꺼 (과감하게) 너를 비워 (걱정모두) 집어치워 이젠 널 내게 줘 봐   내 춤을 즐겨봐 널 위한 거야 내게로 다가와 나를 가져봐 다 털어버리고 한번 웃어봐 세상이 너를 울려도 날 버리지마   왜 아직도 넌 우울해 보이니 그 누가 뭐래도  이 세상엔 너란 건 하나뿐야   날 믿고 따라와 널 찾아 줄게 너를 다 던져봐 이 춤에 빠져 기회는 한번뿐 너를 보여줘 뭐 땜에 꾸물대는지 용기를 내봐   Oh- 날 따라해봐 Oh- 이렇게 해봐 Oh- 뭐하니 지금 Oh- 더 잘 좀 해봐-
2004.07.25~07.31,19,523766,가슴에 지는 태양,김범수,The 4th Episode,2004.04.30,Ballad,윤사라,나의 눈이 멀 것 같아 숨이 멎을 것만 같아 다시 너를 바라볼 수 없는 거라면 살아야 할 이유조차 잃어버린 난 이미 죽은 것과 같을테니까  왜 그땐 몰랐을까 어떻게 사랑해야 하는지 널 갖고 싶어 안으려 애를 써봐도 왜 넌 멀어져만 가는지 나의 꿈속에 너는 언제나  찢겨진 날개와 눈물에 얼룩져 있어  나는 눈이 멀 것 같아 숨이 멎을 것만 같아 다시 너를 느낄 수가 없는 거라면 살아야 할 이유조차 잃어버린 난 이미 죽은 것과 같을테니까 워-  나의 꿈속에 너는 언제나 두 손을 잡으면 닿을 듯 사라져 가지  내겐 시간마저 멈춰 태양마저 빛을 감춰 다시 너를 만질 수도 없는 거라면 니가 있어 눈부시던 나의 세상도 아무 의미조차 없을테니까 워-  다시 한번만 단 한번만 더 기회를 줘 아프지 않게 누구보다 더 행복하게 워-  너를 위해 웃고 싶어 너를 위해 울고 싶어 내 모든 걸 주고 싶은 오직 한 사람 이제서야 너의 맘을 알게 됐는데 떠나지마 다시 돌아와 내게 내게 내게 -
2004.07.25~07.31,20,602285,Ring My Bell (Feat. 나얼 Of Brown Eyed Soul),다이나믹듀오,Taxi Driver,2004.05.17,Rap / Hip-hop,개코,you 내가 필요할 때 내가 힘이될게 전화해 baby tonight ~  내가 필요할 때 내가 힘이될게 언제든지 baby allright  고민 있다면 바로 call me 말해봐 들어줄게 너의 story 슬프고 우울해 그럴 땐 내게와 그럴 땐 우리가 해결사 makes you high  집에만 있기가 갑갑해? 빚 때문에 눈앞이 캄캄해?  사랑 때문에 착잡해?  앞으로 가야 할 길이 막막해? 그럴 땐 삐리리리 피리를 불어보자  휘파람이라도 불어보자 그래도 기분이 안 풀린다면  소리라도 한번 질러보자 사는게 힘들어도 얼굴 찌푸리지 말자  정신 차리고 고쳐보자 팔자  고민하지마 머리 빠진다  우리는 내일을 향해 달린다  you can ring my bell  (언제든지 그대 ring my bell) you can ring my bell  (I can save you my baby)  d y n a m i c double d in the place to be 이제 완전히 새롭게 변하기  친구들에게 전하기 사랑에 배신당한 개츠비라도  현실에 막 발을 담근 미쓰리라도 눈물 짓지 말고 다들 힘내라고  걱정들로부터 해방돼 (say ho~) 어떤 이들은 얼짱의 노예  어떤 이들은 학점의 노예 느슨한 넥타이 직장인들은  몇 달치 밀린 월급의 노예 call me right now 네 고민의 무게는 두돈반  우리가 잘라내줄게 딱 두 동강  지금 get up get up get up get up ha! get up get up get up get up ha! get up get up get up get up ha! get up get up get up get up ha! get up get up get up get up ha!  you can ring my bell  (언제든지 그대 ring my bell) you can ring my bell  (I'll be there 기다려 baby)  haha 이제 일어나 모두 스테이지 위로 나가자  몸치라고 놀려대도 제멋대로 춤추자  haha 그 기분으로 넓은 세상으로 나가자  haha 다 웃으며 살자 like ha ha ha ha  call me up ring me up everyday everynight 그대 주저하지 말고 내게 다가와 call me up ring me up it's alright call me up  everyday everyday~  you can ring my bell  (언제든지 언제든지 my baby) you can ring my bell  (can I save you my baby) you can ring my bell  (I'll be there for you baby everytime) you can ring my bell  (call me up for you baby)  힘들때 전화해 call me up ring my bell  외로울땐 전화해 call me yo ring my bell  처녀총각 아저씨 아줌마도 ring my bell ring my bell let's dancin' with my band  call me baby 언제든지 내게 전화해 baby ring my bell call me baby 언제든지 내게 전화해 baby ring my bell hu~ring my bell
2004.07.25~07.31,21,525938,멈추지 말아요,이현우,Sinful Seduction,2004.05.20,Rock,최우섭,멈추지 말아요 당신 뜻대로 사랑을 하세요 진실한 마음에 후회를 말아요 지난날 추억을 노래를 불러요 추억의 노래를 희미한 불빛속에 온 세상이 잠들면 저 멀리서 들려오는 추억의 종소리  멈추지말아요 강물이 흐르듯 사랑을 하세요 고독한 마음에 후회를 말아요 슬픈 이별을 노래를 불러요 이별의 노래를 외로운 내 마음에 슬픔이 찾아오면 두눈에는 눈물만이 빗물처럼 흐르네
2004.07.25~07.31,22,606079,시간을 찾아서 (Feat. 이적),김진표,Remastering All About JP,2004.05.24,Rap / Hip-hop,김진표,"내 나이 여섯살 때  크지 않은 언덕 위에 작지만 너무도 예쁜 놀이터  하나 있었었지. 거기엔 언제나 혼자,  풀밭에 앉아 예쁜꽃 찾아, 노래를 부르던 여자애 하나.  내 맘을 흔들었지. 말 한번 하지도 못하고  단 한번에 맘을 뺏겨 어린 맘에 찾아든 이상한 감정에 잠까지 뒤척여 주먹을 꼭 쥐고 엄마께 말하고 그녀와 꼭 결혼 하겠다고.  내 나이 스물 여덟 시간은 금새 흘렀는걸 동화 속 공주님 같은 얘기는  내게 너무 사치인걸 이리로 가다, 때로는 저리 가다 계속해 뛰다보면 어느샌가 시간은 흘러 이렇게나 미쳐가나 지나가는 시간을 잡고 한번은 말을 걸고 싶은 건데 날 위해 한번만  멈추어 주었으면 좋겠는데 내가 꿈꾸는 추억 속으로  떠날 한번의 기회 동화 속 공주님을 위해 시간은 도대체 어디 살고 있을까 매일 같이 넌 달리기만 하잖아 혹시 나 몰래 넌 햇볕드는 창에서 쉬고 있진 않을까  어렸을때 내가 훔친  어머니 지갑 속 오백원 되돌려 주지 않은  만화책들이 집에 세 권 아무런 이유도 없이  약한 자를 때린건 네 번 난 거짓말을 매 번 그냥 가책없이 말했던 그때 그 장난 가득한 어린시절에도 난 계속 사고는 쳤지만  내게 행복만 내 주변에 가득했지만  나 지금 내모습 보며, 쓴 웃음만 또 지며, 그때로 돌아가길 간절히 한번 빌어보지만 시간은 도대체 어디 살고 있을까 매일 같이 넌 달리기만 하잖아 혹시 나 몰래 넌 햇볕드는 창에서 쉬고 있진 않을까 어렸을적 나는 고층건물 유릴 닦고 싶다고 그럼 난 하늘을 나는 기분을 느낄 수가 있다고 아님 커서 택시 운전사가 난 될꺼라고 그럼 난 세상 어디든지 여행 다닐 수 있을꺼라고 아니면 난 구멍 가게 주인이 되고 싶다고 그럼 난 내가 원하는 과자  마음대로 먹을 수가 있다고 이 세 가지중 반드시 한가지는 이루겠다고 그렇다고 내 일기장에 적혀있다고  시간은 도대체 어디 숨어있을까 단 한번만 붙잡고도 싶은데 언젠가 나 너를 보게 되는 그 날에 내 작은 상자 안에 널 넣어둘꺼야 이렇게 나 너만 있으면 눈물 흘리지도 않을텐데 가슴 아픈 기억들을 모조리 되돌릴텐데 또 기억 저편에 보내  저 멀리 나를 보내고 오래  머무르며 그녀의 노래 들을수 있을텐데 아마 평생 내가 너를  보는 날은 오지 않겠지 세월이 흘러 주름이 지면 너가 말해주겠지 난 언제나 항상 너와 함게 했다고 다만 니가 몰랐던 것 뿐이라고"
2004.07.25~07.31,23,621632,그댄 달라요,한예슬,논스톱 4 OST,2004.05.20,Drama,윤종신,비교할 수 없는 사랑이 비교할 수 없는 설렘 바로 그대 나에겐 그래요 뭐라고 말하려 해도 바라보다가 건넨 평범한 인사  믿을 수 없이 날 바뀌게 한 아직은 나만의 비밀 그대라는 한 사람 그대는 너무 달라요 내가 본 어느 눈빛보다 날 기대하게 해 언젠가 날 너무나 감동시킬 것 같은 고백이 있을 것 같아 언제부턴가 기다려 그대는 너무 빨라요 날 빠져들게 만든 시간 그댄 날 조급하게 만들었죠 한 걸음만 더 내게 다가와줘 그댄 비밀일 수 없기에 비교할 수 없는 슬픔이 비교할 수 없는 눈물 그대 나를 떠나가는 상상 말없이 떠나가는 걸 잡으려 잡으려고 애를 써봐도 멀어만지는 그대 꿈들이 깨어나도 힘에 겨운 그대라는 한 사람 그대는 너무 달라요 내가 본 어느 눈빛보다 날 기대하게 해 언젠가 날 너무나 감동시킬 것 같은 고백이 있을 것 같아 언제부턴가 기다려져 그대는 너무 빨라요 날 빠져들게 만든 시간 그댄 날 조급하게 만들었죠 한걸음만 더 내게 다가와줘 그댄 비밀일 수 없기에 그댄 달라요 내겐
2004.07.25~07.31,24,1944402,사랑하길 정말 잘했어요,SG워너비,Sg Wanna Be+,2004.01.20,Ballad,안영민,자꾸 멀어져만 가네요 괜한 욕심은 발걸음을  멈춰 보지만 헤어질 수 밖엔 없는데 이런 내 맘은 그댈 잡죠 많이 사랑했는데 정말 좋았는데 지난 추억이 날 붙잡고  놓질 않아요 사랑하길 정말 잘했어요  그댈 만난 건 나를 살아있게 만드는  운명과도 같았죠 우리 다시 사랑할 때까지 그댈 기다릴게요 좋은 기억만 행복했던  추억만 가져가요 생각이나 날까요 기억은  할까요 그대 내 손에 쥐어주던  편지들까지 사랑하길 정말 잘했어요  그댈 만난 건 나를 살아있게 만드는  운명과도 같았죠 우리 다시 사랑할 때까지 그댈 기다릴게요 좋은 기억만 행복했던  추억만 가져가요 셀 수없이 많은 날이 지나  그리워하죠 나의 눈물만큼 커져 가네요 하루에도 수 백번씩 그대  이름 불러요 그대 기억 안에 멈춰버리죠 사랑하지 말걸 그랬어요 그댈 만난 건 눈물로 지샐 또 하루를 선물 받은 것 같죠 내가 살아가는 동안 만이라도 기다릴게요 다시 만나면 끝내 못했던 그말 사랑해요
2004.07.25~07.31,25,531748,순간을 믿어요,언니네이발관,순간을 믿어요,2004.07.12,Rock,이석원,한 마음 둘이 되어 거침없는 슬픔 찾아오네  이제와서 꿈속을 헤메어본들  어디에도 너는 없을거야   I saw your something  너의 달콤했던 말  I saw your something  너의 영원한 미소 그리워  이 순간들을 다시 헤아려보니  그래도 내게 기쁨이 더 많았어   영원한 것은 없다 생각하지는 말아요  우리 기억속에 남은 순간을 믿어요   한 마음 둘이 되어  달콤했던 순간 사라지네  이제와서 꿈속을 헤메어본들  어디에도 너는 없을거야   I saw your something  너의 달콤했던 말  I saw your something  너의 영원한 미소 그리워  이 순간들을 다시 헤아려보니  그래도 내게 기쁨이 더 많은 날이었어   나 항상 너를 뺏길 것 같아  애써 모든 일들을 가리려고만 했지  그 아픈 속을 다시 헤아려보니  그래도 내게 기쁨이었었네   I saw your something  너의 달콤했던 말  I saw your something  너의 비밀의 고백  I saw your something  My peach be alive  이제 모두 영원한 순간이 되려하네  I saw your something
2004.07.25~07.31,26,1033779,대한건아 만세,엔알지(NRG),New radiancy 6 group,2004.04.30,Dance,천명훈,앞으로가라 (I want you go) 깨우치리라 (I want you fly) 하나로 뭉쳐 승리하리라  대한건아 만세 다 같이모여 (I want you go) 노래하리라 (I want you fly) 손에 손잡고 함께하리라  대한열녀 만세 그대여 우리세계 중심이여  의심하지말고 합심 바로 결심 내가슴에 시동을걸어 뱃고동  소리와 함께 울려퍼져 Rpm Power 자기절제 하지마 쭉쭉나가 1Step 2Step 계속 밟아 나가다가 밖으로 앞으로 옆으로 새지말고 지구촌 세계로 풍류가무도 우리 민족이 제일  어깨동무로 바로 하나로 통일 매너 최고라네 어진 선비왕비  미모 외모도 한국여자가 제일 너의 열풍은 여기저기 퍼져  모두의 기쁨으로 내공이 커져 춤의 진수를 보여 끼를 막 뿌려  결국은 성공해서 대박이 터져 망설이지 마라 네 모든것을 던져  그 가슴을 불태운 너의 열정으로 더 뒤쳐지지 마라 네 세상이 기다려  아무 생각하지 말고 앞으로 앞으로 뱃놀이 가세 (어기여차) 노 저어가세 (저기여차) 어깨가 들썩 얼씨구 좋다  대한건아 만세 뱃놀이 가세 (어기여차) 노 저어가세 (저기여차) 어깨가 들썩 지화자 좋다  대한열녀 만세 인생이란 가끔은 복잡해  되는일도 안되면은 답답해 너의삶에 스케줄이 빡빡해  뒤에서 힘껏 밀어줄께 전진해 더이상의 외도 네 능력밖의 괘도  아무리 그 누가 뭐라말을 해도 버티는 게 힘이다 우리만의 제도  악으로 깡으로 그게 너의 태도 이 순간을 즐겨봐  오늘 하루만  모든 것을 잊어봐 Happy tonight 머리를 흔드는 너는 Sensation  음악은 우리들의 Communication 강한 여자 늠름한 남자  원한다면 진짜 한 방에 가자 앞 뒤 재지 말고 눈치 보지 말고  손을 머리위로 으�X 으�X 후회하지 마라 너의 전부를 걸어 그 가슴을 불태운 너의 열정으로 또 다시 일어서라 네 미래가 기다려 아무 생각하지 말고 앞으로 앞으로 앞으로가라 (I want you go) 깨우치리라 (I Want you fly) 하나로 뭉쳐 승리하리라  대한건아 만세 다 같이모여 (I want you go) 노래하리라 (I Want you fly) 손에 손잡고 함께 하리라  대한열녀 만세  아직은 아픔도 남아있기에  너무 힘든게 현실이기에 부족하지만 내 어깨에 날갤 달아  하늘을 향해 소리칠거야 이젠 힘껏 날아가리라(망설이지 마라 ) 네 모든 것을 던져 그 가슴을 불태운 너의 열정으로 더 뒤쳐지지 마라 네 세상이 기다려 아무 생각하지 말고 앞으로 앞으로 뱃놀이가세 (어기여차) 노저어가세 (저기여차) 어깨가들썩 얼씨구 좋다  대한건아 만세 뱃놀이가세 (어기여차) 노저어가세 (저기여차) 어깨가 들썩 지화자 좋다  대한열녀 만세
2004.07.25~07.31,27,527136,My Friend (Radio Edit),디기리,리듬의 마법사,2004.06.04,Rap / Hip-hop,,내게 있어줘 내게 이젠 넌 내가 어때 난 이제는 니가 편해 넌 꼭 나와 같은데 내게 말해줘 이제 내맘은 예전 같은데 널 기다리고 있는데 넌 꼭 올 것 같은데 난 너와 헤어진 후로 이렇게도 아무렇지 않게 널 다시 만날줄은 난 몰랐어 원래 여자랑 친구 하는거 몰라 우리 과거는 그렇다 치고 지금 우리관계는 너와 난 단순한 친구 넌 나의 너 이후 지나온 여자를 알듯이 난 너의 나 이후 지나온 남자들을 알아 맞아 이게 너와 내가 될 수 없는 이유잖아 지금은 너와는 싸울 일은 없지 조금은 조심해 널 대하지 술 먹을때 넌 꼭 내 옆에 앉진 않아 날 부를때 자기란 말 대신 이젠 이름을 부르잖아 내게 있어줘 내게 이젠 넌 내가 어때 난 이제는 니가 편해 넌 꼭 나와 같은데 내게 말해줘 이제 내맘은 예전 같은데 널 기다리고 있는데 넌 꼭 올 것 같은데 내게 넌 왜 그런 애기를 해 이 얘기는 왜 해 질투 원해 원래 그렇게 해 이제 속 시원해 이해하겠는데 니가 요즘 만나는 남자의 얘기 따윈 솔직히 짜증나 아직 난 니가 다른 사람을 만나도 신경 쓰이지 않는다는 건 거짓말 네거지만 내 옆자린 비워도 일부러 미워도 날 불러 곁에 있을테니 괜히 이래도 서둘러 넌 알잖니 넌 마치 나와 같이 느껴지고 있지 누굴 만나도 너 같지는 않겠지 이런 내 맘이 사랑일리는 없지 어쩌면 이건 변명 같은 내 자존심의 어린억지 아직까지 너에 대한 내 마음이 남아 다시 사랑으로 느껴지고 있는데 이런 내가 널 기다리는데 아직까지 네게 아무말도 못해 이런 맘을 네게 들키긴 싫은데 그런데 넌 내게서 점점 더 연인보다 친구로서 머무는데 내게 있어줘 내게 이젠 넌 내가 어때 난 이제는 니가 편해 넌 꼭 나와 같은데 내게 말해줘 이제 내맘은 예전 같은데 널 기다리고 있는데 넌 꼭 올 것 같은데 넌 내 옛 여자 헤어져 이젠 상관없지만 우리의 예전 지난 얘기들 시들해져 버린 것처럼 이런저런 기억의 의미 기억해 희미해져 어쩌면 잊고 있겠지 넌 이미 매일같이 하고 싶은 말이 있지만 다시 만나자는 이 말이 머무네 내 목구멍에 널 보는 동안 내내 다음은 다시 내 차례일까 안돼 난 감정의 처리가 내게 있어줘 내게 이젠 넌 내가 어때 난 이제는 니가 편해 넌 꼭 나와 같은데 내게 있어줘 내게 이젠 넌 내가 어때 난 이제는 니가 편해 넌 꼭 나와 같은데 내게 말해줘 이제 내맘은 예전 같은데 널 기다리고 있는데 넌 꼭 올 것 같은데 넌 마치 나와같이 느껴지고 있지 그렇기 때문에 더욱 편안하지 누굴 만나도 너 같진 않지 넌 꼭 나와 같은데 넌 마치 나와같이 느껴지고 있지 그렇기 때문에 더욱 편안하지 누굴 만나도 너 같진 않지 넌 꼭 올 것 같은데 넌 꼭 올 것 같은데
2004.07.25~07.31,28,510419,哀心歌 (애심가),신승훈,Ninth Replay,2004.02.03,Ballad,심현보,부디 잘 지내라 한들  그럴 수 있을까  쉬운 말 한마디 아껴  맘으로 빌어주는  굳이 잊으라 하기엔  잊겠다 했지만  두 눈 두 귀를 가리면  꿈속도 그대인걸   내곁을 스쳐지나 바람도  그대에게 갈텐데  이토록 그리운 마음까지  보낼 수 없는게 안타까워   이제는 잊어야 할텐데  모르고 살아야 할텐데  인연을 거슬러 가는 길에  그대는 눈물로 내리고   사랑은 깊은 병이되어  온몸에 더디게 퍼지고  이 삶의 끝에서 눈 감으면  그제야 편해질까   내곁을 스쳐지나 바람도  그대에게 갈텐데  이토록 그리운 마음까지  보낼수 없는게 안타까워   이제는 잊어야 할텐데  모르고 살아야 할텐데  인연을 거슬러 가는 길에  그대는 눈물로 내리고   사랑은 깊은 병이되어  온몸에 더디게 퍼지고  이 삶의 끝에서 눈 감으면  그제야 편해질까   그대를 만나려고 세상에 왔을텐데  이제는 그대를 잊으려 살아가네   떠나도 떠난게 아니지  보내도 보낸게 아니지  내안의 그대를 안고 살면  그래도 살아는 질텐데   서글픈 사랑은 이렇게  내안에 두고두고 남아  평생을 살아도 낫지않을  상처로 남아있네 -
2004.07.25~07.31,29,524216,물고기자리,이안,물고기자리,2004.05.06,Ballad,김선민,혹시 그대가 어쩌다가 사랑에 지쳐 어쩌다가 어느 이름모를 낯선 곳에 날 혼자두진 않겠죠 비에 젖어도 꽃은 피고 구름가려도 별은 뜨니 그대에게 애써 묻지않아도 그게 사랑인걸 믿죠 저기 하늘끝에 떠 있는 별처럼 해뜨면 사라지는 그런 나 되기 싫어요 사랑한다면 저 별처럼 항상 거기서 빛을 줘요 그대 눈부신 사랑에 두눈 멀어도 돼 하늘에 박힌 저 별처럼 당신의 아픔으로 묶여 움직일 수가 없지만 난 변하지 않을테니 작은 꽃잎위에 맺힌 이슬처럼 해뜨면 사라지는 그런 나 되기 싫어요 사랑한다면 저 별처럼 항상 거기서 빛을 줘요 그대 눈부신 사랑에 두눈 멀어도 돼 하늘에 박힌 저 별처럼 당신의 아픔으로 묶여 움직일 수가 없지만 난 변하지 않을테니 비에 젖어도 꽃은 피고 구름가려도 별은 뜨니 묻지 않아도 난 알아요 그대 내 사랑인 걸 작은 꽃잎에 이슬처럼 저기 하늘끝 저 별처럼 다시 해뜨면 사라지는 내가 되기 싫어요 변하지 않을테니
2004.07.25~07.31,30,522845,180˚,MC몽,180 Degree,2004.04.23,Rap / Hip-hop,,Yeah~ This is Supa Size  I`m here bye  Introduce my man MC 몽 New Joing~~~  Oh Come On~ Come On~ Uh!!! Uh!!!  This is story of His Life!!!  Mr. M.O.N.G!!!  나를 보고 바보 라고 사람들이 놀려대도  그 아무도 그 누구도 무시못해 (너나 잘해)  밑도 끝도 없이도 죽도 밥도 안돼도  후회 없어 난 행복해 Hey~ Hey~ Hey~ 노래부르세~  삼류인생에서 계약금 억대로  차가운 마루바닥에서 따뜻한 양탄자로  1991년식 낡은 스틱 고물차에서 빛나는 스포츠카로  벼랑끝 낭떠러지에서 떨어 질 듯 말듯 했던  내 인생이 강하므로 수많은 시행착오  겪으므로 내 청춘 탄탄대로  남들보다 월등 하지 못해도  내가 갖고 있는 재능에 노력에 결과로  내 인생은 180도 완젼 바뀐 내 인생은 고속도로  회전목마도 돌고 돌고 우리 인생도 돌고 돌고  안 풀린다고 너는 울고 기회를 놓치면 해는 저물고  나를 보고 바보 라고 사람들이 놀려대도  그 아무도 그 누구도 무시못해 (너나 잘해)  밑도 끝도 없이도 죽도 밥도 안돼도  후회 없어 난 행복해 Hey~ Hey~ Hey~ 노래부르세~  OK!!! 마지막 찬스 로또 일등  저마다 사람들이 꿈꿔오는 일들  쉽게 표현해서 인생역전  전후 반전 상관없이 오로지  한방을 향해서 싸우는 쟁탈전  쫓지마 헛된 꿈은 꾸지마  어릴적 믿어왔던 꿈도 역시 잊지마  너의 땀과 노력이 보인다면  차례차례 순서대로 부와 명예 오는 법인걸  내 말이 맞을걸  좋든 싫든 원했든 원하지 않았든  달려 더 뛰어 더 빨리 널 위해  (더 높게 올라갈 수 있게)  (Music) 제대로 (Rap) 제대로  (Dance) 제대로(Feel)제대로  똑바로 살려면 스타일은 제대로  나를 보고 바보 라고 사람들이 놀려대도  그 아무도 그 누구도 무시못해 (너나 잘해)  밑도 끝도 없이도 죽도 밥도 안돼도  후회 없어 난 행복해 Hey~ Hey~ Hey~ 노래부르세~  (더 높게 올라 갈 수 있게)  난 빠르게 정상을 향해 갈께  (더 높게 올라갈 수 있게)  난 빠르게 자신을 믿을께  (돈) 제대로(사랑) 제대로  (우정) 제대로(군대)제대로  (음악)제대로 (성공)제대로  갈 길은 멀으니 모두 Up in here!!!  진흙 속에 피어난 연꽃처럼  아스팔트 위에 핀 잡초처럼  설악산에 기둥 흔들 바위처럼  애벌래에서 변하는 오!!! 나비처럼  원래 인생은 강강수월래  돌고 돌고 돌다 360도  회전하면 다시 한줌의 흙으로  자연에 섭리로 돌아가는 물레방아래  나를 보고 바보 라고 사람들이 놀려대도  그 아무도 그 누구도 무시못해 (너나 잘해)  밑도 끝도 없이도 죽도 밥도 안돼도  후회 없어 난 행복해 Hey~ Hey~ Hey~ 노래부르세~  나를 보고 바보 라고 사람들이 놀려대도  그 아무도 그 누구도 무시못해 (너나 잘해)  밑도 끝도 없이도 죽도 밥도 안돼도  후회 없어 난 행복해 Hey~ Hey~ Hey~ 노래부르세~
2004.07.25~07.31,31,516205,욕심쟁이 (duet with 이소은),김동률,4집 토로 (吐露),2004.03.09,Ballad,김동률,매일 아침에 젤 먼저 날 깨워주기  내가 해 준 음식은 맛있게 다 먹어주기  한 달에 하루쯤은 모른 척 넘어가주기  친구들과 있을땐 나 말고 딴데 보지않기   잠들기 전에 꼭 내게 전화해주기  한 번 들은 얘기도 재밌게 다 웃어주기  혹시 몸이 아플 땐 나에게 숨기지 않기  하고싶은 얘기는 돌려서 말하지 않기   사랑한다는 말은 나에게만 하기  좋아한다는 말도 너무 아껴하지 말기  혼자서만 괜히 삯히지 말고  무슨 일이든 다 말해주기  우리끼린 절대 거짓이 없기   엉엉 울 때엔 날 그냥 내버려두기  내가 투정 부릴 땐 말없이 껴안아 주기  술이 취해 전화를 걸어도 화내지 말기  남자들의 세계는 절대로 넘보지 않기   사랑한다는 말은 나에게만 하기  좋아한다는 말도 너무 아껴하지 말기  서로에게 상처 받았던 일들  그 자리에서 다 털어놓기  우리끼린 절대 비밀이 없기  괜히 다툼끝에 서로 토라질 때  먼저 말 걸어주고 미안하다 말하기   사랑한다고 날 좋아한다고  너무 보고싶다고 수도 없이 말해주기  서로에게 감동 받았던 일들  마음 속 깊이 감사해 하기  내가 잘해주는 만큼 나에게 더 잘해주기   헤어지자는 말은 평생 꺼내지도 말기  지금까지 굳게 맺었던 약속  단 한 가지도 빼놓지 않기  내가 사랑하는 만큼 더욱 더 날 사랑하기   헤어지자는 말은 평생 꺼내지도 말기  지금까지 굳게 맺었던 약속  단 한 가지도 빼놓지 않기  내가 사랑하는 만큼 더욱 더 날 사랑하기 -
2004.07.25~07.31,32,521718,벌써 이렇게,쿨(COOL),Cool Best,2004.04.19,Ballad,싸이(PSY),Yo! 그리워하다 미워하다  지워버리지 뭐 지워버리지 뭐  시간이 약이야 다 순간이야   Check it 너와 헤어졌을 당시 나는 미쳐 잠시  숨을 쉬지 못할 정도의 슬픔과 아픔  또 가끔씩 들려오는 니 소식에  나 소심해져서 술로 지새  이러다 니가 죽든 내가 죽든  이건 무슨 사람 사는게 아냐  여기든 저기든 어디든지 간에  뭘 하든지 간에 무조건 너만 생각나네  하지만 날 떠났던 그 사람은 저만치에 가고  다시 사랑 않겠다던 그 당시의 각오  넌 잊혀져가고 yo! 시간이 약이야 다 순간이야  시간 지나고 나서 보니 계절이 다시 오니  그리워하다 미워하다 지워버렸지 뭐  이젠 뭐 그렇지 뭐 가물가물해  또 새로운 사랑 이젠 가능해   이젠 나 다른 사람 만나러 가요  새로운 사랑이 오는가봐요  너없인 안될줄 알았는데  벌써 이렇게 벌써 이렇게  이젠 나 다른 사람 만나러 가요  새로운 사랑이 오는가봐요  그사람 만나러 가는 길  벌써 이렇게 또 다시 떨려와요   너랑 같이 갔던 같은 곳이야  너가 아닌 딴사람과 함께 말이야  사람이란게 간사한게  이렇게 새롭게 시작된 지금이  좋을 뿐이야 그뿐이야 묘한 기분이야 이젠 내겐 새로운 만남에 대한 설레임이 전부  나의 전부였던 너는 더는 없어  이제 벌써 설레임이 내일  그리고 차츰 익숙해져 매일  세상 제일 기쁜 사람으로 만들어 주고 싶은 맘  그 어느때보다 훨씬 더 커 아름다운 기쁜 맘  고의적으로 미안하게 했다만  이젠 그저 너도 어여 나보다 좋은 사람 만나  보란듯이 떵떵거리며 잘 살길 바란다 난  우리 딱 여기까지만 그럼 난 이만   이젠 나 다른 사람 만나러 가요  새로운 사랑이 오는가봐요  너없인 안될줄 알았는데  벌써 이렇게 벌써 이렇게  이젠 나 다른 사람 만나러 가요  새로운 사랑이 오는가봐요  그사람 만나러 가는 길  벌써 이렇게 또 다시 떨려와요   그리워하다 미워하다 지워버렸지 뭐  시간이 약이야 다 순간이야  너는 더는 없어
2004.07.25~07.31,33,523088,인연,이승철,불새 OST,2004.04.26,Drama,윤일상,눈을 떠 바라보아요 그댄 정말 가셨나요  단 한번 보내준 그대 눈빛은 날 사랑했나요  또 다른 사랑이 와도 이젠 쉽게 허락되진 않아  견디기 힘들어 운명같은 우연을 기다려요   지워질 수 없는 아픈 기억들  그리워하면서도 미워하면서도 난 널  너무 사랑 했었나봐요 그댈  보고싶은 만큼 후횐 되겠죠   같은 운명처럼 다시 만난다면  서러웠던 눈물이 가슴속에  깊이 남아 있겠죠 우-  날 위해 태어난 사람 그대 이제 떠나줘요  힘들어 지쳤던 그댈 그리워하며 살아가요  지워 질수 없는 아픈 기억들  그리워 하면서도 미워하면서도 그댄  날 사랑할순 없었나봐요 이젠  그저 바라볼수 밖엔 없겠죠 아- 나 살아가는 동안 다시 만난다면  차마 볼수 없음에 힘겨운 눈물을 흘리죠   나는 정말 그댈 사랑해요 -
2004.07.25~07.31,34,1590296,종이 비행기 (A Soaring For Dream),문희준,A Soaring For Dream,2004.04.22,Rock,문희준,난 항상 바랬었죠 내 속에 살고 있는 아픔과 미움들이 모두 사라지기를 아침에 눈을 뜨면 어젯밤 꿈속에서 좋았던 기억들이 현실로 이뤄지기를 난 아픈 세상에서 자유롭고 싶어 사랑과 희망의 두 날개로 난 슬픔들을 접어 비행기를 만들어 내 꿈을 타고 날아올라요 난 이제 자유롭죠 불타는 가슴으로 슬픔을 태워버려요 내 모든 힘을 다해 내 꿈을 펼칠거야 세상을 만들어가요 난 항상 보기 싫던 구차한 사람들도 이제와 생각하면 모두 고마워져요 내곁에 사랑하는 따뜻한 사람들이 너무 소중한 걸 알게 해 주었죠 난 이제 자유롭죠 불타는 가슴으로 슬픔을 태워버려요 내 모든 힘을 다해 내 꿈을 펼칠거야 세상을 만들어가요  난 힘들때면 피할 수 없는 고통뿐이지만 소중한 내 꿈을 이룰 수 있게 천천히 이겨 나가요 언제나 언제나  내 모든 힘을 다해 내 꿈을 이룰거야 세상을 만들어가요 (우리만의 세상 꿈꿔왔던 세상)
2004.07.25~07.31,35,517389,그리고,한경일,New Wave,2004.03.13,Ballad,서하나,누군갈 만나도 아무 상관이 없겠죠 해맑게 웃던 편안했었던  우리 함께했던 추억 몇해가 지나고 그댈 잊혀져갈때쯤 난 그댈 본 거죠 우리 처음 만난 낮은 언덕길에서 그길로 달려가 막아섰죠 잃어버린 사랑이라 믿으며 놀란 두 눈에 고여있는 그 눈물만이 날 기억하는데 워 잘못봤다고 보내야만 했죠 곁에 서있는 그 사람과 함께 내 오랜 기다림들을 보내야만 했죠 곁에 서있던 사람에게  안돼요 뒤돌아보면 안돼요 그 사람이 싫어할지 몰라요 그렇게 모른척 걸어가세요 두번 다시 멈추지 말고서 워 잘못봤다고 보내야만 했죠 곁에서 있는 그 사람과 함께 내 오랜 기다림들을 보내야만 했죠 곁에 서있던 사람에게 사랑했나요 나를 떠나행복한가요 그대 내게 다시 오기를 난 믿어요 (잘못봤다고) 보내야만 했죠 (곁에 서있는) 그 사람과 함께 내 오랜 기다림들을 보내야만 했죠 곁에 서있던 사람에 게
2004.07.25~07.31,36,492857,다 괜찮아요,리사,Finally,2003.11.04,R&B / Soul,,난 다 알고있는 걸요 그대 삶 속에 함께 있던 난데 누굴 만나고 또 얼마나 가끔 웃고있는지 늘 보고있는 것처럼 모두 다 느끼죠 다 알아요 아파했던걸 그대 곁에서 날 떼어내는 일이 그대만 믿고 있던 그대만 알고 있던 나를 보면 꺼내기까지 힘들었죠 헤어지자는 그 얘기 참 다행스럽죠 우리 헤어지고도 미운 맘없이 늘 걱정뿐이니 항상 고마운걸요 기억 속에 이렇게 곱게 남아준 그대가 있어서 늘 그대가 보고싶었죠 하루종일을 그대 생각에 쓰고 듣고 싶은 목소리 기억하려 한참 애써보지만 꿈에도 그댄 안보이죠 잘 지내고 있는거죠 늘 괜찮았어요 지난 우리 사랑은 매일 처음처럼 보고싶으니 항상 미안했어요 한번 뿐인 그 사랑 마지막까지 지키지 못해서 깨어나는 일이 두려운 아침에는 눈을 감고 그대 얼굴만 떠올리곤 하죠 내가 그댈 잊지 않고 사는 한 늘 우리 사랑은 그대로죠 난 다 괜찮아요 그대 없는 오늘도 미운 맘 없이 늘 걱정스러울 뿐인걸요 고마워요 기억 안에 이렇게 곱게 남아준 그대가 있어서 난 언제나 괜찮아요
2004.07.25~07.31,37,530163,Hot Mail (여름편지),SMTOWN,2004 Summer Vacation In SMTown.com,2004.06.29,Dance,Kenzie,"Well it's the SM TOWN third time around  We got that beat that""ll make you wanna get down  We got the whole SM crew back again  New Face 동방 go tell a friend 이제부터 시작되는 여름 이야기  바다 바람이 파도 속에 들어가고  푸른 꽃들의 녹 빛 웃음마저 태어난 바로 그곳  이제 떠나 볼까? Ha  내 두 눈 가득히 눈부신 태양 비출 때  내 가슴 터질듯 사랑 안고  그대의 잡은 손 놓지 않아요  함께 떠나자는 메일을 보냈어  시원한 바람 속에 모든  걱정 고민 따윈 모두 잊어버려요  꿈꾸어 왔던 바로 그곳으로  일년을 한참 기다린 그곳으로  바로 이 순간 놓칠 순 없어요  자 지금 떠나자   우릴 향해 열린 하늘과  저기 기다리는 미래와  내곁에 있어준 너에게만  내 모든걸 주고싶어요  내 전부인 그대에게  이 시간 바쳐도 나는 아깝지 않아  지금 이대로 모든 것 다 난 충분하기때문에   Get Down With The Sound Of The SM Town  Fell The Breeze From The Heat  And The Sand On Your Feet  We're Gonna Take YallOn An Escapade  So Let Loose, Let's Celebrate, What  함께 떠나자는 메일을 보냈어  시원한 바람 속에 모든  걱정 고민 따윈 모두 잊어버려요  꿈꾸어 왔던 바로 그곳으로  일년을 한참 기다린 그곳으로  바로 이 순간 놓칠 순 없어요  자 지금 떠나자   우릴 향해 열린 하늘과  저기 기다리는 미래와  내곁에 있어준 너에게만  내 모든 걸 주고 싶어요  내 전부인 그대에게  이 시간 바쳐도 나는 아깝지 않아  지금 이대로 모든 것 다 난 충분하기 때문에   달라지는 매일 속에  한순간 아쉬움만 쌓여 가는 걸  저 바다 가득한 나만의사랑을 아낌없이 주고싶어  아름다운 세상 언제나 함께인 너와 나  여름밤 부드러운 바람 속에 둘만의 얘기를만들고  내 전부인 그대에게  이 시간 바쳐도 나는 아깝지 않아  지금 이대로 모든 것 다 난 충분하기 때문에   꺼봐봐 Bye 안에 있던 너를 지워봐  Funny 상상은 섬으로 파도 같은  나의 Flow C.Y. No  깨어나 우리 같이 떠나 예 들어봐 재원 어  니가 없는 나의 가슴 답답해  너의 손을 잡은 순간 상상해  꿈을 꾸며 그려왔던 나의 푸른 바다  너와 내가 함께하고 있어"
2004.07.25~07.31,38,518619,친구여 (Feat. 인순이),조pd(ZoPD),Great Expectation 조PD Pt. 2: Love And Life,2004.03.23,Rap / Hip-hop,조pd(ZoPD),yeah how hottest track of  the year you know what time isit right  now right here yo cuz I'm back again yeah  once again it's 조PD time once again I'm back again yeah once again with 인순이 on top again I'm back again yeah once  again come on 우리들의 얘기로만 긴긴밤이 지나도록 when the time is alright it's way to survive 기다려 hold on 사랑들은 하고있나 많은것을 약속했나 힘들어도 try 포기하지 말아 it will be alright alright 친구여 세월이많이 변했구려 같이 늙어간단 말이 내게는 그저 먼 미래의 일일뿐이었는데 얼굴에 솜털의흔적도 없구려 어느 새 남자의 미래는 책임감과 무거운 중압감 하지만 햇살은 저 높은 곳에 각자의 이상을 위해 모두 바쁘네 자랑스런 나의 친구들아 나는 열심히 살아가고 있단다 우린 일 사랑 사회가 issue 하지만은 인간적일 뿐일 실수는 모두 겪어야지 너무 재수없는  직장 상사얘기 별 수 없이 아저씨 되는게  뭐가 대수 이 담에 소주 한 잔 할때까지 답장은 필수 always miss you 우리들의 얘기로만 긴긴밤이 지나도록 when your sprit is alright it's way to survive 기다려 hold on 그런다면 eventually go on stand on your on feel 힘들어도 try포기말아 it will be alright alright 세월에 무감각 해져가네 현실의 삶과 이상속에 아련한 추억이 너무 그립네 친구들과 뛰놀던 그 동네 바쁘게 지내온 나날속에 지난날을 돌아보지 못했는데 어느 날 잠에서 깨어날 때 꿈에서 본 듯한 나의 옛동네 찾아가봤지 친구들과 같이 너무 큰 기쁨으로 가슴이 뛰었지 dejavu 느끼고 추억의 자리에서  흐느끼고 생각에 생각이 꼬리를 물고 해지면은 소주병 나발을 불고  여기 추억과 바닷바람 그리고 너무나 사랑하는 사람들이 있네 인생에 뭐가 더 있나 돈 명예 미래 따위야 말로 영원할 순 없소 이 diamond 같이 someting's never change yo KTP 인순이 조PD Let's party 인생 끝날때까지 come on 우리들의 얘기로만 긴긴밤이 지나도록 세월이 지나도 변치 말자고  약속했잖아 영원토록 변치 않는 그런  믿음 간직할래 세월이 지나서 다 변해도 변치 않는 것 하나 이젠 뭘 하더라도 그 시절 같을 순  없으리오 이젠 바쁘더라도 가끔 전화를  해보시오 이젠 뭘 하더라도 그때와 같을 순  없으리오 이젠 바쁘더라도 우리의  추억을 기억해줘 이젠 뭘 하더라도 그 시절 같을  순 없으리오 이젠 바쁘더라도 가끔 전화를  해보시오 이젠 뭘 하더라도 그때와 같을  순 없으리오 이젠 바쁘더라도 우리의  추억을 기억해줘 친구여
2004.07.25~07.31,40,1589039,여기보다 어딘가에,하림,Whistle In A Maze,2004.04.09,Ballad,이미나,아무 일도 없는 하루 또 하루 가 나를 지치게 해 보잘 것 없는 일상 초라한 평화속 숨막혀 하면서 사는 동안 잃어버린 모든 것은 이곳에는 없으니 이제 나 떠난다 크게 숨쉬며 돌아봄 없이 내가 가 두었던 내 자유를 찾아 하늘과 호수 들판을 달려 파도가 흰 구름을 품는 곳으로  나 또 다시 이곳으로 돌아오기 위해서 이제 나 떠난다 크게 숨쉬며 돌아봄 없이 내가 가 두었던 내 자유를 찾아 하늘과 호수 들판을 달려 파도가 흰 구름을 품는 곳으로  뚜뚜두룹 뚜뚜두룹  뚜뚜두룹 뚜뚜두룹  내가 가 두었던 내 자유를 찾아 뚜뚜두룹 뚜뚜두룹  들판을 달려 뚜뚜두룹 뚜뚜두룹  뚜뚜두룹 뚜뚜두룹  파도가 흰 구름을 품는 곳으로 지금 여기보다 그 어디엔 가로
2004.07.25~07.31,41,519287,Together,KYT(코요태),Koyote 6,2004.03.26,Dance,,잊어 모두 다 잊어   그런 사랑 하나로 울지마   그냥 쉽게 스칠 인연에   왜 그리 애태웠는지   웃어 더 크게 웃어   이제 맘 편히 홀로 즐겨봐   평생 둘러봐도 모자랄   멋진 이 세상을 느껴봐   언제나 쉽게 찾아온 사랑은   또 쉽게 나를 떠나가 버리지   지난 아픔은 던져 버려   저 높은 하늘 위로   Sing all together   큰 소리로 세상 끝까지 소리쳐봐   이제껏 흘려왔던 내 눈물만큼   마음껏 외치는거야   Dance all forever   모두 잊고 기쁨만으로 날 채워봐   이제는 더 이상 내겐 슬픔은 없어   그렇게 믿어봐   one two y'all best believe   just hold my hand  let's ride eternity  three four no time indeed  let's rock it last time  back together now  always in my heart in my soul  there's no way  we can drop or down fold  now slowly build it up  and now roll  we back together now  dance forever now  하루 똑같은 하루  그 속에 지쳐가던 내 모습  어떤 기쁨조차 없었던  그런 내가 정말 싫었어  언제나 다신 사랑 않겠다고  그렇게 다짐해도 또 무너져  이젠 더 이상 울지 않아  행복한 내일 위해  Sing all together  큰 소리로 세상 끝까지 소리쳐봐  이제껏 흘려왔던 내 눈물만큼  마음껏 외치는거야  Dance all forever  모두 잊고 기쁨만으로 날 채워봐  이제는 더 이상 내겐 슬픔은 없어  그렇게 믿어봐  Enjoy Together  오늘만은 모두 다 잊어보는 거야  이제는 더 이상 내겐 아픔은 없어  나의 세상이야
2004.07.25~07.31,42,517087,사랑은 (Song 정인),리쌍,"Leessang, Special Jungin",2004.03.05,Ballad,KENNETH,잊어야죠 이제는 보내야죠  놔야겠죠 잡고있던 인연도 남겨진 슬픔 추억은  내 맘속에 흔적으로 남길께요   알았었죠 우리의 마지막을  예감했지만 멈출수가 없어  불안한 우리 사랑 더 밀어붙인 거죠  그렇지만 괜찮아요 지금도 후횐없어요   나에겐 사랑은 상처만을 남겼지만  사랑은 웃는법 또한 알게했고  사랑은 살아갈 이유를 주었다가  사랑은 절망이 뭔지도 알게했죠   사랑은 그렇게 왔다간거죠  내 마음속에서 love is   또 오겠지 나에게 다른 사랑이  그땐 지금처럼 힘들진 않겠죠  이미 사랑이 어떤건지  나에게 알려주고 갔으니  날 보낸 지금보다 쉽겠죠   사랑은 상처만을 남겼지만  사랑은 웃는법 또한 알게했고  사랑은 살아갈 이유를 주었다가  사랑은 절망 또한 알게했죠  사랑은 내게 알려주었죠  이 모든 것들을   내게 사랑은 함께라는 걸 보여주고  이별은 외로움 또한 남겨줬고  사랑은 다가서는 법을 알려주고  이별은 멀어지는 법도 알게했죠  사랑은 내게 알려주었죠  이 모든 것들을 love is -
2004.07.25~07.31,43,507875,My Little Princess (있잖아요...),동방신기(TVXQ!),Hug,2004.01.14,Ballad,,"Baby baby baby (있어줘)  How can I forget all the special memories of you.  Still remember, My little princess.  Baby baby baby (있어줘)   사랑이겠죠 이런 내 마음은 숨기려해도 금새  입가엔 미소만 하루도 안돼 또 보고싶어져  어쩌죠 내맘은 깊은 병에 걸린걸 게으른 내 모습  이제 없을꺼에요 좋은 것만 보여주고 싶은걸요   저기 높은 하늘로 날아가 사랑한다고 세상에 말할래  깊은 밤하늘에 꺼지지 않는 girl  너만을 지키는 빛나는 별이 될께요.  You're my love   헤어지잔말 행복하란 그 말(괜찮단 그 말)  영원히 우리 절대 하지 않기로 해.  지금처럼만 내 곁에 있어줘 부족한 나인 걸  이해해주길 바래   어른스런 내 모습을 기대해줘요  네게 가장 어울리는 남자가 되고 싶은 걸   언제까지나 그대 맘 속에 내가 들어갈 수 있도록  허락해줘 만일 그대도 나와같다면 아픔은 없죠  이젠 그댈 나 지킬께 for you.   (내가 널 얼마나 사랑하는 줄 아니.. 내 곁에 있어줘)   My little princess 이제껏 숨겨온 나만의 사랑  늘 보여줄꺼야 영원토록 변치 않는맘으로 girl  내 자신보다 더 더 사랑해줄 거라고  You're my love 약속할께.."
2004.07.25~07.31,44,521067,Dream Come True,고유진(플라워),신생아 (新生我),2004.04.09,Ballad,"고유진(플라워),이상명",텅빈 마음에 하루하루 살아가는 게  얼마나 부질없었는지 내가 눈 떴을 때  Wanna fall in love  너의 곁에 머물 수 만 있다면  부디 그럴 수 있다면   Don't you know that my heart  이런 꿈이 이뤄진다면  이젠 니 안에서 잠자던 나를 깨워 줄꺼야  사랑해 너를 간절한 내맘 알았다면  닫혀있던 작은 가슴을 열어 줄 수 있겠니   Make my Dream come true  너의 곁에 머물수만 있다면  부디 그럴 수 있다면   Don't you know that my heart  이런 꿈이 이뤄진다면  이젠 니 안에서 잠자던 나를 깨워 줄꺼야  사랑해 너를 간절한 내맘 알았다면  닫혀있던 작은 가슴을 열어 줄 수 있겠니   너를 향한 간절했던 나의 사랑을  그저 차갑게 버려 두지마  내 곁에 머물러줘   Don't you know that my heart  이런 꿈이 이뤄진다면  이젠 니 안에서 잠자던 나를 깨워 줄꺼야  사랑해 너를 간절한 내 맘 알았다면  닫혀있던 작은 내 가슴을 열어 줄 수 있겠니   사랑이라면 날 찾을 수 있어
2004.07.25~07.31,45,521704,그곳에 서서,박효신,Soul Tree,2004.04.20,Ballad,채정은,멀리도 돌아왔어 오는 길이 늦었어 그게 미안했어 항상 하지만 니가 없는 건 기다려주지 않는 건 상상도 못한 일이야 니가 있던 자리엔 싸늘한 바람만 일어 가슴은 너무 아픈데 난 울 수도 없겠어 너만 향해 왔는데 빛을 따라 온 건데 이제는 내 모든 게 사랑에 묻혀 끝난 거야 가라앉을 배처럼 지나친 욕심이었나 아님 자만이었나 절대 안 떠날 너라고 하지만 너는 없었어 돌아올 곳이 없었어 그토록 힘이 들었나 너를 사랑한 곳엔 너 아닌 그리움 살아 잊기엔 너무 많아서 난 잊을 수 없겠어 너만 보고 온 건데 이젠 안 떠날텐데 살아갈 희망없는 난 다 끝난 거야 조금씩 가라앉을 배처럼 이기적인 내 방황이 답답했던 내 방황이 자꾸 널 떠밀었어 니 맘을 아프게 했어 니가 있던 자리엔 그대로 니가 서있어 내가 널 너무 사랑해 널 보낼 수 없겠어 그냥 함께 갈 거야 니가 빛이었으니 어차피 너 없는 나는 나 아닌거니 기다리겠어 이젠 내가 널 기다려 니가 아팠던 바로 그 곳에 서서 저 깊이 가라앉을 때까지
2004.07.25~07.31,46,519558,I`m Sorry,파이브(F-IV),F-IV Story,2004.03.31,Ballad,"방시혁,박채원,조은희",너의 곁에 없어도  사랑은 계속될꺼야  널 떠난다고 말해서 I'm Sorry  난 변했다고 말해서 I'm Sorry  차마 얘기할 수 없어서  입가에만 맴돌다  내 안에만 남겨둔 말 I'm Sorry  너무나 사랑했나봐 I'm Sorry  정말 널 사랑했나봐  미안하다는 그말로 이해를 바라기에  한없이 부족한 나를 용서할 수 없었어  I can't ever be your man  더는 자신이 없어  너를 사랑한다면 이젠 놔줘야만 해  Though I wanna be your man  정말 해준게 없어  너무 미안했기에 못한 그말 I'm Sorry  죽을 것 같아도 다시 널 부르면 안돼  이렇게 보내는 날 알면 넌 두번 울게돼  내가 원했던 건 전부 사랑했던 건 모두  나를 떠났기에 너도 잃고 말 것만 같아  I can't ever be your man  더는 자신이 없어  너를 사랑한다면 이젠 놔줘야만 해  Though I wanna be your man  정말 해준게 없어  너무 미안했기에 못한 그말 I'm Sorry  쉽지는 않겠지만 너무 아프겠지만  이대로 가는거야 널 갖고 싶다는  비겁한 내 맘을 잘라내는 그날까지  행복했다는 행복했다는 말도  고마웠다는 말도 전할 수 없는 말로  내 맘속에서 말해  너에 곁에 없어도 사랑할꺼란 말도  돌아서는 눈물로 전해 그말 I'm Sorry  행복했다는 말도  고마웠다는 말도 전할 수 없는 말로  내 맘속에서 말해  너에 곁에 없어도 사랑할꺼란 말도  돌아서는 눈물로 전해 그말 I'm Sorry
2004.07.25~07.31,47,602443,Knockin Heaven`s Door,유미,내 여자 친구를 소개합니다 OST,2004.06.01,"Korean Movie,Ballad",밥딜런,Yeah yeah yeah Yeah yeah yeah Mama take this badge off me I can't use it anymore It's getting dark too dark to see Feels like I'm knockin' on heaven's door Knock knock knockin' on heaven's door Knock knock knockin' on heaven's door Knock knock knockin' on heaven's door Knock knock knockin' on heaven's door Mama put my guns in the ground I can't shoot them anymore That long black cloud is comin' down I Feels like I'm knockin' on heaven's door Knock knock knockin' on heaven's door Knock knock knockin' on heaven's door Knock knock knockin' on heaven's door yeah yeah yeah Knock knock knockin' on heaven's door  Knock knock knockin' on heaven's door Knock knock knockin' on heaven's door Knock knock knockin' on heaven's door Knock knock knockin' on heaven's door
2004.07.25~07.31,48,509599,Heffy End,서태지,Seotaiji 7th Issue,2004.01.27,Rock,서태지,내가 널 널 그렇게 바라보는 걸 누구도 이해하진 않지만 넌 나를 이해할까 So 네 입술 속에 그 속에 나의 눈물을 흘리게 해줘 난 늘 곁에 네 곁에 언제나 너의 옆에 난 서있는 걸 넌 어째서 네 곁에 서있는 날 그렇게 차갑게 외면하니 난 너만 너만 Sorry 미안해 지난밤 나의 잘못을 후회했어 I thought it was over But it's not over 난 또 너의 뒤를 난 쫓고 있어 더 달려봐 더 멀리 뛰어봤자 결국 넌 내 앞에 있는걸 정말 모르니 날 모르니 차라리 꺼져버리라고 말해 줘 나에게 미소를 지어봐 날 달래봐 제발 나지막이 속삭여줘 It's all right It's all right 네 창가에 가리워진 나의 미련을 감싸 안아 넌 내 옛 기억엔 단 하나의 내 일부분인 걸 네 생명이 이슬처럼 청명함이 남아 있을 때 널 가져가려 해 난 이제 너와 단 둘만의 소망을 이룰게 니 추악한 이 세상에 두터운 밀랍의 성을 짓고 난 너와 너와 깨끗한 해피앤드
2004.07.25~07.31,49,522764,약속,이지훈,Trinity,2004.04.22,Ballad,윤사라,언제부터 이렇게 날 기다리고 있었니  차가웠던 바람에 몹시도 추웠을텐데  두눈 가득 고인 눈물 숨기며 나를 바라보는 너 예전처럼 내 품에 꼭 안아줘도 괜찮니  하고싶은 얘기가 너무나 많았었는데  한마디도 생각나지 않아서 너만 바라보는 나  행복하게 잘 지낼 거라던  다시는 날 찾아오지 않을거라던  그 약속 먼저 어겨준 네가 지금  내게 얼마나 아름다운지 알수 없겠지   나를 떠나간 네가 견딜 수 없이 미웠어  나보다 니가 많이 아프길 바랬었는데  야위어진 너의 모습을 보니 너무 가슴이 아파  행복하게 잘 지낼 거라던 다시는 날 찾아오지 않을거라던  그 약속먼저 어겨준 네가 지금  내게 얼마나 한없이 아름다운지  순간보다 참 힘들었다고  다시는 날 떠나는 일 없을거라고  나에게 다짐하고 있는 너  지금 네가 얼마나 고마운지 넌 알수 있겠니 이번엔 그 약속 지키는 거니
2004.07.25~07.31,50,2025252,Why,테이,The First Journey,2004.01.05,Ballad,하해룡,우리 우연히 만났죠  변한게 하나 없기에 첫눈에그대를  알아보았죠  함께 거리를 걸으며  어색한 안부를묻고  기약도없이 헤어졌지만    I don't know why   왜 눈물이나는건지  또 잡지도 못하고  항상기다려온 우연인데도    waitong for you   날 떠나던 그날처럼  또 멍하니 서 있죠  다시 시작할순 없는거냐고  말도못하고    다른 사람도만나고  나 그댈잊어보려고   수없이 나를 힘들게했어    I don't know why   첫사랑은 영원토록  내눈물로 새겨져  평생지울수가 없는거니까    waitong for you   다 남겨진그날처럼  늘여기에 있어요  내게 되돌아올 아픔마저도  간직한채로    다시만날거라고  운명을믿으며  참고 살아갈께요    I don't know why   왜 눈물이나는건지  또 잡지도 못하고  항상기다려온 우연인데도    waitong for you   날 떠나던 그날처럼  또 멍하니 서 있죠  다시 시작할순 없는거냐고  말도못하고
