time,rank,song_id,title,singers,album,date,genre,creator,lyric
2001.05.20~05.26,1,7712,당신은 모르실거야 (CF - LIG 핑클편),핑클,Memories & Melodies,2001.04.13,Ballad,길옥윤,당신은 모르실 거야 얼마나 사랑했는지 세월이 흘러가면은 그때서 뉘우칠 거야 When a think about feel about him I'm not really sure If I want to give my heart away If it's love or just a game 마음이 서글플 때나 초라해 보일때에는 이름을 불러주세요 나 여기 서 있을 게요 두 눈에 넘쳐 흐르는 뜨거운 나의 눈물로 당신의 아픈 마음을 깨끗이 씻어드릴게 당신은 모르실 거야 얼마나 사랑했는지 뒤돌아 봐 주세요 당신의 사랑은 나요 When a think about feel about him I'm not really sure If I want to give my heart away If it's love or just a game 두 눈에 넘쳐흐르는 뜨거운 나의 눈물로 당신의 아픈 마음을 깨끗이 씻어드릴게 당신은 모르실 거야 얼마나 사랑했는지 뒤돌아 봐 주세요 당신의 사랑은 나요 당신의 사랑은 나요
2001.05.20~05.26,2,8290,처음처럼,성시경,처음처럼,2001.04,Ballad,양재선,이런 내 모습 기다려줬나요  늘 그자리에서 다른 세상을 보며  그대 자꾸 작아져 애써 멀리한 나를 처음 그대를 혼자 사랑하며 나 흘린 눈물이 이제 그대 눈에서 아픈 사랑이 되어 자꾸 흘러내려요  기억속으로 기억속으로 그 계절속으로 계절속으로 우리 함께한 날들 생각나죠 그댄 여기서 그대로 사랑했나요 변해가던 내 모습까지도 다가가던 그 눈물로 그대 앞에 설께요 처음처럼 내가 다시 그 자리로 가도 된다면 눈물 뿐이죠 지친하루 끝에 그대가 없다면 항상있던 자리에 그대가 없어지면 내가 살수 있을지 기억속으로 그 계절속으로 우리 함께한 날들 생각나죠 그댄 여기서 그대로 사랑했나요 변해가던 내 모습까지도 다가가던 그 눈물로 그대 앞에 설께요 처음처럼 내가 다시 그 자리로 가도 된다면 아무 말 없이 웃어준 그대에게 나 돌아와 행복해도 되나요 워 나의 뒤에서 얼마나 힘들었나요 알면서도 난 멀리 있었죠 세상이 날 힘들게 해 이제야 찾아오는 바보같은 내가 그대에겐 삶의 전부였나요 전불 잃고 많이 힘들었나요
2001.05.20~05.26,3,78002,하나의 사랑,박상민,The Road,1998.02,Ballad,조은희,가슴속에 차오르는 그대  이렇게 외면 하지만 나는 이미 알고있잖아  그댈 원하고 있어  날 바라보는 그대 눈빛 속에  영원히 머물고 싶어  함께 할 수 없는 사랑을  이젠 견딜 수가 없어 다가갈수록 멀어지는  그대 뒷모습 바라보고 있어  돌아서서 젖어오는 슬픔을  그댄 알 수 없을꺼야  서로 잠시 멀리 있다해도  이제는 느낄수 있어 오직 내가 꿈꿔왔던건  그대라는 단 하나의 사랑  다가갈수록 멀어지는  그대 뒷모습 바라보고 있어  돌아서서 젖어오는 슬픔을 그댄 알 수 없을꺼야 그댄 알 수 없을 꺼야
2001.05.20~05.26,4,1213165,Special Night,양파,Perfume,2001.03.30,Ballad,양파,On the special night I want to tell you how much I love you  나 그대에게 다 고백할게 아무 약속 없는 친구 사인 너무 힘들어 그냥 말없이 눈 감아요 조심스레 눈뜨면 거짓말처럼 내 모든 걸 사랑하게 되는 운명이죠 On the special night I want you to know 나 그댈 사랑해요 곁에 있어도 너무 보고 싶어 이런 순간이 다신 없겠죠 My love 나 그대에게 다 감사해요 어두운 내 맘도 우리 행복으로 숨쉬죠 바라만 봐도 좋은 그대 조심스레 꿈 깨면 거짓말처럼 이 모든 게 사라져 버리진 않겠지요 On the special night I want you to know 나 그댈 사랑해요 먼 훗날 우리 지금 모습처럼 내 안에 그대 영원하겠죠 My love 나 두 번 다시 후횐 않겠죠 그대와 함께라면 이젠 On the special night I want you to know 나 그댈 사랑해요 곁에 있어도 너무 보고 싶어 이런 순간이 다신 없겠죠 My love
2001.05.20~05.26,5,53615,사랑일뿐야,김민우,사랑일뿐야,1990.02.10,Ballad,박주연,나를 어떻게 생각하냐고 너는 내게 묻지만 대답하기는 힘들어 너에게 이런 얘길 한다면 너는 어떤 표정 지을까 언젠가 너의 집 앞을 비추던 골목길 외등 바라보며 길었던 나의 외로움의 끝을 비로소 느꼈던 거야 그대를 만나기 위해 많은 이별을 했는지 몰라 그대는 나의 온몸으로 부딪혀 느끼는 사랑일 뿐야 나를 어떻게 생각하냐고 너는 내게 묻지만 대답하기는 힘들어 너에게 이런 얘길 한다면 너는 어떤 표정 지을까 언젠가 너의 집 앞을 비추던 골목길 외등 바라보며 길었던 나의 외로움의 끝을 비로소 느꼈던 거야 그대를 만나기 위해 많은 이별을 했는지 몰라 그대는 나의 온몸으로 부딪혀 느끼는 사랑일 뿐야
2001.05.20~05.26,6,7148,환상속의 그대,서태지,태지의 화,2001.04.11,Rock,서태지,결코 시간이 멈춰질 순 없다 Yo 무엇을 망설이나 되는 것은 단지 하나뿐인데 바로 지금이 그대에게 유일한 순간이며 바로 여기가 단지 그대에게 유일한 장소이다 단지 그것뿐인가 그대가 바라는 그것은 아무도 그대에게 관심을 두지 않는다 One Two Three Let's go 그대는 새로워야 한다 아름다운 모습으로 바꾸고 새롭게 도전하자 환상 속엔 그대가 있다 모든 것이 이제 다 무너지고 있어도 환상 속엔 아직 그대가 있다 환상 속의 그대  그대의 환상 그대는 마음만 대단하다 그 마음은 위험하다 자신은 오직 꼭 잘 될 거라 큰 소리로 말하고 있다 하지만 지금 그대가 살고 있는 모습은 무엇일까 환상 속엔 그대가 있다 모든 것이 이제 다 무너지고 있어도 환상 속엔 아직 그대가 있다 환상 속의 그대  세상은 Yo 빨리 돌아가고 있다 시간은 그대를 위해 멈춰 기다리지 않는다 사람들은 그대의 머리 위로 뛰어다니고 그대는 방안 구석에 앉아 쉽게 인생을 얘기하려 한다 환상 속엔 그대가 있다 모든 것이 이제 다 무너지고 있어도 환상 속엔 아직 그대가 있다 환상 속의 그대
2001.05.20~05.26,7,18357,좋은 사람 (Feat. 김형중),토이,Fermata,2001.05.10,Ballad,유희열,오늘은 무슨일 인거니 울었던 얼굴 같은걸 그가 너의 마음을 아프게 했니 나에겐 세상 젤 소중한 너인데 자판기 커피를 내밀어 그속에 감춰온 내 맘을 담아 고마워 오빤 너무 좋은 사람이야 그 한마디에 난 웃을뿐 혹시 넌 기억하고 있을까 내 친구 학교 앞에 놀러왔던 날 우리들 연인같다 장난쳤을때 넌 웃었고 난 밤 지새웠지 니가 웃으면 나도 좋아 넌 장난이라 해도 널 기다렸던 날 널 보고 싶던 밤 내겐 벅찬 행복 가득한데 나는 혼자여도 괜찮아 널 볼수만 있다면 늘 너의 뒤에서 늘 널 바라보는 그게 내가 가진 몫인것만 같아 친구들 지겹다 말하지 늘 같은 노랠 부르는 나에게 하지만 그게 바로 내 마음인걸 그대 먼곳만 보네요 혹시 넌 그날 내맘을 알까 우리들 아는 친구 모두 모인밤 술취한 널 데리러 온 그를 내게 인사시켰던 나의 생일 날 니가 좋으면 나도 좋아 니 옆에 그를 보며 나완 너무 다른 난 초라해지는 그에게 널 부탁한다는 말 밖에 널 울리는 사람과 위로 밖에 못하는 나 니가 웃으면 나도 좋아 넌 장난이라 해도 널 기다렸던 날 널 보고 싶던 밤 내겐 벅찬 행복 가득한데 나는 혼자여도 괜찮아 널 볼수만 있다면 나 늘 너의 뒤에서 늘 널 바라보는 그게 내가 가진 몫인것만 같아
2001.05.20~05.26,8,10838,먼곳에서,박효신,Second Story,2001.02.01,Ballad,박창학,지금 너는 내일을 믿고 있는지 칠흙같은 밤들이 지나고 아무일도 없었던 것처럼 눈을뜨면 새롭게 시작되는 아침을 언젠간 이렇게 될 수 있길 바랬지 너의 슬픔이 모두 끝날 수 있게 잊어버려 그게 너를 위한 일이라면 함께 했던 우리의 약속들을 나는 지금 여기 있어 바로 너의 곁에 있어 그렇지만 너에겐 보이지 않는것일뿐 내가 너를 지켜줄게 더 이상 아프지 않게 이제 나를 잊어버릴 수 있게  언젠간 이렇게 될 수 있길 바랬지 너의 슬픔이 모두 끝날 수 있게 잊어버려 그게 너를 위한 일이라면 함께 했던 우리의 약속들을 나는 지금 여기 있어 바로 너의 곁에 있어 그렇지만 너에겐 보이지 않는것일뿐 내가 너를 지켜줄게 더 이상 아프지 않게 이제 나를 잊어버릴 수 있게 나는 지금 여기 있지 바로 너의 곁에 있지 그렇지만 너에겐 보이지 않는것일뿐 내가 너를 지켜줄게 더 이상 아프지 않게 이제 나를 잊어버릴 수 있게
2001.05.20~05.26,9,19091,미안해요,김건모,Another Days.......,2001.05.14,Ballad,"김건모,최준영",그대는 나만의 여인이여  보고 또 보고 싶은 나만의 사랑  그대는 나만의 등불이여  어둡고 험한 세상 밝게 비춰주네요   그대여 지금껏 그 흔한 옷한벌 못해주고  어느새 거칠은 손한번 잡아주지 못했던  무심한 나를 용서할수 있나요  미안해요   이 못난 날 만나 얼마나 맘 고생 많았는지  그 고왔던 얼굴이 많이도 변했어요  내맘이 아파요   그대는 나만의 여인이여  아직도 못다한 말 그댈 사랑해요   그대의 생일날 따뜻한 밥 한번 못 사주고  그대가 좋아한 장미꽃 한송이조차  건네지 못했던 나를 용서할수 있나요  미안해요   사는게 힘들어 모든걸 버리고 싶었지만  그대의 뜨거운 눈물이 맘에 걸려  지금껏 살아요   그대는 나만의 여인이여  아직도 못다한 말 그댈 사랑해요
2001.05.20~05.26,10,85108,바보,박효신,해줄수 없는일,1999.12,R&B / Soul,조우진,너무 모르고 있죠 이미 떠난 사인데  언젠가 올 거란 생각에 마냥 웃고만 있죠  슬픈 상처뿐인데 곁에 있을 거라 믿었죠  걱정돼요 내가 없으면 어느 것 하나도 할 수 없던 사람인데  꼭 한번 만날 수 있다면 아직 남겨진 내 맘 전하고 싶은데  내가 부족한가요 당신을 원한 이유로 이렇게 날 외면하려 하나요  단 한번 사랑을 믿어요 볼 수 있다면 나 웃고 살 수 있는데  허나 다른 사랑 찾아가란 말은 말아요 날 버리진 않겠죠  그럴 리 없잖아요 you  부탁해요 곁에 없어도 몸조심하세요 참 힘겨워 했잖아요  또 다시 만날 수 있다면 아직 남겨진 내 맘 전하고 싶은데  내가 부족한가요 당신을 원한 이유로 이렇게 날 외면하려 하나요  단 한번 사랑을 믿어요 볼 수 있다면 나 웃고 살 수 있는데  허나 다른 사랑 찾아가란 말은 말아요 날 버리진 않겠죠  그럴 리 없잖아요  언젠가 잠시라도 기억 할 수 있다면 난 그걸로 되요
2001.05.20~05.26,11,33026,Good Life,드렁큰타이거,The Legend Of...,2001.03.22,Rap / Hip-hop,"김성애,Curbin,다이나믹듀오",한잔 두잔 비워내는 술잔   혀를 지나 목구멍으로   넘어가는 순간   이제부터 시작되는 너와나의 시간  흘러가는 나그네들에 유일한 위안   한잔의 데낄라 같은 쓰디쓴   내 인생은   one shots liquorshots to my   세상 의미   현실에 우물안 같은 내 버림   내 삶 깊이   너와나 old my time   바꿔 삶에 그림자 같은 의미  끝없는 경쟁 속에 나는 우정속에   터지는 기쁨에 눈물 조이는 내 목에   텅 빈 내맘 위해 불러보는   슬픈노래 손에  슬픈 술잔 속에 친구 자니  be walking the dark until he's   back bright back   힙합은 나의 술 so where are   you at   이젠 내 가슴에 파인 상처로 매꿔   그리고 마셔   여지껏 쌓인 나의 울분을 토해 뱉어  채워줄께 가득히 one shots   잔을위로 come on 머리위로   come on   건배 to my 세상 yo everybody   come on   우리위한 축배를 one shots   잔을위로 come on 머리위로   come on  건배 to my 세상 yo everybody   come on  yo 조용히 히 해 내 말좀 들어봐봐   내 술잔처럼 깨져버린 내인생의   drama   나를 버리고 간 너 곧 후회하지 지   지금 누구도 나를 건든다면   후회하지 히   나는 drunken 주정뱅이 끝없이   지껄이는 나   비틀비틀거리는 yo 쓰러져가는 팽이   괜히 저 눈길이 가는 저 table에 lady   the we can make wah we can  make better 항상 내 기대치만큼 더 이상에 만큼  좀 더 깊이 다가가지 못할지라도  항상 텅빈 나의 가슴 채우지  못할지라도  내 인생과 난모든 진실을 위해  내 인생 그것을 위해 우리들에 입에  straight on shots 독한물에 취해 나에  심장으로 부터나온 삶에 많은 얘기  후에 clark와 같이 바람과 함께  나는 사라지네 채워줄께 가득히 one shots  잔을위로 come on 머리위로  come on  건배 to my 세상 yo everybody  come on  우리위한 축배를 one shots  잔을위로 come on 머리위로  come on 건배 to my 세상 yo everybody  come on 채워줄께 가득히 one shots  잔을위로 come on 머리위로  come on  건배 to my 세상 yo everybody  come on  우리위한 축배를 one shots  잔을위로 come on 머리위로  come on 건배 to my 세상 yo everybody  come on 채워줄께 가득히 one shots  잔을위로 come on 머리위로  come on  건배 to my 세상 yo everybody  come on  우리위한 축배를 one shots  잔을위로 come on 머리위로  come on 건배 to my 세상 yo everybody  come on
2001.05.20~05.26,12,10398,하루,김범수,Remember,2000.11,Ballad,채정은,사랑이 날 또 아프게해요  사랑이 날 또 울게 하네요  그렇게 사랑했던 추억마저 잊어달라며  사랑은 잔인하게 떠나가네요  정말 내가 괜찮을까요  그대가 한 그 인사처럼  그래 그댄 눈 가린채  모르는 척 떠나는게  차라리 편할 테죠  변할 수도 있는 거겠죠  저 바람도 매일이 다른데  그래도 이 세상에 살고 싶단 행복을 준건  너무나도 고마웠어요  사랑이 날 또 아프게해요  사랑이 날 또 울게 하네요  그렇게 사랑했던 추억마저 잊어달라며  사랑은 잔인하게 떠나가네요    잊을 수도 있을거예요  그대처럼 나도 변하겠죠  하지만 그날까지 내가 어찌 살아낼까요  벌써 그댈 보고 싶어요  사랑이 날 또 아프게해요  사랑이 날 또 울게 하네요  그렇게 사랑했던 추억마저 잊어달라며  사랑은 잔인하게 떠나가네요  이렇게 또 하루가 지나가네요    사랑이 날 또 아프게 하네요  사랑이 날 또 울게 하네요  다시는 못쓰게된 내 가슴은  이렇게 아픈데  사랑은 꿈을 깨듯 허무하네요  이렇게 또 하루가 지나가네요
2001.05.20~05.26,13,8305,편지 (Original Ver.),최재훈,Trap,2001.04.18,Ballad,채정은,내 영혼이 내 몸을 벗고 자유롭게 될거야 그럼 나의 사랑도 힘든 세상에다 두고 갈거야 그림자로 살아갈 만큼 강한 내가 아니야 널 갖지 못한 나 슬픔이 많던 나 모두 함께 태워 뿌려줘 널 처음 본 날 영화처럼 스쳐가 내 운명을 돌려놓은 그날이 이 세상은 감히 널 선택한 벌이 었나봐  니가 없는 곳에 태어날거야 워~  깨우지마 널 잊게 될테니 가엾은 날 너무 욕하지는마 내가 너로 인해 떠났다고 힘들어도마 그저 새로 시작하고 싶었어 사랑했어 그래서 내가 미치기 전에 멈춰야만 했어 나도 내 사랑이 힘에 겨워서 널 처음 본 날 영화처럼 스쳐가 내 운명을 돌려놓은 그날이 이 세상은 감히 널 선택한 벌이 었나봐  니가 없는 곳에 태어날거야 워~  깨우지마 널 잊게 될테니 가엾은 날 너무 욕하지는마 내가 너로 인해 떠났다고 힘들어도마 그저 새로 시작하고 싶었어 사랑했어 그래서 내가 미치기 전에 멈춰야만 했어 나를 널 다치게 할까봐 끝도 없이 달릴 사랑때문에 이젠 멈춰진 거야 나도 내 사랑도 정말 힘에 겨웠어
2001.05.20~05.26,14,2528,가져가,홍경민,Hong Kyung Min,2001.03.20,Dance,김창환,뭐하는 거야 지금 너는 내 앞에서 장난치지마 겉으로 슬픈척 괴로운척해도 속으론 웃는걸 알아 날보고 있지만 지금 니 마음속엔 이미 다른 사람이 지금껏 너를 사랑했던 내 모습을 모두 지운걸 알아 넌 이미 변했어 지금껏 내가 알던 니가 아니야 니가 낯설어 너무 어색해서 차마 널 볼 수가 없어 내가 사랑했던 상냥한 니 모습을 찾을 순 없어 그런 널 보면 너무 화가 나서 나는 견딜 수가 없어 모두 가져가 내게 주었던 지난날의 너의 사랑도 내가 너 땜에 괴로워하며 다시는 너를 찾지 않도록 그냥 가버려 좀더 냉정히 어설픈 미련 남기지 말고 그게 마지막 니가 나에게 해주는 배려가 될테니까 변명하지마 이젠 내게 솔직하게 모두다 털어놔 괜히 날 위로한답시고 맘에 없는 말로 날 놀리지 말고 내앞에선 울고 뒤돌아 서면 웃을꺼라는걸 난 알아 차라리 그럴 바엔 내가 싫어졌다 내게 솔직히 말해 줘 어차피 갈거면 어설픈 거짓말로 위로하지마 그냥 솔직히 다른 사람 만나 사랑하게 됐다 말해 줘 널 잊을 수 있게 조금더 냉정하게 내게 말해 줘 그래야 나도 아무 미련 없이 너를 잊을 수 있으니 모두 가져가 내게 주었던 지난날의 너의 사랑도 내가 너 땜에 괴로워하며 다시는 너를 찾지 않도록 그냥 가버려 좀더 냉정히 어설픈 미련 남기지 말고 그게 마지막 니가 나에게 해주는 배려가 될테니까 모두 가져가 내게 주었던 지난날의 너의 사랑도 내가 너 땜에 괴로워하며 다시는 너를 찾지 않도록 그냥 가버려 좀더 냉정히 어설픈 미련 남기지 말고 그게 마지막 니가 나에게 해주는 배려가 될테니까
2001.05.20~05.26,15,62176,끝,싸이(PSY),Psy From The Psycho World,2001.01.18,Rap / Hip-hop,싸이(PSY),너를 처음 본 그 날을 잊지 못하는 나  Uh! Uha! yo! yo! keep on! keep on!   너의 머릿속은 나를 귀찮아 하는 생각 잔뜩  나를 피하려는 마음만 잔뜩  하지만 내 머릿속은 니 모습만으로 가득  나를 등지고 서 있는 너를  혼자 보고 혼자 좋아했던 내가 문득  너를 잊겠다 마음 먹었어  처음부터 지금까지 너무 힘들었어  무관심도 아닌 편견과 오해로 인해  나를 모르는채 나를 나쁘게  생각하는 너의 관심을 얻어보려  그냥 니가 아는 사람중의 한 명이 되어보려  너무나 애써 너에게 다가갔어  아직도 한참 멀지만 그래도 조금 가까워진게  너무나 행복했어 항상 너에게 감사했어  너를 알게 되어서 너와 전화할 수 있게 되어서  가끔이라도 너를 들을 수 있다는게  너무나 행복했어   행복했어 너를 알게 된 순간부터  너무나 행복했어 너를 처음 본 순간부터  너무나 행복했어 지금도 행복해  내가 떠나가도 너는 슬퍼하지 않으니까   전화만 가끔하던 너를  단둘이서 보기는 불편하다던 너를  결국 만나게 된거야 아니 근데 이게 뭐야  이렇게 좋을 수 가 있는거야  어째야 할지 몰라 헛소리 한게 수차례  평소에 잘 되던 것도 잘 안돼  아직도 내 차안에 너를 만날 때  할 말과 할 것을 적어놓은 쪽지가 보일 때  혼자 웃다 또 니 생각날 때가 올까봐  청승맞게 슬퍼질까봐  너를 힘들게 잊었는데 그때가서 나를 찾을까봐  너를 잊기로 한 지금 내 마음  속은 너무나 큰 아쉬움  너를 원했던 만큼 그 마음이 컸던 만큼  쉽게 잊을 수 없는 나의 마음  오랜 후에도 가끔 후회할거야 지금   행복했어 너를 알게 된 순간부터  너무나 행복했어 너를 처음 본 순간부터  너무나 행복했어 지금도 행복해  내가 떠나가도 너는 슬퍼하지 않으니까  행복했어 행복했어   행복했어  지금도 행복해  내가 떠나가도 너는 슬퍼하지 않으니까   더이상 미련은 내게 없어  너에 대한 욕심도 이젠 없어  그동안 아픔 다 지우겠어  너에 대한 미련도 다 지우겠어  더이상 미련은 내게 없어  너에 대한 욕심도 이젠 없어  그동안 아픔 다 지우겠어  너에 대한 기억도 다 없애겠어  이제는 모든 것을 끝내겠어   행복했어 너를 알게 된 순간부터  너무나 행복했어 너를 처음 본 순간부터  너무나 행복했어 지금도 행복해  내가 떠나가도 너는 슬퍼하지 않으니까
2001.05.20~05.26,16,6855,I` ll Be There,이브,The 4th Album,2001.04.11,Rock,G.고릴라,I'm so lonely I'm so lonely 그대 날 떠나간 그날 이후로 수많은 밤과 슬픈 아픔에도 너를 잊지못해 나는 혼자인 걸 그리워도 못잊어도 두번 다시는 볼 수 없겠죠 다 아는데도 그리 쉽지 않아 너를 잊지못해 나는 혼자인걸 I'll be there 나에겐 그대 하나 뿐이야 항상 너만 꿈꾸며 살아가는  나에게로 What a feeling I feel love 너도 알고 있잖아 많은  날이 지나도 I'll be there and I'll be  there and wait for you 소중한 사랑이란걸 알아 언젠가 나에게 가르쳐 주고 이제 나만 혼자 남아 I can't breath without you and I can't live without you I'll be there 나에겐 그대 하나 뿐이야 항상 너만 꿈꾸며 살아가는  나에게로 What a feeling I feel love 너도 알고 있잖아 많은  날이 지나도 I'll be there and I'll be  there and wait for you  I'll be there I'll be there
2001.05.20~05.26,17,8921,오빠,왁스,엄마의 일기,2000.11.14,Dance,,그냥 편한 느낌이 좋았어
2001.05.20~05.26,18,19175,고백,이승철,Confession,2001.03.21,Dance,이승철,느낌이와 멀어져 가고 있는 느낌이와  이젠 떠나가줘 내곁에서 널 사랑했던 눈물도 이젠 없어  그 어느날 빗속에 가려진 내 눈물보며  이젠 기억할수 없을 만큼만 사랑해 달라며  내게 애원하던 너의 고백을 아직도 믿고 싶진 않지만  멀어져 간 너의 그 모습에 영원히 할수있을까  아쉬운 너의 기억이 잊혀질수만 있다면  널 다시 볼수 없음에 난 이제 행복해지려해..  너의 고백을 아직도 믿고 싶진 않지만 멀어져 간 너의 그 모습에 영원히 할수 있을까 아쉬운 너의 기억이 잊혀질수만 있다면 널 다시 볼수 없음에 난 이제 행복해지려해 아쉬운 너의 기억이 잊혀질수만 있다면 널 다시 볼수 없음에 난 이제 행복해지려해
2001.05.20~05.26,19,2696148,그대만의 나이길 (Feat. 김연우),내추럴플러스,Natural The 1st,2001.03.21,Ballad,박태수,난 아닌가요. 그대 다른 사람 있나요.  너무 부족했었나요. 그댈 사랑하기엔-  늘 그랬었죠. 우리 많이 힘들었나요.  이젠 떠나는 그대를 잡을 수 없죠.  나의 사랑만으로론-  그 날 밤 우린 너무 행복했었잖아요.  그대 내게 보여준 눈물까지도.  너무 미안해하지는 말아요.  나 괜찮아요.  이렇게 웃고 있잖아요.  이젠 난 자유롭죠.  우리 다시 만나는 날까지  마지막 내 기억속에서 아주 작고  소중한 그대만의 나이길-  언젠가 그대 내게 다시 돌아오는 날  그땐이 모든 세상을 가질 수 있죠.  우리 사랑만으로-
2001.05.20~05.26,20,7650,백전무패 (百戰無敗),클릭비(Click-B),Click-B 3,2001.04.03,Dance,오윤성,내가 하는것마다 백전무패 아주 쉬운 일에서도 쓰러지네 무슨일이던지 절대 안돼 이 세상에 태어난게 후회가 돼 그래 뻔한 인생속에 무너져 가네 끝이 보이고 있네 내가 하는것 마다 백전백패 다른 사람이 하는 것은 백전무패 아무것도 볼 수 없는 나의 미래 때문에 내 자신조차도 싫어지네 Got a get it get it 더 이상 너 그렇게 의미 없이 살지마 Got a hit it hit it 세상을 다 모두 다 너의 손아귀에 이제 쥐어봐 더 이상 숨을때도 없어 도망칠 기운도 안 남았어 비참한 인생은 필요 없어 더는 나도 참지 못하겠어 두갈래 길에 멈춰있어 하나의 선택만이 남아있어 뒤돌아 보지 말고 뛰어 그러면 앞날이 보장되어 있어 나나나나나 힘든세상 나나나나나 Hit it Hit it 나나나나나 이제 두고봐 나나나나나 막지마 너 겁먹지 말고 일어나 세상 앞에서 너 두려워 울지마 너 모든걸 다 걸고 싸워 한번 부딪쳐봐 이제 세상을 가져봐 Got a get it get it 더 이상 너 그렇게 의미 없이 살지마 Got a hit it hit it 세상을 다 모두 다 너의 손아귀에 이제 쥐어봐 쉬운일에서도 쓰러지네 무슨일이던지 백전백패 이 세상에 온게 후회되네 뻔한 인생속에 내 존재 나의 머리위를 밟고있네 모두 나만 빼고 백전무패 자신조차도 싫어지네 아무것도 볼게 없는 나의 미래 나나나나나 힘든 세상 나나나나나 Hit it Hit it 나나나나나 이제 두고봐 나나나나나 막지마 난 아직 끝난 것이 아니야 매일 쓰러져도 난 다시 일어나 너 모든걸 다 걸고 싸워 한번 부딪쳐봐 이제 세상을 가져봐 단 한번의 일생에도 모험이란 없고 또한 얌전하게 살고 Oh No 위험이란 내 사전에 없고 나 역시나 용기 따위는 없고 Back Back Back Back Back Back 자신을 바꿔나가 Back Back Back Back Back Back 용기를 키워나가 난 아직 끝난 것이 아니야  매일 쓰러져도 난 다시 일어나 난 세상의 끝에서 이제 저 하늘 끝까지 나는 날아갈 수 있어 너 겁먹지 말고 일어나  세상 앞에서 너 두려워 울지마 너 모든걸 다 걸고 싸워 한 번 부딪쳐봐 이제 세상을 가져봐
2001.05.20~05.26,21,8921,오빠,왁스,엄마의 일기,2000.11.14,Dance,,그냥 편한 느낌이 좋았어
2001.05.20~05.26,22,8274,Je T`aime,해이,Hey,2001.04.13,Ballad,이재경,창문을 두드리는 깨끗한 빗소리에  널 만나기전 설렘이 더해가고  영화를 보러갈까 어디로든 떠나볼까  투명하게 물든 거리를 함께 걸어볼까  조금 더 가까이 작은 우산속에  내 한쪽 어깨끝이 다 젖어도 난 좋은걸   널 사랑하나봐 사랑에 빠졌어  이 기분좋은 느낌이 변함없길 바래  널 사랑하나봐 자꾸 보고싶어  매일 모닝커피를 너와 들고 싶어   언제나 힘겨울 때 내게 올 그런사람  애써 얘기하지 않아도 아는 사람  가끔씩 화를내고 때론 내가 토라져도  오랜 친구처럼 살며시 나를 꼭 안아줘  조금씩 다가와 나를 보여줄게  은은한 향기처럼 나의 곁에 머물러줘   널 사랑하나봐 사랑에 빠졌어  이 기분좋은 느낌이 변함없길 바래  널 사랑하나봐 자꾸 보고싶어  매일 모닝커피를 너와 들고 싶어   널 사랑하나봐 꿈은 아니겠지  비를 타고 찾아온 수줍은 내 사랑  널 사랑하나봐 너무나 행복해  언제나 투명하게 나만 사랑해줘  toi et moi eternellement
2001.05.20~05.26,23,90105,A-Yo,지누션,The Reign,2001.02.01,Rap / Hip-hop,지누션,"This is the tihs that y'all ain't ready for  This is the tihs that y'all ain't ready for  I said one for da money and two for da show  지누션함께면 너도 Champion  Hey Hey Hey (Hey Hey Hey~) I Said  새로 태어난 힙합 빠삐용  I said one for da money and two for da show  지누션과 함께면 너도 Champion  Hey Hey Hey (Hey Hey Hey~) I Said  새로 태어난 힙합 빠삐용  Yo, Microphone Check 1,2 Uh (A-yo)  아무도 누구도 날 몰라줄 때 (A-yo)  왕따가 구타당할 때 (A-yo)  빽 있어 유죄가 무죄가 될 때  배고플 때 밥이 없을 때 (A-yo)  누가 새 Timberland Boots 밟을 때 (A-yo)  사랑했던 네가 나 찰 때(A-yo)  네가 도리도리도리 춤을 출 때 (uh)  아파도 병원에 못 갈 때 (A-yo)  은메달 따고도 너 울 때 (A-yo)  차가 막혀 화 삭혀야 할 때 (A-yo)  집어쳐 (A-Yo) 이 음악에 미쳐  Let's git it on git it on ha ha  Let's bring it on bring it on ha c'mon  I said one for da money and two for da show  지누션과 함께면 너도 Champion  Hey Hey Hey (Hey Hey Hey~) I Said  새로 태어난 힙합 빠삐용  I said one for da money and two for da show  지누션과 함께면 너도 Champion  Hey Hey Hey (Hey Hey Hey~) I Said  새로 태어난 힙합 빠삐용  반가운 친구를 만날 때 난 (A-yo)  예쁜 여자가 눈길 보낼 때 난 (A-yo)  TV 쇼에 Hiphop이 나오면 난 (A-yo)  사고 싶은 옷을 선물 받을 때도 난  전화 받을 때 내가 하는 말 (A-yo)  웨이터를 부를 때도 난 (A-yo)  싸울 때도 (A-yo)  말릴 때도 (A-yo)  화해할 땐 (A-yo~)  은행 구좌 속에 돈이 가득찰 때 난 (A-yo)  내가 산 복권이 당첨이 됐을 때 난 (A-yo)  이렇게 기쁠 때 난(A-yo)  소리쳐 모두가 들을 수 있게  Let's git it on git it on ha ha  Let's bring it on bring it on ha c'mon  I said one for da money and two for da show  지누션과 함께면 너도 Champion  Hey Hey Hey (Hey Hey Hey~) I Said  새로 태어난 힙합 빠삐용  I said one for da money and two for da show  지누션과 함께면 너도 Champion  Hey Hey Hey (Hey Hey Hey~) I Said  새로 태어난 힙합 빠삐용  열받지 가끔씩 A-Yo  신나지 다 같이 A-Yo  모두 하나지 Hiphop  우린 이렇게 살지 사는게 다 그렇지  H-I-P H-O-P 그래 난 어차피  내가 얽매였던 고삐  내 안에 또 하나의 나를 깨워 깨워  다른 모든 것을 잠재워  I said one for da money and two for da show  지누션과 함께면 너도 Champion  Hey Hey Hey (Hey Hey Hey~) I Said  새로 태어난 힙합 빠삐용  A-YO!  I said one for da money and two for da show  지누션과 함께면 너도 Champion  Hey Hey Hey (Hey Hey Hey~) I Said  새로 태어난 힙합 빠삐용"
2001.05.20~05.26,24,5112,끝 (End),샤크라,Chakra‘Ca 2집,2001.03.07,Dance,이상민,제각기 있기 였기 때문이기  사랑했기 때문이기  하루지기 이야기 이야기  잊지않기 제각기 이기적  이었기 때문이기  사랑했기 때문이기 영원지기   이야기 이야기  제각기 있기 였기 때문이기  우리의 이야기 이야기  끝에 저 끝에 내가 보내야 하나 사랑이 여기서 end end야 너와의 모든 게 over over  over over 그대의 기억이 end end야 사랑의 끝이야 never never  never never 행복하라며 기다리지 말라며  부디 잊으라 하며 사랑했다며 끝에 끝이여 나의 사랑의 끝  다시 올 수 없을 내 사랑아 그대가 영원한 내 마지막  사랑이었음을  하늘에 바랄 뿐이야  끝에 끝이여 나의 사랑의 끝  다시 올 수 없을 내 사랑아 우리가 영원히 저 세상 끝까지  함께 할 수 없음이 슬플 뿐이야  끝이여 끝이 아니길 비는  우리의 이야기 이야기  끝이여 끝이 아니길 비는  우리의 이야기 이야기  끝이여 끝이 아니길 비는  우리의 이야기 이야기  끝이여 끝이 아니길 빌어 끝에 저 끝에 내가 보내야 하나 기다릴테니 찾아오길 바라며  부디 잊지 않기를 사랑했기에 끝에 끝이여 나의 사랑의 끝  다시 올 수 없을 내 사랑아 그대가 영원한 내 마지막  사랑이었음을  하늘에 바랄 뿐이야  끝에 끝이여 나의 사랑의 끝  다시 올 수 없을 내 사랑아 우리가 영원히 저 세상 끝까지  함께 할 수 없음이 슬플 뿐이야  사랑이 여기서 end end야 너와의 모든 게 over over  over over 그대의 기억이 end end 야 사랑이 끝이야  끝에 끝이여 나의 사랑의 끝  다시 올 수 없을 내 사랑아  사랑의 끝이여 다시 만나기를  슬픔으로 영원한 끝에 끝이여
2001.05.20~05.26,25,1564069,스치듯 안녕,이수영,Never Again,2001.02.10,Ballad,윤종신,그래 바로 나예요 그대가 무책임하게 버리고 간 사람 왜 그리 놀라나요 한번쯤은 마주칠 수도 있죠 그 어색한 표정하지마 옆에 그녀가 웃고 있잖아 그대 팔을 꼭 붙잡고 있는 그녀만을 생각해 아무일 없듯이 스쳐가줘요 한번만 더 무정하면 되는데 괜히 인사 말아요 내게 미안한듯 그 눈빛도 싫어 스치듯 안녕해요  조금씩 다가오는 그대옆의 그녀를 바라보아요 편안한듯 그댈 믿는듯해요 내가 그러했듯이 아무일 없듯이 스쳐가줘요 한번만 더 무정하면 되는데 괜히 인사 말아요 내게 미안한듯 그 눈빛도 싫어 스치듯 안녕해줘 그녀에겐 내게한 것처럼 돌아서지 말아요 그게 얼마만큼 힘든 일인지 아무도 모를거예요 그대라는 사람 잊는 건 나도 아직 못끝냈는데- 우--  괜히 인사 말아요 내게 미안한듯 그 눈빛도 싫어 스치듯 안녕해줘
2001.05.20~05.26,26,90784,백일기도,샵,4ever Feel So Good,2001.02.20,Dance,김영아,바래 바래 바래 바래 바래 바래  바래 바래 바래 바래 바래   바래 바래 바래  바래 바래 바래 니가 내게   있기를 바래   바래 바래 바래 딴데로 가지   않기를 바래   바래 바래 바래 언제나 곁에   있기를 바래   바래 바래 바래 오 내 맘을   알아주길 바래   얼마나 기다려야 곁에있는   날 보겠니   이번에 만난 그애도 얼마못가   끝날걸 알아   Well I guess you knew too   my truth 찍었던 우리 사랑   그렇게도   you tell me live learn you   give you night night   I thought about it   so what so tell me about it   품으로 와 찾아 와   I get you back first  편한건 나뿐이라고 때마다   나를 찾아도   정말 나 원하는 건 너의   사랑이란 걸 알잖아   올래말래 이제는 말해 설래절래   얼마나 잴래   나보다 사랑 할 사람없단걸  알잖아   몰래몰래 너몰래 흘린   나의 눈물봐   니사랑 나 달라고 기도해 손모아   기다리는 날 잡아  바래 바래 바래 니가 내게   있기를 바래   바래 바래 바래 딴데로 가지   않기를 바래   바래 바래 바래 언제나 곁에   있기를 바래   바래 바래 바래 오 내 맘을   알아주길 바래   가까이 서도 니맘까진 닿진 못해   너 아닌 누굴 만나도 내마음은   너와 있는데   아파한 시간만큼 널 위해  기도했던 만큼  그만큼 니가 내게 다가오게  너 뿐이였어  널 그리워 했던만큼 널  사랑하고 있던 만큼  언제라도 항상 내 사랑은  항상 너만을 위한 것  너 누굴 만날 때마다 난 항상  외톨이었어  너만을 바라보는 순애보도  이제는 지쳐가  올래말래 이제는 말해 설래절래  얼마나 잴래  나보다 사랑 할 사람없단걸  알잖아  몰래몰래 너몰래 흘린  나의 눈물봐  니사랑 나 달라고 기도해 손모아  기다리는 날 잡아 stay here by my side uh don't  you leave my side hu  How can I get you to come  back don't wanna let you go  마지막 백일의 기도 백년의  기약이 되길  그렇게 원하고 있어 이제 그만  내 사랑을 봐  갈래갈래 뒤돌아 갈래 끝내끝내  맘처럼 안돼  조금씩 내맘도 흔들리는걸  어떡해  그래그래 이번엔 정말  마지막이야  이만큼 사랑할 한 여자 다시는  찾지 못하테니까  바래 바래 바래 니가 내곁에  있기를 바래 바래 바래 바래 딴데로 가지  않기를 바래  바래 바래 바래 언제나 곁에  있기를 바래  바래 바래 바래 바래 바래
2001.05.20~05.26,27,472461,Murmur,은지원,Eun Ji Won Best,2002.02.27,Rap / Hip-hop,정진환,Did you love me baby 거짓이라도 나에게 말해 Why do you leave me baby 모두 끝이란건 이미 알고있지만 나 이를 어쩐다 지금이 가면 다신 너를 못볼 것이다 그러면 속절없이 망가질게 뻔한 나 falling down 다시는 누구도 너만큼 사랑할 수 없을 나 왜 내게 머물렀나 그토록 들뜬 맘에 설레이게 했나 can't you see me 하고 싶은 말이 있어 하지만 모두 참아버렸어 그저 눈물로 무너짐으로 모두 대신 했잖아 Please don't crush my heart 무슨 이유라도 대란 말야 차라리 난 네가 싫어지게 말야 처음 부터 사랑은 없던 거야 난 그렇게 믿는게 더 나을 거야 won't you back into my arms is there another place for you to rest won't you ever miss me even though I die did you get another man who's satisfied I don't trust it baby 사랑은 아름답다는 거짓말 Love is over maybe 온통 아픔만 남기는걸 can't you see me 믿을 수 없을 것 같아 모든게 다 꿈인것만 같아 이젠 세상에 지친 내곁에 아무도 없다는걸 nothing by my side 무슨 이유라도 대란 말야 차라리 난 네가 싫어지게 말야 첨부터 사랑은 없던 거야 난 그렇게 믿는게 더 나을 꺼야 Ayo mami here's papi Comming through with the true what's the deal you my real love Nothing but kisses hugs romantic thoug You make me bag go craze with hte way You amaze Flip for days How do I love you let me count the ways Like Toni Braxton fatal attraction Love you till the day I die 안돼는데 가지말라고 난 해야돼는데 너의 귀에 들리지도 않을 만큼 계속 혼자 중얼대는데 왜그리 한심한데 정말 사랑하는데 잡아야 하는데 눈빛도 마주치지 못한채 미친듯이 뭐라고 뭐라고 그러는건데 I can't tell you anything but murmur I can't show you anything but murmur 차라리 더 잔인하란말야 혹시 너를 기다리지않게 말야
2001.05.20~05.26,28,1698077,기억이란 사랑보다,이문세,Old And New,2002.02.09,Ballad,이영훈,내가 갑자기 가슴이 아픈 건 그대 내 생각하고 계신거죠 흐리던 하늘이 비라도 내리는 날 지나간 시간 거슬러 차라리 오세요 내가 갑자기 눈물이 나는 건 그대 내 생각하고 계신거죠 함박눈 하얗게 온 세상 덮이는 날 멀지 않은 곳이라면 차라리 오세요 이렇게 그대가 들리지 않을 말들을 그대가 들었으면 사랑이란 맘이 이렇게 남는건지 기억이란 사랑보다 더 슬퍼 기억이란 사랑보다 더 슬퍼  내가 갑자기 눈물이 나는 건 그대 내 생각하고 계신거죠 새하얀 눈꽃이 온 세상 날리는 날 멀지 않은 곳이라면 차라리 오세요 이렇게 그대가 들리지 않을 말들을 그대가 들었으면 사랑이란 맘이 이렇게 남는건지 기억이란 사랑보다 더 슬퍼 기억이란 사랑보다 더 슬퍼
2001.05.20~05.26,29,68576,나의 노래,이현우,Let`s Go Fishing,1996,Rock,이현우,이렇게 걸어왔잖아 짙은 어둠속으로 하지만 후회하진 않아 많은 것을 잃었다고 생각했지만 얻은 것이 더욱 많았어 이렇게 너를 보잖아 이렇게 웃고 있잖아 하지만 눈앞이 흐려와 내게 소중한것들을 알게되었어 네게 들려주고 싶었어 내가 사랑하는 노래가 내 귓가에 흐르고 있어 그리고 난 나의길을 갈꺼야 나만의 길을  이렇게 자유롭잖아 이렇게 평화롭잖아 아무런 두려움 없잖아 많은 것을 잃었다고 생각했지만 얻은 것이 더욱 많았어 오늘도 나는 바라봐 해맑은 아이의 눈을  그리고 난 사랑을 해 이리로 다가와 나의 품에안기겠니 나는 널 닮아가고 싶어 내가 사랑하는 노래가 내 귓가에 흐르고있어 그리고 난 나의길을 갈꺼야 나만의 길을 내가 사랑하는 노래가 내 귓가에 흐르고있어 그리고 난 나의길을 갈꺼야 나만의 길을
2001.05.20~05.26,30,10626,Love,김조한,2gether 4ever,2001.01.16,R&B / Soul,"양재선,후니훈",L O V E 나도 모르게 어느새  빠져들어가 너와 내가 L O V E 모든걸 이겨낼 수가  있잖아 너와 내가 사랑해요 아름답죠 행복하죠  이보다 더 좋을순 없죠 그래서 빠져버리죠  조심해요 love 널 감춰둔 가슴에 기대는  그녀가 안쓰러워 또 잊으려 해봐도 그만큼  간절해질 뿐야 잊혀진 사랑을 되찾으려  이 순간을 기다려왔어  너를 보며  또다른 사랑은 내눈에 안보여 나만의 그녀를 위해  마음을 비워 처음부터 시작된 사랑은  아니었는데 내감정이 이렇게 될줄은  몰랐었는데 움직이는건 내가 아닌  또 다른 나기에  그대 그리며 나 살아갈래 넌 아니길 바랬어  나 혼자 접는건 쉬울것 같아 하지만 내게로 오는너  이제 난 멈출수 없잖아  I know our faith in love will  birng us together 그동안 빗나갔던 사랑을 돌려 더많은 아픔들이 남아있다해도 I can still feel your love in  my heart  L O V E 나도 모르게 어느새  빠져들어가 너와 내가 L O V E 모든걸 이겨낼 수가  있잖아 너와 내가 사랑해요 아름답죠 행복하죠  이보다 더 좋을순없죠 그래서 빠져버리죠  조심해요 love 내 욕심이 큰건지 너무 많은길  와버린건지 난 하얗게 남겨진 그녀의  반지자국이 슬퍼 어쩌면 사랑을 모를지도 몰라  하지만 바라만 보아도 너무  행복해 난 한번도 들어내지 못한다 해도  사랑을 말하지 않아 더욱더  빛나니까  너와 내가 하나가 될때  비로서 나 간직했던  사랑을 느꼈어  이 모든걸 너에게 줄수 있기에  사랑해요 난 넌 모르길 바랬어  바람이 스치길 기다리면서 하지만 자꾸만 다가와  이제 날 들키고 싶은걸 I know our faith in love will  birng us together 그동안 빗나갔던 사랑을 돌려 더많은 아픔들이 남아있다해도 I can still feel your love in  my heart 너에게 가는 길이 눈물이어도 누구도 우릴 축복하지 않아도 그토록 기다렸던 너와 함께라면 울어도 행복할테니까 I know our faith in love will  birng us together 그동안 빗나갔던 사랑을 돌려 더많은 아픔들이 남아있다해도 I can still feel your love in  my heart
2001.05.20~05.26,31,90434,사랑하니까,문차일드,Moon Child 2집,2001.05.11,Rock,강은경,들리지 않아도 나에게 하고픈 니 얘길 다 알아 늘 내가 걱정돼 한숨만 내쉬며 행복을 바라겠지 차라리 너를 하얗게 잊어내며 좋은 사람 만나라고 하고 싶겠지 널 위해서라면 전부터 넌 세상에 없었던 사람이 되길 빌잖아 어떻게 아냐고 그렇게 내가 비니까 멀리 있지만 아마도 우린 같을 테니까 허락된 인연은 다 하고 말았지만 아직도 너와 난 하나라고 느껴질 만큼 사랑하니까  보이지 않아도 지금 넌 어떻게 지낼지 다 알아 왜 사는지 조차 그 이유 모른 체 또 하룰 보냈겠지 누굴 만나도 그 어디에 있어도 마음은 늘 같은 곳을 향해 있겠지 애써 참지만 서글픈 노래라도 들리면 넌 그만 울고 말거야 어떻게 아냐고 그렇게 내가 사니까 멀리 있지만 아마도 우린 같을 테니까 닿을 수 없는 곳에 슬픔이어도 이렇게 헤어져도 우린 사랑하니까 슬퍼하지마 함께 할 내가 없음을 난 니가 되고 넌 내가 되어 살면 되잖아 마음으로 이미 서로를 가진거야 저 하늘마저도 그것만은 어쩔 수 없게
2001.05.20~05.26,32,17688,행복 (Full Of Happiness) - With Fan (강타 Special),H.O.T.,Forever,2001.05.01,Dance,장용진,
2001.05.20~05.26,33,11027,Maybe God Knows,플라이투더스카이,약속,2001.02.02,R&B / Soul,지국현,You're never gonna get it Make your wish come true I never heard that You're never gonna get it Everytime you lose it Am I right  Yo This song's dedicated to all those who didn't believe we'd succeed Now whatch all saying huh Uh Yeah  때론 알고 싶어 거짓말 이었다고 그저 악몽에 지나지 않다고 쉽게 믿고 싶었던 것도 아닌데 나를 바라보는 무관심에 의지한 시선들 절대 가식으로 가득찬 위선들 이젠 모든 걸 벗어 던지고 싶어 나의 자유를 찾고 싶어 Maybe god knows 이제껏 살았던 것처럼 거짓말에 날 묶어두지 말아 언젠간 그 날이 오겠지만 아직도 내겐 멀게 느껴져 Maybe next time 모든게 그랬던 것처럼 다가오는 날 잃고 싶지 않아 망설이지 말고 잡아둬야 해 You're never gonna get it Make your wish come true I never heard that 그만 날 시험하지마 You're never gonna get it Everytime you lose it Am I right 이제부터 난 정말 실패하지 않겠어 Yo move aside it's the Hwan Hee and B We take filght Making all ya'll bounce a little that's right Peoples all around trying to take our spot light Nah we never giving up they always ask why haters 나를 바라보고 믿어주는 눈빛은 없겠지 더는 신경쓸 필요도 없는거겠지 모든걸 다 가져버리고 싶어 내 자유를 느낄거야 Maybe god knows 이제껏 살았던 것처럼 거짓말에 날 묶어두지 말아 언젠간 그 날이 오겠지만 아직도 내겐 멀게 느껴져 Maybe next time 모든게 그랬던 것처럼 다가오는 날 잃고 싶지 않아 망설이지 말고 잡아둬야 해 혼자라는 생각들을 떨쳐버리고 이젠 내 손을 잡아주는 사람 없어도 Oh 더 이상은 나는 외롭지가 않아 괜찮을 거야 My dream come true beautiful day  멀리 앞만보고 달려가는 거야 소리없는 날개짓과 함께 날게 될거야 언젠가 그 날이 오겠지만 아직도 내겐 멀게 느껴져 기다렸던 만큼 얻게 되는거야 그게 바로 세상이란 것도 알게 될거야 미련없는 날을 살고 싶었어 Maybe god knows 이제껏 살았던 것처럼 거짓말에 날 묶어두지 말아 언젠간 그 날이 오겠지만 아직도 내겐 멀게 느껴져 Maybe next time 모든게 그랬던 것처럼 다가오는 날 잃고 싶지 않아 망설이지 말고 잡아둬야 해 You're never gonna get it Make your wish come true I never heard that 그만 날 시험하지마 You're never gonna get it Everytime you lose it Am I right 이제부터 난 정말 실패하지 않겠어
2001.05.20~05.26,34,10580,괜찮아요,조관우,연(緣),2001.01.30,Ballad,이희승,따뜻한 말 한마디 해 준 적 없고 그 좋아하는 영화 한 편 못보고 술 취한 기운에야 널 사랑한다 안고 싶다 했어 나와의 만남은 너에겐 이미 무뎌져 있어 서러운 나의 눈물도 귀찮아 했어 이대로 떠나가지 말아요 가지 말아요 돌아오라는 그 말은 끝내 난 못했어 처음엔 이러지 않았잖아 나의 모든 걸 책임진다 했잖아 종일 봐도 아쉬워서 다시 집 앞으로 돌아왔잖아 이제는 너를 감당못해 나도 이쁜 공주이고 싶어 자꾸 눈물이 나 이렇게 이렇게 되긴 싫었어 괜찮아요 날 위해 울지 말아요 행복이 거기 있다면 내 슬픔 상관 말아요 날 잊어요 정말 괜찮아요 마음엔 없지만 그 말밖엔 더 줄 것이 없어요 이대로 떠나가지 말아요 가지 말아요 돌아오라는 그 말은 끝내 난 못했어 다들 모두 그러려니 했었어 바쁜 탓에 그러려니 했었어 하지만 난 그러다 난 자꾸 지쳐가고 곁에 있는 너 때문에 외로워서 혼자 있는 그 슬픔은 너무 힘들어서 날 위로해 준 누군갈 만났고 난 이제 나는 널 떠나겠어 난 떠나겠어 괜찮아요 날 위해 울지 말아요 행복이 거기 있다면 내 슬픔 상관 말아요 날 잊어요 정말 괜찮아요 마음엔 없지만 그 말밖엔 더 줄 것이 없어요  괜찮아 난 난 괜찮아 니 부모에게 나보다 더 잘 했었고 부족한 너였어도 질책 한 번 없었어 생일 날 옷 한벌 사준 적이 없어도 기억한 그 마음이 고마웠어 그런 나를 니가 울게 했어 그런 나를 다시 나를 다시 니가 울게 했어 더 붙잡을 수 없어 그 자격 없어 나를 나를 보내야만 해
2001.05.20~05.26,35,89810,재회,포지션,I Love You...,2000.12.28,Ballad,,우린 참 좋았었지  함께 있는 그것만으로 늘 행복했었지  이름모를 그림 속에 그 모습처럼  참 많이 웃었었지 아무 얘기 아무 일도 아닌데도 웃었어  한참을 난 그 미소가 그리워 울었지만   그래도 늘 고마웠어  그대가 내게 준 기억들로  혼자 쓸쓸한 밤에도 가끔 웃었지   나는 많이 변했겠지  어쩜 그대는 그대로 있는지  한 장 남은 사진 속에 그 모습처럼  우리 참 달라졌지 그때 우린 많은 얘기로 하루가 짧았어  지금 우린 어색하게 찻잔만 만지지만   그래도 늘 고마웠어  그대가 내게 준 기억들로  혼자 쓸쓸한 밤에도 가끔 웃었지  아무것도 묻지않고  마음에다 모두 묻어두고  말안해도 다 알거라 그냥 믿을게   사는동안 또 만날까 오늘같은 우연이 있을까  그날까지 부디 그대 행복하기를 -
2001.05.20~05.26,36,9529,너에게 주고 싶은 세 가지,박혜경,O2-박혜경,2000.12.28,Rock,강현민,나나나나나나나  라라라라 랄라라 -  너에겐 모든걸 말해주고만 싶어져  어릴적 나의 얘기와 지금의 생활들  네품에 기대어 깊은 밤을 지날 기차를 타고  태양이 뜨는 바다에 갈거야   너에게 주고싶은 세가지 빛바랜 나의 일기장  작은 나의 얘기까지 말하고 싶은거야  너에게 주고싶은 세가지 바다로 가는 기차표  수줍게 전해 주고픈 너의 생일 첫키스   가끔 날 보는 너의 맑은 눈이 말해  내 볼에 입맞추고픈 너의 마음을  네게는 무엇도 부끄러울 것이 없어  다가올 너의 생일에 키스할거야   너에게 주고싶은 세가지 빛바랜 나의 일기장  작은 나의 얘기까지 말하고 싶은거야  너에게 주고싶은 세가지 바다로 가는 기차표  수줍게 전해주고픈 너의 생일 첫키스   너에게 주고싶은 세가지 빛바랜 나의 일기장  나의 작은 얘기까지 말하고 싶은거야  너에게 주고싶은 세가지 바다로 가는 기차표  수줍게 전해 주고픈 너의 생일 첫키스 -
2001.05.20~05.26,37,9422,난 남자다,김장훈,Innocence,2000.12,Ballad,김장훈,넌 모르겠지만 사랑했다  비정한 척했던 것 사과한다  남자란 이유로 널 떠나보내며  행복해지기를  바보처럼 기도했었다  흔들리는 날 잡던 두 손 이젠  독한 소주잔만이 날 위로해  두 눈 꼭 감고  입맞추던 내 입술엔  해로운 담배 한 개피로  널 추억해 본다  바람아 불어라 못다 한 얘기들  그녈 만난다면 대신 전해주겠니  이 세상 누구보다  잘 살아달라고  나의 사랑 이젠 Goodbye  좋은 음식 예쁜 옷 볼 때마다  가난한 우리 지난날 떠올라  아무것도 못해 준  너의 생일 올 때면  해주고 싶어도  이제 넌 내 곁에 없구나  바람아 불어라 못다 한 얘기들  그녈 만난다면 대신 전해주겠니  이 세상 누구보다  잘 살아달라고  나의 사랑 이젠 Goodbye  너 하나만 행복하다면  미련한 여자였던 너는  지금쯤 어디에 있을까  못 견디게 그리워  바람아 불어라 못다 한 얘기들  그녈 만난다면 대신 전해주겠니  이 세상 누구보다  잘 살아달라고  나의 사랑 이젠 Goodbye
2001.05.20~05.26,38,3680,너를 위해,임재범,Story Of Two Years,2000.05.16,Ballad,채정은,어쩜 우린 복잡한 인연에  서로 엉켜있는 사람인가봐  나는 매일 네게 갚지도 못할만큼  많은 빚을 지고 있어  연인처럼 때론 남남처럼  계속 살아가도 괜찮은 걸까  그렇게도 많은 잘못과 잦은 이별에도  항상 거기 있는 너  날 세상에서 제대로 살게해 줄  유일한 사람이 너란걸 알아  나 후회없이 살아가기 위해  너를 붙잡아야 할테지만  내 거친 생각과 불안한 눈빛과  그걸 지켜보는 너  그건 아마도 전쟁같은 사랑  난 위험하니까 사랑하니까  너에게서 떠나줄꺼야   날 세상에서 제대로 살게해 줄  유일한 사람이 너란걸 알아  나 후회없이 살아가기 위해  너를 붙잡아야 할테지만  내 거친 생각과 불안한 눈빛과  그걸 지켜보는 너  그건 아마도 전쟁같은 사랑  난 위험하니까 사랑하니까  너에게서 떠나줄꺼야  너를 위해 떠날꺼야
2001.05.20~05.26,39,609766,사진속에 담긴 추억,임재범,Memories,2000.11.09,Rock,이지영,나의 기억속에 남겨진 그대 모습 이젠 정말 잊어야만해 흘러만 가는 시간처럼 그대 그리움이 안타까운 마음만 주네 소리없는 슬픔만 나의 맘에 쌓이고 희미해진 불빛속에 떠나버린 그대여 내 사랑 나의 사랑 어둠이 다가오네 눈 감으면 그대가 내 곁에 있는데 멀리 떠나갔지만 그대만을 사랑해 사진 속에 담긴 추억들도 이젠 잊어야만 해  이젠 이별뒤에 남겨둔 슬픈 사랑 나의 웃음 흩어져가네 아득하게만 느껴지는 그대 마음처럼 모든것이 멀어만지네 소리없는 슬픔만 나의 맘에 쌓이고 희미해진 불빛속에 떠나버린 그대여 내 사랑 나의 사랑 어둠이 다가오네 눈 감으면 그대가 내 곁에 있는데 멀리 떠나갔지만 그대만을 사랑해 사진 속에 담긴 추억들도 이젠 잊어야만해
2001.05.20~05.26,40,83437,여전히 아름다운지,김연우,A Night In Seoul,1999.01,Ballad,유희열,첨엔 혼자라는게 편했지 자유로운 선택과 시간에 너의 기억을 지운 듯 했어 정말 난 그런줄로 믿었어 하지만 말야 이른 아침 혼자 눈을 뜰때 내 곁에 니가 없다는 사실을 알게 될 때면 나도 모를 눈물이 흘러 변한 건 없니 날 웃게 했던 예전 그 말투도 여전히 그대로니 난 달라졌어 예전만큼 웃질 않고 좀 야위었어 널 만날때 보다 나를 이해해 준 지난 날을 너의 구속이라 착각했지 남자다운 거라며 너에겐 사랑한단 말조차 못했어 하지만 말야 빈 종이에 가득 너의 이름 쓰면서 네게 전화를 걸어 너의 음성 들을 때 나도 모를 눈물이 흘러 변한 건 없니 내가 그토록 사랑한 미소도 여전히 아름답니 난 달라졌어 예전만큼 웃질 않고 좀 야위었어 널 만날때 보다 그는 어떠니 우리 함께한 날들 잊을 만큼 너에게 잘해주니 행복해야돼 나의 모자람 채워줄 좋은 사람 만났으니까
2001.05.20~05.26,41,89900,Get Away,A-TOM,Be-Lie-Ve,2001.02.07,Dance,,1. 내겐 아무도 오지 않았어 하루 하루가 다 의미 없는 날들 세상모두가 날 외면 했었고 세상 끝에서 난 혼자 서있어 버림 받았다고 혼자 뿐이라고 생각했던 나의 그 아픈 나날들 이제는 하늘높이 날아가고 싶어 더 이상 나를 혼자 두진 말아줘  이제는 내게 말해줘 이제는 내게 보여줘 지금껏 느낄수 없던 따뜻 한 너의 마음을 이제는 느낄수 있게 이제는 웃을수 있게 지친 내 손을 잡아줘 Let my loneliness get away  (rap) 이제 멈춰 제발 멈춰 너의 쓸데 없는 무관심 차가움 이젠 제 발 집어쳐 사방을 두른 벽속에 살며 혼자 걸어가는 길이 이젠 견딜 수가 없어 come in a get yo! come on get away 나를 바라봐 아- yeah! 나의 지친 손 잡아줘 One one Two two everybody come on!  2. 신문에 실린 소외된 이들 하나하나가 다 내 얘긴 것 같아 사람 들 시선 두려워 하는내 내 모습 보면 다시 또 한숨만. 누가 날 이렇게 만들어 가는지 누가 날 이렇게 슬프게하나 이제는 하늘 높이 날아가고 싶어 더이상 나를 혼자 두진 말아줘   또 다시 나를 외면해 내게 증을 돌리네 날 잡아줘 단한번만 닫혀 있는 마음을 열어줘 너의 무관심 속에서 너의 차가 움 속에서 한줄기 빛을 보여줘 Let my loneliness get away 힘차게 날아 오르게 마음껏 숨쉴 수 있게 내게 날개를 달아줘 Let my loneliness get away
2001.05.20~05.26,43,4123405,어제 오늘 그리고,유승준,Summit Revival,2000.11.11,Dance,김영아,지난 날 다시 찾아갈 순 없다  깨친다 그 까닭 그 대답  흘러간 건 지금의 대해 다  아무런 대답 얻을 순 없다  어제 내가 얻은 건  대체 무엇인가  인생을 가책 속에  담으려 했었던가  내 육체 속에  간직한 채 가려는가  잊은 채 그냥  뒤돌아서려는가  바람소리처럼 멀리  사라져갈 인생길  우린 무슨 사랑 어떤 사랑 했나  텅 빈 가슴속에  가득 채울 것을 찾아서  우린 정처 없이  떠나가고 있네  여기 길 떠나는  저기 방황하는 사람아  우린 모두 같이  떠나가고 있구나  끝없이 시작된 방황 속에서  어제도 오늘도 나는 울었네  어제 우리가 찾은 것은  무엇인가  잃은 것은 무엇인가  버린 것은 무엇인가  오늘 우리가 찾은 것은  무엇인가  잃은 것은 무엇인가  남은 것은 무엇인가  yo one three  불타는 내 행위  내 주위를 감싸는  공간의 지위  저 끝 하위 내 죽은 과거의  무리 묻어두리  한낮 헛된 꿈  지금가야 할 길은  또 그 닫는 곳은  어제 내일만큼 가깝지 만은  오 더 멀어질 뿐  오 더 멀게만 느껴질 뿐  어떤 날은 웃고  어떤 날은 울고 우는데  어떤 꽃은 피고  어떤 꽃은 지고 있네  오늘 찾지 못한  나의 알 수 없는 미련에  헤어날 수 없는  슬픔으로 있네  여기 길 떠나는  저기 방황하는 사람아  우린 모두 같이  떠나가고 있구나  끝없이 시작된 방황 속에서  어제도 오늘도 나는 울었네  어제 우리가 찾은 것은  무엇인가  잃은 것은 무엇인가  버린 것은 무엇인가  오늘 우리가 찾은 것은  무엇인가  잃은 것은 무엇인가  남은 것은 무엇인가  어제 우리가 찾은 것은  무엇인가  잃은 것은 무엇인가  버린 것은 무엇인가
2001.05.20~05.26,44,106314,그런 사람 또 없습니다,황수정,황수정의 고백,2001.02.01,기타,원태연,그런 사람은 또 없습니다
2001.05.20~05.26,45,9830,My Romance,이지훈,Lee Jeehoon Special With...,2001.02.01,Dance,강타(KANGTA),너 없이는 힘들 것 같다고  아무리 애원을 해봐도 볼 수 없었던  너의 차가운 시선만 느껴질뿐  이제까지 너에게 해주지 못했던  그 모든게 또다시 생각나  돌아서면 잊을거라고 그렇게 믿고싶었는데  이젠 어딜가야해 또 무얼해야해  너없이 이렇게 텅빈 내가 나도 싫어  견딜수가 없어 아무리 잊으려해도  이젠 너무 널 닮아버린 내모습에  여전히 넌 살아 내곁에 있는걸  널 보낼 수 없어 언제나 여기 있을게  잠시 세상에 널 맡길게  아주 조금도 아프지 않도록  내가 지켜줄게 나 이자리에서  날 보내던 그순간까지도 애써 웃음지어 보였던  너의 그 모습이 자꾸 나 떠올라 견뎌 낼 수가 없어  정말 잘 할 수 있니 날 잊을수 있니 너의 눈물 닦아주던 내가 더이상은 니곁에 없잖아 아무리 잊으려해도 이젠 너무 널 닮아버린 내모습에  여전히 넌 살아 내곁에 있는걸 널 보낼 수 없어  언제나 여기 있을게 잠시 세상에 널 맡길게  아주 조금도 아프지 않도록 내가 지켜줄게 나 이자리에서 나의 눈물에 비춰진 너의 뒷모습을보내며  내 아픔만큼 니가 행복하기 바랄께   아무리 잊으려해도 이젠 너무 널 닮아버린 내모습에 여전히 넌 살아 내곁에 있는걸 널 보낼 수 없어  언제나 여기 있을게 잠시 세상에 널 맡길게  아주 조금도 아프지 않도록 내가 지켜줄게 나 이자리에서
2001.05.20~05.26,46,6763,No. 1,VariousArtists,2001 대한민국(大韓民國),2001.04.01,Rap / Hip-hop,,Practice makes perfect 오만하여 조금의 여유라도 보였다면 too late 후회해봤자 흘러버린 시간 내 침묵을 깨고 자신을 밝혔나 새천년 넘어온 나 Foxy No 1 비교불가능 여기 남은 Foxy GaiA No 1 Top of the 2 double 0 1 이미 2 thousand 1 이라는 현재 생각없이 싸워선 패배는 절대 분명 시대 배경의 차이점을 아는 fighter에게야 말로 진정한 의미로의 승리가 다가와 여기 모두 하나됨에 발생되는 오메가 파워를 기억하라 하나 타오르는 불씨를 바라보라 check it out 제대로 기어올라가지 못한 연어처럼 배를 보이지 마라 다시 cheer up 아주 까마득한 생의 먼지를 털어 다리가 없다면 꼬리로 걸어 밤새 변하지 않는 난세속을 나와 그리고 MC HaNsAi 함께 정상의 고지에 올라서 wow 그래서 RAPGAS know how one two three four uno mic on the floor hiphop don't stop I will be No1 you will be No1 we will be No1 one two three four hit' em high hit'em low hiphop don't stop I will be No 1 you will be No 1 we will be No 1 No 1 positon No 1 positon yo yo yo yo 우리가 바로 Daggaz 뿌리를 갖지못한 나무 절대로 열매를 가질 수 없는 이유 이제 나 무에서 유로 나아가 모든 걸 새로 한줌의 재로 날리고 이대로 미래로 두팔에 날개를 달고 함께 날아가 함께라면 나 나 빨간불도 무시 lord have mercy 그분이 왼손에 쥐어주신 mic Daggaz 언제나 지니고 있는 따스한 마음 난 no chemical 함께 있기에 두려움 전무 Daggaz yo 이기적인 생각 그 감각을 살려 바라보는 시각 음악소리 그림에다 맞춰 rap 한다는 구박 그 stress 꽉짜서 migrophone에다 말려 there you have a 한국인 rapper 거울 바라보면 거지가 보여 8년 소주랑 사귀여 and I couldn't be happier 그속에 갇혀 still got passion we came together ya'll we's on a mission what one two three four uno mic on the floor hiphop don't stop I will be No 1 you will be No 1 we will be No 1 one two three four hit' em high hit' em low hiphop don't stop I will be No 1 you will be No 1 we will be No 1  we can make something just like that 틀안에 갇혀있는 널 꺼내주고 싶어 느껴봐 내 속에 있는 you got to feel the music shake it tonight did you want some Buga Kingz we got phat boy Juvie train did you want 나는 한국 힙합 main tain 움푹 패인 눈으로 바라본 세상을 논하는 체계적인 지껄임 우리아님 도대체 그대의 총대 누가 매 이제 우리가 모두 하나됨에 더욱 커갈 수 있게 나갈 수 있게 나의 꿈의 실현을 위해 dirty hiphop boyz hiphop의 영혼 for the michrophone 쉴새없이 걸어온 35 on &amp; on 고개를 뒤로 돌려봐 영원에서부터 온 hiphop의 끈을 물어온 Lo Fi 35 stands on 삶이 끝나기 1초전까지 맞서며 대도전 무한의 힘을 뭉쳐 하나가 돼 도전 hiphop 안에 무리가 돼 마지막까지 보존 장엄한 터를 일구어 낸 이곳은 hiphop zone
2001.05.20~05.26,47,27600,기도,정일영,가을동화 OST,2000.10,"Drama,Ballad",최희진,혹시 나를 떠나려는 그대맘이 힘든 나를 위해서 그런 이유인가요 하루만큼 멀어져도 괜찮아요 그대 어디있어도 사랑인걸 믿어요 그땐 난 미처 몰랐죠 나를 보던 그대 눈빛 작은 그대 어깨조차도 안아줄 수 없던 내가 싫었죠 우 워우워~ 언제까지 슬픈 운명 우릴갈라 놓아도 또다시 그대맘을 울리지는 않을거예요 어떤것도 나의 그댈 대신할수 없기에 이제는 그대보다 소중한건 내게 없단걸 아나요 나를 보며 웃는 그대 그 미소가  내게너무나 벅찬 그런 행복인걸요 더가까이 기대와도 괜찮아요 그대 숨결느끼는 지금 이순간 처럼 그땐 난 미처 몰랐죠 나를 보던 그대 눈빛 작은 그대 어깨조차도 안아줄수 없던 내가 싫었죠 우워우워~~ 언제까지 슬픈운명 우릴 갈라놓아도 또다시 그대맘을 울리지는 않을거예요 어떤것도 나의 그댈 대신할수 없기에 이제는 그대보다 소중한건 내게 없단걸 아나요  언제까지나 여기 있어요 작은 손길 닫는 곳에 그대 사랑이 나를 불렀죠 그대 곁으로~ 언제까지 슬픈운명 우릴 갈라놓아도 또다시 그대맘을 울리지는 않을거예요 어떤것도 나의 그댈 대신할수 없기에 이제는 그대보다 소중한건 내게 없단걸  라라 리리 라~
2001.05.20~05.26,48,2940,Be Natural,S.E.S.,A Letter From Green Land,2000.12.26,Dance,유영진,이 마음에 있는 세상과 보여지는 풍경들과 느낄 수가 있는 모든 것 Oh 아이처럼 웃는 얼굴 가끔 가끔씩 내 작은 방에 옮겨놓고 싶은 걸 Oh 매일 아침 꿈에서 매일 같은 곳에서 그댈 만날 수 있어 Oh Something nobody knows It's feel like heavens eye 이제 날아갈 수도 있어 문득 난 잠에서 깨어나 창문을 열어두고 기분 좋은 상상에 빠져있네 나와 같은 세상과 나를 닮은 눈빛과 수필 같은 넉넉한 말들 따뜻하게 들려주는 목소리 또 다른 나의 모습을 찾을 수 있는 오직 한사람 새파란 거리 위에 핀 선율을 가진 표정들 날 웃게 만든 모든 것 Oh 이젠 상념들은 사라져 가고 이 순간은 행복할 것 같아 문득 난 어젯밤 꿈속에 그 길을 걷고 있네 아마 그건 꿈결도 아닌 거야 나와 같은 세상과 나를 닮은 눈빛과 수필 같은 넉넉한 말들 따듯하게 들려주는 목소리 또 다른 나의 모습을 찾을 수 있는 오직 한사람 그대에게 가는 길목엔 왠지 어린 나의 모습 만날 것 같아 Oh 작은 손을 잡고 나 그대 얘길 해 주고 싶어 Oh Oh 문을열어 네게 들어가 첫발 닫는순간 부터 지금까지 네 곁에있어 창을열어 창에 날아가 날 보고 웃고있는나 너 너 너 바로너지 향에빠져들어 속 깊이녹여 눈을감아 신비를 니 네게 보여줄게 다 너에게줄게 이리가까이와 너에게 담아줄게 그저행복의 작은소망과 멀리 퍼져있는 작은 인연  단순하게 생각해볼 미련 한번만더 내어릴적 모습 보며 꿈이현실이야 그게 꿈인 나는천상꿈속에 나와 같은 세상과 나를 닮은 눈빛과 수필 같은 넉넉한 말들 따뜻하게 들려주는 목소리 또 다른 나의 모습을 찾을 수 있는 오직 한사람 Welcome to my heart inside We gonna get to become one hust holding you forever in my mind 내 귓가를 어지럽힌 목소리 또 다른 나의 모습을 찾을 수 있는 오직 한사람
2001.05.20~05.26,49,3743,그런일은,화요비,My All,2000.06.14,R&B / Soul,윤사라,너무나 멀어보여요 이렇게 가까이 있는데도 언제나 나를 안아주던 따스한 인사도 잊은건가요 내가 뭘 잘못했나요 혹시 나 미워졌나요 아니죠 떠나려는건 아니죠 그런일은 절대로 없을거라 나는 믿을게요 오늘은 안돼요  내 사랑이 이대로는 이별을 감당하긴 어려운걸요 많은 약속을 다 지울순 없잖아요 아직도 해드릴게 참 많이 있는데 얼마쯤 걸어가다가 한번은 날 뒤돌아 봐줄거죠 그리곤 다시 예전처럼 다가와 웃으며 안아줄거죠 정말 날 좋아했는데  정말 날 아꼈었는데 아니죠 그대를 다시 못보는 그런일은 절대로 없는거죠  나는 믿을게요 오늘은 안돼요 내 사랑이  이대로는 이별을 감당하긴 어려운걸요 많은 약속을 다 지울순  없잖아요 아직도 해드릴게 참 많은걸요 내일 아침엔 더 힘들어 질거예요 어쩌면 며칠밤을  지새우겠죠 언제까지나 곁에  있기로 했잖아요 그대가 아니라면 난 혼자인걸요
