time,rank,song_id,title,singers,album,date,genre,creator,lyric
2000.02.13~02.19,1,607552,가시나무,조성모,2.5집 Classic,2000.01.27,Ballad,하덕규,내 속엔 내가 너무도 많아  당신의 쉴곳 없네  내 속엔 헛된 바램들로  당신의 편할곳 없네  내 속엔 내가 어쩔수 없는 어둠  당신의 쉴 자리를 뺏고  내 속엔 내가 이길수 없는 슬픔  무성한 가시나무 숲같네  바람만 불면 그 메마른 가지  서로 부대끼며 울어대고  쉴곳을 찾아 지쳐 날아온  어린 새들도 가시에 찔려 날아가고  바람만 불면 외롭고 또 괴로워  슬픈 노래를 부르던 날이 많았는데  내 속엔 내가 너무도 많아서  당신의 쉴곳 없네   바람만 불면 그 매마른 가지  서로 부대끼며 울어대고  쉴곳을 찾아 지쳐날아온  어린 새들도 가시에 찔려 날아가고  바람만 불면 외롭고  또 괴로워  슬픈 노래를 부르던  날이 많았는데  내 속엔 내가 너무도 많아서  당신의 쉴곳 없네
2000.02.13~02.19,2,1606631,Cyber Lover,터보,터보(Turbo) 5집 `Email My Heart`,2000.01.26,Dance,이승호,I met a girl inside I fell in love inside I wanna be her lover I wanna love forever cyber lover you cyber lover cyber lover 그녀의 말투에 나는 빠졌어 그랬어  지난 사랑 얘기에 나도 모를 질투 아직 한번도 만나지 못했지 만 하지만 우리끼리통하는 여긴 cyber world 오늘 아침 니가 보내온 향기 가득한 메일이 나의 하루를 행복하게 만들어 주겠지 어떤 모습 어떤 눈빛일까 너무 보고 싶지만 왠지 난 이대로가 그냥 좋은걸- 속상했던 일이 생겨도- 또 마음이 서글퍼질때도 너와의 얘기속에 어느샌가 사라-져 왜 내 마음이 설랠까 한번도 만나지 않았는데 어떻게 내게 이런 느낌 생길수가 있을까 널 사랑하는지 몰라 세상에 지쳐있는 내 눈빛보다 가슴부터 차오르는 느낌 사랑이 아닐까 oh cyber lover you cyber lover cyber lover 니가 너무 보고 싶어 너에게 어울리는 선물도 하고 싶어 비록 얼굴도 이름도 모르지만 니속에 모든걸 알고 싶어 널 보면 실망하고 허무하고 슬퍼질지도 I don't know 하지만 넌 이미 이세상 최고의 나만의 cyber lover 오늘은 널 볼수 없었어 종일 널 찾아 다녔지 이런적 없던 너였기에 당황도 되었지 혹시 무슨일이 있는건지 왠지 걱정도 됐고 이렇게 변한 네게  화도 났었어- 언제라도 내가 찾으면- 늘 그곳에 있어주었던 너 그래서 바보처럼 가끔씩은 잊혀-져 늘 함께 있을 사랑을 체온이 느껴지는 사랑을 나보다 더 큰 행복으로 지켜주는 사랑을 널 만날수는 없겠지 이대로 추억속에 남게 될지도 그렇지만 변함없을거야 내 상상속에서 oh  I met a girl inside I fell in love inside I wanna be her lover I wanna love forever cyber lover you cyber lover cyber lover cyber lover-
2000.02.13~02.19,3,85674,영원,스카이,Final Fantasy,1999.11.16,Rock,,너와의 행복했었던 또 아름다웠던 추억  우연히 지나친 그런 시간만은 아닐 꺼야  BREAK DOWN  이미 커져버린 내 빈자리의 주인은  이 세상의 하나뿐인 너였던 거야  (바로 너)   항상 그래왔듯이 니가  내게 다가오기만을 기다린 나니깐  니가 없는 세상 속에서  혼자 눈뜬 아침이 너무 눈 부셔   이제껏 나 숨쉬고 있는 이유는 하나  걸어온 길이 너무도 쉽지 않았기 때문에  내 사랑은 늘 그래왔듯이 눈물만 남겨져  나 가진 것이 많아야 이룰 수 있는 건가봐   이제 사는 법을 알겠어 세상이 원하는 걸  다시 내 삶을 돌려 널 만난다면  널 잊지 않을 거야   기다릴게 나 언제라도  저 하늘이 날 부를 때  한없이 사랑했던 추억만은 가져갈게   우리 다시 널 만난다면 유혹뿐인 이 세상에  나 처음 태어나서 몰랐다고 말을 할게  나 약속해   기다릴게 나 언제라도  저 하늘이 날 부를 때  한없이 사랑했던 추억만은 가져갈게   우리 다시 널 만난다면 유혹뿐인 이 세상에  나 처음 태어나서 몰랐다고 말을 할게  나 약속해
2000.02.13~02.19,4,9879,飛上(비상),주석,2000 대한민국(大韓民國),2000.01,Rap / Hip-hop,,영혼 그동안 모두 빼앗겨 온 다시 찾기 위해 함께 잡은 Microphone Nihon 많은 것들을 앗아간 손 돌려받기 위해 함께 잡은 Microphone 영혼 그동안 모두 빼앗겨 온 다시 찾기 위해 함께 잡은 Microphone Nihon 많은 것들을 앗아간 손 돌려받기 위해 함께 잡은 Microphone 하루 이틀 변천해가는 아무것도 없던 이 황토했던 이 땅에 다가는 알 수 없을 또 모를 이름들의 것들의 속속들이 들어서는 그러나 문명의 발달을 위해 한시 앞을 바라보지 않은 채 받아들인 그 실수 이젠 뭐하나 그 때 그 사실을 여기 TEAM이 말하고 있지 않은가 계속되는 소란 또 끝이 없는 고난 무한의 늪이 계속되어 가던 날 이런 세상을 다 개혁코자 바꾸어 보자고 노력하나 모두 허사 누구를 세뇌 시킨 채로 지배했나 휩쓸려간 패배 731 부대 몰래 마루타로 둔갑한 내 핏줄의 신체 죄 타의해 조종됐던 허망했던 시대 역지사지 무지인해 꺾여진 가지 다시금 못 잊을 우리의 수치 우린 DOPE BOYZ 패거리 50여년 전에 했지 그들에게서의 독립 하지만 지금도 하지 못하고 있는 스스로의 자립 넌 잊었지 우린 아직 문화 식민지 D 아직도 O 내게는 P 보다는 E 영원한 TOC 우린 DBG 진 DOPE ONESUN MC 성천 패거리 BLOW BLOW  거세된 문화는 연결고리가 없다는 기본 원칙에 뭐라는 사람들 생각은 아무 가치 없는 지껄임 여기저기 삐걱임 수많은 밤마다 뒤척인 머리 아픈 비상의 기다림 벌써 기대했던 자의식의 변화 그건 결국 다음 단계로의 정신적 진화 거짓된 자들의 영혼을 인화 낱낱히 그려보이마 여긴 백의 영혼의 나라 너는 너대로 나는 나대로 그렇게 사는 세상이라 하여도 이미 오래 전 얘기라고 역사에 파도 속에 너무 쉽게 묻어 버리지 말어 쪽바리들에게 우리 부모들이 무모하게 당한 수모 어찌 잊으리요 그치만 여기 저기 어디를 봐도 거리를 봐도 우린 아직도 기브미 쵸꼬렛또 영혼 그동안 모두 빼앗겨 온 다시 찾기 위해 함께 잡은 Microphone Nihon 많은 것들을 앗아간 손 돌려받기 위해 함께 잡은 Microphone 영혼 그동안 모두 빼앗겨 온 다시 찾기 위해 함께 잡은 Microphone Nihon 많은 것들을 앗아간 손 돌려받기 위해 함께 잡은 Microphone 밝아오는 나의 새로운 꿈을 찾아서 다시 태어나 세상에 펼쳐진 우리를 보여 줄거야 세기 이천년의 깊이를 이어 변함없는 향기를 뿜는 거대한 Fine tree 모든 라임이 갖는 의미 작은 한마디 마다 대의를 지니고 있을지니 어둠이 깊이 덮힐수록 그 빛은 더하리 진심으로 구한다면 발견할 수 있으리 진리를 가져다 보여주리 바로 여기 Right Here With My 포에츄리 Like Sweet Deep 멜로디 2000년 새로운 변혁기를 맞이한 새 천년 상황은 계속 변하는데 전혀 준비하지 않고 가만히 있다면 도태될 것이 내 눈에 선명 목표는 항상 스페이드 에이스 A Few Days 후에 확연히 차이가 난 스피드 에이스 이제부터가 중요한 시간 미래를 향하여 모두 다 함께 비상 영혼 그동안 모두 빼앗겨 온 다시 찾기 위해 함께 잡은 Microphone Nihon 많은 것들을 앗아간 손 돌려받기 위해 함께 잡은 Microphone 영혼 그동안 모두 빼앗겨 온 다시 찾기 위해 함께 잡은 Microphone Nihon 많은 것들을 앗아간 손 돌려받기 위해 함께 잡은 Microphone 영혼 그동안 모두 빼앗겨 온 다시 찾기 위해 함께 잡은 Microphone Nihon 많은 것들을 앗아간 손 돌려받기 위해 함께 잡은 Microphone 영혼 그동안 모두 빼앗겨 온 다시 찾기 위해 함께 잡은 Microphone Nihon 많은 것들을 앗아간 손 돌려받기 위해 함께 잡은 Microphone
2000.02.13~02.19,5,85257,바꿔,이정현,Let`s Go To My Star,1999.10,Dance,최준영,모두 제정신이 아니야 다들   미쳐가고만 있어   어느 누굴 믿어 어찌믿어   더는 못믿어   누가 누굴 욕하는거야 그러는   넌 얼마나 깨끗해   너나 할것없이 세상속에   속물들이야   바꿔 바꿔 바꿔 내 모든걸   다 바꿔 바꿔 바꿔   사랑도 다 바꿔 바꿔 바꿔 거짓은   다 바꿔 바꿔 바꿔 세상을 다 바꿔  THANGTH IT WAS A MUST   TO TRUST YOU NOW I CRUSH   YOU ANALYSIN MY BRAIN   너의 가식적인 사랑   나를 다시 사랑하길 바래   내가 다시 돌아오길 바래   그럼 바꾸길 바래 늦기전에   날 잡길 바래  한 여자의 지난 과거가 왜   용서받지 못할 일이야   맘에 걸렸다면 처음부터 왜   날 사랑해   모든 것이 변해버렸어 예전의   나로 착각하지마   나를 버린것을 후회해도   이미 늦었어   바꿔 바꿔 바꿔 내 모든걸   다 바꿔 바꿔 바꿔   사랑도 다 바꿔 바꿔   바꿔 거짓은   다 바꿔 바꿔 바꿔 세상을   다 바꿔 바꿔 바꿔 내 모든걸 다  바꿔 바꿔 바꿔  사랑도 다 바꿔 바꿔 바꿔  거짓은 다 바꿔 바꿔  바꿔 세상을  다 바꿔 바꿔
2000.02.13~02.19,6,86166,Day By Day,플라이투더스카이,Fly To The Sky,1999.12.14,R&B / Soul,지국현,오늘 하루 어땠나요 괜찮았나요  어제는 너무 늦어서 전활  할 수 없었죠  괜시리 수화길 들었다 또 놨다  그렇게 밤을 지새웠어요  조금 우습죠  당신 하루 생활이 난 궁금했어요  잠잘 땐 나처럼 베갤  끌어안고 자는지  가끔은 잠에서 깨보면 TV만  외로이 홀로  켜져 있는지 별거 아닌데  나는 궁금했어요  당신이 좋아지는 거겠죠  그런데 난 이 말을 하기가  Oh baby 힘이 든 건지  아님 용기가 없어서 자꾸만  피하는지  사랑해요 아니 모자라지요  내 안에 사랑 보여 줄 수 있는 날  기다려요 아주 천천히 많이  꺼내 들고서 앞에 서 있을 그 날  손을 뻗어 당신께 난 갔어요  꿈인 줄 알았지만 멈출 수는  없었지요  내 몸에서 느껴지는 떨림을  도저히 멈출 수가 없어요  난 당신께 솔직히 내 맘을  털어놔요  사랑해요 아니 모자라지요  내 안의 사랑 보여 줄 수 있는 날  기다려요 아주 천천히 많이  꺼내 들고서 앞에 서 있을 그 날  Day by day 나보다 더 소중한  I still long for your love  day by day
2000.02.13~02.19,7,1564057,I Believe,이수영,I Believe,1999.11.17,Ballad,MGR(RBW),그대 그약속-을 기억하고 있을까-요 I believe I believe  I believe 많이 변했을 내 모습을  알아볼까-요 And I believe I believe I believe  니가 떠나던 날 너의 빈 책-상위에 새겨져- 있- 던 그말을- -  난 기-억해-요 오늘이 바로 그대 약속-한 그날인-걸-요-- 오지 못할-거-란걸 알고 있어 앞으로도 영원-히- 볼 수 없-다는 것-을- 이젠 이세상에 너란 사-람은 없는거니 내가 잘못 안-것이길 빌고- 있어 우리- 약속한-  이곳에-서-  처음부터 운-명이란 걸 난 느꼈어-요 I believe I believe  I believe 친근한 말 한 -마디조차 한 적 없지-만 And I believe I believe I believe  슬픈 그대 얼굴 이유를 알-았을때 애써 담-담-한 표정만-- 짓고- 있었- 죠 연락하기로 해 웃으며 말-하던 너는- 어-디있-니  오지 못할-거-란걸 알고 있어 앞으로도 영원-히- 볼 수 없-다는 것-을- 이젠 이세상에 너란 사-람은 없는거니 내가 잘못 안-것이길 빌고- 있어 우리- 약속한 이곳에서---
2000.02.13~02.19,8,85258,와,이정현,Let`s Go To My Star,1999.10,Dance,최준영,사실이 아니길 믿고 싶었어  널 놓치기 싫었어  혹시나 우리의 사랑이 잘못 돼 끝나면 어떡해  가슴은 아프지만 모른척 해야해  이별보단 덜 아플 테니까  설마했던 네가 나를 떠나버렸어  설마했던 네가 나를 버렸어  깊었던 정을 쉽게 잊을 수 없어  늦었어 이미 난 네 여자야  오오오오오오오오 독한  여자라 하지마  오오오오오오오오  사랑했으니 책임져  다시는 사랑에 속지 않기를 나  간절히 바랬어  네가 내 인생의 마지막 남자가  돼 주길 바랬어  하지만 이게 뭐야 눈물 뿐이야  이제 남은건 절망 뿐이야  설마했던 네가 나를 떠나버렸어  설마했던 네가 나를 버렸어  깊었던 정을 쉽게 잊을 수 없어  늦었어 이미 난 네 여자야  오오오오오오오오  독한 여자라 하지마  오오오오오오오오  사랑했으니 책임져  날 봐 잘 봐 내 사랑을 다시 봐  와와 봐봐 이번이 마지막  뭣하러 뭣하러 떠나 날  뭣하러 뭣하러 버려  이제 잔소리 말고 내게로  다시 와줘 와줘
2000.02.13~02.19,9,85900,고백,박혜경,+01,1999.12.23,Rock,강현민,말해야 하는데 네 앞에 서면
2000.02.13~02.19,10,91325,애수(哀愁),god,Chapter 2,1999.11.25,Dance,박진영,난 아직도 그대를 잊지 못해  오늘도 그댈 찾아 이  거리를 헤매 난 아직까지 그대만을 원해  다른 사랑을 하지 못해 세상 모든 곳 그대가  있을 만한곳  모두 뒤져봐도 그대를  찾지 못했어 그대는 어딨는 거야 왜 날날  떠나간 거야  내말 안 들리는 거야 내가  널 찾는걸  모르는거야 그런 거야 아니면  나를 만나면  안 될 이유라도 있는 거야  그러면 좋아 내가 널 이렇게  목놓아 부르지 않게  한번만이라도 잠깐만이라도  내 앞에 나타나 줘  꿈속에서라도 나를 봐 조금씩  무너지는  내 모습을 봐 널 찾아  헤매이는 난  지금 힘들어 니가 보고 싶어  니가 날 떠난 그 직후부터 난 아직도 그대를 잊지 못해  오늘도 그댈 찾아 이  거리를 헤매 난 아직까지 그대만을 원해  다른 사랑을 하지 못해 우린 행복했어 정말 행복했어  세상 누구보다 예쁜 사랑을 했어 처음 만난 그 순간 하늘에서  예쁜 눈을 뿌려줬어 마치 한 장면의 영화처럼  너무 아름다운 너와 내가 눈이 맞았었지 움직일  수 없었지  그렇게 우리의 사랑은  시작되었지 그리고 나서 우리는 예쁜  그림을 그리는 꼬마 아이들처럼 그 눈빛처럼   맑고 맑은 유리구슬처럼  투명한 사랑을 만들어 갔어  꿈을 꾸며 함께 미래를 그려봤어 그러다 그녀가 사라졌어  한마디 말도 없이  그렇게 그렇게 내곁을 떠났어 난 아직도 그대를 잊지 못해  오늘도 그댈 찾아 이  거리를 헤매 난 아직까지 그대만을 원해  다른 사랑을 하지 못해 제발 돌아와 내말 안 들려  어서 나타나 나 지금 흔들려 나를 잡아 줘 나를 붙잡아 줘 어서 하루가 다르게 무너지는  날 일으켜 줘 너는 나를 잘 알잖아 난 너밖에 없잖아  니가 없으면 아무 것도  못한다는 걸 알잖아 왜 그래 도대체 왜 이래  대체 왜 이렇게  날 자꾸만 힘들게 해 니가 어디 있든 어디서  무얼 하든  누구와 있었든 그 이유가  무엇이든 아무 것도 묻지 않을게  넌 돌아오기만 하면 돼 난 그전엔 그날이 오기 전에  어쩔 수 없어  난 이렇게 밖엔 살아갈 수 없어  너만을 기다리며 멈출 수 없어  널 찾아 헤매이며 ah girl No I can't live  without you  everything I see it reminds  me of you  My heart is so cold Please come back to me 난 아직도 그대를 잊지 못해  오늘도 그댈 찾아 이  거리를 헤매 난 아직까지 그대만을 원해  다른 사랑을 하지 못해
2000.02.13~02.19,11,489869,연가,유승준,You Seung Jun Best & J Duet Collection,2001.09.01,Dance,이현도,처음 보았을때 난 벌써 시작되었지 우리 만났다는 그 이유 단 하나만으로  새로운 날이 찾아온거야 모든것이 내겐 이렇게 아름다워  모든것이 너와 함께야 오 이렇게 영원히 oh baby  소년의 얼굴로 노래하리 세상 가장 맑은 목소리로 내 마음 가득히 커져만 가는 너에게 사랑노래  소녀를 위해서 난 노래하리 세상 가장 행복한 목소리로 가슴 가득 나의 너를 위해  그저 지내왔던 어제 이제는 매일 새로워 서로 소중함에 슬픔은 나에게서 멀어져  새로운 날이 찾아온거야 모든것이 내겐 이렇게 아름다워  모든것이 너와 함께야 오 이렇게 영원히 oh baby  소년의 얼굴로 노래하리 세상 가장 맑은 목소리로 내 마음 가득히 커져만 가는 너에게 사랑노래  소녀를 위해서 난 노래하리 세상 가장 행복한 목소리로 가슴 가득 나의 너를 위해  아주 오랫동안 까맣게 잠들어 있던 내게 새빛으로 깨어나 숨쉬게 해준 너에게  소년의 얼굴로 노래하리 세상 가장 맑은 목소리로 내 마음 가득히 커져만 가는 너에게 사랑노래  소녀를 위해서 난 노래하리 세상 가장 행복한 목소리로 가슴 가득 나의 너를 위해
2000.02.13~02.19,12,3105064,아름다운 21C,"엑스틴,ThugSquard,DJMurf,피플크루,후니훈",2000 대한민국 (신나라),1999.12.01,Rap / Hip-hop,,서서히 일어서 유유히 흐르는 강물처럼 유난히 돋보이게 거침없이 일어나라 후 같은 민족 얼에 한국 깨어나라 후 반만년의 대한 민국 일어나라 후 같은 민족 얼에 한국 일어나라 깨어나라 우리나라 한국 일제치하 뭔가 아직도 생각하고 있는가 일구구구년이 지나고  이공공공년이 다가오는 지금 우린 아직도 허우적 대고 있는건가 지난 과거의 아픔 슬픔 슬픈 아픔 모두 잊어 다시 설 수 있어 우린 한다면 한다 새 천년의 주역 한국인 얼쑤 후  너무나 너무나 아름다운 우리나라 삼면은 바다 우뚝 솟은 산맥들과  어우러진 그 안에 힘차게 날아오르는 철새들과 이제는 자리를 잡아갔어  노력했어 우리는 피땀흘려 만들어 왔어 개척했어 예전의 모습들로 인해서 서서히 일어서 유유히 흐르는  강물처럼 유난히 돋보이게 거침없이 일어나라 후 같은 민족 얼에 한국 깨어나라 후 반만년의 대한 민국 일어나라 후 같은 민족 얼에 한국 일어나라 깨어나라 우리나라 한국 한국 사람으로 태어나서 한국말을 쓰고 태극기를 자랑스럽게 여겨 온  우리민족 5000년의 역사를 너희들이 짓밟으리 아니면 우리가 올라가리 가리 한참을 기다려 온 우리민족의 끼와 발상 그 속 그 속을 너희가 어찌 아리 대한민국 하나의 뿌리를 이어 온 단일민족 백성 모두 지니고 있는 기상과 자긍심 우린 자랑스런 한국인 찬란한 문화 뿌리 깊은 역사의 우리나라 투명하고 맑은 조상의 정기를 이어받아 세상에 태극기 더욱 더 드높여지리 서서히 일어서 유유히 흐르는 강물처럼 유난히 돋보이게 거침없이 일어나라 후 같은 민족 얼에 한국 깨어나라 후 반만년의 대한 민국 일어나라 후 같은 민족 얼에 한국 일어나라 깨어나라 우리나라 한국 가시에 찔려왔던 그 상처 너무 컸던 우리 이제 하나되어 노래하리 기도하리  다가올 미래 위해 우린 마이크를 잡으리  이젠 더 이상 배고파 우는 아이도 서로에 겨누워진 비수의 끝도  모두 사라지리 그리고 모두에게 오로지 평화만이 남으리라 남으리라 서서히 일어서 유유히 흐르는 강물처럼 유난히 돋보이게 거침없이 일어나라 후 같은 민족 얼에 한국 깨어나라 후 반만년의 대한 민국 일어나라 후 같은 민족 얼에 한국 일어나라 깨어나라 우리나라 한국 꿈의 흐름이 멈춰 하늘을 갈라 열리는 순간 한가운데 한 빛이 되어  동방의 등불을 불지피리 그 빛은 가르키리 태양계 우주 그 속에 지구  그 속에 한가운데 한 맺힘 한국 피맺힌 피어난 이 피여 피어올라라  마치 꺾인 가지로 꽃핀 무궁화여 한국이여  그렇게 버텨 버텨왔던 힘들게 견뎌왔던 우리가 지금까지  가 가꿔 가꿔 가꿔 온 자랑스러운 국민 대한민국민 여기서 멈출 수야 없지  조각조각 저기 저 하늘에 걸려있는 구름 그 사이로  서서히 내려와 우릴 비추는 저 빛에 우린 서서히 일어서 유유히 흐르는 강물처럼 유난히 돋보이게 거침없이 일어나라 후 같은 민족 얼에 한국 깨어나라 후 반만년의 대한 민국 일어나라 후 같은 민족 얼에 한국 일어나라 깨어나라 우리나라 한국 이제 갈 때까지 갔어 올 때까지 왔어 더 이상 우리 모두 피할 수 없는 곳까지 왔어 20세기 완전히 끝나 버렸어 하지만 이대로 끝날 수 없어 나 마지막 순간에 서서 21세기를 준비하리 눈을 뜨리 잠들어 있던 민족 혼에 불지피리
2000.02.13~02.19,13,85707,해줄 수 없는 일,박효신,해줄수 없는일,1999.12,R&B / Soul,윤사라,할말이 있어 어려운 얘기  내게 힘겹게 꺼내놓은 네   마지막 얘기  내 곁에 있기엔 너무 닮지 못해서  함께 할 수 있는 건 이별 뿐이라고  아무것도 난 몰랐잖아 너를   힘들게 했다는 게  그런것도 몰랐다는 걸 도무지   난 용서가 안돼  아무것도 넌 모르잖아  나를 차갑게 돌아서도 내일부터   볼 수 없어도  내 안에 넌 달라지는 게 아니란걸 그렇다는걸 너도 알고 있잖아  니가 원하면 무엇이든 다 할   수 있단 걸  해줄 수 없는 건 오직   한 가지 뿐야  너무 사랑하면서 너를   떠나가는 일  아무것도 난 몰랐잖아 너를   힘들게 했다는 게  그런것도 몰랐다는 걸 도무지   난 용서가 안돼  아무것도 넌 모르잖아   나를 차갑게 돌아서도 내일부터   볼 수 없어도  내 안에 넌 달라지는 게 아니란걸 너를 위한 길이라면 그러고 싶어  받아들이려고 해봐도 이별까지는 아무래도  힘들것 같아 니가 없이 살아가는게 나에게는  자신 없으니까 아무말도 못 들은 걸로 아무일도  없었던 걸로 오늘 일만 지워버리면 우리  둘은 달라지는게 없잖아 더 지치게 하는 일 없을테니
2000.02.13~02.19,14,62185,크로스,엄정화,All Details,1999.12.12,Dance,주영훈,이젠 나의 맘을 막을 수가 없어 너의 그를 사랑하게 되 버린걸 그렇게 애타게 찾아온 사랑이 왜 하필 너의 그 사람인지 난 모르겠어 내 맘을 어떻게 해야해 날 숨겨줘 어디라도 내 안의 사랑을 느낄 수 있는 곳에 용서받지 못한 나의 사랑이 아름다울 수 있도록 날 지켜줘 언제라도 웃으며 함께할 수 있는 그날까지 세상이 우리를 욕한다해도 너만은 축복해주길 바랄뿐야 누가 알까 숨죽이는 나의 모습 비밀 속에 묻고 싶은 사랑인걸 미안해 나만의 사랑을 위하여 우정까지 포기한 나에게 그 어떤 말로 날 저주 한 대도 괜찮아 날 숨겨줘 어디라도 내안의 사랑을 느낄 수 있는 곳에 용서받지 못한 나의 사랑이 아름다울 수 있도록 날 지켜줘 언제라도 웃으며 함께할 수 있는 그날까지 세상이 우리를 욕한다해도 너만은 축복해주길 바랄뿐야
2000.02.13~02.19,15,86327,서방님,이소은,신비,2000.01.14,Ballad,이규호(Kyo),잊어요 괜한 걱정마요 예전에 내가 말했잖아요  그대 가는 길가에 핀 이름모를 꽃처럼 있는 모습 그대로  지켜줘요 괜한 욕심말아요 언제나 내가 말하잖아요  여기 그대 눈 멀게한 소녀의 고운 미소  그리 영원하진 않아요  서방님 내 서방님 용서하세요  허락하려 할 수록 소녀는 우스워질테니  노여워 말아요 견뎌내야죠 처음부터 잘못택했었던  그대의 잘못인거죠    미워요 괜한 투정이죠 사실 내맘도 병들어가고 있죠  늘 그대 볼 수 있게 이대로 눈을 감고  달이 되어 살고 싶어요  서방님 내 서방님 알아주세요  정든님 넓은 가슴 멍들게 할 주제 못되니  노여워 않아요 견뎌내야죠 처음부터 떨치지 못했던  소녀의 잘못인거죠    우리의 잘못인거죠  오- 언제라도 그대뿐이에요(서방님 내 서방님 용서하세요)  시간이 끝-에 닿아도(무엇이 또 그누가 잘못이 있을지라도)  다시 산다해도 그댈 따르겟어요(노여워 말아요 기다려야죠)  그땔 기다려-요 우 그런날이 오겠죠(처음부터 사랑해도 좋은 그런 날이 오겠죠)
2000.02.13~02.19,16,1087403,가니,진주,Jinju`s Soul Music,1999.12.17,Ballad,박진영,친구들이 말했어 니가 떠난다거든  웃으면서 보내줘야 한다고  이미 돌아선 너를 붙잡는다고 해도  이별을 힘들게 할뿐이라고  웃으며 넌 떠났어 우린 약속했기에  서로를 절대 붙잡지 말자고  그래서 떠나는 널 난 바라보면서도  눈물조차 흘릴수가 없었어  가니 정말 날 떠나니  가니 다신 안올거니  가니 이젠 못보는거니  그럼 기다릴 필요없는거니  친구들이 말했어 쉽지 않을거라고  웃으면서 너를 보낸다는게  하지만 난 이렇게 미소짓고 있는걸  조금도 슬프지 않은것처럼  가니 정말 날 떠나니  가니 다신 안올거니  가니 이젠 못보는거니  그럼 기다릴 필요없는거니  난 니가 왜 날 떠나는지  꼭 그래야 했는지  널 붙잡고 실컷 울고싶지만  어색한 미소 난 지을뿐  가니 정말 날 떠나니  가니 다신 안올거니  가니 이젠 못보는거니  그럼 기다릴 필요없는거니  가니 정말 날 떠나니  가니 다신 안올거니  가니 이젠 못보는거니
2000.02.13~02.19,17,38542,꼭!,김건모,Growing,1999.11.20,Dance,"남정호,윤일상,김태윤",이제와 달라진건 너 하나 떠난 것 뿐인데 왜 다른거야 모두 그대론데 네 기억 마저 가져가줘 이렇게 허전한 줄 몰랐어 너 없는 시간들이 꿈속에서 그렇게 환히 웃던 너는 왜 그리 멀리 있니 다시는 돌아올 수 없는 넌 느끼며 또 하루가 지나갔어 이렇게 힘들게 살아갈 날 위해 내 곁으로 돌아와줘 아무도 없는 방 한구석에  쓸쓸히 앉아서 함께 했던 추억을 그리며 다시 너를 찾고 있어 꼭 돌아와 줘  그렇게 많은 것을 버린 채 살아온 나날들 아픈만큼 지친 나의 모습 넌 이런 나를 바랫었니  이렇게 너만을 생각하며 헤매고 싶지않아 너의 그늘을 벗어나 살고 싶은 바램 이제는 늦은 걸까 그 어떤 이유라도 이제는 괜찮아  다시 내게로 돌아와 줘 예전처럼 나를 힘들게 한데도 이제는 상관없어 또다시 나를 멀리 떠난다고 해도 널 원망하진 않을꺼야 너 없이 힘들게 살아온 만큼의 아픔을 배웠으니 다시는 너를 놓지 않겠어 너 돌아온다면 널 위해 내가 가졌던 모든 걸다 너에게 줄 수 있어 꼭 돌아와 줘
2000.02.13~02.19,18,86104,UPT Paradoxxx,업타운,Verbal Medication,1999.12.18,Rap / Hip-hop,,돌아 나 돌아 기다렸던 시간이 다가왔어 그래 나 이렇게 새로운 시작을 위하여 그 무엇이 다가오던 그 무엇이 내 앞을 가로막던 상관없어 내 주위에 누가 있건 그 누구건 날 막을 순 없어 잘난 who 누가 오건 어떤 음악 내게 덤빈다 해도 나의 태도 마치 ghetto 에서 그러는 것처럼 그러니 내게 잘난 누가오던 나는 절대 거리끼지 않아 누가 누가 오건 이제 이제부터다 내 말 들어라 옛것을 좋아하건 정말 중요한 건 그게 아니야 안그래 택권 웃겨 아주 웃겨 새천년에 들떠 있어 실수했어 I M F 못 느껴 잊어버렸니 까먹었니 나는 carlos 그것 보다 보면 기분만 망쳐 이제 얘길 바꿔 어제보니 꽝꽝꽝 또 터진 대형사고 인천의 술집에 화제사고 사고에는 우리나라 최고 yeah 왜 하필 왜 하필 왜 하필 왜 이런것이 우리나라 최고 하지만 여자학생 아홉명이 같이 죽었네 학생이 왜 그런데 간다고 짜증내는 잘난 우리 어르신네 지갑속에 주민등록증 운전면허증 그건 바로 안전불감증 돌아 나돌아 기다렸던 시간이 다가왔어 새로운 세상이 우리앞에 펼쳐졌어~ 나 원한 일들의 꿈을 이룰때가 왔어 그래 나 이렇게 새로운 시작을 위하여 You Rock I Rock 서라도 좋은 대학 가고 싶은 생각 너무 유치 그치 너는 니 가문에 수치 아는걸 나만 보면 완전히 얼어붙어 아무것도 못하고 있는 널 벌벌벌 떨고 있는 널 날 보기가 두렵지 그렇겠지 지은죄가 있으니 그렇게 날 보면 쑥스럽겠지 우리 누구지 우린 U P T 나의 햄스터 널 보고 웃어 버려 버려 모두 너를 꺼려 너의 그런 가식 모두다 버려 바꿔야 달라져야 다른 세상 되는거야 눈 가리고 아웅 이제 내앞에 그 무엇이 다가오던 그 무엇이 내 앞을 가로막던 상관없어 내 주위에 누가 있건 그 누구건 날 막을 순 없어 잘난 who 누가 오건 어떤 음악 내게 덤빈다해도 나의 태도 마치 ghetto 에서 그러는 것처럼 그러니 내게 잘난 누가 오던 나는 절대 거리끼지 않아 누가 누가 오건 난 모두다 알듯 John 바로 오늘밤 모든게 나의 맘 단지 하루밤 원하는 걸들은 나의 맘 힙합의 이 리듬 너를 향한 나만의 믿음 매일같이 그저 같은 쿵치기 쿵치기 리듬에 맞춰 어떻게 모두가 똑같이 춤춰 그저 힙합의 리듬 맞춰 칠링 그저 cool 하게 칠링 그게 너와 나의 딜링 내 말 들어 그저 손을 높이 들어 손을 들어 왼쪽 오른쪽 느끼는 대로 흔들어 그렇게 하면 되는거야 그게 너야 거울에 비친 리듬에 취해 비틀대는 것이 바로 너야 그렇게 하는거야 그렇게 하면 되는거야 벽보고 혼자될 필요없어 마치 테크노 oh no 여기 온 같이 논 자들은 모두 하나 돈 필요없어 그저 취해 뜨는거야 하늘 높이 또 높이 모두가 함께 날아 보는거야 돌아 나 돌아 기다렸던 시간이 다가왔어 새로운 세상이 우리앞에 펼쳐졌어~ 나 원한 일들의 꿈을 이룰때가 왔어 그래 나 이렇게 새로운 시작을 위하여 그 무엇이 다가오던 그 무엇이 내 앞을 가로막던 상관없어 내 주위에 누가 있건 그 누구건 날 막을 순 없어 잘난 who 누가 오건 어떤 음악 내게 덤빈다해도 나의 태도 마치 ghetto 에서 그러는 것처럼 그러니 내게 잘난 누가 오던 나는 절대 거리끼지 않아 누가 누가 오건
2000.02.13~02.19,19,91322,너를 보내고,YB,한국 Rock 다시 부르기,1999.12.01,Rock,이승희,구름낀 하늘은 왠지 네가 살고 있는 나라일 것 같아서 창문들마저도 닫지 못하고 하루종일 서성이며 있었지 삶의 작은 문턱조차 쉽사리 넘지 못했던 너에게 나는 무슨말이 하고 파서 였을까 먼산 언저리마다 너를 남기고 돌아서는 내게 시간은 그만 놓아주라는데 난 왜 너 닮은 목소리마저 가슴에 품고도 같이가자 하지 못했나  길잃은 작은 새 한마리가 하늘 향해 그리움 외칠때 같이 놀던 어린나무 한그루 혼자 남게 되는게 싫었지 해 저가는 넓은 들판 위에서 차가운 바람불어도 들려오던 노래 내곁에 없었지 먼산 언저리마다 너를 남기고 돌아서는 내게 시간은 그만 놓아주라는데 난 왜 너 닮은 목소리마저 가슴에 품고도 같이가자 하지 못했나 먼산 언저리마다 너를 남기고 돌아서는 내게 시간은 그만 놓아주라는데 난 왜 너 닮은 목소리마저 가슴에 품고도 같이가자 하지 못했나
2000.02.13~02.19,20,85402,너 떠난후...,포지션,Position,1999.10.22,Rock,안정훈,언제나 내게 말했지 소중한 건 잃기 쉽다고 느낄 수 없-도록 나도 모르게 조금-씩 잃어간다고 그때는 알지 못했어 그런말을 왜 하는지도 조금씩 무뎌-진 너와의 사랑을--내가 느낄 수 없었으-니까 너 떠난후 나에겐 모든게 달라졌-어 너 하나 내-게 없-을뿐인데 이제는 늦은거야 나를 달래도 보-지만 그럴수-록 내가 미워져- 어디에 있어도 느끼게 해줘 세상-에 하나뿐-인 널  혼자서 나도 모르게 흘려왔던 너의 눈물은 너만을 위한-건 아니라는 것을-- 내가 이제는 느낄수- 있어 너 떠난후 나에겐 모든게 달라졌-어 너 하나 내-게 없-을뿐인데 이제는 늦은거야 나를 달래도 보-지만 그럴수-록 내가 미워져- 어디에 있어도 느끼게 해줘 세상-에 하나뿐인 널
2000.02.13~02.19,21,91321,미련,KYT(코요태),실연,1999.11.06,Dance,최원선,먼훗날 웃으며 만나자는 약속 따윈 말아 이제는 친구로 지내자는  거짓말도 싫어 네가 나를 떠난다면 모두 끝인걸 알고 있어 처음부터 영원한 사랑이란 네게 없던거야 날 위해 행복을 빌겠다고 얘기하는 네가 나에게 커다란 슬픔만을 주고 가는거야 너를 보는 내 두눈에 눈물이 흘러 내린대도 돌아선 네 마음을 되돌릴 수 없어 너무나 그리워 그리워 울고만 싶어 네 모습 지우려 지우려 해도 영원히 너만은 믿을수가 없어 네게로 달려가 달려가 만나고 싶어 죽도록 너만을 너만을 원해 아직은 네곁을 떠날 수 없어 넌 날 떠났지 내게 영원하자 했었지 uh 언제부턴가 너는 멀어져 갔고 saw myself crying baby as you go thought you was wit me damn it just hit me 떠나가던 너의 모습 이젠 잊지 now let me be alone like a lonely Jipssy 돌아오지 않은 널 나는 잊지 네가 왜 내곁을 떠나는지 묻고 싶지 않아 네가 날 사랑을 했었는지 생각하기 싫어 지금까지내 사랑이 물거품 되어 사라졌어  이대로 끝이란게 믿을수가 없어 너무나 그리워 그리워 울고만 싶어 네 모습 지우려 지우려 해도 영원히 너만을 믿을수가 없어 네게로 달려가 달려가 만나고 싶어 죽도록 너만을 너만을 원해 아직은 네곁을 떠날 수 없어 네게로 달려가 달려가 만나고 싶어 죽도록 너만을 너만을 원해 아직은 너만을 사랑하겠어
2000.02.13~02.19,22,72505,너 없는 아침,유리상자,Be Happy...,1999.09.01,Ballad,이세준,세상에 나와 나보다 더 사랑한 단 하나의 사람 그대가 나와는 아무런 상관없는-- 신부되는 날-- 기다려 왔죠 그대가 날 깨워줄 수많은 아침을-- 하지만 바로 오늘부턴 이눈물이대신하--네요 불안했던 내 예감 그대로 모든게 어렵게 만 변해가고 있어도 참아왔죠 난 오직 그-대만 얻는다면 세상 모든걸 포기하려 했죠 돌려주세요 되돌려 주세요 눈감은 하늘을 향해 울지만- 나 사는 이유될 기다림 마저도 이젠 짐이될 뿐이라며 그댄 가네--요  불안했던- 내 예감 그대로 모든게 어렵게 만 변해가고 있어도 참아왔죠 난 오직 그-대만 얻는다면 세상 모든걸 포기하려 했죠 난 노력했죠 늘 부족했지만 내가 할 수 있는건 다 했어요- 내 삶을 지켜줄 기다림마저도 허락하지 않는 그녀를 돌려주세요 되돌려 주세요 눈감은 하늘을 향해 울지만- 나 사는 이유될 기다림 마저도 이젠 짐이될 뿐이라며 그댄 가네--요---
2000.02.13~02.19,23,38210,이해할께,김현성,현` Solitude 3,1999.10.14,Ballad,박주연,너의 손을 잡고서 거닐 사람 있는지 지금 헤어졌어도 다시 보고픈 사람 있는지 네가 아플 때에도 대신 아파해 주고 항상 너의 사진을 품고 다니는 사람 있는지 슬퍼도 이해해 줄게 우리 지난 날 잊는다 해도 이제는 너의 곁에서 돌봐 줄 수가 나는 없잖아 걱정이 돼도  이젠 부모님에게 소개하고픈 사람 있는지 슬퍼도 이해해줄께 우리 지난 날 잊는다 해도 이제는 너의 곁에서 돌봐 줄 수가 나는 없잖아 슬퍼도 그러길 바래 너는 외로움 몰랐으면 해 나처럼 어떤 누구도 사랑 못하면 그러면 안돼  나처럼 네가 외롭고 매일 어렵게 잠든다면 나는 더 슬플테니
2000.02.13~02.19,24,85843,가면의 시간,핑클,Special,1999.11.26,Dance,김영아,오늘 그를 만난건 단지 흔한   약속이 아니야   그와 함께 나와줄 너 때문에   얘기가 달라져   부탁이야 오늘만 내가 그의   여자란 생각은 접어둬   언제부턴가 그 보다 니가 더   나를 흔들고 있어   조심스레 다가와 그가 알 수   없도록 비밀스런 움직임   빠져드는 이 느낌   설명할 수 없지만 피할 수도   없잖아 이미 나의 생각은   너의 품에 닿았는걸   순진하게 날 믿는 그가 눈치챌   수가 없도록   니가 보낸 시선이 내 가슴을   애태우고 있어   더 가까이 다가와 내 맘 알고   있는데 처음 만난날부터  불안했던 니 눈빛  단지 오늘 뿐이야 망설일건  없잖아 내가 돌아 선후엔  오늘일은 잊어도 돼   그를 배신했다는 죄책감은  까맣게 잊어줘  우리 사랑도 단 하루뿐야  모두 다 태워버려  조심스레 다가와 그가 알 수  없도록 비밀스런 움직임  빠져드는 이 느낌  설명할 수 없지만 피할 수도  없잖아 이미 나의 생각은  너의 품에 닿았는걸  내곁에 함께 있는 그에겐 정말  미안한 마음뿐인걸  그렇지만 나 널 향한 이 느낌   이젠 뿌리칠 수 없어  더 가까이 다가와 내 맘 알고  있는데 처음 만난날부터  불안했던 니 눈빛  단지 오늘 뿐이야 망설일건  없잖아 내가 돌아 선후엔  오늘일은 잊어도 돼   더 가까이 다가와 내 맘 알고  있는데 처음 만난날부터  불안했던 니눈빛  단지 오늘 뿐이야 망설일건  없잖아  내가 돌아 선후엔 오늘일은   잊어도 돼  오늘일은 잊어줘
2000.02.13~02.19,25,85508,빈 처(處),정선연,정선연 1집 (연서),1999.12.07,Ballad,,날 스쳐간 저 바람이 너에게서 왔을지 몰라 다른 세상속을 살아도 더욱 널 느낄뿐 어떻게든 살 순 있어 너를 볼 수 없는 지금도 숨쉬는 것 조차 힘겨운 아픔일테지만 세상끝까지 날 대신해 가져갈 추억 만으로도 난 행복해 걷잡을 수 없는 눈물이 날 울려도  기억 잃은 사랑처럼 너를 묻고 사는 오늘도 내가 날 속여갈수록 더욱 초라할 뿐 세상끝까지 널 대신해 가져갈 추억 만으로도 난 행복해 걷잡을 수 없는 눈물이 날 울려도 먼 훗날 그대 앞에 서게 된다면 서로를 알아 볼 수 없다 해도 변하지 않을 단 한마디 널 사랑해  음 널 사랑해
2000.02.13~02.19,26,86076,가까이,샵,The S#arp+2,1999.10.04,Dance,최수정,- 가까이 -   가까이 가까이 더 가까이  가까이 가까이 더 가까이 gotta check the rhyme me  take if back tight much love  do me right kick it   all right girl give it much hype  it's the 4 tay rock down   hit the shake down gotta drop  that digit hit the info  it's your main higga   mack from de  714 kick always by my   side lets ride  together forever much love   to in dever  나는 너에게 주고 싶어 꾸미지   않는 그 미소를  뭐라고 말하면 좋을까 이렇게   좋은 널  무엇과도 바꿀 수 없는  텔레비전의 연인처럼 다른   사람들이 부럽게  투명한 너의 눈빛으로 나를   꼭 안아 줘   세상에서 오직 단 한사람  나를 불러 줘 Oh baby  내 곁에 영원히 forever 다른 사람이 나의 이름을  부르기 전에 가까이 가까이 더 가까이  날 사랑한다면 오직 나와 함께 어려운 용기도 필요없어  가장 큰 소리로 날 사랑한다고  말해 줘 내 곁에 있고 싶어 내 맘속에  담고 싶어 널 바라보며 이렇게 기다리는  나의 마음 가져가줘 그렇게 힘들게만 느껴지던 하루하루 조금씩 힘들어진 나의 모습 하지만 너를 보며 내 마음은  편안해지고 너와의 시간들은 가장 행복한  추억들로 남길 난 지금 너에게 다가가고 있어  나에게 조금 더 다가와 줘 기다려 줘 너의 맘속으로 좀 더 다가가길 날 사랑하는 맘 이제야 알았어  나는 너의 곁에 나는 예쁘지는 않지만 너의  마음을 잡고 싶어 친구가 아니면 좋겠어  너의 앞에서면 내 가슴이  떨려오는데 특별한 연인이길 바래 평생을  같이 할 수 있게 얼마나 기다려야 할까  수줍은 내 맘이 기다림에  떠날지도 몰라 나를 불러줘 Oh baby 내 곁에  영원히 forever 다른 사람이 나의 이름을  부르기 전에 가까이 가까이 더 가까이  날 사랑한다면 오직 나와 함께 어려운 용기는 필요없어  가장 큰 소리로 날  사랑한다고 말해줘 가까이 가까이 더 가까이  날 사랑한다면 오직 나와 함께 어려운 용기는 필요없어  가장 큰 소리로 날  사랑한다고 말해줘 a black civic hatch back  roll in catch in on my mack cuz I'm a rapper 4tay then well  I hit it every day legit like kid capri it's christopher MC with some  funk dafied  sounds we give a bounce to da ounce livin a life a  luxury properly  a real G what you know  about me mad  I hit the swow key from  SK to LA be pimpin every day so check  your self be fore you  wreck yourself
2000.02.13~02.19,27,1079496,약속,유영석,그때부터 지금까지 (Best),1999.12.07,Ballad,,"처음처럼 영원할거라 믿었던건 아니었지만 그래도 항상 우리만큼은 다르다고 생각해 왔는데 조금만 숨기려해도 이내 모두 알아버리던 우린 그랬죠. 구속마저도 좋은 그렇게 사랑했죠. 곁에 있는데도 그리워질만큼 내겐 다른 삶이 없었기에 마지막이라곤 생각할수 없는걸. 잠시 우리는 다른 곳에 있을뿐. 우리의 만남도 우리의 이별도 사랑이 지나가버린 작은 흔적이겠지만, 이것만 기억해줘요. 혹시 그대 사랑의 끝에서 뒤돌아보면 내가 있다는 걸  곁에 있는데도 그리워질만큼 내겐 다른 삶이 없었기에 마지막이라곤 생각할수 없는걸. 잠시 우리는 다른 곳에 있을뿐. 우리의 만남도 우리의 이별도 사랑이 지나가버린 작은 흔적이겠지만, 이것만 기억해줘요. 혹시 그대 사랑의 끝에서 뒤돌아보면 내가 있다는 걸  이것만 기억해줘요. 혹시 그대가 슬픔에 뒤돌아볼땐 그곳엔 내가 있다는걸 이것만 기억해줘요 혹시 그대 내가 보고싶어 뒤돌아보면 거기 있다는 걸."
2000.02.13~02.19,28,104677,각인,서문탁,Asura,1999.10,Rock,이영준,왜 그대를 그리며 눈물 흘리는 일을  내가 해야하나요  왜 그대를 만나면 고개 돌리는 일을  내게 강요하나요  슬픈 얼굴로 미안하다 말하면  모든 것들이 다 용서되는지  그동안 많이 고마웠다며  그댈 보내줄거라고 생각말아요  힘껏 붙들고 싶어 내가 추해 보여도  이런 나를 보며 가지 않도록  그대 손을 붙들고 울며 가지 말라고  말하는 내모습 불쌍하다면 떠나지 말아요  왜 사랑의 아픔을 말해주지 않고서  그걸 믿게 했나요  다 알고 있던거죠 오늘 같은 날들이  이내 오리라는걸  그 동안 많이 고마웠다며  그댈 보내줄거라고 생각말아요  힘껏 붙들고 싶어 내가 추해 보여도  이런 나를 보며 가지 않도록  그대 손을 붙들고 울며 가지 말라고  말하는 내모습 불쌍하다면 떠나지 말아요  그대 행복따윈 난 절대로 빌지 않겠어  나를 떠나고 다시 둘이 되어도  나를 기억하며 미안하도록  그대 기억 속에서 결코 떠나지 않을  마지막 내모습 보여주겠어  힘껏 붙들고 싶어 내가 추해 보여도  이런 나를 보며 가지 않도록  그대 손을 붙들고 울며 가지 말라고  말하는 내모습 불쌍하다면
2000.02.13~02.19,29,494157,다 알아요,양파,Yangpa Best,2003.11.13,Ballad,,다 알아요 모두 다 알아요  나를 떠나야 했었다는걸  너무 많은 것을 바라는 날 감당할 수 없어  이내 지쳐가는 그대를 모른 건 아니었어요  나 다른 건 없어요 꼭 한번만 보고 싶어요  그대 얼굴 예전처럼 밝은지  하지만 떠나간 그대의 그 미안함 덜어주려면  그대를 잊는게 더 옳은 거겠죠 다 알아요 알잖아요 이건 알잖아요  그럴 수 밖에 없었다는 걸  너무 초라하게 기억될 날 보여줄 수 없어  끝내 잡지 않은 내 맘을 모른건 아니잖아요  나 다른 건 없어요꼭 하나만 묻고 싶어요  그대 맘이 예전보다 나은건지  하지만 떠나간 그대의 그 미안함 덜어주려면  그대를 잊는게 더 옳은 거겠죠 다 알아요  다시 한번 생각해요 우리의 약속 많이 힘들어도 헤어짐은 없기로 했던 걸  그대 곁에 있고 싶은 욕심이라 해도 한곳만 바라볼 거예요 뒷모습만이라도  또 다른 건 몰라도 꼭 하나만 기억해줘요  이런 사랑 다시 오지는 않겠죠 그리고 우리 헤어짐은 긴 행복을 위한거겠죠 이런 내 믿음이 틀리진 않겠죠 난 믿어요  이런 식으로 끝나진 않겠죠 다 알아요
2000.02.13~02.19,30,85422,샤랄라,S.E.S.,Love,1999.10.29,Dance,최수정,Woo don't turn around   cause we're into me   and you   woo don't bring me down   cause I'll be your forever   이제 그만 널 잊는다는게   한참이나 난 외롭겠지만 기다려   니가 오기를 까만밤이   희게 새도록   기억속에선 너의 향기가   내꿈속에선 너의 목소리   Beautiful lady 내귓가에   들려오는데   Say I love you and come   back to me   외로움속에서 울지 않을게    떠나지마 돌아와줘 널   기다리고 있는 내게로   샤랄라라 샤랄라라   샤랄라라라라라라라 예  샤랄라라 샤랄라라   샤랄라라라라라라라 오예  woo don't turn around   cause we're into me   and you   woo don't bring me down   cause I'll be yours forever   연기처럼 하얗게 번지는   행복했던   너와의 기억이 조금씩   눈물이 되어   나의 뺨에 흘러내릴때   어디선가 넌 날 기억할까   함께 듣던 음악이 흐르면   또다시 그리워   나에게로 올것만 같아   Say I love you   and come back to me   외로움속에서 울지 않을게   떠나지마 돌아와줘   널 기다리고 있는 내게로   샤랄라라 샤랄라라  샤랄라라라라라라라 예 샤랄라라 샤랄라라  샤랄라라라라라라라 오예
2000.02.13~02.19,31,1483086,너를 사랑해,김경호,...Love U,2000.01.11,Rock,이승호,저 내리는 비를 또 이겨 내려고 길 마다 쌓인 기억을 빈 가슴에 담고 있지 잿빛 하늘 웃는 네 얼굴 뜀 뛰면 닿을 것 같은데 너는 이미 비가 되어 내 온 몸을 안고 있지 아프도록 불어오는 시린 바람에 뒤척이다 눈물로만 깨어나는 아침에 내 젖은 가슴 이대로 비처럼 눈감고 쓰러져 있어 내 곁에만 있는다면 워워워 너를 사랑해 너를 사랑해 함께라는 이유로만 살아 온 나였기에 너를 사랑해 너를 사랑해 내 곁에 돌아와서 날 지켜줘  �F빛 하늘 웃는 네 얼굴 뜀 뛰면 닿을 것 같은데 너는 이미 비가 되어 내 온 몸을 안고있지 아프도록 불어오는 시린 바람에 뒤척이다 눈물로만 깨어나는 아침에 내 젖은 가슴 이대로 비처럼 눈 감고 쓰러져 있어 내 곁에만 있는다면 워워워 너를 사랑해 너를 사랑해 함께라는 이유로만 살아 온 나였기에 너를 사랑해 너를 사랑해 내 곁에 돌아와서 날 지켜줘
2000.02.13~02.19,32,1698078,슬픈 사랑의 노래 (With 이소라),이문세,Old And New,2002.02.09,Ballad,이영훈,너를 스쳐갈 수 있었다면 지금 더 행복할 수 있을까 너를 모르고 살던 세상이 마음은 더 편했을텐데 인연이 아닌 사람이었어 사랑할 수 없다 생각했지 우린 둘이 같이 서있어도 아무런 의미도 없는 걸 새하얀 저 거리에서 쌓이던 첫눈같은 사랑 너를 안고 숨을 쉬면 세상에 너밖에 없는데 너는 내곁에 있어야만 해 세상이 조금 더 아플지라도 너를 볼 수 있는 밤이 오면 슬픔은 다신 없을거야  인연이 아닌 사람이었어 사랑할 수 없다 생각했지 우린 둘이 같이 서있어도 아무런 의미도 없는 걸 새하얀 저 거리에서 쌓이던 첫눈같은 사랑 너를 안고 숨을 쉬면 세상에 너밖에 없는데 우린 서로 사랑하고 있어 세상이 조금 더 아플지라도 너를 볼 수 있는 밤이 오면 슬픔은 다신 없을거야 슬픔은 다신
2000.02.13~02.19,33,1576735,다 줄거야 (Acoustic Ver.),조규만,I Will Give You All,2000.01.01,Ballad,조규만,그대 내게 다가오는 그 모습 자꾸 다시 볼수 없을 것만 같아서 감은 두눈 뜨지 못한거야 너를 내게 보내준 걸 감사할뿐야 고마울 뿐야 많이 외로웠던거니 그동안 야워가는 너를 보며 느낄 수 있어 너무 힘이 들땐 실컷 울어 눈물속에 아픈기억 떠나보내게 내품에서 서글픈 우리의 지난 날들을 서로가 조금씩 감싸줘야해 난 네게 너무나도 부족하겠지만 다 줄꺼야 내 남은 모든 사랑을 많이 지쳐있던거야 그동안 자꾸 야워가는  너를 보며 느낄 수 있어 너무 힘이 들땐 실컷 울어 눈물속에 아픈기억 떠나보내게 내품에서 서글픈 우리의 지난 날들을 서로가 조금씩 감싸줘야 해 난 네게 너무나도 부족하지만 다 줄꺼야 내 남은 모든 사랑을 난 네게 너무나도 부족하지만 다 줄거야 내 남은 모든 사랑을
2000.02.13~02.19,34,37992,Good-Bye Day,김장훈,1999 바보,1999.10,Ballad,양재선,김장훈_Good-bye day 잊을 수 있다고 믿었었는데 이러다 말겠지 생각했는데 우리 함께 듣던 이 노래에 난 왜 또 눈물이 흐르는지 사랑의 슬픔을 알고 있었어 이별로 끝나는 약속이란걸 아름다운 그대의 미소도 이제 더 이상은 내것이 아니야 Good-bye day 나와 영원할 수 없었다면 지금 그 사랑도 그대와 영원할 순 없을테니까 Good-bye day 그대의 사랑도 지칠 테니 난 영원 끝에서 그대를 기다리며 살아갈게  사랑을 말해도 소용없겠지 돌아와 달래도 올 수 없겠지 좋아하던 비라도 내리면 그댄 혹시 나를 생각하는지 언젠간 나에게 돌아오려고 아무말도 없이 떠나간건지 그댄 지금 내 곁에 없지만 잠시 그댈 빌려준 것 뿐이야 Good-bye day 나와 영원할 수 없었다면 지금 그 사랑도 그대와 영원할 순 없을테니까 Good-bye day 그대의 사랑도 지칠 테니 난 영원 끝에서 그대를 기다리며 살아갈게  Good-bye day 나와 영원할 수 없었다면 지금 그 사랑도 그대와 영원할 순 없을테니까 Good-bye day 그대의 사랑도 지칠 테니 난 영원 끝에서 그대를 기다리며 살아갈게
2000.02.13~02.19,35,8473,랄랄라,긱스,Gigs,1999.11.24,Rock,이적,함박눈이 내리던 그날에 우리들은 골목을 뛰었죠 숨이 터질 듯해 소리를 지르며 멋진 장갑 선물 받은 녀석 그저 맨손 시려운 형아도 모두 작당한 듯 노래만 불렀죠 하얀 겨울에 눈이 내리면 우리 모두 다 하나가 되죠 하얀 맘으로 어깨를 두른 나무들처럼 랄랄랄랄 랄랄 라라라라 랄라라 랄랄랄랄 랄랄 라랄라랄라 랄랄랄랄 랄랄 라라라라 랄라라 랄랄랄랄 랄랄 라랄라랄라  끼니 걱정 근심 많던 엄마 소주 잔에 속앓던 아빠도 뭔가 꿈꾸면서 하늘만 보았죠 하얀 겨울에 눈이 내리면 우리 모두 다 하나가 되죠 하얀 맘으로 어깨를 두른 나무들처럼 랄랄랄랄 랄랄 라라라라 랄라라 랄랄랄랄 랄랄 라랄라랄라 랄랄랄랄 랄랄 라라라라 랄라라 랄랄랄랄 랄랄 라랄라랄라 랄랄랄랄 랄랄 라랄라랄라 랄랄랄랄랄랄라리라라 랄랄랄랄 랄랄 라라라라 랄라라 랄랄랄랄 랄랄 라랄라랄라 랄랄랄랄 랄랄 라라라라 랄라라 랄랄랄랄 랄랄 라랄라랄라 랄랄랄랄 랄랄 라라라라 랄라라 랄랄랄랄 랄랄 라랄라랄라
2000.02.13~02.19,36,1516879,섹시한 남자,스페이스에이,성숙,1999.08.17,Dance,한경애,죽도록 너만 사랑하는데 왜 날 믿지 못하니 나는 죽을 때까지 널 사랑해 섹시한 당신은 나의 남자 잘 생긴 당신은 나의 남자 이 세상 마지막이 온대도  영원히 이 환상에 젖을래 잘 뻗은 당신은 나의 남자 첫눈에 너의 포로 되었어 하지만 괜찮다면 둘이서 아침을 맞이 하면 좋겠어  나를 봐 나를 봐 느껴봐 걱정하지마 너의 고민이 뭔지 이미 난 다 알고 있어 아무일 없어 지난 사랑과 추억도 없었어 죽도록 너만 사랑하는데 왜 날 믿지 못하니 나는 죽을때 까지 너 하나뿐야 아니야 나 죽는다 해도 너뿐야 그러니 제발 마음 열어 나를 믿으며 사랑해 솔직히 내가 너를 믿고 따라간다 해도 이렇게 니가 많은 남자들 거쳐 내가 그 중에 하나 남자껄 그딴식 싫어 니가 나를 믿건 말건 처음부터 내가 했던 행동 믿을 가치 없어 하지만 두고 보고 두고 믿을 가치 있던 말던 막 기다려 주마 언제까지라도 섹시한 당신은 나의 남자 잘 생긴 당신은 나의 남자 이 세상 마지막이 온대도 영원히 이 환상에 젖을래 모두 널 보내 주지 말라지 잡으면 너는 내꺼 된다고 조금은 망설이는 니 모습 사랑은 쟁취 하는거 잖아  나를 봐 나를 봐 느껴봐 걱정하지마 너의 고민이 뭔지 이미 난 다 알고 있어  아무일 없어 지난 사랑과 추억도 없었어 죽도록 너만 사랑하는데 왜 날 믿지 못하니 나는 죽을때 까지 너 하나뿐야 아니야 나 죽는다 해도 너뿐야 그러니 제발 마음 열어 나를 믿으며 사랑해
2000.02.13~02.19,37,84209,경고,타샤니,Parallel Prophecys,2000.09.28,Rap / Hip-hop,유유진,"cuz a party aint a party till we  run thought jigga babt t,and the tseiwhut whut!  party aint a party till we run throught  itwhut yaah baby t.  정말 니가 몰랐니 우리가 만난다는 걸  너와 그는 이미 다 끝났잖아  왜 또 그를 흔들어 내게서 뺏어가려해  이제서야 그가 필요해졌니  나와 나만의 baby boo 사랑은 for life  너는 막을 수 없어 우리는bonny &amp; clyde  No 1,2,3 it goes 하늘 끝까지  너의 단 한번의 기회는 끝나고 말았지  그리 쉽게 네가 원하는 걸 가지려 했다니  madada now you left with nada  이젠 내게 다가오는건  my lover, Say good bye to my baby,  while we pass you by!  니가 그를 버린걸 알아  아주 냉정히 넌 떠났었잖아  너 때문에 해매던 그를 위로 했던건  바로 나야  생각해봐 그의 맘을  내게 상처받은뒤로 얼마나 힘들었을지  이제서야 너의 그늘을 벗어나  그는 내게 맘을 열게 된거야  너는 이러면 안돼 그에게 다가오지마  그의 사랑 받을 자격 넌 없어  네가 필요할때만 넌 그를 찾아오잖아  이젠 내가 너를 용서않을래    My asiatic knights but bad like bo bo left,  Stand ready for the attack,  They always got my back,  eyes of Dragonflal,  always ride by my side,  cuz we partners in rhyme  throught millenium times  친구의 친굴 사랑하게 된  나는 슬픈 영화속의 주인공이 될지 몰라서  혼자 나만을 원망한 나  다신 그런 바보같은 생각하지 않을꺼야  Yeah you know who we be,  Baby T and the TSE in99 prime time to shine,  Yeah baby T hit me one more time    니가 그를 버린걸 알아  아주 냉정히 넌 떠났었잖아  너 때문에 해매던 그를  위로 했던건 바로 나야  이제와서 어떻게 넌  옛날로 돌아가잔 말을 또 쉽게 꺼낼 수 있니  니가 그의 마음에 줬던 상처가  이제 겨우 사라지고 있는데  너는 이러면 안돼 그에게 다가오지마  그의 사랑 받을 자격 넌 없어  네가 필요할때만 넌 그를 찾아오잖아  이젠 내가 너를 용서않을래  다시 그를 찾지마 그에게 다가오지마  이제 내가 그에 곁에 있으니  그와 나에 사랑을 더이상 방해하지마  이제 그에게는 내가 필요해  Hit me one more time, baby one more time  Hit me one more time, baby one more time  Hit me one more time, baby one more time  Hit me one more time, baby one more time  Hit me one more time, baby one more time  Hit me one more time, baby one more time"
2000.02.13~02.19,38,85311,나비,자우림,B정규작업(定規作業),1999.10,Rock,김윤아,라 라라 라 라라 라라 라라 라라  라 라라 라 라라 라라 라라 라라  한번쯤은 이런 내게도  정말 좋은 일이 생길 거라고  늘 항상 언제나 처음부터  지금처럼 믿고 있었어  나나나 나나나 나나나나 나나나  꿈꾸었던 모든 것들이  전부 나를 배신하진 않을 거라고  늘 항상 언제나 처음부터  지금처럼 믿고 있었어  나나나 나나나 나나나나   하지만 가끔은 너무  힘들기도 했었지  가끔은 비바람 치기도 하니까  언젠가는 이런 내게도  정말 좋은 사람 생길 거라고  늘 항상 언제나 진심으로  지금처럼 믿고 있었어  나나나 나나나 나나나나 나나나  내 곁에 있어줘 너의 웃는 모습이  참 아름다와 목이 메어와  라 라라 라 라라 라라 라라 라라  라 라라 라 라라 라라 라라 라라  라라 라라라라 나나나   인생은 믿는대로 그대로 나나나  그래서 한번쯤은 이렇게  가끔은 깜짝 놀랄 일도 생기지  언제나 비바람 치는 건 아니지  언젠가는 이런 우리도  정말 멋진 사람이 될 거라고 나나나  그대로 나의 곁에 있어줘  나나나 나나나  지금 너 그대로가  참 아름다와 목이 메어와  언젠가는 이런 내게도  정말 좋은 일이 생길 거라고  언젠가는 이런 내게도  정말 좋은 사람 생길 거라고
2000.02.13~02.19,39,1734400,실락원 (타이틀),조관우,실락원,1999.12.03,Ballad,장복신,우---  이제 그 눈물 거두어 마지막 세상을 봐 다시 깨어난 시 린- 아침  그래 함께 가는거야 서로의 가슴 안고 끝-내-- 돌아오지 못-할-- 길고 긴 잠속으로 거역할 수 없는 건 시작된 사랑일-뿐 결코--이별은 아닌데 가혹한 운명의 얼굴이- 끝없는 형벌-에 두마음 쉴 곳 없어-- 이대로 떠나가려 해 늘 쫓겨온 사랑 비로소- 자유로워- -  영원한 꿈을 꾸면 돼 편한 여행처럼-- 이제 곧 닿을 세상에서-  지친 가슴 안았지 아픔에 몸을 떨-며 이미 미 쳐버린 사랑-- 비웃으며 돌아서는 이- 잔인한 세상- 에 아무런 미련없어------- 늘 쫓겨온 사랑 비로소- 자유로워- -  영원한 꿈을 꾸면 돼 편한 여행처럼-- 이제 곧 닿을 세상에서- 뚜루루뚜루뜻 뚜르르뚜뚜 뚜루루뚜루뜻 뚜르르뚜뚜 아---아--- 뚜루루뚜루뚜르 우-우
2000.02.13~02.19,40,84845,천년의 사랑,박완규,천년지애(千年之愛),1999.10.01,Rock,이현규,이대로 널 보낼 수는 없다고 밤을 세워 간절히 기도했지만 더 이상 널 사랑할 수 없다면 차라리 나도 데려가 내 마지막 소원은 하늘이 끝내 모른 척 져버린대도 불꽃처럼 꺼지지 않는 사랑으로 영원히 넌 가슴속에 타오를테니 나를 위해서 눈물도 참아야했던 그 동안에 넌 얼마나 힘이 들었니 천년이 가도 난 너를 잊을 수 없어 사랑했기 때문에 내 마지막 소원은 하늘이 끝내 모른 척 져버린대도 불꽃처럼 꺼지지 않는 사랑으로 영원히 넌 가슴속에 타오를테니 나를 위해서 눈물도 참아야했던 그 동안에 넌 얼마나 힘이 들었니 천년이 가도 난 너를 잊을 수 없어 사랑했기 때문에 나를 위해서 눈물도 참아야했던 그 동안에 넌 얼마나 힘이 들었니 천년이 가도 난 너를 잊을 수 없어 사랑했기 때문에 사랑했기 때문에
2000.02.13~02.19,41,1139376,상처,조성모,For Your Soul,1999.09.09,Dance,이승호,오 니가 없이는 완전해질수 없었던 삶의 의미를 나 이제서야 알겠어 슬픈운명을 다 바꿀수는 없겠지 상처뿐이던 너와의 그 기억들도 가까이 이별이 온걸 알고있었어  너와 함께해도 자꾸  어긋나던 시선을 느꼈을 때  나 하지만 아무런 준비 할수 없었어  너의 눈빛속에 사라지는  나를 바라만 볼뿐  난 단지 너와의 헤어짐 뒤에 올  차가운 눈물이 될 기억들 중에  더이상 추억 만들지 않으려 애를쓸뿐  잔인하게 좀더 냉정하게  내게 돌아서서 떠나줘  너의 뒷모습에 그나마  내 아픈 상처가 더 깊지 않도록  알고있어 니가 떠난뒤에  내가 어떻게 변해갈지 울컥 솟아나는 눈물이  내남은 삶들을 채워가는 걸  너의 사랑을 돌이킬 수가 없다면 아픈 가슴도 조금씩 죽어가겠지 나와는 그토록 힘에겨운 사랑이  어찌 그 사람관 그렇게도  쉬웠었는지 모르겠어  나 하지만 아무런 원망 하지않겠어  그저 한순간의 어설펐던  인연 이었을테니  그래도 너와의 헤어짐 앞에선  담담한 나를 보여주고 싶었어  니 기억에서 날 조금더 빨리 지워지게  잔인하게 좀더 냉정하게  내게 돌아서서 떠나줘  너의 뒷모습에 그나마  내 아픈 상처가 더 깊지 않도록  알고있어 니가 떠난뒤에  내가 어떻게 변해갈지  울컥 솟아나는 눈물이  내남은 삶들을 채워가는 걸  잔인하게 좀더 냉정하게  나를 떠나는 널 보여줘  어떤 사랑에도 다시는  다치지 않도록 차갑게 떠나줘  알고있어 내게 다른사랑  절대 생길수가 없단걸  다만 이런 나를 감추려  또다른 사랑을 찾을 나라는걸
2000.02.13~02.19,42,1816948,To Heaven,조성모,To Heaven,1998.09.06,Ballad,이승호,괜찮은거니 어떻게 지내는거야 나 없다고 또 울고 그러진 않니 매일 꿈속에 찾아와 재잘대던 너 요즘은 왜 보이질 않는거니 혹시 무슨 일이라도 생겼니 내게 올 수 없을 만큼 더 멀리갔니 니가 없이도 나 잘 지내 보여 괜히 너 심술나서 장난 친거지 비라도 내리면 구름 뒤에 숨어서 니가 울고 있는 건 아닌지 걱정만 하는 내게 제발 이러지마 볼 수 없다고 쉽게 널 잊을 수 있는 내가 아닌걸 잘 알잖아 혹시 니가 없어 힘이 들까봐 니가 아닌 다른 사랑 만날 수 있게 너의 자릴 비워둔 것이라면 그 자린 절망 밖에 채울 수 없어 미안해 하지마 멀리 떠나갔어도 예전처럼 니 모습 그대로 내 안에 가득한데 그리 오래 걸리진 않을거야 이별이 없는 그곳에 우리 다시 만날 그날이 그때까지 조금만 날 기다려 줘
2000.02.13~02.19,43,81919,작은 바램,백지영,Sorrow,1999.06.01,Ballad,이승호,난 알고 있어요  무슨 애길 하려 하시는지  어서 말을 하세요  우리 이젠 헤어지게 된 거라고  왜 나의 눈빛조차도  피하려 하시는지  이미 모든걸 알고 있는데  그러니 날 위해 변명하려고 애쓰지 마요  나보다 더 그대가 더 힘들 테니까  꼭 날 떠나셔야 한다면  그냥 한번만 웃어 주세요  슬픈 눈물로 떠나가시면  그대 기억이 모두 눈물로만 될테니    참 그대 고마웠어요  그대가 내게 주신 사랑만으로  행복했으니  그대가 떠난 후 혼자되는 날  걱정은 마요  그대 내게 남겨 주신 추억 있으니  그대 내 작은 바램 있다면  향기만큼은 기억해 줘요  아주 먼 훗날 우리 우연히 스치게 되도  나의 모습 대신할 테니..  꼭 날 떠나셔야 한다면  그냥 한번만 웃어 주세요  슬픈 눈물로 떠나가시면  혼자 되어도 항상 눈물로만 살테니
2000.02.13~02.19,44,82424,유리의 성 #Story Ⅲ,K2김성면,Vocalist,1999.04,Rock,미진,모두 지난일인데 이미 넌 내곁에 없는데  이제는 받아들여야 하는지  이별은 시간이 흘러가도  추억보단 아픔으로 그렇게 남나봐   유리로 집을 지어 아무도 없는 공간에서  우리 영원히 함께 하자던  너의 꿈 깨어져버린 유리 조각되어  내 가슴에 흩어져 내리네   추억은 아주 잠시 나를 위로할뿐  우리 이별뒤로 사라져가고  하지만 내가 믿고 싶은 건 단 하나  이 세상이 끝나면   다시 만날꺼야 저하늘 위에서  그토록 바라던 유리의 성을 지어서  그때는 너의 손 놓치 않을께  마음껏 울어도돼 너의 눈물 닦아 줄테니   추억은 아주 잠시 나를 위로 할뿐  우리 이별뒤로 사라져가고  하지만 내가 믿고 싶은건 단 하나  이 세상이 끝나면  다시 만날꺼야 저하늘 위에서  그토록 바라던 유리의 성을 지어서  널 지켜줄꺼야 니 맘의 상처가  아무는 날까지 우린 영원히 함께해   그때는 너의 손 놓치않을께  마음껏 울어도 돼 너의 눈물 닦아 줄테니   마음껏 울어도 돼 너의 눈물 닦아 줄테니 -
2000.02.13~02.19,45,611100,처음 느낌 그대로,이소라,이소라 Best,1999.11.23,Ballad,이소라,남 다른 길을 가는 내게 넌 아무말 하지 않았지 기다림에 지쳐가는 걸 다  알고있어 아직도 가야하는 내게 넌  기대할 수도 없겠지 그 마음이 식어가는 걸 난  너무 두려워 어제 널 보았을 때 눈 돌리던  날 잊어줘 내가 사랑하며 사랑한단  말 대신 차갑게 대하는 걸 알잖아 오늘 널 멀리하며 혼자 있는  날 믿어줘 내가 차마 네게 할 수 없는  말 그건 사랑해 처음 느낌 그대로 어제 널 보았을 때 눈 돌리던  날 잊어줘 내가 사랑하며 사랑한단 말 대신 차갑게 대하는 걸 알잖아 오늘 널 멀리하며 혼자 있는  날 믿어줘 내가 차마 네게 할 수 없는 말 그건 사랑해 처음 느낌 그대로 처음 느낌 그대로
2000.02.13~02.19,47,607443,전사의 후예 (폭력시대) / 늑대와 양 (Wolf & Sheep),H.O.T.,99 Live In Seoul : 9/18  Olympic Main Stadium Concert,1999,Dance,유영진,아 니가 니가 니가 뭔데 도대체 나를 때려 왜 그래 니가 뭔데 힘이 없는 자의 목을 조르는 너를 나는 이제 벗어나고 싶어 싶어 싶어 그들은 날 짓밟았어 하나 남은 꿈도 빼앗아갔어  그들은 날 짓밟았어 하나 남은 꿈도 다 가져 갔어 Say ya 아침까지 고개들지 못했지 맞은 흔적들 들켜 버릴까봐 어제 학교에는 갔다왔냐 아무일도 없이 왔냐 어쩌면 나를 찾고있을 검은 구름앞에 낱낱이 일러 일러 봤자 안돼 안돼리 안돼 아무것도 내겐 도움이 안돼 시계추처럼 매일 같은 곳에 같은 시간 틀림없이 난 있겠지 그래 있겠지 거기 있겠지만 나 갇혀 버린건 내 원한바가 아니요 절대적인 힘 절대지배함 내 의견은 또 물거품 팍팍해 모두 팍팍해 내 인생은 정말로 팍팍해 4 3 2 1 And 1 변해갔어 니 친구였던 나를 죄의식없이 구타하고는 했어 넌 나의 밥이 되고 말았지 난 말이요 널 말이요 잊어 버릴 수 없으리요 왜 살리요 너 때문에 내 인생은 구겨져가 너를 두고 두고 지켜 보려해 Say ya 그들은 날 짓밟았어 하나 남은 꿈도 빼앗아 갔어 너는 너는 끝내 나의 적이 됐고 이제 나는 너를 포기했어 그들은 날 짓밟았어 하나 남은 꿈도 다 가져갔어 길을 찾아봤어 아무데도 없어 이젠 내가 나를 벌하겠어 Dummer Dummer Dummer Dummer Dum Mer Dum Dum Here we go here we go it's time to stop MMM the biolence hate and all the mess it's about time somebody should stand for what is right that is right Bang bang bang What comes down beat a what comes down Do you body ready for the beat again what's up are you people ready for it This is the message from HOT Yeah  늑대 빌어먹을 짐승같은 놈들  한참 우린 몰랐어 그리고 녀석들의 속임수도 얕잡았어 파괴와 모순은 어느샌가 이미 우리속에 숨어있다는 것도야 널 재워버릴 단한방이 온다 이젠 모조리 끝내 버리겠어 너의 전쟁까지 한참전에 시작됐던 소리없이 내려 버린 많은 붉은 비는 작은 영혼들 이들을 밟고 서서 그댄 웃고 있는가 내가 가진 모든 시간들이 끝나기 전에 다시 한번 일어서 마지막 기도하겠어 다시 돌아 갈 수 없는 지난 날의 Eden을 그리워 하며 우린 여기에 양들의 모든 것은 그의 전리품 에이 늑대 빌어먹을 짐승같은 놈들 양들의 모든 가족들은 사냥감으로 늑대 빌어먹을 짐승같은 놈들 양들의 도시들은 그의 전쟁터 에이 늑대 빌어먹을 짐승같은 놈들 양들이 가진 사랑 모두 장난감으로 늑대 빌어먹을 짐승같은 놈들
2000.02.13~02.19,48,1816950,불멸의 사랑,조성모,To Heaven,1998.09.06,Ballad,양정승,나 가진것 없지만 널 사랑했다는 이유로 저 다른세상 힘에 겨워도 후회하진 않을거야 내 아름다운 사랑 너 슬퍼도 울진 말아줘 너 네게 줄 수 있는 사랑을 이젠 모두다 이뤘으니 영원히 널 사랑해 괜찮아 내 모든걸 준대도 나 이 세상을 살아도 너 없이는 힘이 들어 남아있는 내 삶을 널 위해 바칠게 넌 어려워마 그리고 행복하게 살아줘 넌 몰랐을거야 나의 존재도 어서 자유를 찾아서 멀리 떠나가줘 그렇게 서 있지마 늦기전에 뒤돌아 볼 것도 없이 날 잊어줘 영원히 널 사랑해 괜찮아 내 모든걸 준대도 나 이 세상을 살아도 너 없이는 힘이들어 남아있는 내 삶을 널 위해 바칠게 넌 어려워마 그리고 행복하게 살아줘 행복하게 살아줘
2000.02.13~02.19,49,480245,Say You Will,유승준,Platinum Dance 2(가요 Techno 댄스),1999.11.09,Dance,,"Be bound to love you,hold on to love you The confess,the truth,I was keeping loving you Now I'll give a choice That you can choose to be with me or leave me in misery so why not leave me in joy? Hey how would you feel about me?Woul you be my lover? Don't ever say""No""and you know that we should be together You'd always be the one for me to bring a better day beautiful day now stay away from my lonely days Girl I've been waiting,all my life to meet someone who has a smile sweet as you i've never seen one, with eyes so warm and lovely Look at me the way that you do Share your love with me and don't let go And just promise me that you'll be Be my one and only every- thing Or just say,it would never last Say you'll stay here by my side Hold me tight and make it last more than one night Please just say you'll still be here With me till the morning light  Let's design our future with my truly love and we should pray to the God above I'll always gonna keep you in my piocket and someday I will speak to you in private that's my wish and I know how to treat you so just trust me So show me your love and let's leave it on the fortune but Idon't know what to say when I'm in front of you So I'm always behind you There is nothing more Iwant to hear. Than our hearts were meant to be Say you'll love me and you won't ever let me go Let our love just flow Say you'll stay here by my side Hold me tight and make it last more than one night Please just say you'll still be here With me till the morning light If you say that we belong  then there'll be no end in sight Love you ways you've never known Say you'll stay,girl just let me know Say you'll stay here by my side Hold me tight and make it last more than one night  Please just say you'll still be here With me till the morning light Say you'll stay here by my side Hold me tight and make it last more than one night  Please just say you'll still be here With me till the morning light"
2000.02.13~02.19,50,86939,너! 나,엔알지(NRG),NRG003,1999.11.04,Dance,김상윤,창문을 열어봤죠 하얀눈이 소복히 내려와 있었죠 내 눈엔 눈물이 흐르죠 말할 수 있죠 이 기분 행복했던 그 시간요 내일에 우리가 없다는 현실에 어제 우리를 생각하며 미소짓기엔 너무 슬프죠 외롭고 괴로와 눈물이 나요 너무도 행복했었어- 너와 함께한 시간들이 그래서 더욱더더 그리워와 오-늘도 가슴에 안겨 사랑한단 말하던 그 밤 나의 입술에 살며시 키스해 주던 널 잊지 못해 보고 싶어 만나고 싶어  그리워서 미칠것 같아 너만 생각하면 난 어떻게 해야할지 모르겠어--  오늘 하루도 눈물에 범벅돼버린 얼굴을 한채 비디오 화면속에 너의 모습을 봐 그리고 또다시 눈가엔 눈물이 고여와 모든게 좋기만 하던 화면속에 너와 나 앞으로도 영원히 함께할것 믿고 있었는데 그날로 넌 밤하늘에 나의 가슴에 별이 됐어 너무도 행복했었어- 너와 함께 한 시간들이 그래서 더욱더더 그리워와 오-늘도 가슴에 안겨 사랑한단 말하던 그 밤 나의 입술에 살며시 키스해주던 널 잊지못해 보고 싶어 만나고 싶어  그리워서 미칠 것 같아 너만 생각하면 난 어떻게 해야할지 모르겠어-- 보고 싶어 만나고 싶어 그리워서 미칠것 같아 너만 생각하면 난 어떻게 해야할지 모르겠어--
