time,rank,song_id,title,singers,album,date,genre,creator,lyric
2001.02.11~02.17,1,89806,I Love You,포지션,I Love You...,2000.12.28,Ballad,OzakiYutaka,I love you 사랑한다는 이말밖에는  해줄 말이 없네요  I love you 의미 없는 말이 되었지만  사랑해요   이제와서 무슨 소용 있겠어요  다신 볼 수 없는 이별인데  돌이킬 수 없는 걸 잘 알고 있지만  어떻게든 그대 잡아 두고 싶은걸 우-  이 세상 아니라도 언젠가  우리 다시 만날텐데  눈물 한방울도 보여선 안되겠죠   사랑에 빠지게 만들었던  미소로 날 떠나요  그 미소 하나로 언제라도 그대를  찾아낼 수 있게   I love you 기억하나요  처음 그대에게 느낀 그 떨림 I love you 오랜 후에서야  내게 해준 그대 그 한마디   우리사랑 안될거라 생각했죠  너무나도 아름다웠기에  돌아서려 했었던 내 앞의 그대는  꿈만같은 사랑으로 다가 왔었죠 우-  이세상 아니라도 언젠가  우리 다시 만날텐데  눈물 한방울도 보여선 안되겠죠   사랑에 빠지게 만들었던  미소로 날 떠나요  그 미소 하나로 언제라도 그대를  찾아낼 수 있게   언젠가 우리 다시 만나면  약속 하나만 해요 이렇게 아프게  너무 쉽게 헤어질 사랑하진 마요 -
2001.02.11~02.17,2,53615,사랑일뿐야,김민우,사랑일뿐야,1990.02.10,Ballad,박주연,나를 어떻게 생각하냐고 너는 내게 묻지만 대답하기는 힘들어 너에게 이런 얘길 한다면 너는 어떤 표정 지을까 언젠가 너의 집 앞을 비추던 골목길 외등 바라보며 길었던 나의 외로움의 끝을 비로소 느꼈던 거야 그대를 만나기 위해 많은 이별을 했는지 몰라 그대는 나의 온몸으로 부딪혀 느끼는 사랑일 뿐야 나를 어떻게 생각하냐고 너는 내게 묻지만 대답하기는 힘들어 너에게 이런 얘길 한다면 너는 어떤 표정 지을까 언젠가 너의 집 앞을 비추던 골목길 외등 바라보며 길었던 나의 외로움의 끝을 비로소 느꼈던 거야 그대를 만나기 위해 많은 이별을 했는지 몰라 그대는 나의 온몸으로 부딪혀 느끼는 사랑일 뿐야
2001.02.11~02.17,3,9543,하루,박혜경,O2-박혜경,2000.12.28,Rock,심현보,참 나쁘죠 그대 없이도  사람들을 만나고 또 하루를 살아요  이런거죠 그대 모든것  조금씩 흐려지다 없던일이 되겠죠  벌써 난 두려운 마음뿐이죠  한참 애를써도 그대 얼굴조차  떠올릴 수 없죠  웃고 있어도 자꾸 눈물이 나요  그대 역시 그렇게 나를 잊어 가겠죠  왜 그랬나요 이럴걸 알면서도  이별이란 이토록 서글픈 모습인데  정말 사랑했는데    벌써 난 두려운 마음뿐이죠  한참 애를써도 그대 얼굴조차  떠올릴 수 없죠  웃고 있어도 자꾸 눈물이 나요  그대 역시 그렇게 나를 잊어 가겠죠  왜 그랬나요 이럴걸 알면서도  이별이란 이토록 서글픈 모습인데  단 하루도 안될 것 같더니  내가 미워질만큼 익숙해져만 가죠  별일 없나요 그대 역시 나처럼  깨어나고 잠들며 그런대로 사나요  그대 없이도 아무일 없다는거  이별보다 더 아픈 세상속을 살아요  웃고 있어도 자꾸 눈물이 나요  그대 역시 그렇게 나를 잊어 가겠죠  왜 그랬나요 이럴걸 알면서도  이별이란 이토록 서글픈 모습인데  정말 사랑했는데    슬픈 하루가 가죠
2001.02.11~02.17,4,10838,먼곳에서,박효신,Second Story,2001.02.01,Ballad,박창학,지금 너는 내일을 믿고 있는지 칠흙같은 밤들이 지나고 아무일도 없었던 것처럼 눈을뜨면 새롭게 시작되는 아침을 언젠간 이렇게 될 수 있길 바랬지 너의 슬픔이 모두 끝날 수 있게 잊어버려 그게 너를 위한 일이라면 함께 했던 우리의 약속들을 나는 지금 여기 있어 바로 너의 곁에 있어 그렇지만 너에겐 보이지 않는것일뿐 내가 너를 지켜줄게 더 이상 아프지 않게 이제 나를 잊어버릴 수 있게  언젠간 이렇게 될 수 있길 바랬지 너의 슬픔이 모두 끝날 수 있게 잊어버려 그게 너를 위한 일이라면 함께 했던 우리의 약속들을 나는 지금 여기 있어 바로 너의 곁에 있어 그렇지만 너에겐 보이지 않는것일뿐 내가 너를 지켜줄게 더 이상 아프지 않게 이제 나를 잊어버릴 수 있게 나는 지금 여기 있지 바로 너의 곁에 있지 그렇지만 너에겐 보이지 않는것일뿐 내가 너를 지켜줄게 더 이상 아프지 않게 이제 나를 잊어버릴 수 있게
2001.02.11~02.17,5,105714,니가 필요해,god,Chapter 3,2000.11.03,Dance,박진영,니가 필요해   가지마 제발 제발 왜 왜 날 떠나려고 해 난 난 아직도 니가 필요해 다 다시 한번 제발 생각해 날 날 이대로 버리면 안돼 왜 왜 날 떠나려고 해 난 난 아직도 니가 필요해 다 다시 한번 제발 생각해 날 날 이대로 버리면 안돼 그댄 헤어지자고 말을 하네 그러면서 내 앞에서 돌아서고 있네 그대 모습이 조금씩 멀어져가네 그 모습 흐려지네 조금씩 번져가네 왜 내가 그대를 떠나가게 한건지 곁에 있을때 잘하지 못했는지 이제와서 뒤늦게 이제는 잘할게 하며 그대의 발목을 붙잡고 있는지 곁에 있는 건 그게 무엇이건 언제나 곁에 있기에 떠나기 전에는 얼마나 소중한지 몰라 떠나고 나서야 뒤늦게 깨달아 마음속에 있는 수없이 많은 생각들 중에서 언제나 네 생각은 왜 소홀해지는지 가볍게 여기는지 그러다 이렇게 후회하는지 이별은 막을수가 없다고 수없이 많이 들어왔지만 떠날땐 보내줘야 한다고 다짐을 하고 또 해보지만 난 니가 필요해 아무리 말을 해봐도 그대는 내 말 들으려고 안해 그대 없이는 나 자신이 없는데 어떻게 다시 그대없이 살아가야 해 나를 용서못해 그래 이해해 나도 내 자신을 도저히 용서못해 하지만 어떻게 난 니가 필요해 제발 지나간 추억들을 생각해 그대는 나를 다시 용서하면 즉시 다시 예전과 하나 다를바가 없지 그 모습 그대로 돌아갈거라고 생각하겠지만 절대로 두번 다시 이런일 없을거야 나를 믿어줘 제발 나에게 한번만 기회를 줘 놓치고 싶지 않아 보내고 싶지 않아 하늘아 제발 날 좀 도와줘 이별은 막을수가 없다고 수없이 많이 들어왔지만 떠날땐 보내줘야 한다고 다짐을 하고 또 해보지만 난 이렇게라도 그대 동정심에라도 그댈 돌릴수만 있다면 나는 괜찮아 왜 왜 날 떠나려고 해 난 난 아직도 니가 필요해 다 다시 한번 제발 생각해 날 날 이대로 버리면 안돼 왜 왜 날 떠나려고 해 난 난 아직도 니가 필요해 다 다시 한번 제발 생각해 날 날 이대로 버리면 안돼 이별은 막을수가 없다고 수없이 많이 들어왔지만 떠날땐 보내줘야 한다고 다짐을 하고 또 해보지만 이별은 막을수가 없다고 수없이 많이 들어왔지만 떠날땐 보내줘야 한다고 다짐을 하고 또 해보지만
2001.02.11~02.17,6,105639,감싸 안으며 (Show Me Your Love),S.E.S.,A Letter From Green Land,2000.12.26,Dance,SatoshiShimano,비 개인 거리를 나 홀로  우산을 쓰고 걸어갔어 수면위로 비치는 내 모습  마치 작은 어린 아이처럼 언제부턴가 어른인 척 하려던  매일 매일에 익숙해져 버린 나  그저 순수하게 서로를  느낄 수 있게  멀리하며 방황하며 그렇게  거듭돼 가는걸  연인이라고 부를 수 있는  영원한 시간 속에  우리 둘만의 특별한 얘길  함께 나누어 봐요 꿈에게는 꽃 꽃잎엔 바람  당신에겐 사랑을  그리고 고독마저 모두  감싸 안듯이 지난 날 손 걸고 맹세한  잊지 못할 약속까지  난 지금도 가슴 깊은 곳에  따뜻한 마음 간직하고 싶어 어느 샌가 어른들의 사랑에  나를 감추고 지쳐있는 내 모습  만난 순간마다 이별은  찾아오는 것  생각하면 두려움에 끊임없이  도망가는 걸  연인이라고 부를수 있는  세대와 시간 속에  특별한 운명 우리에게는  몇 번이나 올까 시간에 날개 하늘은 향해  나에게는 용기를  그리고 이 생명을 모두  느낄 수 있도록 내일이 다 보이지 않아  두려워져 혼자 견딜수 없어 목이 메도록 내 마음은 애타지만  소리도 없이 아침이 오고  오늘이 다시 시작돼요   그대를 지키고 싶어 연인이라고 부를 수 있는  영원한 시간 속에  우리둘만의 특별한 얘길  함께 나누어봐요 꿈에게는 꽃 꽃잎엔 바람  당신에게 사랑을 그리고 또 내일을 모두  감싸 안으며
2001.02.11~02.17,7,9573,Endless,플라워,소품집,2001.08.21,Rock,하해룡,널 사랑해 눈을 감아도 단 한 번만 볼 수 있다면 하늘이여 내 모든 걸 가져가 미련 없이 이 세상 떠나갈게 안녕 다시 돌아올까 봐 아직도 혼자인 거니 서로가 사랑하고 있지만 우리는 인연이 아닌가 봐 많이 야윈 것 같아 웃음도 잃어버리고 항상 멀리서 널 지켜봤어 아프진 않은지 너무나 걱정돼 기다릴게 죽는 날까지 나 없다고 혼자 울지 마 너의 눈물 위로할 수 있도록 그날까지만 참고 견뎌야 해 사랑해 눈을 감아도 단 한 번만 볼 수 있다면 하늘이여 내 모든 걸 가져가 미련 없이 이 세상 떠나갈게 안녕 기다릴게 죽는 날까지 나 없다고 혼자 울지 마 너의 눈물 위로할 수 있도록 그날까지만 참고 견뎌야 해 사랑해 눈을 감아도 단 한 번만 볼 수 있다면 하늘이여 내 모든 걸 가져가 미련 없이 이 세상 떠나갈게 안녕
2001.02.11~02.17,8,609766,사진속에 담긴 추억,임재범,Memories,2000.11.09,Rock,이지영,나의 기억속에 남겨진 그대 모습 이젠 정말 잊어야만해 흘러만 가는 시간처럼 그대 그리움이 안타까운 마음만 주네 소리없는 슬픔만 나의 맘에 쌓이고 희미해진 불빛속에 떠나버린 그대여 내 사랑 나의 사랑 어둠이 다가오네 눈 감으면 그대가 내 곁에 있는데 멀리 떠나갔지만 그대만을 사랑해 사진 속에 담긴 추억들도 이젠 잊어야만 해  이젠 이별뒤에 남겨둔 슬픈 사랑 나의 웃음 흩어져가네 아득하게만 느껴지는 그대 마음처럼 모든것이 멀어만지네 소리없는 슬픔만 나의 맘에 쌓이고 희미해진 불빛속에 떠나버린 그대여 내 사랑 나의 사랑 어둠이 다가오네 눈 감으면 그대가 내 곁에 있는데 멀리 떠나갔지만 그대만을 사랑해 사진 속에 담긴 추억들도 이젠 잊어야만해
2001.02.11~02.17,9,9040,제발,이소라,꽃,2000.12.14,Ballad,이소라,잊지 못해 너를 있잖아  아직도 눈물 흘리며 널 생각해  늘 참지 못하고 투정 부린 것 미안해   나만 원한다고 했잖아  그렇게 웃고 울었던 기억들이  다른 사랑으로 잊혀져 지워지는게 난 싫어   어떻게든 다시 돌아오길 부탁해  처음으로 다시 돌아가길 바랄게  기다릴게 너를 하지만 너무 늦어지면은 안돼  멀어지지마 더 가까이 제발   모든걸 말할수 없잖아  마지막 얘길 할테니 좀 들어봐  많이 사랑하면 할수록 화만 내서 더 미안해   어떻게든 다시 돌아오길 부탁해  처음으로 다시 돌아가길 바랄께  기다릴게 너를 하지만 너무 늦어지면은 안돼  멀어지지마 더 가까이   잊지 말고 다시 돌아오길 부탁해  헤어지면 가슴 아플거라 생각해  기다릴게 너를 하지만 너무 늦어지면 안돼  멀어지지마 더 가까이.. 제발 -
2001.02.11~02.17,10,10126,파란,KYT(코요태),Passion,2000.11.01,Dance,강은경,Groove Groove Keep   on grooving  Don`t you stop come   on Keep it moving  The Time is now and   I feel alright  I`ve been waiting all   week and tonight is   the night  Rock the beat can you   feel the heat  lf you want some more   then get off your seat  Groove Groove Keep on   grooving  Don`t you stop  Keep on moving  누군가 네게 생겼다는   그 사실을  처음 나 알게 됐을땐 너무도   큰 충격이었어  나보다 대체 더 난게 뭐야  날 버리고 갈 만큼 대단한 거니  누군지 한번 보고 싶어  그녈 나 몰래 만날때마다   한번도 죄책감 같은 것 없었니  내게 이럴수는 없는거야   정말 나쁜 사람  니가 나가줘 내 맘 속에서  나 혼자 널 지워내기가 힘들어  차마 내가 먼저 너를 떠날   순 없으니  Now every take a   look around  Party over here and there   let me see you bounce  What you gonna do huh   Just sit around  Get up and move to the   techno sound 나보다 대체 더 난게 뭐야   날 버리고 갈 만큼 대단한 거니  누군지 한번 보고 싶어  그녈 나 몰래 만날때마다   한번도 죄책감 같은 것 없었니  내게 이럴수는 없는거야   정말 나쁜 사람  니가 나가줘 내 맘 속에서  나 혼자 널 지워내기가 힘들어  차마 내가 먼저 너를 떠날   순 없으니  묻고 싶은 얘기가 있어  나를 사랑은 했니  지금 그녀만큼 한때는 나도  다시 내게로 돌아온다면   내 곁에 돌아와 주기만 한다면  이젠 정말 잘 할것 같은데   너무 멀리갔니  니가 말해줘 나의 옆에서  영원히 널 기다리지도 말라고  나도 깨끗히 널 포기해버릴   수 있도록  나도 깨끗히 널 포기해버릴  수 있도록
2001.02.11~02.17,11,10288,www.사랑.com,임창정,www.Love.7th,2000.11.01,Ballad,임창정,가도돼 그에게 전분 너야  그래서 내게 이러는거야  괜찮아 내 상처는 나도  웃을수 있길 바랄게 워-  말을 하지 그랬어  아직 니 곁에 그가 있다고  너와 이별했다는 그가 내게 며칠 전  너의 얘길 널 사랑한다는 얘길   넌 아니라 하지만  그의 간절함은 진실했어  나 또한 그렇게 생각하며 그 누굴  기다리며 눈물 흘린 적 있었어   가도돼 그에게 전분 너야  그래서 내게 이러는거야  괜찮아 내 상처는 나도 웃을 수 있길 바래   그래 난 이대로 힘들지만  그가 기뻐 내게 감사하면  나도 용기를 내서 달려가야해  더 늦기전에 워-  넌 아니라 하지만  그의 간절함은 진실했어  나 또한 그렇게 생각하며  그 누굴 기다리며 눈물 흘린적 있었어   가도돼 그에게 전분 너야  그래서 내게 이러는거야  괜찮아 내 상처는 나도 웃을 수 있길바래   그래 나 이대로 힘들지만  그가 기뻐 내게 감사하면  나도 용기를 내서 달려가야해  더 늦기전에 워-   가도돼 그에게 전분 너야  그래서 내게 이러는거야  괜찮아 내 상처는 나도 웃을 수 있길바래   그래 나 이대로 힘들지만  그가 기뻐 내게 감사하면  나 용기를 낼꺼야  그녀가 너와 같길 바라며 워-
2001.02.11~02.17,12,10619,오늘까지만,김조한,2gether 4ever,2001.01.16,R&B / Soul,조은희,이젠 모두 잊었니 정말 나를 잊어버렸니 왜 슬픈 예감은 틀린적 없는지 꿈에 날 찾아와 울며 미안하단 니 모습 오늘을 위한 거니 니 고운 얼굴도 환한 미소도 여전히 예전 그대로인데  지금 니 곁에 내가 아닌 사랑이 돌아설게 그가 나를 알수가 없게 휘청이는 내 마음 니가 느낄수 없게 오늘만 울어줄게 슬픈 눈물이  내게 널 지울만큼만 너 하나만 원한게 내겐 헛된 바램이었나 니 행복한 모습 본걸로 됐다고 날 위로해봐도 너를 기다려온 사랑에 자꾸 목이 메어와 오 내게 이것만 묻고 싶어서  아직도 나와 함께 했었던 지난 추억들 니 맘 속에 있는지 돌아설게 그가 나를 알수가 없게 휘청이는 내 맘을 니가 느낄수 없게 오늘만 울어줄게 슬픈 눈물이  내게 널 지울만큼만 I pray for your love 행복해줘(행복해줘)  늘 지금처럼만 (늘지금처럼만) 아~~ 그를 선택했던 니 맘을  그가 내게 없는걸 가진거라 여길게 오늘만 기억할게 너의 모든걸 미련도 오늘까지만  영원히 오늘까지만 오늘까지만
2001.02.11~02.17,13,8921,오빠,왁스,엄마의 일기,2000.11.14,Dance,,그냥 편한 느낌이 좋았어
2001.02.11~02.17,14,9419,혼잣말,김장훈,Innocence,2000.12,Ballad,오태호,추억이 소중한 이유 흐름 속에 머물러 있다는 것 수줍게 두 손을 잡던 너와 나를 만날 수 있다는 것 하지만 아무리 그리워도 두 번 다시 그때로 돌아갈 수 없기에 조금 더 잘 해주지 못하고 울리던 일들만 마음에 남아 이젠 내가 눈물이 날까 아직 내 맘 속엔 하루에도 천 번씩 만 번씩 니가 다녀가 잊어도 잊어도 눈물이 흐를 너인데 친구도 될 수 없는 너 둘이 되어 흘러가는 구름처럼 괜찮아 말하며 혼자 더 슬퍼져 죽을 만큼 힘들어 혹시나 어리석은 마음에 니 편지도 사진도 버리지 못하는 나 그동안 너무 고마웠다고 전하지 못한 말 혼자 되뇌며 눈물 속에 널 보냈지만 아직 내 맘 속엔 하루에도 천 번씩 만 번씩 니가 다녀가 잊어도 잊어도 눈물이 흐를 너인데  눈물 속에 널 보냈지만 아직 내 맘 속엔 하루에도 천 번씩 만 번씩 니가 다녀가 잊어도 잊어도 눈물이 흐를 너인데
2001.02.11~02.17,15,75279,You Mean Everything To Me,박정현,Naturally,2000.10.17,R&B / Soul,윤종신,그대 가슴에 귀를 대보면 나는 정말 행복해져요 날 사랑하는 그대 가슴이 너무 건강히 뛰고 있으니 따뜻하기 까지한 그대란 사람 언제까지나 내 곁에 머물러 줄 수 있나요 You mean everything You are everything to me 그대 짓는 표정이 나를 바꿔요 You mean everything 나를 숨쉬게 하는 가슴속의 주인이죠 나의 그대여  그대 입술을 바라볼때면 나는 정말 행복해져요 날 사랑한단 그 꿈같은 말을 애타던 내 귀에 속삭여 주었으니 부드럽기 까지한 그대란 사람 언제까지나 내 곁에 머물어 줄 수 있나요 You mean everything You are everything to me 그대 짓는 표정이 나를 바꿔요 You mean everything 나를 숨쉬게 하는 가슴속의 주인이죠 나의 그대여 가끔씩 그대가 떠나간 걸 그리면 아찔해 오는걸 믿어도 되나요 아니 믿고 싶어 영원한걸 You mean everything You are everything to me 그대 짓는 표정이 나를 바꿔요 You mean everything 나를 숨쉬게 하는 가슴속의 주인이죠 그대여 You mean everything You are everything everything to me 그대 짓는 표정이 나를 바꿔요 나를 바꿔요 You mean everything 나를 숨쉬게 하는 가슴속의 주인은 바로 그대여
2001.02.11~02.17,16,4123405,어제 오늘 그리고,유승준,Summit Revival,2000.11.11,Dance,김영아,지난 날 다시 찾아갈 순 없다  깨친다 그 까닭 그 대답  흘러간 건 지금의 대해 다  아무런 대답 얻을 순 없다  어제 내가 얻은 건  대체 무엇인가  인생을 가책 속에  담으려 했었던가  내 육체 속에  간직한 채 가려는가  잊은 채 그냥  뒤돌아서려는가  바람소리처럼 멀리  사라져갈 인생길  우린 무슨 사랑 어떤 사랑 했나  텅 빈 가슴속에  가득 채울 것을 찾아서  우린 정처 없이  떠나가고 있네  여기 길 떠나는  저기 방황하는 사람아  우린 모두 같이  떠나가고 있구나  끝없이 시작된 방황 속에서  어제도 오늘도 나는 울었네  어제 우리가 찾은 것은  무엇인가  잃은 것은 무엇인가  버린 것은 무엇인가  오늘 우리가 찾은 것은  무엇인가  잃은 것은 무엇인가  남은 것은 무엇인가  yo one three  불타는 내 행위  내 주위를 감싸는  공간의 지위  저 끝 하위 내 죽은 과거의  무리 묻어두리  한낮 헛된 꿈  지금가야 할 길은  또 그 닫는 곳은  어제 내일만큼 가깝지 만은  오 더 멀어질 뿐  오 더 멀게만 느껴질 뿐  어떤 날은 웃고  어떤 날은 울고 우는데  어떤 꽃은 피고  어떤 꽃은 지고 있네  오늘 찾지 못한  나의 알 수 없는 미련에  헤어날 수 없는  슬픔으로 있네  여기 길 떠나는  저기 방황하는 사람아  우린 모두 같이  떠나가고 있구나  끝없이 시작된 방황 속에서  어제도 오늘도 나는 울었네  어제 우리가 찾은 것은  무엇인가  잃은 것은 무엇인가  버린 것은 무엇인가  오늘 우리가 찾은 것은  무엇인가  잃은 것은 무엇인가  남은 것은 무엇인가  어제 우리가 찾은 것은  무엇인가  잃은 것은 무엇인가  버린 것은 무엇인가
2001.02.11~02.17,17,11172,흐린 가을 하늘에 편지를 써,엄태환,다시 꽃씨되어(김광석 Anthology),2000.11.17,Folk,김창기,비가 내리면 음 나를 둘러싸는 시간의 숨결이 떨쳐질까 비가 내리면 음 내가 간직하는 서글픈 상념이 잊혀질까 난 책을 접어놓으며 창문을 열어 흐린 가을 하늘에 편지를 써 잊혀져 간 꿈들을 다시 만나고파 흐린 가을 하늘에 편지를 써 잊혀져 간 꿈들을 다시 만나고파 흐린 가을 하늘에 편지를 써  바람이 불면 음 나를 유혹하는 안일한 만족이 떨쳐질까 바람이 불면 음 내가 알고 있는 허위의 길들이 잊혀질까 난 책을 접어놓으며 창문을 열어 흐린 가을 하늘에 편지를 써 잊혀져 간 꿈들을 다시 만나고파 흐린 가을 하늘에 편지를 써 난 책을 접어 놓으며 창문을 열어 흐린 가을 하늘에 편지를 써 잊혀져 간 꿈들을 다시 만나고파 흐린 가을 하늘에 편지를 써 잊혀져 간 꿈들을 다시 만나고파 흐린 가을 하늘에 편지를 써 잊혀져 간 꿈들을 다시 만나고파 흐린 가을 하늘에 편지를 써 잊혀져 간 꿈들을 다시 만나고파 흐린 가을 하늘에 편지를 써 잊혀져 간 꿈들을 다시 만나고파 흐린 가을 하늘에 편지를 써
2001.02.11~02.17,18,9202,이연(異緣),신성우,Identity,2000.12.16,Rock,임동진,집으로 가는 골목길 문득 너의 생각에 가슴에 고이 접어 놓은 노파심을 꺼내어 보며 네가 슬퍼 하진 않는지 혹시 외로워 하진 않는지 오늘도 별들에게 물어 내 마음을 달래어 보네 혹시 잠시라도 네가 힘에 겨워 쓰러지려 할 때 그때 내게로 와 내가 너의 별이 될 테니 세상 어느 곳에 네가 있다 해도 세상이 모두 널 뒤로 한대도 날 지키는 저 별처럼 늘 곁에 있을 테니까 세상 어느 곳에 네가 없다 해도 세상을 모두 네가 등진대도 날 지키는 저 별처럼 내가 널 지킬 테니까 영원히  세상 어느 곳에 네가 있다 해도 세상이 모두 널 뒤로 한대도 날 지키는 저 별처럼 늘 곁에 있을 테니까 세상 어느 곳에 네가 없다 해도 세상을 모두 네가 등진대도 날 지키는 저 별처럼 내가 널 지킬 테니까 영원히
2001.02.11~02.17,19,106215,다짐,조성모,Let Me Love,2000.09.01,Dance,이승호,그때 내가 아니야 니 얼굴만 봐도 눈물짓던 그런 표정 하지마 잔인한 너에게 후회 뿐야 널 우연히 만나면 나에 달라진 모습을 너 보여 주면 혹시 내게 다시 돌아 올까봐 하지만 끝난 거야  니가 나를 잊는데 도움만됐을 뿐 오히려 헤어진 게 잘됐다고 안심했을 너야 그대 날 떠나가 왜 날 버리나 나없이 행복했었나 why left alone with nothing but a tears mow you and I ah 너와 나 그대 나에게 그렇게 냉정해야했나 back in time when you were by my side 이제 나 그렇게 무너지지않아 no one is going to bring me down 다짐하고 또 했어 널 모조리 잊어버리자고 죽기 직전까지만 널 그리워하다 끝내자고 널 우연히 만나면 나에 달라진 모습을 너 보여주면 혹시 내게  다시 돌아 올까봐 하지만 끝난 거야  니가 나를 잊는데 도움만됐을 뿐 오히려 헤어진 게 잘됐다고 안심했을 너야 난 달라졌어 너 때문에 더 이상 아파하진 않아 그 때완 다를 거야 누가 봐도 강한 내가 됐어
2001.02.11~02.17,20,10263,이 겨울에,디바,Naughty,2000.11.08,Rap / Hip-hop,이상민,이 겨울에 깊은 밤 슬픈 밤  그대 없는 외로운 밤 지켜  나를 지켜주던 그대 없는 이 밤  밤에 눈이 내려 하얀세상  돼버린 밤  내 맘 슬픈 상처로 굳어버린 맘 난  그때 떠난 그댈 느껴 잊지 못해  난 슬피 울어  흰 눈이 내려 눈물에 씻겨  얼굴에 눈이 내려  그래도 아름다운 그대와 사랑이  영원할 것만 같던 그대와 사랑이  얼마나 기다리면 내게로 올런지  I want you back to me  괜찮아 그래도 나는 괜찮아  그대 있어주던 그때 만큼은  아름다워서 괜찮아  기억 나 김이 모락 나는  연탄을 굴려  눈사람 만들어 멋있게 나는  그대를 이쁘게 그대는 나를  눈이 녹아 우는 건지  떠날 그대가 안타까워  슬피 우는 건지  우리 하늘 바라보며 계속  누워있었어  잘 있니 허니 그곳에선 아프지마  두 번 죽지마  I want you want you  처음에서 마지막까지  날 사랑했어  I want you want you  커플 아름다운 커플  더 영원해야 했어  I want you want you  네가 원했던 만큼 난  다 주지를 못했어  I want you want you  커플 아름다운 커플  더 영원해야 했어  12월에 울려 퍼지는 노래 소리  그대와 사랑의 노래 나 언제나  행복했어  우리만큼은 너무나 따뜻했어  우리들 그 누구 어떤 그 무엇도  깨뜨릴 수 없어  너에 대한 사랑의 믿음  나 확신했어  우리는 영원히 사랑합니다  세상에 약속할 만큼 그리고  갑자기 알 수 없이  그대에게 이끌려가  그대와 함께 보낸 하루에 시간  그대가 준비한 날 위한  선물 선택된  오늘 이별 어떻게 이별  이 선물 말도 안돼  너무 힘들어 그대에게  빌어도 예고된  이별 울다 지쳐서 깨버렸을 땐  그대 없는 나 세상엔 혼자  그래도 아름다운 그대와 사랑이  영원할 것만 같던 그대와 사랑이  얼마나 기다리면 내게로 올런지  I want you back to me  이미친 그대 없는 세상에 빛이  내겐 소용없는데 막막한 세상을  그대가 있기에 살아왔을 뿐  난 그저 그대 사랑했을 뿐  그대가 나 대신 잘해주었는데  어떻게 살아 갑자기 가면  내가 어떻게 살아  다시 와 내게로 돌아와  여기 그대로 있을게  왜길래 날 버린 대가가 뭐길래  도대체 날 떠나  I want you want you  처음에서 마지막까지 날 사랑했어  I want you want you  커플 아름다운 커플  더 영원해야 했어  I want you want you  네가 원했던 만큼  난 다 주지를 못했어  I want you want you  커플 아름다운 커플  더 영원해야 했어  나를 두번 울린 그대  나를 떠나 울고  세상을 떠나 울고  나를 두번 울린 그대  나를 떠나 울고  세상을 떠나 울고
2001.02.11~02.17,21,9828,인형 (Duet. 신혜성),이지훈,Lee Jeehoon Special With...,2001.02.01,Ballad,강타(KANGTA),아침이 오는 소리에 난 잠이 들어요 오늘도 역시 그대 날 잊고 보냈었는지 그렇게도 쉽게 괜찮을수 있는지 항상 변함이 없었던 그대 떠나간게 믿을수 없어 힘들었죠 그냥 그렇게 서로가 조금씩 잊혀 가겠죠 사랑한단말 조차도 소용없겠죠 미안해요 이기적인 나였죠 사랑한단 이유로 내곁에만 두려 했었던걸요 그래요 난 가장 중요한걸 모르고 있었죠 사랑한다면 그대가 언제나 행복해야죠 보고 싶겠죠 그건 어쩔수 없겠죠 하지만 힘들진 않게할게요 한동안 많이 아파 울다 지쳐 그대를 찾겠죠 신경쓰지말아요 난 잠시뿐일 테니까 괜찮아요 이대로 있을게요 당신과 상관없이 그냥 홀로 지킬 수 있는걸요 사랑해요 정말 한순간도 변함이 없어요 그대없는 빈자리도 사랑하며 살아갈게요 보고싶겠죠 그건 어쩔 수 없겠죠 하지만 힘들진 않게할게요 한동안 많이 아파 울다 지쳐 그대를 찾겠죠 신경쓰지 말아요 난 잠시뿐일 테니까 오 그래요 난 바보같지만 우리 지난 기억들 간직하며 홀로 지키고 있을게 한동안 많이 아파 울다 지쳐 그대를 찾겠죠 신경쓰지 말아요 난 잠시 뿐일 이별이니까
2001.02.11~02.17,22,11028,약속,플라이투더스카이,약속,2001.02.02,R&B / Soul,김용호,언제나 낯선 아픔들은 습관처럼 다시 찾아와 눈물을 짓지만 그대가 늘 미안해하던 초라한 현실은 영원하지 않죠 감사해요 그댈 보내주셨던 하늘이 우릴 지켜줄 것을 언젠가는 자유롭게 날아갈 수 있어 그대의 꿈처럼 우린 한걸음 또 한 걸음 그댄 포기하지 않아  난 믿어요 지쳐가겠지만 언제나 같을 순 없겠죠 더 많은 날들이 기다릴테니까 감사해요 그댈 보내주셨던 하늘이 우릴 지켜줄 것을 언젠가는 자유롭게 날아갈 수 있어 oh yes you will 그대가 꿈꿔왔던 것처럼 약속해요 나의 삶이 놓아줄 때까지 지켜줄 수 있어 널 사랑하니까 아름답게 맞으려 애써 준비했던 그 작은 바램도 가까이 있는 것 언젠가는 자유롭게 날아갈 수 있어  그대의 눈물이 꿈꾸던 날들은  너무 아름다울 것 같죠 우우우 워우워 예이 예
2001.02.11~02.17,23,3743,그런일은,화요비,My All,2000.06.14,R&B / Soul,윤사라,너무나 멀어보여요 이렇게 가까이 있는데도 언제나 나를 안아주던 따스한 인사도 잊은건가요 내가 뭘 잘못했나요 혹시 나 미워졌나요 아니죠 떠나려는건 아니죠 그런일은 절대로 없을거라 나는 믿을게요 오늘은 안돼요  내 사랑이 이대로는 이별을 감당하긴 어려운걸요 많은 약속을 다 지울순 없잖아요 아직도 해드릴게 참 많이 있는데 얼마쯤 걸어가다가 한번은 날 뒤돌아 봐줄거죠 그리곤 다시 예전처럼 다가와 웃으며 안아줄거죠 정말 날 좋아했는데  정말 날 아꼈었는데 아니죠 그대를 다시 못보는 그런일은 절대로 없는거죠  나는 믿을게요 오늘은 안돼요 내 사랑이  이대로는 이별을 감당하긴 어려운걸요 많은 약속을 다 지울순  없잖아요 아직도 해드릴게 참 많은걸요 내일 아침엔 더 힘들어 질거예요 어쩌면 며칠밤을  지새우겠죠 언제까지나 곁에  있기로 했잖아요 그대가 아니라면 난 혼자인걸요
2001.02.11~02.17,25,46181,틈,엄정화,Queen Of Charisma,2000.11.03,Dance,김건우,난 너의 생각처럼 널 위해 기다렸어 너만을 쳐다보며 이렇게 나를 오랫동안 그냥 두지 말아줘 이제 견딜수 없는 나를 좀 봐 변하고 있는 나에게 너는 아무런 느낌이 없었니 별다른 이유가 많이 있었더라도 널 생각만 해봐도 답답해 제발 이제 내게 말해줘 너의 힘없는 얼굴이 내 생각엔 아무런 느낌 없는 너처럼 그저 희미해질 뿐이야 난 이제 더 이상 기다리지 않아 나를 언제나 바라본 넌 이렇게 아무런 감동없는 나처럼 매일 같은 날일 뿐이야 Oh 제발  그렇게 말도없이 나만을 쳐다보며 너무나 힘이 들어 이렇게 우린 오랫도록 지쳐있긴 했지만 언젠가 끝낼수 있는 나였잖아 이제 모든걸 버리고 우리 많은 기억을 생각해봐 너와 나 사이는 아주 가까웠지만 언제부터 이렇게 멀어졌니 제발 이제 내게 말해줘 너의 힘없는 얼굴이 내 생각엔 아무런 느낌 없는 너처럼 그저 희미해질뿐이야 난 이제 더이상 기다리지 않아 나를 언제나 바라본 넌 이렇게 아무런 감동없는 나처럼 매일 같은 날일 뿐이야 Oh 제발 더 이상 기다리지 않아 나를 언제나 바라본 넌 이렇게 아무런 감동없는 나처럼 매일 같은 날일 뿐이야 Oh 제발
2001.02.11~02.17,26,38423,너 정말?,김현정,Kim Hyun Jung 3,2000.05.22,Dance,이승환,요즘 니가 만나는   그 앤 너무 아니야  왜 하나같이 그런 여자뿐이니   속상해서 그러지 눈은   높았었는데  어쩜 그렇게도 실망스럽니  물론 우리 어차피 안 볼 사람들  그래도 옛정이 남았는지  신경 쓰였어 아무렴 어떠니 뭐 그래 봤잔데 나 괜히 열냈던 거니  오해는 말아줘 어디가 이쁘니 나보다 괜찮니  그냥 좀 궁금한거니  기대는 말아줘 내가 어떤 여자를  사귀든 말든 상관없는 거잖아  관심없다 했잖아  아쉽나 너나 나나  무언가가가 그랬었나 몰랐었나 후회되는  건가 그런가 바보같이 내인생이 이렇지  아직까지 너만한 애 본적  없지 나는 이렇지  후회해도 할수 없지  그렇지 나같이  그래도 널 사랑했지 물론 우리 어차피 안 볼 사람들 그래도 옛정이 남았는지  신경 쓰였어 아무렴 어떠니 뭐 그래 봤잔데 나 괜히 열냈던 거니  오해는 말아줘 어디가 이쁘니 나보다 괜찮니  그냥 좀 궁금한거니  기대는 말아줘 너 정말 못됐어 그렇게 하길래  매달릴 거였으면  왜 나랑 헤어졌니  너 정말 미웠어 너  정말 불쌍해  나같이 보기드문 애  놓치고 잘사니
2001.02.11~02.17,29,3680,너를 위해,임재범,Story Of Two Years,2000.05.16,Ballad,채정은,어쩜 우린 복잡한 인연에  서로 엉켜있는 사람인가봐  나는 매일 네게 갚지도 못할만큼  많은 빚을 지고 있어  연인처럼 때론 남남처럼  계속 살아가도 괜찮은 걸까  그렇게도 많은 잘못과 잦은 이별에도  항상 거기 있는 너  날 세상에서 제대로 살게해 줄  유일한 사람이 너란걸 알아  나 후회없이 살아가기 위해  너를 붙잡아야 할테지만  내 거친 생각과 불안한 눈빛과  그걸 지켜보는 너  그건 아마도 전쟁같은 사랑  난 위험하니까 사랑하니까  너에게서 떠나줄꺼야   날 세상에서 제대로 살게해 줄  유일한 사람이 너란걸 알아  나 후회없이 살아가기 위해  너를 붙잡아야 할테지만  내 거친 생각과 불안한 눈빛과  그걸 지켜보는 너  그건 아마도 전쟁같은 사랑  난 위험하니까 사랑하니까  너에게서 떠나줄꺼야  너를 위해 떠날꺼야
2001.02.11~02.17,30,27600,기도,정일영,가을동화 OST,2000.10,"Drama,Ballad",최희진,혹시 나를 떠나려는 그대맘이 힘든 나를 위해서 그런 이유인가요 하루만큼 멀어져도 괜찮아요 그대 어디있어도 사랑인걸 믿어요 그땐 난 미처 몰랐죠 나를 보던 그대 눈빛 작은 그대 어깨조차도 안아줄 수 없던 내가 싫었죠 우 워우워~ 언제까지 슬픈 운명 우릴갈라 놓아도 또다시 그대맘을 울리지는 않을거예요 어떤것도 나의 그댈 대신할수 없기에 이제는 그대보다 소중한건 내게 없단걸 아나요 나를 보며 웃는 그대 그 미소가  내게너무나 벅찬 그런 행복인걸요 더가까이 기대와도 괜찮아요 그대 숨결느끼는 지금 이순간 처럼 그땐 난 미처 몰랐죠 나를 보던 그대 눈빛 작은 그대 어깨조차도 안아줄수 없던 내가 싫었죠 우워우워~~ 언제까지 슬픈운명 우릴 갈라놓아도 또다시 그대맘을 울리지는 않을거예요 어떤것도 나의 그댈 대신할수 없기에 이제는 그대보다 소중한건 내게 없단걸 아나요  언제까지나 여기 있어요 작은 손길 닫는 곳에 그대 사랑이 나를 불렀죠 그대 곁으로~ 언제까지 슬픈운명 우릴 갈라놓아도 또다시 그대맘을 울리지는 않을거예요 어떤것도 나의 그댈 대신할수 없기에 이제는 그대보다 소중한건 내게 없단걸  라라 리리 라~
2001.02.11~02.17,31,9282,벌,박미경,Parkmikyung 5,2000.12.01,Dance,,Baby now that you gone And out of my life one thing for sure You punish for the rest of your life 떠나 잔인하게 잊어줄게 좀더 살아보면 알겠지만 누군가에게서 잊혀진다는건 참 무서운 벌이거든 아주 그럴듯한 변명들로 너는 빙빙 돌려 말하지만 결국 그 얘긴 헤어지잔 거잖아 두눈 가득 고인 눈물까지 너를 포장하려 하겠지만 그건 모질게 날 떠나겠단 거잖아 마지막까지도 나의 기억속에 넌 좋은 얼굴로 남아 널 원망할 수도 미워할수도 없게 그렇게 만들려 한거잖아 떠나 구차하게 굴지 말고 더는 잡고 싶은 맘도 없어 이별 앞에서도 속이려는 네가 참 불쌍할 뿐인거야 떠나 잔인하게 잊어줄게 좀더 살아보면 알겠지만 누군가에게서 잊혀진다는건 더 비교하지 못할 무서운 벌이 될테니까  마지막까지도 나의 기억속에 넌 좋은 얼굴로 남아 널 원망할 수도 미워할수도 없게 그렇게 만들려 한거잖아 떠나 구차하게 굴지 말고 더는 잡고 싶은 맘도 없어 이별 앞에서도 속이려는 네가 참 불쌍할 뿐인거야 떠나 잔인하게 잊어줄게 좀더 살아보면 알겠지만 누군가에게서 잊혀진다는건 참 무서운 벌이거든 잡고 싶은 맘도 없어 이별 앞에서도 속이려는 네가 참 불쌍할 뿐인거야 떠나 잔인하게 잊어줄게 좀더 살아보면 알겠지만 누군가에세서 잊혀진다는건 더 비교하지 못할 무서운 벌이 될 테니까
2001.02.11~02.17,32,2270751,Love,조장혁,Love,2000.06,Ballad,조은희,날 모두 다 주고 싶어  널 위해서라면  오직 나만이   네 가슴에 숨 쉴 수 있게 널 모두 다 갖고 싶어  또 다른 나처럼 아주 작은 슬픔까지도   느낄 수 있게  널 닮아가는 나의 모습은  언제나 날 향기롭게 해  내겐 눈물나게 아름다운  너 하나만으로도 너무 감사해 난 행복해  널 나에게 준 이 세상 끝까지  너를 사랑해 영원히  변하지 않을 지금 이대로  널 닮아 가는 나의 모습은  언제나 날 향기롭게 해  내겐 눈물나게 아름다운  너 하나만으로도 너무 감사해 난 행복해  널 나에게 준 이 세상 끝까지  너를 사랑해 영원히  변하지 않을 지금 이대로  지금 이대로
2001.02.11~02.17,33,9957,I Can Wait 4 U,여행스케치,Love Story,2000.09.14,Rock,조병석,가시와 타는 모래 뿐인 아무도 없는 사막 한 가운데 나홀로 서 있는 것 같아 그댈 보내는 지금 기다리지 말라는 말이 그대의 진심이 아닌 걸 알아 나를 위해 그대가 택한 마지막 배려란걸 I can wait 4 u 날 믿어준다면 너에게 하고 싶은 말 오직 I can stay in your heart 하지만 내 맘에 혼잣말로 하는 나도 너의 맘 같아 내가 대신 할 수 있다면 그 길을 난 선택하고 싶지만 이런 생각조차 어쩌면 나만의 사칠거야 그대가 흘리는 땀만큼 내겐 눈물의 시간이 늘겠지 외롭고 낯선 그 날들이 익숙해질때까지 I can wait 4 u 날 믿어준다면 너에게 하고 싶은 말 오직 I can stay in your heart 하지만 내 맘에 혼잣말로 하는 나도 너의 맘 같아  그을린 그대 모습처럼 내 맘도 까만 숯이 돼 가겠지 우리 행복했던 순간이 스쳐지날때면 I can wait 4 u 날 믿어준다면 너에게 하고 싶은 말 오직 I can stay in your heart 하지만 내 맘에 혼잣말로 하는 나도 너의 맘 같아 I can wait 4 u 그 어떤 약속도 너에겐 짐이란걸 알기에 I can stay in your heart 널 다시 만날때 눈물로 접어둔 내 마음 보여줄게
2001.02.11~02.17,34,89110,난 말야,유리상자,Home,2000.10.16,Ballad,"이세준,심현보",지금 넌 도대체 어디 있는지 남은 말이 너무 많은데 이대로 오늘 밤이 지나버리면 우린 다시 못 볼 지 모르는데 헤어지자는 말을 꺼내고 나서 이렇게 후회하고 있는데 아무 표정없이 돌아선 너는 나 없이도 살 수 있다는 거니 한 번 만이라도 잡아줄 순 없었니 이대로 끝이 될 수는 없다고 알고 있는 너의 뒷모습이 사라지도록 그 곳에 서 있던 지친 나의 어깨를 넌 모르겠니 그걸 바랬던게 아닌데 내가 먼저 말하길 기다린거니 날 위해 혹시 이별을 넌 받아준거니 하루도 너 없인 안되는데  한 번 만이라도 잡아줄 순 없었니 이대로 끝이 될 수는 없다고 알고 있는 너의 뒷모습이 사라지도록 그 곳에 서 있던 지친 나의 어깨를 이게 아닌데 넌 도대체 어딨는거야 거두고만 싶은 말들로 난 후회하는데 날 잡아줄꺼라 믿었던 내 잘못이야 하루도 너 없인 안되는데 밤을 세워 전화해도 넌 받지 않는 걸 이대로 오늘이 가면 널 포기할지도 모르는 일인데 넌 모르겠니 그걸 바랬던게 아닌데 내가 먼저 말하길 기다린거니 날 위해 혹시 이별을 넌 받아준거니 하루도 너 없인 안되는데 이게 아닌데 넌 도대체 어딨는거야 거두고만 싶은 말들로 난 후회하는데 날 잡아줄꺼라 믿었던 내 잘못이야 하루도 너 없인 안되는데
2001.02.11~02.17,35,1185237,겨울이야기,DJDOC,D際(제)2德(덕) 3집,1996.12.01,Dance,강은경,하염없이 내리던 하얀눈에   가려져   이젠 두 번다시 볼 수 없는   네 뒷모습   난 그렇게 선채로 얼어  붙어갔지만   오직 널 향한 나의 마음만은   따뜻했어   니가 내게서 조금씩   멀어져가고 있다는걸 느낄 때   그때는 이미 가을도   멀리 지나버리고 난 후야   내가 장식하고 싶던   아픔다운 추억   너와 함께 보내려던 이 겨울을   그냥 너를 위해샀던   선물들과 함께   모두 버려질 수밖에 없었지   너를 만나려고 무척많이   시도했지   결국 너의 집앞에서 나는   너를 기다렸지   빨간 스포츠카에서 너와   함께 내린   왠 남자를 보고 나는 나는   깨달았지   그토록 애원하며 매달리던 나를   너무나도 많이 많이   사랑했던 나를   이젠 잊고 싶어서 그랬는지   저랬는지   나를 멀리했던 너   이제는 돌아와 기다린   내게로 돌아와   눈처럼 모든걸 덮어줄거야   내게 돌아와줘   내 곁에 있어줘 쓸쓸한 이   겨울동안만   차가운 내 눈물 멈출수 있게   내게 머물러줘   쌓인눈이 녹아도 또 새해가   밝아도   나의 혼자뿐인 겨울은 계속됐어   수 많은 밤 지나고 이 계절이   바뀌어도   내 맘은 늘 겨울인걸 모르겠니   늦은밤 너그럽고 돈 많아보이는   새 남자친구와   너의 집앞에서 다정스럽게도   Good night kiss를 나누던 모습   나의 눈물과 하얀 눈송이와   함께 점점더 멀어지고 있어   그러나 이건 이별이라   생각하지 않아   다시 내게로 돌아와줘   너와 사랑을 하고 헤어지게됐어   하지만 누가 뭐라해도   생각나게 되는걸   다시 한 번 만나주면 좋겠다  예전처럼 그댈 한번 만나보고싶다   you n me 지금 멀리있다해도   그건 잠시 너의 외도라고 생각해   여자들은 눈이 내리면   누군가를 만나고 싶어 하니까   이제는 돌아와 기다린   내게로 돌아와   눈 처럼 모든걸 덮어 줄거야   내게 돌아와줘   예 난 너 없인 정말 못살아 내 곁에 있어줘 쓸쓸한 이  겨울동안만  차가운 내 눈물 멈출수 있게  내게 머물러줘  멀리 있는 너에게 내말  털어 놓지만  마음 한구석엔 여전히 허전했어  외로움을 달래줄 그런여자  어디없나  남아 있는 이겨울이 따뜻하게
2001.02.11~02.17,36,1576735,다 줄거야 (Acoustic Ver.),조규만,I Will Give You All,2000.01.01,Ballad,조규만,그대 내게 다가오는 그 모습 자꾸 다시 볼수 없을 것만 같아서 감은 두눈 뜨지 못한거야 너를 내게 보내준 걸 감사할뿐야 고마울 뿐야 많이 외로웠던거니 그동안 야워가는 너를 보며 느낄 수 있어 너무 힘이 들땐 실컷 울어 눈물속에 아픈기억 떠나보내게 내품에서 서글픈 우리의 지난 날들을 서로가 조금씩 감싸줘야해 난 네게 너무나도 부족하겠지만 다 줄꺼야 내 남은 모든 사랑을 많이 지쳐있던거야 그동안 자꾸 야워가는  너를 보며 느낄 수 있어 너무 힘이 들땐 실컷 울어 눈물속에 아픈기억 떠나보내게 내품에서 서글픈 우리의 지난 날들을 서로가 조금씩 감싸줘야 해 난 네게 너무나도 부족하지만 다 줄꺼야 내 남은 모든 사랑을 난 네게 너무나도 부족하지만 다 줄거야 내 남은 모든 사랑을
2001.02.11~02.17,37,1786609,Episode Ⅱ,조pd(ZoPD),ChoPD.Net / Best In East,2000.12.28,Rap / Hip-hop,조pd(ZoPD),타오르는 태양도 날아가는 저새도
2001.02.11~02.17,38,9349,오버액션 맨,Wittgenstein,A Man`s Life(Featuring Shin Hae Chul),2000.12.22,Rock,비트겐슈타인,수다 떠는 니 친구들 난 너무 싫어 걔들 니 생일날 빼곤 너무 자주 만나지마 글구 나랑 있을때는 그 놈의 핸드폰 꺼 놔 재미있건 없건 나에게만 집중해  길을 가다 아는 남자 만났을 때는 몰래 눈 인사만 하고 그냥 지나쳐가 유치원 동창이니 어릴적 동네 친구니 그땐 허튼소린 아예 꺼내지도 마 밤늦게 다니지마 말 대답하지마 내가 싫어하는건 하지마 Cause i'm loving you baby yeah Say you're mine Cause i'm loving you baby yeah Say you're mine 사실을 내게 말해봐 나 이상의 남자는 없어 예  Rock and Roll Baby 엄마에게도 말할수 없는 니 비밀 나는 너의 숨겨진 어두운 꿈을 지배해 안됐지만 너는 다른 선택이 없어 맘에 들건 말건 팔자려니 생각해  딴 생각하지마 머리 굴리지마 24시간 내 생각만 해 Cause i'm loving you baby yeah Say you're mine Cause i'm loving you baby yeah Say you're mine 사실을 내게 말해봐 나 이상의 남자는 없어 예  Rock in the house  Rock in the house  Rock in the house Rock in the Rock in the Rock in the house Cause i'm loving you baby yeah Say you're mine Cause i'm loving you baby yeah Loving loving loving loving loving loving loving yeah Say you're mine Say you're mine Say you're mine
2001.02.11~02.17,39,37100,"힘을 내요, 미스터 김",롤러코스터,일상다반사(日常茶飯事),2000.08.01,Rock,조원선,오늘도 많이 바쁜가요  또 자꾸 짜증이 나나 봐요  벌써 몇 번째 한숨 쉬고  끊었던 담배 다시 피우나요  거울을 봐요 충혈된 두 눈에  언제나 용모단정 이게 아닌데 하면서도  등만 대면 잠이 와요  이름을 말해봐요 미스터 김  당신이 꿈꾸던 삶은 어디에  하고 싶었던 일 뭔가요  아직도 늦지 않았어  당신이 바라는 대로 하세요  멋있게 행복하게 사는 거죠  잘 다려진 와이셔츠에  빤짝이는 검은 구두  무표정한 얼굴 뒤에는 무슨 생각하나요  이름을 말해봐요 미스터 김  당신이 꿈꾸던 삶은 어디에  기죽지 말아요 어깨를 쫙 펴고  당당히 맞서요  이제부터라도 신나게  맘대로 멋지게 사는 거죠  하고 싶었던 일 뭔가요  아직도 늦지 않았어  당신이 바라는 대로 하세요  멋있게 힘을 내요 미스터 김  하고 싶었던 일 뭔가요  아직도 늦지 않았어  당신이 바라는 대로 하세요  멋있게 힘을 내요 미스터 김  기죽지 말아요 어깨를 쫙 펴고  당당히 맞서요  이제부터라도 신나게  맘대로 멋지게 사는 거죠  하고 싶었던 일 뭔가요  아직도 늦지 않았어  당신이 바라는 대로 하세요  멋있게 힘을 내요 미스터 김
2001.02.11~02.17,40,88790,인터넷 전쟁,서태지,울트라맨이야,2000.09.09,Rock,서태지,같지 않았던 잡설이 판치는 곳  누구나 맘껏 짖어댄곳 그 작던 상식에  나불대는 넌 서툰 상처만 드러냈고  상대 그 녀석이 맘을 다치던  무식한 넌 따로 지껄이고 덜 떨어진  나 값어치 애석하지만 넌 좀 작작해  내가 널 지켜줄께 니 가슴 찢어줄께  네 눈물 닦아줄께 믿어날  언짢던 널 쳐야 내가 생존  돌이키지 못할 소모전날 올간 손톱 끝이  너의 발목을 찢어댔지  경직된 넌 침 튀면서 무식한 억지만 늘어놨고  참 지나치지 니구취 다들 같이 좀 작작해  내가 널 지켜줄께 니 가슴 찢어줄께  네 눈물 닦아줄께 믿어날   파멸 위한 발전 또 다시 격을 세계전  네가 버린 그 독한 폐수가  어린아이 혈관 속을 파 내려가 단단하게 박혀  새로 탄생할 오염변이체 항상 나 자신을  위협한 난 내 자신에게서 저항한  결국 난 내게 경고한  우린 결국 스스로를 멸망케 할  나는 인질이 되어 결국 노예가 되어  바이러스 끝없이 맞서는 백신  온세상 지천에 널린 어덜트 갤러리 감춘 칼날이  어린 우리 아이 머리속을 홀린  아동학대 지학변태 소녀들을 노리는  네 추태 전태 만상에 실태 애석하지만 너  내가 널 지켜줄께 니 가슴 찢어줄께  네 눈물 닦아줄께 믿어날
2001.02.11~02.17,41,88773,눈물없는 이별,박완규,엽기발랄(獵奇潑剌),2000.09.20,Rock,이승호,숨기려 했어 처음엔 그랬어 어떻게 말해야 할지 몰라서 가길 바랬어 너 먼저 가기를 맘에도 없었던 모진 말들로 하지만 여전히 내 곁에 있는 넌 나보다 더 깊은 사랑이었어 내가 좋아한 그 미소로 제발 내 말 들어줘 세상을 나 끝내기 전에 사랑 먼저 끝내려 그랬던거야  부탁해 영원히 너를 떠나가는 그길에 눈물없는 이별 되도록  마지막 내 눈에 담겨진 네 모습 먼길에 외롭진 않을 것 같아 세상을 나 끝내기 전에 사랑 먼저 끝내려 그랬던거야 부탁해 영원히 너를 떠나가는 그길에 눈물없는 이별 되도록 약속해 내가 없는 세상을 눈물로만 살지는 않을 거라고 모자란 사랑만 깊이 기억하고 떠날게 다시 꼭 널 만날 테니까 사랑해 너를 영원히
2001.02.11~02.17,42,27655,Feel Your Love,핑클,Now,2000.10.16,Dance,유유진,다가와 다가와 가져봐 가져봐  내 시선을 피하지는마  원한다면 주고 싶어 너를 위해  아껴왔던 내 사랑  난 깊이 빠진거야 니  생각 뿐인거야  사랑엔 이유가 없으니까  우리 둘 뿐이야 지금 이순간엔  KISS ME 이런 기횔 놓치지마  WE BE LONG TOGETHER  FEEL YOUR LOVE  니 사랑을 내게 가르쳐줘  I`M NOT A BABY WANNA  FEEL YOUR LOVE  너만을 위해 나를 줄거야  다가와 열어봐 너만 보여줄게  내맘을 가르쳐줘 원하는걸 어색한  말보다 니 눈빛으로  소중히 아껴왔어 널위해  지켜왔어  누구도 날 갖지 못하도록  우리 둘 뿐이야 지금 이순간엔  KISS ME 이런 기횔 놓치지마  WE BE LONG TOGETHER FEEL YOUR LOVE  니 사랑을 내게 가르쳐줘  I`M NOT A BABY WANNA  FEEL YOUR LOVE  너만을 위해 나를 줄거야  원해 이 느낌 너밖에 없어  난 너 밖에 없기 때문에  원해 You feel my baby  내 머릿속 안에 너 밖에  없기 때문에  처음부터 난 알았어 We be  one perfect combination  한번 더 느껴와 uh  인연 그런 하소연 필요 없다는걸  After you came in to my life  내게로 와줘  처음부터 알았어 내가  찾던 너란걸  이젠 날 지켜줘 너만 알게해줘  KISS ME 달콤한 쵸콜릿 같아 워  WE BE LONG TOGETHER  FEEL YOUR LOVE  니 사랑을 내게 가르쳐줘  I`M NOT A BABY WANNA  FEEL YOUR LOVE  너만을 위해 나를 줄거야  WE BE LONG TOGETHER  FEEL YOUR LOVE  내 안에 널 잊지않게 해줘  I`M NOT A BABY WANNA  FEEL YOUR LOVE  네 여자로 난 태어난거야
2001.02.11~02.17,43,84375,꿈꾸는 소녀,YB,가리지 좀 마,1997.03.01,Rock,윤도현,나의 마음속에 언제나 꿈을 꾸는 소녀 살고 있지 별을 좋아하던 푸른 하늘 같은 너 너의 꿈을 찾아 떠나간 그대를 생각하네 꿈꾸는 소녀야 별들아 그대들은 멀리있지만 꿈꾸는 소녀야 별들아 언젠가는 같은 하늘에 뜰거야 오래전 그 노래 다시 부를거야 너의 가슴속에 나의 노래 하나를  꿈꾸는 소녀야 별들아 그대들은 멀리있지만 꿈꾸는 소녀야 별들아 언젠가는 같은 하늘에 뜰거야 꿈꾸는 소녀야 별들아 그대들은 멀리있지만 꿈꾸는 소녀야 별들아 언젠가는 같은 하늘에 뜰거야 나의 마음 속에 꿈 꾸는 소녀가 소녀 마음속에 꿈을 꾸는 별들이 꿈을 꾸는 이 세상 모든것들 꿈을 꾸는 이 세상 모든것들
2001.02.11~02.17,44,27641,환상,박지윤,성인식,2000.07.26,Ballad,박진영,그대여 돌아 올순 없나요 우리 다시 예전처럼 말예요 서로를 가졌단이유만으로 너무도 행복했던 그대여 지금 행복한가요 그 사람이 그렇게 해주나요 아니면 그대 내게 돌아와요 난 항상 기다려요 그대 떠난 걸 헤어졌다는걸 혼자라는 걸 난 믿을수가 없는 걸 저 문을열고 걸어들어오는 그대 모습만 아직도 떠오르는걸 아직도 그댈 기다린다면 아직도 그대 생각에 운다면 그대는 믿을 수가 없겠지요 날 바보라 하겠죠 그대 떠난 걸 헤어졌다는걸 혼자라는 걸 난 믿을수가 없는 걸 저 문을열고 걸어들어오는 그대 모습만 아직도 떠오르는걸 그대 날 떠나 얼마나 행복해졌나요 내가 없는 삶이 훨씬 더 좋던가요 나는 그대 떠나간 뒤 텅 빈 그  자리를 그 어떤 것으로도 채우질 못해요 그대 떠난 걸 헤어졌다는걸 혼자라는 걸 난 믿을수가 없는 걸 저 문을열고 걸어들어오는 그대 모습만 아직도 떠오르는걸
2001.02.11~02.17,45,38504,거짓말처럼,김현정,Kim Hyun Jung 3,2000.05.22,Ballad,윤사라,거짓말처럼 너를 사랑하게 됐어  I can't live 너 없인 하루도  so I won't leave Forever  이렇게 매일 함께 있는게  난 너무나 감사할 뿐  생각처럼 잘해 주지는 못했지만 워 거짓말처럼 너를 사랑하게 됐어  한 번도 이런적 없던  내 마음의 떨림처럼 너도  그랬으면 좋겠어  I can't live 너 없인 하루도  so I won't leave Forever  너의 눈빛을 너의 손길을  늘 가까이 느끼는게  어떤말도 부족 하도록 고마운 걸 우 거짓말처럼 너를 사랑하게 됐어  한번도 이런적 없던 내마음의 떨림처럼 너도 그랬으면 좋겠어  I can't live 너 없인 하루도  so I won't leave Forever  하지만 가끔씩은 두려워  너무 벅찬 이 기쁨이  눈뜨고 나면 짧은 꿈처럼 사라질까봐  어린 아이처럼 네게 기대고만 싶어  무슨 일 있어도 처음 약속처럼  영원토록 나와 함께 해달라고  거짓말처럼 내가 달라지게 됐어  세상에 태어나 처음 눈뜬듯한 이런 기분  너도 느꼈으면 좋겠어  I believe in you and your the love  so I will give my everything to you  And just believe in your love  I need you baby I can't live 너 없인 하루도 이젠  so I won't leave Forever  네 곁을 떠나지 않아  and just believe in your  love and I love you
2001.02.11~02.17,46,3822,831 8,제이,In Love,2000.04.21,R&B / Soul,윤사라,그래도 하루를 살고 가끔  웃기도 하죠 이렇게 살다보면 잊는걸까요 그대 얼굴마저 잊을까 난 자꾸 두려워 져요 이 사진 한장 조차도 버릴 수  없어 망설이고 있죠 난 어떡해야 좋은걸까요 내게 말했던 대로 모두 지우면  그대 서운하지 않은가요 아무말도 못하겠지만 아주 잠시라 해도 그댈 꼭 한번만 볼수 있다면  It's all l ask 오늘은 이런 생각도 왠지  어색해져요 이렇게 변하는게 맞는건가요 그댈 마주치는 어느날  어쩌면 스쳐가겠죠 조금 닮은 뒷모습에도  한참동안을 숨쉴수 없는데 난 어떡해야 좋은걸까요 내게 말했던 대로 모두 지우면  그대 서운하지 않은가요 아무말도 못하겠지만 아주 잠시라 해도 그댈 꼭 한번만  볼수 있다면 It's all l ask 아직 모르겠어요 믿을수 없죠 다신 날 찾아 오지 않을꺼라면 제발 가르쳐 줘요 그대 없이도  나 살아가야 하잖아요 더 이상은 울지 않도록 이런 나의 바램도 오늘이 마지막이면 It's all l ask It's all l ask
2001.02.11~02.17,47,445159,그대가 그대를,이승환,His Ballad Ⅱ,2003.03.12,Ballad,"이승환,이지은",참 많이 모질었었죠 나 당신께  나같지 않은 말땜에 놀랬겠죠  편할날이 없었죠 틀렸던 걸까봐  말없이 놓아준 그대가  정말로 내사랑 같아서  왜 그랬나요 울거면서  잘 가라는 듯 왜  그게 되나요 못보는게 그대가  그대를 음  참많이 오래 견디죠 나 당신을  조금만 멀리 보여도 보고싶죠  갚을게 많아서 못준게 많아서 혹시 날 못있고 산다면  꼭 한번 만나고 싶어서  잘지내나요 혼잔가요  나아닌 누군가와 사랑하나요 우릴 지운  그대가 나아닌 그대를  우리가 사랑했던게 간직 할 만한  슬픔이었음 해요 왜 그랬나요 울거면서  잘 가라는 듯 왜 그게 되나요 못보는게  그대가 그대를 음 우리 오래 오래 살아요  꼭 한번이라도 보게 못한 얘기들도 하구요  맛나는 것도 먹어요 우리 정말로 오래오래  살아요 천년만년  어쩌면 인연이 다하여  뜻하지 않은 어느 곳  그리 우리 다시 만나면  이제 편히 쉬게요
2001.02.11~02.17,48,88416,그래도 될까?,샵,The Four Letter Word Love,2000.08.11,Dance,유유진,A wella fella baby just the type you make me high 나 지금까지 느껴온 또 다른 너의 사랑 and every little thing I do it makes me think of you cuz girl you make me crazy I know I'm getting twisted through all the 4 seasons I know you here to stay from the summer time to the fall winter to the spring you bring a whole new level of the word meaning love 아름다운 그대의 따스함을 느껴 힘들 땐 니 어깨에 기대랬지 내가 헤어진 그 사람 잊을 때까지 왜니 왜 내게 이렇게 잘해줘 딴사람 못 잊는 날 말야 친구인 날 걱정해서라지만 아냐 나는 알아 나를 사랑하는 걸 그렇게도 오랫동안 나를 지켜준 너를 난 모른 척 했을 뿐 니가 필요했어 널 사랑하진 않지만 내가 맘껏 기대 울어도 되는 니가 그래 너에게는 미안한 일이지만 나를 위해 널 만난 것 뿐야 그런 내가 변해가 자꾸 변해가 나도 몰래 니 전활 기다리지 난 너 라면은 이별 없이 사랑할 것 같은 그런 기대도 생겨 널 사랑해도 될까 그래도 될까 아직 두려움이 난 앞서지만 지금처럼만 날 니가 아낀다면 너에게 줄꺼야 내가 가진 사랑 모두를  Cause I know in my heart you &amp; I from the start You're my dream Can't you see Come to me We can be 끝내 사랑한 그가 널 떠나갔어 너뿐이란 말 다 잊었어 그랬어 하루하루가 너무 힘들었어 그를 잊기 위해 넌 취해야만 했어 그렇지만 넌 언제라도 넌 너에게 달려가는 내가 있어 지금도 네게 전화를 했어 니가 필요해 내 곁에 있어 니가 필요했어 널 사랑하진 않지만 내가 맘껏 기대 울어도 되는 니가 그래 너에게는 미안한 일이지만 나를 위해 널 만난 것 뿐야 그런 내가 변해가 자꾸 변해가 나도 몰래 니 전활 기다리지 난 너 라면은 이별 없이 사랑할 것 같은 그런 기대도 생겨 널 사랑해도 될까 그래도 될까 아직 두려움이 난 앞서지만 지금처럼만 날 니가 아낀다면 너에게 줄꺼야 내가 가진 사랑 모두를  Cause I know in my heart you &amp; I from the start You're my dream Can't you see Come to me We can be
2001.02.11~02.17,49,87694,널 보내며,홍경민,홍경민 3,2000.06.18,Ballad,김창환,알아 널 보내야 한다는 걸 점점 야위어 가는 널 보며 아무 도움도 주지 못한채 그저 눈물로 지켜봐야 한다는 걸 매일 널 위해 기도를 했어 제발 널 데려가지 말라고 아주 조금만 더 널 내 곁에 머물 수 있게 제발 날 도와달라고 울지마 그냥 나만 바라봐 내 모습을 너는 기억해야 돼 먼 훗날 내가 니곁에 갈 때 내가 변해있어도 기억해야 하니까 영원히 나를 떠난다고 생각하지마 하늘에서  날 바라보며 기다리면 돼 내가 니 곁에 가는 그날까지만 참아 그때 만나면 헤어지지 않을테니 너를 꼭 안고  믿을게 비가 오는 날에는 하늘에서 니가 우는 거라고  언제나 내가 보고 싶을 땐 나의 꿈 속에 와서 너를 보여주면 돼 영원히 나를 떠난다고 생각하지마 하늘에서  날 바라보며 기다리면 돼 내가 니 곁에 가는 그날까지만 참아 그때 만나면 헤어지지 않을테니 너를 꼭 안고
2001.02.11~02.17,50,9271,뱀,자우림,"Jaurim, The Wonder Land",2000.07.04,Rock,김윤아,그래 그래 너는 그렇게 말을 하지  이제 다시 그런 일은 없을 거라고  왜 내 눈을 보면서 얘기 못 해  너는 질리지도 않았니 뻔한 핑계  언제까지나 그런 식으로  도망갈 줄 알았니  언제까지나 그런 식으로  무사할 줄 알았니  난 그저 매번 이렇게 화만 내지  화만 내지  이제 다시 그런 일은 하지 말라고  왜 너를 이대로 버리지 못 해  나는 질리지도 않는 걸까  이런 일들  언제까지나 이런 식으로  살아야만 하는 걸까  언제까지나 이런 관계를  계속해야 하는 걸까 너는 한마리 뱀이지  슬슬 스르르륵  네 몸만 빠져나가면  아무 상관없이  뻔뻔스런 얼굴로  만족스런 미소를 짓지 너의 한마디 말에도  아무렇지 않게  지껄여대는 궤변과  내뱉어대는 욕설이 있지 나나나 나나나나나  나나나 나나나나나  내 인생을 망쳐놓고 웃고 있는 넌  나나나 나나나나나  나나나 나나나나나  이 모든 걸 망쳐놓고 즐거워하는 넌 나나나 나나나나나 나나나 나나나나나 나나나나 한 마리 뱀이지 나나나나 나나나나 나나나나 그래 보자 보자 하니까 심하잖아 나를 만만하게 보지마 더 이상은 이제 각오해 두는게 좋을 거야 각오해 너도 뜨거운 맛을 보게 될 테니 언제까지나 그런 식으로 도망갈 순 없으니까 언제까지나 그런 식으로 참아주진 않으니까
