time,rank,song_id,title,singers,album,date,genre,creator,lyric
2000.06.04~06.10,1,91327,초련(初戀) (Techno Mix) (Feat. 윤진),클론,New World,2000.04.06,Dance,김창환,난 그냥 좋았어 니 앞에만 서면  요즘 내가 왜 이러는지 나도 몰라  니 생각만 하고 자꾸 보고싶고  틈만 나면 난 너를 만나고 싶어    이런 맘 첨이야 누군가를 내가  주체하지 못할 만큼 좋아하는게  너와 약속하면 기분이 들떠  난 몇번씩 거울 앞을 서성이곤 해    길가다 멋진 옷을 볼때면 항상  언제나 너에게 다 사주고 싶고  사소한 악세사리까지 모두다  예쁜걸 보면 항상 너를 먼저 떠올려    바다가 보이는 분위기가 좋은  멋진 카페를 우연히 알게되도  제일 먼저 니 생각을 하면서 나는  빨리 너와 둘이서 다시 또 와봐야지  너에게 내가 아는 모든걸 해주고 파    말론 설명할수가 없어  내 눈엔 오직 너만 보여  내 자신 조차도 주체할 수 없는  이런 감정이 사랑인가봐   오레오레오 난 지금 웃고 있어  오레오레오 너만을 생각하며  오레오레오 언제나 니곁에서  오레오레오 너와 함께 할꺼야    난 너무 아쉬워 널 바래다줄땐  일부러 한 정거장 앞에서 내리지  너와 걷고 싶어 좀더 있고 싶어  이 밤이 깊어가는게 아쉬워서    집에 돌아오면 니 생각을 하며  어느새 난 또 너에게 전화를 걸어  할말도 없는데 이 얘기 저 얘기  몇 시간씩 또 너와 애길 나누지    햇살이 창가에 머무는 아침엔  눈뜨면 제일 먼저 널 생각하고  오늘은 널 만나 또 무엇을 할까  콧노랠 부르면서 즐겁게 샤워를 해    재미있는 영화를 보는게 더 날까  아니면 교외로 나가는게 날까  아니야 즐겁게 쇼핑을 즐기며  니가 깜짝 놀라게 선물을 사줘야지  숨겨둔 비상금을 모두 털어서라도    말론 설명할수가 없어  내 눈엔 오직 너만 보여  내 자신 조차도 주체할 수 없는  이런 감정이 사랑인가봐    오레오레오 난 지금 웃고 있어  오레오레오 너만을 생각하며  오레오레오 언제나 니곁에서  오레오레오 너와 함께 할꺼야
2000.06.04~06.10,2,87307,Dash,백지영,Rouge,2000.04.17,Dance,이승호,벌써 며칠째야 애만 태우는게  날 사랑한단 한마디 말조차  하지 못한채  용기가 없는 넌 다가오지 못하고  언제까지나 그렇게 멀리서  바라볼거야  이젠 내가 너보다 먼저 다가  갈거야  널 사랑한단 그 말을 내가 먼저  하고 말거야  서로가 사랑인 걸 알고 있는데  왜 이러고만 있어야 하는지도  정말 답답해  이런 얘길 내가 먼저 한다면  언제나 남자들은  부담스러워 하지  너 역시 그렇다면 어쩔수 없어  넌 사랑받을 자격도 없는거니까  이제와서 이런 얘길하기가  조금은 껄끄럽고  어색하긴 하지만  사랑은 그리 쉽게 얻을수 없어  언제까지나 이럴순 없잖아  누가 먼저란건 그리  중요하지 않아  짧은 생을 사랑  하나만으로 산다면  너를 사랑한 후 내가 달라진건  외롭던 나의 시간을 채워준   너의 생각들   불처럼 타오른 열정은 아니지만  깨지지 않는 사랑의 믿음이  생겨난거야  이젠 내가 너보다 먼저  다가 갈거야  널 사랑한단 그 말을 내가 먼저  하고 말거야  서로가 사랑인 걸 알고 있는데  왜 이러고만 있어야 하는지도  정말 답답해  이런 얘길 내가 먼저 한다면  언제나 남자들은  부담스러워하지  너 역시 그렇다면 어쩔수 없어  넌 사랑받을 자격도 없는거니까  넌 사랑받을 자격도 없는거니까
2000.06.04~06.10,3,3824,어제처럼,제이,In Love,2000.04.21,R&B / Soul,윤사라,trust the warmth inside  can you feel my love alive   어제처럼 오늘도 아무일  없는듯이  그리고 please don't tell me why  이렇게 돌아서지만 나를 떠나가는 이유를 난  묻진 않을게요 cuz i love you 내게 이런 말하기가 쉽진  않았을거야  생각해봤어 얼마나  어려웠을지 다만 슬픈 내  눈물에 돌아설 수 없어  멈출 사랑으로 안을까봐  난 너무나 두려울 뿐이죠 so baby trust the  warmth inside can you feel my love alive  어제처럼 오늘도 아무일  없는듯이  그리고 please don't tell  me why  이렇게 돌아서지만 나를 떠나가는 이유를 난 묻진  않을게요  네겐 너무나 부족한 나를  알고 있기에  다짐해 왔어 언젠가  이별이 오면 그땐 떠난 내 마음이  미안하지 않게  좋은 추억으로 간직하게 널 웃으며 보내준다고  so baby faith is all we need  it was love that set us free  처음처럼 이별은 아무런  얘기 없이 하지만  love forever lives  다시는 볼 수 없어도 나의 가슴속엔 언제나 그대  영원하겠죠  언젠가 내 모습 또 다시  처음처럼 그립다면 그냥  돌아오면 돼  don't you know I love you  trust the warmth inside  can you feel my love alive  어제처럼 오늘도 아무일  없는듯이  그리고 please don't  tell me why  이렇게 돌아서지만  나를 떠나가는 이유를 난 묻진  않을게요  so baby faith is all we need  it was love that set us free  처음처럼 이별은 아무런  얘기 없이  하지만 love forever lives  다시는 볼 수 없어도 나의 가슴속엔 언제나 그대  영원하겠죠
2000.06.04~06.10,4,505165,Run To You,DJDOC,The Life... DOC Blues 5%,2000.05.16,Rap / Hip-hop,정재용,하나 투 원 투 쓰리 포   BOUNCE with me BOUNCE   with me  BOUNCE with me BOUNCE   BOUNCE with me BOUNCE   with me  BOUNCE with me BOUNCE   BOUNCE with me   BOUNCE with me   BOUNCE with me   BOUNCE with me   BOUNCE with me   BOUNCE with me   BOUNCE BOUNCE BOUNCE   BOUNCE   외로울땐 날불러 뭐가   니맘에 걸려   다른남자와 난 틀려 내게   전활걸어   아무리 우리 멀리 있어도   그 무엇이 날막고 있어도   갈 수 있어 너만 원한다면   달려가겠어 훨훨 날아가겠어   널 안아주겠어 내 모든걸   주겠어 주겠어   내 사랑을 받아줘 날   사랑한다 말해줘   Yeah Baby Yeah Baby  BOUNCE with me BOUNCE   with me  BOUNCE BOUNCE BOUNCE   BOUNCE   외로울땐 나를 불러 뭐가   니맘에 걸려   내가 원한다는걸 넌 알고 있잖아   I need you I want you   I'll run to you  Yeah Baby Yeah Baby   니 마음의 문을 열어   나를 허락해줘   니안에 니맘에 내가 들어   갈수있게  나의 사랑으로 채워줄게  나나나나나 나나나나나 나나나나나 BOUNCE with me BOUNCE  나나나나나 나나나나나 나나나나나 BOUNCE with me BOUNCE  with me BOUNCE with me BOUNCE  BOUNCE with me BOUNCE  with me BOUNCE with me BOUNCE  BOUNCE with me  BOUNCE with me  BOUNCE with me  BOUNCE with me  BOUNCE with me  BOUNCE with me  BOUNCE BOUNCE BOUNCE  BOUNCE  마주선 다가선 너와의  뜨거운 시선  피할 수 없어 내맘을  숨길수가 없어  느낄수가 있어 니가 원하는걸 이 시간을 기다려 왔어 이젠  널 갖겠어  Just two of us 우리 단 둘이서  하늘을 날았어 멈출수가 없었어  이 시간을 꿈꿔왔어 난  정말 원했어  Yeah Baby I want you  I need you run to you  외로울땐 나를 불러 뭐가  니맘에 걸려 내가 원한다는 걸 넌  알고 있잖아  I need you I want you I run  to you  Yeah Baby Yeah Baby  니 마음의 문을 열어 나를  허락해줘  니안에 니맘에 내가 들어  갈수 있게  너와 내가 하나 될수 있게  나나나나나 나나나나나 나나나나나 BOUNCE with me BOUNCE  나나나나나 나나나나나 나나나나나 BOUNCE with me BOUNCE  with me BOUNCE with me BOUNCE  BOUNCE with me BOUNCE  with me BOUNCE with me BOUNCE  BOUNCE with me  BOUNCE with me  BOUNCE with me  BOUNCE with me  BOUNCE with me  BOUNCE with me  BOUNCE BOUNCE BOUNCE  BOUNCE
2000.06.04~06.10,5,27232,해석남녀,쿨(COOL),Cool 5,2000.04.22,Dance,이승호,나는 김성수다  나는 그녀를 사랑한다   이제부터 그녀 얘기를 시작한다   원 투 잘 들어봐 랄랄랄랄 랄랄랄랄라  여자는 항상 이런말을   서슴없이 하지   남자는 다 똑같은 늑대라는말   도대체 알고하는 소린지   진짜로 늑대들은 모두다  자기네 여자밖에 모른다는  사실을 아우  남자는 항상 이런 말을   은근슬쩍 하지  내숭을 떠는 여자 정말   싫다고 오 예  도대체 알고 하는 소린지   진짜로 내숭없는 여자는  조금만 사귀어 보면 매력  없단 사실을  남자는 뭐니뭐니 해도   내세울건 능력이라지만  여자는 곧 죽어도   미모란 사실을  영웅은 미인들만 차지해   용기가 있는자는 그렇지  열번을 찍을만큼   참을성도 필요해  바람에 흔들리는 갈대들   여자는 별로 다를께 없어  바람처럼 이 세상을 산다면  미인은 내꺼야  물론 너를 처음봤던 그 순간에  다리에 힘이 쫙 빠지고 정말  끝내줬지 하지만 양귀비도 2박3일 결국엔 얼마 못가 나도 슬슬  지겨워졌지 여자는 괜히 좋으면서  이런말도 하지 아직은 아니라는 아리송한 말 도대체 알고하는 소린지  진짜로 때가 아닌 거라면 왜 맨날 밤 늦도록 가지말라  하는지 남자는 가는 눈을 뜨고  앙큼하게 묻지 술한잔 못하는건 멋이 없다고 오 예 도대체 알고하는 소린지  진짜로 사랑하는 여자가 조금만 술취해도 화를  낸단 사실을 세상을 지배하는 자는  남자라고 큰소리 치지만 그런 남잘 지배하는건 여자야 세상에 남자들이 없다면  별문제 없이 지낼수 있어 여자가 없는 세상 그건  종말일거야 세상에 단 한가지 문제는 영원히 풀지못할 숙제는 미로처럼 복잡하고 미묘한 그것은 남 과 여 코꼈어 코꼈어 제발  코껴버렸어 네탓이지 걸린 내가 잘못이냐 그냥 팔자려니 하고 살아야지 오 코꼈어 코꼈어 제대로  코껴버렸어
2000.06.04~06.10,6,91329,One Love,원타임,2nd Round,2000.04.21,Rap / Hip-hop,TEDDY,Since The First Day We Met   Through All The Times   We Had   I Thank God That I Found you  oh yeh   So glad to have you in my life  너를 처음 만난 건 어느   추운 겨울날   무너질 듯이 외롭고   너무도 힘겨운 날   하얀 미소로 내게 다가와   따스히 감싸줬어   날아갈 듯이 행복해진 나   마치 어제처럼 기억이 나   그때 나 내 자신에게 수없이도   수백번이고 되새기며 말을 했어   아름다운 널 후회하지   않게 하기로   비록 세상이 그댈 힘들게   하더라도   모든게 뜻대로 가지 않다   하더라도   소중한 그대여 절대 잊지마오   여기 나 언제나 그대 것이라오   이젠 너의 그 눈물 가누며   따스하게 너를 감싸 안을게   네게 줄게 모든 걸 다 바쳐   너를 위해 준비한 사랑을   너의 맑은 눈에 비친 내   행복한 모습이   아련하게 보일 때 깊은 내 마음   한 구석 난 내 존재감을 느끼네   그 느낌이 내겐 무엇보다 소중해   메마른 내겐 비가 되어주고   어둠에 빠진 내게 밝은 빛이   되어주고   지친 내겐 웃음이 되어주고   그안에 내 사랑은 커져만 가고   가만히 두 눈을 감고   그댈 떠올려봐   네가 나만의 것이라는 그 생각에   이 모든게 행복하게 보이기만 해   사랑해 저 높은 하늘 아래   이젠 너의 그 눈물 가누며   따스하게 너를 감싸 안을게   네게 줄게 모든 걸 다 바쳐   너를 위해 준비한 사랑을   영원히 내가 너를 지켜줄게  이세상 모든게 변한다해도   간직할게  영원히 내가 너를 지켜줄게  이세상 모든게 변한다해도   간직할게  woo wer baby 영원히  한순간 내 모습마저도   너란걸 알고있니   You know it you know it   너 하나뿐야   You`re the love of my   life yeah   이젠 너의 영원히 내가   너를 지켜줄게  눈물을 가누며   따스하게 모든게 변한다해도   간직할게   네게 줄게 영원히 내가 너를   지켜줄게   너를 위해 모든게 변한다해도   간직할게  내 사랑을 내 사랑을  내 사랑을
2000.06.04~06.10,7,38426,멍,김현정,Kim Hyun Jung 3,2000.05.22,Dance,유유진,너 나를 쉽게 봤어  그렇지 않니  너는 몰라 너무 몰라 사랑을  안돼 니 맘대로 나를  떠날 수 없어  끝낸다면 내가 끝내 기억해  잘못이었어 너를 만난건  너는 사랑따윈 관심도  없던 거야  다만 넌 니 뜻대로 모두 맞춰줄  너 하나 밖에 모르는 내가  필요했을 뿐  다 돌려놔 너를 만나기전에  내 모습으로  추억으로 돌리기엔 내  상처가 너무커  바랄게 다음번에 너 누굴  사랑한다면  너 같은 사람 꼭 만나기를  잘못이었어 너를 믿은건  우린 하나라던 그건 다 말뿐이야  여러번 나를 속인 것도 모자라  니 주변의 사람들과 나를  비교 했었지  다 돌려놔 너를 만나기전에  내 모습으로  추억으로 돌리기엔 내  상처가 너무커  바랄게 다음번에 너 누굴  사랑한다면  너 같은 사람 꼭 만나기를
2000.06.04~06.10,8,85108,바보,박효신,해줄수 없는일,1999.12,R&B / Soul,조우진,너무 모르고 있죠 이미 떠난 사인데  언젠가 올 거란 생각에 마냥 웃고만 있죠  슬픈 상처뿐인데 곁에 있을 거라 믿었죠  걱정돼요 내가 없으면 어느 것 하나도 할 수 없던 사람인데  꼭 한번 만날 수 있다면 아직 남겨진 내 맘 전하고 싶은데  내가 부족한가요 당신을 원한 이유로 이렇게 날 외면하려 하나요  단 한번 사랑을 믿어요 볼 수 있다면 나 웃고 살 수 있는데  허나 다른 사랑 찾아가란 말은 말아요 날 버리진 않겠죠  그럴 리 없잖아요 you  부탁해요 곁에 없어도 몸조심하세요 참 힘겨워 했잖아요  또 다시 만날 수 있다면 아직 남겨진 내 맘 전하고 싶은데  내가 부족한가요 당신을 원한 이유로 이렇게 날 외면하려 하나요  단 한번 사랑을 믿어요 볼 수 있다면 나 웃고 살 수 있는데  허나 다른 사랑 찾아가란 말은 말아요 날 버리진 않겠죠  그럴 리 없잖아요  언젠가 잠시라도 기억 할 수 있다면 난 그걸로 되요
2000.06.04~06.10,9,38557,아름다운 아픔,김민종,왜,2000.03.29,Ballad,김민종,더 기다려줄께 너를 향한 나의 그리움으로 그토록 널 사랑하기에 오랜시간을 소중히 견딜수있었어 나 익숙해졌어 어떤 날은 울기만 했었지만 그래도 그런 아픔이 날 떠난 널 날 버린 널 더 높게 만들었어 자유롭게 더 지내도 난 괜찮아 더 있을께 이렇게 나보다 널 사랑한 날위해 아름다운 아픔을 느끼며  또 눈물이 흘러 편안하게 기다리려했지만 그래도 그런 눈물이 날 떠난 널 날 버린 널 더 높게 만들었어 자유롭게 더 지내도 난 괜찮아 더 있을께 이렇게 나보다 널 사랑한 날위해 아름다운 아픔을 느끼며 자유롭게 더 지내도 난 괜찮아 더있을께 이렇게 나보다 널 사랑한 날위해 아름다운 아픔을 느끼며 아름다운 아픔을 느끼며
2000.06.04~06.10,10,91326,Friday Night,god,Chapter 2,1999.11.25,Dance,박진영,맘 이맘   부풀어 오르는 이밤  right alright  it's friday night  감 예감   좋은 예감이 드는 이 밤  tonight's the night  oh friday night  yeah  금요일 밤 오늘밤   오 오 늘은 월급탄 밤  기분이 삼삼한 밤  아침부터 왠지  좋은 예감  yeah it's O K  자 기분좋아  yeah feel alright  자 어디든 가  우리 준이형  태우 호영 데니  다 모두 나갈 준비됐니  어두워진 거리를  미끄러져 나가는  우리들 g o d  다섯 남자는 주머니  꽉 차 시계는 안봐  멋진 자동차  거리로 나가  지나가는 여인들  yeah 마주치는 시선들  uh you want me  I want you too then  tell me and  I'll come to you  맘 이맘   부풀어 오르는 이밤  right alright  it's friday night  감 예감   좋은 예감이 드는 이 밤  tonight's the night  oh friday night  uh uh 드디어 도착한  클럽앞에  들어가려고 기다리는  사람들의  줄이 늘어서고  서로 의식하고 저마다  자기들의 무게를 잡고  마음의 준비 시작한다  uh 이제 곧 있으면  시작한다  uh 오늘의 승자는  누구일까  uh 또 어떤 커플이  탄생할까  선수입장  들어간다  자 들어간다  g o d 가 나가 신다  모두 모두 모두 모두   비켜나라  자 울려 퍼지는  음악소리  자 돌아가는  조명들이  금요일 밤이  온 걸 알리네  자 어서 이 밤을  즐기세 좋아 기분 좋아   uh 그대와 나  오늘 멈추지마  음악 멋진 음악   yeah 흘러나와  and it'll  I feel alright  pump it up  everybody say  tonight's the night  tonight's the night  hey ho  tonight's the night  tonight's the night  pump it up  everybody say  tonight's the night  tonight's the night  ho ho ho ho   tonight's the night  tonight's the night  이제는 dance time  come on stage  어디지 오  저기서 우릴 부르지  우리들을 향해서  손짓하지  자 우리들의 무대다  모두 비켜라  남자들은 비키고  여자들은 남아라  그리고 보아라 you want me   baby baby you can have me  맘 이맘 부풀어 오르는   이밤 right alright  it's friday night 감 예감 좋은 예감이  드는 이 밤 tonight's the night oh friday  night yeah 맘 이맘 부풀어  오르는 이밤 right alright it's  friday night 감 예감 좋은  예감이 드는 이 밤 tonight's  the night oh friday night yeah
2000.06.04~06.10,11,86980,가잖아,신승훈,Desire To Fly High,2000.03.07,Ballad,심현보,- 가잖아 -  가잖아 그댄 떠나가고 있잖아  함께 시작한 사랑인데  이별은 혼자도 되는지 다 잊고 살라는 쉬운 그 한마디 이제야 겨우 익숙해져 가는데  사진속의 우리 미소가  점점 닮아가고 있는데 여기서 끝나면 오래 혼잘텐데 그걸로 충분했는데  가끔 볼 수 있다면  비오는 날에 생각나는  사람이 그대라면  아무런 바램도 없이  행복했었는데  그댄 오히려 그런  내가 힘겨웠는지  잡을순 없었지만 흐르던  눈물도 감추었지만  살아가는 동안 후회해야겠지  그댈 보낸 지금을  말하진 않았지만 사실  난 내일 아침이 두려워  그댈 모른다고 없던 일이라고  나를 속여가는게 두려워  왜냐고 묻지 않았지  다시는 못 볼텐데  가는 그대 마음을  더 아프게 할테니  잡을순 없었지만 흐르던  눈물도 감추었지만  살아가는 동안 후회해야겠지  그댈 보낸 지금을  말하진 않았지만 사실  난 내일 아침이 두려워  그댈 모른다고 없던 일이라고  나를 속여가는게 두려워 그대여 떠나지마
2000.06.04~06.10,12,1140592,Tears,소찬휘,First Bridge,2000.03.24,Dance,정성윤,아무 일도 내겐 없는 거야 처음부터 우린 모른 거야 워 넌 그렇게 날 보내 줄 수는 없겠니 이제라도 나를 잊어야해 그런 모습 쉽진 않겠지만 아직 날 기다리는 너를 알아 마음이 아파 차라리 나를 미워해 이제 그만 내게 미련 보이지마 두번 다시 넌 나를 찾지마 나로 인해 아파할 테니까 잔인한 여자라 나를 욕하지마 잠시 너를 위해 이별을 택한거야 잊지는마 내 사랑을 너는 내 안에 있어 길진 않을 거야 슬픔이 가기까지 영원히 차라리 나를 미워해 이제 그만 내게 미련 보이지마 두번 다시 넌 나를 찾지마 나로 인해 아파할 테니까 가져가 내게서 눈먼 너의 사랑을 모든 게 집착인걸 너도 알고 있잖아 지독했던 사랑 따윈 모두 지워버려줘 길진 않을 거야 마지막 순간까지 사랑해
2000.06.04~06.10,13,610483,요즘 너는,이현우,Viru..s,2000.04.29,Ballad,이현우,우리 처음 만났던 순간처럼  설레임이 나에겐 아직 남아 있는데  널 사랑하는 마음은 아직까지  조금도 변함없이 아직 그대로인데  요즘 너는 내게서 조금씩 멀어져가고  더 이상은 우리 사이 예전같지 않아  나를 바보로 만들어버린 너의 미소도  이젠 더이상 찾을 수 없어  변한건 없다고 넌 얘기하고 있지만  너의 마음이 떠났다는걸 알아  이별의 준비를 너 하는거라면  내게 말해줘 그런거라면  영원한 사랑은 없다고 얘기 하지만  난 항상 너이기를 바랬어  헤어지는건 견딜수 있지만  널 보내진 못 할것 같아   그 누구도 날 구속할순 없다고  나는 생각했었지 너를 만나기 전엔  하지만 너는 사랑을 내게 가르쳐주고  너 없이는 하루라도 견딜수 없지만  나를 바보로 만들어 버린 너의 눈빛은  나는 이제 느낄수 없어  변한건 없다고 넌 얘기하고 있지만  너의 마음이 떠났다는걸 알아  이별의 준비를 너 하는거라면  내게 말해줘 그런거라면  영원한 사랑은 없다고 얘기 하지만  난 항상 너이기를 바랬어  헤어지는건 견딜수 있지만  널 보내진 못 할것 같아
2000.06.04~06.10,14,79621,Why,베이비복스1기,Why,2000.05.16,Dance,,아무리 감추려고 노력해봐도   아무리 행복한것처럼 웃고 있어도   내 입술이 닿았던 너의 입에서   이별을 얘기 할것 같아   자꾸 겁이나  why why why 왜 너의   웃음속에서   딴 사람이 보이는 건지   why why why 왜 나를   피하는거야   why don't stop in now  자꾸 엉키는 사랑을 느껴   모두 끝난걸 왜 아직 모르냐고   묻는 너의   차가운 눈빛을 느껴 보낼수 없어   모른척 웃고 있는 내가 싫어져 지우면 지울수도 있을 너지만   보내면 너를 보낼수도 있을 나지만   why 너의 사랑을 이렇게   너의 곁에서 나 지켜보는지  why why why 왜 너의 웃음속에서   딴 사람이 보이는 건지  why why why 왜 나를 피하는거야  why don't stop in now  자꾸 엉키는 사랑을 느껴   모두 끝난걸 왜 아직 모르냐고   묻는 너의   차가운 눈빛을 느껴 보낼수 없어   모른척 웃고 있는 네가 싫어져  Ah babe 자꾸 왜 날 피해  너의 요즘 태도 내게   너무해 불안해  맘속에 끝을 얘기하는 듯해  기다리는 듯해 변해 가는 너의   나를 보는 눈빛 속에  이별일 것 같은  너의 몸짓 그만해 이제  야속해 내게 지쳤다면 너의 뜻대로 헤어져 줄게 말해  사랑은 꼭 영원할것 처럼  내게 다가와  사랑만큼 눈물을 주고  미안하단 말로 돌아서겠지  다시 사랑으론 울지 않아 다시 돌아온 사랑을 느껴  이젠 널 위해 남겨진 사랑하나  없는 내게  돌아온 눈빛을 느껴 또 다시  너의 가벼운  사랑안에 갇힐 순 없어
2000.06.04~06.10,15,87019,Annie,윤종신,헤어진 사람들을 위한 지침서 (指針書),2000.03.23,Ballad,윤종신,Annie 혹시나 알고 있나요
2000.06.04~06.10,16,3680,너를 위해,임재범,Story Of Two Years,2000.05.16,Ballad,채정은,어쩜 우린 복잡한 인연에  서로 엉켜있는 사람인가봐  나는 매일 네게 갚지도 못할만큼  많은 빚을 지고 있어  연인처럼 때론 남남처럼  계속 살아가도 괜찮은 걸까  그렇게도 많은 잘못과 잦은 이별에도  항상 거기 있는 너  날 세상에서 제대로 살게해 줄  유일한 사람이 너란걸 알아  나 후회없이 살아가기 위해  너를 붙잡아야 할테지만  내 거친 생각과 불안한 눈빛과  그걸 지켜보는 너  그건 아마도 전쟁같은 사랑  난 위험하니까 사랑하니까  너에게서 떠나줄꺼야   날 세상에서 제대로 살게해 줄  유일한 사람이 너란걸 알아  나 후회없이 살아가기 위해  너를 붙잡아야 할테지만  내 거친 생각과 불안한 눈빛과  그걸 지켜보는 너  그건 아마도 전쟁같은 사랑  난 위험하니까 사랑하니까  너에게서 떠나줄꺼야  너를 위해 떠날꺼야
2000.06.04~06.10,17,75233,비(悲)의 Rhapsody,최재훈,Believe In 5462,2000.03.09,Rock,"이세준,주영훈",이젠 눈물 그쳐 나를 봐요  우는 그대 더 아름다워  내게 이 모습 조차 더 남지 않도록  그냥 고개 돌려요  그저 미안한 마음뿐이죠  그댈 위해 해줄게 없어  모두 이해할게요 그댈 아끼는 맘  그분들도 같을 거란걸  한참 동안을 비틀거렸죠 워  그댈 사랑했던 그만큼 워  떠나가요 아주 먼곳으로  그대 소식 내게 올수 없을  그 만큼  다 잊어요 내겐 마지막이  될 사람도 모두 다 버려두고 갈게요  나를 위해 많이 애썼단걸  알고있죠 난 감사해요  허나 이룰수 없는건 어쩔수 없죠  내가 용기낼게요 이젠  죽는 날까지 사랑한대도 워  가질수 없는 그대인걸 워  떠나가요 아주 먼곳으로  그대 소식 내게 올수 없을  그 만큼  다 잊어요 내겐 마지막이  될 사람도 모두 다 버려두고 갈게요  떠나가요 아주 먼곳으로  그대소식 내게 올수 없을  그 만큼  혹시라도 내가 그리울 때면  세상에 내가 없다고 믿어요  우 그렇게 우 믿어요
2000.06.04~06.10,18,445159,그대가 그대를,이승환,His Ballad Ⅱ,2003.03.12,Ballad,"이승환,이지은",참 많이 모질었었죠 나 당신께  나같지 않은 말땜에 놀랬겠죠  편할날이 없었죠 틀렸던 걸까봐  말없이 놓아준 그대가  정말로 내사랑 같아서  왜 그랬나요 울거면서  잘 가라는 듯 왜  그게 되나요 못보는게 그대가  그대를 음  참많이 오래 견디죠 나 당신을  조금만 멀리 보여도 보고싶죠  갚을게 많아서 못준게 많아서 혹시 날 못있고 산다면  꼭 한번 만나고 싶어서  잘지내나요 혼잔가요  나아닌 누군가와 사랑하나요 우릴 지운  그대가 나아닌 그대를  우리가 사랑했던게 간직 할 만한  슬픔이었음 해요 왜 그랬나요 울거면서  잘 가라는 듯 왜 그게 되나요 못보는게  그대가 그대를 음 우리 오래 오래 살아요  꼭 한번이라도 보게 못한 얘기들도 하구요  맛나는 것도 먹어요 우리 정말로 오래오래  살아요 천년만년  어쩌면 인연이 다하여  뜻하지 않은 어느 곳  그리 우리 다시 만나면  이제 편히 쉬게요
2000.06.04~06.10,19,82594,Blue Sky,박기영,혼잣말,2000.03.22,Rock,박기영,어두운 밤 기나긴꿈을 따라 널 기다릴 내게로 와  너만을 위해서 난 노래해 Blue sky  내맘을 채우는 빗줄기처럼 널 가득히 담아줄께  너만을 위해서 난 노래해 Blue sky  새벽은 소리없이 너와 날 불러내도 oh  가슴을 열어 크게 소리쳐 우릴 비춰줄 저 태양과  함께 마음을 열어 크게 소리쳐 나와 노래해  빰빰빠 빰빠빠 빠~  어두운 밤 밝은 달빛을 찾아 널 기다릴 내게로 와  너만을 위해서 난 노래해 Blue sky  내 맘을 채우는 저 햇살처럼 널 가득히 담아줄게  너만을 위해서 난 노래해 Blue sky  새벽은 소리없이 너와 날 불러내도 oh  가슴을 열어 크게 소리쳐 우릴 비춰줄 저 태양과  함께 마음을 열어 크게 소리쳐 나와 노래해  빰빰빠 빰빠빠 빠~  새벽을 깨워 내게 가져가 모두 채워줄게 oh  가슴을 열어 크게 소리쳐 우릴 비춰줄 저 태양과  함께 마음을 열어 크게 소리쳐 나와 노래해  빰빰빠 빰빠빠 가슴을 열어 크게 소리쳐 우릴 비춰줄 저 태양과  함께 마음을 열어 크게 소리쳐 나와 노래해  빰빰빠 빰빠빠 빠~
2000.06.04~06.10,20,3676,Sentiment,비쥬,Face The Music R&B,2000.05.17,R&B / Soul,비쥬,뒤돌아 보지마  조금만 가면 다 끝나는거야  널 힘들게 했던 나의 사랑도  우리의 미래도  이젠 나를 떠나 저 하늘 아래  이 넓은 세상 위를  자유롭게 날아봐  너무 보고싶어 눈물이 나도  슬픈 꿈을 꾼거라고 생각해  내가 그리워도 참아야해  난 행복해야돼  그렇게 날 잊어줘  너를 보낸 나를 위해서 이 참을 수 없는 그리움들을  너도 느끼는지  가끔 너도 나처럼  잠들때마다 내 이름 부르니  지금 내게 전화하고 싶은지  날 사랑해서 아팠던만큼 행복한지  그대 항상 어느곳에 있어도  세상에서 제일 행복해야 돼  세상에 저 많은 사람중에  한사람일 뿐야  그렇게 날 잊어줘  너를 보낸 나를 위해서  Quand je dors pas Seule dans la nuit  Y a des voix  qui m' chuchotent tout bas  une histoire  qui n'est rien qu'a' moi  Pleure plus bas  j'entends qu' toi  Mem'si tu m'aim' par a'-coups  si je suis pour toi qu' une page  je pense a' toi  이젠 나를 떠나 저 하늘 아래  이 넓은 세상 위를  자유롭게 날아봐  너무 보고싶어 눈물이 나도  슬픈 꿈을 꾼거라고 생각해  내가 그리워도 참아야해  난 행복해야돼  그렇게 날 잊어줘  너를 보낸 나를 위해서  세상에 저 많은 사람중에 한사람일 뿐야 그렇게 날 잊어줘 너를 보낸 나를 위해서
2000.06.04~06.10,21,87596,편지,채정안,편지,2000.05.08,Dance,최준영,
2000.06.04~06.10,22,91014,주문을 걸어,박혜경,+01,1999.12.23,Rock,강현민,(나나나 나나나 -)  파란 바람이 불어 괜히 설레이던 날  하얗게 빛나는 너를 보게됐어 오-  스쳐 지나 갔지만 까만 너의 눈 속엔  너를 바라보는 내 모습이 있어 오-   And I`ll be seeing you!  꼭 보게 될거야  네게 주문을 걸었으니  오 그렇게 난 그렇게 널 만날꺼야   오 찾게 될꺼야  너는 마법에 빠진거야  오 그렇게 꼭 그렇게 날 찾을꺼야   (나나나 나나나 -)  매일 너의 꿈 속에 나를 보게 될꺼야  놀라지는 말아 우연이 아니야 오-  한 순간이었지만 너의 마음 가득히  까만 눈에 비친 내 모습이 있어 오-   And I`ll be seeing you!  꼭 보게 될거야  네게 주문을 걸었으니  오 그렇게 난 그렇게 널 만날꺼야   오 찾게 될꺼야  너는 마법에 빠진거야  오 그렇게 꼭 그렇게 날 찾을꺼야   I`ll be seeing you!  오 찾게 될꺼야  너는 마법에 빠진거야  오 그렇게 꼭 그렇게 날 찾을꺼야 -  (나나나 나나나 -)
2000.06.04~06.10,23,26837,Hey U,샤크라,Chakra,2000.03.02,Dance,이상민,니가 아니니 니가 니가 아니었니  니가 아니니 니가 니가 아니었니  니가 아니니 니가 니가 아니었니  니가 아니니 니가 니가 아니었니  니가 아니니 니가 니가 아니었니  니가 아니니 니가 니가 아니었니  니가 아니니 니가 니가 아니었니  니가 아니니 니가 니가 아니었니  hey u hey u hey u hey   u hey u   love u love u love u love   u love u  hey u hey u hey u hey u   hey u  love u love u love u love u   첫번째 내 남잔 그대로 떠나   보내고 good bye   저기 저 저 남자 내게로 어서  오세요 baby   매일 난 한 사람에 빠져   상상속으로 빠져들곤 하지  그렇지 그 사람을 위해 살아가지   어디선가 본적없는 you   어느새 내 사람이 되어   머릿속에 빙글빙글   사랑일것 같지 모두다 그렇겠지   도무지 알 수 없어 살 수가 없어  일년에 입을 옷 며칠 다 입고   너를 놓치기 싫어하지   혼자의 시간이 어딨겠어   나는 매일 너와 함께하고   지내고 사랑하고 얘기해요  나만의 시간 이젠 없어   날려버려 너를 위해   그러는 거 아니 이러는거 아니   상상이나 되니 어처구니 없이   돌아가는   사랑인줄 알면서도 너를 그냥   보면 좋아   그게 좋아 니가 좋아   언젠가 이루어 질거라 믿고   지금은 너만 사랑하는 거야   두근 두근 두근 두근 두근   두근 두근 두근    설레이는 이 내 맘이   차근 차근 차근 차근 차근   차근 차근 차근    다가가 얘기할까   조금 조금 조금 조금 조금  조금 조금 조금   조금씩 사랑을 표현해   이제 이제 이제 이제 이제   이제 이제 이제   그대 이름을 부르며 다가가  hey u hey u hey u hey   u hey u   영화처럼 순수한 사랑을  love u love u love u love   u love u  영원토록 나 하나만 사랑해   오늘 난 너무 화가나 코도   삐뚤 입도 삐뚤   얼굴도 삐뚤인 여자가 네   옆에서 있는걸 봤어   달려가서 둘의 사일 비집고 들어가   집으로 달려가서 달력을 끄리내려   너를 보는것 만으로 해가   바뀌었구나 때가 왔다   새 천년 새 남자를 잡아야   할때가 왔다   최대한 꾸미고 가자나   me yeowon come on   첫번째 내 남잔 그대로 떠나   보내고 good bye   저기저 저 남자 내게로 어서   오세요 baby   내가 어떻게 됐겠어 말을   걸지 못했지만   you의 목소리는 들었어   너무 멋있었어   말을 걸려고 코앞까지 달려가다   넘어지는 나를 일으키는   그대 목소리   괜찮아요 괜찮지 않으면   어쩔라구요  어디라도 다쳤을라고 마음이   다쳤어요   오늘 위해 일년을 기다렸는데   이게 뭐야  그대를 사랑해요 come on   두근 두근 두근 두근 두근   두근 두근 두근    설레이는 이 내 맘이   차근 차근 차근 차근 차근   차근 차근 차근    다가가 얘기할까   조금 조금 조금 조금 조금   조금 조금 조금   조금씩 사랑을 표현해   이제 이제 이제 이제 이제   이제 이제 이제   그대 이름을 부르며 달려가  hey u hey u hey u hey   u hey u   영화처럼 순수한 사랑을  love u love u love u love   u love u  영원토록 나 하나만 사랑해   hey u hey u hey u hey   u hey u   영화처럼 순수한 사랑을  hey u hey u hey u hey  u hey u  영원토록 나 하나만 사랑해
2000.06.04~06.10,24,88423,Love,윤현석,Will (1집),2000.02.29,Ballad,,"묻고 싶어 너를 만나게 되면 나를 떠난 후 정말 괜찮은지 또 다른 누굴 만나 날 잊고 사는지 혹시 나와 같은지 그 누군가가 너를 물을 때마다 이젠 날 떠나 행복할 거라고 해 나 또한 알고싶어 너무 힘들어 너를 잊을 수 없어 사랑해, 사랑해 너의 사랑이 너무 필요해 기억해 날 잊지마 너를 너무 사랑해 너 하나만을 사랑한 죄밖에 없어 사랑 때문에 모든 걸 포기했어 이제 단 하나 나의 바램이 있다면 행복하게 살아줘"
2000.06.04~06.10,25,2222185,비인 (悲忍),윤손하,Sona,2000.05.03,Ballad,최희진,이젠 그대를 보낼 수 있어
2000.06.04~06.10,26,4067,아가페,이브,너에게로 날다,2000.02.28,Rock,G.고릴라,그대 곁에는 내가 있잖아   병든 세상은 무너져가지만   나의 너마저 보낼 수 없어   저 어둠속에 널 보낼 수 없어   Oh Please forgive me   내가 그녀를 위해 내가   영혼을 모두다 그녀를 위해   Give me 나를 그녀 대신에 나를   당신께 모든걸 바쳐   Can you feel the love   comin out   영혼을 모두다 그녀를 위해   Give me 나를 그녀   대신에 나를   당신께 모든걸 바쳐   널 나에게 맡겨두면돼  이 세상을 가져버린 어두운   저 하늘도   너를 데려갈 순 없어   Forever I'm Foever  I'm by your side I'm by  your side  Until the end Until the end  그대와 저 끝까지도  I'm by your side I'm by  your side  Until the end Until the end  그대와 저 끝까지도  널 나에게 맡겨두면 돼  이 세상을 가져버린 어두운  저 하늘도  너를 데려갈 순 없어  Forever I'm Foever  I'm by your side I'm by  your side  Until the end Until the end  그대와 저 끝까지도  I'm by your side I'm by  your side  Until the end Until the end  그대와 저 끝까지도  I'm by your side I'm by  your side  Until the end Until the end  그대와 저 끝까지도  I'm by your side I'm by  your side  Until the end Until the end  그대와 저 끝까지도
2000.06.04~06.10,27,91331,Only One,신화,Only One,2000.12.14,Dance,,Oh Come on baby  heart beating tonight  지금 너에게로 가까이  난 다가갈거야  I've been waiting  You make me crazy  너를 처음 만난 그 순간부터  멀리 있어도 자꾸 네가 보여  그 작은 환상에서 깰 수 없게  날 데려가봐 너를 알수 있게해봐  이 모든 것이 나 혼자의 꿈인걸  She's only one 그댈  차지하고 싶어  끝까지 포기 난 못해 My darlin  she's only one 내 인생  끝까지 오  내 여자로 만들겠어 워 어제 너의 사서함을 봤나  너의 손에 코미를 끼워 봤나  그건 너를 위한 나의  디디다 디디다  그대 작은 손에 내가 나를  끼워주고 싶다  그래 언제까지 외면할 수 있나  나를 피해 도망가려 하면  하면 할수록  언제나 너의 뒤를 스쳐가는  시선을 느껴라  네가 쓰는 샴푸를 나는 알아  즐겨찾는 집이 어딘지도 알지  멀리 가지마 넌 혼자가 아니야  난 너의 틀안에서 살고 있어  하늘은 느껴 정해진 너의  운명 같이  그것 만이 네 인생을 찾는걸  She's only one 그댈  차지하고 싶어  끝까지 포기 난 못해 My darlin  she's only one 내 인생  끝까지 오  내 여자로 만들겠어 오  It may sound simple  ice the ear the wrist the  neck and ring  uh take a step into my car  yeah yeah yeah yeah  that's it  I see you type of girl  with the pearls  and all jewels and all  I heard you  rock a ice and a now  look at this  I could see you take a  pills pass the bills  yo jiggy pass to the brown  home boys  check it our it's going down  Don't go away from me  I must ganna get U  my heart is so deep  모두 상관없어  나를 거부해도 넌 막을  수가 없어 이젠  내게 열어줘 너의 마음을 이제  그만 내가 들어갈수 있게 그댈 느낄 수가있게  네게 보여줘 너의 사랑을  이제 그만 내가 편히 쉴 수 있게  언제까지 그럴건데  She's only one 그댈  차지하고 싶어  끝까지 포기 난 못해 My darlin  she's only one 내 인생  끝까지 오  내 여자로 만들겠어 오
2000.06.04~06.10,28,88429,Smile Again (하늘에서),임창정,White,2000.02.10,Ballad,조규만,또 울고 있었군요 이젠 그만 나를 놓아요 커다란 그대 사랑 안고선 맘 편히 쉴 수 있게 긴 세월이 흐른 후 그대 좋은 사람 만나서 행복한 모습 볼 수 있도록 나 그댈 지킬께요 우리 함께 한 많은 날들이 너무나 소중해 그래도 웃을 수 있죠 혼자인게 서러울 땐 그댈 아프게 한 내 모습만 떠울리며 살아요  긴 그대의 한숨을 모두 가져갈 수 없다면 차라리 그대 그림자 되어 나 항상 그대 곁에 우리 함께 한 많은 날들이 너무나 소중해 그래도 웃을수 있죠 혼자인게 서러울 땐 그댈 아프게 한 내 모습만 기억해봐요 그대  세상에 홀로 남겨진 그대를 잠시라도 만날 수 있다면 단 하루라도 야위어 가는 그댈 위해 날 닮은 사람 보내줄께요 그에게서 날 봐요
2000.06.04~06.10,29,86132,애인,허쉬,Hush,1999.12.01,Dance,,다시 한번 나는 사랑에 또 빠졌어 이번에는 달라 전과 비교하지마 자존심은 모두 버리고 우 네 맘을 뺏을래 baby baby 네가 좋아한단 레몬향을 뿌리고 몸에 붙는 빨간 옷도 골라 입었어 이런데도 안넘어 오면 우 남자가 아니지 baby 너무 놀라 지는마 이런 나의 변신을 나와 함께 한다면 매일이 이런 기쁨일텐데 왠지 어리숙한 말투 착한 네 웃음이 내 마음을 끌었어 너라면은 내가 믿고 기댈 수 있다는 확신이 생겨난거야 내가 너에게 바라는 건 정말 진실한 마음뿐야 지금 너 그대로 baby baby  짙은화장대신 비누향을 풍기고 오늘만은 나의 청순함을 보일래 이런대도 안흔들리면 우 남자가 아니지baby 너무 놀라지는마 이런 나의 변신을 나와 함께 한다면 매일이 이런 기쁨일텐데 왠지 어리숙한 말투 착한 네 웃음이 내 마음을 끌었어 너라면은 내가믿고 기댈 수 있다는 마음 더해만가 이젠 용길 내줄래 기다리고 있잖아 너와 함께 한다면 언제나 나는 행복할꺼야 이젠 거릴 걸어가도 모든 여자들이 너를 보는것 같아 그런 부러운 시선이 나는 즐겁지만 넌 나만보고 걸어줘 내가 너에게바라는건 좀 더 나은 네 모습보다 변하지 않는 사랑을 할 나만의 너니까baby
2000.06.04~06.10,30,34093,오랜 방황의 끝,김태영,오랜 방황의 끝,2000.01.10,Ballad,김창환,그대 두 손을 잡고 고개를 숙인채로  나를 용서해달라면서 난 많이 울었지  나의 긴 방황 끝에 결국 내가 찾은건  아직도 날 기다리고 있는 그대였었어  알아 그 동안 많이 들었어  그대가 나땜에 무척 힘들어 했었다는 걸  알아 순간의 나의 잘못이 얼마나 많은  상처로 그대를 괴롭혔는지  이젠 되돌려줄께 못다한 내 사랑이  오직 나 하나만 믿고 기다린 그대에게  내 모든 걸 다바쳐 나의 사랑속에서  이젠 그댈 편히 쉬게 할꺼야  그대 내 손을 잡고 날 감싸주면서  돌아왔으면 됐다면서 날 위로했지  수척해진 얼굴로 미소를 띄운채  내 두눈에 고인 눈물을 닦아주었지  알아 그 동안 많이 들었어  그대가 나땜에 무척 힘들어 했었다는 걸  알아 순간의 나의 잘못이 얼마나 많은  상처로 그대를 괴롭혔는지  이젠 되돌려줄께 못다한 내 사랑을  오직 나 하나만 믿고 기다린 그대에게  내 모든 걸 다바쳐 나의 사랑속에서  이젠 그댈 편히 쉬게 할꺼야  이젠 되돌려줄께 못다한 내 사랑을  오직 나 하나만 믿고 기다린 그대에게  내 모든 걸 다바쳐 나의 사랑속에서  이젠 그댈 편히 쉬게 할꺼야
2000.06.04~06.10,31,1606633,Tonight,터보,터보(Turbo) 5집 `Email My Heart`,2000.01.26,Ballad,이승호,너에게 더 가까이 다가가고 싶지 향긋한 향기 상큼한 느낌 가지고 싶지 눈을 감고 너를 만지고 싶지 냇가에 흐르는 시냇물처럼 끊이지않는 숨결이지 잠들은 너의 얼굴 보고 싶지 커튼 사이 햇살에 비친 나른한 꿈결 느껴지지 tonight 오늘밤 all night 세상에 벽을 쌓고 끝없는 사랑을 나누고 싶지 all night 까맣게 젖은 너의 머릿결 상큼한 솔잎 같은 너의 향기 하얗게 나를 보며 웃어봐 가까이 내게 다가와 줘 귓가에 들려오는 니 숨결 바다의 파도소리 같겠지 촉촉한 너의 입술 닿으면 눈부신 행복이 나 오늘밤 단 둘이서 먼 여행을 떠나갈 거야 서로가 너무나 원했었지만 차마 갈 수 없었던 곳 널 안고 싶었어 널 갖고 싶었어 넌 하지만 이미 다른 사랑이 널 원했었지만 간절했었지만 손 끝 조차 닿지 않는 안타까움만 너의 이름만 불러봐도 터질 것 같은 나의 사랑 널 만지고 널 느끼고 널 마시고 내게 입맞춤도 더 가까이 내 품 가득 안고파 그렇게 나를 떠나갈 때 어리석게 난 사랑이 뭔지도 넌지도 몰랐어 너의 빈자리가 더욱 더 커져갈 때 그 자리엔 쓰러질 것만 같은 후회만 남았어 돌이킬 수 없는 선택을 해버린 널 알게 됐고 또 한 번의 아득한 절망에 다시 만난 넌 날 깨닫게 했지 아직도 그대로라는 걸 널 향한 내 사랑과 미래 이래선 안되는 걸 알지만 체념은 그리 쉽진 않았어 사랑은 자꾸 너를 찾는데 참을 수 없었어 이 세상이 이런 나를 용서하지 않는다해도 이제야 비로소 찾은 사랑을 이젠 포기할 수 없어 왜 그랬었냐고 왜 보냈었냐고 왜 사랑도 아닌 사람 곁에서 왜 내게 왔냐고 왜 이제서냐고 그때처럼 너를 보낼 줄 알았다고 아마 그 때 니 아픈 만큼 내가 다시 겪는가봐 tonight 오늘밤 어쩌면 마지막이 될 지 그저 하룻밤이 될 지도 모르겠지 그저 거품처럼 사라지는 인어의 꿈이 될 지도 모르겠지 난 영원히 오늘밤 짧은 순간의 기억만으로도 살아갈 수 있을 만큼 너를 사랑하고 있지 눈 감으면 너와의 깊은 입맞춤을 기억하며 살아가는 내가 될 수만 있다면 하고 기도하지 tonight tonight tonight tonight 슬픔은 없어 tonight tonight tonight tonight
2000.06.04~06.10,32,86857,노을의 연가,주영훈,Nostalgia,2000.03.21,Ballad,김태희,끝없이 나를 버려야 했고 끝없이 감싸 안아야 했지 항상 멀리 있는 그대를 사랑해야 했던 나는 수 없이 나는 울어야 했고 더 많이 애원 해야만 했지 다시 어떻게든 그대를 곁에 둘 수만 있다면 그만 잊어주길 바라는 그대 둘 곳없는 시선에 난 고갠 끄덕였지만 쉽게 보내긴 싫어 하지만 나 그댈 위해 떠나 보낼 수 밖에 오직 내게 바라는 전불테니까 처음부터 내게 허락된 적 없었던 사랑 그댈 향한 모습인걸  무너져 가는 나를 보면서 오늘도 원망할 뿐이였지 그렇게 사랑한 그대를 끝내 잡지 못했던 나 다시 돌릴 수가 없다면 어떤 말이라도 해주렴 다 지난 사랑 이래도 내겐 소중 했으니 살아볼께 헛된 기다림에 지쳐 울어도 나를 버린 그대로 기억된다면 처음부터 내게 허락된적 없었던 사랑 그댈 향한 모습인걸 하지만 나 그댈위해 떠나보낼수 밖에 오직 내게 바라는 전불테니까 처음부터 내게 허락된적 없었던 사랑 그댈 향한 모습인걸
2000.06.04~06.10,33,1576735,다 줄거야 (Acoustic Ver.),조규만,I Will Give You All,2000.01.01,Ballad,조규만,그대 내게 다가오는 그 모습 자꾸 다시 볼수 없을 것만 같아서 감은 두눈 뜨지 못한거야 너를 내게 보내준 걸 감사할뿐야 고마울 뿐야 많이 외로웠던거니 그동안 야워가는 너를 보며 느낄 수 있어 너무 힘이 들땐 실컷 울어 눈물속에 아픈기억 떠나보내게 내품에서 서글픈 우리의 지난 날들을 서로가 조금씩 감싸줘야해 난 네게 너무나도 부족하겠지만 다 줄꺼야 내 남은 모든 사랑을 많이 지쳐있던거야 그동안 자꾸 야워가는  너를 보며 느낄 수 있어 너무 힘이 들땐 실컷 울어 눈물속에 아픈기억 떠나보내게 내품에서 서글픈 우리의 지난 날들을 서로가 조금씩 감싸줘야 해 난 네게 너무나도 부족하지만 다 줄꺼야 내 남은 모든 사랑을 난 네게 너무나도 부족하지만 다 줄거야 내 남은 모든 사랑을
2000.06.04~06.10,34,610605,송인 (送人),조수미,허준 OST,2000.05.08,Drama,,가지 못하네 돌아갈데가 없어  살아 헤어질 이 마음 가없이 떠도네 살아서 우네 갈 곳을 잃었구나  죽어도 못 맺을 이 몸은 천공을 헤매리 가없는 저 세월은 꿈도 한도 없구나 천년을 울어봐도 가는 해만 덧없어라 가지 못하게 갈 곳을 잃었구나 죽어도 못 맺을 이 몸은 천공을 헤매리 살아서 슬퍼라
2000.06.04~06.10,35,87039,천애 (For You......),이지훈,Eternity Friend.....,2000.04.03,Ballad,강타(KANGTA),한참동안 숨겨왔던 내 숨죽인 눈물 여전히 고운 하얗게 식은 넌 아무말도 없어  소리없이 멈춰버린 내 떨리는 두 손  이제 다시 너의따스함을 느낄 순 없는건지 멈춰있었던 시간속에서 너를 만났었던 거였니  세상 어느 곳에도 이제 더이상 너의 모습을 볼 순 없는지 늦지 않았으면 해 지켜내야 해 니가 어느곳에 있어도  어떤 대답이라도 해줬으면 해 이렇게 애원하는 내게 그렇게도 힘들었던 니 여린 마음에 그 어떤것도 해줄 수 없던 난 대체 뭐였는지 한 순간도 내 앞에선 흔들리지 않던 너  돌아서선 얼마나 많이 괴로워 아파했었을지 멈춰있었던 시간속에서 너를 만났었던 거였니  세상 어느 곳에도 이제 더이상 너의 모습을 볼 순 없는지 늦지 않았으면 해 지켜내야 해 니가 어느곳에 있어도  어떤 대답이라도 해줬으면 해 이렇게 애원하는 내게  널 찾을수 있는곳에  살아갈 수 없다면  날 도와주겠니  내가 갈 수 있도록 항상 넌 다음 세상에서 도  날 만날 거라고 내 두눈을 보며  수줍게 웃곤했는 데  니가 있는 그곳에 소리없이 다가가 난 기도해 잠시 멈춰있었던 시간속에서 너를 만났었던 거였니  세상 어느곳에도 이제 더이상 더이상은  널 볼 순 없는지  늦지 않았으면 해 지켜내야 해 니가 어느곳에 있어도  어떤 대답이라도 해줬으면 해 이렇게 애원하는 내게
2000.06.04~06.10,36,75203,"Party! (Feat. 타샤니,진원)",이현도,완전(完全) Hiphop,2000.01.21,Rap / Hip-hop,"이현도,MASTAWU",우 every day every night 우 every day every night 내가 가는 길이 바로 내길이지 무더운 사막에서도 I'll take it easy 서로를 믿고 따라야만 꽃은 피지 Cheesy 하게 생각하면 그건 지지 see me 모든걸 잠시 접어두고 생각않고 쉬고 이런 사람 저런 사람 불러 술마시고 우리에게 쌓이고 쌓이는 모든 피로 나 풀어나가지 I roll with ace Deux D O 망설임을 가지고 있을지 혹은 조금 어색할지도 모르지만 걱정하지 않아도 되지 그럴 필요없지 맴돌지 말지 아무라도 와도 누구라도 상관없지 누구나 또 와도 처음이라도 괜찮지 마치 나와 친구같이 노는 N R G 동생들처럼 말이지 우리 모두 여기 모여 모두 함께 하나의 그림 그려요 누구나 모두 함께 우 우 서로 다른 빛깔들로 하나의 아름다운 무지개가 되듯이 그렇게 함께해요 우 누가 누가 와도 괜찮아 아무나 즐겨도 뭐한 세상 왜 싸우나 웃어도 모자른데 왜 우나 모두 나와 놀아 기쁘나 슬프나 기분이 나쁘나 우리 함께면 이렇게 모두 좋아 왠지 모르게 하늘은 푸르구나 나와 그대 왜 어째서 벽이 높아야만 해 안돼 이제 달리 생각해봐야 해 서로가 다르다는 이유 하나에 어긋나지 않았으면 해 나만 이렇다 말하지 마라 다 함께 못할 이유는 아니다 내게 힙합이란 자유다 느낌이란 하나다 여기 모두 우린 전부로서 하나다 우리 모두 여기 모여 모두 함께 하나의 그림 그려요 누구나 모두 함께 우 우 서로 다른 빛깔들로 하나의 아름다운 무지개가 되듯이 그렇게 함께 해요 Every day and every night 에 매일 얼굴 찡그리기엔 하늘이 너무 맑아 높아 때론 우리들 먹구름과 빗줄기에 그렇게 가끔 이 슬픔과 만나기에 우리네 삶은 더욱 충실해 간다네 행복의 소중함을 더욱 느낄 수 있다네 모두가 함께라면 더 좋겠네 우리같은 이 자리에 Hey hey hey hey hey 그래 그렇게 서로 다른 빛깔들로 하나의 아름다운 무지개가 되듯이 그렇게 함께 해요 I broke all limits in guiness been this since elements admit it's so obvious but to me it's all irrelevant and yo I'm serious some be devious wit them slick politics tryna screw me like I'm new to this who be most desired like the coming of messiah don't you get tired while I'm reachin higher and higher my flow go surpassing those plateaus that how it goes while tse's featuring for DO 우 every day every night
2000.06.04~06.10,37,37756,그대도...내게도...,에코,Voice Of Angel,2000.01.01,Ballad,유유진,내게 올까요 만나질까요  그댈 잊게 해줄사람 말예요  그럴 리 없죠 있을 리 없죠  아직도 내 안에 그대가 있으니  나는 겁이 나요 이게 우리 끝일까봐  매일 난 기다려요 그대 목소리 들려오길  이건 아니에요 정말 아니에요  왜 우리가 이래야 해요  난 믿어요 그대에게  사랑은 아직 나뿐이라고 그래요  우리는 다시 만나야만 해요  내가 갈게요 다시 예전처럼  그대 날 안아줘요 (날 안아줘요)    그대 없이 난 안되나봐요  늘 해왔던 일도 손에 잡히질 않죠  소용없어요 누굴 만나도 그대의  얘기만 꺼내게 되네요  나는 겁이 나요 이게 우리 끝일까봐  그대는 어떤가요 지금 나처럼 힘들겠죠  이건 아니에요 정말 아니에요  왜 우리가 이래야 해요  난 믿어요 그대에게  사랑은 아직 나뿐이라고 그래요  우리는 다시 만나야만 해요  내가 갈게요 다시 예전처럼  그대 날 안아줘요 (날 안아줘요)  날 위해서 가요 그대가 떠난 이유가  왜 아직도 나를 몰라요 그대가 없다면  내게 뭐가 소용 있어요 우~  나를 믿어줘요 나를 지켜줘요  그게 나를 위한 거에요  이대로 우리 헤어진다면  다신 이런 사랑 못해요  그대도 내게도 또 다른 사랑은 없어요  늦지 않아요 다시 예전 그때처럼 그대 날 안아 줘요
2000.06.04~06.10,38,86336,나예요...,이소은,신비,2000.01.14,Ballad,,좋은 사람들이 많았더군요 힘든 나를 모두 걱정해 주었어요  얼굴이 말라서 예뻐졌데요 이제야 젖살이 빠져 그런거래요  난 사실 이 이별이 슬프지 않아요  그대 원하는 사랑을 찾아 가는 그 길이 행복하길  사랑하나요 날 버릴 만큼 나를 무척 아껴 줬는데  따뜻한 그대 맘 이젠 갔나요  날 사랑하지 않을 리는 없을 걸 알아요 그대도 많이 힘들겠죠  얼마나 많은게 달라졌는지 그대 없는 내 생활이 당황스러워  익숙해 질 때면 또 다시 내게 찾아올 사랑에 적응해야 겠지요  결국은 내 마음도 떠나려나 봐요  헤어졌다는 사실이 슬프지만은 않은 건 왜 일까요  사랑해줘요 내게 준 만큼 나처럼은 만들지 마요  그녀도 불안해 할지 몰라요 언젠가 또 싫증이 나면  아프게 하진 마요 그리고 다른 사랑 찾아  사랑하나요 날 버릴만큼 나를 무척 아껴 줬는데  웃으며 그댈 보내야 했어요 힘들지 않게 헤어지곤  힘들게 살아요 매달릴걸 그랬나봐요  돌아와 그대 돌아와 우우우 돌아와 내게 돌아와 내게 우우우 지금이라도  돌아와 내게 돌아와 내게 우우우 돌아와 내게 돌아와 내게 우우우 지금이라도
2000.06.04~06.10,39,91322,너를 보내고,YB,한국 Rock 다시 부르기,1999.12.01,Rock,이승희,구름낀 하늘은 왠지 네가 살고 있는 나라일 것 같아서 창문들마저도 닫지 못하고 하루종일 서성이며 있었지 삶의 작은 문턱조차 쉽사리 넘지 못했던 너에게 나는 무슨말이 하고 파서 였을까 먼산 언저리마다 너를 남기고 돌아서는 내게 시간은 그만 놓아주라는데 난 왜 너 닮은 목소리마저 가슴에 품고도 같이가자 하지 못했나  길잃은 작은 새 한마리가 하늘 향해 그리움 외칠때 같이 놀던 어린나무 한그루 혼자 남게 되는게 싫었지 해 저가는 넓은 들판 위에서 차가운 바람불어도 들려오던 노래 내곁에 없었지 먼산 언저리마다 너를 남기고 돌아서는 내게 시간은 그만 놓아주라는데 난 왜 너 닮은 목소리마저 가슴에 품고도 같이가자 하지 못했나 먼산 언저리마다 너를 남기고 돌아서는 내게 시간은 그만 놓아주라는데 난 왜 너 닮은 목소리마저 가슴에 품고도 같이가자 하지 못했나
2000.06.04~06.10,40,62250,Bye...,젝스키스,Blue Note (고별앨범),2000.05.30,Ballad,은지원,Baby I will remerber 첫 눈 내리던 날 어디선가 나를 보는 그 눈빛 두 눈 가득 이슬맺힌 그대 외면한 채 돌아서던 널 안고 싶진 않았죠 언제나 날 지켜줬어요 누구보다 날 걱정했죠 날 영원히 날 수 있도록 용길 주었죠 그런 그댈 보내야해요 맑은 그대 두눈에 이제 더 이상 나의 눈물을 보이기 싫어 그댈위해 I'll loving you forever I'll miss you 언젠가 그대를 잃게 될까 두려웠죠 그대 몰랐죠 내 마음 알 수 없었죠 혼자서 언제나 그댈 그리워 했어요 나 그대가 그리울땐 그대 모르게 어디선가 그리워 할게요 지금처럼 그대 모습에 나 자꾸만 눈물이 나요 서로가 너무 원한다 해도 끝인가요 함께 했던 추억만큼은 우리 잊지 말아요 그대와 함께 행복했어요 사랑해요 Please don't go girl I'll loving you forever I'll miss you 언젠가 그대를 잃게 될까 두려웠죠 그대 몰랐죠 내 마음 알수 없었죠 혼자서 언제나 그댈 그리워 했어요 그대만은 부디 행복하세요 다만 우리의 소중한 기억을 간직해줘요 I'll loving you forever I'll miss you 여린 그대 마음 아파할까 두려워요 세상끝까지 지키지 못한 사랑에 그대여 슬퍼마 그대 행복을 빌게요
2000.06.04~06.10,41,37516,위대한 탄생 (Fetticcini),드렁큰타이거,위대한 탄생,2000.03.29,Rap / Hip-hop,김성애,Boom Bap으로 Rap으로  취해봐 보여봐 너의 그 진정한 모습을  흑과 백과 선과 악과 너와 나와 그들과  그것을 위하여  가!장 아름답고 소중한 그것을 위해  나!는 지난 겨울처럼 또 다시 나타나  다!가가고 있어 그 곳으로 가고있어  라!샬락 붐- 터지고 있는 나의 슬픔  마!지막까지 포기할 수 없는 나의 마음  바!라만 보지마 다같이 외쳐봐  사!고 팔고 떠도는 너의 영혼을 그들은  아! 그 귀신처럼 덤벼 보고 되고있어  자!존심까지 화장으로 지워버려  차!별과 가식으로 너를 묻어버려  타!오르는 열망으로 취한 나의 타령  카!마카마카마카마 make a million  파!란 하늘 향해 겨뤄 Baby lon  하!늘을 향해 주먹을 질러봐  주먹을 질러봐 주먹을 질러봐   Boom Bap으로 Rap으로  취해봐 보여 봐 너의 그 진정한 모습을  흑과 백과 선과 악과 너와 나와 그들과  그것을 위하여  가!위 눌리는 현실에서 깨어나고싶어  나!는 나 너는 너 그들을 따라가긴 싫어 모두  다! 의지를 버리지 말고 앞으로 밀고 나가봐  라!일락 향기보다 달콤한 독을 알아봐  마!구 입을 놀리는 너는 내주먹의 맛을 봐  바!람과 함께 사라지는 우리 인생들  사!슬에 묶여 함께 끌려가는 인생들  아!무리 외쳐봐도 듣지않는 그 이들  자!신의 노예 속박에서 뛰어나와서  차!가워진 마음 녹여 모두다 다가와 더  타!오르는 열망으로 깨닮음으로  카!마카마카마카마 make a million  파!란 하늘 향해 겨뤄 Baby lon  하! 주먹을 질러봐  주먹을 질러봐 주먹을 질러봐   Boom Bap으로 Rap으로 취해봐 보여 봐 너의 그 진정한 모습을  흑과 백과 선과 악과 너와 나와 그들과  그것을 위하여 one shot  Boom Bap으로 Rap으로  취해봐 보여봐 너의 그 진정한 모습을  흑과 백과 선과 악과 너와 나와 그들과  그것을 위하여 one shot  카마카마카마카마 make a million  파란 하늘 향해 겨뤄 Baby lon  하! 주먹을 질러봐  주먹을 질러봐 주먹을 질러봐
2000.06.04~06.10,42,85257,바꿔,이정현,Let`s Go To My Star,1999.10,Dance,최준영,모두 제정신이 아니야 다들   미쳐가고만 있어   어느 누굴 믿어 어찌믿어   더는 못믿어   누가 누굴 욕하는거야 그러는   넌 얼마나 깨끗해   너나 할것없이 세상속에   속물들이야   바꿔 바꿔 바꿔 내 모든걸   다 바꿔 바꿔 바꿔   사랑도 다 바꿔 바꿔 바꿔 거짓은   다 바꿔 바꿔 바꿔 세상을 다 바꿔  THANGTH IT WAS A MUST   TO TRUST YOU NOW I CRUSH   YOU ANALYSIN MY BRAIN   너의 가식적인 사랑   나를 다시 사랑하길 바래   내가 다시 돌아오길 바래   그럼 바꾸길 바래 늦기전에   날 잡길 바래  한 여자의 지난 과거가 왜   용서받지 못할 일이야   맘에 걸렸다면 처음부터 왜   날 사랑해   모든 것이 변해버렸어 예전의   나로 착각하지마   나를 버린것을 후회해도   이미 늦었어   바꿔 바꿔 바꿔 내 모든걸   다 바꿔 바꿔 바꿔   사랑도 다 바꿔 바꿔   바꿔 거짓은   다 바꿔 바꿔 바꿔 세상을   다 바꿔 바꿔 바꿔 내 모든걸 다  바꿔 바꿔 바꿔  사랑도 다 바꿔 바꿔 바꿔  거짓은 다 바꿔 바꿔  바꿔 세상을  다 바꿔 바꿔
2000.06.04~06.10,43,88501,Farewell,이주노,Bionic Jono,2000.03.18,Rap / Hip-hop,이승호,조금씩 말이 없어지는 너를 느꼈고 함께하는 시간도 많이 줄어 들었지 언제나 내 모습 가득 니 눈빛 속에 담아 두었는데 너무나 싸늘히 식어버린 것도 느꼈어 혹시나 했지만 한마디 물어볼 순 없었고 가슴은 얼음처럼 얼어가고 있었지 이별만은 아닐거란 혼자만의 위로 이제는 헤어지잔 말 Tell me Why  사랑이 끝났다는 말 I don't know  어떻게 그렇게 쉽게 그 말 할 수 있는지  나보다 더 나를 사랑했던 너인데  이렇게 돌아서 가버리면 끝나는건지  꿈에도 이별은 생각한 적 없었어  힘만 더 들거라는 말 Tell me Why  각자의 길을 가잔 말 I don't know 말해봐 너 떠나면 날 잊을 수 있어 말해봐 너 나 없이 행복할 수 있는지 모르겠어 모르겠어 모르겠어 모르겠어 모르겠어 모르겠어 모르겠어 모르겠어 정말 난 널 모르겠어 이제는 헤어지잔 말 Tell me Why  사랑이 끝났다는 말 I don't know  꼭 나를 떠나야 할 또 다른 이유있다면 보내줄게 사랑으로 힘만 더 들거라는 말 Tell me Why  각자의 길을 가잔 말 I don't know 난 어디서부터 너를 잊어야할지 또 난 무얼 기억해야 할지도 모른채 멀어져 가는 너를 바라만 봤어 사라진 후에도 한참을 그렇게 파노라마처럼 내 눈앞에 펼쳐지는 너와의 가슴시린 지난 추억들이 조금씩 눈물로 흐려질 때쯤 또 한번 내 가슴은 무너져 이제는 헤어지잔 말 Tell me Why  사랑이 끝났다는 말 I don't know  힘만 더 들거라는 말 Tell me Why  각자의 길을 가잔 말 I don't know
2000.06.04~06.10,44,86168,Fly To The Sky,플라이투더스카이,Fly To The Sky,1999.12.14,R&B / Soul,유영진,세상 모두를 가질 수가 없다고  단념하며 살아왔던 내게 아무 것도 가진 것은 없겠지만  또 잃을 것도 없다고 말해줘 수천만의 사람 중에 단 하나의  너를 찾던 그 순간 난 느껴버렸지 난 해낼 수 도 있어 그대와 함께라면 It's alright baby I fly to  the world 나를 지켜줘 Can you makin'  me high It's alright Baby We fly to  the sky 나를 위해서 사랑이란 말도 빛이 바랬어 너무  흔한 말이 돼버렸지 말로 표현할 수 없는 감정들을  다 네게 보여주고 싶었어 수많은 거짓말과 욕심들로  채워버린 세상에 난 빛이 되겠어 난 해낼 수가 있어 그대와 함께라면 Girl I know what your thinkin'  when your sleepin' at night your thinkin' I'm stressin'  but baby I'm alright you are like an angel watchin'  over me I once was blind but now I see your lovin'  brings me acstasy can't you see your my girl of eva my lady 바로 앞에 미래마저 알 수 없겠지 그런 이유로 우린 또  되는대로 산거야 알고싶었어 모두에게 가진 꿈을  나눠줄 순 없는지 왜 I'm a lyrical lyricist on the  mic get contagious I be tighter tightest I be the  badest fly high way up to the sky  let me see yo 'hand's you  know how we ride It's alright baby I fly to  the world 나를 지켜줘 Can you makin'  me high It's alright Baby we fly to  the sky 나를 위해서
2000.06.04~06.10,45,32497,학교를 안갔어!,량현량하,쌍둥이 파워,2000.01.18,Dance,,학학학교를 안갔어   학학학교를 안갔어   학학학교를 안갔어   학학학교를 안갔어   어쩌면 좋겠어 학교를 안갔어   아니아니야 안간게 아니야   실수로 못갔어 정말이야   믿어줘 제발좀 들어줘   일부러 그런게 아니야   내 얘길 들어봐줘   학교를 가는 길에 시계를   들여다보니   이게 웬일이니 시간이   남는게 아니겠니   그래서 딱 한판만 정말 딱   한판만 하고 가려고   오락실로 들어가게 됐어 그만   그런데 오늘따라 왠일인지   내게 뭐가 씌였는지 한판을   깨고 두판을 깨도   왜 죽지를 않는건지 결국   난 모든 기록을 깨고   내 이름을 새기고 멋있게   걸어 나오는데   아 버스를 놓쳤어   학학학교를 안갔어   학학학교를 안갔어   학학학교를 안갔어   학학학교를 안갔어   떠나는 스쿨버스 야속한   스쿨버스   돌아와줘 플리스   날 구해줘 SOS   소리쳐도 버스는   멀어졌기에 나는   할수 없이 달려가서 지하철을   탔거든 그런데 이게 웬일   믿을수 없는일 작년에 전학간   내가 사랑하던 지윤일   만난거야 갑자기 하늘의   축복이 내 가슴은   콩당 콩당 콩당   내눈에 눈물이 어떻게   살았는지 어디에 사는지   끝없이 얘기는 오가고   웃음꽃을 피웠지   그리고 나서 용기를 내서   연락처를 물어봤지   그러자 그녀가 말했지   그런데 너 내릴때 지나지   않았니   학학학교를 안갔어  학학학교를 안갔어  학학학교를 안갔어  학학학교를 안갔어  결국 오후가 돼서야 학교에  도착한거야 교문앞에선  내 마음은 엄마야 화난  선생님 얼굴 무서운 엄마의  얼굴 회초리 내 종아리  그냥 도망갈까 멀리 멀리  그래도 용기를 내서  교실문을 열었는데  와  혼나긴 커녕 매맞긴 커녕  박수를 받았어
2000.06.04~06.10,46,8472,Champ,긱스,Gigs,1999.11.24,Rock,이적,그대여 지쳤나요 하루하루를 뒤쫓다가 그래요 이상한 일이에요 우린 되는 일이 없나요 꼭 두들겨 맞은 듯이 상처 뿐 이어도 차마 쓰러질 수 없는 이유를 알기에 다시 일어나 주먹을 쥔다면 그것으로 충분해요 이 거친 세상에 자유를 꿈꾸는 그대가 바로 승자예요 어제는 소중했던 그대 마음 속의 자신이 단숨에 내팽개 쳐 지나요 그리 쉽게 질 순 없어요 꼭 두들겨 맞은 듯이 상처 뿐 이어도 차마 쓰러질 수 없는 이유를 알기에 다시 일어나 주먹을 쥔다면 그것으로 충분해요 이 거친 세상에 자유를 꿈꾸는 그대가 바로 승자예요 그대의 마음에 그대가 있다면 그것으로 충분해요 이 거친 세상에 자유를 원하는 그대가 바로 승자예요  가끔씩은 정신을 잃어 다리가 풀리기도 하죠 그럴 때면 환상을 봐요 언젠가 우리 승리의 잔을 들 그 날을  다시 일어나 주먹을 쥔다면 그것으로 충분해요 이 거친 세상에 자유를 꿈꾸는 그대가 바로 승자예요 그대의 마음에 그대가 있다면 그것으로 충분해요 이 거친 세상에 자유를 원하는 그대가 바로 승자예요
2000.06.04~06.10,47,1564058,Good Bye My Love,이수영,I Believe,1999.11.17,Ballad,김선민,문득 말하고 싶었죠 우리 다시 시작 할 수는 없는지 잠시 울리다 끊어진 전화에도 나는 혹시나 그댄걸 느껴요 잊으려고 친구를 만났죠 아무 소용 없다는걸 난 알아요 그 언젠가 그대 아파할 때 하얗게 밤새던 그 추억도 이젠 나의 몫이 아니겠죠 사랑해요 떠나지 말아요 혼자 있다 그대 보고 싶을 땐 난 어쩌면 좋아요 내가 먼저 보내야 할까요 새로운 연인이 기다리나요 나보다 더 행복하게 해줄 것 같다면 Goodbye my love  잊으려고 친구를 만났죠 아무 소용 없다는걸 난 알아요 그 언젠가 그대 아파할 때 하얗게 밤새던 그 추억도 이젠 나의 몫이 아니겠죠 사랑해요 떠나지 말아요 혼자 있다 그대 보고 싶을 땐 난 어쩌면 좋아요 내가 먼저 보내야 할까요 새로운 연인이 기다리나요 나보다 더 행복하게 해줄 것 같다면 Goodbye my love
2000.06.04~06.10,48,494157,다 알아요,양파,Yangpa Best,2003.11.13,Ballad,,다 알아요 모두 다 알아요  나를 떠나야 했었다는걸  너무 많은 것을 바라는 날 감당할 수 없어  이내 지쳐가는 그대를 모른 건 아니었어요  나 다른 건 없어요 꼭 한번만 보고 싶어요  그대 얼굴 예전처럼 밝은지  하지만 떠나간 그대의 그 미안함 덜어주려면  그대를 잊는게 더 옳은 거겠죠 다 알아요 알잖아요 이건 알잖아요  그럴 수 밖에 없었다는 걸  너무 초라하게 기억될 날 보여줄 수 없어  끝내 잡지 않은 내 맘을 모른건 아니잖아요  나 다른 건 없어요꼭 하나만 묻고 싶어요  그대 맘이 예전보다 나은건지  하지만 떠나간 그대의 그 미안함 덜어주려면  그대를 잊는게 더 옳은 거겠죠 다 알아요  다시 한번 생각해요 우리의 약속 많이 힘들어도 헤어짐은 없기로 했던 걸  그대 곁에 있고 싶은 욕심이라 해도 한곳만 바라볼 거예요 뒷모습만이라도  또 다른 건 몰라도 꼭 하나만 기억해줘요  이런 사랑 다시 오지는 않겠죠 그리고 우리 헤어짐은 긴 행복을 위한거겠죠 이런 내 믿음이 틀리진 않겠죠 난 믿어요  이런 식으로 끝나진 않겠죠 다 알아요
2000.06.04~06.10,49,4050182,Cross,엄정화,코리안 댄스 탑 40 Vol.1,2000.07.06,Dance,,
2000.06.04~06.10,50,2962362,Vision,유승준,Ivy Mega Mix 2,2000.04,Dance,,
