time,rank,song_id,title,singers,album,date,genre,creator,lyric
2004.07.04~07.10,1,526407,그녀가 웃잖아....,김형중,Kim Hyung Joong Vol. 2,2004.05.28,Ballad,조은희,그래 그렇게 제발 좀 웃어봐 웃는 여자중엔 니가 젤 예쁜걸 내 말 앞에 손사래 쳐도 좋은듯 행복한듯 웃는 니가 나의 삶에 햇살이잖니 밤새도 눈 빨개져도 난 좋았어 너를 웃게해줄 생각에 들떠서 혹시 중간에 끊길까봐 재미있는 얘길 달달외고 준비한게 탄로날까 연습도 했었지 널 떠난사람 잊을수 있다면 널 울린사람 거둬낼수 있다면 광대라도 좋아 바보가 된다해도 너만 기쁘면 그보다 더한것도 난 누군가 내게 니 사랑과 행복중 하나만 고르라면 택하라면 한치 망설임도 없이 언제나 난 니 행복이고 싶어 니가 나를 사랑하지 않는다 해도 내가 널 사랑하니까 남자니까 우는건 아픈건 내가 할께 넌 웃어줘 가끔 날 보며 웃는 널 보면서 나를 사랑한단 착각을 하나봐 아니 지금은 아니라도 나를 사랑해라 사랑해라 가슴으로 너를 향해 주문도 거나봐 그 꿈에서 또 깨면 쓸쓸해도 널 볼수록 더 가슴이 미어져도 뒤돌아서 눈물 삼키고 삼켜내도 너를 몰랐던 그날들 보다 괜찮아 널 위해 할수 있는게 참 없잖니 사랑을 얻는일도 하는일도 그게 나를 또 얼마나 미치게 하는건지 니가 알까 끝내 몰라도 돼 부탁 하나만 할께 널 웃게 만드는 일만 허락해줘 우는건 아픈건 내가 할께 넌  웃어줘
2004.07.04~07.10,2,528529,My Name,보아(BoA),My Name,2004.06.11,Dance,,"너무 가까운 느낌만을 원했던 건지 알잖아 내가 원하는 것  그 어떤 사람과도 다른 나 어쩜 너라면..날 바꿀 수 있어  Oh, 감춰왔던 날 말하자면, U Feel Like, 아마 놀랄 거야 지금 내 모습은 단지  어제 같은 모습대로 충분한지 내가 아닌 다른 얼굴 갖힌 거라면 불러 줄래 My Name  Don't wanna fake it!  너를 알게 된 후  매일 기다린 phone call I got to make it! 어느새 알게 했어 매일 같은 식,  또 아직 먼 듯한 내일, ahh.. 그렇다면 take it!  아주 조금만큼 뭐든 되고픈 현실  너를 알게 된 후  매일 달라진 Fine Days  의심 갖진 마 조금만 더 나를 알아봐 좋지 않아? 날 닮아가는 것  Oh, 나를 찾는 네 눈 속에서, I Feel Like, 다시 가질 거야 흐린 불빛 속에 몸속  가득 넘쳐나는 새로운 속삭임 바로 지금부터 모두 시작된다면 불러 줄래 My Name  Don't wanna fake it!  내가 느낀 대로 너를 가지고 싶어 I got to make it! 어설픈 어느 순간 빠져버렸어,  이미 난 멈출 수 없어, ahh.. 그렇다면 take it!  보고 싶은 만큼 항상 내 곁에 있어  너를 알게 된 후  매일 기다린 phone call 내가 느낀 대로 너를 가지고 싶어 With me...  Don't wanna fake it!  너를 알게 된 후  매일 기다린 phone call I got to make it! 어느새 알게 했어 매일 같은 식,  또 아직 먼 듯한 내일, ahh.. 그렇다면 take it!  아주 조금만큼 뭐든 되고픈 현실  Don't wanna fake it!  내가 느낀 대로 너를 가지고 싶어 I got to make it! 어설픈 어느 순간 빠져버렸어,  이미 난 멈출 수 없어, ahh.. 그렇다면 take it!  보고 싶은 만큼 항상 내 곁에 있어"
2004.07.04~07.10,3,527016,고마웠다고...,팀,Second Breath,2004.01.01,Ballad,,그렇게 힘이 들거든 먼저 떠나가요  남겨둔 상처는 내가 어떻게든 할테니까   이유도 없이 눈물을 보이지 않겠죠  내가 사랑한 그대는 그런 사람이니까   그 어떤 아픔을 감추고 있는지  알 수 없지만 알 수 없지만  고마웠다는 그 한마디 말에  갈 곳을 잃은 내 사랑은  깊은 절망속으로   마지막까지 난 그녈 믿어보려 해요  단 한번도 거짓말을 하지 않았을 거라고   이유도 없이 이별을 말하진 않겠죠  내가 사랑한 그대는 그런 사람이니까   아무것도 나는 해줄 수 없는지  묻고 싶지만 묻고 싶지만   미안하다는 그 한마디 말에  난 바보처럼 손 내밀며  고마웠다고   그 어떤 아픔을 감추고 있는지  알 수 없지만 알 수 없지만   고마웠다는 그 한마디 말에  갈 곳을 잃은 내 사랑은  깊은 절망속으로 -
2004.07.04~07.10,4,525682,제주도의 푸른 밤,성시경,성시경 Remake Album,2004.05.20,Ballad,최성원,떠나요 둘이서  모든것 훌훌버리고  제주도 푸른 밤  그 별 아래  이제는 더이상  얽매이긴 우린 싫어요  신문에 T V 에  월급봉투에  아파트  담벼락보다는  바달(바다를) 볼 수 있는  창문이 좋아요  낑깡밭 일구고 감귤도  우리둘이 가꿔봐요  정말로 그대가  외롭다고 느껴진다면  떠나요 제주도  푸른 밤 하늘 아래로    떠나요 둘이서  힘들게 별로 없어요  제주도 푸른 밤  그 별 아래  그동안 우리는  오랫동안 지쳤잖아요  술집에 카페에  많은 사람에  도시의 침묵보다는  바다의 속삭임이 좋아요  신혼부부밀려와 똑같은  사진찍기 구경하며  정말로 그대가  재미없다 느껴진다 면  떠나요 제주도  푸르메가 살고 있는 곳
2004.07.04~07.10,5,523088,인연,이승철,불새 OST,2004.04.26,Drama,윤일상,눈을 떠 바라보아요 그댄 정말 가셨나요  단 한번 보내준 그대 눈빛은 날 사랑했나요  또 다른 사랑이 와도 이젠 쉽게 허락되진 않아  견디기 힘들어 운명같은 우연을 기다려요   지워질 수 없는 아픈 기억들  그리워하면서도 미워하면서도 난 널  너무 사랑 했었나봐요 그댈  보고싶은 만큼 후횐 되겠죠   같은 운명처럼 다시 만난다면  서러웠던 눈물이 가슴속에  깊이 남아 있겠죠 우-  날 위해 태어난 사람 그대 이제 떠나줘요  힘들어 지쳤던 그댈 그리워하며 살아가요  지워 질수 없는 아픈 기억들  그리워 하면서도 미워하면서도 그댄  날 사랑할순 없었나봐요 이젠  그저 바라볼수 밖엔 없겠죠 아- 나 살아가는 동안 다시 만난다면  차마 볼수 없음에 힘겨운 눈물을 흘리죠   나는 정말 그댈 사랑해요 -
2004.07.04~07.10,6,528185,내가 눈을 감는 이유,태빈,Taebin Of 1TYM,2004.06.10,R&B / Soul,이주연,언제부터였는지 자꾸만 먼 델 보던 너 눈부신 그 미소는 난 거기 없는 것처럼 날 위한 거라고 애써 난 믿어왔었는데 동경에 들뜬 눈빛 낮선 그 미소도 단 한번 처음 그때로  시간을 되감을 수 있다면 내 아픔도 모두 다 지워낼 수 있을텐데 많이 지쳐서 잊지 못해서 돌아오기를 Baby kiss me just one more time 보고 싶다고 거짓이라도 말해주기를 Baby tell me just one more lie 이제는 거짓말처럼 기억만이 남았어도 또다시 눈을 감으면 니 모습이 가득한데 Miss you Always  Can't U see your loves without you 그렇게 쉬웠는지 문득 너 가 버리던 날 차가운 그 눈빛을 난 마치 없던 것처럼 기억은 하는지 다 벌써 지운건 아닌지 떨리던 내 손짓도 함께 한 순간도 꿈속에 남은 그대로  시간을 멈출 수만 있다면 언제라도 널 가진 시절 속에 있을테니 많이 지쳐서 잊지 못해서 돌아오기를 Baby kiss me just one more time 보고 싶다고 거짓이라도 말해주기를 Baby tell me just one more lie Miss you Always 그 모습만 가득해 나 항상 간절히 기도해  행복한 꿈이 깨질 않길 힘겹게 잠 깨면 내 마음에 소름처럼 또 돋은 니 기억들 많이 지쳐도 잊지 못해도 울지않기를 (너를 포기 할 수 있게) 보고 싶어도 거짓이라도  행복하기를 (널 보낼 수 있을만큼) 이제는 거짓말처럼 기억만이 남았어도 또다시 눈을 감으면 니 모습이 가득한데 기억 해줘 내가 눈을 감는 이유 이제 다시 내가 꿈을 꾸는 이유
2004.07.04~07.10,7,602285,Ring My Bell (Feat. 나얼 Of Brown Eyed Soul),다이나믹듀오,Taxi Driver,2004.05.17,Rap / Hip-hop,개코,you 내가 필요할 때 내가 힘이될게 전화해 baby tonight ~  내가 필요할 때 내가 힘이될게 언제든지 baby allright  고민 있다면 바로 call me 말해봐 들어줄게 너의 story 슬프고 우울해 그럴 땐 내게와 그럴 땐 우리가 해결사 makes you high  집에만 있기가 갑갑해? 빚 때문에 눈앞이 캄캄해?  사랑 때문에 착잡해?  앞으로 가야 할 길이 막막해? 그럴 땐 삐리리리 피리를 불어보자  휘파람이라도 불어보자 그래도 기분이 안 풀린다면  소리라도 한번 질러보자 사는게 힘들어도 얼굴 찌푸리지 말자  정신 차리고 고쳐보자 팔자  고민하지마 머리 빠진다  우리는 내일을 향해 달린다  you can ring my bell  (언제든지 그대 ring my bell) you can ring my bell  (I can save you my baby)  d y n a m i c double d in the place to be 이제 완전히 새롭게 변하기  친구들에게 전하기 사랑에 배신당한 개츠비라도  현실에 막 발을 담근 미쓰리라도 눈물 짓지 말고 다들 힘내라고  걱정들로부터 해방돼 (say ho~) 어떤 이들은 얼짱의 노예  어떤 이들은 학점의 노예 느슨한 넥타이 직장인들은  몇 달치 밀린 월급의 노예 call me right now 네 고민의 무게는 두돈반  우리가 잘라내줄게 딱 두 동강  지금 get up get up get up get up ha! get up get up get up get up ha! get up get up get up get up ha! get up get up get up get up ha! get up get up get up get up ha!  you can ring my bell  (언제든지 그대 ring my bell) you can ring my bell  (I'll be there 기다려 baby)  haha 이제 일어나 모두 스테이지 위로 나가자  몸치라고 놀려대도 제멋대로 춤추자  haha 그 기분으로 넓은 세상으로 나가자  haha 다 웃으며 살자 like ha ha ha ha  call me up ring me up everyday everynight 그대 주저하지 말고 내게 다가와 call me up ring me up it's alright call me up  everyday everyday~  you can ring my bell  (언제든지 언제든지 my baby) you can ring my bell  (can I save you my baby) you can ring my bell  (I'll be there for you baby everytime) you can ring my bell  (call me up for you baby)  힘들때 전화해 call me up ring my bell  외로울땐 전화해 call me yo ring my bell  처녀총각 아저씨 아줌마도 ring my bell ring my bell let's dancin' with my band  call me baby 언제든지 내게 전화해 baby ring my bell call me baby 언제든지 내게 전화해 baby ring my bell hu~ring my bell
2004.07.04~07.10,8,519279,불꽃,KYT(코요태),Koyote 6,2004.03.26,Dance,ToyohisaAraki,미안하다는 그런 말들로  모든 걸 다 잊을수 없는 거잖아  yeah is y'all feeling that  right here  let's do it like the last  album right  come on say ha ha  come on say ha ha  let's rock this party down  let's go now 모든게 잘못된 걸 이제야 난  알아버렸어  그동안 너와 사랑에 정신없어  아무것도 몰랐어  내 친구의 연인이라는 너와  사랑한다는게  너무나 힘들어 너를 정리해도  끝이 보이질 않아  그러지마 난 너와 행복해  날 버리고 가지마  오랜시간 만난건 아니지만  너 하나면 행복해  짧지만 내모든걸 주었고 널  위해 희생했어  그러지마 이제와서 떠나면 난  어떡하란 말야  자 이제 모두 이곳에 일어나  더 크게 소리를 질러봐봐  걱정따윈 하지마 자  내손을잡아  시간이 다가왔어 자 목소리를  높여봐 now  3 2 1 let's turn the party ya 잊지마 내가 태운 사랑을  널 위해 태웠던  까맣게 타버린 나를 어떤  이유로도 잊어선 안돼  나 지금은 널 떠나지만  기다려 달라 말할게  우리 사랑하기에 넌 내 것이기에  꼭 니곁으로 올게  그러지마 난 너와 행복해  날 버리고 가지마  오랜시간 만난건 아니지만 너  하나면 행복해  짧지만 내모든걸 주었고  널 위해 희생했어  그러지마 이제와서 떠나면 난  어떡하란 말야  하늘이 잠시 갈라놓아도  우린 운명일거라고  너에 대한 내 사랑은 절대  변하지는 않아  그래 걱정마 언제든지 돌아와  내 걱정은 하지마  영원히 너만을 기다린다고  내사랑은 너라고  내사랑은 너라고
2004.07.04~07.10,9,527575,발작 (發作),원티드,Like The First,2004.06.04,R&B / Soul,박경진,Yoo YEAH   Can you see me cring out on my knees       Babay know baby yeah ~   이젠 꺼내보려해 하나둘 모아둔 니 기억까지다 모두 보내주려해 너무나 멀지만 너 가는 곳으로 니가 살고 있던 내 맘에  남아있는 너를 닮은 버릇까지 너의 곁에 돌려 놓으려 해  니가 내게 남겨둘 너없는 사랑은 다 여기까지만 이제 돌려 보내줄 모자란 니 사랑 꼭 지금까지만 다시 처음 처럼 내 맘에  단 하나도 니 향기 까지 남지 않게 마지막 날 위해 가져가 줘  떠나가도 돼  그런 말도 하지말고 보내줘 행복해도 돼  이젠 너완 상관없다 말해줘 나를 두고 눈을 감는 아픈 니맘 모르고 언제 까지 미워 할수 있도록  그저 떠나보려해 아무도 모르고 먼 곳이라 해도 내가 찾을수 없게 너는 더 모른척 꼭 숨는다 해도 너를 닮아있는 내 맘은 널 잃은채 살 수 없나봐 하루 하루 너를 더 닮아져 가려나봐  떠나가도 돼  그런말도 하지 말고 보내줘 행복해도 돼  이젠 너완 상관 없다 말해줘 나를 두고 눈을 감는 아픈 니 맘 모르고 언제까지 미워 할수 있도록  너를 참기조차 힘이 들어 너만 편하게 그런마음에 날 떠나 보내려 했다면  떠나가도 돼 내가 없이 잘 지낼수 있다면 행복해도 돼 그런 말은 하지말고 떠나줘 니가 없는 이세상이 난 자신이 없으니 내맘대로 행복할수 있도록  너를 닮아 행복할수 있도록 -
2004.07.04~07.10,10,525066,Sweety,클래지콰이,Instant Pig,2004.05.14,Electronica,호란,눈을 뜨면 오늘은 왠지 기분이 좋아  벽에 걸린 너의 웃음처럼  지난밤에 꿈속엔 네가 있던 것 같아  노래를 불러보네 yeah -  거리는 오늘따라 너무 눈부시기만 해  네 목소리로 내게 말을 걸어와  오늘같은 날이면 우연히 만날 것 같아  기대하며 걸어가 I'm in love with you   눈을 뜨면 오늘은 왠지 기분이 좋아  지난밤에 늦은 전화처럼  잠에 취한 목소린 귓가에 남아있어  나를 기다리게해 yeah -  머린 오늘따라 마음에 안들기만해  뭘 좋아할까 괜히 고민도 하고  오늘 같은 날이면 시간이 더디기만해  전화를 해볼까 I'm in love with you   어디쯤 오는 걸까 I'm in love  You don't know how I feel  When you smile at me like that  Can't you see that you are the one  To bring me back to life uh -  아침부터 오늘은 왠지 느낌이 좋아  곁에있는 너의 웃음처럼  따뜻한 네 목소린 내게 말을 걸어와  설레이는 시간들 Yeah -  거리는 오늘따라 너무 눈부시기만해  누구나 다들 우릴 보는 것 같아  오늘같은 날이면 시간이 빠르기만해  너와 둘이 걸어가  I'm in love with you  I'm in love -  You don't know how I feel  when you smile at me like that  Can't you see that you are the one  To bring me back to life uh -   Everytime you come around  Everytime you smile at me  Everytime you come around  Can you tell me you love me   Everytime you come around  Everytime you smile at me  Everytime you come around  You love me You love me -
2004.07.04~07.10,11,507875,My Little Princess (있잖아요...),동방신기(TVXQ!),Hug,2004.01.14,Ballad,,"Baby baby baby (있어줘)  How can I forget all the special memories of you.  Still remember, My little princess.  Baby baby baby (있어줘)   사랑이겠죠 이런 내 마음은 숨기려해도 금새  입가엔 미소만 하루도 안돼 또 보고싶어져  어쩌죠 내맘은 깊은 병에 걸린걸 게으른 내 모습  이제 없을꺼에요 좋은 것만 보여주고 싶은걸요   저기 높은 하늘로 날아가 사랑한다고 세상에 말할래  깊은 밤하늘에 꺼지지 않는 girl  너만을 지키는 빛나는 별이 될께요.  You're my love   헤어지잔말 행복하란 그 말(괜찮단 그 말)  영원히 우리 절대 하지 않기로 해.  지금처럼만 내 곁에 있어줘 부족한 나인 걸  이해해주길 바래   어른스런 내 모습을 기대해줘요  네게 가장 어울리는 남자가 되고 싶은 걸   언제까지나 그대 맘 속에 내가 들어갈 수 있도록  허락해줘 만일 그대도 나와같다면 아픔은 없죠  이젠 그댈 나 지킬께 for you.   (내가 널 얼마나 사랑하는 줄 아니.. 내 곁에 있어줘)   My little princess 이제껏 숨겨온 나만의 사랑  늘 보여줄꺼야 영원토록 변치 않는맘으로 girl  내 자신보다 더 더 사랑해줄 거라고  You're my love 약속할께.."
2004.07.04~07.10,12,525938,멈추지 말아요,이현우,Sinful Seduction,2004.05.20,Rock,최우섭,멈추지 말아요 당신 뜻대로 사랑을 하세요 진실한 마음에 후회를 말아요 지난날 추억을 노래를 불러요 추억의 노래를 희미한 불빛속에 온 세상이 잠들면 저 멀리서 들려오는 추억의 종소리  멈추지말아요 강물이 흐르듯 사랑을 하세요 고독한 마음에 후회를 말아요 슬픈 이별을 노래를 불러요 이별의 노래를 외로운 내 마음에 슬픔이 찾아오면 두눈에는 눈물만이 빗물처럼 흐르네
2004.07.04~07.10,13,518619,친구여 (Feat. 인순이),조pd(ZoPD),Great Expectation 조PD Pt. 2: Love And Life,2004.03.23,Rap / Hip-hop,조pd(ZoPD),yeah how hottest track of  the year you know what time isit right  now right here yo cuz I'm back again yeah  once again it's 조PD time once again I'm back again yeah once again with 인순이 on top again I'm back again yeah once  again come on 우리들의 얘기로만 긴긴밤이 지나도록 when the time is alright it's way to survive 기다려 hold on 사랑들은 하고있나 많은것을 약속했나 힘들어도 try 포기하지 말아 it will be alright alright 친구여 세월이많이 변했구려 같이 늙어간단 말이 내게는 그저 먼 미래의 일일뿐이었는데 얼굴에 솜털의흔적도 없구려 어느 새 남자의 미래는 책임감과 무거운 중압감 하지만 햇살은 저 높은 곳에 각자의 이상을 위해 모두 바쁘네 자랑스런 나의 친구들아 나는 열심히 살아가고 있단다 우린 일 사랑 사회가 issue 하지만은 인간적일 뿐일 실수는 모두 겪어야지 너무 재수없는  직장 상사얘기 별 수 없이 아저씨 되는게  뭐가 대수 이 담에 소주 한 잔 할때까지 답장은 필수 always miss you 우리들의 얘기로만 긴긴밤이 지나도록 when your sprit is alright it's way to survive 기다려 hold on 그런다면 eventually go on stand on your on feel 힘들어도 try포기말아 it will be alright alright 세월에 무감각 해져가네 현실의 삶과 이상속에 아련한 추억이 너무 그립네 친구들과 뛰놀던 그 동네 바쁘게 지내온 나날속에 지난날을 돌아보지 못했는데 어느 날 잠에서 깨어날 때 꿈에서 본 듯한 나의 옛동네 찾아가봤지 친구들과 같이 너무 큰 기쁨으로 가슴이 뛰었지 dejavu 느끼고 추억의 자리에서  흐느끼고 생각에 생각이 꼬리를 물고 해지면은 소주병 나발을 불고  여기 추억과 바닷바람 그리고 너무나 사랑하는 사람들이 있네 인생에 뭐가 더 있나 돈 명예 미래 따위야 말로 영원할 순 없소 이 diamond 같이 someting's never change yo KTP 인순이 조PD Let's party 인생 끝날때까지 come on 우리들의 얘기로만 긴긴밤이 지나도록 세월이 지나도 변치 말자고  약속했잖아 영원토록 변치 않는 그런  믿음 간직할래 세월이 지나서 다 변해도 변치 않는 것 하나 이젠 뭘 하더라도 그 시절 같을 순  없으리오 이젠 바쁘더라도 가끔 전화를  해보시오 이젠 뭘 하더라도 그때와 같을 순  없으리오 이젠 바쁘더라도 우리의  추억을 기억해줘 이젠 뭘 하더라도 그 시절 같을  순 없으리오 이젠 바쁘더라도 가끔 전화를  해보시오 이젠 뭘 하더라도 그때와 같을  순 없으리오 이젠 바쁘더라도 우리의  추억을 기억해줘 친구여
2004.07.04~07.10,14,606317,Growing Up,넥스트,개한민국,2004.06.01,Rock,넥스트,"난 아주 어릴 때 우리 반에서 앞에서 첫번째 줄에 앉았고 여자애들에게도 전혀 인기가 없었어 성격도 소심한 축에 들었고 유난히 몸이 약해 자주 아팠어 한마디로 말해 별 볼일 없었단 얘기지    그러던 어느 날 양호실에서 배탈이 나 드러누운 그 앨 보았고 내 생애 처음으로 사랑에 빠져버렸어 얼마 후 소풍 날 하필 그 애가 우리 반 아이들 몽땅 모인 앞에서 나의 촌스러운 바지를 놀려대는 거야 당황해버린 난 얼굴이 빨개져 숨이 막혀와 어쩔 줄 몰라서 우왕좌왕 하다가 그만 손을 들어 그 애 뺨을 때렸지 *I""m sorry i""m so sorry 정말 미안해 나의 천사여 엉엉 울면서 집으로  돌아 가던 길은 멀기만 했지 i""m sorry i""m so sorry 결국 말하지 못했던 그 말 그토록 오랜 세월이 가도 가슴에 남아 우연히 들러 본 동창회에서 숙녀가 된 그 애를 다시 만났고 우린 진짜로 사랑에 빠졌으면 좋았겠지만 영화에나 나올 법한 그런 얘기지 졸업 후 다시는 그 앨 못 봤어 결국 삶이란 영화가 아니란 얘기야 정말 아주 우연히 어느 하늘 아래 길을 걷다가 스치듯 지나쳐 갔을 수도 있겠지 너는 내 얼굴을 기억할 수 있을까 I""m sorry i""m so sorry 정말 미안해 나의 천사여 엉엉 울면서 집으로  돌아 가던 길은 멀기만 했지 i""m sorry i""m so sorry 결국 말하지 못했던 그 말 그토록 오랜 세월이 가도 가슴에 남아"
2004.07.04~07.10,15,606079,시간을 찾아서 (Feat. 이적),김진표,Remastering All About JP,2004.05.24,Rap / Hip-hop,김진표,"내 나이 여섯살 때  크지 않은 언덕 위에 작지만 너무도 예쁜 놀이터  하나 있었었지. 거기엔 언제나 혼자,  풀밭에 앉아 예쁜꽃 찾아, 노래를 부르던 여자애 하나.  내 맘을 흔들었지. 말 한번 하지도 못하고  단 한번에 맘을 뺏겨 어린 맘에 찾아든 이상한 감정에 잠까지 뒤척여 주먹을 꼭 쥐고 엄마께 말하고 그녀와 꼭 결혼 하겠다고.  내 나이 스물 여덟 시간은 금새 흘렀는걸 동화 속 공주님 같은 얘기는  내게 너무 사치인걸 이리로 가다, 때로는 저리 가다 계속해 뛰다보면 어느샌가 시간은 흘러 이렇게나 미쳐가나 지나가는 시간을 잡고 한번은 말을 걸고 싶은 건데 날 위해 한번만  멈추어 주었으면 좋겠는데 내가 꿈꾸는 추억 속으로  떠날 한번의 기회 동화 속 공주님을 위해 시간은 도대체 어디 살고 있을까 매일 같이 넌 달리기만 하잖아 혹시 나 몰래 넌 햇볕드는 창에서 쉬고 있진 않을까  어렸을때 내가 훔친  어머니 지갑 속 오백원 되돌려 주지 않은  만화책들이 집에 세 권 아무런 이유도 없이  약한 자를 때린건 네 번 난 거짓말을 매 번 그냥 가책없이 말했던 그때 그 장난 가득한 어린시절에도 난 계속 사고는 쳤지만  내게 행복만 내 주변에 가득했지만  나 지금 내모습 보며, 쓴 웃음만 또 지며, 그때로 돌아가길 간절히 한번 빌어보지만 시간은 도대체 어디 살고 있을까 매일 같이 넌 달리기만 하잖아 혹시 나 몰래 넌 햇볕드는 창에서 쉬고 있진 않을까 어렸을적 나는 고층건물 유릴 닦고 싶다고 그럼 난 하늘을 나는 기분을 느낄 수가 있다고 아님 커서 택시 운전사가 난 될꺼라고 그럼 난 세상 어디든지 여행 다닐 수 있을꺼라고 아니면 난 구멍 가게 주인이 되고 싶다고 그럼 난 내가 원하는 과자  마음대로 먹을 수가 있다고 이 세 가지중 반드시 한가지는 이루겠다고 그렇다고 내 일기장에 적혀있다고  시간은 도대체 어디 숨어있을까 단 한번만 붙잡고도 싶은데 언젠가 나 너를 보게 되는 그 날에 내 작은 상자 안에 널 넣어둘꺼야 이렇게 나 너만 있으면 눈물 흘리지도 않을텐데 가슴 아픈 기억들을 모조리 되돌릴텐데 또 기억 저편에 보내  저 멀리 나를 보내고 오래  머무르며 그녀의 노래 들을수 있을텐데 아마 평생 내가 너를  보는 날은 오지 않겠지 세월이 흘러 주름이 지면 너가 말해주겠지 난 언제나 항상 너와 함게 했다고 다만 니가 몰랐던 것 뿐이라고"
2004.07.04~07.10,16,521704,그곳에 서서,박효신,Soul Tree,2004.04.20,Ballad,채정은,멀리도 돌아왔어 오는 길이 늦었어 그게 미안했어 항상 하지만 니가 없는 건 기다려주지 않는 건 상상도 못한 일이야 니가 있던 자리엔 싸늘한 바람만 일어 가슴은 너무 아픈데 난 울 수도 없겠어 너만 향해 왔는데 빛을 따라 온 건데 이제는 내 모든 게 사랑에 묻혀 끝난 거야 가라앉을 배처럼 지나친 욕심이었나 아님 자만이었나 절대 안 떠날 너라고 하지만 너는 없었어 돌아올 곳이 없었어 그토록 힘이 들었나 너를 사랑한 곳엔 너 아닌 그리움 살아 잊기엔 너무 많아서 난 잊을 수 없겠어 너만 보고 온 건데 이젠 안 떠날텐데 살아갈 희망없는 난 다 끝난 거야 조금씩 가라앉을 배처럼 이기적인 내 방황이 답답했던 내 방황이 자꾸 널 떠밀었어 니 맘을 아프게 했어 니가 있던 자리엔 그대로 니가 서있어 내가 널 너무 사랑해 널 보낼 수 없겠어 그냥 함께 갈 거야 니가 빛이었으니 어차피 너 없는 나는 나 아닌거니 기다리겠어 이젠 내가 널 기다려 니가 아팠던 바로 그 곳에 서서 저 깊이 가라앉을 때까지
2004.07.04~07.10,17,1589039,여기보다 어딘가에,하림,Whistle In A Maze,2004.04.09,Ballad,이미나,아무 일도 없는 하루 또 하루 가 나를 지치게 해 보잘 것 없는 일상 초라한 평화속 숨막혀 하면서 사는 동안 잃어버린 모든 것은 이곳에는 없으니 이제 나 떠난다 크게 숨쉬며 돌아봄 없이 내가 가 두었던 내 자유를 찾아 하늘과 호수 들판을 달려 파도가 흰 구름을 품는 곳으로  나 또 다시 이곳으로 돌아오기 위해서 이제 나 떠난다 크게 숨쉬며 돌아봄 없이 내가 가 두었던 내 자유를 찾아 하늘과 호수 들판을 달려 파도가 흰 구름을 품는 곳으로  뚜뚜두룹 뚜뚜두룹  뚜뚜두룹 뚜뚜두룹  내가 가 두었던 내 자유를 찾아 뚜뚜두룹 뚜뚜두룹  들판을 달려 뚜뚜두룹 뚜뚜두룹  뚜뚜두룹 뚜뚜두룹  파도가 흰 구름을 품는 곳으로 지금 여기보다 그 어디엔 가로
2004.07.04~07.10,18,1033779,대한건아 만세,엔알지(NRG),New radiancy 6 group,2004.04.30,Dance,천명훈,앞으로가라 (I want you go) 깨우치리라 (I want you fly) 하나로 뭉쳐 승리하리라  대한건아 만세 다 같이모여 (I want you go) 노래하리라 (I want you fly) 손에 손잡고 함께하리라  대한열녀 만세 그대여 우리세계 중심이여  의심하지말고 합심 바로 결심 내가슴에 시동을걸어 뱃고동  소리와 함께 울려퍼져 Rpm Power 자기절제 하지마 쭉쭉나가 1Step 2Step 계속 밟아 나가다가 밖으로 앞으로 옆으로 새지말고 지구촌 세계로 풍류가무도 우리 민족이 제일  어깨동무로 바로 하나로 통일 매너 최고라네 어진 선비왕비  미모 외모도 한국여자가 제일 너의 열풍은 여기저기 퍼져  모두의 기쁨으로 내공이 커져 춤의 진수를 보여 끼를 막 뿌려  결국은 성공해서 대박이 터져 망설이지 마라 네 모든것을 던져  그 가슴을 불태운 너의 열정으로 더 뒤쳐지지 마라 네 세상이 기다려  아무 생각하지 말고 앞으로 앞으로 뱃놀이 가세 (어기여차) 노 저어가세 (저기여차) 어깨가 들썩 얼씨구 좋다  대한건아 만세 뱃놀이 가세 (어기여차) 노 저어가세 (저기여차) 어깨가 들썩 지화자 좋다  대한열녀 만세 인생이란 가끔은 복잡해  되는일도 안되면은 답답해 너의삶에 스케줄이 빡빡해  뒤에서 힘껏 밀어줄께 전진해 더이상의 외도 네 능력밖의 괘도  아무리 그 누가 뭐라말을 해도 버티는 게 힘이다 우리만의 제도  악으로 깡으로 그게 너의 태도 이 순간을 즐겨봐  오늘 하루만  모든 것을 잊어봐 Happy tonight 머리를 흔드는 너는 Sensation  음악은 우리들의 Communication 강한 여자 늠름한 남자  원한다면 진짜 한 방에 가자 앞 뒤 재지 말고 눈치 보지 말고  손을 머리위로 으�X 으�X 후회하지 마라 너의 전부를 걸어 그 가슴을 불태운 너의 열정으로 또 다시 일어서라 네 미래가 기다려 아무 생각하지 말고 앞으로 앞으로 앞으로가라 (I want you go) 깨우치리라 (I Want you fly) 하나로 뭉쳐 승리하리라  대한건아 만세 다 같이모여 (I want you go) 노래하리라 (I Want you fly) 손에 손잡고 함께 하리라  대한열녀 만세  아직은 아픔도 남아있기에  너무 힘든게 현실이기에 부족하지만 내 어깨에 날갤 달아  하늘을 향해 소리칠거야 이젠 힘껏 날아가리라(망설이지 마라 ) 네 모든 것을 던져 그 가슴을 불태운 너의 열정으로 더 뒤쳐지지 마라 네 세상이 기다려 아무 생각하지 말고 앞으로 앞으로 뱃놀이가세 (어기여차) 노저어가세 (저기여차) 어깨가들썩 얼씨구 좋다  대한건아 만세 뱃놀이가세 (어기여차) 노저어가세 (저기여차) 어깨가 들썩 지화자 좋다  대한열녀 만세
2004.07.04~07.10,19,1944402,사랑하길 정말 잘했어요,SG워너비,Sg Wanna Be+,2004.01.20,Ballad,안영민,자꾸 멀어져만 가네요 괜한 욕심은 발걸음을  멈춰 보지만 헤어질 수 밖엔 없는데 이런 내 맘은 그댈 잡죠 많이 사랑했는데 정말 좋았는데 지난 추억이 날 붙잡고  놓질 않아요 사랑하길 정말 잘했어요  그댈 만난 건 나를 살아있게 만드는  운명과도 같았죠 우리 다시 사랑할 때까지 그댈 기다릴게요 좋은 기억만 행복했던  추억만 가져가요 생각이나 날까요 기억은  할까요 그대 내 손에 쥐어주던  편지들까지 사랑하길 정말 잘했어요  그댈 만난 건 나를 살아있게 만드는  운명과도 같았죠 우리 다시 사랑할 때까지 그댈 기다릴게요 좋은 기억만 행복했던  추억만 가져가요 셀 수없이 많은 날이 지나  그리워하죠 나의 눈물만큼 커져 가네요 하루에도 수 백번씩 그대  이름 불러요 그대 기억 안에 멈춰버리죠 사랑하지 말걸 그랬어요 그댈 만난 건 눈물로 지샐 또 하루를 선물 받은 것 같죠 내가 살아가는 동안 만이라도 기다릴게요 다시 만나면 끝내 못했던 그말 사랑해요
2004.07.04~07.10,20,521717,어떡해,쿨(COOL),Cool Best,2004.04.19,Dance,박해운,어떡해 어떡해 어떡해 날.. 어떡해 우-  어떡해 그녀 나를 떠나간데  지금껏 나를 사랑만 했는데  항상 내게 이 세상을 늘 사랑할 수 있는  그 소중한 이유를 가르쳐 줬는데   어떡해 어떻게 그녈 보내  까맣게 내 맘 다 타버릴텐데  하얗게 내 앞에 남은 밤을  눈물로 지샐텐데(못 잊을텐데)   사랑해 미안해 그 어떤말도  잡을 수 없기에 삼킬 수 밖에  지금껏 그녀가 내게 말한 모든 것은  다 지켰었기에   어떡해 어떡해 어떡해 날.. 어떡해 우-   언제나 웃음만을 보여주던  그녀가 끝내 울고야 말았지  항상 내게 현실 너머 큰 꿈을 알게 해준  그런 사랑은 세상에 단 하나 뿐인데   어떡해 어떻게 그녈 보내  까맣게 내 맘 다 타버릴텐데  하얗게 내 앞에 남은 이 밤을  눈물로 지샐텐데(잠 못들텐데 )   내가 널 떠나도 혼자 잘 지내죠  널 걱정하지 않도록  (힘들텐데)어떡해 어떡해 널 떠나야해  이렇게 여린 너를 남겨준채  어떡해 어떡해 난 떠나야해  그렇게 보낸 내맘 힘들텐데   사랑해 미안해 그 어떤 말도  잡을수 없기에 삼킬수 밖에  지금껏 그녀가 내게 말한  모든것을 다 지켰었기에 -
2004.07.04~07.10,21,524216,물고기자리,이안,물고기자리,2004.05.06,Ballad,김선민,혹시 그대가 어쩌다가 사랑에 지쳐 어쩌다가 어느 이름모를 낯선 곳에 날 혼자두진 않겠죠 비에 젖어도 꽃은 피고 구름가려도 별은 뜨니 그대에게 애써 묻지않아도 그게 사랑인걸 믿죠 저기 하늘끝에 떠 있는 별처럼 해뜨면 사라지는 그런 나 되기 싫어요 사랑한다면 저 별처럼 항상 거기서 빛을 줘요 그대 눈부신 사랑에 두눈 멀어도 돼 하늘에 박힌 저 별처럼 당신의 아픔으로 묶여 움직일 수가 없지만 난 변하지 않을테니 작은 꽃잎위에 맺힌 이슬처럼 해뜨면 사라지는 그런 나 되기 싫어요 사랑한다면 저 별처럼 항상 거기서 빛을 줘요 그대 눈부신 사랑에 두눈 멀어도 돼 하늘에 박힌 저 별처럼 당신의 아픔으로 묶여 움직일 수가 없지만 난 변하지 않을테니 비에 젖어도 꽃은 피고 구름가려도 별은 뜨니 묻지 않아도 난 알아요 그대 내 사랑인 걸 작은 꽃잎에 이슬처럼 저기 하늘끝 저 별처럼 다시 해뜨면 사라지는 내가 되기 싫어요 변하지 않을테니
2004.07.04~07.10,22,527136,My Friend (Radio Edit),디기리,리듬의 마법사,2004.06.04,Rap / Hip-hop,,내게 있어줘 내게 이젠 넌 내가 어때 난 이제는 니가 편해 넌 꼭 나와 같은데 내게 말해줘 이제 내맘은 예전 같은데 널 기다리고 있는데 넌 꼭 올 것 같은데 난 너와 헤어진 후로 이렇게도 아무렇지 않게 널 다시 만날줄은 난 몰랐어 원래 여자랑 친구 하는거 몰라 우리 과거는 그렇다 치고 지금 우리관계는 너와 난 단순한 친구 넌 나의 너 이후 지나온 여자를 알듯이 난 너의 나 이후 지나온 남자들을 알아 맞아 이게 너와 내가 될 수 없는 이유잖아 지금은 너와는 싸울 일은 없지 조금은 조심해 널 대하지 술 먹을때 넌 꼭 내 옆에 앉진 않아 날 부를때 자기란 말 대신 이젠 이름을 부르잖아 내게 있어줘 내게 이젠 넌 내가 어때 난 이제는 니가 편해 넌 꼭 나와 같은데 내게 말해줘 이제 내맘은 예전 같은데 널 기다리고 있는데 넌 꼭 올 것 같은데 내게 넌 왜 그런 애기를 해 이 얘기는 왜 해 질투 원해 원래 그렇게 해 이제 속 시원해 이해하겠는데 니가 요즘 만나는 남자의 얘기 따윈 솔직히 짜증나 아직 난 니가 다른 사람을 만나도 신경 쓰이지 않는다는 건 거짓말 네거지만 내 옆자린 비워도 일부러 미워도 날 불러 곁에 있을테니 괜히 이래도 서둘러 넌 알잖니 넌 마치 나와 같이 느껴지고 있지 누굴 만나도 너 같지는 않겠지 이런 내 맘이 사랑일리는 없지 어쩌면 이건 변명 같은 내 자존심의 어린억지 아직까지 너에 대한 내 마음이 남아 다시 사랑으로 느껴지고 있는데 이런 내가 널 기다리는데 아직까지 네게 아무말도 못해 이런 맘을 네게 들키긴 싫은데 그런데 넌 내게서 점점 더 연인보다 친구로서 머무는데 내게 있어줘 내게 이젠 넌 내가 어때 난 이제는 니가 편해 넌 꼭 나와 같은데 내게 말해줘 이제 내맘은 예전 같은데 널 기다리고 있는데 넌 꼭 올 것 같은데 넌 내 옛 여자 헤어져 이젠 상관없지만 우리의 예전 지난 얘기들 시들해져 버린 것처럼 이런저런 기억의 의미 기억해 희미해져 어쩌면 잊고 있겠지 넌 이미 매일같이 하고 싶은 말이 있지만 다시 만나자는 이 말이 머무네 내 목구멍에 널 보는 동안 내내 다음은 다시 내 차례일까 안돼 난 감정의 처리가 내게 있어줘 내게 이젠 넌 내가 어때 난 이제는 니가 편해 넌 꼭 나와 같은데 내게 있어줘 내게 이젠 넌 내가 어때 난 이제는 니가 편해 넌 꼭 나와 같은데 내게 말해줘 이제 내맘은 예전 같은데 널 기다리고 있는데 넌 꼭 올 것 같은데 넌 마치 나와같이 느껴지고 있지 그렇기 때문에 더욱 편안하지 누굴 만나도 너 같진 않지 넌 꼭 나와 같은데 넌 마치 나와같이 느껴지고 있지 그렇기 때문에 더욱 편안하지 누굴 만나도 너 같진 않지 넌 꼭 올 것 같은데 넌 꼭 올 것 같은데
2004.07.04~07.10,23,516205,욕심쟁이 (duet with 이소은),김동률,4집 토로 (吐露),2004.03.09,Ballad,김동률,매일 아침에 젤 먼저 날 깨워주기  내가 해 준 음식은 맛있게 다 먹어주기  한 달에 하루쯤은 모른 척 넘어가주기  친구들과 있을땐 나 말고 딴데 보지않기   잠들기 전에 꼭 내게 전화해주기  한 번 들은 얘기도 재밌게 다 웃어주기  혹시 몸이 아플 땐 나에게 숨기지 않기  하고싶은 얘기는 돌려서 말하지 않기   사랑한다는 말은 나에게만 하기  좋아한다는 말도 너무 아껴하지 말기  혼자서만 괜히 삯히지 말고  무슨 일이든 다 말해주기  우리끼린 절대 거짓이 없기   엉엉 울 때엔 날 그냥 내버려두기  내가 투정 부릴 땐 말없이 껴안아 주기  술이 취해 전화를 걸어도 화내지 말기  남자들의 세계는 절대로 넘보지 않기   사랑한다는 말은 나에게만 하기  좋아한다는 말도 너무 아껴하지 말기  서로에게 상처 받았던 일들  그 자리에서 다 털어놓기  우리끼린 절대 비밀이 없기  괜히 다툼끝에 서로 토라질 때  먼저 말 걸어주고 미안하다 말하기   사랑한다고 날 좋아한다고  너무 보고싶다고 수도 없이 말해주기  서로에게 감동 받았던 일들  마음 속 깊이 감사해 하기  내가 잘해주는 만큼 나에게 더 잘해주기   헤어지자는 말은 평생 꺼내지도 말기  지금까지 굳게 맺었던 약속  단 한 가지도 빼놓지 않기  내가 사랑하는 만큼 더욱 더 날 사랑하기   헤어지자는 말은 평생 꺼내지도 말기  지금까지 굳게 맺었던 약속  단 한 가지도 빼놓지 않기  내가 사랑하는 만큼 더욱 더 날 사랑하기 -
2004.07.04~07.10,24,522845,180˚,MC몽,180 Degree,2004.04.23,Rap / Hip-hop,,Yeah~ This is Supa Size  I`m here bye  Introduce my man MC 몽 New Joing~~~  Oh Come On~ Come On~ Uh!!! Uh!!!  This is story of His Life!!!  Mr. M.O.N.G!!!  나를 보고 바보 라고 사람들이 놀려대도  그 아무도 그 누구도 무시못해 (너나 잘해)  밑도 끝도 없이도 죽도 밥도 안돼도  후회 없어 난 행복해 Hey~ Hey~ Hey~ 노래부르세~  삼류인생에서 계약금 억대로  차가운 마루바닥에서 따뜻한 양탄자로  1991년식 낡은 스틱 고물차에서 빛나는 스포츠카로  벼랑끝 낭떠러지에서 떨어 질 듯 말듯 했던  내 인생이 강하므로 수많은 시행착오  겪으므로 내 청춘 탄탄대로  남들보다 월등 하지 못해도  내가 갖고 있는 재능에 노력에 결과로  내 인생은 180도 완젼 바뀐 내 인생은 고속도로  회전목마도 돌고 돌고 우리 인생도 돌고 돌고  안 풀린다고 너는 울고 기회를 놓치면 해는 저물고  나를 보고 바보 라고 사람들이 놀려대도  그 아무도 그 누구도 무시못해 (너나 잘해)  밑도 끝도 없이도 죽도 밥도 안돼도  후회 없어 난 행복해 Hey~ Hey~ Hey~ 노래부르세~  OK!!! 마지막 찬스 로또 일등  저마다 사람들이 꿈꿔오는 일들  쉽게 표현해서 인생역전  전후 반전 상관없이 오로지  한방을 향해서 싸우는 쟁탈전  쫓지마 헛된 꿈은 꾸지마  어릴적 믿어왔던 꿈도 역시 잊지마  너의 땀과 노력이 보인다면  차례차례 순서대로 부와 명예 오는 법인걸  내 말이 맞을걸  좋든 싫든 원했든 원하지 않았든  달려 더 뛰어 더 빨리 널 위해  (더 높게 올라갈 수 있게)  (Music) 제대로 (Rap) 제대로  (Dance) 제대로(Feel)제대로  똑바로 살려면 스타일은 제대로  나를 보고 바보 라고 사람들이 놀려대도  그 아무도 그 누구도 무시못해 (너나 잘해)  밑도 끝도 없이도 죽도 밥도 안돼도  후회 없어 난 행복해 Hey~ Hey~ Hey~ 노래부르세~  (더 높게 올라 갈 수 있게)  난 빠르게 정상을 향해 갈께  (더 높게 올라갈 수 있게)  난 빠르게 자신을 믿을께  (돈) 제대로(사랑) 제대로  (우정) 제대로(군대)제대로  (음악)제대로 (성공)제대로  갈 길은 멀으니 모두 Up in here!!!  진흙 속에 피어난 연꽃처럼  아스팔트 위에 핀 잡초처럼  설악산에 기둥 흔들 바위처럼  애벌래에서 변하는 오!!! 나비처럼  원래 인생은 강강수월래  돌고 돌고 돌다 360도  회전하면 다시 한줌의 흙으로  자연에 섭리로 돌아가는 물레방아래  나를 보고 바보 라고 사람들이 놀려대도  그 아무도 그 누구도 무시못해 (너나 잘해)  밑도 끝도 없이도 죽도 밥도 안돼도  후회 없어 난 행복해 Hey~ Hey~ Hey~ 노래부르세~  나를 보고 바보 라고 사람들이 놀려대도  그 아무도 그 누구도 무시못해 (너나 잘해)  밑도 끝도 없이도 죽도 밥도 안돼도  후회 없어 난 행복해 Hey~ Hey~ Hey~ 노래부르세~
2004.07.04~07.10,25,606780,서른 즈음에 - 김광석,JK김동욱,JK 김동욱 2.5집 - Memories In Heaven,2004.05.10,Ballad,강승원,또 하루 멀어져 간다  내뿜은 담배연기 처럼  작기마한 내 기억속엔  무얼 채워 살고있는지    점점 더 멀어져 간다  머물러 있는 청춘인줄 알았는데  비어가는 내 가슴속은  더 아무것도 찾을수 없네    계절은 다시 돌아오지만  떠나간 내 사랑은 어디에  내가 떠나보낸것도 아닌데  내가 떠나온것도 아닌데    조금씩 잊혀져 간다  머물러 있는 사랑인줄 알았는데  또 하루 멀어져 간다  매일 이별하며 살고 있구나  매일 이별하며 살고 있구나    점점 더 멀어져 간다  머물러 있는 청춘인줄 알았는데  비어가는 내 가슴속은  더 아무것도 찾을수 없네    계절은 다시 돌아오지만  떠나간 내 사랑은 어디에  내가 떠나보낸것도 아닌데  내가 떠나온것도 아닌데    조금씩 잊혀져 간다  머물러 있는 사랑인 줄 알았는데  또 하루 멀어져 간다  매일 이별하며 살고 있구나  매일 이별하며 살고 있구나-
2004.07.04~07.10,26,1590296,종이 비행기 (A Soaring For Dream),문희준,A Soaring For Dream,2004.04.22,Rock,문희준,난 항상 바랬었죠 내 속에 살고 있는 아픔과 미움들이 모두 사라지기를 아침에 눈을 뜨면 어젯밤 꿈속에서 좋았던 기억들이 현실로 이뤄지기를 난 아픈 세상에서 자유롭고 싶어 사랑과 희망의 두 날개로 난 슬픔들을 접어 비행기를 만들어 내 꿈을 타고 날아올라요 난 이제 자유롭죠 불타는 가슴으로 슬픔을 태워버려요 내 모든 힘을 다해 내 꿈을 펼칠거야 세상을 만들어가요 난 항상 보기 싫던 구차한 사람들도 이제와 생각하면 모두 고마워져요 내곁에 사랑하는 따뜻한 사람들이 너무 소중한 걸 알게 해 주었죠 난 이제 자유롭죠 불타는 가슴으로 슬픔을 태워버려요 내 모든 힘을 다해 내 꿈을 펼칠거야 세상을 만들어가요  난 힘들때면 피할 수 없는 고통뿐이지만 소중한 내 꿈을 이룰 수 있게 천천히 이겨 나가요 언제나 언제나  내 모든 힘을 다해 내 꿈을 이룰거야 세상을 만들어가요 (우리만의 세상 꿈꿔왔던 세상)
2004.07.04~07.10,27,523766,가슴에 지는 태양,김범수,The 4th Episode,2004.04.30,Ballad,윤사라,나의 눈이 멀 것 같아 숨이 멎을 것만 같아 다시 너를 바라볼 수 없는 거라면 살아야 할 이유조차 잃어버린 난 이미 죽은 것과 같을테니까  왜 그땐 몰랐을까 어떻게 사랑해야 하는지 널 갖고 싶어 안으려 애를 써봐도 왜 넌 멀어져만 가는지 나의 꿈속에 너는 언제나  찢겨진 날개와 눈물에 얼룩져 있어  나는 눈이 멀 것 같아 숨이 멎을 것만 같아 다시 너를 느낄 수가 없는 거라면 살아야 할 이유조차 잃어버린 난 이미 죽은 것과 같을테니까 워-  나의 꿈속에 너는 언제나 두 손을 잡으면 닿을 듯 사라져 가지  내겐 시간마저 멈춰 태양마저 빛을 감춰 다시 너를 만질 수도 없는 거라면 니가 있어 눈부시던 나의 세상도 아무 의미조차 없을테니까 워-  다시 한번만 단 한번만 더 기회를 줘 아프지 않게 누구보다 더 행복하게 워-  너를 위해 웃고 싶어 너를 위해 울고 싶어 내 모든 걸 주고 싶은 오직 한 사람 이제서야 너의 맘을 알게 됐는데 떠나지마 다시 돌아와 내게 내게 내게 -
2004.07.04~07.10,28,602443,Knockin Heaven`s Door,유미,내 여자 친구를 소개합니다 OST,2004.06.01,"Korean Movie,Ballad",밥딜런,Yeah yeah yeah Yeah yeah yeah Mama take this badge off me I can't use it anymore It's getting dark too dark to see Feels like I'm knockin' on heaven's door Knock knock knockin' on heaven's door Knock knock knockin' on heaven's door Knock knock knockin' on heaven's door Knock knock knockin' on heaven's door Mama put my guns in the ground I can't shoot them anymore That long black cloud is comin' down I Feels like I'm knockin' on heaven's door Knock knock knockin' on heaven's door Knock knock knockin' on heaven's door Knock knock knockin' on heaven's door yeah yeah yeah Knock knock knockin' on heaven's door  Knock knock knockin' on heaven's door Knock knock knockin' on heaven's door Knock knock knockin' on heaven's door Knock knock knockin' on heaven's door
2004.07.04~07.10,29,521068,걸음이 느린 아이,고유진(플라워),신생아 (新生我),2004.04.09,Ballad,김진용,함께 걸으면 손닿지 못할만큼  한참을 뒤에 오던 그녀였죠  빨리 오라며 그녀를 다그치고  답답한 마음에 난 앞서서  걸었는데  천천히 걸을걸 그랬죠  먼저간 날 잃었었는지  그녀가 오질 않네요  하루를 헤매다 돌아온 그녀는  어제보다 많이 다른 모습이죠  날 보며 웃는 미소도  그 향기도 모두 예전과 같은데  낯설은 그대 모습  사소한 일로 많이 다툰  날이었죠   평소와 다른 그녀 모습보고  먼저 다가가 그녈 달래봤지만  내말도 들으려 않은채  울고있죠  사랑하는 사람있다고  허락해 줄수만 있다면  그 사랑 안고 싶다고  고개를 저으면 그저 난 저으면  예전처럼 다시 만날수 있나요  조금 더 함께 하고파  그렇게도 천천히 걷던 그녀를  알지못한 내 죄로  보내야 하나요  그대 혼자서 나를 남겨둔채  가는건  여린 그대가 참 힘든일이라  나 그대 따라서 이별이란  슬픈 세상에  나도 함께 갈께요 고개를 저으면 그저 난 저으면  예전처럼 다시 만날 수 있나요  조금 더 함께 하고파  그렇게도 천천히 걷던 그녀를  난 보내야만 하죠
2004.07.04~07.10,31,517087,사랑은 (Song 정인),리쌍,"Leessang, Special Jungin",2004.03.05,Ballad,KENNETH,잊어야죠 이제는 보내야죠  놔야겠죠 잡고있던 인연도 남겨진 슬픔 추억은  내 맘속에 흔적으로 남길께요   알았었죠 우리의 마지막을  예감했지만 멈출수가 없어  불안한 우리 사랑 더 밀어붙인 거죠  그렇지만 괜찮아요 지금도 후횐없어요   나에겐 사랑은 상처만을 남겼지만  사랑은 웃는법 또한 알게했고  사랑은 살아갈 이유를 주었다가  사랑은 절망이 뭔지도 알게했죠   사랑은 그렇게 왔다간거죠  내 마음속에서 love is   또 오겠지 나에게 다른 사랑이  그땐 지금처럼 힘들진 않겠죠  이미 사랑이 어떤건지  나에게 알려주고 갔으니  날 보낸 지금보다 쉽겠죠   사랑은 상처만을 남겼지만  사랑은 웃는법 또한 알게했고  사랑은 살아갈 이유를 주었다가  사랑은 절망 또한 알게했죠  사랑은 내게 알려주었죠  이 모든 것들을   내게 사랑은 함께라는 걸 보여주고  이별은 외로움 또한 남겨줬고  사랑은 다가서는 법을 알려주고  이별은 멀어지는 법도 알게했죠  사랑은 내게 알려주었죠  이 모든 것들을 love is -
2004.07.04~07.10,32,492857,다 괜찮아요,리사,Finally,2003.11.04,R&B / Soul,,난 다 알고있는 걸요 그대 삶 속에 함께 있던 난데 누굴 만나고 또 얼마나 가끔 웃고있는지 늘 보고있는 것처럼 모두 다 느끼죠 다 알아요 아파했던걸 그대 곁에서 날 떼어내는 일이 그대만 믿고 있던 그대만 알고 있던 나를 보면 꺼내기까지 힘들었죠 헤어지자는 그 얘기 참 다행스럽죠 우리 헤어지고도 미운 맘없이 늘 걱정뿐이니 항상 고마운걸요 기억 속에 이렇게 곱게 남아준 그대가 있어서 늘 그대가 보고싶었죠 하루종일을 그대 생각에 쓰고 듣고 싶은 목소리 기억하려 한참 애써보지만 꿈에도 그댄 안보이죠 잘 지내고 있는거죠 늘 괜찮았어요 지난 우리 사랑은 매일 처음처럼 보고싶으니 항상 미안했어요 한번 뿐인 그 사랑 마지막까지 지키지 못해서 깨어나는 일이 두려운 아침에는 눈을 감고 그대 얼굴만 떠올리곤 하죠 내가 그댈 잊지 않고 사는 한 늘 우리 사랑은 그대로죠 난 다 괜찮아요 그대 없는 오늘도 미운 맘 없이 늘 걱정스러울 뿐인걸요 고마워요 기억 안에 이렇게 곱게 남아준 그대가 있어서 난 언제나 괜찮아요
2004.07.04~07.10,33,2025250,닮은 사람,테이,The First Journey,2004.01.05,Ballad,조은희,왜 내게 말하지 않았죠   그대를 떠난 예전 사람과   참 많이 닮아서 나를 만난거라고   내 모습에 숨겨진 그에게   이끌려 머문거라고   그와 갔던 곳에 갔나요   그곳에서 날 보면서   그와 함께 했었던 시간을   추억했나요   날 사랑하지 말아요 날   사랑하면 안돼요   그대 맘을 믿고 싶어하면   그땐 어떻게   혹시라도 그가 돌아온다면   나는 또 어쩌죠 보낼수 없다면   다 용서 해줄 수 있나요   그녀와 닮은 그대 때문에   나 역시 쉽사리 빠져들게 된걸요   내 가슴 한구석에 그녀에 자리를   비워둔채로   못해준게 너무 많아서 울린일이   맘에 걸려   대신 그대에게 더 잘하고   싶었었나봐   날 사랑하지 말아요 날   사랑하면 안돼요   그대 맘을 믿고 싶어하면  그땐 어떻게  혹시라도 그가 돌아온다면  나는 또 어쩌죠 보낼수 없다면  다시 길들여지는게 다 잊고  시작하는게  상처 될까 원할수록 겁이 나  사랑할지도 몰라요 하지만  아직 안돼요  서로 외로움이 외로움을  키울뿐이죠  그대 안에 내가 그보다 크면  내 속에 그대가 그녈 다  지우면 와줘요
2004.07.04~07.10,34,519169,보이지 않는 인사,강성훈,Everlasting,2004.03.25,Ballad,이경,이제야 울어요 아파서 우네요 떠나가는 그댈 보며 보이지 않는 인사 전해요 고운 그대 얼굴 바라보며 한없이 초라한 날 감추네요 약속 할래요 행복할거라 울지도 않을 거라 믿어요 사랑해서 기쁜 것은 함께 있는 그 순간 뿐이라는걸 보는것들 조차 힘겨워질땐 이별은 이미 시작된거죠 사랑해줘 고마워요 그걸 너무나도 잘 알기에 잘가라는 인사조차도 보이지 않게 하네요  그대 행복찾길 잘했네요 그 사랑 보면서 또 인정 하죠 내 옆에선 늘 울던 그대가 미소가 그리 아름다울줄.... 사랑해서 기쁜 것은 함께 있는 그 순간 뿐이라는걸 보는것들 조차 힘겨워질땐 이별은 이미 시작된거죠 사랑해줘 고마워요 그걸 너무나도 잘 알기에 보고픈 만큼 행복을 빌게요 그게 내 맘 이니까 사랑해줘 고마워요 한순간도 잊은적 없기에 그대 앞에서 고인 눈물까지 보이지 않게 하네요 그게 내 마음이니까
2004.07.04~07.10,35,518092,내가 당신을 사랑하는 이유,왁스,내가 당신을 사랑하는 이유 (Wax Best Day & Night),2004.03.18,Ballad,최준영,우리 둘이 만난지 얼마나 됐나요 좋은 날도 싸운 날도 참 많았어요 내 생일도 모르는 니가 어찌나 야속하던지 헤어지자고 울던 내게 쩔쩔매던 너 해로운 담배 피우며 한숨쉬는 널 보면 가슴 아팠어  쓰디쓴 술을 마시며 죽고 싶다는 그 말에 나도 따라서 죽고 싶었어요 온몸에 열 나고 아팠을 때 내 손 잡고서 밤을 새워 날 지켜준 너 나 때문에 흘리던 눈물 그 눈물을 봤던 그날 그땐 정말 행복했죠 고마웠어요 때로는 너무 미워서 두 번 다시 안보리 다짐했지만 기죽은 얼굴을 보며 불쌍하다는 생각에 맘 약해져 냉정히 떠나려해도 나 아니면 거둬줄 사람 없을 것 같은 미련한 연민 때문에 주저앉고 살아온 세월은 벌써 저만치 흐르고 그래요 이런게 사랑인가봐요 나 그대만을 영원히 사랑할게요
2004.07.04~07.10,36,519558,I`m Sorry,파이브(F-IV),F-IV Story,2004.03.31,Ballad,"방시혁,박채원,조은희",너의 곁에 없어도  사랑은 계속될꺼야  널 떠난다고 말해서 I'm Sorry  난 변했다고 말해서 I'm Sorry  차마 얘기할 수 없어서  입가에만 맴돌다  내 안에만 남겨둔 말 I'm Sorry  너무나 사랑했나봐 I'm Sorry  정말 널 사랑했나봐  미안하다는 그말로 이해를 바라기에  한없이 부족한 나를 용서할 수 없었어  I can't ever be your man  더는 자신이 없어  너를 사랑한다면 이젠 놔줘야만 해  Though I wanna be your man  정말 해준게 없어  너무 미안했기에 못한 그말 I'm Sorry  죽을 것 같아도 다시 널 부르면 안돼  이렇게 보내는 날 알면 넌 두번 울게돼  내가 원했던 건 전부 사랑했던 건 모두  나를 떠났기에 너도 잃고 말 것만 같아  I can't ever be your man  더는 자신이 없어  너를 사랑한다면 이젠 놔줘야만 해  Though I wanna be your man  정말 해준게 없어  너무 미안했기에 못한 그말 I'm Sorry  쉽지는 않겠지만 너무 아프겠지만  이대로 가는거야 널 갖고 싶다는  비겁한 내 맘을 잘라내는 그날까지  행복했다는 행복했다는 말도  고마웠다는 말도 전할 수 없는 말로  내 맘속에서 말해  너에 곁에 없어도 사랑할꺼란 말도  돌아서는 눈물로 전해 그말 I'm Sorry  행복했다는 말도  고마웠다는 말도 전할 수 없는 말로  내 맘속에서 말해  너에 곁에 없어도 사랑할꺼란 말도  돌아서는 눈물로 전해 그말 I'm Sorry
2004.07.04~07.10,37,517390,이별은 멀었죠,한경일,New Wave,2004.03.13,Ballad,김진아,그대 오늘도 늦네요 할말이 생겼다더니 벌써 여러번 문소리만 들려도 내 가슴이 내려앉죠  잊고 살던 담배가 또 생각나고 눈치없이 눈물이 나죠 그대 어젯밤 연습했을 한마디 참 낯설겠죠 아프겠죠 믿기 싫은데  오늘은 날 잊어버려요 여기 오지말아요 서글픈 그 말 내 가슴이 듣지 못하게 아직 내 안의 그대와 이별은 먼 일이죠 긴 여행을 떠나 늦는거라 여길테니  화내면서 자꾸 날 걱정하더니 실은 미안해서였나요 전보다 줄어든 그대 미소 때문에 난 더 잘했죠 다 걸었죠 오해였나요  오늘은 날 잊어버려요 여기 오지 말아요 서글픈 그 말 내 가슴이 듣지 못하게 아직 내안의 그대와 이별은 먼 일이죠 긴 여행을 떠나 늦는거라 여길테니  이렇게 시간에 맡기다보면 혹 다시 그대 마음까지 찾을까요 와줄까요 이제 그만 돌아갈게요 편히 접어두어요 영원히 우리 이별만은 미룰 수 있게  그대 눈에서 떠나도 가슴이 사랑하죠 만날 수 없어도 추억만은 지킬테니까  오늘만은 오지 말아요
2004.07.04~07.10,38,509599,Heffy End,서태지,Seotaiji 7th Issue,2004.01.27,Rock,서태지,내가 널 널 그렇게 바라보는 걸 누구도 이해하진 않지만 넌 나를 이해할까 So 네 입술 속에 그 속에 나의 눈물을 흘리게 해줘 난 늘 곁에 네 곁에 언제나 너의 옆에 난 서있는 걸 넌 어째서 네 곁에 서있는 날 그렇게 차갑게 외면하니 난 너만 너만 Sorry 미안해 지난밤 나의 잘못을 후회했어 I thought it was over But it's not over 난 또 너의 뒤를 난 쫓고 있어 더 달려봐 더 멀리 뛰어봤자 결국 넌 내 앞에 있는걸 정말 모르니 날 모르니 차라리 꺼져버리라고 말해 줘 나에게 미소를 지어봐 날 달래봐 제발 나지막이 속삭여줘 It's all right It's all right 네 창가에 가리워진 나의 미련을 감싸 안아 넌 내 옛 기억엔 단 하나의 내 일부분인 걸 네 생명이 이슬처럼 청명함이 남아 있을 때 널 가져가려 해 난 이제 너와 단 둘만의 소망을 이룰게 니 추악한 이 세상에 두터운 밀랍의 성을 짓고 난 너와 너와 깨끗한 해피앤드
2004.07.04~07.10,39,509825,헬스 클럽 아가씨,박상민,Sunflower,2004.01.27,Dance,싸이(PSY),오늘 아주 오랜만에 헬스 클럽으로 향해 런님머신에 올라 내 모습 아주 폼나 정신없이 뛰기 시작했어 그러다가 너를 발견했어 핫팬츠에 아가씨 긴생머리 질끈 묶고  빨간입술 꽉 깨물고 아령을 올릴때마다 아주 감동에 바다 이어폰으로 노랠 들으며 콧노래를 불르며 운동하는 아가씨 Lady 역시 그 누구와도 달라 Lady 젖었구나 숨이 가빠 Lady oh my baby 미칠것만 같아 헬스 클럽 아가씨  그녀가 빨리 뛰네 내 가슴도 빨리 뛰네 수많은 사람들 속에  섹시한 너의 모습 아주 튀네  그녀가 빨리 뛰네 내 가슴도 빨리 뛰네 땀 방울과 샴푸가 섞여  아찔한 꽃이 피네 탄력있는 그대여 힘들면은 쉬세요 땀나면은 식히고 목타면 물 들으키고 그대에 수건이고 싶어  그대에 물이고 싶어 알고 싶은 아가씨 Lady 역시 그 누구와도 달라 Lady 젖었구나 숨이 가빠 Lady oh my baby 미칠것만 같아 헬스 클럽 아가씨  그녀가 빨리 뛰네 내 가슴도 빨리 뛰네 수많은 사람들 속에  섹시한 너의 모습 아주 튀네  그녀가 빨리 뛰네 내 가슴도 빨리 뛰네 땀 방울과 샴푸가 섞여 아찔한 꽃이 피네 Lady 역시 그 누구와도 달라 Lady 젖었구나 숨이 가빠 Lady oh my baby 미칠것만 같아 헬스 클럽 아가씨  아가씨
2004.07.04~07.10,40,522764,약속,이지훈,Trinity,2004.04.22,Ballad,윤사라,언제부터 이렇게 날 기다리고 있었니  차가웠던 바람에 몹시도 추웠을텐데  두눈 가득 고인 눈물 숨기며 나를 바라보는 너 예전처럼 내 품에 꼭 안아줘도 괜찮니  하고싶은 얘기가 너무나 많았었는데  한마디도 생각나지 않아서 너만 바라보는 나  행복하게 잘 지낼 거라던  다시는 날 찾아오지 않을거라던  그 약속 먼저 어겨준 네가 지금  내게 얼마나 아름다운지 알수 없겠지   나를 떠나간 네가 견딜 수 없이 미웠어  나보다 니가 많이 아프길 바랬었는데  야위어진 너의 모습을 보니 너무 가슴이 아파  행복하게 잘 지낼 거라던 다시는 날 찾아오지 않을거라던  그 약속먼저 어겨준 네가 지금  내게 얼마나 한없이 아름다운지  순간보다 참 힘들었다고  다시는 날 떠나는 일 없을거라고  나에게 다짐하고 있는 너  지금 네가 얼마나 고마운지 넌 알수 있겠니 이번엔 그 약속 지키는 거니
2004.07.04~07.10,41,510420,두 번 헤어지는 일,신승훈,Ninth Replay,2004.02.03,Ballad,신승훈,이제야 그댈 보내주나요 오래전에 이별이었지만
2004.07.04~07.10,42,489055,Monologue,버즈,Morning Of Buzz,2003.10.10,Rock,이도연,다 잊었다는 거짓말 또 해 버렸죠 내 마음에 그대란 사람  없다고 했죠  너무나 쉽게 잊혀졌다고  이젠 남이라고  서툰 내 사랑에 지쳐 떠난 그대  너무 많이 울려서  잡을 용기조차 낼 수 없었죠  미안해요 내 사랑아  다신 나 같은 사람 만나지 마요  혹시 찾아가도 두번 다시  나를 허락해 주지마요  그댄 여리고 너무 착해서  싫단 말도 잘 못하는데  많이 부족한 나를 사랑한 그대  이거면 됐어요 더 이상은  그대 불행하지 않도록  나 이쯤에서 없어지는게  그댈 위한 나의 사랑인걸요  너무 투명해서 때론 불안했죠  제멋대로 살아온 나를  감당할 수 없을것 같죠  미안해요 내 사랑아  다신 나같은 사람 만나지 마요  혹시 찾아가도 두 번 다시  나를 허락 해주지 마요  그댄 여리고 너무 착해서  싫단 말도 잘 못하는데  고마웠어요 나를 사랑해줘서  나같은 사람이 두 번 다시  감히 받을 수 없는 사랑  그대 때문에 행복했어요  울지마요 그대  잘 생각해봐요  나쁜일들만 가득했던 우리  다 잊어야 해요  많이 부족한 나를 사랑한 그대  이거면 됐어요  더 이상은 그대 불행하지 않도록  나 이쯤에서 없어지는게  그댈 위한 나의 사랑인걸요
2004.07.04~07.10,43,2101367,그런가 봐요...,V.One,2004 History Will Begine...,2003.01.19,Ballad,이희승,고맙다는 그 말 잘 못하는 사람 미안할 땐 괜히 더 화내는 사람 통화하다 먼저 끊는 사람 지난 사랑 얘길 늘 하는 사람 미리 해둔 약속 잘 어기는 사람 했던 얘기를 또 물어보는 사람 괜찮다고 걱정 말라하면 그 말 믿는 사람 그게 나래요 그녀가 말했죠 여자를 떠나게 만드는 남자들을 아냐고 그 이유 다 갖춘사람 오 다 나래요 그래서 날 떠나갔죠 그녀는 모르죠 나 얼마나 그녈 많이 사랑한지 그녈 위해선 아마 더한 버릇도 내가 다 고쳤을 텐데 그녀는 모르죠 내 모자란 자존심에 말 못했던 수많은 얘기 눈으로만 말한 걸 아마 듣지도 못하고 가나봐요  말하지 않아도 내 맘 아는 사람 약속에 늦어도 웃어주던 사람 작은 선물 뜻 없이 건네도 좋아하던 사람 그게 그녀죠 그녀는 말했죠 이별한 후에 더 차가운 여자 맘을 아냐고 만날 때 후회 없었던 오 그 이유라 미련조차 없다했죠 그녀가 떠났죠 이렇게 날 미련 속에 남겨두고 미안한 일이 너무 나도 많아서 후회뿐인 나를 두고 그녀는 떠났죠 다른 사랑 이래서는 안 된다며 내 마지막은 그녀였단 얘기를 끝내 듣고도 모른체 가나봐요  그녀는 모르죠 나 얼마나 그녈 많이 사랑한지 그녈 위해선 아마 더한 버릇도 내가 다 고쳤을 텐데 그녀는 모르죠 내 모자란 자존심에 말 못했던 수많은 얘기 눈으로만 말한 걸 아마 듣지도 못하고 가나봐요 나의 사랑이 날 두고 떠나가요
2004.07.04~07.10,44,494799,Sunshine (Feat. 이소은),주석,Superior Vol. 1 This Iz My Life,2003.11.19,Rap / Hip-hop,주석,"You alway be my sunshine i will be with u til' the end of time Oh! 너는 눈부신 햇살 언제나 나를 비춰줘 Oh! 흔들리지 않게 sunshine Oh! 너는 눈부신 태양 언제나 나를 지켜줘 Oh! 흔들리지 않게 sunshine 너무나 아름다운 you are my sunshine 나를 채워주는 you are my  Girl listen closely, here''s my story 귀 기울여 들어줘 내 얘길 천천히 우리 함께 서 있는 이곳이 시작을 의미 그래 너와 내 사랑은 아직 1교시 목마르던 내게 사랑을 가득 부어준 네 미소는 전교 1등 다 줄게 모든 믿음 Treat u like princess 흘려보낼게  진실이 담긴 이 아름다운 리듬 내가 직접 만든 이 노래 널 위해 바칠게 또 찌든 일상에 너무나 피곤해 할 때마다 들어줘 이 노랠 눈물을 웃음 뒤로 숨기지마  힘이 들면 티도 내 너무나 아름다운 U are ma Sunshine 그 빛이 나를 가득 채워줘 Sometime 누구나 가지고 있을 거야 의견차이 무시해 우린 하늘이 맺어준 그런 사이  Oh! 너는 눈부신 햇살 언제나 나를 비춰줘 Oh! 흔들리지 않게 sunshine 너무나 아름다운 you are my sunshine 나를 채워주는 you are my  Oh! 너는 눈부신 태양 언제나 나를 지켜줘 Oh! 흔들리지 않게 sunshine 너무나 아름다운 you are my sunshine 나를 채워주는 you are my sunshine 한손엔 팝콘 또 한손으론 니 손을 잡고 멀티플렉스 입구 앞으로 자리는 맨 뒤로 잡고 매번 다른 영화를 매번 같은 너와 함께 봐 I''m a rapper, producer 작업실에서 무대뒤에서 보내는 시간이 점점 더 늘어나고 있어 내가 앞으로 해야 할일이 얼머나  더 늘어날지사실 난 잘 모르겠어 그만큼 너에게 소홀해지겠지 정말 미안해 아직도 줘야 할 사랑은 정말 많은데 때때로 내 이기심으로 넌 상처입고 시무룩 그럴 때마다 죄책감에 시달려 But I never say forever 그 누가 뭐라 해도 영원을 입에 담진 않아 Never 순간순간에 충실히 추억을 만들어 Believe me, we can make it together 내가 많이 아플 때도 넌 항상 내 곁에 있을거니? 내가 멀리 떨어져 있어도 나만 변치않고 바라볼거니? 전혀 안 귀찮아 밤새고 너를 간호해도 니 웃는 모습을 볼 수만 있다면 말야 걱정 마 괜찮아 니가 아무리 멀리 있어도 내 맘은 항상 니 곁에 있잖아 Baby girl, I love you so 난 뛰어들 수 있어 가시덤불 속도 너만을 위해 태울게 내 삶이란 초 니 영혼까지도 항상 무릎에 앉혀 Oh! 너는 눈부신 햇살 언제나 나를 비춰줘 Oh! 흔들리지 않게 sunshine 너무나 아름다운 you are my sunshine 나를 채워주는 you are my  Oh! 너는 눈부신 태양 언제나 나를 지켜줘 Oh! 흔들리지 않게 sunshine 너무나 아름다운 you are my sunshine 나를 채워주는 you are my  You alway be my sunshine i will be with u til' the end of time You alway be my sunshine i will be with u til' the end of time"
2004.07.04~07.10,45,518217,무지개,롤러코스터,Sunsick,2004.03.19,Rock,조원선,걱정마 문제라는건 어차피 거기서 거기  걸어가야 할길 아직 멀었잖아  눈을떠 너를 바라봐 그렇게 슬퍼 하기엔  너는 눈이 부시게 빛나고 있잖아 음-   어쩌면 모든게 거짓말 같이  어느날 왔다가 또 사라져 음-  그럴땐 가만히 눈을 감은채  휘파람 불면서 웃는건지 음-   이것이 우리의 문제야  달라질 것도 없다는걸 알면서  자 이제부터는 축제야  기쁜 하늘의 일곱빛깔 무지개    걱정마 문제라는건 어차피 거기서 거기  걸어가야 할길 아직 멀었잖아  어쩌면 모든게 거짓말 같이  어느날 왔다가 또 사라져 음-   이것이 우리의 문제야  달라질것도 없다는걸 알면서  자 이제부터는 축제야  기쁜 하늘의 일곱빛깔 무지개    고갤들어 하늘을 바라봐  믿지못할 만큼 아름다울거야  자 이제부터는 축제야  기쁜 하늘의 일곱빛깔 무지개-
2004.07.04~07.10,46,515804,야상곡(夜想曲),김윤아,유리가면(琉璃假面),2004.03.05,Rock,김윤아,바람이 부는 것은 더운 내 맘 삭여 주려 계절이 다 가도록 나는 애만 태우네 꽃잎 흩날리던 늦봄의 밤  아직 남은 님의 향기 이제나 오시려나 나는 애만 태우네 애달피 지는 저 꽃잎처럼  속절없는 늦봄의 밤 이제나 오시려나  나는 애만 태우네 구름이 애써 전하는 말  그 사람은 널 잊었다 살아서 맺은 사람의 연  실낱 같아 부질없다 꽃 지네 꽃이 지네 부는 바람에 꽃 지네 이제 님 오시려나  나는 그저 애만 태우네 바람이 부는 것은 더운 내 맘 삭여주려 계절이 다 가도록 나는 애만 태우네 꽃잎 흩날리던 늦봄의 밤  아직 남은 님의 향기 이제나 오시려나 나는 애만 태우네
2004.07.04~07.10,47,494205,나는,거북이,Turtles 2집,2003.11.13,Rap / Hip-hop,Turtleman,하루에 거울에 내얼굴 바라보기에 슬프게 기쁘게 몇가지 표정지어봐도 웃는나 우는나 화내는 표정지으나 감출수 없는걸 언제나 나는 나니까 나는 노래할래요 모든사람들에게 이세상이 너무 넓어서 내말 들어줄까요 저기서 여기까지 오늘날까지 먼 훗날까지 그날까지 풀 수 없는 몇가지 살아오며 겪어왔던 수많은 경험까지 내인생의 얽혀버린 수많은 인맥가지 우~하~ 그누구도 함부로 단정질 수 없는 일 나의 길 내가 누구이길 바래 세상에 하나뿐인 나는 나일뿐 내게 짧지 않은 5년이란 시간이란 내 몸속 저 깊은 곳에서 절규하듯 울려퍼지던 쇳소리가 한 움큼의 욕망으로 끓어올라 목놓아 토해내던 나의 노래 그 노래에 담겨진 달궈진 얼굴의 뒷 표정 표범의 모습 가진 포만감 느끼 듯 맹수와 같은 맘으로 노래해 나는 춤추고싶어 모든 사람들앞에서 이세상이 너무 넓어서 나를 바라볼까요. 내가 모자라서 아무것도 해낼수 없었던 내가 힘이없어 뺏길 수밖에 없었던 내 소중했던 또 귀중했던 인생이란 이름아래 값진 경험 나는 뜨고지는 해와달을 바라봐요 나는 피고지는 꽃송이를 바라봐요 나는 지나가는 사람들을 쳐다봐요 그속에 나는 그무엇으로 존재하나 고운 목소리로 목청을 높여 높이 비상 하는 그들의 비상구가 되어버린 구리빛의 구름 사이로 내게로 오라고 손짓하는 볕으로 한껏 따스히 비춰주네 세상의 한 컷이 되라하네 맘껏 날개를 펼쳐 내 모둘 바쳐 내 길을 가네 나는 나는 나누고싶어 모든 사람들속에 이세상이 너무 넓어서 나를 받아줄까요.  하루에 거울에 내얼굴 바라보기에 슬프게 기쁘게 몇가지 표정지어봐도 웃는나 우는나 화내는 표정지으나 감출수 없는걸 언제나 나는 나니까 Stop it That's no funny 너 아무것도 모르면서 어딜 그리 보니 앞만보니 아니면 뒤를 가끔 돌아보니 인생의 허무함도 가끔 느껴 보니 who am I 난 누구일까 눈에만 겉으로 비치는것과 다른 나의 마인드 끝까지 풀수 없는 나의 의미 또다시 Feel me 어디로 가고있나 my head is kill me 나는 노래할래요 모든사람들에게 이세상이 너무 넓어서 내말 들어줄까요
2004.07.04~07.10,48,513760,Eros,엄정화,Self Control,2004.02.17,Dance,,"Senor, siente me mucho mi nueva figura Hombre, divierte mi cambiada corazon  나의 두 눈에 맘껏 취해봐 나의 입술에 좀더 다가와 나의 닫혀진 마음속에 누구라도 담고싶어 어떤 무엇도 내게 묻지마 오늘 이 밤은 내 멋대로야 혹시 사랑이 아니라도 나를 용서 할 수 있어 더 이상 눈물은 없어 그렇게 아프긴 싫어 그 헛된 어제 일로 나를 버릴순 없어 나 홀로 아파 우는 밤 넌 다시 아무일 없듯 어딘가 술 한잔에 나를 대신하겠지 닫혀진 옷장안에 그동안 숨겨왔던 니가 정말 싫어하던 그 옷을 꺼내 입었어 더 진한 립스틱에 더 높은 하이힐로 나만의 멋에 취해 모두 유혹하고 싶어 who's gonna take me away 나의 두 눈에 맘껏 취해봐 나의 입술에 좀더 다가와 나의 닫혀진 마음속에 누구라도 담고싶어 어떤 무엇도 내게 묻지마 오늘 이 밤은 내 멋대로야 혹시 사랑이 아니라도 나를 용서 할 수 있어 또 다시 나를 찾아와 아무리 애원해봐도 어차피 늦은거야 예전의 내가 아냐 그토록 짧은 인연에 이토록 아파했는지 이제는 후회뿐인 어리석은 인연뿐 멀어진 친구들도 날 반겨 위로하고 다시는 너무 쉽게 사랑하지 말라고 해 이 넓은 세상안에 인연은 또 있겠지 더 멋진 날 만들어 다른 사랑 찾는거야 who's gonna show me the away 나의 두 눈에 맘껏 취해봐 나의 입술에 좀더 다가와 나의 닫혀진 마음속에 누구라도 담고싶어 어떤 무엇도 내게 묻지마 오늘 이 밤은 내 멋대로야 혹시 사랑이 아니라도 나를 용서 할 수가 있어  Show me, don't close me, right on time I flow G, rhyme on top and grab `em a stake, now baby phone me, everytime I flow on a track and lady slowly I'll be back home in a sec, and `til I rep baby on 이런 나의 모습도 아픔 달랠수 없어 아니라고 해도 더욱 붉어지는 나의 두 눈가엔 눈물만이 who's gonna take me away 나의 두 눈에 맘껏 취해봐 나의 입술에 좀더 다가와 나의 닫혀진 마음속에 누구라도 담고싶어 어떤 무엇도 내게 묻지마 오늘 이 밤은 내 멋대로야 혹시 사랑이 아니라도 나를 용서 할 수가 있어 나의 두 눈에 맘껏 취해봐 나의 입술에 좀더 다가와 나의 닫혀진 마음속에 누구라도 담고싶어 어떤 무엇도 내게 묻지마 오늘 이 밤은 내 멋대로야 혹시 사랑이 아니라도 나를 용서 할 수 있어"
2004.07.04~07.10,49,496573,사진을 보다가,바이브,Do U Remember,2003.11.28,R&B / Soul,"류재현,노블레스",사진을 보다가 한쪽을 찢었어  지금 우리처럼 한쪽을 찢었어  난 남자답게 그렇게 널  잊고 싶어서  사진을 찢어버렸어  편지를 보다가 반쪽을 찢었어  거울을 보다가 눈물이 비쳐서  한참을 울었어 난 눈물로  널 잊고 싶어서  그래 잊고 싶어서 편지를 찢었어  혼자서도 잘 해낼거라고  난 너 없이도 잘 해낼 수  있을거라고  만약 니가 딴사람 만나면  행복을 빌어줄 거라고  난 너 없이도 잘 해낼거라고  난 습관처럼 눈물 흘리진  않는다고  내 손 위에 찢겨진  두 장 중에 한 장을 태웠어  사진을 보다가  난 가끔 울 것만 같아  난 지금 울 것만 같아  난 조금 알 것도 같아  이런게 이별이란걸  내 지갑속엔 지금도  버리지 못한 찢겨진 네 사진  한장 또 한장 빛바랜 추억 한장  아직도 버리지 못한  반지 또 편지  가끔은 네 생각에 지쳐  사랑을 하다가 반쪽을 잃었어  사랑을 하다가 나 혼자 남았어  한참을 울었어 난 눈물로  널 잊고 싶어서  그래 잊고 싶어서  편지를 찢었어  혼자서도 잘 해낼거라고  난 너 없이도 잘 해낼 수  있을거라고  만약 니가 딴사람 만나면  행복을 빌어줄 거라고  난 너 없이도 잘 해낼거라고  난 습관처럼 눈물 흘리진  않는다고  내 손 위에 찢겨진 두 장 중에  한 장을 태웠어  사진을 보다가  혼자서도 잘 해낼거라고  난 너 없이도 잘 해낼 수  있을거라고  만약 니가 딴사람 만나면  행복을 빌어줄 거라고  이젠 나 너 없이도 잘해낼 거라고  난 습관처럼 눈물 흘리진  않는다고  이렇게 다짐하지만 잠시  나도 모르게  어느새 널 기다려  항상 웃고 있는 너의  사진을 보다가
2004.07.04~07.10,50,488131,맹세,렉시,Lexury,2003.10.07,Rap / Hip-hop,최갑원,언제나 너와 다르지  그래 나 네가 지겹지  좀 더 얘기할게 오늘로  너랑은 끝낼거야   그렇게 놀라지는 마  이렇게 웃는 나를 봐  손을모아 꼽아 세보면  너 말고도 남자는 많아   내 맘대로 골라 잡아  남자들은 그걸 몰라  오늘 밤도 누군가를 만나  이런 내가 낯설지 않아   매일 밤을 나는 그래  항상 다른 남자 몰래  지겨워진 그 사랑의 맹세  내 귓가에 속삭여 주네   괜찮아 쉽게 잊혀져  걱정마 다들 그랬어  너도 돌아서면 오늘로  나랑은 끝낼 거야   지금은 힘이 들겠지  내일은 그냥 웃겠지  너는 언제 그랬냐는 듯  꼭 나처럼 하게 되겠지   네 맘대로 골라잡아  여자들은 그걸 몰라  내일 밤에 누군가를 만나  그럴 네가 낯설지 않아   매일 밤을 너도 그래  항상 다른 여자 몰래  지겨워진 그 사랑의 맹세  또 귓가에 속삭여 줘봐   내 곁엔 항상 내일은 없어  내게 하루에 언제나 하나면 충분하잖아  이제 나 너를 보내야만 해  다시 남자들에게 나를 줘야해   오 날 그렇게 봤어  너그럽게 빠져 줄 거라고 그러게 날 첨부터 조심하라 했어  날 내쳐버린 지금 나  네 사랑에서 난생 첨 희열을 봐   얼음 같은 너를 다시 또 사랑하게 됐네  이게 내 사랑이라 말할까 말까 하다  날 알아줬어 고마워서 눈물이나 벌써   내 맘대로 골라 잡아  남자들은 그걸 몰라  오늘 밤도 누군가를 만나  이런 내가 낯설지 않아   매일 밤을 나는 그래  항상 다른 남자 몰래  지겨워진 그 사랑의 맹세  내 귓가에 속삭여 주네 -
