time,rank,song_id,title,singers,album,date,genre,creator,lyric
1997.02.02~02.08,1,1839666,기억해줘,이소라,영화에서처럼,1996.11.01,Ballad,"이소라,허승경",기억해줘 널 위해 준비한 오늘 이별이 힘들었단 걸 잊지마 니 가슴에 기대어 자던 많은 날 안녕 이전처럼 그대로 너에게  돌아오라면 받아들일 수 있지만 달라진 날 기대한다면 이제 그만 끝내 내가 잘못한거니 너무 사랑한거니 미안해 니가 나의 마음 알겠니 미워하지마 이해해줘 나 때론 이유없이 너를 괴롭게 해 늘 확인하려 했지만 어떻게 해도 변함없는 너의 얼굴  지쳐 외면하고도 싶었어 더 이상 나 참을 수 없기에 끊는 전화라도 걸어보고 싶지만 달라진 것 없는 나라면 해서는 안돼 내가 잘못한거니 너무 사랑한거니 미안해 니가 나의 마음 알겠니 미워하지마 이해해줘 이제 나의 사랑 알겠니 미워하지마 기억해
1997.02.02~02.08,2,68913,오늘도 난,이승철,The Bridge Of Sonic Heaven,1996.09.13,Dance,윤일상,아 아 아  나도 알지못한 날 굳이  알려고 들진마  보여줄수 없는 내 마음만  안타까울뿐  이런 내 습관에 젖은  여자들은 많았지만  차츰 내 주위를 보며  후회를 시작했어  하루 종일 찾아 헤매도  판에 박혀있는 모습뿐  그런 내 모습에 축축히  젖어드는 기억이  오늘도 난 혼자라는 사실을  잊은채로 잠들겠지만  오늘도 난 기억속의 네게  의미없는 후횔하며 지내겠지  예 예 No No No No 아 아  늘 혼자인척 하지는 않겠다고  말하지마  너 떠난 후 빈 곳은 항상  남겨둬 있어  난 너와 마주칠 기회 언제나  준비해주지  네 품에 다시 안기길  기대하고 있어  하루종일 찾아 헤매도 판에  박혀있는 모습뿐  그런 내 모습에 축축히  젖어드는 기억이  오늘도 난 혼자라는 사실을  잊은채로 잠들겠지만  오늘도 난 기억속의 네게  의미없는 후횔하며 지내겠지  오늘도 난 혼자라는 사실을  잊은채로 잠들겠지만  오늘도 난 기억속의 네게  의미없는 후횔하며 지내겠지  오 예 오 No No No
1997.02.02~02.08,3,69198,영원,조관우,My 3rd Story About...,1996.12,Ballad,장복신,힘없이 내 품에 안긴채  그렇게 날 떠났지  어느 하늘을 보고 울어야  가슴에 묻힌 널 만날까  때론 잊으려 했지  너의 바램도 그럴테니  하지만 이길 수 없는 아픔을  먼저 떠나간 니가 알리 없잖아  미안해 이젠 갈께 너를 따라서  더 이상의 인연 없는  비틀린 세상 등지고  받아줘 너를 잃곤 살 수 없는 난  처음부터 내 인생에  넌 마지막 연인이니까  너를 사랑하는 길  그건 잊어주는 거라고  하지만 감추지 못해 흐르던  너의 눈물까지 잊을수는 없잖아  미안해 이젠 갈께 너를 따라서  더 이상의 인연 없는  비틀린 세상 등지고  받아줘 너를 잃곤 살 수 없는 난  처음부터 내 인생에  넌 마지막 연인이니까
1997.02.02~02.08,4,48914,가족,이승환,Cycle,1997.01,Ballad,"이승환,이지은",밤늦은 길을 걸어서  지친 하루를 되돌아 오면  언제나 나를 맞는 깊은 어둠과  고요히 잠든 가족들  때로는 짐이 되기도 했었죠.  많은 기대와 실망때문에  늘 곁에 있으니  늘 벗어나고도 싶고  어떡해야 내가 부모님의  맘에 들 수가 있을지 모르고  사랑하는 나의 마음들을  그냥 말하고 싶지만  어색하기만 하죠.    힘겨운 하루를 보낸  내 가족들의 낮은 숨소리엔  어린 날 보살펴 주던  내 누이의 고마운 추억이 있죠.  가족이어도 알 수 없는 얘기  따로 돌아누운 외로움이 슬프기만 해요.  아무 이유도 없는데  심술궂게 굴던 나를 위해  항상 참아주던 나의 형제들  사랑하는 나의 마음들을  그냥 말하고 싶지만 어색하기만 하죠  힘이 들어 쉬어가고 싶을때면 나 의 위로가 될  그때의 짐 이제의 힘이 된 고마운 사람들.  어떡해야 내가 부모님의  맘에 들 수가 있을지 모르고  사랑하는 나의 마음들을  그냥 말하고 싶지만 어색하기만 하죠  사랑해요 우리 고마워요 모두  지금껏 날 지켜준 사랑  행복해야 해요 아픔없는 곳에 영원히 함께해요  사랑해요 우리 고마워요 모두  지금 껏 날 지켜준 사랑  행복해야 해요 아픔없는 곳에  영원히 함께해 야 해요  사랑해요 우리  고마워요 모두  지금껏 날 지켜준 사랑
1997.02.02~02.08,5,71501,16/20 (열여섯 스물),주주클럽,16/20,1996.10.01,Rock,주주클럽,yo shoking give me love   give me love give me love  yo shoking give me love   give me love give me love  나 이제 16 너 20살이야   나 이제 16 너 20살이야  나 이제 16 너 20살이야   나 이제 16 너 20살이야  아이 야 야야 쇼킹 쇼킹   아이 야 야야 쇼킹 쇼킹  아이 야 야야 쇼킹 쇼킹   아이 야 야야 쇼킹 쇼킹  넌 전화로 내나이라   말을 했잖아 give me love  난 니가 이렇게   어릴줄은 몰랐어 give me love  아이 야 야야 쇼킹 쇼킹   아이 야 야야 쇼킹 쇼킹  아이 야 야야 쇼킹 쇼킹   아이 야 야야 쇼킹 쇼킹  난 너에게 이해해 달라고   말을 하진 않을 거야  널 보는 이런 내마음을   넌 이해해야만 해  하지만 지금은 싫어도   언젠가 니가 더 컸을때  그 때를 기다릴께 그땐   내가 널 붙들지 몰라  나에겐 어린 너는 필요 없어   애인이 필요해  난 남들은 신경쓰고 살진 않아   하지만 우리를 친구들이 본다면  나를 욕할꺼야 쇼킹 쇼킹   변명을 해봐도 쇼킹 쇼킹  너의 목소리는 쇼킹 쇼킹   니가 아니었어 쇼킹 쇼킹  난 너에게 이해해달라고   말을 하진 않을 거야  널 보는 이런 내마음을   넌 이해해야만해  하지만 지금은 싫어도   언젠가 니가 더 컸을 때  그 때를 기다릴께 그땐   내가 널 붙들지 몰라  나에겐 어린 너는 필요없어   애인이 필요해  그 때를 기다릴께 그땐   내가 널 붙들지 몰라  나에겐 어린 너는 필요없어   애인이 필요해  아이 야 야야 쇼킹 쇼킹   아이 야 야야 쇼킹 쇼킹  아이 야 야야 쇼킹 쇼킹   아이 야 야야 쇼킹 쇼킹  아이 야 야야
1997.02.02~02.08,6,71606,Candy,H.O.T.,We Hate All Kinds Of Violence,1996.09,Dance,장용진,사실은 오늘 너와의 만남을 정리하고 싶어 널 만날 거야 이런 날 이해해 어렵게 맘 정한 거라  네게 말할거지만 사실 오늘 아침에  그냥 나 생각한 거야 햇살에 일어나 보니  너무나 눈부셔 모든 게 다 변할 거야  널 향한 마음도 그렇지만 널 사랑 않는 게 아냐 이제는 나를 변화시킬 테니까 너 몰래몰래몰래  다른 여자들과 비교 비교했지 자꾸만 깨어지는 환상 속에  혼자서 울고 있는 초라하게 갇혀버린 나를 보았어 널 떠날 거야 음 널 떠날 거야 음 하지만 아직까지 사랑하는 걸 그래 그렇지만 내 맘 속에  너를 잊어갈 거야 머리 위로 비친  내 하늘 바라다보며 널 향한 마음을 이제는 굳혔지만 웬일인지 네게 더 다가갈수록 우린 같은 하늘 아래 서 있었지 단지 널 사랑해 이렇게 말했지 이제껏 준비했던  많은 말을 뒤로 한 채 언제나 니 옆에 있을게  이렇게 약속을 하겠어 저 하늘을 바라다보며 내게 하늘이 열려 있어 그래 그래 너는 내 앞에서 있고 그래 다른 연인들은 키스를 해 하지만 항상 나는  너의 뒤에 있어야만 해 이제 그만해 음 나도 남잔데 음 내 마음 너도 알고 있는걸 알아 그래 이제 나도 지쳐서  하늘만 바라볼 수 밖에 햇살에 일어나 보니  너무나 눈부셔 모든 게 다 변할 거야  널 향한 마음도 그렇지만 널 사랑 않는 게 아냐 이제는 나를 변화시킬테니까 머리 위로 비친  내 하늘 바라다보며 널 향한 마음을 이제는 굳혔지만 왠일인지 네게 더 다가갈수록 우린 같은 하늘 아래 서 있었지 단지 널 사랑해 이렇게 말했지 이제껏 준비했던  많은 말을 뒤로 한 채 언제나 니 옆에 있을게 이렇게 약속을 하겠어 저 하늘을 바라보며 한번 더 한 번 더 말했지 이제껏 준비했던  많은 말을 뒤로 한 채 언제나 니 옆에 있을게 다신 너 혼자 아냐  너의 곁엔 내가 있잖아
1997.02.02~02.08,7,71766,운명,쿨(COOL),Destined For The Best,1996.11.01,Dance,이승호,어느날 우연히 그사람 본 순간   다리에 힘이 풀려 주저   앉고 말았지   그토록 애가 타게 찾아헤맨   내 이상형   원 투 쓰리 포   왜 하필 이제야 내 앞에   나타나게 된거야 어   그토록 애타게 찾아   헤맬때는 없더니   어디서 무얼했어   혼자가 힘들어 곁에 있던   여자 친구가   이제는 사랑이 돼버렸잖아   운명같은 여잘 만나서   이젠나를 떠나 가라고  그녀에게 말해 버리면  보나마나 망가 질텐데  그렇다고 그애 때문에  그녈다시 볼 수 없게 돼버리면  나도 역시 망가질껀 뻔한데  이야이야 이야이야  정말 답답해 짜증이나  어떡해야 해  둘다 내 곁에 있을 수는  없는 거 잖아  정말 화가나 그 누구도  버릴 순 없어   차라리 이럴땐 남자가 되고 싶어  나도 아 햄릿 처럼  지금 죽는 거냐 사는거냐  그것이 문제라면  차라리 나을지몰라 이얼싼스  세상에 누구도 나보다  바쁜사람 없을껄  동시에 두여자 만난다는  것이 이렇게  힘든줄 몰랐었어   어쨌든 그때는 여자 복이  터진 것처럼  행복한 나날을 보냈던거야  한번 봤던 영화 또 보고  했던 얘기 다시 또하고  저녁 식사 두번 했더니  왜그렇게 헷갈리던 지  같은 편지 적어 보냈지  며칠 후에 날벼락이 떨어졌어   겉과 속에 이름 틀렸었나봐  이야이야 이야이야  정말 답답해 짜증이나  어떡해야해  둘다 똑같이 사랑할 순  없는 거 잖아  정말 이러다 둘다 모두  놓칠것 같아  차라리 이럴땐 남자가 되고 싶어
1997.02.02~02.08,8,68902,왜 하늘은...,이지훈,Rhythm Paradise,1996.11.25,Ballad,이재경,여기서 끝낼순 없어 이런건 날 위한게 아냐 얼마 남지 않은 시간 끝까지 함께 있을께 그렇게 포기하지마 나의 손을 잡아줘 부탁이야  너와 나 이 세상에서 마지막 여행을 떠나자 아무도 없는 곳으로 아픔은 가슴에 묻고 되도록 많은 세상을 보여주고 싶은데 함께 남은 시간이 모자라 왜 하늘은 널 데려 가는지 한 없이 착하기만 한 너를 아무것도 할수 없는 내 모습이 너무나 초라해 미칠것 같아 너 떠나는 날 흐르던 눈물 다시는 널 안을수 없기에  너를 따라 가고 싶어 니가 없는 세상에 혼자 남을 자신이 없어 왜 하늘은 널 데려가는지 한 없이 착하기만 한 너를 아무것도 할수 없는 내 모습이 너무나 초라해 미칠것 같아 너 떠나는 날 흐르던 눈물 다시는 널 안을수 없기에 너를 따라 가고 싶어 니가 없는 세상에 혼자 남을 자신이 없어
1997.02.02~02.08,9,38587,무한지애(無恨之愛),김정민,Change,1996.10,Ballad,하해룡,니가 없는 이 세상은 나에게는 어둠일 뿐이야. 나도 이제는 너를 따라서 이 세상을 떠나려해. 나는 다시 태어나도 내 사랑은 너 하나 뿐이야. 다음 세상에 만나는 그 날을 꿈꾸며 이젠 안녕~ 너는 웃으며 나를 반기겠지 그 눈빛을 난기억해. 어둠의 벽을넘어서 우리함께 다시 만나길 기도해 영원히 너만을 사랑해~한순간도 잊을수 없는너  기다려온 우리의사랑을 이제야 다시 만나게 됐어  처음 흰 눈이 어깨에 쌓일때 너를 위해 기도했어 성당의 종소리만이 희미하게 너의눈물을 위로해 영원히 너만을 사랑해 한순간도 잊을수 없는 너  기다려온 우리의사랑을 이제야다시 만나게 됐어 영원히 너만을 사랑해 한순간도 잊을수 없는너  기다려온우리의사랑을 이제야 다시 만나게 됐어 이젠 웃을수 있어
1997.02.02~02.08,10,37832,"Here, I Stand For You (Original Ver.)",넥스트,"Here, I Stand For you",1997.02,Rock,Crom,Promise Devotion Destiny Eternity and Love I still belive in these words Forever 난 바보처럼 요즘 세상에도 운명이라는 말을 믿어 그저 지쳐서 필요로 만나고 생활을 위해 살기는 싫어 하지만 익숙해진 이 고독과 똑같은 일상도 한해 또 한해 지날 수록 더욱 힘들어 등불을 들고 여기서 있을께 먼 곳에서라도 나를 찾아와 인파 속에 날 지나칠때 단 한번만 내 눈을 바라봐 난 너를 알아 볼수 있어 단 한 순간에 Cause Here I stand for you 난 나를 지켜가겠어 언젠간 만날 너를 위해 세상과 싸워 나가며 너의 자릴 마련 하겠어 하지만 기다림에 늙고 지쳐 쓰러지지 않게 어서 나타나줘  난 나를 지켜가겠어 언젠간 만날 너를 위해 세상과 싸워 나가며 너의 자릴 마련 하겠어 하지만 기다림에 늙고 지쳐 쓰러지지 않게 어서 나타나줘  약속 헌신 운명 영원 그리고 사랑 이 낱말들을 난 아직 믿습니다 영원히
1997.02.02~02.08,11,69343,나만의 슬픔,김돈규,Separation,1996.10.30,Ballad,강은경,내 소식 그녀가 들을때 쯤엔  난 아마 세상 어디에도 없겠지  친구야 내게 허락된 시간이  이젠 다 되어가나봐  알리진 말아줘  차라리 그녀가 모르게  아무런 슬픔도 남기기 싫어  연락이 닿아도 올수가 없을거야  이제는 다른 세상에서  그녀를 만나서 내 얘기를 묻거든  그저 난 잘있다고 대답해줘  이제야 알겠어  그녀가 내게는 얼마나 소중했는지  가슴이 메어와  - 간 주 중 - 나 훗날 재되면 그녀가 다니는 길목에  아무도 모르게 흩어놓아줘  가끔씩 오가는 그 모습만이라도  그 길에 남아 볼수 있게  그녀를 만나서 내 얘기를 묻거든  그저 난 잘있다고 대답해줘  이제야 알겠어  그녀가 내게는 얼마나 소중했는지  - 간 주 중 - 약속해줘 나없는 세상에  남겨진 그녀를  나대신 지켜준다고  그녀를 부탁해
1997.02.02~02.08,12,68994,일생을,김현철,동야동조,1996.10.29,Ballad,김현철,나 혼자서 농담을 하고 나 혼자 웃지 우습지도 않은 우스개 소리 쓰잘대기 없는 잡담을 늘어 놓고서 실없어진 나를 보고있네 나 일생을 살아오며 죽을만큼 정말 자신없는 일 나 일생을 혼자지만 사랑했던 너와 헤어지는 일 횡설수설 대는 내 말에 황당해하며 모두들 나에게 되물었지만 내맘을 어떻게 설명해 우는 이유를 대답 할 수 없는 나를 보네 나 일생을 살아오며 죽을만큼 정말 자신없는 일 나 일생을 혼자지만 사랑했던 너와 헤어지는 일 알아 너의 마음을 너도 그만큼 정말 힘이 든단걸 알아 나 일생을 살아오며 죽을만큼 정말 하기 싫은 일 나 일생을 혼자지만 사랑했던 너와 헤어지는 일 사랑했던 너와 헤어지는 일 나는 지금 미칠것 같아
1997.02.02~02.08,13,91245,맨발의 청춘,벅,맨발의 청춘 (靑春),1997.01.10,Dance,강은경,One Two One Two Three Four 이렇다할 빽도 비젼도  지금 당장은 없고  젊은 것 빼면 시체지만  난 꿈이 있어  먼 훗날 내 덕에 호강할  너의 모습 그려봐  밑져야 본전 아니겠니  니 인생 걸어보렴  용하다는 도사  그렇게 열나게 찾아다닐 것 없어  두고봐 이제부터 모든 게  원대로 뜻대로 맘대로 잘 풀릴걸  속는 셈치고 날 믿고 따라 줘  니가 보는 지금의 나의 모습  그게 전부는 아니야  멀지않아 열릴거야 나의  전성시대  갈 길이 멀기에 서글픈  나는 지금 맨발의 청춘  나 하지만 여기서 멈추진  않을거야  간다 와다다다다  그저 넌 내 곁에 머문 채  나를 지켜보면 돼  나 언젠간 너의 앞에 이 세상을  전부 가져다 줄거야  기죽지는 않아 남들보다 못해도  급할 건 없어 모든 일엔  때가 있는 법  먼 훗날 성공한 내 모습  그려보니 흐뭇해  그날까지 참는거야 나의  꿈을 위해  길고 짧은 건 대봐야지  지금은 비록 내가  보잘것 없지만 나도 하면 돼  뚜껑을 열어봐야 알지 벌써  포기는 왜 해  그렇다면 이건 사랑도 아냐  니가 보는 지금의 나의 모습  그게 전부는 아니야  멀지않아 열릴거야 나의  전성시대  갈 길이 멀기에 서글픈 나는  지금 맨발의 청춘  나 하지만 여기서 멈추진  않을거야  간다 와다다다다  그저 넌 내 곁에 머문 채  나를 지켜보면 돼  나 언젠간 너의 앞에 이 세상을  전부 가져다 줄거야  오직 믿는 건 배짱뿐  가진 것 하나 없이 폼잰다지만  나 젖 먹던 힘 다해 내  꿈을 이룰거야  간다 와다다다다  어차피 인생은 한판의 멋진 도박과 같은 것  자 맨발에 땀나도록 뛰는 거야  내 청춘을 위하여
1997.02.02~02.08,14,91249,졸업,전람회,졸업(卒業),1997.01,Ballad,김동률,언제 만났었는지 이제는 헤어져야 하네  얼굴은 밝지만 우리 젖은 눈빛으로  애써 웃음 지을래   세월이 지나면 혹  우리 추억이 잊혀질까봐  근심스런 얼굴로 서로  한번 웃어보곤 이내 고개 숙이네   우리의 꿈도 언젠가는  떠나가겠지 세월이 지나면  힘들기 만한 나의 나날들이  살아온 만큼 다시 흐를 때  문득 뒤돌아 보겠지   바래져 가는 나의 꿈을 찾으려 했을 때  생각하겠지 어린 시절 함께 했던  우리들의 추억들을 그 어린 날들을   우리의 꿈도 언젠가는 떠나가겠지  세월이 지나면 힘들기 만한  나의 나날들이 살아온 만큼  다시 흐를 때 문득 뒤돌아보겠지   바래져 가는 나의 꿈을 찾으려 했을때  생각하겠지 어린 시절 함께 했던  우리들의 추억들을 흐뭇한 웃음을 지으며 -  라라라라 라라라 -
1997.02.02~02.08,15,983249,못난이 콤플랙스,영턱스클럽,Young Turks Club,1996,Dance,이승호,언제나 나는 혼자였었지 키 작고 이쁘지도 않아서 애들과 친해지고 싶었지만 언제나 혼자였어 그 애는 아주 특별 했었지 얼굴도 잘생겼고 멋있어 그래서 주위에는 여자친구 항상 많았었지 하지만 그 앤 나랑은 전혀 어울릴 수 없었어 이런 못생긴 나 관심조차 있겠어 차라리 모든 게 꿈이면 그 많은 얘기를 할 텐데 그토록 해보고 싶던 얘기 나도 널 사랑한다고 그래 넌 말이 없는 키 작은 아이 이쁘지도 않아 눈에 띄지도 않아 하지만 넌 누구보다 귀여우면서 작지만 투명하고 맑고 큰 눈이 있지 난 항상 너를 보았고 또 나를 보는 너의 눈빛 보았지 내가 갈 수 있게 조금 용기를 줘 내가 갈 때까지 기다려 내 얘기 쓰여지던 일기엔 그 애의 얘기들로 메꿨고 포근히 안아주는 그의 모습 매일 난 꿈꿨지 어느 날 그 애 다가와 나를 좋아한다 말했어 이건 꿈일 거야 믿을 수가 없었어 내 눈이 없다면 영원히 함께 해달라고 아무런 생각도 나지 않고 눈물만 자꾸 흘렀어 차라리 모든 게 꿈이면 그 많은 얘기를 할 텐데 그토록 해보고 싶던 얘기 나도 널 사랑한다고
1997.02.02~02.08,16,91526,그때가 좋았어,서지원,Made In Heaven,1996.12.01,Dance,김혜선,시간이 덜어주지 않는 슬픔은 없나봐  너를 잃고 오랜동안을 헤멜줄 알았어  하지만 이젠 그 모두가 오래전 일같아  가끔 내게 뜻 모를 슬픔이 되곤해  한때 난 니가 없는 빈자리 허전해도  왠지 니가 나에게 올 것만 같아  널 향한 그리움에 난 외롭지 않았기에  사랑도 이별도 그때가 좋았어   헤어졌던 마지막 날엔 너를 미워하다 맘이 아파 긴 밤 지새던 어제의 하루들  하지만 이젠 그 모두가 오래전 일같아  가끔 내게 뜻 모를 슬픔이 되곤해  한때 난 니가 없는 빈자리 허전해도  왠지 니가 나에게 올 것만 같아  널 향한 그리움에 난 외롭지 않았기에  사랑도 이별도 그때가 좋았어  이제 난 니가없는 현실에 익숙해져  나 혼자란 느낌에 서글프지만  우리의 추억만은 나와 다 함께 할테니  사랑도 이별도 그때가 좋았어
1997.02.02~02.08,17,71033,인형의 꿈,일기예보,좋아좋아,1996.05,Ballad,강현민,그대 먼 곳만 보네요   내가 바로 여기 있는데  조금만 고개를 돌려도   날 볼 수 있을텐데  처음엔 그대로 좋았죠 그저   볼 수만 있다면  하지만 끝없는 기다림에   이젠 난 지쳐가나봐  한 걸음 뒤엔 항상 내가   있었는데 그대  영원히 내 모습 볼 수 없나요  나를 바라보면 내게 손짓하면   언제나 사랑할텐데 난 매일 꿈을 꾸죠 함께   얘기 나누는 꿈  하지만 그 후에 아픔을   그대 알 수 없죠  한 걸음 뒤엔 항상 내가   있었는데 그대  영원히 내 모습 볼 수 없나요  나를 바라보면 내게 손짓하면  언제나 사랑할텐데  사람들은 내게 말했었죠  왜 그토록 한 곳만 보는지  난 알 수 없었죠 내 마음을  작은 인형처럼 그대만을   향해 있는 나  나를 바라보면 내게 손짓하면  언제나 사랑할텐데  한 걸음 뒤엔 항상 내가  있었는데 그대 영원히 내 모습 볼 수 없나요 나를 바라보면 내게 손짓하면  언제나 사랑할텐데 영원히 널 지킬텐데
1997.02.02~02.08,18,1761812,네모의 꿈,화이트,Dream Come True,1997.12.22,Ballad,유영석,네모난 침대에서 일어나 눈을 떠보면 네모난 창문으로 보이는 똑같은 풍경 네모난 문을 열고 네모난 테이블에 앉아 네모난 조간신문 본뒤 네모난 책가방에 네모난 책들을 넣고 네모난 버스를 타고 네모난 건물지나 네모난 학교에 들어서면 또 네모난 교실 네모난 칠판과 책상들 네모난 오디오 네모난 컴퓨터 TV 네모난 달력에 그려진 똑같은 하루를 의식도 못한채로 그냥 숨만 쉬고 있는걸 주윌 둘러보면 모두 네모난 것들 뿐인데 우린 언제나 듣지 잘난 어른의 멋진 이 말 세상은 둥글게 살아야 해 지구본을 보면 우리 사는 지군 둥근데 부속품들은 왜 다 온통 네모난건지 몰라 어쩌면 그건 네모의 꿈일지 몰라 네모난 아버지의 지갑엔 네모난 지폐 네모난 팜플렛에 그려진 네모난 학원 네모난 마루에 걸려 있는 네모난 액자와 네모난 명함의 이름들 네모난 스피커 위에 놓인 네모난 테잎 네모난 책장에 꽂혀있는 네모난 사전 네모난 서랍속에 쌓여있는 네모난 편지 이젠 네모같은 추억들 네모난 태극기 하늘 높이 펄럭이고 네모난 잡지에 그려진 이달의 운수는 희망없는 나에게 그나마의 기쁨인가봐 주윌 둘러보면 모두 네모난 것들 뿐인데 우린 언제나 듣지 잘난 어른의 멋진 이 말 세상은 둥글게 살아야해 지구본을 보면 우리 사는 지군 둥근데 부속품들은 왜 다 온통 네모난 건지 몰라 어쩌면 그건 네모의 꿈일지 몰라
1997.02.02~02.08,19,38412,영원 (永遠),김종서,Kim Jong Seo V,1996.11.01,Rock,한경혜,그대만큼 사랑하는 세상이 있어    나 이제 나의 길 떠나가려해    언젠가 돌아보면 후회없기를    살아본 뒤에야 알게되겠지    (rep) 길에서 만난 세상의 모든것    그대와의 추억들    그 길에 서서 잠시 난 눈감아    슬픔이 다 잠들수있게~~~~    돌아간거야 나 있을곳으로    내가 닿을곳은 그대인걸 이젠알았어    사랑을 더 배우기 위한 길이 있잖아    우리 영원한 사랑 위해... 사랑해~~
1997.02.02~02.08,20,91212,라일락이 질때,이선희,First Love,1996.10.24,Ballad,이선희,안녕이라는 인사는 내게 단 한번도 말하지 않았어도 나는 느낌으로 알 수 있었지 이제 다시는 만날 수 없음을 변해가는 너의 마음이 내게 날카로운 흔적을 남겨도 보고픈건 미련이 남아서 일꺼야 이제 내 품에서 벗어나고 있네 돌아보진마 내가 안타까워서 혹시라도 눈길주진마 생각하지도마 또 다른 내 삶에서 나와 함께 했던 그 기억들은 다시는 만질 수 없겠지 따스한 너의 체온을  변해가는 너의 마음이 내게 날카로운 흔적을 남겨도 보고픈건 미련이 남아서 일꺼야 이젠 내 품에서 벗어나고 있네 돌아보진마 내가 안타까워서 혹시라도 눈길주진마 생각하지도마 또 다른 내 삶에서 나와 함께 했던 그 기억들은 다시는 만질 수 없겠지 따스한 너의 체온을 다시는 만질 수 없겠지 따스한 너의 체온을
1997.02.02~02.08,21,70148,애송이의 사랑,양파,Yangpa,1997.11.01,Ballad,최석영,잠 못 이룬 새벽 난 꿈을  꾸고 있어  흐느낀 만큼 지친 눈으로  바라본 우리의 사랑은  너의 미소처럼 수줍길 바래  조금만 더 가까이 내곁에  있어줘  널 사랑하는 만큼 기대  쉴 수 있도록  지친 어둠이 다시 푸른 눈 뜰때  지금 모습 그대로  uh baby 제발 내 곁에 있어줘  잃어버린 만큼 자유롭다는 걸  세상은 쉽게 잊으려 해  소중한 우리의 바램이  다시 피어날 그 날을 꿈꾸며  조금만 더 가까이  내곁에 있어줘  We can reach the  other side  If we hold on to the  passion  지친 어둠이 다시 푸른  눈 뜰때  Getting closer day  by day  uh baby 제발 내 곁에 있어줘  만들고 싶진 않아 세상이  바라는 걸  우리만의 미랠 만들거야  작지만 소중한 꿈을 위해  조금만 더 가까이  내곁에 있어줘  널 사랑하는 만큼 기대  쉴 수 있도록  지친 어둠이 다시 푸른 눈 뜰때  지금 모습 그대로  uh baby 제발 내 곁에 있어  지금 이대로 내 곁에 있어줘  널 사랑하는 만큼 기대  쉴 수 있도록  지친 어둠이 다시 푸른 눈 뜰때  지금 모습 그대로  uh baby 제발 내 곁에 있어줘  Baby 내 곁에 있어줘
1997.02.02~02.08,22,91241,성형미인,노이즈,Unchangeable,1996.11,Dance,김창환,요즘 세상엔 왜 그리도  많은 미인이 사는 걸까  그저 여자라 잘해준 것 뿐인데  자길 좋아하는 줄 알고  고친 얼굴인 줄 알며  난 이쁘단 인사 치레를 했는데  지가 정말 예뻐 그러는 줄 알고  더 이쁜 척을 하려 하지 어이없게    요즘 들어선 신종 전염병이 유행을 하지  모두가 빚을 내서라도 성형을 하려 하고  자기가 본래 본 바탕이 예뻤던 것처럼  그렇게 성형미인들은 거리를 활보하지만  어릴적 사진들은 모두 없애고  겉으론 당당하게 결혼하지만  2세가 태어나면 모두 놀라고  그럴땐 남자집안 탓을 하면서  꼭 그렇게까지라도 해서  모두가 미인이 되고플까  똑같은 얼굴 똑같은 성형미인만을 꿈꾸며  요즘 세상엔 왜 그리도  많은 미인이 사는 걸까  그저 여자라 잘해준 것 뿐인데  자길 좋아하는 줄 알고  고친 얼굴인 줄 알며  난 이쁘단 인사 치레를 했는데  지가 정말 예뻐 그러는 줄 알고  더 이쁜 척을 하려 하지 어이없게    세상은 정말 너무도 많이 변해버렸지  하늘이 주신 관상까지 돈으로 고쳐가고  새로운 얼굴의 새로운 세상을 만났다는 듯이  그렇게 성형미인들은 신에게 도전하지만  TV를 켜면 성형미인들 세상  더욱더 예뻐지려는 여자의 욕망  그들과 똑같아지려는 사람들  그런 미인을 즐기려는 남자들  꼭 그렇게까지라도 해서  모두가 미인이 되고플까  똑같은 얼굴 똑같은 성형미인을 꿈꾸며  요즘 세상엔 왜 그리도  많은 미인이 사는 걸까  그저 여자라 잘해준 것 뿐인데  자길 좋아하는 줄 알고  고친 얼굴인 줄 알며  난 이쁘단 인사 치레를 했는데  지가 정말 예뻐 그러는 줄 알고  더 이쁜 척을 하려 하지 어이없게
1997.02.02~02.08,23,71196,좋은사람 있으면 소개시켜줘,베이시스,The Unbalance,1996.08,Ballad,,워워워워우워~ 워워 워~ 겨울이라 날씨가 추워설까 팔짱끼는 연인들의 모습에 나의 눈이 왜 시려울까 한땐 나도 저런때 있었다며 새로운 사람이 그리운걸까 옛 사람이 그리워진걸까 좋은 사람있으면 소개시켜줘 때로는 물처럼 때로는 불처럼 진심으로 나만을 사랑할수 있는 성숙하고 성실한 사람이라면 좋겠어 좋은 사람있으면 소개시켜줘 사랑에도 연습은 있는거기에 아주 조그만 일에도 신경을 써주는 사랑 경험이 많은 사람이라면 좋겠어 나에겐 아픈 상처가 있는데 과거가 없는 사람은 부담스러워 한번쯤은 실연에 울었었던 눈이 고운 사람 품에 안겨서 뜨겁게 위로 받고싶어 혼자임에 지쳤던 내 모든걸 손이 고운 사람에게 맡긴채 외로움을 잊을수 있다면 좋은 사람 있으면 소개시켜줘 만남 그 자체에 연연하기 보다 한번을 만나더라도 그때 분위기에 최선을 다하려는 사람이라면 좋겠어 나에겐 아픈 상처가 있는데 과거가 없는 사람은 부담스러워 한번쯤은 실연에 울었었던 눈이 고운 사람 품에 안겨서 뜨겁게 위로 받고싶어 혼자임에 지쳤던 내 모든걸 손이 고운 사람에게 맡긴채 외로움을 잊을수 있다면  한번쯤은 실연에 울었었던 눈이 고운 사람 품에 안겨서 뜨겁게 위로 받고싶어 혼자임에 지쳤던 내 모든걸 손이 고운 사람에게 맡긴채 외로움을 잊을수 있다면 그래 잘 생각했어 또 다시 상처 받더라도 하나보다는 둘이 나은거아냐 분명히 너에게 어울리는 사람이 있을꺼야 인연은 따로 있다잖아 새로운 사람을 만나서 사랑하게 되면 옛사랑 따윈 추억조차 희미해질거야 언제 그랬냐는 듯이
1997.02.02~02.08,24,71359,천사의 질투 (I Want Your Love),Scream,Do You Know Scream?,1996.09,Dance,이승호,I want you love 널 사랑한 게 아니가봐 다른 여자 흔들리잖아 그렇다고 이별을 생각하니 가슴이 왜 아파오는 걸까  왜 자꾸 널 만나면 입맞추고 싶은걸까 가슴이 두근거려 손도 잡지 못했으면서 그런데 다른 여자 보게돼도 똑같은 현상이 생겨 그래서 남자는 다 늑대인가 봐 널 첨 봤을 때 사랑에 빠져 결혼을 생각하게 되었어 잘은 몰라도 너를 내 곁에 항상 두고 싶었어 보면 볼수록 또 보고싶어 사랑을 확신하게 되었지 널 보면 이상하게 변해가는 내 생각들 내 껍데기 이런 내가 정말 싫어 I want you love 너의 있는 그대로를 날 지켜 줘 너만 사랑하게 내 자존심 벗어 버릴수는 없나 이럴 땐 어떻게 해야 하는지  엄마 아빠에게 내가 왜 이러는지 물어보니 남자니깐 자연스런거래 난 싫어 거북스런 내 껍데기가 정말 싫어 내가 과연 그 애를 사랑할 수 있을까 너도 알잖아 너를 얼마나 아끼고 사랑하고 있는지 너의 향기가 너무 좋아서 곁에 두고 싶었어 좁은 어깨를 감싸 안으면 따뜻한 느낌이 난 좋았지 널 자꾸 안고 싶고 입맞추고 싶은 이런 내 욕망을 사랑으로 착각하고 싶진 않아 널 사랑해 영원토록 변치않고 날 지켜줘 항상 한결같이 나 더 이상 착각하고 싶진 않아 영원히 너만 사랑할래 I want you love 너의 있는 그대로를 날 지켜 줘 나만 사랑할께 내 자존심 벗어버릴수 없나 이럴 땐 어떻게 해야 하는지
1997.02.02~02.08,26,34115,어떤 약속,김수근,Eyes,1996.12,Ballad,박선주(PakSunZoo),차창 밖으로 어느새 비가오네 유리창 가득 뿌옇게 서린 입김위에 써 내려간 너의 이름과 사랑이란 두 글자 몇번씩이나 뒤돌아 보며 아쉽게 웃던 니모습 그런 너에게 어떤 약속도 해줄 수 없던 이유는 보이지 않는 내 미래와 무거운 주위의 시선과 숨막힌 지금의 현실에 혹시 널 잃게 될까 난 두려-워 하지만 홀로 설 수 있을때까지 제발 내 곁에 머물러줘 그땐 널 위해 아껴온 내 사랑 숨김없이 다 줄게 날 믿는다면 조금만 더 기다려  어쩌면 그래 용기가 없는건지도 모르지 하지만 널 진정 아끼기에 조금 더 잘해줄 수 있을때 영원히 너 쉴 수 있는 그늘 만들어 주고 싶어  이해해-줘 기다려 홀로 설 수 있을때까지 제발 내 곁에 머물러줘 그땐 널 위해 아껴온 내 사랑 숨김없이 다 줄게 날 믿는다면 조금만 더 기다려
1997.02.02~02.08,27,32652,연인,룰라,The Final 5집,1997,Dance,이상민,바보 바보 바보야 바보   바보 바보야  바보 바보 바보야   사랑 앞에서   오늘도 넌 튕겨 튕겨  사랑앞에 튕겨 튕겨  친구앞에 튕겨 튕겨  매일매일 튕겨 튕겨  왜 넌 날 자꾸 피하는거야   너에게 변화가 생긴거야   이상해 궁금해  이런 너는 달리 나쁜아이야   나에게도 너를향한   아름다운 마음있어   순수하게 느껴지는   아이같은 그런 너를   사랑하면서 표현  안했던거야 나의 마음은  영원히 널 사랑해  바보같은 마음으로   너를 생각한거야 나를 향한 너의 사랑의  마음을 천사같은  마음으로 너를  사랑할거야 이 세상  마지막까지 널 영원히 오늘도 넌 튕겨 튕겨 사랑앞에 튕겨 튕겨 친구앞에 튕겨 튕겨 매일매일 튕겨 튕겨 왜 넌 날 자꾸 피하는거야  너에게 변화가 생긴거야  이상해 궁금해 이런 너는 달리 나쁜아이야  나는너를 연인처럼 친구처럼 애인처럼 나는너를 순수하게  아름다운 마음으로    바보같은 마음으로  너를 생각한거야 나를 향한 너의 사랑의  마음을 천사같은  마음으로 너를  사랑할거야 이 세상  마지막까지 널 영원히 먼 훗날에 너와 나의 사랑이 변하지 않을거라 난생각해 나는 너를 연인처럼 친구처럼 애인처럼 나는너를 순수하게  아름다운 마음으로
1997.02.02~02.08,28,70968,명동별곡(明洞別曲),육각수,A St. Waterdrop,1996.05,Dance,,얄리 얄리 얄리오 얄라 잊고 지냈던 어린 시절 청바지에 긴 장발이 왜 그렇게 유행했는지 돈이 없어도 폼을 내고 다녔었지 명동의 카페 유행따라 사라졌는지 모두 어디에 하얀 그리움이 쌓인 그 거리를 기억해 아름답던 지난 날 다시 기억속에 남아있는 그 거리를 걸어도 주머니 속엔 찬바람만 그리움만  얄리 얄리 얄리오 얄라 쇼윈도에 비친 내모습 꿈이 많아 즐거웠던 그 시절이 어디 있는지 예전에 내가 즐겨 듣던 그 노래는 Sad Movie 유행따라 사라졌는지 모두 어디에 하얀 그리움이 쌓인 그 거리를 기억해 아름답던 지난날 다시 기억 속에 남아있는 그 거리를 걸어도 주머니 속엔 찬바람만 그리움만 찬바람만 그리움만
1997.02.02~02.08,29,70077,널 닮은 세상에서,신효범,Window,1996.10,Ballad,김혜선,조금만 더 기다려줘 아직 늦지 않았다면 멍들어 시린 내 삶의 아픔 다 얘기하고 싶어 너의 한 숨 뒤로한 채 시간에 쫓긴 세월들 아무것도 묻지 말고 그냥 나의 손을 꼭 잡아줘 그래 난 항상 높은 곳을 향해 뭔가를 찾아 헤매곤 했지 세상이란 커다란 그림들 속에 숨겨진 보석을 그게 너 였음을 모른채  때로는 살아있음이 더 큰 비극일지라도 날 어루고 달래주는 사람 너밖에 없으니까  그래 난 항상 높은 곳을 향해 뭔가를 찾아 헤매곤 했지 세상이란 커다란 그림들 속에 숨겨진 보석을 그게 너였음을 모른채  조금만 더 기다려줘 지금 달려가고 있어 다시 아름다운 시선으로 살아가고픈 거야 널 닮은 이 땅의 끝에서
1997.02.02~02.08,30,67962,어떤가요?,이정봉,Misty,1996.08.21,Ballad,"유장희,유인식",어떤가요 내곁을 떠난  이후로 그대 아름다운 모습  그대로 있나요 아직까지 당신을 잊는다는게 기억 저편으로 보낸다는게 너무 힘이 드는데 하루종일 비내리는  좁은 골목길에 우리 아끼던 음악이 흐르면 잠시라도 행복하죠 그럴때면 너무 행복한 눈물이 흐르죠 가끔씩은 당신도 힘이 드나요 사람들에게서 나의  소식도 듣나요 당신곁을 지키고 있는 사람이 그댈 아프게 하지는 않나요 그럴리 없겠지만 이젠 모두 끝인가요 정말 그런가요 우리 약속했던 많은 날들은 나를 사랑 했었나요 아닌가요 이젠 당신에겐 상관 없겠죠 알고 있어요 어쩔수  없었다는걸 나만큼이나 당신도 아파 했다는걸 이젠 모두 끝인가요 정말 그런가요 우리 약속했던 많은 날들은 나를 사랑 했었나요 아닌가요 이젠 당신에겐 상관 없겠죠 듣고있나요 우습게 들릴테지만 난 변함없이 아직도 그대를
1997.02.02~02.08,31,842808,존재의 이유 1,김종환,둘이 하나되어,2005.04.22,Adult Contemporary,김종환,언젠가는 너와 함께 하겠지 지금은 헤어져 있어도 네가 보고 싶어도 참고 있을뿐이지 언젠간 다시 만날테니까 그리 오래 헤어지진 않아 너에게 나는 돌아갈거야 모든걸 포기하고 네게 가고싶지만 조금만 참고 기다려줘 알 수 없는 또 다른 나의 미래가 나를 더욱 더 힘들게 하지만 니가 있다는 것이 나를 존재하게해 니가 있어 나는 살 수 있는거야 조금만 더 기다려 네게 달려갈테니 그때까지 기다릴수 있겠니 그래 다시 시작하는거야 조금 늦는다고 바뀌는건 없겠지 남자란 때론 그 무엇을 위해서 모든것을 버릴때도 있는거야 넌 이해 할 수 있겠지 정말 미안해 널 힘들게해서 하지만 너무 슬퍼는 하지마 너의곁엔 항상 내가 있을테니까 우리의 미래를 위해 슬퍼도 조금만 참아줘 내가 이렇게 살아 갈 수 있는 이유는 니가 있기 때문이야 널 사랑해 저녁 늦게 나는 잠이 들었지 너를 생각할 시간도 없이 너무나 피곤해서 쓰러져 잠이 들었지 난 왜 이렇게 사는거야 눈을 뜨면 또 하루가 가고 내 손엔 작은 너의 사진뿐 너를 다시 만나면 꼭 안고 놓지 않으리 헤어져 있던 시간만큼 알 수 없는 또 다른 나의 미래가 나를 더욱 더 힘들게 하지만 니가 있다는 것이 나를 존재하게해 니가 있어 나는 살 수 있는거야 조금만 더 기다려 네게 달려갈테니 그때까지 기다릴수 있겠니 조금만 더 기다려 네게 달려갈테니 그때까지 기다릴수 있겠니
1997.02.02~02.08,32,1913713,애수,진시몬,도라도라,2008.07.26,Adult Contemporary,김의섭,아직도 모르겠어 난 정말    꿈이라 생각해야 하는지    너떠나 그 길목에서 널 기다리는데    세월모두 흘러가면 잊혀진건 아닌데    되돌아 오는 그 길은 너무나도 멀었어    널 매일 생각했어 보이지 않는 환상을 쫓고 있어    그리워 목이메어 눈물흘려도 눈물닦아도    언젠간 돌아 올거라 믿었는데    그대여 제발 내게로 돌아 와줘요    내마음 오직 그대뿐인걸    꿈속에서도 눈을 떠봐도 온통 네모습 그뿐인걸
1997.02.02~02.08,33,71310,눈을 감으면,여행스케치,남준봉,1996.11,Folk,조병석,눈을 감으면 그대의 모습이 자꾸 떠올라 난견딜수없어 잠못 이루던 밤이 너무 많았지 그대를 잊기 위해 그대를보낸 나의슬픈사연을 그대는 몰라아파하겠지만 그댈 사랑했기에 떠나야만 했어 그대의 행복위해 나 역시도 믿고싶진 않았지만  그대를 향한 나의 이런 슬픈 마음은 온통 파란하늘을 찌푸려 놓고 이제 가눌수 없는 나의 눈물은 어느새 또 비로 내리네 그대 곁에 머물고만 싶어  세월이 흘러 주름진얼굴로 그대 모습을 다시본다해도 그댈 사랑했음을 말안할꺼야 그대 아파 할까봐 그대 역시 믿어주진 않겠지만  그대를 향한 나의 이런 슬픈 마음은 온통 파란하늘을 찌푸려 놓고 이제 가눌수 없는 나의 눈물은 어느새 또 비로 내리네 그대 곁에 머물고만 싶어
1997.02.02~02.08,34,68987,청춘예찬,이장우,장우(長友),1996.11.01,Ballad,이승환,하고 싶던 일도 많던 비좁던 내하루 꾸지람과 잔소리에 익숙해진 우리들 어른이 빨리 되고 싶던 고등학교 그 시절엔 친구들 모여서 여행도 가고 공부도 좋지만 놀고 싶었죠 그때가 좋을때다는 말씀 이젠 알 것 같아요  책만 보면 졸려 하던 이상한 우리들 말도 많고 탈도 많던 같은 반 그 녀석들 얼굴만 떠올려 보아도 마냥 좋은 그 시절엔 미팅도 뽀뽀도 해보고 싶고 짖굿긴 했지만 순수했었죠 그때가 좋을때다는 말씀 이젠 알것 같아 누가 나 좋다고 한번만이라도 쫓아와 주었으면 내가 사모하는 선생님 내 얼굴 기억해 주셨으면 쭉 빠진 내 롱다리와 개미허리 이제는 돌려줘 말도 많고 탈도 많던 우리들 고등학교 그 시절엔 나나나나나나나나 나나나나 나나나나나나나 나나나나나나나나
1997.02.02~02.08,35,71323,우울한 우연,Kola,Pentatonic,1996,Dance,,라밤바야라 훔바이야 라밤바야라 훔 라밤바야라 훔바이야 훔바야야 라밤바 라밤바야라 훔바이야 라밤바야라 훔 라밤바야라 훔바이야 훔바야야 라밤바 우연이라 하기엔 너무나 심각했어 우린 서로가 서롤 모른 척을 해야만 했지 변해버린 모습과 오 서로 다른 연인과 같은 영활 보러왔다 우린 마주쳤었던 거야 너와 눈이 마주치던 그 순간 나는 태연한 척 하려 애를 썼지만 당황하는 너의 표정들을 바라보면서 나도 그만 멈칫하며 당황했었던 거야 넌 나의 눈을 피했었고 나도 너를 외면하긴 했었지만 난 니 옆에 있는 연인의 얼굴이 궁금했어 난 뒤를 돌아보고 있었고 너도 나를 의식하며 뒤를 돌아봤지 너와 난 말없이 서로가 서롤 의식하고 있었던거야 시간은 벌써 2년이나 지나갔고 그땐 우린 얼마나 많은 방황을 했었나 영원히 널 못볼거라 믿었었는데 우연은 또 너를 내 곁에 데려다 놓았어 다정한 서로의 연인을 보며 너와 난 말없는 질툴 느꼈을거야 눈 인사도 나누지 못한채 뒤돌아서며 서로의 행복을 비는 우울한 날일거야 라밤바야라 훔바이야 라밤바야라 훔 라밤바야라 훔바이야 훔바야야 라밤바 라밤바야라 훔바이야 라밤바야라 훔 라밤바야라 훔바이야 훔바야야 라밤바 우연이라 하기엔 너무나 우스웠어 건널목을 건너며 우린 마주쳐 버린거야 나는 너를 보았고 너는 고갤 돌렸었지 그렇게 우린 스치듯 지나쳐 버렸었던 거야 너와 눈이 마주치던 그 순간 나는 태연한 척하려 애를 썼지만 당황하는 너의 표정들을 바라보면서 나도 그만 멈칫하며 당황했었던 거야 신호등은 짧았었고 내가 너를 향해 뒤를 돌아봤을 때 넌 길을 건넌뒤 건너편 저 쪽에서 나를 보고 있었지 그 때 마침 버스가 너와 내 사이를 가로질러 갔었고 영문도 모르는 내 연인은 나를 잡아 끌고 있었어 시간은 벌써 2년이나 지나갔고 그땐 우린 얼마나 많은 방황을 했었나 영원히 널 못볼거라 믿었었는데 우연은 또 너를 내 곁에 데려다 놓았어 다정한 서로의 연인을 보며 너와 난 말없는 질툴 느꼈을거야 눈 인사도 나누지 못한채 뒤돌아서며 서로의 행복을 비는 우울한 날일거야
1997.02.02~02.08,36,67725,운명,신승훈,Shin Seung Hun Ⅴ,1996.05.01,Ballad,신승훈,살아가는 동안 수많은 시련들  지쳐버린 나의 마음속에는  전에 믿지 않았던  운명을 난 생각했어  내 마음속엔  나에게만 슬픔 나에게만 방황  모든 불행은 내것만 같았지  감당할 수 없는 두려움을  지우려 운명을 택했던거야  그날 이후 내맘은  너무나 평온해지고  내몸을 감싸고 있던  두려움도 끝났어  하지만 몰랐었어  운명을 택한것이  나를 포기했었다는  그런 의미가 될줄을  나 이젠 부딪혀 나를 만들꺼야  그 누구를 위한것도 아니야  화려해질 나의 미랠위해  너 너의 마음속에 있는 불만도  니가 만든거야 탓하지는 마  이제부터 너는 너여야만 해    그 날 이후 내 맘은  너무나 평온해지고  내몸을 감싸고 있던  두려움도 끝났어  하지만 몰랐었어  운명을 택한것이  나를 포기했었다는  그런 의미가 될줄  나 이젠 부딪혀 나를 만들꺼야  그 누구를 위한것도 아니야  화려해질 나의 미랠위해  너 너의 마음속에 있는 불만도  니가 만든거야 탓하지는 마  이제부터 너는 널  나 이젠 부딪혀 나를 만들꺼야  그 누구를 위한것도 아니야  화려해질 나의 미랠위해  너 너의 마음속에 있는 불만도  니가 만든거야 탓하지는 마  이제부터 너는 너여야만  나 이젠 부딪혀 나를 만들거야  그 누구를 위한것도 아니야  화려해질 나의 미랠위해  너 너의 마음속에 있는 불만도  니가 만든거야 탓하지는 마  이제부터 너는 너여야만 해
1997.02.02~02.08,37,70036,아담의 심리,박미경,Park Mi Kyung Vol. 3,1996.10.05,Dance,김창환,너는 나와 함께 걸어갈때도 곁 눈짓을 하곤하지 오 나보다 더 잘 빠진 여잘보면 혼자 좋아 웃어대지 나는 참을 수 없어 나는 화를 내지만 반복되는 행동으로 너는 매번 나와 똑같은 말 다툼을 하면서 그래 보여줄께 이젠 나도 방법이있어 나도 너와 똑같은 행동으로 너를 괴롭혀 볼꺼야 그래 넌 어떠니 이런 내가 너는 보기 좋으니 요즘 시대 나같은 여자 있으면 한번 나와 보라고 해 난 자신있어  너는 정말 눈도 좋은 것 같아 여잘 잘도 찾아내지 오 십 미터 밖에 있는 여자의 다리가 잘 빠졌다 중얼대며 못들은 척할래도 나는 토라지지만 언제나 넌 똑같은 방법으로 장난이라 말하며 날 달래려 하지만 그래 보여줄께 이젠 나도 방법이 있어 나도 너와 똑같은 행동으로 너를 괴롭혀 볼꺼야 그래 넌 어떠니 이런 내가 너는 보기 좋으니 요즘 시대 나같은 여자 있으면 한번 나와 보라고 해 난 자신있어  차를 타고 갈때도 넌 쉬지않고 여잘잘도 찾아내지 오 건널목에 서있는 여자까지 혼자평을 해가면서 나는 어이가 없어 화도 낼 수가 없어 속으로 난 다짐을 하곤 하지 너도 한번 나처럼 당해 보라고 그래 보여줄께 이젠 나도 방법이 있어 나도 너와 똑같은 행동으로 너를 괴롭혀 볼꺼야 그래 넌 어떠니 이런 내가 너는 보기 좋으니 요즘 시대 나같은 여자 있으면 한번 나와 보라고 해 난 자신있어
1997.02.02~02.08,38,68709,조조 할인 (Feat. 이적),이문세,화무(花舞),1996,Rock,윤성희(SungheeYoon),아직도 생각나요 그 아침 햇살 속에 수줍게 웃고있는 그 모습이 그 시절 그 땐 그렇게 갈 데가 없었는지 언제나 조조할인은 우리 차지였었죠 돈 오백원이 어디냐고 난 고집을 피웠지만 사실은 좀 더 일찍 그대를 보고파 하지만 우리 함께한 순간 이젠 주말의 명화 됐지만 가끔씩 나는 그리워져요 풋내 가득한 첫사랑 수많은 연인들은 지금도 그 곳에서 추억을 만들겠죠 우리처럼 손님이 뜸한 월요일 극장 뒷자리에서 난 처음 그대 입술을 느낄 수가 있었죠 나 자신도 믿지 못할 그 은밀한 기적속에 남자로 나는 다시 태어난 거예요 하지만 우리 함께한 순간 이젠 주말의 명화 됐지만 가끔씩 나는 그리워져요 풋내 가득한 첫사랑 하지만 우리 함께한 순간 이젠 주말의 명화 됐지만 가끔씩 나는 그리워져요 풋내 가득한 첫사랑 아직도 생각나요 그 아침 햇살 속에 수줍게 웃고 있는 그 모습이 수많은 연인들은 지금도 그 곳에서 추억을 만들겠죠 우리처럼
1997.02.02~02.08,39,70491,너에게,포지션,후회없는 사랑,1996.03.10,Ballad,한진우,아무말 않고선 그냥 떠나버린 널 그렇게 쉽게 용서하긴 힘들었었지 하지만 넌 후회하고 있다는 걸 나의 느낌으로 알수가 있어 너에게 내가 힘이 되줄께 더이상 아픔을 혼자 느끼지 말아줘 내가 곁에 있을께 그래 난 울지 않겠어  다시는 누구도 사랑할 수 없어 지금 넌 견딜수가 없잖아 너에게 내가 힘이 되줄께 더이상 아픔을 혼자 느끼지 말아줘 내가 곁에 있을께 그래 난 울지 않겠어 너에게 내가 힘이 되줄께 더이상 아픔을 혼자 느끼지 말아줘 내가 곁에 있을께 그래 난 울지 않겠어
1997.02.02~02.08,40,69186,길,윤종신,육년,1996.11,Ballad,윤종신,더 행복한건 없었죠 늘 그대와 팔장한채 그 길을 걸을 때면 모두다 그대를 쳐다보는것만 같았죠 내겐 너무나 아름다웠기에 더 아쉬운건 없었죠 늘 그대를 바래다준 그 길을 걸을때면 하루만 지나면 볼수 있는데도 하지만 돌아서던 발길 섭섭할 뿐이죠 비가 오면 가려진 우산속에 더 가까이 그대의 내음 느꼈죠 눈이 오면 미끄러워진 길 덕분에 사랑스러운 그댈 안을수 있었죠  그댄 아직 기억 하나요 만나고 헤어졌던 우리의 이길을 다행이 아직도 변한건 없어요 하지만 혼자 걷는게 어색할뿐이죠 비가 오면 가려진 우산속에 더 가까이 그대의 내음 느꼈죠 눈이 오면 미끄러워진 길 덕분에 사랑스러운 그댈 안을수 있었죠 온종일 떠올려도 아직은 남은 우리들의 추억 나나나나나나나나나 나나나나나나나 나나나나나나나나 나나나나나나 나나나나나나나나나나 나나나나나- 나나나나나나 나나나나나나나나나 나나나나나나나 나나나나나나나나 나나나나나나 나나나나나나나나나나 나나나나나- 나나나나나나
1997.02.02~02.08,41,1719746,내가 만일,안치환,너를 사랑한 이유,1999.02.18,Folk,김범수,내가 만일 하늘이라면 그대 얼굴에 물들고 싶어 붉게 물든 저녁 저 노을처럼 나 그대 뺨에 물들고 싶어 내가 만일 시인이라면 그댈 위해 노래하겠어 엄마 품에 안긴 어린아이처럼 나 행복하게 노래하고 싶어 세상에 그 무엇이라도 그대위해 되고 싶어 오늘처럼 우리 함께 있음이 내겐 얼마나 큰 기쁨인지 사랑하는 나의 사람아 너는 아니 워 이런 나의 마음을 내가 만일 구름이라면 그대위해 비가 되겠어 더운 여름날의 소나기처럼 나 시원하게 내리고 싶어 세상에 그 무엇이라도 그대위해 되고싶어 오늘처럼 우리 함께 있음이 내겐 얼마나 큰 기쁨인지 워 세상에 그 무엇이라도 그대위해 되고싶어 오늘처럼 우리 함께 있음이 내겐 얼마나 큰 기쁨인지 사랑하는 나의 사람아 너는 아니 워 이런 나의 마음을 이런 나의 마음을
1997.02.02~02.08,42,898849,나에게로의 초대,정경화,My Blue Dreams,1996.04,Rock,김형수,환상속에 있어 다가설 수 없는  나에게 너를 보여줘  조금만 다가서도 멀어지는  나의 사랑 나의 꿈  너에게 나를 맞춰가고 있다 말하지마  나에게 너를 초대할 뿐이야  신비로운 너의 모습  나에게는 사랑인걸  조금씩 다가오는 널 느낄수록  신비로운 너의 모습  나에게는 사랑인걸  조금씩 멈춰지는 시간속에 널  어둠속의 빛처럼 my love  다가설 수 없는 너를 내게 보여줘  어둠 속의 한줄기 빛처럼 느껴 my love  사랑하는 너를 모두 느낄 수 있어  어둠속의 빛처럼   너에게 나를 맞춰가고 있다 말하지마  나에게 너를 초대할 뿐이야  신비로운 너의 모습  나에게는 사랑인걸  조금씩 다가오는 널 느낄수록  신비로운 너의 모습  나에게는 사랑인걸  조금씩 멈춰지는 시간속에 널  어둠속의 빛처럼 my love  다가설 수 없는 너를 내게 보여줘  어둠 속의 한줄기 빛처럼 느껴 my love  너를 기다리는 나의 아름다웠던  시간속에 널 그리워 My love  사랑하고 싶은 너를 내게 보여줘  어둠속의 한줄기 빛처럼 느껴 My love  사랑하는 너를 모두 느낄 수 있어  슬픈 나의 사랑을
1997.02.02~02.08,43,2507229,질주,노댄스,골든힛트,1996.10.01,Dance,"신해철,박창학",너를 내 삶의 뒷편에 던져 놓고 난 길을 떠나왔어. 버려. 실낱같은 희망. 우린 이제 어린애가 아니야. 눈앞에 다가와 버린 현실 앞에 난 너무 무력해. 알쟎아. 숨이 막힐 듯한 사람 속을 끝도 없이 달려가는 질주 속에. 돌아보면 아직 너는 기억 속의 그 자리에 손 흔들며 울고 있어. 대체 여기가 어딜까. 돌아보면 꽤 먼길을 왔는데. 너는 견디고 있는지. 하루하루 지옥 같은 고독을. 손끝도 보이지 않는 어둠 속에 모든게 점점 빨라져. 숨이 막힐 듯한 사람 속을 끝도 없이 달려가는 질주 속에. 돌아보면 아직 너는 기억 속의 그 자리에 손 흔들며 울고 있어.
1997.02.02~02.08,44,38446,미련,김건모,Exchange kg. M4,1996.05.17,Ballad,최준영,그대가 나를 떠나고
1997.02.02~02.08,45,2277095,작별,김원준,Show,1996.08.20,Ballad,김원준,눈을 감고 두 손을 모아보면
1997.02.02~02.08,46,69374,하늘만 허락한 사랑,엄정화,Uhm Jung Hwa 2,1996.01,Ballad,"성지훈,윤성희",내가 느낀 그를 향한 이끌림  사랑이 아니기를 나는  기도했었지  나를 보는 안타까운 그 눈빛  제발 나의 착각이길 바랬지  지금이라도 피하고싶어  오랫동안 친구의  사랑이었던 그를  하지만 이젠 너무나  간절히 원하는  서로의 마음 속일순 없어  한사람 때문에 많은걸 잃게  되겠지  힘들때마다 기대온 우정까지  하지만 어렵게 시작된  우리 사랑은  하늘만은 허락할거야  그 마음을 받아들인 후부터  나는 친구얼굴을 바로 볼 수  없었지  변해가는 사랑속에 얼마나  아파하는지 알고 있었기에  정말 미안해 날 용서해줘  이런 얘긴 이제는 아무소용   없지만  그래도 나를 조금만  이해해주겠니  그 없인 나도 견딜수 없어  한사람 때문에 많은걸 잃게  되겠지  힘들때마다 기대온 우정까지  하지만 어렵게 시작된  우리 사랑은  하늘만은 허락할거야  우리를 위해서 흘려진  눈물 기억해  그만큼 소중히 아낄게
1997.02.02~02.08,47,1606431,어느 째즈바...,터보,터보(Turbo) 2집 `New Sensation`,1996.08.01,Ballad,한진우,지난 시간들이 다시는 오지 않을 것을 알지만 아직도 너의 기억 그대로 인데 아픈 상처들을 안고서 살아갈순 있지만 지우긴 너무나 힘들어 나는 오늘밤 니 생각에 술 마시고 이 비가 오는 길거릴 나 홀로 방황하고 있다 재작년 이 맘때쯤 너와 함께 언제나 즐거웠던 어느 째즈바에 갔다 너무나 슬픈 음악 선율과 담배 연기 희뿌연 구석 자리로가 앉아 너를 생각한다 이 어둔 조명아래 마치 마치 니가 웃고 앉아있을 듯한 착각을 느낀다 이제 슬퍼하진 않을거야 내 맘 속엔 없으니 시간이 모든것을 해결하겠지 너를 알기 전 나는 항상 혼자였으니 같은 하늘 아래 살면서 서로 외면해야만 하는 우리가 너무 나도 고통스러워 이미 남의 사랑 돼버린 현실속을  나 홀로 쓸쓸히 살아가야해 너와 헤어져 지낸지도 언1년 너 항상 행복하길 축복하며 빌어주고 있다 수많은 어둔밤을 잠 못 이루면서 나 오직 너의 대한 생각 뿐이다 너 또한 나에 대한 지난 아픈 깊은 추억들 마음 깊이 그리워할지 무척 궁금하다 나 이젠 우연인지 필연인지 가끔 널 보더라도 웃어줄 수 있는데 이제 슬퍼하진 않을거야 내 맘속엔 없으니 시간이 모든것을 해결하겠지 너를 알기 전 나는 항상 혼자였으니 같은 하늘 아래 살면서 서로 외면해야만 하는 우리가 너무 나도 고통스러워 이미 남의 사랑 돼버린 현실속을  나 홀로 쓸쓸히 살아가야해 지난 시간들이 다시는 오지 않을 것을 알지만 아직도 너의 기억 그대로 인데 아픈 상처들을 안고서 살아갈순 있지만 지우긴 너무나 힘들어 같은 하늘 아래 살면서 서로 외면해야만 하는
1997.02.02~02.08,48,71691,환상체험,아이돌,The Second Coming...,1996.11,Dance,이건우,마음이 두근 두근 가슴이 조마 조마 첫눈에 널 보고 콩깍지가 씌어졌어 바로 이 여자였어 내 꺼야 아무도 주지 않을테야 지금 내게 다가와 내 마음 내게 cause you're my baby 상상을 해봐 everybody say yeah 내 마음 내게 cause you're my baby 상상을 해봐 everybody say yeah 한 순간 입 맞춤 하고 나서 난 정신을 잃었었지 그 순간의 영원함을 난 뭐라고 설명할 수 조차도 없었던거야 귓가에 천사들의 노래소리 들었었지 세상에서 단 한번 들어본적 없는 노래 너의 모습 신비하게 다가와 나만의 상상을 초월한거야 Hey 모든것이 정지된것 같았어 너와 나는 조금도 움직일 수 없었지 다시 한번 그 자리에 가고 싶어 그 겨울밤에  양심도 얼어붙는 추운 이 서울의 겨울 당신의 따뜻함 날 포근하게 해요 왜요 왜 그리 나를 뚫어지게 쳐다봐요 하지만 그녀 눈은 너무 맑아요 지금도 가만히 눈을 감으면 환상에 빠져들어 그 장면이 떠오르면 난 한없이 두근두근 가슴이 떨리는거야 이대로 영원토록 머물 순 없는건지 다가서는 그 느낌을 나는 정말 알 것같아 너의 모습 속삭이듯 다가와 한 순간 입 맞춤 하고 나서 난 정신을 잃었었지 그 순간의 영원함을 난 뭐라고 설명할 수 조차도 없었던거야 귓가에 천사들의 노래소리 들었었지 세상에서 단 한번 들어본적 없는 노래 너의 모습 신비하게 다가와 나만의 상상을 초월한거야 Hey 모든것이 정지된것 같았어 너와 나는 조금도 움직일 수 없었지 다시 한번 그 자리에 가고 싶어 그 겨울밤에 난 cause you're my baby everybody say yeah cause you're my baby everybody say yeah
1997.02.02~02.08,49,71554,UFO,패닉,밑,1996.09.08,Rock,이적,어느날 밤 이상한 소리에 창을 열어 하늘을 보니  수많은 달들이 하늘을 뒤덮고 있었다  어느새 곁에 다가온 할머니가 내 손을 잡으며 속삭이듯 내게 말했다 그들이 돌아왔다고  왜 모두 죽고나면 사라지는 걸까  난 그게 너무 화가 났었어  남몰래 그 누구를 몹시 미워했었지  왜 오직 힘들게만 살아온 사람들  아무것도 없는 끝에서  어딘가 끌려가듯 떠나는 걸까  살찐 돼지들과 거짓 놀음 밑에  단지 무릎 꿇어야 했던  피 흘리며 떠난 잊혀져간 모두  다시 돌아와 이제 이 하늘을 가르리 짓밟고 서 있던 그들 거꾸러뜨리고  처음으로 겁에 질린 눈물 흘리게 하고  취한 두눈으로 서로서로서로의 목에  끝도 없는 밧줄을 엮게 만들었지 자 일어나 모두가 반길 수는 없겠지만  그자신이 그이유를 제일 잘 알겠지만  마지막 달빛으로 뛰어가봐  날아와 머리위로 날아와  검은 하늘을 환히 비추며 솟아  모두 데려갈 빛을 내리리  이제야 그 오랜 미움 분노 모두 다 높이  우리와 함께 날으리  저기 하늘 밖으로  살찐 돼지들과 거짓 놀음 밑에  단지 무릎 꿇어야 했던  피 흘리며 떠난 잊혀져간 모두  다시 돌아와 이제 이 하늘을 가르리 짓밟고 서 있던 그들 거꾸러뜨리고  처음으로 겁에 질린 눈물 흘리게 하고  취한 두눈으로 서로서로서로의 목에  끝도 없는 밧줄을 엮게 만들었지  자 일어나 모두가 반길 수는 없겠지만  그 자신이 그이유를 제일 잘 알겠지만 마지막 달빛으로 뛰어가봐  날아와 머리위로 날아와  검은 하늘을 환히 비추며 솟아  모두 데려갈 빛을 내리리 이제야 그 오랜 미움 분노 모두 다 높이  우리와 함께 날아와 머리위로 날아와  검은 하늘을 환히 비추며 솟아  모두 데려갈 빛을 내리리 이제야 그 오랜 미움 분노 모두 다 높이  우리와 함께 날으리
1997.02.02~02.08,50,70765,널 위한 거야,미스미스터,Mis=Mr 1집,1996,Rock,,날 용서하며 살아가줘 넌 그럴꺼야 마음 아파져도 이젠 의미없는 시간 속에 널 기억하며 눈물 흘리겠지 아주 오래전에 잊고 지낸 소중함들을 너를 잃은 후에 느낄수 있는 아직 바보같은 날 넌 이해할 수 있다면 널 위한거야 널 외면할 땐 나의 눈에 흐른 눈물 마를지도 몰라 날 용서해줘 나 떠나가도 멀리서 너를 꼭 지켜봐 줄게  널 기억하며 살아갈게 내 이름조차 잊혀질지라도 이젠 어두워진 거울속에 날 바라보며 눈물 흘리겠지 아주 오래전에 잊고 지낸 소중함들을 너를 잃은 후에 느낄수 있는 아직 바보같은 날 넌 이해할 수 있다면 널 위한거야 널 외면할 땐 나의 눈에 흐른 눈물 마를지도 몰라 날 용서해줘 나 떠나가도 멀리서 너를 꼭 지켜봐 줄게 널 위한거야 널 외면할 땐 나의 눈에 흐른 눈물 마를지도 몰라 날 용서해줘 나 떠나가도 멀리서 너를 꼭 지켜봐 줄게
