time,rank,song_id,title,singers,album,date,genre,creator,lyric
1999.08.29~09.04,1,83803,A`ddio,양파,A`ddio,1999.06.26,Ballad,임보경,그대 뒤에서 항상  바라만 보네요  나의 오해가 깊어  남은건 이별뿐  처음부터 왜 내게 얘기하지  못했었나요  산다는 건 그조차 그대에겐  힘이 들었다는걸  사랑이 그대에겐 사치라고  느껴졌나요  시리도록 차가운 그대  그 눈물을 이제야 알아요  모든걸 되돌릴수 없다면  나를 용서해요  조금더 일찍 그대맘을  헤아리지 못한 나를  눈을 감아도 이젠 그대가 보여요  나의 사랑이 깊어  남은건 그리움  그대곁에 맴도는 나를  느낄수가 있나요  나마저 짐이될까 그저  망설일 뿐이예요  우리의 헤어짐이 어쩔수  없는 것이라면  이것만은 말해주어요  이별이 슬프지 않도록  그대가 날보내고 떠나가는  것이 아니라  조금더 깊이 그대 맘에 묻어  두려 했다는걸  우리의 헤어짐이 어쩔수 없는 것이라면  이것만은 말해주어요 이별이  슬프지 않도록  그대가 날보내고 떠나가는  것이 아니라  조금더 깊이 그대 맘에 묻어  두려 했다는걸
1999.08.29~09.04,2,504835,우리는 Y.G Family,YGFamily,Famillenium,1999.07.29,Rap / Hip-hop,양현석,Uh 너 이제 준비해라  Uh 너 이제 각오해라  We choming Through   With Spread  Out 1TYM Kick It off  믿기 어렵겠지만 YG Family가   다 왔다  지누와 션과 1TYM 모두가   너와 함께할  또 너의 뒤에다  모두 여덟명의 저격수가   되어 발사  준비되어 있지 Teddy  덤벼봐  Yo 백색가루에 뻗친 끝이   없는 욕심  너 모르게 죽어갔던   아비를 지켜본  어린아이 눈속에 비친  너의 개만 못한 짓이여   이제는 끝이여  자 다음 차례 여자들을 팔아  넘겨 배 채운 돼지여  남자란 힘을 잘못쓴 그대여  썩은 내 그 목구멍 속에   넘어간 인생  누가 책임질래  저 높은 곳에서 널 지켜보겠어  우리는 Y G Family Family Family  뒤집어 놓겠어 널 마주 보겠어  우리는 Y G Family Family Family  Now Did You Feel It Coming  Do You Want Anatha One N  Who Got Tha Bat JS 사는게 뭔가 뭔가 버겁다고  느꼈왔던 순간 순간  니 피붙이를 버리려고 했다 인생에 종이 땡땡 종이 땡땡 칠때까지 고아 고아 라는 이름으로 살아 남아 바라 다 지워졌나 도대체 얼마나 너를  원망하게 될까 그러면 절대 안돼 나는 반대 늙은 어머님이 자식이  부담스러워 집을 나가신지 몇달이 되어도 찾아보지 않았던 너 뻔할 뻔 어린 자식들도 너를  따라하게 될껄 저 높은 곳에서 널 지켜보겠어 우리는 Y G Family Family Family 뒤집어 놓겠어 널 마주 보겠어 우리는 Y G Family Family Family 이제 나에게 마지막 남은 총알을 줘 몇시지 더러워진 세상 속에 자식 너만은 YG가 가만 두지 않아 너의 그 주먹 사이로 오고 갔던 수많은 비명 그리고 위선 세상이 삐걱 YG Gonna Show That Stall That 모든걸 되돌려 줄께 저 높은 곳에서 널 지켜보겠어 우리는 Y G Family Family Family 뒤집어 놓겠어 널 마주 보겠어 우리는 Y G Family Family Family 지누와 승환이 대니와 백경이 테디와 진환이 페리와 양군이 우린 많은 것을 바라는게 아니지 지금의 우리는  Y G Family Family Family
1999.08.29~09.04,3,83471,Festival (인생은 아름다워),엄정화,005.1999.06,1999.06,Dance,주영훈,이제는 웃는 거야 Smile again  행복한 순간이야 Happy days  움츠린 어깨를 펴고 이 세상 속에  힘든 일 모두 지워버려  슬픔은 잊는거야 Never cry  뜨거운 태양 아래 Sunny days  언제나 좋은 일들만  가득하기를 바라면 돼  항상 똑같은 생활 속에 지쳐가지만  나를 누르는 힘든 일에 쓰러지지만  고개를 숙일 건 없어  그 속에 행복있는 걸 찾으면 돼  나의 주위를 둘러 봐 힘겹다 느낄 때  맑은 어린아이의 모습에  미솔 닮아 봐  이제는 웃는 거야 Smile again  행복한 순간이야 Happy days  움츠린 어깨를 펴고 이 세상 속에  힘든 일 모두 지워버려  슬픔은 잊는거야 Never cry  뜨거운 태양 아래 Sunny days  언제나 좋은 일들만  가득하기를 바라면 돼  아주 가끔은 사랑 있어 즐겁게 웃고  또 어떤 날은 사랑으로 울기도 하고  쉬운 건 하나도 없어  그 속에 기쁨 느끼면 그걸로 돼  조금 낮추어 돌아봐 삶이 무거울 때  아무 말없이 뛰고만 있는 많은 사람들 이제는 웃는 거야 Smile again 행복한 순간이야 Happy days 움츠린 어깨를 펴고 이 세상 속에 힘든 일 모두 지워버려 슬픔은 잊는거야 Never cry 뜨거운 태양 아래 Sunny days 언제나 좋은 일들만 가득하기를 바라면 돼 라라라 Smile again 라라라 Happy days 커다란 하늘처럼만 더 크게 웃고 더 크게 생각하는거야 눈물은 잊는거야 Never cry 푸르른 햇살처럼 Sunshine days 언제나 좋은 일들만 가득하기를 기도할께
1999.08.29~09.04,4,83326,Gimme! Gimme!,컨츄리꼬꼬,Color Of Chameleon,1999.06.14,Dance,최수정,사랑이 듬뿍담긴 편지를 받았어  편지와 함께 한아름 꽃도 받았어  꽃다발 속에 담긴 너의   그 마음이 정말 좋았어 sexy  oh 너를 기다리다가 그냥  돌아왔어  돌아오는 그 길이 너무 외로웠어  밤하늘에 뜬별이 내가슴에  떨어지네  사랑이라고 말해  언제나 나를 사랑한다고   달려와 내가슴에 안겨줄  너를 기다리는 나에게로  oh Gimme Gimme Gimme   Gimme Gimme Gimme  사랑을 Tell me Tell me Tell me  Tell me Tell me Tell me  나에게 깊이 깊이 깊이 깊이   깊이 깊이  남겨둘 사랑을 찾아서   날 떠나간  희미해진 기억속에 니가   남긴 사랑을  향기로운 그입술에 잊지못할  추억은 다시 돌아올거야  내가슴의 운명처럼  이제 너도 내게 날   돌아와 달라는 사실을  나 너무 외로워 지금   나 너만 있으면 되는데  기회는 지금 있어 지겨워 하지마  나도 지금 너처럼 지 쳐 가  순정을 다 바쳐서 너를   사랑했어  뜨거운 그 날 밤도 우리   시를 썼고  그렇게 아름다운 여자는 세상에   처음이었어kiss me  그후로 오랬동안 너무 행복했고  사랑의 장난으로 우린 헤어졌지  나의 눈에 눈물이 가슴속에   떨어지네  사랑이라고 말해  언제나 나를 사랑한다고   달려와 내가슴에 안겨줄  너를 기다리는 나에게로  oh Gimme Gimme Gimme   Gimme Gimme Gimme  사랑을 Tell me Tell me Tell me  Tell me Tell me Tell me  나에게 깊이 깊이 깊이 깊이   깊이 깊이  남겨둘 사랑을 찾아서   날 떠나간  희미해진 기억속에 니가   남긴 사랑을  향기로운 그입술에 잊지못할  추억은 다시 돌아올거야  내가슴의 운명처럼  Make me a baby  Make me be   you alright girl   I just like the way   You are sexy baby  Want make you grow oh tonight girl  내사랑을 그대에게 원 투 쓰리  oh Gimme Gimme Gimme  Gimme Gimme Gimme 사랑을 Tell me Tell me Tell  me Tell me Tell me Tell me 나에게 깊이 깊이 깊이  깊이 깊이 깊이 남겨둘 사랑을 찾아서  날 떠나간 희미해진 기억속에 니가  남긴 사랑을 향기로운 그입술에 잊지못할 추억은 다시 돌아올거야  내가슴의 운명처럼
1999.08.29~09.04,6,1710278,여름안에서(99 Summer Cool Mix),듀스,IVY Mega Mix,1999.06,Dance,,
1999.08.29~09.04,7,83181,Get Up,베이비복스1기,Come Come Come Baby,1999.08,Dance,,왜 이렇게 자꾸 나를  애태우는 거야  왜 바라보면서 내게 다가오진  않는 거야  내 눈빛은 너에게 말하고 있잖아  come come come 어서 내게 다가와 baby  뭘 그렇게 자꾸 생각하고  있는 거야  뭘 그렇게 망설이고 있는  거야 바보같이  내 미소가 너에게 말하고 있잖아  It's ok 어서 나를 데려가 baby  Get Up Get Up Get Up  Get Up Get Up Get Up  Oh Get Up Move Me Tonight  Get Up Get Up Get Up  Get Up Get Up Get Up  자 이제 내 손을 잡아  Get Up Get Up Get Up Get Up Get Up Get Up  이 밤이 다가기 전에  Please Oh Get Up Move  Me Now 어서 나를 데려가줘 언제까지 나를 기다리게  만들거야  언제까지 그곳에 멈춰서  있기만 할거야  난 더이상 기다릴 수가 없어 제발  Take Me Now 어서 나를  데려가 Baby  Get Up Get Up Get Up Get Up Get Up Get Up   Oh Get Up Move Me Tonight  Get Up Get Up Get Up  Get Up Get Up Get Up  자 이제 내 손을 잡아  Get Up Get Up Get Up  Get Up Get Up Get Up  이 밤이 다가기 전에  Please Oh Get Up Move  Me Now 어서 나를 데려가줘 조금씩 조금씩 조금씩 내눈이 감겨 살며시 스미는 너의 시선이  거울에 비쳐 너를 쳐다봤어   그러다 너와 눈이 마주쳤어  숨기려는 니 감정에 솔직하게  너를 기다리고 있어 너와 나의 서로의 표현이  필요한 거야  Tell Me To Night Tell Me  Tell Me Baby Tell Me To Night Tell Me  In Your Eye Tell Me To Night Tell Me  Tell Me Baby Tell Me To Night Tell Me  In Your Eye 날 바라봐 이렇게 널 부르고 있잖아  어서 와서 기다리는 내 이  마음을 가져가  난 더 이상 기다릴 수가 없어 제발  Please Please Please 어서  나를 데려가 Baby  Get Up Get Up Get Up Get Up Get Up Get Up  Oh Get Up Move Me Tonight  Get Up Get Up Get Up Get Up Get Up Get Up  자 이제 내 손을 잡아  Get Up Get Up Get Up Get Up Get Up Get Up  이 밤이 다가기 전에  Please Oh Get Up Move  Me Now 어서 나를 데려가줘 Get Up Get Up Get Up  Get Up Get Up Get Up  Oh Get Up Move Me Tonight  Get Up Get Up Get Up Get Up Get Up Get Up  자 이제 내 손을 잡아  Get Up Get Up Get Up  Get Up Get Up Get Up  이 밤이 다가기 전에  Please Oh Get Up Move  Me Now 어서 나를 데려가줘 Tell Me To Night Tell Me  Tell Me Baby Tell Me To Night Tell Me  In Your Eye Tell Me To Night Tell Me  Tell Me Baby Tell Me To Night Tell Me  In Your Eye
1999.08.29~09.04,8,83443,헤어진 후에,Y2K,YⅡK,1999.05.01,Rock,장대성,미안해 그런 표정은 짓는게   아니었는데 어쨌든   너의 그사람 정말로 괜찮았었어   많이 고민했었어 그자릴   지켜야 하는지   이제 너와난 끝난 사이니까   왜 나를 나오라했니 겨우 조금은   너를 지운거라 생각했었는데   이렇게 날 힘들게   해야했니 친구로   지내잔 마지막 말론 너의 기분을   채울수는 없니 그만큼   나로인해 힘들다면   사과할게 정말 너무나 미안해   이젠 너의사람을 위해서   영원히 나를 기억에   지워줘 너만 행복할수있다면   많이 고민했었어 그자릴   지켜야 하는지   이제 너와난 끝난 사이니까   왜 나를 나오라했니 겨우 조금은   너를 지운거라 생각했었는데   이렇게 날 힘들게 해야했니   친구로 지내잔   마지막 말론 너의 기분을   채울수는 없니 그만큼   나로인해 힘들다면   사과할게 정말 너무나 미안해   이젠 너의사랑을 위해서 영원히   나를 기억에   지워줘 너만 행복할수있다면   다신 나를 만나려 하지마 혹시   우릴 오해할지   모르니 단지 그사람을 위해   모든걸 생각해줘 나는  정말로 괜찮아  우리 사랑했었던 기억도  이젠 너를위해 모두 지울게  너만 행복할수 있다면
1999.08.29~09.04,9,81920,선택,백지영,Sorrow,1999.06.01,Dance,최명선,너를 포기하라고  말하는  그를 넌 믿고  있는 것 같아  난 그를 알아  쉽게 널 버릴거야  그걸 정말  모르니  내가 널  사랑하는 것보다  그의 곁에서  넌 행복했니  말도 안되는  일들이 벌어졌어  잘못했던  일이야  너만을  사랑해  이렇게 너를  보낼 수 없어  제발 다시 한 번 더  생각해봐 부탁이야  흔들리지마  이젠 더이상  나의 사랑을  시험하지마  누구에게도 널  빼앗길수 없어  널 다시  찾을거야  너만을  사랑해  이렇게 너를  보낼 수 없어  제발 다시 한 번 더  생각해봐 부탁이야  흔들리지마  이젠 더이상  나의 사랑을  시험하지마  누구에게도 널  빼앗길수 없어  널 다시  찾을거야  흔들리지마  이젠 더이상  나의 사랑을  시험하지마  누구에게도 널  빼앗길수 없어  널 다시  찾을거야  라라라랄라라라라랄라  라라라랄라라라라라라  라라라라  라라라라  라라라라라라라라
1999.08.29~09.04,10,84019,호기심,한스밴드,한스밴드 2집,1999.08.12,Dance,최준영,춘향이 이도령 첫사랑 고귀한 사랑의 결정판 후세에 길이길이 남는데 왜 내겐 아직 어리다고만 할까 사랑이란 어떤 것일까 목숨도 아깝지 않을까 정해진 인연이 있다면 내 앞에 지금 나타나줘 기다림은 너무 싫어 외로움도 너무 싫어 우연히 맺은 잘못된 사랑 더 싫어 어른들은 아직 몰라 내가 어린 줄만 알아 옛날 같으면 벌써 시집 갈 나인데 머리가 좋았으면 좋겠어 2세를 생각해야 하니까 큰 키에 잘생기면 더 좋아 적어도 나의 인연이라면 라면 혹시나 하늘이 노하여 바보를 맺어준다 해도 평강이 그랬었던 것처럼 내조로 영웅 만들지 뭐 기다림은 너무 싫어 외로움도 너무 싫어 우연히 맺은 잘못된 사랑 더 싫어 어른들은 아직 몰라 내가 어린 줄만 알아 옛날 같으면 벌써 시집 갈 나인데 빠밤빠빠 빠밤빠빠 춤을 춤을 배워보자 빠밤빠빠 빠밤빠빠 나의 사랑 불러보자 빠밤빠빠 빠밤빠빠 수리수리 마하수리 빠밤빠빠 빠밤빠빠 야 기다림은 너무 싫어 외로움도 너무 싫어 우연히 맺은 잘못된 사랑 더 싫어 어른들은 아직 몰라 내가 어린 줄만 알아 옛날 같으면 벌써 시집 갈 나인데 기다림은 너무 싫어 외로움도 너무 싫어 우연히 맺은 잘못된 사랑 더 싫어 어른들은 아직 몰라 내가 어린 줄만 알아 옛날 같으면 벌써 시집 갈 나인데
1999.08.29~09.04,11,83891,그녀의 연인에게... #Story Ⅰ,K2김성면,Vocalist,1999.04,Rock,,알고 있나요 지금 그대  가진 행복  내겐 아픈 이별이란걸  그녀가 나를 떠나가기 전에  나도 그대 처럼 행복  할수 있었죠  설레임이 가득한 그대 하루만큼  나의 하룬 길고 외로워  어쩌면 나는 바랬는지 몰라  두 사람의 사랑 또한  이별이 되길  이런 나를 이해해요  그댈 미워 할수 밖에 없는날  그대가 난 눈물이 날만큼  부러웠었죠  꼭 하나만 바래요 날 대신해  그녈 영원히 지켜줘야 해요  내가 못 이룬 사랑 이제는 다  모두 이룰 그대  행복하길 그녀의 사랑이니까  이세상에 누구보다 그대  좋은 사람이길 바래요  나보다 더 그녀를 아끼고  사랑할 사람  꼭 하나만 바래요 날 대신해  그녈 영원히 지켜줘야 해요  내가 못 이룬 사랑 이제는 다  모두 이룰 그대  행복하길 그녀의 사랑이니까  꼭 하나 기억해요  이세상에 난 추억이 되어  잊혀지겠지만   오랜 간절함에도 내게  허락되지 않던 사람  모두 가진 바로 그대라는 걸
1999.08.29~09.04,12,611573,오직 너뿐인 나를…,이승철,6집 1999 & Live Best,1999.03.21,Ballad,이승철,아직도 널 잊지 못해  이유 없는 울음 삼키고  애써 기다린 그대 지우려하네  어두웠던 지난 겨울비 내린 그날 밤  이젠 잊은듯한 눈길이 다가와  사랑해 너무 사랑했었어  널 위해 살아온 날 잊진 말아줘  널 보며 너를 기다려 오며  너만을 그리워한  오직 너뿐인 나를 기억해줘  그렇게 지나온 시간속에  넌 아마 날 잊어버린채  애써 행복한 듯한 눈빛을 보이지  울어도 괜찮아 내게로 와  너를 위해 남겨진 내 품안으로  아직 난 널 사랑해  사랑해 너무 사랑했었어  널 위해 살아온 날 잊진 말아줘  널 보며 너를 기다려오며  너만을 그리워한  오직 너뿐인 나를 기억해줘  어느날 난 너 떠난 오랜후에  이별의 아픔을 홀로된 느낌을  마르지않는 슬픔을 사랑해 너무 사랑했었어  널 위해 살아온 날 잊진 말아줘  널 보며 너를 기다려오며  너만을 그리워 한  오직 너뿐인 나를 오직 너뿐인 나를 오직 너뿐인 나를 기억해줘 기억해줘
1999.08.29~09.04,13,4123388,Shut Up!! (Feat. 이윤정),유승준,Now Or Never,1999.04.16,Dance,이승호,어디서 뭘 했는데 또 누굴 만난건데 도대체 연락 안돼 뭘하고 다니는건데 안 그랬는데 옛날엔 진짜 안그랬어 그렇게 피할꺼면 꺼져버려 아무 거침없이 쏟아붓는 너의 잔소리 그것의 시작이 내가 뭘 잘못했니 뭘 생각하니 뭘 그리 네맘에 안드니 내말을 들어봐 날 쳐다봐 네 진심을 내게 불어봐 네가 날 이해해봐도 내게 남는 것은 하나도 없다고 봐 몇번을 말해야 알아듣겠니 왜 이래야만 하는거야 한바탕 너의 잔소리 듣고 난 후면 내 인내심도 끝인거야 지금 너 내게 보이는 끈질긴 집착 내 지난 이별 이유라고 그토록 알아듣도록 얘기했지만 왜 똑같아져 가는거야 그래서 한때는 하루종일을 꼭 붙어 다녔었고 다시는 잔소리 없을 거라고 너와 나 약속했어 아무말 필요 없었잖아 그냥 눈빛하나면 충분했잖아 우리의 행복 기억하니 정말 행복했었잖아 그때는 그랬는데 정말 좋았었는데 너무나 행복해서 우하하하 하지만 조금씩 변해가는 너를 느껴 나몰래 쌓여가는 너의비밀 참을수 없어 내게 비밀은 없어 후한이 두려워 비밀을 가질순 없어 너와 함께한 시간 아름다워 그날들을 잊을순 없어 사랑에 행복에 시간에 우정에 눈물까지 사랑해 네게 더 큰사랑을 주고싶은 욕심에 난 더 조금씩 다가서기에 몇번을 물어도 너를 사랑해 내맘은 항상 너의곁에 모자란 나를 언제나 채워주던 너 얼마나 내겐 소중한데 안개에 가려 보이지 않던 내길을 넌 빛이되어 밝혀줬고 세상이 나를 속이고 실망시킬 때 넌 끝까지 날 지켜줬어 아무리 지쳐도 포기않는 희망이 뭔지 아니 내가 꼭 있어야 되는 한사람 바로 너 때문이야 아무말 필요 없었잖아 그냥 눈빛하나면 충분했잖아 우리의 행복 기억하니 정말 행복했었잖아 멋대로 살꺼면은 혼자살아 내맘을 몰라줄꺼면 딴 여자를 찾아 니 멋대로 살아보던지 하지만 기다릴게 계속 기다릴꺼야 니가 이런 내맘을 알아줄때까지
1999.08.29~09.04,14,70896,꿍따리 샤바라,클론,Are You Ready?,1996.05.01,Dance,김창환,마음이 울적하고 답답할 땐  산으로 올라가 소릴 한번 질러봐  나처럼 이렇게 가슴을 펴고  꿍따리 샤바라 빠빠빠빠  누구나 세상을 살다 보면은 마음먹은 대로 되지 않을 때가 있어  그럴땐 나처럼 노래를 불러봐  꿍따리 샤바라 빠빠빠빠  기쁨과 슬픔이 엇갈리고  좌절과 용기가 교차되고  만남과 이별을 나누면서  그렇게 우리는 살아가고  뜻대로 되지 않을 때도 있고  마음먹은 대로 될 때도 있어  다 그런 거야 누구나  세상은 그렇게 돌아가니까  다 그렇게 사는거야  희비가 엇갈리는 세상속에서  내일이 다시 찾아오기에  우리는 희망을 안고 사는 거야  마음대로 일이 되지 않을 때  하던 일을 멈추고 여행을 떠나봐  바다를 찾아가 소릴 질러봐  꿍따리 샤바라 빠빠빠빠  꿍따리 샤바라 빠빠빠  빠빠빠빠빠 빠빠빠  꿍따리 샤바라 빠빠빠  빠빠빠빠빠 빠빠빠  우울한 날이 계속 이어질 땐  신나는 음악에 신나게 춤을 춰봐  나처럼 이렇게 리듬에 맞춰  꿍따리 샤바라 빠빠빠빠 누구나 괴로운 일은 있는 것  한가지 생각에 너무 집착하지마  그럴땐 나처럼 툭툭 털면서  꿍따리 샤바라 빠빠빠빠 기쁨과 슬픔이 엇갈리고  좌절과 용기가 교차되고  만남과 이별을 나누면서  그렇게 우리는 살아가고  뜻대로 되지 않을 때도 있고  마음먹은 대로 될 때도 있어  다 그런거야 누구나  세상은 그렇게 돌아가니까  다 그렇게 사는 거야  희비가 엇갈리는 세상속에서  내일이 다시 찾아오기에  우리는 희망을 안고 사는 거야  마음대로 일이 되지않을 땐  하던 일을 멈추고 여행을 떠나봐  바다를 찾아가 소릴 질러봐  꿍따리 샤바라 빠빠빠빠  꿍따리 샤바라 빠빠빠  빠빠빠빠빠 빠빠빠  꿍따리 샤바라 빠빠빠  빠빠빠빠빠 빠빠빠
1999.08.29~09.04,15,38753,아름답게 사랑하는 날까지,김경호,Kyung-Ho Kim Ⅳ,1999.04,Rock,이경,그래 내 안에서 살게 한거야 가엾은 너 아픔 재우고 내 가슴 어디에서도 숨 쉬고 있어 그런 널 내 안에서 죽게 한거야 잔인한 저 비를 맞듯이 착한 널 선택한 것은 눈물이 되어 숨이 막혀와 놔주려 했어 너를 내 품에 안으면 이 세상이 두려웠어 날 이해해줘 사랑해 본 사람들은 알거야 한 사람을 잊는다는 건 혼자 내린 죽음보다 아픈 걸 깨달았어 나를 거부했던 세상이지만 너를 위해 용서한 거야 니 안에 또 다른 사람이 살아가는 날 이 세상에 난 죽고 없는 거야 날 용서해줘 잠시 너를 슬픈 세상에 뒀어 나를 죽여 사랑한만큼 너와 같은 날에 눈감을 거야 어렵지만 선택했어 사랑해서 아플 우리 사랑을 가슴 안에 숨쉴거야 아름답게 사랑하는 날까지 난 살겠어
1999.08.29~09.04,16,83779,좋아하면 다 그래,디바,Millennium,1999.06,Dance,김영아,하나둘씩 변해 가는 나의 모습   하루 이틀도 아닌 그 긴 시간동안   아무렇지 않게 지내 왔던   우리였는데   그런데 가만가만히   생각해봤고 또 고민 해봤어   너만 보면 이상한 야릇한   그런 기분이 드는 거야   그래 너 너 너 때문에 말이야   집에서 너만 나면 해야할 말   하고 싶은말 생각했어 나 나   나 나가보면 내 입술은 꽉   닫힌채로   내머리는 멍 또 멍해진채로   너만을 뚫어지게 쳐다보고   그런넌 이상하단 듯이   나를 뚫어지게 쳐다보고   그렇게 그와의 어색한   하루를 보내고   널 쳐다보며 따라 가다보면   생각하다보면 너를   상상하다 보면   온종일 나 할일 또 하지 못한채   나 이제 어떡하지 좋아하면   그런 건가봐   I don't know I don't know   애가 타는 내맘 보여주고 싶어   내게 다가와 내맘 가져가   밤새 준비했던 그 고백을   네 앞에서 말 못하는지   정말 바보 같은 나를 어쩜 좋아   나를 봐 너를 봐 우리 서로  한번 봐봐   누가 봐 또 우리 같은   천생 연분 없을테니까   라고 얘기 했더라면   이렇게 그렇게   힘들게 저기서 맘   고생하지 않을 텐데   우리 함께 걷다보면   나도 모르게   그이 손위에 내손 가 있고   그럴땐 내손놔라 그때 어머머머   한심하다고 속으로 주문외우듯   혼자 얼굴빨개져 몸둘바를 모르고   그리고 말없이 조용히 집에 가서   왜그랬나 생각해   누구앞에서 나 당당했던   누구앞에서 나 큰소리 치던   그런나 서슴없이 항상 웃던 내가   우는 날이 더 더 많아지고   너에게 사랑해 한마디 못하는 날  내 자신이 너무 답답해  언제가는 얘기해야 하는데  나는 항상 거울 보면 할 수 있어  그러다가도 너만 보면  더듬더듬 말 더듬고 걸음 헛 딛고  그런 나 쥐구멍이라도  숨고 싶었어  I don't know I don't know  애가 타는 내맘 보여주고 싶어  내게 다가와 내맘 가져가  밤새 준비했던 그 고백을  네 앞에서 말 못하는지  정말 바보 같은 나를 어쩜 좋아  내 맘 힘들게 하는 그 이름 사랑  조금만 더 쉽게 배웠어도  그럼 쉽게 얘기했을 텐데  고백했을 텐데 그럴텐데 그렇지  매일 밤만 되면 쳐다보는 하늘  오늘밤도 수많은 니 얼굴이  저 하늘에 별만큼 나의 머릿속에  상상속에 넌 나를 사로  잡겠지 그렇겠지  언젠간 너 역시 그럴 테지  나처럼 좋아하면  내 맘 알 수 있을 거야  좋아하면 다그래  I don't know I don't know  애가 타는 내맘 보여주고 싶어  내게 다가와 내맘 가져가  밤새 준비했던 그 고백을  네 앞에서 말 못하는지  정말 바보 같은 나를 어쩜 좋아  I don't know I don't know  애가 타는 내맘 보여주고 싶어  내게 다가와 내맘 가져가  밤새 준비했던 그 고백을  네 앞에서 말 못하는지  정말 바보 같은 나를 어쩜 좋아
1999.08.29~09.04,17,1606597,회상 (Remix Ver.),터보,터보(Turbo) `Millennium Dance Megamix`,1999.07.05,Dance,,겨울 오면은 우리 둘이서 항상 왔었던 바닷가 시린 바람과 하얀 파도는 예전 그대로 였지만 나의 곁에서 재잘거리던 너의 해맑던 그모습 이젠 찾을 수 없게 되었어 아무도 없는 겨울의 바닷가 너무나 슬퍼보인다고 우리가 바다 곁에서 친구가 되자고 내 등에 숨어 바람을 피할 때 네 작은 기도를 들었지 언제나 너의 곁에 우리 항상 함께 해 달라고 거친 파도가 나에게 물었지 왜 혼자만 온 거냐고 넌 어딜 갔냐고 보이지 않니 나의 뒤에 숨어서 바람을 피해 잠을 자고 있잖아 따뜻한 햇살 내려오면 깰꺼야 조금만 기다려 다시는 너를 볼 수 없을 거라는 얘기를 차마 할 순 없었어 하지만 나도 몰래 흘린 눈물 들킨 거야
1999.08.29~09.04,18,2554061,집착 (2009 Remastering),박미경,2010 Deluxe Edition,2010.01.25,Dance,김창환,맨 처음 너를 볼 때부터  난 네가 너무 좋아  왠지 불안했었지  어렵게 찾은 내 사랑이  혹시 내 실수로 깨질까 두려워서  너를 만나는게  난 너무 행복했었어  널 그냥 보고만 있어도  너를 못 볼 때면  난 왠지 불안했었지  누군가에게 널 뺏길 것만 같아서  그래서 네게 집착했던 거야  네가 부담스러워 하는 걸 알면서도  그만큼 너만 사랑 했었는데  그게 이별이 될 줄 난 몰랐어  No pue ol vi da R te  다시 내게 돌아와준다면  No pue ol vi da R te  네게 부담 주지 않을 거야  너와 단 둘이 있을 때도 난 너무 행복한데 왠지 불안 했었지 너무나 너를 사랑해서 지금의 행복한 맘이 곧 깨질 까봐 깊이 사랑하면 꼭 헤어진다는 말이 날 몹시 두렵게 만들고 태연해지려고 난 애를 써 봤었지만 불안한 마음에 널 의심하곤 했지 그래서 네게 집착했던 거야 네가 부담스러워 하는 걸 알면서도 그만큼 너만 사랑 했었는데 그게 이별이 될 줄 난 몰랐어 No pue ol vi da R te 다시 내게 돌아와준다면 No pue ol vi da R te 네게 부담 주지 않을 거야 그래서 네게 집착했던 거야 네가 부담스러워 하는 걸 알면서도 그만큼 너만 사랑 했었는데 그게 이별이 될 줄 난 몰랐어
1999.08.29~09.04,19,82979,마지막 사랑,박기영,Promise,1999.04.27,Rock,조규만,몰랐었어 너의 그바램들을 모두 이해한다 믿고만 싶었던거야 너무 힘들다고 말하는 널 보며 잠시 헤어지자고 말을 했던 나였어 미안했어 나의 이기심들에 상처입어가는 널 보지 못했던거야 마지막이라고 믿었던 사랑을 바보처럼 보내고 사진속에 웃고 있는 너를봐 어디 있니 넌 지금 점점 바래져가는 니 모습 그려보고 있어 단한번이라도 내 모습 떠올라 긴 한숨짓고 있다면 다시 돌아와 너를 위해 비워둔 내 맘속 그곳에 마지막 사랑이라 믿는 내게로 미안했어 나의 이기심들에 상처입어가는 널 보지 못했던거야 마지막이라고 믿었던 사랑을 바보처럼 보내고 사진속에 웃고 있는 너를봐 어디있니 넌 지금 점점 바래져가는 니 모습 그려보고 있어 단한번이라도 내 모습 떠올라 긴 한숨 짓고 있다면 다시 돌아와 너를 위해 비워둔 내 맘속 그곳에 영원히 나를 지켜줘 단한번이라도 내 모습 떠올라 긴 한숨짓고 있다면 다시 돌아와 너를 위해 비워둔 내 맘속 그곳에 마지막 사랑이라 믿는 내게로
1999.08.29~09.04,20,84288,참을 수 없어 (R&B; Version),타샤니,Parallel Prophecys,2000.09.28,Rap / Hip-hop,"정연준(업타운),유유진,이건우",It's those crescendo's  Bring my love high Been waitin a long time  for you to show me right One  look at my moves it show what  I proove Now you knowin there  ain't nothin I wouldn't do I'm stricken a lflicted by your wishin keep that lovin comin runnin baby you dun done it cravin  for your fixin Missing baby why  you dissin listen cuz you got me  on a chase But I'm persisting 싫어하는 척한 것 뿐이지 Da leelin that I get  when your by my side can we  get it tight when the time is right 사실은 내 사랑도 너를  향해 있었어 니가 버린 사람들처럼 나를 쉽게 생각할까봐 잠시 망설인  내 모습들이 너에게는 상처가 된거야 나 혼자 두지마 이 밤이  너무나 길어 lonely night 나 이제  그댈 사랑 할 자신이 생겼어 오늘 이 밤에 참을수 없어 기다릴 수도 없어 나 이제 그댈 위해 모든걸  드리고싶어 그대의 모든걸 가지고 싶기도 해 아름다운 오늘 이 밤에 어색한 시간이 흐르고 있어 조금은 쑥스럽기도 해  하지만 사랑은 모든 걸 함께 하는 것  이 밤에 함께 나누고파 그대와 내가 이밤에 가까워지길 바래 이제 내 사랑의 키도 커졌어 나도  어리지만은 않아 이제 나에겐 새로운  느낌이 필요해 그대만이 채울수 있어요 참을수 없어 기다릴 수 없어 나에게서 멀어지게 하긴 싫어 참을수 없어 더 늦기전에  그대만을 기다리고 있잖아  그대 나를 원하나요 내게 기회를 줘요 눈을 뜨면 내 곁에서 미소 짓고 있는 그댈 보고 싶어 혼자 두지마 이 밤이 너무나 길어 oh  lonely night 나 이제 그댈 사랑할  자신이 생겼어 오늘 이 밤에 참을 수 없어 기다릴 수 없어 오늘 밤에  그대 곁에 있고 싶어 참을 수 없어 더  늦기전에 그대만을 기다리고 있잖아
1999.08.29~09.04,21,38520,실연,김종서,The Seven Kim Jong Seo,1999.06.09,Rock,김종서,너 떠나갈땐 네 뒤를 돌아보지마 동정따윈 바라지 않아 나도 그냥 잠시 스치는 사람이란게 자존심만 조금 상할뿐 낮이나 밤이나  언제나 이젠 혼자 외로워 Yeah 내 머리를 잡고 있는 널 지워 버릴꺼야 새로운 나를 위해 넓고 넓은 세상에 많고 많은 사람에 날 기다릴 누군가 있어 햇살 가득 좋은 날 다시 태어날거야  날 기다릴 사랑 찾아서 너 떠나갈땐 미련을 남기지는 마 나를 위한 마지막 배려 다른 사랑앞에 또 다른 꿈을 꾸지만 언젠가는 후회할거야  낮이나 밤이나  언제나 이젠 혼자 외로워 yeah 내 머리를 잡고 있는 널 지워버릴거야  새로운 나를 위해 넓고 넓은 세상에 많고 많은 사람에 날 기다릴 누군가 있어 햇살 가득 좋은 날 다시 태어날거야  날 기다릴 사랑 찾아서 낮이나 밤이나  언제나 이젠 혼자 외로워 yeah 내 머리를 잡고 있는 널 지워버릴거야  새로운 나를 위해 넓고 넓은 세상에 많고 많은 사람에 날 기다릴 누군가 있어 햇살 가득 좋은 날 다시 태어날거야  날 기다릴 사랑 찾아서
1999.08.29~09.04,22,83671,Tears,위종수,To Me,1999.07.27,Ballad,,
1999.08.29~09.04,23,82205,회심가,태사자,2000-1,1999.07,Dance,오지훈,그렇게 믿고 또 믿고   너만을 믿고 의심따윈 없건만  내 눈을 비벼 또 비벼 uh   니가 아니길 바랬건만  바로 니가 보란 듯이   다른 남자와 있는걸  정말로 나는 어떻게 너를   이해해야 하는지  쓰러져가는 가슴으로  널 잊기위해 애를 써도  너의 야릇한 그 모습이   괘씸해 견딜수가 없어  내게 말해온 너의 미래  바쁘게 지낸 너의 어제  그 모든 것이 지금 내 눈앞의   그 남자 때문인걸  내 속에 갇힌 날 되찾고싶어  잃어버린 나를 울게 했던   자존심 Yeah  Baby Give my heart   back to me  널 위한 내 사랑 모두다 돌려줘  이젠 필요없는 내 맘   모두 Baby  Give my heart back to me  널 위한 내 사랑   모두다 돌려줘  내가 준 모든걸  널 그리워해 눈물로 지샐지 몰라  Can believe  다시 너를 찾고 싶었어   그전처럼 가고 싶었어  수백일을 다 바쳤었지  도무지 뭐가 잘못됐는지  니가 날 다시 찾게될런지   혹시 그 남자 싫어질런지  이런 바보같은 내 모습  니가 차버린 내 존재  내 속에 갇힌 날 되찾고싶어  잃어버린 나를 울게 했던   자존심 Yeah  Baby Give my heart   back to me  널 위한 내 사랑   모두다 돌려줘  이젠 필요없는   내 맘 모두 Baby  Give my heart   back to me  널 위한 내 사랑 모두다 돌려줘  내가 준 모든걸  널 잊으려고  술취해 울지도 몰라  사랑해 사랑해  또 다시 널 만나는 날이  언제쯤일까 기대를 하는 내 모습 정말  한심 그 자체 하지만 나는 너를 못잊어 널 위해 그때까지 멋진  남자가 되어 그날이 올 때 까지만  잠시 너의 마음 내게 돌려줘 Yeah
1999.08.29~09.04,24,83786,그녀의 뒤엔 항상 내가 있었다 (Don`t Be Afraid Me Angel),최창민,The Way,1999.07.15,Dance,장용진,세상이 가져온 선물에   나 마저 아파할까봐   알지만 널 내버려 뒀어 그렇게  날려버렸어  내 모든걸 내 외치는걸  그녀를 지켜달라고  나를 알아 볼수도 없다고  두 번 다신 만나지 말라고  내 너를 위해 널 위해  하늘도 열어둘테니  내 두눈을 봐 내 이름앞에  널 두고 맹세할테니  나의 나의 하늘아 그녀만은  웃을수 있게  날 도와줘 이렇게 두손모아  기도할테니  날 태운 상처와 아픔마저도  못 이길 눈물까지도  나 절대 그녀에겐 줄수 없으니  사랑해 너만을 영원토록  내 너를 위해 널 위해 하늘도  열어둘테니  내 두눈을 봐 내 이름앞에  널 두고 맹세할테니  나의 나의 하늘아 그녀만은  웃을수 있게  날 도와줘 이렇게 두손모아  기도할테니  날 태운 상처와 아픔마저도  못 이길 눈물까지도  나 절대 그녀에겐 줄수 없으니  사랑해 너만을 영원토록  내 내 하늘아 그녀만은 웃을수  있게 또 행복하게  날 도와줘 그녀없인 난 없으니  사랑해 너만을  영원히 사랑해 너만을 사랑해  영원토록
1999.08.29~09.04,25,72491,Yo! (악동보고서),신화,T.O.P.,1999.04,Dance,,그대가 서 있을 곳이 아니야   살아서 숨쉬는 것을 느껴봐   종이 울린다 문이 열린다   내 인생을 후회없이 살아보고   싶은 꿈이 열린다   1999 my dream it's come again   like a birdy the birdy the   birdy boom boom track   너는 인정해 줄 사람하나   없는 바보   너는 그 누구도 배려하지   않는 바보   내가 왜 악동이 됐나   사랑하는 법을 가르치는   곳이 하나없어   Yo 너 뭐 될래   진짜 니 맘대로 살아갖고 뭐 할래   너는 언제나 니 멋대로 하고 싶고   살고 싶어 다들 무시하잖아   Yo 너 뭐 될래   진짜 니맘대로 살아갖고 뭐 할래   Do you live for me niggas   answer me   모든걸 잃어버린 실패자나 되지마   Money and power to dust to dust   오직 그것만을 쫓는자가   되지않아   세상에서 내가 해줄 몫이 있어   오직 나만이 나만이 할 수   있는 멋진 job이 있어   Rap a Rock 신화 Daddy's song   그 어떤 것보다 소중한거야   너를 다른 곳에 맞출 필요없어   Boogie down baby   check it boogie down baby   내가 왜 악동이 됐나   나를 반항하게 하는자가 누구야   본보기는 없다 표본도 없다   타인 아닌 나를 완성하고 싶다   꿈이 있죠 하늘보다 높은   그런 꿈이 있었죠   나는 알고 싶어요   내 뜻대로 밀고 나갈 자신감들만   줄순 없나요   Yo 너 뭐 될래   진짜 니 맘대로 살아갖고 뭐할래   너는 언제나 니 멋대로 하고 싶고   살고 싶어 다들 무시하잖아   Yo 너 뭐 될래   진짜 니맘대로 살아갖고 뭐할래   Do you live for me niggas   answer me   모든 걸 잃어버린 실패자나 되지마   실패하지 않는 자는 없다   물러서지 않고 맞서   극복하는 인간보다   그 이상의 아름다움 없을 뿐이다   나를 믿어야만 한다   꿈이 있죠 하늘보다 높은 그런   꿈이 있었죠   나는 알고 싶어요   내 뜻대로 밀고 나갈 자신감들만   줄 순 없나요   나에게 사랑과 존경하는   마음들을 가르칠 수 없나요  내 뜻대로 홀로서는 법을   알게 해 줄 마음이 없나요
1999.08.29~09.04,26,83156,인연,이정봉,인연,1999.06,Ballad,이정봉,떠났어요 그대 나를 슬픈 아쉬움을 남긴채 아름답던 그대 모습 이젠 지워지질 않아요 내 삶의 의미를 버려야 하겠죠 그대라는 사람에게 맞춰진 시간에 기대어 익숙해 지겠죠 전과 다른 모습에 가리워져 기도했죠 그대 내게 다시 돌아오길 바랬죠 시들었던 그대 미소 자꾸 내게 머물렀으니 그대는 잊었죠 모두 다 잊었죠 우리 영원토록 사랑하자던 그대를 믿었던 내 잘못 인가요 정말 내가 너무 바보같았죠 머물다간 시간 만큼만 내게 머물러요 그리움에 내가 지쳐요 그대는 잊었죠 모두 다 잊었죠 우리 영원토록 사랑 하자던 그대를 믿었던 내 잘못 인가요 정말 내가 너무 바보 같았죠 정말 내가 너무 바보 같 이젠 알수 있죠 그 모든걸 그늘진 그대 표정속에 그댈 기억해 그 사랑을 스쳐 가는 인연이라도
1999.08.29~09.04,27,38634,연애,김현철,어느 누구를 사랑한다는 건 미친 짓이야,1999.05.11,Ballad,김현철,정말 유치한것 같아 내가 하는 모든 얘기가  산다는게 원래 그런거 라지만  저 푸른 초원위에 그림같은 집을 짓고서 님과 함께 살고 싶은 기분이야  누굴 좋아한다는데 이유가 그런 이유가 어딨겠어  그저 어느 누가 맘에 들면 그냥 맘에 드는 거지  나는 날아 날아 올라 그대와 함께 있을때면 Alright 연애하는 기분이라 나는 날아 날아 올라 그대와 함께 있을때면 Alright 정말 좋은것 같아  사람일이란 것을 이 세상 어느 누가 알겠어  그 누구도 알수 없는 일이겠지 우리가 이 다음에 어떻게 될지 모르지만  나는 다시 태어난 듯한 느낌야  누굴 좋아한다는데 이유가 그런 이유가 어딨겠어  그저 어느 누가 맘에 들면 그냥 맘에 드는 거지  나는 날아 날아 올라 그대와 함께 있을때면  Alright 연애하는 기분이라 나는 날아 날아 올라 그대와 함께 있을때면  Alright 정말 좋은것 같아  누굴 좋아한다는데 이유가 그런 이유가 어딨겠어 그저 어느 누가 맘에 들면 그냥 맘에 드는 거지 나는 날아 날아 올라 그대와 함께 있을때면  Alright 연애하는 기분이라 나는 날아 날아 올라 그대와 함께 있을때면 Alright 정말 좋은 것 같아
1999.08.29~09.04,28,1816948,To Heaven,조성모,To Heaven,1998.09.06,Ballad,이승호,괜찮은거니 어떻게 지내는거야 나 없다고 또 울고 그러진 않니 매일 꿈속에 찾아와 재잘대던 너 요즘은 왜 보이질 않는거니 혹시 무슨 일이라도 생겼니 내게 올 수 없을 만큼 더 멀리갔니 니가 없이도 나 잘 지내 보여 괜히 너 심술나서 장난 친거지 비라도 내리면 구름 뒤에 숨어서 니가 울고 있는 건 아닌지 걱정만 하는 내게 제발 이러지마 볼 수 없다고 쉽게 널 잊을 수 있는 내가 아닌걸 잘 알잖아 혹시 니가 없어 힘이 들까봐 니가 아닌 다른 사랑 만날 수 있게 너의 자릴 비워둔 것이라면 그 자린 절망 밖에 채울 수 없어 미안해 하지마 멀리 떠나갔어도 예전처럼 니 모습 그대로 내 안에 가득한데 그리 오래 걸리진 않을거야 이별이 없는 그곳에 우리 다시 만날 그날이 그때까지 조금만 날 기다려 줘
1999.08.29~09.04,29,105827,사랑과 영혼 (Feat. 김태영),클론,Funky Together,1999.03,Ballad,김창환,난 내 자신이 너무도 싫다  너 없이도 살아갈 수 있는  내 모습이 싫다  항상 니 곁에서 영원히 널 지켜주며  너와 함께 할꺼라고 다짐했는데  난 너와의 약속을 지키지 못한채  오늘도 한순간 순간  너를 잊고 살아가며  난 눈물조차 말라버린 가슴으로  지나가는 시간속에  너를 잊어가고 있어  너여야만 했어 너 아니면 안됐지  나의 영혼까지  모두 바쳐 사랑할 사람  하지만 넌 나만 혼자 남겨둔채  돌아올 수 없는 먼곳으로  넌 떠나갔지  넌 너무 행복했다고 말을 했지  내 사랑을 모두 갖고  떠날 수 있다면서  넌 식어가는 손으로 내 손을 잡고  마지막 그 순간까지만  널 지켜달라했지  그대여 이제 날 잊어요  더 이상 힘겨워 말아요  내 영혼이 하늘에서 잠들 수 있게  이젠 그대여 날 놓아주세요  난 지금도 혼자 있는 밤이 오면 아무도 모르게 너의 사진을 펼쳐놓고 지난 추억 속의 너의 모습 떠올리며 사진 속 니 얼굴을 어루만져 보지만 내 눈물이 흘러 너의 사진위에 하얗게 번져 웃는 니 얼굴이 빛날때면 난 견디기 힘든 추억을 안고서 오늘도 꿈속으로 난 너를 만나러 떠난다 볼 수 없어 니 모습이 자꾸 희미해져 꿈속에서 마저 너는 나를 잊어버렸나봐 난 소리내어 너를 불러보지만 니가 점점 나와 멀어지는 걸 느끼며 변해버린 건 니가 아니란걸 알아 세월속에 무뎌지는 나의 감정이라는 걸 난 이런 내 자신이 너무 싫어 너를 잊고 살아갈 수 있는 내 모습이 싫어 그대여 이제 날 잊어요 더 이상 힘겨워 말아요 내 영혼이 하늘에서 잠들 수 있게 이젠 그대여 날 놓아주세요 오 오 그대여 그대여 울지말아요 나 항상 그대 마음안에서 언제나 함께 할께요
1999.08.29~09.04,30,27676,사랑하게 되면,안치환,I Still Believe,1999.05.01,Folk,김범수,나 그대가 보고파서 오늘도 이렇게 잠 못 드는데 창가에 머무는 부드러운 바람 소리 그대가 보내 준 노래일까 보고파서 보고파서 저 하늘 넘어 그댈 부르며 내 작은 어깨에 하얀 날개를 달고 그대 곁으로 날아 오르네 훨훨 훨훨 날아가자 내 사랑이 숨 쉬는 곳으로 훨훨 훨훨 이 밤을 날아서 그댈 품에 안고 편히 쉬고파 나를 잠 못 들게 하는 사람아 보고파서 보고파서 저 하늘 넘어 그댈 부르며 내 작은 어깨에 하얀 날개를 달고 그대 곁으로 날아 오르네 훨훨 훨훨 날아가자 내 사랑이 숨 쉬는 곳으로 훨훨 훨훨 이 밤을 날아서 그댈 품에 안고 편히 쉬고파 훨훨 훨훨 날아가자 내 사랑이 숨쉬는 곳으로 훨훨 훨훨 이 밤을 날아서 훨훨 훨훨 나를 잠 못 들게 하는 사람아
1999.08.29~09.04,31,82212,다짐,박상민,폭풍(暴風),1999.04,Ballad,송민아,차갑게 너는 말했지-- 어쩐지 믿을수가 없었어 언제나 미치도록 외로웠다고 우린 모두 끝난거라고- 하루에 단 한번조차-- 내 생각 해본적은 있-는지 어쩌다 함께해도 너는 언제나 다른 생각하-고 있--었다고-- 난 정말 몰-랐어- 그토록 힘들었는지- 나의 사랑안-에 항상 행복한- 줄 알았어 나를 용서-못해- 니-가 떠나간다면- 나에겐 너 하나뿐이잖아---- 한번만 날 용서해줘-- 조금만 사랑할 기회--를 줘 이별을 말한 순간 니가 그리워 널 원할 힘조-차 사--라졌어--  모든게 어지러웠어-- 널 위해 살아갈 시간--을 줘 어쩌면 이미 다른 사람 있는지 그와 함께 있-어 행--복한지-- 난 정말 몰-랐어- 그토록 힘들었는지- 나의 사랑안-에 항상 행복한- 줄 알았어 나를 용서-못해- 니-가 떠나간다면 나에겐 너 하나뿐이잖아---- 이제는 울지 않기를-- 다시는 혼자 두지 않--겠어 부디 날 버리지마 죽는날까지 나는 너를 잃-고 살--수 없어-- 나는 너를 포-기할--수 없어--
1999.08.29~09.04,32,1786635,Fever,조pd(ZoPD),In Stardom Version 2.0,1999.08,Rap / Hip-hop,조pd(ZoPD),여기 있는 사람들 모두 높이 손을 들어 리듬에 맞춰서 신나게 몸을 흔들어 이게 진짜 파티야 하는 생각 너도 들어 나도 진짜 죽인다 하는 생각은 들어 골아픈 소리해도 절대 난 안들어 거기있는 아가씨 나는 아주 맘에 들어 그 아가씨 진짜 이쁜가 봐라 이리봐라 나 좀 봐라면서 손을 흔들어 그렇게 씹혀도 울지마 고개를 들어 그냥 흔들면서 들어 존나 흔들어  지금은 파티중이니 끼리끼리 온사람 샘내지 말고 우리끼리 재미있게 노세 Oh shit 아이고 이제는 몸이 안따라줘 안돼 하는 후회가 들어 슬프기 전에 작작튕겨 내 말 좀 들어 젊은 우리의 함성이 세상을 흔들어 uh 좋아라 좋아라  너무나 좋아라 피라미 같은 무용단들은 떠나라 DJ 와 MC 가 만든 힙합나라 저기 귀막고 있는 너는  사요나라 uh 좋아라 좋아라  너무나 좋아라 피라미 같은 무용단들은 떠나라 DJ 와 MC 가 만든 힙합나라 저기 귀막고 있는 너는  사요나라 uh 야야야 가야 되는데 이제 가야돼 가야돼  오늘이 다가기도 전에 내일 할일 생각에 볼일 하나 볼 엄두도 없는 건 참 별일이라 말야 이랴 이랴 말 몰고 쫓듯 세월을 보내니 말야 마라톤 하듯이 바톤 넘기듯 하루하루 빠른 패턴으로 가면서도 좋든 싫든  따르란 말이렸다 하여튼 지금 내앞에서 허튼 걱정은 하지마 너무나 좆같은 기분을 떨쳐 진정 춤추고 싶은이는 춤을 춰 종일 열받쳐 있던 머리 식힐겸 춤을 춰 눈맞춰 볼만한 이 있으면 점을 쳐 이 기회를 왜 놓쳐 답답하면 크게 소리쳐 여기 시간은 조PD 시간 너의 시각과 청각은 빨간 노란 파란  현란한 틀에 쌓여 대란을 치루는 중이군야 순간이 모인거란다 인생이란 때지난 부끄럼에 밍숭밍숭 하면 뭘해 음악은 나왔는데 딴 생각하는 건 뭐래 누구도 바깥세상 골치아픈 속에 잊지마 또 잊지마  이 미래를 밝힐 노래 때지난 부끄럼에 밍숭밍숭하면 뭘해 음악은 나왔는데 딴 생각하는 건 뭐래 누구도 바깥세상 골치아픈 속에 잊지마 또 잊지마  이 미래를 밝힐 노래 좋아라 좋아라  너무나 좋아라 피라미 같은 무용단들은 떠나라 DJ 와 MC 가 만든 힙합나라 저기 귀막고 있는 너는  사요나라 uh 좋아라 좋아라  너무나 좋아라 피라미 같은 무용단들은 떠나라 DJ 와 MC 가 만든 힙합나라 저기 귀막고 있는 너는  사요나라 uh
1999.08.29~09.04,33,1839720,첫사랑,임현정,임현정 3집 - 은하철도 999,2000.08.09,Rock,임현정,햇살처럼 눈부시게 다가와 나를 깨우던 그대는 봄비처럼 내게 스쳐지나가 나의 첫사랑 그대는 오래 전 영화속에 소설속에 주인공 이름처럼 나에겐 이름 이젠 아련해 언제인가 나를 설레게하던 나의 첫사랑 그대는 다시 누군가와 행복하기를 지나버린 사랑 그대 영원히 내 맘속에 기억 속에 남을 것만 같던 그 때 입은 상처 이젠 아련해 슬픈 영화처럼 나를 울렸던 나의 첫사랑 그대는 다시 누군가와 행복하기를 지나버린 사랑 그대 다시 누군가와 행복하기를 지나 버린 사랑 그대
1999.08.29~09.04,34,38572,자유선언,김현정,2nd 김현정,1999.02.02,Dance,윤일상,이제는 아파도 울지 않을래 이제는 슬퍼도 울지 않을래 널 보고 싶어도 널 찾지 않을래 그래도 너를 벗어 날 수는 없겠지만 내곁에 처음 왔을때 네 맑은 눈빛 너무나 좋아서 온종일 설레임에 들떠서 너만을 생각했지 그땐 정말 몰랐었어 이렇게 쉽게 니가 떠날줄이야 당연히 내 곁에는 네가 함께 있는줄 알았는데 하지만 니가 떠난 지금 자꾸만 커져가는 너의 존재가 어떻게 살아내야 할지 너무나 막막해 check it out one time baby what I gotta do this time won't cry naver ever will I oue not you not again will I never ever try come on over here and talk about the time talk about the time when it was you and I don't you know we had it good until you sald bye bye but now that your gone why can't your tell me why shake up on the shack and say I gotta do uh come on over here tell me what I gotta do 조금씩 많아진 다툼 속에서 조금씩 길어진 침묵 속에서 그렇게 깨어진 그 작은 틈새로 이별은 벌써 내게 시작되고 있었나봐 나 아닌 다른 누구도 니곁에 서면 어울린다는 걸 조금만 눈치라도 챘다면 이렇진 않을텐데 그땐 정말 몰랐었어 너무나 사랑해서 함께 했을뿐 그것이 추억으로 혼자된 날 힘들게 할 줄이야 하지만 니가 없더라도 여전히 살아갈수 있게 하는 건 이렇게 괴롭히는 너의 추억일지 몰라 check it out one time baby what I gotta do
1999.08.29~09.04,35,38953,Happy Birthday To You,권진원,Difference,1999.04.01,Ballad,유기환,이슬비가 내리는 오늘은  사랑하는 그대의 생일날  온종일 난 그대를 생각하면서  무엇을 할까 고민했죠 난 가까운 책방에 들러서  예쁜 시집에 내 맘 담았죠  그 다음엔 근처 꽃집으로 가서  빨간 장미 한 송일 샀죠  내려오는 비를 맞으며  그대에게 가는 길 너무 상쾌해  품 속에는 장미 한 송이  책 한 권과 그댈 위한 깊은 내 사랑  아름다운 그대를 만난 건  하느님께 감사드릴 우연  작은 내 맘 알아주는  그대가 있기에  이 세상이 난 행복해  난 가까운 책방에 들러서  예쁜 시집에 내 맘 담았죠  그 다음엔 근처 꽃집으로 가서  빨간 장미 한 송일 샀죠  내려오는 비를 맞으며  그대에게 가는 길 너무 상쾌해  품 속에는 장미 한 송이 책 한 권과  그댈 위한 깊은 내 사랑 아름다운 그대를 만난 건 하느님께 감사드릴 우연 작은 내 맘 알아주는 그대가 있기에 이 세상이 난 행복해 너무 너무나 행복해 Happy birthday to you
1999.08.29~09.04,36,1003557,하나되어 (Original Ver.),VariousArtists,Now N New,1999.05.01,Ballad,,뜻하지 않은 아픔을 겪었어 너무 앞만 보고 달렸던거야 이제 그누구도 탓하지 말고 나의 부족함을 다시 생각해 우리에겐 아직 희망은 있어 어려울수록 강해지는 믿음 그래 다시 시작해보는 거야 다시 태어나는 그런 맘으로 우린 해낼 수 있어 다시 일어날 수 있어 그토록 힘들었던 지난 시련도 우린 하나되어 이겼어 세상이 우릴 지켜보고 있어 우리의 시작을 의심할거야 그런 그들에게 보여줘야해 우리도 몰랐던 또다른 힘을 우린 해낼 수 있어 다시 일어날 수 있어 그토록 힘들었던 지난 시련도 우린 하나되어 이겼어 저 높이 떠오르는 태양을 봐 우릴 비춰주고 있잖아 우리 모두 손을 잡고 희망의 미랠 향해 우린 해낼 수 있어 다시 일어날 수 있어 그토록 힘들었던 지난 시련도 우린 하나되어 우린 하나되어 우린 하나되어 우린 하나되어 하나되어 이겼어
1999.08.29~09.04,37,1724571,슬픈 사랑,박은신,Blue,1999.02,Ballad,,한번 간 사랑의 순간은 다시 돌아오지 않고 거리에 비 내리듯 내 마음에 눈물 내린다 이리 저리 방황하며 걸어다녀도 보이지 않는 당신의 모습 모든게 꿈이었나 외딴 들녘에 피는 꽃처럼 나 언제나 여기 있는데 왜 어두운 추억속으로 멀어져만 가나요 내 슬픈 사랑이여
1999.08.29~09.04,38,4123387,열정(熱情),유승준,Now Or Never,1999.04.16,Dance,이현도,이제 나 내가 말하는 건 아주   커다란 내 가슴깊이 온몸을   그렇게 자리한  너라는 내 곁에 있는 날   바라보는 너에 대한 이야기야   나의 목소리야  널 향해 나는 소원해 그렇게   나는 원해 난 너를 원해  그렇게 나는 너없인 난 어두워진   그런 시간속에 헤매일 뿐   더 이상을 참지 못해  너를 향해 끝없이 소리쳐 부르는  내 가슴 깊은 사랑 노래   내 마음 속에  하나하나 새겨지는 너 라는   이름 안에  그 모든 것 어떤 모습이라 해도  너와 함께라면 나는 기쁠 수 있어   이제 너의 그 마음을 내게 열어줘  이 세상에 나의 너보다 소중한 것이란 건   내게 있을 수 없어  널 사랑해 너의 모든걸 나   영원토록 끝을 알 수 없도록   끝을 알 수 없도록   끝나가는 이세기를   사람들은 말하지  사랑만으로 힘들지 다 세상은   얘기하지  하지만 난 변하지 그렇지   않을 테니  내게는 바보들의 이야기는   상관없지  세상 마지막도 우리를 바꿀 수 없어  누구도 아무도 절대로 막을 수 없어  어떤 그 무엇도 널 대신 할 수가   없어 알 수 있어   너를 향해 여전히 멈출 수가 없는  내 가슴 깊은 곳의 사랑 노래  어떤 모습이라 해도 너와   함께라면   행복할 수가 있어  너만이 내 전부니까 나를 믿어줘  이 세상에 나의 너보다  소중한 것이란 건   내게 있을 수 없어  널 사랑해 너의 모든걸 나   영원토록 끝을 알 수 없도록   살아가며 겪어왔던 너의 슬픈   이별 얘기들  이젠 없어 마지막 사랑일 테니까 이 세상에 나의 너보다  소중한 것이란 건   내게 있을 수 없어  널 사랑해 너의 모든걸 나   영원토록 끝을 알 수 없도록   I MIGHT TRY TO BE WITH YOU   IN ALL THE WAY  AND I CAN T HELP THINKING ABOUT  YOU EVERYDAY CAUSE I LOVE YOU  AND I NEED YOU CAN I BE WITH YOU  WHAT CAN I DO TO MAKE US TRUE   I AM GOING TO MAKE IT RIGHT  WE ARE GOING TO KEEP IT TIGHT   LET'S MAKE IT  LAST ALL NIGHT LIKE JODECI   COME AND TALK TO ME CAN   YOU BE THE ONE FOR ME   이 세상에 나의 너보다  소중한 것이란 건   내게 있을 수 없어  널 사랑해 너의 모든걸 나   영원토록 끝을 알 수 없도록
1999.08.29~09.04,39,83609,우리와 함께,피플크루,Hiphop Spirit Forever,1999.07,Rap / Hip-hop,"남민설,이준",워워워워 워워워 You've got to baby people crew what we be right and you know we from right 워워워워 워워워 got to baby people crew what we be right and you know we from right  이제 다 같이 하자 이제 모두 함께 나와 그래 함께 듣고 있는 사람 모두 나와 다함께 같이 함께 잠시 쉬고 bigga the bigga the best dancers on wax 처음에는 우리와 함께 그래 이제 즐겨야 돼 넌 듣기만해 만족해 네 차례 이제 모두 해 하나가 돼 보다 나은 하나가 돼 자 이제 우리 PC와 함께 지금이 바로 내가 원하던 바라던 때야 패배 좌절 아닌 꿈과 희망을 가져 어떻게 나 혼자 남아 뭘 할까나 혼자 고민해봐 오 모두 안에서 나를 찾겠어 아 모두 같이 즐기도록 해 함께 해줘 우릴 지켜봐 이제 바뀔 세상을 보다 멋진 세상을 워워워워 워워워 You've got to baby people crew what we be right and you know we from right 워워워워 워워워 got to baby people crew what we be right and you know we from right  what's you have enters is people crew zone  세상은 우리에게 바라는게 많아 우리가 힘든만큼 얻을 수는 없어 하지만 가식적인 얼굴뒤에 내가 본 많은 진실들을 무시 할 수 없고 울상짓고 앉을 필요없어 현란하게 꾸밀 필요도 없어 이제 지쳐 쉬던 나 이제 다시 서겠다 무엇보다 강한 나를 위해 날 위해 이제 다같이 모두같이 HERE WE GO 오 자유롭게 느껴봐 아 모두 같이 한번 느껴봐 우리 P TO THE C 와 G FUNK 헤매왔던 꿈들은 이제 모두 버려 그런 가식과 위선은 버려 느껴봐 자신을 봐봐 기울여봐 들어봐봐 이제 밝은 세상이 다가올꺼야 와와와 이리와 내게로 와 우리는 바래왔던 꿈들이 있잖아 이제 벅찬 가슴 꽉 움켜쥐고 이제 다같이 디기디기 덤 디기덤 우리같이 손을 한번 들어봐요 리듬에 따라 몸을 한번 흔들어대요 그렇지 바로 그렇게요 say 호오 호오 워워워워 워워워 You've got to baby people crew what we be right and you know we from right 워워워워 워워워 got to baby people crew what we be right and you know we from right 워워워워 워워워 You've got to baby people crew what we be right and you know we from right 워워워워 워워워 got to baby people crew what we be right and you know we from right people crew
1999.08.29~09.04,40,83790,Waiting For You,핑클,White,1999.05,Ballad,김영아,넌 항상 신경쓰고 있지만   니 마음 모두 알고 있어  아직 그녀를 잊지 못한 사랑에   넌 힘들어 한다는걸  멍한 너의 눈빛 볼때면   슬퍼지는 나를 아니  너의 눈 속에 그녀 생각 뿐인걸  난 알면서 감출뿐야   becouse of falling for you   there`s nothing else i can do  becouse of falling for you   for you still waiting for you  나만을 사랑한단 너의 말  거짓인 걸 알고있어  그냥 나에게 상처주기 싫었던  네 미안한 위로인걸 언젠가 취한밤 나에게  전화를 걸어 자꾸만 그녀 이름  부르던 너였지 그래도 너를 미워 할 수가  없었나봐  가질수 없는 사랑 그  맘을 알기에 이해해 하지만 기다릴게  내사랑 알 때까지  언젠가 니 맘속에 나 있을  그날까지  네가 원하는 그 사랑  내가 아니란 걸 알지만  너를 사랑해 그저 바라보고 있을뿐야 언젠가 취한밤 나에게  전화를 걸어  자꾸만 그녀 이름 부르던  너였지 그래도 너를 미워할 수가  없었나봐  가질 수 없는 사랑 그 맘을  알기에 이해해 becouse of falling for you  there`s nothing else i can do becouse of falling for you  for you still waiting for you  becouse of falling for you  there`s nothing else i can do becouse of falling for you
1999.08.29~09.04,41,81713,Rain,이적,Dead End,1999.05.31,Ballad,이적,"오늘도 이 비는 그치지 않아  모두 어디서 흘러오는 건지...  창 밖으로 출렁이던, 헤드라잇 강물도  갈 곳을 잃은채 울먹이고...  자동 응답기의 공허한 시간  모두 어디로 흘러가는 건지...  기다림은 방한 구석, 잊혀 진 화초처럼  조금씩 시들어 고개 숙여가고...  너를 보고 싶어서  내가 울 줄 몰랐어.  그토록 오랜 시간들이 지나도  나에게 마르지 않는 눈물을 남겼네  모든 흔적 지웠다고 믿었지  그건 어리석은 착각이었어  이맘때쯤 네가 좋아한, 쏟아지는 비까진  나의 힘으로도 어쩔 수 없는 걸...  너를 보고 싶어서  내가 울 준 몰랐어.  그토록 오랜 시간들이 지나도  나에게 마르지 않는 눈물을 남겼네  하루하루 갈수록 더 조금씩  작아져만 가는 내게  너 영영 그치지 않을 빗줄기처럼  나의 마음 빈곳에 너의 이름을 아로새기네  너를 보고 싶어서  너를 보고 싶어서  그토록 오랜 시간들이 지나도  나에게 마르지 않는 눈물을 남겼네...    나에게 마르지 않는 눈물...  흘러내리게 해줬으니...  누가 이제 이 빗속에"
1999.08.29~09.04,42,83629,사랑 그리고 추억,소호대,I Was In Love,1999.08.16,Dance,,너를 만났지 나 언제까지나 너의 곁에서 기다릴꺼라고 더욱더 커가는 사랑을 느끼며 나 믿었었지 언제 부턴가 너의 모든게 나는 자꾸만 부담스러워졌어 그렇게 멀어져만 갔지 돌이킬 수 없는 사랑을 그리워하며 그렇게 보내왔던 추억보다 많은 시간 그런 너를 꿈꾸왔던 내게 이제 후회는 없겠지만 널 다시 그리워 할께 이젠 다시는 이별이란걸 영원하도록 하고 싶지는 않아 밀려만드는 가슴속에 숨겨진 너의 그림자 난 너무 두려워 너의 기억이 나의 곁에서 날 떠나지를 않아 돌이킬 수 없는 사랑이 잊을 수는 없겠지 너를 또 다른 사랑이 와도 그리워 할꺼야 지나버린 많은 시간 함께 했던 그 모든 기억을 소중히 간직할테니 널 사랑했었던 만큼 돌이킬 수 없는 사랑을 그리워하며 그렇게 보내왔던 추억보다 많은 시간 그런 너를 꿈꾸왔던 내게 이제 후회는 없겠지만 널 다시 그리워 할께
1999.08.29~09.04,43,82084,괜찮아,비쥬,Love Is...,1999.05,Ballad,"다비,주민",너의 두 눈에 맺혀있는 눈물들을 I saw it 너를 보내고 싶지않는 내 마음을 I saw it 나를 떠나고 싶지않은 니 마음을 I saw it 너를 보낼 수밖에 없는 지금의 나 괜찮아 이젠 정말 난 괜찮아 널 만나 너무 행복했어 더 이상 나를 위해 힘들어 하지마 괜찮아 이젠 정말 난 괜찮아 나보다 니가 더 힘든걸 한번더 나를 위해 그냥 편하게 떠나줘 언제나 나를 위해 살아 왔던 널 위해 해준 것도 없이 오늘도 변함없는 또 어제 같았는데 술취해 니가 내게 했던 말이 모두 사실인줄 난 몰랐어 미안해 이기적인 나를 용서해 사랑해 슬퍼보였어 니가 울었어 비가 내렸어 언젠가 다시 태어나면 그때도 너를 사랑할 수 있냐고 물었지 그냥 웃어 넘겼어 알지 못했어 나를 용서해 줘 후회하고 있어 이제 나도 너에게 말하고 싶어 널 사랑한다고  괜찮아 이젠 정말 난 괜찮아 널 만나 너무 행복했어 더 이상 나를 위해 힘들어 하지마 괜찮아 이젠 정말 난 괜찮아 나보다 니가 더 힘든걸 한번더 나를 위해 그냥 편하게 떠나줘 술취해 거리를 걸어 다니고 있어 내 눈물속에 너를 가득히 담고 슬픈 내 마음 슬픈 내 마음속에 너의 숨결을 느끼며 니가 안고있던 그 슬픔 그 아픔 모두 다 내가 그대로 품고 살아가는 거야 비가 내리는 거리를 걸어다니고 있어 이 빗물속에 너의 눈물을 담고 너의 슬픈 영혼을 담고 언제나 나를 위해 살아 왔던 널 위해 해준것도 없이 오늘도 변함없는 또 어제 같았는데 술취해 니가 내게 했던 말이 모두 사실인줄 난 몰랐어 미안해 이기적인 나를 용서해 사랑해 다시 태어나도 널 사랑할거야 예쁜 새가 되어 나에게로 와줘 긴 그리움속에 지쳐 잠들기전에 언젠가 서로 다른 인연으로 또 다시 만날 수 없다면 얼마뒤 서로 기억할 수 없다면 마지막 너의 눈빛속에 남은 내 모습까지 지워버려 또 다시 애원해도 기억할 수 없게
1999.08.29~09.04,44,528621,I.O.U,이소라,이소라 라이브,2001.01.05,Ballad,,"You believe,  that I've changed your life forever  And you're never gonna find  another somebody like me   And you wish,  you had more than just a life time  To give back all I've given you  and that's you believe   But I owe you  the sunlight in the morning  And the nights of all this loving  that time can't take away   I owe you more than life,  now more than ever  I know that it's the sweetest debt  I'll ever have to pay   I'm amazed when you say  it's me you live for  You know that when I'm holding you,  you're right where you belong   And my love,  I can't help but smile with wonder  When you tell me all I've done for you  Cause I've known all along   But I owe you  the sunlight in the morning  And the nights of all this loving  that time can't take away   And I owe you more than life,  now more than ever  I know the it's the sweetest debt  I'll ever have to pay   Cause I owe you  the sunlight in the morning  And the nights of all this loving  that time can't take away   I owe you more than life,  now more than ever  I know that it's the sweetest debt  I'll ever have to pay -"
1999.08.29~09.04,45,81790,세가지 소원,이승환,The War In Life,1999.03,Ballad,이규호(Kyo),나 어쩌면 천사와 손 잡았나봐요  그대의 마음이  날마다 날 유리처럼 빛나게 투명하게  그대의 손길이 내 여린 맘을  스쳐지나갈 때 나는 느끼죠 고마와요 사랑해요  그대를 위해 기도하죠  이루어 주소서  첫번째 내 소원은 나 없는 곳에서 아프지 말아요  언제라도 그대 지켜줄께요  건강해요 나의 사랑  오 내 모든 것 모두 주어도 아쉬운 마음 그대는 알까요 고마와요 사랑해요 그대를 위해 기도하죠 이루어 주소서 두번째 내 소원은 우리 힘들어도 속이지 말아요 혹시라도 우리 어쩔 수 없을 땐 착한 거짓말만 해요 마지막으로 빌어요 지금 잡은 두 손 놓지 않을게요 먼 훗날 우리 눈 감게 되는 날 꼭 한날 한시 되기를 약속해요
1999.08.29~09.04,46,1816949,후회,조성모,To Heaven,1998.09.06,Dance,이승호,너하고 헤어진 그 때는 아무렇지 않았어 오히려 까맣게 잊은 줄만 알았어 툭하면 멍하니 먼 하늘만 바라보곤 해 그러다 보면은 어김없이 눈물도 흘러 오래전에 넌 이미 내 곁을 떠나갔는데 정말 난 몰랐어 이제와서 이럴 줄이야 수척해져버린 내 모습에 모두들 놀라 어떻게 된거냐 걱정스레 물어봤지만 너를 버릴 때 너무 담담한 나였었기에 너 때문이라고 차마 얘기할 수 없었어 너에게 잘 해준 적도 없는 내가 눈물만 나오게 했던 내가 이제와 이런 후횔 한다고 그래도 네가 보고 싶어 너무 보고 싶어 스치는 우연이라도 눈빛만이라도 향기만이라도 한번만 다시 보여줘 완전히 우리 끝난 것만 아니라고 하면 니가 흘렸었던 눈물만큼 나도 울거야 이제와 아무리 후회를 한대도 어디서 너를 다시 찾을 수가 있겠어 혹시 또 우연히 만난다 하여도 어떻게 너를 다시 사랑 할 수 있겠어 내 곁에 네 모습 왜 그런지 부담스러워 그렇게 쉽게 널 떠나버린 건지도 몰라 믿을 수 없게 그땐 아무렇지도 않았어 정말 난 몰랐어 이제 와서 이럴 줄이야 그 어떤 잘못이라도 용서를 했던 눈물도 미소로 삼키던 네게 이제와 이런 후횔 한다고 그래도 네가 보고 싶어 너무 보고 싶어 스치는 우연이라도 눈빛만이라도 향기만이라도 한번만 다시 보여줘 완전히 우리 끝난 것만 아니라고 하면 니가 흘렸었던 눈물만큼 나도 울거야 너무나 니 모습 보고싶어 눈물이 나도 네 생각만으로 가슴 가득 채우고 나니 누구도 부럽지가 않을 만큼 너무 행복해 이제야 알겠어 이게 바로 사랑이란 걸
1999.08.29~09.04,47,1073524,Shut Up!,유승준,99 Mix Mac 히트가요 논스톱,1999,Dance,,어디서 뭘 했는데 또 누굴 만난 건데 도대체 연락 안돼 뭘 하고 다니는 건데 안 그랬는데 옛날엔 진짜 안 그랬어 그렇게 피할 거면 꺼져버려  아무 거침없이 쏟아 붓는 너의 잔소리 그것의 시작이 내가 뭘 잘못했니 뭘 생각하니 뭘 그리 네 맘에 안 드니 내 말을 들어 봐 날 쳐다 봐 내 진심을 내게 물어 봐 네가 날 이해해 봐도 내게 남는 것은 하나도 없다고 봐 몇 번을 말해야 알아 듣겠니 왜 이래야만 하는거야 한바탕 너의 잔소리 듣고 난 후면 내 인내심도 끝인거야 지금 너 내게 보이는 끈질긴 집착 내 지난 이별 이유라고 그토록 알아 듣도록 얘기했지만 왜 똑같아져 가는거야 그래서 한 때는 하루 종일을 꼭 붙어 다녔었고 다시는 잔소리 없을 거라고 너와 나 약속했어 아무 말 필요 없었잖아 그냥 눈빛 하나면 충분했잖아 우리의 행복 기억하니 정말 행복했었잖아
1999.08.29~09.04,48,1177974,몽중인,박정현,A Second Helping,1999.03.01,R&B; / Soul,윤종신,잡으려고 다가서면 멀어져 버리는 그대는 왜 쉬고싶은 내 밤을 괴롭히는지 잊자는 건 그댄데 왜 이러나요 그대 나타나 짓는 표정 왜 하필 반가운지  가끔씩은 무슨 말을 나에게 하지만 듣고 싶어 귀 기울여 보아도 들리지 않아 버려진 건 나인데 왜 이러는지 눈 감으면 미워해야 할 그대만이 차지하는 내 밤은 어떡하나요 지새우면 지새울수록 깊은 잠은 날 기다리고 그대 보았던 힘들
1999.08.29~09.04,49,88932,Beautiful Girl,일기예보,일기예보 다섯번째,1999.04,Ballad,"강현민,나들",Beautiful kim  내 사랑 Beautiful Kim  바라만 봐도 좋은 귀한 사람  그대는 나의 대장  오오 Beautiful Lee  My daring beautiful Lee  내눈을 멀게 만든 묘한 사람  첫눈에 반한 사람 우우  신기한 Beautiful Lee  내곁에 있어줘 떠나지 말아줘  혼자는 이젠 싫어 싫어  나만 바라봐 줘 한눈 팔지 말아  언제나 지금처럼  Beautiful girl  행복을 주는 사람 아  그대와 함께라면 바다 건너  하늘 끝 땅 끝까지  내 사랑 Beautiful girl 너와 나 나와 너 둘이서 예  너와 나 나와 너 함께 해 예  너와 나 나와 너 둘이서 예  너와 나 나와 너 함께 해 예  내곁에 있어줘 떠나지 말아줘  혼자는 이젠 싫어 싫어 오오  나만 사랑해줘 한눈 팔지 말아  언제나 지금처럼  Beautiful girl  행복을 주는 사람 아아  그대와 함께라면 바다 건너  하늘 끝 땅 끝까지  내 사랑 Beautiful girl  Beautiful girl  행복을 주는 사람 아아  그대와 함께라면 바다 건너  하늘 끝 땅 끝까지  내 사랑 Beautiful girl  내 사랑 Beautiful girl  내 사랑 Beautiful girl  내 사랑 Beautiful girl  내 사랑 Beautiful girl  내 사랑 Beautiful girl
1999.08.29~09.04,50,1877126,사랑을 위하여,김종환,사랑을 위하여,1997.06.13,Adult Contemporary,김종환,이른 아침에 잠에서 깨어 너를 바라볼 수 있다면 물안개 피는 강가에 서서 작은 미소로 너를 부르리 하루를 살아도 행복할 수 있다면 나는 그 길을 택하고 싶다 세상이 우리를 힘들게 하여도 우리들은 변하지 않아 너를 사랑하기에 저 하늘 끝에 마지막 남은 진실 하나로 오래 두어도 진정 변하지 않는 사랑으로 남게 해주오 내가 아플 때보다 네가 아파할 때가 내 가슴을 철들게 했고 너의 사랑 앞에 나는 옷을 벗었다 거짓의 옷을 벗어버렸다 너를 사랑하기에 저 하늘 끝에 마지막 남은 진실하나로 오래 두어도 진정 변하지 않는 사랑으로 남게 해주오 너를 사랑하기에 저 하늘 끝에 마지막 남은 진실 하나로 오래 두어도 진정 변하지 않는 사랑으로 남게 해주오 사랑으로 남게 해주오
