time,rank,song_id,title,singers,album,date,genre,creator,lyric
1999.05.16~05.22,1,489870,열정,유승준,You Seung Jun Best & J Duet Collection,2001.09.01,Dance,이현도,이제 나 내가 말하는 건   아주 커다란   내 가슴깊이 온통을   그렇게 자리한   너라는 내곁에 있는   날 바라보는   너에 대한 이야기야   나의 목소리야   널 향해 나는 소원해   그렇게 나는 원해 난 너를 원해   그렇게 나는 너 없인 난 어두워진   그런 시간 속에 헤메일 뿐   더 이상을 참지 못해   너를 향해 끝없이 소리쳐 부르는   내 가슴 깊은 사랑 노래   내 마음속에 하나하나 새겨지는   너라는 이름안에 그 모든 것   어떤 모습이라고 해도   너와 함께라면 나는 기쁠수 있어   이제 너의 그 마음을 내게 열어줘   이 세상에 나의 너보다   소중한 것이란건 내게   있을 수 없어   널 사랑해 너의 모든걸   나 영원토록 끝을 알수 없도록   끝을 알 수 없도록  끝나가는 이세기를   사람들은 말하지   사랑만으로 힘들지 다   세상은 얘기하지   하지만 난 변하지 그렇지   않을테니   내게는 바보들의 이야기는   상관없지   세상 마지막도 우리를   바꿀 수 없어   누구도 아무도 절대로  막을 수 없어  어떤 그 무엇도 널 대신 할 수가  없어 알수 있어  너를 향해 여전히 멈출수가 없는  내 가슴 깊은 곳의 사랑 노래  어떤 모습이라 해도  너와 함께라면 행복할 수가 있어  너만이 내 전부니까 나를 믿어줘  이 세상에 나의 너보다  소중한 것이란건 내게  있을 수 없어  널 사랑해 너의 모든걸  나 영원토록 끝을 알수 없도록  살아가며 겪어왔던  너의 슬픈 이별 얘기들  이젠 없어 마지막  사랑일테니까  이 세상에 나의 너보다  소중한 것이란건 내게  있을 수 없어  널 사랑해 너의 모든걸  나 영원토록 끝을 알수 없도록  이세상에 I MIGHT TRY TO BE  WITH YOU  IN ALL THE WAY  AND I CAN'T HELP THINKING  ABOUT YOU EVERYDAY  CAUSE I LOVE YOU AND  I NEED YOU CAN I BE  WITH YOU  WHAT CAN I DO TO MAKE  US TRUE  널 사랑해 I AM GOING TO MAKE IT  RIGHT  WE ARE GOING TO KEEP IT TIGHT  LET'S MAKE IT LAST ALL NIGHT  LIKE JODECI COME AND  TALK TO ME  CAN YOU BE THE ONE FOR ME 이 세상에 나의 너보다  소중한것 이란건 내게  있을 수 없어  널 사랑해 너의 모든걸  나 영원토록 끝을 알수 없도록
1999.05.16~05.22,2,91314,돌아와,클론,Funky Together,1999.03,Dance,김창환,돌아와 나에게 돌아와  돌아와 나에게 모두 내가 잘못했어  더 이상 망설이지 말고  나 이제 네게 자신있게 말할 수 있어  모두 다 내 잘못이야  난 너를 잃기 싫어  별것도 아닌걸 갖고  사소한 말다툼 땜에  난 자존심을 세워  너에게 상처를 줬지  난 너와 다툴때는 감정이 앞서 있었고 너와 헤어진다 해도 괜찮을 줄 알았는데 막상 몇일이 지나도 너는 연락이 없었고 너는 나의 전화조차 받으면 끊어버렸지 나 이젠 네게 바라는 건 없어 예전처럼 그 모습 그대로 돌아와 난 니가 잠시 나를 떠난뒤에야 모든걸 알았어 니가 내 전부란 걸 미안해 내가 속이 좁았어 언제나 참아주던 너에게 홧김에 나도 몰래 이별얘길 했던 지난 내 잘못을 용서해줘 돌아와 나에게 돌아와 돌아와 나에게 모두 내가 잘못했어 더 이상 망설이지 말고 돌아와 나에게 돌아와 돌아와 나에게 돌아와 더 이상 망설이지 말고 난 몹시 취해 너의 집앞을 찾아갔지 불꺼진 너의 창문을 힘없이 난 바라보며 난 돌아서며 혼자 이렇게 말을 했었지 날 용서해 달라고 너에게 심했던 나를 이제와서 생각하면 웃어넘기면 되는 걸 사소한 말다툼까지 내 입장만 우겨댔고 내 입장만 내세워서 너에게 상처를 주고 그때마다 난 바랬지 니가 먼저 사과하길  나 이젠 네게 바라는 건 없어 예전처럼 그 모습 그대로 돌아와 난 니가 잠시 나를 떠난뒤에야 모든걸 알았어 니가 내 전부란 걸 미안해 내가 속이 좁았어 언제나 참아주던 너에게 홧김에 나도 몰래 이별 얘길 했던 지난 내 잘못을 용서해줘 돌아와 나에게 돌아와 돌아와 나에게 모두 내가 잘못했어 더 이상 망설이지 말고 돌아와 나에게 돌아와 돌아와 나에게 돌아와 더 이상 망설이지 말고
1999.05.16~05.22,3,38751,비정(非情),김경호,Kyung-Ho Kim Ⅳ,1999.04,Rock,김태훈,손가락 하나 내 뜻대로 움직이지도 못할 만큼 취해버린 채로 눈을 감을때 눈을 감는 그 순간에도 나를 스쳐 지나가는 건 나의 안불 물어오는 나를 떠나버린 너였어 어떻게 살아가는지 왜 궁금해 내가 무슨 말을 해주길 바래 가끔씩 생각 없는 말투로 내게 묻지 않았으면해 항상 넌 그냥 이라고 하지 언제나 같은 대답 뿐인걸 어떻게 내가 받아 들여야만해 우리가 왜 이런 말을 해야해 어차피 지금 너의 마음속에 내가 남아 있지 않다면 나를 위한 걱정 따윈 하지마 다시 돌아 올 수 없다면 내가 널 지워 버릴 수 있게 나를 이대로 내버려 둬 어차피 나에게 올 수  없는거라면
1999.05.16~05.22,4,82070,Love Affair,임창정,Story Of...,1999.03.01,Ballad,양재선,지금쯤 올 때도 됐는데 이제는 잊을 때도 됐는데 내게 올 수 없는 건 그댈  향한 나처럼 어쩔 수 없는지 보고파 눈물이 흘러도 그 얼굴 그토록 그리워도 내가 할 수 있는 건  우두커니 그대를 기다리는 일 자꾸만 흐르는 나의 눈물이 행복한 그댈 힘들게 하나요 우린 단 한번 스쳐가는  인연으로 끝난건가요 사랑은 했었나요 무언가 이유가 있겠죠 무언지 말할 수가 없겠죠 기다리는 나보다 올 수  없는 마음이 더 힘들겠죠 세상에 또 다시 태어났을 땐 엇갈림없이 잘할 수 있겠죠 그 땐 처음 본 그대  모습 기억해서 또 지금처럼 놓치지 않을게요 내 사랑 쉽게만 보였었는지 모두 주기엔 불안했었는지 제발 내게로 돌아오는 길이라면 느낄 수 있게 지치기 전에 나 또 다시 태어났을 땐 엇갈림없이 잘할 수 있겠죠 그 땐 처음 본 그대  모습 기억해서 또 지금처럼 놓치진 않을게요
1999.05.16~05.22,5,1177976,편지할께요,박정현,A Second Helping,1999.03.01,R&B; / Soul,노영심,꼭 편지 할께요 내일 또 만나지만  돌아온 길엔 언제나 아쉽기만 해  더 정성스럽게 당신을 만나는 길  그대 없이도 그대와 밤새워 얘길해  오늘도 맴돈 아직은 어색한 말  내 가슴속에 접어 논 메아리 같은 너  이젠 조용히 내 맘을 드려요  다시 창가의 짙은 어둠은 친구같죠  길고 긴 시간의 바다를 건너  그대 꿈 속으로  나의 그리움이 닿는 곳까지  꼭 편지 할께요 매일 볼 수 있지만  혼자있을땐 언제나 그대 생각 뿐이죠 더 고운 글씨로 사랑을 만드는 길 소리없이 내 마음을 채우고 싶어요 오늘도 맴돈 아직은 어색한 말 내 가슴속에 접어놓은  메아리 같은 너 이젠 조용히 내 맘을 드려요 다시 창가에 짙은 어둠은 친구같죠 길고긴 시간의 바다를 건너 그대 꿈속으로  나의 그리움이 닿는곳까지 곱게 내맘 접어서  나의 꿈도 날아서 아주 자유롭게 더 깊은 사랑속으로 이젠 조용히 내 맘을 드려요 다시 창가에 짙은 어둠은 친구같죠 길고긴 시간의 바다를건너 그대 꿈속으로  나의 그리움이 닿는곳까지 이젠 외로이 내 맘을 드려요 길고긴 시간의 바다를 건너 그대 꿈으로 나의 그리움이 닿을 때까지  나의 그리움이 닿는곳까지
1999.05.16~05.22,6,611573,오직 너뿐인 나를…,이승철,6집 1999 & Live Best,1999.03.21,Ballad,이승철,아직도 널 잊지 못해  이유 없는 울음 삼키고  애써 기다린 그대 지우려하네  어두웠던 지난 겨울비 내린 그날 밤  이젠 잊은듯한 눈길이 다가와  사랑해 너무 사랑했었어  널 위해 살아온 날 잊진 말아줘  널 보며 너를 기다려 오며  너만을 그리워한  오직 너뿐인 나를 기억해줘  그렇게 지나온 시간속에  넌 아마 날 잊어버린채  애써 행복한 듯한 눈빛을 보이지  울어도 괜찮아 내게로 와  너를 위해 남겨진 내 품안으로  아직 난 널 사랑해  사랑해 너무 사랑했었어  널 위해 살아온 날 잊진 말아줘  널 보며 너를 기다려오며  너만을 그리워한  오직 너뿐인 나를 기억해줘  어느날 난 너 떠난 오랜후에  이별의 아픔을 홀로된 느낌을  마르지않는 슬픔을 사랑해 너무 사랑했었어  널 위해 살아온 날 잊진 말아줘  널 보며 너를 기다려오며  너만을 그리워 한  오직 너뿐인 나를 오직 너뿐인 나를 오직 너뿐인 나를 기억해줘 기억해줘
1999.05.16~05.22,7,38468,순수,김민종,인연(因緣),1999.03,Ballad,김민종,이젠 울지 않을게 너를 믿으며 편히 있을게 나를 버린 사람도 용서할게 그리고 노력할게 너를 사랑하도록 그동안 너를 피한건 나의 아픔들 때문에 너를 보면 늘 그를 생각했었고 사실 자신도 없었어 다른 사람을 만나 사랑 한다는게 두려웠던 거야 너를 행복하게 해줄게 힘들어 하는 나를 더욱 안아준 너를 고마워 하며 내가 살아있는 날까지 영원히 있을게 너의 곁에 많이 괜찮아졌어 너 때문에 이제 널 알것같아 좋은 사람이란걸 그동안 너를 피한건 나의 아픔들 때문에 너를 보면 늘 그를 생각했었고 사실 자신도 없었어 다른 사람을 만나 사랑 한다는게 두려웠던 거야 너를 행복하게 해줄게 힘들어 하는 나를 더욱 안아준 너를 고마워 하며 내가 살아있는 날까지 영원히 있을게 너의 곁에 너를 행복하게 해줄게 힘들어 하는 나를 더욱 안아준 너를 고마워 하며 내가 살아있는 날까지 영원히 있을게 너의 곁에 영원히 있을게 너의 곁에
1999.05.16~05.22,8,85861,T.O.P. (Twinkling Of Paradise),신화,T.O.P.,1999.04,Dance,,What you gonna do what  I gotta dokeep me up and  makin a cash in flash at last do you wanna  see the light or stand alone what you gonna do now  what's up with the past what you gonna do what I gotta do this is how  we do you niggas better know do you wanna see the  light or stand alone in the midst of flippin side puttin it down wild cornin  through your town my love is DRC 너도 힘들겠어  어제 다시 찾아온 널  받아준다 했을때 그땐 내 속에 미워하는  마음들이 남았어 날 버리고  돌아섰던 너에게 Twinkling of paradise one  more your life 그대 그  마음을 알겠어 내품에 언제나 살아있고  싶은 걸 느껴 The way of MIL 난 지금 잊혀진 기차역에  서서 네 마음과 영혼을 가방에 넣고 오직 나만이 탈수 있는 차를  기다려 그대라는 기차가  오기만을 기다려  DOP DOG 널 보낸 후에  나는 알게됐었어  그 어떤 사람도 대신 할 수 없는걸 난 매일 같이 기도했어 니가  불행하길 나는 기도했어  이젠 다시 내게로 돌아와  Twinkling of paradise one  more your life 그대 그  마음을 알겠어 내품에 언제나 살아있고  싶은 걸 느껴 The way of MIL 니가 돌아오는 길에 내가  서있을께 준비했던 만큼만 그리움과 내 사랑과 멍이  들어버린 가슴 보여주겠어 다신 나를 떠날 생각마  행복하게 해줄게 이젠 hey yo yo shootin to killlyrics I spill are raw  dealec centually and  mentally ill that's for real the  source of a commin ti the  down and torture ya coast to coast now we  boogie sorang in the raid  watch it quiver body blows bein deliver by  thriller sicker than heeler when I come with the strains  the mega pains that remain in your brain low talls a  stain a mental high pain 니가 돌아오는 길에 내가  서있을께 준비했던 만큼만 그리움과 내 사랑과 멍이  들어버린 가슴 보여주겠어 다신 나를 떠날 생각마  행복하게 해줄게 이젠 Twinkling of paradise one  more your life 그대 그  마음을 알겠어 내품에 언제나 살아있고  싶은 걸 느껴 The way of MIL Twinkling of paradise one  more your life 그대 그  마음을 알겠어 내품에 언제나 살아있고 싶은 걸  느껴 The way of MIL
1999.05.16~05.22,9,85534,Sin 죄 (罪),박상민,폭풍(暴風),1999.04,Ballad,조광호,희미해진 너의 기억 속에
1999.05.16~05.22,10,82633,영원한 사랑,핑클,White,1999.05,Dance,김영아,이젠 내 사랑이 되어줘  내 모든걸 너에게 기대고 싶어   언제나 날 지켜줄 너라고  변치않는 영원한 사랑을 약속해줘   내겐 자신없는 듯 니 사랑을  감추며 돌아서지마 불안한 네 미래도  앞선 걱정일 뿐이야   좀더 나은 모습의 니가 되길  바라는 욕심은 없어 지금 네 사랑이면  난 정말 행복해   항상 나의곁에 있어줘  꼭 네게만 내꿈을 맡기고 싶어   들어봐 언제까지 내맘에 하나뿐인  소중한 그사람 너뿐이야   우리 함께 걸어갈 시간들이  어쩌면 힘들지 몰라   하지만 누구보다 너를 믿어줄 나잖아  이젠 네게 주고픈 소망들을  조금은 알수 있겠니 내 작은 가슴가득  너만을 사랑해   항상 나의곁에 있어줘  꼭 네게만 내꿈을 맡기고 싶어   들어봐 언제까지 내맘에  하나뿐인 소중한 그사람   내 두눈을 봐 이렇게 너의품에 안긴 내맘  그 누구보다 행복해   먼훗날 우리 눈감는 날까지  지금처럼 네사랑 내곁에   함께해줘
1999.05.16~05.22,11,38574,실루엣,김현정,2nd 김현정,1999.02.02,Dance,주영훈,이대로 멈춰버려 oh oh yea 이젠 멈춰줘 나와 함께 울던 하늘 빗물을 거두어 나의 눈물과 함께  꿈을 꾼거야 그렇게만 믿고 싶어 너와의 인연에 처음부터 오늘까지 나를 사랑할 마음은 있었는지 그저 한순간 나를 느껴본거니 이대로 지워버려 기억 모두 누군갈 사랑했단 느낌도 후회할 만큼 전혀 아름답지 못한 얼룩진 기억인데 이대로 멈춰버려 시간속에 무엇도 느낄수 없게 해줘 나의 맘속에 상처로만 남겨지는  초라한 눈물인데 다 지워져 나는 두려워 다시 시작되는 하루 오늘도 그 속에 더 얼마나 힘들지 제발 이렇게 나를 기억하진마 너를 스쳐간 여자 중 하나라고 이대로 지워버려 기억 모두 누군갈 사랑했단 느낌도 후회할 만큼 전혀 아름답지 못한 얼룩진 기억인데 이대로 멈춰버려 시간속에 무엇도 느낄수 없게 해줘 나의 맘속에 상처로만 남겨지는 초라한 눈물인데 다 지워져 이대로 멈춰버려
1999.05.16~05.22,12,83138,니가 진짜로 원하는게 뭐야,Monocrom,Monocrom,1999.05.01,Rock,Crom,사는 대로 사니 가는 대로 사니  그냥 되는 대로 사니  사사 사는 대로 사니  가는 대로 사니  그냥 되는 대로 사니  사사사 사는 대로 사니  가는 대로 사니  그냥 되는 대로 사니  사사 사는 대로 사니  가는 대로 사니  니가 진짜로 원하는게 머야  니가 진짜로 원하는게 머야  니가 진짜로 원하는게 머야  니가 진짜로 진짜로 원하는게  진짜로 진짜로 원하는 게 머야  니가 진짜로 원하는게 머야  니가 진짜로 원하는게 머야  니가 진짜로 진짜로 원하는게  진짜로 진짜로 원하는 게 머야  니가 진짜로 원하는게 머야  머야 머야 머야 머야  니가 진짜로 원하는게 머야  니가 진짜로 원하는게 머야  니가 진짜로 원하는게 머야  니가 진짜로 진짜로 원하는게  진짜로 진짜로 원하는 게 머야  그 나이를 퍼 먹도록  그걸 하나 몰라  그 나이를 퍼 먹도록  그걸 하나 몰라  그 나이를 그 나이를  그 나이를 퍼 먹도록  그걸 하나 몰라  그 나이를 그 나이를  그 나이를 퍼 먹도록  그걸 그걸 하나 하나 몰라  그 나이를 그 나이를  퍼 먹 퍼 먹 퍼 먹도록  그걸 하나 그걸 하나 몰라  이거 아니면 죽음 정말  이거 아니면 끝장 진짜  내 전부를 걸어 보고 싶은 그런  니가 진짜로 원하는게 머야  머야 머야 머야 머야 니가 진짜로 원하는게 머야  니가 진짜로 진짜로 원하는게  진짜로 진짜로 원하는 게 머야  니가 진짜로 원하는게  머야 머야 머야 머야 머야  사는 대로 사니 가는 대로 사니  그냥 되는 대로 사니  사사 사는 대로 사니  가는 대로 사니  그냥 되는 대로 사니  사사사 사는 대로 사니  가는 대로 사니  그냥 되는 대로 사니  사사 사는 대로 사니  가는 대로 사니  그냥 되는 대로 사니  니가 진짜로 원하는게 머야  니가 진짜로 진짜로 원하는게  진짜로 진짜로 원하는 게 머야  니가 진짜로 진짜로 원하는게  진짜로 진짜로 원하는 게 머야  니가 진짜로 진짜로 원하는게  진짜로 진짜로 원하는 게 머야  니가 진짜로 진짜로 원하는게  진짜로 진짜로 원하는 게 머야  그 나이를 퍼 먹도록  그걸 하나 몰라  그 나이를 퍼 먹도록  그걸 하나 몰라  그 나이를 그 나이를  그 나이를 퍼 먹도록  그걸 하나 몰라  그 나이를 그 나이를  그 나이를 퍼 먹도록  그걸 그걸 하나 하나 몰라  그 나이를 그 나이를  퍼 먹 퍼 먹 퍼 먹도록  그걸 하나 그걸 하나 몰라  이거 아니면 죽음 정말  이거 아니면 끝장 진짜  내 전부를 걸어 보고 싶은 그런  니가 진짜로 원하는게 머야  이거 아니면 죽음 정말 니가 진짜로 원하는게 머야  이거 아니면 죽음 정말  이거 아니면 끝장 진짜  내 전부를 걸어 보고 싶은 그런  니가 진짜로 원하는게 머야  이거 아니면 죽음 정말 니가 진짜로 원하는게 머야  니가 진짜로 진짜로 원하는게  진짜로 진짜로 원하는게 머야  니가 진짜로 원하는게 머야  머야 머야 머야 머야  머야 머야 머야 머야
1999.05.16~05.22,13,81788,그대는 모릅니다,이승환,The War In Life,1999.03,Ballad,"이승환,이지은",나 그 이후로 한번도  그대를 못 본 것은  언제나 고개 숙이기 때문 나 그 이후로 그대를  듣지도 않았던 건  귀를 막고 나 알고 있는 그대만  숨겨 놓고 싶어서 떠난 뒤 우리 지워가기를 바랬죠 그러나 세상이 우릴 가만히 두지 않네요 나 그 이후로 다짐한 게 있죠 두번 다시 앞선 걱정으로 당신의 짐이 되지는 않아야만 한다고 나를 보나요 슬퍼 보이진 않나요 당신의 자랑스러운 추억인가요 그거면 돼요 얼마나 내가 그대를 그리워하며 사는지 짐작이라도 할 수가 있을까요 나 사는 모습 안 되어 보이더라도 너무 걱정은 말아요 내 몫이죠 그대만 편안하다면
1999.05.16~05.22,14,88932,Beautiful Girl,일기예보,일기예보 다섯번째,1999.04,Ballad,"강현민,나들",Beautiful kim  내 사랑 Beautiful Kim  바라만 봐도 좋은 귀한 사람  그대는 나의 대장  오오 Beautiful Lee  My daring beautiful Lee  내눈을 멀게 만든 묘한 사람  첫눈에 반한 사람 우우  신기한 Beautiful Lee  내곁에 있어줘 떠나지 말아줘  혼자는 이젠 싫어 싫어  나만 바라봐 줘 한눈 팔지 말아  언제나 지금처럼  Beautiful girl  행복을 주는 사람 아  그대와 함께라면 바다 건너  하늘 끝 땅 끝까지  내 사랑 Beautiful girl 너와 나 나와 너 둘이서 예  너와 나 나와 너 함께 해 예  너와 나 나와 너 둘이서 예  너와 나 나와 너 함께 해 예  내곁에 있어줘 떠나지 말아줘  혼자는 이젠 싫어 싫어 오오  나만 사랑해줘 한눈 팔지 말아  언제나 지금처럼  Beautiful girl  행복을 주는 사람 아아  그대와 함께라면 바다 건너  하늘 끝 땅 끝까지  내 사랑 Beautiful girl  Beautiful girl  행복을 주는 사람 아아  그대와 함께라면 바다 건너  하늘 끝 땅 끝까지  내 사랑 Beautiful girl  내 사랑 Beautiful girl  내 사랑 Beautiful girl  내 사랑 Beautiful girl  내 사랑 Beautiful girl  내 사랑 Beautiful girl
1999.05.16~05.22,15,81877,How Deep Is Your Love,지누션,제2탄 / 태권 V,1999.03,Rap / Hip-hop,,(like this-)  그토록 해맑았던 너의 그미소  까만 먹구름에 쌓인 내게로  살며시 내게 다가온 그대와의 노래로  우린 하나라는 느낌을 느끼고   사랑은 언제나 내맘속에 (영원한)  그저 태지 말대로 너와 (함께한)  시간들 속에서 포근해 지는것  everyday to the J and I keeps is hot   can you get wiht that  소중한 넌 나의 ticket  힘들던 나에 삶의 고통을 잊게  (show down sean)  세상에서 무엇보다도  내가 너를 좋아하게 된 이유   너무나 긴 방황의 길  그곳으로 내게 손을 내민 너의 손길  그대 왜 내게 이렇게 늦게 다가왔나  사랑해요 my love   I know your eyes in the morning sun  I feel you touch me in the pouring rain  and the moment that  you wonderd far from me  I wanna feel you in my arms again  how deep is your love-   너만을 간직한 내 가슴만큼 커다란 슬픔  영원한 것이 될까 너의 마음  변하진 않았을까 얼마나 많은  사랑이 남아있나 불안한 지금   이 모든 게 쓸데없는 고민들  이젠 믿음만이 내 모든 아픔을  다 지워졌나 언제나 그건 반드시  절대로 변치 않듯이 널 지켜 줄께   너의 두 눈 속에서 살아갈께  언제나 같이 할께 (What What)  너와 나 만나 내 인생에서  사는 이유 하나 (UH!)   빛이 돼 나를 밝혀줘  또 부셔 줘 너를 위해서  혹시 다른 곳 다시 태어 난데도  오직 내겐 너 하나   And you come to me  on a summer breeze  keep me warm in your love  than you softly leave  and it's me you need to show how  how deep is your love  how deep is your love  how deep is your love   I really need to learn  cause we're living in a world of fools  breaking us down  When they all should let us be  we belong to you and me   Uh! you gold me the key to my heart uh!  Yo! and we can never be apart boo  We'll ride dip and dive  take you to a place  as i'm by your side uh!  two hearts falling deep inside uh!  from start let me make you glide cause  you got me open wide   and you may not think I care for you  when you know that an  inside that i really do  and it's me you need to show  how deep is your love  (how deep is your love)  (how deep is your love)   cause we're living in a world of fools  breaking us down  When they all should let us be  we belong to you and me   i believe in you -
1999.05.16~05.22,16,80474,투혼(鬪魂) (The Spirit Of Fighter),H.O.T.,H.O.T 3,1998.09.01,Dance,문희준,깊이 간직해 아픔만 더해   이제와 어떻게 해도 소용없어   그렇게 믿고 사랑했던  나를 버려두고   다른 남자와 또 다시  검은 속을 묻고   너는 아주 멀리 떠나  가여운 표정 짓지 말고  가식에 또한 증오를 더해  거리에 쓰레기보다 너는 더해  다시는 보고싶지 않을 뿐이야   날 떠나간 그대를 왜 그리워해   하지만 나에겐 그녀뿐인 걸   사랑한 마음도 모두 끝난 거야   다신 널 찾지 않을거야   너에겐 기회란 없어   그렇게 낀 먹구름 같이   마치 그 치사한 놈들과 같이   발버둥 쳐도 갈곳은 없어   Drop it now Drop it now   어디 끝까지 내게서 달아나   나를 벗어나려 해도 잊어버려도   너의 뒤에선 언제나 내가 널   날 떠나간 그대를 왜 그리워해   하지만 나에겐 그녀뿐인 걸   사랑한 마음도 모두 끝난 거야   다신 널 찾지 않을거야   아직도 미련이 남아있나   왜 헤어지지 못하나   무엇을 바라는가   이렇게 너에게 말을 했어   모두가 거짓이야 다만 나는   너무나 사랑한 너를 다시는   볼 수 없다는 생각에   어떻게든 날 떠난 너를  다른 품에서 되찾고 싶었고 난  분노의 사랑을 노래했지만   떠나가 버렸어   깊이 간직할 수 밖에 없어  모두가 그녈 잊어버리라고  하지만 떠났어 끝났어  해서 잊을수가 없어  처참해지는가 하  이렇게 끝이난건가  다시는 돌아갈수 없는건가  이래도 되는 일은 하나도 없어  이젠 니 곁을 떠나가야 되겠어  날 떠나간 그대를 왜 그리워해   하지만 나에겐 그녀뿐인 걸   사랑한 마음도 모두 끝난 거야   다신 널 찾지 않을거야   나 아닌 다른 사람이 사랑해도   너와의 사랑을 상처뿐인 걸   언제나 너만을 그리워하면서   나처럼 후회할 테니깐  나 아닌 다른 사람이 사랑해도  너와의 사랑을 상처뿐인 걸  언제나 너만을 그리워하면서  나처럼 후회할 테니깐
1999.05.16~05.22,17,83190,만남,KYT(코요태),코요태 I,1999.01.13,Dance,김진만,우리 이제 지난 일들  모두 잊어버려요 원치 않던 만남으로  가득했던 그런 날들 우리 이제 지금은 같이  노래 불러요 그렇게 그리던 당신과  만난 이날을 잊어도 되는 지워도 되는  추억일랑 생각지 말아요 당신과 만난 이 날이 행복함으로 흘러 흘러 시간 속에 묻혀진대도  얼굴 맞댄 이대로 살 수만 있다면 죽어서도 행복한 비둘기 처럼 그냥 지금 이대로 멈춰 서요 Gimme the mic yo as  I go through make a way for goo and  watch what I do microphone check 10G  double 0 funky free style solo show  wit the flow now put yo hands in the a yo and wave it like you just don’t  kay yo if you’re down wit the sound  of G double 0 let me hear you say hell yeah 우리 이제 지난 일들 모두  잊어버려요 원치 않던 만남으로 가득했던  그런 날들 우리 이제 지금은   같이노래 불러요 그렇게 그리던 당신과  만난 이날을 잊어도 되는 지워도 되는  추억일랑 생각지 말아요 당신과 만난 이 날이 행복함으로 흘러 흘러 시간 속에 묻혀진대도 얼굴 맞댄 이대로 살 수만 있다면 죽어서도 행복한 비둘기 처럼 그냥 지금 이대로 멈춰서 흘러 흘러 시간 속에 묻혀진대도  얼굴 맞댄 이대로 살 수만 있다면 죽어서도 행복한 비둘기 처럼 그냥 지금 이대로 멈춰 서요
1999.05.16~05.22,18,91308,관찰,god,Chapter 1,1999.01,Dance,박진영,so fine divine uaagh I wish I could make her mine Caresse finesse uaagh MY mine is a such a mess so fine divine uaagh I wish I could make her mine Caresse finesse uaagh MY mine is a such a mess 저기와 그녀가 와 매일 아침 여기서 그녀는 버스 타 나는 봐 그녀를 봐 아름다운 모습에 그만 넋을 놔 내가 타는 버스를 그녀도 타 말하자면 우린 같은 버슬 타 버스가 오면 그녀가 먼저 타 그녀가 좋아하는 뒷자리로 가 그러면 나는 자연스럽게 가지 그리고 몰래 그녀를 관찰하지 아름답게 빗어 내린 머리 거기서 나는 음 상쾌한 향기 그녀의 미소만큼이나 상쾌하지 언제나 같은 샴푸를 쓰나보지 하하하하 귀엽기도 하지 나의 이 마음을 어떻게 하지 그녀만 보면 내 가슴은 아 내 곁에만 오면 또 또 뛰어 뛰어 그녀만 보면 내 머리는 아 내 곁에만 오면 너무 어지러워 그녀는 어딜 갈까 어떤 남자를 만날까 그녀의 맘 속엔 누가 들어 있나 그게 나일 순 없을까 so fine divine uaagh I wish I could make her mine Caresse finesse uaagh MY mine is a such a mess so fine divine uaagh I wish I could make her mine Caresse finesse uaagh MY mine is a such a mess 말을 걸어볼까 한 번 그래볼까 그녀도 이제 나를 알지 않을까 아니야 그러다 괜히 망칠지도 몰라 괜히 그녈 멀어지게 만들지도 몰라 조금씩 조금씩 자연스럽게 그녀의 주위에서 그녀의 눈에 띄게 어차피 날마다 만나는데 그녀도 조만간에 나를 알게될텐데 서두를 필요없지 암 그렇지 기회는 얼마든지 있다 이거지 생각해야지 생각해 봐야지 어떤 방법이 좋을까 반지 아니야 아니야 부담스럽지 왜 이렇게 머리가 안 돌아가지 사랑에 빠지면 이런가 보지 나의 이 마음을 어떻게 하지 그녀만 보면 내 가슴은 아 내 곁에만 오면 또 또 뛰어 뛰어 그녀만 보면 내 머리는 아 내 곁에만 오면 너무 어지러워 그녀는 어딜 갈까 어떤 남자를 만날까 그녀의 맘 속엔 누가 들어 있나 그게 나일 순 없을까 온다 온다 온다 그녀가 온다 뛴다 뛴다 뛴다 가슴이 뛴다 온다 온다 내게로 다가온다 돈다 돈다 머리가 어지럽다 그녀는 어딜 갈까 어떤 남자를 만날까 그녀의 맘 속엔 누가 들어 있나 그게 나일 순 없을까 so fine divine uaagh I wish I could make her mine Caresse finesse uaagh MY mine is a such a mess so fine divine uaagh I wish I could make her mine Caresse finesse uaagh MY mine is a such a mess
1999.05.16~05.22,19,91232,시작,박기영,Promise,1999.04.27,Rock,오석준,오직 너만을 생각한  밤이 있었어  내가 정말 왜 이러는 건지  아무래도 니가 너무  좋아진게 아닐까  이게 바로 사랑인가 봐  처음 본 순간 나는 느꼈어  내가 기다리던 사람이 바로  너란 걸  난 네게 말하고 싶어  너를 사랑하고 있다고  모든 것을 네게 주고 싶다고  어떡해야 내 마음을 알겠니  니가 나의 전부라는걸  나의 마음을 너에게 보여주기가  이렇게도 어려운 줄 몰랐어  너를 위한 생각에 그렇게  많은 날들이  힘들게만 느껴진 거야  처음 본 순간 나는 느꼈어  내가 기다리던 사람이 바로  너란 걸  난 네게 말하고 싶어  너를 사랑하고 있다고  모든 것을 네게 주고 싶다고  어떡해야 내 마음을 알겠니  니가 나의 전부라는걸  이젠 혼자라고 생각하지마  너를 사랑하는 내가 있잖아  네게 말하고 싶어  너를 사랑하고 있다고  모든 것을 네게 주고 싶다고  어떡해야 내 마음을 알겠니  니가 나의 전부라는 걸  어떡해야 내 마음을 알겠니  니가 나의 전부라는 걸  니가 나의 모든 거야
1999.05.16~05.22,20,37125,고백,룰라,Six n‘ Six,1999.02,Dance,이현도,내 사랑 그대여 이젠 말할게요  때론 모진말로 아프게 하고  때론 애태우게 만들었지만  사실은 그대 아는 것보다  더 그댈 사랑해  내 사랑 그대여 이젠 말할게요  때론 모진말로 아프게 하고  때론 애태우게 만들었지만  사실은 그대 아는 것보다  더 그댈 사랑해 1 그리고 2 그리고  3 n 4 n 5 n 6  이기리 많은 날을 나는  기다려 왔었어  내 가슴에 벅차오르는 로망스  그것은 너를 위한 나의  사랑이었어  아무리 다른 생각을 해도  내 가슴에 깊이 숨겨보려해도  이미 커다랗게 자라나고 있었어  우리 처음 만난 그때부터  나는 알았죠  사랑에 빠진 내 모습을 보았죠  두려움과 설레임이 나를 함께 찾아와  두근거림을 멈출수가 없었죠  하지만 함께 하면 왠지  감추려 했던  철부지 어린애같던 내 마음  내 사랑 그대여 이젠 말할게요  때론 모진말로 아프게 하고  때론 애태우게 만들었지만  사실은 그대 아는것 보다  더 그댈 사랑해 이미 그대에게 전부 사로잡힌  내 마음을 왠지 감추려 했지만  내 사랑 그대여 이젠 말할게요  때론 모진말로 아프게 하고  때론 애태우게 만들었지만  사실은 그대 아는것 보다  더 그댈 사랑해 내 사랑 그대여 이젠 말할게요  때론 모진말로 아프게 하고  때론 애태우게 만들었지만  사실은 그대 아는 것보다  더 그댈 사랑해 이젠 숨김없이 얘기 할게요  그대에게 빠져 버린 내 맘을  어제보다 오늘 하루 더욱  커가는 사랑을
1999.05.16~05.22,21,32845,달려라 자전거,델리스파이스,Welcome To The Delihouse,1999.02,Rock,윤준호,그대와 첨 만났지  반짝이는 쇼윈도 해맑은 여름  어느날 나른한 오후였어  너의 모습은 화려하지는 않아도  웬지 모를 끌리는 그 느낌이  그대가 전해준  기분 좋은 이 피곤은  지친 나를 오히려 깨워줘  매일 매일 스쳐 지나던  우리 동네 골목길 너와 함께라면  신기하게 전혀 새로운 걸  야윈 어깨 젖은 눈길   그래 너라면 모든 걸 잊을 수 있어  귀여운 그 모습에 함께 할거야  내리기는 정말 싫어  그대가 전해준  기분 좋은 이 피곤은  지친 나를 오히려 깨워줘  매일 매일 스쳐 지나던  우리 동네 골목길 너와 함께라면  신기하게 전혀 새로운 걸  야윈 어깨 젖은 눈길  그래 너라면 모든 걸 잊을 수 있어  귀여운 그 모습에 난 흐뭇해져  영원히 함께 할거야  야윈 어깨 젖은 눈길  그래 너라면 모든 걸 잊을 수 있어  망설일 필요 없어 달려갈거야  내리기는  야윈 어깨 젖은 눈길  그래 너라면 모든 걸 잊을 수 있어 귀여운 그 모습에 함께 할거야 내리기는 정말 싫어
1999.05.16~05.22,22,33077,너희가 힙합을 아느냐?,드렁큰타이거,Year Of The Tiger,1999.02.02,Rap / Hip-hop,김성애,음악같지 않은 음악들 이젠 모두 다 집어치워 버려야 해 우리가 너희들 모두의 귀를 확실하게 바꿔줄께 기다려 하하 참으로 놀라와 진짜인 우리가 돌아와 조금씩 너희가 있는 곳에 이제 서서히 올라가 거기 갔자 거기 있어봤자 진짜를 보여줄께 우리가 거기 닿자마자 세상 이상 너무나도 괴상 너희가 최고라니 그건 너무 환상 우리는 타이거 너무 차원의 차이가 너무 나는 바로 우린 what 드렁큰 타이거 내 마음에 가득차 있는 나만의 슬픔 두뺨에 타고 흐르는 내 눈물의 의미 너는 알고 있니 그렇게 그렇게 힘들고 지쳐 외로워도 너희들을 위해 진정한 힙합을 위한 너희들을 위해 나는 꿋꿋히 버텨나가 그렇게 이겨나가 한발한발 조금 더 용기를 내 영원한 힙합을 위해서 나는 D J 샤인 영원한 시인 number one korea 눈을 감아 들어봐 워 온몸으로 느껴진 전율 주는 대로 받아 먹는 건 이쯤에서 그만 두어야 해 You and you W A C K who You and you W A C K who You and you W A C K who Come back home see me tapping your boo You and you W A C K who You and you W A C K who You and you W A C K who Come back home see me tapping your boo yo yo 하나같이 꼭두각시 모두 같은 줄에 매달려서 춤을 추는 슬픈 삐에로 이대로 그냥 갈 순 없어 슬픈 미래로 술취한 호랑이 두마리 We be coming from ghetto 진실만 말하는 거리의 시인들 하지만 너의 편견에 빠진 우리 아이들 인생의 아픔 기쁨 모두 다 들어봐야 해 가식으로 엉킨 세상 풀어줘야 해 나는 랩퍼 랩퍼 내가 지금까지 살아오고 살아왔던 얘기들을 나는 랩으로 너희들에게 얘기하려 해 이젠 날 지켜주는 건 진정한 힙합의 무대 그리고 언제나 밝은 웃음으로 날 반겨주는 사람과 사람들 이제부터 마이크로폰에 나의 영혼을 나의 열정을 남김없이 쏟으리 그리고 진정한 랩퍼가 되리 Put your hands up put your hands up All the players in the house Put your hands up put your hands up Put your hands up all my croen Sipping god put your hands up In taxicated tiger dropping Topics hypnotize in illogical melodic Sonic boom up your aptic sippin' Gin without a topic under the disco light It rocked ain't no optical Illusion it's only logic 갑자기 나타나 반짝하고 빛나다가 사라져 버리는 그런 이들과 비교하지마 우리에게 와 내앞으로 와 힙합을 사랑한다면 다 같이 취해봐 눈을 감아 들어봐 워 온몸으로 느껴진 전율 주는대로 받아먹는 건 이쯤에서 그만두어야 해 음악같지 않은 음악들 이젠 모두다 집어치워 버려야 해 우리가 너희들 모두의 귀를 확실하게 바꿔줄께 기다려
1999.05.16~05.22,23,83410,거짓말 같은 시간,김연우,A Night In Seoul,1999.01,Ballad,유희열,믿을 수가 없어 우리 끝난거니  널 제일 잘 안다고 생각했는데 지금 넌  낯선 눈빛과 몸짓들 처음 내게 보이네   한다고 했는데 많이 부족했나봐  하긴 그랬겠지 불확실한 내 미래는  네겐 벅찬 일이었겠지   바보같은 꿈을 꿨어 우리만의 집을 짓는 꿈을  너의 미소 널 기다리며 서성대던 공간과  그때 내 머리위에 쏟아지던 햇살  그 하나까지도 잊지 않을께 영원히 기억해   무슨 말을 할까 널 보내는 지금  애써 난 웃지만 사실 난 겁내고 있어  다신 널 볼 수 없기에   바보같은 꿈을 꿨어 우리만의 집을 짓는 꿈을  너의 미소 널 기다리며 서성대던 공간과  그때 내 머리위에 쏟아지던 햇살  그 하나까지도 잊지 않을께 영원히   부끄러운 눈물 흘러 어서 빨리 떠나가  초라한 날 보기전에  냉정한척 해준 니 고마운 마음  나 충분히 알아   어서 가 마지막 돌아서는  떨리는 너의 어깨 안쓰러 볼 수 없어  많이 힘들었겠지  니 어른스러운 결정 말없이 따를께   너의 미소 널 기다리며 서성대던 공간과  그때 내 머리위에 쏟아지던 햇살  그 하나까지도 잊지 않을께 영원히 -
1999.05.16~05.22,24,33284,비밀,더더(THETHE),The One & The Other,1998.11,Rock,박혜경,이젠 누나라고 하지마 그냥 내 이름을 불러 봐 비밀을 가르쳐줄까 있잖아 니 앞에서 여자이고 싶어 참 씩씩했던 나의 행동이 얌전한 숙녀 뺨치겠다고 나의 친구들 모두 야단이지만 다들 부러워하는 눈치야 누가 뭐래도 넌 가장 멋진 내 남자 친구야  사랑에 빠진 것 같아 있잖아 자꾸만 니가 보고 싶어 참 어색했던 동생의 친구 이루어질 수없을 거라고 나의 친구들 모두 충고하지만 다들 부러워하는 눈치야 누가 뭐래도 이대로 널 놓칠 순 없어  오늘 너와의 첫입맞춤 우리 둘만의 약속인걸 말로 하지 않아도 난 느낄수있어 I want you I need you 참 어색했던 동생의 친구 이루어질수 없을 거라고 나의 친구들 모두 충고하지만 다들 부러워하는 눈치야 누가 뭐래도 넌 가장 멋진 내 남자 친구야
1999.05.16~05.22,25,91636,연정/폼생폼사/기사도,젝스키스,Live Concert,1999.03,Dance,,와 버렸어  두려웠던 날이 와버렸어  내게 머물던 그대 마음이  나 아닌 다른 사람에게  이제 완전하게 나를 떠나버렸어  내가 줬던 반지 다시 돌려주며  그런 눈물 글썽  슬퍼하는 척 해도 날 울리지마  이제 다신 속지 않아  너의 사랑스런  그 눈빛을 감아 버려  뭐라고 말 좀 해봐요  되돌릴 수는 없겠죠  이런 날 올 줄 알았어  그래도 가슴 무너지네요  날 사랑한 예쁜 입술로  이젠 잊으라고 말을 하시나요  아픈 가슴 참아도  눈물이 자꾸만 흘러요 HOO  다시는 나를 생각하지 말아요  내가 보고 싶어도 HOO  날 버린 그대 사랑하지 않을래  나 지금은 울고 있지만  기다릴께요  내가 필요하다면  언제라도 돌아와 HOO  영원히 나를 잊어버린다 해도  그대 부디 행복하세요  Hey 잊지 말아요 나를  Hey 우리가 함께 한 그 많은 시간  Hey 혹시 힘들어지면  Hey 우리의 추억 걱정하지 마요  눈물로 키워 갈테니  나 폼에 살고 죽고  폼 때문에 살고 폼 때문에 죽고  나 폼 하나에 죽고살고  사나이가 가는 오 그 길에 길에  나 눈물따윈 없어 못써 폼생폼사야  사나이 가는 길에 기죽진 마라  없어도 자존심만 지키며  눈물 따위 내겐 없을꺼야  가슴을 활짝 펴고  잘난 그녀 나를 떠난단 말에  하늘이 무너질것 같아도  남자답게 그녈 보내줬지  기가 막혀 홧김에 군대갈까 했지만 머리깎기 싫어서 다시 생각 고쳤지 날 떠나든 말든 뭘해도 상관은 없지만 머리 빡빡 깎는건 난 견딜 수 없어 그저 안녕이라 말하고 쓰린 눈물을 삼키며 예 그녈두고 돌아섰던 마지막 뒷 모습 내가 봐도 멋있었어 폼에 살고 폼에 죽는 나인데 이제와 구차하게 붙잡을 순 없잖아 맨 몸으로 부딪쳤던 내 삶에 그까짓 이별쯤은 괜찮아 쓸데없는 미련따윈 버리고 사나이 큰 가슴을 활짝 펴고 살꺼야 폼 하나로 버텨왔던 나인데 그까짓 이별쯤은 괜찮아 나 폼에 살고 죽고 폼 때문에 살고 폼 때문에 죽고 나 폼 하나에 죽고살고 사나이가 가는 오 그 길에 길에 나 눈물따윈 없어 못써 폼생폼사야 HERE WE COME IT'S 젝키 HERE WE COME IT'S 젝키 HERE WE COME IT'S 젝키 난 네게 달려가 HERE WE COME IT'S 젝키 HERE WE COME IT'S 젝키 HERE WE COME IT'S 젝키 난 너를 지켜 난 긴 시간이 가도 긴 그리움 속에 내 사랑만은 변한 게 없어 오로지 자나깨나 내 사랑 너의 행복을 더 빌었어 우연히 들은 네 소식 내 기대완 달리 슬픔에 빠져 있는 너 가슴이 무너져 내려 널 구하러 가겠어 내겐 널 위한 일이면 떠나가도 괜찮아 너 없는 고통도 이길꺼야 나 아닌 딴 사람 사랑해도 괜찮아 나만은 한 사람 너 뿐이야 영원히 네게 달려갈게 걱정 마 너를 구할게 나 이제 칼을 뽑았어 나의 사랑 울리는 건 못 봐 참을 수 없어 하늘 두고 맹세 해 너의 상처 받은 영혼 구해내겠어 네 눈에 눈물은 참지 못해 날 조금만 기다려 줘 나의 목숨보다 귀한 사람 널 다시 찾을 거야 내겐 이것도 저것도 내세울 건 없지만 다신 널 보내지 않을 거야 후 가진 것 줄 것도 순정 밖엔 없지만 내 여잘 울리진 않을 거야 이젠 나를봐 믿어봐 내게 한 번 기대봐 더 이상 슬픔은 없을 거야 그래 두고봐 걸어봐 너를 한 번 맡겨봐 내 사랑 행복을 지킬거야 영원히 HERE WE COME IT'S 젝키 HERE WE COME IT'S 젝키 HERE WE COME IT'S 젝키 난 네게 달려가 HERE WE COME IT'S 젝키 HERE WE COME IT'S 젝키 HERE WE COME IT'S 젝키 난 너를 지켜
1999.05.16~05.22,26,1786621,비애,조pd(ZoPD),In Stardom,1999.01,Rap / Hip-hop,조pd(ZoPD),이렇게 비참한 나는 너를 떠나 보낸다 이렇게 비참해 지는 나는 너를 보낸다 이렇게 비참해 지는 나를 떠나버리면서 아쉬운 거짓말은 내게 하지도 말아라 이렇게 부숴지는 나 너는 알 수 없겠지 이렇게 부숴지는 나 너는 상관 없겠지 이렇게 비참해지는 너의 날이 오리란 걸 지금 너는 조금도 걱정하지는 않겠지 깊은 어둠 속에 홀로 버려진 채 죽어가는 날 깨워 주던 너 이렇게 쉽게 끝날 줄 몰랐어 넌 갔어 우리 모든 건 물거품 됐어 운명의 시간이 왔어 운이 없었어 모든게 허술했어 막 됐어 여태껏 그랬듯이 우린 운이 없었어 그래서 너는 갔나봐 운이 없는 이 인생 포기했나봐 날 버려 뒀나봐 넌 날 잊었나 봐 이제껏 같이 했던 난 소용 없나봐 그래서 넌 갔나봐 끝이 아니길 바라는 건 내 바램일 뿐 눈앞에 있는 현실은 될 수 없다는 걸 알아 니가 없는 이세상이 난 무서워 그리도 무정하게 혼자 떠나야 했니 나를 이렇게 떠나버리면 이제 뭐가 남았나 이렇게 끝나버리는 것을 내가 믿었나 이렇게 헤어진 우리 이제 어디서 어떻게 다시 보게 되려나 또 다시 보게 되려나 이렇게 한토막 짧은 기억 속에만 남아 이렇게 설레던 내 맘 속에 자리만 잡아 이렇게 볼 수도 없는 처지가 되버린 나는 이제 어디로 갈 곳이 나를 위해 남았나 깊은 어둠 속에 홀로 버려진 채 죽어가는 날 깨워 주던 너 하늘 높이 타는 찌르는 불꽃같은 용기도 함께면 세상 무엇도 부럽지 않은 사랑도 내 삶의 힘이 됐던 한결같은 마음도 하늘의 운명 앞에선 힘없이 쓰러진다 해도 끝이 아니길 바라는 건 내 바램일 뿐 눈앞에 있는 현실은 될 수 없다는 걸 알아 니가 없는 이세상이 난 무서워 그리도 무정 하게 혼자 떠나야 했니 끝이 아니길 바라는 건 내 바램일 뿐
1999.05.16~05.22,27,1076845,내가 있을께,조,Jo,1998.12,Ballad,지예,웃어본적 없는 그런 눈으로  그 어떤 아픔에 힘겨웠는지  널 안아주고 싶어  울고 싶어지면 눈물을 보여  그러다 지치면 힘들게 했던  그걸 용서해  너를 느낄때마다  나를 보는 것 같았어  아직 남아있는 아름다움을  찾질 못하는 오~  날 만나기 위해 외롭던 널 지켜줄꺼야  여린 너의 마음 다치게 했던  그 시간만큼 널 지켜줄께  오- 이별없는 그 곳엔 내가 있을께  너를 느낄때마다  나를 보는 것 같았어  아직 남아있는 아름다움을 찾질 못하는  오- 날 만나기 위해  외롭던 널 지켜줄꺼야  여린 너의 마음 다치게 했던  그 시간만큼 널 지켜줄께  날 만나기 위해 외롭던 널 지켜줄꺼야  작은 너의 몸짓 하나까지도  늘 처음처럼 널 바라볼께  오- 이별없는 그 곳에 내가 있을께
1999.05.16~05.22,28,1722260,사랑보다 깊은 상처,임재범,비상,1997.07,Ballad,최원석,오랫동안 기다려 왔어 내가 원한 너였기에 슬픔을 감추며 널 보내줬었지 날 속여 가면서 잡고 싶었는지 몰라 너의 눈물 속의 내 모습 아직까지 남아있어 추억을 버리긴 너무나 아쉬워 난 너를 기억해  이젠 말할게 내 오랜 기다림 너 떠나고 너의 미소 볼수 없지만 항상 기억할게 너의 그모든걸 사랑 보다 깊은 상처만 준 난 이젠 깨달았어 후회하고 있다는 걸 이젠 모두 떠나갔지만 나에게 넌 남아있어 추억을 감춘채 넌 울고 있었어 난 이젠 너에게 아무런 말도 할 수 없어 그런 넌 용서할지 몰라 부족했던 내모습을 넌 나를 지키며 항상 위로했었지 난 그런 너에게 이젠 이렇게 아픔만 남겼어 너 떠나고 너의 미소 볼수 없지만 항상 기억할게 너의 그 모든 걸 사랑 보다 깊은 상처만 준 난 이젠 깨달았어 후회하고 있다는걸 나는 상상했었지 나의 곁에 있는 널 이젠 모든 나의 꿈들을 너에게 줄게 너 떠나고 너의 미소 볼수 없지만 항상 기억할게 너의 그 모든걸 사랑보다 깊은 상처만 준 난 이젠 깨달았어 후회하고 있다는걸
1999.05.16~05.22,29,4383670,배웅,윤종신,Just Piano,2014.01.03,Ballad,내가좋아하는윤종신작사작곡노래모음집gpgpdg좋아요총건,머나먼 길 떠나는 사람처럼  마치 배웅 나온것처럼  다시 돌아올 것 같은  그대 사라질때 까지 보네  한번만 더 안아보고 싶었지  내 가슴이 익숙한 그대  안녕이라 하지않은 이유  그댄 알고있나요  아무것도 바꾸지 않겠어요  모든것을 지금 그대로  갑자기 그대 돌아온대도  전혀 낯설지 않도록  언제 어디라도 내겐 좋아요  혹시 나를 찾아준다면  내가 지쳐 변하지않기를  내 자신에게 부탁해  이렇게해야 견딜수있을거야  영영 떠나갔다 믿으면  내가 포기해야 하는 남은 날들이  너무 막막해  아무것도 바꾸지 않겠어요  모든것을 지금 그대로  갑자기 그대 돌아온대도  전혀 낯설지 않도록  언제 어디라도 내겐 좋아요  혹시 나를 찾아준다면  내가 지쳐 변하지않기를  내 자신에게 부탁해  아무도 날 말리지않을거예요  잊지 못할걸 알기에  그냥 기다리며 살아가도록  내 내 꿈꾸듯살도록  그대 혹시 다른사람  만나면 내가 알수없게해주길  그대 행복 빌어주는  나의 처량한 모습 두려워
1999.05.16~05.22,30,75070,너를 사랑해,S.E.S.,S.E.S. 2,1998.11,Dance,최수정,너를 사랑해 나의 마음이 Oh  너를 생각할 수록   나는 행복해 다른 누구도   난 부럽지 않아   맑은 유리창으로 햇살이   나를 반기는 이 느낌   믿을 수가 없어져 oh yeah   너무도   내게 소중함을 느낄수   있도록 해준 너   긴 밤이 오래될 수록 아침이   더디올 수록   그리워 우리 둘이 영원히 함께   같은 공간 속에 아픔이 많더라도   괜찮아 yeah   너를 사랑해 나의 마음이 oh   너를 생각할수록   나는 행복해 다른 누구도   난 부럽지 않아   Beautiful day 이제껏   느껴보지 못한 저 가슴속 깊은   곳에서 두근대는 내 심장을   느껴 너무나 아름다운 햇살과   내 마음속에 따뜻함을 준   너 아름다운 너의 모습   바라볼때면 언제나 너 보며   살아가고 싶고   나 너무나 잘 아는 그런   너와 있을때면 평생을 너와   함께 지내고 싶어   오렌지의 향기로 살며시   미소지을 땐 너의 웃음이   모든 걸 다 잊게해 oh   yeah 사랑해   지금 기적보다 놀라운   날들이 온거야   나에겐 지금 너보다 너에겐   지금 나보다   소중한 다른 사람 없다면 함께   영원히 같은 집에 서로 얼굴을   보며 살아가 yeah   너를 사랑해 나의 마음이   oh 너를 생각할수록   나는 행복해 다른 누구도   난 부럽지 않아   가슴을 적시는 아름다운   음악속에 흐르는 저 시원한   빗방울처럼 넌 언제나 내게   그런 힘이 돼주고는 하지   마음이 불편하고 기분이   허전할때 넌  내 마음 저 깊은 구석   시원하게 해주네 그런   너는 나에게   누구보다 그 어느 누구보다   소중해 그런 너와 영원히   함께살고 싶어   너를 사랑해 나의 마음이 oh   너를 생각할수록   나는 행복해 다른 누구도   난 부럽지 않아   너와나 행복한 시간만 남은거야  가끔가다 우리 싸울때도  있겠지만  우리 언제나 즐거울 수 있을 거야  서로를 사랑하고 있으니 yeah
1999.05.16~05.22,31,82013,못다한 사랑,장혜진,Dream,1998.12.07,Ballad,이현규,멀어져 간 사람이기에 다 잊은 줄 알았는데 우연히 그댈 만난 순간 나의 사랑은 깊은 잠에서 눈을 떴죠 희미해진 추억들 때문에 한동안 어색했지만 하늘도 우리의 사랑을 기억 저편에 버려두진 못했죠 하지만 그대 얼굴을 이제는 만질 수가 없어요 내곁에 그대 아닌 다른 사랑을 차마 모른척하며 지울 수 없었기에  손을 잡으며 제발 행복하기를 두 번 다시 그댈 볼 수 없어도 못다한 사랑은 서로의 가슴에 묻어두기로 해요  손을 잡으며 제발 행복하기를 두 번 다시 그댈 볼 수 없어도 못다한 사랑은 서로의 가슴에 아쉬움으로 간직할테니 아직 그대를 사랑하고 있는걸 헤어진 후에야 알게 됐지만 못다한 사랑은 서로의 가슴에 묻어두기로 해요
1999.05.16~05.22,32,1178414,O____Sole Mio,이문세,독창회 1981-1999,1999.05.01,Ballad,,"Chebella cosa 'naiurnata'e sole 'na'ria serena dop po 'na tempesta! pe'll'aria fresca paregia 'na festa che bella cosa 'naiur na ta'e sole Ma n'a tu sole cchiu bello'ohine, 'o sole mio stanfron tea te 'o sole o sole mio stantron tea te, stan fron tea te!"
1999.05.16~05.22,33,534605,아름다운 세상,유리상자,사랑찾기,1998.10.14,Ballad,박학기,문득 외롭다 느낄 땐 하늘을 봐요  같은 태양 아래있어요 우린 하나예요  마주치는 눈빛으로 만들어가요  나즈막히 함께 불러요 사랑의 노래를   작은 가슴 가슴마다 고운 사랑모아  우리함께 만들어봐요 아름다운 세상   혼자선 이룰 수 없죠 세상 무엇도  마주 잡은 두 손으로 사랑을 키워요  함께 있기에 아름다운 안개꽃처럼  서로를 곱게 감싸줘요 모두 여기 모여   작은 가슴 가슴마다 고운 사랑모아  우리함께 만들어봐요 아름다운 세상   작은 가슴 가슴마다 고운 사랑모아  우리함께 만들어봐요 아름다운 세상   작은 가슴 가슴마다 고운 사랑모아  우리함께 만들어봐요 아름다운 세상   (샤라라 샤랄라라 -)  (라라라라 라라라라-)  작은 가슴 가슴마다 고운 사랑모아  우리함께 만들어봐요 아름다운 세상   (샤라라 샤랄라라 -) (라라라라 라라라라-) -
1999.05.16~05.22,34,80952,뭘 위한 세상인가,원타임,One Time For Your Mind,1998.11,Rap / Hip-hop,송백경,모두 망쳤어 모두 뺏겼어 다 모두 잠들어야만 했었어 과학이란 눈부심에  멀어진 너의 두 눈속에 비참한 그 상처만 이제껏 남게 돼버렸어  고철앞에서 모든 삶을 네가 살아갈 필요 없었지 나는 노예 같은 것 T E DOUBLE D Y 비참한 인간의 욕심들과 넌 무엇이든지 만들어 냈지 너를 대신할 수 있는 사람까지도 UH 애초에 뭘 위한 세상인가 언제나 생각하면 위험하다 멋대로 왔지 끝이 왔지 바로 인제가 무너질 테지 애초에 뭘 위한 세상인가 언제나 생각하면 위험하다 멋대로 왔지 끝이 왔지 바로 인제가 무너질 테지 그리 무엇을 더 많이 원하나 시퍼런 미친 너의 손짓으로 뭣하나 넌 또 마구  빼앗아 대고 하지만 그건 또 모두를  죽여가고 어리석은 자들의 막힌 세상이 나를 만들고 박힌 틀 속에 정해졌어 차가운 유리병엔 지금도 나와 똑같은 얼굴이 여기저기 언젠가 넌 그런식으로 했었지 더 멀리 네가 버린 양심이 검은색 빛으로 모두 변했지 그것이 나를 죽였지 그랬지 애초에 뭘 위한 세상인가 언제나 생각하면 위험하다 멋대로 왔지 끝이 왔지 바로 인제가 무너질테지 애초에 뭘 위한 세상인가 언제나 생각하면 위험하다 멋대로 왔지 끝이 왔지 바로 인제가 무너질 테지 우리가 살아온 공간은 변했어 언제나 받기만 원했어 모두에게 오직 인간만을 위했던 그 현실인가 왜 좀더 멀리 생각하지 못했나 아무런 되갚음 없이 배신하고 있다 지금이 마지막이란 시간이다 이젠 무너지는 걸 막아낼 수 없는 걸 깨달았어 너무 늦었어 Uh 애초에 뭘 위한 세상인가 언제나 생각하면 위험하다 멋대로 왔지 끝이 왔지 바로 인제가 무너질 테지 애초에 뭘 위한 세상인가 언제나 생각하면 위험하다 멋대로 왔지 끝이 왔지 바로 인제가 무너질 테지 애초에 뭘 위한 세상인가 언제나 생각하면 위험하다 멋대로 왔지 끝이 왔지 바로 인제가 무너질 테지 애초에 뭘 위한 세상인가 언제나 생각하면 위험하다 멋대로 왔지 끝이 왔지 바로 인제가 무너질 테지
1999.05.16~05.22,35,81012,너를 보내며,젝스키스,Special,1998.10.03,Ballad,장대성,만날 수 없다는 슬픔보다 힘든건 니가 내 곁에 항상 있어도  외롭다고 느끼는 가슴이야 내가 아닌 사람과 함께 있는  널 봤어 모든걸 이젠 단념해야겠지 너의 지나친 무관심 속에서 내가 감춰야 했던 슬픔들 너를 바라보다 쓰러져 잠들어 버린 내 사랑이라고 해도 그걸 무너뜨릴 자신이 없어 또다시 혼자 돌아서고 있어 내가 원한 너의 사랑도 항상 바램으로 끝이 났지만 이젠 사랑했던 널 위해  먼저 떠날게 너에게 주었던 모든 것들은 널 위해서 잊기로 했지만 어느 누굴만나 사랑한다 해도 언제나 행복할꺼라 생각할께 그래 내가 잊지 못할 단  한가지는 너 하날 지키지 못했던  사랑이란거야 그런 너를 이해해 내가  부족하다면 괜찮은 사람 만나기를 바래 너의 지나친 무관심 속에서  내가 감춰야 했던 슬픔들 너를 바라보다 쓰러져 잠들어 버린 내 사랑이라고 해도 그걸 무너뜨릴 자신이 없어 또다시 혼자 돌아서고 있어 내가 원한 너의 사랑도 항상 바램으로 끝이 났지만 이젠 사랑했던 널 위해 먼저  떠날게
1999.05.16~05.22,36,1816949,후회,조성모,To Heaven,1998.09.06,Dance,이승호,너하고 헤어진 그 때는 아무렇지 않았어 오히려 까맣게 잊은 줄만 알았어 툭하면 멍하니 먼 하늘만 바라보곤 해 그러다 보면은 어김없이 눈물도 흘러 오래전에 넌 이미 내 곁을 떠나갔는데 정말 난 몰랐어 이제와서 이럴 줄이야 수척해져버린 내 모습에 모두들 놀라 어떻게 된거냐 걱정스레 물어봤지만 너를 버릴 때 너무 담담한 나였었기에 너 때문이라고 차마 얘기할 수 없었어 너에게 잘 해준 적도 없는 내가 눈물만 나오게 했던 내가 이제와 이런 후횔 한다고 그래도 네가 보고 싶어 너무 보고 싶어 스치는 우연이라도 눈빛만이라도 향기만이라도 한번만 다시 보여줘 완전히 우리 끝난 것만 아니라고 하면 니가 흘렸었던 눈물만큼 나도 울거야 이제와 아무리 후회를 한대도 어디서 너를 다시 찾을 수가 있겠어 혹시 또 우연히 만난다 하여도 어떻게 너를 다시 사랑 할 수 있겠어 내 곁에 네 모습 왜 그런지 부담스러워 그렇게 쉽게 널 떠나버린 건지도 몰라 믿을 수 없게 그땐 아무렇지도 않았어 정말 난 몰랐어 이제 와서 이럴 줄이야 그 어떤 잘못이라도 용서를 했던 눈물도 미소로 삼키던 네게 이제와 이런 후횔 한다고 그래도 네가 보고 싶어 너무 보고 싶어 스치는 우연이라도 눈빛만이라도 향기만이라도 한번만 다시 보여줘 완전히 우리 끝난 것만 아니라고 하면 니가 흘렸었던 눈물만큼 나도 울거야 너무나 니 모습 보고싶어 눈물이 나도 네 생각만으로 가슴 가득 채우고 나니 누구도 부럽지가 않을 만큼 너무 행복해 이제야 알겠어 이게 바로 사랑이란 걸
1999.05.16~05.22,37,47031,십계 (십계명),쿨(COOL),Cool 4.5,1999.01,Dance,이승호,목숨같은 나의 친구는 항상나와   약속했었지   사랑을 하게 돼도 나와 반을   나눌거라고   약속대로 나의 친구는 여자친구   생길때마다   무조건 내게 먼저 보여주곤   했었지   그러다 만나게 되었어 기다리고   기다렸던   나의 이상형 꿈속의 그녀   하지만 내 친구의 여자 사랑할   수는 없어   모르는 척 가슴속에 숨겨둔채   기다렸지   기다릴게 뭐있어 기다리지마   니가 실수 한거야 실수한거야   그녀가 헤어지면 그때다시   만날려고 그랬니   황금같은 기회를 그런 기회를  니가 차버렸던거야 차버린거야  달려가 그녀에게 니사랑을  빨리 보여줘  너무 늦어 버렸어 나의 친구  사랑하고만 있었어  야 알고있니 뭘 니친구가 왜 그녈  뭐 사랑하고 뭐 있지않아 그래 그럼 해보는 거야 내  친구도 이해 하겠지  그녀를 향한 나의 강한사랑   알게 된다면  기가막힌 기회는 왔고 주저없이  대쉬 한거야  그런데 상황이 좀  곤란하게 된거야  어쩌다 이렇게 됐는지  넘어선 안될 선을 넘어버리고  말았던거야  모두다 알게돼 버렸고  죽을 죄가  돼버린 그사고로  그때 부터 완전히 난 매장됐지  말도 안돼 미쳤니 정말 미쳤니  무슨짓을 한거야 뭔짓한거야  친구도 용서 할 수 있는사랑  만들라고 했잖아  친구 여자 탐한죄 친구여잔데  용서 받을 수는 없어 용서  못하지  하지만 해결할수 있는 방법  있긴있는데  끝내버려
1999.05.16~05.22,38,81176,Missing You,이현우,Both Sides Of The Story,1998.11,Ballad,이현우,길을 걸었어 유난히도 오늘은 별이 아름답구나 기다려 주는 사람은 없었지만 나는 그냥 걸었어 나를 지나치는 많은 연인들 다시 만나고 또 헤어지고 서로 사랑을 하고 아픔을 또 주겠지 따스한 너의 체온이 그리워져 돌아와줘 어두운 거리를 홀로 헤매긴 싫어 돌아와줘 너를 떠나보내고 이젠 알게 되었어 너를 사랑해 바람이 차가와지는 이 거리에서 너의 모습이 자꾸 떠올라 네가 남겨주던 그 메세지가 오늘 밤에는 더욱 더욱 그리워 돌아와줘 어두운 거리를 홀로 헤매긴 싫어 돌아와줘 너를 떠나보내고 이젠 알게 되었어 너를 사랑해 And I missing you And I love for you I never let you go 돌아와줘 어두운 거리를 홀로 헤매긴 싫어 돌아와줘 너를 떠나보내고 이젠 알게 되었어 돌아와줘 어두운 거리를 홀로 헤매긴 싫어 돌아와줘 너를 떠나보내고 이젠 알게 되었어 너를 사랑해
1999.05.16~05.22,39,1877126,사랑을 위하여,김종환,사랑을 위하여,1997.06.13,Adult Contemporary,김종환,이른 아침에 잠에서 깨어 너를 바라볼 수 있다면 물안개 피는 강가에 서서 작은 미소로 너를 부르리 하루를 살아도 행복할 수 있다면 나는 그 길을 택하고 싶다 세상이 우리를 힘들게 하여도 우리들은 변하지 않아 너를 사랑하기에 저 하늘 끝에 마지막 남은 진실 하나로 오래 두어도 진정 변하지 않는 사랑으로 남게 해주오 내가 아플 때보다 네가 아파할 때가 내 가슴을 철들게 했고 너의 사랑 앞에 나는 옷을 벗었다 거짓의 옷을 벗어버렸다 너를 사랑하기에 저 하늘 끝에 마지막 남은 진실하나로 오래 두어도 진정 변하지 않는 사랑으로 남게 해주오 너를 사랑하기에 저 하늘 끝에 마지막 남은 진실 하나로 오래 두어도 진정 변하지 않는 사랑으로 남게 해주오 사랑으로 남게 해주오
1999.05.16~05.22,40,80399,휴식같은 친구,홍경민,Free Throw Ⅱ Shot,1998.09.01,Rock,,내 좋은 여자 친구는 가끔씩 나를 보며 얘길 해달라 졸라대고는 하지 남자들만의 우정이라는 것이 어떤건지 궁금하다며 말해달라지 그럴땐 난 가만히~ 혼자서 웃고 있다가~ 너의 얼굴 떠올라 또 한번 웃지  언젠지 난 어둔 밤길을 달려 불이 꺼진 너의 창문을 두드리곤 들어가 네옆에 그냥 누워만 있었지 아무말도 필요없었기 때문이었어 한참후에 일어나 너에게 얘길 했었지~~ 너의 얼굴을 보면 편해진다고~ 나의 취한 두 눈은 기쁘게 웃고 있었지~~ 그런 나를 보면서 너도 웃었지  너는 언제나 나에게 휴식이 되어준 친구였고 또 괴로웠을때면 나에게 해답을 보여줬어 나한번도 말은 안했지만 너 혹시 알고 있니 너를 자랑스러워 한다는 걸 너는 언제나 나에게 휴식이 되어준 친구였고 또 괴로웠을때면 나에게 해답을 보여줬어 나한번도 말은 안했지만 너 혹시 알고 있니 너를 자랑스러워 한다는 걸 너는 언제나 나에게 휴식이 되어준 친구였고 또 괴로웠을때면 나에게 해답을 보여줬어 나한번도 말은 안했지만 너 혹시 알고 있니 너를 자랑스러워 한다는 걸
1999.05.16~05.22,41,84736,Lying,샵,The S#arp,1998.11.12,Dance,백종열,오 오 가져가 가져가봐 니가 준 나의 모든걸 오 오 웃지마 웃기지마 난 네게 다시 가지 않아 와줘 봐줘 맞혀줘 내게 좀더 다가와줘 너와 다투고 돌아오는 길이 지겨 지겨 지겨워 기지개를 펴 뒤를 보면 온세상이 너를 아는 나를 아는 사람들 이런 스파이같은 너의 친구들도 지겨워 이유없이 보는 그대로만 얘기하는 것들 너의 귀로 흘러 들어가 혼돈스러운 장면으로 피키피키 돌아가는 필름 도대체 나를 뭘로 보고 이러는거야 날 항상 바보로 보는거야 니깟게 뭘 안다고 내게 이러는거야 싫어 웃기지도 않는거야 짜증내도 참아 화를 내도 참아 너라면 그랬어 이젠 나도 싫어 두 번다신 싫어 니가 준 모든걸 가져가 사랑만해도 나는 하루가 모자라 너를 미워할 시간이 없어 이젠 내게 하루하루가 바쁠걸 너를 지워버릴테니까 오 오 가져가 가져가봐 니가 준 나의 모든걸 오 오 웃지마 웃기지마 난 네게 다시 가지 않아 오 처절하게 나 무너져 버려 슬퍼 나에게서 슬픈 기억 추억 지워버려 외로워 나 눈물 슬픔 나 모두가 다 너와 함께 한 날 나의 마음속에 후회를 지금도 너를 사랑해 휴 내게 남은 내겐 그대하나 휴 내게 남은 내겐 그대하나 휴 내게 남은 내겐 그대하나 휴 내게 남은 내겐 그대하나 지금부터 약 이년전에도 포기않고 계속 만나왔어 홀로 남을뻔 했어 WOW 우리 사랑은 영원한데 너는 어떻게 그렇게 변할 수가 있어 so so 리듬과 그대와 함께 춤을 그대를 속이며 바르게 다가가는 나의 품위 We got the rhythm and it's poundin body's soul to the floor once more driving all them suckas heading for the door damn sure comin at sa like a magnuym fourty four with my planetary rhymin timin ready for my war to the show 인것 처럼 우리는 그들을 속이지 않아 comin sharp justified we the SHARPS 하루가 이리길 줄 난 정말 몰랐지 니가 없는 하루가 이럴줄 그날 밤 너를 보내고 난 뒤에 돌아와 너를 잊지 못해 비틀비틀 기다려도 없어 나는 이제없어 너에겐 없나봐 이럴줄 몰랐어 나는 두고왔어 네게 준 내모든 사랑을 나의 다른 거짓말은 모두 알더니 그 날만은 왜 모르는거야 내가 너아니면 어딜 또 가냐고 하루종일 비틀비틀비틀 사랑만 하기에도 하루가 모자라 미워하고 말 시간이 없어 이젠 내겐 하루하루가 힘들어 그게 모두 거짓말이라고 오 오 가지마 가지마라 발병이 나고싶냐고 오 오 웃지마 웃기지마 난 거짓말이었다고 오 오 가지마 가지마라 난 널 어쩔수 없다고 오 오 기다려 기다려봐 이젠 거짓이 아니야
1999.05.16~05.22,42,81426,숨은그림찾기,자우림,연인(戀人),1998.11,Rock,김윤아,그래 모두 돌아가고 싶은 그때로 길던 하루 해 작은 선물 상자 따스하던 엄마의 품 학교 가는 길 작은 구멍가게 재미있던 소꿉놀이 다시 볼 수 없을 그리운 친구들 하지만 이런게 다일까 그럴까 전쟁놀이 하던 날 내가 던진 돌에 맞아서 울던 그 친구 피가 흘렀던 이마 병원놀이 하자고 우릴 옥상으로 불러내 묘한 눈빛으로 우릴 바라보던 그 오빠 지루한 하루 원치않은 선물 무서웠던 아빠의 매 다신 보기 싫은 미웠던 사람들 하지만 아무말 못했지 그랬지 거짓말을 했던 날 들킬까봐 마음 졸이며 뒤척이던 밤 두근거리던 마음 아빠 엄마 싸운 날 동생하고 둘이 손잡고 무서워 울었던 기억하고 싶지 않은 그날 밤
1999.05.16~05.22,43,1877177,사랑하는 날까지,김종환,사랑하는 날까지,1998.12.01,Adult Contemporary,김종환,사랑은 운명 속에 언제나 살고 있다 가슴을 치는 슬픔  그 고통 속에도 나와 함께 길을 걷는다 외로움이 나는 싫어 당신을 선택했다 내가 사는 날까지 운명의 길 위에서  당신과 살고 싶다 너를 사랑하기에  내가 존재하는 것  널 위해 내가 살 수 있다면  나의 뜨거운 젊음 모두 다 주고 싶다  몇백년 사는 것도 아닌데  천년을 기다려도 너를 사랑하겠다  마지막 남은 사랑을 위해  내 꿈이 깨질까봐 불안한 삶이 싫다  내가 선택한 길을 내가 걸어가면서  사랑에 운명을 건다 너를 사랑하기에 내가 존재하는 것  널 위해 내가 살 수 있다면  나의 뜨거운 젊음 모두 다 주고 싶다  몇백년 사는 것도 아닌데 천년을 기다려도 너를 사랑하겠다  마지막 남은 사랑을 위해  천년을 기다려도 너를 사랑하겠다  마지막 남은 사랑을 위해  마지막 남은 사랑을 위해
1999.05.16~05.22,44,9911,우리 같이해요,VariousArtists,1999 대한민국,1999.02.01,Rap / Hip-hop,,1999년 모든게 끝일지 모른다는 두려움에 좌절감속에  많은 이들 하루 하루를 그냥 보내고 있지만만만 모두 마찬가지  하루살이 하루 살기 위해 혼신의 힘을 다해 하루 살잖아  우리같이 디기리 개리 길 창이  그리고 영풍이 명호 주라 미애 수정  그리고 당신 우리 같이 한번 해봐요  들어봐 우린 지금 IMF에 대해 논하고 있는거야  실업률 우리나라 급격히 높아만 가고만 있는데  6.25사변이후 처음이라 모두들 말하는데  난난 나로서는 어떻게 할 수도 없죠  힘없는 내 자신만 탓하게 되죠  하지만 이것 만은 할 수 있을 거예요 서로가 서로에게  마음으로 아니 사랑으로 대할 수 있을 거예요  그 모든 슬픔 그 모든 아픔  우리는 지금까지 다같이 느껴왔었죠  이제는 모두 다같이 웃어봐요  서로를 미워하지 말고 사랑해봐요  그 모든 사랑 우리는 느껴왔었죠  이제는 혼자가 아니라는 것을  우리는 서로가 알 수 있었죠  우리는 다같은 한민족이라는 것을  TV를 켜면 그 속에 슬퍼하는 사람들이  너무 나도 많이 있는 것 같아요  허기진 배를 움켜쥐고 울고 있는 아이들  직장을 잃고 삶의 회의를 느끼시는 아버지들  방황하는 청소년들(그 모든 이들)  그리고 사랑을 받지 못한 그 모든 이들  이젠 힘을 내요 서로가 서로에게 무관심이 아닌  우리들의 사랑으로 말이죠  우리 같이 해요 날따라 해요 날따라 해봐요 요렇게  우린 할 수 있죠 우릴 따라 해요 날 따라 해봐요 요렇게  허니패밀리와 같이 한 번 해봐요 요렇게 해봐요 요렇게  우린 같이 할 수 있죠 다같이 할 수 있죠  날따라 해봐요 요렇게  너와 나의 그 모든 아픔들 지난 시간속에 묻어버리고  이제는 다시 일어나 우리 모두 함께 하나가 되요  오늘 난 봤어 당신의 어깨 축처져 힘없이 보인 당신의 어깨  내 눈에 눈물 고여 흐르는 걸 참았던 나  당신 힘든건 저도 이해해요  혼자라는 생각 그런 생각 버리세요  하지만 당신곁에 항상 우리가 있잖아요  자 당신 다시 한 번 생각해봐요  이 나라 이 땅을 이만큼까지 이끌어 왔던 주역이었다는것을요  그 모든 슬픔 그 모든 아픔  우리는 지금까지 다같이 느껴왔었죠  이제는 모두 다같이 웃어봐요  서로를 미워하지 말고 사랑해봐요  그 모든 사랑 우리는 느껴왔었죠  이제는 혼자가 아니라는 것을  우리는 서로를 알 수 있었죠  우리는 다같이 한민족이라는 것을  이제 거의 끝이 났어 그렇게 길고 길던  어두캄캄한 날들은 다 지나가고  어두운 날은 가고 희망찬 날을 밝혀줄  해는 지금 막 떠오르고 있어  지금이 중요해 사랑이 필요해  서로를 시기하지 말고 사랑으로  서로를 위해 아낌없는 사랑이 필요해  그럼 영원히 슬픔은 없을꺼야 난 믿어 그 모든 것을  우리 같이 해요 날따라 해요 날따라 해봐요 요렇게  우린 할 수 있죠 우릴 따라 해요 날 따라 해봐요 요렇게  허니패밀리와 같이 한 번 해요 요렇게 해봐요 요렇게  우린 같이 할 수 있죠 다같이 할 수 있죠  날따라 해봐요 요렇게  힘들지만 우리 함께 웃어요 그모든 슬픔 잊어버리 고 이제는 함께 마음을 열고 우리같이 느낄수 있어요  너와 나의 그모든 아픔들 지난 시간속에 묻어버리고 이제 는 다시 일어나 우리 모두 함께 하나가 되요
1999.05.16~05.22,45,2962055,볼꽃놀이,김종서,Tribute :77 99 22,1999.09,Rock,,
1999.05.16~05.22,47,91226,세상은,신효범,Ego,1998.10,Ballad,강현민,귀기울여 듣고 있다면  언제라도 알 수 있겠죠  그대의  곁에 있는 사람들에겐  작은 사랑이  필요함을  눈을 감고  느껴 보아요  그대 고운  마음을 얘기할때  우리를 감싸는  저 넓은 하늘이  더욱 푸른빛으로  빛나고 있다는걸  아름다운  곳이죠  그대와 내가 함께  만들어갈 세상은  따뜻한 마음을  원한다는걸  알 수  있잖아요  고개 들어  하늘을 봐요  그대 작은  사랑의 마음들이  우리를 감싸는  저 높은 하늘을  더욱 푸른 빛으로  빛나게 하잖아요  아름다운  곳이죠  그대와 내가 함께  만들어갈 세상은  따뜻한 마음을  원한다는걸  알 수 있잖아요 그대 혼자가 아니야 마음을 열 수 있다면 곁에 있는 내모습도 아름다운 세상도 모두다 그댈 위한거죠 아름다운 곳이죠 그대와 내가 함께 걸어갈 이 세상은 따뜻한 마음 가득한 곳이죠 알 수 있잖아요 그대 외로워 말아요 후 후
1999.05.16~05.22,48,91228,3주만 사귀어봐,이소은,소녀 (少女),1998.12,Dance,MGR(RBW),예예예 예예예 예예예-   언제나처럼 오늘도 혼자 있군  나라도 말을 걸어볼까  아이들이 그러더군 너의 별명이  '3주만 사귀어봐' 라고 어쩌다가 그런 별명이 붙었니  물론 조금 심한 말이긴 하지만  분명 너의 잘못도 있잖아    입냄샌 용서해도  잘난척은 난 용서못해  이젠 그만 모두들 너무 하잖아  사실 그애는 좋은앤데  뭐라 말할 입장은 안되겠지만  내일부터는 잘해줄래    얼마전엔 밥 먹다가 체할뻔 했어  왕따가 내 옆에 온거야  점심같이 먹자고 말을 걸더군  난 정말 어색한 미소로  그러자꾸나 했지만  등엔 한줄기 씩은 땀이 흘러내리며  주변의 따가운 시선 받으니  이러다 나도 왕따 되는것  아닐까 불안해지네    이제 그만 모두들 너무 하잖아  사실 그애는 좋은앤데  뭐라 말할 입장은 안되겠지만  내일부터는 잘해줄래    좋아 까짓 내가 총대를 매겠어  생각보다는 괜찮은데  이젠 맘이 조금 편해진 것같아  지금부터는 잘해보자    방과 후 전해준 쪽지엔  너의 슬픔 담겨 있었지 그래  내가 너의 곁에 머물러 줄게  이젠 외로워 하지마   예예예 예예예- 예예예 예예예-   이제 그만 모두들 너무 하잖아  사실 그애는 좋은앤데  뭐라 말할 입장은 안되겠지만  내일부터는 잘해줄래    좋아 까짓 내가 총대를 매겠어  생각보다는 괜찮은데  이젠 맘이 조금 편해진 것 같아  지금부터는 잘해보자
1999.05.16~05.22,49,80649,마지막 사랑,에코,Voice Of Love,1998.11,Ballad,이현규,왜 내게서 멀어졌나요 난 정말 원치 않았던  이별이었어요 긴 하루를 보낼 때마다 나도 모르게 눈물이  흐르곤 했었죠 그대는 내가 그립지 않나요 벌써 모든 것을 잊으셨나요 우리 헤어져야 하는 이유를 아직도 인정할 수가 없어요 쉽게 끝낼 수가 없어요 나는 처음부터 다시 시작하고  싶어요 어딜 가도 그대 생각 때문에 난 너무나 힘이 들어요  그대 역시 마찬가지잖아요 나는 달라지고 있어요 그대 다시 내게 돌아오기만을  손꼽아 기다려요 나는 그대에게 마지막  사랑이기를 원해요 좋은 추억만 기억해주세요 정녕 이대로 날 버릴 건가요 다시 한번 사랑할 수 있도록 웃으며 반겨줄 수는 없나요 쉽게 끝낼 수가 없어요 나는 처음부터 다시  시작하고 싶어요 어딜 가도 그대 생각 때문에 난 너무나 힘이 들어요  그대 역시 마찬가지잖아요 나는 달라지고 있어요 그대 다시 내게 돌아오기만을  손꼽아 기다려요 나는 그대에게 마지막  사랑이기를 원해요 나는 아무 욕심 없어요 오직 사랑하는 그대 품에 안겨  살 수 있다면 그 뿐이예요 세상이 허락하는 날까지  기다릴 거예요 내게 돌아올 그대를 믿어요
1999.05.16~05.22,50,33728,기적 (Duet With 이소은),김동률,The Shadow Of Forgetfulness,1998.12.01,Ballad,김동률,나 그대의 눈을 바라보면 이 모든게 꿈인 것 같아요 이 세상 많은 사람중에 어쩌면 우리 둘이었는지 기적이었는지도 몰라요 그대의 품에 안길때면 새로운 나를 깨달아요 그대를 알기 전에 내가 어떻게 살았는지 몰라요 죽어 있었는지도 몰라요 어쩌면 이렇게도 엇갈려 왔는지 우린 너무 가까이 있었는데 서로 사랑해야 할 시간도 너무 모자라요 나를 믿어요 믿을께요 세상 끝까지 함께 할께요 얼마나 나를 찾았나요 헤매였나요 나의 기도를 들었나요 내 기도에 귀기울였나요  이 세상 살아가는 동안 단 한번 스쳐지나갈 때  한눈에 서로 알아볼 수 있게 되길 이렇게  어쩌면 이렇게도 엇갈려 왔는지  우린 너무 가까이 있었는데  서로 사랑해야 할 시간도 너무 모자라요  나를 믿어요 믿을께요 세상 끝까지 함께 할께요  그 얼마나 나를 찾았나요 헤매였나요  나의 기도를 들었나요 내 기도에 귀기울였나요  이 세상 살아가는 동안 단 한번 스쳐지나갈 때  한눈에 서로 알아볼 수 있게 되길 이렇게
