time,rank,song_id,title,singers,album,date,genre,creator,lyric
1997.03.09~03.15,1,48914,가족,이승환,Cycle,1997.01,Ballad,"이승환,이지은",밤늦은 길을 걸어서  지친 하루를 되돌아 오면  언제나 나를 맞는 깊은 어둠과  고요히 잠든 가족들  때로는 짐이 되기도 했었죠.  많은 기대와 실망때문에  늘 곁에 있으니  늘 벗어나고도 싶고  어떡해야 내가 부모님의  맘에 들 수가 있을지 모르고  사랑하는 나의 마음들을  그냥 말하고 싶지만  어색하기만 하죠.    힘겨운 하루를 보낸  내 가족들의 낮은 숨소리엔  어린 날 보살펴 주던  내 누이의 고마운 추억이 있죠.  가족이어도 알 수 없는 얘기  따로 돌아누운 외로움이 슬프기만 해요.  아무 이유도 없는데  심술궂게 굴던 나를 위해  항상 참아주던 나의 형제들  사랑하는 나의 마음들을  그냥 말하고 싶지만 어색하기만 하죠  힘이 들어 쉬어가고 싶을때면 나 의 위로가 될  그때의 짐 이제의 힘이 된 고마운 사람들.  어떡해야 내가 부모님의  맘에 들 수가 있을지 모르고  사랑하는 나의 마음들을  그냥 말하고 싶지만 어색하기만 하죠  사랑해요 우리 고마워요 모두  지금껏 날 지켜준 사랑  행복해야 해요 아픔없는 곳에 영원히 함께해요  사랑해요 우리 고마워요 모두  지금 껏 날 지켜준 사랑  행복해야 해요 아픔없는 곳에  영원히 함께해 야 해요  사랑해요 우리  고마워요 모두  지금껏 날 지켜준 사랑
1997.03.09~03.15,2,70148,애송이의 사랑,양파,Yangpa,1997.11.01,Ballad,최석영,잠 못 이룬 새벽 난 꿈을  꾸고 있어  흐느낀 만큼 지친 눈으로  바라본 우리의 사랑은  너의 미소처럼 수줍길 바래  조금만 더 가까이 내곁에  있어줘  널 사랑하는 만큼 기대  쉴 수 있도록  지친 어둠이 다시 푸른 눈 뜰때  지금 모습 그대로  uh baby 제발 내 곁에 있어줘  잃어버린 만큼 자유롭다는 걸  세상은 쉽게 잊으려 해  소중한 우리의 바램이  다시 피어날 그 날을 꿈꾸며  조금만 더 가까이  내곁에 있어줘  We can reach the  other side  If we hold on to the  passion  지친 어둠이 다시 푸른  눈 뜰때  Getting closer day  by day  uh baby 제발 내 곁에 있어줘  만들고 싶진 않아 세상이  바라는 걸  우리만의 미랠 만들거야  작지만 소중한 꿈을 위해  조금만 더 가까이  내곁에 있어줘  널 사랑하는 만큼 기대  쉴 수 있도록  지친 어둠이 다시 푸른 눈 뜰때  지금 모습 그대로  uh baby 제발 내 곁에 있어  지금 이대로 내 곁에 있어줘  널 사랑하는 만큼 기대  쉴 수 있도록  지친 어둠이 다시 푸른 눈 뜰때  지금 모습 그대로  uh baby 제발 내 곁에 있어줘  Baby 내 곁에 있어줘
1997.03.09~03.15,3,32652,연인,룰라,The Final 5집,1997,Dance,이상민,바보 바보 바보야 바보   바보 바보야  바보 바보 바보야   사랑 앞에서   오늘도 넌 튕겨 튕겨  사랑앞에 튕겨 튕겨  친구앞에 튕겨 튕겨  매일매일 튕겨 튕겨  왜 넌 날 자꾸 피하는거야   너에게 변화가 생긴거야   이상해 궁금해  이런 너는 달리 나쁜아이야   나에게도 너를향한   아름다운 마음있어   순수하게 느껴지는   아이같은 그런 너를   사랑하면서 표현  안했던거야 나의 마음은  영원히 널 사랑해  바보같은 마음으로   너를 생각한거야 나를 향한 너의 사랑의  마음을 천사같은  마음으로 너를  사랑할거야 이 세상  마지막까지 널 영원히 오늘도 넌 튕겨 튕겨 사랑앞에 튕겨 튕겨 친구앞에 튕겨 튕겨 매일매일 튕겨 튕겨 왜 넌 날 자꾸 피하는거야  너에게 변화가 생긴거야  이상해 궁금해 이런 너는 달리 나쁜아이야  나는너를 연인처럼 친구처럼 애인처럼 나는너를 순수하게  아름다운 마음으로    바보같은 마음으로  너를 생각한거야 나를 향한 너의 사랑의  마음을 천사같은  마음으로 너를  사랑할거야 이 세상  마지막까지 널 영원히 먼 훗날에 너와 나의 사랑이 변하지 않을거라 난생각해 나는 너를 연인처럼 친구처럼 애인처럼 나는너를 순수하게  아름다운 마음으로
1997.03.09~03.15,4,71501,16/20 (열여섯 스물),주주클럽,16/20,1996.10.01,Rock,주주클럽,yo shoking give me love   give me love give me love  yo shoking give me love   give me love give me love  나 이제 16 너 20살이야   나 이제 16 너 20살이야  나 이제 16 너 20살이야   나 이제 16 너 20살이야  아이 야 야야 쇼킹 쇼킹   아이 야 야야 쇼킹 쇼킹  아이 야 야야 쇼킹 쇼킹   아이 야 야야 쇼킹 쇼킹  넌 전화로 내나이라   말을 했잖아 give me love  난 니가 이렇게   어릴줄은 몰랐어 give me love  아이 야 야야 쇼킹 쇼킹   아이 야 야야 쇼킹 쇼킹  아이 야 야야 쇼킹 쇼킹   아이 야 야야 쇼킹 쇼킹  난 너에게 이해해 달라고   말을 하진 않을 거야  널 보는 이런 내마음을   넌 이해해야만 해  하지만 지금은 싫어도   언젠가 니가 더 컸을때  그 때를 기다릴께 그땐   내가 널 붙들지 몰라  나에겐 어린 너는 필요 없어   애인이 필요해  난 남들은 신경쓰고 살진 않아   하지만 우리를 친구들이 본다면  나를 욕할꺼야 쇼킹 쇼킹   변명을 해봐도 쇼킹 쇼킹  너의 목소리는 쇼킹 쇼킹   니가 아니었어 쇼킹 쇼킹  난 너에게 이해해달라고   말을 하진 않을 거야  널 보는 이런 내마음을   넌 이해해야만해  하지만 지금은 싫어도   언젠가 니가 더 컸을 때  그 때를 기다릴께 그땐   내가 널 붙들지 몰라  나에겐 어린 너는 필요없어   애인이 필요해  그 때를 기다릴께 그땐   내가 널 붙들지 몰라  나에겐 어린 너는 필요없어   애인이 필요해  아이 야 야야 쇼킹 쇼킹   아이 야 야야 쇼킹 쇼킹  아이 야 야야 쇼킹 쇼킹   아이 야 야야 쇼킹 쇼킹  아이 야 야야
1997.03.09~03.15,5,1839666,기억해줘,이소라,영화에서처럼,1996.11.01,Ballad,"이소라,허승경",기억해줘 널 위해 준비한 오늘 이별이 힘들었단 걸 잊지마 니 가슴에 기대어 자던 많은 날 안녕 이전처럼 그대로 너에게  돌아오라면 받아들일 수 있지만 달라진 날 기대한다면 이제 그만 끝내 내가 잘못한거니 너무 사랑한거니 미안해 니가 나의 마음 알겠니 미워하지마 이해해줘 나 때론 이유없이 너를 괴롭게 해 늘 확인하려 했지만 어떻게 해도 변함없는 너의 얼굴  지쳐 외면하고도 싶었어 더 이상 나 참을 수 없기에 끊는 전화라도 걸어보고 싶지만 달라진 것 없는 나라면 해서는 안돼 내가 잘못한거니 너무 사랑한거니 미안해 니가 나의 마음 알겠니 미워하지마 이해해줘 이제 나의 사랑 알겠니 미워하지마 기억해
1997.03.09~03.15,6,69198,영원,조관우,My 3rd Story About...,1996.12,Ballad,장복신,힘없이 내 품에 안긴채  그렇게 날 떠났지  어느 하늘을 보고 울어야  가슴에 묻힌 널 만날까  때론 잊으려 했지  너의 바램도 그럴테니  하지만 이길 수 없는 아픔을  먼저 떠나간 니가 알리 없잖아  미안해 이젠 갈께 너를 따라서  더 이상의 인연 없는  비틀린 세상 등지고  받아줘 너를 잃곤 살 수 없는 난  처음부터 내 인생에  넌 마지막 연인이니까  너를 사랑하는 길  그건 잊어주는 거라고  하지만 감추지 못해 흐르던  너의 눈물까지 잊을수는 없잖아  미안해 이젠 갈께 너를 따라서  더 이상의 인연 없는  비틀린 세상 등지고  받아줘 너를 잃곤 살 수 없는 난  처음부터 내 인생에  넌 마지막 연인이니까
1997.03.09~03.15,7,71766,운명,쿨(COOL),Destined For The Best,1996.11.01,Dance,이승호,어느날 우연히 그사람 본 순간   다리에 힘이 풀려 주저   앉고 말았지   그토록 애가 타게 찾아헤맨   내 이상형   원 투 쓰리 포   왜 하필 이제야 내 앞에   나타나게 된거야 어   그토록 애타게 찾아   헤맬때는 없더니   어디서 무얼했어   혼자가 힘들어 곁에 있던   여자 친구가   이제는 사랑이 돼버렸잖아   운명같은 여잘 만나서   이젠나를 떠나 가라고  그녀에게 말해 버리면  보나마나 망가 질텐데  그렇다고 그애 때문에  그녈다시 볼 수 없게 돼버리면  나도 역시 망가질껀 뻔한데  이야이야 이야이야  정말 답답해 짜증이나  어떡해야 해  둘다 내 곁에 있을 수는  없는 거 잖아  정말 화가나 그 누구도  버릴 순 없어   차라리 이럴땐 남자가 되고 싶어  나도 아 햄릿 처럼  지금 죽는 거냐 사는거냐  그것이 문제라면  차라리 나을지몰라 이얼싼스  세상에 누구도 나보다  바쁜사람 없을껄  동시에 두여자 만난다는  것이 이렇게  힘든줄 몰랐었어   어쨌든 그때는 여자 복이  터진 것처럼  행복한 나날을 보냈던거야  한번 봤던 영화 또 보고  했던 얘기 다시 또하고  저녁 식사 두번 했더니  왜그렇게 헷갈리던 지  같은 편지 적어 보냈지  며칠 후에 날벼락이 떨어졌어   겉과 속에 이름 틀렸었나봐  이야이야 이야이야  정말 답답해 짜증이나  어떡해야해  둘다 똑같이 사랑할 순  없는 거 잖아  정말 이러다 둘다 모두  놓칠것 같아  차라리 이럴땐 남자가 되고 싶어
1997.03.09~03.15,8,91249,졸업,전람회,졸업(卒業),1997.01,Ballad,김동률,언제 만났었는지 이제는 헤어져야 하네  얼굴은 밝지만 우리 젖은 눈빛으로  애써 웃음 지을래   세월이 지나면 혹  우리 추억이 잊혀질까봐  근심스런 얼굴로 서로  한번 웃어보곤 이내 고개 숙이네   우리의 꿈도 언젠가는  떠나가겠지 세월이 지나면  힘들기 만한 나의 나날들이  살아온 만큼 다시 흐를 때  문득 뒤돌아 보겠지   바래져 가는 나의 꿈을 찾으려 했을 때  생각하겠지 어린 시절 함께 했던  우리들의 추억들을 그 어린 날들을   우리의 꿈도 언젠가는 떠나가겠지  세월이 지나면 힘들기 만한  나의 나날들이 살아온 만큼  다시 흐를 때 문득 뒤돌아보겠지   바래져 가는 나의 꿈을 찾으려 했을때  생각하겠지 어린 시절 함께 했던  우리들의 추억들을 흐뭇한 웃음을 지으며 -  라라라라 라라라 -
1997.03.09~03.15,9,91245,맨발의 청춘,벅,맨발의 청춘 (靑春),1997.01.10,Dance,강은경,One Two One Two Three Four 이렇다할 빽도 비젼도  지금 당장은 없고  젊은 것 빼면 시체지만  난 꿈이 있어  먼 훗날 내 덕에 호강할  너의 모습 그려봐  밑져야 본전 아니겠니  니 인생 걸어보렴  용하다는 도사  그렇게 열나게 찾아다닐 것 없어  두고봐 이제부터 모든 게  원대로 뜻대로 맘대로 잘 풀릴걸  속는 셈치고 날 믿고 따라 줘  니가 보는 지금의 나의 모습  그게 전부는 아니야  멀지않아 열릴거야 나의  전성시대  갈 길이 멀기에 서글픈  나는 지금 맨발의 청춘  나 하지만 여기서 멈추진  않을거야  간다 와다다다다  그저 넌 내 곁에 머문 채  나를 지켜보면 돼  나 언젠간 너의 앞에 이 세상을  전부 가져다 줄거야  기죽지는 않아 남들보다 못해도  급할 건 없어 모든 일엔  때가 있는 법  먼 훗날 성공한 내 모습  그려보니 흐뭇해  그날까지 참는거야 나의  꿈을 위해  길고 짧은 건 대봐야지  지금은 비록 내가  보잘것 없지만 나도 하면 돼  뚜껑을 열어봐야 알지 벌써  포기는 왜 해  그렇다면 이건 사랑도 아냐  니가 보는 지금의 나의 모습  그게 전부는 아니야  멀지않아 열릴거야 나의  전성시대  갈 길이 멀기에 서글픈 나는  지금 맨발의 청춘  나 하지만 여기서 멈추진  않을거야  간다 와다다다다  그저 넌 내 곁에 머문 채  나를 지켜보면 돼  나 언젠간 너의 앞에 이 세상을  전부 가져다 줄거야  오직 믿는 건 배짱뿐  가진 것 하나 없이 폼잰다지만  나 젖 먹던 힘 다해 내  꿈을 이룰거야  간다 와다다다다  어차피 인생은 한판의 멋진 도박과 같은 것  자 맨발에 땀나도록 뛰는 거야  내 청춘을 위하여
1997.03.09~03.15,10,69343,나만의 슬픔,김돈규,Separation,1996.10.30,Ballad,강은경,내 소식 그녀가 들을때 쯤엔  난 아마 세상 어디에도 없겠지  친구야 내게 허락된 시간이  이젠 다 되어가나봐  알리진 말아줘  차라리 그녀가 모르게  아무런 슬픔도 남기기 싫어  연락이 닿아도 올수가 없을거야  이제는 다른 세상에서  그녀를 만나서 내 얘기를 묻거든  그저 난 잘있다고 대답해줘  이제야 알겠어  그녀가 내게는 얼마나 소중했는지  가슴이 메어와  - 간 주 중 - 나 훗날 재되면 그녀가 다니는 길목에  아무도 모르게 흩어놓아줘  가끔씩 오가는 그 모습만이라도  그 길에 남아 볼수 있게  그녀를 만나서 내 얘기를 묻거든  그저 난 잘있다고 대답해줘  이제야 알겠어  그녀가 내게는 얼마나 소중했는지  - 간 주 중 - 약속해줘 나없는 세상에  남겨진 그녀를  나대신 지켜준다고  그녀를 부탁해
1997.03.09~03.15,11,68913,오늘도 난,이승철,The Bridge Of Sonic Heaven,1996.09.13,Dance,윤일상,아 아 아  나도 알지못한 날 굳이  알려고 들진마  보여줄수 없는 내 마음만  안타까울뿐  이런 내 습관에 젖은  여자들은 많았지만  차츰 내 주위를 보며  후회를 시작했어  하루 종일 찾아 헤매도  판에 박혀있는 모습뿐  그런 내 모습에 축축히  젖어드는 기억이  오늘도 난 혼자라는 사실을  잊은채로 잠들겠지만  오늘도 난 기억속의 네게  의미없는 후횔하며 지내겠지  예 예 No No No No 아 아  늘 혼자인척 하지는 않겠다고  말하지마  너 떠난 후 빈 곳은 항상  남겨둬 있어  난 너와 마주칠 기회 언제나  준비해주지  네 품에 다시 안기길  기대하고 있어  하루종일 찾아 헤매도 판에  박혀있는 모습뿐  그런 내 모습에 축축히  젖어드는 기억이  오늘도 난 혼자라는 사실을  잊은채로 잠들겠지만  오늘도 난 기억속의 네게  의미없는 후횔하며 지내겠지  오늘도 난 혼자라는 사실을  잊은채로 잠들겠지만  오늘도 난 기억속의 네게  의미없는 후횔하며 지내겠지  오 예 오 No No No
1997.03.09~03.15,12,68902,왜 하늘은...,이지훈,Rhythm Paradise,1996.11.25,Ballad,이재경,여기서 끝낼순 없어 이런건 날 위한게 아냐 얼마 남지 않은 시간 끝까지 함께 있을께 그렇게 포기하지마 나의 손을 잡아줘 부탁이야  너와 나 이 세상에서 마지막 여행을 떠나자 아무도 없는 곳으로 아픔은 가슴에 묻고 되도록 많은 세상을 보여주고 싶은데 함께 남은 시간이 모자라 왜 하늘은 널 데려 가는지 한 없이 착하기만 한 너를 아무것도 할수 없는 내 모습이 너무나 초라해 미칠것 같아 너 떠나는 날 흐르던 눈물 다시는 널 안을수 없기에  너를 따라 가고 싶어 니가 없는 세상에 혼자 남을 자신이 없어 왜 하늘은 널 데려가는지 한 없이 착하기만 한 너를 아무것도 할수 없는 내 모습이 너무나 초라해 미칠것 같아 너 떠나는 날 흐르던 눈물 다시는 널 안을수 없기에 너를 따라 가고 싶어 니가 없는 세상에 혼자 남을 자신이 없어
1997.03.09~03.15,13,37832,"Here, I Stand For You (Original Ver.)",넥스트,"Here, I Stand For you",1997.02,Rock,Crom,Promise Devotion Destiny Eternity and Love I still belive in these words Forever 난 바보처럼 요즘 세상에도 운명이라는 말을 믿어 그저 지쳐서 필요로 만나고 생활을 위해 살기는 싫어 하지만 익숙해진 이 고독과 똑같은 일상도 한해 또 한해 지날 수록 더욱 힘들어 등불을 들고 여기서 있을께 먼 곳에서라도 나를 찾아와 인파 속에 날 지나칠때 단 한번만 내 눈을 바라봐 난 너를 알아 볼수 있어 단 한 순간에 Cause Here I stand for you 난 나를 지켜가겠어 언젠간 만날 너를 위해 세상과 싸워 나가며 너의 자릴 마련 하겠어 하지만 기다림에 늙고 지쳐 쓰러지지 않게 어서 나타나줘  난 나를 지켜가겠어 언젠간 만날 너를 위해 세상과 싸워 나가며 너의 자릴 마련 하겠어 하지만 기다림에 늙고 지쳐 쓰러지지 않게 어서 나타나줘  약속 헌신 운명 영원 그리고 사랑 이 낱말들을 난 아직 믿습니다 영원히
1997.03.09~03.15,14,1622523,괜찮아,녹색지대,괜찮아,1997.01.01,Ballad,이혜상,널 언제까지 기다려야 나에게 올런지 그저 멀리서 널 바라와 왔지만 날 언제까지 힘들게 할 너일지는 몰라도 널 품에 안던 그날만은 기억해 알고 있어 친구들에게 들었어 그와 헤어졌다고 그래서 힘들어 한다고 네가 외로울 때 그땐 나를 생각해 아직 난 그대로야 지금껏 널 원해왔어 자 괜찮아 이젠 그대로 내게 와줘 날 아프게 했던 만큼 사랑해 주면 돼 난 괜찮아 정말 남은 건 너의 맘뿐 지금 그대로 나의 품에 안겨봐  알고 있어 친구들에게 들었어 그와 헤어졌다고 그래서 힘들어 한다고 네가 외로울 때 그땐 나를 생각해 아직 난 그대로야 지금껏 널 원해왔어 자 괜찮아 이젠 그대로 내게 와줘 날 아프게 했던 만큼 사랑해 주면 돼 난 괜찮아 정말 남은 건 너의 맘뿐 지금 그대로 나의 품에 안겨봐 예전 그대로 나의 품에 다시
1997.03.09~03.15,15,71033,인형의 꿈,일기예보,좋아좋아,1996.05,Ballad,강현민,그대 먼 곳만 보네요   내가 바로 여기 있는데  조금만 고개를 돌려도   날 볼 수 있을텐데  처음엔 그대로 좋았죠 그저   볼 수만 있다면  하지만 끝없는 기다림에   이젠 난 지쳐가나봐  한 걸음 뒤엔 항상 내가   있었는데 그대  영원히 내 모습 볼 수 없나요  나를 바라보면 내게 손짓하면   언제나 사랑할텐데 난 매일 꿈을 꾸죠 함께   얘기 나누는 꿈  하지만 그 후에 아픔을   그대 알 수 없죠  한 걸음 뒤엔 항상 내가   있었는데 그대  영원히 내 모습 볼 수 없나요  나를 바라보면 내게 손짓하면  언제나 사랑할텐데  사람들은 내게 말했었죠  왜 그토록 한 곳만 보는지  난 알 수 없었죠 내 마음을  작은 인형처럼 그대만을   향해 있는 나  나를 바라보면 내게 손짓하면  언제나 사랑할텐데  한 걸음 뒤엔 항상 내가  있었는데 그대 영원히 내 모습 볼 수 없나요 나를 바라보면 내게 손짓하면  언제나 사랑할텐데 영원히 널 지킬텐데
1997.03.09~03.15,16,86317,다시 만나 줘,업타운,다시 만나줘,1997.01.14,Rap / Hip-hop,정연준(업타운),Jeah Jeah  nineteen ninetyseven UPTOWN boys in full effect  wikified always G dafied  다시 만나줘 나를 다시 만나줘  지나간 내 잘못을 용서해줘  다시 만나줘  나를 다시 만나주길 바래  이렇게 널 기다리는 나를 BABY  Don't walk away love me baby I got you on my mind I can't let you go Don't walk away stay here with me I got you on my mind I can't let you go 새로운 여잘 만나고 싶었어 그래서 너에게 헤어지자고 말해버렸지 단순 했던 나의 생각 때문에 아무말없이 넌 떠나 버리고 후회할 시간없이 추억이 된 우리 하지만 너만이 필요해 너무 늦기 전에 너에게 메세지를 남겨 보는거야  내 목소리를 기다리고  있을지도 몰라 다시 만나줘 나를 다시 만나줘  지나간 내 잘못을 용서해줘  다시 만나줘 나를 다시  만나주길 바래 이렇게 널 기다리는 나를 BABY Thinking about the past not to  get or feel down cuz I step up back up cuz I rise and corrupt  chekin out the sound  from the R&amp;B; underground  clamin uptown alright 내 얘기를 들어줘봐 너를 떠나고 며칠동안 많이 생각해 봤어 후회해봤어 너에게 어울릴 수 있는 사람은 영화배우같은 모델같은 그런사람이 아니야 오로지 너 내곁에 없는 너 내가 버린 너 너만이 나와 함께 할 수 있는 그런 사람이야 널 위해 자존심을 모두 버리고 싶어 아직도 나의 전화를 기다리고 있다면 다시 만나줘 나를 다시 만나줘 지나간 내 잘못을 용서해줘 다시 만나줘 나를 다시 만나주길 바래 이렇게 널 기다리는 나를 BABY Every body knows how my 12  play goes my skills be playing the bill act like you know don't show  like a hoe  chill like a hoe from head to toe Keepin' it on a down low  I like takin' it kinda slow Never the less everybody wannada  be like me  best better belieav in the the crew is gettin' relieved always wanted to be the niggitty nasty craziest G the hefical lyriacal  hefical H A V I K G 예예예예예예예 예예예예예예예 처음 너를 만났을 때 지금 같은  생각은 어부리 어부리 없을꺼라  생각 했었지 하지만  나도 사람이야 조금은 지겨워졌어 이제 니곁을 지나가는 멋있는 사람들을 바라봐 Yeah throw your hands in the S K Y Come on party time hit me one time Uh hit me one more time uh Ain't no party like an uptown party
1997.03.09~03.15,17,39018,많이많이,구피,많이많이,1996.11,Dance,이승호,내 사랑 그대 제발  날 좀 날 좀 사랑해줘 많이  사랑 좀 해줘 많이많이  날 좀 날 좀 날 아껴줘 많이  날 좀 챙겨줘 많이많이  나를 이제 니가 그냥 내버려 두면  매일 다른 여잘 만나서   바람 필지도 몰라  내가 어디서 있는지 내가   매일 무얼하고 사는지  내가 너의 남자란것이   믿을수가 없어  피할수 없는 나의 운명이라고   생각할게   그 무엇이든 다 참으며 살아갈게  제발 최소한의 관심이라도  내게 보여줘야 하지 않겠니  너 나에게  너 없인 이제 못살아  정말 난 니가 전부야  제발 나를 도와줘  사랑해 한마디만 해  도대체 어딜 갔냐고  누구와 무얼했냐고  아무 관심없는 널  어떻게 견딜 수가 있어  이러지마 부탁이야  니가 없이 난 버틸 수가 없잖아  내 사랑 그대 제발  날 좀 날 좀 사랑해줘 많이  사랑 좀 해줘 많이많이  날 좀 날 좀 날 아껴줘 많이  날 좀 챙겨줘 많이많이  열길 물속은 알아도  한 길 사람속은 모른다는 얘기  난 그말을 통 이해할 수  없어 예 없어 달나라에도 가는 세상에 사람 마음 들여다보는 안경은 왜 안 생기나 몰라 알다가도 모르겠고 모르겠다가도 정말 모르는 니 맘 그런 니가 나를 더욱더  미쳐 버리게 해 독심술이라도 배웠다면 니 맘속을 훤히 뚫어보고 싶어 그래야 나에 대한 니 맘속을  확인하지 사랑한다는 그 말을 백번도 넘게 했는데 왜 넌 아무 얘기도 한마디 못하는 거야 하루만 너를 못 봐도 터질듯 가슴아픈데 제발 이러지는마 넌 이미 내 사랑인거야 이러지마 부탁이야 니가 없인 난 버틸 수가 없잖아 한마디만 내게 해줘 네 곁에선 난 영원할거라고  내 사랑 그대 제발 날 좀 날좀 사랑해줘 많이 사랑 좀 해줘 많이많이 날 좀 날 좀 날 아껴줘 많이 날 좀 챙겨줘 많이많이
1997.03.09~03.15,18,1675247,뮤지컬,임상아,뮤지컬,1996.01.01,Ballad,"한경혜,주영훈",내 삶을 그냥 내 버려둬 더이상 간섭하지마 내 뜻대로 살아갈 수 있는 나만의 세상으로 난 다시 태어나려 해 다른건 필요하지 않아 음악과 춤이 있다면 난 이대로 내가 하고픈대로 날개를 펴는거야 내 삶의 주인은 바로 내가 돼야만 해 이젠 알아 진정 나의 인생은 진한 리듬 그속에 언제나 내가 있다는 그것 나 또다시 삶을 택한다 해도 후회 없어 음악과 함께 가는곳은 어디라도 좋아 또다른 길을 가고 싶어 내 속에 다른 날 찾아 저 세상의 끝엔 뭐가 있는지 더 멀리 오를거야 아무도 내 삶을 대신 살아주진 않아  이젠 알아 진정 나의 인생은 진한 리듬 그속에 언제나 내가 있다는 그것 나 또다시 삶을 택한다 해도 후회없어 음악과 함께 가는곳은 어디라도 좋아 또다른 길을 가고 싶어 내 속에 다른 날 찾아 저 세상의 끝엔 뭐가 있는지 더 멀리 오를거야 아무도 내 삶을 대신 살아주진 않아 아무도 내 삶을 대신 살아주진 않아
1997.03.09~03.15,19,108465,For You,최원석,패자부활전 OST,1997.01.01,"Korean Movie,Ballad",김창환,그대 곁에 이제는 내가 있잖아  그대 이젠 내 품에 안겨요  힘겹던 날들은  그대와 날 이어준 인연일 뿐  그대여 눈물을 닦고  그대 사랑속에 난 쉬고 싶어요  내 맘을 모두 맡겨둔 채로  지나간 날 속에 날 위해  사랑으로 감싸주었던  그대의 마음안에서  나 이젠 지난 슬픔따윈 묻어둘래  나 이젠 슬픔없는 사랑을 찾아서  그대와 함께 떠나고파  다시 시작되는 우리 사랑을 위해서  그대와 함께한다면 난 견딜 수 있어  우리 똑같은 아픔 속에 지난 날을 견뎠으니  다시 찾은 우리의 사랑 속에서  서로가 서로에게 의지하는 맘으로  영원한 사랑을 위해 서로 감싸주면서  For you  나 이젠 지난 슬픔따윈 묻어둘래  나 이젠 슬픔없는 사랑을 찾아서  그대와 함께 떠나고파  다시 시작되는 우리 사랑을 위해서  그대와 함께한다면 난 견딜 수 있어  우리 똑같은 아픔 속에 지난 날을 견뎠으니  다시 찾은 우리의 사랑 속에서  서로가 서로에게 의지하는 맘으로  영원한 사랑을 위해 서로 감싸주면서  For you
1997.03.09~03.15,20,38412,영원 (永遠),김종서,Kim Jong Seo V,1996.11.01,Rock,한경혜,그대만큼 사랑하는 세상이 있어    나 이제 나의 길 떠나가려해    언젠가 돌아보면 후회없기를    살아본 뒤에야 알게되겠지    (rep) 길에서 만난 세상의 모든것    그대와의 추억들    그 길에 서서 잠시 난 눈감아    슬픔이 다 잠들수있게~~~~    돌아간거야 나 있을곳으로    내가 닿을곳은 그대인걸 이젠알았어    사랑을 더 배우기 위한 길이 있잖아    우리 영원한 사랑 위해... 사랑해~~
1997.03.09~03.15,21,67963,함께 할 수 있는 곳으로,이정봉,Misty,1996.08.21,Ballad,김혜선,아니겠지 아닐꺼야 믿을 수 없어 그래 우린 잠시꿈을 꾼거야 그냥 우연히 슬픈이별 노래속에 너와 내가 주인공이 되어 하지만 현실이 었지 더이상 갈곳없는 슬픈이별 노래처럼 괜찮다 말할까 너는 유일한 희망이자 마지막 생명인데  함께 할수 있는곳은 이제 하나밖에 없다면서 저하늘을 가리키며 내손을 꼭 잡는 너 이렇게 가슴아프게 이별을 할 바엔 난 너에게 못난 사람이지만 그래 가자 하늘로 정말 후회하지 않니 너만 괜찮다면 나도 괜찮아 나도 두렵지 않아 함께할 수 있기에 용서받을 수 없다면 그건 단지 현실뿐 신은 받아 줄거야 사랑은 무죄니까
1997.03.09~03.15,22,34115,어떤 약속,김수근,Eyes,1996.12,Ballad,박선주(PakSunZoo),차창 밖으로 어느새 비가오네 유리창 가득 뿌옇게 서린 입김위에 써 내려간 너의 이름과 사랑이란 두 글자 몇번씩이나 뒤돌아 보며 아쉽게 웃던 니모습 그런 너에게 어떤 약속도 해줄 수 없던 이유는 보이지 않는 내 미래와 무거운 주위의 시선과 숨막힌 지금의 현실에 혹시 널 잃게 될까 난 두려-워 하지만 홀로 설 수 있을때까지 제발 내 곁에 머물러줘 그땐 널 위해 아껴온 내 사랑 숨김없이 다 줄게 날 믿는다면 조금만 더 기다려  어쩌면 그래 용기가 없는건지도 모르지 하지만 널 진정 아끼기에 조금 더 잘해줄 수 있을때 영원히 너 쉴 수 있는 그늘 만들어 주고 싶어  이해해-줘 기다려 홀로 설 수 있을때까지 제발 내 곁에 머물러줘 그땐 널 위해 아껴온 내 사랑 숨김없이 다 줄게 날 믿는다면 조금만 더 기다려
1997.03.09~03.15,23,72166,애원(愛遠),박상민,화산(火山),1997.02.01,Ballad,하해룡,널 바람결에 남겨두고 난 하루하루 지날때마다 그 서러운 눈물만 흘려 다시 볼수 없는걸 알기에 널 떠난 후에 알게 됐어 널 잡아주길 원했다는 걸 왜 니마음 몰랐던걸까 난 이제와서 후회하는데 my love my love 날 떠나가지마 오 함께할 수 없다면 이 세상 버리고 싶어 my love my love 날 외면하지마 오 사랑할 수 있도록 내게 다시 돌아와줘 제발  널 눈물속에 남겨둔 채 난 돌아갈 수 없었던거야 난 아직도 이별이란 걸 난 믿을 수가 없었던거야 my love my love 날 떠나가지마 오 함께할 수 없다면 이 세상 버리고 싶어 my love my love 날 외면하지마 오 사랑할 수 있도록 내게 다시 돌아와줘 my love my love 날 떠나가지마 오 함께할 수 없다면 이 세상 버리고 싶어 my love my love 날 외면하지마 오 사랑할 수 있도록 내게 다시 돌아와줘 my love
1997.03.09~03.15,24,69110,젊은 날의 초상,주영훈,Ballad,1997.02,Ballad,주영훈,왜 이제와 기다림에 지쳐 돌아선 내게 널 잊고 살기로한 나를 깨우는거야 더 얼마나 나를 울리려고 돌아온거니 내 삶은 너로인해 이렇게 무너진걸 그렇지만 이미 내겐 날 위한 사람이 있어 너에게로 돌아가긴 늦은거야 이제는 기도해 내 영혼속에 니 모습 순결한 젊은날의 꿈으로 남도록 하지만 기억해 내 눈 감는 그날까지 서러운 내 사랑은 너뿐인걸  그렇지만 이미 내겐 날 위한 사람이 있어 너에게로 돌아가긴 늦은거야 이제는 기도해 내 영혼속에 니 모습 순결한 젊은날의 꿈으로 남도록 하지만 기억해 내 눈 감는 그날까지 서러운 내 사랑은 너뿐인걸
1997.03.09~03.15,25,68975,아가씨,이민규,Love Songs,1996.11.01,Dance,,새빨간 립스틱 섹시한 스타킹 새까만 긴머리가 너무나 아름다워 자꾸만 내 밤 꿈에 그대 날 유혹하면 난 황홀할꺼야 아가씨 아가씨 섹시한 아가씨 나에게 한번만 눈길을 건네주면 다른 남자 친구들이 너무나 많겠지만 날 사랑할꺼야 언젠간 내게도 나만이 바래왔던 꿈을 이룰 수 있길 바래 언젠가는 언젠가는 워워 내 모든 사생활이나 내 부족함이라도 사랑할 수 있다면 나만을 바라보는  그런 착한여자와 내 꿈을만들고 싶어 오오~ 오오~  내맘에 쏙드는 멋있는 스포츠카 그옆에 너를 태워 떠나는상상을 해봐 언젠간 하루쯤은 그런것도 괜찮겠지 참 행복할꺼야 높다란 빌딩 숲 사이에 서류철 쳇바퀴 돌듯한 셀러리맨은 싫어 반복된 생활속에 무거운 옷을 벗고 난 자유롭고 싶어 언젠가 내게도 나만이 바래왔던 꿈을  이룰 수 있길 바래 언젠가는 언젠가는 워워 내 모든 사생활이나 내 부족함이라도 사랑할 수 있다면 나만을 바라보는  그런 착한여자와 내 꿈을만들고 싶어 오오~ 오오~  새빨간 립스틱 섹시한 스타킹 새까만 긴머리가 너무나 아름다워 자꾸만 내 밤 꿈에 그대 날 유혹하면 난 황홀할꺼야 라라라 랄라라 라라라 랄라라 라라라 랄라라라 라라라 랄라라라 라 라라랄라라
1997.03.09~03.15,26,91212,라일락이 질때,이선희,First Love,1996.10.24,Ballad,이선희,안녕이라는 인사는 내게 단 한번도 말하지 않았어도 나는 느낌으로 알 수 있었지 이제 다시는 만날 수 없음을 변해가는 너의 마음이 내게 날카로운 흔적을 남겨도 보고픈건 미련이 남아서 일꺼야 이제 내 품에서 벗어나고 있네 돌아보진마 내가 안타까워서 혹시라도 눈길주진마 생각하지도마 또 다른 내 삶에서 나와 함께 했던 그 기억들은 다시는 만질 수 없겠지 따스한 너의 체온을  변해가는 너의 마음이 내게 날카로운 흔적을 남겨도 보고픈건 미련이 남아서 일꺼야 이젠 내 품에서 벗어나고 있네 돌아보진마 내가 안타까워서 혹시라도 눈길주진마 생각하지도마 또 다른 내 삶에서 나와 함께 했던 그 기억들은 다시는 만질 수 없겠지 따스한 너의 체온을 다시는 만질 수 없겠지 따스한 너의 체온을
1997.03.09~03.15,27,91210,기억속의 먼 그대에게,박미경,Park Mi Kyung Vol. 3,1996.10.05,Ballad,김창환,그땐 정말 나는 몰랐었어 너의 사랑이 나에게는 얼마나 소중했었는지 내 멋대로 너를 보냈었지 눈물 흘리며 애원하던 너를 냉정하게 뒤돌아서며 미련조차 난 없었어 그게 멋있는 이별이라 믿고 널 보내며 하지만 오랜 뒤에 난 혼자 울고 있었어 네게 주었던 아픔을 되돌려 받으며 용서해줘 너의 사랑을 몰랐었던 나의 자만이 이제와 후회하고 있는걸 돌아보면 나의 기억 속엔 너는 언제나 웃고 있어 상처받은 가슴을 안고 네가 원한 이별이었기에 너는 말 없이 날 보내 줬었지 눈물섞인 너의 목소릴 등뒤로 남겨둔 채로 그렇게 난 쉽게 널 떠났는데  하지만 오랜 뒤에 난 혼자 울고 있었어 네게 주었던 아픔을 되돌려 받으며 용서해줘 너의 사랑을 몰랐었던 나의 자만이 이제와 후회하고 있는걸  하지만 오랜 뒤에 난 혼자 울고 있었어 네게 주었던 아픔을 되돌려 받으며 용서해줘 너의 사랑을 몰랐었던 나의 자만이 이제와 후회하고 있는걸
1997.03.09~03.15,28,91526,그때가 좋았어,서지원,Made In Heaven,1996.12.01,Dance,김혜선,시간이 덜어주지 않는 슬픔은 없나봐  너를 잃고 오랜동안을 헤멜줄 알았어  하지만 이젠 그 모두가 오래전 일같아  가끔 내게 뜻 모를 슬픔이 되곤해  한때 난 니가 없는 빈자리 허전해도  왠지 니가 나에게 올 것만 같아  널 향한 그리움에 난 외롭지 않았기에  사랑도 이별도 그때가 좋았어   헤어졌던 마지막 날엔 너를 미워하다 맘이 아파 긴 밤 지새던 어제의 하루들  하지만 이젠 그 모두가 오래전 일같아  가끔 내게 뜻 모를 슬픔이 되곤해  한때 난 니가 없는 빈자리 허전해도  왠지 니가 나에게 올 것만 같아  널 향한 그리움에 난 외롭지 않았기에  사랑도 이별도 그때가 좋았어  이제 난 니가없는 현실에 익숙해져  나 혼자란 느낌에 서글프지만  우리의 추억만은 나와 다 함께 할테니  사랑도 이별도 그때가 좋았어
1997.03.09~03.15,29,70077,널 닮은 세상에서,신효범,Window,1996.10,Ballad,김혜선,조금만 더 기다려줘 아직 늦지 않았다면 멍들어 시린 내 삶의 아픔 다 얘기하고 싶어 너의 한 숨 뒤로한 채 시간에 쫓긴 세월들 아무것도 묻지 말고 그냥 나의 손을 꼭 잡아줘 그래 난 항상 높은 곳을 향해 뭔가를 찾아 헤매곤 했지 세상이란 커다란 그림들 속에 숨겨진 보석을 그게 너 였음을 모른채  때로는 살아있음이 더 큰 비극일지라도 날 어루고 달래주는 사람 너밖에 없으니까  그래 난 항상 높은 곳을 향해 뭔가를 찾아 헤매곤 했지 세상이란 커다란 그림들 속에 숨겨진 보석을 그게 너였음을 모른채  조금만 더 기다려줘 지금 달려가고 있어 다시 아름다운 시선으로 살아가고픈 거야 널 닮은 이 땅의 끝에서
1997.03.09~03.15,30,71363,스무살의 비망록,Scream,Do You Know Scream?,1996.09,Dance,주영훈,하늘을 보렴 더 커다란 꿈이 있어 나만을 위한 내일이 있는거야 바람에 묻혀 아픔일랑 잊어버려 내 꿈을 위해 견딜 수 있을거야  우울함에 빠져있던 어리석은 내 모습은 항상 세상만을 탓하고 있었어 있는자와 없는자를 비교하며 웃어보고 내 주위와 내 모습을 원망하고 있었어 내게 어떠한 미래가 다가올지 나의 방황은 끝이 없는듯 했어 다시 일어나 나를 찾아야겠어 항상 누군갈 탓할 순 없어 태양을 향해 가끔 물어 보았어 내 삶이 언제까진지 다가올 시간들은 어떤 모습에 또 다른 나를 만들지 허나 나는 후회하지는 않아 난 나의 모든 것을 사랑하잖아 난 다시 내 인생을 만드는거야 지나간 시간들은 모두 다 지워버려 하늘을 보렴 더 커다란 꿈이 있어 나만을 위한 내일이 있는거야 바람에 묻혀 아픔일랑 잊어버려 내 꿈을 위해 견딜 수 있을거야  내 가슴은 무너진듯 나를 아프게만 했어 하룻밤을 자고나도 그대로인 세상일 뿐 어제도 오늘도 나는 변한 것이 없어 이렇게 저렇게 불만이었어 내게 또 다른 세상이 다가올지 나의 새로운 날들을 기대했어 다시 내 맘을 정리해야 하겠어 항상 이렇게 지낼 순 없어 태양을 향해 가끔 물어 보았어 내 삶이 언제까진지 다가올 시간들은 어떤 모습에 또 다른 나를 만들지 허나 나는 후회하지는 않아 넌 나의 모든 것을 사랑하잖아 난 다시 내 인생을 만드는거야 지나간 시간들은 모두다 지워버려 하늘을 보렴 더 커다란 꿈이 있어 나만을 위한 내일이 있는거야 바람에 묻혀 아픔일랑 잊어버려 내 꿈을 위해 견딜 수 있을거야 하늘을 보렴 더 커다란 꿈이 있어 나만을 위한 내일이 있는거야 바람에 묻혀 아픔일랑 잊어버려 내 꿈을 위해 견딜 수 있을거야
1997.03.09~03.15,31,1913713,애수,진시몬,도라도라,2008.07.26,Adult Contemporary,김의섭,아직도 모르겠어 난 정말    꿈이라 생각해야 하는지    너떠나 그 길목에서 널 기다리는데    세월모두 흘러가면 잊혀진건 아닌데    되돌아 오는 그 길은 너무나도 멀었어    널 매일 생각했어 보이지 않는 환상을 쫓고 있어    그리워 목이메어 눈물흘려도 눈물닦아도    언젠간 돌아 올거라 믿었는데    그대여 제발 내게로 돌아 와줘요    내마음 오직 그대뿐인걸    꿈속에서도 눈을 떠봐도 온통 네모습 그뿐인걸
1997.03.09~03.15,32,38587,무한지애(無恨之愛),김정민,Change,1996.10,Ballad,하해룡,니가 없는 이 세상은 나에게는 어둠일 뿐이야. 나도 이제는 너를 따라서 이 세상을 떠나려해. 나는 다시 태어나도 내 사랑은 너 하나 뿐이야. 다음 세상에 만나는 그 날을 꿈꾸며 이젠 안녕~ 너는 웃으며 나를 반기겠지 그 눈빛을 난기억해. 어둠의 벽을넘어서 우리함께 다시 만나길 기도해 영원히 너만을 사랑해~한순간도 잊을수 없는너  기다려온 우리의사랑을 이제야 다시 만나게 됐어  처음 흰 눈이 어깨에 쌓일때 너를 위해 기도했어 성당의 종소리만이 희미하게 너의눈물을 위로해 영원히 너만을 사랑해 한순간도 잊을수 없는 너  기다려온 우리의사랑을 이제야다시 만나게 됐어 영원히 너만을 사랑해 한순간도 잊을수 없는너  기다려온우리의사랑을 이제야 다시 만나게 됐어 이젠 웃을수 있어
1997.03.09~03.15,33,1757533,Mr.Lonely,Mr.Girl,Adonis,2001.08.02,Rock,김세헌,네 전활 기다려 나의 모든 시간은 그저 마비된 채로 그래 난 이제 모두 알겠어 그 어떤 얘기도 아무 소용이 없다는 걸 오 Lonely Night to Lonely Night 이젠 내곁에 없는 너 오 Lonely Night 이젠 내겐 돌아오기만을 기다리지만  또 늦어버린건지 어떤 얘기조차 나는 할 수 없었어 그래 넌 이제 너무 변한건지 너를 대하긴 더욱 힘이 드는 거 같아 오 Lonely Night to Lonely Night 이젠 내 곁에 없는 너 오 Lonely Night 이젠 견딜 수가 없어 넌 그렇게도 가벼운 마음이었던걸 이젠 Good Bye 하지만 나도 모를 내 마음을 I Love you baby 다시 내게 돌아와줘  오 Lonely Night to Lonely Night 이젠 내 곁에 없는 너 오 Lonely Night 이젠 견딜수가 없어 넌 그렇게도 가벼운 마음이었던걸 이젠 Good bye 하지만 나도 모를 내 마음을 I Love you baby 다시 내게 돌아와줘 이젠 Good bye Lonely Night
1997.03.09~03.15,34,68987,청춘예찬,이장우,장우(長友),1996.11.01,Ballad,이승환,하고 싶던 일도 많던 비좁던 내하루 꾸지람과 잔소리에 익숙해진 우리들 어른이 빨리 되고 싶던 고등학교 그 시절엔 친구들 모여서 여행도 가고 공부도 좋지만 놀고 싶었죠 그때가 좋을때다는 말씀 이젠 알 것 같아요  책만 보면 졸려 하던 이상한 우리들 말도 많고 탈도 많던 같은 반 그 녀석들 얼굴만 떠올려 보아도 마냥 좋은 그 시절엔 미팅도 뽀뽀도 해보고 싶고 짖굿긴 했지만 순수했었죠 그때가 좋을때다는 말씀 이젠 알것 같아 누가 나 좋다고 한번만이라도 쫓아와 주었으면 내가 사모하는 선생님 내 얼굴 기억해 주셨으면 쭉 빠진 내 롱다리와 개미허리 이제는 돌려줘 말도 많고 탈도 많던 우리들 고등학교 그 시절엔 나나나나나나나나 나나나나 나나나나나나나 나나나나나나나나
1997.03.09~03.15,35,74055,바보 버스,삐삐롱스타킹,One Way Ticket,1997.04,Rock,"달파란,고구마,박현준",잘난척 하지마 똑바로 살아봐 처음으로 돌아가 단추를 풀어봐 와와 주위를 둘러봐 뽀사시 아가씨 예 구정물 아저씨 으 화가날것 같애요 와 아우 와 아아우  무슨 얘길 해야할지 와 아우 와 아아우  아무 말도 할게 없는데 와 아우 와 아아우  무슨 얘길 해야할지 와 아우 와 아아우  아무 말도 할게 없는데 목소리 떨지마 듣는 나 괴로워 소리를 질러봐 매일 매일 올라 와 와  주위를 둘러봐 빗자루 한마리 쓰레기 두마리 으 짜증날것 같애요 와 아우 와 아아우  무슨 얘길 해야할지 와 아우 와 아아우  아무 말도 할게 없는데 와 아우 와 아아우  무슨 얘길 해야할지 와 아우 와 아아우  아무 말도 할게 없는데 와와눈물을 흘려봐 지각을 하지마 욕심을 버려봐 여자가 도망가  와 아우 와 아아우  와 아우 와 아아우  와 아우 와 아아우  무슨 얘길 해야할지 와 아우 와 아아우  아무 말도 할게 없는데 와 아우 와 아아우  무슨 얘길 해야할지 와 아우 와 아아우  아무 말도 할게 없는데 와 아우 와 아아우  무슨 얘길 해야할지 와 아우 와 아아우  아무 말도 할게 없는데 와 아우 와 아아우  와 아우 와 아아우  와 아우 와 아아우  와 아우 와 아아우  와 아우 와 아아우  와 아우 와 아아우  와 아우 와 아아우  와 아우 와 아아우  와 아우 와 아아우  와 아우 와 아아우  와 아우 와 아아우  와 아우 와 아아우  와 아우 와 아아우  와우
1997.03.09~03.15,36,71196,좋은사람 있으면 소개시켜줘,베이시스,The Unbalance,1996.08,Ballad,,워워워워우워~ 워워 워~ 겨울이라 날씨가 추워설까 팔짱끼는 연인들의 모습에 나의 눈이 왜 시려울까 한땐 나도 저런때 있었다며 새로운 사람이 그리운걸까 옛 사람이 그리워진걸까 좋은 사람있으면 소개시켜줘 때로는 물처럼 때로는 불처럼 진심으로 나만을 사랑할수 있는 성숙하고 성실한 사람이라면 좋겠어 좋은 사람있으면 소개시켜줘 사랑에도 연습은 있는거기에 아주 조그만 일에도 신경을 써주는 사랑 경험이 많은 사람이라면 좋겠어 나에겐 아픈 상처가 있는데 과거가 없는 사람은 부담스러워 한번쯤은 실연에 울었었던 눈이 고운 사람 품에 안겨서 뜨겁게 위로 받고싶어 혼자임에 지쳤던 내 모든걸 손이 고운 사람에게 맡긴채 외로움을 잊을수 있다면 좋은 사람 있으면 소개시켜줘 만남 그 자체에 연연하기 보다 한번을 만나더라도 그때 분위기에 최선을 다하려는 사람이라면 좋겠어 나에겐 아픈 상처가 있는데 과거가 없는 사람은 부담스러워 한번쯤은 실연에 울었었던 눈이 고운 사람 품에 안겨서 뜨겁게 위로 받고싶어 혼자임에 지쳤던 내 모든걸 손이 고운 사람에게 맡긴채 외로움을 잊을수 있다면  한번쯤은 실연에 울었었던 눈이 고운 사람 품에 안겨서 뜨겁게 위로 받고싶어 혼자임에 지쳤던 내 모든걸 손이 고운 사람에게 맡긴채 외로움을 잊을수 있다면 그래 잘 생각했어 또 다시 상처 받더라도 하나보다는 둘이 나은거아냐 분명히 너에게 어울리는 사람이 있을꺼야 인연은 따로 있다잖아 새로운 사람을 만나서 사랑하게 되면 옛사랑 따윈 추억조차 희미해질거야 언제 그랬냐는 듯이
1997.03.09~03.15,37,842808,존재의 이유 1,김종환,둘이 하나되어,2005.04.22,Adult Contemporary,김종환,언젠가는 너와 함께 하겠지 지금은 헤어져 있어도 네가 보고 싶어도 참고 있을뿐이지 언젠간 다시 만날테니까 그리 오래 헤어지진 않아 너에게 나는 돌아갈거야 모든걸 포기하고 네게 가고싶지만 조금만 참고 기다려줘 알 수 없는 또 다른 나의 미래가 나를 더욱 더 힘들게 하지만 니가 있다는 것이 나를 존재하게해 니가 있어 나는 살 수 있는거야 조금만 더 기다려 네게 달려갈테니 그때까지 기다릴수 있겠니 그래 다시 시작하는거야 조금 늦는다고 바뀌는건 없겠지 남자란 때론 그 무엇을 위해서 모든것을 버릴때도 있는거야 넌 이해 할 수 있겠지 정말 미안해 널 힘들게해서 하지만 너무 슬퍼는 하지마 너의곁엔 항상 내가 있을테니까 우리의 미래를 위해 슬퍼도 조금만 참아줘 내가 이렇게 살아 갈 수 있는 이유는 니가 있기 때문이야 널 사랑해 저녁 늦게 나는 잠이 들었지 너를 생각할 시간도 없이 너무나 피곤해서 쓰러져 잠이 들었지 난 왜 이렇게 사는거야 눈을 뜨면 또 하루가 가고 내 손엔 작은 너의 사진뿐 너를 다시 만나면 꼭 안고 놓지 않으리 헤어져 있던 시간만큼 알 수 없는 또 다른 나의 미래가 나를 더욱 더 힘들게 하지만 니가 있다는 것이 나를 존재하게해 니가 있어 나는 살 수 있는거야 조금만 더 기다려 네게 달려갈테니 그때까지 기다릴수 있겠니 조금만 더 기다려 네게 달려갈테니 그때까지 기다릴수 있겠니
1997.03.09~03.15,38,69002,Tv 에서 보는 그대 모습은,김현철,동야동조,1996.10.29,Ballad,김현철,세상에 이런 말 있지 사랑하며는 눈이 먼다고 그래 난 눈이 멀어 헤매는 그런 사람과 같아 내 주위 다들 얘기해 그만두라고 포기하라고 그래 난 체념해야 되겠지만 내 맘 어쩔 수 없어 T V 에서 보는 그대 모습은 너무 너무 예뻐요 정말로 보면 더욱 그렇죠 아무 말도 못하고 혼자 끙끙대는 바보같은 나의 이 맘 알아줘요 어제도 술을 마셨지 모두 헛된 꿈 잊어보려고 하지만 그댄 나의 맘속의 천사 천사와 같아 T V 에서 보는 그대 모습은 너무 너무 예뻐요 정말로 보면 더욱 그렇죠 아무 말도 못하고 혼자 끙끙대는 바보같은 나의 이 맘 알아줘요 아무거나 잘 입는 그대의- 모습도 화장기 전혀 없는 얼굴도- 남자 아이같이 웃음짓던- 표정도 모두다 내겐 겁이 나는데-  T V 에서 보는 그대 모습은 너무 너무 예뻐요 정말로 보면 더욱 그렇죠 아무말도 못하고 혼자 끙끙대는 바보같은 나의 이 맘 알아줘요--- T V 에서 보는 그대 모습은 예뻐요- 정말로 보면 더욱 그렇죠 아무말도 못하고 혼자 끙끙대는 바보같은 나의 이 맘 알아줘요 T V 에서 보는 그대 모습은 예뻐요- 정말로 보면 더욱 그렇죠 아무말도 못하고 그냥 끙끙대는 바보같은 나의 이 맘 알아줘요
1997.03.09~03.15,39,70968,명동별곡(明洞別曲),육각수,A St. Waterdrop,1996.05,Dance,,얄리 얄리 얄리오 얄라 잊고 지냈던 어린 시절 청바지에 긴 장발이 왜 그렇게 유행했는지 돈이 없어도 폼을 내고 다녔었지 명동의 카페 유행따라 사라졌는지 모두 어디에 하얀 그리움이 쌓인 그 거리를 기억해 아름답던 지난 날 다시 기억속에 남아있는 그 거리를 걸어도 주머니 속엔 찬바람만 그리움만  얄리 얄리 얄리오 얄라 쇼윈도에 비친 내모습 꿈이 많아 즐거웠던 그 시절이 어디 있는지 예전에 내가 즐겨 듣던 그 노래는 Sad Movie 유행따라 사라졌는지 모두 어디에 하얀 그리움이 쌓인 그 거리를 기억해 아름답던 지난날 다시 기억 속에 남아있는 그 거리를 걸어도 주머니 속엔 찬바람만 그리움만 찬바람만 그리움만
1997.03.09~03.15,40,14227,약속해,뱅크,선물,2000.12.28,Ballad,손유경,더 멀어진거니 더이상 내가 잡을 수 없게 하얀 대리석 위로 까맣게 적혀있던 내 이름 늘 예감한다던 그런 이별이 이런거였니 나의 어떤 모습도 감싸안을 수 있다던 그 말 기억해 검게 물든 하늘 바라보면서 나즈막하게 불렀지 니가 좋아한 노래 항상 곁에 있을 때는 몰랐던 너의 소중함 여기 이렇게 이 노래를 눈물로 뿌리며 나에게 이제 그 누구도 사랑할 수 없는 사연만 남아 있는데 차갑게 식어간 너는 모를 것 같아 끝내 전하지 못한 나의 마음  안돼  혼자 견뎌야 할 시간이 너무 힘들것 같아 너의 미소 다시 한번 보여주렴 많은 시간이 흘러 이 세상 끝에서면 우리는 다시 사랑 할 수 있어 되돌릴 수 없다면 이 자리에 선 채로 노래할께 사랑해 너의 그 미소와 우리가 만들었던 추억 슬픔속에서 머물순 없어 니 못다한 꿈들 다 이뤄줄게 약속해
1997.03.09~03.15,41,1761812,네모의 꿈,화이트,Dream Come True,1997.12.22,Ballad,유영석,네모난 침대에서 일어나 눈을 떠보면 네모난 창문으로 보이는 똑같은 풍경 네모난 문을 열고 네모난 테이블에 앉아 네모난 조간신문 본뒤 네모난 책가방에 네모난 책들을 넣고 네모난 버스를 타고 네모난 건물지나 네모난 학교에 들어서면 또 네모난 교실 네모난 칠판과 책상들 네모난 오디오 네모난 컴퓨터 TV 네모난 달력에 그려진 똑같은 하루를 의식도 못한채로 그냥 숨만 쉬고 있는걸 주윌 둘러보면 모두 네모난 것들 뿐인데 우린 언제나 듣지 잘난 어른의 멋진 이 말 세상은 둥글게 살아야 해 지구본을 보면 우리 사는 지군 둥근데 부속품들은 왜 다 온통 네모난건지 몰라 어쩌면 그건 네모의 꿈일지 몰라 네모난 아버지의 지갑엔 네모난 지폐 네모난 팜플렛에 그려진 네모난 학원 네모난 마루에 걸려 있는 네모난 액자와 네모난 명함의 이름들 네모난 스피커 위에 놓인 네모난 테잎 네모난 책장에 꽂혀있는 네모난 사전 네모난 서랍속에 쌓여있는 네모난 편지 이젠 네모같은 추억들 네모난 태극기 하늘 높이 펄럭이고 네모난 잡지에 그려진 이달의 운수는 희망없는 나에게 그나마의 기쁨인가봐 주윌 둘러보면 모두 네모난 것들 뿐인데 우린 언제나 듣지 잘난 어른의 멋진 이 말 세상은 둥글게 살아야해 지구본을 보면 우리 사는 지군 둥근데 부속품들은 왜 다 온통 네모난 건지 몰라 어쩌면 그건 네모의 꿈일지 몰라
1997.03.09~03.15,42,71606,Candy,H.O.T.,We Hate All Kinds Of Violence,1996.09,Dance,장용진,사실은 오늘 너와의 만남을 정리하고 싶어 널 만날 거야 이런 날 이해해 어렵게 맘 정한 거라  네게 말할거지만 사실 오늘 아침에  그냥 나 생각한 거야 햇살에 일어나 보니  너무나 눈부셔 모든 게 다 변할 거야  널 향한 마음도 그렇지만 널 사랑 않는 게 아냐 이제는 나를 변화시킬 테니까 너 몰래몰래몰래  다른 여자들과 비교 비교했지 자꾸만 깨어지는 환상 속에  혼자서 울고 있는 초라하게 갇혀버린 나를 보았어 널 떠날 거야 음 널 떠날 거야 음 하지만 아직까지 사랑하는 걸 그래 그렇지만 내 맘 속에  너를 잊어갈 거야 머리 위로 비친  내 하늘 바라다보며 널 향한 마음을 이제는 굳혔지만 웬일인지 네게 더 다가갈수록 우린 같은 하늘 아래 서 있었지 단지 널 사랑해 이렇게 말했지 이제껏 준비했던  많은 말을 뒤로 한 채 언제나 니 옆에 있을게  이렇게 약속을 하겠어 저 하늘을 바라다보며 내게 하늘이 열려 있어 그래 그래 너는 내 앞에서 있고 그래 다른 연인들은 키스를 해 하지만 항상 나는  너의 뒤에 있어야만 해 이제 그만해 음 나도 남잔데 음 내 마음 너도 알고 있는걸 알아 그래 이제 나도 지쳐서  하늘만 바라볼 수 밖에 햇살에 일어나 보니  너무나 눈부셔 모든 게 다 변할 거야  널 향한 마음도 그렇지만 널 사랑 않는 게 아냐 이제는 나를 변화시킬테니까 머리 위로 비친  내 하늘 바라다보며 널 향한 마음을 이제는 굳혔지만 왠일인지 네게 더 다가갈수록 우린 같은 하늘 아래 서 있었지 단지 널 사랑해 이렇게 말했지 이제껏 준비했던  많은 말을 뒤로 한 채 언제나 니 옆에 있을게 이렇게 약속을 하겠어 저 하늘을 바라보며 한번 더 한 번 더 말했지 이제껏 준비했던  많은 말을 뒤로 한 채 언제나 니 옆에 있을게 다신 너 혼자 아냐  너의 곁엔 내가 있잖아
1997.03.09~03.15,43,69186,길,윤종신,육년,1996.11,Ballad,윤종신,더 행복한건 없었죠 늘 그대와 팔장한채 그 길을 걸을 때면 모두다 그대를 쳐다보는것만 같았죠 내겐 너무나 아름다웠기에 더 아쉬운건 없었죠 늘 그대를 바래다준 그 길을 걸을때면 하루만 지나면 볼수 있는데도 하지만 돌아서던 발길 섭섭할 뿐이죠 비가 오면 가려진 우산속에 더 가까이 그대의 내음 느꼈죠 눈이 오면 미끄러워진 길 덕분에 사랑스러운 그댈 안을수 있었죠  그댄 아직 기억 하나요 만나고 헤어졌던 우리의 이길을 다행이 아직도 변한건 없어요 하지만 혼자 걷는게 어색할뿐이죠 비가 오면 가려진 우산속에 더 가까이 그대의 내음 느꼈죠 눈이 오면 미끄러워진 길 덕분에 사랑스러운 그댈 안을수 있었죠 온종일 떠올려도 아직은 남은 우리들의 추억 나나나나나나나나나 나나나나나나나 나나나나나나나나 나나나나나나 나나나나나나나나나나 나나나나나- 나나나나나나 나나나나나나나나나 나나나나나나나 나나나나나나나나 나나나나나나 나나나나나나나나나나 나나나나나- 나나나나나나
1997.03.09~03.15,44,68710,난 괜찮아,이문세,화무(花舞),1996,Ballad,김현철,난 괜찮아 정말 난 괜찮아 그 세월을 완전히 잊었어 우리 다시 어떻게 된대도 잊으려던 그 시간이 아까울뿐야 우리가 지낸 그 숱한 밤들을 잊는다는게 그리 쉽진 않았어 힘이 들었어 널 잊는다는게 하지만 이제 난 정말 괜찮아  난 울었어 많이도 울었지 억울해서 그게 억울해서 사랑했어 정말 사랑했어 목숨 다해 마지막 사랑한 사람 우리가 지낸 그 숱한 밤들을 잊는다는게 그리 쉽진 않았어 힘이 들었어 널 잊는다는게 하지만 이제 난 정말 괜찮아 힘이 들었지 널 잊는다는게 하지만 이제 난 정말 괜찮아
1997.03.09~03.15,45,91241,성형미인,노이즈,Unchangeable,1996.11,Dance,김창환,요즘 세상엔 왜 그리도  많은 미인이 사는 걸까  그저 여자라 잘해준 것 뿐인데  자길 좋아하는 줄 알고  고친 얼굴인 줄 알며  난 이쁘단 인사 치레를 했는데  지가 정말 예뻐 그러는 줄 알고  더 이쁜 척을 하려 하지 어이없게    요즘 들어선 신종 전염병이 유행을 하지  모두가 빚을 내서라도 성형을 하려 하고  자기가 본래 본 바탕이 예뻤던 것처럼  그렇게 성형미인들은 거리를 활보하지만  어릴적 사진들은 모두 없애고  겉으론 당당하게 결혼하지만  2세가 태어나면 모두 놀라고  그럴땐 남자집안 탓을 하면서  꼭 그렇게까지라도 해서  모두가 미인이 되고플까  똑같은 얼굴 똑같은 성형미인만을 꿈꾸며  요즘 세상엔 왜 그리도  많은 미인이 사는 걸까  그저 여자라 잘해준 것 뿐인데  자길 좋아하는 줄 알고  고친 얼굴인 줄 알며  난 이쁘단 인사 치레를 했는데  지가 정말 예뻐 그러는 줄 알고  더 이쁜 척을 하려 하지 어이없게    세상은 정말 너무도 많이 변해버렸지  하늘이 주신 관상까지 돈으로 고쳐가고  새로운 얼굴의 새로운 세상을 만났다는 듯이  그렇게 성형미인들은 신에게 도전하지만  TV를 켜면 성형미인들 세상  더욱더 예뻐지려는 여자의 욕망  그들과 똑같아지려는 사람들  그런 미인을 즐기려는 남자들  꼭 그렇게까지라도 해서  모두가 미인이 되고플까  똑같은 얼굴 똑같은 성형미인을 꿈꾸며  요즘 세상엔 왜 그리도  많은 미인이 사는 걸까  그저 여자라 잘해준 것 뿐인데  자길 좋아하는 줄 알고  고친 얼굴인 줄 알며  난 이쁘단 인사 치레를 했는데  지가 정말 예뻐 그러는 줄 알고  더 이쁜 척을 하려 하지 어이없게
1997.03.09~03.15,46,983249,못난이 콤플랙스,영턱스클럽,Young Turks Club,1996,Dance,이승호,언제나 나는 혼자였었지 키 작고 이쁘지도 않아서 애들과 친해지고 싶었지만 언제나 혼자였어 그 애는 아주 특별 했었지 얼굴도 잘생겼고 멋있어 그래서 주위에는 여자친구 항상 많았었지 하지만 그 앤 나랑은 전혀 어울릴 수 없었어 이런 못생긴 나 관심조차 있겠어 차라리 모든 게 꿈이면 그 많은 얘기를 할 텐데 그토록 해보고 싶던 얘기 나도 널 사랑한다고 그래 넌 말이 없는 키 작은 아이 이쁘지도 않아 눈에 띄지도 않아 하지만 넌 누구보다 귀여우면서 작지만 투명하고 맑고 큰 눈이 있지 난 항상 너를 보았고 또 나를 보는 너의 눈빛 보았지 내가 갈 수 있게 조금 용기를 줘 내가 갈 때까지 기다려 내 얘기 쓰여지던 일기엔 그 애의 얘기들로 메꿨고 포근히 안아주는 그의 모습 매일 난 꿈꿨지 어느 날 그 애 다가와 나를 좋아한다 말했어 이건 꿈일 거야 믿을 수가 없었어 내 눈이 없다면 영원히 함께 해달라고 아무런 생각도 나지 않고 눈물만 자꾸 흘렀어 차라리 모든 게 꿈이면 그 많은 얘기를 할 텐데 그토록 해보고 싶던 얘기 나도 널 사랑한다고
1997.03.09~03.15,47,67725,운명,신승훈,Shin Seung Hun Ⅴ,1996.05.01,Ballad,신승훈,살아가는 동안 수많은 시련들  지쳐버린 나의 마음속에는  전에 믿지 않았던  운명을 난 생각했어  내 마음속엔  나에게만 슬픔 나에게만 방황  모든 불행은 내것만 같았지  감당할 수 없는 두려움을  지우려 운명을 택했던거야  그날 이후 내맘은  너무나 평온해지고  내몸을 감싸고 있던  두려움도 끝났어  하지만 몰랐었어  운명을 택한것이  나를 포기했었다는  그런 의미가 될줄을  나 이젠 부딪혀 나를 만들꺼야  그 누구를 위한것도 아니야  화려해질 나의 미랠위해  너 너의 마음속에 있는 불만도  니가 만든거야 탓하지는 마  이제부터 너는 너여야만 해    그 날 이후 내 맘은  너무나 평온해지고  내몸을 감싸고 있던  두려움도 끝났어  하지만 몰랐었어  운명을 택한것이  나를 포기했었다는  그런 의미가 될줄  나 이젠 부딪혀 나를 만들꺼야  그 누구를 위한것도 아니야  화려해질 나의 미랠위해  너 너의 마음속에 있는 불만도  니가 만든거야 탓하지는 마  이제부터 너는 널  나 이젠 부딪혀 나를 만들꺼야  그 누구를 위한것도 아니야  화려해질 나의 미랠위해  너 너의 마음속에 있는 불만도  니가 만든거야 탓하지는 마  이제부터 너는 너여야만  나 이젠 부딪혀 나를 만들거야  그 누구를 위한것도 아니야  화려해질 나의 미랠위해  너 너의 마음속에 있는 불만도  니가 만든거야 탓하지는 마  이제부터 너는 너여야만 해
1997.03.09~03.15,48,898849,나에게로의 초대,정경화,My Blue Dreams,1996.04,Rock,김형수,환상속에 있어 다가설 수 없는  나에게 너를 보여줘  조금만 다가서도 멀어지는  나의 사랑 나의 꿈  너에게 나를 맞춰가고 있다 말하지마  나에게 너를 초대할 뿐이야  신비로운 너의 모습  나에게는 사랑인걸  조금씩 다가오는 널 느낄수록  신비로운 너의 모습  나에게는 사랑인걸  조금씩 멈춰지는 시간속에 널  어둠속의 빛처럼 my love  다가설 수 없는 너를 내게 보여줘  어둠 속의 한줄기 빛처럼 느껴 my love  사랑하는 너를 모두 느낄 수 있어  어둠속의 빛처럼   너에게 나를 맞춰가고 있다 말하지마  나에게 너를 초대할 뿐이야  신비로운 너의 모습  나에게는 사랑인걸  조금씩 다가오는 널 느낄수록  신비로운 너의 모습  나에게는 사랑인걸  조금씩 멈춰지는 시간속에 널  어둠속의 빛처럼 my love  다가설 수 없는 너를 내게 보여줘  어둠 속의 한줄기 빛처럼 느껴 my love  너를 기다리는 나의 아름다웠던  시간속에 널 그리워 My love  사랑하고 싶은 너를 내게 보여줘  어둠속의 한줄기 빛처럼 느껴 My love  사랑하는 너를 모두 느낄 수 있어  슬픈 나의 사랑을
1997.03.09~03.15,49,37979,노래만 불렀지 (Pop Ver.),김장훈,노래만 불렀지,1996.09,Rock,김장훈,난 길을 떠났지 아주 멀리 떠나고 싶었어 마치 어느 영화속에 나오는 슬픈 사람처럼 난 돌아 보질 않았지 그저 앞만 보고 가면 내 앞엔 아주 좋은 세상이 펼쳐질것 같아서 나나나나 나나나 나나 나나 나나나 나나 나나나나나 멀리로 아주 멀리로 떠나 온것 같았지만 돌아 보면 언제나 그자릴 난 서성댔지 이제는 돌아가려해도 다시 갈 수 없는건 어느덧 나의 그 방황에 익숙해 있기 때문이야 영원한 사랑을 찾아 헤메어도 봤지만 언제나 마음속에 병때문에 모두 떠나가고 다시 혼자되어 난 노래만 불렀지 기억할 수는 없지만 울면서 불렀어 라라 라라라 라라라라 라라 라라라 라라 라라 라라라 라라 라라라 라라 라라라 라라 눈물에 가려진 세상보며 난 노래를 불렀지 언제나 좋은 날을 꿈꾸면서 노래를 불렀지 이제는 다르게 살아볼까 생각도 했었지만 언제나 그런 생각뿐이었지 그저 생각 뿐이었어 라라 라라라 라라라라 라라 라라라 라라 라라 라라라 라라 라라라 라라 라라라 라라 슬픈 날에도 하늘보며 난 노래만 불렀지 언제나 혼자되어 하늘보며 난 노래를 불렀어 다시 혼자되도 난 노래만 부르지 눈물로 보이는 세상속에서도 난 노래만 부르지 이렇게  이렇게 이렇게
1997.03.09~03.15,50,71310,눈을 감으면,여행스케치,남준봉,1996.11,Folk,조병석,눈을 감으면 그대의 모습이 자꾸 떠올라 난견딜수없어 잠못 이루던 밤이 너무 많았지 그대를 잊기 위해 그대를보낸 나의슬픈사연을 그대는 몰라아파하겠지만 그댈 사랑했기에 떠나야만 했어 그대의 행복위해 나 역시도 믿고싶진 않았지만  그대를 향한 나의 이런 슬픈 마음은 온통 파란하늘을 찌푸려 놓고 이제 가눌수 없는 나의 눈물은 어느새 또 비로 내리네 그대 곁에 머물고만 싶어  세월이 흘러 주름진얼굴로 그대 모습을 다시본다해도 그댈 사랑했음을 말안할꺼야 그대 아파 할까봐 그대 역시 믿어주진 않겠지만  그대를 향한 나의 이런 슬픈 마음은 온통 파란하늘을 찌푸려 놓고 이제 가눌수 없는 나의 눈물은 어느새 또 비로 내리네 그대 곁에 머물고만 싶어
