time,rank,song_id,title,singers,album,date,genre,creator,lyric
1994.10.02~10.08,1,61500,기억의 습작,전람회,Exhibition,1994.05,Ballad,김동률,이젠 버틸 수 없다고  휑한 웃음으로 내 어깨 기대어   눈을 감았지만   이젠 말할 수 있는 걸  너의 슬픈 눈빛이 나의 마음을   아프게 하는 걸   나에게 말해 봐   너의 마음 속으로   들어가 볼 수만 있다면   철없던 나의 모습이 얼만큼   의미가 될 수 있는지  많은 날이 지나고 너의 마음   지쳐갈 때   내 마음속으로 쓰러져가는   너의 기억이  다시 찾아와 생각이 나겠지  너무 커버린 미래의   그 꿈들 속으로   잊혀져 가는 나의 기억이   다시 생각날까  너의 마음 속으로   들어가 볼 수만 있다면   철없던 나의 모습이 얼만큼   의미가 될 수 있는지  많은 날이 지나고 너의 마음   지쳐갈 때   내 마음속으로 쓰러져가는   너의 기억이  다시 찾아와 생각이 나겠지  너무 커버린 내 미래의   그 꿈들 속으로   잊혀져 가는 나의 기억이   다시 생각날까    많은 날이 지나고
1994.10.02~10.08,2,61829,마법의 성,더클래식,마법의 성,1994.07,Ballad,김광진,믿을 수 있나요 나의 꿈 속에서  너는 마법에 빠진 공주란걸  언제나 너를 향한 몸짓엔  수많은 어려움 뿐이지만   그러나 언제나 굳은 다짐 뿐이죠  다시 너를 구하고 말거라고  두 손을 모아 기도했죠  끝 없는 용기와 지혤 달라고   마법의 성을 지나 늪을 건너  어둠의 동굴 속 멀리 그대가 보여  이제 나의 손을 잡아보아요  우리의 몸이 떠오르는 것을 느끼죠   자유롭게 저 하늘을  날아가도 놀라지 말아요  우리 앞에 펼쳐질 세상이  너무나 소중해 함께라면   마법의 성을 지나 늪을 건너  어둠의 동굴 속 멀리 그대가 보여  이제 나의 손을 잡아보아요  우리의 몸이 떠오르는 것을 느끼죠   자유롭게 저 하늘을  날아가도 놀라지 말아요  우리 앞에 펼쳐질 세상이  너무나 소중해 함께 있다면 -
1994.10.02~10.08,3,58966,짧은 다짐,김원준,김원준 3,1994.10.01,Dance,김원준,이제는 너를 잊겠다는 다짐 속에 묻혀진 내 모습  얼마나 초라한지 나도 이제 알아  다시금 어둠이 내곁에 다가올 때쯤  내 자신에게서 멀어질 거야 짧은 다짐과 함께  가끔씩 싫증내는 표정 내겐 부담스러웠어  그리고 형식적인 대답 또한 싫었어  또 한번 다가선 이별은 항상 내 몫이야  어쨌든 다른 사람을 선택했으니까  단지 너를 내게 보여줘 더 이상도 바라지 않아  그 무엇도 내겐 필요 없어 이제는 너를 잊겠다는 다짐 속에 묻혀진 내 모습  얼마나 초라한지 나도 이제 알아  다시금 어둠이 내곁에 다가올 때쯤  내 자신에게서 멀어질 거야 짧은 다짐과 함께   단지 너를 내게 보여줘 더 이상도 바라지 않아  그 무엇도 내겐 필요 없어 이제는 너를 잊겠다는 다짐 속에 묻혀진 내 모습  얼마나 초라한지 나도 이제 알아  다시금 어둠이 내곁에 다가올 때쯤  내 자신에게서 멀어질 거야 짧은 다짐과 함께  이제는 너를 잊겠다는 다짐 속에 묻혀진 내 모습  얼마나 초라한지 나도 이제 알아  다시금 어둠이 내곁에 다가올 때쯤  내 자신에게서 멀어질 거야 짧은 다짐과 함께
1994.10.02~10.08,4,91470,발해를 꿈꾸며,서태지와아이들,3집 - 발해를 꿈꾸며,1994.08.08,Rock,서태지,진정 나에겐 단 한가지 내가 소망하는 게 있어 갈려진 땅의 친구들을 언제쯤 볼 수가 있을까 망설일 시간에 우리를 잃어요 한 민족인 형제인 우리가  서로를 겨누고 있고 우리가 만든 큰 욕심에  내가 먼저 죽는걸 진정 너는 알고는 있나  전 인류가 살고 죽고 처절한 그날을 잊었던 건  아니었겠지 우리 몸을 반을 가른 채 현실 없이 살아갈건가 치유할 수 없는 아픔에 절규하는 우릴 지켜줘 시원스레 맘의 문을 열고 우리와 나갈 길을 찾아요 더 행복할 미래가 있어 우리에겐 언젠가 나의 작은 땅에 경계선이 사라지는 날 많은 사람이 마음속에 희망들을 가득 담겠지 난 지금 평화와 사랑을 바래요 젊은 우리 힘들이 모이면  세상을 흔들수 있고 우리가 서로 손을 잡은  것으로 큰 힘인데 우리 몸을 반을 가른채 현실없이 살아갈건가 치유할수 없는 아픔에 절규하는 우릴 지켜줘 갈수 없는 길에 뿌려진 천만인의 눈물이 있어 워 나에겐 갈수도 볼 수도 없는가 저 하늘로 자유롭게 저 새들과 함께 날고 싶어 우리들이 항상 바라는것 서로가 웃고 돕고 사는것 이젠 함께 하나를 보며 나가요
1994.10.02~10.08,5,38757,넌 할 수 있어,강산에,나는 사춘기,1994,Rock,"강산에,나비",후회하고 있다면  깨끗이 잊어버려   가위로 오려낸 것처럼  다 지난 일이야   후회하진 않는다면  소중하게 간직해   언젠가 웃으며  말할 수 있을 때까지   너를 둘러싼  그 모든 이유가   견딜수 없이  너무 힘들다해도  너라면 할 수 있을거야  할 수가 있어  그게 바로 너야   굴하지 않는 보석같은  마음 있으니   어려워마 두려워마  아무것도 아니야   천천히 눈을감고  다시 생각해 보는 거야   세상이 너를  무릎 꿇게 하여도   당당히 네 꿈을  펼쳐 보여줘  너라면 할 수 있을꺼야  할수가 있어  그게 바로 너야  굴하지 않는 보석같은  마음있으니  할수 있을꺼야  할수가 있어  그게 바로 너야  굴하지 않는 보석같은  마음있으니  굴하지 않는 보석같은 마음있으니
1994.10.02~10.08,6,851719,서시,신성우,서시,1994.07.01,Rock,"신성우,이근상,이근형",해가 지기전에 가려했지   너와 내가 있던 그 언덕   풍경속에   아주 키작은 그 마음으로   세상을 꿈꾸고 그리며   말했던 곳   이제 여행을 떠나야 하는   소중한 내 친구여    때론 다투기도 많이 했지   서로 알수없는 오해의 조각들로   하지만 멋쩍은 미소만으로   너는 내가 되고 나도 니가 될수   있었던 수많은 기억들   내가 항상 여기 서 있을께   걷다가 지친 네가 나를   볼수 있게   저기 저 별위에 그릴거야   내가 널 사랑하는 마음   볼수 있게    우 너는 내가 되고 나도  니가 될수 있었던  수많은 기억들  내가 항상 여기 서있을께  걷다가 지친 니가 나를  볼수 있게  저기 저 별위에 그릴거야  내가 널 사랑하는 마음  볼수 있게  내가 항상 여기 서있을께  걷다가 지친 니가 나를  볼수 있게  저기 저 별위에 그릴거야  내가 널 사랑하는 마음  볼수 있게 예
1994.10.02~10.08,8,524811,남겨진 독백,김종서,김종서 Gold,1996,Rock,,새벽을 지나 잿빛 거리로 차가운 바람이 불때면 그 바람에 묻은 너의 목소리 조금씩 조금씩 들려 창문 너머로 멀어진 별빛 아직 남은 어둠 사이로 언제나 그렇게 날 바라보며 말없이 웃고만 있지 눈물같은 한숨이 비가 되어 내리고 이 어둠이 다 지나가 아침이 내게로 와도 또 다른 그 어느 세상에 다시 널 보리  창문 너머로 멀어진 별빛 아직 남은 어둠 사이로 언제나 그렇게 날 바라보며 말없이 웃고만 있지 눈물같은 한숨이 비가 되어 내리고 이 어둠이 다 지나가 아침이 내게로 와도 또 다른 그 어느 세상에 다시 널 보리 이 어둠이 다 지나가 아침이 내게로 와도 또 다른 그 어느 세상에 다시 널 보리
1994.10.02~10.08,9,2981592,일어나,김광석,김광석 네번째,1994.06.25,Folk,김광석,검은 밤의 가운데 서 있어 한치 앞도 보이질 않아 어디로 가야 하나 어디에 있을까 둘러 봐도 소용없었지 인생이란 강물 위를 끝없이 부초처럼 떠다니다가 어느 고요한 호수가에 닿으면 물과 함께 썩어가겠지 일어나 일어나 다시 한 번 해보는거야 일어나 일어나 봄의 새싹들처럼 끝이 없는 말들 속에 나와 너는 지쳐가고 또 다른 행동으로 또 다른 말들로 스스로를 안심시키지 인정함이 많을수록 새로움은 점점 더 멀어지고 그저 왔다갔다 시계추와 같이 매일 매일 흔들리겠지 일어나 일어나 다시 한번 해보는거야 일어나 일어나 봄의 새싹들처럼 가볍게 산다는 건 결국은 스스로를 얽어매고 세상이 외면해도 나는 어차피 살아 살아 있는 걸 아름다운 꽃일수록 빨리 시들어 가고 햇살이 비치면 투명하던 이슬도 한 순간에 말라 버리지 일어나 일어나 다시 한번 해보는 거야 일어나 일어나 봄의 새싹들처럼 일어나 일어나 다시 한번 해보는 거야 일어나 일어나 봄의 새싹들처럼
1994.10.02~10.08,10,59448,늪,조관우,My First Story,1994.10.01,Ballad,하광훈,내가 그녀를  처음 본 순간에도 이미 그녀는  다른 남자의 아내였었지 하지만 그건  내게 별로 중요하지 않았어 왜냐하면 진정한 사랑은 언제나 상상속에서만 가능한 법이니까 난 멈출수가 없었어 이미 내 영혼은 그녀의 곁을  맴돌고 있었기 때문에 가려진 커텐 틈 사이로  처음 그댈 보았지 순간 모든 것이 멈춘 듯했고 가슴엔 사랑이 꿈이라도 좋겠어  느낄수만 있다면 우연처럼 그댈 마주치는 순간이  내겐 전부였지만 멈출수가 없었어 그땐  돌아서야 하는 것도 알아 기다림에 익숙해진  내 모습뒤엔 언제나 눈물이 까맣게 타버린 가슴엔  꽃이 피질 않겠지 굳게 닫혀버린  내 가슴속엔 차가운 바람이 꿈이라도 좋겠어 그댈  느낄수만 있다면 우연처럼 그댈 마주치는 순간이 내겐 전부였지만 멈출수가 없었어 그땐  돌아서야 하는 것도 알아 기다림에 익숙해진 내 모습뒤엔 언제나 눈물이 흐르고 있어 오늘 밤 내 방엔 이미 늦은 파티가 열렸지 늪에 빠진 거야 그대를 위해 준비한 추억조차 내겐 없었지 꽃은 어느새 시들고  이별까지도 술잔을 비우며 힘 없이 웃었지  아무도 모른채 또 다시 상상속으로  그댈 초대하는 거야
1994.10.02~10.08,11,33571,날아라 병아리,넥스트,The Return Of N.EX.T Part 1 The Being,1994.05,Ballad,,육교 위의 네모난 상자 속에서 처음 나와 만난 노란 병아리 얄리는 처음처럼 다시 조그만 상자 속으로 들어가 우리 집 앞뜰에 묻혔다 나는 어린 내 눈에 처음 죽음을 보았던 1974년의 봄을 아직 기억한다 내가 아주 작을 때 나보다 더 작던 내 친구 내 두손 위에서 노랠 부르며 작은 방을 가득 채웠지 품에 안으면 따뜻한 그 느낌 작은 심장이 두근두근 느껴졌었어 우리 함께 한 날은 그리 길게 가진 못했지  어느 밤 얄리는 많이 아파 힘없이 누워만 있었지 슬픈 눈으로 날개짓하더니 새벽 무렵엔 차디차게 식어 있었네 굳바이 얄리 이젠 아픔 없는 곳에서 하늘을 날고 있을까 굳바이 얄리 너의 조그만 무덤가엔 올해도 꽃은 피는지 눈물이 마를 무렵 희미하게 알 수 있었지 나 역시 세상에 머무르는것 영원할 수 없다는 것을 설명할 말을 알 순 없었지만 어린 나에게 죽음을 가르쳐 주었네 굳바이 얄리 이젠 아픔 없는 곳에서 하늘을 날고 있을까 굳바이 얄리 너의 조그만 무덤가엔 올해도 꽃은 피는지 굳바이 얄리 이젠 아픔 없는 곳에서 하늘을 날고 있을까 굳바이 얄리 언젠가 다음 세상에도 내 친구로 태어나 줘
1994.10.02~10.08,12,38890,아름다운 너에게,강수지,강수지5,1994.06,Ballad,강수지,지난 눈물 모두 묻어버리고 아무 일도 없는 듯 떠나가라 했지 너의 아름다운 기억만으로 살아가기엔 너무 힘들어  추억은 잊으라는데 나는  무얼 잊어야 하는건지 내게는 아직 어려운 얘기인걸 다시 예전처럼 우리가 만날 수 있다 해도 그 무엇도 달라질 수는 없어  많은 것을 원하는 약속은 싫어 외로움만 더한걸  너의 아름다운 기억만으로 살아가기엔 너무 힘들어  추억은 잊으라는데 나는  무얼 잊어야 하는건지 내게는 아직 어려운 얘기인걸 다시 예전처럼 우리가 만날 수 있다 해도 그 무엇도 달라질 수는 없어  많은 것을 원하는 약속은 싫어 외로움만 더한걸  다시 예전처럼 우리가 만날 수 있다 해도 그 무엇도 달라질 수는 없어  많은 것을 원하는 약속은 싫어 외로움만 더한걸
1994.10.02~10.08,13,91475,멀어져 간 사람아,박상민,멀어져간 사람아,1994.03,Ballad,신대철,내게 사랑한다는 말하고 멀어져간 사람아 사랑이 무언지도 모르는 그대여 내게 안녕이란 말하고 멀여져간 사람아 그대여 나만 홀로 외로이 서있네 머나먼 저 바다로가면 찾을 수 있나  머나먼 저 하늘 위에는  잊지않을까 어두운 저 창문 밖으로 누군가 있지 않아 저 바다도 가로등만 외로이 서있네 머나먼 저 바다로가면 찾을 수 있나 머나먼 저 하늘 위에는 잊지않을까 멀리 떠나버린 그대여 저 하늘 위에 사랑이 있다고  말하지마오~멀리 떠나버렸네  머나먼 저 바다로가면 찾을 수 있나 머나먼 저 하늘 위에는 잊지 않을까
1994.10.02~10.08,14,1675279,약한 남자,듀스,Deuxism,1993.12.30,Rap / Hip-hop,이현도,지금  나의 마음에  그리고 또 머리 속에  꽉꽉  차있는 건 바로 바로 바로 바로  너를 향한 나의 벅찬  마음뿐이야  아주 오랫동안을  그렇게  매일 마다 너의 얼굴  생각해  왔어 이런 내 처지를  어떻게  해야 너한테 알릴 수가 있지  침착해  혹시나 그래 맞아  만일에 남자친구가 있다면  어떡하지 난  이렇게 생각해 봐도 안되고  다르게 생각해 봐도 안되고  나는 정말 고민이 너무 많아  하지만 역시 나는  만일에 남자친구가 없다고 해도  걱정이야  오늘 만나서 나의 마음을  보여줘야 할까  오직 나의 마음에는 항상  너뿐이라고 말이야  하지만  두려워  그렇게도 망설이던 나  드디어는 심지어는  이제 네게 고백하기로 했어  준비가 됐어  나 더 이상은 고민하며  지낼 수는 없었어  잘못되어 버릴 수  있다는 걸 알아  그래도 혹시 몰라  나 몰라 아 아  다만 가만히  이렇게 계속 내가 있으면  아무것도 아니라는 게 더 두려워  이제 나 용감해져야 돼  너를 얻기 위해서라면  너를 얻기 위해서라면  난 뭐든지 할 수 있을 것 같아  불안함에 몸은 떨리지만  나는 그래도 남자라고  사람들은 말해 주지  그래 그래 나는 용감하게  정면으로 부딪치는 거야  오기를 길가 옆 골목에서  기다리고 있어  오고 있어 저기 but  갑자기 머리가 복잡해  이렇게 복잡해  신은 정말 없는 걸까  나는 어째서  이리도 어지러운 걸까  오 어쩌면은 나를  이렇게 참담하게 하는 거야  이제는 두 번 다시 나설 수가 없어  영영 안녕이라고 말해야겠지  너무나 가슴이 아파  나는 쓰러져 버릴 것 같아 지금  너의 그런 표정  정말 나는 처음 봤어  다시 다시 비기리  다시 두 번 다시 못 볼  그런 얼굴이었지  그리고 더욱 충격은  그런 차가운 목소리  평생 처음 들었어  이제 나는 똑똑히 알게 되었지  너의 이상형은 내가 결코  절대 아님을  평생 기억에 남을  지금 내 눈의 눈물  오만 하기만한  너의 그 작고 예쁜 얼굴  오늘 일은 결코  나는 잊을 수가 없을 꺼야
1994.10.02~10.08,15,37036,난 너에게,민들레,민들레,1994.04,Folk,강영호,나 너에게 할말이 있어 그대에겐 아직 표현 못했지만 나 그대만을 사랑하고 있어 얘기할 기회 내게 줘 그대 내게 단 한번이라도 사랑으로 대한 적 있었나요 그대도 나를 사랑하고 있다면 얘기할 기횔 내게 줘 하지만 그대 나를 보려  하지 않아 항상 내 주위를 돌며  나를 어렵게만 해 가끔은 나에게 흘린  미소라도 좋아 널 지킬수 있게 내게 용기를 줘 나 너에게 사랑한다 말을  하고 싶어 날 믿어줘 아직 너를  포기할 수 없어 날 돌아봐줘 슬픈  눈물 흘리기엔 난 아직 그댈 너무 사랑하니까 하지만 그대 나를 보려  하지 않아 항상 내 주위를 돌며 나를  어렵게만 해 가끔은 나에게 흘린  미소라도 좋아 널 지킬수 있게 내게 용기를 줘 나 너에게 사랑한다 말을  하고 싶어 날 믿어줘 아직 너를  포기할 수 없어 날 돌아봐줘 슬픈 눈물 흘리기엔 난 아직 그댈 너무 사랑하니까
1994.10.02~10.08,16,61819,너이길 원했던 이유,쿨(COOL),너 이길 원했던 이유,1994.10.01,Dance,최준영,너이길 원했던 이유 이젠  아파했던 모습으로  서로를 위로해 줄 수 있는  친구를 원한거야  너는 모르고 있잖아 너이길  원한 이유  이런 저런 모든 기억들을  되돌려 보고 있어  나는 너 떠올리는 너를 늘  안타까운 지난 날들  잊으려한 떨치려한 몸부림에  날을 헤매고 있는거야   붉게 물든 저녁 하늘이  주위를 감싸 돌고  아주 오래 전에 느꼈던  순간을 생각했지  나는 너를 보내고 놓치고  싶지 않아  주는 것이 더 행복이라는 말로  나 스스로를 위로하려 했던거야  하지만 이젠 널 떠나  보내기로 했어  내 옆에선 웃지 않던 너  이젠 널 더이상 바라볼  애태움의 날을 보낼 자신이 없어  언제나 그런 한숨 섞인  목소리로 내게 속삭이며  허전한 마음 한구석에  묻어둔 널 이젠 잊고 싶어  내 맘속에 가득 남겨진  너의 미소가 한 순간의  짧은 꿈처럼 조금씩  사라져 갔어  Get with the sound  under ground  Party people at the  place get up get down  Get with the sound  under ground  Party people at the  place get up get down  언제나 그런 한숨 섞인  목소리로 내게 속삭이며  허전한 마음 한 구석에  묻어둔 널 이젠 잊고 싶어  내 맘 속에 가득 남겨진  너의 미소가 한 순간의  짧은 꿈처럼 조금씩 사라져 갔어  언제까지라도 너만을  사랑하고 싶어  내가 아닌 너의 모든 걸  그렇게 원했던거야  내 마음 속에 가득 남겨진  너의 미소가 한 순간의  짧은 꿈처럼 조금씩 사라져 갔어
1994.10.02~10.08,17,60624,너를 잊을 수 없어,최연제,I Love For Ever,1993,Ballad,최연제,멀어지는 너의 모습 바라보며 싸늘하게 느껴진 너의 미소 잊지못할 추억들을 간직한채 떠나버린 뒤에 난 후회한거야 너를 잊을 수 없어 그리움을 참으려고 애써왔어 다시 만날 날을 기다리며 너를 잊을 수 없어 잠시 너를 홀로 남겨둔 것 뿐야 영원한 날들을 위해  누구보다 사랑했던 너였기에 초라한 나의 모습 숨긴채 두려워서 말 못하고 떠나지만 잠시 나는 널 위해 떠나간거야 너를 잊을 수 없어 그리움을 참으려고 애써왔어 다시 만날 날을 기다리며 너를 잊을 수 없어 잠시 너를 홀로 남겨둔 것 뿐야 영원한 날들을 위해  너를 잊을 수 없어 그리움을 참으려고 애써왔어 다시 만날 날을 기다리며 너를 잊을 수 없어 잠시 너를 홀로 남겨둔 것 뿐야 영원한 날들을 위해 너를 잊을 수 없어 그리움을 참으려고 애써왔어 다시 만날 날을 기다리며 너를 잊을 수 없어 잠시 너를 홀로 남겨둔 것 뿐야 영원한 날들을 위해 영원한 날들을 위해
1994.10.02~10.08,18,39348,혼자만의 사랑,김태영,Kim Tae Young 1,1994.04,Ballad,한경혜,이젠 너의 모든것을 지워야겠지 더 짙은 어둠의 숲 저 밖으로 지금까지 사는건 너 있는 추억 때문이었지 어느새 난 너의 짐이 되어 있었던 거야 다신 우연히도 만나지 말아 가슴에서 죽어간 끝이 보이지 않았던 그리움 내 지친 이 가슴속을 누가 위로해줄까 혼자만의 사랑으로 남은 나 추억은 이쯤에서 접어야만 하는 거야 아픔은 혼자만의 몫인걸 아픔은 이젠 모두 지난 강에 떠나 보내야 하는 너를 뒤로 한채 돌아선거야 주체할 수 없었던 눈물의 끝을 감추면서 내 지친 이 가슴속을 누가 위로해줄까 혼자만의 사랑으로 남은 나 추억은 이 쯤에서 접어야만 하는 거야 아픔은 혼자만의 몫인걸 아픔은 가슴에서 죽어간 끝이 보이지 않았던 그리움 내 지친 이 가슴속을 누가 위로해줄까 혼자만의 사랑으로 남은 나 추억은 이 쯤에서 접어야만 하는 거야 누구의 가슴으로 기대어 살까 아픔은 혼자만의 몫인걸 아픔은
1994.10.02~10.08,19,105018,그대와 함께 (With You),"손지창,김민종",느낌 OST,1994,Drama,,그대 눈빛에 취해 잠들고 싶은 이 밤 나 혼자 느끼고 싶은 사랑. 그대 숨결마저도 내가 느끼는 사랑노래 이젠 그대 마음안에서 쉬고 싶어.  그대와 내가 함께 가는 이 길이 때론 힘들고 외로워 내가 지친다 해도. 사랑하기에 모두 참고 견디며 그대만을 위해 나는 사랑을 하리. 언제까지 그대와 하나가 되어가리 영원히 그대 곁에 머물러. 그대는 나만을 나는 그댈 위한 사랑을 항상 함께하는 맘속에 간직하며.
1994.10.02~10.08,20,3363619,일과 이분의 일,투투,일과 이분의 일,1994,Dance,오지훈,멀리서 널 보았을 때   다른 길로 갈까 생각했는데   변한듯한 널 보고 싶고   짧은 인사 할까하는 마음에   두근대는 가슴으로   한 걸음씩 갈때   네 어깨 손올리는   다른 어떤 사람   화가난 네 얼굴은   미소로 바뀌고   두 사람은 내 옆을 지나갔지   둘이 되어버린 날 잊은것   같은 너의 모습에   하나 일때 보다 난   외롭고 허전해   네가 가져간 나의   반쪽 때문인가   그래서 넌 둘이 될 수   있었던거야   멀리서 널 보았을 때   다른 길로 갈까 생각했는데   변한듯한 널 보고 싶고   짧은 인사 할까하는 마음에   두근대는 가슴으로   한 걸음씩 갈때   네 어깨 손올리는   다른 어떤 사람   화가난 네 얼굴은   미소로 바뀌고   두 사람은 내 옆을 지나갔지   지금 너에겐 변명처럼 들리겠지   널 보낸후 항상 난 혼자였는데   두근대는 가슴으로   한걸음씩 갈때   네 어깨 손올리는 다른 어떤 사람   화가 난 네 얼굴은 미소로 바뀌고   두 사람은 내 옆을 지나갔지   둘이 되어버린 날 잊은것   같은 너의 모습에   하나 일때 보다 난   외롭고 허전해   네가 가져간 나의   반쪽 때문인가   그래서 넌 둘이 될 수   있었던거야   둘이 되어버린 날 잊은것  같은 너의 모습에  하나 일때 보다 난  외롭고 허전해  네가 가져간 나의  반쪽 때문인가  그래서 넌 둘이 될 수  있었던거야
1994.10.02~10.08,21,32676,100일(日)째 만남,룰라,Roots Of Reggae,1994.07.01,Dance,강은경,모처럼 큰맘 먹고 너를 위해서  가진 돈 모두 털어 선물을 샀어  디기디  어떤걸 좋아할지 모르겠지만   디기디  그래도 네 마음엔 들었으면 좋겠어  난 처음으로 여자에게   선물하는 내 맘이  왜 이렇게 어색하고   쑥스러운지 몰라   오 디기디 디기디 디기디 디기디  간직하고 있어줘  오 디기디 디기디 디기디 디기디  그게 나인것처럼  오 디기디 디기디 디기디 디기디  너를 지켜줄꺼야  오 디기디 디기디 디기디 디기디  항상 너의 곁에 있을꺼야  오늘을 기념하려 자릴 마련했어   우리 만난지 백일째날   내 맘을 보일때도 이제 된것같아   그래 이만큼 널 사랑해   어설픈 고백 대신 내게 끼워줬던  작은 반지 하나  비싼건 아니지만  나의 성의라고 생각해주겠니  이렇게 사소한데  눈물 흘려 기뻐하는  너를 안아주고파 혼이 났어  하지만 아직 일러 서두르면  내 곁에서 달아날지도 몰라  오늘을 기념하려 자릴 마련했어  우리 만난지 백일째날  내 맘을 보일때도 이제 된것같아  그래 이만큼 널 사랑해  생각도 못했는지  놀란 네 눈빛이 웬지 기쁘게 해  나 지금 망설이면  너를 놓칠까봐 사실 초조했어  걱정도 때론 했어 니가 만일  거절하면 어떡하나  고민도 했었지만  하지만 이젠 알아 너의 맘도  나에게로 이미 향해 있는 걸  오늘을 기념하려 자릴 마련했어  우리 만난지 백일째날  내 맘을 보일때도 이제 된것같아  그래 이만큼 널 사랑해  모처럼 큰맘 먹고 너를 위해서 가진 돈 모두 털어 선물을 샀어 디기디 어떤걸 좋아할지 모르겠지만  디기디 그래도 네 마음엔 들었으면 좋겠어 난 처음으로 여자에게  선물하는 내 맘이 왜 이렇게 어색하고  쑥스러운지 몰라  오 디기디 디기디 디기디 디기디 간직하고 있어줘 디기디 디기디 디기디 디기디 그게 나인것처럼 오 디기디 디기디 디기디 디기디 너를 지켜줄테야  디기디 디기디 디기디 디기디 항상 너의 곁에서
1994.10.02~10.08,22,55991,사랑할수록,부활,기억상실,1993.11.01,Rock,김태원,한참 동안을 찾아가지 않은 저 언덕 넘어 거리엔 오래 전 그 모습 그대로 넌 서 있을 것 같아 내 기억보단 오래 되버린 얘기지 널 보던 나의 그 모습 이제는 내가 널 피하려고 하나 언젠가의 너처럼 이제 너에게 난 아픔이란 걸 너를 사랑하면 할수록 멀리 떠나가도록 스치듯 시간의 흐름 속에 내 기억보단 오래 되버린 얘기지 널 보던 나의 그 모습 이제는 내가 널 피하려고 하나 언젠가의 너처럼 이제 너에게 난 아픔이란걸 너를 사랑하면 할수록 멀리 떠나가도록 스치듯 시간의 흐름속에 이제 지나간 기억이라고 떠나며 말하던 너에게 시간이 흘러 지날수록 너를 사랑하면 할수록 너에게 난 아픔이었다는 걸 너를 사랑하면 할수록
1994.10.02~10.08,23,59078,시작되는 연인들을 위해,이원진,이원진,1994.01,Ballad,채정은,네가 아침에 눈을 떠 처음 생각나는 사람이  언제나 나였으면 내가 늘 그렇듯이  좋은것을 대할때면 함께 나누고픈 사람도  그역시 나였으면 너도 떠날테지만  그래 알고있어 지금 너에게  사랑은 피해야 할 두려움이란 걸  불안한듯 넌 물었지 사랑이 짙어지면  슬픔이 되는걸 아느냐고  하지만 넌 모른거야 뜻모를 그 슬픔이  때론 살아가는 힘이 되어주는 걸   네가 힘들어 지칠때 위로받고 싶은 사람이  바로 내가 됐으면 내가 늘그렇듯이  너의 실수도 따뜻이 안아줄거라 믿는 사람  바로 내가 됐으면 너도 떠날테지만  그래 알고있어 지금 너에게  사랑은 피해야할 두려움이란걸  불안한듯 넌 물었지 사랑이 짙어지면  슬픔이 되는걸 아는냐고  하지만 넌 모른거야 뜻모를 그 슬픔이  때론 살아가는 힘이 되어주는 걸  이제는 걱정하지마 한땐 나도 너만큼  두려워 한적도 많았으니  조금씩 너를 보여줘 숨기려하지 말고  내가 가까이 설수 있도록
1994.10.02~10.08,24,2796367,그대 사랑안에 머물러,김정민,김정민,1994.06.01,Ballad,오진우,늘 항상 울고싶진 않지만
1994.10.02~10.08,25,61730,Paradise,모노,Paradise,1994.07,Ballad,,
1994.10.02~10.08,26,91116,립스틱 짙게 바르고,임주리,임주리3집[그대 떠난 뒤],-,Adult Contemporary,양인자,내일이면 잊으리 꼭 잊으리  립스틱 짙게 바르고  사랑이란 길지가 않더라  영원하지도 않더라  아침에 피웠다가  저녁에 지고 마는  나팔꽃보다 짧은 사랑아  속절없는 사랑아  마지막선물 잊어 주리라  립스틱 짙게 바르고  별이 지고 이밤도 가고나면  내 정녕 당신을 잊어주리라  아침에 피웠다가  저녁에 지고마는  나팔꽃보다 짧은 사랑아  속절없는 사랑아  마지막 선물 잊어주리라  립스틱 짙게 바르고  별이 지고 이밤도 가고나면  내정녕 당신을 잊어주리라  별이 지고 이밤도 가고나면  내 정녕 당신을 잊어 주리라
1994.10.02~10.08,27,58937,그 후로 오랫동안,신승훈,그 후로 오랫동안...,1994.09.01,Ballad,신승훈,우연인지 몰라도 네가 눈물 흘릴 때마다 하늘에선 비가 내렸어 익숙해져버린 난 그냥 너의 슬픈 눈을 보면서 차가운 한마디 울지마 하지만 이제 나도 그때처럼 비가 내리면 눈물을 흘리고 있어 내게 너무나도 소중한 네가 내 곁에 없다는 이유로 난 비와 함께 울고 있었던 거야 그 후로 오랫동안 비가 왔어 내리는 비만큼 나도 울었어 하지만 더 견딜 수가 없는 건 어디선가 너도 나처럼 울고 있다는 생각에 하늘이여 나를 도와줘 그렇게 울고 있지 말고 내 님이 있는 곳 너는 쉽게 알 수 있잖아 내가 살아있는 동안에 한번만이라도 그대를 우연일지라도 너를 믿을게 너의 눈물 맞으며  그 후로 오랫동안 비가 왔어 내리는 비만큼 나도 울었어 하지만 더 견딜 수가 없는 건 어디선가 너도 나처럼 울고 있다는 생각에 하늘이여 나를 도와줘 그렇게 울고 있지 말고 내 님이 있는 곳 너는 쉽게 알 수 있잖아 내가 살아있는 동안에 한번만이라도 그대를 우연일지라도 너를 믿을게 너의 눈물 맞으며
1994.10.02~10.08,28,3048210,나의 작은새,데이지,Hello! Miss Daisy,1994.05,Rock,,
1994.10.02~10.08,29,2744663,나는 문제 없어,황규영,나는 문제 없어,2010.07.05,Dance,,이 세상 위엔 내가 있고   나를 사랑해주는   나의 사람들과   나의 길을 가고 싶어   많이 힘들고 외로웠지   그건 연습일 뿐야   넘어지진 않을거야   나는 문제없어   짧은 하루에 몇 번씩   같은 자리를 맴돌다   때론 어려운 시련에   나의 갈곳을 잃어가고   내가 꿈꾸던 사랑도   언제나 같은 자리야   시계추처럼 흔들린   나의 어릴 적 소망들도   그렇게 돌아보지마   여기서 끝낼 수는 없잖아   나에겐 가고 싶은 길이 있어   너무 힘들고 외로워도   그건 연습일뿐야   넘어지진 않을거야   나는 문제 없어   짧은 하루에 몇 번씩  같은 자리를 맴돌다  때론 어려운 시련에  나의 갈곳을 잃어가고  내가 꿈꾸던 사랑도  언제나 같은 자리야  시계추처럼 흔들린  나의 어릴 적 소망들도  그렇게 돌아보지마  여기서 끝낼 수는 없잖아  나에겐 가고 싶은 길이 있어  너무 힘들고 외로워도  그건 연습일뿐야  넘어지진 않을거야  나는 문제 없어  이 세상 위엔 내가 있고  나를 사랑해주는 나의 사람들과  나의 길을 가고 싶어  많이 힘들고 외로웠지  그건 연습일 뿐야  넘어지진 않을거야  나는 문제없어
1994.10.02~10.08,30,56333,그대만을 위한 사랑,박정운,박정운 Live & Single,1997.12,Ballad,박정운,나 알고 있어 나의 사랑은 그대 위한 사랑이였음을 이제 다시 그대를 볼 수 없어도 소중한 사람 내 마음속에 나를 울렸었던 그대의 슬픈 그 미소까지도  나 알고 있어 나의 사랑은 그대만의 사랑이였음을 단 한 번만 단 한 번만이라도 그대 곁에 머물 수 있다면 나는 얼마나 좋을까 그대를 보며 참 행복하겠지  그 어느 날 어느 순간 그대 나를 기억한다면 나의 사랑 그대 곁에 언제까지나  가끔은 그대 미워했었고 그 만남을 후회도 했었지 너는 모를거야 내게 남겨진 아픔 얼마나 울어야 했었는지 지금 생각하면 그 모든 것은 사랑이었을 뿐  그 어느 날 어느 순간 그대 나를 기억한다면 나의 사랑 그대 곁에 언제까지나  그 어느 날 어느 순간 나를 기억해 준다면 그대 사랑 나의 곁에 언제까지나 그대 나를 사랑하고 후회없이 날 떠나가도 그대 사랑 나의 곁에 언제까지나 기억해줘 나의 사랑 오 그대만을 위한 사랑 나의 생이 끝나는 날까지 그 날에도 그대 기억할거야 나 또 다른 삶에 태어나도 나는 너의 이름 부르겠어  나 또 다른 삶에 태어나도 나는 너의 이름 부르겠어
1994.10.02~10.08,31,1726626,너만을 느끼는 나,황승호제,너만을 느끼는 나,1994.01.01,Ballad,최수정,내가 만든 꿈의 저세상으로 (이예~)
1994.10.02~10.08,32,57339,너를 사랑해,한동준,처음 받은 느낌으로,1993.01,Ballad,한동준,아침이 오는 소리에 문득  잠에서 깨어 내 품안에 잠든 너에게  워우우워 우워워 너를 사랑해  내가 힘겨울때마다 너는  항상 내 곁에  따스하게 어깨 감싸며  워우우워 우워워 너를 사랑해 영원히 우리에겐 서글픈  이별은 없어 때로는 슬픔에 눈물도 흘리지만 언제나 너와 함께 새하얀  꿈을 꾸면서 하늘이 우리를 갈라놓을 때까지 워우우워 우워워 너를 사랑해 내가 힘겨울때마다 너는  항상 내 곁에 따스하게 어깨 감싸며  워우우워 우워워 너를 사랑해 영원히 우리에겐 서글픈  이별은 없어 때로는 슬픔에 눈물도 흘리지만 언제나 너와 함께 새하얀  꿈을 꾸면서 하늘이 우리를 갈라놓을 때까지 워우우워 우워워 너를  사랑해 너를 사랑해
1994.10.02~10.08,33,61343,종로에서,오월,그땐 몰랐어/종로에서,1993.10.15,Ballad,안병호,그렇게 떠나야만 했던 시간속에서  너를 보내기는 정말 싫었어  돌아서는 너의 슬픈 미소속에  사무친 그리움을 나는 알았어  회기로 향하던 쓸쓸한 플랫폼에서  서성이던 모습 보이지 않고  허전한 빈공간 속을 걷고 있는  너의 모습 생각해 봤어  오고가는 많은 사람들 속에서  너는 무얼 생각하고 있을까 두눈에 이슬 가득 담고 슬픈미소 지으며  무얼 그리워 하고 있을까 내가 곁에 있어도 그립다고 말하던 그대여  힘겹던 네모습이 나를 울리네  내가 곁에 있어도 그립다고 말하던 그대에게 내일은 사랑한다 말해 줄꺼야  오고가는 많은 사람들 속에서  너는 무얼 생각하고 있을까 두눈에 이슬 가득 담고 슬픈미소 지으며  무얼 그리워 하고 있을까 내가 곁에 있어도 그립다고 말하던 그대여  힘겹던 네모습이 나를 울리네  내가 곁에 있어도 그립다고 말하던 그대에게 내일은 사랑한다 말해 줄꺼야 내가 곁에 있어도 그립다고 말하던 그대에게 내일은 사랑한다 말해 줄꺼야
1994.10.02~10.08,34,54182,다시만난 너에게,피노키오,다시만난 너에게,1992.11.30,Rock,,내가 처음 보았던 기억속에 파란 하늘빛 미소 여전한 넌 지난 시간 세월을 얘기하듯 야윈 모습으로 손을 내밀고 나 역시 서툰 웃음과 어색한 시간이 흐른 뒤 나의 맘 속에 맘으로 널 그리워 해왔었다 말했지  이젠 다시 사랑을 가슴에 묻고 나누어지는 슬픔은 없을꺼야  내안에 있는 소중한 것을 모두다 너에게 주고 싶어  나 역시 서툰 웃음과 어색한 시간이 흐른 뒤 나의 맘 속에 맘으로 널 그리워 해왔었다 말했지  이젠 다시 사랑을 가슴에 묻고 나누어지는 슬픔은 없을꺼야  내안에 있는 소중한 것을 모두다 너에게 주고 싶어  그리움에 보낸 날들은 너의 절실함을 일깨워주고  어떤 어려움에도 견딜 수 있는 널 향한 사랑에게 보여주었어  그리움에 보낸 날들은 너의 절실함을 일깨워주고
1994.10.02~10.08,35,1931126,칵테일 사랑,마로니에,칵테일 사랑,1994.03.01,Dance,김선민,마음 울쩍한날엔 거리를 걸어보고  향기로운 칵테일에 취해도 보고  한편의 시가 있는 전시회장도 가고  밤새도록 그리움에 편지 쓰고파  모짜르트 피아노 협주곡 21번  그 음악을 내 귓가에 속삭여주며  아침 햇살 눈부시게 나를 깨워 줄  그런 연인이 내게 있으면  나는 아직 순수함을 느끼고 싶어  어느작은 우체국앞 계단에 앉아  후리지아 꽃향기를 내게 안겨 줄  그런 연인을 만나 봤으면  마음 울쩍한날엔 거리를 걸어보고  향기로운 칵테일에 취해도 보고  한편의 시가 있는 전시회장도 가고  밤새도록 그리움에 편지 쓰고파 모짜르트 피아노 협주곡 21번  그 음악을 내 귓가에 속삭여주며  아침 햇살 눈부시게 나를 깨워 줄  그런 연인이 내게 있으면  나는 아직 순수함을 느끼고 싶어  어느작은 우체국앞 계단에 앉아  후리지아 꽃향기를 내게 안겨 줄  그런 연인을 만나 봤으면  마음 울쩍한날엔 거리를 걸어보고  향기로운 칵테일에 취해도 보고  한편의 시가 있는 전시회장도 가고  밤새도록 그리움에 편지 쓰고파  창밖에는 우울한 비가 내리고 있어  내마음도 그 비따라 우울해지네  누가 내게 눈부신 사랑을 가져 줄까  이세상은 나로 인해 아름다운데  마음 울쩍한날엔 거리를 걸어보고  향기로운 칵테일에 취해도 보고  한편의 시가 있는 전시회장도 가고  밤새도록 그리움에 편지 쓰고파
1994.10.02~10.08,36,61647,미성년자 관람불가,색종이,색종이 1집,1994,Ballad,,아 기다리고 기다리던 첫 데이트  무엇을 할까 지루하게 흐르는 시간 영화를 보자며 내 팔을 당기는  그녀를 따라 극장안에 앉았는데  어두운 화면에 가득한  두 주인공의 입맞춤과  자세하게 말하기 곤란한 장면들  자꾸만 마음이 떨려  공연한 헛기침이 어색해  왜 이렇게 더울까 모른채 고개 숙여도  내 눈을 어지럽게 만들던  어른 영화 처음 보던 날  괜찮은 영화라고 말할 순 없지만  싫진 않았어 그녀 역시 똑같을꺼야  갑자기 어른이 된 것 같은 느낌  깔린 목소리 내 모습이 우스운지  환한 웃음을 지며 어깨를 때리고  뛰어가는 그녀  난 어쩌면 널 사랑할 것 같은데   여전히 마음이 떨려  공연한 헛기침이 어색해  왜 이렇게 더울까 모른채 고개 숙여도  내 눈을 어지럽게 만들던  어른 영화 처음 보던 날  다음엔 어디로 갈까 신중히 고민해 봐야겠어  오페라는 어떨까 점잖게 양복을 입고  열심히 졸고 있는 날 보면 큰소리로 웃고 말겠지
1994.10.02~10.08,37,61758,예행연습,좌회전,예행연습,1994.04.01,Dance,이승철,하루에도 열두번씩 삐지면 내가 가만 놔두질 않을거야 하루종일 토닥토닥 거리면 내가 먼저 떠나라 말할꺼야 누구나 한번쯤은 괜한 표정 지으며 oh baby 마음 속 깊은 곳에 누굴 데려가려고만 할테지 아직은 사랑을 몰라 내 나이가 몇인데 그래도 사랑은 할래 꿈도 못 꿔보나 머 아직은 사랑을 몰라 혹시나 하면서도 그래도 사랑은 할래 열일곱의 내사랑을 하루종일 딱 한 마디 해봤어 왜 그리도 내게는 힘든걸까 아직은 어리다는 누나 말에 울먹 울먹거리며 잠이 들며 누구나 한번쯤은 괜한 표정 지으며 oh baby 마음 속 깊은 곳에 누굴 데려가려고만 할테지 아직은 사랑을 몰라 내 나이가 몇인데 그래도 사랑은 할래 꿈도 못 꿔보나 머 아직은 사랑을 몰라 혹시나 하면서도 그래도 사랑은 할래 열일곱의 내사랑을  누구나 한번쯤은 괜한 표정 지으며 oh baby 마음 속 깊은 곳에 누굴 데려가려고만 할테지 아직은 사랑을 몰라 내 나이가 몇인데 그래도 사랑은 할래 꿈도 못 꿔보나 머 아직은 사랑을 몰라 혹시나 하면서도 그래도 사랑은 할래 열일곱의 내사랑을 아직은 사랑을 몰라 내 나이가 몇인데 그래도 사랑은 할래 꿈도 못 꿔보나 머 아직은 사랑을 몰라 혹시나 하면서도 그래도 사랑은 할래 열일곱의 내사랑을
1994.10.02~10.08,38,57211,내가 널 닮아갈 때,노이즈,Noise2,1994.03,Dance,천성일,늦었지만 솔직히 말할게 처음 서로를 알게 된 그 때 이제와서 이런 말할 필욘없지만 나는 너를 별로라고 생각했어 너의 그런 촌스런 모습 너의 그런 무딘 센스 하지만 지금도 이해할 수 없던 것은 너를 멀리할 수 없었다는 걸 내가 널 닮아갈 때 으흠 니가 날 닮아갈 때 우리 서로 닮아가는 그 동안의 얘기가 너무 재밌지 않니 나의 그런 냉정한 성격 나의 그런 조급한 마음 모든 것이 널 만난 후부터 그렇게 조금씩 너처럼 무뎌지고 있었다는 걸 난 자신할 수 있었지 그렇지만 쉽지는 않았지 그런 너도 날 닮아가려고 꽤 많이 노력하는 것을 알게됐어 내가 널 닮아갈 때 으흠 니가 날 닮아갈 때 우리 서로 닮아가는 그 동안의 얘기가 너무 재밌지 않니 그렇게 다 얘기하지 내 모습이 너무나 변했다고 그래 사랑을 해봐 모든 것을 바꿔봐 그런 것들이 날 얼마나 기쁘게 하는지 생각해 봐 생각해 봐 그 모든 걸 그 모든 걸 샤바라바라바랍  시간은 그렇게 흘러갔어 나는 자꾸 널 닮아갔지 그렇게 세련된 것만 좋아하던 내가 이젠 털털한 성격의 소유자가 됐어 그러던 어느날 널 봤지 나는 미처 알아보지 못했어 그 곳엔 어느덧 매우 세련된 나의 공주님이 웃고 서있다는 걸 내가 널 닮아갈 때 으흠 니가 날 닮아갈 때 우리 서로 닮아가는 그 동안의 얘기가 너무 재밌지 않니 그렇게 다 얘기하지 내 모습이 너무나 변했다고 그래 사랑을 해봐 모든 것을 바꿔봐 그런 것들이 날 얼마나 기쁘게 하는지 생각해 봐 생각해 봐 그 모든 걸 그 모든 걸 생각해 봐 생각해 봐
1994.10.02~10.08,39,91425,어떤 기다림,김건모,김건모 2집,1993,Dance,김창환,어제와 같은 시간이 나의  방안에 흐르고 있어 며칠 째 너로 인해 난 아무것도  할 수 없었지 그저 한숨을 내쉬며 널 잊으려고  했었지만 나의 마음속엔 오늘도 그리움만  더 커져가고 있어 하얗게 지우려 했지만 추억의  낙서가 너무 많아  시간이 널 지울때까지 난 그냥  너를 기다릴거야 난 습관처럼 전화기를  바라보고 있어  혹시 너의 맘이 변해 내게 다시  전화를 걸지 않을까 벨 소리에 나의 마음  두근거리지만  역시 넌 아니었어 그건 나의  기대였을 뿐 오늘도 나의 노트에는 너의  이름을 채우고 있어  천번을 더 쓰고 읽어야 니가 다시  돌아올 것 같아 난 지금 너에게 편지를 써  내 못다한 그 얘기들을 아직 너만을 기다리는 나에게 다시 돌아오라고 어제와 같은 시간이 나의 방안에  흐르고 있어 며칠 째 너로 인해 난 아무것도  할 수 없었지 그저 한숨을 내쉬며 널 잊으려고  했었지만 나의 마음속엔 오늘도 그리움만  더 커져가고 있어 하얗게 지우려 했지만 추억의  낙서가 너무 많아  시간이 널 지울때까지 난 그냥  너를 기다릴거야 난 습관처럼 전화기를  바라보고 있어  혹시 너의 맘이 변해 내게 다시  전화를 걸지 않을까 벨 소리에 나의 마음  두근거리지만  역시 넌 아니었어  그건 나의 기대였을 뿐 오늘도 나의 노트에는 너의  이름을 채우고 있어  천번을 더 쓰고 읽어야 니가  다시 돌아올 것 같아 난 지금 너에게 편지를 써 내  못다한 그 얘기들을 아직 너만을 기다리는 나에게  다시 돌아오라고
1994.10.02~10.08,40,1659821,용서,이희진,또다른 기쁨,1994.09.01,Ballad,,이젠 지워졌나  널 원한 죄로 여러번  머리 숙여야 했던  나 오늘도 널  허락하려 한다  나나나나  취해 널 보던 밤  내 마음대로 말하고  안아 버리려 했던  나 오늘 또  지처하는 널  허락하려 한다  나나나나  이런 일  스쳐가는 것처럼  비난없이  숨겨지진 않겠지만  잘못이 될 수는 없다고  너의 그녀에게  나 용서를 바래  주저 하지마  주저 하지마  두루루 루루 루 루루  거절 하지마  거절 하지마  나나나나나  이런 일  스쳐가는 것처럼  비난없이  숨겨지진 않겠지만  잘못이 될 수는 없다고  너의 그녀에게  나 용서를 바래  주저 하지마  주저 하지마  두루루 루루 루루루  거절 하지마  거절 하지마 주저 하지마  거절 하지마
1994.10.02~10.08,41,61360,다른 모습,Kiky,판단중지,1994.01.31,Dance,,굳이 말을 하지않아도 우린 너무 잘알고있지 이 시간은 지루하기만 할뿐 단둘만의 이런 공간도 이젠 쓰라린 환상일뿐 결국 우린 마지막을 위해 만났어 어차피 너와 나는 다른모습 서로 비슷하다고 착각했지만 이제는 진실을 깨달았으니 후회없이 헤어져야만 하겠지 우리가 처음으로 만난뒤에 언제나 함께라고 생각했는데 기억속에 있는 서로의 모습 이젠 지워버려야해  우린 서로에게 아픔과 즐거움을 같이 주었지 서로 위해 그만 만나는게 좋겠어 소중했던 우리들의 의미도 아무가치도 없는 환상이 되고 특별한 느낌을 잃어버린채 우리가 아닌 너와 내가 되겠지 우리가 처음으로 만난뒤에 언제나 함께라고 생각했는데 기억속에 있는 서로의 모습 이젠 지워버려야해 어차피 너와 나는 다른모습 서로 비슷 하다고 착각했지만 이제는 진실을 깨달았으니 후회없이 헤어져야만 하겠지 우리가 처음으로 만난뒤에 언제나 함께라고 생각했는데 기억속에 있는 서로의 모습 이젠 지워버려야해
1994.10.02~10.08,42,62022,새로운 느낌,뮤,Mue,1994.10,Dance,조진호,난 너의 그런 표현이 싫었어  언제나 뚜렷한 표현이   중요한거야  그건 우리들의 특징이 아니겠니  적어도 사랑이란 말을 논한다면  어쨌든 너에게 변화가  있어야 하지  조금은 신선한 세련된 느낌으로  때로는 엉뚱하게  사랑한단 말도 한번 해보고  때론 아주 무섭게 다가와 하이야  전화를 걸면 넌 언제나  매일 똑같은 얘기속에 나를찾고  내가 전화 할 때면  너는 항상 잠에 취해  난 알 수 없어 너의 그 모든걸  왠지 모르게 순수해 보이긴해도  생각해보면 넌 멍청해  때로는 엉뚱하게  사랑한단 말도 한번 해보고  때론 아주 무섭게 다가와 하이야  유행이 지난 얘기들을  아주 재미있는 얘기처럼  흥분하며 이건 웃어야 할지 울어야 할지 고민만 하다가 나는 웃고 말았어 전화를 걸면 넌 언제나 매일 똑같은 얘기속에 나를찾고 내가 전화 할 때면 너는 항상 잠에 취한 목소리로 1 2 3 4 유행이 지난 얘기들을 아주 재미있는 얘기처럼  흥분하며 이건 웃어야 할지 울어야 할지 고민만 하다가 웃곤하지
1994.10.02~10.08,43,59072,이름 없는 거리,변진섭,Image `94,1994,Ballad,지예,여기 슬픈소원을 가진 나만의 얘기가 있어 늘 서로를 사랑하면서 이별을 생각해야 하는 넘어설 수도 또 벗어날 수도 없어 없어 우리의 슬픈 이 현실이 너무 싫어 어디로 가든 날 따라줘 그곳이 어둠뿐이라도 어떻게든 함께할 수 있으면 사랑하니까 누구도 이젠 날 찾지마 이름없는 곳이라도 우린 그저 함께할 수 있으면 사랑하니까  넘어설 수도 또 벗어날 수도 없어 없어 우리의 슬픈 이 현실이 너무 싫어 어디로 가든 날 따라줘 그곳이 어둠뿐이라도 어떻게든 함께할 수 있으면 사랑하니까 누구도 이젠 날 찾지마 이름없는 곳이라도 우린 그저 함께할 수 있으면 사랑하니까
1994.10.02~10.08,44,57022,커피 향기의 오후,Issue,Issue,1994.02,Ballad,신피디,커피 향기에 잠시 너의 모습이 떠올라 내가 지쳐있을때 더욱 슬프게 하는건 혼자이기 때문 혼자이기 때문  고마워 한 동안 내게 지나치게 짜증부리던 너 내게 조금이라도 상처를 주지 않으려 애쓴거 나 알아 정말 정말 고마워 이렇게 슬퍼지는 이유는 이별의 아픔 잊으려하는것보다 떠오르는 네 모습 더욱 슬프기 때문이야  정말 보고 싶어 이렇게 슬퍼지는 이유는 이별의 아픔 잊으려하는것보다 떠오르는 네 모습 더욱 슬프기 때문이야
1994.10.02~10.08,45,4107875,친구에게 (Feat. 전혜선),김민기,친구에게,2013.05.08,Folk,김민기,우리는 오랜 친구는 아니지만 왠지 정이 든 것 같아 누구든지 잊을 수 없는  추억이 있겠지 지금은 너에게 맡기고 싶어 나의 마음을 하지만 언제든 우리 사이에는  이별이 다가오겠지 생각하기 싫지만 걱정이 되는 걸 지금까지 조금 어색해도  이젠 마음대로 웃고 싶어 너를 만나 느낀 모든 것을  내 맘 속에 영원히 두고 싶어 우리는 깊은 대화는 없었지만 왠지 편안한 것 같아 누구든지 만날 수 있는  사람은 많지만 지금은 너에게 기대고 싶어 나의 마음을 하지만 언제든 우리 사이에는  이별이 다가오겠지 생각하기 싫지만 걱정이 되는 걸 언젠가는 세월 지나가고  우리들은 미소로 말하겠지 너를 만나 느낀 모든 것을  내 맘 속에 영원히 두고 있어 지금까지 조금 어색해도  이젠 마음대로 웃고 싶어 너를 만나 느낀 모든 것을  내 맘 속에 영원히 두고 싶어
1994.10.02~10.08,46,56449,그냥 걸었어,임종환,Reggae,1994,Ballad,김준기,처음엔 그냥 걸었어 비도 오고 해서 오랫만에 빗속을 걸으니 옛 생각도 나데 울적해 노래도 불렀어 저절로 눈물이 흐르데 너도 내 모습 보았다면 바보라고 했을거야 정말이야 처음엔 그냥 걸었어 비도 오고 기분도 그렇고 해서 정말이야 거짓말이 아냐 미안해 너의 집앞이야 난 너를 사랑해 우우우 우우 우우 우우 우우우 우우 우우 나 그냥 갈까 워워 우워 우워 워워 워  정말이야 처음엔 그냥 걸었어 비도 오고 기분도 그렇고해서 정말이야 거짓말이 아냐 미안해 너의 집앞이야 난 너를 사랑해 우우우 우우 우우 우우 우우우 우우 우우 나 그냥 갈까 워워 우워우워 워 워워 워워 워워 워우 워우워우 워 워워 워워
1994.10.02~10.08,47,104786,오래된 친구,빛과소금,오래된 친구,1994.03.01,Rock,장기호,Mr박 Mr장 우리는 오래된 친구 성격은 달라도 마음은 아주 잘 통해 우 국민학교 어린 시절 함께 뛰놀던 장난꾸러기야 우리는 오래된 친구 하나밖에 없는 친구 진실한 마음 하나로 서로를 이해하네 Mr박 Mr장 우리는 진실한 친구 목소린 달라도 대화는 아주 잘 통해 우 다툰 적도 있었지만 그럴때마다 우정은 깊어지네 우리는 오래된 친구 하나밖에 없는 친구 진실한 마음 하나로 서로를 이해하네 우리는 오래된 친구 하나밖에 없는 친구 진실한 마음 하나로 서로를 이해하네 Mr박 Mr장 Mr박 Mr장  우리는 오래된 친구 하나밖에 없는 친구 진실한 마음 하나로 서로를 이해하네 우리는 오래된 친구 하나밖에 없는 친구 진실한 마음 하나로 서로를 이해하네 예예예예 예예 예예 예예예예 예예 예예 예예예예 예예 예예 서로를 이해하네 예예예예 예예 예예 예예예예 예예 예예 예예예예 예예 예예 서로를 이해하네
1994.10.02~10.08,48,997784,사랑을 그대 품안에,최진영,최진영베스트,1990,Ballad,,가만히 다가가 손 잡으니 작은불 켜지면서 또 다른 세상 열리는것 같아  그대 낮은 소리로 나의 이름 부르니 나는 그대 앞에서 큰 의미가 되네 어쩌면 내인생 달라질것만 같은 기쁜 느낌 혼자 떠돌던 지나간 날들이 이제야 비로소 안길곳을 찾았으니 너에게 내사랑 바칠거야 너에게 모든걸 내 모든걸 그대 품안에  혼자 떠돌던 지나간 날들이 이제야 비로소 안길곳을 찾았으니 너에게 내사랑 바칠거야 너에게 모든걸 내 모든걸 그대 품안에  온세상 향해서 말할거야 그 어떤 시련들도 우리의 시간 막을수 없다고  자 이제 일어나 바로 지금
1994.10.02~10.08,49,61581,그리움으로 지는 너,코코,그리움으로 지는 너,1993,Ballad,이혜영,거친 숨소리 속에 흐느낌은 이젠 제발 그만 좀 해 이별의 아픈 푸념들 더 이상 듣기 싫어 정말 이해 못 해 난 널 계속된 눈물 아무런 이유 없이 날 떠나갔잖니 자 뒤를 돌아서봐 사랑 때문에 버렸던 많은 것을 시작해봐 거짓된 사랑은 이젠 모두 잊어버려  모든 것을 포기한 듯한 너의 지친 한숨 소리들 가슴을 답답하게 해 이제는 그만해 둬 아픈 추억 속에 빠진 너의 모습이 언제까지 널 위해 위로할 순 없어 자 눈물을 닦아봐 잃어버렸던 새로운 사랑 위해 눈을 뜨자 거짓된 사랑은 이젠 모두 잊어버려  정말 이해 못 해 난 널 계속된 눈물 아무런 이유 없이 널 떠나갔잖니 자 뒤를 돌아서봐 사랑 때문에 버렸던 많은 것을 시작해봐 거짓된 사랑은 이젠 모두 잊어버려
1994.10.02~10.08,50,56675,사랑하고 있다는 걸,손지창,사랑하고 있다는걸,1994.02.21,Ballad,,기다릴 수 없어 이제는 그렇게 쉽게 얘기하지마 포기할 수 없어 너만은 모두가 나를 떠나가 버려도 더 가까이 가고 싶어 더 가까이 느끼고 싶어  포기할 수 없어 너만은 모두가 나를 떠나가 버려도 더 가까이 가고 싶어 더 가까이 느끼고 싶어 말해줘 말해줘 너도 느끼고 있잖아 더 이상 나를 피할 순 없어 말해줘 말해줘 내가 너를 사랑한만큼 너도 나를 사랑하고 있다는 걸  더 가까이 가고 싶어 더 가까이 느끼고 싶어 말해줘 말해줘 너도 느끼고 있잖아 더 이상 나를 피할 순 없어 말해줘 말해줘 내가 너를 사랑한만큼 너도 나를 사랑하고 있다는 걸 말해줘 말해줘 너도 느끼고 있잖아 더 이상 나를 피할 순 없어 말해줘 말해줘 내가 너를 사랑한만큼 너도 나를 사랑하고 있다는 걸 너도 나를 사랑하고 있다는 걸
