time,rank,song_id,title,singers,album,date,genre,creator,lyric
1998.12.27~01.02,1,75068,Dreams Come True,S.E.S.,S.E.S. 2,1998.11,Dance,,내가 원하는 대로 자신 있는 모습 그대로 이제껏 숨겨 왔던 비밀을 네게 모두 말하고 싶어 baby Funny how all dreams come true 나를 지켜줄거야 아껴왔던 작은 사랑도 Funny how I feel for you 너의 곁에 그려질 꿈결같은 나의 미래도 처음 느낌 그대로 짜릿했던 느낌 그대로 서로가 약속했던 것처럼 같은 생각 갖고 있었지 baby Funny how all dreams come true 나를 지켜줄꺼야 아껴왔던 작은 사랑도 Funny how I feel for you 너 하나만 사랑해 Come on lover 언제나 둘이 함께 네가 있는 나 행복할 거에요 더 이상 슬픈 노래는 듣지 않을 거예요 내 맘을 알겠죠 Dreams come true 나를 지켜줄거야 아껴왔던 작은 사랑도 Funny how I feel for you 너의 곁에 그려질 꿈결같은 나의 미래도
1998.12.27~01.02,2,81013,커플,젝스키스,Special,1998.10.03,Dance,장대성,예전보다 지금 니가 더욱 괜찮을거야  허전했던 나의 빈 곳을 이젠 채워 줬으니 아름다운 세상에서 많이 외로워 하며 내 반쪽을 찾아 해맨건 모두 옛날 얘긴걸 내 생애 이 시간만을 얼마나 기다렸는지 마치 꿈만 같은걸 이젠 나 혼자가 아닌 너와 함께 하는거야 Oh LOVE 왜 이제서야 많이 외롭던 나를 찾아온거야 Oh LOVE 너를 사랑해 이제 모든 시간들을 나와 함께해  All right all right When I saw you one time I lost my heart to you Oops baby I'll be loving you forever with you now Baby don't go too far I won't let you go Please don't go I want to hold you tight and I need your love 얼마나 수 많은 날을 기다려 왔는줄 아니 이젠 모두 앞에서 너의 손을 꼭 붙잡고 우린 함께 하는거야 Oh LOVE 왜 이제서야 많이 외롭던 나를 찾아온거야 Oh LOVE 너를 사랑해 이제 모든 시간들을 나와 함께해 과거 따윈 모두 잊고 나와 함께 할 많은 시간을 추억으로 만들어 Oh LOVE 왜 이제서야 많이 외롭던 나를 찾아온거야 Oh LOVE 너를 사랑해 이제 모든 시간들을 나와 함께해
1998.12.27~01.02,3,1816950,불멸의 사랑,조성모,To Heaven,1998.09.06,Ballad,양정승,나 가진것 없지만 널 사랑했다는 이유로 저 다른세상 힘에 겨워도 후회하진 않을거야 내 아름다운 사랑 너 슬퍼도 울진 말아줘 너 네게 줄 수 있는 사랑을 이젠 모두다 이뤘으니 영원히 널 사랑해 괜찮아 내 모든걸 준대도 나 이 세상을 살아도 너 없이는 힘이 들어 남아있는 내 삶을 널 위해 바칠게 넌 어려워마 그리고 행복하게 살아줘 넌 몰랐을거야 나의 존재도 어서 자유를 찾아서 멀리 떠나가줘 그렇게 서 있지마 늦기전에 뒤돌아 볼 것도 없이 날 잊어줘 영원히 널 사랑해 괜찮아 내 모든걸 준대도 나 이 세상을 살아도 너 없이는 힘이들어 남아있는 내 삶을 널 위해 바칠게 넌 어려워마 그리고 행복하게 살아줘 행복하게 살아줘
1998.12.27~01.02,4,81075,1tym,원타임,One Time For Your Mind,1998.11,Rap / Hip-hop,송백경,알겠어 와 와 우리도 지금까지   how how 너무도 긴 시간을   foul foul   참아왔던 것 you know what   the time how we kick right now  우리가 모든 것을 엎어 엎어 지금  이곳에서 벗어나고 싶어  oh my god 너희 모둘 기다려온 1tym 처럼 다시 시작하는 거야 다같이 bow wow wow yippy  to then 똑같이 반복됐던  손짓속에   이제껏 소리쳐 댓었던 바보같던   너의 거짓된 눈 바로 떠   무엇이 보이나 무엇을 원하는가   구겨졌던 어제와 오늘의   네 미래 자신있게 with the   1tym track  1tym is one time for your   mind 원하는 것을 다   너에게 주겠어  우리는 1tym 조금씩 다가와   우리 함께 가는 거야 이대로  아직도 뭔말인지 또 뭔소린지   왜 알아듣지 못할 말로 지껄이지  yo t.e. to the d 이제는 말하지  excuse me  사라져버려 모두 다가가 진실들을 향해  전부 다가가 느끼니  우리 hiphop 속에 감춰진 자유  그 누구도 따라할 수 없는걸 자 때가 왔어 빨리 모든걸  너희들이 가려줄 시간들이  눈앞에 서있지 이제 모두가 깨달아야 하지 함께 1tym을  크게 외쳐봐 우리는 영원할거야 보다 멀리  더 멀리 날아가리 저 높은 곳에 우리 모두  하나가 되리 1tym is one time for  your mind 원하는 것을  다 너에게 주겠어 우리는 1tym 조금씩 다가와  우리 함께 가는 거야 이대로 1tym is one time for your  mind 원하는 것을 다  너에게 주겠어 우리는 1tym 조금씩 다가와  우리 함께 가는 거야 이대로  1tym 조금씩 다가와 우리  함께 가는 거야 이대로  1tym is one time for your  mind 너에게 주겠어
1998.12.27~01.02,5,1606670,X (The Greatest Love),터보,터보(Turbo) 4집 `Perfect Love`,1998.11.01,Dance,이승호,정말 꿈만 같은 운명 같은 그녀를 발견하게 되었지만 좀처럼 다가갈수 없는 그녀의 도도함에 용기 잃은 내 마음 어떻게든 함께 할 수 없나 고민만 하고 있었던 내가 결국 그녀의 단짝 친구인 너를 선택하게 되었잖아 Oh My Love 굿바이 굿바이 그땐 정말 어쩔 도리가 없었어 사랑하면서도 다가갈 수 없는 못난 용기 때문에 이럴 수 밖에 없는 나의 간절함을 그때 넌 몰랐어 난 결국 그녀의 친구인 널 선택해야만 했으니 정말 꿈만 같았어 그녀 나와 함께 마주 앉아 있다는 것이 아직 너는 내가 사랑인줄 알고 내 곁에 있지만 너무나 안타까웠어 내 앞에 그녈 두고도 사랑을 감춰야만 한다는 것이 차라리 말해버릴까 몇번을 망설였지만 그냥 또 그댈 보내 버리고 말았어 너도 그녀도 내 자신마저도 속여왔었던 또 거짓이었던 내 사랑을 넌 아무 불만없이 끝없이 내 곁을 지켜주었지 궁금했던 그녀 모든 얘길 끝없이 채워주는 너를 내 이기적인 욕심으로 편하게만 대해왔어 Oh My Love 굿바이 굿바이 너와 나 단둘이 만나게 된 그 날 한번도 그런적 없었던 탓인지 왠지 어색했었어 하지만 너는 내게 그녀 올 수 없는 이유를 말했고 오히려 내게 미안하다며 슬픈 미소를 보였지 예전처럼 그날도 너의 얘기속에 모두 그녀에 관한 것 뿐 왠지 그 날 따라 그런 니 모습 날 화나게 한거야 왜 나를 사랑하냐고 아직 날 모르겠냐고 오히려 화를 내는 내게 말했지 이럴수 밖에 없는 건 그녀가 없어진다면 너와 나 이별될까 두려웠었다고 이제 서야 알게 됐어 내가 바랬던 사랑을 내가 원한 사랑보다 더 큰 그녀의 사랑을 숨겨왔던 눈물만큼 더 아픈 그녀의 사랑을 이제 서야 찾게 됐어 내가 기다린 사랑을
1998.12.27~01.02,6,32728,슬픈 독백,리아,Yozosooknyo,1998.10,Rock,리아,그렇게 힘겹던 네게 위로가 된 나였는데 지난날 기약도 없이 이기적인 넌 떠났어 여린 가슴보다 더 큰 슬픔 앞에서 차라리 잘된 일이라 해도 내 눈에는 빨간 눈물 흐르네 넌 너만을 더 사랑해 왔었는데 용기없는 널 사랑했던 나였는데 너도 언젠가는 후회하겠지만 다신 그렇게 사랑하지마 떠나는 너의 뒤에서 세상 모든 슬픔처럼 왜 나만 혼자 이렇게 아파해야 하는걸까 여린 가슴보다 더 큰 슬픔 앞에서 차라리 잘된 일이라 해도 내 눈에는 빨간 눈물 흐르네 넌 너만을 더 사랑해 왔었는데 용기없는 널 사랑했던 나였는데 너도 언젠가는 후회하겠지만 다신 그렇게 사랑하지마 나보다 넌 너만을 더 사랑해 왔었는데 용기없는 널 사랑했던 나였는데 너도 언젠가는 후회하겠지만 다신 그렇게 사랑하지마 Don't you cry for me I'll never miss again
1998.12.27~01.02,7,91307,미안해 널 미워해,자우림,연인(戀人),1998.11,Rock,"김윤아,이선규",기억 나지 않아 어젯밤 꿈조차 지우려고 했던게 아닌데 잠들지 않도록 널 부르며 눈 감았지 사무쳐 그리지는 않았지 미안해 널 미워해 이대로 인걸 이해해 넌 그렇게 그대로 인걸 꿈꾸지 않기를 눈 감으며 기도했지 사무쳐 그립지는 않았지 미안해 널 미워해 이대로 인걸 이해해 넌 그렇게 그대로 인걸 그래 나 널 지우려고 해 널 보내려고 해 이제 지쳤어 미안해 널 미워해 이대로 인걸 이해해 넌 그렇게 그대로 인걸 미안해 널 미워해 이대로 인걸 어느새 난 빗물에 젖어 슬픈 새 미안해 널 미워해 이대로 인걸 이해해 넌 그렇게 그대로 인걸
1998.12.27~01.02,9,1073473,Poison(Remix),엄정화,Club DJ 가요 리믹스 Vol.1,1998.11,Dance,,
1998.12.27~01.02,10,12989,Goodbye,Jessica,사연이 있는 음악 Story,2001.02.01,Pop,,I can see the pain living in your eyes And I know how hard you try You deserve to have so much more I can feel your hurt and I sympathize And I'll never critisize All you ever meant to my life I don't want to let you down I don't want to lead you on I don't want to hold you back from where you might belong You would never ask me why My heart is so disguised I just can't live a lie anymore I would rather hurt myself Than to ever make you cry There's nothing left to say but goodbye  goodbye  You deserve a chance at the kind of love I'm not sure I'm worthy of Losing you is painful for me I don't want to let you down I don't want to lead you on I don't want to hold you back from where you might belong You would never ask me why My heart is so disguised I just can't live a lie anymore I would rather hurt myself Than to ever make you cry There's nothing left to say but goodbye  You would never ask me why My heart is so disguised I just can't live a lie anymore I would rather hurt myself Than to ever make you cry There's nothing left to try No it's gonna hurt us more There's no other way than to say goodbye  goodbye
1998.12.27~01.02,11,91299,빛 (Hope),H.O.T.,H.O.T 3,1998.09.01,Dance,강타(KANGTA),늘 함께 있어  소중한 걸 몰랐던 거죠  언제나 나와 함께 있어준  소중한 사람들을  가끔씩 내가 지쳐 혼자라 느낄 때  언제나 내게 힘이 돼준 사람들을 잊고 살았죠 이제는 힘들어도 지쳐도 쓰러지지 말고 당신의 내일을 생각하며 일어나요 사업에 실패 했어 사랑에 실패 했어 그 어떤 것도 당신을 쓰러 뜨릴순 없어 알고있죠 세상엔 당신 혼자가 아니란 걸 주저앉아 슬퍼만 하고 있을 때가 아니란 걸 아는걸 우리모두 일어나요 손을 내밀어요 모두 다함께 해요 다함께 손을 잡아요 그리고 하늘을 봐요 우리가 함께 만들 세상을 하늘에 그려봐요 눈이 부시죠 너무나 아름답죠 마주잡은 두 손으로 우리 모두 함께 만들어 가요 워워 baby 어둠에 둘러싸인 세상이 그 속에 쓰러져 가는 모두들의 모습이 우리 마음속에 있는 믿음과 사랑이 크지 못하게 가로막고 있다고 해도 다시 시작할 수 있는 굳은 용기 일어설 수 있다는 걸 알고 있어 눈물을 닦고서 밝아 오는 빛을 맞이하며 높이 우뚝 선 모두들의 행복한 미소를 그려 주위를 둘러보면 너무나 가슴이 아프죠 세상에 가득 차 있는 미움과 아픔들이 나를 서로를 미워하는 그런 마음들을 조금만 가슴을 열어 우리 서로의 사랑을 나누어 봐요 우리가 서로에게 조금씩 사랑을 보일 때 서로에 대한 믿음을 키워나갈 때 싸울 일 없어 기분 나쁠 일도 없어 서로 찡그리며 다툴 필요도 전혀 없어 우리가 꿈꾸는 눈부신 빛이 저기 있어 아름다운 세상이 바로 저기 보여 우린 여기 서서 이렇게  말하고 있어 우린 H O T Let's Party 다함께 손을 잡아요 그리고 하늘을 봐요 우리가 함께 만들 세상을 하늘에 그려봐요 눈이 부시죠 너무나 아름답죠 마주잡은 두 손으로 우리 모두 함께 만들어 가요 워워 baby 앞으로 열릴 당신의 날들을 환하게 비춰줄 수 있는 빛이 되고 싶어 이제 고개를 들어요 눈부신 빛을 바라봐요 다함께 손을 잡아요 그리고 하늘을 봐요 우리가 함께 만들 세상을 하늘에 그려봐요 눈이 부시죠 너무나 아름답죠 마주잡은 두 손으로 우리 모두 함께 만들어 가요 모두 다 눈을 떠봐요 눈앞에 세상을 봐요 꼭 마주잡은 두 손으로 우리가 해냈어요 두려움은 없어요 슬픔도 이젠 없어 우리 마음을 여기에 모아 기쁨의 축제를 열어요
1998.12.27~01.02,12,1877177,사랑하는 날까지,김종환,사랑하는 날까지,1998.12.01,Adult Contemporary,김종환,사랑은 운명 속에 언제나 살고 있다 가슴을 치는 슬픔  그 고통 속에도 나와 함께 길을 걷는다 외로움이 나는 싫어 당신을 선택했다 내가 사는 날까지 운명의 길 위에서  당신과 살고 싶다 너를 사랑하기에  내가 존재하는 것  널 위해 내가 살 수 있다면  나의 뜨거운 젊음 모두 다 주고 싶다  몇백년 사는 것도 아닌데  천년을 기다려도 너를 사랑하겠다  마지막 남은 사랑을 위해  내 꿈이 깨질까봐 불안한 삶이 싫다  내가 선택한 길을 내가 걸어가면서  사랑에 운명을 건다 너를 사랑하기에 내가 존재하는 것  널 위해 내가 살 수 있다면  나의 뜨거운 젊음 모두 다 주고 싶다  몇백년 사는 것도 아닌데 천년을 기다려도 너를 사랑하겠다  마지막 남은 사랑을 위해  천년을 기다려도 너를 사랑하겠다  마지막 남은 사랑을 위해  마지막 남은 사랑을 위해
1998.12.27~01.02,13,85527,폭풍 / You Got The Funk!,이현도,Funk,1998.12,Rap / Hip-hop,이현도,4 3 2 1 it's the bomb 아무 생각없이 숨만 쉬며 지나간 또 흘러간 하루 시간 속의 무의미함 그렇게 지쳐버린 변해버린 너의 마음 전부 다 부셔 날려버리겠어 click &amp; bang 나 새로운 그림에 널 그려 넣기 위해 소리 높여 크게 외치는 이 나의 rhyme 내가 그렇게 꿈꿔 오던 바로 나의 삶 아무런 생각 없이 배부르고 편하다면 살찐 돼지와 다를 것이 뭐가 있어 그대로 평생토록 그 속에서 살아가면 가슴에 크게 남을 것이 뭐가 있어 I'm gonna funk I gotta P funk you're gonna funk you gotta P funk yeah 누구나 똑같은 모습으로 살아간다면 그것은 복제 인간이나 다름없어 스스로 더 높이 눈 뜨려는 뜻이 없다면 그것은 죽어가는 거나 다름없어 지금 이 세상은 환기가 필요해 닫힌 문을 열어라 나의 거센 바람 폭풍의 노래가 지금 널 크게 부른다 틀린 자의 그 생각은 떨쳐라 모두 앞에 너만의 그 꿈을 펼쳐라 너의 모습 그 자체를 믿어라 멋진 세상은 우리 것이다  나의 눈속에 담긴 의지를 바라보라 너의 그 머릿속에 담긴 우주를 발견하라 가라 더 위를 향해 결코 멈추지 마라 새로 다시 눈뜨리라 틀린 자의 그 생각은 떨쳐라 모두 앞에 너만의 그 꿈을 펼쳐라 너의 모습 그 자체를 믿어라 멋진 세상은 우리 것이다 틀린 자의 그 생각은 떨쳐라 모두 앞에 너만의 그 꿈을 펼쳐라 너의 모습 그 자체를 믿어라 멋진 세상은 우리 것이다 네가 찾는 그것은 멀리 있는게 아냐 너의 가슴 안에서 빛나고 있을 거야 you got the funk
1998.12.27~01.02,14,91306,Happy Christmas,컨츄리꼬꼬,Country Kko Kko`s Happy Christmas,1998.11,Dance,,크리스마스 크리스마스 크리스마스   어쨋건 오긴오네 크리스마스가  드디어 크리스마스 크리스마스 크리스마스  영원한 우리의 Ce_le_brate night   그대가 달아나버리면 그댈 잡으러 가요  눈으로 하트를 만들어 그대 주어요 일년 열두달을 기다려왔어 결국 오늘이 됐어  눈을 감아요 아무말 하지마요  크리스마스 크리스마스 크리스마스  흰눈을 내려줘요 같이 뒹굴게오 크리스마스 크리스마스 크리스마스  그대를 나에게 맡겨줘요   (니가 여자가 생겨) (믿겨지지가 않아)  (가난한 겨울이) (나에게 오나가나) (느낌이 오지가 않아) (하얀겨울이 오긴오네)  (눈물이 쏟아지네) (착한 니가)  (아름다운 사랑을 하네) (이젠 밉지가 않아)  겨울이 좋은건 그대가 좋아하니 좋아요  그대가 추우면 나도 같이 추워요  조심히 내곁에 꼭 붙어 떨어지지 말아요  흰눈이 그대를  너무 때리잖아요  오오오 크리스마스 크리스마스 크리스마스  크리스마스 크리스마스 크리스마스  들리니 아름다운 사랑 멜로디  오오오 크리스마스 크리스마스 크리스마스  크리스마스 크리스마스 크리스마스  된거야 우리의 Ce_le_brate night  크리스마스 크리스마스 크리스마스  어쨋건 오긴오네 크리스마스가 드디어  크리스마스 크리스마스 크리스마스   영원한 우리의 Ce_le_brate night
1998.12.27~01.02,15,33728,기적 (Duet With 이소은),김동률,The Shadow Of Forgetfulness,1998.12.01,Ballad,김동률,나 그대의 눈을 바라보면 이 모든게 꿈인 것 같아요 이 세상 많은 사람중에 어쩌면 우리 둘이었는지 기적이었는지도 몰라요 그대의 품에 안길때면 새로운 나를 깨달아요 그대를 알기 전에 내가 어떻게 살았는지 몰라요 죽어 있었는지도 몰라요 어쩌면 이렇게도 엇갈려 왔는지 우린 너무 가까이 있었는데 서로 사랑해야 할 시간도 너무 모자라요 나를 믿어요 믿을께요 세상 끝까지 함께 할께요 얼마나 나를 찾았나요 헤매였나요 나의 기도를 들었나요 내 기도에 귀기울였나요  이 세상 살아가는 동안 단 한번 스쳐지나갈 때  한눈에 서로 알아볼 수 있게 되길 이렇게  어쩌면 이렇게도 엇갈려 왔는지  우린 너무 가까이 있었는데  서로 사랑해야 할 시간도 너무 모자라요  나를 믿어요 믿을께요 세상 끝까지 함께 할께요  그 얼마나 나를 찾았나요 헤매였나요  나의 기도를 들었나요 내 기도에 귀기울였나요  이 세상 살아가는 동안 단 한번 스쳐지나갈 때  한눈에 서로 알아볼 수 있게 되길 이렇게
1998.12.27~01.02,16,81547,슬픈 변명,김현성,Kim Hyun Sung 2 Solo Album,1998.10,Ballad,김종숙,이제와 널 이해해 달라고 그 사람 잘못이 아니라고 모든게 니 탓이라고 더 이상 변명따윈 하지마 어설픈 위로도 하지말아 내 가슴 무너지고 말아 그래 내가 아니라도 좋아 너만 행복할 수 있다면 제발 나의 숨을 막지는 마 그 사람을 위한 네 눈물로 더 이상 변명따윈 하지마 어설픈 위로도 하지말아 내 가슴 무너지고 말아 그래 내가 아니라도 좋아 너만 행복할 수 있다면 제발 나의 숨을 막지는 마 그 사람을 위한 네 눈물로  그래 내가 아니라도 좋아 너만 행복할 수 있다면 제발 나의 숨을 막지는 마 그 사람을 위한 네 눈물로
1998.12.27~01.02,17,38170,혼자만의 사랑,김태영,오랜 방황의 끝,2000.01.10,Ballad,한경혜,이젠 너의 모든것을 지워야겠지 더 짙은 어둠의 숲 저 밖으로 지금까지 사는건 너 있는 추억 때문이었지 어느새 난 너의 짐이 되어 있었던 거야 다신 우연히도 만나지 말아 가슴에서 죽어간 끝이 보이지 않았던 그리움 내 지친 이 가슴속을 누가 위로해줄까 혼자만의 사랑으로 남은 나 추억은 이쯤에서 접어야만 하는 거야 아픔은 혼자만의 몫인걸 아픔은 이젠 모두 지난 강에 떠나 보내야 하는 너를 뒤로 한채 돌아선거야 주체할 수 없었던 눈물의 끝을 감추면서 내 지친 이 가슴속을 누가 위로해줄까 혼자만의 사랑으로 남은 나 추억은 이 쯤에서 접어야만 하는 거야 아픔은 혼자만의 몫인걸 아픔은 가슴에서 죽어간 끝이 보이지 않았던 그리움 내 지친 이 가슴속을 누가 위로해줄까 혼자만의 사랑으로 남은 나 추억은 이 쯤에서 접어야만 하는 거야 누구의 가슴으로 기대어 살까 아픔은 혼자만의 몫인걸 아픔은
1998.12.27~01.02,18,33271,루비(淚悲):슬픈 눈물,핑클,Fine Killing Liberty : Blue Rain,1998.05,Ballad,이재경,오늘 그녀를 만났어   너의 새로운 여자를   다신 만나지 말라고   부탁했었어  빨간 루비처럼 그녀는   내게 자신있는 말투로   너를 나보다 더 사랑한다   말했어   I CAN'T CRY I CAN'T   CRY I CAN'T CRY   그래 널 보내주겠어   그 무엇도 바라지 않아   나를 위해 힘겹게 널   내 곁에 두는 것보다   널 위해서 내가 떠날게   많이 아프고 힘들지만   나보다 그녀가 더 좋다면   니 곁에서 이제 없어져 줄게   I CAN'T CRY I CAN'T   CRY I CAN'T CRY   그래 널 보내주겠어   그 무엇도 바라지 않아   나를 위해 힘겹게 널   내 곁에 두는 것보다   널 위해서 내가 떠날게   먼 훗날 혼자가 되면 나에게   그때 나에게  돌아올 수 있겠니 너를   기다릴거야   잠시 넌 저먼곳으로   여행을 떠난거야   나에게 나에게 돌아올   그날을 기다리며   I CAN'T CRY I CAN'T   CRY I CAN'T CRY   솔직히 나의 바램은   널 영원히 붙잡고 싶어   I CAN'T CRY I CAN'T   CRY I CAN'T CRY   언제든 다시 돌아와   난 여전히 너의 여자야
1998.12.27~01.02,19,80949,Goodnight,이현우,Both Sides Of The Story,1998.11,Ballad,,숨이 막혀 올 것 같다 슬프도록 아름다운 밤 너무나도 아름다운 너 우리는 이렇게 사랑을 하네 내겐 믿어지지가 않아 나를 향한 너의 사랑이 오오 baby 주위에 많은 사람들은 모두 너를 바라보잖아 너는 눈부시게 아름답구~나~ 나의 품에 가득 안기어 춤을 추고 있구나~~ you are my everything 루루루루루루~~ you rule my world 이순간을 영원히~~~~  너를 바래다 주고나서 불이켜진 너의 창문을 나는 한참동안 바라보았어 oh my lady 너의 창에 불이 꺼지면 오 이젠 꿈을 꾸겠지~ you are my everything 오 no no no no no~~ you rule my world 오 그대여 goodnight~~~ oh my lady you're the one tonight~~~ 이 순간을 영원히~ 우리 사랑 영원히 워~~~~~ goodnight my love~
1998.12.27~01.02,20,106605,아시나요?,영턱스클럽,영턱스 클럽 4,1998.10.30,Dance,이승호,우리 지금부터 시작해 너무  기다렸던 사랑을 너무 바래왔던 사랑을 이제  시작하는거야 아시나요 그댈 만나 이렇게 변해버린 나의 모습을 언제나 그대 생각나기만 해도 괜시리 얼굴 빨개지는 이 느낌 보이나요 이런 내 맘 처음엔 몰래 감춰두려 했는데 하지만 요즘엔 그대가 이런 날 꼭 모두 알아줬으면 해요 어쩌다 그대 눈빛 마주칠때면 가슴이 철렁하고 내려 앉아요 왜 얼굴은 또 화끈 거리는지 내가 왜 이런지 그댄 아나요 가끔씩 먼 산 보며 멍해지는 날 친구들 깔깔대며 놀려대지요 너 요즘 무척 이뻐진것 같다고 분명히 사랑에 빠진것 같다고 정말 행복하기만 해요 온 종일 설레임에 들뜬 이 기분 하루종일 우리 함께 있어도 그대와 헤어질때면 싫은걸요 아시나요 밤이 와도 그대와 함께 있고 싶은 내 맘을 오늘도 그대 돌아서는 뒷모습 눈물이 날 정도로 아쉬웠어요 느끼나요 그대곁에 자꾸만 기대보고 싶은 내 맘을 그대가 없으면 가슴이 시려요 이런게 바로 사랑인가요 편안하게 다가왔던  니가 너무 좋아 부담없이 대해주던  니가 너무 좋아 이런 느낌 하나로만  영원하길 바래 그냥 편한 친구처럼  영원하길 바래 우린 다른 연인처럼  사랑하면 안돼 구속하고 집착하는  바보같은 사랑 지금처럼 함께하며 행복하길 바래 응 행복하길 바래 지금쯤 어디에서 무엇을 할까 왜 그리고 궁금하고 보고 싶은지 또 눈감아도 그대 모습 보이는지 이런 내 맘 나도 모르겠어요 처음엔 답답하고 무서웠어요 어떻게 해야 할지 몰랐거든요 누구나 사랑하게 되면 나처럼 이렇게 변할수가  있는건가요 가끔 이런 생각도 해요 영원히 볼수 없는 슬픈 이별을 하지만 나 두렵지는 않아요 지금은 그대 내곁에 있는걸요 아시나요 밤이와도 그대와 함께 있고 싶은 내 맘을 오늘도 그대 돌아서는 뒷모습 눈물이 날 정도로 아쉬웠어요 느끼나요 그대곁에 자꾸만 기대보고 싶은 내 맘을 그대가 없으면 가슴이 시려요 이런게 바로 사랑인가요
1998.12.27~01.02,21,91226,세상은,신효범,Ego,1998.10,Ballad,강현민,귀기울여 듣고 있다면  언제라도 알 수 있겠죠  그대의  곁에 있는 사람들에겐  작은 사랑이  필요함을  눈을 감고  느껴 보아요  그대 고운  마음을 얘기할때  우리를 감싸는  저 넓은 하늘이  더욱 푸른빛으로  빛나고 있다는걸  아름다운  곳이죠  그대와 내가 함께  만들어갈 세상은  따뜻한 마음을  원한다는걸  알 수  있잖아요  고개 들어  하늘을 봐요  그대 작은  사랑의 마음들이  우리를 감싸는  저 높은 하늘을  더욱 푸른 빛으로  빛나게 하잖아요  아름다운  곳이죠  그대와 내가 함께  만들어갈 세상은  따뜻한 마음을  원한다는걸  알 수 있잖아요 그대 혼자가 아니야 마음을 열 수 있다면 곁에 있는 내모습도 아름다운 세상도 모두다 그댈 위한거죠 아름다운 곳이죠 그대와 내가 함께 걸어갈 이 세상은 따뜻한 마음 가득한 곳이죠 알 수 있잖아요 그대 외로워 말아요 후 후
1998.12.27~01.02,22,80829,낯선 바닷가에서,이선희,Dream Of Ruby,1998.11.02,Ballad,이재경,널 잊어 버리기위해 나 여기까지 온거야 하늘이 푸른 바다와-- 만나는 이-곳에 하나 둘 추억을 꺼내-- 다시는 내 맘에 담지 않으려 그렇게 너를 나도 버리고 싶어--- 내 맘에서 떠나가-줘-하 아무리 이렇게---- 너를 밀어내봐도 돌아오는 하얀 파도처럼-- 다시 나를 찾아와---- 너 또한--니맘에---- 아직 내가 있다면 나에게로 돌아와 예전처--럼 나를 사랑해줘  나 혼자 남은 시간은 -- 두려운 침묵이 되어버렸고 아무리 내가 아니라고 말해도--- 이별앞에 서있었-어-하 이세상 모든건---- 너로부-터 시작해-- 니가 없는 나의 현실이란-- 깊은 악몽일뿐야---- 돌아와--내곁에---- 나의 손을 잡아줘-- 나의 숨이 다하는 그날까지-- 너를 기다릴께 하-하-하--예 하-하---오-- 아하---
1998.12.27~01.02,23,46632,회상,박진영,Kiss Me,1998.12,Ballad,김창훈,길을 걸었지 누군가 옆에 있다고 느꼈을땐 나는 알아버렸네 이미 그대 떠난 후라는걸 나는 혼자 걷고 있던거지 갑자기 바람이 차가워지네 마음은 얼고 나는 그곳에 서서 조금도 움직일 수 없었지 마치 얼어버린 사람처럼 나는 놀라서 있던거지 달빛이 숨어 흐느끼고 있네 아 떠나버린 그 사람 아 생각나네 아 돌아선 그 사람 아 생각나네 묻지 않았지 왜 나를 떠나느냐고 하지만 마음 너무 아팠네 이미 그대 돌아서 있는 걸 혼자 어쩔수 없었지 미운 건 오히려 나였어  아 떠나버린 그 사람 아 생각나네 아 돌아선 그 사람 아 생각나네 묻지 않았지 왜 나를 떠나느냐고 하지만 마음 너무 아팠네 이미 그대 돌아서 있는 걸 혼자 어쩔수 없었지 미운 건 오히려 나였어
1998.12.27~01.02,24,534604,지각,유리상자,사랑찾기,1998.10.14,Ballad,이세준,간절히 바랬죠  제발 단 하루만이라도  나에게 마지막 기회를 주시길  이제껏 한번도  저는 그분의 그 입가에  밝은 미소 짓게 해드리지 못했죠  이제야  겨우 이제서야  돌아왔는데  그분의 곁으로  잘 하려 했는데  돌아 왔는데  준비하지 못했었던  어리석은 저에겐  견딜 수가 없도록 힘이 들지만  조금이라도 빨리 그를  당신 곁에 두시려  그렇게도 서둘러 데려가셨다면  그저 따라야 하겠죠  알 것도 같아요 그가 나에게 베풀었던 그 사랑이 바로 당신의 사랑인걸 이제야 겨우 이제서야  돌아왔는데 그분의 곁으로 잘 하려 했는데 돌아 왔는데 준비하지 못했었던 어리석은 저에겐 견딜 수가 없도록 힘이 들지만 조금이라도 빨리 그를 당신 곁에 두시려 그렇게도 서둘러 데려가셨다면 감사하며 따르겠어요 어리석은 저에겐 견딜 수가 없도록 힘이 들지만 조금이라도 빨리 그를 당신 곁에 두시려 그렇게도 서둘러 데려가셨다면
1998.12.27~01.02,25,1627767,Love Song,김종서,20th Anniversary Greatest Hits,2007.04.24,Rock,김종서,가끔은 생각 날까 지금 나처럼 내일도 그길에 미소지으며 나를 기다리고 있을것 같아 다시 볼수 없대도  행복할 수 있는 나 똑같은 세상에 살고 있다는 그 한가지 이유만으로 지난 여름날 내게 줬던 커플링 하얗게 빈 자국만이 나의 마음을 아프게 해 난 아직도 널 사랑해 세상 끝나는 날 그 순간까지 나의 마음 깊은 곳에 넌 살아 있으니 난 괜찮아 너 떠나도 잠시 너를 맡긴거라 생각해 혹시라도 힘겨울 때 다시 돌아와 니가 있던 그 자리 지난 여름날 내게 줬던 커플링 하얗게 빈 자국만이 나의 마음을 아프게 해 난 아직도 널 사랑해 세상 끝나는 날 그 순간까지 나의 마음 깊은 곳에 넌 살아 있으니 난 괜찮아 너 떠나도 잠시 너를 맡긴거라 생각해 혹시라도 힘겨울 때 다시 돌아와 니가 있던 그 자리
1998.12.27~01.02,26,80649,마지막 사랑,에코,Voice Of Love,1998.11,Ballad,이현규,왜 내게서 멀어졌나요 난 정말 원치 않았던  이별이었어요 긴 하루를 보낼 때마다 나도 모르게 눈물이  흐르곤 했었죠 그대는 내가 그립지 않나요 벌써 모든 것을 잊으셨나요 우리 헤어져야 하는 이유를 아직도 인정할 수가 없어요 쉽게 끝낼 수가 없어요 나는 처음부터 다시 시작하고  싶어요 어딜 가도 그대 생각 때문에 난 너무나 힘이 들어요  그대 역시 마찬가지잖아요 나는 달라지고 있어요 그대 다시 내게 돌아오기만을  손꼽아 기다려요 나는 그대에게 마지막  사랑이기를 원해요 좋은 추억만 기억해주세요 정녕 이대로 날 버릴 건가요 다시 한번 사랑할 수 있도록 웃으며 반겨줄 수는 없나요 쉽게 끝낼 수가 없어요 나는 처음부터 다시  시작하고 싶어요 어딜 가도 그대 생각 때문에 난 너무나 힘이 들어요  그대 역시 마찬가지잖아요 나는 달라지고 있어요 그대 다시 내게 돌아오기만을  손꼽아 기다려요 나는 그대에게 마지막  사랑이기를 원해요 나는 아무 욕심 없어요 오직 사랑하는 그대 품에 안겨  살 수 있다면 그 뿐이예요 세상이 허락하는 날까지  기다릴 거예요 내게 돌아올 그대를 믿어요
1998.12.27~01.02,27,80565,오락실,한스밴드,1집 Hans Band,1998.09.01,Rock,최준영,"시험을 망쳤어 오 집에가기 싫었어  열받아서 오락실에 들어갔어  어머 이게 누구야 저 대머리 아저씨  내가 제일 사랑하는 우리아빠   장난이 아닌 걸 또 최고기록을 깼어  처음이란 아빠 말을 믿을수가 없어  용돈을 주셨어 단 조건이붙었어  엄마에겐 말하지 말랬어  가끔 아빠도 회사에 가기싫겠지  엄마 잔소리, 바가지, 돈타령 숨이 막혀  가슴이 아파 무거운 아빠의 얼굴  혹시 내 시험성적 아신건아닐까  오늘의 뉴스 대낮부턴 오락실엔  이시대의 아빠들이 많다는데  혀끝을 쯧쯧 내차시는 엄마와  내 눈치를 살피는 우리아빠   늦은 밤중에 아빠의 한숨소리  옆엔 신나게 코골며 잠꼬대 하는 엄마  가슴이 아파 무거운 아빠의 얼굴  혹시 내일도 회사에 가기싫으실까  아침은 오고 또 엄마의 잔소리  도시락은 아빠꺼 내꺼 두개  아빠 조금 있다 또 거기서 만나요  오늘 누가 이기나 겨뤄봐요  승부의 세계는 오 너무너무 냉정해  부녀간도 소용없는 오락 한판  아빠 힘내요 난 아빠를 믿어요  아빠 곁엔 제가 있어요  아빨 이해할 수 있어요  아빠를 너무 사랑해요"
1998.12.27~01.02,28,81258,기다리는 아픔,조용필,Ambition,1998.02,Rock,이애경,고독한 이 가슴에 외로움을 심어주고  초라한 내 모습에 멍울을 지게 했다  함께한 시간보다 더 많이 가슴을 태웠고  사랑한 날보다도 더 많이 아파했다  아픔속에 지워야 할 사랑이면  고개숙인 향기마저 데려가지  눈을 떠도 감고 있는 내 그림자  그대에게 가고 있는데  날 위해 힘들다 말해줘  내가 기다릴 수 있게 해줄래  돌아와 베어진 가슴에 눈물이 마를 수 있게   아픔속에 지워야 할 사랑이면  고개숙인 향기마저 데려가지  눈을 떠도 감고 있는 내 그림자  그대에게 가고 있는데  날 위해 힘들다 말해줘  내가 기다릴 수 있게 해줄래  돌아와 베어진 가슴에 눈물이 마를 수 있게  눈물이 마를 수 있게
1998.12.27~01.02,29,79910,후(後),5Rock室(오락실),후 (後),1998.09.01,Rock,임홍렬,슬픈 영화를 볼때면  눈가에 가득 고인 눈물을  애써 참아냈던 나  그런 영화속에 주인공처럼  늘 살고싶다 말하던  널 어디에서 찾을까  술에 취한 밤이면 습관처럼  너의 집앞엘 갔지 어색한 웃음으로  미안해 하던 나의 모습  그땐 곁에 항상 니가 있어 주었기에  너의 소중함을 몰았던 날 용서해  다시 너에게로 가고싶어 널 사랑해  우리 처음 만난 그때처럼 내게로 돌아와   우연히라도 거리에서 한번쯤  너를 만날수 있을거란 생각에  처음 너를 만난 그곳을 갔지  여전히 어리석은 욕심에  이젠 지쳐가는 날 위해  함께봤던 영화속 연인처럼  나의 곁으로 다시 돌아온 너를 위해  지켜온 나의 시간들  그땐 곁에 항상 니가 있어 주었기에  너의 소중함을 몰았던 날 용서해  다시 너에게로 가고싶어 널 사랑해  우리 처음 만난 그때처럼 내게로 돌아와 -  - 간 주 중  -  함께봤던 영화속 연인처럼  나의 곁으로 다시 돌아온 너를 위해  지켜온 나의 시간들  그땐 곁에 항상 니가 있어 주었기에  너의 소중함을 몰았던 날 용서해  다시 너에게로 가고싶어 널 사랑해  우리 처음 만난 그때처럼 내게로 돌아와  곁에 항상 니가 있어 주었기에  소중함을 몰았던 날 용서해  너에게로 가고싶어 널 사랑해  처음 만난 그때처럼 내게다시 돌아와
1998.12.27~01.02,30,80697,작별,이소은,소녀 (少女),1998.12,Ballad,MGR(RBW),죄송했어요 많이 불편해 하셨죠  어린 마음에 너무 멋대로 굴었죠  예쁘더군요  오빠 옆에 있던 그 언니는  당연한걸요 오빠의 신부니까요 한번만 내 교복 입은 모습  보여 드리고 싶어 찾아 왔죠  이 모습 내게 제일 어울리나요  오래 망설였죠 속일 마음은  아니였었는데 다신 못 볼까 두려워 알고 있어요 그러면 안 되는걸  나빴어요 나는 정말로  곤란케 했다니  용서해줘요 하지만 그댈위해  여기까지 하기로 해요  그 언니 잘해 주셔요  한번만 내 교복 입은 모습 보여 드리고 싶어 찾아 왔죠 이 모습 내게 제일 어울리나요 오래 망설였죠 속일 마음은 아니였었는데 다신 못 볼까 두려워 알고 있나요 많이 울었다는 걸 나빴어요 그댄 정말로 내 맘 몰라주니 이제 잊어요 그냥 어린 여자애 알았었지 하고 말예요 그 언니 잘해 주셔요
1998.12.27~01.02,31,2683766,돌아와,업타운,Chapter 3 In History,1998.09.24,Rap / Hip-hop,"카를로스,타샤니,스티브김,정연준(업타운)",Yo yo yo  it's UPTOWN We comin at cha a little different This time you know I'm sayin' We goo' bust a little house I know it might be a little different You know coming from us And all but check it out We gonna give it to you raw Can you die it one two three uhh 그 누가 뭐라해도 나는 너를 믿었었지 오늘같은 이별이올지 꿈에도 몰랐었지 믿을수 없는 사실때문에 나는 고개를 떨구고 오늘도 눈물을 흘리고 그래도 널 사랑하는 내가 불쌍하기만 하다 아직도 기다리는 이사람이대단하다 이런 나의 마음을 알고 있는건지 다시 돌아올 생각은 절대로 찾을-수 없는 널 이렇게 기다리고- 있지만 사랑은 둘이 함께 하는것 내-사랑만 이렇게 그대로 남아있는 나를 버리고- 떠나가네 오 너를 이렇게 기다리네 모두 이해해 아직 널 사랑해 다시 내게로 돌아와 다시 내게 너무 착하기만 하던 너의 성격이 어느날 갑자기 변해버렸네 종잡을 수 없이 사라진 후로 어느새 니곁엔 다른 사람이 있어 왔다니- 잡-을수 없는 널 이렇게 찾아보고- 있지만 내 마음을 너도 알잖아 내-사랑은 아직도 너만을 바라보고 있잖아 돌아와 기다리고 있어 다시 돌아와 돌아와  사랑하고 있어 영원하도록 돌아와- 기다리고 있어 다시 돌아와 돌아와  사랑하고 있어 영원하도록 Ooh- ooh baby-  돌아와 Come back to me  baby- yeah 돌아와 내게 미안하다고 말하기전에 사랑의 소중함을 다시한번 깨달아라 이별의 신중함을 다시 한번 깨달아라 우리에게 했던 약속들을 다시 생각해라 어떻게 나를 두고 변할수가 있었는지 어떻게 나를 두고 다른 사람을 만났는지 핑계나 거짓말을 듣고 싶지 않아 용서를 빌고 돌아오길 바랄뿐 찾을-수 없는 널 이렇게 기다리고- 있지만 사랑은 둘이 함께하는 것 내-사랑만 이렇게 그대로 남아있는 나를 버리고- 떠나가네 오 너를 이렇게 기다리네 모두 이해해- 아직 널 사랑해 다시 내게로 돌아와 다시 내게돌아와-  기다리고 있어 다시 돌아와 돌아와  사랑하고 있어 영원하도록돌아와-  기다리고 있어 다시 돌아와 돌아와  사랑하고 있어 영원하도록  From the leftto the right We do thisevery right To the homiesand home girls We keepin it tight 돌아와 돌아와 돌아와
1998.12.27~01.02,32,1877126,사랑을 위하여,김종환,사랑을 위하여,1997.06.13,Adult Contemporary,김종환,이른 아침에 잠에서 깨어 너를 바라볼 수 있다면 물안개 피는 강가에 서서 작은 미소로 너를 부르리 하루를 살아도 행복할 수 있다면 나는 그 길을 택하고 싶다 세상이 우리를 힘들게 하여도 우리들은 변하지 않아 너를 사랑하기에 저 하늘 끝에 마지막 남은 진실 하나로 오래 두어도 진정 변하지 않는 사랑으로 남게 해주오 내가 아플 때보다 네가 아파할 때가 내 가슴을 철들게 했고 너의 사랑 앞에 나는 옷을 벗었다 거짓의 옷을 벗어버렸다 너를 사랑하기에 저 하늘 끝에 마지막 남은 진실하나로 오래 두어도 진정 변하지 않는 사랑으로 남게 해주오 너를 사랑하기에 저 하늘 끝에 마지막 남은 진실 하나로 오래 두어도 진정 변하지 않는 사랑으로 남게 해주오 사랑으로 남게 해주오
1998.12.27~01.02,33,91225,숨은 그림 찾기,엄정화,Invitation,1998.07,Dance,김영아,널 만날땐 가슴이 떨려 괜히   웃음만 나와 왜지  어린 아이가 돼버린맘  가끔씩 네가 싫어졌다   끝이라고 말을해도  딴청만 피우는 너는 역시   내맘을 알지  너의 곁에만 있어도 벅차   오르는 사랑은  지금 너에게 향하는 웃음으로   대신 해줄게 말이 없는 너의 성격에 심술   궂게 굴어도  편한 미소로 받아주는 널 알아  지금은 나의 모든것을 보여 줄순   없겠지만  조금씩 내맘을 찾아 주길 바랄께  이젠 우리 사랑이 영원히   함께하기를 바라며  오직 너만이 마지막 사랑이길   기도 할거야  눈을 떠봐 보이니 숨겨왔던   내 진실이   내안에서 너를 부르고 있어  나나나나나나나나나  나나나나나나나나나  나나나나나나나나나  나나나나 너의 곁에만 있어도 벅차  오르는 사랑은 지금 너에게 향하는 웃음으로  대신 할게 우리 사랑이 영원히  함께하기를 바라며 오직 너만이 마지막  사랑이길 기도 할거야
1998.12.27~01.02,34,39180,너를 끝으로,김원준,Self Destruction,1998.09.24,Rock,김원준,너에게 길들여진 습관 속에 갇혀있는 내게  현실은 허락치 않는 슬픈 비극 같아  날 버리지 않겠다는 그 약속 그 맹셀  버린 대신 내게 준 빛 바랜 나의  이별의 훈장을 가슴에 안고 나는 간다  비웃는 관객들 사이로 내 막은 내린다  날 버리지 않겠다는 그 약속 그 맹셀  버린 대신 내게 준 빛 바랜 나의  이별의 훈장을 가슴에 안고 나는 간다  비웃는 관객들 사이로 내 막은 내린다  이별의 훈장을 가슴에 안고 나는 간다  비웃는 관객들 사이로 내 막은 내린다  이제는 모든 것이 끝나 갔어 너를 끝으로
1998.12.27~01.02,35,79953,먼 훗날,YB,소외 (疏外),1998.07,Rock,유병열,널 이제 잊겠어  내 깊은 그리움으로  이 밤을 지새운건 아니었는데  이제는 닦아낼 눈물이 없어  하고픈 말 서럽게 쌓여만 가고  기억되는 그리움의  아픔이 너무 두려워  홀로 남겨진 이 순간  원할건 없지만  정말 널 사랑해 차마 그 말 한마디  못한 내가 너무나도 원망스러워  먼 훗날 다시 널  우연히 마주칠 수 있다면  사랑했다 말할꺼야  기억되는 그리움의  아픔이 너무 두려워  홀로 남겨진 이 순간  원할건 없지만   정말 널 사랑해 차마 그 말 한마디  못한 내가 너무나도 원망스러워  먼 훗날 다시 널  우연히 마주칠 수 있다면  사랑했다 말할꺼야 정말 널 사랑해 차마 그 말 한마디  못한 내가 너무나도 원망스러워  먼 훗날 다시 널  우연히 마주칠 수 있다면
1998.12.27~01.02,36,33972,진심,김광진,My Love My Life,1998,Ballad,김광진,그렇게 화내지 마요 그 말은 진심이 아니죠 이해를 할 수 없다면 그저 웃어 넘긴다면 어때요 그래도 잊진 말아요 그대의 소중한 재능이 숨겨진 보석과 같은거죠 언젠간 환하게 빛날테죠 꿈만큼 이룰꺼에요 너무 늦었단 말은 없어요 그대를 지켜주는 건 그대 안에 있어요 강해져야만 해요 그것만이 언제나 내 바램이죠 이 세상 사는 동안에 수많은 사람을 만나고 또 헤어지게 되겠죠 허나 이런 느낌 다시 없을테죠 영원히 사랑하기에 나의 모든 걸 다 준다해도 그대를 지켜주는 건 그대 안에 있어요 강해져야만 해요 그것만이 언제나 내 바램이죠 떠나갈 때가 오나요 그대 힘든 길을 가는 동안 이것만 기억해줘요 그대 사랑하지요 세상 그 무엇보다 그대만을 영원히 나 기다려요
1998.12.27~01.02,37,2274404,사람이 꽃보다 아름다워,안치환,Desire,1997.12.12,Folk,정지원,헤이 헤이  강물같은 노래를 품고 사는   사람은 알게되지 음 알게되지   내내 어두웠던 산들이   저녁이되면 왜 강으로 스미어   꿈을 꾸다 밤이 깊을수록   말없이 서로를 쓰다듬으며   부둥켜안은채 느긋하게   정들어 가는지를 으음 음  지독한 외로움에 쩔쩔매본   사람은 알게되지 음 알게되지   그슬픔에 굴하지 않고   비켜서지 않으며   어느결에 반짝이는 꽃눈을 닫고   우렁우렁 잎들을 키우는   사랑이야말로   짙푸른 숲이되고 산이되어   메아리로 남는다는 것을   누가 뭐래도 사람이   꽃보다 아름다워   이 모든 외로움 이겨낸   바로 그사람   누가 뭐래도 그대는   꽃보다 아름다워   노래의 온기를 품고사는   바로 그대 바로 당신   바로 우리 우린 참사랑   지독한 외로움에 쩔쩔매본   사람은 알게되지 음 알게되지   그슬픔에 굴하지 않고   비켜서지 않으며   어느결에 반짝이는   꽃눈을 닫고   우렁우렁 잎들을 키우는   사랑이야말로   짙푸른 숲이되고 산이되어   메아리로 남는다는 것을   누가 뭐래도 사람이   꽃보다 아름다워   이 모든 외로움 이겨낸   바로 그사람   누가 뭐래도 그대는   꽃보다 아름다워   노래의 온기를 품고사는   바로 그대 바로 당신   바로 우리 우린 참사랑  누가 뭐래도 사람이   꽃보다 아름다워  노래의 온기를 품고사는  바로 그대 바로 당신  바로 우리 우린 참사랑
1998.12.27~01.02,38,3560382,사랑은 유리같은 것,원준희,사랑은 유리같은 것,1988.07.01,Ballad,최명섭,정말 몰랐어요  사랑이란 유리 같은 것 아름답게 빛나지만 깨어지기 쉽다는 걸 이제 깨어지는 사랑의 조각들은 가슴깊이 파고드는 견딜 수 없는 아픔이에요 슬픔은 잊을 수가 있지만 상처는 지울 수가 없어요 오랜 시간이 흘러도 희미해질 뿐이에요 사랑하는 그대여 이것만은 기억해줘요 그토록 사랑했던 내 영혼은 지금 어두운 그림자뿐임을 슬픔은 잊을 수가 있지만 상처는 지울 수가 없어요 오랜 시간이 흘러도 희미해질 뿐이에요 사랑하는 그대여 이것만은 기억해줘요 그토록 사랑했던 내 영혼은 지금 어두운 그림자뿐임을 그토록 사랑했던 내 영혼은 지금 어두운 그림자뿐임을
1998.12.27~01.02,39,2962034,와요와요,오피피에이,Starwars,1998.11,Dance,,
1998.12.27~01.02,40,77364,세상이 그대를 속일지라도,김장훈,#1998 Ballads For Tears,1998.02.01,Ballad,이상호,흔들리는 그대를 보면 내 마음이 더 아픈거죠 그댈 떠나 버린 사람이 누군지 몰라도 이젠 다 잊어 주길 바래요 한없이 울고 싶어지면 울고 싶은 만큼 울어요 무슨 얘기를 한다해도 그대의 마음을 위로할 수 없는걸 알기에 난 어쩌면 그 사람과의 만남을 잘 되지 않기를 바랬는지도 몰라요 그대를 볼때면 늘 안타까웠던 거죠 우리의 만남이 조금 늦어다는 것이 이젠 모든걸 말할 수 있어요 그 누구보다 그댈 사랑했음을 세상이 그대를 속일지 몰라도 내가 그대 곁에 있음을 기억해요 난 어쩌면 그 사람과의 만남을 잘 되지 않기를 바랬는지도 몰라요 그대를 볼때면 늘 안타까웠던 거죠 우리의 만남이 조금 늦었다는 것이 이젠 모든걸 말할 수 있어요 그 누구보다 그댈 사랑했음을 세상이 그대를 속일지 몰라도 내가 그대 곁에 있음을 기억해요 이젠 모든걸 말할 수 있어요 그 누구보다 그댈 사랑했음을 세상이 그대를 속일지 몰라도 내가 그대 곁에 있음을 기억해요
1998.12.27~01.02,41,80323,향수 (그때가 그리워),여행스케치,7th-향수 (그때가 그리워),1999.04.30,Folk,조병석,짧게 깎은 머리와 같은 교복에도 서로 다른 멋을 부리며 꿈 많았던 시절엔 매일 같은 도시락 찬을 미안해 하시던 어머니의 맘도 모른 채 투정만 해 철없던 나 사랑의 매라던 선생님의 질타도 그때는 우리 마음속까지 멍들게 했지 하지만 다신 돌아갈 수 없는 그때와 그 시절 친구들이 그리워 아직도 나를 기억 해 줄까 아니 만나도 몰라 볼거야 어쩜 우린 매일 바쁜 거리에서 스쳐 지나는지 온 동네에 단 한대 뿐이던 텔레비젼 앞에 모일때면 기대와 설레임으로 하루가 짧았던 그때가 그리워 높은 구두에 짧은 치마 서툰 화장으로 미성년자 관람불가던 극장 앞을 서성이고 늘 모자란 용돈 때문에 참고서 산다고 거짓말 했다가 들통나 혼쭐 나던 그때 우린 서로가 가진 소중한 모든걸 다 준대도 조금도 아깝지 않을 만큼 순수했지 하지만 이젠 10년후 꼭 다시 만나자던 그 시절 약속 마저 희미해 아직도 나를 기억 해 줄까 아니 만나도 몰라 볼거야 어쩜 우린 매일 바쁜 거리에서 스쳐 지나는지 온 동네에 단 한대 뿐이던 텔레비젼 앞에 모일때면 기대와 설레임으로 하루가 짧았던 그때가 그리워 아직도 나를 기억 해 줄까 아니 만나도 몰라 볼거야 어쩜 우린 매일 바쁜 거리에서 스쳐 지나는지 온 동네에 단 한대 뿐이던 텔레비젼 앞에 모일때면 기대와 설레임으로 하루가 짧았던 그때가 그리워
1998.12.27~01.02,42,2184575,P.S. I Love You,박정현,Piece,1998.02.01,R&B; / Soul,하해룡,우연히 그댈 처음 본 순간 운명이란걸 느낄 수가 있었어 사랑의 시작을 먼저 말할 수 없어 기다려온 시간들 외로움 처음 알게 되었어 난 두려워 우리 사랑한 뒤에 멀어진다면 다시 볼 수 없는걸 견딜 수 없기에 우정이라 말하고 그대곁에 있지만 너무나 깊은 사랑인걸 어떻게 하나
1998.12.27~01.02,43,78647,너 그럴때면...,이브,Eve,1998.04.30,Rock,G.고릴라,울고 싶을 때 너무나 속상할 때  친구들이 너의 마음을 몰라줄때  많이 힘들때 주저 앉고 싶을때  집으로 가는 길이 멀게만 느낄때  그럴땐 나를 생각해 너  초라해 진대도  세상이 다 너를 외면한대도  나는 널 위해 사는 걸  정말 널 위해 사는 걸  내가 처음 고백한 그 날 부터  언제까지나  나를 알겠니 넌 혼자가 아니야  알수 있다면 다시는 슬퍼하지마  그럴땐 나를 생각해 너  초라해 진대도  세상이 다 너를 외면한대도  나는 널 위해 사는 걸  정말 널 위해 사는 걸  내가 처음 고백한 그 날 부터  언제까지나  나는 널 위해 사는 걸  정말 널 위해 사는 걸  내가 처음 고백한 그 날 부터  언제까지나
1998.12.27~01.02,44,2352854,하나,옐로우,Open Fresh,1998,Ballad,하해룡,우리 헤어져 살아간다면 내가 이 세상에 없기 때문이야 그댄 나 없이 살 수 있지만 그대 없는 나의 삶은 없기에 이 세상 누구도 나의 사랑을 갈라놓을 수가 없는 이유로 또 다시 혼자서 사랑한다면 다시 그대를 만날거야 그대 잊는 날부터 영원히 눈 감아 깨어나지 않는 꿈을 꾸게 해 그대가 있어 시작된 내 삶이 그대 떠나서 끝이 됐으니 잊을 수 있다면 사랑이 아냐 마지막까지 상처가 되어 또 다른 사랑을 만난다 해도 잊을 수 없는 꿈인거야 그대 잊는 날부터 영원히 눈 감아 깨어나지 않는 꿈을 꾸게 해 그대가 있어 시작된 내 삶이 그대 떠나서 끝이 됐으니
1998.12.27~01.02,45,79755,Please Baby Don`t Cry,Deep,Three Of A Kind,1998.08.01,R&B; / Soul,,Baby I know it's hard for you right now but please don't cry cuz it's hard for me too but I wan't you to know you'll always be in my heart 이렇게 멀어져만가는 너를 보며~~ 짧았던 우~리의~~ 시간을 떠올리네 더이상 네게 머무를 수 없는~~ 내 자신이 미~워져~~ 견딜수가 없던 거야~~ 힘들었던 지난 추억속~에 방황했던 그 많던 순간들~ 언제나 널 영원토록 간직할~께~~ 내맘속에 영원~히~ please baby don't cry 난 항상 너의 맘 속깊이 숨쉬고 있어 하나될 수 없는 우~~리 널 그리워 할꺼~야~ 지금 흐르는 그대의 눈물만큼 커다란 슬픔으로 이젠 다시볼 수 없~~는 추억으로 남겠지~~~ forever baby~~~ 마지막 입술의 흔적을 안고 이젠 그리움이란 이름으로 그대를 부르겠지 알고 있니 너의 눈물이 나의 가슴안에 슬픔으로 퍼져 함께 울고 있다는걸 힘들었던 지난 추억속~에 방황했던 그 많던 순간들~ 언제나 널 영원토록 간직할께~~ 내 맘속의 영원~히~ please baby don't cry 난 항상 너의 맘~속 깊이 숨쉬고 있어 하나될 수 없는 우~~리 널 그리워 할거~야~ 지금 흐르는 그대의 눈물만큼 커다란 슬픔으로 이젠 다시볼 수 없~~는 추억으로 남겠지~~ 기억해줘 지난날 지난날에~ 소중했던 사랑이었음을 흘러가는 많은 시간앞에 예전처럼 너만을 간직할께~ please baby don't cry 난 항상 너의 맘~속 깊이 숨쉬고 있어 하나될 수 없는 우~~리 널 그리워할꺼~야~ 지금 흐르는 그대의 눈물만큼 커다란 슬픔으로 이젠 다시볼 수 없~~는 추억으로 남겠지~~~ 나 우 후우~~우~ forever baby~~~
1998.12.27~01.02,46,3598340,사랑일뿐야 (98 Ver.),이기찬,이기찬 Best,2001.11.14,Ballad,,나를 어떻게 생각하냐고 너는 내게 묻지만 대답하기는 힘들어 너에게 이런 얘길한다면 너는 어떤 표정 지을까 언젠가 너의 집 앞을 비추던 골목길 외등 바라보며 길었던 나의 외로움의 끝을 비로소 느꼈던거야 그대를 만나기위해 많은 이별을 했는지 몰라 그대는 나의 온몸으로 부딪혀 느끼는 사랑일뿐야 나를 어떻게 생각하냐고 너는 내게 묻지만 대답하기는 힘들어 너에게 이런 얘길 한다면 너는 어떤 표정 지을까 언젠가 너의 집 앞을 비추던 골목길 외등 바라보며 길었던 나의 외로움의 끝을 비로소 느꼈던거야 그대를 만나기위해 많은 이별을 했는지 몰라 그대는 나의 온몸으로 부딪혀 느끼는 사랑일뿐야
1998.12.27~01.02,47,80066,Messenger,엔알지(NRG),Race,1998,Dance,3534,니 앞에 서 있는 먹구름이  언제쯤이나 거쳐갈런지  그건 너만이 알수 있겠지  이런 방식의 NRG  그런 충고따윈 필요없지  니 스스로 헤쳐 나가야지  넌 지금 혼자가 아니잖니  니 옆에 서있는 건 NRG  너의 이상 또 상상  모두 펼쳐 봐 허왕된 허상  들을 모두 버리고 네 삶에서  가장 중요한것과 힘이  되어주는 사람  이 모든것 들을 너의  내면속으로  너의 안으로 끌고와  그리고 다가가  늦기전에 내게서 멀어지기전에  희망을 갖고가야 해  앞만을 보고 가야해  절대 뒤는 돌아보지마  좋지 않은 과거의 생각은  해보지도 마 없어져 버리게  그냥 그렇게 낡아가게  이게 모든게 옳은지  아니면 그른지  과연 어떤지 고민할 필요는 없어  네 삶은 완전하다 생각해  네 자신은 옳다고만 생각해  그냥 그렇게 시간은 흘러가기  마련이라고 생각해  모두 깨어있지만 지금  눈을 감지 난  같이 휩쓸려만 가는  내가 싫었어  어둠속에 서있는 그  어둠에 잠기는  내 모습을 힘껏 끌어당기고 있어  귓가에 가깝게 느껴지는  수많은 사람들의 함성은  이제껏 나를 부르는건가  그들을 나는 따라가는가  니 앞에 서있는 먹구름이  언제쯤이나 거쳐갈런지  그건 너만이 알수 있겠지  이런 방식의 NRG  그런 충고따윈 필요없지  니 스스로 헤쳐 나가야지  넌 지금 혼자가 아니잖니  니 옆에 서있는 건 NRG  네가 바라는 생각하는  모든 꿈들은  모두 이뤄질순 없어  그만큼 실망할수도 있어  애써보는 거야  실패도 맛보는거야  비로소 그현실을 넌 느끼는거야  시린 아픔이 지나가고 찾아오고  오고 가고 가고 오고  그만큼 너의 노력만큼  니가 한만큼 네가 커져가는  과정속에서 더 좋은 결과와  과정을 얻을수도 있는거야  널 방해 할 것은 없어  너의 미래가 네게 더  소중해 가는데  누가 널 방해할수 있겠니  너를 침해 할수 있는 것들을  모두 피해 좀더 쉽게  네 위치를 바로잡게 만들어가  모든건 네 손에 쥐어가  모두 깨어있지만 지금  눈을 감지 난  같이 휩쓸려만 가는  내가 싫었어  어둠속에 서있는  그 어둠에 잠기는  내 모습을 힘껏 끌어당기고 있어  귓가에 가깝게 느껴지는  수많은 사람들의 함성은  이제껏 나를 부르는건가  그들을 나는 따라가는가
1998.12.27~01.02,48,38937,하늘이여... (Wish...),강수지,Wish,1998.10,Ballad,강수지,아마 모를꺼야 주위의 반대속에 우리 사랑 무너질까봐 너의 곁을 떠나왔던 걸 너는 알고있니 어떻게 살아가는지 얼마나 더 괴로워야만 그리움에서 벗어나겠니 이 세상에 단 한사람 니가 전부였는데 너를 잃고 지금까지도 너무나 후회하고 있어 예전처럼 나에게 웃으면서 올 것 같아 하늘이여 도와줄 수 없다면 나를 데려가줘  이 세상에 단 한사람 니가 전부였는데 너를 잃고 지금까지도 너무나 후회하고 있어 예전처럼 나에게 웃으면서 올 것 같아 하늘이여 도와 줄 수 없다면 나를 데려가줘  하늘이여 도와 줄 수 없다면 제발 데려가줘
1998.12.27~01.02,49,38548,혼자한 사랑,김현정,Legend,1997.03,Dance,최규성,너의 모습을 처음 봤을때  사랑이라고 느끼고 싶었지  하지만 너는  내게 별 관심을 보이지 않아  난 화가 났었지  지금까지 이런 기분은  처음인것만 같아  어느 곳 어느 자리에  시선을 모아도  보이는건 너의 모습뿐  다른건 관심 없어  하지만 나의 마음을 네게   보이긴 정말 싫어  너와 함께 할수 있다면  그 어떤 슬픔조차  나는 감당할수 있을것 같은데  사랑한다는 말을 하기엔  넌 내게 너무나도 멀리  있는것 같아  그 어떤 사랑도 난 원치 않았지  이별을 견뎌낼 자신이 없기에  하지만 이렇게 니가 내 마음을  장악할지는 예상도 못했지  지금까지 이런 기분은  처음인것만 같아  어느 곳 어느 자리에  시선을 모아도  보이는건 너의 모습뿐  다른건 관심 없어  하지만 나의 마음을 네게   보이긴 정말 싫어  너와 함께 할수 있다면  그 어떤 슬픔조차  나는 감당할수 있을것 같은데  사랑한다는 말을 하기엔  넌 내게 너무나도 멀리 있는것 같아  너와 함께 할수 있다면  그 어떤 슬픔조차  나는 감당할수 있을것 같은데  사랑한다는 말을 하기엔  넌 내게 너무나도 멀리 있는것 같아
1998.12.27~01.02,50,1839686,믿음,이소라,슬픔과 분노에 관한,1998.05.01,Ballad,이소라,힘든가요 내가 짐이 됐나요 마음을 보여줘요 안된대도 아무 상관없어요 내 마음만 알아줘요 다른 사람 친한 그댈 미워하는 나의 사랑이 모자랐나요 늘 생각해요 이것만 기억해요 우리가 헤어지면 다시는 이런 사랑 또 없을테니 내게 힘이 돼 줘요 난 기다려요 그대 난 영원해요 우는 내가 많이 지겨웠나요 그래요 이해해요 많은 밤이 지난 그대 후회되면 다시 내게로 돌아올테
