time,rank,song_id,title,singers,album,date,genre,creator,lyric
1998.05.24~05.30,1,78633,나나나,유승준,For Sale,1998.05.01,Dance,이승호,난 그냥 되는 대로   살았었지   간섭받기 싫어 그냥 피했던거지   내일의 두려움도 필요 없어   그런 막막함에 내 시간만   좀먹었었어   그러다 내 어릴 적 꿈을 보았었지   거친 바람속 내 어릴 적   노랠 들었지   그래 이건 아니었어   용서할 수 없어   다시 나를 살린 이 노래를   불렀었지   기억하고 있니 어릴 적   예쁜 꿈들을   모두 다 이룰 수 있을 것   같던 시간들   소망을 꿈꾸며 주문을 외웠지  시간이 지나고 세상에   지쳐 갈 때쯤   꿈은 그저 꿈일 뿐인걸   알게 됐지만   어릴 적 주문을 아직 노래하네  언제나 힘들고 지칠때   날 일으켜주던 꿈이   가득한 이 노랠했어   나나나 나나나   나나나 나나나   나나나 나나나   나나나 나나나   어두워진 가리워진 나의   길을 밝혀주는   이 노래를 함께 해봐   어느 샌가 내게 찾아온   사랑을 위해   그렇게도 나를 애태운   그대를 위해   영원을 꿈꾸며 주문을 외웠지  피해갈수 없는 현실에   지쳐갈때쯤   무거워져 가는 걸음에   힘겨울때면   어릴적 주문을 노래 하곤 했지  언제나 힘들고 지칠때   날 일으켜주던 꿈이 가득한   이 노랠했어   나나나 나나나   나나나 나나나   나나나 나나나   나나나 나나나   어두워진 가리워진 나의 길을   밝혀주는   이 노래를 함께 해봐   자꾸만 어긋나 버리고   퇴색해 버리는 내 꿈을 지키고   싶었어 이기고 싶었어   누구도 가식의 가면을   버리지 않으려   끝끝내 발버둥 칠 때에 또   감추려 할때에   하늘에 새긴 내 어린 꿈들이   내 귓가에 들려준 이 노래 내   순수의 노래   키작은 아이의 함성과   내 사랑이 내게 들려준 이 노래   지켜갈 이 노래   언제나 힘들고 지칠때   날 일으켜주던 꿈이   가득한 이 노랠했어   나나나 나나나   나나나 나나나   나나나 나나나   나나나 나나나   초라하게 변해버린 나의   꿈을 밝혀주는   이 노래를 함께해봐   나나나 나나나  나나나 나나나  나나나 나나나  나나나 나나나  나나나 나나나  나나나 나나나  나나나 나나나  나나나 나나나
1998.05.24~05.30,2,77694,애상,쿨(COOL),Cool 4,1998.04,Dance,이승호,알잖아 너를 이토록   사랑하며 기다린 나를   뭐가 그리 바쁜지 너무   보기 힘들어   넌 도대체 뭐하고 다니니   그게 아냐 이유는 묻지마   그냥 믿고 기다려 주겠니   내게도 사랑을 위한 시간이   필요해 널 받아들일수 있게   일부러 피하는거니   삐삐쳐도 아무 소식없는 너   싫으면 그냥 싫다고 솔직하게   말해봐   말리지마 내 이런 사랑을   너만 보면 미칠것 같은 이맘을   누가 알겠어 웨딩드레스 입은   네 곁에 다른 사람이   난 두려워 나보다 더 멋진   그런 남자 네가 만날까봐   아니야 그렇지 않아 정말   너 하나뿐야 속는셈 치고   한번 믿어봐   내눈에는 너무 이쁜 그녀를   자랑스레 친구에게 보여줬지   친구 내게 미안하다며   그녀 얘길 싸그리 다했지   그녀 많은 남자중에 친구만도   여러명이야   말도안돼 믿을 수없어 혹시 쌍둥이   우연히 너를 보았지   다른 남자 품안에 너를   한번도 볼수 없었던 너무   행복한 미소   내 사랑은 무너져 버렸어   그게 아냐 변명이 아니라   그 남자는 나완 상관없어   잠시 나 어지러워서 기댄것  뿐이야  날 오해하진 말아줘  나역시 많은 여자들  만났다가 헤어져도 봤지만  한꺼번에 많은 여자를 만난적은  없었어  네가 뭔데 날 아프게 하니  너 때문에 상처 돼버린 내 사랑  이제 다시는 너의 헛된 만남도  나 같은 사람 없을껄  난 두려워 나 역시 다시는  이런 사랑 할 수 없을까봐  믿을수 없겠지만은 네가  첫사랑인데  떠나버리면 어떡하라구  사랑까지는 바라지도않을게  네 곁에 항상 있게만 해줘  제발 제발
1998.05.24~05.30,3,78351,왜불러,디바,Snappy Diva`s Second Album,1998.04,Dance,이건우,왜 불러 왜 불러 왜 불러  왜 아픈 날  왜 불러 왜 불러 왜 불러  왜 아픈날  두팔을 벌려 나를 꼬옥 안아줘  저 푸른 바다 밑 파란 물결속에  떠 다니는 외로움  누가 날 불러 여기까지 왔는지  더 이상 나도 날  사랑할 수조차 없다는걸 아는데  뒤에서 나를 부르는건 누구야  다가 오지마 그럴순 없어  날 내버려 둬 다시 생각해  그 누구도 날 진정 사랑해준  사람 없었어  난 꿈이 없어 내 손을 잡아봐  날 잡은건 너의실수야  나보다 더 좋은 여잔 얼마든지  있는데  왜 불러 왜 불러 왜 불러 왜 아픈날  왜 불러 왜 불러 왜 불러 왜 아픈날  순간이 아닌 영원할수 있는  그런 사랑을 원해  왜 불러 왜 불러 왜 불러 왜 아픈날  왜 불러 왜 불러 왜 불러 왜 아픈날  두팔을 벌려 나를 꼬옥 안아줘  다가 오지마 그럴순 없어  날 내버려 둬 다시 생각해  그 누구도 날 진정 사랑해준  사람 없었어  난 꿈이 없어 내 손을 잡아봐  날 잡은건 너의실수야  나보다 더 좋은 여잔  얼마든지 있는데  왜 불러 왜 불러 왜 불러 왜 아픈날  왜 불러 왜 불러 왜 불러 왜 아픈날  순간이 아닌 영원할수 있는  그런 사랑을 원해  왜 불러 왜 불러 왜 불러 왜 아픈날  왜 불러 왜 불러 왜 불러 왜 아픈날  두 팔을 벌려 나를 꼬옥 안아줘  그렇게 우린 시작했고  결혼하기로 했어  저 바다가 너를 내게 보내 준거야
1998.05.24~05.30,4,1839686,믿음,이소라,슬픔과 분노에 관한,1998.05.01,Ballad,이소라,힘든가요 내가 짐이 됐나요 마음을 보여줘요 안된대도 아무 상관없어요 내 마음만 알아줘요 다른 사람 친한 그댈 미워하는 나의 사랑이 모자랐나요 늘 생각해요 이것만 기억해요 우리가 헤어지면 다시는 이런 사랑 또 없을테니 내게 힘이 돼 줘요 난 기다려요 그대 난 영원해요 우는 내가 많이 지겨웠나요 그래요 이해해요 많은 밤이 지난 그대 후회되면 다시 내게로 돌아올테
1998.05.24~05.30,5,78002,하나의 사랑,박상민,The Road,1998.02,Ballad,조은희,가슴속에 차오르는 그대  이렇게 외면 하지만 나는 이미 알고있잖아  그댈 원하고 있어  날 바라보는 그대 눈빛 속에  영원히 머물고 싶어  함께 할 수 없는 사랑을  이젠 견딜 수가 없어 다가갈수록 멀어지는  그대 뒷모습 바라보고 있어  돌아서서 젖어오는 슬픔을  그댄 알 수 없을꺼야  서로 잠시 멀리 있다해도  이제는 느낄수 있어 오직 내가 꿈꿔왔던건  그대라는 단 하나의 사랑  다가갈수록 멀어지는  그대 뒷모습 바라보고 있어  돌아서서 젖어오는 슬픔을 그댄 알 수 없을꺼야 그댄 알 수 없을 꺼야
1998.05.24~05.30,6,481565,별이 되어,임창정,Lim Chang Jung 4th (늑대와 함께 춤을),1998,Ballad,이도연,어디에선가 날 보고 있을까  냉정하게 떠나간 너는  변명도 너는 하지 않았어  그런 너를 난 미워 했는데  믿을 수 없는 편지를 받았어  젖어있는 하얀 종이에  난 이미 세상에 없을 거라고  나를 위해 꼭 행복하라고  단 한번 널 사랑했던  내가 걱정돼서 아파하며   너 떠나갔니  용서해 널 몰랐던 날  다신 너를 혼자 보내진 않을께  하늘의 별이 되어 기다려줘  눈을 감을 때 날 생각했었니  널 미워하고 있던 나를  너 없는 아침을 볼 때마다  살아있는 난 아파하겠지  하루가 지나고나면  널 만날 하루가 더 가까워   오는 거겠지  용서해 널 몰랐던 날  다신 너를 혼자 보내진 않을께  하늘의 별이 되어 기다려줘  하루가 지나고나면  널 만날 하루가 더 가까와  오는 거겠지  용서해 널 몰랐던 날  다신 너를 혼자 보내진 않을께  하늘의 별이 되어 기다려줘
1998.05.24~05.30,7,38388,착한 사랑,김민종,애 (愛),1998,Ballad,김민종,믿어지지 아니 믿을 수 없는 지금 이 순간을 기억해야 하나 사랑하고 있는 그대가  내 곁에서 떠나는 모습을 미안해서 내게 아무 말 없이 나를 버린거라 생각하고 나니 이해할 수 있어 그대를  사랑하니까 내 사랑이니까 울고있는 나는 내게 말했지 편안하게 지내야 한다고 나를 떠난 그대가 행복 할 수 있도록 어려워도 그래야 한다고 그대여 난 오늘도 너무 괴로워 하는 나를 달래보고 있지만 더 이상 견딜 수 없는 아픔에 살아 가는게 너무 힘들지만 하지만 사랑해요 난 그댈 울고있는 나는 내게 말했지 편안하게 지내야 한다고 나를 떠난 그대가 행복 할 수 있도록 어려워도 그래야 한다고 그대여 난 오늘도 너무 괴로워 하는 나를 달래보고 있지만 더 이상 견딜 수 없는 아픔에 살아 가는게 너무 힘들지만 하지만 사랑해요 난  그대여 난 오늘도 너무 괴로워 하는 나를 달래보고 있지만 더 이상 견딜 수 없는 아픔에 살아 가는게 너무 힘들지만 하지만 사랑해요 난 그댈
1998.05.24~05.30,8,46284,비(悲),김정민,Jump 98,1998.03,Ballad,박주연,내가 없는 너의 하루는 내가 없는 너의 방안은 내가 없는 너의 미소는 여전히 눈부실까 이기적인 나를 용서해 그대 먼저 세상 떴다면 그건 살아있는 죽음이 내겐 됐을테니까 널 만나 모든게 다시 시작됐어 살아있다는게 너무도 행복했어 그래서 더욱 남김없이 후회없이 쓰고 떠나려 해 그날까지 남은 내 몫의 모든 사랑 슬픔으로 슬픔 잊히듯 다른 사랑으로 날 잊어 내가 눈을 감는 날부터 나는 너를 모를테니 널 만나 모든게 다시 시작됐어 살아있다는게 너무도 행복했어 그래서 더욱 남김없이 후회없이 쓰고 떠나려 해 그날까지 남은 내 몫의 모든 사랑 슬픔으로 슬픔 잊히듯 다른 사랑으로 날 잊어 내가 눈을 감는 날부터 나는 너를 모를테니
1998.05.24~05.30,9,1877126,사랑을 위하여,김종환,사랑을 위하여,1997.06.13,Adult Contemporary,김종환,이른 아침에 잠에서 깨어 너를 바라볼 수 있다면 물안개 피는 강가에 서서 작은 미소로 너를 부르리 하루를 살아도 행복할 수 있다면 나는 그 길을 택하고 싶다 세상이 우리를 힘들게 하여도 우리들은 변하지 않아 너를 사랑하기에 저 하늘 끝에 마지막 남은 진실 하나로 오래 두어도 진정 변하지 않는 사랑으로 남게 해주오 내가 아플 때보다 네가 아파할 때가 내 가슴을 철들게 했고 너의 사랑 앞에 나는 옷을 벗었다 거짓의 옷을 벗어버렸다 너를 사랑하기에 저 하늘 끝에 마지막 남은 진실하나로 오래 두어도 진정 변하지 않는 사랑으로 남게 해주오 너를 사랑하기에 저 하늘 끝에 마지막 남은 진실 하나로 오래 두어도 진정 변하지 않는 사랑으로 남게 해주오 사랑으로 남게 해주오
1998.05.24~05.30,10,77363,나와 같다면,김장훈,#1998 Ballads For Tears,1998.02.01,Ballad,박주연,어떤 약속도 없는 그런 날에 너만 혼자 집에 있을때 넌 옛 생각이 나는지 그럴땐 어떡하는지 또 우울한 어떤날 음 비 마저 내리고 늘 우리가 듣던 노래가 라디오에서 나오면 나처럼 울고 싶은지 왜 자꾸만 후회되는지 나의 잘못했던 일과 너의 따뜻한 마음만 더 생각나 너의 방안을 정리하다가 내 사진이 혹시 나오면 넌 그냥 찢고 마는지 한참을 바라보는지 또 우울한 어떤날 음 비 마저 내리고 늘 우리가 듣던 노래가 라디오에서 나오면 나처럼 울고 싶은지 왜 자꾸만 후회되는지 나의 잘못했던 일과 너의 따뜻한 마음만 더욱 생각나 그대여 나와 같다면 내 마음과 똑같다면 그냥 나에게 오면 돼 널 위해 비워둔 내 맘 그 자리로  그대여 나와 같다면 내 마음과 똑같다면 그냥 나에게 오면 돼 널 위해 비워둔 내 맘 그 자리로 나처럼 울고 싶은지 왜 자꾸만 후회되는지
1998.05.24~05.30,11,611303,널 보낸 이유 (Live),이승철,6집 1999 & Live Best,1999.03.21,Ballad,이승철,잊혀질까 널 보낸 이후로  멈취버린 내 미소 찾을까  너를 보냈던 이유는  내 슬픔보단 아껴둔 널 위해  하지만 넌 벌써 잊었겠지  예전부터 준비 했었으니  추억이 아픔을 누르며  행복하라 눈물짓네  애태워 지냈던 세월을 감추며  가슴에 묻어둔 숨가쁜 그리움  더 이상 필요없음을 느끼던 날  서툰 웃음 보이려 했지만  널 사랑하기에 아꼈던 눈물을  보이지 않았을 뿐  애태워 지냈던 세월을 감추며  가슴에 묻어둔 숨가쁜 그리움  더 이상 필요없음을 느끼던 날  서툰 웃음 보이려 했지만  널 사랑하기에 아꼈던 눈물을  보이지 않았을 뿐  내 슬픔보다 아껴둔 널  다시 찾을 순 없는 걸까  널 보낸 이유만으로도  다시 돌아올 수 있을텐데  내 슬픔보다 아껴둔 널  다시 찾을 순 없는 걸까  널 보낸 이유만으로도  다시 돌아올 수 있을까 내 슬픔보다 아껴둔 널 다시 찾을 순 없는 걸까
1998.05.24~05.30,12,437859,사랑한 후에,여명,아저양애니 / 我這樗愛Ni,1998.01.01,Pop,,여러번 널 단념하려 했어  내 하루는 온통 너 뿐이지만  누군갈 혼자 사랑해봤던  사람은 내 맘 다 알꺼야  오늘일지 내일일지 모를  이별앞에 난 서있는 것 같아  함께라고 느끼는 순간도  니 맘을 가질 수 없잖아  듣고싶어 너를 기다려 달란 말  조금씩 내게 마음을 열어  지금 나의 슬픔 괜찮아 내가  너의 마지막 사랑 이라면  여러번 널 단념하려 했어  내 하루는 온통 너 뿐이지만  누군갈 혼자 사랑해봤던  사람은 내맘 다 알꺼야   듣고싶어 너를 기다려 달란 말  조금씩 내게 마음을 열어  지금 나의 슬픔 괜찮아 내가  너의 마지막 사랑 이라면
1998.05.24~05.30,13,77872,사랑한 후에,신성우,Mauve,1998,Rock,"신성우,이근상",세상을 살아오는 동안에  몇 번의 사랑들을 만나게 되고  때론 결코 원치 않는 이별들도  해야 했었답니다  하지만 당신만은 내 곁에  영원히 두고 싶던 나의 마음은  그저 부질없는 욕심이었나요  아직 알 수 없어요  당신이 떠나가던 그 날에  그저 사랑하는  마음 하나만으로는  지킬 수 없다는 게  세상에 있다는 걸  비로소 깨닫게 되었죠  내가 사랑하는 그대여  내게 어두움이 머물면  환한 미솔 건네주던   당신이 나의 곁에  있었다는 사실만으로  이렇게 웃을 수 있는데  나를 떠나가는 그대여  아쉬운 기억들은  여기 두고 떠나요  당신의 마음 속에  행복만이 가득하기를  이젠 내가 기도 할게요  내가 사랑하는 그대여  내게 어두움이 머물면  환한 미솔 건네주던   당신이 나의 곁에  있었다는 사실만으로  이렇게 웃을 수 있는데  나를 떠나가는 그대여  아쉬운 기억들은  여기 두고 떠나요  당신의 마음속에  행복만이 가득하기를  이젠 내가 기도 할게요
1998.05.24~05.30,14,78713,Never Ending Story,R.ef,Forever,1998.05.01,Dance,이승호,"여기저기 하루종일 너를 찾아 헤매어 봐도 니 모습 간데없고 추억들만 나를 반겼어 이렇게 언제까지 견딜지는 모르겠지만 자꾸 무거워만 가는 나의 힘든 발걸음 이제는 모든걸 끝내고 싶어 찾을 수 없는 널 찾는 헤매임 막연한 기다림,끝없는 방황을 이제는 지쳤어 끝내 버릴꺼야 너없는 허전함 이젠 괜찮아 모든게 조금씩 익숙해진걸 꿈 속의 니 모습 이제는 더 이상 눈물이 되지는 않을 테니까 비오는 거리도 슬프지 않은 건 추억도 이제 날 떠나나봐 널 향한 그리움도 희미해져 이젠 널 잊을 수 있어 이렇게 사랑은 끝나는 가봐 기억도 추억도 지워지나봐 내 곁에 외로움 그 속에서도 너는 조금씩 흐려지니까  빨리 끝나라 끝나라 끝나버려 너의 모든걸 수월하게 잊고 싶어 널 만나지 않았던 그때로 돌아가 또 다른 사랑도 하고싶어 얼마나 오래 걸릴까 얼마나 힘이 들어야되나 아마 그렇게 쉽진 않을꺼야 시간이 흘러도 그리움은 더하니까 너 아닌 다른걸 채우고 싶어 니 모습 이젠 다 잊었으니까 한번쯤 또 다른 사랑도 꿈꿨어 하지만 거기엔 다시 또 니모습 아직도 미련이 남았었나봐 누구를 만나도 편하지 않아 왜 자꾸 너 하고 비교를 하는지 아무도 널 대신 할 순 없었어 선명한 니 눈빛 모두 다 지워도 차마 나 잊을 수 없는 것은 네 이름 만으로도 눈물이 될 이루지 못한 내 사랑 이대로 사랑은 계속되나봐 혼자도 사랑은 할 수 있나봐 예전의 두려움 이제는 없어 다시 또 이별 없을 테니까 이대로 사랑은 계속 되나봐 혼자도 사랑은 할 수 있나봐 예전의 두려움 이제는 없어 다시 또 이별 없을테니까"
1998.05.24~05.30,15,78095,두려움 없는 사랑,포지션,Feel So Good,1998.04.09,Ballad,한진우,너무 감당하기 힘든 고통스런 날들 혼자서 모든 걸 포기하겠어 살아갈 날 아직 내겐 너무 많은데 다행이야 늦지 않아서  애절한 눈빛이 날 흔들리게 해 밤새워 결심했던 생각을 아직 사랑하는 마음 남아있기에 쉽게 헤어지잔 말은 못했어 지친 오늘이 가면 힘든 내일 오겠지 수없이 생각 바꿔 봤지만 시간이 내 자신을 강해질 수 있도록 이미 만들고 있으니 지친 나날들이 내겐 아무렇지 않아 새로운 결심이 생겼으니까 아픔을 겪고 나면 편하겠지만 쉽게 생각한 건 아닌데  헤어진다는 것이 두려운 게 아니야 나 혼자 남게 된다는 것도 이토록 내 마음을 흔들리게 하는 건 남은 미련 때문일까 지친 나날들이 내겐 아무렇지 않아 새로운 결심이 생겼으니까 아픔을 겪고 나면 편하겠지만 쉽게 생각한 건 아닌데 너무 감당하기 힘든 고통스런 날들 혼자서 모든 걸 포기하겠어 살아갈 날 아직 내겐 너무 많은데 다행이야 늦지 않아서
1998.05.24~05.30,16,2184574,나의 하루,박정현,Piece,1998.02.01,R&B; / Soul,윤종신,1. 나 오늘도 그댈 맴돌았죠
1998.05.24~05.30,17,38793,거꾸로 강을 거슬러 오르는 저 힘찬 연어들처럼,강산에,연어,1998.03,Rock,"강산에,나비",흐르는 강물을 거꾸로 거슬러 오르는 연어들의  도무지 알 수 없는 그들만의 신비한 이유처럼  그 언제서부터인가 걸어 걸어 걸어오는 이 길  앞으로 얼마나 더 많이 가야만 하는지  여러 갈래 길 중 만약에 이 길이 내가 걸어가고 있는  돌아서 갈 수밖에 없는 꼬부라진 길일지라도  딱딱해지는 발바닥 걸어 걸어 걸어 가다보면  저 넓은 꽃밭에 누워서 나 쉴 수 있겠지  여러 갈래 길 중 만약에 이 길이  내가 걸어가고 있는  막막한 어둠으로 별빛조차 없는  길일지라도 포기할 순 없는거야  걸어 걸어 걸어 가다보면  뜨겁게 날 위해 부서진 햇살을 보겠지  그래도 나에겐 너무나도 많은 축복이란 걸 알아  수없이 많은 걸어 가야 할 내 앞길이 있지 않나  그래 다시 가다보면 걸어 걸어 걸어 가다보면  어느날 그 모든 일들을 감사해하겠지  보이지도 않는 끝 지친 어깨 떨구고  한숨짓는 그대 두려워 말아요  거꾸로 강을 거슬러 오르는 저 힘찬 연어들처럼  걸어가다보면 걸어가다보면 걸어가다보면
1998.05.24~05.30,18,78291,미래(未來),이현도,The Saga Continues...,1998.04,Rap / Hip-hop,이현도,Oh baby can you see 그대의 머릿속에  담겨 있는 진리  가슴에 이미 존재하는  살아있는 의지  그대 발견하리 그리고 일어서리  다가오는 미래는  그대의 것이 되리 Oh baby can you see Oh baby can you see Oh baby can you see Oh baby can you see 빛을 잃은 어둠속에서 그대로 남아 있을 텐가 힘을 잃은 모습 그대로 무너져 있을텐가 그대의 머리속에 담겨 있는 진리 가슴에 이미 존재하는 살아있는 의지 그대 발견하리 그리고 일어서리 다가오는 미래는 그대의 것이 되리 어제로 지나버린 괴로움 속에 오 그대여 아직도 빠져 있는가 내일은 그대에게 달려오고 있다 이제 그 눈을 떠라 다가오는 새로운 시작을 더 크게 맞이하라 그대 앞에 빛나는 아침을 멈춰버린 시간속에서 그대로 남아있을 텐가 힘을 잃은 모습 그대로 무너져 있을텐가 어제로 지나버린 괴로움 속에 오 그대여 아직도 빠져 있는가 내일은 그대에게 달려오고 있다 이제 그 눈을 떠라 다가오는 새로운 시작을 더 크게 맞이하라 그대 앞에 빛나는 아침을 이 모든 세상이 바뀌기를 원하는가 그 생각만으로 이뤄질 수 없다 그대 큰 호흡으로 일어서라 이제 그 눈을 떠라 다가오는 새로운 시작을 더 크게 맞이하라 그대 앞에 빛나는 아침을 그대의 머릿속에 담겨 있는 진리 가슴에 이미 존재하는 살아있는 의지 그대 발견하리 그리고 일어서리 다가오는 미래는 그대의 것이 되리 이제 그 눈을 떠라 다가오는 새로운 시작을 더 크게 맞이하라 그대 앞에 빛나는 아침을 이제 그 눈을 떠라 다가오는 새로운 시작을 더 크게 맞이하라 그대 앞에 빛나는 아침을
1998.05.24~05.30,19,2274404,사람이 꽃보다 아름다워,안치환,Desire,1997.12.12,Folk,정지원,헤이 헤이  강물같은 노래를 품고 사는   사람은 알게되지 음 알게되지   내내 어두웠던 산들이   저녁이되면 왜 강으로 스미어   꿈을 꾸다 밤이 깊을수록   말없이 서로를 쓰다듬으며   부둥켜안은채 느긋하게   정들어 가는지를 으음 음  지독한 외로움에 쩔쩔매본   사람은 알게되지 음 알게되지   그슬픔에 굴하지 않고   비켜서지 않으며   어느결에 반짝이는 꽃눈을 닫고   우렁우렁 잎들을 키우는   사랑이야말로   짙푸른 숲이되고 산이되어   메아리로 남는다는 것을   누가 뭐래도 사람이   꽃보다 아름다워   이 모든 외로움 이겨낸   바로 그사람   누가 뭐래도 그대는   꽃보다 아름다워   노래의 온기를 품고사는   바로 그대 바로 당신   바로 우리 우린 참사랑   지독한 외로움에 쩔쩔매본   사람은 알게되지 음 알게되지   그슬픔에 굴하지 않고   비켜서지 않으며   어느결에 반짝이는   꽃눈을 닫고   우렁우렁 잎들을 키우는   사랑이야말로   짙푸른 숲이되고 산이되어   메아리로 남는다는 것을   누가 뭐래도 사람이   꽃보다 아름다워   이 모든 외로움 이겨낸   바로 그사람   누가 뭐래도 그대는   꽃보다 아름다워   노래의 온기를 품고사는   바로 그대 바로 당신   바로 우리 우린 참사랑  누가 뭐래도 사람이   꽃보다 아름다워  노래의 온기를 품고사는  바로 그대 바로 당신  바로 우리 우린 참사랑
1998.05.24~05.30,20,77375,고개숙인 너에게,신승훈,Shin Seung Hun Ⅵ,1998.02.01,Ballad,신승훈,말해줄수 없겠니 힘겨워 하지말고 더이상 무너지는 너를 난 볼수없어 친구라는 이유로 너를 위로하지만 감출수가 없던지 너의 흐르는 눈물 지켜주소서 내앞의 나의 친구를 약해진 모습 난 해줄말이 없군요 너무 힘들어 내 품에 기대였을때 너의 뜨거운 눈물 내 가슴에 느껴져 I Can Feel It 울지마 아직 우리에겐 지나간 날보다 남은 날이 더 많아 무릎 꿇지마라 그대여 이세상 끝에서 함께 웃는 날까지  지켜주소서 내앞의 나의 친구를 약해진 모습 난 해줄말이 없군요 너무 힘들어 내 품에 기대였을때 너의 뜨거운 눈물 내 가슴에 느껴져 I Can Feel It 울지마 아직 우리에겐 지나간 날보다 남은 날이 더 많아 무릎 꿇지마라 그대여 이세상 끝에서 함께 웃는 날까지  아무도 널 대신 살아 줄순 없는거야 고개를 들어서 너의 하늘을 바라봐 다시 시작하는 거야  울지마 아직 우리에겐 지나간 날보다 남은 날이 더 많아 무릎 꿇지마라 그대여 이세상 끝에서 함께 웃는 날까지 울지마 아직 우리에겐 지나간 날보다 남은 날이 더 많아 무릎 꿇지마라 그대여 이세상 끝에서 함께 웃는 날까지
1998.05.24~05.30,21,77729,가장 슬픈날의 왈츠,변진섭,넌픽션,1998,Ballad,,단 한번 단 한번 그대와 둘이서 함께 할 수만 있다면 영원히 영원히 내 모든 사랑을 그대 드릴께요 지금도 난 멀리 있는 그대의 얼굴을 그리죠 몰랐어요 아팠는지 그토록 참아 왔는지 여러 날을 꿈을 꿨죠 그대 내 손 놓고 떠나가는 꿈이기를 바랬는데 지금 이걸 믿을 수 없어요 얼마나 얼마나 사랑을 하는지 하늘을 알기나 하나요 모든 걸 다줘도 그대는 안되요 왜 왜 하필이면  남았어요 너무 많이 그대와 함께할 사랑을 그대 아닌 그 누구도 주인이 될 수 없어요 이 세상에 사랑말고 할게 너무 많이 있다지만 난 안되요 아무것도 할 수 없죠 어떻게 하나요 얼마나 얼마나 사랑을 하는지 하늘을 알기나 하나요 모든걸 다줘도 그대는 안되요 왜 왜 하필이면 단 한번 단 한번 그대와 둘이서 함께 할 수만 있다면 영원히 영원히 내 모든 사랑을 그대 드릴께요 라라라 라라라 라라라 라라라 라라 라라라 라라라 라라라 라라라 라라라 라라라 라라 라라라라 단 한번 단 한번 그대와 둘이서 함께 할 수만 있다면 영원히 영원히 내 모든 사랑을 그대 드릴께요 단 한번 단 한번 그대와 둘이서 함께 할 수만 있다면 영원히 영원히 내 모든 사랑을 그대 드릴께요
1998.05.24~05.30,22,109967,언제나 사랑,이형석,세상끝까지 OST,1998.06.01,Drama,오진우,알고 있어 지금 이순간 너를 떠나 보내겠지 입가에서 맴도는 말 사랑한단 말 못하고 헤어질땐 언제나 처럼 웃으면서 하자했지  어쩌면 난 다가오는 그리움에 울지 몰라 영원히 떠나보낼 그 시간에 나는 또 어떻게 할까요 오늘도 어제처럼 웃으면서 다시 또 만날순 없나요 아파와요  오늘은 널 만나고 너와 함께 있고 싶어 둘이걷던 그 길목에서 맴도는 날 보고 있니 너를 처음 만났던 그때로 다시 또 갈수는 없나요 많은 시간이 지나 너를 다시 만나면 가만히 눈감고 사랑해요 아직도 할 얘기가 너무많이 남아서 보낼순 없어요 이별을 하기에는 비가 많이 내려와 이룰순 없나요
1998.05.24~05.30,23,1573529,Happy Together,서영은,Softly Whispering `I Love U`,1998.04.01,Ballad,김준선,Baby I love you so much forevermore 내 자유로움이란 것도  그대 안에서 뿐이죠  오늘 밤엔 그대가 왠지 난 사랑스러워요 예전엔 몰랐던 귀여운 웃음이 무척 좋아보여요 내일이면 그대를 또 다시 만날 순 있지만 이 순간을 조금 더 내 곁에 함께 있어줘요 Stay with me tonight Oh please 그대 날 사랑한다면 지금처럼 언제까지 항상 그대 곁에 좋은 여자일 거예요 그대와 함께할 수 있는 세상은 아름다워 내가 그대의 전부라고 한 그 말이 너무나 좋아요 사랑할 땐 누구나 이렇게 행복한가요 언제라도 영원히 내 곁에 함께 있어줘요 Love is all I need 그대 오직 날 사랑한다면 지금처럼 언제까지 항상 그대 곁에 좋은 여자일 거예요 Oh please Stay with me tonight 그대 오직 날 사랑한다면 후회는 없어요 시간이 흘러도 Oh baby
1998.05.24~05.30,24,78033,이별,안재욱,Memories,1998.04,Ballad,손지창,더 이상 나를 위해 울지마  이런 나도 힘이들어  너를 남겨두고  나만 혼자 가야하는데  어쩔 수가 없잖아  이게 현실인 것을  어두운 나의 과거 속에서  널 만난건 행운이었어  비록 내가 가야하는 길이 멀고 험해도 운명이라면 피하지는 않겠어 이 세상이 우리 사랑을 허락하지 않아도 함께 있는거야 너와 나는 하나이기에 다시볼 수 없다고 해도 내가 있다는걸 잊지마 사랑해 너를 세상끝날 까지 어두운 나의 과거 속에서 널 만난건 행운이었어 비록 내가 가야하는 길이 멀고 험해도 운명이라면 피하지는 않겠어 이 세상이 우리 사랑을 허락하지 않아도 함께 있는거야 너와 나는 하나이기에 다시볼 수 없다고 해도 내가 있다는걸 잊지마 사랑해 너를 세상끝날 까지 내가 태어나서 처음으로 사랑한 사람 영원히 내가슴 속에 안녕
1998.05.24~05.30,25,79774,Solo예찬,이문세,Sometimes,1998.03.28,Ballad,이문세,오 또 밤이 찾아와 내 슬픈 눈을 가리고 사랑 찾아 떠나라고 내 등을 밀어 저 산이 저 태양이 나를 보고 웃네 네 사랑 네 젊음은 어데로 갔냐고 저 하늘 저 새들도 나를 보고 비웃네 수많은 연인들은 더 웃네 나도 내가 미워요 내 사랑 찾아 떠나요 내 가슴 채워 줄 그녀 어디쯤 숨어 있나요 제발 손들어 봐요 밤새워 춤춰 줄 그녀 언젠가 내 곁에 나타날거라고 난 믿어 의심치 않아 이젠 나도 지쳐요 내 사랑 찾아 주세요 내 심장 멎게 할 그녀 단 한번 사랑이예요 내게 손짓한다면 저 하늘 저 구름들도 언젠가 내 앞에 무릎 꿇거라고 난 믿어 의심치 않아 나도 내가 미워요 내 짝을 찾아 떠나요 내 인생 책임질 그녀 어디쯤 가고 있나요 제발 손짓해 봐요 밤새워 안아줄 그녀 언젠가 내 곁에 나타날거라고 난 믿어 의심치 않아 내 앞에 나타날거라고 난 믿어 의심치 않아
1998.05.24~05.30,27,78044,십년이 지나도,박진영,십년이 지나도...,1998.01,Ballad,박진영,미안해 너도 금방 좋은 사람 만날 거야 괜찮지 그래 난 괜찮아 너만 그 사람이 좋다면 난 웃으며 널 보내줄 수가 있어 하지만 왜 자꾸만 나도 다른 사람을 만나 널 쉽게 잊고 살거라 말하는 거야 그렇지 않아 날 지켜봐 두고봐 십년이 지난 후에도 난 너만을 사랑하고 있을 거야 그래 난 괜찮아 니가 떠나도 난 괜찮아 혼자서도 사랑은 계속될 테니까 하지만 왜 자꾸만 우리 사랑도 머지않아 빛바랜 추억일거라 말하는 거야 그렇지 않아 날 지켜봐 두고봐 십년이 지난 후에도 난 너만을 사랑하고 있을 거야 두고봐 십년이 뭐야 내가 죽는 날까지 내게 사랑은 오직 너 하나뿐야 날 지켜봐 두고봐 십년이 지난 후에도 난 너만을 사랑하고 있을 거야 날 지켜봐 두고봐
1998.05.24~05.30,28,75052,Everybody,진주,해바라기,1997.12.17,Dance,박진영,스뜹뜨르르듭듭듭 Oh baby 즐거운 리듬에 맞춰 우리 흥겨운 리듬에 맞춰 스뜹뜨르르듭듭듭 Woo Uhh 즐거운 리듬에 맞춰 우리 흥겨운 리듬에 맞춰 학교 가면 선생님의 눈치를 봐 집에 돌아오면 다시 부모님의 눈치를 봐 졸업하고 취직해도 직장 상사의 눈치를 봐 이건 대체 살 수가 없네 이럴 땐 Everybody 스뜹뜨르르듭듭듭 우리 모두 여기 모여 즐거운 리듬에 맞춰 우리 흥겨운 리듬에 맞춰 스뜹뜨르르듭듭듭 모든 걸 잊고서 즐거운 리듬에 맞춰 우리 흥겨운 리듬에 맞춰 버스를 타면 사람들이 너무 많아 지하철을 탔는데도  사람들이 너무 많아 시험 보러 가면 경주용 차들이 너무 너무 많아   건 대체 살 수가 없네 이럴 땐 Everybody 스뜹뜨르르듭듭듭 우리 모두 여기 모여 즐거운 리듬에 맞춰 우리 흥겨운 리듬에 맞춰 스뜹뜨르르듭듭듭 모든 걸 잊고서 즐거운 리듬에 맞춰 우리 흥겨운 리듬에 맞춰 눈 감아봐 그리고 느껴봐 음악에 몸을 싣고 모든 걸 잊고 이렇게 흔들어 봐 Hey mama C'mon Break it down 우리 모든 근심 걱정들을 잊고 우리 모두 이렇게 모두 가슴을 열고 그리고 이렇게 춤을 춰 어떻게 춤을 춰 그런거 묻지 말고 모두 춤을 춰 자 하나 둘 자 모두들 어깨를 이렇게 움직여봐들 자 셋 넷 거기 줄리엣 여기 로미오가 그대를 바라보네 이렇게 언제나 즐거운 마음으로 살아가려는 사람들은 모두 다 내 곁으로 마음 속에 그려보던 우리들만의 세상으로 이젠 다 함께 떠나가봐요 이럴 땐 Everybody 스뜹뜨르르듭듭듭 우리 모두 여기 모여 즐거운 리듬에 맞춰 우리 흥겨운 리듬에 맞춰 스뜹뜨르르듭듭듭 모든 걸 잊고서 즐거운 리듬에 맞춰 우리 흥겨운 리듬에 맞춰 스뜹뜨르르듭듭듭 우리 모두 여기 모여 즐거운 리듬에 맞춰 우리 흥겨운 리듬에 맞춰 스뜹뜨르르듭듭듭 Woo Huh 즐거운 리듬에 맞춰 우리 흥겨운 리듬에 맞춰 Not Stop
1998.05.24~05.30,29,78185,"Oh, My Love",S.E.S.,S.E.S.,1997.11.01,Dance,문스톤,Oh My love Oh My love   Oh My love 네게   I just wanna be the one   for you   Oh My love Oh My love   네게   너를 만난 이후로   나의 모든것이 달라졌어   내 수첩에 적힌 다른 이름들도   깨끗히 지웠지 너를 만난   그 순간부터   레몬빛 향기로 나의 사랑을   눈 뜨게 한 너   그냥 내게 이렇게 있어주면   다른 연인들이 부럽지 않을꺼야   사랑이라고 말 안해도   느낄 수 있어   내 입술에 너의 입술이 닿을때   너를 기다리던 시간도   외롭진 않아   처음부터 난 사랑에 빠졌나 봐   그대와 단둘이 우   그대와 단둘이   Oh My love Oh My   love Oh My love 네게   I just wanna be the   one for you   Oh My love Oh My   love 네게   너를 만나기 위해   우린 수많은 연습을 했고   서툰 이별속에 너와 난 만났지   그 날 이후부터 나는 다시   태어 난거야   시간이 흐르고 우리 같은   집에서 사는날   나의 꿈을 이루는 그 날까지   영원히 내 곁에 내 맘을 떠나지마   사랑이라고 말 안해도   느낄 수 있어   내 입술에 너의 입술이 닿을때   너를 기다리던 시간도   외롭진 않아   처음부터 난 사랑에 빠졌나 봐   그대와 단둘이 우   그대와 단둘이   Oh My love Oh My love  Oh My love 네게  I just wanna be the  one for you  Oh My love Oh My love 네게
1998.05.24~05.30,30,37596,내게 다시,더더(THETHE),The More The Better,1997.11,Rock,"김영준,신강우",언젠가 길을 걷다가 들려오는 음악 소리에  나도 모르게  너의 모습이 잊혀진 줄 알았었는데  오오  그땐 소중함을  몰랐던 거야  그땐 외로움을  몰랐으니까  Oh baby  Oh loving you  Oh I need you 이제 내게 다시 돌아올 수 없니 Oh baby Oh loving you Oh I need you 이제 더 이상 감추려 하지마 라라라라라라라 언제나 몰랐던 거야 그땐 외로움을 몰랐으니까 Oh baby Oh loving you Oh I need you 이제 내게 다시 돌아올 수 없니 Oh baby Oh loving you Oh I need you 이제 더 이상 감추려 하지마 Oh baby Oh loving you Oh I need you 이제 내게 다시 돌아올 수 없니 Oh baby Oh loving you Oh I need you 이제 더 이상 감추려 하지마
1998.05.24~05.30,31,32699,고정관념,리아,개똥철학,1998.01,Rock,리아,더 이상 꿈을 가질 수 없는 틀에서 이제 나는 벗어나려 해 굳어진 당신들의 생각이 더는 나를 길들이게 할 순 없기에 늘 하던 대로만 하루를 보내고 예 다리를 뻗고 안심을 하지 갇혀진 새장에 너무나 길들여져 무뎌진 줄 모르고 또 따라가겠지 이젠 Break down Break down Make it right 모두 해봐 Break down Break down Make it right 모두 해봐 Break down Break down Make it right 모두 해봐 마음을 한 조각만 먹어 보는거야  모두가 똑같다는 이유가 때로는 너무도 이기적인 것을 눈 감아 주는 건 이젠 그만 옳은일은 지나칠 순 없는거잖아 아무도 못하지 겁을 먹곤 하지 예 항상 그래왔던 거니까 갇혀진 새장을 너무나 길들여져 무뎌진 줄 모르고 또 따라가겠지 이젠 Break down Break down Make it right 모두 해봐 Break down Break down Make it right 모두 해봐 Break down Break down Make it right 모두 해봐 마음을 한 조각만 먹어 보는거야  어쩌면 우리는 잊고 있지 고정관념에 빠져 있단 사실을 자신은 아닐거라 믿지만 그런 생각도 이젠 no no no no no no Break down Break down Make it right 모두 해봐 Break down Break down Make it right 모두 해봐 Break down Break down Make it right 모두 해봐 마음을 한 조각만 먹어 보는거야 시간은 널 기다리지 않아 용기를 내 날아 보는거야 시간은 널 기다리지 않아 용기를 내 날아 보는거야 나나나나 나나나나 나나 용기를 내 날아 보는거야 나나나나 나나나나 나나
1998.05.24~05.30,32,76936,오해,오현란,오현란 Vol.1,1998.10,Ballad,채정은,우린 같은 영혼인걸 한눈에 알아봤는데  어쩌면 그것은 내 오핸지도 몰라  내게 던져질 슬픔을 두려워했던 맨처음  날 설득한 니 약속 다 바람같은 거야  사랑이란 늘 잔인한 아픔을 뒤에 숨겨두고  결국엔 날 혼자 가두고 웃는걸 난 또 잊었어  시들어갈 내가슴 가엽긴 하지만  니가 원한대로 보내줄거야  잊어줄 수 있어 짐이 될 눈물도 삼켰어  허나 오늘만은 혼자 두지마    내게 던져질 슬픔을 두려워했던 맨 처음  날 설득한 니 약속 다 바람같은 거야  사랑이란 늘 잔인한 아픔을 뒤에 숨겨두고  결국엔 날 혼자 가두고 웃는걸 난 또 잊었어  시들어갈 내가슴 가엽긴 하지만  니가 원한대로 보내줄거야  잊어줄수 있어 짐이 될 눈물도 삼켰어  허나 오늘만은 혼자 두지마  제발 오늘만은 혼자 두지마
1998.05.24~05.30,33,76331,티파니에서 아침을,엔알지(NRG),NRG (New Radiancy Group),1997.11,Ballad,박선주(PakSunZoo),우유빛 커튼 나풀거릴때  잠이든 그대 뺨에 키스를  영원히 모든 아침과  또 숱한 밤들을 함께 하길  매년 결혼기념일 그대의 생일  몰디브 해변가에 앉아서  오로지 둘만의 축젤  달빛의 노래를 함께 하길  원하는 모든걸 줄꺼예요   그대만 위해  하늘의 별도 따다 줄게요  거짓말 아녜요나를 믿어요  맹세 할께요  아직은 담장너머로 그댈   훔쳐보는게  내가 할수있는 전부지만  언젠간 그대를 향해  자유로이 날꺼예요  This is my love  저는 유민이예요  그애를 처음 본건 여름이  끝날 무렵 늦은 오후였어요 성진이형 명훈이형  못 올라갈 나무 쳐다보지도 말라고 하지만 두고 보세요 나는 그애와 꼭 결혼 할거예요 그애를 행복하게 해줄 수 있는  사람은 나밖에 없어요 나밖에 너무 투명해 그대 눈빛은 그대와 눈 마주 칠때마다 심장이 멈출것 같아 늘  고개 숙이죠 오늘도 난 원하는 모든걸 줄꺼예요  그대만 위해 하늘의 별도 따다 줄게요 거짓말 아녜요나를 믿어요 맹세 할께요 아직은 담장너머로 그댈  훔쳐보는게 내가 할 수있는 전부지만 언젠간 그대를 향해 자유로이 날꺼예요 This is my love
1998.05.24~05.30,34,38495,Epilogue,김종서,Seeds,1998.01,Rock,김종서,우연히 너를 보았지 그토록 기도했지만 다시는 만나지 않게 해 달라고 한때는 내 안의 너를 또 다른 나라 믿었어 지금은 운명이 달라 서로 다른 두 길을 가지만 네가 행복하길 바랄께 아주 먼 곳에서 보이지 않게 내게 전부였던 널 혼자 지키고 살면 돼 내가 싫어져 떠났다면 좋은 기억마저 가져가 버려 미움만이 남아서 제발 널 지울 수 있게 해 한때는 내 안의 너를 또 다른 나라 믿었어 지금은 운명이 달라 서로 다른 두 길을 가지만 네가 행복하길 바랄께 아주 먼 곳에서 보이지 않게 내게 전부였던 널 혼자 지키고 살면 돼 내가 싫어져 떠났다면 좋은 기억마저 가져가 버려 미움만이 남아서 제발 널 지울 수 있게 해 혼자남은 날 위해
1998.05.24~05.30,35,77659,그대야! 미안해,오피피에이,Deathless Love,1998.01.01,Dance,,볼수 없었어 듣진 못했어  너무 어두웠기에  아무도 없는 나의 마음을  보여줄수도 없기에  포기도 했지 앉아버렸어 이젠 생각 않기에  이상해졌어 나도 모른 행동을 해  알았지 눈이 커져버린 이유  그대 내게 왔어요 날 일으켜 줬어요  너무도 작아졌던 나는 그댈 볼수 없었죠  (바보 바보 나는 정말) (죽어야만 할것 같아)  너무 창피했었죠 도망가려 했어요  너무나도 큰 그대  나는 정말 볼수 없어 어떡해 그대야 미안해  항상 지쳐울던 나에게  너의 마음에 담아주었고  눈물에 아픔 또 슬픔 상처  모두 지워준다며 더더더 크게 울던  내눈에 눈물임에 모두 같았어 눈안에 세상  보이는 것 없기에  이상해졌어 나도 모른 행동을 해  알았지 눈이 커져버린 이유  그대 내게 왔어요 날 일으켜 줬어요  너무도 작아졌던 나는 그댈 볼수 없었죠  (바보 바보 나는 정말) (죽어야만 할것 같아)  너무 창피했었죠 도망가려 했어요  너무나도 큰 그대  나는 정말 볼수 없어  어떡해 그대야 미안해  항상 지쳐울던 나에게  너의 마음에 담아주었고  눈물에 아픔 또 슬픔 상처 모두  지워준다며 더더더 크게 울던  내눈에 눈물임에   항상 지쳐울던 나에게  너의 마음에 담아주었고  눈물에 아픔 또 슬픔 상처  모두 지워준다며 더더더 크게 울던  항상 지쳐울던 나에게 너의 마음에 담아주었고  눈물에 아픔 또 슬픔 상처  모두 지워준다며 더더더 크게 울던  이젠 할수 있어  네눈에 흐르는 눈물 내가 닦을게  감추려하진 또 숨기진 않아도 돼  나 널 위해 여기에 서 있을게  내눈에 눈물임에 예 예예예예예
1998.05.24~05.30,36,91268,행복한 나를,에코,Voice Of Eco,1997.08,Ballad,,몇 번인가 이별을 경험하고서  널 만났지  그래서 더 시작이 두려웠는지 몰라  하지만 누군가 알게되고  사랑하게 되는건  네가 마지막이라면 얼마나좋을까  우 나처럼  바쁜 하루중에도  잠시 네 목소리 들으면  함께있는 것처럼 너도 느껴지는지  매일 밤 집으로 돌아갈 때  그 곳에 네가 있다면  힘든하루 지친 네 마음이  내 품에 안겨 쉴텐데  지금처럼만 날 사랑해줘  난 너만 변하지 않는다면  내 모든걸 가질 사람은 너뿐이야 난 흔들리지 않아  넌 가끔은 자신이 없는  미래를 미안해 하지만 잊지 말아줘  사랑해 너와 함께라면 이젠 행복한 나를  바쁜 하루중에도  잠시 네 목소리 들으면  함께있는 것처럼 너도 느껴지는지  매일 밤 집으로 돌아갈 때 그 곳에 네가 있다면  힘든하루 지친 네 마음이  내 품에 안겨 쉴텐데  지금처럼만 날 사랑해줘  난 너만 변하지 않는다면  내 모든걸 가질 사람은 너뿐이야  난 흔들리지 않아  넌 가끔은 자신이 없는  미래를 미안해 하지만 잊지말아줘  사랑해 너와 함께라면 이젠  행복한 나를  난 많은 기대들로  세상이 정해놓은 사랑을 버리고  네 마음처럼 난 늘 같은 자리에  또 하나의 네가 되고싶어  소중한 널 위해  지금처럼만 사랑해줘 항상  너만 변하지 않으면  내 전부를 가질 사람은 너뿐이야  난 흔들리지 않아  자신없는 미래  넌 미안해 하고 있니  넌 이제 혼자가 아니야 이젠  잊지마 너와 함께라면  언제나 행복한 나를
1998.05.24~05.30,37,76947,소유,양파,양파 2nd,1998.01.01,Ballad,김경화,살아선 볼 수 없어 어둠을 헤매는 사랑 아침 하늘에 비친 너의 미소가 슬퍼 내 곁에 있도록 기도했지만 이제는 긴 외로움에 널 닮은 누군가 초대하고파 널 가질수 없기에 너인듯 기대어 느끼고 싶어 홀로 지켜가야 할 힘겨운 우리의 사랑  한번만 너의 품에 날 맡길 수 있다면 남겨진 삶을 버릴수 있게 이제는 긴 외로움에 널 닮은 누군가 초대하고파 널 가질수 없기에 너인듯 기대어 느끼고싶어 이제는 긴 외로움에 널 닮은 누군가 초대하고파 널 가질수 없기에 너인 듯 기대어 느끼고 싶어
1998.05.24~05.30,38,38461,사랑이 떠나가네,김건모,Myself,1997.12,Dance,한경혜,사랑이 떠나가네 또다시 내 곁에서
1998.05.24~05.30,39,1762102,Say Goodbye,화이트,Fly High,1998.03.01,Ballad,,미안했던거니 내 맘 아플까봐 그래서 말 못한 거였니 날 위해서라며 헤어지자 하면 그냥 웃으며 보낼텐데 나쁜 계집애라 탓도 했었지만 모두 내 잘못인 것 같아 너에게 난 너무 부족했었나봐 그래 이제 어디든 가도 돼 누가 나만큼 널 위해 줄건지 조금은 걱정도 되지만 이제 난 미련없이 너의 마음 속 얘길 내가 대신 말해줄께 Say Goodbye I'm not good enough for you Say Goodbye Out of my heart Say Goodbye Forever away from you Say Goodbye Out of my mind 나쁜 계집에라 탓도 했었지만 모두 내 잘못인 것 같아 널 처음 만났던 그때부터 지금껏 너 하나만 사랑해 왔었지만 Say Goodbye I'm not good enough for you Say Goodbye Out of my heart Say Goodbye Forever away from you Say Goodbye Out of my mind Say Goodbye I'm not good enough for you Say Goodbye Out of my heart Say Goodbye Forever away from you Say Goodbye Out of my mind Say Goodbye I'm not good enough for you Say Goodbye Out of my heart Say Goodbye Forever away from you
1998.05.24~05.30,40,46389,애인 발견!!!,자우림,Purple Heart,1997,Rock,김윤아,바보같다 생각했어 너를 한 번 봤을 땐  멍청한 눈 헝클어진 머리 마른 몸 착하다고 생각했어 너를 두 번 봤을 땐  상냥한 눈 귀여운 머리 날씬한 몸 사람들은 너를 몰라  안경너머 진실을 봐  어리숙한 모습뒤에 천사같은  네 영혼을  나 밖에는 아무도 모를거야 바보같다 생각했어 너를 한 번 봤을 땐  어눌한 말 촌스러운 표정 어색했지 착하다고 생각했어 너를 두 번 봤을 땐  솔직한 말 신선한 표정 좋았지 사람들은 나를 몰라  안경너머 진실을 봐 웃고 있는 얼굴 뒤에 기댈 곳 없는 내 어깨를 너 밖에는 아무도 모를거야 사람들은 우릴 몰라 안경너머 진실을 봐 이 세상엔 아름다운 사람들이 이렇게도 가득가득 많고 많은데 너는 너무 착해 내가 널 지켜줄거야 지금 이대로 좋은 사람 그대로 나는 너무 약해 네가 날 지켜줘야해 지금 이대로 좋은 사람 그대로
1998.05.24~05.30,41,37845,해에게서 소년에게,넥스트,Lazenca (A Space Rock Opera),1997.11.30,Rock,신해철,눈을 감으면 태양의 저편에서 들려오는 멜로디 내게 속삭였지 이제 그만 일어나 어른이 될 시간이야 너 자신을 시험해 봐 길을 떠나야 해 니가 흘릴 눈물이 마법의 주문이 되어 너의 여린 마음을 자라나게 할꺼야 남들이 뭐래도 니가 믿는 것들을 포기하려하거나 움추려 들지마 힘이 들땐 절대 뒤를 돌아보지마 앞만 보면 날아가야해 너의 꿈을 비웃는 자를 애써 상대하지마 변명하려 입을 열지마 그저 웃어버리는거야 아직 시간이 남아있어 너의 날개는 펴질꺼야 Now we are Flying to the universe 맘 이끄는곳 높은 곳으로 날아가 절대 뒤를 돌아보지마 앞만 보면 날아가야해 너의 꿈을 비웃는자를 애써 상대하지마 변명하려 입을 열지마 그저 웃어버리는거야 아직 시간이 남아있어 너의 날개는 펴질꺼야 더 높이 더 멀리 너의 별을 찾아 날아라 소년아 저 모든 별들은 너보다 먼저 떠난 사람들이 흘린 눈물이란다 세상을 알게 된 두려움에 흘린 저 눈물이 이 다음에 올 사람들을 인도하고 있는것이지
1998.05.24~05.30,42,38244,풍경,구본승장동건,Bon Seung & Dong Gun,1998.02.12,Ballad,이승호,사랑 상쾌한 숨결로 날 잠들게 하던 사랑 그건 내게 지상의 웅장한 음악이었고 은밀한 축복이었다 하지만 이제 그 혼미한 상념을 피해 영원히 잠을 자려 한다 바다 및 고요속으로  찬란한 내 사랑의 빛을 간직한 채로 먼 훗날 날 슬퍼할 이유들이  사라진 날 노래하리라 눈물없는 그리움으로 여전할 나의 사랑을 나 아직도 나없는 그댈 걱정해 그대가 없는 나를 한번도 생각해 본 적 없으니 나 아직 그대와 사랑으로 함께 했었던 그때처럼 그대 여전히 내게 있으니까 떠나갔지만 나는 아무렇지 않아 추억만으로도 내겐 너무나도 아름답던 사랑 항상 푸를테니까  나 여전히 내 남은 사랑을 믿지만 흐르는 세월이 그대를 하얗게 지울까 두려워 차마 나 그렇게 그댈 잃고 싶지 않지만 혹시 그릴까봐 두려워 나를 지우려해 아직 선명한 그대 목소리와 향기 모두 간직한 채 떠나가기 전에 머물 수 있다면 그댈 잃지 않겠지 영원히 그댈 사랑해
1998.05.24~05.30,43,1839641,난 행복해,이소라,이소라 1집,1995.09.01,Ballad,김현철,날 용서해 너에게 이런 말 정말 하고 싶진 않아 그러나 이젠 어쩔 수 없는 일이야 그 사람을 사랑하지 않게 해달라고 기도했어 하지만 이제 너무 늦었어 그렇게도 해맑게 웃던 네 모습을 난 기억해 다음 번엔 나같은 여자 만나지마 행복해야해 넌 반드시 좋은 사람 만나 다시 사랑해야 하고 저 기억 너머로 그렇게 나를 잊어야 해 그렇게도 해맑게 웃던  네 모습을 난 기억해  다음번엔 나같은 여자 만나지마  행복해야해  내게 힘이되도록 해맑게 웃던  니 모습을 난 기억해  그리고 다음번엔 나같은 여자  만나지마 제발  행복해야해  난 행복해 그동안 널 볼수  있던 그날들 때문에  난 널 못 잊어  죽는 날까지 사랑해
1998.05.24~05.30,44,78378,유리구두,유리상자,유리상자,1997.06.01,Ballad,이은혜,갖고 싶던 예쁜 유리 구두
1998.05.24~05.30,45,2961914,Hardcore,VariousArtists,Hardcore,-,Rock,,
1998.05.24~05.30,46,4463490,정인 (情人),TheDay,First Time,1997.11.10,Ballad,,세월가면 다 잊을거라는  슬픈 너의 그 말들이  유서처럼 쓰여있던  그 편지를 보며  아무 말도 할 수가 없어서  눈물만이 흐르는데  언제나 나보다  더 사랑했던 너를  이젠 잊으라 말하며  제발 떠나지마  내가 없는 곳으로  보낼 수는 없어  comeback to me  예전처럼 볼 수 있다면  이 세상 마저 저버릴 수 있겠지  I can believe  너 떠난 후에야 사랑 알게 됐어  돌아갈 순 없니  지난 날의 아픈상처 까지도  이해해 준 너의 사랑 언제나 알면서도  외면하곤 했어  정말 잊을 순 없다면  제발 떠나라고  이젠 나를 위해서 보내준다 했지  comeback to me  오직 나만 사랑해 준 너  널 가까이에 느끼고 싶었어  I can believe  너 떠난 후에야 사랑알게 됐어  돌아갈 순 없니
1998.05.24~05.30,47,74957,네가 보고파 지면,고한우,고한우 Vol.1,1997.07.07,Ballad,고한우,네가 보고파 지면 별을 보라 말하던  너의 이름 부르면 왜 눈물 나는 걸까  별이 어둠에 묻혀 하나 둘 사라지면  우리 작은 이별처럼 그리움만 더하네   돌아보지마 넌 슬퍼하지마  우리 사랑을 내가 지켜갈 꺼야  우리 소중한 추억 너는 잊어도 돼  지난 세월속에 다 묻어두면 돼   돌아보지마 넌 슬퍼하지마  우리 사랑을 내가 지켜갈 꺼야  우리 소중한 추억 너는 잊어도 돼  지난 세월속에 다 묻어두면 돼   어쩌면 나는 너를 다신 못 볼 것 같아  하지만 난 언제까지나 널 기다릴 거야  누가 너를 물으면 잘 있다고 말하고 워- 돌아서는 눈가에 젖어 드는 그리움   돌아서는 눈가에 젖어 드는 그리움 -
1998.05.24~05.30,48,91284,슬픈 얼굴,A.R.T,Debut,1997.11,Ballad,김태희,마지막 부탁이야 힘들지 않도록  슬픈얼굴 짓지 말아줘 어둠이 나를 덮어 깊은잠에 들면  편히쉴수 있도록 여자들이란 현재에 충실할 뿐 내가 떠나가면 넌 곧 나를 잊겠지 그 긴밤 지새우며 내게했던 맹세는 모두 거짓이 되겠지 그러니 됐어 아무말도 하지마 알아 그 눈물의 의미를 넌 나를 위로하려 하지 않아도 돼 그냥 나를 두고 그만 떠나가 꿈이었길 바래 내 앞에 다가선  니 현실들 가끔씩 눈물이 나 널 두고 가야하는 생각에  내 손을 잡아줘 마지막 너를 느끼고 싶어 어제의 내 모습은 언제나  너의 곁에 있을꺼야 바람에 흩어지는 회색먼지처럼 그렇게 난 잊혀져 가겠지 기억해줘 내게 머물다간  어떤 사람이 있다는걸 마지막 부탁이야 힘들지 않도록 슬픈얼굴 보이지 말아줘 어둠이 나를 덮어 깊은  잠에 들면 내가 편히 쉴 수 있도록 다시는 돌아올 수 없는  그 먼 곳으로 여행을 떠나는 거라고 생각해 너 혼자 남겨두고 떠나야만 하는 내 마음은 더 아파 하지만 어쩌겠니 정해진 시간은 이미 끝났는 걸 아무리 잡으려해도 잡히지  않는 떠나간 내 시간들 좋은 기억들은 슬픈 추억으로  묻고 이제는 떠나가 미련없이 너는 너의 갈길을가 이제는 너는 내 모든 것을  흙으로 재로 날려 보내줘 내 사진도 내 향기도 내 눈물에 가려 희미해져  가는 모든 것들 웃으며 갈 수 있게 조금만  나에게도 시간을 줘 바람에 흩어지는 회색먼지처럼 그렇게 난 잊혀져 가겠지 기억해줘 내게 머물다간  어떤 사람이 있다는걸 마지막 부탁이야 힘들지 않도록 슬픈얼굴 보이지 말아줘 어둠이 나를 덮어 깊은  잠에 들면 내가 편히 쉴 수 있도록 바람에 흩어지는 회색먼지처럼
1998.05.24~05.30,49,76002,어쩌란 말인지,자화상,자화상(自畵像),-,Ballad,,매일 매일 반복되는 오늘 하루도 그렇게 지나 너의 집앞에 난 그냥 서서 너를 기다렸지 너와 헤어진 그날 이후로 조금 울면 된다 생각했어 하지만 그건 나만의 작은 착각이었지 바보같은 기다림이란걸 알아 하지만 넌 이런 내 맘 정말 모를거야  *날더러 어쩌란 말인지 너를 사랑하고 있는데 도대체 왜 아무말도 없는 거니 날더러 어쩌란 말인지  언제 어디서나 찾아올지 모르는게 사랑이라지만 이렇게 쉽게 떠나갈 줄도 정말 몰랐었지 아직 내가 해야할 일들과 살아갈 날이 너무 많다는 그런 말들은 나에겐 아무 소용이 없었지 나는 너를 잊었다고 말하지만 시간은 내 빈자릴 채워주지 않았어
