time,rank,song_id,title,singers,album,date,genre,creator,lyric
1995.04.02~04.08,1,62462,잘못된 만남,김건모,김건모 3집 - 잘못된 만남,1995,Dance,김창환,난 너를 믿었던 만큼  난 내 친구도 믿었기에 난 아무런 부담없이 널  내 친구에게 소개 시켜줬고 그런 만남이 있은 후로 부터  우리는 자주 함께 만나며 즐거운 시간을 보내며  함께 어울렸던 것뿐인데 그런 만남이 어디부터  잘못됐는지 난 알 수 없는 예감에  조금씩 빠져들고 있을때쯤 넌 나보다  내 친구에게 관심을 더 보이며 날 조금씩 멀리하던 그 어느날 너와 내가 심하게 다툰  그날 이후로 너와 내 친구는 연락도 없고  날 피하는 것같아 그제서야 난 느낀거야  모든것이 잘못돼 있는걸 너와 내 친구는  어느새 다정한 연인이 돼있었지 있을 수 없는 일이라며  난 울었어 내 사랑과 우정을 모두  버려야 했기에 또다른 내 친구는 내 어깰  두드리며 잊어버리라 했지만 잊지  못할것 같아 너를 사랑했던 것만큼  난 내 친구도 믿었기에 난 자연스럽게 너와 함께  어울렸던 것뿐인데 어디부터 우리의  믿음이 깨지기 시작했는지 난 알지도 못한채 어색함을  느끼면서 그렇게 함께 만나온  시간이 길어지면 질수록 넌 내게서  조금씩 멀어지는 것을 느끼며 난 예감을 했었지 넌 나보다 내 친구에게 관심이 더 있었다는 걸 그 어느날 너와 내가 심하게 다툰  그날 이후로 너와 내 친구는  연락도 없고 날 피하는 것같아 그제서야 난 느낀거야  모든것이 잘못돼 있는걸 너와 내 친구는  어느새 다정한 연인이 돼있었지 있을 수 없는 일이라며  난 울었어 내 사랑과 우정을 모두 버려야 했기에 또다른 내 친구는 내 어깰  두드리며 잊어버리라 했지만 잊지  못할것 같아
1995.04.02~04.08,2,61240,내게로,장혜진,Before The Party,1994.11.01,Ballad,박창학,너무 서두르지마  견디기 힘이들때면 애써 따라오려 하지말고 오히려 더 천천히 그래 그렇게 다가와  내가 여기에서 기다릴게 숨이 찰땐 걸어오렴 힘이들 때 그랬던 것처럼 앞으로도 우린 아주 먼길을 가야만 해  서두르지마  함께 걸어가는 것  그것이 내겐 소중해  조금 늦는것쯤 상관없어  내가 지쳐있을 때 네가 기다려준 것처럼  내가 여기있어 힘을 내 봐 숨이 찰땐 걸어오렴  힘이 들때 그랬던 것처럼 앞으로도 우린 아주 먼길을 가야만 해  서두르지마  걱정마 기다리고 있어  이젠 멀지않아 조금만 더 힘을 내  내가 너의 두팔을 잡아줄 수 있도록  숨이찰 땐 걸어오렴 힘이들 때 그랬던 것처럼 앞으로도 우린 아주 먼길을 가야만 해  서두르지마  숨이찰 땐 걸어오렴 힘이들 때 그랬던 것처럼 앞으로도 우린 아주 먼길을 가야만 해  서두르지마
1995.04.02~04.08,3,62098,슬픈 인연,015B,015B Big 5,1994,Ballad,정석원,멀어져 가는 저 뒷모습을  바라보면서  난 아직도 이 순간을 이별이라  하지 않겠네  달콤했었지 그 수많았던  추억 속에서  흠뻑 젖은 두 마음을 우린  어떻게 잊을까  아 다시 올거야  너는 외로움을 견딜수 없어  아 나의 곁으로 다시 돌아올거야  그러나 그 시절에 너를 또 만나서  사랑할 수 있을까  흐르는 그 세월에 나는 또 얼마나  많은 눈물을 흘리려나  아 다시 올거야 너는 외로움을  견딜수 없어  아 나의 곁으로 다시 돌아올거야  그러나 그 시절에 너를 또 만나서  사랑할 수 있을까  흐르는 그 세월에 나는 또 얼마나  많은 눈물을 흘리려나
1995.04.02~04.08,4,66104,미인,봄여름가을겨울,Mystery,1995.02,Rock,신중현,한번 보고 두번 보고 자꾸만 보고싶네  아름다운 그 모습을 자꾸만 보고싶네  그 누구나 한번 보면 자꾸만 보고있네  그 누구의 애인인가 정말로 궁금하네  모두 사랑하네 나도 사랑하네 모두 사랑하네 나도 사랑하네  나도 몰래 그 여인을 자꾸만 보고있네 그 누구도 넋을 잃고 자꾸만 보고있네 그 누구나 한번 보면 자꾸만 보고있네 그 누구의 애인인가 정말로 궁금하네  모두 사랑하네 나도 사랑하네 모두 사랑하네 나도 사랑하네
1995.04.02~04.08,5,1622501,사랑을 할꺼야,녹색지대,사랑을 할거야,1994.01.01,Ballad,이성환,이젠 나도 널 잊겠어  너무 힘이 들잖아 원하는 대로 해줄 순 있지만 난 더 이상 해줄게 없어 그런 나를 욕하지마 후회 할지도 몰라 철없는 생각 시간이 흐르면 그땐 이미 늦은걸 모든 것을 주는 그런  사랑을 해봐 받으려고만 하는 그런  사랑말고 너도 알고 있잖아 끝이 없는 걸 서로  참아야만 하는 걸 사랑을 할거야 사랑을 할거야 아무도 모르게 너만을 위하여 나를 지켜봐줘 나를 지켜봐줘 아무도 모르는 사랑을 모든 것을 주는 그런  사랑을 해봐 받으려고만 하는 그런 사랑말고 너도 알고 있잖아 끝이 없는 걸 서로 참아야만  하는 걸 사랑을 할거야 사랑을 할거야 아무도 모르게 너만을 위하여 나를 지켜봐줘 나를 지켜봐줘 아무도 모르는 사랑을 사랑을 할거야 사랑을 할거야 아무도 모르게 너만을 위하여 나를 지켜봐줘 나를 지켜봐줘 아무도 모르는 사랑을
1995.04.02~04.08,6,91487,날 떠나지마,박진영,Blue City,1994.09,Dance,"서윤정,박진영",멀어지는 너의 모습은 나의 눈물속에서 점점 더 번져가고 작아지는 널 느낄 수록 내마음속에서 넌 커져가고 하지만 난 괜찮아 내사랑이 떠나는 널 다시 내게 돌려줄걸 난 알아 난알아 날 떠나지마 가는 널 볼수가 없어 넌 떠나지만 난 뒷모습만 보며 서있어 다시 한번 말하지만 제발 날 떠나지마 내 사랑이 너의 오는 길을 비춰줄거야 oh baby 희미해진 너를 보면서 나의 그리움들은 커져가고 하지만 난 괜찮아 내 사랑이 떠나는 널 다시 내게 돌려줄걸 난 알아 난 알아 날 떠나지마 가는 널 볼수가 없어 넌 떠나지만 난 뒷모습만 보며 서있어 다시 한번 말하지만 제발 날 떠나지마 내 사랑이 너의 오는 길을 비춰줄거야 날 떠나지마 가는 널 볼수가 없어 넌 떠나지만 난 뒷모습만 보며 서있어 다시 한번 말하지만 제발 날 떠나지마 내 사랑이 너의 오는 길을 비춰줄거야 oh baby
1995.04.02~04.08,7,62922,아담과 이브는 사과를 깨물었다,조규찬,조규찬 Ⅱ,1995.03,Ballad,조규찬,널 만나는 동안
1995.04.02~04.08,8,104941,끝난 건가요,김현철,네온속으로 노을지다 OST,1994.11.20,Korean Movie,김현철,한참 그대는 내게서 멀리 있군요 이제 우리는 끝난 건가요 더이상 없나요 우리둘은 맨 처음 사랑을 말한 걸 기억하나요 이제 우리는 이게 단가요 여기서 멎나요 우리둘은 힘들게 지내온 시간들이 난 아직도 시작인 것 같은데 아무도 이해할 순 없나요 그대여 내게 대답해줘요 정말 끝난 건가요 우리 우린 늘 같은 데 있어 지루했나요 이젠 우리는 그만인가요 여기서 됐나요 우리둘은 힘들게 지내온 시간들이 난 아직도 시작인 것 같은데 이런 나를 아무도 이해할 순 없나요 그대여 내게 대답해줘요 정말 끝난 건가요 우리 힘들게 지내온 시간들이 난 아직도 시작인 것 같은데 아무도 이해할 순 없겠죠 그대여 내게 대답해줘요 끝난 건가요 워 끝난 건가요 우린
1995.04.02~04.08,9,3655080,갈채,최용준,Story,2011.12.26,Ballad,최용준,나는 지쳐있을거야 니가 내곁에 없었으니 하지만 이제부터 항상 난 둘이야 지쳐 쓰러져도 좋아 니가 일으켜줄테니까 언제나 너를 떠올릴거야 어둠속에 내버려져 지내왔던 나날들 날 괴롭히던 아픈기억 이제는 지울 수 있어 지금부터 눈을 뜰거야 세상 아주 작은 곳까지 맑은 눈으로 바라보게 날 도와줘 힘겹던 내 생애 커다란 힘을 전해준 너의 따스했던 조그만 손을 내밀어줘 나는 무너지지 않아 니가 내 옆에 있을테니 언제나 너를 떠올릴거야 어둠속에 내버려져 지내왔던 나날들 날 괴롭히던 아픈기억 이제는 지울 수 있어 지금부터 눈을 뜰거야 세상 아주작은 곳까지 맑은 눈으로 바라보게 날 도와줘 힘겹던 내생애 커다란힘을 전해준 너의 따스했던 조그만 손을 내밀어줘 지금까지 살아왔던건 나의 진실한 삶이 아냐 지금껏 숨을 겨우 이어온것 뿐이야 힘겹던 내 생애 커다란 힘을 전해준 너의 따스했던 조그만 손을 내밀어줘 너의 따스했던 조그만 손을 내밀어줘
1995.04.02~04.08,10,171315,Main Title,최경식,모래시계 OST,1998,Drama,최경식,
1995.04.02~04.08,11,1698066,영원한 사랑 (With London Metropolitan Orchestra),이문세,Old And New,2002.02.09,Ballad,이영훈,너를 아직 생각해 구름 걷힌 저 하늘 가득히 푸르던 날 우리 지난 추억은 언제나 나를 기쁘게 하네 맺지 못한 슬픔은 나를 비웃지 운명이라고 그렇게도 사랑했던 기억은 언제나 나를 지켜주는데 내가 갈 수 없기에 그대 멀리서 나를 지켜봐 줘 이 세상 힘들 때면 그대의 한숨 어린 바람을 내가 느끼게 해 우린 다시 만나요 슬픈 약속을 모두 기억해 영원히 흘러간 사랑이여 자랑스럽게 너를 기억해  내가 갈 수 없기에 그대 멀리서 나를 지켜봐 줘 이 세상 힘들 때면 그대의 한숨 어린 바람을 내가 느끼게 해 우린 다시 만나요 슬픈 약속을 모두 기억해 영원히 흘러간 사랑이여 자랑스럽게 너를 기억해
1995.04.02~04.08,12,58941,오랜 이별뒤에,신승훈,그 후로 오랫동안...,1994.09.01,Ballad,김창환,그대는 오늘도 내 맘속에   슬픈 그림을 그려 주려고  소리 없이 다가와 나의 눈물로 색칠을 하네  나에게만 보여 주려고  그대는 오늘도 내 귓가에  슬픈 노래를 들려 주려고  라디오 음악속에 남의 목소릴 빌려 부르나  나 혼자만 들어 보라고  먼 그리움에 끝에서 난 길들어 가고 있어  너를 사랑했던 기억만을 간직한 채로  넌 나를 잊었겠지만 난 기다리는지 몰라  너의 이별이 나의 사랑을 다시 찾을 때까지  언젠가 오랜 이별 뒤에  잊혀진 나의 이름이 너의 맘속에 되살아 날 때  아직도 너를 기다리는  나에게 다시 돌아와 나의 눈물이 널 지우기 전에    먼 그리움에 끝에서 난 길들어 가고 있어  너를 사랑했던 기억만을 간직한 채로  넌 나를 잊었겠지만 난 기다리는지 몰라  너의 이별이 나의 사랑을 다시 찾을 때까지  언젠가 오랜 이별 뒤에  잊혀진 나의 이름이 너의 맘속에 되살아 날 때  아직도 너를 기다리는  나에게 다시 돌아와 나의 눈물이 널 지우기 전에
1995.04.02~04.08,13,1876457,또 다른 시작,서지원,Seo Ji Won,1994.10.10,Ballad,오태호,오랜만이란 어색한 인사 얼마나 너를 다시 보고파했는데 잠시도 그렇게 말을 못하고 커피잔만 매만지고 있네 그리워했어 너의 모든걸 니가 나를 그리워 해왔던 것만큼 잊으려할�� 이미 서로에게 길들여져 있었지 바람속에 깨어나던 추억 추억 서글픈 마음뿐인데 쓸쓸한 마음뿐인데 미안함에 방황하던 그때 그때 여린 너의 가슴 가득한 그 상처 때문에 안녕안녕 인사뒤로 널 떠나갈 때를 아직도 되내이며 울먹이는 널 위해서 누구에게도 준 적없는 내 모든 꿈을 너에게 맡길게  바람속에 깨어나던 추억 추억 서글픈 마음뿐인데 쓸쓸한 마음뿐인데 미안함에 방황하던 그때 그때 여린 너의 가슴 가득한 그 상처 때문에 안녕안녕 인사뒤로 널 떠나갈 때를 아직도 되내이며 울먹이는 널 위해서 누구에게도 준 적없는 나의사랑을 너에게 맡길게
1995.04.02~04.08,14,66052,슬프도록 아름다운 ...,K2김성면,슬프도록 아름다운...,1995.01.15,Rock,K2김성면,그리움의 끝엔 언제나 눈물 속에 항상 네가 있는 것은 돌아갈 수 없는 아픔인듯 시린 추억이 가슴속에 남아서야 어느 하늘 아래 있을까 아련하게 자꾸 떠오르는 너를 한번만이라도 보고 싶은 마음 서러워 눈물로도 참지 못해 이젠 다른 삶인걸 알아 우린 같은 추억 간직한 채로 서로 사랑했던 날 만큼 아파하며 잊혀져 버릴지도 몰라 아냐 기쁜 젊은 날의 내 사랑 어떻게 널 잊을수 있어 슬프도록 아름다웠던 우리 지난 날의 사랑아 이젠 다른 삶인걸 알아 우린 같은 추억 간직한 채로 서로 사랑했던 날 만큼 아파하며 잊혀져 버릴지도 몰라 아냐 기쁜 젊은 날의 내 사랑 어떻게 널 잊을수 있어 슬프도록 아름다웠던 우리 지난 날의 사랑아 기쁜 젊은 날의 내 사랑 어떻게 널 잊을수 있어 슬프도록 아름다웠던 우리 지난 날의 사랑아
1995.04.02~04.08,15,60807,이유같지 않은 이유,박미경,이유같지 않은 이유,1994.10.14,Dance,김창환,아무것도 필요없어 니가 나를 떠나려한다면  나를 사랑했단 말도 모두 연극처럼 느낄뿐야  마음이 변했다면 이유를 대지마~~예  내가 싫어진걸 난 알고있어  가식적인 말로 나를 위로하려고 하지마  이젠 기대하지않아  너의곁엔 다른 얼굴 다른모습 뿐야  다시는 나도 돌아가지 않아 너를위해 더이상 난  슬퍼지긴 싫어  무슨말을 하는거야 나는 너를 이해할수 없어  이유같지 않은 이유로 나를 설득하려고하지마  이젠 내맘속엔 너의 자린 없어...~~예  모두 버린거야 지금까지  내게 남겨진 슬픈 사랑의 모든 기억들  이젠 기대하지않아 너의곁엔 다른얼굴 다른모습뿐야  다시는 나도 돌아가지 않아 너를 위해 더이상 난  슬퍼지긴 싫어   이젠 기대하지않아  너의곁엔 다른얼굴 다른 모습뿐야  다시는 나도 돌아가지않아  너를 위해 더이상 난 슬퍼지긴싫어   이젠 기대하지않아  너의곁엔 다른얼굴 다른 모습뿐야  다시는 나도 돌아가지않아 너를 위해 더이상 난 슬퍼지긴싫어  빠밤~~~~
1995.04.02~04.08,17,607938,너의 곁에 있고 싶어,신효범,5집,1995,Ballad,신효범,그냥 그대로 있어 떠나지 말아 네가 떠나면 나는 혼자인데 떠나는 널 보며 울고싶지는 않아 잠시 너의 곁에 있게 해줘  너를 보내야만 하는 이 깊은 슬픔속에서 돌아서는 너를 위해 이렇게 웃고 있잖아  너는 떠나겠지 아무 일 없는 듯 우리 사랑마저 없던 것처럼  너를 보내야만 하는 이 깊은 슬픔속에서 마지막 이 순간까지 널 위해 웃고 있잖아  너는 떠나겠지 아무 일 없는 듯 우리 사랑마저  잊은 것처럼
1995.04.02~04.08,18,91124,어떤 그리움,이은미,이은미 2,1993.07,Ballad,오승은,그대를 바라보면 포근함을 느꼈지 아직도 나에겐 남아 있는 그대의 모습 나의 마음 고요하게 해 지나간 기억 속에 그대 모습 생각나 견딜 수가 없는 혼자만의 외로움들이 나의 마음 허무하게 해 언젠가 그대는 눈물을 흘리며 내게 말했었지 사랑은 슬픈 이별보다 아픈 거라고 하지만 내 님 떠나고 이젠 나 홀로 남아 그대의 앞길을 비추네  지나간 기억 속에 그대 모습 생각나 견딜수가 없는 혼자만의 외로움들이 나의 마음 허무하게 해 언젠가 그대는 눈물을 흘리며 내게 말했었지 사랑은 슬픈 이별보다 아픈 거라고 하지만 내 님 떠나고 이젠 나 홀로 남아 그대의 앞길을 비추네 언젠가 그대는 눈물을 흘리며 내게 말했었지 사랑이 슬픈 이별보다 아픈거라고 하지만 내 님 떠나고 이젠 나 홀로 남아 그대의 앞길을 비추네
1995.04.02~04.08,19,62151,오렌지 향기속으로,피아노,오렌지 향기속으로,1994,Ballad,장성희,워 우 워 워 우 워 워 우 워  워 우 워 너의 모습 발견하고 아무렇지 않게 난 웃어주고 있어 워 우 워 누군가 널 본다고 크게 웃어 주위를 끌어도 소용없잖아 빨간 웨이브 머리에 긴 치마를 살며시 그윽한 미소지어 보여도 어느 누구도 너에게 관심을 보이지 않을꺼야 그래도 하루종일 웃고 있니 유리잔에 비춰지는 진한 손톱 위로 흐르는 눈빛은 무얼 말하나 내앞에 머무는 오렌지 향기 속으로 현실의 너를 돌아다봐 따르르스띠로루 스띠로루 예이예이예이예  사소한 슬픔과 기쁨을 눈물방울에 감추고 누구보다 오래 간직한다해도 그 언젠가 너에게 영원히 사랑한다 말하면 그 사랑을 넌 느낄 수 있니 유리잔에 비춰지는 진한 손톱 위로 흐르는 눈빛은 무얼 말하나 내앞에 머무는 오렌지 향기 속으로 현실의 너를 돌아다봐 따르르스띠로루 스띠로루 예이예이예이예 워우워 워우워 워우워 워우워 아쉬움만 남아
1995.04.02~04.08,20,170430,의미없는 시간,최민수(Flyger),Two Men Story,1994.11,Rock,,난 항상 끝으로 걸어왔지 아픈 기억의 사람들이 나를 만들었어 난 삶의 모든걸 잃었었지 다른 무엇도 내 마음을 위로할 순 없었어 오 난 내 남겨진 시간들을 흘러가는 대로 개의치 않고 싶어서 매일 힘겹게 다가선 하루 이미 죽어있는 가슴에 의민 필요없어 그렇게 살아가다가 마지막 순간에 난 잊었던 너를 찾아 떠나려 했어 늦진 않겠지 랄라라 라라 랄라라 랄라라 라라 랄라라 너의 모든것은 나의 전부가 된거야 랄라라 라라 랄라라 랄라라 라라 랄라라 너를 느끼는 바로 지금 살아있는 나를 느끼지  오 긴 이 시간이 지나간 뒤 다시 처음으로 되돌아 갈 수 있다면 쉽게 마음을 열지는 않아 내게 다가서는 만큼만 나를 보일거야 그렇게 살아가다가 마지막 순간에 난 잊었던 너를 찾아 떠나려 했어 늦진 않겠지 랄라라 라라 랄라라 랄라라 라라 랄라라 너의 모든것은 나의 전부가 된거야 랄라라 라라 랄라라 랄라라 라라 랄라라 너를 느끼는 바로 지금 살아있는 나를 느끼지 너를 이처럼 간절히 원하고 또 바라게 될줄은 몰랐어 너의 모든 것은 나의 전부가 된거야 사랑이 얼마나 사람을 더욱 외롭게 하는지 알지만 너를 느끼는 바로 지금 살아있는 나를 느끼지
1995.04.02~04.08,21,59936,눈이 슬픈 그대 -처음 만난 그때로,오태호,"허무, 그 진실한 시작, 그 자유로움",1994.11,Ballad,오태호,나 그대를 알고 사랑은 아님을 알았지만  언제나 그랬듯이 내 외로움은 미련을 만들지  그 누구도 서로 이별을 말하지 않았지만  조금씩 시작됐던 멀어짐을 나는 알고 있었지 사랑은 비단위로 깨어진 유리조각같아 그저 아름답기만 하지는 않은걸 조그만 너의 표정속에서 울고웃던 그때가 문득 기억이나 스산한 바람부는 가을 그 날로 다시 돌아가고 싶어 눈이 슬픈 그대를 처음 만난날 젖은 눈을 감추고 가득 안기며 날 지켜 달라고 하던 그때 그때  사랑은 장미꽃에 숨겨진 가시같은 것을 나를 사랑한다던 너의 그 말처럼 조그만 너의 표정속에서 울고웃던 그때가 문득 기억이나 스산한 바람부는 가을 그 날로 다시 돌아가고 싶어 눈이 슬픈 그대를 처음 만난날 나만의 욕심으로 멀어진 그대 많은걸 바랬던 그때 그때 그때
1995.04.02~04.08,22,61776,산다는 건 다 그런게 아니겠니,여행스케치,다 큰 애들 이야기,1994.09.18,Folk,조병석,너는 어떻게 살고있니 아기 엄마가 되었다면서  밤 하늘의 별빛을 닮은 너의 눈빛  수줍던 소녀로 널 기억하는데  오늘 부부싸움도 해 보니 남편은 벌이가 괜찮니  자나깨나 독신만 고집하던 니가  나보다 먼저 시집갔을 줄이야  산다는 건 그런게 아니겠니  원하는 대로만 살수는 없지만  살 수 없는 내일이 있다는건 설레는 일이야  두렵기는 해도 산다는건 다 그런거야  누구도 알수 없는 것    지금도 떡볶일 좋아하니 요즘도 가끔식 생각하니  자율 학습시간에 둘이 몰래 나와  사 먹다 선생님께 야단 맞던일  아직도 마음은 그대로인데 겉보습이 많이 변했지  하지만 잃어버린 우리의 모습은  우리를 닮은 아이들의 몫인걸  산다는건 그런게 아니겠니  원하는 대로만 살수는 없지만  살 수없는 내일이 있다는건 설레는 일이야  두렵기는 해도 산다는건 다 그런거야  누구도 알수 없는 것  산다는건 그런게 아니겠니  원하는 대로만 살수는 없지만  살 수없는 내일이 있다는건 설레는 일이야  두렵기는 해도 산다는건 다 그런거야  누구도 알수 없는 것
1995.04.02~04.08,23,1620554,날 위한 이별,김혜림,날 위한 이별,1994.10.01,Ballad,"박주연,김형석",난 알고 있는데 다 알고 있는데 니가 있는 그 곳 어딘지 너도 가끔씩은 내 생각날꺼야 술이 취한 어느 날 밤엔 누구를 위한 이별이었는지 그래서 우린 행복해 졌는지 그렇다면은 아픔의 시간들을 난 어떻게 설명해야만 하는지 돌아와 니가 있어야 할 곳은 바로 여긴데 나의 곁인데 돌아와 지금이라도 날 부르면 그 어디라도 나는 달려 나갈텐데 돌아와 우리 우연한 만남이 아직도 내겐 사치인가봐 돌아와 나를 위한 이별이었다면 다시 되돌려야 해 나는 충분히 불행하니까 누구를 위한 이별이었는지 그래서 우린 행복해 졌는지 그렇다면은 아픔의 시간들을 난 어떻게 설명해야만 하는지 돌아와 니가 있어야 할 곳은 바로 여긴데 나의 곁인데 돌아와 지금이라도 날 부르면 그 어디라도 나는 달려 나갈텐데 돌아와 우리 우연한 만남이 아직도 내겐 사치인가봐 돌아와 나를 위한 이별이었다면 다시 되돌려야 해 나는 충분히 불행하니까
1995.04.02~04.08,24,60625,끊어진 반지,최연제,I Love For Ever,1993,Ballad,최연제,하루가 지나기도 전에 다시 난 널 기다리겠지 아직 많은 사랑이 남아 홀로 남아 애타는 마음 아무 표정없는 사람들 나와 같은 생각을 할까 너를 믿고 사랑하지만 초라한 내 모습만 남아 이런 내가 싫어져 지칠대로 난 지쳤어 널 믿을 수가 없어 어젯밤 꿈속에서 끊어진 반지처럼 너도 잊혀지겠지 내가 예감했던 그대로 너는 내게 보여주었지 진실하지 않은 사랑은 영원할 수 없는 거라고 이런 내가 싫어져 지칠대로 난 지쳤어 널 믿을 수가 없어 어젯밤 꿈속에서 끊어진 반지처럼 너도 잊혀지겠지  이런 내가 싫어져 지칠대로 난 지쳤어 널 믿을 수가 없어 어젯밤 꿈속에서 끊어진 반지처럼 너도 잊혀지겠지 이런 내가 싫어져 지칠대로 난 지쳤어 널 믿을 수가 없어 어젯밤 꿈속에서 끊어진 반지처럼 너도 잊혀지겠지
1995.04.02~04.08,25,59850,널 보낸 후에,이정섭,Electric Rain,1994,Ballad,피카소플라워,널 보낸 내 마음을 이해하겠니 미워서 그런것이 아니었는데 한번도 너에게는 말을 못했어 내게는 하나뿐인 사랑이라고 때론 너의 이름 부르다 지쳐 잠이 들겠지 아픈 마음이 너무 힘들어 숨조차 못쉴테지 이별이라 하지마 이 세상은 잠시일뿐 다음 세상에 너를 만나서 다시 널 찾을거야 Goodbye Lady 이제 널 볼순없어 하지만 나는 참아야겠지 다시 만날날까지 Goodbye Lady 사랑하는 너를 보낸뒤에 그저 잠시도 잊을수가 없었어  때론 너의 이름 부르다 지쳐 잠이 들겠지 아픈 마음이 너무 힘들어 숨조차 못쉴테지 이별이라 하지마 이 세상은 잠시일뿐 다음 세상에 너를 만나서 다시 널 찾을거야 Goodbye Lady 이제 널 볼순없어 하지만 나는 참아야겠지 다시 만날날까지 Goodbye Lady 사랑하는 너를 보낸뒤에 그저 잠시도 잊을수가 없었어 Goodbye Lady 사랑하는 너를 보낸뒤에 그저 잠시도 잊을수가 없었어
1995.04.02~04.08,26,66156,시간이 흐른뒤에,피노키오,피노키오 2,1994.10.30,Rock,김의찬,너의 뒷모습에 익숙해져 같어  먼저 말한 이별  너의 내민 손을 잡긴 했지  아직 내 것 같지 않은 이별인데  너는 오래전부터 느낀 것 같아    잊을 수 있을거라  나는 생각했어  시간이 흐르면  몰랐던거야 갈수록  더해가는 아픔을    너는 오래전부터 느낀 것 같아    잊을 수 있을거라  나는 생각했어  시간이 흐르면  몰랐던거야 갈수록  더해가는 아픔을    잊을 수 있을거라  나는 생각했어  시간이 흐르면  몰랐던거야 갈수록  더해가는 아픔을  잊을 수 있을거라  나는 생각했어  시간이 흐르면  몰랐던거야 갈수록
1995.04.02~04.08,27,61181,내일이 오면,양수경,양수경 Vol.7,1994.08,Ballad,이건우,무엇을 원했는지 몰라 단 하나 내겐 사랑뿐 이미 이별인 줄은 알아 마음에 안겨 있는 지금 이대로 눈을 감고 싶어 슬픔을 접어둔 채로 이별을 생각하진 않아 모든게 꿈이라 해도 사랑해야 하는 것인지 그래서는 안되는 건지 그대 떠난 자리에 혼자서서 그리워 해야하는지 내일이 오면 이별이겠지 다시는 사랑할 수 없겠지 하지만 웃으면서 멀리 떠나야지 눈물은 감출수 없어도  이대로 눈을 감고 싶어 슬픔을 접어둔 채로 이별을 생각하진 않아 모든게 꿈이라 해도 사랑해야 하는 것인지 그래서는 안되는 건지 그대 떠난 자리에 혼자서서 그리워 해야하는지 내일이 오면 이별이겠지 다시는 사랑할 수 없겠지 하지만 웃으면서 멀리 떠나야지 눈물은 감출수 없어도 내일이 오면 이별이겠지 다시는 사랑할 수 없겠지 하지만 웃으면서 멀리 떠나야지 눈물은 감출 수 없어도 눈물이 자꾸만 흘러도 눈물은 감출 수 없어도
1995.04.02~04.08,28,1698660,살다보면,권진원,권진원 Vol.2,1996,Folk,유기환,살다보면
1995.04.02~04.08,29,62594,느낌만으로,박지원,느낌만으로,1995,Dance,,야야 감추긴 싫어 내이름을 불러봐 솔직해진 너의 느낌만으로 너를 불러봐  우리가 처음 만났을때 서로가 많이 달랐지 지는건 정말 싫었어 하지만 많은 다툼속에 서로 이해하게 되고 마음을 열게 되었어  우정이란 단어속에서 의미 찾을 필요없어 서로가 느끼면 되지 사랑을 말할때에도 어색함이 없는 그런 사이가 됐으면 좋겠어  야야 감추긴 싫어 내이름을 불러봐 솔직해진 너의 느낌만으로 내이름을 불러봐 x2  반복  야야 감추긴 싫어 내이름을 불러봐 솔직해진 너의 느낌만으로 너를 불러봐 x2  내 이름을 불러봐~
1995.04.02~04.08,30,62441,기다릴줄 아는 지혜,이덕진,기다릴줄 아는 지혜,1994.11.25,Rock,한경혜,기다릴줄 아는 지혜를 사람들은 폐배라고 하지 돌릴 수 없는 삶을 연습하듯 살 수 없어 욕망을 이루기 보다는 내 것 하날 선택하고 싶어 다음 기회를 위해서 아쉬움 삼켰던거야 다시 오지 않는 안타까운 많은 기회도 있었지 너를 잃고 살아가는 내 주변에 모든 일 난 자신했어 떠난 뒤에 나를 그리워할 것을 너를 잃고 내 전부를 잃어버린 나였어  기다릴줄 아는 지혜를 사람들은 폐배라고 하지 돌릴 수 없는 삶을 연습하듯 살 수 없어 욕망을 이루기 보다는 내 것 하날 선택하고 싶어 다음 기회를 위해서 아쉬움 삼켰던거야 다시 오지 않는 안타까운 많은 기회도 있었지 너를 잃고 살아가는 내 주변에 모든 일 난 자신했어 떠난 뒤에 나를 그리워할 것을 너를 잃고 내 전부를 잃어버린 나였어 다시 오지 않는 안타까운 많은 기회도 있었지 너를 잃고 살아가는 내 주변에 모든 일 난 자신했어 떠난 뒤에 나를 그리워할 것을 너를 잃고 내 전부를 잃어버린 나였어
1995.04.02~04.08,31,2348373,텅빈 객석,Mr.2,Mr.2 Vol.II,1994,Ballad,한경애,모두 떠나버린 뒤 텅빈객석을 보면
1995.04.02~04.08,32,1839375,수퍼맨의 비애 (Feat. Proud Marry),DJDOC,슈퍼맨의 비애,1994.11,Rap / Hip-hop,,슈퍼맨 슈퍼맨 슈퍼맨 헤이 홉  어젯밤 우리 아빠 엄마 부부 싸움에 잠을 잘수가 없네 요리조리 따지시는 우리엄마 아빠에게 뭐라고 쉴새없이 따다다 다다다다 요 변명도 제대로 못한 우리아빠 무슨 잘못하신게 아닐까 걱정이네 무서운 우리엄마 뭐가 불만이실까 엄마가 필요한건 혹시 슈퍼맨 선물을 준 숫자만큼 날 사랑할까 아닐꺼야 난 너에게 지쳐 가고있어  슈퍼맨 슈퍼맨 슈퍼맨  처음 만나 운전면허 없다고 넌 나를 무지하게 구박했지 헤이 홉 노래방에 같이가서 음치라고 비웃던 니가 나는 무지하게 미웠어 넌 나에게 바라는게 왜 그리 많아 무엇을 더 해야하지 지쳐가고있어  슈퍼맨 슈퍼맨 슈퍼맨 헤이 홉  선물을 준 숫자만큼 날 사랑할까 아닐꺼야 난 너에게 지쳐 가고있어 넌 나에게 바라는게 왜 그리 많아 무엇을 더 해야하지 지쳐가고있어
1995.04.02~04.08,33,61829,마법의 성,더클래식,마법의 성,1994.07,Ballad,김광진,믿을 수 있나요 나의 꿈 속에서  너는 마법에 빠진 공주란걸  언제나 너를 향한 몸짓엔  수많은 어려움 뿐이지만   그러나 언제나 굳은 다짐 뿐이죠  다시 너를 구하고 말거라고  두 손을 모아 기도했죠  끝 없는 용기와 지혤 달라고   마법의 성을 지나 늪을 건너  어둠의 동굴 속 멀리 그대가 보여  이제 나의 손을 잡아보아요  우리의 몸이 떠오르는 것을 느끼죠   자유롭게 저 하늘을  날아가도 놀라지 말아요  우리 앞에 펼쳐질 세상이  너무나 소중해 함께라면   마법의 성을 지나 늪을 건너  어둠의 동굴 속 멀리 그대가 보여  이제 나의 손을 잡아보아요  우리의 몸이 떠오르는 것을 느끼죠   자유롭게 저 하늘을  날아가도 놀라지 말아요  우리 앞에 펼쳐질 세상이  너무나 소중해 함께 있다면 -
1995.04.02~04.08,34,991976,세상은 나에게,김원준,Live: 나에게 떠나는 여행,1996.09.06,Dance,채정은,내가 웃는 등 뒤엔 고독이 따르겠지만 그건날 오히려 더 강하게 하지 기다리는 이에겐 저절로 돌아오는건 없을껄 일어나 먼져 부딪쳐 보는거야  수많은 질문과 함께 자란 내 꿈에 조그만 날개를 이제는 달아 줄때야 그렇지만 떨어질 꿈이 두려워 세상에 나설 그 준비가 필요해 한때는 내가 만든 어두움 속에 스스로 빠져 울기도 했지만 더이상 나 자신에게 지지만은 않을꺼야 지금부터난 다른 내가 되어야해 내가 웃는 등 뒤엔 고독이 따르겠지만 그건날 오히려 더 강하게 하지 기다리는 이에겐 저절로 돌아오는건 없을껄 일어나 먼져 부디쳐 보는거야  한때는 내가 만든 어두움 속에 스스로 빠져 울기도 했지만 더이상 나 자신에게 지지만은 않을꺼야 지금부터난 다른 내가 되어야해 내가 웃는 등 뒤엔 고독이 따르겠지만 그건날 오히려 더 강하게 하지 기다리는 이에겐 저절로 돌아오는건 없을껄 일어나 먼져 부딪쳐 보는거야 하지만 난 아직 해답과는 또다른 현실에 많이 당황할 나인걸 더구나 세상은 나에게 바로 걸으란 충고뿐 누구도 가르쳐줄 사람은 없어 내가 웃는 등뒤엔 고독이 따르겠지만 그건날 오히려 더 강하게 하지 기다리는 이에겐 저절로 돌아오는건 없을껄 일어나 먼져 부디쳐보는 거야
1995.04.02~04.08,35,62107,나의 일기,Puz,Diary,1994.11,Ballad,,
1995.04.02~04.08,37,91482,사랑보다 좋은 사랑,김대일,김대일 1집,1994.09.15,Ballad,,오늘도 넌 내게 말하지 날 사랑한다 하지않냐고 난 너의 마음을 알지만 어제와 다른 사랑을 주고 싶은 내 마~음~을 넌 이해 할 수 없는거야  널 사랑한다고 말하지 마음속으로 늘 그랬듯이 너에게 말하고 싶지만 사랑보다 아름다운 네 모습을 네 마~음~을 난 표현할 수 없는거야  내게 사랑한단 말을 원한다면 느낄수 있다고 말해줘~ 그저 사랑해란 말로 네 마음이 너에게 들리고 있다고~  널 사랑한다고 말하지 마음속으로 늘 그랬듯이 너에게 말하고 싶지만 사랑보다 아름다운 네 모습을 네 마~음~을 난 표현할 수 없는거야  내게 사랑한단 말을 원한다면 느낄수 있다고 말해줘~ 그저 사랑해란 말로 내 마음이 너에게 들리고 있다고~ 내게 사랑한단 말을 원한다면 느낄 수 있다고 말해줘~ 그저 사랑해란 말로 내 마음이 너에게 들리고 있다고~ 내게 사랑한단 말을 원한다면 느낄 수 있다고 말해줘~
1995.04.02~04.08,38,1659821,용서,이희진,또다른 기쁨,1994.09.01,Ballad,,이젠 지워졌나  널 원한 죄로 여러번  머리 숙여야 했던  나 오늘도 널  허락하려 한다  나나나나  취해 널 보던 밤  내 마음대로 말하고  안아 버리려 했던  나 오늘 또  지처하는 널  허락하려 한다  나나나나  이런 일  스쳐가는 것처럼  비난없이  숨겨지진 않겠지만  잘못이 될 수는 없다고  너의 그녀에게  나 용서를 바래  주저 하지마  주저 하지마  두루루 루루 루 루루  거절 하지마  거절 하지마  나나나나나  이런 일  스쳐가는 것처럼  비난없이  숨겨지진 않겠지만  잘못이 될 수는 없다고  너의 그녀에게  나 용서를 바래  주저 하지마  주저 하지마  두루루 루루 루루루  거절 하지마  거절 하지마 주저 하지마  거절 하지마
1995.04.02~04.08,39,32611,비밀은 없어,룰라,Roo`ra Best Album,1997.04.01,Dance,박선만,우우 정말이야 이제 그대에게 비밀은 없어 우우 알고 있지 사랑한단 말은 안해도 처음 본 그날처럼 우린 아무말 없었지만 우우우우우 설레임에 바라보네 정말이야 이제 그대에게 비밀은 없어 오오우 그대 지난 날을 생각해 때론 다투고 전화도 없었지만 작은 사랑과 기쁨에 우린 즐거웠지 정말이야 이제 그대에게 비밀은 없어 그대 그리움에 흔린 눈물 또한 그대에게 밝힐 수 없는 나의 비밀 꿈이라도 그대에게 밝혀봤어 아름다운 추억이라 그댈 기억했어 지금부터 언제까지 그대 하나만을 또 사랑하게 될지 몰라 지금보는 내 마음은 어디부터 어디까지 그대만을 사랑할지 그대만의 비밀이야 우우 우우 정말이야 이제 아무런 비밀은 없어 우우 알고 있지 사랑한단 말은 안해도 토라져 돌아서면 우린 아무말 없었지만 우우우우우 어떻하나 내마음은 정말이야 이제 아무런 비밀은 없어 오오우 그대 지난날을 생각해 함께있다면 어디든 상관없어 커피한잔에 우린 정말 행복했지 우우 이제까지 널 생각해 보니 나를 속인걸 사과하려 하지만 넌 그런 생각은 안해도 돼 왜냐하면 나에겐 너뿐이란걸 이제 깨달아 생각했어 그건 바로 나만에 간직한 비밀이야 오오우 그대 처음 본 그날처럼 그대 내 곁에 있다면 얼마나 행복할까 오오우 그대 처음 본 그날처럼 설레임에 내마음 그대를 생각하네 우우우
1995.04.02~04.08,40,37036,난 너에게,민들레,민들레,1994.04,Folk,강영호,나 너에게 할말이 있어 그대에겐 아직 표현 못했지만 나 그대만을 사랑하고 있어 얘기할 기회 내게 줘 그대 내게 단 한번이라도 사랑으로 대한 적 있었나요 그대도 나를 사랑하고 있다면 얘기할 기횔 내게 줘 하지만 그대 나를 보려  하지 않아 항상 내 주위를 돌며  나를 어렵게만 해 가끔은 나에게 흘린  미소라도 좋아 널 지킬수 있게 내게 용기를 줘 나 너에게 사랑한다 말을  하고 싶어 날 믿어줘 아직 너를  포기할 수 없어 날 돌아봐줘 슬픈  눈물 흘리기엔 난 아직 그댈 너무 사랑하니까 하지만 그대 나를 보려  하지 않아 항상 내 주위를 돌며 나를  어렵게만 해 가끔은 나에게 흘린  미소라도 좋아 널 지킬수 있게 내게 용기를 줘 나 너에게 사랑한다 말을  하고 싶어 날 믿어줘 아직 너를  포기할 수 없어 날 돌아봐줘 슬픈 눈물 흘리기엔 난 아직 그댈 너무 사랑하니까
1995.04.02~04.08,41,59067,니가 오는 날,변진섭,Image `94,1994,Ballad,박주연,비가 오면 참 좋겠어 니가 나에게로 오는 그 날에는 먼지 닦인 그 길로만 발을 디딜 수 있게 눈이 와도 좋겠어 소복소복 쌓인 길 너 오는 소리 멀리서도 들을 수 있게 나를 떠날 땐 즐거운 영화를 보면 좋겠어 슬픔이 오다가 니 웃음에 저 멀리 달아나게 나 흙이 되면 너를 기다릴께 푸른 나무로 니가 오는 날엔 꽃으로 널 피울 수 있게  눈이 와도 좋겠어 소복소복 쌓인 길 너 오는 소리 멀리서도 들을 수 있게 나를 떠날 땐 즐거운 영화를 보면 좋겠어 슬픔이 오다가 니 웃음에 저 멀리 달아나게 나 흙이 되면 너를 기다릴께 푸른 나무로 니가 오는 날엔 꽃으로 널 피울 수 있게
1995.04.02~04.08,42,1722639,학창시절,이현석,학창시절,1994.08.29,Rock,이현석,무거운 가방을 어깨에 둘러매고 피곤한 눈으로 등교하면 수업은 왜 그렇게 많이 있는지 든든한 아침을 먹고온지 몇시간  지나지 않았는데 왜 그렇게 뱃속이 허전해 지는걸까 가끔은 무거운 눈을 참기가 힘들어 나도 몰래 꿈속으로 가 무서운 선생님의 꾸중으로 힘든 하루 보냈지 그래 그때는 몰랐었지만 너무나 아름다운 추억들 다시 돌아갈수 없는 학창시절을 나는 사랑할거야 너무나 많은걸 배우기에 제대로  이해하지 못하고 있는데도 시험은 왜 그렇게 많이 보는지 특별히 잘못한게 없는데도 왜 그리 선배들 앞으로 지나갈때면 항상 겁이 났을까 흘리던 땀을 식혀주던 책받침엔 예쁜 배우들이 웃지만 밤새워 끝낸 숙제들은 모두 어디 가버린걸까 그래 그때는 몰랐었지만 너무나 아름다운 추억들 다시 돌아갈수없는 학창시절을 나는 사랑할거야  그래 그때는 몰랐었지만 너무나 아름다운 추억들 다시 돌아갈수없는 학창시절을 나는 사랑할거야 그래 그때는 몰랐었지만 너무나 아름다운 추억들 다시 돌아갈수없는 학창시절을 나는 사랑할거야
1995.04.02~04.08,43,89687,내 마음속에,조규찬,내 마음속에,1994.10,Ballad,유희열,내 마음속의 널 잊고 있지 않았던 거야  언젠가 문득 느꼈던 너만의 말 못 할 힘겨웠던 일들 손조차 내밀지 못한 채 지내온 어릴 적 수줍었던 기억 이제는 들을 수 없는 떨리는 너의 음성엔 숨기고 있는 것 같은 그 때의 너의 얘기가 마지막인지 난 몰랐던 거야  네가 남긴 마지막 이해할 수 없었던 슬픈 미소에 네겐 아무런 위로도 하지 못했어 생각 날 땐 수 없이 찾아 갔었던 불 꺼진 네 방 안에 잠든 네 모습이 보일 것만 같아 내 마음 속에 환하게 웃고 있는 너의 모습이 아직도 지워지질 않아 내 마음 속에 소리 없이 떠나가 버린 너를 아직도 나는 기다려 이렇게 내 마음이 약한 줄 몰랐어 난 그저 너와 상관없는 사람처럼 널 쉽게 잊고 지낼 줄만 알았지 밤새워 친구들과 어울려 애써 소리내 웃어 보지만 내 기억 속 지난 너의 날들은 날 우울하게 만들어 의미없는 대화 뿐인 만남을 갖기에 노력해 보지만 밤이 깊어 친구들도 하나씩 떠나가게 된 때엔 어느새 너가 가져가 버린 내 마음 속 빈 자리가 더욱 더 허전해 진다는 걸 너는 모르고 있을 것 같아 네가 남긴 마지막 이해할 수 없었던 슬픈 미소에 네겐 아무런 위로도 하지 못했어 생각 날 땐 수 없이 찾아 갔었던 불 꺼진 네 방 안에 잠든 네 모습이 보일 것만 같아 내 마음 속에 환하게 웃고 있는 너의 모습이 아직도 지워지질 않아 내 마음 속에 내 모습이 남아 있어 내 마음 속에 소리 없이 떠나가 버린 너를 아직도 나는 기다려 내 마음 속에 내 모습이 남아 있어 내 마음 속에 널 잊고 있지 않았던 거야
1995.04.02~04.08,44,60100,Show Your Smile (핑계),김건모,In My Pops & Live,1994.12,Dance,JaceyChong,Show your smile And baby let it shine just like the sun Our love has only just begun  Take my hand And lead me to the ocean Baby share our love and emotion Tonight is the perfect time for us To demostrate our love Even throuh the hard times I have never lost my feelin' No matter what you asked for Girl you know that I was willing So take some time to think about the love You've been receiven' Nothing in this world compares the love That you've been givin' Show your smile And baby let it shine just like the sun Our love has only just begun my love Girl don't you worry about the life before us Our love has only just begun  Take my hand And lead me to the ocean Baby share our love and emotion Tonight is the perfect time for us To demostrate our love Even throuh the hard times I have never lost my feelin' No matter what you asked for Girl you know that I was willing So take some time to think about the love You've been receiven' Nothing in this world compares the love That you've been givin' Show your smile And baby let it shine just like the sun Our love has only just begun my love Girl don't you worry about the life before us Our love has only just begun Show your smile And baby let it shine just like the sun Our love has only just begun my love Girl don't you worry about the life before us Our love has only just begun
1995.04.02~04.08,45,1114706,기억해줘,김신우,김신우 1994,1995.10.05,Ballad,윤명선,지나버린 수많은 순간들 하나하나 그리며 너를 찾았어 아직 넌 남아 있는 거야 변해갔던 너 너의 모습까지도 때로는 잊어야만 했던 까닭에 모든 세상을 뒤로 했었지 아무도 내곁에 없을지도 몰라 너를 위해선 아직 내가 있으니 기억해줘 내사랑을 순간에서 영원을 생각하려해 머물러줘 살아있는날까지 너 하나만을 느끼게  왜그렇게 친구보다 멀게 느껴지는 마음이었니 그때는 난 네게 내모든것을 다해 멀어지는 널 애써 잡으려 했어 때로는 잊어야만 했던 까닭에 모든 세상을 뒤로 했었지 아무도 내곁에 없을지도 몰라 너를 위해선 아직 내가 있으니 기억해줘 내사랑아 순간에서 영원을 생각하려해 머물러줘 살아있는날까지 너 하나만을 느끼게 지나버린 시간속에 너를 찾는건 잃어버린 나를 찾는거야 너를 위해 기억해줘 내사랑을 순간에서 영원을 생각하려해 머물러줘 살아있는날까지 너 하나만을 난 느끼고 싶어 기억해줘 내사랑을 순간에서 기억해줘 영원을 생각하려해 머물러줘 살아있는 날까지
1995.04.02~04.08,46,59448,늪,조관우,My First Story,1994.10.01,Ballad,하광훈,내가 그녀를  처음 본 순간에도 이미 그녀는  다른 남자의 아내였었지 하지만 그건  내게 별로 중요하지 않았어 왜냐하면 진정한 사랑은 언제나 상상속에서만 가능한 법이니까 난 멈출수가 없었어 이미 내 영혼은 그녀의 곁을  맴돌고 있었기 때문에 가려진 커텐 틈 사이로  처음 그댈 보았지 순간 모든 것이 멈춘 듯했고 가슴엔 사랑이 꿈이라도 좋겠어  느낄수만 있다면 우연처럼 그댈 마주치는 순간이  내겐 전부였지만 멈출수가 없었어 그땐  돌아서야 하는 것도 알아 기다림에 익숙해진  내 모습뒤엔 언제나 눈물이 까맣게 타버린 가슴엔  꽃이 피질 않겠지 굳게 닫혀버린  내 가슴속엔 차가운 바람이 꿈이라도 좋겠어 그댈  느낄수만 있다면 우연처럼 그댈 마주치는 순간이 내겐 전부였지만 멈출수가 없었어 그땐  돌아서야 하는 것도 알아 기다림에 익숙해진 내 모습뒤엔 언제나 눈물이 흐르고 있어 오늘 밤 내 방엔 이미 늦은 파티가 열렸지 늪에 빠진 거야 그대를 위해 준비한 추억조차 내겐 없었지 꽃은 어느새 시들고  이별까지도 술잔을 비우며 힘 없이 웃었지  아무도 모른채 또 다시 상상속으로  그댈 초대하는 거야
1995.04.02~04.08,47,1700422,G Cafe,소방차,Again,1994.11.01,Dance,,
1995.04.02~04.08,48,3085682,커피 한잔과 당신,함영재,DJ의 사랑이야기,1985.12.30,Adult Contemporary,함영재,커피한잔과 당신-함영재
1995.04.02~04.08,49,91484,겨울그림,이승철,The Secret of Color,1994.09.24,Ballad,이승철,겨울오면 내집앞 문틈에 가득 눈이 덮혀와 throw the night 잠들은 아이들 따스하게 해 겨울오면 새벽아침 손길 안개처럼 감싸와 in the morning 잠든척 하는 꼬마아일 깨우려하네 이런 아름다운 풍경속을 거닐고파 때론 외롭기도 우울하기도 할꺼야 이런 아름다운 풍경들을 그리고파 지워지지 않는 겨울그림  겨울은 말없는 나에게 뭔가 속삭여주네 여름오면 날다시 찾아 눈꽃처럼 내게 올꺼냐고  이런 아름다운 풍경속을 거닐고파 때론 외롭기도 우울하기도 할꺼야 이런 아름다운 풍경들을 그리고파 지워지지 않는 겨울그림  겨울은 말없는 나에게 뭔가 속삭여주네 여름오면 날다시 찾아 눈꽃처럼 내게 올꺼냐고 winter is one when never your by my side  winter is one when never your by my side  winter is one when never your by my side  winter is one when never your by my side forever season you be mind
1995.04.02~04.08,50,38757,넌 할 수 있어,강산에,나는 사춘기,1994,Rock,"강산에,나비",후회하고 있다면  깨끗이 잊어버려   가위로 오려낸 것처럼  다 지난 일이야   후회하진 않는다면  소중하게 간직해   언젠가 웃으며  말할 수 있을 때까지   너를 둘러싼  그 모든 이유가   견딜수 없이  너무 힘들다해도  너라면 할 수 있을거야  할 수가 있어  그게 바로 너야   굴하지 않는 보석같은  마음 있으니   어려워마 두려워마  아무것도 아니야   천천히 눈을감고  다시 생각해 보는 거야   세상이 너를  무릎 꿇게 하여도   당당히 네 꿈을  펼쳐 보여줘  너라면 할 수 있을꺼야  할수가 있어  그게 바로 너야  굴하지 않는 보석같은  마음있으니  할수 있을꺼야  할수가 있어  그게 바로 너야  굴하지 않는 보석같은  마음있으니  굴하지 않는 보석같은 마음있으니
