time,rank,song_id,title,singers,album,date,genre,creator,lyric
1993.03.21~03.27,1,106047,걸어서 하늘까지,장현철,걸어서 하늘까지 OST,1993.01.18,"Drama,Rock",,눈 내리는 밤은 언제나 참기 힘든 지난 추억이  가슴 깊은 곳에 숨겨둔 너를 생각하게 하는데  어둔 미로 속을 헤매던 과거에는  내가 살아가는 그 이유 몰랐지만  하루를 살 수 있었던 건 네가 있다는 그 것  너에게 모두 주고 싶어 너를 위하여  마지막 그 하나까지  말이 없이 살아가라고 아주 쉽게 충고하지만  세상사는 어떤 사람도 강요하지 못해 나에게  어둔 미로 속을 헤매던 과거에는  내가 살아가는 그 이유 몰랐지만  하루를 살 수 있었던 건 네가 있다는 그 것  너에게 모두 주고 싶어 너를 위하여  걸어서 저 하늘까지
1993.03.21~03.27,2,91396,모두 잠든 후에,김원준,눈에 띄고 싶어 1집,1992.10.20,Dance,김원준,가냘픈 네 모습에 할 말을 잊었던 것 같아 이젠 언제까지나 숨 죽여 널 지키고 바라보려 해 내가 여기 서 있는 이유 하루에 한순간 조차 너의 존재를 잊지 못해 반쪽이 되어 버렸지 남겨진채 부서지는 내 마음 모두 잠든 후에 사랑 할거야 아무도 모르게 마음으로 모두 잠든 후에 기억하는 건 많아도 내 놓쳐버린 순간들의 한숨 뿐 내가 여기 서 있는 이유 하루에 한순간 조차 너의 존재를 잊지못해 반쪽이 되어 버렸지 남겨진채 부서지는 내 마음 모두 잠든 후에 사랑할거야 아무도 모르게 마음으로 모두 잠든 후에 기억하는 건 많아도 내 놓쳐버린 순간들의 한숨 뿐 모두 잠든 후에 사랑할거야 아무도 모르게 마음으로 모두 잠든 후에 기억하는 건 많아도 내 모두 잠든 후에 사랑 할거야 모두 잠든 후에 사랑 할거야
1993.03.21~03.27,3,54227,너에게 원한건,노이즈,Sound Shock,1992.11,Dance,홍종구,오늘도 우린 함께 했지 흠  난 또 한 번 느꼈어  너도 날 사랑하고 있다는 걸  항상 난 너만을 이해하려고 하지만  너는 언제나 너의 뜻대로만 움직였지  너에게 원한 건 (너에게 원한 건)  어려운 고백은 아냐 (아니야)  날 사랑하는 것만큼 표현해주는 것  (내가) 느낄 수 있도록  - 연 주 중 - 너는 진실한 마음을 깊이 감추고  그냥 장난스런 겉모습으로 날 대하지만  난 아무 상관 없어 그렇게 날 대하는 너  또한 어색한 걸  난 알 수 있어  너에게 원한 건 (너에게 원한 건)  어려운 부탁은 아냐 (아니야)  서로 관심을 조금씩만 가져주는 것  서로 느낄 수 있도록   오늘도 우린 함께 했지 흠  난 또 한 번 느꼈어  너도 날 사랑하고 있다는 걸  이젠 내게서 달아나려고 하지마  너의 맘을 내게 모두 다 들켜버렸으니까  너에게 원한 건 (너에게 원한 건)  어려운 고백은 아냐 (아니야)  날 사랑하는 것만큼 표현해주는 것  너에게 원한 건 (너에게 원한 건)  어려운 부탁은 아냐 (아니야)  서로 관심을 조금씩만 가져주는 것  서로 느낄 수 있도록
1993.03.21~03.27,4,54041,아껴둔 사랑을 위해,이주원,For Our Love Sake,1992,Ballad,박주연,기다려 내 몸을 둘러싼 안개 헤치고 투명한 모습으로 니 앞에 설때까지 기다려 막연했던 나의 덧없는 외출 헤매임 딛고 널 지켜줄때까지 찾지 못했어 내가 가야 할 길을 이 세상에 나만 홀로 던져진 것 같아 주저앉고 싶은 유혹도 많지만 알수없는 나의 미래가 너무 두려워 기다려줘 제발 난 니가 필요해 힘겨워도 꿈을 꾸는 건 너 때문인걸 아껴둔 우리 사랑을 위해 기다려 막연했던 나의 덧없는 외출 헤매임 딛고 널 지켜줄때까지 찾지 못했어 내가 가야 할 길을 이 세상에 나만 홀로 던져진 것 같아 주저앉고 싶은 유혹도 많지만 알수없는 나의 미래가 너무 두려워 기다려줘 제발 난 니가 필요해 힘겨워도 꿈을 꾸는 건 너 때문인걸 아껴둔 우리 사랑을 위해
1993.03.21~03.27,5,91403,방황,이승철,이승철,1992.11.01,Ballad,이승철,매일 신문에 나고 있는 건 골치 아픈 사연들일 뿐 지금이라도 늦진 않았어 이 거리로 뛰어 나가 보면 술에 취해 거릴 보면 어지러운 깜깜한 밤 유혹하듯 날 쳐다 보는 초점 없는 시선 시선 어딜 가야 찾을 수 있을까  어딜 가야 찾을 수 있을까  파란 넥타이 줄 무늬 팬티 그것 만이 전부는 아냐 까만 내 방을 밝게 비춰 줄 사랑을 찾아 또 나 떠나 가네  어딜 가야 찾을 수 있을까  어딜 가야 찾을 수 있을까  파란 넥타이 줄 무늬 팬티 그것 만이 전부는 아냐 까만 내 방을 밝게 비춰 줄 사랑을 찾아 또 나 떠나 가네  어딜 가야 찾을 수 있을까  어딜 가야 찾을 수 있을까  파란 넥타이 줄 무늬 팬티 그것 만이 전부는 아냐 까만 내 방을 밝게 비춰 줄 사랑을 찾아 또 나 떠나 가네 파란 넥타이 줄 무늬 팬티 그것 만이 전부는 아냐 까만 내 방을 밝게 비춰 줄 사랑을 찾아 또 나 떠나 가네
1993.03.21~03.27,6,1839185,자아도취,푸른하늘,푸른하늘 5집 - 자아도취,1992,Ballad,유영석,못생긴 얼굴에 작은 키로 어쩜 넌 그애를 좋아하니 끌리는 마음 이해하겠지만 넌 안돼 안돼 형은 뭐 잘났수 그 얼굴에 그애와 나는 이미 통했는걸 모든 걸 양보해도 이번만은 난 안돼 안돼 세상일이 힘이들때마다 너와 난 서로가 말은 안했지만 느낌으로 눈빛 하나 만으로 서로 이해하며 웃음지었는데 그까짓 사랑 유치한 감정에 이렇게 싸운 건 맘에 안 들지만 포기 못해 이번만은 나역시도 이번만은 양보할 순 없지 내가 예쁜 건 사실이겠지만 날두고 서로 다투지는 마요 아직은 누구도 사랑할 생각 난 없어 없어  정말로 이럴수는 없는 거야 날 사랑 않는다는 그애의 말 나처럼 괜찮은 남자 세상에 없는데 없어 착각도 지나치면 우스워요 하지만 난 착하고 겸손한데 남들이 뭐라해도 나는 정말 잘났어 나도 나역시 나만
1993.03.21~03.27,7,91406,너의 결혼식,윤종신,Sorrow (1st Edition),1992,Ballad,박주연,몰랐었어 네가 그렇게 예쁜지 웨딩드레스 하얀 네 손엔 서글픈 부케 수줍은 듯한 네 미소 이해할게 너의 부모님 말씀을 지금 보니 네 옆의 그 사람은 널 아마 행복하게 해 줄 꺼야 하지만 넌 잊을 수 있니 그 맹세 마지막을 함께 하자던 울었잖아 촛불을 켜고 무엇도 우릴 갈라 놀 순 없다고 세상 그 누구보다 난 널 알잖아 순결한 너의 비밀 너의 꿈을 나를 보지만 지금 니 모습에 우는 날 난 지키고 있을게 촛불의 약속 괜찮아 너는 잠시 잊어도 돼 널 맡긴거야 이 세상은 잠시 뿐인걸  하지만 넌 잊을 수 있니 그 맹세 마지막을 함께 하자던 울었잖아 촛불을 켜고 무엇도 우릴 갈라 놀 순 없다고 세상 그 누구보다 난 널 알잖아 순결한 너의 비밀 너의 꿈을 나를 보지만 지금 니 모습에 우는 날 난 지키고 있을게 촛불의 약속 괜찮아 너는 잠시 잊어도 돼 널 맡긴거야 이 세상은 잠시 뿐인걸 세상 그 누구보다 난 널 알잖아 순결한 너의 비밀 너의 꿈을 나를 보지만 지금 니 모습에 우는 날 난 지키고 있을게 촛불의 약속 괜찮아 너는 잠시 잊어도 돼
1993.03.21~03.27,8,54974,햄,김승기,Chanel No.25,1992.09.01,Ballad,김승기,네가 떠나는 날 난 생각했지 비 바람이 몰아쳐 비행기가 못 뜨기를 그건 슬픈 기대였어 미래의 꿈을 따라 넌 떠나 버렸으니 지금 내게 남은 건 불 확실한 미래와 널 향한 그리움 뿐 내안에 있는 그대 내 곁엔 없어 늘 내게 꿈과 사랑함을 준 그대 하늘 위 저 바다로 구름배 타고 내 시린 빈 손 따뜻하게 잡던 그대 우리 만남에서 헤어짐은 그리 멀지 않더니 헤어진 후 만남까진 왜 이다지 먼건지 하늘은 알고 있겠지 이 땅 위의 슬픔을 또 지금의 우리에게 다가오는 내일을 언젠가 내 품에 안길 그 날을 난 매일 꿈꾸며 잠시라도 그댈 잊고 지내지 않아요 그대를 부름과 기다림 내 생활의 일부가 되어 보이지 않는 사랑의 끈을 난 오늘도 그대에게로  너는 내게 늘 기다려진 사람으로 남는데 나는 네게 잊혀진 얼굴이 되어있는건 아닐까 우리 만남에서 헤어짐은 그리 멀지 않더니 헤어진 후 만남까진 왜 이다지 먼건지 하늘은 알고 있겠지 이 땅 위의 슬픔을 또 지금의 우리에게 다가오는 내일을 언젠가 내 품에 안길 그 날을 난 매일 꿈 꾸며 잠시라도 그댈 잊고 지내지 않아요 그대를 부름과 기다림 내 생활의 일부가 되어 보이지 않는 사랑의 끈을 난 오늘도 그대에게로  너를 그리는 나의 마음도 붉은 노을이 되어 묻혀가고 너를 찾는 나의 외로움이 하늘을 가득 채우고 또 채우고 있네
1993.03.21~03.27,9,111572,그대안의 블루,"김현철,이소라",그대안의 블루 OST,1992,Korean Movie,이현승,난 난 눈을 감아요 빛과 그대 모습 사라져 이제 어둠이 밀려오네 저 파란 어둠 속에서 그대 왜 잠들어 가나 세상은 아직 그대 곁에 있는데 사랑은 아니지만 우리의 만남 어둠은 사라지네 워 시간은 빛으로 물들어 또 다시 흐르네 내 눈빛속 그대 난 난 꿈을 꾸어요 그대 와의 시간은 멈춰지고  이제 어둠이 밀려오네 빛 바랜 사랑 속에서 그대 왜 잠들려 하나 시간은 오 아직 그대  곁에 있는데 사랑은 아니지만 우리의 만남 어둠은 사라지네 워 시간은 빛으로 물들어 또 다시 흐르네 그대 눈빛 속에 나 내 눈빛 속 그대
1993.03.21~03.27,10,50733,아주 오래된 연인들,015B,The Third Wave,1992.08.24,Ballad,정석원,저녁이 되면 의무감으로 전화를 하고  관심도 없는 서로의 일과를 묻곤 하지  가끔씩은 사랑한단 말로  서로에게 위로하겠지만  그런것도 예전에 가졌던 두근거림은 아니야  처음에 만난 그 느낌 그 설레임을 찾는 다면  우리가 느낀 싫증은 이젠 없는 거야    주말이 되면 습관적으로 약속을 하고   서로를 위해 봉사한다고 생각을 하지   가끔씩은 서로의 눈 피해  다른 사람 만나기도 하고  자연스레 이별할 기회를 찾으려 할때도 있지    처음에 만난 그 느낌 그 설레임을 찾는 다면  우리가 느낀 싫증은 이젠 없는 거야    처음에 만난 그 느낌 그 설레임을 찾는 다면  우리가 느낀 싫증은 이젠 없는 거야    스탑더 빅
1993.03.21~03.27,11,50943,너는 왜,철이와미애,철이와 미애 1집,1993,Dance,이승호,워우 워우워 워워우 워우워  워우 워우워 워워우 워우워  워우 워우워 워워우 워우워 워우 워우워 워워우 워우워 난 지금 화가 몹시 나있어  도대체 더이상 참을수가 없어  널 사랑하는 나를 두고  또다른 남자를 만날수가 있어  허 세상에 이럴수가  나 지금 너에게 걸어가고 있어  널 어떻게 쳐다봐야하나  이런저런 걱정뿐인데  오해는 하지마  그 남자가 누구인지 얘기해봐  사실이 아냐  그렇다면 사실을 내게 말해봐  너만을 사랑해  차라리 떠난다고 내게 말해줘  워 너는 왜 워워우 워우워 너는 왜 아직도 모르는거야  너만을 향한 내 사랑을  너는 왜 아직도 모르는거야 남은건 널 위한 사랑뿐  난 지금 뭐가뭔지 몰라  도대체 어떻게 그럴수가 있나  이 세상에는 나보다 더  더 잘난 남자가 있다는 걸 알아 허 세상에 그럴수가  그토록 너만을 사랑했었는데  너에게 어떻게 말을 꺼내볼까  이런저런 걱정뿐인데  오해는 하지마  그 남자가 누구인지 얘길해봐  사실이 아냐  그렇다면 사실을 내게 말해봐  너만을 사랑해  차라리 떠난다고 내게 말해줘  너는 왜 워워우 워우워 너는 왜 아직도 모르는거야  추억이 될수는 없잖아  너는 왜 아직도 모르는거야  사랑이 깊어만 가잖아  워우 워우워 워워우 워우워 워우 워우워 워워우 워우워 오해는 하지마  그 남자가 누구인지 얘길해봐  사실이 아냐  그렇다면 사실을 내게 말해봐  너만을 사랑해  차라리 떠난다고 내게 말해줘  워 너는 왜 워워우 워우워 너는 왜 아직도 모르는거야  너만을 향한 내 사랑을 너는 왜 아직도 모르는거야 남은건 널 위한 사랑뿐 너는 왜 아직도 모르는거야  추억이 될 수는 없잖아 너는 왜 아직도 모르는거야  사랑이 깊어만 가잖아  워우 워우워 워워우 워우워
1993.03.21~03.27,12,64060,지금은 알 수 없어 (My Love),김종서,김종서 1집,1992.01.30,Rock,최명섭,이젠 깨달아야 해 이것이 운명인 것을 진정 사랑하기에 체념도 필요했음을 영문도 모른체 그댄 울고 있지만 지금은 알 수 없어 그댈 떠나는 내 진심을  My Love 부디 나를 잊어줘 나는 그대의 짐이 될뿐이야 My Love 벅찬 사랑의 기억도 이제는 잊기로 해요 먼 아주 먼 훗날 마지막 순간 눈감을 때에 난 그대없음을 후회하겠지 My Love  영문도 모른체 그댄 울고 있지만 지금은 알 수 없어 흐르는 시간이 말해줄 뿐  My Love 부디 나를 잊어줘 나는 그대의 짐이 될뿐이야 My Love 벅찬 사랑의 기억도 이제는 잊기로 해요 My Love 부디 나를 잊어줘 나는 그대의 짐이 될뿐이야 My Love 벅찬 사랑의 기억도 이제는 잊기로 해요 My Love 부디 나를 잊어줘 나는 그대의 짐이 될뿐이야 My Love 벅찬 사랑의 기억도
1993.03.21~03.27,13,109824,아들과 딸 Main Title,최경식,아들과 딸 OST,1993,Drama,,
1993.03.21~03.27,14,193014,먼 훗날,박정운,추억만들기 4,1999.03.01,Ballad,박정운,잊으려 잊으려 해도  잊을 수 없는 그 얼굴 지우려 지우려 해도  지울 수 없는 그 이름  이별을 아쉬워하며  나의 품에 안겨 고개 숙인 너 가슴 속 깊이 간직한  네게 하고 싶었던  그 한마디 남겨둔 채  돌아서는 슬픈 내 모습 뒤로 울먹이는 너를 느끼며 먼 훗날에 너를 다시 만나면 사랑했다 말을 할거야   때로는 외로움 속에 때로는 아쉬움 속에 세월이 흐른 어느 날 난 홀로 울고 말았지  이별을 아쉬워하며 나의 품에 안겨 흐느끼는 너 마음속 깊이 간직한  네게 하고 싶었던  그 한마디 말 못하고  돌아서는 슬픈 내 모습 뒤로 울먹이는 너를 느끼며 먼 훗날에 너를 다시 만나면 사랑했다 말을 할거야   돌아서는 슬픈 내 모습 뒤로 울먹이는 너를 느끼며 너는 나의 마음 알고 있을까 너를 진정 사랑했다고  먼 훗날에 너를 다시 만나면 사랑했다 말을 할거야 -
1993.03.21~03.27,15,54766,난 알아요,서태지와아이들,Taiji Boys Techno Mix & Live,1992.11.20,Dance,서태지,I once met a lady she was all so fine and the only thing I wanted was to make her mine I was all so sweet and all so kind and like a man whose in love I was all so blind Cause from the first time I saw her I became obsessed and the only thing I wanted was her sweet caress She had the pretty eyes and the smoothest skin but she left me on the outside trying to get in check this out  난 정말 그대 그대만을 좋아했어 나에게 이런 슬픔 안겨주는 그대여 제발 이별만은 말하지 말아요 나에겐 오직 그대만이 전부였잖아 Please wait for me listen to my words Babe I love you I can't understand 오 그대여 가지 마세요 나는 지금 울잖아요  난 알아요 이 밤이 흐르면 yo yo yo 그대 떠나는 모습을 뒤로하고 마지막 키스에 슬픈 마음 정말 떠나는가  난 알아요 이 밤이 흐르고 흐르면 누군가가 나를 떠나 버려야 한다는 그 사실을 그 이유를 이제는 나도 알 수가 알 수가 있어요 사랑을 한다는 말을 못했어 어쨌거나 지금은 너무 늦어 버렸어 그때 나는 무얼 하고 있었나 그 미소는 너무 아름다웠어  Listen to what I say I'm going to be your friend more precious thing some where by me I never forget you truly Please wait for me listen to my words 오 그대여 가지 마세요 울잖아요  오 그대여 가지 마세요 나를 정말 떠나가나요 오 그대여 가지 마세요 나는 지금 울잖아요 Please wait for me listen to my words Babe I love you I can't understand Please wait for me listen to my words think about you all the time
1993.03.21~03.27,16,57531,오프닝/날 울리지마,신승훈,신승훈 Live,1992.11,Dance,김창환,내 가슴깊은 그곳에 숨겨놓은 그대와의 많은 시간들이 어둠에 묻혀 나를 찾아들면 나는 외로움에 잠못들고 내게 남아있는 그대 인형처럼 뽀얀 먼지속에 묻어오는 나의 추억속에 이젠 멀어진 그대여 날 울리지마 슬픈 영화속의 주인공은 싫어 날 울리지마 슬픈 노래처럼 기억되긴 싫어 내곁에 맴도는 그대의 모습은 우울한 하루 이젠 그대의 미소 느껴지지 않아 그날 밤 그날처럼  날 울리지마 슬픈 영화속의 주인공은 싫어 날 울리지마 슬픈 노래처럼 기억되긴 싫어 내곁에 맴도는 그대의 모습은 우울한 하루 이젠 그대의 미소 느껴지지 않아 그날 밤 그날처럼  울리지마 슬픈 영화속에 주인공은 싫어 날 울리지마 슬픈 노래처럼 기억되긴 싫어 내곁에 맴도는 그대의 모습은 우울한 하루 이젠 그대의 미소 느껴지지 않아 그날 밤 그날처럼
1993.03.21~03.27,17,54376,언젠가는,이상은,Darkness - 언젠가는,1993.01.01,Ballad,이상은,젊은 날엔 젊음을 모르고  사랑할땐 사랑이 보이지 않았네  하지만 이제 뒤돌아 보니  우리 젊고 서로 사랑을 했구나  눈물같은 시간의 강위에  떠내려가는건 한다발의 추억  그렇게 이제 뒤돌아 보니  젊음도 사랑도 아주 소중했구나  언젠가는 우리 다시 만나리  어디로 가는지 아무도 모르지만  언젠가는 우리 다시 만나리  헤어진 모습 이대로   젊은날엔 젊음을 잊었고  사랑할땐 사랑이 흔해만 보였네  하지만 이제 생각해 보니  우린 젊고 서로 사랑을 했구나  언젠가는 우리 다시 만나리  어디로 가는지 아무도 모르지만  언젠가는 우리 다시 만나리  헤어진 모습 이대로  언젠가는 우리 다시 만나리  어디로 가는지 아무도 모르지만  언젠가는 우리 다시 만나리  헤어진 모습 이대로
1993.03.21~03.27,18,2961060,처음느낀 사랑이야,박석규,처음느낀 사랑이야,1992.09.01,Ballad,,
1993.03.21~03.27,20,91395,그대 내게 다시,변진섭,변진섭 5,1992,Ballad,노영심,그대 내게 다시 돌아오려 하나요 내가 그댈 사랑하는지 알 수 없어 헤매이나요 맨 처음 그 때와 같을 순 없겠지만 겨울이 녹아 봄이 되듯이 내게 그냥 오면 되요 헤어졌던 순간은 긴 밤이라 생각해 그대 향한 내 마음 이렇게도 서성이는데 왜 망설이고 있나요 뒤돌아보지 말아요 우리 헤어졌던 날보다 만날 날이 더욱 서로 많은데  헤어졌던 순간은 긴 밤이라 생각해 그대 향한 내 마음 이렇게도 서성이는데 왜 망설이고 있나요 뒤돌아보지 말아요 우리 헤어졌던 날보다 만날 날이 더욱 서로 많은데 그대 내게 다시 돌아오려 하나요 지금 이대로의 모습으로 내게 그냥 오면 돼요
1993.03.21~03.27,21,1003900,각자의 길,EOS,E.O.S Live,1993.11.01,Dance,신해철,우연히 찾아갔던 친구의 생일파티에서 난 너를 보았네 그렇게 웃음띤 얼굴로 너는 내 친구곁에 있었지 창백해진 얼굴의 나에게 친구들은 걱정스런 눈빛으로 이유를 자꾸 내게 묻지만 아무말도 할 수가 없었어 당황한 내 모습 보이고 싶지는 않았지만 하필 많고 많은 사람중에 내 친구를 택했는가 너와 나의 눈빛이 마주 친 그때 난 잊지못해 너는 그렇게도 태연하게 미소를 띄고 앉아있다 이제 너와나는 서로가 영원히 다시 올수없는 각자의 길을가네 이제 너와나는 서로가 영원히 아무 느낌없는 타인이 되어가는가  창백해진 얼굴의 나에게 친구들은 걱정스런 눈빛으로 이유를 자꾸 내게 묻지만 아무말도 할 수가 없었어 내가 생각 할 수 있는 최대의 모욕적인 말을 너의 눈앞에서 하고싶다 수많은 사람들 앞에서 아마 오래가지 않을꺼야 곧 너에 대해 알게될꺼야 예쁜 얼굴 뒤에 감추어진 너의 본 모습을 이제 너와나는 서로가 영원히 다시올 수 없는 각자의 길을 가네 이제 너와나는 서로가 영원히 아무 느낌없는 타인이 되어가는가
1993.03.21~03.27,22,57519,잠 못 드는 밤 비는 내리고,김건모,김건모1집 - 잠못드는 밤 비는 내리고,1992,Dance,김창환,슬픈 노래는 듣고 싶지않아  내 마음 속에 잠들어있는 네가  다시 나를 찾아와 나는 긴긴  밤을 잠 못들것 같아  창밖에 비가 내리면 우두커니  창가에 기대어 앉아  기타를 퉁기며 노래를 불렀지  네가 즐겨듣던 그 노래  창밖을 보면 비는 오는데 괜시리  마음만 울적해  울적한 마음을 달랠 수가 없네  잠도 오지 않는 밤에  이젠 나의 희미한 기억 속에 너는  점점 더 멀어져가고  너의 슬픈 미소만이 나의  마음속에 가득 남아 흐르고 있어  이렇게 비가 오는 밤이면 너는  나를 더욱 슬퍼지게해  언제나 즐겨듣던 그 노래가  내 귓가에 아직 남아있는데  이렇게 비가오는 밤이면  내 지친 그리움으로 널 만나고  이 비가 그치고 나면 난 너를  찾아 떠나갈거야 슬픈 노래는 듣고 싶지않아  내 마음 속에 잠들어있는 네가  다시 나를 찾아와 나는 긴긴  밤을 잠 못들것 같아  창밖에 비가 내리면 우두커니  창가에 기대어 앉아  기타를 퉁기며 노래를 불렀지  네가 즐겨듣던 그 노래  두눈을 감고 잠을 청해도 비오는  소리만 처량해  비오는 소리에 내 마음 젖었네  잠도 오지 않는 밤에  이젠 나의 희미한 기억 속에  너는 점점 더 멀어져가고  너의 슬픈 미소만이 나의  마음속에 가득 남아 흐르고 있어  이렇게 비가 오는 밤이면 너는  나를 더욱 슬퍼지게해  언제나 즐겨듣던 그 노래가  내 귓가에 아직 남아있는데  이렇게 비가오는 밤이면 내 지친  그리움으로 널 만나고  이 비가 그치고 나면 난 너를  찾아 떠나갈거야 이렇게 비가오는 밤이면 내 지친  그리움으로 널 만나고  이 비가 그치고 나면 난 너를  찾아 떠나갈거야
1993.03.21~03.27,23,57337,사랑하는 사람들,한동준,처음 받은 느낌으로,1993.01,Ballad,한동준,저 푸른하늘과 맑은 햇살과 환한 얼굴들 그 모두를 내가 소망해 품고 싶어 안고 싶어 그 여린마음과 밝은 웃음의 어린 아이들 그 눈속에 우리 여지껏 찾고 있던 그 무엇이 변해가는 사람들 차가운 눈빛들 이토록 두렵게 느껴지지만 사랑하는건 늦진 않았지 이렇게 다정하게 웃음질 수 있는데 슬퍼하는 일 이젠 없겠지 하늘이 우리곁에 언제나 함께 있으니 어느새 내곁엔 사랑하는 사람들  변해가는 사람들 차가운 눈빛들 이토록 두렵게 느껴지지만 사랑하는건 늦진 않았지 이렇게 다정하게 웃음질 수 있는데 슬퍼하는 일 이젠 없겠지 하늘이 우리곁에 언제나 함께 있으니 어느새 내곁에 사랑하는 사람들 어느새 내곁에 사랑하는 사람들
1993.03.21~03.27,24,863341,거기 지금 누구인가,김명상,모래위의 욕망 OST,1993.02.10,Drama,강인원,거기 지금 무엇인가 내가 떠나버린 저 새벽 끝에서 조용히 움직이는 것들 야윈 꿈들이 하나 둘 눈뜨는가 거기 지금 누구인가 애써 지우려 했던 내 기억속에서 또 다시 움직이는 것들 잊혀진 이름 그리운 사람들 내 아버지와 같은 저 넓은 대지와 내 어머니와 같은 저 푸른 강물보며 떨리는 가슴에 갈길은 멀지만 어둠속 끝까지 뛰어가야 해 거기 지금 누구인가  거기 지금 무엇인가 내가 떠나버린 저 새벽 끝에서 조용히 움직이는 것들 잊혀진 이름 그리운 사람들 내 아버지와 같은 저 넓은 대지와 내 어머니와 같은 저 푸른 강물보며 떨리는 가슴에 갈길은 멀지만 어둠속 끝까지 뛰어가야 해 거기 지금 무엇인가 거기 지금 누구인가 거기 지금 누구인가
1993.03.21~03.27,25,54182,다시만난 너에게,피노키오,다시만난 너에게,1992.11.30,Rock,,내가 처음 보았던 기억속에 파란 하늘빛 미소 여전한 넌 지난 시간 세월을 얘기하듯 야윈 모습으로 손을 내밀고 나 역시 서툰 웃음과 어색한 시간이 흐른 뒤 나의 맘 속에 맘으로 널 그리워 해왔었다 말했지  이젠 다시 사랑을 가슴에 묻고 나누어지는 슬픔은 없을꺼야  내안에 있는 소중한 것을 모두다 너에게 주고 싶어  나 역시 서툰 웃음과 어색한 시간이 흐른 뒤 나의 맘 속에 맘으로 널 그리워 해왔었다 말했지  이젠 다시 사랑을 가슴에 묻고 나누어지는 슬픔은 없을꺼야  내안에 있는 소중한 것을 모두다 너에게 주고 싶어  그리움에 보낸 날들은 너의 절실함을 일깨워주고  어떤 어려움에도 견딜 수 있는 널 향한 사랑에게 보여주었어  그리움에 보낸 날들은 너의 절실함을 일깨워주고
1993.03.21~03.27,26,176479,흐린 기억속의 그대,현진영,S.M. Best Album,1993.11,Dance,이탁,안개빛 조명은 흐트러진 내몸을 감싸고   술에 취해 비틀거리는 우예~  나의 모습 이제는 싫어 슬뜰르를 예    뽀얀 담배 연기 화려한 차림속에 거울로 비쳐오는  초라한 나의 모습 변화된 생활속에  나만의 너는 너는 너는 잊혀져 가고  여인들의 열기 속에 흔들리는 촛불마져  나를 처량하게 만드는 것만 같아 견딜수 없어  싸늘한 밤 거리를 걷다가 무거워진 내 발걸음  흐린 기억 속에 그대 그대 그대 모습을 사랑하고 싶지만  돌아서 버린 너였기에 멀어져버린 너였기에  소중한 기억속으로 접어들고 싶어  흘러가는 시간 속에 속에  나만의 모습 찾을 수가 없어없어  흐트러진 나의 마음 무질서한 공간에서  슬픔에 찬 나의 마음 이젠 이젠 이젠 이젠 잊고 싶어  내곁에 있어줄수 없나 왜 내마음 모두 남겨 버린채  내 곁에서 멀리 떠나가버린  흐린 기억속에 그대 모습 떠올리고 있네  하 하루 지나고 지나도 왜 너를 잊을 수가 없는가  내곁에서 멀리 떠나가버린  흐린 기억속의 그대 모습 떠올리고 있네    싸늘한 밤 거리를 걷다가 무거워진 내 발걸음  흐린 기억 속에 그대 그대 그대 모습을 사랑하고 싶지만  돌아서 버린 너였기에 멀어져버린 너였기에  소중한 기억속으로 접어들고 싶어  흘러가는 시간 속에 속에  나의 모습 찾을 수가 없어없어  흐트러진 나의 마음 무질서한 공간에서  슬픔에 찬 나의 마음 이젠 이젠 이젠 이젠 잊고 싶어
1993.03.21~03.27,27,54414,난 멈추지 않는다,잼,Zam,1992,Dance,조진호,이제 모든걸 다시 시작해 내겐 아직도 시간이 있어 때론 상처가 좌절로 남아 돌이킬수 없는 후회도 하고  그러나 우리 잊어선 안돼 지금의 나는 내가 아닌걸 신문에 실려온 얘기들 헝클어진 우리들을 탓할순 없어  이제 모든걸 다시 시작해 이렇게 여기서 끝낼순 없어 내겐 아직도 시간이 있어 지금 이렇게 지금 멈출수는 없어  신문에 실려온 얘기들 헝클어진 우리들을 탓할순 없어  이제 모든걸 다시 시작해 이렇게 여기서 끝낼순 없어 내겐 아직도 시간이 있어 지금 이렇게 지금  나는 여기서 멈출순 없어 이제 모든걸 다시 시작해  나는 여기서 멈출순 없어 이제 모든걸 다시 시작해
1993.03.21~03.27,28,50627,산골 소년의 사랑이야기,예민,Yemin 2,1992.07,Folk,예민,풀잎새 따다가 엮었어요  예쁜 꽃송이도 넣었구요  그대 노을빛에 머리 곱게 물들면  예쁜 꽃모자 씌워 주고파  냇가에 고무신 벗어놓고  흐르는 냇물에 발담그고  언제쯤 그애가 징검다리를 건널까  하며 가슴은 두근거렸죠  흐르는 냇물위에  노을이 분홍빛 물들이고  어느새 구름사이로  저녁달이 빛나고 있네  노을빛 냇물위에  예쁜 꽃모자 떠 가는데  어느 작은 산골 소년의 슬픈 사랑 얘기    풀잎새 따다가 엮었더니  예쁜 꽃송이도 넣었구요  그대 노을빛에 머리 곱게 물들면  예쁜 꽃모자 씌워 주고파  냇가에 고무신 벗어놓고  흐르는 냇물에 발담그고  언제쯤 그애가 징검다리를 건널까  하며 가슴은 두근거렸죠  흐르는 냇물위에  노을이 분홍빛 물들이고  어느새 구름사이로  저녁달이 빛나고 있네  노을빛 냇물위에  예쁜 꽃모자 떠 가는데  어느 작은 산골 소년의 슬픈 사랑 얘기  노을빛 냇물위에  예쁜 꽃모자 떠 가는데  어느 작은 산골 소년의 슬픈 사랑 얘기
1993.03.21~03.27,29,1707087,가려진 시간 사이로,윤상,윤상2 - Part I,1992.10.15,Ballad,박주연,노는 아이들 소리  저녁 무렵의 교정은  아쉽게 남겨진 햇살에 물들고 메아리로 멀리 퍼져 가는 꼬마들의 숨바꼭질 놀이에 내 어린 그 시절 커다란  두 눈의 그 소녀 떠올라  넌 지금 어디 있니  내 생각 가끔 나는지  처음으로 느꼈었던  수줍던 설레임  지금까지 나 헤매는 까닭엔  네가 있기는 하지만  우린 모두 숨겨졌지  가려진 시간 사이로  메아리로 멀리 퍼져 가는 꼬마들의 숨바꼭질 놀이에 내 어린 그 시절 커다란 두 눈의 그 소녀 떠올라 넌 지금 어디 있니 내 생각 가끔 나는지 처음으로 느꼈었던 수줍던 설레임 지금까지 나 헤매는 까닭엔 네가 있기는 하지만 우린 모두 숨겨졌지 가려진 시간 사이로
1993.03.21~03.27,30,2118735,더 늦기전에 (Themesong),VariousArtists,92` 내일은 늦으리,1992.11.01,Ballad,신해철,생각해 보면 힘들었던 지난 세월
1993.03.21~03.27,31,50511,알수 없는 이별,양수경,알수 없는 이별/한번 더 생각해봐요,1992.09.15,Ballad,김학래,이제와 생각해 보면 아쉬운 사람이였네 떠나가는 그댈 날위해 잊는다지만 어쩌면 내 가슴속엔 그대의 사랑은 남아 고개숙인 나의 슬픔만 더욱 울리네 하지만 이별은 싫어요 나를 다시 바라봐요 그대가 떠난 그 내모습 자신없어요 하염없이 흘러 내리는 후회같은 아픔 때문에 떠나려는 그댈 한번더 불러보지만 우리 다시 생각해봐요 그대 사랑 남아 있다면 알수없는 나의 이별은 멈춰주세요  하지만 이별은 싫어요 나를 다시 바라봐요 그대가 떠난 그 내모습 자신없어요 하염없이 흘러 내리는 후회같은 아픔 때문에 떠나려는 그댈 한번더 불러보지만 우리 다시 생각해봐요 그대 사랑 남아있다면 알수없는 나의 이별은 멈춰주세요 우리 다시 생각해봐요 그대 사랑 남아있다면 알수없는 나의 이별은 멈춰주세요
1993.03.21~03.27,32,2981575,나의 노래,김광석,나의 노래,1992.03.20,Folk,한동헌,아무 것도 가진 것 없는 이에게  시와 노래는 애달픈 양식  아무도 뵈지 않는 암흑속에서  조그만 읊조림은 커다린 빛  나의 노래는 나의 힘  나의 노래는 나의 삶  자그맣고 메마른 씨앗속에서 내일의 결실을 바라보듯이  자그만 아이의 읊음 속에서  마음의 열매가 맺혔으면  나의 노래는 나의 힘  나의 노래는 나의 삶   거미줄처럼 얽힌 세상속에서  바람에 나부끼는 나무가지처럼  흔들리고 넘어져도  이세상속에는 마지막 한방울의 물이 있는 한  나는 마시고 노래하리 나는 마시고 노래하리  수많은 진리와 양심의 금문자  찬란한 그빛에는 멀지 않으리  이웃과 벗들의 웃음속에는  조그만 가락이 울려 나오면 나는 부르리 나의 노래를  나는 부르리 가난한 마음을  그러나 그대 모두 귀기울일 때  노래는 멀리 멀리 날아가리  노래는 멀리 멀리 날아가리
1993.03.21~03.27,33,608252,그대 나를 보면,이문세,이문세 4집,1987.03.10,Dance,이영훈,그대 나를 보면 울기만 했지만 하루종일 울다가 웃어버렸지만 나 그대의 연인되진 않아 나 그대의 사람되진 않아 그대 아름다운 여인이여 울다 웃는 꽃처럼 그런 그대를 안고 싶지만 그저 나의 친구로 좋아  나도 그대보며 사랑 느끼지만 하루종일 보다도 웃어버렸지만 나 그대의 연인되진 않아 나 그대의 사람되진 않아 그대 아름다운 여인이여 비에 젖은 꽃처럼 그런 그대를 안고 싶지만 그저 나의 친구로 좋아 그대 아름다운 여인이여 울다 웃는 꽃처럼 그런 그대를 안고 싶지만 그저 나의 친구로 좋아
1993.03.21~03.27,34,79614,슬픈 베아트리체,조용필,Cho Yong Pil,1992.10,Rock,곽태요,그대 슬픈 눈에 어리는 이슬처럼 맑은 영혼이 내 가슴에 스며 들어와 푸른 샘으로 솟아나리니 그대 여린 입술 사이로 바람처럼 스친 미소가 나의 넋을 휘감아도는 불꽃이 되어 타오르리니 슬픈 그대 베아트리체 아름다운 나의 사랑아 빈 바다를 헤매는 내게 살아야 할 단 하나의 이유되어 사랑이란 소망의 섬 그 기슭에 다가갈 수 있다면 사랑이란 약속의 땅 그 곳에 깃들 수만 있다면  그대 붉은 입술 다가와 화살처럼 스친 입맞춤 나의 넋을 앗아가버린 상처되어 남아있는데 슬픈 그대 베아트리체 떠나버린 나의 사랑아 꽃상여에 그대 보내며 살아야 할 이유마저 없으니 사랑이란 절망의 벽 울부짖는 통곡마저 갇힌채 사랑이란 배반의 강 간절한 언약마저 버리고  사랑이여 불멸의 빛 거짓없는 순종으로 그대를 사랑이여 사랑이여 이 생명 다하는 날까지 사랑이여 불멸의 빛 거짓없는 순종으로 그대를 사랑이여 사랑이여 이 생명 다하는 날까지
1993.03.21~03.27,35,54362,옛 친구에게,여행스케치,세가지 소원,1992.11,Folk,조병석,이렇게 비 내리는 날엔 우산도 없이  어디론지 떠나고 싶어 비를 맞으며  옛날 작은 무대 위에서 함께 노래한  정다웠던 친구들 두고 난 떠나왔어 서로를 위한 길이라 말하며 나만을 위한 길을 떠난거야 지난 내 어리석음 이젠 후회해 하지만 넌 지금 어디에 이렇게 비가 내리는 밤엔 난 널 위해 기도해 아직도 나를 기억한다면 날 용서해주오 아  서로를 위한 길이라 말하며 나만을 위한 길을 떠난거야 지난 내 어리석음 이젠 후회해 하지만 넌 지금 어디에 이렇게 비가 내리는 밤엔 난 널 위해 기도해 아직도 나를 기억한다면 날 용서해주오 이렇게 비가 내리는 밤엔 난 널 위해 기도해 아직도 나를 기억한다면 날 용서해주오 이렇게 비가 내리는 밤엔 난 널 위해 기도해 아직도 나를 기억한다면 날 용서해주오
1993.03.21~03.27,36,91104,언제나 그 자리에,신효범,신효범 3집,1992,Ballad,신효범,어두운 창밖 불빛 사이로 얼룩진 그대의 슬픔이 고개 숙인 채 앉아 흐느끼는 눈물로 지워질 수 있을까 뒤돌아 보면 차가운 바람 가슴을 스치고 간 긴 외로움 슬픔이라 생각하지 않으려해도 언제나 그 자리에 곁에 있어도 그대는 남인것처럼 멀리 있는 것만 같았지 그대가 나를 왜 떠나려고 했는지 이제 나는 알 것 같아 나의 작은 실수 하나 조차도 힘겨워하던 그대를 보며 우리 서로 말없이 헤어진 지금이 오히려 사랑일꺼야  곁에 있어도 그대는 남인것처럼 멀리 있는 것만 같았지 그대가 나를 왜 떠나려고 했는지 이제 나는 알 것 같아 나의 작은 실수 하나 조차도 힘겨워하던 그대를 보며 우리 서로 말없이 헤어진 지금이 오히려 사랑일꺼야 나의 작은 실수 하나 조차도 힘겨워하던 그대를 보며 우리 서로 말없이 헤어진 지금이 오히려 사랑일꺼야
1993.03.21~03.27,37,54290,우리 많은 날들도,박준하,And You?,1993.02.01,Ballad,김은희,나 삶의 의미를 문득 느끼게 해 준 그대 힘든 나의 지난 추억의 흔적도 따뜻히 감싸 주었지 난 그런 너의 마음 모른채 하며 먼 곳만 보지만 차츰 내 안에 파고 드는 커다란 널 난 느꼈던거야 어쩐지 너의 웃음과 나를 바라보는 너의 눈빛을 매일 새로와 사랑해 온 그대를 나의 잠을 깨워 눈부신 햇살 바라보게 한 너 사랑해요 지금껏 그대만을 사랑했던 것처럼 앞으로 우리 많은 날들도  어쩐지 너의 웃음과 나를 바라보는 너의 눈빛을 매일 새로와 사랑해 온 그대를 나의 잠을 깨워 눈부신 햇살 바라보게 한 너 사랑해요 지금껏 그대만을 사랑했던 것처럼 앞으로 우리 많은 날들도
1993.03.21~03.27,38,55301,처음 사랑,유열,처음사랑,1993,Ballad,박주연,내 그림자 길어진 만큼 나의 외로움 커질땐 향수라는 이름으로 찾아가는 그곳 그곳엔 니가 있고 너를 꿈꾸던 나의 기도가 있고 그리고 우리의 마지막도 왜 어떤 소식도 난 들을 수 없을까 넌 너무 멀리 있는지 해질무렵 강변에는 우리의 옛날이 숨쉬지 그대의 옆 모습만 보던 수줍음 까지도 나 언제나 돌아올땐 따스해진 가슴으로 말하지 그대가 처음 사랑 가르쳤다고  그때 꿈꾸던 모습이 지금 내 모습일런지 너는 그때 소망했던 꿈은 이뤘을까 우리가 헤어지던 그날 흘렸던 나의 눈물은 지금 그 어느 바다 파도로 울까 왜 어떤 소식도 난 들을 수 없을까 넌 너무 멀리 있는지 해질무렵 강변에는 우리의 옛날이 숨쉬지 그대의 옆모습만 보던 수줍음까지도 나 언제나 돌아올땐 따스해진 가슴으로 말하지 그대가 처음 사랑 가르쳤다고  해질무렵 강변에는 우리의 옛날이 숨쉬지 그대의 옆모습만 보던 수줍음까지도 나 언제나 돌아올땐 따뜻해진 가슴으로 말하지 그대가 처음 사랑 가르쳤다고
1993.03.21~03.27,39,1009012,삼백초,김상배,오로라,1992.07.15,Adult Contemporary,김지평,바보야 가버린 너는 바보야 엽서도 한장 남기지 않고 떠나가버린 너 너는 너는 너는 바보야 삼백초 꽃잎 같은 내 마음에 눈물이 맺히고 있네 아늑한 가슴 나직한 음성 은근한 그 애정 다시 돌아올 수 없겠니 미운 바보야 예쁜 바보야 내 마음도 몰라주는 바보 바보야  바보야 가버린 너는 바보야 한마디 말도 원망도 없이 떠나가버린 너 너는 너는 너는 바보야 삼백초 이슬 같은 눈 망울에 그리움 번지고 있네 바람은 불고 갈잎은 울고 계절은 슬픈데 너의 발길 간 곳 어디니 미운 바보야 예쁜 바보야 내 마음도 몰라주는 바보 바보야
1993.03.21~03.27,40,49035,도시인,넥스트,Home,1992,Rock,신해철,아침엔 우유 한잔 점심엔 FAST FOOD 쫓기는 사람처럼 시계바늘 보면서 거리를 가득메운 자동차 경적소리 어깨를 늘어뜨린 학생들 THIS IS THE CITY LIFE! 모두가 똑같은 얼굴을 하고 손을 내밀어 악수하지만 가슴속에는 모두 다른 마음 각자 걸어가고 있는거야 아무런 말없이 어디로 가는가 함께 있지만 외로운 사람들  어젯밤 술이 덜 깬 흐릿한 두 눈으로 자판기 커피 한 잔 구겨진 셔츠 샐러리맨 기계 부속품처럼 큰 빌딩속에 앉아 점점 빨리가는 세월들 THIS IS THE CITY LIFE! 모두가 똑같은 얼굴을 하고 손을 내밀어 악수하지만 가슴속에는 모두 다른 마음 각자 걸어가고 있는거야 아무런 말없이 어디로 가는가 함께 있지만 외로운 사람들  THIS IS THE CITY LIFE! 한 손엔 휴대전화 허리엔 삐삐차고 집이란 잠자는 곳 직장이란 전쟁터 회색빛의 빌딩들 회색빛의 하늘과 회색 얼굴의 사람들 THIS IS THE CITY LIFE! 아무런 말없이 어디로 가는가 함께 있지만 외로운 사람들 아무 말없이 어디로 가는가 함께 있지만 외로운 사람들
1993.03.21~03.27,41,108031,사랑하지 않을 거야,나현희,사랑을 위하여 OST,1993.03,Drama,,어딘가에 있는줄 알면서도  만날수 없는 현실이 싫어  왜 자꾸 눈물이 나는걸까  이제는 소용이 없는데  이렇게 끝날줄을 알았다면  시작도 하지 않았을텐데  이미 늦어버린 지금에  후회는 의미없는걸  앞으로 보내야할 시간이 두려워  견딜수 없이 길게만 느껴져  어떤 아픔이와도 참아야지  고통은 지나가는 순간일뿐  한번쯤 만나고 싶다는   생각들겠지  깊이 사랑하니까  하지만 혼자남는 법을 알때까지  다시 사랑하지 않을꺼야  앞으로 보내야할 시간이 두려워  견딜수 없이 길게만 느껴져  어떤 아픔이와도 참아야지  고통은 지나가는 순간일뿐  한번쯤 만나고 싶다는   생각들겠지  깊이 사랑하니까  하지만 혼자남는 법을 알때까지  다시 사랑하지 않을꺼야  한번쯤 만나고 싶다는  생각들겠지 깊이 사랑하니까 하지만 혼자남는 법을 알때까지 다시 사랑하지 않을꺼야
1993.03.21~03.27,42,49186,눈 감아봐도,박준희,박준희,1991.09,Dance,박준희,어둠이 다가와 내곁에 머물면 식어간 몸짓으로 손내밀던 모습이 내기억 속에서 숨쉬듯 날아와 나에게 사랑한다 말하던 너 눈감아야 널 바라보는 내마음 너는 알것 같니 눈뜨면 아쉬운 이별 자꾸 애만 태우는 꿈속의 널 어떡하나 이젠 눈감아봐도 보이지 않아 꿈속에서도 나혼자 뿐이야 이젠 눈감아봐도 보이지 않아 꿈속에서도  어제는 너에게 편지를 주려고 낮부터 너를 찾아 눈감았던 모습이 초라해 보인건 아침의 따가운 햇살과 손에 쥔 편지 때문야 눈감아야 널 바라보는 내마음 너는 알것 같니 눈뜨면 아쉬운 이별 자꾸 애만 태우는 꿈속의 널 어떡하나 이젠 눈감아봐도 보이지 않아 꿈속에서도 나혼자 뿐이야 이젠 눈감아봐도 보이지 않아 꿈속에서도  눈감아야 널 바라보는 내마음 너는 알것 같니 눈뜨면 아쉬운 이별 자꾸 애만 태우는 꿈속의 널 어떡하나 이젠 눈감아봐도 보이지 않아 꿈속에서도 나혼자 뿐이야 이젠 눈감아봐도 보이지 않아 꿈속에서도 나혼자 뿐이야 이젠 눈감아봐도 보이지 않아 꿈속에서도 나혼자 뿐
1993.03.21~03.27,43,463542,또 다른 만남을 위해,김민종,상처받은 사람들을 위해,2003.06.10,Ballad,지우,멀게만 느낀 우리의 이별 짧았던 그 순간 아쉬움을 남긴 채 떠나야 했던 소중했던 친구여 아무런 표정도 없이 그저 담담히 손 흔드는 네 모습 또 다른 만남위해 잠시 떠나야 할 뿐 젖어드는 내마음을 너는 알거야 오오 마음 울적해진 비가 오는 날엔 나를 그리며 싫은 사연 속에 너를 만나겠지예~ 낯선 너의 모습보며 눈물 글썽이는 내 맘 아프겠지만 그리운 친구여 또 다른 만남을 위해
1993.03.21~03.27,44,64851,외면,이은미,이은미,1992,Ballad,이은미,지나쳐 흘러간 시간들이 바쁘게 내리는 어둠속에 사라지고 난 기다리네 무심히 스쳐간 네 모습이 지금도 내곁에 머물고만 있네 잊을 수 없어 사랑에 빠지는 건 아주 쉬운 일이지만 차갑게 느껴지며 다가오는 그대 다가서는 그대 가끔씩 던져진 얘기들은 지쳐있는 내맘에 쌓여만 가고있네 견딜 수 없어 아직도 무심한 네곁에서 아무말 못하고 외로움만 쌓이네 잊을 수 없어 사랑에 빠지는 건 아주 쉬운 일이지만 차갑게 느껴지며 다가오는 그대 다가서는 그대 웃을 듯 말 듯 바라만 보던 그대 보일 듯 말 듯 자꾸만 멀어지네 잡힐 듯 말 듯 사라져가는 그대 표정도 없이 모른 척 하고 있네 사랑에 빠지는 건 아주 쉬운 일이지만 차갑게 느껴지며 다가오는 그대 다가서는 그대 사랑에 빠지는 건 아주 쉬운 일이지만 차갑게 느껴지며 다가오는 그대 다가서는 그대 웃을 듯 말 듯 바라만 보던 그대 보일 듯 말 듯 자꾸만 멀어지네 잡힐 듯 말 듯 사라져가는 그대 표정도 없이 모른 척 하고 있네
1993.03.21~03.27,45,78782,먼지가 되어,이윤수,"`90 창신동, 그리고...",1991,Folk,,바하에 선율에 젖은 날에는 잊었던 기억들이 피어나네요 바람에 날려간 나의 노래도 휘파람 소리로 돌아오네요 내 조그만 공간 속에 추억만 쌓이고 까닭 모를 눈물만이 아롱거리네 작은 가슴을 모두 모두어 시를 써봐도 모자란 당신 먼지가 되어 날아가야지 바람에 날려 당신 곁으로  작은 가슴을 모두 모두어 시를 써봐도 모자란 당신 먼지가 되어 날아가야지 바람에 날려 당신 곁으로
1993.03.21~03.27,46,53954,재회,박광현,박광현 3집 (재회/슬픔을 위한 준비),1992.07.25,Ballad,도윤경,차라리 못본체 지나칠것을 우연을 피해 갈수는 없었지만 행복과는 멀어진 듯한 그녀의 표정 내앞에서 얼음처럼 굳어버렸지 무엇이 그렇게 부끄러웠나 그 흔한 인사 한 마디 건네지 않고 타인보다도 더한 냉정함을 안은채 힘든 발걸음 애써 내 딛을 때 쏟아져 내리는 햇살에 비춰진 그녀의 눈망울이 반짝이는 걸 느꼈어 잘못 본거라고 생각하면 될텐데 나는 왜 아직 이길에 서 있나  무엇이 그렇게 부끄러웠나 그 흔한 인사 한 마디 건네지 않고 타인보다도 더한 냉정함을 안은채 힘든 발걸음 애써 내 딛을 때 쏟아져 내리는 햇살에 비춰진 그녀의 눈망울이 반짝이는 걸 느꼈어 잘못 본거라고 생각하면 될텐데 나는 왜 아직 이길에 서 있나 잘못 본거라고 생각하면 될텐데 나는 왜 아직 이길에 서 있나
1993.03.21~03.27,47,1039225,아이러니,이승철,이승철 Best of Best,2003.12.01,Dance,,돌아가는 세상 보렴 얼마나 다른 모습인지 가꾸며 사는 사람들 그저 구경만 하는 사람 남들의 얘기로 언제나 신경쓰는사람 네게 충고 하겠는데 남의 충고 듣지는 마 결론 내리자면 이 세상 그 무엇도 결론 내릴 수 없는 것 OH IT'S JUST IRONY IRONY OH IRONY  결론 내리자면 이 세상 그 무엇도 결론 내릴 수 없는 것 OH IT'S JUST IRONY  낙서금지라는 말로 가득 낙서가 되 있는 벽 휴지통 팻말 사이에 끼워져 있는 휴지조각 미소와 냉소가 언제나 어우러진세상 네게 충고 하겠는데 남의 충고 듣지는 마 결론 내리자면 이 세상 그 무엇도 결론 내릴 수 없는 것 OH IT'S JUST IRONY IRONY OH IRONY OH IRONY OH IRONY  OH IRONY OH IRONY  이 세상 그 무엇도 결론 내릴 수 없는 것 OH IT'S JUST IRONY IRONY OH IRONY  이 세상 그 무엇도 결론 내릴 수 없는 것 OH IT'S JUST IRONY IRONY OH IRONY
1993.03.21~03.27,48,45926,내가 아는 한가지,이덕진,Sad Wings Of Destiny,1992.01.12,Ballad,박주연,살아가는 동안 한번도 안 올지 몰라  사랑이라는 감정의 물결  그런 때가 왔다는 건 삶이 가끔 주는 선물  지금까지 잘 견뎌왔다는   널 만났다는 건 외롭던 날들의 보상인걸  그래서 나는 맞이하게 된거야  그대라는 커다란 운명   이 세상의 무엇 하나도  나를 꺾을 수는 없겠지만  너의 뜻대로 살아가는 것만이  내가 아는 한가지   네가 원하는 건 나 또한 원하는거야  이미 나는 따로 있질 않아  이별이라는 것 또한 사랑했던 사람만이  가질 수 있는 추억일지 몰라   널 만났다는 건 외롭던 날들의 보상인걸  그래서 나는 맞이하게 된거야  그대라는 커다란 운명   이 세상의 무엇 하나도  나를 꺾을 수는 없겠지만  너의 뜻대로 살아가는 것만이  내가 아는 한가지   널 만났다는 건 외롭던 날들의 보상인걸  그래서 나는 맞이하게 된거야  그대라는 커다란 운명
1993.03.21~03.27,49,49101,슬픔이 없는 시간속으로,김선경,슬픔이 없는 시간속으로,1992.06.30,Ballad,,내 마음 슬픔이 없는 시간 속으로 다가가 변함 없는 평화 따사로운 사랑으로 지나간 기억의 아쉬움들 모두 다 버리고 행복의 미소 지을거야 아주 작은 곳에서 다가오는 사랑의 느낌 간직하고 싶어 어릴때 꿈꾸던 세상~이 작은 행복으로 채워진다면 서로의 하얀 눈물 닦아 주는 따뜻한 세상 되지 어릴때 꿈꾸던 소망~이 작은 기쁨으로 채워진다면 온 세상 새 하얗게 그려질거야 지나간 기억의 아쉬움들 모두 다 버리고 행복의 미소 지을거야  어릴때 꿈꾸던 세상~이 작은 행복으로 채워진다면 서로의 하얀 눈물 닦아 주는 따뜻한 세상 되지 어릴때 꿈꾸던 소망~이 작은 기쁨으로 채워진다면 온 세상 새하얗게 그려질거야 지나간 기억의 아쉬움들 모두 다 버리고 행복의 미소 지을거야
1993.03.21~03.27,50,50330,더 이상 내게 아픔을 남기지마,하수빈,Lisa In Love,1992,Ballad,,지금 너의 차가운 눈빛을 나는 알고 있었어 아쉬움도 느낄 수 없을만큼 짧은 시간만 남아있나 넌 이제 떠나고 추억만 남겠지 차가운 눈빛만 내 맘에 간직한채 이제는 나도 알아~ 이것이 마지막 사랑이라는걸~ 더 이상 내게 아픔을 남기지 마 초라한 내 모습 싫어  넌 이제 떠나고 추억만 남겠지 차가운 눈빛만 내 맘에 간직한채 이제는 나도 알아~ 이것이 마지막 사랑이라는걸~ 더 이상 내게 아픔을 남기지 마 초라한 내 모습 싫어 이제는 나도 알아~ 이것이 마지막 사랑이라는걸~ 더 이상 내게 아픔을 남기지 마 초라한 내 모습 싫어
