time,rank,song_id,title,singers,album,date,genre,creator,lyric
1996.06.23~06.29,1,38445,스피드,김건모,Exchange kg. M4,1996.05.17,Dance,이건우,허구헌날 매일 매일 무기력한  내 생활에 나에게도 이런 일이  ONE TWO THREE 널 처음 본 순간 느꼈어 널 이제 내 여자로 만들고 싶어 정신을 차릴 수가 없었어 어떻게 내게 이런 일이 생겨 미칠것 같아 오 오 이런  맘 처음이야 어떻게 시작을 해볼까  시간 좀 내달라고 말을  걸어 볼까 우 우 아니야 그건 너무 평범해 그렇게 쉽지만은 않을거야 놓칠수 없어 오 오 저질러  보는 거야 오 그만 오 그만  나 조차도 주체할 수 없는 이 기분 이런 마음 이런 사랑 날 받아  줄순 없겠니 오 제발 오 제발 경계하는  눈빛으로 나를 바라 보지마라 곱지 않은  그 시선이 날 자꾸만 슬프게해 사랑한 표현의 한계지  예상은 빗나가기  쉬울수 밖에 우우 언젠간 내 마음을 알겠지 그 날이 어서 빨리 왔으면해 멈출 수 없어 오 오 달려가  보는거야 오 그만 오 그만  나 조차도 주체할 수 없는 이 기분 이런 마음 이런 사랑 날 받아  줄 순 없겠니 오 제발 오 제발  경계하는 눈빛으로 나를 바라  보지마라 곱지 않은 그 시선이 날 자꾸만  슬프게해 사랑한 표현의 한계지 예상은  빗나가기 쉬울 수밖에 우우 언젠간  내마음을 알겠지 그 날이 어서 빨리왔으면해 멈출수 없어 오 오 달려가  보는거야 그렇게 넌 내게 온거야 사랑은 용기있는 자만의 선택  오 지금 난 누구보다 행복해 그토록 기다렸던 순간이야 오 믿을 수 없어 이런  맘 처음이야
1996.06.23~06.29,2,67724,나보다 조금 더 높은 곳에 니가 있을 뿐,신승훈,Shin Seung Hun Ⅴ,1996.05.01,Ballad,신승훈,나 다시 태어나도 너만을 사랑할꺼야  나의 전부인 너만을 다시 태어나 그대가 없다면  또다른 세상을 기다리며 살꺼야 넌 편히 잠들면돼  그리고 기억하면돼 사랑했던 내모습  다음 세상에 우연히 만나도 그냥 스쳐지나가는 일이 없도록  다시는 볼 수 없다는 걸 알고 있어  너의 숨결도 마지막이란 것을 하지만 난 지금 헤메이고 있어  넌 분명 이세상엔 없는데 그래도 이젠 나 울지않아  나보다 조금더 높은곳에 니가 있을뿐  더이상은 슬프지 않아 습관처럼 하늘만 볼 뿐  너와 난 함께 있는걸   다시는 볼 수 없다는 걸 알고 있어  너의 숨결도 마지막이란 것을 하지만 난 지금 헤메이고 있어  넌 분명 이세상엔 없는데 그래도 이젠 나 울지않아  나보다 조금더 높은곳에 니가 있을뿐  더이상은 슬프지 않아 습관처럼 하늘만 볼 뿐  너와 난 함께 있는걸  그래도 이젠 나 울지않아   다음세상 우리 만날때 서로 다른 모습이라도  난 너를 찾을수 있어
1996.06.23~06.29,3,67691,환생,윤종신,우(愚),1996.04,Ballad,윤종신,다시 태어난 것 같아요  내 모든게 다 달라졌어요  그대만난 후로 난 새 사람이 됐어요  우리 어머니가 제일 놀라요   우선 아침 일찍 깨어나  그대가 권해줬던 음악 틀죠  뭔지 잘 몰라도 난 그 음악이 좋아요  제목도 외기 힘든 그 노래   할 때도 안된 샤워를 하며  그 멜로디를 따라해요  늘 힘들었던 나의 아침이  이렇게 즐거울 수 있나요   오 놀라워라 그대 향한 내 마음  오 새로워라 처음 보는 내 모습  매일 이렇다면 모진 이 세상도  참 살아갈 만 할거예요   전철 안의 예쁜 여자들  이제는 쳐다보지 않아요  몇 정거장 지나면 그댈 만나게 되요  차창에 비친 내 얼굴 웃네요   관심도 없던 꽃가게에서 발길이 멈춰져요  주머니 털어 한 다발 샀죠  오늘은 아무날도 아닌데...   오 놀라워라 그대 향한 내 마음  오 새로워라 처음 보는 내 모습  매일 이렇다면 모진 이 세상도  참 살아갈 만 할거예요   오 놀라워라 그대 향한 내 마음  오 새로워라 처음 보는 내 모습  매일 이렇다면 모진 이 세상도  참 살아갈 만 할거예요 -
1996.06.23~06.29,4,70679,이방인(異邦人),전람회,Exhibition 2,1996.04,Ballad,김동률,쉴곳을 찾아서 결국 또 난 여기까지 왔지 내 몸 하나 가눌 수도 없는 벌거벗은 마음과 가난한 모습으로 네 삶의 의미는 나이기에 보내는 거라며 그 언젠가 내 꿈을 찾을 때 그때 다시 돌아올 날 믿겠다 했지 수많은 세월 헤매이다가 세상 끝에서 지쳐 쓰러져도 후회는 없을거라고 너에게 말했지 뒤돌아보면 네 삶의 의미는 나이기에 보내는 거라며 그 언젠가 내 꿈을 찾을 때 그때 다시 돌아올 날 믿겠다 했지 수 많은 세월 헤매이다가 세상 끝에서 지쳐쓰러져도 후회는 없을거라고 너에게 말했지 수 많은 세월 헤매이다가 험한 세상 끝에서 숨이 끊어질때 그제야 나는 알게 될지 몰라 그토록 찾아 헤매던 나의 머물곳은 너였음을 숨이 끊어질때 그토록 찾아헤매던 나의 머물곳은 너였음을
1996.06.23~06.29,5,106885,아주 가끔은,신해철,정글스토리 OST,1996.05.18,Korean Movie,신해철,"1. 대낮에 길을 걷다보면 썰렁함을 느껴.  왜 그렇게 황당한 표정으로 날 쳐다들 보는지  난 집에 혼자 있을 때는 책도 봐.  내 할 일은 알아서 해왔다고 생각해.  물론 내 치마 길이가 좀 짧긴 짧지만,  내 색채 감각이 좀 대담하긴 하지만  그게 뭔 대수라고, 하늘이 무너지니,  난 그저 나 자신이 소중한 것 뿐이야. 뭘 봐  때로는 미쳐보는 것도 좋아 가끔 아주 가끔은  그렇게 놀란 표정하지 말고 눈을 감아  그댄 자신 안에 갇혀있어.  이젠 문을 열고 세상을 봐.  2. 한 평생 남의 눈치만 보면서 살아오다  아주 그게 뼛속까지 박혀버린 인종들 있잖니.  그 사람들의 공통적인 특징이 뭔지 알아,  남들도 자기처럼 살기를 바라는 거지, 쳇!  그렇게 산다고 누가 상주니,  또 누가 상준다고 그거 받아 어따 쓰니  난 아무 생각 없이 사는 걸로 보이겠지.  그게 너의 편견이고 교만이고 한계야, 잘가.  때로는 미쳐보는 것도 좋아 가끔 아주 가끔은  그렇게 뻣뻣하게 굴지 말고 일어나 봐.  그댄 자신 안에 갇혀있어.  이젠 문을 열고 세상을 봐.  그댄 자신 안에 갇혀있어.  이젠 문을 열고 세상을 봐.  이건 아주 무서운 일이야.  넌 마음 속 깊은 곳까지 세뇌되어 버렸어.  석회처럼 딱딱해진 너의 영혼을 해방시켜줘.  남을 위해 사는 건지 나를 위해 사는 건지  헷갈려 하지마.  평생에 후회하느니 한 번쯤 미친 척 하는 게 나아.    그댄 자신 안에 갇혀있어. 이젠 문을 열고 세상을 봐."
1996.06.23~06.29,6,70896,꿍따리 샤바라,클론,Are You Ready?,1996.05.01,Dance,김창환,마음이 울적하고 답답할 땐  산으로 올라가 소릴 한번 질러봐  나처럼 이렇게 가슴을 펴고  꿍따리 샤바라 빠빠빠빠  누구나 세상을 살다 보면은 마음먹은 대로 되지 않을 때가 있어  그럴땐 나처럼 노래를 불러봐  꿍따리 샤바라 빠빠빠빠  기쁨과 슬픔이 엇갈리고  좌절과 용기가 교차되고  만남과 이별을 나누면서  그렇게 우리는 살아가고  뜻대로 되지 않을 때도 있고  마음먹은 대로 될 때도 있어  다 그런 거야 누구나  세상은 그렇게 돌아가니까  다 그렇게 사는거야  희비가 엇갈리는 세상속에서  내일이 다시 찾아오기에  우리는 희망을 안고 사는 거야  마음대로 일이 되지 않을 때  하던 일을 멈추고 여행을 떠나봐  바다를 찾아가 소릴 질러봐  꿍따리 샤바라 빠빠빠빠  꿍따리 샤바라 빠빠빠  빠빠빠빠빠 빠빠빠  꿍따리 샤바라 빠빠빠  빠빠빠빠빠 빠빠빠  우울한 날이 계속 이어질 땐  신나는 음악에 신나게 춤을 춰봐  나처럼 이렇게 리듬에 맞춰  꿍따리 샤바라 빠빠빠빠 누구나 괴로운 일은 있는 것  한가지 생각에 너무 집착하지마  그럴땐 나처럼 툭툭 털면서  꿍따리 샤바라 빠빠빠빠 기쁨과 슬픔이 엇갈리고  좌절과 용기가 교차되고  만남과 이별을 나누면서  그렇게 우리는 살아가고  뜻대로 되지 않을 때도 있고  마음먹은 대로 될 때도 있어  다 그런거야 누구나  세상은 그렇게 돌아가니까  다 그렇게 사는 거야  희비가 엇갈리는 세상속에서  내일이 다시 찾아오기에  우리는 희망을 안고 사는 거야  마음대로 일이 되지않을 땐  하던 일을 멈추고 여행을 떠나봐  바다를 찾아가 소릴 질러봐  꿍따리 샤바라 빠빠빠빠  꿍따리 샤바라 빠빠빠  빠빠빠빠빠 빠빠빠  꿍따리 샤바라 빠빠빠  빠빠빠빠빠 빠빠빠
1996.06.23~06.29,7,70685,찬란한 사랑 (상심II),R.ef,Back To The Black,1996.04,Dance,홍재선,너에게 아무런 도움이 되지 못했어 내가 내 불행마저 감당할 수 없는데  그냥 너를 좋아한 시작부터가 잘못이었다고  후회하고 있을 뿐이야 그래서 떠나는거야  잠시 먼 여행을 떠나    너에게 돌아오고 싶은  내 의지마저 억누르면서  그냥 널 잊어보는거야  한참 후 네가 날 잊을때 쯤에  난 너의 등뒤에 편지를 쓰겠지  부칠수도 읽을수도 없는 눈물로쓴 편지들을  먼 훗날 내 죽음 같은 사랑을 느꼈을 때  내이름을 불러줘 얼마 살지 못할 내 기억의  생명을 다시 살릴 수 있게   수북한 나의 그리움들  담을 수 없게 된 작은  마음을 탓하지마라  날 떠날 수 밖에 없는  내 마음을 날 보내주겠니 너 하나만으로 아름다웠던  수 많은 기억속으로 가서  날 찾아와도 널 껴안아  줄 수 없어 난 힘이 없어   슬픔보다도 더 깊은 추억이 있어 너에게 다시 만날 약속이 없어도  언제나 눈물은 짓지마 한번 더(한번 더) 사랑이란  쓴약에 빠져들잖아 하지만 하고 싶다면  다 이룰 수 없는 사랑에  너는 쓰러지지 않도록  찬란한 사랑에 눈이 멀어야 하지   멀 그렇게 생각하는 거니  나의 불행마저 사랑할 수 있다는 것은  나의 짐이 무거워 지는거야  생각해봐 추억은 길들여진 환상일 뿐 현실 속에 나를 이해하고 이젠  멀리멀리 떠나 줘(멀리 떠나줘)   슬픔보다도 더 깊은 추억이 있어 너에게 다시 만날 약속이 없어도  언제나 눈물은 짓지마 한번 더(한번 더)  사랑이란 쓴약에 빠져들잖아 하지만 하고 싶다면  다 이룰 수 없는 사랑에  너는 쓰러지지 않도록  찬란한 사랑에 눈이 멀어야 하지 너는 쓰러지지 않도록  찬란한 사랑에 눈이 멀어야 하지
1996.06.23~06.29,8,1719746,내가 만일,안치환,너를 사랑한 이유,1999.02.18,Folk,김범수,내가 만일 하늘이라면 그대 얼굴에 물들고 싶어 붉게 물든 저녁 저 노을처럼 나 그대 뺨에 물들고 싶어 내가 만일 시인이라면 그댈 위해 노래하겠어 엄마 품에 안긴 어린아이처럼 나 행복하게 노래하고 싶어 세상에 그 무엇이라도 그대위해 되고 싶어 오늘처럼 우리 함께 있음이 내겐 얼마나 큰 기쁨인지 사랑하는 나의 사람아 너는 아니 워 이런 나의 마음을 내가 만일 구름이라면 그대위해 비가 되겠어 더운 여름날의 소나기처럼 나 시원하게 내리고 싶어 세상에 그 무엇이라도 그대위해 되고싶어 오늘처럼 우리 함께 있음이 내겐 얼마나 큰 기쁨인지 워 세상에 그 무엇이라도 그대위해 되고싶어 오늘처럼 우리 함께 있음이 내겐 얼마나 큰 기쁨인지 사랑하는 나의 사람아 너는 아니 워 이런 나의 마음을 이런 나의 마음을
1996.06.23~06.29,9,64565,모래성,조관우,Memory,1995,Ballad,하광훈,나를 사랑한다면 이쯤에서 헤어져 아무 것도 묻지 말고 눈을 들어 나를 보아요 이게 마지막일텐데 그 눈물의 의미는 미안하다는 뜻인가요 한동안 행복했었죠 나를 사랑한 건 알아요 그동안 고마웠어요 나를 잊진 않겠죠 괜찮아요 나도 예전엔 누구의 마음 아프게  한적 많았죠 이해해요 어쩔 수 없잖아요 이게 그때의 대가인가 봐요 어쩌면 괜찮을지도 몰라 아직 사랑하니까 서로의 끝을 본다면 실망할 수도 있잖아요 한동안 행복했었죠 나를 사랑한 건 알아요 그동안 고마웠어요 나를 잊진 않겠죠 괜찮아요 나도 예전엔 누구의 마음 아프게 한적 많았죠 이해해요 어쩔 수 없잖아요 이게 그때의 대가인가 봐요 누군가를 다시 또 사랑한다면 그때는 날 잊고 살겠지 괜찮아요 나도 예전엔 누구의 마음 아프게 한적 많았죠 이해해요 어쩔 수 없잖아 이게 그때의 대가인가 봐요 괜찮아요 나도 예전엔 누구의 마음 아프게 한적 많았죠
1996.06.23~06.29,10,70600,넌 나의 처음이자 마지막이야!,솔리드,Light Camera Action!,1996,R&B; / Soul,이건우,우리사랑 지금부터 시작인거야  아무 말도 하지마 어둠 만이 너와 나를 만질 수 있어 내 가슴에 기대봐 들리지 않니 너를 향한 나의 마음이 누구 하나 축복해 줄 사람 없는 시간 속에 더 이상은 가슴조일 필요는 없어 내 삶 속의 방황은 모두 끝났어 너를 만나기 전의 가슴앓이 뿐 우리 사랑 지금부터 시작인거야 그 누구도 간섭할 수 없는 얘기지 너를 위해 무엇이든 난 할 수 있어 넌 나의 모든 것 처음이자 마지막이야 눈을 뜨려 하지마 느낌으로 너와 나를 확인하면 돼 나의 품에 안겨봐 들리지 않니 사랑한단 나의 그 말이 어느 순간 떠올라서 저 하늘을 날 것 같아 이젠 정말 그 무엇도 두렵지 않아 내 삶 속의 방황은 모두 끝났어 너를 만나기 전의 가슴앓이뿐 우리 사랑 지금부터 시작인거야 그 누구도 간섭할 수 없는 얘기지 너를 위해 무엇이든 난 할 수 있어 넌 나의 모든 것 처음이자 마지막이야  아무 말도 하지마 어둠 만이 너와 나를 만질 수 있어 내 가슴에 기대봐 들리지 않니 너를 향한 나의 마음이 내 모든걸 주고 싶어 넌 나의 처음이자 마지막이야 너는 나의 그 모든 것 처음이자 마지막이야
1996.06.23~06.29,11,1622510,끝없는 사랑,녹색지대,내가 지켜줄께,1995.01.01,Ballad,이성환,난 알고 있었지만 말할 순 없었어 언젠가는 내 곁에서 멀어져 가겠지 잡을 순 없잖아 왜 말을 못했어 숨겨야만 했니 믿을 수가 없었던 견딜 수 없는 그 슬픔만 남긴 채 언젠가 내게 사랑한다 말하며 저 하늘이 부르는 그 날이 와도 영원히 나를 떠나지 않겠다고 약속했는데 안녕 안녕 울고 있잖아 천천히 넌 잠들어가고 안녕 안녕 기억속에서 널 찾아 난 떠나갈거야  언젠가 내게 사랑한다 말하며 저 하늘이 부르는 그 날이 와도 영원히 나를 떠나지 않겠다고 약속했는데 안녕 안녕 울고 있잖아 천천히 넌 잠들어가고 안녕 안녕 기억속에서 그래 다음 세상에서 널 안녕 안녕 울고 있잖아 천천히 넌 잠들어가고 안녕안녕 기억속에서 널 찾아 난 떠나갈거야
1996.06.23~06.29,12,1175758,배반,윤상,Cliche,2000.06.01,Ballad,박창학,아주 먼 곳인 줄 알았지 손에 잡히지 않는 너는 지쳐 있는 듯 내 노래를 외면하고 다신 못 만날 줄 알았어 빗나간 오해 속에 갇혀 끝도 없는 한숨의 시간을 챗바퀴 돌듯 그 자리에 누가 이토록 우리를 멀어지게 한거야 끝내 잊어버릴 수 없는 빛바랜 너의 기억들만을 마치 조롱하듯 남겨둔 채 언제 이토록 서로를 미워하게 된거야 끝내 지워버릴 수 없는 뛰는 가슴에 희미한 아픔이 바로 그날처럼 더 새로울 뿐인데  처음부터 내겐 없었지 높이 오를 수 있는 날개 진실이란 언제나 그렇듯 깊은 상처를 비웃을 뿐 누가 이토록 우리를 멀어지게 한거야 끝내 잊어버릴 수 없는 빛바랜 너의 기억들만을 마치 조롱하듯 남겨둔 채 언제 이토록 서로를 미워하게 된거야 끝내 지워버릴 수 없는 뛰는 가슴에 희미한 아픔이 바로 그날처럼 더 새로울 뿐인데
1996.06.23~06.29,13,70486,후회 없는 사랑,포지션,후회없는 사랑,1996.03.10,Ballad,한진우,두번 다시는 만나지 않겠어  마음 아프지만 늦지는 않아  다시는 너를 사랑하지 않는다고  눈물로서 맹세했어  나 내게 해줄 수 있는것이  남아있다면 이제는 잊어야돼 기억속에서 너를 지웠어  나도 언젠가 상처를 받겠지만  사랑했었어 후회없는 사랑을했어  한때는 전부였지만  새로운 만남을 위해 이쯤에서 끝내  나에게 미련을 갖지마  나 내게 해줄 수 있는것이  남아있다면 이제는 잊어야돼 기억속에서 너를 지웠어  나도 언젠가 상처를 받겠지만  사랑했었어 후회없는 사랑을했어  한때는 전부였지만  새로운 만남을 위해 이쯤에서 끝내  나에게 미련을 갖지마 사랑했었어 후회없는 사랑을했어  한때는 전부였지만  새로운 만남을 위해 이쯤에서 끝내  나에게 미련을 갖지마
1996.06.23~06.29,14,70631,우리의 밤은 당신의 낮보다 아름답다,코나,Overlap,1996.07.01,Ballad,배영준,내게 약속해줘  오늘 이 밤 나를지켜줄  수 있다고 함께 가는 거야 나를 믿어 내가 주는 느낌 그걸 믿는거야 내겐 너무 아름다운 너의 밤을 지켜주겠어 우린 오늘 아무일도 없겠지만 그대가 원한다면 언젠가 이 세상의 모든 아침을 나와 함께 해줘 이미 알고 있어 흔들리는 너의 눈에 담긴 두려움 우린 오늘 아무일도 없겠지만 그대가 원한다면 언젠가 이 세상의 모든 아침을 나와 함께 해줘 다시 한번 자신있게 말하지만 나를 믿고 있다면  언젠가 이 세상의 모든 아침을 나와 함께 해줘 나와 함께 해줘
1996.06.23~06.29,15,33191,왼손잡이,패닉,Panic,1995,Rock,이적,나를 봐 내 작은모습을
1996.06.23~06.29,16,33206,널 사랑하겠어,동물원,동물원 6,1995.10.01,Folk,김창기,내 뜨거운 입술이 너의  부드러운 입술에 닿길 원해  내 사랑이 너의  가슴에 전해지도록  아직도 나의 마음을  모르고 있었다면은  이 세상 그 누구보다  널 사랑하겠어  널 사랑하겠어  언제까지나  널 사랑하겠어  지금 이 순간처럼  이 세상 그 누구보다  널 사랑하겠어  어려운 얘기로 너의  호기심을 자극할 수도 있어  그 흔한 유희로  이 밤을 보낼 수도 있어  하지만 나의 마음을  이제는 알아줬으면 해  이 세상 그 누구보다  널 사랑하겠어  널 사랑하겠어 언제까지나  널 사랑하겠어  지금 이 순간처럼  이 세상 그 누구보다  널 사랑하겠어  널 사랑하겠어 언제까지나  널 사랑하겠어  지금 이 순간처럼  이 세상 그 누구보다  널 사랑하겠어  널 사랑하겠어 언제까지나  널 사랑하겠어  지금 이 순간처럼  이 세상 그 누구보다  널 사랑하겠어
1996.06.23~06.29,17,67832,슬픔이 올때,신성우,For,1996.04.01,Rock,"신성우,이근상",어디엔가 네가 내 옆에 아직 머물러 있는 착각 속에 언제부턴가 네가 잠이든 차가운 동산 위에 서 있었지 내게 슬픔이 머물면 너는 항상 나즈막한 몸짓으로 날 일으켜 세워 준 소중한 내 친구여 너는 없고 내게 남겨진 삶의 무게들이 힘에 겨워 지친채로 때론 네 곁에 가고 싶어 한 적도 있었지만 너무 걱정은 하지마 그저 잠시 쉬어 가려 할 뿐이야 난 결코 널 위해서 쓰러지진 않을 테니  먼저 떠나간 저 세상 속에서 네가 날 보며 슬퍼하지 않도록 네 몫의 꿈까지 영원히 지키고 있을게 예예예에 네가 두고간 이 세상 끝에서 숨소릴 거두며 내게 말한 그 약속들을 널 보는 그날에 기쁨의 미소로 건넬 수 있도록  예예예에 먼저 떠나간 저 세상 속에서 네가 날 보며 슬퍼하지 않도록 네 몫의 꿈까지 영원히 지키고 있을게 예예예에 네가 두고간 이 세상 끝에서 숨소릴 거두며 내게 말한 그 약속들을 널 보는 그날에 기쁨의 미소로 건넬 수 있도록
1996.06.23~06.29,18,67561,잊을수 없는 너,최재훈,잊을 수 없는 너,1996.01.01,Ballad,김혜선,이렇게 너 떠나가고 홀로 남겨 지는게 어떤 건지 예감 했었지만 너는 날 볼 수 있는데 나는 널 볼 수 없는 또 다른 현실 이제야 나는 알았어 지금 넌 나의 눈물을 닦아주고 있지만 나는 너를 느낄수 없으니 니 이름 부르며 우는 나를 어쩌지 못해 너도 내 옆에 서럽게 울고 있겠지 너와의 약속을 기억해 모두 잊고 밝게 살 거라 했지만 너를 잊으라 하지마 그럼 난 어떡해 나는 아무 힘이 없잖아 니가 세상에 남긴 거라곤 나 밖에 없는데 어떻게 내가 널 잊겠니 그 많은 정을 남기려고 나를 떠났지만 남아 있는 내겐 그게 삶인데  너와의 약속을 기억해  모두 잊고 밝게 살 거라 했지만 너를 잊으라 하지마 그럼 난 어떡해 나는 아무 힘이 없잖아 니가 세상에 남긴 거라곤 나 밖에 없는데 어떻게 내가 널 잊겠니 그 많은 정을 남기려고 나를 떠났지만 남아 있는 내겐 그게 삶인데 남아 있는 내겐 그게 삶인데
1996.06.23~06.29,19,69620,완전한 사랑,장혜진,Temptation,1996.04.01,Ballad,이승호,나 이제 모든걸 그대로 간직한 체 이 세상을 떠나려해요 내 남은 사랑을 더 이상 원치 않아 내 모습도 지우려해요 이 세상이 내 사랑 받아줄 수 없다면 나도 남아 있을 순 없어 그대 기다릴께요 우리 남은 사랑 완전해질 저 다음 세상에서 나 이런 이유로 그대를 여기에 남겨둔 체 떠나려해요  내 몸에 흐르는 선홍빛 눈물들이 추억으로 잠들려해요 나 그대를 이렇게 떠날 수 있을 만큼 헤어짐이 두렵진 않아 간절한 소망으로 끝나버린 사랑 완전하게 만들 수 있을 테니 나 이런 이유로 그대를 여기에 남겨둔 체 떠나려해요 나 저 다음 세상 먼저 가서 기다릴께요 다시 내게 오실때까지
1996.06.23~06.29,20,2743595,내가 너의 곁에 잠시 살았다는 걸,"토이,김연우",You Hee Yeol,1996.02,Ballad,유희열,지운 줄 알았어 너에 기억들을  친구들을 함께 모여 술에 취한 밤 니 생각에 난 힘들곤 해  그런 채 살았어 늘 혼자였잖아  한때는 널 구원이라 믿었었어 멀어지기 전엔  그것만 기억해 줄 수 있겠니  내가 너의 곁에 잠시 살았다는 걸  가끔 널 거리에서 볼까 봐  초라한 날 거울에 비춰 단장하곤 해  아프진 않니 많이 걱정돼 행복하겠지만 너를 위해 기도할게  기억해 다른 사람 만나도 내가 너의 곁에 잠시 살았다는 걸   웃을 수 있었어 널 보고 있을 땐  조그만 안식처가 되어주었지 멀어지기 전에  그것만 기억해 줄 수 있겠니  내가 너의 곁에 잠시 살았다는 걸  가끔 널 거리에서 볼까 봐  초라한 날 거울에 비춰 단장하곤 해  아프진 않니 많이 걱정돼 행복하겠지만 너를 위해 기도할게 기억해 다른 사람 만나도 내가 너의 곁에 잠시 살았다는 걸   아프진 않니 많이 걱정돼 행복하겠지만 너를 위해 기도할께  기억해 다른 사람 만나도 내가 너의 곁에 잠시 살았다는 걸
1996.06.23~06.29,21,70999,아자,룰라,All System Go,1996.06.15,Dance,이상민,이제 난 자유속에 사랑을 찾고 싶어라 아까부터 머리속엔 많은 생각을 하고 있다 많은 사람 지나가는 한복판에 머리 속 생각속 순간속 순간속 그 생각을 생각하는 찰나 속에  이제 나는 획득한다 내맘속 그를 맘속 그를 찾았을땐 아자 이제는 조금조금 접근접근 다가서면서 겉이 속과 다른 내 사랑아 아깝게 생각된다 나에게는 저 여자가 아자 어떻게 좋아서 힘들게 획득한 내 사랑 딴 짓할까 걱정돼 초조해 난 아무 것도 못해 완전히 만들어놓고 할걸 해야 더욱 더 모든 일이 수월해질 것 같아 나만 사랑한다고 하면 편안해 질것 같아 나 때문에 못잔다고 하면 난 잠도 안올 것 같아 한사람을 사랑할 준비가 안돼있어 기대 하지마 날 내 생각에 맞는 사람이 온다면 조건 없이 나를 줄 수있어 날 가져봐 내가 피하지는 않아 널 허락하면서도 많은 어우러짐 속에 지켜보겠어 나를 가지려면 많은 힘이 필요해 그 힘은 어렵지가 않아 날 가져봐 곁에서 항상 넌 날 곁에 있어 달라 조금씩만 사귀면서 감추라며 피하며 오오오오 혹 해도해도 너무 너무해 love is 좁아터진 사랑 안에 짜증 났던 날들 괴로웠지 어어 애태웠지 항상 한사람을 사랑할 준비가 안돼있어 기대 하지마 날 내 생각에 맞는 사람이 온다면 조건 없이 나를 줄 수 있어 날 가져봐 내가 피하지는 않아 널 허락하면서도 많은 어우러짐 속에 지켜보겠어 나를 가지려면 많은 힘이 필요해 그 힘은 어렵지가 않아 날 가져봐 아깝게 생각된다 나에게는 저 여자가 어떻게 좋아서 힘들게 획득한 내 사랑 딴 짓할까 걱정돼 초조해 난 아무 것도 못해 완전히 만들어놓고 할걸 해야 더욱 더 모든 일이 수월해질 것 같아 나만 사랑한다고 하면 편안해 질것 같아 나 때문에 못잔다고 하면 난 잠도 안올 것 같아 내가 피하지는 않아 널 허락하면서도 많은 어우러짐 속에 지켜 보겠어 나를 가지려면 많은 힘이 필요해 그 힘을 어렵지가 않아 나를 가져봐 이제 난 자유속에 사랑을 찾고 싶어라
1996.06.23~06.29,22,89804,꿈속의 그녀,아이돌,Bow Wow,1996.02,Dance,주영훈,난 매일 저녁 집을 향해 걸을 때마다 또 혹시 그녈 볼까하는 기댈 했어 내 나이보다 서너살 많아 보이지만 분명 내가 그려오던 그런 여자일거야 아마 그녀의 눈에도 내가 진짜 사나이로 보일지도 몰라 지금 어디선가 몰래 나를 보며 나와 같은 꿈을 꾸고 있을지 몰라 나를 봐 너와 잘 어울리잖아 말해봐 같은 느낌이라고 그려봐 너와 나의 작은 세상 지켜봐 나는 꼭 이룰 수 있어  이제 몇 년만 지나면 나도 어른이 돼 그 땐 그녀의 모든 걸 책임질거야 난 분명 능력있는 남자가 되어서 그녀의 꿈을 위해 살아갈거야 아마 그녀의 눈에도 내가 진짜 사나이로 보일지도 몰라 지금 어디선가 몰래 나를 보며 나와 같은 꿈을 꾸고 있을지 몰라 나를 봐 너와 잘 어울리잖아 말해봐 같은 느낌이라고 그려봐 너와 나의 작은 세상 지켜봐 나는 꼭 이룰 수 있어 나 부푼 꿈을 안고 집을 향해 조금씩 조금씩 걷고 있을 때 그녀가 혹시나 어디선가 나를 보며 미소짓고 있을거라 기댈 했어 봐 조금씩 달라지는 내 모습에 분명 그녀도 나를 보며 기뻐할거야 이렇게 설레이는 마음까지 오 모두 다 그녀를 위해 나를 봐 너와 잘 어울리잖아 말해봐 같은 느낌이라고 그려봐 너와 나의 작은 세상 지켜봐 나는 꼭 이룰 수 있어
1996.06.23~06.29,23,55272,그대 내품에,박정운,박정운 Live & Single,1997.12,Ballad,윤종신,한번쯤 우연히 만날거 같아 그때 그 길 서성이고 있어 왜 이리도 널 닮은 사람들 많은 건지 서러운 웃음만 지어보네 우린 참 오랫동안 만나왔지 힘든 시간도 잘 견뎌냈어 헤어지는 사람들 소식에 안타까워 그들을 달래주던 우리 모습이 이젠 인연이 아니겠지 우린 너무 다르다며 널 지우려 애써 보지만 넌 할수 있니 힘들지 않게 아무일도 없었던것 처럼 아마 그렇지 않을 거야 너도 그만큼 날 사랑했으니까 돌아와줘 예전처럼 더 이상 부담스러워 말고 누구보다도 네게 익숙한 나의 품으로 와주렴 이제는 좀 더 포근할께  사람들은 내게 말해주었지 우리처럼 오랜 사이일수록 작은일에 이별을 한다고 불안한듯 걱정스런 눈빛들 이제 다시 생각나 인연이 아니겠지 우린 너무 다르다며 널 지우려 애써 보지만  넌 할 수 있니 힘들지 않게 아무일도 없었던것 처럼 아마 그렇지 않을 거야 너도 그만큼 날 사랑했으니까 돌아와줘 예전처럼 더 이상 부담스러워 말고 누구보다도 네게 익숙한 나의 품으로 와주렴 이제는 좀 더 포근할께
1996.06.23~06.29,24,1876467,I Miss You,서지원,Seojiwon2. Tears,1996.01.22,Ballad,오태호,처음엔 넌 줄 알았지 너와 모든 것이 닮아서 그런 나를 모르고 다가서는 그 애를 상처 때문에 나는 피했지만 이제는 나도 모르게 그 애와 가까워지고 흔들리는 마음은 점점 알 수가 없어 두려움이 앞선 미안함 문득 너와 같이 있는 착각에 너의 이름을 불렀지 우연히 그 애의 옆모습을 볼 때면 왜 난 목이 메일까 저 하늘에서 긴 잠을 잘 너이기에 I Miss You I Miss You 더욱 그리운데 이런 날 안타깝게 보고 있다면 내게 길을 가르쳐줘  문득 너와 같이 있는 착각에 너의 이름을 불렀지 우연히 그 애의 옆모습을 볼 때면 왜 난 목이 메일까 저 하늘에서 긴 잠을 잘 너이기에 I Miss You I Miss You 더욱 그리운데 이런 날 안타깝게 보고 있다면 내게 길을 가르쳐줘 그 앨 정말 좋아하나 너를 닮아서 사랑하나 흔들리는 마음은 점점 알 수가 없어 두려움이 앞선 미안함 두려움이 앞선 미안함
1996.06.23~06.29,25,1725732,사랑하는 어머님께,최성빈,사랑하는 어머님께,1995.12,Ballad,,어머님 죄송합니다. 이 글을 읽으실 때쯤 전 그녀와 함께 멀리 떠나있을 꺼예요. 어머니와 그녀를 사이에 두고 많이 고민했지만 저의 현실은 그녀를 버릴 수 없어요 어머님께서 가르쳐 주신 사랑을 그녀에게서 배웠으니까요 저 몰래 어머님이 그녀를 만나 심한 말 하신 걸 알고 그녀에게 갔었죠 조그만 자취방에 그녀는 고열로 의식을 잃은 채 하염없이 울고 있었죠 그녀를 업고 병원으로 뛰면서 전 정말 죽고 싶었죠 이제껏 무책임한 저의 행동은 순결했던 그녀에게 아무 것도 해준 것이 없기에 미안해 정말 미안해 너를 이렇게 만든 건 모두 나의 잘못이야 용서해 너의 몸이 낫는 대로 우리 멀리 떠나자 아무도 없는 곳에 어머님 용서하세요 그녀에게 저밖에 없는데 그녈 버릴 수는 없어요 언젠가 우리 모두가 다시 뵐 수 있는 날까지 건강하시기를 저희는 지금 기차 안에 있어요 떠나기 전에 우리는 그녀가 다니는 성당에서 조촐한 결혼식도 올렸어요 그리고 신부님 앞에서 그녀와 전 눈물로 약속했죠 후회하지 않겠다고 어머님 저는 그녀를 사랑해요
1996.06.23~06.29,26,69374,하늘만 허락한 사랑,엄정화,Uhm Jung Hwa 2,1996.01,Ballad,"성지훈,윤성희",내가 느낀 그를 향한 이끌림  사랑이 아니기를 나는  기도했었지  나를 보는 안타까운 그 눈빛  제발 나의 착각이길 바랬지  지금이라도 피하고싶어  오랫동안 친구의  사랑이었던 그를  하지만 이젠 너무나  간절히 원하는  서로의 마음 속일순 없어  한사람 때문에 많은걸 잃게  되겠지  힘들때마다 기대온 우정까지  하지만 어렵게 시작된  우리 사랑은  하늘만은 허락할거야  그 마음을 받아들인 후부터  나는 친구얼굴을 바로 볼 수  없었지  변해가는 사랑속에 얼마나  아파하는지 알고 있었기에  정말 미안해 날 용서해줘  이런 얘긴 이제는 아무소용   없지만  그래도 나를 조금만  이해해주겠니  그 없인 나도 견딜수 없어  한사람 때문에 많은걸 잃게  되겠지  힘들때마다 기대온 우정까지  하지만 어렵게 시작된  우리 사랑은  하늘만은 허락할거야  우리를 위해서 흘려진  눈물 기억해  그만큼 소중히 아낄게
1996.06.23~06.29,27,66954,여우야(女雨夜),더클래식,여우야,1995.11.16,Ballad,김광진,창 밖엔 서글픈 비만 내려오네 내 마음 너무 안타까워 이제 다시 볼 수가 없기에 처음 만났던 그날도 비가 왔어 우산도 없이 마냥 걸었었지 너의 눈빛 촉촉히 빛났지 이 밤 너에게 주고 픈 노래 너만을 사랑하고 있다는걸 들어 줄 사람도 없이 빗속으로 느껴지는 너의 이름을 불러 보지만 닿을 수 없다 닿을 수 없다는거 알고 있어 긴 밤을 꼬박 세우고 빗속으로 어느새 새벽이 오고 있어 한때는 너를 만나서 행복했어 그런 꿈 속에 빠져 있었지만 이런 나도 느낄 줄 몰랐어 이별을 느낄때면 난 생각해봐 우리 사랑을 위한 시간인걸 너는 이런 내 맘을 아는지 이 밤 너에게 주고 픈 노래 너만을 사랑 너만을 사랑하고 있다는걸 들어 줄 사람도 없이 빗속으로 느껴지는 너의 이름을 불러 보지만 닿을 수 없다 닿을 수 없다는거 알고 있어 긴 밤을 꼬박 세우고 빗속으로 어느새 새벽이 오고 있어  이 밤 너에게 주고 픈 노래 너만을 사랑 너만을 사랑하고 있다는걸 들어 줄 사람도 없이 빗속으로 느껴지는 너의 이름을 불러 보지만 닿을 수 없다 닿을 수 없다는거 알고 있어 긴 밤을 꼬박 세우고 빗속으로 어느새 새벽이 오고 있어
1996.06.23~06.29,28,64025,영원히 내게,안상수,영원히 내게,1995.09.01,Ballad,김신우,이 넓은 세상에 날 위한 건 너 하나였어 밤 새워 그렇게도 눈물 흘렸지 어려움 속에 어디에 있는지 모르는체 헤매이다가 나 또한 볼 수 없는 거릴 걸었어 어딘지 모를 지금 내게 무엇도 필요치 않아 나를 대신하던 너 였어 이제 너를 나 없는 어둠 속에서 슬프게 할 순 없어 다시 와 내게로 널 위한 건 세상에 나 만이 알아 나에게 돌아와 이젠 내게 있어 줘 영원히 내게  지금 내게 무엇도 필요치않아 나를 대신하던 너 였어 이젠 너를 나 없는 어둠속에서 슬프게 할 순 없어 다시 와 내게로 널 위한 건 세상에 나 만이 알아 나에게 돌아와 이젠 내게 있어 줘 영원히 내게 나에게 돌아와 이젠 내게 있어 줘  영원히 내게
1996.06.23~06.29,29,14242,꼭 나처럼... (슬픈 저주),뱅크,선물,2000.12.28,Ballad,손유경,I miss you Uh 너에게 나를 모두 주어도 늘 닫혀있었던 너의 마음을 또 이렇게 엿보지만 나의 자린 없었어 언젠가 사랑했던 그 사람의 자리 뿐 넌 옆에 있는 나 보다 떠나간 그 사람이 필요한거야 엇갈린 마음 바로잡기엔 너무 늦은 지금 너의 뒷 모습을 바라보지만 붙잡을 수 조차 없는 나를 아마 넌 이해 못하겠지 아직 난 네 사랑이 아닌걸 기억속에 나의 모습 남겨져 잊혀질 수도 없다는걸 너도 혼자란걸 느낀 그때 비로소 알게 될거야 꼭 나처럼  넌 옆에 있는 나 보다 떠나간 그 사람이 필요한거야 엇갈린 마음 바로잡기엔 너무 늦은 지금 너의 뒷 모습을 바라보지만 붙잡을 수 조차 없는 나를 아마 넌 이해 못하겠지 아직 난 네 사랑이 아닌걸 기억속에 나의 모습 남겨져 잊혀질 수도 없다는걸 너도 혼자란걸 느낀 그때 비로소 알게 될거야 I miss you 나처럼
1996.06.23~06.29,30,1839640,처음 느낌 그대로,이소라,이소라 1집,1995.09.01,Ballad,이소라,남 다른 길을 가는 내게 넌 아무말 하지 않았지 기다림에 지쳐가는 걸 다  알고있어 아직도 가야하는 내게 넌  기대할 수도 없겠지 그 마음이 식어가는 걸 난  너무 두려워 어제 널 보았을 때 눈 돌리던  날 잊어줘 내가 사랑하며 사랑한단  말 대신 차갑게 대하는 걸 알잖아 오늘 널 멀리하며 혼자 있는  날 믿어줘 내가 차마 네게 할 수 없는  말 그건 사랑해 처음 느낌 그대로 어제 널 보았을 때 눈 돌리던  날 잊어줘 내가 사랑하며 사랑한단 말 대신 차갑게 대하는 걸 알잖아 오늘 널 멀리하며 혼자 있는  날 믿어줘 내가 차마 네게 할 수 없는 말 그건 사랑해 처음 느낌 그대로 처음 느낌 그대로
1996.06.23~06.29,31,66966,슬퍼지려 하기 전에,쿨(COOL),The [Ku:l] 2집,1995.10.01,Dance,최준영,나 가끔씩 그대 생각을 할 때마다  나 가끔 그대 생각을 할때마다 늘 가까운 듯 멀게만 느껴지는데  늘 가까운 듯 멀게만 느껴져 이렇게 널 만날 때엔 날 사랑 한다지만  뒤돌아서면 왠지 슬픈 예감만이 너무도 변해버린 모습은 내게 너무도 변해버린 모습은 내게 말할 수 없는 아픔을  전해 주지만  그러는 너 이제 그만 힘들어해 나 그런 너의 맘을  이해할 수 있어 오 나를 바라보는 그대  눈빛 말하지 않아도  우리의 마지막을 난 준비하려 해 오 나의 사랑을 속여가며  웃음지려 한건  뒤돌아 흘릴 눈물 눈물  때문이야 워우어 그대 나에게 주었던 사랑 그보다 더 행복한 건 내겐  없었어 워우워 그래 나 이젠 널 떠나보내 줄게  더이상 슬퍼지려하기 전에 너와 했던 추억들은 이제  모두 모두 멀어지고 마는거야 오직 나만 사랑한단 그  말들은 이제 거짓이란 걸  난 알아 돌이킬 순 없는거니 너와  했던 많은 시간들이 슬퍼져 나 이렇게 태연하게 웃어 보이지만 One Two Three Go 오 나를 바라보는 그대  눈빛 말하지 않아도  우리의 마지막을 난  준비하려 해 오 나의 사랑을 속여가며  웃음지려 한건  뒤돌아 흘릴 눈물 눈물  때문이야 워우어 그대 나에게 주었던 사랑 그보다 더 행복한 건 내겐  없었어 워우워 그래 나 이젠 널 떠나보내 줄게  더이상 슬퍼지려하기 전에
1996.06.23~06.29,32,39173,콩깍지,015B,The Sixth Sense Farewell To The World,1996.05.01,Ballad,정석원,연인이 생기게 됐을때부터 주위를 대하는 법 달라졌지 모든일을 터놓던 부모님께 말 못할 비밀이 늘어갔고 우리 관계를 탐탁치 않게 여긴 친구에 분한 맘도 생겼지  연인보단 친구가 훨씬 중요할텐데 만나는 동안에는 눈에 뭐가 씌나봐 여자는 다 똑같애 얘길해도 내 경우는 아니야 생각했지 서로 만나기 위해 친구와 만든 약속 핑계를 대며 없앴고 걱정해 준 충고는 애써 무시했다가 뒷 소리도 들었지  연인보단 친구가 훨씬 중요할텐데 만나는 동안에는 눈에 뭐가 씌나봐 연인보단 친구가 훨씬 중요할텐데 만나는 동안에는 눈에 뭐가 씌나봐  연인보단 친구가 훨씬 중요할텐데 만나는 동안에는 눈에 뭐가 씌나봐 연인보단 친구가 훨씬 중요할텐데 만나는 동안에는 눈에 뭐가 씌나봐
1996.06.23~06.29,33,91579,마지막 너를 보내며 (Woman),페이지,마지막 너를 보내며,1995.12,Ballad,김선민,너의 창백한 하얀 얼굴 위로 흐르는 네 눈물의 의미를 알기에 보내줘야 해 생각하면서 마지막일 것 같은 널 붙잡고 있어 날 위해 울지마 너는 내게 잘못 하지는 않았어 너를 사랑했어 아무 것도 지켜주지 못한 날 용서해 얘기해봐 왜 나의 곁을 떠나려는지 사랑했기 때문이라는 말은 하지마 살아있는 동안에 너를 잊을 수는 없어 내 기억 속에서 넌 언제나 부디 행복해야해  날 위해 울지마 너는 내게 잘못 하지는 않았어 너를 사랑했어 아무 것도 지켜주지 못한 날 용서해 얘기해봐 왜 나의 곁을 떠나려는지 사랑했기 때문이라는 말은 하지마 살아있는 동안에 너를 잊을 수는 없어 내 기억 속에서 넌 언제나 행복해야해 이젠 너의 환한 웃음을 다신 볼 순 없겠지 행복했던 그 순간들을 쉽게 잊지는 마 너와 함께 할 수 없었던 우리의 슬픈 이별이 우리의 운명이라 해도 널 사랑할거야 아냐 네가 원한 그 자리에 내가 서 있을께 아직 늦지 않았어 다시 내게 돌아와 이젠 혼자 걸어 가야 할 낯익은 거리도 내겐 이겨내기 힘든 슬픔이야
1996.06.23~06.29,34,1761801,7년간의 사랑,화이트,The Logic Feel,1995.09.09,Ballad,유영석,7년을 만났죠 아무도 우리가 이렇게 쉽게 이별  할줄은 몰랐죠 그래도 우리는 헤어져 버렸죠 긴 시간 쌓아왔던  기억을 남긴채 우린 어쩜 너무 어린 나이에 서로를 만나 기댔는지 몰라 변해가는 우리 모습들을 감당하기  어려웠는지도 이별하면 아프다고 하던데 그런 것도 느낄 수가 없었죠 그저 그냥 그런 가봐  하며 담담했는데 울었죠 우우우 시간이 가면서 내게 준 아쉬움에 그리움에 내 뜻과는 다른 나의 맘을 보면서 처음엔 친구로 다음에는 연인 사이로 헤어지면 가까스로 친구 사이라는 그말  정말 맞는데 그 후로 3년을 보내는  동안에도 가끔씩 서로에게  연락을 했었죠 다른 한 사람을 만나 또 다시 사랑하게 되었으면서도 난 슬플 때면 항상 전활 걸어 소리없이 눈물만 흘리고 너도 좋은 사람 만나야 된다 마음에도 없는 말을 하면서 아직 나를 좋아하나  괜히 돌려 말했죠 알아요 우우우 서로 가장 순수했었던 그 때 그런 사랑 다시 할 수 없다는 걸 추억으로 남을 뿐 가끔씩 차가운 그앨 느낄 때도 있어요 하지만 이제는 아무 것도  요구할수 없다는 걸  잘알죠 나 이제 결혼해 그애의  말 듣고 한참을 아무말도 할 수가   없었죠 그리곤 울었죠 그 애 마지막 말 사랑해 듣고싶던 그  한 마디 때문에
1996.06.23~06.29,35,38920,필요한 건 시간일뿐,강수지,For You,1995.11,Ballad,박창학,날 그냥 내버려둬 변명따윈 필요없어 어차피 사랑이란 언젠가는 혼자만에 것인걸 익숙해지기까지 필요한건 시간일뿐 무책임한 눈물로 나를 더 힘들게 하지마  우습지 않니 너무 지금 우리 위로해야 하는 건 내가 아냐 버려진 건 바로 나인데 어울리지도 않는 한숨으로 달아나려 하지마 헤어짐을 선택한 건 바로 너인데 잡아주길 원하는 건 아니잖아  갑작스런 이별을 참아내려 웃고 있을뿐 널 용서한 건 아냐 내게 너무 많은 걸 바라지마 언젠가 기억속에 너도 나를 사랑했다면 이대로 내버려둬 내가 널 미워할 수 있게  어울리지도 않는 한숨으로 달아나려 하지마 헤어짐을 선택한 건 바로 너인데 우습지 않니 너무 지금 우리 위로해야 하는 건 내가 아냐 버려진 건 바로 나인데 잡아주길 원하는 건 아니잖아  갑작스런 이별을 참아내려 웃고 있을 뿐 널 용서한 건 아냐 내게 너무 많은 걸 바라지 마 언젠가 기억속에 너도 나를 사랑했다면 이대로 내버려 둬 내가 널 미워할 수 있게 난 그냥 내버려 둬 변명따위 필요없으니 어차피 사랑이란 언젠가는 혼자만의 것인걸 익숙해지기까지 필요한 건 시간일뿐야 무책임한 눈물로 나를 더 힘들게 하지마
1996.06.23~06.29,36,63965,당신과 만난 이날,임기훈,My Song 1985.,1995.08,Ballad,김진만,우리 이제 지난 일들 모두 잊어버려요 원치 않던 만남으로 가득했던 그런 날들 우리 이제 지금을 같이 노래 불러요 그렇게 그리던 당신과 만난 이날을 잊어도 되는 지워도 되는 추억일랑 생각지 말아요 당신과 만난 이날이 행복하므로  흘러 흘러 시간 속에 묻혀진데도 얼굴 맞댄 이대로 살수만 있다면 죽어서도 행복할 비둘기처럼 그냥 지금 이대로 멈춰서요  잊어도 되는 지워도 되는 추억일랑 생각지 말아요 당신과 만난 이날이 행복하므로  흘러 흘러 시간 속에 묻혀진데도 얼굴 맞댄 이대로 살수만 있다면 죽어서도 행복할 비둘기처럼 그냥 지금 이대로 멈춰서요 흘러 흘러 시간 속에 묻혀진데도 얼굴 맞댄 이대로 살수만 있다면 죽어서도 행복할 비둘기처럼 그냥 지금 이대로 멈춰서요  그냥 지금 이대로 멈춰서요
1996.06.23~06.29,37,67477,Good Bye,서태지와아이들,Seotaji And Boys Good Bye Best Album,1996.02.10,Ballad,서태지,지나간 일을 난 오늘   생각해봤지   내겐 아름다웠던   기억들만 생각나   약속되었던 헤어짐을   알면서   너는 그토록 나를 사랑해  주었건만   그런 네곁을 난 오늘   훌쩍 떠나네   마지막 작별의 시간도   못가진채   잊어버려 날 이젠   꿈결같던 시간이   영원할 듯 했지만   이제 남은건 항상 따뜻한   너와 나의 깊은 마음만   널 바라보면 이젠   눈물만 흘러내려   할말이 없어 나는   말뿐이었어   가끔씩 훌쩍 너를   떠났었건만   항상 환한 미소로   나를 맞이 했었지   다시 네곁을 난 오늘   훌쩍 떠나네   아직도 하지못한 말들을   남긴채   용서해줘 날 이젠 꿈결같던   시간이   영원할 듯 했지만   이제 남은건 항상 따뜻한   너와 나의 깊은 마음만   잊어버려 날 이젠 꿈결같던  시간이   깊은 마음만
1996.06.23~06.29,38,70239,이유 없는 반항,Pump,Pump 1집,1995.12,Dance,,나에게 소중한 누군가를 위해서 살아간다는 것은  쉽고도 어려운 얘긴걸   언제나 날 이해하며  내 옆에 있을거라 믿어왔지  난 신문잡지를 보고와선 얘깃거릴 준비하듯이  넌 내 인생의 전부라고 생각했어  아무런 이유없이 토라져 버린 너 내모습은  정말 보기 흉해 이유없는 반항은 이제 그만   내가 묻고 있지않아 너의 말을 들을 자격조차 없는거야  어떤 어려움이 와도 두렵지는 않아  그런데 왜 눈물이 나는 걸까  너무 쉽게만 나를 생각했어  항상 너만을 위해 강요하지 그런 실수가  너를 돌이킬 수 없게 했다는걸 알아야해   그렇다고 다른 사람이 생긴건 아냐  이유없는 반항에 고민하고 있어  사랑은 소유하지 않아 서로서로 바꿔 가는 거야   가끔씩은 누구와 비교도 하지  그런 것도 너에 대해 관심일 뿐야  관심은 곧 사랑아니겠니 이유없는 반항은 이제 그만  너를 완전한 나의 사랑으로 만들 자신이 없어  어느 순간 너를 지키지 못한 이유없는 반항이라는 걸  이젠 알아   모두 내 잘못이라면 나에게도 네게 하고싶은 말이 많아  내게 원하는게 정말 사랑이었다면 이럴수는 없잖아  내 앞에서
1996.06.23~06.29,39,38083,Aspirin (아스피린) (12 String Guitar Ver.),걸,Rock`n Roll Revolution,1995.10.10,Rock,최병훈,끔찍한 일이 될거야 Darling  어른이 된다는상상만으로도 내겐  숨이 막혀버릴것 같은 고통일거야  Oh help me날 이해해줘  널 좋아하지만  And my lover I love you  내맘 정하긴 곤란해  네겐 항상 날마다 다른  이벤트로 너를 기쁘게 해줄  남자가 더욱더 어울릴지도 몰라  때로는 나도 휴일이 있었으면 해 우우  Oh my love  넌 잠시도 날 가만두질 않으니  그렇지만 혼자인 날은 우우  오히려 더 불안한건 나인걸  이런 제길 이런게 또 어딨어 예  Woo I need your love  Woo I need your love love love  네게로 빠져드는 내가 두려워  이런 제길 이런게 또 어딨어 예   끔찍한 일이 될거야 Darling  어른이 된다는상상만으로도 내겐  숨이 막혀버릴것 같은 고통일거야  Oh help me날 이해해줘  널 좋아하지만  And my lover I love you  내맘 정하긴 곤란해  네겐 항상 날마다 다른  이벤트로 너를 기쁘게 해줄  남자가 더욱더 어울릴지도 몰라  때로는 나도 휴일이 있었으면 해 우우  Oh my love  넌 잠시도 날 가만두질 않으니  그렇지만 혼자인 날은 우우  오히려 더 불안한건 나인걸  이런 제길 이런게 또 어딨어 예  Woo I need your love  Woo I need your love love love  네게로 빠져드는 내가 두려워  이런 제길 이런게 또 어딨어 예  Woo I need your love  Woo I need your love love love  네게로 빠져드는 내가 두려워  이런 제길 이런게 또 어딨어 예
1996.06.23~06.29,40,1046280,너의 곁으로,이승철,청연 OST,2005.12.20,Korean Movie,하광훈,자고 나면 또 다른 세상 눈을뜨면 꿈 같은 세상  누군가 옆에 있었지 아무말 없이 그게 너라고 믿어지진 않지만 차가운 네 입술을 굳게 다문채 내게 이별을 말하네  이제야 너의 맘을 알겠어 사랑한다면 어떤 조건도 필요치 않아 따스했던 너의눈빛은 어떤 말보다 더욱 진실한 사랑이었다는걸 자고 나면 또 다른 세상 그어디서 널 찾을수 있을까 눈을 뜨면 꿈 같은 세상 내영혼은 너의 곁으로 언제나 함께 했었지 어떤 고통도 우린 영원히 함께 할거라 믿었지 세상이 우릴 서로 갈라놓지만 우리의 끝은 아니야 이제야 너의 맘을 알겠어 사랑한다면 어떤 조건도 필요치 않아 따스했던 너의 눈빛은 어떤 말보다 더욱 진실한 사랑이었다는걸 자고 나면 또 다른 세상 그 어디서 널 찾을수 있을까 눈을 뜨면 꿈 같은 세상 내 영혼은 너의 곁으로 워~니가 다음 세상 어디에 있어도 찾을거야 워~다시 시작이야 내영혼은 너의 곁으로 자고나면 또 다른세상 그 어디서 널 찾을수 있을까 눈을뜨면 꿈 같은 세상 내 영혼은 너의 곁으로
1996.06.23~06.29,41,64647,그럼에도 불구하고,김현철,Who Stepped On It,1995.11.01,Ballad,"김현철,원태연",한낱 우스울 뿐야 우리 어렸었을 때 그땐 사랑했었지 그땐 사랑했었어 그럼에도 불구하고 네가 남의 여자가 됐다는게 그랬다는게 믿어보려해도 인정하려해도 돌아서려해도 버거운거야 그래 이런거였어 그저 기운없는 것 이게 이별인거야 이게 이별인거야 그럼에도 불구하고 네가 남의 여자가 됐다는게 그랬다는게 믿어보려해도 인정하려해도 돌아서려해도 버거운거야 별짓 다해봤어 너를 잊어보려고 아무리 노력해봐도 네가 없인 살아지질 않는데 않는데  그럼에도 불구하고 네가 남의 여자가 됐다는게 그랬다는게 믿어보려해도 인정하려해도 돌아서려해도 버거운거야
1996.06.23~06.29,42,63342,사랑의 마음 가득히,한동준,한동준 3,1995,Ballad,한동준,때로는 누군가 그리웠던 적도 있었지 그렇게 혼자만 있던 기억은 이제는 안녕 때로는 누군가 가슴에 품고 싶었었지 외롭게 보냈던 지난 날들을 잊고만 싶어 언제나 내 곁에서 날 위로해 줄 그 누군가(누군가)가 필요한거야 마음 속 (마음속)깊은 곳(깊은곳) 그대 원하는 것 있다면 내가 달려가 그대의 어깨를 따뜻이 감싸줄텐데 내곁에 (내곁에)있다면(있다면) 그대 원하는 것 모두다 내가 그대의 가슴에 한아름 사랑의 마음 가득히  때로는 누군가 그리웠던 적도 있었지 그렇게 혼자만 있던 기억은 이제는 안녕 때로는(때로는) 누군가 가슴에 품고 싶었었지 외롭게 보냈던 지난 날들을 잊고만 싶어 언제나 내곁에서 날 위로해줄 그누군가(누군가)가 필요한거야 마음속(마음속) 깊은곳(깊은곳) 그대 원하는것 있다면 내가 달려가 그대의 어깨를 따뜻이 감싸줄텐데 내곁에(내곁에) 있다면(있다면) 그대 원하는것 모두다 내가 그대의 가슴에 한아름 사랑의 마음 가득히 마음속(마음속)깊은곳(깊은곳) 그대 원하는것 있다면 내가 달려가 그대의 어깨를 따뜻이 감싸줄텐데 내곁에(내곁에)있다면(있다면) 그대원하는것 모두다 내가 그대의 가슴에 한아름 사랑의 마음 가득히
1996.06.23~06.29,43,2961489,지금 이대로,US,The Us Rage To See The Day We Rule!,1995.12.27,Dance,,
1996.06.23~06.29,44,64487,다시 내곁에(이별 Part.2),김원준,Dear,1995.10.30,Dance,김원준,더 이상 견딜 수 없기에 지금에서야 널 볼 수 있었어  다른 이의 연인이 된 걸 축하해주며 내 맘을 숨겼어 지난 우리 사랑은 영원을 믿었고 함께 할꺼란 약속은 어디에 사랑하기에 보내야만 했어 널 위해 3년은 서롤 아프게 할거란 걸 알기에 다시 내곁에 못 올거란걸 알며 힘들겠지만 난 아직 남은 네게 기도 해줄께 오랜 뒤에 맞은 널 본 후 말끝을 흐리며 반겨야 했었어  누군가의 품에 안겨서 살아갈 네게 행복을 빌었어 지난 우리 사랑은 영원을 믿었고 함께 할꺼란 약속은 어디에 사랑하기에 보내야만 했어 널 위해 3년은 서롤 아프게 할거란 걸 알기에 다시 내곁에 못 올거란걸 알며 힘들겠지만 난 아직 남은 네게 기도 해줄께  사랑하기에 보내야만 했어 널 위해 3년은 서롤 아프게 할거란 걸 알기에 다시 내곁에 못 올거란걸 알며 힘들겠지만 난 아직 남은 네게 기도 해줄께
1996.06.23~06.29,45,485161,마지막 약속,김정민,4Love,1995.11.01,Ballad,하해룡,이별은 이미 알고있어  제발 날 위해 애써 웃음 보이려 하지마  이런 너의 슬픈 미소  나의 마음을 더욱 더 아프게 만해 언젠간 너를 만날 수 있겠지  기억해줘 마지막 약속을 하지만 내 사랑은 너 뿐이야  죽는날 까지 내게 함께 있는 사랑을  내게 돌아와 영원히 함께 하자던  마지막 약속 이젠 내가 지켜줄수 있게  내게 돌아와 다시 널 볼수 있게  영원히 슬픈 미소 까지도 사랑해 - 간 주 중 - 언제간 너를 만날 수 있겠지  기억해죠 마지막 약속을  하지만 내 사랑은 너 뿐이야 죽는날 까지  내게 함께 있는 사랑을  내게 돌아와 영원히 함께 하자던  마지막 약속 이젠 내가 지켜줄 수 있게  내게 돌아와 다시 널 볼수있게  영원히 슬픈 미소 까지도  나에겐 이별의 시간 마져도 너를 만날수 있을꺼야 내게 돌아와 영원히 함께 하자던  마지막 약속 이젠 내가 지켜줄 수 있게  내게 돌아와 다시 널 볼수있게  영원히 슬픈 미소 까지도 사랑해
1996.06.23~06.29,46,1185241,나의 성공담,DJDOC,D際(제)2德(덕) 3집,1996.12.01,Dance,강은경,널 알기 전에는  가망없던 나였었지  그런 내가 변할 수가 있었던 건  나의 사랑이 시작되던 그날부터  너에게 날 보여주고 싶었을뿐  내 얼굴은 진짜 큰 바위얼굴  난 언제나 항상 외톨이였지  그러던 어느날 우리집앞에서  상큼하게 웃는 너를 보았어  와 하 하 하 이쁘다 이뻐 정말 이뻐  와 하 하 하 무지하게 이쁘다  무지하게 이뻐  언제나 사랑이란 모든 것을  가능하게 하는 거야  만일 니가 없었다면  난 아직 예전 그대로겠지  너는 내게 행운만을  가져다준 천사같아  나의 기쁨을 너에게 돌리고 싶어  이제는 자신이 생긴 거야  나의 모습에  난 알아 니가 바로 그 이유라는 걸  내가 달려갈 준비가 되어있어  이젠 너에게 보답할 차례니까  널 알고부터는  모든 것이 달라졌지  이젠 나도 인정받기 시작한 걸  나의 어둡던  시간들은 끝난 거야  너에게 내 모든 것을 보여줄게  하늘이 하늘이를 버리지 않았어  쥐구멍에도 드디어 해가 뜬거야  더이상 나는 어제 내가 아냐  나 지금 너에게로 달려가고 있어  랄라 랄라라라 랄라 랄라라라 랄라 랄라라라 넌 이제 내꺼야 언제나 사랑이란 모든 것을  가능하게 하는 거야  만일 니가 없었다면  난 아직 예전 그대로겠지  너는 내게 행운만을  가져다준 천사같아  나의 기쁨을 너에게 돌리고 싶어 이제는 자신이 생긴 거야 나의 모습에 난 알아 니가 바로 그 이유라는 걸 내가 달려갈 준비가 되어있어  이젠 너에게 보답할 차례니까 이제는 자신이 생긴 거야 나의 모습에 난 알아 니가 바로 그 이유라는 걸 내가 달려갈 준비가 되어있어  이젠 너에게 보답할 차례니까
1996.06.23~06.29,47,1698660,살다보면,권진원,권진원 Vol.2,1996,Folk,유기환,살다보면
1996.06.23~06.29,48,1675592,말하자면,김성재,김성재,1995.11.11,Rap / Hip-hop,이현도,말 하자면 너를 사랑하고 있다는 말이야 하지만 나는 말할 수 없단 얘기야 하루가 또 지나도 난 항상 제자리에 너의 뒤에선 항상 너를 쳐다봐 너의 앞에선 항상 땅을 쳐다봐 넌 알지 못했니 어색하게 애써 외면을 했던 걸 우리 우연히 스쳐 지날때마다 서로 반갑게 지나쳐 갈때마다 넌 알지 못했니 너무나도 자주였던 걸 말이야 그 모든 순간들은 결코 우연들이 아니었어 사랑의 크기 만큼이나 두려워 하는 나의 바보같은 모습 말 하자면 너를 사랑하고 있다는 말이야 하지만 나는 말할 수 없단 얘기야 하루가 또 지나도 난 항상 제자리에 우리 우연히 스쳐 지날때마다 서로 반갑게 지나쳐 갈때마다 넌 알지 못했니 너무나도 자주였던 걸 말이야 그 모든 순간들은 결코 우연들이 아니었어 사랑의 크기 만큼이나 두려워 하는 나의 바보같은 모습 말 하자면 너를 사랑하고 있다는 말이야 하지만 나는 말할 수 없단 얘기야 하루가 또 지나도 난 항상 제자리에 말 하자면 너를 사랑하고 있다는 말이야 하지만 나는 말할 수 없단 얘기야 하루가 또 지나도 난 항상 제자리에
1996.06.23~06.29,49,67078,착각,노이즈,Breakin‘ The Noise,1995.11,Dance,김창환,너의 친철함에 나는 속았었나봐 너도 날 좋아한다고 그렇게 믿었는데 너의 성격이 원래 상냥하다는 걸 알면서도 나는 왠지 그렇게 믿었었어 그러던 어느날인가 너는 나에게 너의 애인을 소개시켜 주며 인사를 나누라는데 나의 눈앞이 왜 자꾸 캄캄해져만 오는지 어색해하는 나의 표정을 바라보며 너도 그제서야 내가 널 좋아하는걸 알았나봐 하지만 그래도 어쩔 수가 없잖아 그저 나 혼자의 착각속에 너를 좋아한것 뿐이니까  너를 보면서 난 착각을 해왔었지 너의 친철함을 나는 믿었었기에 그게 사랑인줄 알고 나는 나 혼자서 많은 날을 설레이며 고민해왔었어 너의 변함없는 태도를 보면서 나는 조금은 이상하다는 생각을 했지만 그래도 난 내자신을 믿고 싶었어 니가 날 좋아한다고 그러던 어느날인가 너는 나에게 너의 애인을 소개시켜 주며 인사를 나누라는데 나의 눈앞이 왜 자꾸 캄캄해져만 오는지 어색해하는 나의 표정을 바라보며 너도 그제서야 내가 널 좋아하는걸 알았나봐 하지만 그래도 어쩔 수가없잖아 그저 나 혼자의 착각속에 너를 좋아한것 뿐이니까  너의 친철함에 나는 속았었나봐 너도 날 좋아한다고 그렇게 믿었는데 너의 성격이 원래 상냥하다는걸 알면서도 나는 왠지 그렇게 믿었었어 그런던 어느날인가 너는 나에게 너의 애인을 소개시켜 주며 인사를 나누라는데 나의 눈앞이 왜 자꾸 캄캄해져만 오는지 어색해하는 나의 표정을 바라보며 너도 그제서야 내가 널 좋아하는걸 알았나봐 하지만 그래도 어쩔수가 없잖아 그저 나 혼자의 착각속에 너를 좋아한것 뿐이니까 나의 표정을 바라보며 너도 그제서야 내가 널 좋아하는걸 알았나봐 하지만 그래도 어쩔수가 없잖아 그저 나혼자의 착각속에 너를 좋아한것 뿐이니까
1996.06.23~06.29,50,1606450,선택,터보,터보 (Turbo) 1집 `280km Speed`,1995.07.01,Dance,한진우,달라질게 없어  우린 헤어짐이 나을거야 하지만 이미 초라한 내 모습이 싫어 무엇일까 나는 네게 그저 친구일 뿐 이었어 나에게 남아 있는 건 또 다른 아쉬움 그래 우연히 카페에서 널 봤어 낯익은 얼굴이 낯설지가 않아 따가웠던 시선에서 무엇인가 통하는 것 같아 얘길 했어 너의 취미 혈액형 내 스타일과 사는 동네까지 집 전화번호 삐삐 번호와 내 맘까지 다 매일매일 만났지 그렇지만 너는 진실한 적 없어 이젠 알 것 같아 너와 나는 너무도 아무 의미없는 시간 속을 지나왔어 달라질게 없어 우린 헤어짐이 나을거야 하지만 이미 초라한 내 모습이 싫어 무엇일까 나는 네게 그저 친구일 뿐 이었어 나에게 남아 있는 건 또 다른 아쉬움 음악이 있는 내방 한 구석에 놓여있는 너의 사진 아마 지난 여름이었을 거야 너와 내가 다정했던 때가 하지만 지금 난 혼자 넌 내 곁에 없어 널 보고싶어 전화하고 싶지만 이젠 참아야만해 매일매일 만났지 그렇지만 너는 진실한 적 없어 이젠 알 것 같아 너와 나는 너무도 아무의미 없는 시간속을 지나왔어 달라질게 없어 우린 헤어짐이 나을거야 하지만 이미 초라한 내 모습이 싫어 무엇일까 나는 네게 그저 친구일 뿐이었어 나에게 남아 있는건 또 다른 아쉬움
