time,rank,song_id,title,singers,album,date,genre,creator,lyric
1991.10.06~10.12,1,49933,내사랑 내곁에 (응답하라 1988 삽입곡),김현식,김현식 6집,1991.01.26,Ballad,오태호,나의 모든 사랑이 떠나가는 날이  당신의 그 웃음 뒤에서  함께하는데  철이 없는 욕심에 그 많은 미련에  당신이 있는 건 아닌지  아니겠지요  시간은 멀어 집으로 향해가는데  약속했던 그대만은  올 줄을 모르고  애써 웃음지으며 돌아오는 길은  왜 그리도 낯설고 멀기만 한지 저 여린 가지 사이로  혼자인 날 느낄때  이렇게 아픈 그대 기억이 날까  내 사랑 그대 내 곁에 있어줘  이 세상 하나뿐인 오직 그대만이  힘겨운 날에 너마저 떠나면  비틀거릴 내가 안길 곳은 어디에  저 여린 가지 사이로  혼자인 날 느낄때  이렇게 아픈 그대 기억이 날까  내 사랑 그대 내 곁에 있어줘  이 세상 하나뿐인 오직 그대만이  힘겨운 날에 너마저 떠나면  비틀거릴 내가 안길 곳은 어디에  비틀거릴 내가 안길 곳은 어디에  비틀거릴 내가 안길 곳은 어디에
1991.10.06~10.12,2,51976,너를 향한 마음,이승환,Always,1991.07,Ballad,어수은,너를 향한 마음은 언제나 변함없어  이제는 모든 것이 달라졌다 하여도  언젠가는 한번쯤 나를 기억할꺼야  초라한 모습만 남게 되겠지  한번쯤 우연히 만날 것도 같은데.  닮은 사람 하나 보지 못했어  영화속에서나 일어나는 일일까?  저 골목을 돌면 만나지려나..  언제라도 내게 돌아오기를  바보처럼 기다리는 어리석은 나의 모습을  그댄 짐작조차 할순 없겠지..  하지만 그댄 언젠가  이런 나의 마음 알지도 몰라..   한번쯤 우연히 만날 것도 같은데.  닮은 사람 하나 보지 못했어  영화속에서나 일어나는 일일까?  저 골목을 돌면 만나지려나..  언제라도 내게 돌아오기를  바보처럼 기다리는 어리석은 나의 모습을  그댄 짐작조차 할순 없겠지..  하지만 그댄 언젠가  이런 나의 마음 알지도 몰라..  닿을 수 없었던 나의 마음을  더는 내것일수 없는 너를 향한 마음을  그댄 짐작조차 할 수없겠지  하지만 그댄 언젠가  이런 나의 마음 알지도 몰라...
1991.10.06~10.12,3,1839784,꿈에서 본 거리,푸른하늘,푸른하늘 4집 - 꿈에서 본 거리,1991.05.01,Ballad,유영석,아침에 문득 눈을 떠보니 낯설게 보이는 모든게 내주위에 가득차 일어나 다시 살펴 보았더니 오래된 내 작은방 어젯밤 꿈에 나는 보았지 하얗게 뻗어나가 있는 길옆에 그거리를 언제나 가슴으로 그리던 곳을 난 꿈 을 타고 찾아낸거야 빠알간 벽돌 길모퉁이에서 난 플라타나스 바라보면서 웃음이 아닌 다른 건 모두 잊은채 아무 생각 없이 앉아 있었지 어지럽던 내사랑도 이제는 하늘 저멀리 구름 위로 날려 버린채 숨가쁜 생활을 벗어날수있는 그곳은 내 꿈에서 본 거리일거야  빠알간 벽돌 길모퉁이에서 난 플라타나스 바라보면서 웃음이 아닌 다른 건 모두 잊은채 아무 생각 없이 앉아 있었지 어지럽던 내 사랑도 이제는 하늘 저멀리 구름 위로 날려 버린채 숨가쁜 생활을 벗어날수있는 그곳은 내 꿈에서 본 거리일거야 어지럽던 내사랑도 이제는 하늘 저멀리 구름 위로 날려 버린채 숨가쁜 생활을 벗어날 수 있는 그곳은 내 꿈에서 본 거리일거야
1991.10.06~10.12,4,1003590,당신,김정수,내 마음 당신 곁으로,1990.01.01,Adult Contemporary,김정수,내 품에 안기어 곤히 잠든 그대여 어느덧 그대 눈가에도 주름이 졌네 내 가슴에 묻혀 꿈을 꾸는 그대여 야위어진 그댈 바라보니 눈물이 솟네 고왔던 여자의 순정을 이 못난 내게 바쳐두고 한마디 원망도 않은채 긴 세월을 보냈지 난 맹세 하리라 고생 많은 당신께 이 생명 다하는 날까지 그대를 사랑하리  고왔던 여자의 순정을 이 못난 내게 바쳐두고 한마디 원망도 않은채 긴 세월을 보냈지 난 맹세 하리라 고생 많은 당신께 이 생명 다하는 날까지 그대를 사랑하리
1991.10.06~10.12,5,1878583,이별 아닌 이별,이범학,이별 아닌 이별,1991.08.20,Ballad,오태호,이제 떠나가는 그대 모습 뒤로  아직도 못다한 나만의 얘긴 흐르지만  다시 언제까지 나만의 미련으로  그대를 사랑한다는 말은 정말 하기 싫었어        밤새워 얘기한 우리 서로 간의 갈길로  이별이 아닌 이별을 맞으며 헤어지지만        내사랑 굿바이 굿바이 어디서나  행복을 바라는 내 맘은  사랑한다는 흔한 말보단 더 진실함을 이해해        내사랑 굿바이 굿바이 어디서나  행복을 바라는 내 맘은  무너진 내안에 사랑이 번지면 다시 찾을거야        밤새워 얘기한 우리 서로 간의 갈길로  이별이 아닌 이별을 맞으며 헤어지지만        내사랑 굿바이 굿바이 어디서나  행복을 바라는 내 맘은  사랑한다는 흔한 말보단 더 진실함을 이해해        내사랑 굿바이 굿바이 어디서나  행복을 바라는 내 맘은  무너진 내 안에 사랑이 번지면 다시 찾을거야        내사랑 굿바이 굿바이 어디서나  행복을 바라는 내 맘은  사랑한다는 흔한 말보단 더 진실함을 이해해        내사랑 굿바이 굿바이 어디서나  행복을 바라는 내 맘은  무너진 내 안에 사랑이 번지면 다시 찾을거야
1991.10.06~10.12,6,51685,그대가 나를 사랑하신다면,이선희,그대가 나를 사랑하신다면,1991.07,Ballad,김미선,그대 정말로 나를 사랑한다면 지금처럼만 나를 사랑해주오 그대 정말로 나를 원하신다면 가슴으로만 나를 사랑해주오 그대 눈에 비친 내 모습이 하도 아파보여 그 아픔 덜어주려 내게 온다면 눈 앞에 모습 뵈지 않아 뒤돌아 서면 차츰 흐려지는 마음 내게 온다면 그대 정말로 나를 사랑한다면 그대 정말로 나를 원하신다면  그대 눈에 비친 내 모습이 하도 아파보여 그 아픔 덜어주려 내게 온다면 눈 앞에 모습 뵈지 않아 뒤돌아 서면 차츰 흐려지는 마음 내게 온다면 그대 정말로 나를 사랑한다면 지금처럼만 나를 사랑해주오 그대 정말로 나를 원하신다면 가슴으로만 나를 사랑해주오
1991.10.06~10.12,7,1104921,외롭지만 혼자 걸을 수 있어,봄여름가을겨울,Live1991-Live!,1991.02.01,Ballad,김종진,"많은 사람들속에 슬픈 얼굴 하나 없어 다가서서 말을 붙이곤해도 모두 바쁜듯이 제 갈길만가네  홀로 길을 걸을때는 좋은 친구가 필요해 다정스레 얘길 나눈다해도 모두 좋은친구 일수 없는거야  웃음띠며 바라보는 그런 느낌 느끼고파 미소지며 다가오는 따스함이 이젠 없어  그래 외롭지만  혼자 걸을수있어 ,,"
1991.10.06~10.12,8,51930,흩어진 나날들,강수지,흩어진 나날들,1991.05,Ballad,강수지,아무일 없이 흔들리듯  거리를 서성이지 우연히 널 만날 수 있을까 견딜 수가 없는 날 붙들고  울고 싶어  어두운 마음에 불을 켠 듯한  이름 하나 이젠 무너져 버린거야  힘겨운 나날들 그래 이제 우리는 스치고  지나가는 사람들처럼 그렇게 모른 채  살아가야지 아무런 상관없는 그런  사람들에겐 이별이란 없을 테니까  어두운 마음에 불을 켠  듯한 이름 하나 이젠 무너져 버린거야  힘겨운 나날들  그래 이제 우리는 스치고  지나가는 사람들처럼 그렇게 모른 채  살아가야지 아무런 상관없는 그런  사람들에겐 이별이란 없을 테니까  그래 이제 우리는 스치고  지나가는 사람들처럼 그렇게 모른 채  살아가야지 아무런 상관없는 그런  사람들에겐 이별이란 없을 테니까
1991.10.06~10.12,9,49353,늦지않았음을,송재호,Song Jae Ho Vol.1,1991.02,Ballad,유영석,이젠 모두 지난 일이 된걸까 아직 너의 음성 들릴 것 같은데 이대로 멈춰진 우리의 시간 지켜봐야 하는지 그대 고운 눈동자를 떨구며 놓인 커피잔 만지던 기억이 아직도 내곁에 있는 것같아 아쉬움에 눈물을 떨구네 언제였나 작은 공원 벤치에서 두 손을 잡으며 입맞춤하던 날 이제는 내 작은 기억으로 남아 나의 슬픈 밤을 적시우는데 늦지 않았음을 그대 내게 말하여 준다면 난 말도 못한 채 눈물 흘리며 그대의 남은 빈자리로 남몰래 찾아가 끝없이 너를 바라볼거야  언제였나 작은 공원 벤치에서 두 손을 잡으며 입맞춤하던 날 이제는 내 작은 기억으로 남아 나의 슬픈 밤을 적시우는데 늦지 않았음을 그대 내게 말하여 준다면 난 말도 못한 채 눈물 흘리며 그대의 남은 빈자리로 남몰래 찾아가 끝없이 너를 바라볼거야 늦지 않았음을 그대 내게 말하여 준다면 난 말도 못한 채 눈물 흘리며 그대의 남은 빈자리로 남몰래 찾아가 끝없이 너를 바라볼거야
1991.10.06~10.12,10,1010210,그대품에 잠들었으면,박정수,소리창조 2집 - 박정수,1991.01.01,Folk,조기원,"나는 그대의 빈틈이 있었으면  사랑했을 것이다, 사랑했을 것이다  어둠은 내려 않는데 음~    그대 들려줄 한 줄 시도 못 쓰고  기억 속으로 차가운 안개비 안개비만 내린다  홑이불처럼 시각거리며 가슴조미는 그리움 쌓이고  세상에 온통 시들었어도  깊고 고요한 그대품에서 잠들었으면 잠시라도 잠들었으면...    그대 들려줄 한 줄 시도 못 쓰고  기억 속으로 차가운 안개비 안개비만 내린다  홑이불처럼 시각거리며 가슴조미는 그리움 쌓이고  세상에 온통 시들었어도  깊고 고요한 그대품에서 잠들었으면 잠시라도 잠들었으면.."
1991.10.06~10.12,11,49582,소녀시대,이승철,이승철 라이브,1991.08.01,Dance,이승철,날 아직 어리다고 말하던 얄미운 욕심쟁이가 오늘은 웬일인지 사랑해하며 키스해 주었네  얼굴은 빨개지고 놀란눈은 커다래지고 떨리는 내 입술은 파란 빛깔 파도 같아 너무 놀라버린 나는 아무말도 하지 못하고 화를 낼까 웃어버릴까 생각하다가 어리다고 놀리지 말아요 수줍어서 말도 못하고 어리다고 놀리지 말아요 스쳐가는 얘기 뿐인걸  날 아직 어리다고 말하던 얄미운 욕심쟁이가 오늘은 웬일인지 사랑해하며 키스해 주었네 너무 놀라버린 나는 아무말도 하지 못하고 화를 낼까 웃어버릴까 생각하다가 어리다고 놀리지 말아요 수줍어서 말도 못하고 어리다고 놀리지 말아요 스쳐가는 얘기 뿐인걸  어리다고 놀리지 말아요 수줍어서 말도 못하고 어리다고 놀리지 말아요 스쳐가는 얘기 뿐인걸 어리다고 놀리지 말아요 수줍어서 말도 못하고
1991.10.06~10.12,12,65720,이별의 끝은 어디인가요,양수경,양수경 골든,1992,Ballad,함경문,어떻게 돌아왔는지 아무 생각도 나질 않아 예감할 수 없었던 이별이였기에 그 무슨 말을 했는지 그저 눈물만 흐르네요 믿을 수가 없었던 이별이였기에 무슨 이유로 떠나야 했나요 나보다 더 나를 사랑했던 그대가 왜 나를 떠나야 했는지 아직도 눈물이 남아 있었나요 내 모습이 정말 싫어요 또 다른 사랑을 찾아야 하나요 내 이별의 끝은 어디인가요 무슨 이유로 떠나야 했나요 나보다 더 나를 사랑했던 그대가 왜 나를 떠나야 했는지 아직도 눈물이 남아 있었나요 내 모습이 정말 싫어요 또 다른 사랑을 찾아야 하나요 내 이별의 끝은 어디인가요
1991.10.06~10.12,13,49551,날 울리지마,신승훈,보이지 않는 사랑,1991.11.30,Dance,김창환,내 가슴깊은 그곳에 숨겨놓은 그대와의 많은 시간들이 어둠에 묻혀 나를 찾아들면 나는 외로움에 잠못들고 내게 남아 있는 그대 인형처럼 뽀얀 먼지속에 묻어오는 나의 추억속에 이젠 멀어진 그대여 날 울리지마 슬픈 영화속의 주인공은 싫어 날 울리지마 슬픈 노래처럼 기억되긴 싫어 내곁에 맴도는 그대의 모습은 우울한 하루 이젠 그대의 미소 느껴지지않아 그 날밤 그 날처럼  날 울리지마 슬픈 영화속의 주인공은 싫어 날 울리지마 슬픈 노래처럼 기억되긴 싫어 내곁에 맴도는 그대의 모습은 우울한 하루 이젠 그대의 미소 느껴지지않아 그 날밤 그 날처럼 날 울리지마 슬픈 영화속의 주인공은 싫어 날 울리지마 슬픈 노래처럼 기억되긴 싫어 내곁에 맴도는 그대의 모습은 우울한 하루 이젠 그대의 미소 느껴지지않아 그 날밤 그 날처럼 날 울리지마 슬픈 영화속의 주인공은 싫어 날 울리지마 슬픈 노래처럼 기억되긴 싫어
1991.10.06~10.12,14,48940,친구에게,김민우,김민우 2집,1991,Ballad,박창학,잊고 있었니 내가 있다는걸 살아가는 이유 힘겨워 질때는 쉬어갈수 있는곳 너의 한숨도 함께 하려했지 언젠가는 나의 지친 발걸음이 너를 찾아갈테니 수많은 시간속에 그 깊은 외로움은 예전처럼 우리 함께 나눌수는 없나 변해가는건 우리가 아니잖아 알수 없는 세상일뿐  나의 한숨도 함께 하려했지 언젠가는 나의 지친 발걸음이 너를 찾아갈테니 수많은 시간속에 그 깊은 외로움은 예전처럼 우리 함께 나눌수는 없나 변해가는 건 우리가 아니잖아 알수없는 세상일 뿐 수많은 시간속 에 그 깊은 외로움은 예전처럼 우리 함께 나눌수는 없나 변해가는건 우리가 아니잖아 알수 없 는세상일뿐
1991.10.06~10.12,15,504159,그대가 이 세상에 있는 것만으로,한동준,그대가 이 세상에 있는 것만으로,1991,Ballad,김광진,한동안 그대가 내곁을  떠나가 버렸다는 것을  믿을수 없었지만  더 이상 난 부정할 수 없네  내 진실을 주고  해맑은 사랑을 느꼈는데  어느새 그대의 마음이  내게서 멀어져갔나  이젠 사랑이 너무 두려워  이런 아픔을 견딜 수 없어  무너진 나의 가슴을 어디에서  위로 받을 수 있을까  아니야 나는 사랑한거야  영원히 변하지 않는 그런 사랑을  그래 나는 후회하진 않아  사랑이 떠나버려도  내겐 소중한 것을 가슴 깊이 느끼네  그대가 이세상에 있는것 만으로  내겐 기쁨을 주는데  아니야 나는 사랑한거야  영원히 변하지 않는 그런 사랑을  그래 나는 후회하진 않아  사랑이 떠나버려도  내겐 소중한 것을 가슴 깊이 느끼네  그대가 이세상에 있는것 만으로  내겐 기쁨을 주는데
1991.10.06~10.12,16,57615,재즈 카페,신해철,Myself,1991.03.20,Rock,신해철,위스키 브랜디 블루진 하이힐 콜라 핏자 발렌타인데이 까만 머리 까만 눈의 사람들의 목마다 걸려있는 넥타이 어느 틈에 우리를 둘러싼 우리에게서 오지 않은 것들 우리는 어떤 의미를 입고 먹고 마시는가 빨간 립스틱 하얀 담배연기 테이블 위엔 보석 색깔 칵테일 촛불 사이로 울리는 내 피아노 밤이 깊어도 많은 사람들 토론하는 남자 술에 취한 여자 모두가 깊이 숨겨논 마음을 못 본 체하며 목소리만 높여서 얘기하네 흔들리는 사람들 한밤의 재즈 카페 하지만 내 노래는 누굴 위한 걸까  사람들 돌아가고 문을 닫을 무렵 구석자리의 숙녀는 마지막 메모를 전했네 노래가 흐르면 눈물도 흐르고 타인은 알지 못하는 노래에 담긴 사연이 초록색 구두위로 떨어지네 흔들리는 사람들 한밤의 재즈 카페 하지만 내 노래는 누굴 위한 걸까 흔들리는 사람들 한밤의 재즈 카페 하지만 내 노래는 누굴 위한 걸까
1991.10.06~10.12,17,50313,김성호의 회상,김성호,김성호의 회상,1992.10.01,Ballad,김성호,바람이 몹시 불던 날이었지  그녀는 조그만 손을 흔들고 어색한 미소를 지으면서  너의 눈을 보았지 으흠 하지만 붙잡을 수는 없었어 지금은 후회를 하고 있지만 멀어져가는 뒷모습 보면서  두려움도 느꼈지 으흠 나는 가슴 아팠어   때로는 눈물도 흘렸지 이제는 혼자라고 느낄때  보고싶은 마음 한이 없지만 찢어진 사진 한장 남지 않았네 그녀는 울면서 갔지만  내 맘도 편하지는 않았어 그때는 너무나 어렸었기에  그녀의 소중함을 알지 못했네  그렇게 나쁘진 않았어  그녀와 함께 했던 시간들은 한 두번 원망도 했었지만  좋은 사람이었어 으흠 하지만 꼭 그렇진 않아  너무 내 맘을 아프게 했지 서로 말없이 걷기도 했지만  좋은 기억이었어 으흠 너무 아쉬웠었어   때로는 눈물도 흘렸지 이제는 혼자라고 느낄때  보고싶은 마음 한이 없지만 찢어진 사진 한장 남지 않았네 그녀는 울면서 갔지만  내 맘도 편하지는 않았어 그때는 너무나 어렸었기에  그녀의 소중함을 알지 못했네  때로는 눈물도 흘렸지 이제는 혼자라고 느낄때  보고싶은 마음 한이 없지만 찢어진 사진 한장 남지 않았네 그녀는 울면서 갔지만  내 맘도 편하지는 않았어 그때는 너무나 어렸었기에  그녀의 소중함을 알지 못했네
1991.10.06~10.12,18,61514,너에게 들려주고 싶은 이야기,015B,Second Episode,1991.05,Ballad,정석원,너에게 들려 주고 싶은 이야기   너는 언제나 마음을 열지 못하고  그에게 다가서지만   그럴 필요있겠니 내가 보기엔   넌 그를 사랑하고 있는걸   너는 이게 사랑일까 의심하지만   사랑이란건 네가 생각하듯이   그렇게 어렵고 대단한게 아냐   동화속의 왕자님은  현실엔 없는거야   오늘도 그는 웃으며  너를 사랑한다고 말을 했겠지   넌 그에게 친구로서 좋아하지만   그게 사랑인지는  모르겠다 했겠지  하지만 잘 생각해봐  너는 사랑을 받기만을 즐기며   주는 것을 자존심 상해하는   이기적인 생각을 가졌을 뿐이야   소중한건 언제나  소중한건 언제나  네곁에 있는거야   네곁에 있는거야  이제는 마음을 열어봐   이제는 그의 품에  이제는 그의 품에  안겨서 쉬는 거야   안겨서 쉬는 거야   제발 고민하지마   더 좋은 남잘 만날 수  있을 것 같아서  그렇게 망설이니   그러면 그는 이 세상에서  너보다 더 좋은 여자가  없을 것 같아 너를 사랑하겠니  시간이 흐르면  더 편한 안식처를  찾을 수 있을 것 같겠 지만  결국은 그렇지 못하고  과거에 너를 지켜주던  그늘이 그리워질걸   너는 하루종일  그의 생각을 하다가도  전화가 오면   하루 종일 너무 바빠  그의 생각을 할 틈이 없었다   얘기하겠지   그가 만나자 하면  너는 아주 약속이 많은  바쁜 사람인양 얘기를 하지  기껏해야 카페에서 친구들이랑  수다 떠는 일이 다일텐데   이제는 네가 그를   그렇게도 너를 사랑하는 사람을  감싸줘야만해  가슴을 아프게 해야만 너의  부질없는 자존심이 세워지니   사랑에는 자존심이 없는거야   그를 위해 네 마음의 그를 위해 네 마음의 한구석을 단장해봐  한구석을 단장해봐  현재의 그에게 충실해봐
1991.10.06~10.12,19,91374,오직 하나뿐인 그대,심신,심신 1,1991.08.01,Ballad,박건호,그리움 두고서 가지는 마 나홀로 있으면 외로운데 그대의 얼굴을 바라다보며 정다운 얘기를 나눌래 어디서 오는지 알수는 없지만 사랑은 이렇게 달콤한 것 아쉬움 두고서 가지는 마 남겨진 시간이 너무 많아 내 인생 모두가 사라져가도 이 느낌 우리는 영원해 어디서 오는지 알수는 없지만 사랑은 언제나 황홀한 것 그대여 그 마음속에 이대로 나를 담아둘 수 없는가 그대여 이 아름다운 세상에 오직 하나뿐인 그대  그리움 두고서 가지는 마 나홀로 있으면 외로운데 그대의 얼굴을 바라다보며 정다운 얘기를 나눌래 어디서 오는지 알수는 없지만 사랑은 이렇게 달콤한 것 아쉬움 두고서 가지는 마 남겨진 시간이 너무 많아 내 인생 모두가 사라져가도 이 느낌 우리는 영원해 어디서 오는지 알수는 없지만 사랑은 언제나 황홀한 것 그대여 그 마음속에 이대로 나를 담아둘 수 없는가 그대여 이 아름다운 세상에 오직 하나뿐인 그대 그대여 그 마음속에 이대로 나를 담아둘 수 없는가 그대여 이 아름다운 세상에 오직 하나뿐인 그대
1991.10.06~10.12,20,51804,차창에 흐르는 이별,유익종,차창에 흐르는 이별,1991.05.31,Folk,이두헌,그때 나를 바라보던 그대여 두눈에 맺힌 눈물을 애써 뒤돌아 웃으며 외면했던 이유는 가슴속에 간직해 놓은 사랑이란 이름은 이별앞엔 진정 너무도 초라했기 때문에 지금 흐린 차창위에 내리는 서글픈 비를 보면서 이제 잊혀진 이별에 슬픔은 젖어봅니다  때없이 나를 뒤흔드는 절망에 초라한 나의 모습은 그대의 슬픈 뒷모습만 그리며 늘 흐느끼고 있는데 그때 나를 바라보던 그대여 두눈에 맺힌 슬픈 눈물 때문에 흘러가는 시간들이 내앞에서 멈춰진들 움직일 수 없어요(움직일 수 없어요)
1991.10.06~10.12,21,1010489,어떻게든 되겠지,변영태,변영태,1991.03.01,Ballad,지예,내가 아니길 나의 슬픔이 아니길 나는 얼마나 바랬었나 나의 익숙해진 그대의 그 따스했던 손길은 이젠 나의 것이 아니네 나의 사랑도 나의 눈물마저도 모두 거짓으로 돌리리 그저 스치듯이 만났던 내 지난 날 기억으로 무심하게 넘기리 한동안 많이 힘들겠지 아픔도 끝은 있을테지 나를 떠나버린 그대도 또 버려진 나도 홀로 남겨진건 마찬가진걸 냉정하게 뒤돌아 눈 감아버린 지금 어떻게든 되겠지  한동안 많이 힘들겠지 아픔도 끝은 있을테지 나를 떠나버린 그대도 또 버려진 나도 홀로 남겨진건 마찬가진걸 냉정하게 뒤돌아 눈 감아버린 지금 어떻게든 되겠지  나를 떠나버린 그대도 또 버려진 나도 홀로 남겨진건 마찬가진걸 더디가는 시간도 이젠 어디로든 가겠지
1991.10.06~10.12,22,1095381,슬픈 우리사랑,심명훈,신촌뮤직 Best Vol.5,1993.03.01,Ballad,이건우,그 아름답던 기억을 남겨두고 난 그 얼마나 널 찾아 해맸나 변할 수밖에 없었던 너의 마음이 지금 나를 만나러 오고 있는데 저 불빛 속에 너의 희미한 모습 너가 아닌 듯 뒤돌아 서다가 내가 부르는 소리를 들은 것처럼 너의 작은 어깨가 슬퍼 보였어 이별은 그렇게 지나갔을 뿐인데 처음 만날 때처럼 어색한 느낌 뿐인데 어느 추웠던 날에 가슴 시리던 기억 나를 에워싼 외로움들이 멀어지네 떠나기 위해 우린 만난 것일까 사랑하면 할수록 더욱 깊은 외로움 이것이 우리들의 마지막 사랑인 줄 아무도 몰라  이별은 그렇게 지나갔을 뿐인데 처음 만날 때처럼 어색한 느낌 뿐인데 어느 추웠던 날에 가슴 시리던 기억 나를 에워싼 외로움들이 멀어지네 떠나기 위해 우린 만난 것일까 사랑하면 할수록 더욱 깊은 외로움 이것이 우리들의 마지막 사랑인 줄 아무도 몰라 이것이 우리들의 마지막 사랑인 줄 아무도 몰라
1991.10.06~10.12,23,1695858,이별의 그늘,윤상,이별의 그늘,1991.09,Ballad,박주연,문득 돌아보면 같은 자리지만 난 아주 먼길을 떠난 듯 했어 만날 순 없었지 한번 어긋난 후 나의 기억에서만 살아있는 먼 그대 난 끝내 익숙해지겠지 그저 쉽게 잊고 사는 걸 또 함께 나눈 모든 것도 그만큼의 허전함일 뿐 덧없이 흘러가는 시간 속에서 어떤 만남을 준비 할까 하지만 기억 해줘 지난 얘기와 이별 후에 비로소 눈 뜬 나의 사랑을 난 끝내 익숙해지겠지 그저 쉽게 잊고 사는 걸 또 함께 나눈 모든 것도 그만큼의 허전함일 뿐 덧없이 흘러가는 시간 속에서 어떤 만남을 준비 할까 하지만 기억 해줘 지난 얘기와 이별 후에 비로소 눈 뜬 나의 사랑을
1991.10.06~10.12,24,91049,내사랑 투유,조갑경,저 깊고 푸른밤에/입맞춤,1990.09,Ballad,홍서범,어느날 너를 처음 봤을땐 나만의 사랑이 싹트고 고개 숙인 너의 모습이 천사처럼 아름다웠어 멀리서 너를 바라볼때면 맘으론 가슴 태웠지 너의 목소리 귓가에 들려올때면 가슴이 떨려오곤했지 그러나 너를 사랑하면 할수록 나는 너무도 많이 울어야 했어 너를 향한 아름답던 나의 사랑은 슬픈영화처럼 변해 갔지 하지만 투유 사랑한다 말하고 싶어 나는 투유 모든것을 주고 싶었어 아직도 투유 내게 남아있는 작은 사랑을 소중히 간직하고파  멀리서 너를 바라볼때면 맘으론 가슴 태웠지 너의 목소리 귓가에 들려올때면 가슴이 떨려오곤 했지 그러나 너를 사랑하면 할수록 나는 너무도 많이 울어야 했어 너를 향한 아름답던 나의 사랑은 슬픈영화처럼 변해 갔지 하지만 투유 사랑한다 말하고 싶어 나는 투유 모든것을 주고 싶었어 아직도 투유 내게 남아있는 작은 사랑을 소중히 간직하고파 아직도 투유 내게 남아있는 작은 사랑을 소중히 간직하고파
1991.10.06~10.12,25,52004,꿈,조용필,The Dreams,1991,Rock,조용필,화려한 도시를 그리며 찾아왔네 그 곳은 춥고도 험한곳 여기저기 헤매다 초라한 문턱에서 뜨거운 눈물을 먹는다 머나먼 길을 찾아 여기에 꿈을 찾아 여기에 괴롭고도 험한 이 길을 왔는데 이 세상 어디가 숲인지 어디가 늪인지 그 누구도 말을 않네 사람들은 저마다 고향을 찾아가네 나는 지금 홀로 남아서 빌딩속을 헤매다 초라한 골목에서 뜨거운 눈물을 먹는다 저기 저 별은 나의 마음 알까 나의 꿈을 알까 괴로울 땐 슬픈 노래를 부른다 슬퍼질 땐 차라리 나홀로 눈을 감고 싶어 고향의 향기 들으면서 저기 저 별은 나의 마음 알까 나의 꿈을 알까 괴로울 땐 슬픈 노래를 부른다 이 세상 어디가 숲인지 어디가 늪인지 그 누구도 말을 않네 슬퍼질 땐 차라리 나홀로 눈을 감고 싶어 고향의 향기 들으면서 고향의 향기 들으면서
1991.10.06~10.12,26,51433,이젠,이상우,나만의 그대/그녀를 만나는 곳 100M전/그 언젠가처럼,1991,Ballad,박정원,두근거리는 가슴을 달래며 그대곁에 다가섰지만 말없이 바라보는 그대 차가운 눈에 그만 울고 말았어 뒤돌아 서면 잊으려 했지만 그땐 다시 그리워지네 지난 날에 시간이 내겐 너무 소중해 그댈 잊을 수 없어 온 세상이 어둠에 묻히어도 따뜻한 그대 모습 떠올라 지난 이별도 마지막 그 눈빛도 내겐 사랑이였어요 멀리 있어도 떠나버려도 이젠 눈물 흘리지 않아 만남과 이별은 늘 함께한다는 너의 말을 이젠 알수 있어요 멀리 있어도 떠나버려도 이젠 슬퍼 하지 않아요 사랑은 언제나 짧은 여행이지만 그 추억은 영원한 꿈인것을  온 세상이 어둠에 묻히어도 따뜻한 그대 모습 떠올라 지난 이별도 마지막 그 눈빛도 내겐 사랑이였어요 멀리 있어도 떠나버려도 이젠 눈물 흘리지 않아 만남과 이별은 늘 함께한다는 너의 말을 이젠 알수 있어요 멀리 있어도 떠나버려도 이젠 슬퍼 하지 않아요 사랑은 언제나 짧은 여행이지만 그 추억은 영원한 꿈인것을 멀리 있어도 떠나버려도 이젠 슬퍼 하지 않아요 사랑은 언제나 짧은 여행이지만 그 추억은 영원한 꿈인것을
1991.10.06~10.12,27,1820033,화요일에 비가 내리면,박미경,사랑이 그런 것처럼,2008.03.03,Ballad,최은정,그대 내 곁을 떠나는 화요일에 비가 내리면 하얀 그 빗 속에 눈물을 감추고 울어 주리라 아직 날 떠나지 않은 서글픈 추억에 젖어 가끔은 아무도 몰래 서러운 이 길을 걸으면 어두운 도시의 불 빛 보다 그리움이 먼저 다가와 그댈 기억하겠지 슬픈 화요일에 비가 내리면  아직 날 떠나지 않은 서글픈 추억에 젖어 가끔은 아무도 몰래 서러운 이 길을 걸으면 어두운 도시의 불 빛 보다 그리움이 먼저 다가와 그댈 기억하겠지 슬픈 화요일에 비가 내리면 슬픈 화요일에 비가 내리면
1991.10.06~10.12,28,91384,가을이 가도,이문세,이문세 7집 VII,1991.09.17,Ballad,이영훈,가을이 가도 그대 오지 않으리 떠나간 사랑의 기억은 울며 가신 그대 위해 서러운 맘에 부르리라 음~ 그대여 행복한지 아주 지나 버린 옛 생각 나면 내 설움에 불러버린 잊지 못할 그대 이름 아주 없던 것 같이 살아 왔지만 이젠 힘들어 그리워 지는 건 잊지 못할 그대 이름  아주 지나 버린 옛 생각 나면 내 설움에 불러버린 잊지 못할 그대 이름 아주 없던 것 같이 살아 왔지만 이젠 힘들어 그리워 지는 건 잊지 못할 그대 이름 가을이 가도 그대 오지 않으리 떠나간 사랑의 기억은 울며 가신 그대 위해 서러운 맘에 부르리라 음~ 그대여 행복한지
1991.10.06~10.12,29,49409,유혹,이재영,유혹/이별없는 세상에서,1990.09,Dance,박지훈,사랑은 잠시 내게 다가왔다  아픔만 남겨두고 떠났네  내 맘속에 슬픈 음악처럼  영원히 남아있는 그대와의 댄싱   싱그런 아침 햇살같은 추억  그대를 잊을 수가 없는데  내 젊음의 슬픈 영화처럼  영원히 남아있는 그대와의 댄싱   그대를 바라보던 그 순간  사랑에 빠져버린 내 마음  달콤한 그 입술의 속삭임  그대를 내 맘속에 유혹하고 싶어   외로운 밤이면 나홀로  이렇게 춤추는 내 모습  사랑은 그리움만 남긴채  영원히 내 곁에서 꿈처럼 사라져 갔네   사랑은 잠시 내게 다가왔다  아픔만 남겨두고 떠났네  내 맘속에 슬픈 음악처럼  영원히 남아있는 그대와의 댄싱   싱그런 아침 햇살같은 추억  그대를 잊을 수가 없는데  내 젊음의 슬픈 영화처럼  영원히 남아있는 그대와의 댄싱   그대를 바라보던 그 순간  사랑에 빠져버린 내 마음  달콤한 그 입술의 속삭임  그대를 내 맘속에 유혹하고 싶어   외로운 밤이면 나홀로  이렇게 춤추는 내 모습  사랑은 그리움만 남긴채  영원히 내 곁에서 꿈처럼 사라져 갔네   그대를 바라보던 그 순간  사랑에 빠져버린 내 마음  달콤한 그 입술의 속삭임  그대를 내 맘속에 유혹하고 싶어   외로운 밤이면 나홀로  이렇게 춤추는 내 모습  사랑은 그리움만 남긴채  영원히 내 곁에서 꿈처럼 사라져 갔네
1991.10.06~10.12,30,3403850,삐에로는 우릴 보고 웃지,김완선,삐에로는 우릴 보고 웃지,1990.12.01,Dance,이승호,빨간 모자를 눌러쓴  난 항상 웃음 간직한 삐에로  파란 웃음 뒤에는 아무도 모르는 눈물 초라한 날보며 웃어도 난 내 모습이 너무 아름다워 모두들 검은 넥타이 아무 말도 못하는 걸 사람들은 모두 춤추며 웃지만 나는 그런 모습 싫어 술 마시며 사랑 찾는 시간 속에 우리는 진실을 잊고 살잖아 난 차라리 웃고 있는 삐에로가 좋아 난 차라리 슬픔 아는 삐에로가 좋아 초라한 날 보며 웃어도 난 내 모습이 너무 아름다워 모두들 검은 넥타이 아무 말도 못하는 걸 사람들은 모두 춤추며 웃지만 나는 그런 모습 싫어 술 마시며 사랑 찾는 시간 속에 우리는 진실을 잊고 살잖아 난 차라리 웃고 있는 삐에로가 좋아 난 차라리 슬픔 아는 삐에로가 좋아 난 차라리 웃고 있는 삐에로가 좋아
1991.10.06~10.12,31,1878137,미니스커트,민해경,Best Of Best,1995.03.30,Ballad,김종환,바람이 불면 바람이 부는~대로 짧은 치마 입고 길을~ 걸어가네 누군가 나를 볼것같아 사실은 어색했어 사람들의 눈빛이 나를 보고있어 계단을 올라갈때 조심스러워 뒤에 오는 사람들이 나를 볼까봐 하지만 입고 싶은 것은 짧은 미니스커트 화장안한 얼굴로 짧은 미니스커트  검정색 스타킹 몹시도 짧은치마 누굴 유혹하기 위해 입은건 아니예요 아침에 빗어넘긴 머리 바람에 헝크러져 사랑하기 때문에 나는 관심없어 계단을 올라갈때 조심스러워 뒤에 오는 사람들이 나를 볼까봐 하지만 입고 싶은 것은 짧은 미니스커트 화장안한 얼굴로 짧은 미니스커트 그대 만나는 날엔 아침부터 바빴어 어떤 옷을 입을까 곰곰히 생각하다 무작정 꺼내입은 것이 짧은 미니스커트 약속시간 십분전 내 가슴은 뛰었죠~ 짧은 미니스커트~~~ 짧은 미니스커트
1991.10.06~10.12,33,91089,사랑 느낌,윤익희,창문 열어 바람에 / 사랑 느낌,1991.04.30,Ballad,,어쩔 수 없다는 걸 알지만 난 정말 이해할 수 없어 우리는 만날 수 없는 그 모든 시간이 싫어 만났다 헤어지는 순간엔 또 다시 보고 싶어지고 약속한 그 시간까지 견딜 수 없어 촉촉한 비가 내려와 거리를 적신다 해도 따뜻한 햇살이 비쳐와 나의 어깰 감싼다 해도 난 난 난 기쁘지 않아 그대 내 곁에 없으면 그 무엇도 마찬가지야 난 난 견딜 수 없어  만났다 헤어지는 순간엔 또 다시 보고 싶어지고 약속한 그 시간까지 견딜 수 없어 촉촉한 비가 내려와 거리를 적신다 해도 따뜻한 햇살이 비쳐와 나의 어깰 감싼다 해도 난 난 난 기쁘지 않아 그대 내 곁에 없으면 그 무엇도 마찬가지야 난 난 견딜 수 없어 촉촉한 비가 내려와 거리를 적신다 해도 따뜻한 햇살이 비쳐와 나의 어깰 감싼다 해도 난 난 난 기쁘지 않아 그대 내 곁에 없으면 그 무엇도 마찬가지야 난 난 견딜 수 없어
1991.10.06~10.12,34,3619272,이별은 싫어 (`91년),전영록,20주년 골든 앨범,1992.04.07,Dance,이재숙,빗물처럼 떨어지는 그런 이별은 하지말어 돌고 도는 세월 따라 다시 볼 수 있다 하여도 돌아서는 발걸음은 이제 돌이킬 순 없지만 바람처럼 왔다가는 그런 이별은 하지말어 그대 그대여 떠나지마 떠나지마 이별이란 정말 싫은데 워 빗물처럼 떨어지는 그런 이별은 하지말어 돌고 도는 세월 따라 다시 볼 수 있다 하여도 돌아서는 발걸음은 이제 돌이킬 순 없지만 바람처럼 왔다가는 그런 이별은 하지말어 그대 그대여 떠나지마 떠나지마 이별이란 정말 싫은데 워 빗물처럼 떨어지는 그런 이별은 하지말어 돌고 도는 세월 따라 다시 볼 수 있다 하여도 돌아서는 발걸음은 이제 돌이킬 순 없지만 바람처럼 왔다가는 그런 이별은 하지말어 그대 그대여 떠나지마 떠나지마 이별이란 정말 싫은데 워 그대 그대여 나를 두고 떠나지마 바람처럼 왔다가는 그런 이별은 하지말어 그대 그대여 나를 두고 떠나지마 바람처럼 왔다가는 그런 이별은 하지말어 그대 그대여 나를 두고 떠나지마 바람처럼 왔다가는 그런 이별은 하지말어 그대 그대여 나를 두고 떠나지마 바람처럼 왔다가는 그런 이별은 하지말어
1991.10.06~10.12,35,1061577,그리워 그리워 그리워 그리워,그림물감,그림 물감,1990.08.01,Folk,김수연,그대의 마음을 알고도 난 그런 사랑을 몰랐어요  가만히 눈감은 모습에 그대는 내 곁을 떠났네  그대가 떠난 후에도 조각난 꿈들이 다가오면  돌아선 그대의 마음을 이제는 알것만 같아요 나만이 알고있던 그런 사랑들은  모두 물거품이 되어 버렸지만  지나간 그 시절을 잊지 못하고  떠난 그대를 사랑하고 있어  나 여기 홀로 앉아서 그대의 노래를 듣고 있어요  나만이 알고 있던 그런 사랑의 노래를  나만이 알고있던 그런 사랑들은  모두 물거품이 되어 버렸지만  지나간 그 시절을 잊지 못하고  떠난 그대를 사랑하고 있어  나 여기 홀로 앉아서 그대의 노래를 듣고 있어요  나만이 알고 있던 그런 사랑의 노래를 그리워 그리워 그리워 영원히
1991.10.06~10.12,36,1010239,예감으로 느낀 너의 표정,윤태규,예감으로 느낀 너의 표정,1990.01.01,Ballad,김남곤,그리움 깊어 지는 이런 밤이 오면은~ 너의 창가에 비를 내리고 싶어~ 살며시 비나리는 창밖에 서서 너의 잠든 모습 훔쳐 보고 싶어 하지만 예감으로 느낀 너의 표정은~ 나의 마음 자~꾸 허탈하게 해 가까이 다가가면 이별이 올까 돌아서야 하는 내가 너무 싫어~~ 아침이 밝아 오면은 너를 기다렸다고 얘기 할 수 있을까~~ 다시 한번만 사랑이라고 말할 수 있다면~~~ 오랜 방황에서 깨어날텐데 그 말을 못하고 이렇게 애태우는 건~~ 예감으로 느낀 너의 표정 때문이야  아침이 밝아 오며는 너를 기다렸다고 얘기 할 수 있을까~~ 다시 한번만 사랑이라고 말할 수 있다면~~~ 오랜 방황에서 깨어날텐데 그 말을 못하고 이렇게 애태우는 건~~ 예감으로 느낀 너의 표정~ 때문이야 다시 한번만 사랑이라고 말할 수 있다면~~~ 오랜 방황에서 깨어날텐데 그 말을 못하고 이렇게 애태우는 건~~ 예감으로 느낀 너의 표정~~ 때문이야
1991.10.06~10.12,37,2960665,하나의 진실,홍재선,홍재선,1990.11.27,Ballad,,
1991.10.06~10.12,38,1017208,만남,노사연,노사연 2집,1989.08.10,Ballad,박신,우리 만남은 우연이 아니야 그것은 우리의 바램이었어 잊기엔 너무한 나의 운명이었기에 바랄 수는 없지만 영원을 태우리 돌아보지 말아 후회하지 말아 아 바보같은 눈물 보이지 말아 사랑해 사랑해 너를 너를 사랑해  돌아보지 마라 후회하지 말아 아 바보같은 눈물 보이지 말아 사랑해 사랑해 너를 너를 사랑해 사랑해 사랑해 너를 너를 사랑해
1991.10.06~10.12,39,49668,제목 없는 시(詩),손무현,제목없는 시(詩),1991,Ballad,,안개짙은 거리를 홀로 걷고있는 이 마음 샘물처럼 솟아오르던 사랑은 어디에 우리 마지막이 된 그날 오늘도 기억하며 물결짓는 커피잔속에 난 눈물 흘리네 왜 모든 예기를 나에게 했던거야 한숨섞인 그 음성 이제라도 나에게 찾아와 무슨말좀 해봐 아무런 변명도 듣지못하고 난 이대로 너를 잊을 수 없어 걸음을 멈추어 나를 돌아봐 왜 사랑은 이렇게 허무해  제목없는 시를 쓴건가 그냥 우린 그렇게 강물에 뿌린 꽃씨였나 눈물만 흘리네 왜 모든 얘기를 나에게 했던거야 바람불면 바람에 비가오면 빗물에 흔들려 난 어쩌면 좋아 아득한 꿈결에 너를 볼때면 내 무거운 가슴 추억에 젖어 별들을 잠재운 어둠속에서 난 그대를 기다리고 있네 아무런 변명도 듣지 못하고 난 이대로 너를 잊을 수 없어 걸음을 멈추어 나를 돌아봐 왜 사랑은 이렇게 허무해
1991.10.06~10.12,40,3592472,어느날 문득,유열,골든 베스트,1998.05.28,Ballad,유열,어느날 문득 나는 보았네 내 마음속의 사랑을 오직 친구로 알았던 그녀를 나는 사랑하고 있었네 바람이 불어와 허황한 거리에 나뭇잎만 흩어지던 날 그날 처음 느꼈던 내 속에 숨은 그대 그리움 지난 세월속에 천천히 커져왔던 나의 사랑을 하지만 이미 그대는 다른 사랑에 빠져있다 했지 못다한 나의 고백만 내귓가에서 바람따라 울고 있었지 바람이 불어와 허황한 거리에 나뭇잎만 흩어지던 날 그날 처음 느꼈던 내 속에 숨은 그대 그리움 지난 세월속에 천천히 커져왔던 나의 사랑을 하지만 이미 그대는 다른 사랑에 빠져있다 했지 못다한 나의 고백만 내귓가에서 바람따라 울고 있었지
1991.10.06~10.12,41,2743882,꿈 속에선 언제나,장혜진,Golden Best - 100 Years After,1997.05.01,Ballad,박창학,떠나버린 그대  문득 그리울때  나는 항상 눈을 감지 꿈속에서 한번쯤은  그대 모습 마주칠수 있을꺼야 하지만 언제나  아쉬운 느낌만  나에게 남아있는 걸 이젠 만날 수 없을까  다시한번 그대 내곁에 있다면 가슴시린 아픔도  이젠 지울텐데 꿈속에선 언제나 그대로일 뿐 눈을 뜨면 미소짓던 여윈 눈빛  어디론가 사라지고 한번만 더 그 모습을 떠올리려  애써봐도 소용없어 나에게 남겨진 그대의  느낌만 지친마음 아프게 해 이젠 만날 수 없을까  다시한번 그대 내곁에 있다면 가슴 시린 아픔도 이젠 지울텐데 꿈속에선 언제나 그대로일 뿐
1991.10.06~10.12,42,91402,그건 사랑이 아니야,임형순,임형순 `91,1989.03.15,Ballad,이건우,멀어지는 그대의 모습은 희미한 추억만 남기고 돌아서는 나만의 슬픔을 어쩔순 없어 지나온 날들은 아름답지만 이젠 모두 다멀어지고 어디에 있는지 무엇을 하는지 왜 내게 말을 못해 난 이제 알아 너의 마음을 그건 사랑이 아니야 보고 싶어도 볼 수가 없는 건 미움일 뿐이야  사랑했던 그 많은 시간도 서로가 미워한시간도 돌아보면 너무나 소중한 순간이었어 지나온 날들은 아름답지만 이젠 모두 다멀어지고 어디에 있는지 무엇을 하는지 왜 내게 말을 못해 난 이제 알아 너의 마음을 그건 사랑이 아니야 보고 싶어도 볼 수가 없는 건 미움일 뿐이야 난 이제 알아 너의 마음을 그건 사랑이 아니야 보고 싶어도 볼 수가 없는 건 미움일 뿐이야
1991.10.06~10.12,43,2960606,굿바이,정탁,굿바이 / 그대여,-,Adult Contemporary,,
1991.10.06~10.12,44,51471,이별여행,원미연,원미연 2,1990,Ballad,김기호,투명한 너의 눈빛이  어쩐지 부담스러워  아무런 말도 못하고  창가에 기대어 바라보네  이렇게 떠나가지만  너에겐 정말 미안해  하지만 언제까지나  너를 잊을 순 없을 거야  벽에 걸린 그림처럼  너는 표정 없이 바라보지만 이 거리를 난 떠나가리  내가 아닌 너를 위한 이별 여행을  언제까지 너에게  좋은 기억만을 남기고 싶어  이제는 모든 걸 변명처럼 느끼겠지  다시 한번 너에게  얘기하고 싶던 그 말 사랑해  너에게 너무나  많은 것을 원했던 거야  벽에 걸린 그림처럼  너는 표정 없이 바라보지만  이 거리를 난 떠나가리  내가 아닌 너를 위한 이별 여행을  언제까지 너에게  좋은 기억만을 남기고 싶어  이제는 모든 걸 변명처럼 느끼겠지  다시 한번 너에게  얘기하고 싶던 그 말 사랑해  너에게 너무나  많은 것을 원한거야  언제까지 너에게  좋은 기억만을 남기고 싶어  이제는 모든 걸 변명처럼 느끼겠지  다시 한번 너에게  얘기하고 싶던 그 말 사랑해  너에게 너무나  많은 것을 원했던 거야
1991.10.06~10.12,45,1517335,미워서 미워질때,변진섭,미워서 미워질때,1990.11.24,Ballad,지예,그늘진 나의 모습이 나조차 싫어지는데 떠나는 그대 마음은 잘못된 것이 아니지 차갑던 그대 눈빛만 되새겨 보다 보면은 미워서 미워질때가 그럴때가 오겠지 사랑했기 때문에 이별 또한 슬프지 않다고 변명하며 내 자신을 나는 속이며 돌아서네 오늘따라 바라본 밤하늘이 왜 이리 까맣게 보이는지 비라도 새삼스레 내리려 하는지 차갑던 그대 눈빛만 되새겨 보다 보면은 미워서 미워질때가 그럴때가 오겠지  사랑했기 때문에 이별 또한 슬프지 않다고 변명하며 내 자신을 나는 속이며 돌아서네 오늘따라 바라본 밤하늘이 왜 이리 까맣게 보이는지 비라도 새삼스레 내리려 하는지 그늘진 나의 모습이 나조차 싫어지는데 떠나는 그대 마음은 잘못된 것이 아니지
1991.10.06~10.12,46,59461,내일이 다가오면,송홍섭,송홍섭 1집,1991,Rock,신윤철,해저무는 창문곁에 흩어지는 기억들 나 지나간 날 모두 어디로 갔나 사랑하는 벗들 모두 내 주위에 있어도 내 그 가슴속에 여전히 남아  끝없는 방황으로 나를 저 건널 수 없는 깊은 외로움 속에 또 지나버린 하루 수 많았던 만남 소중했던 시간 모두 다 의미없는 헛된 꿈이 되었나 희미해진 불빛 아래 써 내려간 얘기들 나 기도하리 다시 서리라 태양 향해  끝없는 방황으로 나를 저 건널 수 없는 깊은 외로움 속에 또 지나버린 하루 수 많았던 만남 소중했던 시간 모두 다 의미없는 헛된 꿈이 되었나 희미해진 불빛 아래 써 내려간 얘기들 나 기도하리 다시 서리라 태양 향해
1991.10.06~10.12,47,59431,헤어짐이 이별은 아니듯,임백천,사랑할 수 없는 슬픔,1991.04.15,Ballad,김선진,너의 마지막 모습을 보려고 여기왔어 짙은 어둠에 가려진 너의 창문 이별은 어느새 소리도 없이 슬픈 눈빛만으로 뒤에 서 있어 눈을 감으면 너에게 가까이 갈 수 있어 아주조그만 소리로 이젠 안녕 여린 풀잎처럼 작은 너에게 눈물 보이긴 싫어 그저 희미하게 웃네 잃어버린 사람을 그리워 하다 지친후에 추억의 꽃은 시들어도 눈물속에 흐르는 아름다웠던 사랑 영원히 잊지못해  멀리 떠나는 내 모습 보이긴 마음 아파 잠든 너에게 보내는 하얀 미소 아침안개처럼 뿌연 슬픔이 자꾸 밀려오는데 이젠 떠나야만 하나 잃어버린 사람을 그리워 하다 지친후에 추억의 꽃은 시들어도 눈물속에 흐르는 아름다웠던 사랑 영원히 잊지못해 잃어버린 사람을 그리워 하다 지친후에 추억의 꽃은 시들어도 눈물속에 흐르는 아름다웠던 사랑 영원히 잊지못해 그대여 그런 슬픈 이별은 싫어요 헤어짐이 이별은 아니야
1991.10.06~10.12,48,1052091,벌거벗은 내모습,김태형,김태형,1991.02.10,Ballad,,아마 너는 내 마음 몰랐을꺼야 그 얼마나 사랑을 했는지 나는 너의 모든걸 잊지 않았지 떠나가던 그 순간도 그렇게도 내 곁을 떠나고 싶어 바보처럼 눈물을 흘렸나 이별보다 더 아픈 추억이기에 나는 너를 잊을 수 없어 이 세상이 너무나 넓고 넓어서 우린 다시 만날 순 없겠지만~~ 다시 사랑한다면 너를 만나고 싶어 이제는 느낄 수 있어 유리창에 저 마네킹처럼 표정없는 내 모습을 보며 끝나지 않는 나의 사랑을 알았어 유리창에 저 마네킹처럼 벌거벗은 내 모습을 보며 버릴 수 없는 나의 사랑을 알았어  이 세상이 너무나 넓고 넓어서 우린 다시 만날 순 없겠지만~~ 다시 사랑한다면 너를 만나고 싶어 이제는 느낄 수 있어 유리창에 저 마네킹처럼 표정없는 내 모습을 보며 끝나지 않는 나의 사랑을 알았어 유리창에 저 마네킹처럼 벌거벗은 내 모습을 보며 버릴 수 없는 나의 사랑을 알았어
1991.10.06~10.12,49,49003,"자, 이제 웃어봐",조하문,조하문 3집,1992.06.01,Ballad,조하문,나는 여기에 너는 어디에 무슨 생각을 하고 있는지 메마른 표정 야윈 네 모습 어떤 말들이 널 그리 만드니 나는 너에게 또 다른 나를 본다 나도 예전엔 이런 웃음 몰랐었어 자 이제 웃어봐 나를 쳐다봐 아무 생각도 소용없잖아 자 이제 뛰어봐 나를 따라와 아무 걱정도 소용없잖아 너에게  표정도 없이 메마른 웃음 어떤 말들이 넌 하고싶으니 나는 너에게 또 다른 나를 본다 나도 예전엔 이런 웃음 몰랐었어 자 이제 웃어봐 나를 쳐다봐 아무 생각도 소용없잖아 자 이제 뛰어봐 나를 따라와 아무 걱정도 소용없잖아
1991.10.06~10.12,50,69663,너를 사랑하고도,전유나,너를 사랑하고도/사진속의 그대는,1996.05.01,Ballad,김진룡,너를 사랑하고도 늘 외로운 나는  가눌 수 없는 슬픔에 목이 메이고 어두운 방구석에 꼬마인형처럼  멍한 눈 들어 창 밖을 바라만 보네 너를 처음 보았던 그 느낌 그대로  내 가슴속에 머물길 원했었지만 서로 다른 사랑을 꿈꾸었었기에  난 너의 마음 가까이 갈수 없었네 저 산하 늘 노을은 항상 나의 창에  붉은 입술을 부딪쳐서 검게 멍들고  멀어지는 그대와 나의 슬픈 사랑은  초라한 모습 감추며 돌아서는데  이젠 더이상 슬픔은 없어 너의 마음을 이제 난 알아  사랑했다는 그말 난 싫어  마지막 까지 웃음을 보여줘  저 산하늘 노을은 항상 나의 창에  붉은 입술을 부딪혀서 검게 멍들고  멀어지는 그대와 나의 슬픈 사랑은  초라한 모습 감추며 돌아서는데  이젠 더이상 슬픔은 없어 너의 마음을 이제 난 알아  사랑했다는 그말 난 싫어  마지막 까지 웃음을 보여줘 이젠 더이상 슬픔은 없어 너의 마음을 이제 난 알아  사랑했다는 그말 난 싫어  마지막 까지 웃음을 보여줘
