time,rank,song_id,title,singers,album,date,genre,creator,lyric
1990.11.11~11.17,1,1878281,보고싶은 얼굴,민해경,Jump `90,1990.12.30,Ballad,이주호,내사랑 어디 쯤에 있나  밤은 더 외로워만지고  눈으로 주고받던 말이  손으로 느껴지는데    수없이 많은 밤은 가고  마음은 그대 향해 있어  서글퍼 눈물이 흘러도  보고싶은 얼굴    메마른 가슴 끌어안고  정들은 사람 그리면서  혼자서 지새우는 밤에  보고싶은 사람    내사랑 어디 쯤에 있나  밤은 더 외로워만지고  눈으로 주고 받던 말이  손으로 느껴지는데    수없이 많은 밤은 가고  마음은 그대 향해 있어  서글퍼 눈물이 흘러도  보고싶은 얼굴    메마른 가슴 끌어안고  정들은 사람 그리면서  혼자서 지새우는 밤에  보고싶은 사람    랄라라 라라라라 라라  랄라라 라라라라 라라    혼자서 지새우는 밤에  보고싶은 사람    수없이 많은밤은 가고  마음은 그대향해 있어  서글퍼 눈물이 흘러도  보고싶은 얼굴
1990.11.11~11.17,2,3403849,나만의 것,김완선,삐에로는 우릴 보고 웃지,1990.12.01,Ballad,김순곤,그래 처음부터 이 세상에는 나만의 것이 없었던 거야
1990.11.11~11.17,3,2183426,자꾸 서성이게 돼,박학기,박학기 Vol II,1990.09,Ballad,김현철,언제라도 다시 느낄 수 있다면 그 숨결에 내 가슴은 멈출 것 같아 그대에게 그대에게 그대에게 다시 전할 수 있다면 감출 수 없는 내 가슴은 말하고파 자꾸 서성이게 돼 한번쯤 하는 생각에 나도 몰래 숨길 수 없는 니 생각에 오 자꾸 서성이게 돼  그대에게 그대에게 그대에게 다시 전할 수 있다면 감출 수 없는 내 가슴을 말하고파 자꾸 서성이게 돼 한번쯤 하는 생각에 나도 몰래  오오오오오 자꾸 서성이게 돼 한번쯤 하는 생각에 나도 몰래 숨길 수 없는 니 생각에 오오오오 자꾸 서성이게 돼
1990.11.11~11.17,5,65728,당신은 어디 있나요,양수경,양수경 골든,1992,Ballad,김범룡,그래요 말을 해 봐요 나는 알고 있어요 어젯 밤에 그 맹세가 무엇을 말 하는지 그래요 떠나갈게요  당신이 원하신다면 한 번 가면 그 뿐이에요 이대로 떠나겠어요 아하 내가 외로울 땐 날 위로 해주던 아 그런 당신은 당신은 어디 있나요 마음대로 왔다가 마음대로 그렇게 그렇게 가시나요 말 해봐요 말 해봐요 사랑이 죄 인가요 그래요 말을 해 봐요 나는 알고 있어요 어젯 밤에 그 맹세가 무엇을 말 하는지 그래요 떠나갈게요  당신이 원하신다면 한 번 가면 그 뿐이에요 이대로 떠나겠어요 아하 내가 외로울 땐 날 위로 해주던 아 그런 당신은 당신은 어디 있나요 마음대로 왔다가 마음대로 그렇게 그렇게 가시나요 말해봐요 말해봐요 사랑이 죄인가요 마음대로 왔다가 마음대로 그렇게 그렇게 가시나요 말 해봐요 말 해봐요 사랑이 죄 인가요
1990.11.11~11.17,6,90374,착각,11월,11월,1990,"Rock,Ballad",김효국,봄이 오려면 아직도 멀었는데 꽃이 보고 싶다면 나의 지나친 착각일까 가을이 오려면 아직도 멀었는데 낙엽이 보고 싶다면 나의 지나친 착각일까 기다려야 하지만 꾹 참아야 하지만 난 보고 싶은데 빨리 보고 싶은데 아무리 착각은 자유라지만 아무리 착각은 이유 없다지만 난 너무 심했어 난 너무 심했어 우 나의 지나친 착각이야 우 나의 지나친 착각이야  날이 새려면 아직도 멀었는데 해가 보고 싶다면 나의 지나친 착각일까 어두워지려면 아직도 멀었는데 별이 보고 싶다면 나의 지나친 착각일까 기다려야 하지만 꾹 참아야 하지만 난 보고 싶은데 빨리 보고 싶은데 아무리 착각은 자유라지만 아무리 착각은 이유 없다지만 난 너무 심했어 난 너무 심했어 우 나의 지나친 착각이야 우 나의 지나친 착각이야
1990.11.11~11.17,7,53586,슬픈 표정 하지 말아요,신해철,슬픈 표정 하지 말아요,1990.05.01,Rock,신해철,이 세상 살아가는 이 짧은순간에도 우린 얼마나 서로를 아쉬워 하는지 뒤돌아 바라보면 우린 아주 먼길을 걸어 왔네 조금은 야위어진 그대의 얼굴모습  빗길속을 걸어가며 가슴 아팠네 얼마나 아파해야  우리 작은 소원 이뤄질까 그런 슬픈표정 하지 말아요  난 포기 하지 않아요 그대도 우리들의 만남에 후횐없겠죠 어렵고 또 험한길을 걸어도 나는 그대를 사랑해요  조금은 야위어진 그대의 얼굴모습  빗길속을 걸어가며 가슴 아팠네 얼마나 아파해야  우리 작은 소원 이뤄질까 그런 슬픈표정 하지 말아요  난 포기 하지 않아요 그대도 우리들의 만남에 후횐없겠죠 어렵고 또 험한길을 걸어도 나는 그대를 사랑해요
1990.11.11~11.17,8,64942,추억의 책장을 넘기면,이선희,추억의 책장을 넘기면,1990.08.20,Ballad,송시현,가물거리는
1990.11.11~11.17,9,55327,계절이 음악처럼 흐를때,권인하,마르지 않을 슬픔이 이내가슴 가득히,1992.12,Ballad,강인원,너의 말없는 눈빛과 거리에 젖어드는 어둠 사랑하면서도 항상 외로워하듯 햇볕 따스해도 늘 추워만 했던 우린 정말 오랜 시간을 함께 했지 계절이 음악처럼 흐르는 동안  네가 떠나버린 그 거리 어디서나 내 가슴은 여미도록 아팠어 두 번 다시 볼 수 없는 너를 생각하며 흐르는 눈물 감출 수 없어  네가 떠나버린 이 거리 어디서나 내 가슴은 여미도록 아팠어 두 번 다시 볼 수 없는 너를 생각하며 흐르는 눈물 감출 수 없어  이미 가버렸어도 항상 곁에 있는 듯 하지만 이젠 안녕 안녕
1990.11.11~11.17,10,1839752,이 밤이 지나도록,푸른하늘,푸른하늘 3집 - 이 밤이 지나도록,1990.11.01,Ballad,유영석,아무말도 난 하지 못했어 놓인 커피잔만 바라보았지 그대 내게 무슨 말 하려 하는지 이미 나는 알고 있다는걸 넌 아니 이렇게 난 될 줄 알았지 하지만 네가 무작정 좋았어 어두워져만 가던 나의 마음에 꿈에 젖은 너의 눈을 담았어 그러나 이제는 우리 서로가 다른 길을 가야 하겠지 작은 기쁨 있어도 괜히 들뜨고 작은 슬픔에도 쓰려하던 넌 어디로 가야만 하는 거니 이밤이 다 지나도록 가야만 하는 거니 너만을 생각해 너의 모습 보고파 꿈에서 만날 수 있는 너의 모습 보고파 밤만을 기다리는데 너는 왜  이제는 우리 서로가 다른 길을 가야 하겠지 작은 기쁨 있어도 괜히 들뜨고 작은 슬픔에도 쓰려하던 넌 어디로 가야만 하는 거니 이밤이 다 지나도록 가야만 하는 거니 너만을 생각해 너의 모습 보고파 꿈에서 만날 수 있는 너의 모습 보고파 밤만을 기다리는데 너는 내곁을 떠나 어느 곳에서 같은 별을 바라보는지 이밤 지나도록 이밤 지나도록 같은 하늘 아래 있는 것으론 남은 그리움 지울 수가 없어 하지만 어쩔 수 없잖아 추억 아름답게 간직할 수밖엔 너의 모습 보고파 이밤이 다 지나도록 너의 모습 보고파 너만을 생각해 너의 모습 보고파 꿈에서 만날수 있는 너의 모습 보고파 밤만을 기다리는데 너의 모습 보고파 이밤이 다 지나도록 너의 모습 보고파 너만을 생각해 너의 모습 보고파 꿈에서 만날수 있는 너의 모습 보고파 밤만을 기다리는데
1990.11.11~11.17,11,58173,그대가 나에게,이승철,"노을, 그리고 나/Ballerina-Girl",1990.09.01,Ballad,도윤경,나의 어깨를 두드리면서 한없이 먼 길을 가라했지 그길은 너무 먼곳이기에 멍하니 그대 눈만 보았어  그대가 나에게 숨겨왔던 맘 날 위해 떠나보내리라고 나 몰래 흘려 왔었던 눈물 아직도 그댈 울리고 있어 그대가 나에게 말해왔던 얘기 내게는 중요하지 않았어 이렇게 나를 떠나 보내기 위한 얘긴줄 몰랐던 거야 나의 어깨를 두드리면서 한없이 먼 길을 가라했지 그길은 너무 먼곳이기에 멍하니 그대 눈만 보았어  그대가 나에게 말해왔던 얘기 내게는 중요하지 않았어 이렇게 나를 떠나 보내기 위한 얘긴줄 몰랐던 거야 그대가 나에게 숨겨왔던 맘 날 위해 떠나 보내리라고 나 몰래 흘려 왔었던 눈물 아직도 그댈 울리고 있어
1990.11.11~11.17,12,53616,입영열차안에서,김민우,사랑일뿐야,1990.02.10,Ballad,,어색해진 짧은 머리를 보여주긴 싫었어 손 흔드는 사람들 속에 그댈 남겨 두기 싫어 삼년이라는 시간 동안 그대 나를 잊을까 기다리지 말라고 한건 미안했기 때문이야 그곳의 생활들이 낯설고 힘들어 그대를 그리워 하기 전에 잠들지도 모르지만 어느날 그대 편질 받는다면 며칠동안 나는 잠도 못 자겠지 이런 생각만으로 눈물 떨구네 내 손에 꼭 쥔 그대 사진위로  삼년이라는 시간 동안 그대 나를 잊을까 기다리지 말라고 한건 미안했기 때문이야 그곳의 생활들은 낯설고 힘들어 그대를 그리워 하기 전에 잠들지도 모르지만 어느날 그대 편질 받는다면 며칠동안 나는 잠도 못 자겠지 이런 생각만으로 눈물 떨구네 내 손에 꼭 쥔 그대 사진위로 이런 생각만으로 눈물 떨구네 내 손에 꼭 쥔 그대 사진위로
1990.11.11~11.17,13,48926,보라빛 향기,강수지,보라빛 향기,1990.04,Dance,강수지,그대 모습은 보라빛처럼  살며시 다가왔지  예쁜 두 눈에 향기가 어려  잊을 수가 없었네  언제나 우리 웃을 수 있는  아름다운 얘기들을 만들어 가요  외로움이 다가와도  그대 슬퍼 하지마  답답한 내 맘이 더 아파오잖아  길을 걷다 마주치는  많은 사람들 중에  그대 나에게  사랑을 건네준 사람  그대 모습은 보라빛처럼  살며시 다가왔지  예쁜 두 눈에 향기가 어려  잊을 수가 없었네  언제나 우리 웃을 수 있는  아름다운 얘기들을 만들어 가요  외로움이 다가와도  그대 슬퍼 하지마  답답한 내 맘이 더 아파오잖아  길을 걷다 마주치는  많은 사람들 중에  그대 나에게 사랑을 건네준 사람
1990.11.11~11.17,14,51431,그녀를 만나는 곳 100M 전,이상우,나만의 그대/그녀를 만나는 곳 100M전/그 언젠가처럼,1991,Ballad,노영심,그녀를 만나는 곳 100M 전  저기 보이는 노란 찻집 오늘은 그녈 세번째 만나는 날 마음은 그곳을 달려가고 있지만 가슴이 떨려오네 새로 산 구두가 어색해 자꾸 쇼윈도에 날 비춰봐도 멀쓱한 내 모습이 더 못 마땅한 그녀를 만나는 곳 100m전 장미꽃 한송이를 안겨줄까 무슨말을 어떻게 할까 머리속에 가득한 그녀 모습이 조금씩 내게 다가오는 것 같아 하늘에 구름이 솜사탕이 아닐까 어디 한번 뛰어 올라 볼까 오늘은 그녀에게 고백을 해야지 용기를 내야지  벌써 날 기다리진 않을까 아직 15분이나 남았는데 어제밤에 맞춰 논 내 시계 바늘이 잠든게 아닐까 살살 넘겨빗은 머리가 바람에 날려 흩어지진 않을까 오늘따라 이 길이 더 멀어보이네 그녀를 만나는 곳 100m전 장미꽃 한송이를 안겨줄까 무슨말을 어떻게 할까 머리속에 가득한 그녀 모습이 조금씩 내게 다가오는 것 같아 하늘에 구름이 솜사탕이 아닐까 어디 한번 뛰어 올라 볼까 오늘은 그녀에게 고백을 해야지 용기를 내야지 나나나 나나 나나나나 나나 나나나 나나 나나나나 나나 머리속에 가득한 그녀 모습이 조금씩 내게 다가오는 것 같아 하늘에 구름이 솜사탕이 아닐까 어디 한번 뛰어 올라 볼까 오늘은 그녀에게 고백을 해야지 용기를 내야지 용기를 내야지
1990.11.11~11.17,15,53591,안녕,신해철,슬픈 표정 하지 말아요,1990.05.01,Rock,신해철,선물가게의 포장지 처럼   예쁘게 꾸민 미소만으로   모두 반할거라 생각해도   그건 단지 착각일 뿐이야   부드러운 손길 달콤한 속삭임   내가 원한 것은   그것만은 아니었지   내가 사랑한건 당신이 아니야   내 환상일 뿐   난 이제 더이상   당신을 원하지 않아   난 이제 더이상   눈물을 흘리긴 싫어  난 이제 더이상  당신을 원하지 않아  난 이제 더이상  거짓을 말할 수 없어  Many guys are always   turning your round   I'm so tired of   their terrible sound   Darling you're so cool to me   and I was a fool for you   You didn't want a flower   you wanted honey   You didn't want a lover  You wanted money  You've been telling a lie   I just wanna say Goodbye   부드러운 손길   달콤한 속삭임   내가 원한 것은   그것만은 아니었지   내가 사랑한건 당신이 아니야   내 환상일 뿐   난 이제 더이상   당신을 원하지 않아   난 이제 더이상   눈물을 흘리긴 싫어   난 이제 더이상   당신을 원하지 않아   난 이제 더이상   거짓을 말할 수 없어  나나나 나나나 나나나 나나나 나나 그건 단지 착각일 뿐이야 예쁘게 꾸민 미소만으로
1990.11.11~11.17,16,1708676,남겨진 시간을 위하여,장혜리,남겨진 시간을 위하여 / 그대 돌아오는 날엔,1990.07.03,Ballad,안진우,나는 이대로 머물고 싶은데 시간은 자꾸만 흘러가고  이제는 어디로 가야하는지 아직은 알수 없어도  저 강물처럼 흘러가는 대로 그냥 살아가야 하는걸까  나에게 남겨진 모든 추억도 흘러가는 시간속에서  잊혀지네 내가 지나온 그 많은 기억속에서 나는 무엇을 찾아 이렇게 헤매고 있나 이젠 내게 남겨진 그 모든 시간속에서 나의 길을 찾아 떠나가야 하나  저 강물처럼 흘러가는대로 그냥 살아가야 하는걸까  나에게 남겨진 모든 추억도 흘러가는 시간속에서  잊혀지네 내가 지나온 그 많은 기억속에서 나는 무엇을 찾아 이렇게 헤매고 있나 이젠 내게 남겨진 그 모든 시간속에서 나의 길을 찾아 떠나가야 하나  지금 내가 지나온 그 많은 기억속에서 나는 무엇을 찾아 이렇게 헤매고 있나 이젠 내게 남겨진 그 모든 시간속에서 나의 길을 찾아 떠나가야 하나
1990.11.11~11.17,17,51503,샴푸의 요정,빛과소금,빛과 소금,1990.03.01,Rock,장기호,네모난 화면 헤치며 살며시 다가와 은빛의 환상 심어준 그녀는 나만의 작은 요정 이른 아침안개처럼 내게로 다가와 너울거리는 긴 머리 부드런 미소로 속삭이네 그녀만 보면 외롭지 않아 슬픈 마음도 멀리 사라져 그녀는 나의 샴푸의 요정 이제는 너를 사랑할거야 이른 아침안개처럼 내게로 다가와 너울거리는 긴 머리 부드런 미소로 속삭이네 그녀만 보면 외롭지 않아 슬픈 마음도 멀리 사라져 그녀는 나의 샴푸의 요정 이제는 너를 사랑할거야 멀리서 나 홀로 바라보던 그녀는 언제나 나의 꿈 그녀만 보면 외롭지 않아 슬픈 마음도 멀리 사라져 그녀는 나의 샴푸의 요정 이제는 너를 사랑할꺼야
1990.11.11~11.17,18,52443,로라,변진섭,너에게로 또 다시,1989.10.25,Ballad,지예,세상 누구도 알수 없는 곳에  야윈 얼굴로 떠나간 너  젖은 눈으로 내손 잡으며  모두 잊으라 했지  너의 따뜻한 미소가  자꾸만 눈앞에 아른거려  언제나 내가 없으면  슬퍼진다고 말하던 너  로라 로라  나의 슬픈 로라  나없이 너혼자서  그 얼마나 외롭겠니  로라 로라  나의 사랑 로라  이별없는 곳에서  너를 다시 만날꺼야  로라  너의 따뜻한 미소가 자꾸만 눈앞에 아른거려 언제나 내가 없으면 슬퍼진다고 말하던 너 로라 로라 나의 슬픈 로라 나없이 너혼자서 그 얼마나 외롭겠니 로라 로라 나의 사랑 로라 이별없는 곳에서 너를 다시 만날꺼야 로라
1990.11.11~11.17,19,531483,텅 빈 마음,이승환,B.C 603,1989.10.15,Ballad,류화지,미련없이 그대를 떠나 보낸 내 마음 속이 오늘은 왜 이리 허전할까요 알 수 없어요 아침에 문득 눈 뜨고 바라보니 눈부신 햇살 내 곁에 잠든 건 지나간 추억 너무 허탈해 그대 그 미소 그때 그 마음 되살아나서 날 부르네 두근거리는 내 작은 맘으로 붙잡을 수는 없지만  아침에 문득 눈 뜨고 바라보니 눈부신 햇살 내 곁에 잠든 건 지나간 추억 너무 허탈해 그대 그 미소 그때 그 마음 되살아나서 날 부르네 난 너를 느끼네 내 텅 빈 마음속 그대 그 미소 그때 그 마음 되살아나서 날 부르네 난 너를 느끼네 내 텅 빈 마음속
1990.11.11~11.17,20,54884,음악은 흐르고,조동진,조동진 Vol. 4.,1990.08.01,Folk,조동진,음악은 물처럼 흐르고  멀리 돌아서 온 강물처럼 흐르고  너의 작은 어깨 너머로 보이는 저녁 노을   너의 오랜 침묵 사이로 멀고 먼 여행 이야기  네가 나보다 더  아픈 가슴을 가졌을 줄  난 몰랐네   어둠은 창가에 쌓이고  내가 버렸었던 기억처럼 쌓이고  너의 맑은 거울 속으로 숨겨진 오랜 꿈  너의 푸른 옷깃 사이로 들리는 먼 바람소리  네가 나보다 더  어려운 날을 보냈을 줄  난 몰랐네  네가 나보다 더  아픈 가슴을 가졌을 줄  난 몰랐네
1990.11.11~11.17,21,2183452,너를 잊겠다는 생각은,최진영,최진영 1,1990.06.15,Ballad,지예,늦은 잠에서 깨어 멀리 창밖을 보면 바삐 움직이는 사람들 입술을 내밀면서 내 어께에 기대어 앉아 미소짓던 그 얼굴 나의 무심함 속에 그냥 흩어져 있는 길고 작은 담배 조각들 며칠 내 오던 비는 그쳤는지 아무 소리도 없네 추억속에 너는 항상 나를 찾아 헤메이고 나의 오늘은 너를 찾아 헤메이네 이젠 너를 잊겠다는 그러한 생각은 버리기로 했네  나의 무심함 속에 그냥 흩어져 있는 길고 작은 담배 조각들 며칠 내 오던 비는 그쳤는지 아무 소리도 없네 추억속에 너는 항상 나를 찾아 헤메이고 나의 오늘은 너를 찾아 헤메이네 이젠 너를 잊겠다는 그러한 생각은 버리기로 했네  이젠 너를 잊겠다는 그러한 생각은 버리기로 했네
1990.11.11~11.17,22,664262,찬바람이 불면,김지연,김지연 1집,1990.01.25,Ballad,김성호,찬바람이 불면 내가 떠난줄 아세요 스쳐가는 바람 뒤로 그리움만 남긴 채 낙엽이 지면 내가 떠난 줄 아세요 떨어지는 낙엽 위엔 추억만이 남아 있겠죠 한 때는 내 어린 마음 흔들어 주던 그대의 따뜻한 눈빛이 그렇게도 차가웁게 변해 버린 건 계절이 바뀌는 탓일까요  찬바람이 불면 그댄 외로워 지겠죠 그렇지만 이젠 다시 나를 생각하지 말아요  한때는 내 어린 마음 흔들어 주던 그대의 따뜻한 눈빛이 그렇게도 차가웁게 변해 버린건 계절이 바뀌는 탓일까요  찬바람이 불면 그댄 외로워 지겠죠 그렇지만 이젠 다시 나를 생각하지 말아요 그렇지만 이젠 다시 나를 생각하지 말아요
1990.11.11~11.17,23,51590,거울이 되어,최용준,아마도 그건,1990.12,Rock,도윤경,나를 향해 울어버리는 까닭은 뭔가요 당신의 눈물을 비추는 것은 내게는 커다란 슬픔인 것을 나를 보며 한숨을 짓는 까닭은 뭔가요 당신의 아픔을 비출바에야 이대로 깨어져 버리고 싶소 당신의 미소와 당신의 사랑을 비추리라 난 생각 했는데 당신은 웃음을 지어줄수는 없나요 내마음이 아프잖아요  나를 향해 울어버리는 까닭은 뭔가요 당신의 눈물을 비추는 것은 내게는 커다란 슬픔인 것을 당신의 미소와 당신의 사랑을 비추리라 난 생각했는데 당신은 웃음을 지어줄수는 없나요 내마음이 아프잖아요 나는 영원한 당신만의 거울이 되어
1990.11.11~11.17,24,180882,아침,VariousArtists,겨레의 노래,1990.11.01,Folk,,
1990.11.11~11.17,25,842539,소중한 너 (Duet With 조규찬),박선주(PakSunZoo),하루 이틀 그리고...,1990.02.25,Ballad,조규찬,"나나나나~ 나나나나~ 너무나 투명한  너의 하얀 미소에 나는 사랑을 느꼈어. 너의 하얀 뺨에  눈물 흐를 때에 나는 네게 사랑을 주고 싶었어. 너의 모습 그릴 때마다 넌 항상 내게 웃음 주었지. 네 마음을 사랑하고 싶은 거야. 워워허 나의 마음 너에게만 주고 싶어. 소중한 널 잊을 수는 없을 거야. 워워워허 언제까지나 나의 마음 너만을 그릴 때 내 사랑아. 나나나나~ 나나나나~   너무나 가득한  너의 슬픈 향기에 나는 사랑을 느꼈어. 너의 뒷모습이  슬퍼보일 때에 나는 네게 사랑을 주고 싶었어. 너의 향기 그릴 때마다 넌항상 내게 눈물 주었지. 네 마음을 사랑하고 싶은 거야. 워워허 나의 마음 너에게만 주고 싶어. 소중한 널 잊을 수는 없을 거야. 워워워허 언제까지나 나의 마음 너만을 그릴 때 네 마음을 사랑하고 싶은 거야. 워워허 나의 마음 너에게만 주고 싶어. 소중한 널 잊을 수는 없을 거야, 워워워허 언제까지나 나의 마음 너만을 그릴 때 내 사랑아. 나나나나~ 나나나나~ 나나나나~ 나나나나~"
1990.11.11~11.17,26,1080357,외면,이치현,이치현 Vol.1,1990.05.30,Ballad,,
1990.11.11~11.17,27,69663,너를 사랑하고도,전유나,너를 사랑하고도/사진속의 그대는,1996.05.01,Ballad,김진룡,너를 사랑하고도 늘 외로운 나는  가눌 수 없는 슬픔에 목이 메이고 어두운 방구석에 꼬마인형처럼  멍한 눈 들어 창 밖을 바라만 보네 너를 처음 보았던 그 느낌 그대로  내 가슴속에 머물길 원했었지만 서로 다른 사랑을 꿈꾸었었기에  난 너의 마음 가까이 갈수 없었네 저 산하 늘 노을은 항상 나의 창에  붉은 입술을 부딪쳐서 검게 멍들고  멀어지는 그대와 나의 슬픈 사랑은  초라한 모습 감추며 돌아서는데  이젠 더이상 슬픔은 없어 너의 마음을 이제 난 알아  사랑했다는 그말 난 싫어  마지막 까지 웃음을 보여줘  저 산하늘 노을은 항상 나의 창에  붉은 입술을 부딪혀서 검게 멍들고  멀어지는 그대와 나의 슬픈 사랑은  초라한 모습 감추며 돌아서는데  이젠 더이상 슬픔은 없어 너의 마음을 이제 난 알아  사랑했다는 그말 난 싫어  마지막 까지 웃음을 보여줘 이젠 더이상 슬픔은 없어 너의 마음을 이제 난 알아  사랑했다는 그말 난 싫어  마지막 까지 웃음을 보여줘
1990.11.11~11.17,28,1104910,내 품에 안기어,봄여름가을겨울,나의 아름다운 노래가 당신의 마음을 깨끗하게 할 수 있다면,1989.10.01,Ballad,김종진,바람 부는 계절에는 창문가에 낙엽이 지난 추억들처럼 흔들리는 마음을 스치고 지나네  비가 오는 날이면 창밖을 바라보며 행여 내님 오실까 우산 아래 얼굴을 그려보네 그 아름다웠던 지난 날 기억 그저 아름다웠던 그리운 추억뿐일까 내가 가면 다시 한번 미소 담뿍 눈에 머금고 내가 가면 다시 한번 반겨 맞아 줄수 있을까 내품에 안기어  비가 오는 날이면 창밖을 바라보며 행여 내님 오실까 우산 아래 얼굴을 그려보네 그 아름다웠던 지난 날 기억 그저 아름다웠던 그리운 추억뿐일까 내가 가면 다시 한번 미소 담뿍 눈에 머금고 내가 가면 다시 한번 반겨 맞아 줄 수 있을까 내품에 안기어 다시 한번 미소 담뿍 눈에 머금고 내가 가면 다시 한번 반겨 맞아 줄 수 있을까 내품에 안기어
1990.11.11~11.17,29,1052744,엔젤리나,김상아,김상아 2,1990.06,Ballad,,
1990.11.11~11.17,30,60966,나는 외로움 그대는 그리움,박영미,박영미,1990,Ballad,김성호,나는 외로움 나는 떠도는 구름 나는 끝없는 바다 위를 방황하는 배 그댄 그리움 그댄 고독한 등대 그댄 저 높은 밤하늘에 혼자 떠있는 별 사랑하고 싶지만 그대는 아무것도 원하지 않았어 그것이 내 마음을 아프게해 가까이 가면 갈수록 자꾸만 멀어지는 당신의 모습을 바라보며 눈물만 흘리네 나는 외로움 그댄 고독한 등대 그댄 끝없는 동경 속에 나를 잠들게해  나는 외로움 나는 떠도는 구름 나는 끝없는 바다 위를 방황하는 배 그댄 그리움 그댄 고독한 등대 그댄 저 높은 밤하늘에 혼자 떠있는 별 사랑하고 싶지만 그대는 아무것도 원하지 않았어 그것이 내 마음을 아프게해 가까이 가면 갈수록 자꾸만 멀어지는 당신의 모습을 바라보며 눈물만 흘리네 나는 외로움 그댄 고독한 등대 그댄 끝없는 동경 속에 나를 잠들게해 그댄 끝없는 동경속에 나를 잠들게해
1990.11.11~11.17,31,2959982,사랑으로 가는 길,VariousArtists,사랑으로 가는 길,1990.08,Ballad,,
1990.11.11~11.17,32,53535,한 여름의 크리스마스,이정현,이정현 Ⅱ,1990,Ballad,,부서지는 파도소리 새하얀 갈매기 바닷 바람 내 가슴을 할퀴던 한 여름의 크리스마스 그 기억의 조각들 어디에 있다 해도 내 마음은 그대와 영원히 해질무렵 맨 처음 가로등 켜질때에 어둠의 거리를 나서면 시간은 멈추고 지지 않는 저 석양은 대답없는 나를 쳐다볼뿐 그대 나의 사랑 이젠 모두 잊어버렸나 꿈속에서 그려보는 오직 두 사람만의 크리스마스 오 너를 잃어버린 나의 두 눈에도 언젠가는 눈물이 마르겠지 울고 싶게 빛나는 모래위의 발자욱 가만히 두눈을 감으면 메아리 되어서 들려오는 그 목소리 뭉게 구름처럼 사라질뿐 그대 나의 사랑 이젠 모두 잊어버렸나 꿈속에서 그려보는 오직 두 사람만의 크리스마스 오 너를 잃어버린 나의 두 눈에도 언젠가는 눈물이 마르겠지  깊은 바다를 보며 감싸안은 어깨 사라져간 슬픈 기적소리 부서지는 파도 소리 새 하얀 갈매기 바닷 바람 내 가슴을 할퀴던 한 여름의 크리스마스 그 기억의 조각들 어디에 있다 해도 내 마음은 그대와 영원히
1990.11.11~11.17,33,60956,한번만 더,박성신,한번만 더/만남 이후,1989.11.30,Ballad,전상진,멀어지는 나의 뒷모습을 보면은 떨어지는 눈물 참을수가 없다고 그냥 돌아서서 외면하는 그대의 초라한 어깨가 슬퍼 이젠 다시 볼수 없을거란 인사에 나의 눈에 고인 눈물 방울 흐르고 그대 돌아서서 외면하고 있지만 흐르는 눈물을 알아 이렇게 쉽게 끝나는 건가 이것이 우리의 마지막 모습인가 헤이 한번만 나의 눈을 바라봐 그대의 눈빛 기억이 안나 이렇게 애원하잖아 헤이 조금만 내게 가까이 와봐 그대의 숨결 들리지 않아 마지막 한번만 더 그대의 가슴에 안기고 싶어  이뤄질수 없는 사랑이라 느껴도 헤어져야 하는 사랑인줄 몰랐어 그대 돌아서서 외면하는 이유를 말하여 줄수는 없나 이렇게 쉽게 끝나는 건가 이것이 우리의 마지막 모습인가 헤이 한번만 나의 눈을 바라봐 그대의 눈빛 기억이 안나 이렇게 애원하잖아 헤이 조금만 내게 가까이 와봐 그대의 숨결 들리지 않아 마지막 한번만 더 그대 곁에 잠이 들고 싶어 헤이 한번만 나의 눈을 바라봐 그대의 눈빛 기억이 안나 이렇게 애원하잖아
1990.11.11~11.17,34,51994,첫사랑,엄인호,Sings The Blues,1990.09.25,Rock,박동율,그 사람은 떠났네 나 홀로 외로워지네 내 마음 울리고 떠났네 나 홀로 한숨만 쉬네 이제는 가버린 못 잊을 내 사랑 눈물도 한숨도 소용이 없어요 허전한 가슴에 그리움만 쌓이네 밤마다 꿈마다 첫사랑은 아름다워라 첫사랑 예  내 사랑도 떠나네 그래 왠지 허전해지네 텅 빈 내 마음 속에는 그래 왠지 찬바람부네 이제는 가버린 못 잊을 내 사랑 눈물도 한숨도 소용이 없어요 허전한 가슴에 그리움만 쌓이네 밤마다 꿈마다 첫사랑은 아름다워라 첫사랑 예 잊지 못할   이제는 가버린 못 잊을 내 사랑 눈물도 한숨도 소용이 없어요 허전한 가슴에 그리움만 쌓이네 밤마다 꿈마다 첫사랑은 아름다워라 첫사랑 예 잊지 못할 첫사랑
1990.11.11~11.17,35,664261,계절이 끝나갈 무렵,김지연,김지연 1집,1990.01.25,Ballad,전상진,계절이 시작될 무렵 구겨진 레인코트 깃을 펴고 잔뜩 흐린 하늘 한참 바라보며 창가를 서성거리지 계절이 끝나갈 무렵 촉촉히 젖은 창가 모서리에 짙은 향수 방울 떨어뜨리면서 햇살에 몸을 기대지 나의 조그만 창문을 두드리면서 다가왔던 나의 사랑은 떨어지는 꽃잎 싣고 떠나려하네 빗물되어 흐르네 사랑이 끝나갈 무렵 거울에 비친 나의 모습 보며 헤어지는 순간 아직이라 해도 이별을 연습해야지  계절이 끝나갈 무렵 촉촉히 젖은 창가 모서리에 짙은 향수 방울 떨어뜨리면서 햇살에 몸을 기대지 나의 조그만 창문을 두드리면서 다가왔던 나의 사랑은 떨어지는 꽃잎 싣고 떠나려하네 빗물되어 흐르네 사랑이 끝나갈 무렵 거울에 비친 나의 모습 보며 헤어지는 순간 아직이라 해도 이별을 연습해야지 헤어지는 순간 아직이라 해도 이별을 연습해야지
1990.11.11~11.17,36,53159,넋두리,김현식,넋두리,1990.03,Ballad,김현식,쓸쓸한 거리에 나 홀로 앉아서 바람의 떨리는 소리를 들었지  어디서 왔다가 어디로 가는지 설레이는 이 내 마음이여 꺼질 듯 타오는 거리의 네온을 내 품에 안고서 헤매고 있었지 멀리로 떠나는 내 님의 뒷모습 깨어진 꿈이었나 힘 없는 내 발길에 다가선 님의 모습 인생을 몰랐던 나의 길고 긴 세월 갈 테면 가라지 그렇게 힘이 들면 가다가 지치면 또 일어나겠지  쓸쓸한 거리에 나 홀로 앉아 바람의 떨리는 소리를 들었지 어디서 왔다가 어디로 가는지 설레이는 이 내 마음이여 꺼질 듯 타오는 거리의 네온을 내 품에 안고서 헤매고 있었지 멀리로 떠나는 내 님의 뒷모습 깨어진 꿈이었나 힘 없는 내 발길에 다가선 님의 모습 인생을 몰랐던 나의 길고 긴 세월 갈 테면 가라지 그렇게 힘이 들면 가다가 지치면 또 일어나겠지
1990.11.11~11.17,37,58161,소녀시대,이승철,이승철 Part 2,1989.12.10,Rock,송재준,날 아직 어리다고 말하던 얄미운 욕심쟁이가 오늘은 웬일인지 사랑해하며 키스해 주었네 얼굴은 빨개지고 놀란눈은 커다래지고 떨리는 내 입술은 파란 빛깔 파도 같아 너무 놀라버린 나는 아무말도 하지 못하고 화를 낼까 웃어버릴까 생각하다가 어리다고 놀리지 말아요 수줍어서 말도 못하고 어리다고 놀리지 말아요 스쳐가는 얘기 뿐인걸 날 아직 어리다고 말하던 얄미운 욕심쟁이가 오늘은 웬일인지 사랑해하며 키스해 주었네 너무 놀라버린 나는 아무말도 하지 못하고 화를 낼까 웃어버릴까 생각하다가 어리다고 놀리지 말아요 수줍어서 말도 못하고 어리다고 놀리지 말아요 스쳐가는 얘기 뿐인걸 어리다고 놀리지 말아요 수줍어서 말도 못하고 어리다고 놀리지 말아요 스쳐가는 얘기 뿐인걸 어리다고 놀리지 말아요 수줍어서 말도 못하고 어리다고 놀리지 말아요 스쳐가는 얘기 뿐인걸 어리다고 놀리지 말아요 수줍어서 말도 못하고 어리다고 놀리지 말아요 스쳐가는 얘기 뿐인걸
1990.11.11~11.17,38,53528,내일이 찾아오면,박정운,오석준/장필순/박정운,1990.05.15,Ballad,김성호,푸른바다 저 멀리서 나를 부르는 파도처럼 밀려오는 너의 모습이 메마른 나의 마음속에 살며시 다가오면 잃어버린 시간속에 나의 꿈들이 하나둘씩 기억속에 되살아나고 새로운 부푼 희망속에 가슴은 설레이네 행복이란 멀게만 느껴지지만 우리마음속에 있는걸 언젠가는 너에게 말해줄꺼야 내일이 찾아오면 너의 고운 두 손 가득히 나의 꿈을담아주고서 이대로의 너의 모습을 사랑하고 있다고 저기 멀리 보일것같은 우리만의 희망 찾아서 사랑스런 너의 꿈속에 언제나 달려가리  해가뜨면 불어오는 모래 바람에 이름모를 물새들의 날개짓소리 눈부신 여름 바닷가에 아침이 밝아오네 그림자만 남아있는 모습들 위로 먼하늘의 달빛하나 걸려갈때면 노을진 바다 가운데선 마음은 꿈을꾸네 사랑이란 낯설게 느껴지지만 마주보면 눈속에 있어 언젠가는 너에게 말해줄꺼야 내일이 찾아오면 너의 고운 두 손 가득히 나의 꿈을담아주고서 이대로의 너의 모습을 사랑하고 있다고 저기 멀리 보일것같은 우리만의 희망 찾아서 사랑스런 너의 꿈속에 언제나 달려가리
1990.11.11~11.17,39,1017153,슬픈 바다,조정현,그 아픔까지 사랑한거야,1989.06.15,Ballad,신재각,그대여 여기 바다가 보이고 많은 사람들은 한가지씩 좋은 추억에 바다를 더욱 아름답게 하지만 그대여 다시 돌아온 이 바닷가 그대 떠나간 조금은 슬픈 추억때문에 나만이 홀로 쓸쓸히 느껴지는가 슬픈 바다가 나를 멀리 하려 하지만 바다 저편 당신의 하얀 미소가 내게 떠나가 나를 잊은 미소라 해도 그대 내 다시 당신을 사랑할 수 있다면 그대 그리워 찾아올 수 있겠지 나의 슬픈 바다여 지쳐버린 내 마음 쉬어갈 수 있는곳 나의 슬픈 바다여  붉어진 노을 떠나는 사람들 어떤 생각들이 그들만의 사랑인건지 바다는 더욱 애잔하게 보이고 한번쯤 내게 미소라도 띄워줄 그대 얼굴이 조금은 슬픈 우리 사랑에 붉어진 바다 저편에 사라지는가 슬픈 바다가 나를 멀리 하려 하지만 바다 저편 당신의 하얀 미소가 내게 떠나가 나를 잊은 미소라 해도 그대 내 다시 당신을 사랑할 수 있다면 그대 그리워 찾아올 수 있겠지 나의 슬픈 바다여 지쳐버린 내 마음 쉬어갈 수 있는곳 나의 슬픈 바다여
1990.11.11~11.17,40,1092169,다시 한번,현당,현당 Best,1993.06.03,Adult Contemporary,장경수,사랑이 타기도전에 재만을 남기는 사람
1990.11.11~11.17,41,531488,기다린 날도 지워질 날도,이승환,B.C 603,1989.10.15,Ballad,오태호,기다린 날도 지워질 날도 다 그대를 위했던 시간인데  이렇게 멀어져만 가는 그댈 느끼며  더 이상 내게 무얼 바라나  수 많은 의미도 필요친 않아  그저 웃는 그대 모습 보고 싶은데  또 언제까지 그대를 그리워해 아무런 말도 못하고  지금 떠난다면 볼 수도 없는데  그대를 사랑한단 그말을 왜 못하나  원하는 그대 앞에서  모아논 시간도 이젠 없는데  기다린 날도 지워질 날도 다 그대를 위했던 시간인걸  이렇게 멀어져만 가는 그댈 떠나나   또 언제까지 그대를 그리워해 아무런 말도 못하고  지금 떠난다면 볼 수도 없는데  그대를 사랑한단 그 말을 왜 못하나  원하는 그대 앞에서  모아논 시간도 이젠 없는데  더 이상 내게 무얼 바라나  수 많은 의미도 필요친 않아  그저 웃는 그대 모습 보고 싶은데
1990.11.11~11.17,42,1080545,예정된 시간을 위하여,VariousArtists,장덕 추모앨범,1990.06,Ballad,장덕,나 이제는 너를 잊으려 하네 아직 못다한 사랑을 여기에 남긴 채 나 이제는 나의 길을 가야만 하네 아직 모르는 곳이지만 너를 두고 가려하네 수많은 별들이 가득한 이밤 창가에 스치는 얼굴들 모든 것이 여기에 있는데 내가 정말 떠나야 하는지 잊지말아요 우리의 사랑을 잊지말아요 그날의 기억들을 잊지말아요 우리의 사랑을 잊지말아요 그날의 기억들을 이제는 시간이 됐어요 그대여 안녕  수많은 별들이 가득한 이밤 창가에 스치는 얼굴들 모든 것이 여기에 있는데 내가 정말 떠나야 하는지 잊지 말아요 우리의 사랑을 잊지 말아요 그날의 기억들을 잊지 말아요 우리의 사랑을 잊지말아요 그날의 기억들을 잊지말아요 우리의 사랑을 잊지말아요 그날의 기억들을 잊지말아요 우리의 사랑을 잊지말아요 그날의 기억들을 잊지말아요 우리의 사랑을 잊지말아요 그날의 기억들을 잊지말아요 우리의 사랑을 잊지말아요 그날의 기억들을
1990.11.11~11.17,43,1721579,미아리,이성우,미아리,1990.04.05,Rock,,
1990.11.11~11.17,44,53088,유리창엔 비,햇빛촌,햇빛촌,1989.02.15,Ballad,이정한,낮부터 내린 비는 이 저녁 유리창에 이슬만 뿌려놓고서 밤이 되면 더욱 커지는 시계소리처럼 내 마음을 흔들고 있네 이 밤 빗줄기는 언제나 숨겨놓은 내 맘에 비를 내리네 떠오는 아주 많은 시간들 속을 헤메이던 내 맘은 비에 젖는데 이젠 젖은 우산을 펼 수는 없는 것 낮부터 내린 비는 이 저녁 유리창에 슬픔만 뿌리고 있네 이 밤 마음속엔 언제나 남아있던 기억은 빗줄기처럼 떠오는 기억 스민 순간 사이로 내 마음은 어두운 비를 뿌려요 이젠 젖은 우산을 펼 수는 없는 것 낮부터 내린 비는 이 저녁 유리창에 슬픔만 뿌려 놓고서 밤이 되면 유리창에 내 슬픈 기억들을 이슬로 흩어 놓았네
1990.11.11~11.17,45,53615,사랑일뿐야,김민우,사랑일뿐야,1990.02.10,Ballad,박주연,나를 어떻게 생각하냐고 너는 내게 묻지만 대답하기는 힘들어 너에게 이런 얘길 한다면 너는 어떤 표정 지을까 언젠가 너의 집 앞을 비추던 골목길 외등 바라보며 길었던 나의 외로움의 끝을 비로소 느꼈던 거야 그대를 만나기 위해 많은 이별을 했는지 몰라 그대는 나의 온몸으로 부딪혀 느끼는 사랑일 뿐야 나를 어떻게 생각하냐고 너는 내게 묻지만 대답하기는 힘들어 너에게 이런 얘길 한다면 너는 어떤 표정 지을까 언젠가 너의 집 앞을 비추던 골목길 외등 바라보며 길었던 나의 외로움의 끝을 비로소 느꼈던 거야 그대를 만나기 위해 많은 이별을 했는지 몰라 그대는 나의 온몸으로 부딪혀 느끼는 사랑일 뿐야
1990.11.11~11.17,46,2959889,소년의 꿈,아마게돈,The Tears Of A King Bird,1990.06.30,Rock,,
1990.11.11~11.17,47,68931,추억속의 재회,조용필,90-Vol.1 Sailng Sound,1990.01,Ballad,최은정,지나치는 어둠속에서  긴머리 낯선 그 모습  파도처럼 일렁이며  창가를 스쳐가는  젖은눈의 그댈 보았네  입맞추면 고운 그 입술  울먹이는 슬픈 그대여  바람속에 지는 그대의 만남  순간에 머물렀을 뿐  떠나버린 날들을 이제는  사랑이라 부르지 않으리 영원히   기약없는 이별뒤에 찾아와  추억의 서러움만 남기네  미워할수 없는 그댈 지우며  눈감은 내가슴엔 눈물이 Hey   멀어지는 그대의 모습  부드러운 꽃향기처럼  가까이 다가와서  아프도록 마주보며  사랑으로 나를 부르네  이 시간이 지나면 이제는  잊혀져간 꿈으로 남으리 영원히   기약없는 이별뒤에 찾아와  추억의 서러움만 남기네  미워할수 없는 그댈 지우며  눈감은 내가슴엔 눈물이 Hey   기약없는 이별뒤에 찾아와  추억의 서러움만 남기네  미워할수 없는 그댈 지우며  눈감은 내가슴엔 눈물이  기약없는 이별뒤에 찾아와  추억의 서러움만 남기네
1990.11.11~11.17,48,1104907,어떤이의 꿈,봄여름가을겨울,나의 아름다운 노래가 당신의 마음을 깨끗하게 할 수 있다면,1989.10.01,Ballad,김종진,어떤 이는 꿈을 간직하고 살고 어떤 이는 꿈을 나눠 주고 살며 다른 이는 꿈을 이루려고 사네 어떤 이는 꿈을 잊은채로 살고 어떤 이는 남의 꿈을 뺏고 살며 다른 이는 꿈은 없는거라 하네 세상에 이 처럼 많은 사람들과 세상에 이 처럼 많은 개성들 저 마다 자기가 옳다 말을 하고 꿈이란 이런 거라 말 하지만 나는 누굴까 내일을 꿈 꾸는가 나는 누굴까 아무 꿈 없질 않나 나는 누굴까 내일을 꿈 꾸는가 나는 누굴까 혹 아무 꿈 어떤 이는 꿈을 간직하고 살고 어떤 이는 남의 꿈을 뺏고 살며 다른 이는 꿈은 이런 거라 하네 세상에 이 처럼 많은 사람들과 세상에 이 처럼 많은 개성들 저 마다 자기가 옳다 말을 하고 꿈이란 이런 거라 말 하지만 나는 누굴까 내일을 꿈 꾸는가 나는 누굴까 아무 꿈 없질 않나 나는 누굴까 내일을 꿈 꾸는가 나는 누굴까 아무 꿈 없질 않나 나는 누굴까 내일을 꿈 꾸는가 나는 누굴까 아무 꿈 없질 않나 나는 누굴까 내일을 꿈 꾸는가 나는 누굴까 혹 아무 꿈
1990.11.11~11.17,49,53062,사계,노래를찾는사람들,노래를 찾는 사람들 2,1989.10.01,Folk,문승현,빨간 꽃 노란 꽃  꽃밭 가득 피어도   하얀 나비 꽃  나비 담장위에 날아도   따스한 봄바람이 불고 또 불어도   미싱은 잘도 도네 돌아가네   흰 구름 솜구름   탐스러운 애기 구름   짧은 샤쓰 짧은 치마 뜨거운 여름   소금 땀 비지 땀   흐르고 또 흘러도   미싱은 잘도 도네 돌아가네   저 하늘엔 별들이 밤새 빛나고   찬바람 소슬바람   산너머 부는 바람   간밤에 편지 한 장 적어  실어 보내고   낙엽은 떨어지고   쌓이고 또 쌓여도   미싱은 잘도 도네 돌아가네   흰눈이 온 세상에   소복소복 쌓이면   하얀 공장 하얀 불빛   새하얀 얼굴들   우리네 청춘이   저물고 저물도록   미싱은 잘도 도네 돌아가네   공장엔 작업등이 밤새 비추고   빨간 꽃 노란 꽃   꽃밭 가득 피어도   하얀 나비 꽃 나비 담장 위에 날아도  따스한 봄바람이  불고 또 불어도  미싱은 잘도 도네 돌아가네  미싱은 잘도 도네 돌아가네  미싱은 잘도 도네 돌아가네
1990.11.11~11.17,50,2274375,저 창살에 햇살이,안치환,1+2,1994.03.01,Folk,김남주,내가 손을 내밀면 내 손에 와서 고와지는 햇살이  내가 볼을 내밀면 내 볼에 와서 따스해지는 햇살이  저 창살에 햇살이  깊은 가을따라 자꾸자꾸 자라나  다람쥐꼬리만큼 자꾸 자라나  내 목에 와서 감기면 누이가 짜준 따스한 목도리  내 입술에 와 닿으면  그녀와 주고받던 옛추억의 사랑  저 창살에 햇살이  저 창살에 햇살이
