time,rank,song_id,title,singers,album,date,genre,creator,lyric
1998.03.15~03.21,1,77374,지킬 수 없는 약속,신승훈,Shin Seung Hun Ⅵ,1998.02.01,Ballad,신승훈,용서해 주겠니 너와의 약속 지킬수가 없어 니 모든걸 사랑하겠다는 지난날의 약속 니가 사랑하는 그 사람까진 사랑할순 없어 내가 먼저 이별을 말하고 너를 떠난다 생각나니 지난 우리의 사랑 지워버리기엔 너무 아름다웠잖아 너무 쉽게 날 잊어버리지는마 또 다른사랑에 행복하겠지만 한때는 너의전부였던 날 위해 사랑해 그래 떠나가라 너 없는 동안 내 모습 어떻게 되든지 상관없이 넌 살아 가겠지만 언젠가 돌아올 것 같은 널 위해 다른 사랑도 못하는 바보가 되버린 내 모습 잊지 않기를 바래 생각나니 지난 우리의 사랑 지워버리기엔 너무 아름다웠잖아 너무 쉽게 날 잊어버리지는마 또 다른사랑에 행복하겠지만 한때는 너의전부였던 날 위해 사랑해 그래 떠나가라 너 없는 동안 내 모습 어떻게 되든지 상관없이 넌 살아 가겠지만 언젠가 돌아올 것 같은 널 위해 다른 사랑도 못하는 바보가 되버린 내 모습 잊지 않기를 바래
1998.03.15~03.21,2,77536,Honey,박진영,십년이 지나도...,1998.01,Dance,박진영,그대를 처음 본 순간  난 움직일 수가 없었지  그대 그 아름다운 모습  난 넋을 잃고야 말았지  그대의 아름다운 그 미소가  나를 사로 잡았지  hey 거기 그래 자기  웬만하면 내게 오지  우리 여기에서 둘이 멋진  밤을 함께 하지  oh honey 오 베이비 어쩜  아름답기도 하지  내게 오지 나를 믿지 절대  후회할리 없지  그대의 그 섹시한 눈빛 오  나를 또 바라보았지  눈빛이 마주치는 순간 난  숨을 쉴수가 없었지  그대야말로 하늘이 내려주신  진정한 honey지  hey 거기 그래 자기  웬만하면 내게 오지  우리 여기에서 둘이 멋진  밤을 함께 하지  oh honey 오 베이비 어쩜  아름답기도 하지  내게 오지 나를 믿지 절대  후회할리 없지  Now Everybody Party  내게로 걸어오는 그대  난 바라볼 수가 없었지  걸어오는 그대의 모습  너무 눈부시기 때문이지  이제서야 비로소 나 나  새로운 사랑에 눈을 뜬거지  hey 거기 그래 자기  웬만하면 내게 오지  우리 여기에서 둘이 멋진  밤을 함께 하지  oh honey 오 베이비  어쩜 아름답기도 하지  내게 오지 나를 믿지 절대  후회할리 없지  hey 거기 그래 자기  웬만하면 내게 오지  우리 여기에서 둘이 멋진  밤을 함께 하지  oh honey 오 베이비  어쩜 아름답기도 하지  내게 오지 나를 믿지 절대  후회할리 없지
1998.03.15~03.21,3,38461,사랑이 떠나가네,김건모,Myself,1997.12,Dance,한경혜,사랑이 떠나가네 또다시 내 곁에서
1998.03.15~03.21,4,77363,나와 같다면,김장훈,#1998 Ballads For Tears,1998.02.01,Ballad,박주연,어떤 약속도 없는 그런 날에 너만 혼자 집에 있을때 넌 옛 생각이 나는지 그럴땐 어떡하는지 또 우울한 어떤날 음 비 마저 내리고 늘 우리가 듣던 노래가 라디오에서 나오면 나처럼 울고 싶은지 왜 자꾸만 후회되는지 나의 잘못했던 일과 너의 따뜻한 마음만 더 생각나 너의 방안을 정리하다가 내 사진이 혹시 나오면 넌 그냥 찢고 마는지 한참을 바라보는지 또 우울한 어떤날 음 비 마저 내리고 늘 우리가 듣던 노래가 라디오에서 나오면 나처럼 울고 싶은지 왜 자꾸만 후회되는지 나의 잘못했던 일과 너의 따뜻한 마음만 더욱 생각나 그대여 나와 같다면 내 마음과 똑같다면 그냥 나에게 오면 돼 널 위해 비워둔 내 맘 그 자리로  그대여 나와 같다면 내 마음과 똑같다면 그냥 나에게 오면 돼 널 위해 비워둔 내 맘 그 자리로 나처럼 울고 싶은지 왜 자꾸만 후회되는지
1998.03.15~03.21,5,38495,Epilogue,김종서,Seeds,1998.01,Rock,김종서,우연히 너를 보았지 그토록 기도했지만 다시는 만나지 않게 해 달라고 한때는 내 안의 너를 또 다른 나라 믿었어 지금은 운명이 달라 서로 다른 두 길을 가지만 네가 행복하길 바랄께 아주 먼 곳에서 보이지 않게 내게 전부였던 널 혼자 지키고 살면 돼 내가 싫어져 떠났다면 좋은 기억마저 가져가 버려 미움만이 남아서 제발 널 지울 수 있게 해 한때는 내 안의 너를 또 다른 나라 믿었어 지금은 운명이 달라 서로 다른 두 길을 가지만 네가 행복하길 바랄께 아주 먼 곳에서 보이지 않게 내게 전부였던 널 혼자 지키고 살면 돼 내가 싫어져 떠났다면 좋은 기억마저 가져가 버려 미움만이 남아서 제발 널 지울 수 있게 해 혼자남은 날 위해
1998.03.15~03.21,6,1877126,사랑을 위하여,김종환,사랑을 위하여,1997.06.13,Adult Contemporary,김종환,이른 아침에 잠에서 깨어 너를 바라볼 수 있다면 물안개 피는 강가에 서서 작은 미소로 너를 부르리 하루를 살아도 행복할 수 있다면 나는 그 길을 택하고 싶다 세상이 우리를 힘들게 하여도 우리들은 변하지 않아 너를 사랑하기에 저 하늘 끝에 마지막 남은 진실 하나로 오래 두어도 진정 변하지 않는 사랑으로 남게 해주오 내가 아플 때보다 네가 아파할 때가 내 가슴을 철들게 했고 너의 사랑 앞에 나는 옷을 벗었다 거짓의 옷을 벗어버렸다 너를 사랑하기에 저 하늘 끝에 마지막 남은 진실하나로 오래 두어도 진정 변하지 않는 사랑으로 남게 해주오 너를 사랑하기에 저 하늘 끝에 마지막 남은 진실 하나로 오래 두어도 진정 변하지 않는 사랑으로 남게 해주오 사랑으로 남게 해주오
1998.03.15~03.21,7,77991,비원(悲願),박상민,The Road,1998.02,Ballad,이건우,핼쑥한 모습이었었지 말하기 조차 힘이 들어 침묵의 그 시간이 흘러간 뒤에 마지막으로 내게 하던 말 나보다 못난 사람에게 잊혀져 있던 사람에게 나 전에 사랑했던 그 사람에게 돌아가야만 될 것 같다고 미안하단 말과 함께 흐느끼던 너의 모습 이제와서 무슨 상관이냐고 따지듯이 이내 절규했지만 나는 아무렇지 않아 너만 행복해준다면 허나 이 말 한마디만 너를 너무 사랑했어 미안하단 말과 함께 흐느끼던 너의 모습 이제와서 무슨 상관이냐고 따지듯이 이내 절규했지만 나는 아무렇지 않아 너만 행복해준다면 허나 이 말 한마디만 너를 너무 사랑했어 나는 아무렇지 않아 너만 행복해준다면 허나 이 말 한마디만 너를 너무 사랑했어 그 후론 그녀에겐 어떤 아무런 소식조차 없죠 하지만 행복할꺼라고 믿으며 이 노래 속에 그녈 보내요
1998.03.15~03.21,8,78184,(`Cause) I`m Your Girl,S.E.S.,S.E.S.,1997.11.01,Dance,유영진,Yeah  what's up what's up SES We open up the new chapter  of funky New jill swing  Here we come Here we come  come on  I like SES ya'll  Yes SES ya'll  we like SES  ya'll Yes SES ya'll  You never don't stop you  never don't quit  Kick out some sounds of  the Hip hop bear  Now dap your hands  everybody  Now move your feet  every body  to the left to the left to  the right to the right  now bring it back fat rhythm of the free style 왜 내게 말을 못해 이미  지나간 일들 진부한 옛 사랑 얘기  I love you tell me baby 솔직히 말을 해줘 그렇지만  너에겐 오직  나뿐인 거야 oh yeah  두려워 하지마 내 곁에 있는걸  그대와 내 인생 저 끝까지  나를 믿어주길 바래 함께있어 Cause I'm your girl  Hold me baby  너를 닮아가는 내 모습을  지켜봐줘 stay with me last  forever yeah  넌 왠지 달랐었지 느낌이  예전부터 알고 지낸 친구처럼  shake it shake it baby 그렇게 너는 내게 해맑은  웃음만을 주는 또 하나의 나  두려워 하지마 네 옆에 있는걸  난 오직 너를 위해 살고 싶어  나를 향한 네 모든걸 간직할께  Cause I'm your girl Hold  me baby  너를 닮아가는 내 모습 지켜봐줘  Stay with me last  forever 몰랐어 난 나 너에게 있어  그 어느 하나 자신있게 얘기할  수 없었던 것  모두 부질없는 내 걱정이었다니  이제 널 나의 품에 꼭 안아줄게  난 널 몰랐던거야  오직 너 하나 하나를 위해  내가 살아가야 한다는 것말고  내게 중요한 게 어딨겠어  이젠 네가 알아주길 바랬어  너에겐 그 어떤 말보다  넌 내꺼라는 말이 듣고 싶어  사랑해 언제까지나  baby you always in  my heart  나를 믿어주길 바래 함께있어  Cause I'm your girl Hold  me baby  너를 닮아가는 내 모습 지켜봐줘  Stay with me last  forever yeah  나를 향한 네 모든걸 간직할께 Cause I'm your girl  Hold me baby  너를 닮아가는 내 모습 지켜봐줘  Stay with me last  forever yeah
1998.03.15~03.21,9,32700,난 그래,리아,개똥철학,1998.01,Rock,리아,누구나 사랑을 말하지 마치 모든 걸 아는 사람처럼  모두들 쉽게만 말하지 마치 해답을 아는 것처럼  생각만 해도 좋은 것 때론 가슴이 찢어지는 것  처음 같을 순 없지만 그래도 한번은 해보고 싶은 것  오헤이 예 하지만 난 알아 뭐라 해도 나만큼만 날 사랑해주면 되는 걸  내가 너의 모든 것이 될 순 없어도  날 사랑할 땐 헤이예 하나만 약속해 뭐라 해도 나만큼만 날 사랑해 주겠다는 걸  어떤 것도 믿음만큼 중요친 않아  처음 본 순간 가는 것 세상 모든 걸 대신 하는 것  하지만 그런 생각은 시간이 흐르면 바랠지도 몰라  오헤이 예 하지만 난 알아 뭐라 해도 나만큼만 날 사랑해주면 되는 걸  내가 너의 모든 것이 될 순 없어도  날 사랑할 땐 헤이예 하나만 약속해 뭐라 해도 나만큼만 날 사랑해 주겠다는 걸  어떤 것도 믿음만큼 중요친 않아  난 그래 오래된 연인의 사랑은 믿음으로 변한다고들 해  쉬운 사랑만을 찾지마 지킬 수 있는 용기가 필요해
1998.03.15~03.21,10,91284,슬픈 얼굴,A.R.T,Debut,1997.11,Ballad,김태희,마지막 부탁이야 힘들지 않도록  슬픈얼굴 짓지 말아줘 어둠이 나를 덮어 깊은잠에 들면  편히쉴수 있도록 여자들이란 현재에 충실할 뿐 내가 떠나가면 넌 곧 나를 잊겠지 그 긴밤 지새우며 내게했던 맹세는 모두 거짓이 되겠지 그러니 됐어 아무말도 하지마 알아 그 눈물의 의미를 넌 나를 위로하려 하지 않아도 돼 그냥 나를 두고 그만 떠나가 꿈이었길 바래 내 앞에 다가선  니 현실들 가끔씩 눈물이 나 널 두고 가야하는 생각에  내 손을 잡아줘 마지막 너를 느끼고 싶어 어제의 내 모습은 언제나  너의 곁에 있을꺼야 바람에 흩어지는 회색먼지처럼 그렇게 난 잊혀져 가겠지 기억해줘 내게 머물다간  어떤 사람이 있다는걸 마지막 부탁이야 힘들지 않도록 슬픈얼굴 보이지 말아줘 어둠이 나를 덮어 깊은  잠에 들면 내가 편히 쉴 수 있도록 다시는 돌아올 수 없는  그 먼 곳으로 여행을 떠나는 거라고 생각해 너 혼자 남겨두고 떠나야만 하는 내 마음은 더 아파 하지만 어쩌겠니 정해진 시간은 이미 끝났는 걸 아무리 잡으려해도 잡히지  않는 떠나간 내 시간들 좋은 기억들은 슬픈 추억으로  묻고 이제는 떠나가 미련없이 너는 너의 갈길을가 이제는 너는 내 모든 것을  흙으로 재로 날려 보내줘 내 사진도 내 향기도 내 눈물에 가려 희미해져  가는 모든 것들 웃으며 갈 수 있게 조금만  나에게도 시간을 줘 바람에 흩어지는 회색먼지처럼 그렇게 난 잊혀져 가겠지 기억해줘 내게 머물다간  어떤 사람이 있다는걸 마지막 부탁이야 힘들지 않도록 슬픈얼굴 보이지 말아줘 어둠이 나를 덮어 깊은  잠에 들면 내가 편히 쉴 수 있도록 바람에 흩어지는 회색먼지처럼
1998.03.15~03.21,11,76946,알고 싶어요!,양파,양파 2nd,1998.01.01,Ballad,심상원,내가 그대에게 부족한걸 알아요  아일 보는듯한 그런 눈빛  그건 너무나 슬픈걸요  아직 내가 어리다고 세상  모두가 말한대도   다 상관없지만 그대에겐  난 사랑이고 싶어요  그대 이토록 아름다운 다른  세상을 펼쳐주며  내가 더 가까이 보게 빛을 밝혔죠  난 너무나 조심스레 늘  고개만 숙이지만  이런 내 마음을 볼수 있나요 조금 기다려요 아주  조금만 기다려줘요  그대가 원하는 그런 모습  내가 돼드릴 그때까지  사랑하는 걸요 그대  모든걸 알고 싶어요  이룰수 있겠죠 나의  첫사랑을요  지난 꿈속에 내 모습처럼  나 행복하게요  그대 이토록 아름다운  다른 세상을 펼쳐주며  내가 더 가까이 보게  빛을 밝혔죠  난 너무나 조심스레 늘  고개만 숙이지만  이런 내 마음을 볼수 있나요  조금 기다려요 아주 조금만  기다려줘요  그대가 원하는 그런 모습  내가 돼드릴 그때까지  사랑하는 걸요 그대  모든걸 알고 싶어요  이룰수 있겠죠 나의 첫사랑을요  지난 꿈속에 내 모습처럼  나 행복하게요
1998.03.15~03.21,12,75052,Everybody,진주,해바라기,1997.12.17,Dance,박진영,스뜹뜨르르듭듭듭 Oh baby 즐거운 리듬에 맞춰 우리 흥겨운 리듬에 맞춰 스뜹뜨르르듭듭듭 Woo Uhh 즐거운 리듬에 맞춰 우리 흥겨운 리듬에 맞춰 학교 가면 선생님의 눈치를 봐 집에 돌아오면 다시 부모님의 눈치를 봐 졸업하고 취직해도 직장 상사의 눈치를 봐 이건 대체 살 수가 없네 이럴 땐 Everybody 스뜹뜨르르듭듭듭 우리 모두 여기 모여 즐거운 리듬에 맞춰 우리 흥겨운 리듬에 맞춰 스뜹뜨르르듭듭듭 모든 걸 잊고서 즐거운 리듬에 맞춰 우리 흥겨운 리듬에 맞춰 버스를 타면 사람들이 너무 많아 지하철을 탔는데도  사람들이 너무 많아 시험 보러 가면 경주용 차들이 너무 너무 많아   건 대체 살 수가 없네 이럴 땐 Everybody 스뜹뜨르르듭듭듭 우리 모두 여기 모여 즐거운 리듬에 맞춰 우리 흥겨운 리듬에 맞춰 스뜹뜨르르듭듭듭 모든 걸 잊고서 즐거운 리듬에 맞춰 우리 흥겨운 리듬에 맞춰 눈 감아봐 그리고 느껴봐 음악에 몸을 싣고 모든 걸 잊고 이렇게 흔들어 봐 Hey mama C'mon Break it down 우리 모든 근심 걱정들을 잊고 우리 모두 이렇게 모두 가슴을 열고 그리고 이렇게 춤을 춰 어떻게 춤을 춰 그런거 묻지 말고 모두 춤을 춰 자 하나 둘 자 모두들 어깨를 이렇게 움직여봐들 자 셋 넷 거기 줄리엣 여기 로미오가 그대를 바라보네 이렇게 언제나 즐거운 마음으로 살아가려는 사람들은 모두 다 내 곁으로 마음 속에 그려보던 우리들만의 세상으로 이젠 다 함께 떠나가봐요 이럴 땐 Everybody 스뜹뜨르르듭듭듭 우리 모두 여기 모여 즐거운 리듬에 맞춰 우리 흥겨운 리듬에 맞춰 스뜹뜨르르듭듭듭 모든 걸 잊고서 즐거운 리듬에 맞춰 우리 흥겨운 리듬에 맞춰 스뜹뜨르르듭듭듭 우리 모두 여기 모여 즐거운 리듬에 맞춰 우리 흥겨운 리듬에 맞춰 스뜹뜨르르듭듭듭 Woo Huh 즐거운 리듬에 맞춰 우리 흥겨운 리듬에 맞춰 Not Stop
1998.03.15~03.21,13,1606413,회상 (December),터보,터보 (Turbo) 3집 `Born Again`,1997,Ballad,이승호,겨울 오면은 우리 둘이서  항상 왔었던 바닷가 시린 바람과 하얀 파도는 예전 그대로였지만 나의 곁에서 재잘거리던 너의 해맑던 그 모습 이젠 찾을 수 없게 되었어 아무도 없는 겨울의 바닷가 너무나 슬퍼 보인다고 우리가 바다 곁에서 친구가 되자고 내 등에 숨어 바람을 피할 때 네 작은 기도를 들었지 언제나 너의 곁에 우리 항상 함께 해달라고 거친 파도가 나에게 물었지 왜 혼자만 온거냐고 넌 어딜갔냐고 보이지 않니 나의 뒤에 숨어서 바람을 피해 잠을 자고 있잖아 따뜻한 햇살 내려오면 깰거야 조금만 기다려 다시는 너를 볼수 없을거라는 얘기를 차마 할순 없었어 하지만 나도 몰래 흘린 눈물 들킨거야 그녈 절대로 찾을 수 없다고 나를 스쳐갔던 바람이 말했나봐 어딜가도 그녀 모습 볼수가 없다고 내게 말했나봐 어디가냐고 말을 하라고 자꾸만 재촉하던 바닷가 결국엔 나처럼 눈물이 되고야 말았어 하얗게 내린 바다의 눈물로 니 모습 만들어 그 곁에서 누워 니 이름을 불러 봤어 혹시 너 볼까봐 녹아 버릴까 걱정이 됐나봐 햇살을 가린 구름 떠나지 않잖아 너 없는 바다 눈물로만 살겠지 거칠은 파도 나를 원망하면서 너없이 혼자 찾아오지 말라고 널 데려오라고 니 모습 볼 수 없다해도 난 알아 내 볼에 닿은 하얀 함박눈 촉촉한 너의 입맞춤과 눈물이라는 걸 그녈 절대로 찾을 수 없다고 나를 스쳐갔던 바람이 말했나봐 어딜가도 그녀 모습 볼수가 없다고 내게 말했나봐 어디가냐고 말을 하라고 자꾸만 재촉하던 바닷가 결국엔 나처럼 눈물이 되고야 말았어 니 모습 볼 수 없다해도 난 알아 내 볼에 닿은 하얀 함박눈 촉촉한 너의 입맞춤과 눈물이라는 걸
1998.03.15~03.21,14,4463490,정인 (情人),TheDay,First Time,1997.11.10,Ballad,,세월가면 다 잊을거라는  슬픈 너의 그 말들이  유서처럼 쓰여있던  그 편지를 보며  아무 말도 할 수가 없어서  눈물만이 흐르는데  언제나 나보다  더 사랑했던 너를  이젠 잊으라 말하며  제발 떠나지마  내가 없는 곳으로  보낼 수는 없어  comeback to me  예전처럼 볼 수 있다면  이 세상 마저 저버릴 수 있겠지  I can believe  너 떠난 후에야 사랑 알게 됐어  돌아갈 순 없니  지난 날의 아픈상처 까지도  이해해 준 너의 사랑 언제나 알면서도  외면하곤 했어  정말 잊을 순 없다면  제발 떠나라고  이젠 나를 위해서 보내준다 했지  comeback to me  오직 나만 사랑해 준 너  널 가까이에 느끼고 싶었어  I can believe  너 떠난 후에야 사랑알게 됐어  돌아갈 순 없니
1998.03.15~03.21,15,38605,거짓말도 보여요,김현철,거짓말도 보여요,1998.11.01,Ballad,유정연,맨 처음 그대의 얘길 듣고  무척이나 흐뭇해 했죠  좋아한다고 항상 생각한다고  그대 그렇게 말을 했었죠  하지만 그대를 잘 알아요  버젓이 두 눈에 써있죠  보기만 해도 올라올 것 같다고  그대 눈빛으로 말을 하네요  싫으면 싫다고 말하면 되지  사랑한단 그런말을 왜 하나요  내가 가진 귀가 너무 좋아서  그대 거짓말도 그대 거짓말도 보여요  한참을 잘못본 것 같아요  그런 사람인줄 모르고  하마터면은 나의 맘을 속속히  말할 뻔 했으니까요  내가 어리숙해 보이나요  그렇게 뻔히 속일만큼  그대 가슴에 두손 두발을 대고  그대 다시 한번 생각해봐요  싫으면 싫다고 말하면 되지  사랑한단 그런말을 왜 하나요  내가 가진 귀가 너무 좋아서  그대 거짓말도 그대 거짓말도 보여요  우리 둘 언젠가는 헤어지겠죠  난 지금이라도 괜찮아요 워우어 싫으면 싫다고 말하면 되지  사랑한단 그런말은 왜 하나요  내가 가진 귀가 너무 좋아서  그대 거짓말도 그대 거짓말도  그대 거짓말도 그대 거짓말도 보여요
1998.03.15~03.21,16,76490,뭐를 잘못한거니!,Esther,Esther Nation,1997.12.12,Ballad,송재준,그렇게 떠나간 널 보며  아무말도 하지 못했던 난  너의 새로운 그녀보다 아직  어린것 같기때문이야 생각도 안해봤어 그런 이유로  날 버리고 떠나갈 널 너 때문에 많은 나의 친구들도  다 떠나갔어  뭐를 잘못한거니 I can't be pretty like her can't  be like fier face 예쁘지 않아 나를 떠나간거니  며칠 전 이유없는 말다툼이  이젠 마지막이니  뭐를 잘못한거니 변할거야 미치도록 사랑하게  그리고 널 다시는 안볼거야 I can't be pretty like her can't  be like fier face 예쁘지 않아 나를 떠나간거니  며칠 전 이유없는 말다툼이  이젠 마지막이니  뭐를 잘못한거니 변할거야 미치도록 사랑하게  그리고 널 다시는 안볼거야 차라리 날 버린후에 몇달이  지나가서 그녀를 만났다면 이렇게  슬프지는 않아  몰랐는줄 알았니 너의  새로운 사랑을 baby 그래도 기다린 날 이자리에  버려두니  변할거야 미치도록 사랑하게  그리고 널 다시는 안볼거야 내게서 떠나버린 널 아직  못잊는건 니가 항상하던 마지막  전활 기다리고 있어
1998.03.15~03.21,17,75813,내게 너무 이쁜 그녀,아낌없이주는나무,Ⅲ. 아낌없이 주는 나무,1996,Ballad,이혜민,미안해 정말 조금만 기다려줘 널 위해 분주한 혜화역에서 장미꽃을 샀어 덕수궁 앞을 지날 때마다 신혼부부의 사진 찍는 걸 언제나 부러워하는 그녀를 위해 강릉차편에 올랐지 아무 계획도 없이 떠나는 그리운 여정 우리의 긴 오해만큼 흐린 창밖으로 이따금 비가 내려 추억으로 가는 차편엔 나를 아는 이가 없고 나도 아는 이 없는 막연히 그리운 길 찾아 가네 추억으로 가기 위해 타는 차편엔 더는 갈 곳 없는 사람들 살아가는 날만큼 사랑할거야 내게 너무 이쁜 그녀를 아무 계획도 없이 떠나는 그리운 여정 우리의 긴 오해만큼 흐린 창밖으로 이따금 비가 내려 추억으로 가는 차편엔 나를 아는 이가 없고 나도 아는 이 없는 막연히 그리운 길 찾아 가네 추억으로 가기 위해 타는 차편엔 더는 갈 곳 없는 사람들 살아가는 날만큼 사랑할거야 내게 너무 이쁜 그녀를 살아가는 날만큼 사랑할거야 내게 너무 이쁜 그녀를
1998.03.15~03.21,18,1022090,헤어진 다음날,이현우,Freewill of My Heart,1998.12.01,Ballad,이현우,그대 오늘 하루는 어땠나요 아무렇지도 않았나요 혹시 후회하고 있진 않나요 다른 만남을 준비하나요 사랑이란 아무나 할 수 있는게 아닌가 봐요 그대 떠난 오늘 하루가 견딜 수 없이 길어요 날 사랑했나요 그것만이라도 내게 말해줘요 날 떠나가나요 나는 아무것도 할 수 없어요 어제 아침에 이렇진 않았어요 아무렇지도 않았어요 오늘 아침에 눈을 떠보니 모든 것이 달라져 있어요 사랑하는 마음도 함께 가져갈 수는 없나요 아무 일도 없던 것처럼 돌아올 수는 없나요 날 사랑했나요 그것만이라도 내게 말해줘요 날 떠나가나요 나는 아무것도 할 수 없어요 날 사랑했나요 그것만이라도 내게 말해줘요 날 떠나가나요 나는 아무것도 할 수 없어요 날 사랑했나요 그것만이라도 내게 말해줘요 날 떠나가나요 나는 아무것도 할 수 없어요
1998.03.15~03.21,19,37845,해에게서 소년에게,넥스트,Lazenca (A Space Rock Opera),1997.11.30,Rock,신해철,눈을 감으면 태양의 저편에서 들려오는 멜로디 내게 속삭였지 이제 그만 일어나 어른이 될 시간이야 너 자신을 시험해 봐 길을 떠나야 해 니가 흘릴 눈물이 마법의 주문이 되어 너의 여린 마음을 자라나게 할꺼야 남들이 뭐래도 니가 믿는 것들을 포기하려하거나 움추려 들지마 힘이 들땐 절대 뒤를 돌아보지마 앞만 보면 날아가야해 너의 꿈을 비웃는 자를 애써 상대하지마 변명하려 입을 열지마 그저 웃어버리는거야 아직 시간이 남아있어 너의 날개는 펴질꺼야 Now we are Flying to the universe 맘 이끄는곳 높은 곳으로 날아가 절대 뒤를 돌아보지마 앞만 보면 날아가야해 너의 꿈을 비웃는자를 애써 상대하지마 변명하려 입을 열지마 그저 웃어버리는거야 아직 시간이 남아있어 너의 날개는 펴질꺼야 더 높이 더 멀리 너의 별을 찾아 날아라 소년아 저 모든 별들은 너보다 먼저 떠난 사람들이 흘린 눈물이란다 세상을 알게 된 두려움에 흘린 저 눈물이 이 다음에 올 사람들을 인도하고 있는것이지
1998.03.15~03.21,20,37596,내게 다시,더더(THETHE),The More The Better,1997.11,Rock,"김영준,신강우",언젠가 길을 걷다가 들려오는 음악 소리에  나도 모르게  너의 모습이 잊혀진 줄 알았었는데  오오  그땐 소중함을  몰랐던 거야  그땐 외로움을  몰랐으니까  Oh baby  Oh loving you  Oh I need you 이제 내게 다시 돌아올 수 없니 Oh baby Oh loving you Oh I need you 이제 더 이상 감추려 하지마 라라라라라라라 언제나 몰랐던 거야 그땐 외로움을 몰랐으니까 Oh baby Oh loving you Oh I need you 이제 내게 다시 돌아올 수 없니 Oh baby Oh loving you Oh I need you 이제 더 이상 감추려 하지마 Oh baby Oh loving you Oh I need you 이제 내게 다시 돌아올 수 없니 Oh baby Oh loving you Oh I need you 이제 더 이상 감추려 하지마
1998.03.15~03.21,21,91268,행복한 나를,에코,Voice Of Eco,1997.08,Ballad,,몇 번인가 이별을 경험하고서  널 만났지  그래서 더 시작이 두려웠는지 몰라  하지만 누군가 알게되고  사랑하게 되는건  네가 마지막이라면 얼마나좋을까  우 나처럼  바쁜 하루중에도  잠시 네 목소리 들으면  함께있는 것처럼 너도 느껴지는지  매일 밤 집으로 돌아갈 때  그 곳에 네가 있다면  힘든하루 지친 네 마음이  내 품에 안겨 쉴텐데  지금처럼만 날 사랑해줘  난 너만 변하지 않는다면  내 모든걸 가질 사람은 너뿐이야 난 흔들리지 않아  넌 가끔은 자신이 없는  미래를 미안해 하지만 잊지 말아줘  사랑해 너와 함께라면 이젠 행복한 나를  바쁜 하루중에도  잠시 네 목소리 들으면  함께있는 것처럼 너도 느껴지는지  매일 밤 집으로 돌아갈 때 그 곳에 네가 있다면  힘든하루 지친 네 마음이  내 품에 안겨 쉴텐데  지금처럼만 날 사랑해줘  난 너만 변하지 않는다면  내 모든걸 가질 사람은 너뿐이야  난 흔들리지 않아  넌 가끔은 자신이 없는  미래를 미안해 하지만 잊지말아줘  사랑해 너와 함께라면 이젠  행복한 나를  난 많은 기대들로  세상이 정해놓은 사랑을 버리고  네 마음처럼 난 늘 같은 자리에  또 하나의 네가 되고싶어  소중한 널 위해  지금처럼만 사랑해줘 항상  너만 변하지 않으면  내 전부를 가질 사람은 너뿐이야  난 흔들리지 않아  자신없는 미래  넌 미안해 하고 있니  넌 이제 혼자가 아니야 이젠  잊지마 너와 함께라면  언제나 행복한 나를
1998.03.15~03.21,22,38244,풍경,구본승장동건,Bon Seung & Dong Gun,1998.02.12,Ballad,이승호,사랑 상쾌한 숨결로 날 잠들게 하던 사랑 그건 내게 지상의 웅장한 음악이었고 은밀한 축복이었다 하지만 이제 그 혼미한 상념을 피해 영원히 잠을 자려 한다 바다 및 고요속으로  찬란한 내 사랑의 빛을 간직한 채로 먼 훗날 날 슬퍼할 이유들이  사라진 날 노래하리라 눈물없는 그리움으로 여전할 나의 사랑을 나 아직도 나없는 그댈 걱정해 그대가 없는 나를 한번도 생각해 본 적 없으니 나 아직 그대와 사랑으로 함께 했었던 그때처럼 그대 여전히 내게 있으니까 떠나갔지만 나는 아무렇지 않아 추억만으로도 내겐 너무나도 아름답던 사랑 항상 푸를테니까  나 여전히 내 남은 사랑을 믿지만 흐르는 세월이 그대를 하얗게 지울까 두려워 차마 나 그렇게 그댈 잃고 싶지 않지만 혹시 그릴까봐 두려워 나를 지우려해 아직 선명한 그대 목소리와 향기 모두 간직한 채 떠나가기 전에 머물 수 있다면 그댈 잃지 않겠지 영원히 그댈 사랑해
1998.03.15~03.21,23,76321,할 수 있어,엔알지(NRG),NRG (New Radiancy Group),1997.11,Dance,이용민,할 수 없어 널 사랑한다는 말 또 널 그리워 한단 말 니 주위에서 난 항상 맴돌고 있어 니 앞에선 땅만 쳐다보고 있어 고개도 들 수 없어 단 한 번의 내 첫사랑을 위해서 오 내 맘을 전해줘 누구라도 내가 여기 서 있겠다 해줘 빠라빠라 너를 누구보다 아껴줄 내가 여기 있어 빠라빠라 니가 나를 사랑할 때까지 그 때까지 널 기다릴수 있을 때까지 너무나 힘들어 쓰러질 때까지 널 원할 때까지 그 때까지 받아줘 니 안에 있게해줘 울리지 말아줘 나를 그저 너의 옆에서만 같이 있게 해줘 언제쯤 내 맘을 넌 알아줄까 너 언제쯤 나를 애타게 안할까 우리는 우연일까 아니 필연 일꺼야 나를 사랑한다 해 할 수 없어 널 사랑한다는 말 또 널 그리워 한단 말 니 주위에서 난 항상 맴돌고 있어 니 앞에서 땅만 쳐다보고 있어 고개도 들 수 없어 단 한 번의 내 첫사랑을 위해서 이렇게 평생을 너와 보낼 수 있으면 좋겠어 슬픔은 나눌 수 있고 기쁨은 배로 함께 할 수 있잖아 언제쯤 내 맘을 넌 알아줄까 너 언제쯤 나를 애타게 안할까 우리는 우연일까 아니 필연 일꺼야 나를 사랑한다 해 할 수 없어 널 사랑한다는 말 또 널 그리워한단 말 니 주위에서 난 항상 맴돌고 있어 니 앞에서 땅만 쳐다보고 있어 고개도 들 수 없어 단 한 번의 내 첫사랑을 위해서 어떻게 해 나를 도와줄 사람 또 그녀에게 전해줄 날 도와줘 끝나지 않게 해줘 내 마음을 그녀에게 전해 단 한번의 내 첫사랑을 위해서
1998.03.15~03.21,24,77904,애국심(愛國心),오피피에이,Deathless Love,1998.01.01,Dance,,죽어 죽어 모든 전쟁의 집행자 우리 평화를 망치는 자 죽어 죽어 관순누나 만세 불러 지킨 이 나라 갈라논 자 침략자야 너 미안하지 않니 하늘에서 단군 할아버지 만나 잽싸게 빌어 싹싹 빌어 거기서 또 한번 죽기 싫다면 이산 가족들 가슴마다 눈물이 모든 것은 전쟁 전쟁탓인거야 우리의 같은 핏줄이 울고 있잖아 우리가 도와주자 조금씩 나눠주자 싸우는건 싫어 정말 싫어 이제 그만 겨눈 총을 치워 우리는 모두 적이 아냐 다 모두가 다 형제인거야 두만강 푸른 물에 수영도 하고 모두 개마고원서 스킬 타보자 전쟁이 없었다면 가능했던 일 왜 이런 소망들이 무너져야만 했나 수많은 연인들의 눈물 군대가는 길은 너무나도 먼 가시밭길 같다 도대체 우린 무엇을 위해 떠나고 남겨지는가 머리속이 터질듯 해 언제까지 이래야만 하니 평화협상을 한다더니 뒤로는 핵폭탄을 만들어 그걸 어따가 쓸려고 해 차라리 그 돈으로 잘 살어봐 난 정말 화가 나 정말 답답해 뭐가 어려운거야 나의 꿈 속에 아름다운 세상이 있어 나를 사랑하는 사람들 평화속에 미움은 없어 욕심을 버려 이젠 맘의 벽을 허물자 우리 하나가 되는거야 평화로운 이 세상을 위하여  우리 하나라면 잘나갔을텐데 우리 통일되면 최고가 될텐데 모든 올림픽과 월드컵에 시상댄 태극기 제일 높은 곳에 걸려지겠지 누굴 위한 전쟁인가 저 백두산 위에 서고 싶다 평화를 막는 이념속을 이제 우리는 벗어날 수 없나 임진 왜란때도 우린 하나되어 우리나라 지켰어 일제시대때도 마찬가지 터질 듯 독립운동 했잖아 근데 지금은 이게 뭐야 그 나라보다 우린 더 멀어 독도가 지네꺼라 날린데 너 보고만 있을꺼니 나의 꿈 속에 아름다운 세상이 있어 나를 사랑하는 사람들 평화속에 미움은 없어 욕심을 버려 이젠 맘의 벽을 허물자 우리 하나가 되는거야 평화로운 이 세상을 위하여 나의 꿈 속에 아름다운 세상이 있어 나를 사랑하는 사람들 평화속에 미움은 없어 욕심을 버려 이젠 맘의 벽을 허물자 우리 하나가 되는거야 평화로운 이 세상을 위하여 난 정말 자유를 원해 난 정말 평화를 원해 이 땅 위에 사랑이 영원하라
1998.03.15~03.21,25,76002,어쩌란 말인지,자화상,자화상(自畵像),-,Ballad,,매일 매일 반복되는 오늘 하루도 그렇게 지나 너의 집앞에 난 그냥 서서 너를 기다렸지 너와 헤어진 그날 이후로 조금 울면 된다 생각했어 하지만 그건 나만의 작은 착각이었지 바보같은 기다림이란걸 알아 하지만 넌 이런 내 맘 정말 모를거야  *날더러 어쩌란 말인지 너를 사랑하고 있는데 도대체 왜 아무말도 없는 거니 날더러 어쩌란 말인지  언제 어디서나 찾아올지 모르는게 사랑이라지만 이렇게 쉽게 떠나갈 줄도 정말 몰랐었지 아직 내가 해야할 일들과 살아갈 날이 너무 많다는 그런 말들은 나에겐 아무 소용이 없었지 나는 너를 잊었다고 말하지만 시간은 내 빈자릴 채워주지 않았어
1998.03.15~03.21,26,47534,길,조관우,Waiting...,1997,Ballad,오동석,지금 그대는  어디쯤 오는지  아직 와야할  길이 더 많은지  잠시  다녀 오겠다던  발걸음  오시는 길에 헤메이다  나를 비켜갔는지  서글픈 사랑 안녕  지친 세월 안고  홀로 견딘  나의 기다림  모두 부질 없으니  그대 더딘 발걸음  서둘러 오지마  이젠 누구의 가슴에라도  그대 편히  쉬어야 할테니  차마 버릴 수  없는건 그리움  아득했던 슬픔 모두  쓰러져 한때  사랑했던 기억만으로  놓을 수 없는  목숨하나 이어가야 하는데  서글픈 사랑 안녕  지친 세월 안고  홀로 견딘  나의 기다림  모두 부질 없으니  그대 더딘 발걸음  서둘러 오지마  이젠 누구의 가슴에라도  그대 편히  쉬어야 할테니  서글픈 사랑 안녕  지친 세월 안고  홀로 견딘  나의 기다림  모두 부질 없으니  그대 더딘 발걸음  서둘러 오지마  이젠 누구의 가슴에라도  그대 편히  쉬어야 할테니 그대 편히 쉬어야 할테니
1998.03.15~03.21,27,2274406,사랑하려네,안치환,Desire,1997.12.12,Folk,김범수,저 하늘처럼 푸른 빛으로  우리의 때묻은 마 음속을  칠 할 수 있다면 해맑은 저 아이에 평화로운 눈빛처럼  우리의 거짓된 시선들이 밝아질 수 있다면  그래 언제나 난 그렇게 꿈을 갖고 살겠네 쉽지 않은 세상인 줄 알지만 그래 꾸밈 없는 마음으로 하루하루 살겠네 작은 가슴을 가득 열고서  사랑하려네 내 주위에 모든것들을  껴안을것이 너무많아 사랑하려네   그래 언제나 난 그렇게 꿈을 갖고 살겠네 쉽지 않은 세상인 줄 알지만 그래 꾸밈 없는 마음으로 하루하루 살겠네 작은 가슴을 가득 열고서  사랑하려네 내 주위에 모든것들을  껴안을것이 너무많아 사랑하려네  사랑하려네  내 주위의 모든 아픔을  이 하늘아래 사는 동안 사랑하려네  사랑하려네 내 주위에 모든것들을  껴안을것이 너무많아 사랑하려네  사랑하려네  내 주위의 모든 아픔을  이 하늘아래 사는 동안 사랑하려네
1998.03.15~03.21,28,74951,암연,고한우,고한우 Vol.1,1997.07.07,Ballad,고한우,네겐 너무나 슬픈 이별을 말할때 그댄 아니 슬픈 듯 웃음을 보이다 정작 내가 일어나 집으로 가려할 때는 그땐 꼭 잡은 손을 놓지 않았어 울음을 참으려고 하늘만 보다가 끝내 참지 못하고 내 품에 안겨와  마주댄 그대 볼에 눈물이 느껴질때는 나도 참지 못하고 울어버렸어 사랑이란 것은 나에게 아픔만주고 내 마음속에는 멍울로 다가와 우리가 잡으려하면 이미 먼곳에 그땐 때가 너무 늦었다는데 차마 어서 가라는 그말은 못하고 나도 뒤돌아 서서 눈물만 흘리다 이제 갔겠지 하고 뒤를 돌아보면 아직도 그대는 그자리   사랑이란 것은 나에게 아픔만주고 내 마음속에는 멍울로 다가와 우리가 잡으려하면 이미 먼곳에 그땐 때가 너무 늦었다는데 차마 어서 가라는 그말은 못하고 나도 뒤돌아 서서 눈물만 흘리다 이제 갔겠지 하고 뒤를 돌아보면 아직도 그대는 그자리
1998.03.15~03.21,29,1675497,꽃,언타이틀,꽃,1998.02.01,Dance,유건형,세상 돌고 돌고 물어 뜯고 아우성 치고 서로 잡아 먹지 못해 안달해 너무 차가워졌네 난 돌겠네 이제까지 모든 일들은 덮어요 우리 꽃이 그걸 다 덮어 줄꺼예요 여기 향기 우리 마음 속까지 가득 가득 채워주리 왜 싸워야 하나 왜 짓밟아야 하는가 이러는 현실이 안타까울 뿐 서로가 조금씩 한걸음 양보 하면은 더 좋은 세상 속에 살 수 있을 텐데 우리 모두 같이 하나 되야겠어 사랑의 꽃을 행복의 꽃을 피울 수 있기에 간절히 원하네 평화의 향기를  내가 그토록 원하던 바램이 현실이 되어 우리 곁에 오리 좀더 난 세상에서 난 살고 싶어 난 향기에 취하고만 싶어 난 어 있어 나의 꽃이 저기 앞에 있어 우리 맘속에서 무럭 무럭 자라네 평화의 씨를 뿌리네 마침내 향기가 되었네 왜 싸워야 하나 왜 짓밟아야 하는가 이러는 현실이 안타까울 뿐 서로가 조금씩 한걸음 양보 하면은 더 좋은 세상 속에 살 수 있을 텐데 우리 모두 같이 하나 되야겠어 사랑의 꽃을 행복의 꽃을 피울 수 있기에 간절히 원하네 평화의 향기를 이제는 지쳤어 절망 속에 살아 가야 하는지 흐르는 눈물이 한계 되어 커져가네 우리 모두 같이 하나 되야겠어 사랑의 꽃을 행복의 꽃을 피울 수 있기에 간절히 원하네 평화의 향기를 우리 모두 같이 하나 되야겠어 사랑의 꽃을 행복의 꽃을 피울 수 있기에 간절히 원하네 평화의 향기를 평화의 향기를
1998.03.15~03.21,30,76623,세상의 모든 이별,베이시스,Friends,1997.11,Ballad,심현보,끝인가봐 이제 끝난 일인가봐 날카로운 입맞춤의 기억도 이별을 되돌릴 순 없나봐 마지못해 함께 있는 동안에도 자꾸 시계만 들여다보는 너 이별은 늘 이런 식인가봐 참 많이 울었어 남자답지 못하게 이별이란 늘 이렇게 갑자기 오나봐 아냐 이건 너마저 이럴 순 없어 그토록 간절했는데 이별이란 말로 그 모든 게 없었던 일이라니 살아볼께 다시 돌릴 수 없다면 하지만 이건 기억해줘 언젠가는 너도 누군가의 과거일 수 있다는 걸 참 많이 울었어 남자답지 못하게 이별이란 늘 이렇게 갑자기 오나봐 아냐 이건 너마저 이럴 순 없어 그토록 간절했는데 이별이란 말로 그 모든 게 없었던 일이라니 살아볼께 다시 돌릴 수 없다면 하지만 이건 기억해줘 언젠가는 너도 누군가의 과거일 수 있다는 걸
1998.03.15~03.21,31,76033,유리,이기찬,Indelible Impression,1997.12,Ballad,원태연,음 워허 우워 큰 유리 조각박힌듯 무엇을 해봐도 가슴이 저려 오네 넌 그냥 가긴 미안했는지 모아둔 기억을 모두 조각 내버렸네 모든 기억 쓸어 담으며 이별이없었던 그날들을 떠올려 네 작고 예쁜 손끝마저도 조각난 가슴을 더 아프게 해 하루만 더 머물렀으면 준비할 시간을 주었다면 웃으며 보내고 싶었었는데 발등만 쳐다볼 수 밖에 어깨만 들썩일 수 밖에 나도 끝내 모두 잃어가겠지 안스런 추억들 나마저 잊겠지 이가슴속에 박힌 아픔들 시간에 밀려 아픔조차 없겠지 하루만 더 머물렀으면 준비할 시간을 주었다면 웃으며 보내고 싶었었는데 발등만 쳐다볼 수 밖에 어깨만 들썩일 수 밖에 조심하지 그랬어 기억을 가져가려면 깨지지않게 조심하지 그랬어 워 웃으며 보내고 싶었었는데 발등만 쳐다볼 수 밖에 내가 무얼 할 수있었겠니
1998.03.15~03.21,32,38217,소원,김현성,Kim Hyun Sung Volume.1,1997.10,Ballad,원태연,알고 있죠 이것이 끝이라는걸  두번 다시 볼순 없겠죠  이젠 나아닌 다른 사람과  또 다른 추억들을 만들어 가겠죠   괜찮아요 그대 떠나신대도  추억들은 내맘에 있으니  그저 사랑했었던 기억은  그냥 두고 떠나가세요   언제부턴가 그대없는 날 보죠  그럴때면 나도 모르게 자꾸 눈물이 나요  내가 왜 싫어졌는지 가르쳐 줄순 없나요  아직도 그대 사진은 날 보며 웃고 있는데   우린 여기까진가요 죽어도 난 아닌가요  이해해보고 싶지만 그게 잘 안되나봐요  이제는 끝인걸 알지만  생각의 마지막엔 이러지 말았으면 해요   그쵸 내가 뭔가 잘못한거죠  원하시면 고쳐볼께요 어렵지 않은걸요  내가 왜 싫어졌는지 가르쳐 줄순 없나요  아직도 그대 사진은 날 보며 웃고 있는데   우린 여기까진가요 죽어도 난 아닌가요  이해해보고 싶지만 그게 잘 안되나봐요   다신 울지 않을께요 눈물이 흐를때마다  함께한 지난 추억이 초라해 질테니까요  이제는 끝인걸 알지만  생각에 마지막엔 이러지 말았으면 해요 -
1998.03.15~03.21,33,75082,자꾸 자꾸,일기예보,일기예보 4,1997.10,Ballad,"윤경,나들",I I I need you I I I want you I I I need you I I I want you 새콤한 레몬 향기 같은 너 항상 웃는 너 우와 우와 솜처럼 부드러워 누가 봐도 너 너무 예뻐서 우와 우와 내 눈에만 보였으면 자꾸 자꾸 즐거워 자다가도 즐거워 사뿐히 사뿐히 내게로 와 장난치니 즐거워 아무도 없는 작은 섬에서 너랑 단 둘이서 너랑 나랑 행복하게 살았으면 자꾸 자꾸 즐거워 자다가도 즐거워 사뿐히 사뿐히 내게로 와 장난치니 즐거워 눈 내리는 겨울에도 뜨거운 여름에라도 우린 매일 둘이 매일 Oh happy day 자꾸 자꾸 행복해 자다가도 웃음이 사뿐히 사뿐히 내게로 와 너만 보면 행복해 자꾸 자꾸 즐거워 자다가도 즐거워 사뿐히 사뿐히 내게로 와 장난치니 즐거워 사랑해 사랑해 Yeah
1998.03.15~03.21,34,77893,이제 더 이상,지누션,The Real,1998.01.05,Rap / Hip-hop,,Uh check1 check1 check2 check2 Yo yo yo bring the beat in uh What we bout to bring to you live live Uh from the my family What we gonna face the situation Like this so yo jinu what chu gonna do uh 아주 오래전부터 착각하고 살았던 나이먹은 어른들의 생각들 이제 세상의 비웃음 속에 그 속에 나라 망신속에 내게 남은 건 떨어지는 해를 바라보는 것 어둠 속 그림자에 내가 있는 것 Yo Jinu n sean we in it for da win As my dreams fulfill a new world Begins Boogie woogie Boogie woogie 아직도 금고속에 가득 쌓아놓은 돈 누굴 위해선가 너의 얘기는 아닌가 나 하나라는 생각이 나라를 무너뜨리고 있다 구십 팔년 시커먼 날들의 주인공이다 사치와 낭비속에 찌들어버린 공주병에 걸린 아줌마 so what 더 이상 이제 더 이상 더러워진 세상 지켜볼 순 없다 Uh what u wanna do uh 바꿔야 한다 더 이상 이제 더 이상 더러워진 세상 외면할 순 없다 Uh what u wanna do yo yo yo 여기저기서 찔러 넣는 까맣게 썩어버린 돈들 돈으로 명예를 사고 친구를 샀던 썩어버린 인간들 Yo check it 그리고 one two 모두 버려 그 잘났던 네 모습을 이젠 모두 버려 미처 우리들의 future wo 왜 지금까지 생각하지 못했나 Kickstart right from da heart hip hop Teddy on da one danny grab da second part it Goes one to da gut two to the Dome Teddy가 한말 모두 틀리지 않아 이젠 날 바라봐 또 지켜봐 You need da9 double 1 messin wit My action M F property real propah 거짓된 너를 하루 빨리 벗어나야 해 더 이상 이제 더 이상 더러워진 세상 지켜볼 순 없다 Uh what u wanna do uh 바꿔야 한다 더 이상 이제 더 이상 더러워진 세상 외면할 순 없다 Uh so cheek1 cheek2 Now this is the way that is gonna go down Gonna go down gonna go down Jinu n sean commin with the lock down With the lock down with the lock down This is the way that is gonna go down Donna go down gonna go down You wanna break the dollar Then you better slow down Cause this is the way that is gonna go down 내 말을 들어봐 너의 머리속을 채운 아픈 생각들로 하여금 이제부터는 욕심과 자만심과 uh 이기심과 너와 날 지배하는 뿌리 깊은 생각과 날려 버려야만 해 바꿔야만 해 우리가 함께 할 수 있는 날을 기다려야 해 너 혼자 사는 세상이 아닌 이상 이제 그 무엇도 더럽히질 않길 바래 더 이상 이제 더 이상 더러워진 세상 지켜볼 순 없다 uh 바꿔야 한다 더 이상 이제 더 이상 더러워진 세상 외면할 순 없다 oh 바꿔야 한다
1998.03.15~03.21,35,76252,내안의 그대,업타운,Represented... Now Believe,1997.10.30,Rap / Hip-hop,정연준(업타운),늘 나의 얼굴을 스치던  너의 머리카락 대신  이제 나의 귓가를 간지럽히는 건  베개를 적시며 흐르는 눈물뿐  너와 함께 하던 시간을  이제 무엇으로 보낼까  추억만으론 내앞에 있는  이 많은 시간을  모두 다 채울 순 없는데  모두다 그대를 잊으라 했지  이렇게 슬퍼하는 날 보고  하지만 그대는 내 안에 있어  곁에 없을 뿐야  난 그대를 기다려   눈물을 감추며  오늘도 지나갔지  돌아올 그대를 위해   나 숨쉬고 있지만  깊은 외로움은 참을 수가 없었어  이렇게 베갤 적시며 추억속에   잠기네  나 그대에게 모두 다 주고  빈가슴속엔 추억만이 남았어  나 그대에게 모두 다 주고  기다림 속에 이밤이 다 가네  모두다 그대를 잊으라 했지  이렇게 슬퍼하는 날 보고  하지만 그대는 내안에 있어  곁에 없을 뿐야  난 그대를 기다려  I'm sittin here  thinking reminiscing  on how good things  used to be now  I remember the time when you  was right here by me side  I can't get you out my mind  you just keep on  making me cry  Baby let's give it  one more try before you  say good bye  I'm spending them   sleepless nights  wishing that you were  holding me tight  cause I still remember that night  when we got into final fight said  that we was over and  we couldn't make  a damn thing go right  Cause you left me high and dry  and I just can't help  but wonder why  너도 생각나니  이 거릴 지나면 함께했던 시간이 항상 기도할께  우리의 사랑은 영원할거란  그 약속을 위해  모두가 그대를 잊으라했지  이렇게 슬퍼하는 날 보고  하지만 그대는 내 안에 있어  곁에 없을 뿐야 난 그대를 기다려  모두가 그대를 잊으라 했지
1998.03.15~03.21,36,74399,주어진 시간 끝에서,유리상자,유리상자,1997.06.01,Ballad,이세준,너의 미소를 차지하던 날 난 처음으로 하늘 앞에서 두 손을 모았지 미래를 꿈꾸지 못하던 내게 죽음에 대한 두려움도 넌 잊게 했었어 이젠 주어진 시간 끝에 누워있는 난 기도하는 너의 눈물 닦아줄 수도 없지만 너무 오래 슬퍼하진 마 난 말야 좋은 추억 더 만들지 못해 아쉬울 뿐인걸 너로 인해 아름다웠던 이 세상 너를 위한 노랠 부르며 나 떠날게 이젠 주어진 시간 끝에 누워있는 난 기도하는 너의 눈물 닦아줄 수도 없지만  내게 남은 마지막 힘을 다해서 함께 했던 시간들을 영원히 기억할꺼야 너무 오래 슬퍼하진 마 난 말야 좋은 추억 더 만들지 못해 아쉬울 뿐인걸 너로 인해 아름다웠던 이 세상 너를 위한 노랠 부르며 나 떠날게
1998.03.15~03.21,37,91285,밀랍천사,자우림,Purple Heart,1997,Rock,김윤아,오늘밤 너는 너무  근사해 보여 너무  행복해 보여 너무  오늘밤 너를 그냥  둔다면 너를 그냥  둔다면 말도 안돼 아우  네 빨간 입술에 입 맞출꺼야 오늘  말해 줄꺼야 오늘  다시는 보내지 않을꺼야 너를  보내지 않을꺼야 너를 차가운 너는  나만의 천사 나만의 것  숨쉬지 않아도 좋아 예예  싸늘한 너는  나만의 연인 나만의 것  말하지 않아도 좋아 예예예예  오늘밤 너는 너무  완벽해 보여 너무  행복해 보여 너무  오늘밤 내게 안겨 웃어봐  내게 안겨 춤춰봐 내게 안겨 아우 차가운 니 피부 널 만지고 싶어  만지고 싶어  싸늘한 눈동자 널 가지고 싶어  가지고 싶어  차가운 너는  나만의 천사 나만의 것  숨쉬지 않아도 좋아 예예  싸늘한 너는  나만의 연인 나만의 것  말하지 않아도 좋아 예예예예  차가운 너는  나만의 천사 나만의 것  숨쉬지 않아도 좋아 예예  싸늘한 너는  나만의 연인 나만의 것  말하지 않아도 좋아 예예예예  오늘밤 너는 너무  근사해 보여 너무  행복해 보여 너무  오늘밤 너를 그냥  둔다면 너를 그냥  둔다면 말도 안돼 아우 차가운 너는  나만의 천사 나만의 것  숨쉬지 않아도 좋아 예예  싸늘한 너는  나만의 연인 나만의 것  말하지 않아도 좋아 예예예예  차가운 너는  나만의 천사 나만의 것  숨쉬지 않아도 좋아 예예  싸늘한 너는  나만의 연인 나만의 것  말하지 않아도 좋아 예예예예  차가운 너는  나만의 천사 나만의 것  숨쉬지 않아도 좋아 예예  싸늘한 너는  나만의 연인 나만의 것
1998.03.15~03.21,38,75841,다시 시작하기,변재원,Present,1997.10,Ballad,유희열,외로운가요 전활걸곳 없는지  누군가와 밤새워 얘기하고 싶을땐 그대 혼자란 느낌이 들겠죠 나 역시 그래요 세상 사는 동안 지치고 상처 받을땐  그대 기댈 사람 나일순 없는지 우리 다시 시작해 봐요 그대여 손을 줘요 부끄러워 말고  그대의 맘을 내게 열어줄 수 있다면 약속해요 내 모자란 부분 조금씩 고칠께요 그대 앞에 언젠가 자랑스런 모습으로 서있을께요 울고 있나요 여린 그대 혼자서  슬픈 노래 듣다가 아픈 기억 떠올라 바보처럼 눈물만 흘리지 나 역시 그래요 내가 약해질 땐 손내밀 곳이 없어요  위로해 줄 사람 그대일순 없는지 우리 다시 시작해 봐요 그대여 손을 줘요 부끄러워 말고  그대의 맘을 내게 열어줄 수 있다면 약속해요 내 모자란 부분 조금씩 고칠께요 그대 앞에 언젠가 자랑스런 모습으로 서있을께요 우리 서로 똑같은 외로움 숨기며 살아왔죠 처음처럼 영원히 변치않는 모습으로 지켜줄 께요
1998.03.15~03.21,39,667127,꿈의 대화,장혜진,Moskito (Single),1997.05.08,Ballad,이승호,아침햇살이 내방창가에  소리없이 내려 앉으면  작은 화분 그속에  나의 어린 꽃들이  지난 밤의  얘길 해주곤해   처음 그대를 만난  그날은 뭐가  그리 궁금했는지  어떤 사람이냐고  무슨 얘길했냐고  정말 나를 귀찮게 했었지  그대여 그대 눈빛만으로  나를 사로잡았었다고  얘길하며 그대를  생각했지 알고 있었어  그대 나의 사랑으로  되리라는 걸  영원할거라고 내 어린  꽃들도 믿었어  어느날인가 수척해있는  나의 어린 꽃을 보았지  밤새 뒤척거리던 나의 그 모습속에 이미 이별인걸  알았나봐  니가 있으니 괜찮을거야  아무 걱정 말라했지만  흘려버린 눈물에 젖어버린  꽃들이 위로 조차 할 수  없었나봐  그대여  정말 사랑했는데  그대 나의 곁엔 아무도  그대 아닌 누구도  안된다던 그대 였잖아  이젠 누가 함께하나  그댄 없는데  영원할거라던  내 어린꽃들도 나처럼  슬픔으로  이렇게 시들어가는데  정말 사랑했는데  그대 나의 곁엔 아무도  그대 아닌 누구도  안된다던 그대 였잖아  다신 사랑할수 없겠지  그대 기억만으로  내 어린꽃들과 추억에  기대어 살겠지  괜찮아질거야 내 어린  꽃들이 있으니
1998.03.15~03.21,40,111477,8월의 크리스마스 (Ending Title),한석규,8월의 크리스마스 OST,1997.01.01,Korean Movie,,이젠 너를 남겨두고 나 떠나야 해 사랑도 그리움도 잊은 채로 고운 너의 모습만은 가져가고 싶지만 너 추억하면 할수록 자꾸만 희미해져 태연한 척 웃고 있어도 너의 마음 알아 마지막으로 한 번만 나의 손을 잡아주렴 지금 이대로 잠들고 싶어 가슴으로 널 느끼며 영원히 깨지 않는 꿈을 꾸고 싶어 태연한 척 웃고 있어도 너의 마음 알아 마지막으로 한 번만 나의 손을 잡아주렴 지금 이대로 잠들고 싶어 가슴으로 널 느끼며 영원히 깨지 않는 꿈을 꾸고 싶어  .
1998.03.15~03.21,41,75442,다짐,이정봉,Misty,1997,Ballad,김혜선,너를 미워하고 원망했던 많은 날들 그 맘도 사랑이었나 바보처럼 다른 누군가를 만난다는 소식 앞에 왜 내가 서러운 걸까 바보처럼  겨우 이렇게 되기 위해 널 사랑했었나 나 울부짖지만 기다린거야 믿고 싶지 않은 너의 이별까지 감싸안은 채 자꾸 눈물이 나 니가 남긴 상처 앞에 무엇을 더 잡겠다고 바보처럼  겨우 이렇게 되기 위해 널 사랑했었나 나 울부짖지만 잊고 말거야 지우고 말거야 너를 위했던 내 사랑까지도  널지운 그리움에 휘청이는 날 잡고 겨우 이렇게 되기 위해 널 사랑했었나 나 울부짖지만 잊고 말거야 지우고 말거야 너를 위했던 내 사랑까지도 이젠 모두 기억 저편에 안녕
1998.03.15~03.21,42,4101675,언제나 겨울,봄여름가을겨울,Grrrng!,2013.04.30,Rock,김종진,차가운 바람 불어  가녀린 어깨 스쳐가면 떨치려 애를 써도  텅 빈 가슴 언제나 겨울 우린 서로 기댈 곳이 필요해 세상은 너무도 외로운 곳이잖아 다시 떠난다는 말은 말아줘 힘겨운 나를 위해 곁에 있어줘 너마저 내 곁을 떠나면  난 기댈 곳이 없어 곁에 있어줘 작은 세상 속에서  언제나 혼자이긴 싫어 떨치려 애를 써도  텅 빈 가슴 언제나 겨울 우린 서로 기댈 곳이 필요해 세상은 너무도 외로운 곳이잖아 다시 떠난다는 말은 말아줘 힘겨운 나를 위해 곁에 있어줘 너마저 내 곁을 떠나면  난 기댈 곳이 없어 다시 떠난다는 말은 말아줘 힘겨운 나를 위해 곁에 있어줘 너마저 내 곁을 떠나면  난 기댈 곳이 없어 곁에 있어줘 떨치려 애를 써도  텅 빈 가슴 언제나 겨올
1998.03.15~03.21,43,75798,이별,이지훈,Love And Forever,1997.10.17,Ballad,하해룡,너를 보내고 돌아오는길 이제는 끝인걸 알아 나의 �晝凋응� 바라보던 널 잊을순 없겠지 눈물 흘리며 돌아오라는 너의 마지막 그말을 그저 외면하며 돌아섰던 난 더욱 더 슬펐어 하지만 사랑 했잖아 잡을수 없는 현실이 미울 뿐이야 괜찮아 아파해선 안돼 나의 모든걸 주었으니 사랑해 널 죽는 날까지 내마음 언제나 너 하나뿐인걸 너도 알고 있잖아 사랑해 이별 까지도 널 위해서 라면 더이상 사랑받지 못해도 지켜줄께  하지만 사랑 했잖아 잡을수 없는 현실이 미울 뿐이야 괜찮아 아파해선 안돼 나의 모든걸 주었으니 사랑해 널 죽는 날까지 내마음 언제나 너 하나뿐인걸 너도 알고 있잖아 사랑해 이별 까지도 널 위해서 라면 더이상 사랑받지 못해도 지켜줄께
1998.03.15~03.21,44,76638,너와 함께,김성욱,Kim Sung Wook D.C,1997.01,Dance,"이현도,김성욱",오 영원한 건 없어 완전한 건 없어 하지만 니 앞엔 내가 있어 걱정할 건 없어 슬퍼할 건 없어 널 위한 내 사랑이 있으니 가끔은 미안한 표정으로 날 걱정하는 얼굴까지도 사랑하고 있어 내 가슴이 부서지도록 아직은 젊은 우리들 앞에 완전한 사랑은 없다 말하는 슬픈 너의 그 생각도 나는 바꿀수 있어 너를 위해 오 영원한 건 없어 완전한 건 없어 하지만 니 앞엔 내가 있어 걱정할 건 없어 슬퍼할 건 없어 널 위한 내 사랑이 있으니 나의 내안에서 아름다운 너의 그모든걸 이렇게 사랑해 늘 같이한 우리 함께 이제 영원한 이렇게 다짐하는 나의 마음을 너의 가슴 깊이 깊이 간직해줘 나의 삶을 그림 그려주는 니옆에 내가 우리 언제나 함께할께  어떤 어려움에 앞에서도 널위해 무너질수는 없어 다짐하겠어 나는 언제나 용감하겠어 너를 위해 오 영원한 건 없어 완전한 건 없어 하지만 니 앞엔 내가 있어 걱정할 건 없어 슬퍼할 건 없어 널 위한 내 사랑이 있으니 니가 슬플때 너의 눈물에 입맞춰주리 나의 가슴속에 살아있는 고동을 들려주리 오 영원한 건 없어 완전한 건 없어 하지만 니 앞엔 내가 있어 걱정할 건 없어 슬퍼할 건 없어 널 위한 내 사랑이 있으니 오 영원한 건 없어 완전한 건 없어 하지만 니 앞엔 내가 있어 걱정할 건 없어 슬퍼할 건 없어 널 위한 내 사랑이 있으니 오 영원한 건 없어 완전한 건 없어 하지만 니 앞엔 내가 있어 걱정할 건 없어 슬퍼할 건 없어 널 위한 내 사랑이 있으니 널 위한 내 사랑이 있으니
1998.03.15~03.21,45,38667,금지된 사랑,김경호,Kim:Kyungho 1997,1997,Rock,강은경,울지 마  여기에 새겨진  우리 이름을 봐  소중한 초대장이  젖어버리잖아  슬퍼마 너의 가족들이  보이지 않아도  언젠간 용서할  그 날이 올 거야  내 사랑에 세상도 양보한 널  나 끝까지 아끼며 사랑할게  약속 해줘 서로만 바라보다  먼 훗날 우리 같은 날에 떠나  각오해  내게 무릎 꿇은  세상의 복수를  많은 시련 준대도  널 위해 견딜게  내 사랑에 세상도 양보한 널  나 끝까지 아끼며 사랑할게  약속해줘 서로만 바라보다  먼 훗날 우리 같은 날에 떠나  긴 세월 흐른 뒤 돌아보아도  아무런 후회 없도록  단 하룰 살아도  너 행복 하도록 만들 거야  내 사랑에 세상도 양보한 널  나 끝까지 아끼며 사랑할게  약속해줘 서로만 바라보다  먼 훗날 우리 같은 날에 떠나  baby 사랑할게
1998.03.15~03.21,46,1708683,사랑의 송가,CucinaAcoustica,접속 OST,1997.09.11,Korean Movie,,
1998.03.15~03.21,47,76654,탈출,젝스키스,Welcome To The Sechskies Land,1997.11.01,Dance,김영아,그만 좀 떠들어 닥쳐 우리가 뭘 또 잘못해 잔인한 처벌 죄인이라 하는가 그만 좀 내비둬 멈춰 우리가 뭘 또 위험해 무서운 매질 쫓아내려 하는가 난 또 저녁식탁 앞에 차가운 시선을 삼키며 밥 대신 욕을 먹었어 우하 옆집에 누구는 어느대 갔다더라 너 한테 갖다 부은게 얼만 줄 넌 알고 있냐 얼마나 잔소릴 퍼 먹고 있었는지 터질 듯 배 불렀어 켜면 켜면 텔레비젼 켜면 또 우릴얘길 늘어놓는 저명한 인사 날 어디서 봤다고 아는 척 참견이야 정말 웃기지도 않았어 한 시간 넘도록 침이 튀어라 얘길해도 결국 대책없이 끝이 날껄 그렇게 쓸데없이 왜 남의 얘길 하냔 말야 말이야 그만 좀 떠들어 닥쳐 우리가 뭘 또 잘못해 잔인한 처벌 죄인이라 하는가 그만 좀 내비둬 멈춰 우리가 뭘 또 위험해 무서운 매질 쫓아내려 하는가 가로막힌 편견에 묶여 더는 갈데가 없어 도망치듯 쫓기는 나를 몰아세워 욕하지마 날 용서해줘 하나같이 등돌린 침묵안에 숨이 막혀와 이제 내가 원하는 자아를 찾아 떠나가겠어 그만 좀 떠들어 닥쳐 우리가 뭘 또 잘못해 잔인한 처벌 죄인이라 하는가 그만 좀 내비둬 멈춰 우리가 뭘 또 위험해 무서운 매질 쫓아내려 하는가 HEY 너 WHAT'S UP 너도 나왔어 그래 나왔어 너같은 앤 지겹대 혼자 나가 살래 하나같이 나같은 별종을 돌보기 힘들다고 추방당했어 등을 돌린 침묵의 매 더 갑갑해 난 내발로 탈출했어 자 우린 이제 어디로 갈까 넓은 우주 그 곳에 가 그만 좀 떠들어 닥쳐 우리가 뭘 또 잘못해 잔인한 처벌 죄인이라 하는가 그만 좀 내비둬 멈춰 우리가 뭘 또 위험해 무서운 매질 쫓아내려 하는가 더는 갈 곳이 없어 꽉꽉꽉 막혀 더는 쉴 곳이 없어 바바바바바 더는 갈 곳이 없어 꽉꽉꽉 막혀 더는 쉴 곳이 없어 바바바바바 그만 좀 떠들어 닥쳐 우리가 뭘 또 잘못해 잔인한 처벌 죄인이라 하는가 그만 좀 내비둬 멈춰 우리가 뭘 또 위험해 무서운 매질 쫓아내려 하는가
1998.03.15~03.21,48,91274,거위의 꿈,카니발,Carnival (이적+김동률 프로젝트 앨범),1997.05.04,Ballad,이적,난 난 꿈이 있었죠  버려지고 찢겨 남루하여도  내 가슴 깊숙이 보물과 같이   간직했던 꿈  혹 때론 누군가가  뜻 모를 비웃음  내 등뒤에 흘릴때도  난 참아야 했죠 참을 수 있었죠  그 날을 위해  늘 걱정하듯 말하죠  헛된 꿈은 독이라고  세상은 끝이 정해진 책처럼  이미 돌이킬수 없는  현실이라고  그래요 난 난 꿈이 있어요  그 꿈을 믿어요 나를 지켜봐요  저 차갑게 서 있는  운명이란 벽앞에  당당히 마주칠 수 있어요  언젠가 난 그벽을 넘고서  저 하늘을 높이 날을수 있어요  이 무거운 세상도  나를 묶을순 없죠  내 삶의 끝에서  나 웃을 그날을 함께해요 늘 걱정하듯 말하죠  헛된 꿈은 독이라고  세상은 끝이 정해진 책처럼  이미 돌이킬수 없는  현실이라고  그래요 난 난 꿈이 있어요  그 꿈을 믿어요 나를 지켜봐요  저 차갑게 서 있는  운명이란 벽앞에  당당히 마주칠 수 있어요  언젠가 나 그벽을 넘고서  저 하늘을 높이 날을 수 있어요  이 무거운 세상도  나를 묶을 순 없죠  내 삶의 끝에서  나 웃을 그날을 함께해요
1998.03.15~03.21,49,74461,We Are The Future,H.O.T.,Wolf and Sheep,1997.07.05,Dance,유영진,10 9 8 7 6 5 4 3 2 1  Hey Everyboby look at me  이제는 모든 세상의 틀을  바꿔버릴거야  내가 이제 주인이 된거야  어른들의 세상은 이미 갔다  낡아 빠진 것 말도 안되는  소린 집어 치워  The future is mine  1 2 and 3 and 4 and Go  아직까지 우린 어른들의  그늘 아래 있어  자유롭지 않은데  이런저런 간섭들로 하룰  지새우니  피곤할 수 밖에  언제까지 우릴 자신들의  틀에 맞춰야만  직성이 풀리는지  하루 이틀 날이 갈수록  우린 지쳐 쓰러질 것 같아  난 내 세상은 내가 스스로  만들거야  똑같은 삶을 강요하지마  내 안에서 꿈틀대는 새로운 세계  난 키워가겠어  we are the future  집어쳐 난 지금부터  내 인생의 주인은 나라 말하겠어  또 믿겠어 믿겠어  잘해 나갈거라 나는 믿겠어  Hey hey  이제 다시 내 인생에  참견하지 말아줘요  I don't need you  I don't wanna help you  we want it 우혁이 Let's go  we are the future  한 번쯤 나도 생각했었지  내가 어른이 되면 어떤 모습일까  항상 이런 모습으로  살 수 있을까 oh baby  난 내 세상은 내가  스스로 만들거야  똑같은 삶을 강요하지마  내 안에서 꿈틀대는  새로운 세계 난 키워가겠어  난 내 세상은 내가  스스로 만들거야  똑같은 삶을 강요하지마  내 안에서 꿈틀대는  새로운 세계 난 키워가겠어  we are the future
1998.03.15~03.21,50,76227,침묵의 기록,이승환,His Ballad,1999.09,Ballad,이승환,왜 나를 떠나 보내냐고 맘에도 없는 물음에 내 오랜 힘겨운 사랑은 비로소 끝이 났죠 내게서 슬픔을 찾으려 애쓰던 그 잔인한 사람들 무엇이 알고 싶었나요 무엇을 위해선가요 날 그만 내버려 둬요 충분히 아파했으니 외로워 해야만 나인 것 같아요 내가 짊어져야 하는 난 또 다른 사랑이 있기는 할까요 그건 사랑일까요 왜 그댄 떠나간 뒤에도 나를 힘들게 하고 있나요 여전히 그댄 예쁘군요 나 정말 아니죠  외로워 해야만 나인것 같아요 내가 짊어져야 하는 난 또 다른 사랑이 있기는 할까요 그건 사랑일까요  헤어진 후에야 그녀는 내게서 편히 쉴 수 있을거에요  날 인내해 왔던 그 시간들을 침묵 속으로 묻은 채
