time,rank,song_id,title,singers,album,date,genre,creator,lyric
1999.02.07~02.13,1,66554,미절 (Misery),쿨(COOL),Cool 4.5,1999.01,Dance,이승호,누가 좀 나를 도와 주세요   제발 한번만 날 살려주세요   이러다가 정말로   제 명에 죽지 못할것 같아요   내가 어디있는지 내가 무엇을   하고있든지   나의 여자친구는 어떻게 알고   귀신같이 나타나   보고싶어 그랬어 너를 너무   사랑하니까   함께 있고 싶은데 그런 적이  없잖아  착각하지 좀마  우린 그냥 사귀는 친구일  뿐이잖아  물론 친구보다 조금은 더  특별한 사인건 인정해  사랑이라는 건  소유할 수 없는데 왜 나를 괴롭혀  괴로워 하는 니가 더  오히려 이상해  미저리 미저리 무서워  내 청춘을 돌리도 내 미래를  뚫어줘요  전생에 무슨죄로 이렇게  너를 만나  고생바가지야 오리아리 알라리  알라리요 조금만 나와 연락 안돼도   발칵 세상이 난리가 나지요  우리집의 가족들  내 친구 모두 그녀가 통화해  너무한다 싶어서  한번 이렇게 또 물어보았죠  뭐가 되고 싶냐고  그녀의 대답 나의 그림자래요  알고 있어 니맘을  이런 내가 귀찮아지는 걸  하지만 어쩔 수 없어  너를 버릴 순 없어  싹뚝 끊어버려  가위처럼 어긋난 우리의  인연들을  싹뚝 끊어버려  우리 처음 만났던 시간을 모두 다  자유 그것까진  바라지도 않을게 잠만 좀 재워줘  그러지 말고 모든걸 업보라  생각해  도와줘요 살려줘요  사는게 사는게 아니예요   그녀 괴롭힘에  친구들도 이제는 연락조차  안해요  정말 이리저리  뛰어봤자 그녀의 손바닥 안인걸  언젠가 알게 될거야  힘든 내 사랑을
1999.02.07~02.13,2,88119,Kiss Me,박진영,Kiss Me,1998.12,Dance,박진영,나의 머리엔 온통 그대의 생각뿐  나의 마음엔 온통 그대의 모습뿐  꿈속에서도 그댄 날 떠나질 않네  오 내가 사랑에 빠지나봐  그대 미소에 내 맘 노래를 부르고  그대 손길에 내 몸 오 춤을 추고  그대 눈빛에 나의 영혼이 물들고  사랑이란 노을로 물들고  Kiss me Oh baby 바로 여기 baby  Touch me Oh baby 나를 안아줘  Show me Oh baby 너의 맘을 baby  Love me Oh baby 언제까지나  어딜보아도 내겐 그대만 보이고  뒤돌아서도 그대 음성이 들리고  눈을 감아도 그대 향기에 눈뜨고  오 내가 사랑에 빠졌나봐  나의 하늘엔 그대 별이 빛나고  나의 바다엔 그대 파도가 치고  나의 가슴엔 그대 바람이 불어오고  사랑이란 바람이 불어오고  Kiss me Oh baby 바로 여기 baby  Touch me Oh baby 나를 안아줘  Show me Oh baby 너의 맘을 baby  Love me Oh baby 언제까지나  그대만 보면 뛰는 가슴은 멈출 줄 모르고 그댈 바라보는 뜨거운 시선 식을 줄 모르고 그댈 향한 내 사랑은 점점 더욱 커져만 가고 오 날 제발 피하지 말아줘 Kiss me Oh baby 바로 여기 baby Touch me Oh baby 나를 안아줘 Show me Oh baby 너의 맘을 baby Love me Oh baby 언제까지나
1999.02.07~02.13,3,83437,여전히 아름다운지,김연우,A Night In Seoul,1999.01,Ballad,유희열,첨엔 혼자라는게 편했지 자유로운 선택과 시간에 너의 기억을 지운 듯 했어 정말 난 그런줄로 믿었어 하지만 말야 이른 아침 혼자 눈을 뜰때 내 곁에 니가 없다는 사실을 알게 될 때면 나도 모를 눈물이 흘러 변한 건 없니 날 웃게 했던 예전 그 말투도 여전히 그대로니 난 달라졌어 예전만큼 웃질 않고 좀 야위었어 널 만날때 보다 나를 이해해 준 지난 날을 너의 구속이라 착각했지 남자다운 거라며 너에겐 사랑한단 말조차 못했어 하지만 말야 빈 종이에 가득 너의 이름 쓰면서 네게 전화를 걸어 너의 음성 들을 때 나도 모를 눈물이 흘러 변한 건 없니 내가 그토록 사랑한 미소도 여전히 아름답니 난 달라졌어 예전만큼 웃질 않고 좀 야위었어 널 만날때 보다 그는 어떠니 우리 함께한 날들 잊을 만큼 너에게 잘해주니 행복해야돼 나의 모자람 채워줄 좋은 사람 만났으니까
1999.02.07~02.13,4,91309,어머님께,god,Chapter 1,1999.01,Ballad,박진영,어머니 보고싶어요  어려서부터 우리집은 가난했었고 남들 다하는 외식 몇번 한적이 없었고 일터에 나가신 어머니 집에 없으면 언제나 혼자서 끓여 먹었던 라면 그러다 라면이 너무 지겨웠어 맛있는것 좀 먹자고 대들었었어 그러자 어머님은 마지못해 꺼내신 숨겨두신 비상금으로 시켜주신 자장면 하나에 너무나 행복했었어 하지만 어머님은 왠지 드시질 않았어 어머님은 자장면이 싫다고 하셨어 어머님은 자장면이 싫다고 하셨어 야이야아아 그렇게 살아가고 그렇게 후회하고 눈물도 흘리고 야이야아아 그렇게 살아가고 너무나 아프고 하지만 다시 웃고 중학교 일학년때 도시락 까먹을 때 다 같이 함께 모여 도시락 뚜껑을 열었는데 부잣집 아들 녀석이 나에게 화를 냈어 반찬이 그게 뭐냐며 나에게 뭐라고 했어 창피해서 그만 눈물이 났어 그러자 그녀석은 내가 운다며 놀려댔어 참을 수 없어서 얼굴로 날아간 내 주먹에 일터에 계시던 어머님은 또 다시 학교에 불려오셨어 아니 또 끌려오셨어 다시는 이런 일이 없을거라며 비셨어 그 녀석 어머님께 고개를 숙여 비셨어 우리 어머니가 비셨어 야이야아아 그렇게 살아가고 그렇게 후회하고 눈물도 흘리고 야이야아아 그렇게 살아가고 너무나 아프고 하지만 다시 웃고 아버지 없이 마침내 우리는 해냈어 마침내 조그만 식당을 하나 갖게 됐어 그리 크진 않았지만 행복했어 주름진 어머님 눈가에 눈물이 고였어 어머니와 내 이름에 앞 글자를 따서 식당 이름을 짓고 고사를 지내고 밤이 깊어가도 아무도 떠날줄 모르고 사람들의 축하는 계속되었고 자정이 다 돼서야 돌아갔어 피곤하셨는지 어머님은 어느새 깊이 잠이 들어 버리시고는 깨지 않으셨어 다시는 난 당신을 사랑했어요 한번도 말을 못했지만 사랑해요 이젠 편히 쉬어요 내가 없는 세상에서 영원토록 야이야아아 그렇게 살아가고 그렇게 후회하고 눈물도 흘리고 야이야아아 그렇게 살아가고 너무나 아프고 하지만 다시 웃고 야이야아아 그렇게 살아가고 그렇게 후회하고 눈물도 흘리고 야이야아아 그렇게 살아가고 너무나 아프고 하지만 다시 웃고
1999.02.07~02.13,5,1786618,이야기 속으로,조pd(ZoPD),In Stardom,1999.01,Rap / Hip-hop,조pd(ZoPD),oh 조PD in stardom yeah yeah yeah yeah yeah yeah yeah yeah yeah yeah yeah yeah yeah 시대와 또 세상따라  여기까지 왔어 바람따라 떠나가도  무슨 소용 있나 여기를 봐라 눈을 떠라 봐라 다가와라 와라 봐라 느껴봐라 조PD를 저기 서서 조삐리를 그런 조삐리도 좋아하는  조PD는 처음부터  걱정일랑 없었지 변해버렸지 세월가니 잊혀버렸지 하는말 싫어하는 말 듣기 싫은 말도 걱정 안돼 아니 걱정 안해 오래 상하면 안돼 사랑 노래하라 질질 짜라 이제 그만 바꿔라 너의 맘을 스타일을 그렇게 타이르는 너는 누구도 내 마음을 바꿀 순 없어 야 야 야 캡 바쁜 사람이든 집구석 백수든 어디서 뭘 하든 바보가 아니면 모두 같지 힘이 들지 사는 건 쉽지만은 않지 하지만 외롭진 않지 적어도 고 정도는 되지 oh 자꾸 그러면 좆되지 이제는 점점 커가지 늙어가지 그럴수록 점점 우리의  세상이 오지 아직 끝나지 않았지 할말은 더 있지 누구나 사연은 많지 그게 좋은거든 나쁜거든 배울 점은 있지 그 경험이 있기에 우린 어른이 되지 비로소 다 큰거지 우리에겐 자욱한 먼지 얼룩지게한 건 바로 너지 바른 생활은 없지 어릴 적 국민학교에서 배운 건 아무도 않지 그게 현실이지 그게 싫지 자유로와 이제 너는 날아 가슴에 묻힌 답답한 말 모두 모두 잊었어 묻었어 이젠 털어 버려봐 이제는 누가 누구던 니가 누구던 누가 뭐래던 상관없는 거지 야 참 많이 많이도 놀았어 맨날 맨날 노는게 뭐그리 좋니 뭘그리 꼬치꼬치 묻니라고  말하겠지 물론 그렇겠지 서로 각자 가진 성격이지 뭐라 할 수 없지 니 영혼이 웃지 서로 공평하게 하는 GAME에 왜 깨냐고 왜 깨냐고 판깨지 말라고 그래 그래 참 재미있는  GAME이구나 참 길기도 한 짧기도 한  GAME 이구나 GAME이라 생각하니 좀 가볍구나 그렇게 생각 하니 좀 살겠구나 그럼 난 노래나 하련다 한평생 시대와 또 세상따라  여기까지 왔어 자유로와 이제 너는 날아 가슴에 묻힌 답답한 말 모두 모두 잊었어 묻었어 이젠 털어 버려봐 이제는 누가 누구던 니가 누구던 누가 뭐래던 상관없는 거지 야 자유로와 이제 너는 날아 가슴에 묻힌 답답한 말 모두 모두 잊었어 묻었어 이젠 털어 버려봐 이제는 누가 누구던 니가 누구던 누가 뭐래던 상관없는 거지 야 자유로와 이제 너는 날아 가슴에 묻힌 답답한 말 모두 모두 잊었어 묻었어 이젠 털어 버려봐 이제는 누가 누구던 니가 누구던 누가 뭐래던 상관없는 거지 야
1999.02.07~02.13,6,81075,1tym,원타임,One Time For Your Mind,1998.11,Rap / Hip-hop,송백경,알겠어 와 와 우리도 지금까지   how how 너무도 긴 시간을   foul foul   참아왔던 것 you know what   the time how we kick right now  우리가 모든 것을 엎어 엎어 지금  이곳에서 벗어나고 싶어  oh my god 너희 모둘 기다려온 1tym 처럼 다시 시작하는 거야 다같이 bow wow wow yippy  to then 똑같이 반복됐던  손짓속에   이제껏 소리쳐 댓었던 바보같던   너의 거짓된 눈 바로 떠   무엇이 보이나 무엇을 원하는가   구겨졌던 어제와 오늘의   네 미래 자신있게 with the   1tym track  1tym is one time for your   mind 원하는 것을 다   너에게 주겠어  우리는 1tym 조금씩 다가와   우리 함께 가는 거야 이대로  아직도 뭔말인지 또 뭔소린지   왜 알아듣지 못할 말로 지껄이지  yo t.e. to the d 이제는 말하지  excuse me  사라져버려 모두 다가가 진실들을 향해  전부 다가가 느끼니  우리 hiphop 속에 감춰진 자유  그 누구도 따라할 수 없는걸 자 때가 왔어 빨리 모든걸  너희들이 가려줄 시간들이  눈앞에 서있지 이제 모두가 깨달아야 하지 함께 1tym을  크게 외쳐봐 우리는 영원할거야 보다 멀리  더 멀리 날아가리 저 높은 곳에 우리 모두  하나가 되리 1tym is one time for  your mind 원하는 것을  다 너에게 주겠어 우리는 1tym 조금씩 다가와  우리 함께 가는 거야 이대로 1tym is one time for your  mind 원하는 것을 다  너에게 주겠어 우리는 1tym 조금씩 다가와  우리 함께 가는 거야 이대로  1tym 조금씩 다가와 우리  함께 가는 거야 이대로  1tym is one time for your  mind 너에게 주겠어
1999.02.07~02.13,7,4383670,배웅,윤종신,Just Piano,2014.01.03,Ballad,내가좋아하는윤종신작사작곡노래모음집gpgpdg좋아요총건,머나먼 길 떠나는 사람처럼  마치 배웅 나온것처럼  다시 돌아올 것 같은  그대 사라질때 까지 보네  한번만 더 안아보고 싶었지  내 가슴이 익숙한 그대  안녕이라 하지않은 이유  그댄 알고있나요  아무것도 바꾸지 않겠어요  모든것을 지금 그대로  갑자기 그대 돌아온대도  전혀 낯설지 않도록  언제 어디라도 내겐 좋아요  혹시 나를 찾아준다면  내가 지쳐 변하지않기를  내 자신에게 부탁해  이렇게해야 견딜수있을거야  영영 떠나갔다 믿으면  내가 포기해야 하는 남은 날들이  너무 막막해  아무것도 바꾸지 않겠어요  모든것을 지금 그대로  갑자기 그대 돌아온대도  전혀 낯설지 않도록  언제 어디라도 내겐 좋아요  혹시 나를 찾아준다면  내가 지쳐 변하지않기를  내 자신에게 부탁해  아무도 날 말리지않을거예요  잊지 못할걸 알기에  그냥 기다리며 살아가도록  내 내 꿈꾸듯살도록  그대 혹시 다른사람  만나면 내가 알수없게해주길  그대 행복 빌어주는  나의 처량한 모습 두려워
1999.02.07~02.13,8,91310,순정 (純情),KYT(코요태),코요태 I,1999.01.13,Dance,최준영,순정   (純情)워워워 워워워   워워워워워워워   워워워 워워워  워워워워워워워  나를 포기했어 너만  사랑했어  그것만으로도 부족했었나  바보 같은 내게 내게  이럴 수 있어  영원히 함께 있자고  죽어도 같이 죽자고  눈물로써 맹세했는데  다 필요 없어  너의 행복 찾아 나를 떠난다면  이제 와서 나는 어떡하라고  다시 생각해봐 내게  이러면 안돼  너 없인 살 수가없어  제발 날 도와 달라고  애원하며 붙잡고싶어  워워워 워워워  워워워워워워워  워워워 워워워  워워워워워워워  어느날 갑자기 슬픈  내게로 다가와  사랑만 주고서 멀리  떠나가 버린 너  get down and find yo cutie  jump around and shake  yo booty  이해 못해 너의 그런 의미  why me 진정 나를 사랑했니  heart breakin love rackin  너에게 모든 걸 맡긴 now  you packin  왜 착한 나를 자꾸 울려  don't wanna let's you go  사랑하면 뭐해 정은 줘서 뭐해  순정 받쳐 고작 눈물뿐인데  사랑한게 죄야 너를  원망 않겠어  나 떠나 행복하기를 간절히  기도할께요  단 내 사랑은 잊지 말아줘  워워워 워워워  워워워워워워워  워워워 워워워  워워워워워워워  어느날 갑자기 슬픈  내게로 다가와  사랑만 주고서 멀리  떠나가 버린 너
1999.02.07~02.13,9,1816950,불멸의 사랑,조성모,To Heaven,1998.09.06,Ballad,양정승,나 가진것 없지만 널 사랑했다는 이유로 저 다른세상 힘에 겨워도 후회하진 않을거야 내 아름다운 사랑 너 슬퍼도 울진 말아줘 너 네게 줄 수 있는 사랑을 이젠 모두다 이뤘으니 영원히 널 사랑해 괜찮아 내 모든걸 준대도 나 이 세상을 살아도 너 없이는 힘이 들어 남아있는 내 삶을 널 위해 바칠게 넌 어려워마 그리고 행복하게 살아줘 넌 몰랐을거야 나의 존재도 어서 자유를 찾아서 멀리 떠나가줘 그렇게 서 있지마 늦기전에 뒤돌아 볼 것도 없이 날 잊어줘 영원히 널 사랑해 괜찮아 내 모든걸 준대도 나 이 세상을 살아도 너 없이는 힘이들어 남아있는 내 삶을 널 위해 바칠게 넌 어려워마 그리고 행복하게 살아줘 행복하게 살아줘
1999.02.07~02.13,10,91307,미안해 널 미워해,자우림,연인(戀人),1998.11,Rock,"김윤아,이선규",기억 나지 않아 어젯밤 꿈조차 지우려고 했던게 아닌데 잠들지 않도록 널 부르며 눈 감았지 사무쳐 그리지는 않았지 미안해 널 미워해 이대로 인걸 이해해 넌 그렇게 그대로 인걸 꿈꾸지 않기를 눈 감으며 기도했지 사무쳐 그립지는 않았지 미안해 널 미워해 이대로 인걸 이해해 넌 그렇게 그대로 인걸 그래 나 널 지우려고 해 널 보내려고 해 이제 지쳤어 미안해 널 미워해 이대로 인걸 이해해 넌 그렇게 그대로 인걸 미안해 널 미워해 이대로 인걸 어느새 난 빗물에 젖어 슬픈 새 미안해 널 미워해 이대로 인걸 이해해 넌 그렇게 그대로 인걸
1999.02.07~02.13,11,75068,Dreams Come True,S.E.S.,S.E.S. 2,1998.11,Dance,,내가 원하는 대로 자신 있는 모습 그대로 이제껏 숨겨 왔던 비밀을 네게 모두 말하고 싶어 baby Funny how all dreams come true 나를 지켜줄거야 아껴왔던 작은 사랑도 Funny how I feel for you 너의 곁에 그려질 꿈결같은 나의 미래도 처음 느낌 그대로 짜릿했던 느낌 그대로 서로가 약속했던 것처럼 같은 생각 갖고 있었지 baby Funny how all dreams come true 나를 지켜줄꺼야 아껴왔던 작은 사랑도 Funny how I feel for you 너 하나만 사랑해 Come on lover 언제나 둘이 함께 네가 있는 나 행복할 거에요 더 이상 슬픈 노래는 듣지 않을 거예요 내 맘을 알겠죠 Dreams come true 나를 지켜줄거야 아껴왔던 작은 사랑도 Funny how I feel for you 너의 곁에 그려질 꿈결같은 나의 미래도
1999.02.07~02.13,12,611989,Yesterday (Newmix Version),김정민,Yesterday (From Christmas To Christmas),1998,Ballad,하해룡,아무런 말도 하지 않고 내 곁을 떠나가줘 우우 미안하다는 말은 하지마 그대에 두 눈에 흐르는 눈물은 볼 수 없어 우우 더 이상 부담줄 수 없는 거야 이해해 그대 나에게 이별을 말하기가 너무나 힘이 들어 했을꺼야 괜찮아 지난날처럼 만날 수가 없어도 이 하늘 어디에선가 그대 고마워 그대를 사랑할 수 있어서 하지만 못다한 사랑에 내 맘이 아파와 미안해 아직도 그대를 잊지 못해 워 힘들어 하는 나 이해해 그대 나에게 이별을 말하기가 너무나 힘이 들어 했을꺼야 괜찮아 지난 날 처럼 만날 수가 없어도 이 하늘 어디에선가 그대 고마워 그대를 사랑할 수 있어서 하지만 못다한 사랑에 내 맘이 아파와 미안해 아직도 그대를 잊지 못해 워 힘들어 하는 나
1999.02.07~02.13,13,80392,내 남은 사랑을 위해,홍경민,Free Throw Ⅱ Shot,1998.09.01,Rock,이승호,우 우  내앞에 네가 와 있다는 걸 이미 알고 있지만 어차피 널 볼 수 없어서 널 모른척 하는 날 이해해야해 이럴때 나의 곁에 누군가  사랑인 척 있으면 이젠 날 다 잊은 줄 알고 날 다시는 찾지 않을텐데 아직도 혼자인 나를 보면서 넌 또 얼마나 울런지 너를 위해 아무리 감추려해도 널 생각하면 눈물이 나 안돼 안돼  왜 떠나지 못해 내곁에 있어도 너를 볼 수 없는데  안돼 안돼  날 다신 찾지마 내 남은 사랑을 보면 뭐해 넌 이미 떠난걸 괜찮아 널 잃은 슬픈 절망도 그리 길지 않을거야 세월가면 그 많은 추억조차도 지워질테니 편히 떠나 안돼 안돼  더 힘만 들잖아 한번만이라도 보고 싶은 내 맘이  안돼 안돼  다 소용없잖아 다 잊어버리고 그냥 떠나 안돼 안돼  날 다신 찾지마 내 남은 사랑을 보면 뭐해 넌 이미 떠난걸
1999.02.07~02.13,14,84736,Lying,샵,The S#arp,1998.11.12,Dance,백종열,오 오 가져가 가져가봐 니가 준 나의 모든걸 오 오 웃지마 웃기지마 난 네게 다시 가지 않아 와줘 봐줘 맞혀줘 내게 좀더 다가와줘 너와 다투고 돌아오는 길이 지겨 지겨 지겨워 기지개를 펴 뒤를 보면 온세상이 너를 아는 나를 아는 사람들 이런 스파이같은 너의 친구들도 지겨워 이유없이 보는 그대로만 얘기하는 것들 너의 귀로 흘러 들어가 혼돈스러운 장면으로 피키피키 돌아가는 필름 도대체 나를 뭘로 보고 이러는거야 날 항상 바보로 보는거야 니깟게 뭘 안다고 내게 이러는거야 싫어 웃기지도 않는거야 짜증내도 참아 화를 내도 참아 너라면 그랬어 이젠 나도 싫어 두 번다신 싫어 니가 준 모든걸 가져가 사랑만해도 나는 하루가 모자라 너를 미워할 시간이 없어 이젠 내게 하루하루가 바쁠걸 너를 지워버릴테니까 오 오 가져가 가져가봐 니가 준 나의 모든걸 오 오 웃지마 웃기지마 난 네게 다시 가지 않아 오 처절하게 나 무너져 버려 슬퍼 나에게서 슬픈 기억 추억 지워버려 외로워 나 눈물 슬픔 나 모두가 다 너와 함께 한 날 나의 마음속에 후회를 지금도 너를 사랑해 휴 내게 남은 내겐 그대하나 휴 내게 남은 내겐 그대하나 휴 내게 남은 내겐 그대하나 휴 내게 남은 내겐 그대하나 지금부터 약 이년전에도 포기않고 계속 만나왔어 홀로 남을뻔 했어 WOW 우리 사랑은 영원한데 너는 어떻게 그렇게 변할 수가 있어 so so 리듬과 그대와 함께 춤을 그대를 속이며 바르게 다가가는 나의 품위 We got the rhythm and it's poundin body's soul to the floor once more driving all them suckas heading for the door damn sure comin at sa like a magnuym fourty four with my planetary rhymin timin ready for my war to the show 인것 처럼 우리는 그들을 속이지 않아 comin sharp justified we the SHARPS 하루가 이리길 줄 난 정말 몰랐지 니가 없는 하루가 이럴줄 그날 밤 너를 보내고 난 뒤에 돌아와 너를 잊지 못해 비틀비틀 기다려도 없어 나는 이제없어 너에겐 없나봐 이럴줄 몰랐어 나는 두고왔어 네게 준 내모든 사랑을 나의 다른 거짓말은 모두 알더니 그 날만은 왜 모르는거야 내가 너아니면 어딜 또 가냐고 하루종일 비틀비틀비틀 사랑만 하기에도 하루가 모자라 미워하고 말 시간이 없어 이젠 내겐 하루하루가 힘들어 그게 모두 거짓말이라고 오 오 가지마 가지마라 발병이 나고싶냐고 오 오 웃지마 웃기지마 난 거짓말이었다고 오 오 가지마 가지마라 난 널 어쩔수 없다고 오 오 기다려 기다려봐 이젠 거짓이 아니야
1999.02.07~02.13,15,80697,작별,이소은,소녀 (少女),1998.12,Ballad,MGR(RBW),죄송했어요 많이 불편해 하셨죠  어린 마음에 너무 멋대로 굴었죠  예쁘더군요  오빠 옆에 있던 그 언니는  당연한걸요 오빠의 신부니까요 한번만 내 교복 입은 모습  보여 드리고 싶어 찾아 왔죠  이 모습 내게 제일 어울리나요  오래 망설였죠 속일 마음은  아니였었는데 다신 못 볼까 두려워 알고 있어요 그러면 안 되는걸  나빴어요 나는 정말로  곤란케 했다니  용서해줘요 하지만 그댈위해  여기까지 하기로 해요  그 언니 잘해 주셔요  한번만 내 교복 입은 모습 보여 드리고 싶어 찾아 왔죠 이 모습 내게 제일 어울리나요 오래 망설였죠 속일 마음은 아니였었는데 다신 못 볼까 두려워 알고 있나요 많이 울었다는 걸 나빴어요 그댄 정말로 내 맘 몰라주니 이제 잊어요 그냥 어린 여자애 알았었지 하고 말예요 그 언니 잘해 주셔요
1999.02.07~02.13,16,2249978,Love Potion No. 9 (영화 `태양은 없다`),TheSearchers,올드팝 베스트 (불멸의 팝송 : 한국인이 가장 사랑하는 추억의 Golden Pop 58),2009.07.22,Pop,,Love Portion No.9
1999.02.07~02.13,17,81441,Love Story,A.R.T,Love Story,1998.11.28,Ballad,박제윤,행복했던 지난 추억 모두 어딘가에 나를 부르면서 미소 짓는 너를 생각하면 눈물이 나 이제는 모든 것이 한순간이 되어 버렸지만 이밤을 또 너를 생각하면 슬픈 마음을 달래고 있어 사랑했던 너에 모습을 어떡해야 지울 수 있나 우리 행복했던 순간들 또 다시 되돌릴 순 없을까 나 사는 세상에서 너를 다신 볼 수 없겠지만 너를 다시 만날 수 있다면 어떤 것이라도 할 수가 있어 너무나도 니가 생각나 아름다웠던 니 모습이 우리 행복했던 순간들 또 다시 되돌릴 순 없을까 눈이 오면 더욱 생각나 아름다웠던 니 모습이 우리 행복했던 순간들 또 다시 되돌릴 순 없을까
1999.02.07~02.13,18,1073473,Poison(Remix),엄정화,Club DJ 가요 리믹스 Vol.1,1998.11,Dance,,
1999.02.07~02.13,19,82319,Don`t Cry,이빈,The 1st Album,1998.11,Dance,도중운,Yeah It was told our love be strong but you don't want me no more I'm gone check my rhyme 1 time  넌 내게 다가오지마 떠나가 당당히 널 차버리겠어 돌아선 나를 향해 무릎을 꿇어도 이미 내 사랑이 아냐 가버려  날 시험하는 것 같은 너의 바람끼 더 이상 날 갖고 놀지마 완전히 모든걸 정리하겠어 남자가 너 하나뿐이니 지금껏 울었던 그 수많은 밤 다른 여자들도 다 마찬가질껄 넌 그렇게 살지마 I don't brake 겉으로 날 위하는 척 숨기지마 난 이미 예전의 내가 아니야 이젠 강해졌어 후횐말아 I don't cry 이 세상 반은 남자라는걸 아니 그 잘난 얼굴도 이제는 끝이야 더 이상 널 용서 못해 떠나버려  지금껏 울었던 그 수많은 밤 다른 여자들도 다 마찬가질껄 넌 그렇게 살지마 I don't cry 이 세상 반은 남자라는걸 아니 그 잘난 얼굴도 이제는 끝이야 더 이상 널 용서 못해 떠나버려  말로만 달콤했던 아이스크림 같은 사랑 너의 눈에 녹아든 어렸었던 내게 이제와 눈물보여 나밖엔 없다고 흥 너에겐 사랑이란 엎질러진 물일뿐 I don't brake 겉으로 날 위하는 척 숨기지마 난 이미 예전의 내가 아니야 이젠 강해졌어 후횐말아 I don't cry 이 세상 반은 남자라는걸 아니 그 잘난 얼굴도 이제는 끝이야 더 이상 널 용서 못해 떠나버려
1999.02.07~02.13,20,81343,영원으로,장혜진,Dream,1998.12.07,Ballad,박충민,아무 걱정하지 말라고 내게  거짓말들로 위로하려 했어  니가 나를 다른 이유로 피하려  하는 줄로만 착각했는데  널 보낼수 없는 날  하얀 숨결로 나를 안아줘  짧은 방황의 끝 침묵의 시간이 흐른뒤 네게 갈 준비가 됐어 이젠 제발 다시 날 데려가줘 잠시 하늘 아래 홀로 남겨질 나를 텅빈 너의 방 한구석에 놓인 바래진 사진첩 외면하려 해도 터질것 같은 너의 그리움들 이젠 그대의 영원속으로 문을 열고 들어 올거라는 서툰 기대로 밤을 지샜지 널 그렇게 그리며 바랜 사진의 나의 입맞춤 떨려 오는 손길 침묵의 시간이 흐른뒤 네게 갈 준비가 됐어 이젠 제발 다시 날 데려가 줘 잠시 하늘 아래 홀로 남겨질 나를 텅빈 너의 방 한구석에 놓인 바래진 사진첩 외면하려 해도 터질것 같은 너의 그리움들 이젠 그대의 영원속으로
1999.02.07~02.13,21,33281,It`s You,더더(THETHE),The One & The Other,1998.11,Rock,강현민,이제 어떡해야 해 자꾸 난 자신이 없어져 너의 빈 자린 내게 아무것도 할 수 없게 해 이제 난 무얼해야 해 온통 함께 지낸 기억뿐인데 쉽진 않겠지 하지만 달라져야 해 정말 널 잊을꺼야 Is it you oh It's you 모두 가져가버려  날 힘들게 하는 너의 향기까지 It's you oh It's you 다시 태어날꺼야 너를 모르던 그 때처럼 이제 난 어딜가야해 온통 너와 같이 갔던 곳 뿐야 제발 날 도와줘 꿈 속에서라도 더는 내게 다가 오지마 Is it you oh It's you 모두 없어져버려 날 슬프게 하는 너의 추억까지 It's you oh It's you 다시 태어날꺼야 너를 모르던 그 때처럼 매일 잊겠다고 다짐해도 언제나 그 때 뿐이죠 우린 왜 이렇게 힘든 길을 걸어야만 하는 거죠 Is it you oh It's you 모두 가져가버려 날 힘들게 하는 너의 향기까지 It's you oh It's you 다시 태어날꺼야 너를 모르던 그 때처럼 Is it you oh It's you 모두 없어져 버려 날 슬프게 하는 너의 추억까지 It's you oh It's you 다시 태어날꺼야 너를 모르던 그 때처럼
1999.02.07~02.13,22,33728,기적 (Duet With 이소은),김동률,The Shadow Of Forgetfulness,1998.12.01,Ballad,김동률,나 그대의 눈을 바라보면 이 모든게 꿈인 것 같아요 이 세상 많은 사람중에 어쩌면 우리 둘이었는지 기적이었는지도 몰라요 그대의 품에 안길때면 새로운 나를 깨달아요 그대를 알기 전에 내가 어떻게 살았는지 몰라요 죽어 있었는지도 몰라요 어쩌면 이렇게도 엇갈려 왔는지 우린 너무 가까이 있었는데 서로 사랑해야 할 시간도 너무 모자라요 나를 믿어요 믿을께요 세상 끝까지 함께 할께요 얼마나 나를 찾았나요 헤매였나요 나의 기도를 들었나요 내 기도에 귀기울였나요  이 세상 살아가는 동안 단 한번 스쳐지나갈 때  한눈에 서로 알아볼 수 있게 되길 이렇게  어쩌면 이렇게도 엇갈려 왔는지  우린 너무 가까이 있었는데  서로 사랑해야 할 시간도 너무 모자라요  나를 믿어요 믿을께요 세상 끝까지 함께 할께요  그 얼마나 나를 찾았나요 헤매였나요  나의 기도를 들었나요 내 기도에 귀기울였나요  이 세상 살아가는 동안 단 한번 스쳐지나갈 때  한눈에 서로 알아볼 수 있게 되길 이렇게
1999.02.07~02.13,23,80949,Goodnight,이현우,Both Sides Of The Story,1998.11,Ballad,,숨이 막혀 올 것 같다 슬프도록 아름다운 밤 너무나도 아름다운 너 우리는 이렇게 사랑을 하네 내겐 믿어지지가 않아 나를 향한 너의 사랑이 오오 baby 주위에 많은 사람들은 모두 너를 바라보잖아 너는 눈부시게 아름답구~나~ 나의 품에 가득 안기어 춤을 추고 있구나~~ you are my everything 루루루루루루~~ you rule my world 이순간을 영원히~~~~  너를 바래다 주고나서 불이켜진 너의 창문을 나는 한참동안 바라보았어 oh my lady 너의 창에 불이 꺼지면 오 이젠 꿈을 꾸겠지~ you are my everything 오 no no no no no~~ you rule my world 오 그대여 goodnight~~~ oh my lady you're the one tonight~~~ 이 순간을 영원히~ 우리 사랑 영원히 워~~~~~ goodnight my love~
1999.02.07~02.13,24,38170,혼자만의 사랑,김태영,오랜 방황의 끝,2000.01.10,Ballad,한경혜,이젠 너의 모든것을 지워야겠지 더 짙은 어둠의 숲 저 밖으로 지금까지 사는건 너 있는 추억 때문이었지 어느새 난 너의 짐이 되어 있었던 거야 다신 우연히도 만나지 말아 가슴에서 죽어간 끝이 보이지 않았던 그리움 내 지친 이 가슴속을 누가 위로해줄까 혼자만의 사랑으로 남은 나 추억은 이쯤에서 접어야만 하는 거야 아픔은 혼자만의 몫인걸 아픔은 이젠 모두 지난 강에 떠나 보내야 하는 너를 뒤로 한채 돌아선거야 주체할 수 없었던 눈물의 끝을 감추면서 내 지친 이 가슴속을 누가 위로해줄까 혼자만의 사랑으로 남은 나 추억은 이 쯤에서 접어야만 하는 거야 아픔은 혼자만의 몫인걸 아픔은 가슴에서 죽어간 끝이 보이지 않았던 그리움 내 지친 이 가슴속을 누가 위로해줄까 혼자만의 사랑으로 남은 나 추억은 이 쯤에서 접어야만 하는 거야 누구의 가슴으로 기대어 살까 아픔은 혼자만의 몫인걸 아픔은
1999.02.07~02.13,25,1877177,사랑하는 날까지,김종환,사랑하는 날까지,1998.12.01,Adult Contemporary,김종환,사랑은 운명 속에 언제나 살고 있다 가슴을 치는 슬픔  그 고통 속에도 나와 함께 길을 걷는다 외로움이 나는 싫어 당신을 선택했다 내가 사는 날까지 운명의 길 위에서  당신과 살고 싶다 너를 사랑하기에  내가 존재하는 것  널 위해 내가 살 수 있다면  나의 뜨거운 젊음 모두 다 주고 싶다  몇백년 사는 것도 아닌데  천년을 기다려도 너를 사랑하겠다  마지막 남은 사랑을 위해  내 꿈이 깨질까봐 불안한 삶이 싫다  내가 선택한 길을 내가 걸어가면서  사랑에 운명을 건다 너를 사랑하기에 내가 존재하는 것  널 위해 내가 살 수 있다면  나의 뜨거운 젊음 모두 다 주고 싶다  몇백년 사는 것도 아닌데 천년을 기다려도 너를 사랑하겠다  마지막 남은 사랑을 위해  천년을 기다려도 너를 사랑하겠다  마지막 남은 사랑을 위해  마지막 남은 사랑을 위해
1999.02.07~02.13,26,91226,세상은,신효범,Ego,1998.10,Ballad,강현민,귀기울여 듣고 있다면  언제라도 알 수 있겠죠  그대의  곁에 있는 사람들에겐  작은 사랑이  필요함을  눈을 감고  느껴 보아요  그대 고운  마음을 얘기할때  우리를 감싸는  저 넓은 하늘이  더욱 푸른빛으로  빛나고 있다는걸  아름다운  곳이죠  그대와 내가 함께  만들어갈 세상은  따뜻한 마음을  원한다는걸  알 수  있잖아요  고개 들어  하늘을 봐요  그대 작은  사랑의 마음들이  우리를 감싸는  저 높은 하늘을  더욱 푸른 빛으로  빛나게 하잖아요  아름다운  곳이죠  그대와 내가 함께  만들어갈 세상은  따뜻한 마음을  원한다는걸  알 수 있잖아요 그대 혼자가 아니야 마음을 열 수 있다면 곁에 있는 내모습도 아름다운 세상도 모두다 그댈 위한거죠 아름다운 곳이죠 그대와 내가 함께 걸어갈 이 세상은 따뜻한 마음 가득한 곳이죠 알 수 있잖아요 그대 외로워 말아요 후 후
1999.02.07~02.13,28,80649,마지막 사랑,에코,Voice Of Love,1998.11,Ballad,이현규,왜 내게서 멀어졌나요 난 정말 원치 않았던  이별이었어요 긴 하루를 보낼 때마다 나도 모르게 눈물이  흐르곤 했었죠 그대는 내가 그립지 않나요 벌써 모든 것을 잊으셨나요 우리 헤어져야 하는 이유를 아직도 인정할 수가 없어요 쉽게 끝낼 수가 없어요 나는 처음부터 다시 시작하고  싶어요 어딜 가도 그대 생각 때문에 난 너무나 힘이 들어요  그대 역시 마찬가지잖아요 나는 달라지고 있어요 그대 다시 내게 돌아오기만을  손꼽아 기다려요 나는 그대에게 마지막  사랑이기를 원해요 좋은 추억만 기억해주세요 정녕 이대로 날 버릴 건가요 다시 한번 사랑할 수 있도록 웃으며 반겨줄 수는 없나요 쉽게 끝낼 수가 없어요 나는 처음부터 다시  시작하고 싶어요 어딜 가도 그대 생각 때문에 난 너무나 힘이 들어요  그대 역시 마찬가지잖아요 나는 달라지고 있어요 그대 다시 내게 돌아오기만을  손꼽아 기다려요 나는 그대에게 마지막  사랑이기를 원해요 나는 아무 욕심 없어요 오직 사랑하는 그대 품에 안겨  살 수 있다면 그 뿐이예요 세상이 허락하는 날까지  기다릴 거예요 내게 돌아올 그대를 믿어요
1999.02.07~02.13,29,80565,오락실,한스밴드,1집 Hans Band,1998.09.01,Rock,최준영,"시험을 망쳤어 오 집에가기 싫었어  열받아서 오락실에 들어갔어  어머 이게 누구야 저 대머리 아저씨  내가 제일 사랑하는 우리아빠   장난이 아닌 걸 또 최고기록을 깼어  처음이란 아빠 말을 믿을수가 없어  용돈을 주셨어 단 조건이붙었어  엄마에겐 말하지 말랬어  가끔 아빠도 회사에 가기싫겠지  엄마 잔소리, 바가지, 돈타령 숨이 막혀  가슴이 아파 무거운 아빠의 얼굴  혹시 내 시험성적 아신건아닐까  오늘의 뉴스 대낮부턴 오락실엔  이시대의 아빠들이 많다는데  혀끝을 쯧쯧 내차시는 엄마와  내 눈치를 살피는 우리아빠   늦은 밤중에 아빠의 한숨소리  옆엔 신나게 코골며 잠꼬대 하는 엄마  가슴이 아파 무거운 아빠의 얼굴  혹시 내일도 회사에 가기싫으실까  아침은 오고 또 엄마의 잔소리  도시락은 아빠꺼 내꺼 두개  아빠 조금 있다 또 거기서 만나요  오늘 누가 이기나 겨뤄봐요  승부의 세계는 오 너무너무 냉정해  부녀간도 소용없는 오락 한판  아빠 힘내요 난 아빠를 믿어요  아빠 곁엔 제가 있어요  아빨 이해할 수 있어요  아빠를 너무 사랑해요"
1999.02.07~02.13,30,32728,슬픈 독백,리아,Yozosooknyo,1998.10,Rock,리아,그렇게 힘겹던 네게 위로가 된 나였는데 지난날 기약도 없이 이기적인 넌 떠났어 여린 가슴보다 더 큰 슬픔 앞에서 차라리 잘된 일이라 해도 내 눈에는 빨간 눈물 흐르네 넌 너만을 더 사랑해 왔었는데 용기없는 널 사랑했던 나였는데 너도 언젠가는 후회하겠지만 다신 그렇게 사랑하지마 떠나는 너의 뒤에서 세상 모든 슬픔처럼 왜 나만 혼자 이렇게 아파해야 하는걸까 여린 가슴보다 더 큰 슬픔 앞에서 차라리 잘된 일이라 해도 내 눈에는 빨간 눈물 흐르네 넌 너만을 더 사랑해 왔었는데 용기없는 널 사랑했던 나였는데 너도 언젠가는 후회하겠지만 다신 그렇게 사랑하지마 나보다 넌 너만을 더 사랑해 왔었는데 용기없는 널 사랑했던 나였는데 너도 언젠가는 후회하겠지만 다신 그렇게 사랑하지마 Don't you cry for me I'll never miss again
1999.02.07~02.13,31,534604,지각,유리상자,사랑찾기,1998.10.14,Ballad,이세준,간절히 바랬죠  제발 단 하루만이라도  나에게 마지막 기회를 주시길  이제껏 한번도  저는 그분의 그 입가에  밝은 미소 짓게 해드리지 못했죠  이제야  겨우 이제서야  돌아왔는데  그분의 곁으로  잘 하려 했는데  돌아 왔는데  준비하지 못했었던  어리석은 저에겐  견딜 수가 없도록 힘이 들지만  조금이라도 빨리 그를  당신 곁에 두시려  그렇게도 서둘러 데려가셨다면  그저 따라야 하겠죠  알 것도 같아요 그가 나에게 베풀었던 그 사랑이 바로 당신의 사랑인걸 이제야 겨우 이제서야  돌아왔는데 그분의 곁으로 잘 하려 했는데 돌아 왔는데 준비하지 못했었던 어리석은 저에겐 견딜 수가 없도록 힘이 들지만 조금이라도 빨리 그를 당신 곁에 두시려 그렇게도 서둘러 데려가셨다면 감사하며 따르겠어요 어리석은 저에겐 견딜 수가 없도록 힘이 들지만 조금이라도 빨리 그를 당신 곁에 두시려 그렇게도 서둘러 데려가셨다면
1999.02.07~02.13,32,81258,기다리는 아픔,조용필,Ambition,1998.02,Rock,이애경,고독한 이 가슴에 외로움을 심어주고  초라한 내 모습에 멍울을 지게 했다  함께한 시간보다 더 많이 가슴을 태웠고  사랑한 날보다도 더 많이 아파했다  아픔속에 지워야 할 사랑이면  고개숙인 향기마저 데려가지  눈을 떠도 감고 있는 내 그림자  그대에게 가고 있는데  날 위해 힘들다 말해줘  내가 기다릴 수 있게 해줄래  돌아와 베어진 가슴에 눈물이 마를 수 있게   아픔속에 지워야 할 사랑이면  고개숙인 향기마저 데려가지  눈을 떠도 감고 있는 내 그림자  그대에게 가고 있는데  날 위해 힘들다 말해줘  내가 기다릴 수 있게 해줄래  돌아와 베어진 가슴에 눈물이 마를 수 있게  눈물이 마를 수 있게
1999.02.07~02.13,33,81012,너를 보내며,젝스키스,Special,1998.10.03,Ballad,장대성,만날 수 없다는 슬픔보다 힘든건 니가 내 곁에 항상 있어도  외롭다고 느끼는 가슴이야 내가 아닌 사람과 함께 있는  널 봤어 모든걸 이젠 단념해야겠지 너의 지나친 무관심 속에서 내가 감춰야 했던 슬픔들 너를 바라보다 쓰러져 잠들어 버린 내 사랑이라고 해도 그걸 무너뜨릴 자신이 없어 또다시 혼자 돌아서고 있어 내가 원한 너의 사랑도 항상 바램으로 끝이 났지만 이젠 사랑했던 널 위해  먼저 떠날게 너에게 주었던 모든 것들은 널 위해서 잊기로 했지만 어느 누굴만나 사랑한다 해도 언제나 행복할꺼라 생각할께 그래 내가 잊지 못할 단  한가지는 너 하날 지키지 못했던  사랑이란거야 그런 너를 이해해 내가  부족하다면 괜찮은 사람 만나기를 바래 너의 지나친 무관심 속에서  내가 감춰야 했던 슬픔들 너를 바라보다 쓰러져 잠들어 버린 내 사랑이라고 해도 그걸 무너뜨릴 자신이 없어 또다시 혼자 돌아서고 있어 내가 원한 너의 사랑도 항상 바램으로 끝이 났지만 이젠 사랑했던 널 위해 먼저  떠날게
1999.02.07~02.13,34,33271,루비(淚悲):슬픈 눈물,핑클,Fine Killing Liberty : Blue Rain,1998.05,Ballad,이재경,오늘 그녀를 만났어   너의 새로운 여자를   다신 만나지 말라고   부탁했었어  빨간 루비처럼 그녀는   내게 자신있는 말투로   너를 나보다 더 사랑한다   말했어   I CAN'T CRY I CAN'T   CRY I CAN'T CRY   그래 널 보내주겠어   그 무엇도 바라지 않아   나를 위해 힘겹게 널   내 곁에 두는 것보다   널 위해서 내가 떠날게   많이 아프고 힘들지만   나보다 그녀가 더 좋다면   니 곁에서 이제 없어져 줄게   I CAN'T CRY I CAN'T   CRY I CAN'T CRY   그래 널 보내주겠어   그 무엇도 바라지 않아   나를 위해 힘겹게 널   내 곁에 두는 것보다   널 위해서 내가 떠날게   먼 훗날 혼자가 되면 나에게   그때 나에게  돌아올 수 있겠니 너를   기다릴거야   잠시 넌 저먼곳으로   여행을 떠난거야   나에게 나에게 돌아올   그날을 기다리며   I CAN'T CRY I CAN'T   CRY I CAN'T CRY   솔직히 나의 바램은   널 영원히 붙잡고 싶어   I CAN'T CRY I CAN'T   CRY I CAN'T CRY   언제든 다시 돌아와   난 여전히 너의 여자야
1999.02.07~02.13,35,81547,슬픈 변명,김현성,Kim Hyun Sung 2 Solo Album,1998.10,Ballad,김종숙,이제와 널 이해해 달라고 그 사람 잘못이 아니라고 모든게 니 탓이라고 더 이상 변명따윈 하지마 어설픈 위로도 하지말아 내 가슴 무너지고 말아 그래 내가 아니라도 좋아 너만 행복할 수 있다면 제발 나의 숨을 막지는 마 그 사람을 위한 네 눈물로 더 이상 변명따윈 하지마 어설픈 위로도 하지말아 내 가슴 무너지고 말아 그래 내가 아니라도 좋아 너만 행복할 수 있다면 제발 나의 숨을 막지는 마 그 사람을 위한 네 눈물로  그래 내가 아니라도 좋아 너만 행복할 수 있다면 제발 나의 숨을 막지는 마 그 사람을 위한 네 눈물로
1999.02.07~02.13,36,1627767,Love Song,김종서,20th Anniversary Greatest Hits,2007.04.24,Rock,김종서,가끔은 생각 날까 지금 나처럼 내일도 그길에 미소지으며 나를 기다리고 있을것 같아 다시 볼수 없대도  행복할 수 있는 나 똑같은 세상에 살고 있다는 그 한가지 이유만으로 지난 여름날 내게 줬던 커플링 하얗게 빈 자국만이 나의 마음을 아프게 해 난 아직도 널 사랑해 세상 끝나는 날 그 순간까지 나의 마음 깊은 곳에 넌 살아 있으니 난 괜찮아 너 떠나도 잠시 너를 맡긴거라 생각해 혹시라도 힘겨울 때 다시 돌아와 니가 있던 그 자리 지난 여름날 내게 줬던 커플링 하얗게 빈 자국만이 나의 마음을 아프게 해 난 아직도 널 사랑해 세상 끝나는 날 그 순간까지 나의 마음 깊은 곳에 넌 살아 있으니 난 괜찮아 너 떠나도 잠시 너를 맡긴거라 생각해 혹시라도 힘겨울 때 다시 돌아와 니가 있던 그 자리
1999.02.07~02.13,37,91299,빛 (Hope),H.O.T.,H.O.T 3,1998.09.01,Dance,강타(KANGTA),늘 함께 있어  소중한 걸 몰랐던 거죠  언제나 나와 함께 있어준  소중한 사람들을  가끔씩 내가 지쳐 혼자라 느낄 때  언제나 내게 힘이 돼준 사람들을 잊고 살았죠 이제는 힘들어도 지쳐도 쓰러지지 말고 당신의 내일을 생각하며 일어나요 사업에 실패 했어 사랑에 실패 했어 그 어떤 것도 당신을 쓰러 뜨릴순 없어 알고있죠 세상엔 당신 혼자가 아니란 걸 주저앉아 슬퍼만 하고 있을 때가 아니란 걸 아는걸 우리모두 일어나요 손을 내밀어요 모두 다함께 해요 다함께 손을 잡아요 그리고 하늘을 봐요 우리가 함께 만들 세상을 하늘에 그려봐요 눈이 부시죠 너무나 아름답죠 마주잡은 두 손으로 우리 모두 함께 만들어 가요 워워 baby 어둠에 둘러싸인 세상이 그 속에 쓰러져 가는 모두들의 모습이 우리 마음속에 있는 믿음과 사랑이 크지 못하게 가로막고 있다고 해도 다시 시작할 수 있는 굳은 용기 일어설 수 있다는 걸 알고 있어 눈물을 닦고서 밝아 오는 빛을 맞이하며 높이 우뚝 선 모두들의 행복한 미소를 그려 주위를 둘러보면 너무나 가슴이 아프죠 세상에 가득 차 있는 미움과 아픔들이 나를 서로를 미워하는 그런 마음들을 조금만 가슴을 열어 우리 서로의 사랑을 나누어 봐요 우리가 서로에게 조금씩 사랑을 보일 때 서로에 대한 믿음을 키워나갈 때 싸울 일 없어 기분 나쁠 일도 없어 서로 찡그리며 다툴 필요도 전혀 없어 우리가 꿈꾸는 눈부신 빛이 저기 있어 아름다운 세상이 바로 저기 보여 우린 여기 서서 이렇게  말하고 있어 우린 H O T Let's Party 다함께 손을 잡아요 그리고 하늘을 봐요 우리가 함께 만들 세상을 하늘에 그려봐요 눈이 부시죠 너무나 아름답죠 마주잡은 두 손으로 우리 모두 함께 만들어 가요 워워 baby 앞으로 열릴 당신의 날들을 환하게 비춰줄 수 있는 빛이 되고 싶어 이제 고개를 들어요 눈부신 빛을 바라봐요 다함께 손을 잡아요 그리고 하늘을 봐요 우리가 함께 만들 세상을 하늘에 그려봐요 눈이 부시죠 너무나 아름답죠 마주잡은 두 손으로 우리 모두 함께 만들어 가요 모두 다 눈을 떠봐요 눈앞에 세상을 봐요 꼭 마주잡은 두 손으로 우리가 해냈어요 두려움은 없어요 슬픔도 이젠 없어 우리 마음을 여기에 모아 기쁨의 축제를 열어요
1999.02.07~02.13,38,79910,후(後),5Rock室(오락실),후 (後),1998.09.01,Rock,임홍렬,슬픈 영화를 볼때면  눈가에 가득 고인 눈물을  애써 참아냈던 나  그런 영화속에 주인공처럼  늘 살고싶다 말하던  널 어디에서 찾을까  술에 취한 밤이면 습관처럼  너의 집앞엘 갔지 어색한 웃음으로  미안해 하던 나의 모습  그땐 곁에 항상 니가 있어 주었기에  너의 소중함을 몰았던 날 용서해  다시 너에게로 가고싶어 널 사랑해  우리 처음 만난 그때처럼 내게로 돌아와   우연히라도 거리에서 한번쯤  너를 만날수 있을거란 생각에  처음 너를 만난 그곳을 갔지  여전히 어리석은 욕심에  이젠 지쳐가는 날 위해  함께봤던 영화속 연인처럼  나의 곁으로 다시 돌아온 너를 위해  지켜온 나의 시간들  그땐 곁에 항상 니가 있어 주었기에  너의 소중함을 몰았던 날 용서해  다시 너에게로 가고싶어 널 사랑해  우리 처음 만난 그때처럼 내게로 돌아와 -  - 간 주 중  -  함께봤던 영화속 연인처럼  나의 곁으로 다시 돌아온 너를 위해  지켜온 나의 시간들  그땐 곁에 항상 니가 있어 주었기에  너의 소중함을 몰았던 날 용서해  다시 너에게로 가고싶어 널 사랑해  우리 처음 만난 그때처럼 내게로 돌아와  곁에 항상 니가 있어 주었기에  소중함을 몰았던 날 용서해  너에게로 가고싶어 널 사랑해  처음 만난 그때처럼 내게다시 돌아와
1999.02.07~02.13,39,38667,금지된 사랑,김경호,Kim:Kyungho 1997,1997,Rock,강은경,울지 마  여기에 새겨진  우리 이름을 봐  소중한 초대장이  젖어버리잖아  슬퍼마 너의 가족들이  보이지 않아도  언젠간 용서할  그 날이 올 거야  내 사랑에 세상도 양보한 널  나 끝까지 아끼며 사랑할게  약속 해줘 서로만 바라보다  먼 훗날 우리 같은 날에 떠나  각오해  내게 무릎 꿇은  세상의 복수를  많은 시련 준대도  널 위해 견딜게  내 사랑에 세상도 양보한 널  나 끝까지 아끼며 사랑할게  약속해줘 서로만 바라보다  먼 훗날 우리 같은 날에 떠나  긴 세월 흐른 뒤 돌아보아도  아무런 후회 없도록  단 하룰 살아도  너 행복 하도록 만들 거야  내 사랑에 세상도 양보한 널  나 끝까지 아끼며 사랑할게  약속해줘 서로만 바라보다  먼 훗날 우리 같은 날에 떠나  baby 사랑할게
1999.02.07~02.13,40,106605,아시나요?,영턱스클럽,영턱스 클럽 4,1998.10.30,Dance,이승호,우리 지금부터 시작해 너무  기다렸던 사랑을 너무 바래왔던 사랑을 이제  시작하는거야 아시나요 그댈 만나 이렇게 변해버린 나의 모습을 언제나 그대 생각나기만 해도 괜시리 얼굴 빨개지는 이 느낌 보이나요 이런 내 맘 처음엔 몰래 감춰두려 했는데 하지만 요즘엔 그대가 이런 날 꼭 모두 알아줬으면 해요 어쩌다 그대 눈빛 마주칠때면 가슴이 철렁하고 내려 앉아요 왜 얼굴은 또 화끈 거리는지 내가 왜 이런지 그댄 아나요 가끔씩 먼 산 보며 멍해지는 날 친구들 깔깔대며 놀려대지요 너 요즘 무척 이뻐진것 같다고 분명히 사랑에 빠진것 같다고 정말 행복하기만 해요 온 종일 설레임에 들뜬 이 기분 하루종일 우리 함께 있어도 그대와 헤어질때면 싫은걸요 아시나요 밤이 와도 그대와 함께 있고 싶은 내 맘을 오늘도 그대 돌아서는 뒷모습 눈물이 날 정도로 아쉬웠어요 느끼나요 그대곁에 자꾸만 기대보고 싶은 내 맘을 그대가 없으면 가슴이 시려요 이런게 바로 사랑인가요 편안하게 다가왔던  니가 너무 좋아 부담없이 대해주던  니가 너무 좋아 이런 느낌 하나로만  영원하길 바래 그냥 편한 친구처럼  영원하길 바래 우린 다른 연인처럼  사랑하면 안돼 구속하고 집착하는  바보같은 사랑 지금처럼 함께하며 행복하길 바래 응 행복하길 바래 지금쯤 어디에서 무엇을 할까 왜 그리고 궁금하고 보고 싶은지 또 눈감아도 그대 모습 보이는지 이런 내 맘 나도 모르겠어요 처음엔 답답하고 무서웠어요 어떻게 해야 할지 몰랐거든요 누구나 사랑하게 되면 나처럼 이렇게 변할수가  있는건가요 가끔 이런 생각도 해요 영원히 볼수 없는 슬픈 이별을 하지만 나 두렵지는 않아요 지금은 그대 내곁에 있는걸요 아시나요 밤이와도 그대와 함께 있고 싶은 내 맘을 오늘도 그대 돌아서는 뒷모습 눈물이 날 정도로 아쉬웠어요 느끼나요 그대곁에 자꾸만 기대보고 싶은 내 맘을 그대가 없으면 가슴이 시려요 이런게 바로 사랑인가요
1999.02.07~02.13,41,91225,숨은 그림 찾기,엄정화,Invitation,1998.07,Dance,김영아,널 만날땐 가슴이 떨려 괜히   웃음만 나와 왜지  어린 아이가 돼버린맘  가끔씩 네가 싫어졌다   끝이라고 말을해도  딴청만 피우는 너는 역시   내맘을 알지  너의 곁에만 있어도 벅차   오르는 사랑은  지금 너에게 향하는 웃음으로   대신 해줄게 말이 없는 너의 성격에 심술   궂게 굴어도  편한 미소로 받아주는 널 알아  지금은 나의 모든것을 보여 줄순   없겠지만  조금씩 내맘을 찾아 주길 바랄께  이젠 우리 사랑이 영원히   함께하기를 바라며  오직 너만이 마지막 사랑이길   기도 할거야  눈을 떠봐 보이니 숨겨왔던   내 진실이   내안에서 너를 부르고 있어  나나나나나나나나나  나나나나나나나나나  나나나나나나나나나  나나나나 너의 곁에만 있어도 벅차  오르는 사랑은 지금 너에게 향하는 웃음으로  대신 할게 우리 사랑이 영원히  함께하기를 바라며 오직 너만이 마지막  사랑이길 기도 할거야
1999.02.07~02.13,42,80829,낯선 바닷가에서,이선희,Dream Of Ruby,1998.11.02,Ballad,이재경,널 잊어 버리기위해 나 여기까지 온거야 하늘이 푸른 바다와-- 만나는 이-곳에 하나 둘 추억을 꺼내-- 다시는 내 맘에 담지 않으려 그렇게 너를 나도 버리고 싶어--- 내 맘에서 떠나가-줘-하 아무리 이렇게---- 너를 밀어내봐도 돌아오는 하얀 파도처럼-- 다시 나를 찾아와---- 너 또한--니맘에---- 아직 내가 있다면 나에게로 돌아와 예전처--럼 나를 사랑해줘  나 혼자 남은 시간은 -- 두려운 침묵이 되어버렸고 아무리 내가 아니라고 말해도--- 이별앞에 서있었-어-하 이세상 모든건---- 너로부-터 시작해-- 니가 없는 나의 현실이란-- 깊은 악몽일뿐야---- 돌아와--내곁에---- 나의 손을 잡아줘-- 나의 숨이 다하는 그날까지-- 너를 기다릴께 하-하-하--예 하-하---오-- 아하---
1999.02.07~02.13,43,111918,먼빛속의 너,임강구,해바라기 OST,1998.12.01,Drama,,너만이 지친 나의 가슴을 조금씩 밝혀 준거야 아무도 나에 빛이 될 수 없는 어둠 가득한 세상에 차갑게 날 대하는 너를 지켜보던 나였지만  네게 가까이 나 다가가 타버려도 서럽지는 않아 이런 내마음 알아줘 살아가는 의미를 찾을테니...  한때는 너 힘들어지길 바라던 적도 있었어 오직 난 마지막 의미로 남겨지고 싶었기에  그렇게 널 바라보지만 너로 인해 외로워져   네게 가까이 나 다가가 타버려도 서럽지는 않아 그런 내 마음 알아줘 살아가는 의미를 찾을 수 있을테니...  먼 빛 속에 네가 있기에 잊어야 한다는 생각까지 모두 잊었어
1999.02.07~02.13,44,1606670,X (The Greatest Love),터보,터보(Turbo) 4집 `Perfect Love`,1998.11.01,Dance,이승호,정말 꿈만 같은 운명 같은 그녀를 발견하게 되었지만 좀처럼 다가갈수 없는 그녀의 도도함에 용기 잃은 내 마음 어떻게든 함께 할 수 없나 고민만 하고 있었던 내가 결국 그녀의 단짝 친구인 너를 선택하게 되었잖아 Oh My Love 굿바이 굿바이 그땐 정말 어쩔 도리가 없었어 사랑하면서도 다가갈 수 없는 못난 용기 때문에 이럴 수 밖에 없는 나의 간절함을 그때 넌 몰랐어 난 결국 그녀의 친구인 널 선택해야만 했으니 정말 꿈만 같았어 그녀 나와 함께 마주 앉아 있다는 것이 아직 너는 내가 사랑인줄 알고 내 곁에 있지만 너무나 안타까웠어 내 앞에 그녈 두고도 사랑을 감춰야만 한다는 것이 차라리 말해버릴까 몇번을 망설였지만 그냥 또 그댈 보내 버리고 말았어 너도 그녀도 내 자신마저도 속여왔었던 또 거짓이었던 내 사랑을 넌 아무 불만없이 끝없이 내 곁을 지켜주었지 궁금했던 그녀 모든 얘길 끝없이 채워주는 너를 내 이기적인 욕심으로 편하게만 대해왔어 Oh My Love 굿바이 굿바이 너와 나 단둘이 만나게 된 그 날 한번도 그런적 없었던 탓인지 왠지 어색했었어 하지만 너는 내게 그녀 올 수 없는 이유를 말했고 오히려 내게 미안하다며 슬픈 미소를 보였지 예전처럼 그날도 너의 얘기속에 모두 그녀에 관한 것 뿐 왠지 그 날 따라 그런 니 모습 날 화나게 한거야 왜 나를 사랑하냐고 아직 날 모르겠냐고 오히려 화를 내는 내게 말했지 이럴수 밖에 없는 건 그녀가 없어진다면 너와 나 이별될까 두려웠었다고 이제 서야 알게 됐어 내가 바랬던 사랑을 내가 원한 사랑보다 더 큰 그녀의 사랑을 숨겨왔던 눈물만큼 더 아픈 그녀의 사랑을 이제 서야 찾게 됐어 내가 기다린 사랑을
1999.02.07~02.13,45,85527,폭풍 / You Got The Funk!,이현도,Funk,1998.12,Rap / Hip-hop,이현도,4 3 2 1 it's the bomb 아무 생각없이 숨만 쉬며 지나간 또 흘러간 하루 시간 속의 무의미함 그렇게 지쳐버린 변해버린 너의 마음 전부 다 부셔 날려버리겠어 click &amp; bang 나 새로운 그림에 널 그려 넣기 위해 소리 높여 크게 외치는 이 나의 rhyme 내가 그렇게 꿈꿔 오던 바로 나의 삶 아무런 생각 없이 배부르고 편하다면 살찐 돼지와 다를 것이 뭐가 있어 그대로 평생토록 그 속에서 살아가면 가슴에 크게 남을 것이 뭐가 있어 I'm gonna funk I gotta P funk you're gonna funk you gotta P funk yeah 누구나 똑같은 모습으로 살아간다면 그것은 복제 인간이나 다름없어 스스로 더 높이 눈 뜨려는 뜻이 없다면 그것은 죽어가는 거나 다름없어 지금 이 세상은 환기가 필요해 닫힌 문을 열어라 나의 거센 바람 폭풍의 노래가 지금 널 크게 부른다 틀린 자의 그 생각은 떨쳐라 모두 앞에 너만의 그 꿈을 펼쳐라 너의 모습 그 자체를 믿어라 멋진 세상은 우리 것이다  나의 눈속에 담긴 의지를 바라보라 너의 그 머릿속에 담긴 우주를 발견하라 가라 더 위를 향해 결코 멈추지 마라 새로 다시 눈뜨리라 틀린 자의 그 생각은 떨쳐라 모두 앞에 너만의 그 꿈을 펼쳐라 너의 모습 그 자체를 믿어라 멋진 세상은 우리 것이다 틀린 자의 그 생각은 떨쳐라 모두 앞에 너만의 그 꿈을 펼쳐라 너의 모습 그 자체를 믿어라 멋진 세상은 우리 것이다 네가 찾는 그것은 멀리 있는게 아냐 너의 가슴 안에서 빛나고 있을 거야 you got the funk
1999.02.07~02.13,46,12989,Goodbye,Jessica,사연이 있는 음악 Story,2001.02.01,Pop,,I can see the pain living in your eyes And I know how hard you try You deserve to have so much more I can feel your hurt and I sympathize And I'll never critisize All you ever meant to my life I don't want to let you down I don't want to lead you on I don't want to hold you back from where you might belong You would never ask me why My heart is so disguised I just can't live a lie anymore I would rather hurt myself Than to ever make you cry There's nothing left to say but goodbye  goodbye  You deserve a chance at the kind of love I'm not sure I'm worthy of Losing you is painful for me I don't want to let you down I don't want to lead you on I don't want to hold you back from where you might belong You would never ask me why My heart is so disguised I just can't live a lie anymore I would rather hurt myself Than to ever make you cry There's nothing left to say but goodbye  You would never ask me why My heart is so disguised I just can't live a lie anymore I would rather hurt myself Than to ever make you cry There's nothing left to try No it's gonna hurt us more There's no other way than to say goodbye  goodbye
1999.02.07~02.13,47,1877126,사랑을 위하여,김종환,사랑을 위하여,1997.06.13,Adult Contemporary,김종환,이른 아침에 잠에서 깨어 너를 바라볼 수 있다면 물안개 피는 강가에 서서 작은 미소로 너를 부르리 하루를 살아도 행복할 수 있다면 나는 그 길을 택하고 싶다 세상이 우리를 힘들게 하여도 우리들은 변하지 않아 너를 사랑하기에 저 하늘 끝에 마지막 남은 진실 하나로 오래 두어도 진정 변하지 않는 사랑으로 남게 해주오 내가 아플 때보다 네가 아파할 때가 내 가슴을 철들게 했고 너의 사랑 앞에 나는 옷을 벗었다 거짓의 옷을 벗어버렸다 너를 사랑하기에 저 하늘 끝에 마지막 남은 진실하나로 오래 두어도 진정 변하지 않는 사랑으로 남게 해주오 너를 사랑하기에 저 하늘 끝에 마지막 남은 진실 하나로 오래 두어도 진정 변하지 않는 사랑으로 남게 해주오 사랑으로 남게 해주오
1999.02.07~02.13,48,80323,향수 (그때가 그리워),여행스케치,7th-향수 (그때가 그리워),1999.04.30,Folk,조병석,짧게 깎은 머리와 같은 교복에도 서로 다른 멋을 부리며 꿈 많았던 시절엔 매일 같은 도시락 찬을 미안해 하시던 어머니의 맘도 모른 채 투정만 해 철없던 나 사랑의 매라던 선생님의 질타도 그때는 우리 마음속까지 멍들게 했지 하지만 다신 돌아갈 수 없는 그때와 그 시절 친구들이 그리워 아직도 나를 기억 해 줄까 아니 만나도 몰라 볼거야 어쩜 우린 매일 바쁜 거리에서 스쳐 지나는지 온 동네에 단 한대 뿐이던 텔레비젼 앞에 모일때면 기대와 설레임으로 하루가 짧았던 그때가 그리워 높은 구두에 짧은 치마 서툰 화장으로 미성년자 관람불가던 극장 앞을 서성이고 늘 모자란 용돈 때문에 참고서 산다고 거짓말 했다가 들통나 혼쭐 나던 그때 우린 서로가 가진 소중한 모든걸 다 준대도 조금도 아깝지 않을 만큼 순수했지 하지만 이젠 10년후 꼭 다시 만나자던 그 시절 약속 마저 희미해 아직도 나를 기억 해 줄까 아니 만나도 몰라 볼거야 어쩜 우린 매일 바쁜 거리에서 스쳐 지나는지 온 동네에 단 한대 뿐이던 텔레비젼 앞에 모일때면 기대와 설레임으로 하루가 짧았던 그때가 그리워 아직도 나를 기억 해 줄까 아니 만나도 몰라 볼거야 어쩜 우린 매일 바쁜 거리에서 스쳐 지나는지 온 동네에 단 한대 뿐이던 텔레비젼 앞에 모일때면 기대와 설레임으로 하루가 짧았던 그때가 그리워
1999.02.07~02.13,49,39180,너를 끝으로,김원준,Self Destruction,1998.09.24,Rock,김원준,너에게 길들여진 습관 속에 갇혀있는 내게  현실은 허락치 않는 슬픈 비극 같아  날 버리지 않겠다는 그 약속 그 맹셀  버린 대신 내게 준 빛 바랜 나의  이별의 훈장을 가슴에 안고 나는 간다  비웃는 관객들 사이로 내 막은 내린다  날 버리지 않겠다는 그 약속 그 맹셀  버린 대신 내게 준 빛 바랜 나의  이별의 훈장을 가슴에 안고 나는 간다  비웃는 관객들 사이로 내 막은 내린다  이별의 훈장을 가슴에 안고 나는 간다  비웃는 관객들 사이로 내 막은 내린다  이제는 모든 것이 끝나 갔어 너를 끝으로
1999.02.07~02.13,50,79953,먼 훗날,YB,소외 (疏外),1998.07,Rock,유병열,널 이제 잊겠어  내 깊은 그리움으로  이 밤을 지새운건 아니었는데  이제는 닦아낼 눈물이 없어  하고픈 말 서럽게 쌓여만 가고  기억되는 그리움의  아픔이 너무 두려워  홀로 남겨진 이 순간  원할건 없지만  정말 널 사랑해 차마 그 말 한마디  못한 내가 너무나도 원망스러워  먼 훗날 다시 널  우연히 마주칠 수 있다면  사랑했다 말할꺼야  기억되는 그리움의  아픔이 너무 두려워  홀로 남겨진 이 순간  원할건 없지만   정말 널 사랑해 차마 그 말 한마디  못한 내가 너무나도 원망스러워  먼 훗날 다시 널  우연히 마주칠 수 있다면  사랑했다 말할꺼야 정말 널 사랑해 차마 그 말 한마디  못한 내가 너무나도 원망스러워  먼 훗날 다시 널  우연히 마주칠 수 있다면
