time,rank,song_id,title,singers,album,date,genre,creator,lyric
1990.04.15~04.21,1,52451,희망사항,변진섭,너에게로 또 다시,1989.10.25,Ballad,노영심,청바지가 잘 어울리는 여자   밥을 많이 먹어도  배 안나오는 여자   내 얘기가 재미 없어도  웃어주는 여자   난 그런 여자가 좋더라   머리에 무스를 바르지 않아도  윤기가 흐르는 여자  내 고요한 눈빛을 보면서  시력을 맞추는 여자  김치 볶음밥을 잘 만드는 여자  웃을때 목젖이 보이는 여자  내가 돈이 없을 때에도  마음 편하게 만날 수 있는 여자  멋내지 않아도 멋이 나는 여자  껌을 씹어도 소리가 안나는 여자  뚱뚱해도 다리가 예뻐서  짧은 치마가 어울리는 여자   내가 울적하고 속이 상할때   그저 바라만 봐도  위로가 되는 여자   나를 만난 이후로 미팅을   한번도 한번도 안한 여자   라라라라라라라라라라라  라라라라라라라라라라라라  라라라라라라라라  라라라라라라라라라라라  라라라라라라라라라라라 라라라라라라라라라라라라 라라라라라라라라 라라라라라라라라라라라 난 그런 여자가 좋더라  난 그런 여자가 좋더라  여보세요 날 좀 잠깐 보세요  희망사항이 정말 거창하군요  그런 여자한테 너무 잘 어울리는  난 그런 남자가 좋더라
1990.04.15~04.21,2,53062,사계,노래를찾는사람들,노래를 찾는 사람들 2,1989.10.01,Folk,문승현,빨간 꽃 노란 꽃  꽃밭 가득 피어도   하얀 나비 꽃  나비 담장위에 날아도   따스한 봄바람이 불고 또 불어도   미싱은 잘도 도네 돌아가네   흰 구름 솜구름   탐스러운 애기 구름   짧은 샤쓰 짧은 치마 뜨거운 여름   소금 땀 비지 땀   흐르고 또 흘러도   미싱은 잘도 도네 돌아가네   저 하늘엔 별들이 밤새 빛나고   찬바람 소슬바람   산너머 부는 바람   간밤에 편지 한 장 적어  실어 보내고   낙엽은 떨어지고   쌓이고 또 쌓여도   미싱은 잘도 도네 돌아가네   흰눈이 온 세상에   소복소복 쌓이면   하얀 공장 하얀 불빛   새하얀 얼굴들   우리네 청춘이   저물고 저물도록   미싱은 잘도 도네 돌아가네   공장엔 작업등이 밤새 비추고   빨간 꽃 노란 꽃   꽃밭 가득 피어도   하얀 나비 꽃 나비 담장 위에 날아도  따스한 봄바람이  불고 또 불어도  미싱은 잘도 도네 돌아가네  미싱은 잘도 도네 돌아가네  미싱은 잘도 도네 돌아가네
1990.04.15~04.21,3,53088,유리창엔 비,햇빛촌,햇빛촌,1989.02.15,Ballad,이정한,낮부터 내린 비는 이 저녁 유리창에 이슬만 뿌려놓고서 밤이 되면 더욱 커지는 시계소리처럼 내 마음을 흔들고 있네 이 밤 빗줄기는 언제나 숨겨놓은 내 맘에 비를 내리네 떠오는 아주 많은 시간들 속을 헤메이던 내 맘은 비에 젖는데 이젠 젖은 우산을 펼 수는 없는 것 낮부터 내린 비는 이 저녁 유리창에 슬픔만 뿌리고 있네 이 밤 마음속엔 언제나 남아있던 기억은 빗줄기처럼 떠오는 기억 스민 순간 사이로 내 마음은 어두운 비를 뿌려요 이젠 젖은 우산을 펼 수는 없는 것 낮부터 내린 비는 이 저녁 유리창에 슬픔만 뿌려 놓고서 밤이 되면 유리창에 내 슬픈 기억들을 이슬로 흩어 놓았네
1990.04.15~04.21,4,104134,비오는 날 수채화,"김현식,강인원,권인하",비오는 날 수채화 OST,1989.11.10,"Korean Movie,Rock",강인원,빗방울 떨어지는 그 거리에 서서  그대 숨소리 살아있는 듯  느껴지면  깨끗한 붓 하나를 숨기듯  지니고 나와  거리에 투명하게 색칠을 하지  음악이 흐르는 그 카페엔  초콜렛색 물감으로  빗방울 그려진 그 가로등불  아랜 보라색 물감으로  세상 사람 모두가 도화지  속에 그려진  풍경처럼 행복하면 좋겠네 욕심 많은 사람들 얼굴  찌푸린 사람들  마치 그림처럼 행복하면 좋겠어  음악이 흐르는 그 카페엔  초콜렛색 물감으로  빗방울 그려진 그 가로등불  아랜 보라색 물감으로  세상 사람 모두가 도화지  속에 그려진  풍경처럼 행복하면 좋겠네 욕심 많은 사람들 얼굴  찌푸린 사람들  마치 그림처럼 행복하면 좋겠어  빗방울 떨어지는 그 거리에 서서  그대 숨소리 살아있는 듯  느껴지면  깨끗한 붓 하나를 숨기듯  지니고 나와  거리에 투명하게 색칠을 하지
1990.04.15~04.21,5,67911,마음에 쓰는 편지,임백천,임백천 노래 모음집,1989.10.20,Ballad,노영심,밤이 아름다워 잠이 오질 않아 창을 열고 가만히 벽에 기대어 창가에 흐르는 별들을 바라보며 갈 수없는 내 사랑을 노래합니다  그대 생각하면 잠이 오질 않아 불을 끄고 가만히 창가에 앉아 마음에 접어놓은 수많은 얘기속에 그대에게 하고픈 말 사랑합니다 사랑하는 사람아 귀를 기울여 봐요 이 밤은 이렇게 당신을 부르는데 사랑하는 사람아 마음을 열어봐요 그리움이 가득한 이 밤을 받아주세요  사랑하는 사람아 귀를 기울여 봐요 이 밤은 이렇게 당신을 부르는데 사랑하는 사람아 마음을 열어봐요 그리움이 가득한 이 밤을 받아주세요
1990.04.15~04.21,6,58160,마지막 콘서트,이승철,이승철 Part 2,1989.12.10,Ballad,김태원,지금 슬픈 내 모습은 무대뒤 한 소녀  애써 눈물 참으며 바라보고 있네  무대 뒤에 그 소녀는 작은 의자에 앉아  두 손 곱게 모으고 바라 보며 듣네  나의 얘기를 워 소녀는 나를 알기에 더더욱 슬퍼지네  노래는 점점흐르고 소녀는 울음 참지 못해  밖으로 나가버리고  노랜 끝이 났지만 이젠 부르지 않으리 에 이 슬픈 노래  밖으로 나가 버리고 노랜 끝이났지만 이젠 부르지 않으리 에 이 슬픈 노래
1990.04.15~04.21,7,1017150,그 아픔까지 사랑한거야,조정현,그 아픔까지 사랑한거야,1989.06.15,Ballad,이지영,너를 처음 만난 날 소리없이  밤새 눈은 내리고  끝도 없이 찾아드는 기다림  사랑의 시작이었어  길모퉁에 서서 눈을 맞으며  너를 기다리다가  돌아서는 아쉬움에 그리움만 쌓여도  난 슬프지 않아  눈내리고 외롭던 밤이 지나면  멀리서 들려오는 새벽종소리  혼자만의 사랑은 슬퍼지는거라  말하지 말아요  그대 향한 그리움은 나만의 것인데  외로움에 가슴 아파도  그 아픔까지 사랑한거야   눈내리고 외롭던 밤이 지나면  멀리서 들려오는 새벽종소리  혼자만의 사랑은 슬퍼지는거라  말하지 말아요  그대 향한 그리움은 나만의 것인데  외로움에 가슴 아파도  그 아픔까지 사랑한거야  그 아픔까지 사랑한거야
1990.04.15~04.21,8,2522463,늦지 않았어요,이지연,이지연,1990.01.30,Ballad,,
1990.04.15~04.21,9,53018,향기로운 추억 (응답하라 1988 삽입곡),박학기,박학기,1989.05.10,Ballad,조동익,한줌 젖은 바람은 이젠 희미해진 옛 추억 어느 거리로 날 데리고 가네 향기로운 우리의 얘기로 흠뻑 젖은 세상 시간이 천천히 흐르고 있던 한줌 아름다운 연기 잡아 보려 했던 우리의 그리운 시절 가끔 돌이켜보지만 입가에 쓴웃음 남기고 가네 생각해봐요 눈이 많던 어느 겨울 그대 웃음처럼 온 세상 하얗던 귀 기울여봐요 지난 여름 파도 소리 그대 얘기처럼 가만히 속삭이던 이제 다시 갈 수 없나 향기롭던 우리의 지난 추억 그곳으로 생각해봐요 눈이 많던 어느 겨울 그대 웃음처럼 온 세상 하얗던 귀 기울여봐요 지난 여름 파도 소리 그대 얘기처럼 가만히 속삭이던 생각해봐요 눈이 많던 어느 겨울 그대 웃음처럼 온 세상 하얗던 귀 기울여봐요 지난 여름 파도 소리
1990.04.15~04.21,10,1874936,인디안 인형처럼,나미,Nami Best `My Story And... 45`,2008.05.21,Adult Contemporary,김순곤,다시 어둠이 내리면 혼자라는게 나는 싫어 불빛거리를 헤매다 지쳐버리면 잠이드네 그댄 그렇게 내게 남겨둔 인형처럼 쉽게 웃으며 떠나갔지만 나의 마음은 인디안 인형처럼 워워워워워워워워 까만외로움에 타버렸나봐 oh my baby  비가 내리는 날이면 아픈 추억이 너무 많아 지난 일들은 잊으려 비를 맞으며 걸어가네 그댄 그렇게 내게 남겨둔 인형처럼 쉽게 웃으며 떠나 갔지만 나의 마음은 인디안 인형처럼 워워워워워워워워 까만 외로움에 타버렸나봐 oh my baby  혼자 울고있는 이 안타까운 밤이 깊어 가네 그댄 그렇게 내게 남겨둔 인형처럼 쉽게 웃으며 떠나 갔지만 나의 마음은 인디안 인형처럼 워워워워워워워워 까만 외로움에 타버렸나봐 oh my baby
1990.04.15~04.21,11,1859404,잊지 말아요,최성수,The Best History,2008.04.30,Adult Contemporary,이두헌,이젠 모두 지나버린 일이야 사랑했던 그 추억 마저도 하지만 멀리서 그대 모습 그리며 여기 서 있네 흘러가는 세월속에 다가와 아픈 상처만 주고 떠나간 그대가 나에게 남겨준 그 사랑이 너무 무거워 하지만 우리 잊지 말고 살기로 해요 아름답던 지난 날을 잊지 말아요 아직도 그대를 사랑하고 있어요 잊지 말아요 지난 세월속에서 우리가 나눈 모든 것들을 다 거짓이라고 하지 말아요 사랑은 늘 아픈거라고 나에게 말해준 단 한 사람 그대  흘러가는 세월속에 다가와 아픈 상처만 주고 떠나간 그대가 나에게 남겨준 그 사랑이 너무 무거워 하지만 우리 잊지 말고 살기로 해요 아름답던 지난 날을 잊지 말아요 아직도 그대를 사랑하고 있어요 잊지 말아요 지난 세월속에서 우리가 나눈 모든 것들을 다 거짓이라고 하지 말아요 사랑은 늘 아픈거라고 나에게 말해준 단 한 사람 그대 하지만 우리 잊지말고 살기로 해요 아름답던 지난 날을 잊지 말아요 아직도 그대를 사랑하고 있어요 잊지 말아요 지난 세월속에서 우리가 나눈 모든 것들을 다 거짓이라고 하지 말아요 사랑은 늘 아픈거라고 나에게 말해준 단 한 사람 사랑은 늘 아픈거라고 나에게 말해준 단 한 사람 그대
1990.04.15~04.21,12,52156,채워지지 않는 빈자리,이상우,이상우 1집,1989.03,Ballad,김성란,이젠 그리워 할수 없어요 나의 사랑을 믿을수 없어요 떠나 가버린 그대의 빈자리 다시 채워 질수 없기에 슬픈 이별도 하지 못하고 아픈 눈물도 흘리지 못하고 무심히 그대 보내야만 했던 그 순간이 미워요 너무나 사랑했기에 말없이 보고 말았던 마지막 그대의 모습 정말로 이별이었나 이제와 후회할수 없지만 차라리 울어나 볼것을 세월이 갈수록 안타까워지는 아쉬움이 싫어요  너무나 사랑했기에 말없이 보고 말았던 마지막 그대의 모습 정말로 이별이었나 이제와 후회할수 없지만 차라리 울어나 볼것을 세월이 갈수록 안타까워지는 아쉬움이 싫어요
1990.04.15~04.21,13,91135,사랑할꺼야,이상은,이상은 2집,1989.12.01,Ballad,최봉,우리 이제는 좋아하게 될거야 지나버린 시간들이 다시 되돌아오면 우리 이제는 사랑하게 될거야 달콤했던 추억들이 영원히 아름답도록 소중했던 그 날들은 지나도 아름다운 사랑을 할거야  우리 이제는 좋아하게 될거야 지나버린 시간들이 다시 되돌아오면 우리 이제는 사랑하게 될거야 달콤했던 추억들이 영원히 아름답도록 소중했던 그 날들은 지나도 아름다운 사랑을 할거야  소중했던 그 날들은 지나도 아름다운 사랑을 할거야 소중했던 그 날들은 지나도 아름다운 사랑을 할거야
1990.04.15~04.21,14,2508790,무지개,조규찬,달에서 온 편지,2009.12.15,Ballad,조규찬,창백한 아침 햇살이 동산을 맴돌 때 나무 위에 새들도 구름마다 흐르네  집앞에 친구들이 내 이름을 부를 때 나도 모르는 기쁨이 내 몸을 감싸네  한 여름날 소나기를 흠뻑 맞은 아이들의 모습에 살며시 미소를 띄워 보내고 뒷산 위에 무지개가 가득히 떠오를 때면 가도 가도 잡히지 않는 무지개를 따라갔었죠  한 여름날 소나기를 흠뻑 맞은 아이들의 모습에 살며시 미소를 띄워 보내고 뒷산 위에 무지개가 가득히 떠오를 때면 가도 가도 잡히지 않는 무지개를 따라갔었죠
1990.04.15~04.21,15,68931,추억속의 재회,조용필,90-Vol.1 Sailng Sound,1990.01,Ballad,최은정,지나치는 어둠속에서  긴머리 낯선 그 모습  파도처럼 일렁이며  창가를 스쳐가는  젖은눈의 그댈 보았네  입맞추면 고운 그 입술  울먹이는 슬픈 그대여  바람속에 지는 그대의 만남  순간에 머물렀을 뿐  떠나버린 날들을 이제는  사랑이라 부르지 않으리 영원히   기약없는 이별뒤에 찾아와  추억의 서러움만 남기네  미워할수 없는 그댈 지우며  눈감은 내가슴엔 눈물이 Hey   멀어지는 그대의 모습  부드러운 꽃향기처럼  가까이 다가와서  아프도록 마주보며  사랑으로 나를 부르네  이 시간이 지나면 이제는  잊혀져간 꿈으로 남으리 영원히   기약없는 이별뒤에 찾아와  추억의 서러움만 남기네  미워할수 없는 그댈 지우며  눈감은 내가슴엔 눈물이 Hey   기약없는 이별뒤에 찾아와  추억의 서러움만 남기네  미워할수 없는 그댈 지우며  눈감은 내가슴엔 눈물이  기약없는 이별뒤에 찾아와  추억의 서러움만 남기네
1990.04.15~04.21,16,52841,얄미운 사람,김지애,김지애,1988.03,Adult Contemporary,전영록,사랑만 남겨놓고 떠나가느냐 얄미운 사람 슬픈 음악처럼 이마음 울려놓고 저 멀리 떠나간 사람 미련만 남겨놓고 돌아가느냐 얄미운 사람 미련때문인가 멍들은 이 내가슴 아픔만 주고 간 사람 정주고 마음주고 사랑도 줬지만 지금은 남이 되어 떠나가느냐 이별의 아픔일랑 가져가다오 얄미운 사람 사랑만 남겨놓고 떠나가느냐 얄미운 사람 슬픈 음악처럼 이마음 울려놓고 저 멀리 떠나간 사람 정주고 마음주고 사랑도 줬지만 지금은 남이 되어 떠나가느냐 이별의 아픔일랑 가져가다오 얄미운 사람 미련만 남겨놓고 돌아가느냐 얄미운 사람 미련때문인가 멍들은 이 내가슴 아픔만 주고 간 사람 미련때문인가 멍들은 이 내가슴 아픔만 주고 간 사람
1990.04.15~04.21,17,520770,어느새,장필순,Forever Best 004,1990.03,Rock,김현철,어느새 내 나이도 희미해져 버리고 이제는 그리움도 지워져 버려 어느새 목마른 가슴 모두 잃어버린 무뎌진 그런 사람이 나는 되어만 가네 어느새 시간은 사랑하는 사람마저 빼앗아 나를 상심하게 만들었지만 어느새 이제는 가슴시린 그런 기억 조차도 모두 개끗하게 잊어버린 무뎌진 사람이 돼가네 어느새  시간은 사랑하는 사람마저 빼앗아 나를 상심하게 만들었지만 어느새 이제는 가슴시린 그런 기억 조차도 모두 개끗하게 잊어버린 무뎌진 사람이 돼가네 어느새 어느새 내 나이도 희미해져 버리고 이제는 그리움도 지워져 버려 어느새 목마른 가슴 모두 잃어버린 무뎌진 그런 사람이 나는 되어만 가네 어느새 어느새 어느새 어느새 어느새 어느새
1990.04.15~04.21,18,53426,내일일기,오석준,우리들의 시대,1990.03.12,Ballad,김성호,노을지는 하늘보며 잡지 못한 추억을 우리는 그리워하지만 세상 누구라도 하나쯤은 말 못할 슬픔을 안고 살아가죠 정신없이 걷다가 발을 멈춰 돌아보면 우린 어느새 더욱 소중한 것들을 잊고 사는 것은 아닌지 다시 펼쳐진 하늘 너머로 지나가버린 어제보다도 언젠가는 날아가고픈 내일얘기를 써가요  정신없이 걷다가 발을 멈춰 돌아보면 우린 어느새 더욱 소중한것들을 잊고 사는 것은 아닌지 다시 펼쳐진 하늘 너머로 지나가버린 어제보다도 언젠가는 날아가고픈 내일얘기를 써가요 다시 펼쳐진 하늘 너머로 지나가버린 어제보다도 언젠가는 날아가고픈 내일얘기를 써가요 내일얘기를 써가요 내일얘기를 써가요
1990.04.15~04.21,19,1517745,언제나 타인,김수철,One Man Band,1989.11.20,Rock,김수철,만남에서 몰래 빠져나와 너와나 이별도 없이 그냥 멀어져 버린 우리는 언제나 타인 불어라 바람 깊이 패인 상처에 먼지를 씻어 주렴아 불어라 바람 이 세상 저 끝에 홀로 서있는 눈물을 씻어 주렴아 잊으려고 애써 웃었지만 잊을수록 더해만 가 그리움에 너를 찾아 또 다시 어디론가 떠나가네  불어라 바람 깊이 패인 상처에 먼지를 씻어 주렴아 불어라 바람 이 세상 저 끝에 홀로 서있는 눈물을 씻어 주렴아 잊으려고 애써 웃었지만 잊을수록 더해만 가 그리움에 너를 찾아 또 다시 어디론가 떠나가네
1990.04.15~04.21,20,3442905,그때 그날로,장호철,"거울, 빈병, 그리고 나",1989.08.01,Ballad,,이젠 모두 끝난 채 입맞춤도 없이 긴 슬픔의 길로 떠나가네 다시 홀로되어 가슴 외로움만 오오 담겨있네 만약 그때 그날로 다시 돌아가면 난 오직 그대를 사랑하리 헤어진다 해도 그대 사랑하리 오오 사랑하리 이제는 알 수 있네 내가 왜 그댈 사랑하는지 모진 세월들을 겪고 난 뒤에야 그대가 소중한걸 만약 그때 그날로 다시 돌아가면 난 오직 그대를 사랑하리 헤어진다 해도 그대 사랑하리 오오 사랑하리 이제는 알 수 있네 내가 왜 그댈 사랑하는지 모진 세월들을 겪고 난 뒤에야 그대가 소중한걸 이제 모두 끝난 채 입맞춤도 없이 긴 슬픔의 길로 떠나가네 다시 홀로되어 가슴 외로움만 오오 담겨있네 만약 그때 그날로 다시 돌아가면 난 오직 그대를 사랑하리 헤어진다 해도 그대 사랑하리 오오 사랑하리 이젠 모두 끝난 채 입맞춤도 없이 긴 슬픔의 길로 떠나가네 다시 홀로되어 가슴 외로움만
1990.04.15~04.21,21,3708777,존대말을 써야할지 반말로 얘기해야 할지,민해경,민해경 Since... 1981 에센셜앨범,2012.01.16,Ballad,,한동안 좋아했던  옛사람을 우연히  길가에서 마주쳤네  존대말을 써야할지  반말로 얘기해야 할지  서먹서먹 해지네  그렇게 보고싶던  옛사람을 딴사람과  같이 걷다 마주쳤네  반갑다고 해야할지  모른척 지나쳐야 할지  어쩔줄을 모르겠네  가슴은 주책없이 뛰고 있어  말문이 막혀버려 답답하네  입만 벙긋 눈만 껌뻑 밍숭 맹숭  입장이 정말 난처해지네  시간 좀 빨리 흘러갔으면 어쩌나  다바다바 두비두비  두답두 닷다 다바다바  두비두비 다바다바다  서먹서먹 해지네  한동안 좋아했던  옛사람을 우연히  길가에서 마주쳤네  존대말을 써야할지  반말로 얘기해야 할지  서먹서먹 해지네 가슴은 주책없이 뛰고 있어  말문이 막혀버려 답답하네  입만 벙긋 눈만 껌뻑 밍숭 맹숭  입장이 정말 난처해지네  시간 좀 빨리 흘러갔으면 어쩌나 다바다바 두비두비 두답두 닷다 다바다바 두비두비 다바다바다 존대말을 써야할지 반말로 얘기해야 할지 서먹서먹 해지네 어쩔줄을 모르겠네
1990.04.15~04.21,22,1081140,칠갑산,주병선,주병선 앵콜무대 Vol 1,1992.06.01,Adult Contemporary,조운파,콩밭메는 아낙네야 베적삼이 흠뻑 젖는다 무슨 설움 그리 많아 포기마다 눈물 심누나 홀어머니 두고 시집가던 날 칠갑산 산마루에 울어주던 산새 소리만 어린 가슴속을 태웠소  홀어머니 두고 시집가던 날 칠갑산 산마루에 울어주던 산새 소리만 어린 가슴속을 태웠소
1990.04.15~04.21,23,53060,솔아 솔아 푸르른 솔아,노래를찾는사람들,노래를 찾는 사람들 2,1989.10.01,Folk,안치환,거센 바람이 불어와서 어머님의 눈물이 가슴속에 사무쳐 우는 갈라진 이 세상에 민중의 넋이 주인되는 참 세상 자유 위하여 시퍼렇게 쑥물 들어도 강물 저어 가리라 솔아 솔아 푸르른 솔아 셋바람에 떨지마라 창살 아래 내가 묶인 곳 살아서 만나리라 솔아 솔아 푸르른 솔아 셋바람에 떨지마라 창살 아래 내가 묶인 곳 살아서 만나리라 창살 아래 내가 묶인 곳 살아서 만나리라
1990.04.15~04.21,24,52972,어두운 하늘 아래서,유영석,유영석 Vol.1 1집,1990.01,Ballad,유영석,우리 서로 말이 없어도 서로 바라만 보아도  이밤이 가면 헤어져야 하기에 나의 맘 이리도 아파 오는 걸 이젠 슬픈 표정 싫은데 항상 그 눈빛으로 봐  떠나가면서 왜 눈물 지어야 해 나는 그대 맘을 아직도 몰라 나의 가슴 속에 묻어둔 사랑도 이젠 하늘 높이 던져야지  하지만 내맘에 간직된 그대의 미소 짙은 그리움으로 쌓인 뒤 나를 태우네 이 어두운 밤 이 어둔 맘 이 어둔 하늘 아래서 그대 떠나가야 한다면 나의 슬픈 마음도 못다한 내 사랑도 모두다 함께 가져가주오  나의 가슴 속에 묻어둔 사랑도 이젠 하늘 높이 던져야지  하지만 내맘에 간직된 그대의 미소 짙은 그리움으로 쌓인 뒤 나를 태우네 이 어두운 밤 이 어둔 맘 이 어둔 하늘 아래서 그대 떠나가야 한다면 나의 슬픈 마음도 못다한 내 사랑도 모두다 함께 가져가주오 이 어두운 밤 이 어둔 맘 이 어둔 하늘 아래서 그대 떠나가야 한다면 나의 슬픈 마음도 못다한 내 사랑도 모두다 함께 가져가주오 이 어두운 밤
1990.04.15~04.21,25,53530,난 그대만을 사랑했나봐,박정운,오석준/장필순/박정운,1990.05.15,Ballad,김성휘,어젯밤에 걸려 왔던 그 전화속에 떨리는 목소리로 울먹이던 너~~ 더 이상 기다리지 않겠다고 잊어 달라고 한 마디 던져 놓고 끊어버린 너 아직도 내 귓가에 남아 있는 그 목소리에 지나버린 얘기라고 마음 달래봐도 웬지~ 나도 몰래 떠 오르는 너의 모습을 지우려고 외면하듯 돌아 섰을때 사랑했나봐 그대는 나를 정말 사랑하고 있었나봐 사랑했나봐 난 아직 그대만을 사랑하고 있었나봐 사랑했나봐 날 사랑했나봐 아 눈앞에 어둠이 밀려 오네  멍하게 홀로 서서 수화기만 바라보다가 지나버린 얘기라고 마음 달래봐도 왠~지 나도 몰래 떠오르는 너의 모습을 지우려고 외면하듯 돌아섰을때 사랑했나봐 그대는 나를 정말 사랑하고 있었나봐 사랑했나봐 난 아직 그대만을 사랑하고 있었나봐 사랑했나봐 날 사랑했나봐 아 눈앞에 어둠이 밀려 오네 눈앞에 어둠이 밀려 오네
1990.04.15~04.21,26,52945,겨울 애상,이선희,한바탕 웃음으로,1989,Ballad,김요일,별빛에 맑게 빛나는  내 슬픈 얼굴아  기러기 울며 날아간  하늘을 보나  그리움 눈처럼 쌓여  언덕을 굴러넘고  파란 달빛 나린다  내 텅빈 뜨락에  바람은 나뭇잎을  휘몰고 사라졌는데  왜 아픈 그리움의 조각배는  내 가슴에 떠 있는가  지울수 없나 없나  겨울이면 떠오는 영상  파랗게 시린 내 사랑  얼어버린 슬픈 뒷모습   바람은 나뭇잎을  휘몰고 사라졌는데  왜 아픈 그리움의 조각배는  내 가슴에 떠 있는가  지울수 없나 없나  겨울이면 떠오는 영상  파랗게시린 내사랑  얼어버린 슬픈 뒷모습  얼어버린 슬픈 뒷모습
1990.04.15~04.21,27,51275,동네 (`응답하라 1988` 삽입곡),김현철,김현철 Vol.1 - 춘천가는 기차,1989.08.26,Ballad,김현철,가끔씩 난 아무일도 아닌데 음 괜스레 짜증이 날땐 생각해 나의 동네에 올해들어 처음 내린 비 짧지 않은 스무해를 넘도록 음 나의 모든 잘못을 다 감싸준 나의 동네에 올해들어 처음 내린 비 내가 걷는 거리 거리 거리마다 오 나를 믿어왔고 내가 믿어가야만 하는 사람들 사람들 사람들 사람들 그리고 나에겐 잊혀질 수 없는 한 소녀를 내가 처음 만난 곳 둘이 아무말도 없이 지치는 줄도 모르고 온종일 돌아다니던 그 곳 짧지 않은 스무해를 넘도록 음 소중했던 기억들이 감춰진 나의 동네에 올해들어 처음 내린 비 내가 걷는 거리 거리 거리마다 오 나를 믿어왔고 내가 믿어가야만 하는 사람들 사람들 사람들 사람들 그리고 나에겐 잊혀질 수 없는 한 소녀를 내가 처음 만난 곳 둘이 아무말도 없이 지치는 줄도 모르고 온종일 돌아다니던 그 곳 짧지 않은 스무해를 넘도록 음 나의 모든 잘못을 다 감싸준 나의 동네에 올해들어 처음 내린 비 사람들 사람들 사람들 사람들 사람들 사람들
1990.04.15~04.21,28,50798,안녕 내사랑,박남정,박남정 제3집,1989.08.25,Dance,송광호,잊혀질듯 하면서도 못잊는 것은 지난날의 그 꿈들이 아름다워서 순간속에 사라지는 너의 모습이 이제는 볼수가 없네 지난날이 꿈이었나 생각해보면 행복했던 우리들에 지난 시간들 슬픔속에 사라져간 나의 눈물을 이제는 지울수없네 모두가 추억이었나 다시는 볼수가 없네 모두가 사라져갔나 다시는 볼수가 없나 안녕 안녕하며 사라진 너의 모습 이제는 볼수가 없네 안녕 안녕하며 사라진 너의 모습 이제는 이제는 안녕 내사랑  모두가 사라져갔나 다시는 볼수가 없네 모두가 사라져갔나 다시는 볼수가 없어 안녕 안녕하며 사라진 너의 모습 이제는 볼수가 없네 안녕 안녕하며 사라진 너의 모습 이제는 이제는 안녕 내사랑
1990.04.15~04.21,29,1839744,눈물나는 날에는,푸른하늘,푸른하늘 2집 - 눈물나는 날에는,1989.07.01,Ballad,유영석,우리들 마음 아픔에 어둔 밤 지새우지만 찾아든 아침 느끼면 다시 세상속에 있고 눈물이 나는 날에는 창밖을 바라보지만 잃어간 나의 꿈들에 어쩔줄을 모르네 나에게 올 많은 시간들을 이제는 후회없이 보내리 어두웠던 지난날을 소리쳐 부르네 아름다운 나의 날을 위하여 사랑이란 사랑이라는 마음만으로 영원토록 기쁨 느끼고 싶어 슬픔 안은 슬픔 안은 날 잠이 들고파 변하지 않는 세상을 꿈꾸며  나에게 올 많은 시간들을 이제는 후회없이 보내리 어두웠던 지난날을 소리쳐 부르네 아름다운 나의 날을 위하여 사랑이란 사랑이라는 마음만으로 영원토록 기쁨 느끼고 싶어 슬픔 안은 슬픔 안은 날 잠이 들고파 변하지 않는 세상을 꿈꾸며 사랑이란 사랑이라는 마음만으로 영원토록 기쁨 느끼고 싶어 슬픔 안은 슬픔 안은 날 잠이 들고파 변하지 않는 세상을 꿈꾸며 변하지 않는 세상을 꿈꾸며
1990.04.15~04.21,30,1104907,어떤이의 꿈,봄여름가을겨울,나의 아름다운 노래가 당신의 마음을 깨끗하게 할 수 있다면,1989.10.01,Ballad,김종진,어떤 이는 꿈을 간직하고 살고 어떤 이는 꿈을 나눠 주고 살며 다른 이는 꿈을 이루려고 사네 어떤 이는 꿈을 잊은채로 살고 어떤 이는 남의 꿈을 뺏고 살며 다른 이는 꿈은 없는거라 하네 세상에 이 처럼 많은 사람들과 세상에 이 처럼 많은 개성들 저 마다 자기가 옳다 말을 하고 꿈이란 이런 거라 말 하지만 나는 누굴까 내일을 꿈 꾸는가 나는 누굴까 아무 꿈 없질 않나 나는 누굴까 내일을 꿈 꾸는가 나는 누굴까 혹 아무 꿈 어떤 이는 꿈을 간직하고 살고 어떤 이는 남의 꿈을 뺏고 살며 다른 이는 꿈은 이런 거라 하네 세상에 이 처럼 많은 사람들과 세상에 이 처럼 많은 개성들 저 마다 자기가 옳다 말을 하고 꿈이란 이런 거라 말 하지만 나는 누굴까 내일을 꿈 꾸는가 나는 누굴까 아무 꿈 없질 않나 나는 누굴까 내일을 꿈 꾸는가 나는 누굴까 아무 꿈 없질 않나 나는 누굴까 내일을 꿈 꾸는가 나는 누굴까 아무 꿈 없질 않나 나는 누굴까 내일을 꿈 꾸는가 나는 누굴까 혹 아무 꿈
1990.04.15~04.21,31,1126987,침묵,위일청,위일청 리메이크 댄스 2 - 트롯디스코,-,Ballad,,아무말도 하지마 나는 너무 지쳤어 자꾸 나를 부르지마 이젠 사랑 하기 싫어 지금 나는 웃지만 그건 내가 아니야 그냥 나를 쉬게해줘 내게 다가오지마 모두 떠나가도 나는 서럽지 않아 아무 말없이 그저 혼자있고 싶어 슬픔도 기쁨도 느껴지질 않아 낯선 침묵속에서 이대로 있고싶어  모두 떠나가도 나는 서럽지 않아 아무 말없이 그저 혼자있고 싶어 슬픔도 기쁨도 느껴지질 않아 낯선 침묵속에서 이대로 있고싶어
1990.04.15~04.21,32,52441,너에게로 또 다시,변진섭,너에게로 또 다시,1989.10.25,Ballad,박주연,그 얼마나 오랜 시간을  짙은 어둠에서 서성거렸나  내 마음을 닫아 둔채로  헤매이다 흘러간 시간  잊고 싶던 모든 일들은  때론 잊은 듯이 생각됐지만  고개 저어도 떠오르는건  나를 보던 젖은 그 얼굴  아무런 말없이 떠나버려도  때로는 모진 말로  멍들이며 울려도  내 깊은 방황을  변함없이 따뜻한  눈으로 지켜보던 너  너에게로 또다시  돌아오기까지가  왜 이리 힘들었을까  이제 나는 알았어  내가 죽는날까지  널 떠날 수 없다는 걸  아무런 말없이 떠나버려도  때로는 모진 말로  멍들이며 울려도  내 깊은 방황을  변함없이 따뜻한  눈으로 지켜보던 너  너에게로 또다시  돌아오기까지가  왜 이리 힘들었을까  이제 나는 알았어  내가 죽는날까지  널 떠날 수 없다는 걸
1990.04.15~04.21,33,610200,옥경이,태진아,베스트,-,Adult Contemporary,조운파,희미한 불빛 아래 마주 앉은 당신은 언젠가 어디선가 본 듯한 얼굴인데 고향을 물어 보고 이름을 물어봐도 잃어버린 이야긴가 대답하지 않네요 바라보는 눈길이 젖어 있구나 너도 나도 모르게 흘러간 세월아 어디서 무엇을 하며 어떻게 살았는지 물어도 대답없이 고개 숙인 옥경이  바라보는 눈길이 젖어 있구나 너도 나도 모르게 흘러간 세월아 어디서 무엇을 하며 어떻게 살았는지 물어도 대답없이 고개 숙인 옥경이
1990.04.15~04.21,34,987763,떠나고 싶어라,백영규,백영규 8,1991,Folk,나영애,떠나가고 싶어라 아무도 볼 수 없는 곳 바람이 되어 날아갈까 새처럼 날아갈까 웃음도 눈물도 없는 얼굴이 되어버렸네 우우우 님이여 그대가 떠나더니 세상엔 온통 잿빛구름 떠있고 내 가슴엔 언제나 소낙비만 쏟아지네 우우 우우 우우우 님이여  그대가 떠나더니 세상엔 온통 잿빛구름 떠있고 내 가슴엔 언제나 소낙비만 쏟아지네 우우 우우 우우우 님이여 혹시나 돌아올까 떠나지도 못하고 기다린 어리석음은 잃어버린 시간들만 우우  잃어버린 시간들만 보낸답니다
1990.04.15~04.21,35,46665,기다려 줘,김광석,인생 이야기,1996.08.13,Folk,김창기,난 아직 그대를 이해하지 못하기에 그대 마음에 이르는 그 길을 찾고있어 그대의 슬픈 마음을 환희 비춰 줄 수 있는 변하지 않을 사랑이 되는 길을 찾고 있어 어디서 찾을 수 있을까 그대 마음에 다다라는 길 찾을 수 있을까 언제나 멀리 있는 그대 기다려줘 기다려줘 내가 그대를 이해할 수 있을때까지 기다려줘 기다려줘 내가 그대를 이해 할 수 있을 때까지  난 아직 그대를 이해하지 못하기에 그대 마음에 이르는 그 길을 찾고있어 그대의 슬픈 마음을 환희 비춰 줄 수 있는 변하지 않을 사랑이 되는 길을 찾고 있어 어디서 찾을 수 있을까 그대 마음에 다다라는 길 찾을 수 있을까 언제나 멀리 있는 그대 기다려줘 기다려줘 내가 그대를 이해할 수 있을때까지 기다려줘 기다려줘 내가 그대를 이해 할 수 있을 때까지  기다려줘
1990.04.15~04.21,36,2335672,미련 때문에,최진희,최진희 Golden,1996.10.01,Adult Contemporary,장우,너무나 짧았던 만남이지만 진정으로 사랑했다오~
1990.04.15~04.21,37,881851,모두가 잊혀질때면,지근식,혼자 남은 밤,1989.06.24,Ballad,송홍섭,밤새도록 가고싶은 나의 마음을  그대 따라 먼길을 찾아헤매네  나만 홀로 이 거리에 남아 있는데  그대 향한 그리움 지울 수 없어  잊을 수 없어 잊을 수 없어  모두가 사라져 가도  하늘 저편에 붉은 노을이 내려와  내 몸을 감싸안네  나만 홀로  이 거리에 남아 있는데  그대 향한 그리움 지울 수 없어  잊을 수 없어 잊을 수 없어  모두가 사라져 가도  하늘 저편에 붉은 노을이 내려와  내 몸을 감싸안네
1990.04.15~04.21,38,52515,사랑은 창밖에 빗물같아요,양수경,사랑은 창밖에 빗물같아요,1990.03.01,Ballad,전영록,이밤 왠지 그대가 내 곁에 올것만 같아 음 그대 떠나버린걸 난 지금 후회 안해요 오 그저 지난 세월이 내리는 빗물같아요 그렇지만 문득 그대 떠오를 때면 이 마음은 아파올거야 그누구나 세월가면 잊혀지지만 사랑은 창밖에 빗물같아요  이밤 그대 모습이 내 맘에 올것만 같아 음 그대 말은 안해도 난 지금 알 수 있어요 오 그저 지난 세월이 내리는 빗물같아요 그렇지만 문득 그대 떠오를 때면 이 마음은 아파올거야 그누구나 세월가면 잊혀지지만 사랑은 창밖에 빗물같아요 사랑은 창밖에 빗물같아요
1990.04.15~04.21,39,58022,정때문에,송대관,송대관 슈퍼 골든,1993,Adult Contemporary,"장경수,불후의명곡전설을노래하다(작사가장경수편)원곡및경연곡탈퇴회원좋아요총건수015곡#불",정 주고 떠난 사람 그리워서 울긴 왜 울어 추억을 뿌려놓은 당신이기에 그 날은 행복했다 할래요 그까짓 것 미련이야 버리면 그만인 것을 끈끈한 정 때문에 정 때문에 괴로워 혼자 울고있어요 정 주고 떠난 사람 못 잊어서 내가 왜 울어 서럽게 버림받은 바보라지만 원망은 하지 않을거예요 그까짓 것 미련이야 버리면 그만인것을 가슴에 못이 되어 못이 되어 서러워 내 가슴을 치네요 그까짓 것 사랑이야 잊으면 그만인 것을 남겨진 정 때문에 정 때문에 괴로워 혼자 울고 있어요
1990.04.15~04.21,40,1839142,나그네의 옛 이야기 (엄인호),신촌블루스,신촌블루스 3집,1990.03.25,Folk,박동율,오솔길을 거닐며  옛생각에 잠겨보네 하늘 떠다니는 구름 내마음 같아   종일토록 헤매이나 좁은 신작로길 멀리 달려가는  시외버스 먼지속에 옛날 철모르던 아이들시적   꿈처럼 떠오르네    이젠 다시 못 올 아름다운 무지개시절  풀밭 언덕 위로 바람 불어가고 내마음 근심걱정 하나 없던 행복한 시절 언제나 다시 오려나 흘러가는 강물을 바라보면서   옛노래를 불러보네 텅빈 머리속을 돌아 맴도는  나그네의 옛이야기    이젠 다시 못 올 아름다운 무지개시절  풀밭 언덕 위로 바람 불어가고 내마음 근심걱정 하나 없던 행복한 시절 언제나 다시 오려나 흘러가는 강물을 바라보면서   옛노래를 불러보네 텅빈 머리속을 돌아 맴도는  나그네의 옛이야기
1990.04.15~04.21,41,1087276,그게 나였어,이문세,그게 나였어,1989.11.01,Ballad,이영훈,생각나니 별을 보던 너의 모습 생각 아름다운 마음이 오래 됐지만 그게 나였어 그게 나였어  어느날 부끄러웁겠지 그냥 살아온 인생 거짓과 위선 속에 서로 속이며 정직한 나  필요한 내가 되고 싶었어  아름다운 날 만들기 위해  생각나니 지난 시절 잃어버린 사랑 나눠 갖던 마음이 오래 됐지만 그게 너였어 그게 너였어  어느날 부끄러웁겠지 그냥 살아온 인생 거짓과 위선 속에 서로 속이며 정직한 나  필요한 내가 되고 싶었어 아름다운 날 만들기 위해  생각나니 지난 시절 잃어버린 사랑 나눠 갖던 마음이 오래 됐지만 그게 나였어 그게 나였어
1990.04.15~04.21,42,1839831,진고개 신사,신촌블루스,신촌블루스 라이브 Vol.1,2001.01.01,Folk,심영식,미련없이 내뿜는 담배연기속에  아련히 떠오르는 그여인의 얼굴을 별마다 새겨보는 별마다 새겨보는  아~ 진고개 신사  헝클어진 머리를 쓸어 올리며 언젠가 불러주던 그여인의 노래를  소리없이 불러보던 소리없이 불러보던 아~ 진고개 신사
1990.04.15~04.21,43,91045,시계,조갑경,조갑경,1989.03.20,Dance,최성호,당신은 시계처럼 정확한 분이지만 난 정말 당신처럼 정확할순 없어요 원하는 사랑을 드릴수도 있지만 내마음 시계처럼 맞춰놓진 말아요 사랑을 시간으로 따질수는 없잖아 새장속의 새처럼 답답해서 싫어요 사랑을 시간으로 따질수는 없잖아 새장속의 새처럼 답답해서 싫어요 답답해서 싫어요 답답해서 싫어 답답해서 싫어요 답답해서 싫어  당신은 시계처럼 정확한 분이지만 난 정말 당신처럼 정확할순 없어요 원하는 사랑을 드릴수도 있지만 내마음 시계처럼 맞춰놓진 말아요 사랑을 시간으로 따질수는 없잖아 새장속의 새처럼 답답해서 싫어요 사랑을 시간으로 따질수는 없잖아 새장속의 새처럼 답답해서 싫어요 답답해서 싫어요 답답해서 싫어 답답해서 싫어요 답답해서 싫어  사랑을 시간으로 따질수는 없잖아 새장속의 새처럼 답답해서 싫어요 사랑을 시간으로 따질수는 없잖아 새장속의 새처럼 답답해서 싫어요 답답해서 싫어요 답답해서 싫어 답답해서 싫어요 답답해서 싫어  답답해서 싫어요 답답해서 싫어 답답해서 싫어요 답답해서 싫어
1990.04.15~04.21,45,1003660,봉선화 연정,현철,힛트 전집 2,1989.01.01,Adult Contemporary,김동찬,손대면 톡하고 터질것만 같은 그대 봉선화라 부르리 더 이상 참지못할 그리움을 가슴깊이 물들이고 수줍은 너의 고백에 내 가슴이 뜨거워 터지는 화산처럼 막을 수 없는 봉선화 연정  손대면 톡하고 터질것만 같은 그대 봉선화라 부르리 더 이상 참지못할 외로움에 젖은 가슴 태우네 울면서 혼자 울면서 사랑한다 말해도 무정한 너는 너는 알지 못하네 봉선화 연정 봉선화 연정
1990.04.15~04.21,46,1108580,그대 내 맘에 들어오면은,조덕배,그대 내맘에 들어오면은,1993.04.01,Ballad,조덕배,다가가면 뒤돌아 뛰어가고 쳐다보면 하늘만 바라 보고 내맘을 모르는지 알면서 그러는지 시간만 자꾸 자꾸 흘러가네 스쳐가듯 내곁을 지나가도 돌아서서 모른척 하려해도 내 마음에 강물처럼 흘러가는 그대는 무지갠가 뛰어 갈텐데 훨훨 날아 갈텐데 그대 내맘에 들어 오면은 아이처럼 뛰어가지 않아도 나비따라 떠나가지 않아도 그렇게 오래오래 그대곁에 남아서 강물처럼 그대 곁에 흐르리 뛰어 갈텐데 날아 갈텐데 그대 내맘에 들어 오면은  뛰어 갈텐데 날아 갈텐데 그대 내맘에 들어 오면은 아이처럼 뛰어가지 않아도 나비따라 떠나가지 않아도 그렇게 오래오래 그대곁에 남아서 강물처럼 그대 곁에 흐르리 뛰어 갈텐데 훨훨 날아 갈텐데 그대 내맘에 들어 오면은 뛰어 갈텐데 날아 갈텐데 그대 내맘에 들어 오면은 뛰어 갈텐데 날아 갈텐데 그대 내맘에 들어 오면은
1990.04.15~04.21,47,460430,언제나 영화처럼,전인권,지금까지 또 이제부터 II,1989.10,Rock,,언제나 영화처럼 언제나 영화처럼 언제나 영화처럼 언제나 영화처럼 멋있는 영화처럼 언제나 영화처럼 나의 모자람도 우리 외로움도 개성이 되고   빠빠빠빠빠빠빠빠빠빠빠빠빠--  언제나 영화처럼 언제나 영화처럼 언제나 영화처럼 언제나 영화처럼 언제나 영화처럼 언제나 영화처럼
1990.04.15~04.21,48,60883,영원한 사랑인줄 알았는데,양하영,양하영 2,1989.10,Folk,이현우,오래도록 머물수있는 영원한 사랑인줄 알았는데 왜 당신은 내게 안녕을 말하나요  시간이 흐를수록 짙어가는 사랑인줄 알았는데 왜 당신은 내게 이별을 주시나요 혹시나 내가 떠날까 나 몰래 눈물짓던 당신이 왜 먼저 이별을 말하나요 사랑해요 떠나지 말아요  사랑하고 있어요 사랑해요 사랑해요 이별은 정말 싫어요  혹시나 내가 떠날까  나 몰래 눈물짓던 당신이 왜 먼저 이별을 말하나요 사랑해요 떠나지 말아요  사랑하고 있어요 사랑해요 사랑해요 이별은 정말 싫어요 사랑해요 사랑해요 이별은 정말 싫어요
1990.04.15~04.21,49,3618850,열병,신효범,슬픈 빛깔의 추억,1991,Ballad,김진룡,어차피 헤어질 사이지만 난 절대 너만은 단념할수가 없잖아 날두고 떠난다 하지마 이대로는 보낼수 없어 너만을 믿었던 내마음속 깊이 사랑한다는 마음뿐이야 이제는 모든게 끝나버렸지만 너만은 진정 날 사랑했었다고 말해줘 날두고 떠난다 하지마 이대로는 보낼수 없어 나만을 믿었던 내마음속 깊이 사랑한다는 마음뿐이야 이제는 모든게 끝나버렸지만 너만은 진정 날 사랑했었다고 말해줘
1990.04.15~04.21,50,52442,숙녀에게,변진섭,너에게로 또 다시,1989.10.25,Ballad,박주연,어쩌면 처음 그땐 시간이 멈춘 듯이 미지의 나라 그곳에서 걸어온 것처럼 가을에 서둘러 온 초겨울 새벽녘에 반가운 눈처럼 그대는 내게로 다가왔죠 그대의 맑은 미소는 내 맘에 꼭 들지만 가끔씩 보이는 우울한 눈빛이 마음에 걸려요 나 그대 아주 작은 일까지 알고 싶지만 어쩐지 그댄 내게 말을 안 해요 허면 그대 잠든 밤 꿈 속으로 찾아가 살며시 얘기 듣고 올래요 그대의 맑은 미소는 내 맘에 꼭 들지만 가끔씩 보이는 우울한 눈빛이 마음에 걸려요 나 그대 아주 작은 일까지 알고 싶지만 어쩐지 그댄 내게 말을 안 해요 허면 그대 잠든 밤 꿈 속으로 찾아가 살며시 얘기 듣고 올래요 나 그대 아주 작은 일까지 알고 싶지만 어쩐지 그댄 내게 말을 안 해요 허면 그대 잠든 밤 꿈 속으로 찾아가 살며시 얘기 듣고 올래요
