time,rank,song_id,title,singers,album,date,genre,creator,lyric
1996.02.04~02.10,1,1185237,겨울이야기,DJDOC,D際(제)2德(덕) 3집,1996.12.01,Dance,강은경,하염없이 내리던 하얀눈에   가려져   이젠 두 번다시 볼 수 없는   네 뒷모습   난 그렇게 선채로 얼어  붙어갔지만   오직 널 향한 나의 마음만은   따뜻했어   니가 내게서 조금씩   멀어져가고 있다는걸 느낄 때   그때는 이미 가을도   멀리 지나버리고 난 후야   내가 장식하고 싶던   아픔다운 추억   너와 함께 보내려던 이 겨울을   그냥 너를 위해샀던   선물들과 함께   모두 버려질 수밖에 없었지   너를 만나려고 무척많이   시도했지   결국 너의 집앞에서 나는   너를 기다렸지   빨간 스포츠카에서 너와   함께 내린   왠 남자를 보고 나는 나는   깨달았지   그토록 애원하며 매달리던 나를   너무나도 많이 많이   사랑했던 나를   이젠 잊고 싶어서 그랬는지   저랬는지   나를 멀리했던 너   이제는 돌아와 기다린   내게로 돌아와   눈처럼 모든걸 덮어줄거야   내게 돌아와줘   내 곁에 있어줘 쓸쓸한 이   겨울동안만   차가운 내 눈물 멈출수 있게   내게 머물러줘   쌓인눈이 녹아도 또 새해가   밝아도   나의 혼자뿐인 겨울은 계속됐어   수 많은 밤 지나고 이 계절이   바뀌어도   내 맘은 늘 겨울인걸 모르겠니   늦은밤 너그럽고 돈 많아보이는   새 남자친구와   너의 집앞에서 다정스럽게도   Good night kiss를 나누던 모습   나의 눈물과 하얀 눈송이와   함께 점점더 멀어지고 있어   그러나 이건 이별이라   생각하지 않아   다시 내게로 돌아와줘   너와 사랑을 하고 헤어지게됐어   하지만 누가 뭐라해도   생각나게 되는걸   다시 한 번 만나주면 좋겠다  예전처럼 그댈 한번 만나보고싶다   you n me 지금 멀리있다해도   그건 잠시 너의 외도라고 생각해   여자들은 눈이 내리면   누군가를 만나고 싶어 하니까   이제는 돌아와 기다린   내게로 돌아와   눈 처럼 모든걸 덮어 줄거야   내게 돌아와줘   예 난 너 없인 정말 못살아 내 곁에 있어줘 쓸쓸한 이  겨울동안만  차가운 내 눈물 멈출수 있게  내게 머물러줘  멀리 있는 너에게 내말  털어 놓지만  마음 한구석엔 여전히 허전했어  외로움을 달래줄 그런여자  어디없나  남아 있는 이겨울이 따뜻하게
1996.02.04~02.10,2,38651,슬픈 언약식,김정민,4Love,1995.11.01,Ballad,박주연,너를 내게 주려고 날 혼자 둔거야  내 삶을 지금껏 나에게  너 아닌 사람은  그저 스쳐 지난 것 처럼  나를 네게 주려고 난 열지않았어  내 마음 그 누구에게도  그렇게 넌 있어준거야  나의 방황의 끝에서  하지만 넌 서러워하지마  우리만의 축복을  어떤 현실도 우리 사랑 앞에서  얼마나 더 초라해질 뿐인지  이제 눈물을 거둬 하늘도 우릴 축복하잖아  워 이렇게 입맞추고 나면  우린 하나인데  하지만 넌 서러워 하지마  우리만의 축복을  어떤 현실도 우리 사랑 앞에서  얼마나 더 초라해질 뿐인지  이제 눈물을 거둬  하늘도 우릴 축복하잖아  워 이렇게 입맞추고 나면  우린 하나인데  이젠 눈물을 거둬  하늘도 우릴 축복하잖아  워 이렇게 입맞추고 나면 우린 하나인데
1996.02.04~02.10,3,37171,천상유애(天上有愛),룰라,Reincarnation Of The Legend,1995,Dance,이건우,저 끝에서 끝까지   목이 메이도록   말하고 말거야 무척   소중한걸 안다고   거리마다 외칠 거야   무엇도 아닌 날   감싸주고 좋아했기에  이제부터 다른 사람   쳐다도 안 볼 거야  너를 제일 처음 만나는   그 순간에도 난 이미   너를 느껴버렸어 잡을 수   없는 환상 속에   빠진 것처럼 낯이 익은   이상한 기분이 들어   너와 나는 어쩌면은 전생에서   한번쯤은 헤어졌다   다시 만난 건지도 몰라   알 수없는 미래지만   가보고 싶었어 그래서 난   너를 보게 된 거야 된 거야   오래 오래 오래   천년이 지나가도   안 변할 사랑은 이미   시작된거야 지상에서   하늘끝까지   우리 사랑 영원한거야   오래 오래 전에   지상에서 찾을 수 없는   그 님을 만났니   반짝이고 아름다운 사랑   기분 정말 무한대야   긍정 부정 느낌표는 이제   모두 필요 없는 얘기   하늘에서 맺어준 사랑 알 수   없는 미래지만   가보고 싶었어 그래서 난 너를   보게 된 거야된 거야   오래 오래 오래  천년이 지나가도   안 변할 사랑은   이미 시작된거야 지상에서   하늘끝까지   우리 사랑 영원한거야   오래 오래 전에   어리다고 사랑이 오지 않나요   낙엽만 바라봐도 눈물이 나요   내 작은 가슴에 꿈이 많은데   이룰 수 없나요   오늘도 어제처럼   내게 줬던 고마웠던 너의 사랑이   아무에게 나눠주는   그런 사랑 아니기를 그렇다면   사라져 다 필요없어   잊으리 더 큰 아픔 밀려오는   그전에 하지만 아니라면   너를 위해 내 모든 것 하나까지   주리라 세월이 가   후회마저 없어 없어 없어 후   오래 오래 오래 천년이 지나가도  안 변할 사랑은  이미 시작된거야 지상에서  하늘끝까지  우리 사랑 영원한거야  오래 오래 전에  저 끝에서 끝까지 목이  메이도록 말하고  말 거야 무척 소중한 걸  안다고 거리마다 외칠거야  무엇도 아닌 날 감싸주고  좋아했잖아
1996.02.04~02.10,4,64561,님은 먼곳에,조관우,Memory,1995,Ballad,유호,사랑한다고 말할걸 그랬지  님이 아니면 못산다 할 것을  사랑한다고 말할걸 그랬지  망설이다가 가버린 사랑  마음주고 눈물주고 꿈도 주고 멀어져갔네  님은 먼 곳에 (사랑한다고  말할걸 그랬지) 영원히 먼 곳에  (니가 아니면) 니가 아니면  (못산다 할 것을) 못산다 할 것을  사랑한다고 (사랑한다고  말할걸 그랬지) 영원히 먼 곳에  (망설이다가) 망설이다가  가버린 사람    이제 그만해 원래 여자란 바람 같은거야  내 것인 줄로 알지만 그건  우리 남자들만의 착각이야  날 떠나 다른 사람 만나면  언제 그랬냐는듯 또 다른 얼굴로 태어나지  (괜찮아 괜찮아) 하지만 너같은 사람은  그리 흔치 않아 유행처럼 인스턴트같은 사랑  이제 정말 신물이 난다  사랑 사랑하고 모두 말하지만 그 중에 누가  진짜 사랑을 알고 있겠니  마음주고 눈물주고 꿈도 주고  멀어져갔네 님은 먼 곳에  (사랑한다고 말할걸 그랬지)  영원히 먼 곳에 (니가 아니면)  니가 아니면 (못산다 할것을)  못산다 할것을 사랑한다고  (사랑한다고 말할걸 그랬지)  영원히 먼 곳에 (망설이다가)  망설이다가 가버린 사람  님은 먼 곳에 (사랑한다고  말할걸 그랬지) 영원히 먼 곳에  (니가 아니면) 니가 아니면  (못산다 할 것을) 못산다 할 것을  사랑한다고 (사랑한다고  말할걸 그랬지) 영원히 먼 곳에  (망설이다가) 망설이다가
1996.02.04~02.10,5,62846,왜 그래,김현철,Who Stepped On It,1995.11.01,Ballad,"김현철,원태연",왜 그래 무슨일 있었어  너의 얼굴이 말이 아냐 말해봐  왜 그래 나쁜일 인거야  나랑 눈도 맞추질 못해 지금넌  도대체 왜 아무런  말도 없는거야  미안해서 못하는거야  하기싫어 안하는거야  도대체 왜 아무런  말도 없는거야  내가 알면 안되는거야  이제 할말도 없는거야  왜 그래 그렇게 어려워  뭘 좀 먹으러 갈까  일단 나갈까  왜 그래 뭘하자는 거야  참는데도 한계가 있어 알겠니  도대체 왜 아무런  말도 없는거야  미안해서 못하는거야  하기싫어 안하는거야  도대체 왜 아무런  말도 없는거야  내가 알면 안되는거야  이젠 할말도 없는거야  도대체 왜 아무런  말도 없는거야  미안해서 못하는거야  하기싫어 안하는거야  도대체 왜 아무런  말도 없는거야  내가 알면 안되는거야  이젠 할말도 없는거야  도대체 왜 아무런  말도 없는거야  미안해서 못하는거야  하기싫어 안하는거야
1996.02.04~02.10,6,33206,널 사랑하겠어,동물원,동물원 6,1995.10.01,Folk,김창기,내 뜨거운 입술이 너의  부드러운 입술에 닿길 원해  내 사랑이 너의  가슴에 전해지도록  아직도 나의 마음을  모르고 있었다면은  이 세상 그 누구보다  널 사랑하겠어  널 사랑하겠어  언제까지나  널 사랑하겠어  지금 이 순간처럼  이 세상 그 누구보다  널 사랑하겠어  어려운 얘기로 너의  호기심을 자극할 수도 있어  그 흔한 유희로  이 밤을 보낼 수도 있어  하지만 나의 마음을  이제는 알아줬으면 해  이 세상 그 누구보다  널 사랑하겠어  널 사랑하겠어 언제까지나  널 사랑하겠어  지금 이 순간처럼  이 세상 그 누구보다  널 사랑하겠어  널 사랑하겠어 언제까지나  널 사랑하겠어  지금 이 순간처럼  이 세상 그 누구보다  널 사랑하겠어  널 사랑하겠어 언제까지나  널 사랑하겠어  지금 이 순간처럼  이 세상 그 누구보다  널 사랑하겠어
1996.02.04~02.10,7,1622512,준비 없는 이별,녹색지대,내가 지켜줄께,1995.01.01,Ballad,이희승,지난시간 내곁에서 머물러  행복했던 시간들이  고맙다고 다시 또 살게되도  당신을 만나 겠다고    아 그말해야 할텐데  떠나는 그대라도  편하게 보내줘야 할텐데    눈을 감아 지워질수 있다면  잠이들면 그만인데  보고플땐 어떻게해야 하는지  오는밤이 두려워져    아 그댈 보낼 오늘이  수월할수 있도록  미운기억을 주지 그랬어.    하루만 오늘더 하루만 준비할수 있도록  시간을 내게줘 안돼 지금은 이대로 떠나는 걸  그냥 볼수는 없어.    차라리 나 기다리다 말을해    아무것도 미안해 하지마  아무것도 걱정하지 말고  나는 괜찮아  그래도 사는 동안  함께 나눈 추억이 있잖아.  다행이야 감사할께    아 그댈 보낼 오늘이  수월할수 있도록  미운기억을 주지 그랬어    하루만 오늘더 하루만 준비할수 있도록  시간을 내게줘 안돼 지금은 이대로 떠나는 걸  그냥 볼수는 없어    차라리 나 기다리다 말을해    영원토록 바라볼수 있도록
1996.02.04~02.10,8,1839641,난 행복해,이소라,이소라 1집,1995.09.01,Ballad,김현철,날 용서해 너에게 이런 말 정말 하고 싶진 않아 그러나 이젠 어쩔 수 없는 일이야 그 사람을 사랑하지 않게 해달라고 기도했어 하지만 이제 너무 늦었어 그렇게도 해맑게 웃던 네 모습을 난 기억해 다음 번엔 나같은 여자 만나지마 행복해야해 넌 반드시 좋은 사람 만나 다시 사랑해야 하고 저 기억 너머로 그렇게 나를 잊어야 해 그렇게도 해맑게 웃던  네 모습을 난 기억해  다음번엔 나같은 여자 만나지마  행복해야해  내게 힘이되도록 해맑게 웃던  니 모습을 난 기억해  그리고 다음번엔 나같은 여자  만나지마 제발  행복해야해  난 행복해 그동안 널 볼수  있던 그날들 때문에  난 널 못 잊어  죽는 날까지 사랑해
1996.02.04~02.10,9,67072,홀로서기,노이즈,Breakin‘ The Noise,1995.11,Dance,김창환,모든게 그렇듯 다 생각하기 나름이지 니가 날 싫다는데 내가 널 왜못잊어 착각하지마 지금까지는 내가 널 사랑했기 때문에 참아왔던 것 뿐야 이제는 너보다 더 냉정해질 수 있어 어설픈 슬픔따윈 내게 기대하지마 모든걸 돌려줄께 너에게 받았던 그흔한 감정까지 그렇게 서투른 연극 따위는 하지마 내가 싫다면서 슬픈척하는 니가 난 정말 미웠어 나에게 더 좋은 사람을 만나라는 말도 너의 가식적인 표현으로 밖에 나는 들리지 않아 이제는 모든걸 잊어줄께 니가 바라는 대로 또 원하는 대로 나도 너만큼 쉽게 널 잊기위해서 냉정한 모습을 보이려 애쓸꺼야 어차피 이별을 앞에 두고 우린 서로의 맘을 숨길 필욘 없잖아 버릴건 버리고 잊을건 잊는게 서로를 위하는거야  난 정말 몰랐어 니가 날 싫어한다는 그런사실이 너무 견디기힘들어 아무 소용없다는 걸알면서도 난 마지막으로 네게 화를 냈던거야 어쩌면 나보다 니가 더 괴로울 것 같다는 생각을 나는 잠시 해 봤지만 그건 스쳐가는 생각이었을 뿐 난 화가 났었던거야 그렇게 서투른 연극따위는 하지마 내가 싫다면서 슬픈척하는 니가 난 정말 미웠어 나에게 더 좋은 사람을 만나라는 말도 너의 가식적인 표현으로 밖에 나는 들리지 않아 이제는 모든걸 잊어줄께 니가 바라는 대로 또 원하는 대로 나도 너만큼 쉽게 널 잊기위해서 냉정한 모습을 보이려 애쓸꺼야 어차피 이별을 앞에 두고 우린 서로의 맘을 숨길 필욘 없잖아 버릴건 버리고 잊을건 잊는게 서로를위하는거야
1996.02.04~02.10,10,38919,혼자만의 겨울,강수지,For You,1995.11,Ballad,강수지,기억할 수 있겠니 지난날들의 수많은 꿈들을 너무나 행복했던 그리워하고 있니 오래전 오늘 우리의 사랑이 너무나 포근하던 그 겨울 눈부신 하늘을 하얀 눈이 소리없이 내려 내 마음도 하얗게 물들어 가고 너는 지금 어디에서 무슨 생각에 잠겨있는건지 나는 궁금해 쌓여가는 하얀눈을 보며 누군가와 행복해하고 있다면 너에 대한 아쉬움도 미움까지도 버릴 수 있을텐데  잊을 수가 있겠니 내게 주었던 해맑은 웃음을 너무나 아름답던 희미해져 있겠지 많은 시간이 지나간 후에는 오늘도 어제처럼 또 다시 혼자만의 겨울 하얀 눈이 소리없이 내려 내 마음도 하얗게 물들어 가고 너는 지금 어디에서 무슨 생각에 잠겨있는건지 나는 궁금해 쌓여가는 하얀눈을 보며 누군가와 행복해하고 있다면 너에 대한 아쉬움도 미움까지도 버릴 수 있을텐데
1996.02.04~02.10,11,1675592,말하자면,김성재,김성재,1995.11.11,Rap / Hip-hop,이현도,말 하자면 너를 사랑하고 있다는 말이야 하지만 나는 말할 수 없단 얘기야 하루가 또 지나도 난 항상 제자리에 너의 뒤에선 항상 너를 쳐다봐 너의 앞에선 항상 땅을 쳐다봐 넌 알지 못했니 어색하게 애써 외면을 했던 걸 우리 우연히 스쳐 지날때마다 서로 반갑게 지나쳐 갈때마다 넌 알지 못했니 너무나도 자주였던 걸 말이야 그 모든 순간들은 결코 우연들이 아니었어 사랑의 크기 만큼이나 두려워 하는 나의 바보같은 모습 말 하자면 너를 사랑하고 있다는 말이야 하지만 나는 말할 수 없단 얘기야 하루가 또 지나도 난 항상 제자리에 우리 우연히 스쳐 지날때마다 서로 반갑게 지나쳐 갈때마다 넌 알지 못했니 너무나도 자주였던 걸 말이야 그 모든 순간들은 결코 우연들이 아니었어 사랑의 크기 만큼이나 두려워 하는 나의 바보같은 모습 말 하자면 너를 사랑하고 있다는 말이야 하지만 나는 말할 수 없단 얘기야 하루가 또 지나도 난 항상 제자리에 말 하자면 너를 사랑하고 있다는 말이야 하지만 나는 말할 수 없단 얘기야 하루가 또 지나도 난 항상 제자리에
1996.02.04~02.10,12,33189,달팽이,패닉,Panic,1995,Rock,이적,집에 오는 길은 때론 너무 길어  나는 더욱 더 지치곤 해  문을 열자마자 잠이 들었다가  깨면 아무도 없어  좁은 욕조 속에 몸을 뉘었을 때  작은 달팽이 한 마리가  내게로 다가와  작은 목소리로 속삭여줬어  언젠가 먼 훗날에  저 넓고 거칠은 세상 끝 바다로  갈 거라고  아무도 못 봤지만  기억 속 어딘가 들리는 파도  소리 따라서  나는 영원히 갈래  모두 어딘가로 차를 달리는 길  나는 모퉁이 가게에서  담배 한 개비와 녹는 아이스크림  들고 길로 나섰어  해는 높이 떠서 나를 찌르는데  작은 달팽이 한 마리가  어느새 다가와 내게 인사하고  노랠 흥얼거렸어  언젠가 먼 훗날에  저 넓고 거칠은 세상 끝 바다로  갈 거라고  아무도 못 봤지만  기억 속 어딘가 들리는 파도  소리 따라서  나는 영원히 갈래  내 모든 걸 바쳤지만  이젠 모두 푸른 연기처럼  산산이 흩어지고  내게 남아 있는 작은 힘을 다해  마지막 꿈 속에서  모두 잊게 모두 잊게 해 줄 바다를  건널 거야  언젠가 먼 훗날에  저 넓고 거칠은 세상 끝 바다로  갈 거라고  아무도 못 봤지만  기억 속 어딘가 들리는 파도  소리 따라서  나는 영원히 갈래
1996.02.04~02.10,13,1719746,내가 만일,안치환,너를 사랑한 이유,1999.02.18,Folk,김범수,내가 만일 하늘이라면 그대 얼굴에 물들고 싶어 붉게 물든 저녁 저 노을처럼 나 그대 뺨에 물들고 싶어 내가 만일 시인이라면 그댈 위해 노래하겠어 엄마 품에 안긴 어린아이처럼 나 행복하게 노래하고 싶어 세상에 그 무엇이라도 그대위해 되고 싶어 오늘처럼 우리 함께 있음이 내겐 얼마나 큰 기쁨인지 사랑하는 나의 사람아 너는 아니 워 이런 나의 마음을 내가 만일 구름이라면 그대위해 비가 되겠어 더운 여름날의 소나기처럼 나 시원하게 내리고 싶어 세상에 그 무엇이라도 그대위해 되고싶어 오늘처럼 우리 함께 있음이 내겐 얼마나 큰 기쁨인지 워 세상에 그 무엇이라도 그대위해 되고싶어 오늘처럼 우리 함께 있음이 내겐 얼마나 큰 기쁨인지 사랑하는 나의 사람아 너는 아니 워 이런 나의 마음을 이런 나의 마음을
1996.02.04~02.10,14,2961489,지금 이대로,US,The Us Rage To See The Day We Rule!,1995.12.27,Dance,,
1996.02.04~02.10,15,64025,영원히 내게,안상수,영원히 내게,1995.09.01,Ballad,김신우,이 넓은 세상에 날 위한 건 너 하나였어 밤 새워 그렇게도 눈물 흘렸지 어려움 속에 어디에 있는지 모르는체 헤매이다가 나 또한 볼 수 없는 거릴 걸었어 어딘지 모를 지금 내게 무엇도 필요치 않아 나를 대신하던 너 였어 이제 너를 나 없는 어둠 속에서 슬프게 할 순 없어 다시 와 내게로 널 위한 건 세상에 나 만이 알아 나에게 돌아와 이젠 내게 있어 줘 영원히 내게  지금 내게 무엇도 필요치않아 나를 대신하던 너 였어 이젠 너를 나 없는 어둠속에서 슬프게 할 순 없어 다시 와 내게로 널 위한 건 세상에 나 만이 알아 나에게 돌아와 이젠 내게 있어 줘 영원히 내게 나에게 돌아와 이젠 내게 있어 줘  영원히 내게
1996.02.04~02.10,16,1606447,검은 고양이 네로,터보,터보 (Turbo) 1집 `280km Speed`,1995.07.01,Dance,홍현걸,아찌야 너랑 나랑 결혼할래 응 네살박이 그 꼬마가 내게 청혼했어 정말로 나는 너무너무 우스워서 넌 어려서 안돼 했더니만 글쎄 서럽게도 내팔에 매달려서 엉엉 우는거야 허허 그래서 나는 싹싹빌며 달랬었지 손가락에 엄지로 도장 찍으며 그대는 귀여운 나의 검은 고양이 새빨간 리본이 멋지게 어울려 그러나 어쩌다 토라져 버리면 얄밉게 할퀴어서 마음 상해요 검은 고양이 네로 네로 네로 귀여운 나의 친구는 검은 고양이 검은 고양이 네로 네로 네로 이랬다 저랬다 장난 꾸러기 랄랄랄랄랄랄랄라 담배를 피면 빨리죽지 응 하면서 화내는 산소같은 꼬마 아찌는 내가 하기 나름이야 하면서 애교떠는 여우같은 꼬마 내일부턴 글쎄 유치원에 갔다 매일 휴 놀러오겠다며 나의 신부 흉내내는 꼬마 너무 귀여워서 땁다라 답따 안아 주고파 멋쟁이 그대가 사뿐히 걸어가면 무서운 고양이 뒤따라와요 달콤한 꼬임에 속아서 간다면 후회를 한다해도 나는 몰라요 검은 고양이 네로 네로 네로 귀여운 나의 친구는 검은 고양이 검은 고양이 네로 네로 네로 이랬다 저랬다 장난 꾸러기 검은 고양이 네로 네로 네로 귀여운 나의 친구는 검은 고양이 검은 고양이 네로 네로 네로 이랬다 저랬다 장난꾸러기 랄랄랄랄랄랄랄라 랄랄랄랄 랄랄랄랄 랄랄랄라라라
1996.02.04~02.10,17,66954,여우야(女雨夜),더클래식,여우야,1995.11.16,Ballad,김광진,창 밖엔 서글픈 비만 내려오네 내 마음 너무 안타까워 이제 다시 볼 수가 없기에 처음 만났던 그날도 비가 왔어 우산도 없이 마냥 걸었었지 너의 눈빛 촉촉히 빛났지 이 밤 너에게 주고 픈 노래 너만을 사랑하고 있다는걸 들어 줄 사람도 없이 빗속으로 느껴지는 너의 이름을 불러 보지만 닿을 수 없다 닿을 수 없다는거 알고 있어 긴 밤을 꼬박 세우고 빗속으로 어느새 새벽이 오고 있어 한때는 너를 만나서 행복했어 그런 꿈 속에 빠져 있었지만 이런 나도 느낄 줄 몰랐어 이별을 느낄때면 난 생각해봐 우리 사랑을 위한 시간인걸 너는 이런 내 맘을 아는지 이 밤 너에게 주고 픈 노래 너만을 사랑 너만을 사랑하고 있다는걸 들어 줄 사람도 없이 빗속으로 느껴지는 너의 이름을 불러 보지만 닿을 수 없다 닿을 수 없다는거 알고 있어 긴 밤을 꼬박 세우고 빗속으로 어느새 새벽이 오고 있어  이 밤 너에게 주고 픈 노래 너만을 사랑 너만을 사랑하고 있다는걸 들어 줄 사람도 없이 빗속으로 느껴지는 너의 이름을 불러 보지만 닿을 수 없다 닿을 수 없다는거 알고 있어 긴 밤을 꼬박 세우고 빗속으로 어느새 새벽이 오고 있어
1996.02.04~02.10,18,66824,넌 남이 아냐 (House Ver.),EOS,The Myth Of EOS,1996,Dance,강은경,남의 일에 참견 말라던 너의 그말 떠나지 않아 남이라니 난 네게 그런 존재니 우리사인 이제와 그런 정도니 너를 또 다른 나라 믿어왔는데 그 믿음 너는 무참히 깨고 있어 넌 남이 아냐 내 안에 있어 너의 모든 아픔 나 똑같이 느껴질 만큼 네 마음까지도 니 몫인거야 니가 사는 날까지 빈말 아닌 걸 알잖아   너를 또 다른 나라 믿어왔는데 그 믿음 너는 무참히 깨고 있어 넌 남이 아냐 내 안에 있어 너의 모든 아픔 나 똑같이 느껴질 만큼 네 마음까지도 니 몫인거야 니가 사는 날까지 빈말 아닌 걸 알잖아 난 널 믿을꺼야 니가 뭐래도 가끔 낯설지만 너 아직 날 사랑한다고 내 자신보다 더 소중한 니가 남이 되어 가는 건 내가 허락할 수 없어 넌 남이 아냐 내 안에 있어 너의 모든 아픔 나 똑같이 느껴질 만큼 네 마음까지도 니 몫인거야 니가 사는 날까지 빈말 아닌 걸 알잖아  난 널 믿을꺼야 니가 뭐래도 가끔 낯설지만 너 아직 날 사랑한다고
1996.02.04~02.10,19,64312,필승(必勝),서태지와아이들,4집 - 컴백홈,1995.10.05,Rock,서태지,난 버림받았어   한마디로 얘기하자면   보기좋게 차인것 같아   빌어먹을 내 가슴속엔   아직 네가 살아있어   정말 난 바보였어   몰랐었어 나를 사랑한다   생각했어   내 마음도 널 사랑했기에   내가 가진 전부를 줘버렸어   넌 왔다갔어 이런 날벼락이   이 세상에 혼자 남은듯한   하늘이 무너져 내리고 있어   그리고 자꾸 깊은 곳으로 떨어져   아무도 모르게 내속에서   살고있는 널 죽일거야   내인생 내길을 망쳐버린   네모습을 없애놓을거야   그렇게 사랑스럽던 네가   나에겐 눈물을 보일 기회도   주지 않았었지   아무일도 난 잡히지 않았고   왜 아무것도 들리지도   보이지도 않나   허우적대고 있었지 내   생활은 칙칙하게 됐어   앞뒤가 맞지가 않잖아   나는 이를 악물고 오히려 잘됐어   아무도 모르게 내속에서   살고있는 널 죽일거야   내인생 내길을 망쳐버린  네모습을 없애놓을거야   아무도 모르게 아무도 모르게   설레였던 나의 마음을  아름답던 기억들을  없애놓을거야  밤새우며 그리워한 많은 날들을  미치도록 사랑스런 너의 모습을
1996.02.04~02.10,20,64485,넌 내꺼,김원준,Dear,1995.10.30,Dance,김원준,엄마 친구 딸인 너를 아무 감정없이 알게 됐고 자연스레 사춘기를 너와 함께 보내왔어 내게 너는 이성 아닌 오랜 친구처럼 느껴졌어 그렇게 난 널 믿고 의지하며 왔어  내가 외로울 때 네가 있어 줬고 그런 내 맘 속에 넌 커져갔어 시간은 우릴 어른으로 만들었고 이런 너에게 한 남자로서 얘기할게 사랑해온만큼 더 사랑해 너의 지난 일도 첫사랑도 지금 내게 그리 중요하지 않아 어떤 것도 우릴 막지 못해 하늘에서 내린 인연으로 알며 잊지마 넌 내꺼라는 걸  감춰왔던 내 바램은 친구로서 아닌 내 여자로 보다 나은 멋진 인생 네게 안겨 주고 싶어 하루가듯 평생동안 지루하지 않게 보내면서 지금의 내 고민을 그땐 웃길 바래  내가 외로울 때 네가 있어 줬고 그런 내 맘 속에 넌 커져갔어 시간은 우릴 어른으로 만들었고 이런 너에게 한 남자로서 얘기할게 사랑해온만큼 더 사랑해 너의 지난 일도 첫사랑도 지금 내게 그리 중요하지 않아 어떤 것도 우릴 막지 못해 하늘에서 내린 인연으로 알며 잊지마 넌 내꺼라는 걸  사랑해온만큼 더 사랑해 너의 지난 일도 첫사랑도 지금 내게 그리 중요하지 않아 어떤 것도 우릴 막지 못해 하늘에서 내린 인연으로 알며 잊지마 넌 내꺼라는 걸
1996.02.04~02.10,21,1761801,7년간의 사랑,화이트,The Logic Feel,1995.09.09,Ballad,유영석,7년을 만났죠 아무도 우리가 이렇게 쉽게 이별  할줄은 몰랐죠 그래도 우리는 헤어져 버렸죠 긴 시간 쌓아왔던  기억을 남긴채 우린 어쩜 너무 어린 나이에 서로를 만나 기댔는지 몰라 변해가는 우리 모습들을 감당하기  어려웠는지도 이별하면 아프다고 하던데 그런 것도 느낄 수가 없었죠 그저 그냥 그런 가봐  하며 담담했는데 울었죠 우우우 시간이 가면서 내게 준 아쉬움에 그리움에 내 뜻과는 다른 나의 맘을 보면서 처음엔 친구로 다음에는 연인 사이로 헤어지면 가까스로 친구 사이라는 그말  정말 맞는데 그 후로 3년을 보내는  동안에도 가끔씩 서로에게  연락을 했었죠 다른 한 사람을 만나 또 다시 사랑하게 되었으면서도 난 슬플 때면 항상 전활 걸어 소리없이 눈물만 흘리고 너도 좋은 사람 만나야 된다 마음에도 없는 말을 하면서 아직 나를 좋아하나  괜히 돌려 말했죠 알아요 우우우 서로 가장 순수했었던 그 때 그런 사랑 다시 할 수 없다는 걸 추억으로 남을 뿐 가끔씩 차가운 그앨 느낄 때도 있어요 하지만 이제는 아무 것도  요구할수 없다는 걸  잘알죠 나 이제 결혼해 그애의  말 듣고 한참을 아무말도 할 수가   없었죠 그리곤 울었죠 그 애 마지막 말 사랑해 듣고싶던 그  한 마디 때문에
1996.02.04~02.10,22,66872,가면놀이 (Remix),벅,Buck,1995.09,Dance,윤일상,넌 내게 말했지 오 그렇게 슬퍼하면 서 너에게 다른 사람이 생겼다고 미안한 표정으로 나에게 얘기했었지 너보다 더 나은 여잘 찾으라고 그렇게 슬픈 눈으로 나에게 얘기하지마 내게 미안하단 말할 것 없어 오 오 널 만난 그 순간에도 내게는 다른 여자들 항상 내 주위에 있었으니까 솔직히 오늘 너의 얘기들이 내겐 기뻤어 너에게 해주고픈 말들이었던거야 워우워 오 오 오 니가 없는 자유로움에 지금 나는 너무나 행복해 울먹이는 너의 모습을 보면서 웃고있어 이제 내게 남은 또 누군갈 사랑해 줄 준비를 해야해 깨끗이 날 잊어주기만을 바랄게 오 또다른 누군가를 찾아서 내 곁을 떠나는 널위해 마지막 선물을 주었어 안녕 My Lover 너에게 하는 내 말들이 진심이 아닌걸 모르니 안타까운 마음에 눈물 눈물 솔직히 오늘 너의 애기들이 내겐 기뻤어 너에게 해주고픈 말들이었던거야 워우워 오 오 오 니가 없는 자유로움에 지금 나는 너무나 행복해 울먹이는 너의 모습을 보면서 웃고있어 이제 내게 남은 또 누군갈 사랑해 줄 준비를 해야해 깨끗이 날 잊어주기만을 바랄께 오 지금까지 내가 한 얘긴 모두다가 거짓말이었어 나는 너를 아직 너무나 사랑해 믿어줘 날 우 니가 편히 떠날수 있도록 나의 슬픔 보이지않았어 언제까지 행복하기만을 바랄게 오 니가 없는 자유로움에 우
1996.02.04~02.10,23,14221,가질 수 없는 너,뱅크,선물,2000.12.28,Ballad,강은경,술에 취한 니 목소리  문득 생각났다던 그말  슬픈 예감 가누면서  네게로 달려갔던 날 그 밤  희미한 두 눈으로  날 반기며 넌 말했지  헤어진 그를 위해서  남아있는 이 삶도 버릴수 있다고  며칠사이 야윈 널 달래고  집으로 돌아 오면서  마지막 까지도 하지 못한 말  혼자서 되뇌였었지  사랑한다는 마음으로도  가질 수 없는 사랑이 있어  나를 봐 이렇게 곁에 있어도  널 갖지 못하잖아  눈물섞인 니 목소리  내가 필요하다던 그말  그것으로 족한거지  나 하나 힘이 된다면 네게  붉어진 두눈으로  나를 보며 넌 물었지  사랑의 다른 이름은  아픔이라는 것을 알고있느냐고  며칠사이 야윈 널 달래고  집으로 돌아 오면서  마지막 까지도 하지 못한 말  혼자서 되뇌였었지  사랑한다는 마음으로도  가질 수 없는 사랑이 있어  나를 봐 이렇게 곁에 있어도  널 갖지 못하잖아
1996.02.04~02.10,24,66964,작은 기다림,쿨(COOL),The [Ku:l] 2집,1995.10.01,Dance,정세희,널 이렇게 보내 줄 수  밖에 없었어  나 후회할 지도 모른 채 끝없이 다가오는 너와의 기억을  난 잊으려고 차마 눈을 감았어 널위해 한번도 눈물  보인적이 없었어  내 눈물이 네게는  아픔인걸 알고 있기에  하지만 이젠 네가 있는  어디에서도  너를 느낄 수 없어 난 슬퍼져 혼자라는 생각 때문에  힘들때면 뒤를 돌아봐  나는 언제나 여기 서 있을게 혼자 가는 길이 힘들어  쉬고싶을땐  나를 한번 생각해봐줘 떠나라는 그말은 하지마  차라리 내가 싫어졌다고  말을해줘  뒤돌아 흘릴 눈물 네 마음을  난 알아  이제는 나도 정말 어쩔  수가 없잖아  아 지금 문득 거리에서 들려오는  예전에 네가 들려주고  불러주던 그 노래  내 기억속에 언제나 가장 아름다운  너를 나에게서 지울 수가 없었어 서로를 위해 우린 잠시 멀리  떨어져  있는거라 말해도 잊을 수가  없을테니까  지금 떨리는 내 마음을 너는  잘 알고  있을거야 그래서 난 슬퍼져 혼자라는 생각때문에  힘들때면 네 뒤를 돌아봐  나는 언제나 여기 서 있을게  혼자 가는 길이 힘들어 쉬고  싶을땐 나를 한번 생각해봐 언제까지  너와 함께 있으니 그리운 추억에 힘들때면 네  뒤를 돌아봐  나는 언제나 여기 서 있을게  혼자 가는 길이 힘들어 쉬고  싶을땐  나를 한번 생각해봐줘
1996.02.04~02.10,25,67004,나만의 노래 (삐빠빠),지오,Ziio,1995.11.01,Dance,,오늘따라 친구들도 만나기가 싫어 나만 홀로 남아 울적해진 기분으로 난 어디선가 들어본 것같은 멜로디를 흥얼거리지만 지금 나의 기분처럼 세상 모든것 깊이 누르는듯 느껴질때 있을거야 그래 이런 마음 널 우린 이해할 수 있어 삐 빠 빠 하루를 돌아봐도 힘겨운 나에게는 아무 것도 필요가 없어 워워 아무런 의미없이 이제는 나를 위한 나만의 노랠 부르지 워  내 앞으로 다가오는 내일 오늘 같진 않을거야 잊고 싶은 오늘 하루 나에게는 의미없이 지워지고 지워버린 내 인생의 조각일뿐 지루했던 하루지만 다가오는 내일은 좋은 일로 가득차고 웃는 일만 생길거야 그래 이런 마음 널 우린 이해할 수 있어 삐 빠 빠 어제의 괴로움이 오늘의 나에게는 그 아무런 의미가 없어 워워 내일을 바라보며 이제는 나를 위한 나만의 노랠부르지 워  이러는건 나뿐만이 아냐 이 세상을 사노라며 그럴때가 더 많은 법 하지만은 나에게는 나를 위한 노래있어 내 주위의 거리속의 사람들이 겉으로는 웃지만 속으로는 지쳐있고 힘든 고된일들 하나같이 모두다 마음속에 안고 있어 이제 나는 스스로를 위로하며 가슴속에 나를 위한 나만의 노랠부르지 워
1996.02.04~02.10,26,524809,다시 난 사는 거야,김종서,김종서 Gold,1996,Rock,,난 떠나간 게 아니야 그저 다른 모습으로 살아 갈 뿐인걸 늘 감싸주던 따스함 네게 배웠던 사랑을 난 보답하려 해 이제는 누군가 위해 내 몸이 모두 다 쓰일 수 있게 다시 난 사는거야 잠시만 기다려 주면 돼 그 누구의 밝은 눈이 되어 다시 널 보게 될테니  다 쓰여지고 남은 건 모두 뿌려주면 돼 니가 다니는 그 길에 그늘 드리워 가끔은 가까이 널 느낄 수 있게  다시 난 사는거야 그렇게 믿고 있으면 돼 그 누구의 밝은 생명으로 다시 널 만날테니까 다시 난 사는거야 커다란 기쁨을 안고서 난 그래도 서러워 않을께 니가 날 몰라본대도
1996.02.04~02.10,27,64175,두번째 이별,유영진,Blue Rhythm,1996.10.05,R&B; / Soul,유영진,한동안 내가 흘린 눈물도 잊고 싶어 내 곁으로 다시 돌아와주면 떠난 뒤에도 우리 추억을 잊을 수 없었다는 너의 그 말들이 거짓인줄 알면서 그래 난 너만을 알고 내가 가진 것 모두를 너를 위해 포기하려 했어 넌 그런 나에게 아무 약속도 해줄 수 없었겠지 우연히 너의 다른 친구 얘길 들었어 나보다 좋은 사랑을 찾아 다시 떠난다고 어떻게 어떻게 그렇게 그렇게 같은 상처를 또 주고 싶었을까 이젠 그 누구도 원치 않아 한때 난 너만을 알고 내가 가진 것 모두를 너를 위해 포기하려 했어 넌 그런 나에게 이런 식으로 밖에 할 수 없었니 너 알 수 없겠지 내가 아픈 만큼 행복하니까 왜 이렇게 날 한때 난 너만을 알고 내가 가진 것 모두를 너를 위해 포기하려 했어 넌 그런 날 두고 아무 말도 없이 떠나가 버렸잔아 하지만 너를 사랑해 떠나가는 너를 이제 나는 다시 붙잡을 수 없어 오 여기서 우린 모두 끝이라고 할 수 밖에 없나
1996.02.04~02.10,28,63702,다만,이승환,Human,1995.06.29,Ballad,김동률,너에게로 다가가면 언제나 많은 사람들중에 하날 뿐이지 때론 내게 말을 하지 사랑이라는 건 우정보다 유치하다고 너에게 이런 내가 부담인줄 알지만 너무 많은 이해심은 무관심일수도 있지 넌 내 곁에서 한발 물러서 있지만 너의 마음 깊은 곳에서 날 찾고 싶었던 거야 널 사랑한다 말을 한다면 넌 내게 구속이라 말을 하겠지만 너에게 나만의 널 원하는 건 아냐 다만 내게 조금만 더 널 보여줘 있는 그대로의 네 모습을 너에게 이런 내가 부담인줄 알지만 너무 많은 이해심은 무관심일수도 있지 넌 내 곁에서 한발 물러서 있지만 너의 마음 깊은 곳에서 날 찾고 싶었던 거야 널 사랑한다 말을 한다면 넌 내게 구속이라 말을 하겠지만 너에게 나만의 널 원하는 건 아냐 다만 내게 조금만 더 널 보여줘 있는 그대로의 네 모습을 널 사랑한다 말을 한다면 넌 내게 구속이라 말을 하겠지만 너에게 나만의 널 원하는 건 아냐 다만 내게 조금만 더 널 보여줘 있는 그대로의 네 모습을
1996.02.04~02.10,29,1876466,내 눈물 모아,서지원,Seojiwon2. Tears,1996.01.22,Ballad,김희탐,창 밖으로 하나 둘씩 불빛이 꺼질 때 쯤이면 하늘에 편지를 써 날 떠나 다른 사람에게 갔던 너를 잊을 수 없으니 내 눈물 모아서 하늘에 너의 사랑이 아니라도 네가 나를 찾으면 너의 곁에 키를 낮춰 눕겠다고 잊혀지지 않으므로 널 그저 사랑하겠다고 그대여 난 기다릴거예요 내 눈물의 편지 하늘에 닿으면 언젠가 그대 돌아오겠죠 내게로 난 믿을거예요 눈물모아 너의 사랑이 아니라도 네가 나를 찾으면 너의 곁에 키를 낮춰 눕겠다고 잊혀지지 않으므로 널 그저 사랑하겠다고 그대여 난 기다릴거예요 내 눈물의 편지 하늘에 닿으면 언젠가 그대 돌아오겠죠 내게로 그대여 난 기다릴거예요 내 눈물의 편지 하늘에 닿으면 언젠가 그대 돌아오겠죠 내게로 난 믿을거예요 눈물모아
1996.02.04~02.10,30,3052442,너를 품에 안으면,컬트,Welcome,1995.07.01,Rock,김준선,너를 품에 안으면   힘겨웠던 너의 과거를 느껴   이제는 더이상 흔들리지마   널 지켜야해   이제 너를 안으면   너를 사랑하는 나를 느끼네   흘려왔던 너의 눈물까지도   떠나버린 그사람을 굳이 애써   지우려 하지마  니가 사랑했던 만큼 기억   속에 남겨두면 돼  you my lady   하지만 내마음도   이렇게 말하긴   정말 쉽진 않았어   uh you my baby   이제는 나에게   기대온 널보며   내가 미워지는데   이제 너를 안으며   나를 믿고있는 너를 느끼네   이제는 더이상 흔들려선 안돼   널지켜야해   이제 너를 안으면   너를 사랑하는 나를 느끼네   흘려왔던 너의 눈물 까지도   떠나버린 그사랑을   굳이 애써 지우려 하지마  you my lady   하지만 내마음도   이렇게 말하긴   정말 쉽진 않았어   uh you my baby   이제는 나에게   기대온 널보며   내가 미워지는데  너를 품에 안으면   나를 믿고있는 너를 느끼네   이제는 더이상 흔들려선 안돼   널지켜야해   이제 너를 안으면   너를 사랑하는 나를 느끼네   흘려왔던 너의 눈물 까지도
1996.02.04~02.10,31,1698660,살다보면,권진원,권진원 Vol.2,1996,Folk,유기환,살다보면
1996.02.04~02.10,32,63314,내 사랑 못난이,윤종신,공존(共存),1995.04,Ballad,윤종신,누가 예쁜 여자를 마다해 남자라면 누구나 바라지 거리엔 모두 연예인들뿐 미인들 가득한 세상이야 하지만 나에겐 누구나 말리는 못생긴 여자친구 하나 있지 친구들은 그녀에게 첫인사로 인상 좋다 하지 그후에도 친구들은 뻔히 여자친구 있는 내게 소갤받으러 나오라며 내안에 그녈  무시하면서 말을 하지 하지만 아무도 모르고 있지 그녀만이 가진 매력 겉모습만 보며 사냥하듯 여자친구 찾는 너희 내게 그녀는 너무  사랑스럽기만해 남들이 뭐라해도 너희들이나 잘살아보렴 난 행복할테니 미인과 걸어가는 남자들에 표정엔 자부심이 가득하지 친구들과 만나면 으시대지 어디든 여자친굴 대려가지 하지만 나에겐 누구나 말리는 못생긴 여자친구 하나 있지 친구들은 그녀에게 첫인사로 인상좋다하지 그후에도 친구들은 뻔히 여자친구 있는 내게 소갤받으러 나오라며 내안에 그녈  무시하면서 말을 하지 하지만 아무도 모르고 있지 그녀만이 가진 매력 겉모습만 보며 사냥하듯 여자친구 찾는 너희 내게 그녀는 너무  사랑스럽기만해 남들이 뭐라해도 너희들이나 잘살아보렴 하지만 아무도 모르고 있지 그녀만이 가진매력 겉모습만 보며 사냥하듯 여자친구 찾는 너희 내게 그녀는  너무 사랑스럽기만해 남들이 뭐라해도 너희들이나 잘 살아보렴 난 행복할테니
1996.02.04~02.10,33,63343,사랑의 서약,한동준,한동준 3,1995,Ballad,한동준,그토록 바라던 시간이 왔어요  모든 사람의 축복에  사랑의 서약을 하고 있죠  세월이 흘러서 병들고 지칠 때  지금처럼 내 곁에서  서로 위로해 줄 수 있나요  함께 걸어가야 할 수많은 시간 앞에서  우리들의 약속은 언제나 변함없다는 것을 믿나요  힘든 날도 있겠죠 하지만 후횐 없어요  저 하늘이 부르는 그날까지  사랑만 가득하다는 것을 믿어요    이룰수 없다고 슬퍼했던 날들  낮설었던 그 이별도  이젠 추억이라 할수 있죠  함께 걸어가야 할 수많은 시간 앞에서  우리들의 약속은 언제나 변함없다는 것을 믿나요  힘든 날도 있겠죠 하지만 후횐 없어요  저 하늘이 부르는 그날까지  사랑만 가득하다는 것을 믿어요
1996.02.04~02.10,34,63479,이미 나에게로,임창정,이미 나에게로,1995.04,Rock,,이 꿈이 멎어버린 순간에 난 깨닫고 널 생각해 어쩜 난 너에 힘겨움을 함께 짊어지고 갈 수 있어  할말이 많기도 하고 목소리도 그리워 전화를 했어 씁쓸한 목소리가 들리고 난 미안함에 당황도 했어  난 너무 힘들어서 그런 이유로 만나기 미안해 둘이 할 때는 너만을 생각하려 했는데 문득 어떤 고민에  널 앞에 두고 뭐가 그리 힘들어 내 미래에 완성 속에 있는 너인데  이미 나에게로 하여 집착하게 만든 넌 방황에 지쳐 쓰러져 버린 내가  다시 일어서는 모습 생각하며 날 찾을 수 있니 이미 나에게로 하여 집착하게 만든 넌  실패에 주저앉은 처참한 날 본 후 다시 용기 얻는 모습 생각하며 날 사랑해 줄 수 있겠니  낙엽이 진 나무 위로 하얀 서리가 내린 새벽 내가 이 세상을 보았을 때 얌전하고 고요하게  내 곁에 있어준 너를 생각하며
1996.02.04~02.10,35,66363,상심,R.ef,Rave Effect,1995.03,Dance,홍재선,사랑했던 나의 마음속에  작은꿈 하나만을 남겨두고 너무쉽게 나를 떠나버린  너를 이제는 이해하려해 두번 다시 난 그 누구도  사랑 할 수는 없을거야 익숙해져가는 슬픔속에  갇혀버린 내 모습 언젠가는 다시 볼 수 있겠지 슬픔속에 우리 지난  추억이 지워지기전에 너를 기다린다는  그 어떤 약속의 말도 내마음을 위로하기엔  너무 힘겨운 나날들 사랑했던 나의 마음속에  작은꿈 하나만을 남겨두고 너무쉽게 나를 떠나버린  너를 이제는 이해하려해 두번 다시 난 그 누구도  사랑 할 수는 없을거야 익숙해져가는 슬픔속에  갇혀버린 내 모습 널 이대로 보내야만 하는지  아무 말도 없는  바닷가에서 잊으려하지만 나의 하얗던 꿈에 그려진 수많은 너를 숨이 멈춰  생이 끝날때까지 내맘에 영원히 사랑했던 나의 마음속에  작은꿈 하나만을 남겨두고 너무쉽게 나를 떠나버린  너를 이제는 이해하려해 두번 다시 난 그 누구도  사랑 할 수는 없을거야 익숙해져가는 슬픔속에  갇혀버린 내 모습 사랑했던 나의 마음속에  작은꿈 하나만을 남겨두고 너무쉽게 나를 떠나버린  너를 이제는 이해하려해 두번 다시 난 그 누구도  사랑 할 수는 없을거야 익숙해져가는 슬픔속에  갇혀버린 내 모습
1996.02.04~02.10,36,66401,떠나려는 그대를,일기예보,일기예보 2집,1995.07,Ballad,강현민,떠나려는 그대를 나의 온 맘으로 잡고 싶지만 지금의 내 모습이 너무 초라해 그대 뒷 모습에 홀로 눈물만 흘리네  아직도 내게 그댄 처음 만난 그 느낌 그대로인데 그대가 오 왜 자꾸 나를 멀리하려 하는지 알 것도 같네 내 마음을 모두 이해한다 해도 또 다가 올 현실이 두려웠고 더욱더 큰 아픔이 있기전에 모든 걸 잊고 싶어 떠나려는 그대를 나의 온 맘으로 잡고 싶지만 지금의 내 모습이 너무 초라해 그대 뒷 모습에 홀로 눈물만 흘리네  떠나려는 그대를 나의 온 맘으로 잡고 싶지만 지금의 내 모습이 너무 초라해 그대 뒷 모습에 홀로 눈물만 그댄 언제까지 나를 이렇게 멀리할 건지 나의 마음속을 슬픈 눈물로 가득 채울건지 그대를 사랑할 수 있는 건 내 마음 하나론 안되는 건지 떠나려는 그대를 나의 온 맘으로 잡고 싶지만 지금의 내 모습이 너무 초라해 그대 뒷 모습에 홀로 눈물만 흘리네 떠나려는 그대를 나의 온 맘으로 잡고 싶지만 지금의 내 모습이 너무 초라해 그대 뒷 모습에 홀로 눈물만 흘리네
1996.02.04~02.10,37,66411,내가 날 버린 이유,베이시스,Looking For Myself,1995.05.06,Ballad,김혜선,그때 내가 한말 기억하니  울면서 애원했었지  돌아갈곳없는 난 어떡해  제발 이러지마 부탁이야  너 떠난 후 난 멍하니  벽만보며 울다 웃곤했어  그런데 넌 사랑을 말하는거니  싫어 이젠 싫어  너의 사랑을 받은 이유로  나는 나를 버려야했어  내 모든것을 다 가진 네가  남은게 없는 날 버렸기에  널 떠난 후 난 멍하니  벽만보며 울다 웃곤했어  그런데 넌 사랑을 말하는거니  싫어 이젠 싫어  너의 사랑을 받은 이유로  나는 나를 버려야했어  내 모든것을 다가진 네가  남은게 없는 날 버렸기에
1996.02.04~02.10,38,66508,니가 내것이 되 갈수록,투투,Two Two 2집,1995,Dance,,
1996.02.04~02.10,39,487515,흥보가 기가막혀,육각수,육각수밴드 1집,2003.09.27,Rock,정흥철,흥보가 기가막혀 흥보가 기가막혀 흥보가 기가막혀 흥보가 기가막혀 흥보가 기가막혀 흥보가 기가막혀 흥보가 기가막혀 아이고 성님 동상을 나가라고 하니 어느곳으로 가오리오 이 엄동설한에 어느곳으로 가면 산단 말이요 갈곳이나 일러주오 지리산으로 가오리까 백이숙제 주려죽던 수양산으로 가오리까 아따 이놈아 내가 니 갈곳까지 일러주냐 잔소리말고 썩 꺼져라 해지는 겨울들녘 스며드는 바람에 초라한 내몸 하나 둘곳 어데요 어디로 아 이제 난 어디로 가나 이제 떠나가는 지금 허이여 굳게다문 입술사이로 쉬어진 눈물이 머금어 진다 무거워진 가슴을 어루만져 멀어진 기억속에 담는다 어슴프래져가는 노을 넘어로 소리내어 비워본다 어디서부터 잘못 됐나 이제 나는 어디로 가나 갈곳없는 나를 떠밀면 이제 난 어디로 가나  안으로 들어가며 아이고 여보 마누라 형님이 나가라고 하니 어느명이라 안 가겄소 자식들을 챙겨보오 큰자식아 어디갔냐 둘째놈아 이리오너라 이사짐을 짊어지고 놀부앞에다 늘어놓고 형님 나 갈라요 해지는 겨울들녘 스며드는 바람에 초라한 내몸 하나 둘곳 어데요 어디로 아 이제 난 어디로 가나 이제 떠나가는 지금 허이여 흥보가 기가막혀 흥보가 기가막혀 흥보가 기가막혀 흥보가 기가막혀 흥보가 기가막혀 흥보가 기가막혀 흥보가 기가막혀
1996.02.04~02.10,40,607928,님아,신효범,5집,1995,Ballad,신중현,멀리 떠난 내 님아 언제나 돌아오려나 나의 사랑 내 님아 언제나 돌아오려나 둥근달이 떠오르고 또다시 기울어가도 한번 떠난 내님은 또다시 돌아오지 않네 봄이 가고 푸른 잎에 낙엽이 지고 또 지고 온다하던 그날은 수없이 지나가버렸네 젊은날에 내 청춘도 지나가 버렸것만은 변함없는 내 사랑은 오늘도 기다려지네 지난날 그가 말했듯이 그날을 잊지 말아요 그날을 기다려줘요 멀리떠난 내 님아 언제나 돌아오려나 나의 사랑 내 님아 언제나 돌아오려나 둥근달이 떠오르고 또다시 기울어가도 한번 떠난 내 님은 또다시 돌아오지 않네 님아 님아 님아 님아 님아 님아  지난날 그가 말했듯이 그날을 잊지 말아요 그날을 기다려줘요 멀리떠난 내 님아 언제나 돌아오려나 나의 사랑 내 님아 언제나 돌아오려나 둥근달이 떠오르고 또다시 기울어가고 한번 떠난 내 님은 또다시 돌아오지 않네 님아 님아 님아 님아 님아 님아 님아
1996.02.04~02.10,41,91197,공무도하가 (公無渡河歌),이상은,공무도하가,1995.07.26,Ballad,이상은,님아 님아 내 님아 물을 건너 가지 마오 님아 님아 내 님아 그에 물을 건너시네 아 물에 휩쓸려 돌아가시니 아 가신님을 어이할꼬 공무도하 공경도하 타하이사 당내공하 님아 님아 내 님아 나를 두고 가지 마오 님아 님아 내 님아 그에 물을 건너시네 아 물에 휩쓸려 돌아가시니 아 가신 님을 어이할꼬 공무도하 공경도하 타하이사 당내공하 공무도하 공경도하 타하이사 당내공하 공무도하 공경도하 타하이사 당내공하 공무도하 공경도하 님아 님아 내 님아 물을 건너가지 마오 님아 님아 내 님아 그에 물을 건너시네
1996.02.04~02.10,42,64246,영원히 둘이서,박진영,딴따라,1995.09,Ballad,박진영,우리 여기까지 이렇게 먼길 어떻게 함께 걸어왔는지 그대가 날 만나주지 않아 애태우던 그때를 생각하며 지금 나를 보고 있는 니가 믿어지지가 않아 눈부시게 아름다운 모습에 난 눈물이 흐르지만 그대 곁에서 머물러 그대 품에 안겨 꿈을 꾸며 나의 모든 소망과 꿈들을 너와 나누고 싶어 별이 뜨지 않는 그날까지 우리가 눈감는 그날까지 내 사랑아 나 여기 이 자리를 지키고 있을께 영원히 둘이서 우리가 함께 걸어온 이 길에 항상 햇살이 비추진 않았지 때로는 쏟아지는 빗속에서 작은 우산을 함께 받쳐든 채  서로의 체온을 나눠 비바람속에서 견뎠고 언젠가는 밝은 햇살이 다시 빛나리라 믿었어 그대 곁에서 머물러 그대 품에 안겨 꿈을 꾸며 나의 모든 소망과 꿈들을 너와 나누고 싶어 별이 뜨지 않는 그날까지 우리가 눈감는 그날까지 내 사랑아 나 여기 이 자리를 지키고 있을께 영원히 둘이서  더 많은 날들이 우릴 기다리고 있어 여기까지 온 것처럼 아름답게 만들어 가 그대 곁에서 머물러 그대 품에 안겨 꿈을 꾸며 나의 모든 소망과 꿈들을 너와 나누고 싶어 별이 뜨지 않는 그날까지 우리가 눈감는 그날까지 내 사랑아 나 여기  이 자리를 지키고 있을께 영원히 둘이서  영원히 둘이서  영원히 둘이서
1996.02.04~02.10,43,63285,널 위한 나의 슬픔,이화수,널 위한 나의 슬픔,1995.04,Ballad,김진룡,너를 잊고 살아가는 동안이 힘에 겨운거야 낯설은 길을 혼자 걷듯이  나의 등에 얹혀있는 외로움 널 위한 나의 슬픔이 숨죽인 채로 멈춰 서있지 언젠가 내게 보내온 너의 편지속엔 슬픈 이별이 밤새 울리던 전화 벨소리 너라는 걸 난 알고 있지  너를 만나러가는 이 어둠이 난 싫어 너무 많은 방황에 난 지쳤어 움직일 수 없었던 너의 이별 앞에서 너를 사랑했던 내가 미웠어 말하지마 네안의 사랑을 낯설은 거리를 서성일 날 위해  언젠가 내게 보내온 너의 편지속엔 슬픈 이별이 밤새 울리던 전화 벨소리 너라는 걸 난 알고 있지  너를 만나러가는 이 어둠이 난 싫어 너무 많은 방황에 난 지쳤어 움직일 수 없었던 너의 이별 앞에서 너를 사랑했던 내가 미웠어 말하지마 네안의 사랑을 낯설은 거리를 서성일 날 위해 너를 만나러가는 이 어둠이 난 싫어 너무 많은 방황에 난 지쳤어 움직일 수 없었던 너의 이별 앞에서
1996.02.04~02.10,44,91190,넌 그렇게 살지마,박미경,Jungle New Style,1995.07.22,Dance,천성일,아무 생각없이 믿고 싶었지만 난 너의 속맘을 알아 항상 내가 아닌 다른 누군가와 나를 비교하는 것을 그렇게 눈치를 보며 사랑하지마 더 늦기전에 나를 잡아줘 그렇지 않으면 너는 후회하게 될거야 넌 그렇게 살지마 너만큼 나도 바보는 아냐 니가 날 떠나기 전에 내가 먼저 널 떠날지 몰라 좋아한단 말은 셀수 없이 해도 사랑한다곤 안 했지 그건 언제라도 날 떠날 수 있는 준비라는 것을 알아 하지만 헤어지잔 말 왜 하지 않니 이제와서 헤어지기엔 아무리 생각해봐도 아깝다는 거겠지 넌 그렇게 살지마 기회만 보는 사랑은 하지마 니가 머뭇거릴 동안 내가 먼저 널 떠날지 몰라 아무 생각없이 믿고 싶었지만 난 너의 속맘을 알아 항상 내가 아닌 다른 누군가와 나를 비교하는 것을 그렇게 눈치를 보며 사랑하지마 더 늦기전에 나를 잡아줘 그렇지 않으면 너는 후회하게 될거야 넌 그렇게 살지마 너만큼 나도 바보는 아냐 니가 날 떠나기 전에 내가 먼저 널 떠날지 몰라 넌 그렇게 살지마 기회만 보는 사랑은 하지마 니가 머뭇거릴 동안 내가 먼저 널 떠날지 몰라
1996.02.04~02.10,45,518549,안녕하세요,삐삐밴드,The Complete Best 1995~1997,2004.03.24,Rock,달파란,식사하셨어요? 별 일 없으시죠? 괜찮으세요? 수고가 많아요. 우리 강아지는 멍멍멍 옆집 강아지도 멍멍멍 안녕하세요? 오오 잘 가세요. 오오  좋은 꿈 꾸셔요. 좋은 아침이죠. 내일 또 봅시다. 동방예의지국 지금 사람들은 1995년. 옛날 사람들은 1945년 안녕하세요? 오오 잘 가세요. 오오  좋은 꿈 꾸었니? 좋은 아침이야. 내일 또 보자. 니가 보고 싶어. 나는 누군가가 정말 필요해. 내일 우리 같이 여행을 떠나볼까? 안녕하세요? 오오 잘 가세요. 오오 (4 times) 안녕.
1996.02.04~02.10,46,104067,그리움만 쌓이네,노영심,노영심 2집,1995.06,Ballad,여진,다정했던 사람이여 나를 잊었나 벌써 나를 잊어버렸나 그리움만 남겨놓고 나를 잊었나 벌써 나를 잊어버렸나 그대 지금 그 누구를 사랑하는가 굳은 약속 변해버렸나 예전에는 우린 서로 사랑했는데 이젠 맘이 변해버렸나 아 이별이 그리 쉬운가 세월 가 버렸다고 이젠 나를 잊고서 멀리 멀리 떠나가는가 아 나는 몰랐네 그대 마음 변할줄 난 정말 몰랐었네 오 나 너 하나만을 믿고 살았네 그대만을 믿었네 오 네가 보고파서 나는 어쩌나 그리움만 쌓이네  아 이별이 그리 쉬운가 세월 가 버렸다고 이젠 나를 잊고서 멀리 멀리 떠나가는가 아 나는 몰랐네 그대 마음 변할줄 난 정말 몰랐었네 오 나 너 하나만을 믿고 살았네 그대만을 믿었네 오 네가 보고파서 나는 어쩌나 그리움만 쌓이네
1996.02.04~02.10,47,1046280,너의 곁으로,이승철,청연 OST,2005.12.20,Korean Movie,하광훈,자고 나면 또 다른 세상 눈을뜨면 꿈 같은 세상  누군가 옆에 있었지 아무말 없이 그게 너라고 믿어지진 않지만 차가운 네 입술을 굳게 다문채 내게 이별을 말하네  이제야 너의 맘을 알겠어 사랑한다면 어떤 조건도 필요치 않아 따스했던 너의눈빛은 어떤 말보다 더욱 진실한 사랑이었다는걸 자고 나면 또 다른 세상 그어디서 널 찾을수 있을까 눈을 뜨면 꿈 같은 세상 내영혼은 너의 곁으로 언제나 함께 했었지 어떤 고통도 우린 영원히 함께 할거라 믿었지 세상이 우릴 서로 갈라놓지만 우리의 끝은 아니야 이제야 너의 맘을 알겠어 사랑한다면 어떤 조건도 필요치 않아 따스했던 너의 눈빛은 어떤 말보다 더욱 진실한 사랑이었다는걸 자고 나면 또 다른 세상 그 어디서 널 찾을수 있을까 눈을 뜨면 꿈 같은 세상 내 영혼은 너의 곁으로 워~니가 다음 세상 어디에 있어도 찾을거야 워~다시 시작이야 내영혼은 너의 곁으로 자고나면 또 다른세상 그 어디서 널 찾을수 있을까 눈을뜨면 꿈 같은 세상 내 영혼은 너의 곁으로
1996.02.04~02.10,48,71914,기억에 남는건 너의 젖은 눈동자,박정운,박정운 Live & Single,1997.12,Ballad,박정운,기억에 남는건 너의 젖은 눈동자 너에게 물었지 외로우냐고 비오는 날이면 그렇게도 좋다며 티없이 웃었던 너의 얼굴 생각나 오늘도 이렇게 비는 쏟아지는데 넌 무슨 생각 잠겨 있을까 이 세상 모든 것이 비에 젖어 가듯이 너의 눈망울도 젖어 가겠지 그냥 스치듯이 지나버린 작은 만남속에 그 포근함 나 잊을 수 없어 언제나 빗소리가 들려오면 떠오르는 너의얼굴 아쉬운 기억으로 남겨두겠어  비오는 날이면 그렇게도 좋다며 티없이 웃었던 너의 얼굴 생각나 오늘도 이렇게 비는 쏟아지는데 넌 무슨 생각 잠겨 있을까 이 세상 모든 것이 비에 젖어 가듯이 너의 눈망울도 젖어가겠지 그냥 스치듯이 지나버린 작은 만남속에 그 포근함 나 잊을 수 없어 언제나 빗소리가 들려오면 떠오르는 너의얼굴 아쉬운 기억으로 남겨둘거야
1996.02.04~02.10,49,32854,친구를 위해,더블루,The Blue,1995,Ballad,김민종,하늘위로 날아가는 새들은 자유로운 날개짓을 하며 말이 없는 내마음을 아는지 작은 내모습 위로 날아가네 다가가면 멀어지는 사람들 사랑하는 그대마저 떠난 밤이오는 노을아래 서 있는 나는 홀로 이렇게 울고있네 다른 세상으로 떠나가고 싶지만 나의 곁에 다가와준 내친구는 힘이 들어도 꿈을 찾고 있었지 어떤날은 버려진 나를 위해서 이젠 나의 꿈들을 찾아 떠나야겠어 그 누구나 새로운 많은 날이 있잖아 나의 꿈을 찾아서 다시 노래할꺼야 언제까지 변하지 않는 나의 친구와  지난 나의 마지막 무대위에 섰을 때 내이름을 부르던 사람들은 떠나고 그런 나의 모습에 그댄 사라져 갔어 초라해진 사랑에 많이 아파했지만 이젠 나의 꿈들을 찾아 떠나야겠어 그 누구나 새로운 많은 날이 있잖아 나의 꿈을 찾아서 다시 노래할꺼야 언제까지 변하지 않는 나의 친구와 노래가 끝나가는 지금 내곁엔 나를 보는 친구가 있네......
1996.02.04~02.10,50,66263,나만의 친구,솔리드,Solid,1995.03.01,R&B; / Soul,이정은,늦어버린 아침에 난 거리에서 허전해진 나의 마음 달래려 했어 그래 난 내 주변사람 모두다  내 친군 아냐 머리 아픈일에 빠져 있을때도 가끔 내가 생각하는 사람이 있어  바로 너  여기까지 함께 했었던  우리 이름 바로 친구였어  지쳐가는 하루 우연히 난  어린시절 그립던 친구를 봤어  마주 앉아있던 지난얘기 속에  지루하지 않았던 기쁨  넌 알고있니 지금 난 널 보며  또 다른 기억속으로  추억보다 깊은 얘기 만들어가  이렇게 만난 우리만의 시간  늦어버린 아침에 난 거리에서 허전해진 나의 마음 달래려 했어 그래 난 내 주변사람 모두다  내 친군 아냐 머리 아픈일에 빠져 있을때도 가끔 내가 생각하는 사람이 있어  바로 너 여기까지 함께 했었던  우리 이름 바로 친구였어  음 지쳐가는 하루  우연히 난 어린시절 그립던  친구를 봤어  마주 앉아있던 지난얘기 속에  지루하지 않았던 기쁨  넌 알고있니 지금도 난 널 보며  또 다른 기억속으로  추억보다 깊은 얘기 만들어가  이렇게 만난 우리만의 시간  넌 알고있니 지금 난 널 보며  또 다른 기억속으로  추억보다 깊은 얘기 만들어가  이렇게 만난 우리만의 시간  또 약속해봐 그렇게 살다가  서로를 쳐다볼때면  언제까지라도 위로할수 있게  우리는 영원한 친구일거야
