time,rank,song_id,title,singers,album,date,genre,creator,lyric
1990.09.02~09.08,1,531483,텅 빈 마음,이승환,B.C 603,1989.10.15,Ballad,류화지,미련없이 그대를 떠나 보낸 내 마음 속이 오늘은 왜 이리 허전할까요 알 수 없어요 아침에 문득 눈 뜨고 바라보니 눈부신 햇살 내 곁에 잠든 건 지나간 추억 너무 허탈해 그대 그 미소 그때 그 마음 되살아나서 날 부르네 두근거리는 내 작은 맘으로 붙잡을 수는 없지만  아침에 문득 눈 뜨고 바라보니 눈부신 햇살 내 곁에 잠든 건 지나간 추억 너무 허탈해 그대 그 미소 그때 그 마음 되살아나서 날 부르네 난 너를 느끼네 내 텅 빈 마음속 그대 그 미소 그때 그 마음 되살아나서 날 부르네 난 너를 느끼네 내 텅 빈 마음속
1990.09.02~09.08,2,48931,나를 사랑하겠어요,강수지,보라빛 향기,1990.04,Ballad,지예,슬픈 눈으로 묻지 말아요 그대 말할 힘조차 난 없어요 나 그대를 이해하려고 몹시 애써왔지만 이제는 난 쉬고 싶어요 아무 의미도 없는 눈물은 이젠 내게 보이지 말아 줘요 나 그대를 잊는 다는 건 몹시 어렵겠지만 나 그대를 떠나고 싶어요 사랑의 아픔에 옛날 내 모습을 빼앗기 듯 수없이 잃었죠 사랑을 얻으려 점점 지쳐가는 내 자신을 돌아보지 않았죠 내 진정 사랑했던 그대여 나 이제 그대를 떠나서 괴로움 속에 그냥 버려두었던 나를 사랑하겠어요  사랑의 아픔에 옛날 내 모습을 빼앗기 듯 수없이 잃었죠 사랑을 얻으려 점점 지쳐가는 내 자신을 돌아보지 않았죠 내 진정 사랑했던 그대여 나 이제 그대를 떠나서 괴로움 속에 그냥 버려두었던 나를 사랑하겠어요 나를 사랑하겠어요
1990.09.02~09.08,3,53616,입영열차안에서,김민우,사랑일뿐야,1990.02.10,Ballad,,어색해진 짧은 머리를 보여주긴 싫었어 손 흔드는 사람들 속에 그댈 남겨 두기 싫어 삼년이라는 시간 동안 그대 나를 잊을까 기다리지 말라고 한건 미안했기 때문이야 그곳의 생활들이 낯설고 힘들어 그대를 그리워 하기 전에 잠들지도 모르지만 어느날 그대 편질 받는다면 며칠동안 나는 잠도 못 자겠지 이런 생각만으로 눈물 떨구네 내 손에 꼭 쥔 그대 사진위로  삼년이라는 시간 동안 그대 나를 잊을까 기다리지 말라고 한건 미안했기 때문이야 그곳의 생활들은 낯설고 힘들어 그대를 그리워 하기 전에 잠들지도 모르지만 어느날 그대 편질 받는다면 며칠동안 나는 잠도 못 자겠지 이런 생각만으로 눈물 떨구네 내 손에 꼭 쥔 그대 사진위로 이런 생각만으로 눈물 떨구네 내 손에 꼭 쥔 그대 사진위로
1990.09.02~09.08,4,1839752,이 밤이 지나도록,푸른하늘,푸른하늘 3집 - 이 밤이 지나도록,1990.11.01,Ballad,유영석,아무말도 난 하지 못했어 놓인 커피잔만 바라보았지 그대 내게 무슨 말 하려 하는지 이미 나는 알고 있다는걸 넌 아니 이렇게 난 될 줄 알았지 하지만 네가 무작정 좋았어 어두워져만 가던 나의 마음에 꿈에 젖은 너의 눈을 담았어 그러나 이제는 우리 서로가 다른 길을 가야 하겠지 작은 기쁨 있어도 괜히 들뜨고 작은 슬픔에도 쓰려하던 넌 어디로 가야만 하는 거니 이밤이 다 지나도록 가야만 하는 거니 너만을 생각해 너의 모습 보고파 꿈에서 만날 수 있는 너의 모습 보고파 밤만을 기다리는데 너는 왜  이제는 우리 서로가 다른 길을 가야 하겠지 작은 기쁨 있어도 괜히 들뜨고 작은 슬픔에도 쓰려하던 넌 어디로 가야만 하는 거니 이밤이 다 지나도록 가야만 하는 거니 너만을 생각해 너의 모습 보고파 꿈에서 만날 수 있는 너의 모습 보고파 밤만을 기다리는데 너는 내곁을 떠나 어느 곳에서 같은 별을 바라보는지 이밤 지나도록 이밤 지나도록 같은 하늘 아래 있는 것으론 남은 그리움 지울 수가 없어 하지만 어쩔 수 없잖아 추억 아름답게 간직할 수밖엔 너의 모습 보고파 이밤이 다 지나도록 너의 모습 보고파 너만을 생각해 너의 모습 보고파 꿈에서 만날수 있는 너의 모습 보고파 밤만을 기다리는데 너의 모습 보고파 이밤이 다 지나도록 너의 모습 보고파 너만을 생각해 너의 모습 보고파 꿈에서 만날수 있는 너의 모습 보고파 밤만을 기다리는데
1990.09.02~09.08,5,53586,슬픈 표정 하지 말아요,신해철,슬픈 표정 하지 말아요,1990.05.01,Rock,신해철,이 세상 살아가는 이 짧은순간에도 우린 얼마나 서로를 아쉬워 하는지 뒤돌아 바라보면 우린 아주 먼길을 걸어 왔네 조금은 야위어진 그대의 얼굴모습  빗길속을 걸어가며 가슴 아팠네 얼마나 아파해야  우리 작은 소원 이뤄질까 그런 슬픈표정 하지 말아요  난 포기 하지 않아요 그대도 우리들의 만남에 후횐없겠죠 어렵고 또 험한길을 걸어도 나는 그대를 사랑해요  조금은 야위어진 그대의 얼굴모습  빗길속을 걸어가며 가슴 아팠네 얼마나 아파해야  우리 작은 소원 이뤄질까 그런 슬픈표정 하지 말아요  난 포기 하지 않아요 그대도 우리들의 만남에 후횐없겠죠 어렵고 또 험한길을 걸어도 나는 그대를 사랑해요
1990.09.02~09.08,6,842539,소중한 너 (Duet With 조규찬),박선주(PakSunZoo),하루 이틀 그리고...,1990.02.25,Ballad,조규찬,"나나나나~ 나나나나~ 너무나 투명한  너의 하얀 미소에 나는 사랑을 느꼈어. 너의 하얀 뺨에  눈물 흐를 때에 나는 네게 사랑을 주고 싶었어. 너의 모습 그릴 때마다 넌 항상 내게 웃음 주었지. 네 마음을 사랑하고 싶은 거야. 워워허 나의 마음 너에게만 주고 싶어. 소중한 널 잊을 수는 없을 거야. 워워워허 언제까지나 나의 마음 너만을 그릴 때 내 사랑아. 나나나나~ 나나나나~   너무나 가득한  너의 슬픈 향기에 나는 사랑을 느꼈어. 너의 뒷모습이  슬퍼보일 때에 나는 네게 사랑을 주고 싶었어. 너의 향기 그릴 때마다 넌항상 내게 눈물 주었지. 네 마음을 사랑하고 싶은 거야. 워워허 나의 마음 너에게만 주고 싶어. 소중한 널 잊을 수는 없을 거야. 워워워허 언제까지나 나의 마음 너만을 그릴 때 네 마음을 사랑하고 싶은 거야. 워워허 나의 마음 너에게만 주고 싶어. 소중한 널 잊을 수는 없을 거야, 워워워허 언제까지나 나의 마음 너만을 그릴 때 내 사랑아. 나나나나~ 나나나나~ 나나나나~ 나나나나~"
1990.09.02~09.08,7,53535,한 여름의 크리스마스,이정현,이정현 Ⅱ,1990,Ballad,,부서지는 파도소리 새하얀 갈매기 바닷 바람 내 가슴을 할퀴던 한 여름의 크리스마스 그 기억의 조각들 어디에 있다 해도 내 마음은 그대와 영원히 해질무렵 맨 처음 가로등 켜질때에 어둠의 거리를 나서면 시간은 멈추고 지지 않는 저 석양은 대답없는 나를 쳐다볼뿐 그대 나의 사랑 이젠 모두 잊어버렸나 꿈속에서 그려보는 오직 두 사람만의 크리스마스 오 너를 잃어버린 나의 두 눈에도 언젠가는 눈물이 마르겠지 울고 싶게 빛나는 모래위의 발자욱 가만히 두눈을 감으면 메아리 되어서 들려오는 그 목소리 뭉게 구름처럼 사라질뿐 그대 나의 사랑 이젠 모두 잊어버렸나 꿈속에서 그려보는 오직 두 사람만의 크리스마스 오 너를 잃어버린 나의 두 눈에도 언젠가는 눈물이 마르겠지  깊은 바다를 보며 감싸안은 어깨 사라져간 슬픈 기적소리 부서지는 파도 소리 새 하얀 갈매기 바닷 바람 내 가슴을 할퀴던 한 여름의 크리스마스 그 기억의 조각들 어디에 있다 해도 내 마음은 그대와 영원히
1990.09.02~09.08,8,53528,내일이 찾아오면,박정운,오석준/장필순/박정운,1990.05.15,Ballad,김성호,푸른바다 저 멀리서 나를 부르는 파도처럼 밀려오는 너의 모습이 메마른 나의 마음속에 살며시 다가오면 잃어버린 시간속에 나의 꿈들이 하나둘씩 기억속에 되살아나고 새로운 부푼 희망속에 가슴은 설레이네 행복이란 멀게만 느껴지지만 우리마음속에 있는걸 언젠가는 너에게 말해줄꺼야 내일이 찾아오면 너의 고운 두 손 가득히 나의 꿈을담아주고서 이대로의 너의 모습을 사랑하고 있다고 저기 멀리 보일것같은 우리만의 희망 찾아서 사랑스런 너의 꿈속에 언제나 달려가리  해가뜨면 불어오는 모래 바람에 이름모를 물새들의 날개짓소리 눈부신 여름 바닷가에 아침이 밝아오네 그림자만 남아있는 모습들 위로 먼하늘의 달빛하나 걸려갈때면 노을진 바다 가운데선 마음은 꿈을꾸네 사랑이란 낯설게 느껴지지만 마주보면 눈속에 있어 언젠가는 너에게 말해줄꺼야 내일이 찾아오면 너의 고운 두 손 가득히 나의 꿈을담아주고서 이대로의 너의 모습을 사랑하고 있다고 저기 멀리 보일것같은 우리만의 희망 찾아서 사랑스런 너의 꿈속에 언제나 달려가리
1990.09.02~09.08,9,664262,찬바람이 불면,김지연,김지연 1집,1990.01.25,Ballad,김성호,찬바람이 불면 내가 떠난줄 아세요 스쳐가는 바람 뒤로 그리움만 남긴 채 낙엽이 지면 내가 떠난 줄 아세요 떨어지는 낙엽 위엔 추억만이 남아 있겠죠 한 때는 내 어린 마음 흔들어 주던 그대의 따뜻한 눈빛이 그렇게도 차가웁게 변해 버린 건 계절이 바뀌는 탓일까요  찬바람이 불면 그댄 외로워 지겠죠 그렇지만 이젠 다시 나를 생각하지 말아요  한때는 내 어린 마음 흔들어 주던 그대의 따뜻한 눈빛이 그렇게도 차가웁게 변해 버린건 계절이 바뀌는 탓일까요  찬바람이 불면 그댄 외로워 지겠죠 그렇지만 이젠 다시 나를 생각하지 말아요 그렇지만 이젠 다시 나를 생각하지 말아요
1990.09.02~09.08,10,53615,사랑일뿐야,김민우,사랑일뿐야,1990.02.10,Ballad,박주연,나를 어떻게 생각하냐고 너는 내게 묻지만 대답하기는 힘들어 너에게 이런 얘길 한다면 너는 어떤 표정 지을까 언젠가 너의 집 앞을 비추던 골목길 외등 바라보며 길었던 나의 외로움의 끝을 비로소 느꼈던 거야 그대를 만나기 위해 많은 이별을 했는지 몰라 그대는 나의 온몸으로 부딪혀 느끼는 사랑일 뿐야 나를 어떻게 생각하냐고 너는 내게 묻지만 대답하기는 힘들어 너에게 이런 얘길 한다면 너는 어떤 표정 지을까 언젠가 너의 집 앞을 비추던 골목길 외등 바라보며 길었던 나의 외로움의 끝을 비로소 느꼈던 거야 그대를 만나기 위해 많은 이별을 했는지 몰라 그대는 나의 온몸으로 부딪혀 느끼는 사랑일 뿐야
1990.09.02~09.08,11,180882,아침,VariousArtists,겨레의 노래,1990.11.01,Folk,,
1990.09.02~09.08,12,60956,한번만 더,박성신,한번만 더/만남 이후,1989.11.30,Ballad,전상진,멀어지는 나의 뒷모습을 보면은 떨어지는 눈물 참을수가 없다고 그냥 돌아서서 외면하는 그대의 초라한 어깨가 슬퍼 이젠 다시 볼수 없을거란 인사에 나의 눈에 고인 눈물 방울 흐르고 그대 돌아서서 외면하고 있지만 흐르는 눈물을 알아 이렇게 쉽게 끝나는 건가 이것이 우리의 마지막 모습인가 헤이 한번만 나의 눈을 바라봐 그대의 눈빛 기억이 안나 이렇게 애원하잖아 헤이 조금만 내게 가까이 와봐 그대의 숨결 들리지 않아 마지막 한번만 더 그대의 가슴에 안기고 싶어  이뤄질수 없는 사랑이라 느껴도 헤어져야 하는 사랑인줄 몰랐어 그대 돌아서서 외면하는 이유를 말하여 줄수는 없나 이렇게 쉽게 끝나는 건가 이것이 우리의 마지막 모습인가 헤이 한번만 나의 눈을 바라봐 그대의 눈빛 기억이 안나 이렇게 애원하잖아 헤이 조금만 내게 가까이 와봐 그대의 숨결 들리지 않아 마지막 한번만 더 그대 곁에 잠이 들고 싶어 헤이 한번만 나의 눈을 바라봐 그대의 눈빛 기억이 안나 이렇게 애원하잖아
1990.09.02~09.08,13,1017153,슬픈 바다,조정현,그 아픔까지 사랑한거야,1989.06.15,Ballad,신재각,그대여 여기 바다가 보이고 많은 사람들은 한가지씩 좋은 추억에 바다를 더욱 아름답게 하지만 그대여 다시 돌아온 이 바닷가 그대 떠나간 조금은 슬픈 추억때문에 나만이 홀로 쓸쓸히 느껴지는가 슬픈 바다가 나를 멀리 하려 하지만 바다 저편 당신의 하얀 미소가 내게 떠나가 나를 잊은 미소라 해도 그대 내 다시 당신을 사랑할 수 있다면 그대 그리워 찾아올 수 있겠지 나의 슬픈 바다여 지쳐버린 내 마음 쉬어갈 수 있는곳 나의 슬픈 바다여  붉어진 노을 떠나는 사람들 어떤 생각들이 그들만의 사랑인건지 바다는 더욱 애잔하게 보이고 한번쯤 내게 미소라도 띄워줄 그대 얼굴이 조금은 슬픈 우리 사랑에 붉어진 바다 저편에 사라지는가 슬픈 바다가 나를 멀리 하려 하지만 바다 저편 당신의 하얀 미소가 내게 떠나가 나를 잊은 미소라 해도 그대 내 다시 당신을 사랑할 수 있다면 그대 그리워 찾아올 수 있겠지 나의 슬픈 바다여 지쳐버린 내 마음 쉬어갈 수 있는곳 나의 슬픈 바다여
1990.09.02~09.08,14,1080545,예정된 시간을 위하여,VariousArtists,장덕 추모앨범,1990.06,Ballad,장덕,나 이제는 너를 잊으려 하네 아직 못다한 사랑을 여기에 남긴 채 나 이제는 나의 길을 가야만 하네 아직 모르는 곳이지만 너를 두고 가려하네 수많은 별들이 가득한 이밤 창가에 스치는 얼굴들 모든 것이 여기에 있는데 내가 정말 떠나야 하는지 잊지말아요 우리의 사랑을 잊지말아요 그날의 기억들을 잊지말아요 우리의 사랑을 잊지말아요 그날의 기억들을 이제는 시간이 됐어요 그대여 안녕  수많은 별들이 가득한 이밤 창가에 스치는 얼굴들 모든 것이 여기에 있는데 내가 정말 떠나야 하는지 잊지 말아요 우리의 사랑을 잊지 말아요 그날의 기억들을 잊지 말아요 우리의 사랑을 잊지말아요 그날의 기억들을 잊지말아요 우리의 사랑을 잊지말아요 그날의 기억들을 잊지말아요 우리의 사랑을 잊지말아요 그날의 기억들을 잊지말아요 우리의 사랑을 잊지말아요 그날의 기억들을 잊지말아요 우리의 사랑을 잊지말아요 그날의 기억들을
1990.09.02~09.08,15,51430,나만의 그대,이상우,나만의 그대/그녀를 만나는 곳 100M전/그 언젠가처럼,1991,Ballad,유정연,내 맘속에 간직하고픈 그대 사랑스런 모습은 잊을 수 없어 희미해지는 불빛속에 눈을 감고 생각해 보네 내곁에 남아있는 사진 속에서 새하얀 미소를 느끼네 사랑스런 눈길만을 내게 보내준 그대 눈빛만은 지울수 없어 세월이 지나가면 잊는다해도 내 마음속에 깊은 곳으로 외로운 내게 불빛 되어 밝혀주는 어쩔수없는 나만의 그대여  밀려오는 외로움속에 마음 깊은 곳에 숨겨진 그대의 모습 내게 남겨진 기억속에 지난 추억 스쳐지나네 내곁에 남아있는 사진 속에서 새하얀 미소를 느끼네 사랑스런 눈길만을 내게 보내준 그대 눈빛만은 지울수 없어 세월이 지나가면 잊는다해도 내 마음속에 깊은 곳으로 외로운 내게 불빛 되어 밝혀주는 어쩔수없는 나만의 그대여
1990.09.02~09.08,16,51590,거울이 되어,최용준,아마도 그건,1990.12,Rock,도윤경,나를 향해 울어버리는 까닭은 뭔가요 당신의 눈물을 비추는 것은 내게는 커다란 슬픔인 것을 나를 보며 한숨을 짓는 까닭은 뭔가요 당신의 아픔을 비출바에야 이대로 깨어져 버리고 싶소 당신의 미소와 당신의 사랑을 비추리라 난 생각 했는데 당신은 웃음을 지어줄수는 없나요 내마음이 아프잖아요  나를 향해 울어버리는 까닭은 뭔가요 당신의 눈물을 비추는 것은 내게는 커다란 슬픔인 것을 당신의 미소와 당신의 사랑을 비추리라 난 생각했는데 당신은 웃음을 지어줄수는 없나요 내마음이 아프잖아요 나는 영원한 당신만의 거울이 되어
1990.09.02~09.08,17,58160,마지막 콘서트,이승철,이승철 Part 2,1989.12.10,Ballad,김태원,지금 슬픈 내 모습은 무대뒤 한 소녀  애써 눈물 참으며 바라보고 있네  무대 뒤에 그 소녀는 작은 의자에 앉아  두 손 곱게 모으고 바라 보며 듣네  나의 얘기를 워 소녀는 나를 알기에 더더욱 슬퍼지네  노래는 점점흐르고 소녀는 울음 참지 못해  밖으로 나가버리고  노랜 끝이 났지만 이젠 부르지 않으리 에 이 슬픈 노래  밖으로 나가 버리고 노랜 끝이났지만 이젠 부르지 않으리 에 이 슬픈 노래
1990.09.02~09.08,18,1080357,외면,이치현,이치현 Vol.1,1990.05.30,Ballad,,
1990.09.02~09.08,19,1104907,어떤이의 꿈,봄여름가을겨울,나의 아름다운 노래가 당신의 마음을 깨끗하게 할 수 있다면,1989.10.01,Ballad,김종진,어떤 이는 꿈을 간직하고 살고 어떤 이는 꿈을 나눠 주고 살며 다른 이는 꿈을 이루려고 사네 어떤 이는 꿈을 잊은채로 살고 어떤 이는 남의 꿈을 뺏고 살며 다른 이는 꿈은 없는거라 하네 세상에 이 처럼 많은 사람들과 세상에 이 처럼 많은 개성들 저 마다 자기가 옳다 말을 하고 꿈이란 이런 거라 말 하지만 나는 누굴까 내일을 꿈 꾸는가 나는 누굴까 아무 꿈 없질 않나 나는 누굴까 내일을 꿈 꾸는가 나는 누굴까 혹 아무 꿈 어떤 이는 꿈을 간직하고 살고 어떤 이는 남의 꿈을 뺏고 살며 다른 이는 꿈은 이런 거라 하네 세상에 이 처럼 많은 사람들과 세상에 이 처럼 많은 개성들 저 마다 자기가 옳다 말을 하고 꿈이란 이런 거라 말 하지만 나는 누굴까 내일을 꿈 꾸는가 나는 누굴까 아무 꿈 없질 않나 나는 누굴까 내일을 꿈 꾸는가 나는 누굴까 아무 꿈 없질 않나 나는 누굴까 내일을 꿈 꾸는가 나는 누굴까 아무 꿈 없질 않나 나는 누굴까 내일을 꿈 꾸는가 나는 누굴까 혹 아무 꿈
1990.09.02~09.08,20,53088,유리창엔 비,햇빛촌,햇빛촌,1989.02.15,Ballad,이정한,낮부터 내린 비는 이 저녁 유리창에 이슬만 뿌려놓고서 밤이 되면 더욱 커지는 시계소리처럼 내 마음을 흔들고 있네 이 밤 빗줄기는 언제나 숨겨놓은 내 맘에 비를 내리네 떠오는 아주 많은 시간들 속을 헤메이던 내 맘은 비에 젖는데 이젠 젖은 우산을 펼 수는 없는 것 낮부터 내린 비는 이 저녁 유리창에 슬픔만 뿌리고 있네 이 밤 마음속엔 언제나 남아있던 기억은 빗줄기처럼 떠오는 기억 스민 순간 사이로 내 마음은 어두운 비를 뿌려요 이젠 젖은 우산을 펼 수는 없는 것 낮부터 내린 비는 이 저녁 유리창에 슬픔만 뿌려 놓고서 밤이 되면 유리창에 내 슬픈 기억들을 이슬로 흩어 놓았네
1990.09.02~09.08,21,1721579,미아리,이성우,미아리,1990.04.05,Rock,,
1990.09.02~09.08,22,2274375,저 창살에 햇살이,안치환,1+2,1994.03.01,Folk,김남주,내가 손을 내밀면 내 손에 와서 고와지는 햇살이  내가 볼을 내밀면 내 볼에 와서 따스해지는 햇살이  저 창살에 햇살이  깊은 가을따라 자꾸자꾸 자라나  다람쥐꼬리만큼 자꾸 자라나  내 목에 와서 감기면 누이가 짜준 따스한 목도리  내 입술에 와 닿으면  그녀와 주고받던 옛추억의 사랑  저 창살에 햇살이  저 창살에 햇살이
1990.09.02~09.08,23,51507,그대 떠난뒤,빛과소금,빛과 소금,1990.03.01,Rock,장기호,온종일 비가 온날은 하얀 얼굴로 그대를 만나리 오랜 허물 모두 비우고 그대를 내맘에 담으리 언젠가 그대와 나는 비를 맞으며 이 길을 걸었지 우리 서로 의지 하면서 한없이 이 길을 걸었지 나 이제 외로움을 알아요 그대 나를 떠난 뒤 스쳐가는 지난 일들을 비처럼 내맘을 적시네 나 지울수 없는 지난 추억을 이제와 생각해보네 비를 맞으며 걷던 이길을 나홀로 걸어가 보네 그대 떠난 뒤 언젠가 그대와 나는 비를 맞으며 이 길을 걸었지 우리 서로 의지 하면서 한없이 이 길을 걸었지 나 이제 외로움을 알아요 그대 나를 떠난 뒤 스쳐가는 지난 일들을 비처럼 내맘을 적시네 나 지울수 없는 지난 추억을 이제와 생각해보네 비를 맞으며 걷던 이길을 나홀로 걸어가 보네 그대 떠난 뒤
1990.09.02~09.08,24,2959789,떠나는 자만이 사랑을 꿈꿀 수 있다,이선희,자작시 낭송집,1990.06.01,기타,,
1990.09.02~09.08,25,52443,로라,변진섭,너에게로 또 다시,1989.10.25,Ballad,지예,세상 누구도 알수 없는 곳에  야윈 얼굴로 떠나간 너  젖은 눈으로 내손 잡으며  모두 잊으라 했지  너의 따뜻한 미소가  자꾸만 눈앞에 아른거려  언제나 내가 없으면  슬퍼진다고 말하던 너  로라 로라  나의 슬픈 로라  나없이 너혼자서  그 얼마나 외롭겠니  로라 로라  나의 사랑 로라  이별없는 곳에서  너를 다시 만날꺼야  로라  너의 따뜻한 미소가 자꾸만 눈앞에 아른거려 언제나 내가 없으면 슬퍼진다고 말하던 너 로라 로라 나의 슬픈 로라 나없이 너혼자서 그 얼마나 외롭겠니 로라 로라 나의 사랑 로라 이별없는 곳에서 너를 다시 만날꺼야 로라
1990.09.02~09.08,26,1839723,솔직할 수 있도록,최성원,최성원 2,1990.11.01,Ballad,최성원,세상에 많은 사람들 모두 알고 싶은 사람들 해도 해도 끝없는 사람여행  제각기 숨긴 비밀 하나 둘 얘기 할 때 난 알았지 솔직할 수 없었을 뿐 아름다운 사람들인걸 어릴 적 부터 다 큰 지금까지 솔직하면 왠지 손해를 봤나봐 예쁜 거짓말은 내겐 매력 없어 솔직하면 우린 뭔가 통할 텐데  세상에 많은 사람들 모두 아름다운 사람들 도와줘요 솔직할 수 있도록  어릴 적 부터 다 큰 지금까지 솔직하면 왠지 손해를 봤나봐 예쁜 거짓말은 내겐 매력 없어 솔직하면 우린 뭔가 통할 텐데 세상에 많은 아이들 모두 사랑스런 아이들 도와줘요 솔직할 수 있도록 세상에 많은 어른들 모두 자랑스런 어른들 도와줘요 솔직할 수 있도록 세상에 많은 사람들 모두 아름다운 사람들 도와줘요 솔직할 수 있도록
1990.09.02~09.08,27,104134,비오는 날 수채화,"김현식,강인원,권인하",비오는 날 수채화 OST,1989.11.10,"Korean Movie,Rock",강인원,빗방울 떨어지는 그 거리에 서서  그대 숨소리 살아있는 듯  느껴지면  깨끗한 붓 하나를 숨기듯  지니고 나와  거리에 투명하게 색칠을 하지  음악이 흐르는 그 카페엔  초콜렛색 물감으로  빗방울 그려진 그 가로등불  아랜 보라색 물감으로  세상 사람 모두가 도화지  속에 그려진  풍경처럼 행복하면 좋겠네 욕심 많은 사람들 얼굴  찌푸린 사람들  마치 그림처럼 행복하면 좋겠어  음악이 흐르는 그 카페엔  초콜렛색 물감으로  빗방울 그려진 그 가로등불  아랜 보라색 물감으로  세상 사람 모두가 도화지  속에 그려진  풍경처럼 행복하면 좋겠네 욕심 많은 사람들 얼굴  찌푸린 사람들  마치 그림처럼 행복하면 좋겠어  빗방울 떨어지는 그 거리에 서서  그대 숨소리 살아있는 듯  느껴지면  깨끗한 붓 하나를 숨기듯  지니고 나와  거리에 투명하게 색칠을 하지
1990.09.02~09.08,28,53062,사계,노래를찾는사람들,노래를 찾는 사람들 2,1989.10.01,Folk,문승현,빨간 꽃 노란 꽃  꽃밭 가득 피어도   하얀 나비 꽃  나비 담장위에 날아도   따스한 봄바람이 불고 또 불어도   미싱은 잘도 도네 돌아가네   흰 구름 솜구름   탐스러운 애기 구름   짧은 샤쓰 짧은 치마 뜨거운 여름   소금 땀 비지 땀   흐르고 또 흘러도   미싱은 잘도 도네 돌아가네   저 하늘엔 별들이 밤새 빛나고   찬바람 소슬바람   산너머 부는 바람   간밤에 편지 한 장 적어  실어 보내고   낙엽은 떨어지고   쌓이고 또 쌓여도   미싱은 잘도 도네 돌아가네   흰눈이 온 세상에   소복소복 쌓이면   하얀 공장 하얀 불빛   새하얀 얼굴들   우리네 청춘이   저물고 저물도록   미싱은 잘도 도네 돌아가네   공장엔 작업등이 밤새 비추고   빨간 꽃 노란 꽃   꽃밭 가득 피어도   하얀 나비 꽃 나비 담장 위에 날아도  따스한 봄바람이  불고 또 불어도  미싱은 잘도 도네 돌아가네  미싱은 잘도 도네 돌아가네  미싱은 잘도 도네 돌아가네
1990.09.02~09.08,29,58161,소녀시대,이승철,이승철 Part 2,1989.12.10,Rock,송재준,날 아직 어리다고 말하던 얄미운 욕심쟁이가 오늘은 웬일인지 사랑해하며 키스해 주었네 얼굴은 빨개지고 놀란눈은 커다래지고 떨리는 내 입술은 파란 빛깔 파도 같아 너무 놀라버린 나는 아무말도 하지 못하고 화를 낼까 웃어버릴까 생각하다가 어리다고 놀리지 말아요 수줍어서 말도 못하고 어리다고 놀리지 말아요 스쳐가는 얘기 뿐인걸 날 아직 어리다고 말하던 얄미운 욕심쟁이가 오늘은 웬일인지 사랑해하며 키스해 주었네 너무 놀라버린 나는 아무말도 하지 못하고 화를 낼까 웃어버릴까 생각하다가 어리다고 놀리지 말아요 수줍어서 말도 못하고 어리다고 놀리지 말아요 스쳐가는 얘기 뿐인걸 어리다고 놀리지 말아요 수줍어서 말도 못하고 어리다고 놀리지 말아요 스쳐가는 얘기 뿐인걸 어리다고 놀리지 말아요 수줍어서 말도 못하고 어리다고 놀리지 말아요 스쳐가는 얘기 뿐인걸 어리다고 놀리지 말아요 수줍어서 말도 못하고 어리다고 놀리지 말아요 스쳐가는 얘기 뿐인걸
1990.09.02~09.08,30,53159,넋두리,김현식,넋두리,1990.03,Ballad,김현식,쓸쓸한 거리에 나 홀로 앉아서 바람의 떨리는 소리를 들었지  어디서 왔다가 어디로 가는지 설레이는 이 내 마음이여 꺼질 듯 타오는 거리의 네온을 내 품에 안고서 헤매고 있었지 멀리로 떠나는 내 님의 뒷모습 깨어진 꿈이었나 힘 없는 내 발길에 다가선 님의 모습 인생을 몰랐던 나의 길고 긴 세월 갈 테면 가라지 그렇게 힘이 들면 가다가 지치면 또 일어나겠지  쓸쓸한 거리에 나 홀로 앉아 바람의 떨리는 소리를 들었지 어디서 왔다가 어디로 가는지 설레이는 이 내 마음이여 꺼질 듯 타오는 거리의 네온을 내 품에 안고서 헤매고 있었지 멀리로 떠나는 내 님의 뒷모습 깨어진 꿈이었나 힘 없는 내 발길에 다가선 님의 모습 인생을 몰랐던 나의 길고 긴 세월 갈 테면 가라지 그렇게 힘이 들면 가다가 지치면 또 일어나겠지
1990.09.02~09.08,31,52451,희망사항,변진섭,너에게로 또 다시,1989.10.25,Ballad,노영심,청바지가 잘 어울리는 여자   밥을 많이 먹어도  배 안나오는 여자   내 얘기가 재미 없어도  웃어주는 여자   난 그런 여자가 좋더라   머리에 무스를 바르지 않아도  윤기가 흐르는 여자  내 고요한 눈빛을 보면서  시력을 맞추는 여자  김치 볶음밥을 잘 만드는 여자  웃을때 목젖이 보이는 여자  내가 돈이 없을 때에도  마음 편하게 만날 수 있는 여자  멋내지 않아도 멋이 나는 여자  껌을 씹어도 소리가 안나는 여자  뚱뚱해도 다리가 예뻐서  짧은 치마가 어울리는 여자   내가 울적하고 속이 상할때   그저 바라만 봐도  위로가 되는 여자   나를 만난 이후로 미팅을   한번도 한번도 안한 여자   라라라라라라라라라라라  라라라라라라라라라라라라  라라라라라라라라  라라라라라라라라라라라  라라라라라라라라라라라 라라라라라라라라라라라라 라라라라라라라라 라라라라라라라라라라라 난 그런 여자가 좋더라  난 그런 여자가 좋더라  여보세요 날 좀 잠깐 보세요  희망사항이 정말 거창하군요  그런 여자한테 너무 잘 어울리는  난 그런 남자가 좋더라
1990.09.02~09.08,32,53426,내일일기,오석준,우리들의 시대,1990.03.12,Ballad,김성호,노을지는 하늘보며 잡지 못한 추억을 우리는 그리워하지만 세상 누구라도 하나쯤은 말 못할 슬픔을 안고 살아가죠 정신없이 걷다가 발을 멈춰 돌아보면 우린 어느새 더욱 소중한 것들을 잊고 사는 것은 아닌지 다시 펼쳐진 하늘 너머로 지나가버린 어제보다도 언젠가는 날아가고픈 내일얘기를 써가요  정신없이 걷다가 발을 멈춰 돌아보면 우린 어느새 더욱 소중한것들을 잊고 사는 것은 아닌지 다시 펼쳐진 하늘 너머로 지나가버린 어제보다도 언젠가는 날아가고픈 내일얘기를 써가요 다시 펼쳐진 하늘 너머로 지나가버린 어제보다도 언젠가는 날아가고픈 내일얘기를 써가요 내일얘기를 써가요 내일얘기를 써가요
1990.09.02~09.08,33,1839744,눈물나는 날에는,푸른하늘,푸른하늘 2집 - 눈물나는 날에는,1989.07.01,Ballad,유영석,우리들 마음 아픔에 어둔 밤 지새우지만 찾아든 아침 느끼면 다시 세상속에 있고 눈물이 나는 날에는 창밖을 바라보지만 잃어간 나의 꿈들에 어쩔줄을 모르네 나에게 올 많은 시간들을 이제는 후회없이 보내리 어두웠던 지난날을 소리쳐 부르네 아름다운 나의 날을 위하여 사랑이란 사랑이라는 마음만으로 영원토록 기쁨 느끼고 싶어 슬픔 안은 슬픔 안은 날 잠이 들고파 변하지 않는 세상을 꿈꾸며  나에게 올 많은 시간들을 이제는 후회없이 보내리 어두웠던 지난날을 소리쳐 부르네 아름다운 나의 날을 위하여 사랑이란 사랑이라는 마음만으로 영원토록 기쁨 느끼고 싶어 슬픔 안은 슬픔 안은 날 잠이 들고파 변하지 않는 세상을 꿈꾸며 사랑이란 사랑이라는 마음만으로 영원토록 기쁨 느끼고 싶어 슬픔 안은 슬픔 안은 날 잠이 들고파 변하지 않는 세상을 꿈꾸며 변하지 않는 세상을 꿈꾸며
1990.09.02~09.08,34,1092169,다시 한번,현당,현당 Best,1993.06.03,Adult Contemporary,장경수,사랑이 타기도전에 재만을 남기는 사람
1990.09.02~09.08,35,2959889,소년의 꿈,아마게돈,The Tears Of A King Bird,1990.06.30,Rock,,
1990.09.02~09.08,36,50725,홀로 아리랑,서유석,홀로 아리랑,1990.04.25,Folk,,저~ 멀리 동해바다 외로~운~~섬 오~늘도 거센 바람 불어 오겠~지 조그만 얼굴로 바람~ 맞~으리 독도야 간밤에 잘~ 잤느냐 아~리랑 아~리랑 홀로~ 아~리랑 아~리랑 고개를 넘어 가보~자 가다가 힘들면 쉬어 가~더~라도 손 잡고 가보자 같이 가보자  금~강산 맑은 물은 동해로 흐~르고 설~악산 맑은 물도 동해 가는~데 우리네 마음들은 어디로~ 가~는가 언제쯤 우리는 하나가 될까 아~리랑 아~리랑 홀로~ 아~리랑 아~리랑 고개를 넘어 가보~자 가다가 힘들면 쉬어 가~더~라도 손 잡고 가보자 같이 가보자  백~두산 두만강에서 배 타고 떠~나라 한~라산 제주에서 배 타고 간~다 가다가 홀로 섬에 닻을~ 내~리고 떠오르는 아침 해를 맞이 해보자 아~리랑 아~리랑 홀로~ 아~리랑 아~리랑 고개를 넘어 가보~자 가다가 힘들면 쉬어 가~더~라도 손 잡고 가보자 같이 가보자 가다가 힘들면 쉬어 가~더~라도 손 잡고 가보자 같이 가보자
1990.09.02~09.08,37,1079210,아무튼 떠나자,여름사냥,추억만들기,1990.05,Rock,,
1990.09.02~09.08,38,67911,마음에 쓰는 편지,임백천,임백천 노래 모음집,1989.10.20,Ballad,노영심,밤이 아름다워 잠이 오질 않아 창을 열고 가만히 벽에 기대어 창가에 흐르는 별들을 바라보며 갈 수없는 내 사랑을 노래합니다  그대 생각하면 잠이 오질 않아 불을 끄고 가만히 창가에 앉아 마음에 접어놓은 수많은 얘기속에 그대에게 하고픈 말 사랑합니다 사랑하는 사람아 귀를 기울여 봐요 이 밤은 이렇게 당신을 부르는데 사랑하는 사람아 마음을 열어봐요 그리움이 가득한 이 밤을 받아주세요  사랑하는 사람아 귀를 기울여 봐요 이 밤은 이렇게 당신을 부르는데 사랑하는 사람아 마음을 열어봐요 그리움이 가득한 이 밤을 받아주세요
1990.09.02~09.08,39,2036548,사랑으로,해바라기,89 해바라기 (사랑으로 / 사랑의 진실 / 나는 자유인인가),1989.12.01,Folk,이주호,내가 살아가는 동안에   할 일이 또 하나있지   바람 부는 벌판에 서 있어도   나는 외롭지 않아   그러나 솔잎 하나 떨어지면   눈물 따라 흐르고   우리 타는 가슴 가슴마다   햇살은 다시 떠 오르네   아 영원히 변치않을   우리들의 사랑으로   어두운 곳에 손을 내 밀어   밝혀 주리라  내가 살아가는 동안에   할 일이 또 하나있지   바람 부는 벌판에 서 있어도   나는 외롭지 않아   그러나 솔잎 하나 떨어지면   눈물 따라 흐르고   우리 타는 가슴 가슴마다   햇살은 다시 떠 오르네   아 영원히 변치않을   우리들의 사랑으로   어두운 곳에 손을 내 밀어   밝혀 주리라  아 영원히 변치않을   우리들의 사랑으로   어두운 곳에 손을 내밀어  밝혀 주리라 아 영원히 변치않을   우리들에 사랑으로   어두운 곳에 손을 내 밀어   밝혀 주리라  아 라라라라라 라라라라라라  우리들의 사랑으로   어두운 곳에 손을 내 밀어   밝혀 주리라
1990.09.02~09.08,40,2959648,얘기하지 말자,지예,지예,1990.01.30,Ballad,,
1990.09.02~09.08,41,3403849,나만의 것,김완선,삐에로는 우릴 보고 웃지,1990.12.01,Ballad,김순곤,그래 처음부터 이 세상에는 나만의 것이 없었던 거야
1990.09.02~09.08,42,51431,그녀를 만나는 곳 100M 전,이상우,나만의 그대/그녀를 만나는 곳 100M전/그 언젠가처럼,1991,Ballad,노영심,그녀를 만나는 곳 100M 전  저기 보이는 노란 찻집 오늘은 그녈 세번째 만나는 날 마음은 그곳을 달려가고 있지만 가슴이 떨려오네 새로 산 구두가 어색해 자꾸 쇼윈도에 날 비춰봐도 멀쓱한 내 모습이 더 못 마땅한 그녀를 만나는 곳 100m전 장미꽃 한송이를 안겨줄까 무슨말을 어떻게 할까 머리속에 가득한 그녀 모습이 조금씩 내게 다가오는 것 같아 하늘에 구름이 솜사탕이 아닐까 어디 한번 뛰어 올라 볼까 오늘은 그녀에게 고백을 해야지 용기를 내야지  벌써 날 기다리진 않을까 아직 15분이나 남았는데 어제밤에 맞춰 논 내 시계 바늘이 잠든게 아닐까 살살 넘겨빗은 머리가 바람에 날려 흩어지진 않을까 오늘따라 이 길이 더 멀어보이네 그녀를 만나는 곳 100m전 장미꽃 한송이를 안겨줄까 무슨말을 어떻게 할까 머리속에 가득한 그녀 모습이 조금씩 내게 다가오는 것 같아 하늘에 구름이 솜사탕이 아닐까 어디 한번 뛰어 올라 볼까 오늘은 그녀에게 고백을 해야지 용기를 내야지 나나나 나나 나나나나 나나 나나나 나나 나나나나 나나 머리속에 가득한 그녀 모습이 조금씩 내게 다가오는 것 같아 하늘에 구름이 솜사탕이 아닐까 어디 한번 뛰어 올라 볼까 오늘은 그녀에게 고백을 해야지 용기를 내야지 용기를 내야지
1990.09.02~09.08,43,53530,난 그대만을 사랑했나봐,박정운,오석준/장필순/박정운,1990.05.15,Ballad,김성휘,어젯밤에 걸려 왔던 그 전화속에 떨리는 목소리로 울먹이던 너~~ 더 이상 기다리지 않겠다고 잊어 달라고 한 마디 던져 놓고 끊어버린 너 아직도 내 귓가에 남아 있는 그 목소리에 지나버린 얘기라고 마음 달래봐도 웬지~ 나도 몰래 떠 오르는 너의 모습을 지우려고 외면하듯 돌아 섰을때 사랑했나봐 그대는 나를 정말 사랑하고 있었나봐 사랑했나봐 난 아직 그대만을 사랑하고 있었나봐 사랑했나봐 날 사랑했나봐 아 눈앞에 어둠이 밀려 오네  멍하게 홀로 서서 수화기만 바라보다가 지나버린 얘기라고 마음 달래봐도 왠~지 나도 몰래 떠오르는 너의 모습을 지우려고 외면하듯 돌아섰을때 사랑했나봐 그대는 나를 정말 사랑하고 있었나봐 사랑했나봐 난 아직 그대만을 사랑하고 있었나봐 사랑했나봐 날 사랑했나봐 아 눈앞에 어둠이 밀려 오네 눈앞에 어둠이 밀려 오네
1990.09.02~09.08,44,68931,추억속의 재회,조용필,90-Vol.1 Sailng Sound,1990.01,Ballad,최은정,지나치는 어둠속에서  긴머리 낯선 그 모습  파도처럼 일렁이며  창가를 스쳐가는  젖은눈의 그댈 보았네  입맞추면 고운 그 입술  울먹이는 슬픈 그대여  바람속에 지는 그대의 만남  순간에 머물렀을 뿐  떠나버린 날들을 이제는  사랑이라 부르지 않으리 영원히   기약없는 이별뒤에 찾아와  추억의 서러움만 남기네  미워할수 없는 그댈 지우며  눈감은 내가슴엔 눈물이 Hey   멀어지는 그대의 모습  부드러운 꽃향기처럼  가까이 다가와서  아프도록 마주보며  사랑으로 나를 부르네  이 시간이 지나면 이제는  잊혀져간 꿈으로 남으리 영원히   기약없는 이별뒤에 찾아와  추억의 서러움만 남기네  미워할수 없는 그댈 지우며  눈감은 내가슴엔 눈물이 Hey   기약없는 이별뒤에 찾아와  추억의 서러움만 남기네  미워할수 없는 그댈 지우며  눈감은 내가슴엔 눈물이  기약없는 이별뒤에 찾아와  추억의 서러움만 남기네
1990.09.02~09.08,45,1874936,인디안 인형처럼,나미,Nami Best `My Story And... 45`,2008.05.21,Adult Contemporary,김순곤,다시 어둠이 내리면 혼자라는게 나는 싫어 불빛거리를 헤매다 지쳐버리면 잠이드네 그댄 그렇게 내게 남겨둔 인형처럼 쉽게 웃으며 떠나갔지만 나의 마음은 인디안 인형처럼 워워워워워워워워 까만외로움에 타버렸나봐 oh my baby  비가 내리는 날이면 아픈 추억이 너무 많아 지난 일들은 잊으려 비를 맞으며 걸어가네 그댄 그렇게 내게 남겨둔 인형처럼 쉽게 웃으며 떠나 갔지만 나의 마음은 인디안 인형처럼 워워워워워워워워 까만 외로움에 타버렸나봐 oh my baby  혼자 울고있는 이 안타까운 밤이 깊어 가네 그댄 그렇게 내게 남겨둔 인형처럼 쉽게 웃으며 떠나 갔지만 나의 마음은 인디안 인형처럼 워워워워워워워워 까만 외로움에 타버렸나봐 oh my baby
1990.09.02~09.08,46,1517751,정신차려,김수철,One Man Band,1989.11.20,Rock,김수철,모르겠네 정말 난 모르겠어 도대체 무슨 생각 하는지 여기 저기 거기 또 둘러봐도 아무런 것도 하나 없는데 왜 찾으려고 하니 왜 떠나려고 하니 자꾸 그럴수록 슬퍼져요 혼자 살아가야 하니까 말로만 그래 놓고 또또 또다시 그러면 어떡하니 자꾸자꾸 그럴수록 사람 사람이 사랑이 안모이잖아 아 여보게 정신차려 이 친구야 또또 아 여보게 정신차려 이 친구야 또또  모르겠네 정말 난 모르겠어 도대체 무슨 생각 하는지 무엇이 그리도 크길래 욕심이 자꾸 커져만 가나 왜 잡으려고 하니 왜 가지려고 하니 자꾸 그럴수록 외로워져 혼자 살아가야 하니까 말로만 그래 놓고 또또 또다시 그러면 어떡하니 자꾸자꾸 그럴수록 사랑 사랑이 사랑이 안모이잖아 아 여보게 정신차려 이 친구야 또또 아 여보게 정신차려 이 친구야 왜 찾으려고 하니 왜 떠나려고 하니 자꾸 그럴수록 슬퍼져요 혼자 살아가야 하니까 말로만 그래 놓고 또또 또다시 그러면 어떡하니 자꾸자꾸 그럴수록 사람 사람이 사랑이 안모이잖아 아 여보게 정신차려 이 친구야 또또 아 여보게 정신차려 이 친구야 또또 아 여보게 정신차려 이 친구야 또또 아 여보게 정신차려 이 친구야 또 또 또
1990.09.02~09.08,48,520770,어느새,장필순,Forever Best 004,1990.03,Rock,김현철,어느새 내 나이도 희미해져 버리고 이제는 그리움도 지워져 버려 어느새 목마른 가슴 모두 잃어버린 무뎌진 그런 사람이 나는 되어만 가네 어느새 시간은 사랑하는 사람마저 빼앗아 나를 상심하게 만들었지만 어느새 이제는 가슴시린 그런 기억 조차도 모두 개끗하게 잊어버린 무뎌진 사람이 돼가네 어느새  시간은 사랑하는 사람마저 빼앗아 나를 상심하게 만들었지만 어느새 이제는 가슴시린 그런 기억 조차도 모두 개끗하게 잊어버린 무뎌진 사람이 돼가네 어느새 어느새 내 나이도 희미해져 버리고 이제는 그리움도 지워져 버려 어느새 목마른 가슴 모두 잃어버린 무뎌진 그런 사람이 나는 되어만 가네 어느새 어느새 어느새 어느새 어느새 어느새
1990.09.02~09.08,49,1184312,잊을래,양수경,양수경 베스트,1992.08.25,Ballad,박장순,말없이 떠나버린 너 생각하면 무엇하나 내마음 깊은 곳에 남아있는 그 사람 잊어야하지 그래도 생각나는 것 잊지 못할 옛 추억들 내 마음 깊은 곳에 밀려드는 추억은 잊어야 하지 아하 잊을래 바람처럼 밀려드는 그리움들은 아하 잊을래 내 마음을 아프게 한 너  말없이 떠나버린 너 생각하면 무엇하나 내마음 깊은 곳에 남아있는 그 사람 잊어야하지 그래도 생각나는 것 잊지 못할 옛 추억들 내 마음 깊은 곳에 밀려드는 추억은 잊어야 하지 아하 잊을래 바람처럼 밀려드는 그리움들은 아하 잊을래 내 마음을 아프게 한 너 아하 잊을래 바람처럼 밀려드는 그리움들은 아하 잊을래 내 마음을 아프게 한 너 내 마음을 아프게 한 너
1990.09.02~09.08,50,2522463,늦지 않았어요,이지연,이지연,1990.01.30,Ballad,,
