time,rank,song_id,title,singers,album,date,genre,creator,lyric
1998.10.18~10.24,1,80473,열맞춰! (Line Up!),H.O.T.,H.O.T 3,1998.09.01,Dance,유영진,한마디 예고 없이  잘라버리고 내 인생 좀 바꿔주오  그대들 바라는 것이라면  말 잘 듣는 Puppet가   돼도 좋아  짜놓은 각본대로 그렇게 어디  한번 잘 되나 지켜봅시다 Uh Yeah Here comes the HOT I'm not not not not I'm not a fool Sock it HOT 날 버리겠죠 그렇죠 몽땅  쓸어버리겠죠 한심한 꼬라지들  구제불능아라고 자기들 같이 잘난 사람되라고 어쩌고 저쩌고 지지고 짜지고 떠들어대는 껍데기들 난 그게 싫어 하나도 보고 배울 것이 없는  그대들 재미없어 없어 자신을 바라봐 모두  똑같은 크기의 젓가락 행진일 뿐이야 uh 공수래 공수거 바람처럼 부질없는 것 왜  다들 그렇게 잡지도 못할 걸 쫓고 있나 공수래 공수거 거품처럼 사그러질 것들  욕심을 버리고 하늘을 봐  그대를 노려보는 눈이  느껴지는가 넌 가끔 나에게 왜 그리  밑바닥을 기며 사느냐고 저질이라고 때론 불쌍하다고  그런 눈으로 woo 보지마 쳐다보지마 왜 왜 니 기준보다 서너 가지  모자라면 하등인간인가  대 그리 대체 그 기준 법은  누가 만들었을까 절망과 한숨밖에 내 가슴속에  남는 건 없었지 오직 이 땅에 내가 살아 남과  다른 날 찾고 싶었어 케캐묵은 권위 명예와 돈과  욕심 많은 것들 바꿔야 해 자기 것만 알고 남은 짓밟고  다 내꺼 다 내꺼 1등 아니면 다 안된다는 생각  2등부터 고개 들지도 마 이제 모든 굴레 벗어나고  싶어 숨막혀 열 맞춰 무조건 억제하고  다그치고 열 맞춰 낙오하면 버림받고 열 맞춰 모든 개성들은  잘라버려 열 맞춰 Ah 모두가 꿈꾸었던 세상 어느  누구도 지배하게 둘 수 없어 인간을 재는 기준과 잣대는  모두 없어져버려 uh 공수래 공수거 바람처럼 부질없는 것 왜  다들 그렇게 잡지도 못할 걸 쫓고 있나 공수래 공수거 거품처럼 사그러질 것들 욕심을  버리고 하늘을 봐  그대를 노려보는 눈이 느껴지는가
1998.10.18~10.24,2,1816948,To Heaven,조성모,To Heaven,1998.09.06,Ballad,이승호,괜찮은거니 어떻게 지내는거야 나 없다고 또 울고 그러진 않니 매일 꿈속에 찾아와 재잘대던 너 요즘은 왜 보이질 않는거니 혹시 무슨 일이라도 생겼니 내게 올 수 없을 만큼 더 멀리갔니 니가 없이도 나 잘 지내 보여 괜히 너 심술나서 장난 친거지 비라도 내리면 구름 뒤에 숨어서 니가 울고 있는 건 아닌지 걱정만 하는 내게 제발 이러지마 볼 수 없다고 쉽게 널 잊을 수 있는 내가 아닌걸 잘 알잖아 혹시 니가 없어 힘이 들까봐 니가 아닌 다른 사랑 만날 수 있게 너의 자릴 비워둔 것이라면 그 자린 절망 밖에 채울 수 없어 미안해 하지마 멀리 떠나갔어도 예전처럼 니 모습 그대로 내 안에 가득한데 그리 오래 걸리진 않을거야 이별이 없는 그곳에 우리 다시 만날 그날이 그때까지 조금만 날 기다려 줘
1998.10.18~10.24,3,38030,배려,김동률,The Shadow Of Forgetfulness,1998.12.01,Ballad,김동률,가끔 너는 내게 아무렇지도 않은 듯이 나의 안부를 묻곤 하지 태연히 나는 아직 너의 너무도 좋은 친구라며 어색한 내 모습을 되려 탓하지 떠난 사람은 그리 편한건지 모른 척 하는지 언제까지 기다린단 내 말 잊은건지 진정 나를 위한다면 이쯤에서 그만 날 놓아줘 사랑했던 마음이라도 간직할 수 있게 이런 내가 가엾다면 두 번 다시 날 찾지 말아줘 니가 없는 채로 세상에 길들여 질 수 있게 떠난 사람은 그리 편한건지 모른 척 하는지 언제까지 기다린단 내 말 잊은건지 진정 나를 위한다면 이쯤에서 그만 날 놓아줘 사랑했던 마음이라도 간직할 수 있게 이런 내가 가엾다면 두 번 다시 날 찾지 말아줘 돌아올 수 없는 거라면 차라리 멀리 떠나줘 제발
1998.10.18~10.24,4,83721,Poison,엄정화,Invitation,1998.07,Dance,주영훈,널 뒤로한채 그냥 걸었어 미안해 하는 널 위해 참아온 눈물 보이기 싫어  나 먼저 일어선거야 오늘이 올 줄 알고 있었어  우리 사랑 끝나는 날 잘못된 우릴 하늘이  분명 용서할리 없으니까 그녀에게 미안하다고 전해줘 그녀의 행복을 내가 가졌으니 다신 이런 아픔을 남기지는마 나 하나로만 된거야 모두를 속여가며 사랑한  넌 더 힘들었니 이젠 꿈에서라도 나를 찾지마 난 니안에 없는거야 이대로 나를 잊고  돌아가 그녀품으로 내품에 안겨 울던 모습도  날 위한 연극이었니 너의 사랑은 나뿐이라고  그 말을 믿었었는데 사랑스런 미소와 따스한 눈길 이제는 그녀와 함께 나누겠지 다신 이런 아픔을 남기지는마 나 하나로만 된거야 모두를 속여가며 사랑한  넌 더 힘들었니 이젠 꿈에서라도 나를 찾지마 난 니안에 없는거야 이대로 나를 잊고  돌아가 그녀품으로 그래 누구나 사람만을  사랑해야 하는걸 이제 넌 그걸 잊지 말아줘
1998.10.18~10.24,5,32729,눈물,리아,Yozosooknyo,1998.10,Rock,리아,이럴줄은 몰랐어 사랑을 느꼈어  떠난다는 그말에 나 울어 버린거야 내겐 그런 슬픈일이 없을 줄  알았었는데  우리 처음 만난 날 기억하고 있어  널 닮아 버린 모습도 그  무슨 소용있니  이제 너를 본다는 건 욕심이  돼버린 거야  울었어 눈물을 참지 못해 울었어  부은 눈을 감고 잠이 들었어  미칠 것만 같았어 하늘도  울고만있어  이런게 이별인 줄 몰랐던 거야  혼자 남아 버렸어 믿을  수 없었어  세상이 날 버리고 모두  날 버린거야  나는 지쳐만 가는데 이젠  어떻게 살라고 울었어 눈물을 참지 못해 울었어  부은 눈을 감고 잠이 들었어  미칠 것만 같았어 하늘도  울고만있어  이런게 이별인줄 몰랐던 거야  울었어 눈물을 참지 못해 울었어  부은 눈을 감고 잠이 들었어  미칠 것만 같았어 하늘도  울고만있어  이런게 이별인줄 몰랐던 거야
1998.10.18~10.24,6,534607,처음 주신 사랑,유리상자,사랑찾기,1998.10.14,Ballad,이세준,항상 그래 왔지  확신도 없는 고백들에  후회하곤 했지  단지 편한 사람을 사랑이라며  자신도 없는 약속했지만  하지만 그녀에게만은  아껴주고 싶어요  확인하고 싶은 그앤 재촉하죠  하지만 그녀에게만은  서두르지 않아요  당신안에서 우린 이미 하나가 된 걸요 지켜주세요 처음 주신 그대로의 사랑을 우리 함께하는 이 시간들이 언제까지나 사랑으로 남도록 비록 아무 가진 것 없을지라도 믿음 안에서 행복할꺼죠 하지만 그녀에게만은 아껴주고 싶어요 확인하고 싶은 그앤 재촉하죠 하지만 그녀에게만은 서두르지 않아요 당신안에서 우린 이미 하나가 된걸요   켜주세요 처음 주신 그대로의 사랑을 그녈 내게 주시려 때론 아픈 눈물도 주셨나요 이젠 그럴 필요 없겠죠 영원히 하지만 그녀에게만은 아껴주고 싶어요 확인하고 싶은 그앤 재촉하죠 하지만 그녀에게만은 서두르지 않아요 당신 안에서 우린 이미 하나가 된걸요 지켜주세요 처음 주신 그대로의 사랑을
1998.10.18~10.24,7,1627767,Love Song,김종서,20th Anniversary Greatest Hits,2007.04.24,Rock,김종서,가끔은 생각 날까 지금 나처럼 내일도 그길에 미소지으며 나를 기다리고 있을것 같아 다시 볼수 없대도  행복할 수 있는 나 똑같은 세상에 살고 있다는 그 한가지 이유만으로 지난 여름날 내게 줬던 커플링 하얗게 빈 자국만이 나의 마음을 아프게 해 난 아직도 널 사랑해 세상 끝나는 날 그 순간까지 나의 마음 깊은 곳에 넌 살아 있으니 난 괜찮아 너 떠나도 잠시 너를 맡긴거라 생각해 혹시라도 힘겨울 때 다시 돌아와 니가 있던 그 자리 지난 여름날 내게 줬던 커플링 하얗게 빈 자국만이 나의 마음을 아프게 해 난 아직도 널 사랑해 세상 끝나는 날 그 순간까지 나의 마음 깊은 곳에 넌 살아 있으니 난 괜찮아 너 떠나도 잠시 너를 맡긴거라 생각해 혹시라도 힘겨울 때 다시 돌아와 니가 있던 그 자리
1998.10.18~10.24,8,80414,악마의 연기 (Feat. Perry),양현석,Yang Hyun Suk,1998.04.06,Rap / Hip-hop,양현석,악마의 연기에 태양은 검게 물들고 그 안에 살아남은 모든건 아픔에 물들고 어제의 꿈에 날리던 이 작은 도시 위로 날아든 저 불빛 파괴하는 자와 파괴 받는자는 누군가 무엇을 바라는가 악마의 연기에 태양은 검게 물들고 그안에 살아남은 모든건 아픔에 물들고 Ain't You Know Bout This Your Area Can No Longer Be Bond To This A Little 5it Of Focus Can Be On To This I'm Sworn To Twist Your Wicked Ways In A Different Phase Wheen You Seein Sunny Days Take A Seat A We Need A See Da Possibilty To Lead A Keen A Clean A Team A You Know What I mean We Gotta Keep Goin On For Da Feel Of Our Morn Set The Concept 죽어있는 엄마를 떠나지 않는 저 아이 누가 만들어 낸 게임속의 주인공인지 살아남은 것 마저 내겐 고통이었네 내겐 아픔이었네 서서히 죽어가네 악마의 연기에 태양은 검게 물들고 그안에 살아남은 모든건 아픔에 물들고 이제는 너무 늦었네 모든걸 되돌리기엔 너의 욕심이 있었네 무너진 그곳에 Bring It Back To Where It Was Show The Love From The Light Up Above 악마의 연기에 태양은 검게 물들고 그안에 살아남은 모든건 아픔에 물들고 악마의  태양은 검게 물들고 그안에 살아남은 모든건 아픔에 물들고
1998.10.18~10.24,9,2683765,올라올라,업타운,Chapter 3 In History,1998.09.24,Rap / Hip-hop,"카를로스,타샤니,스티브김,정연준(업타운)",get down get down come party wit uptown get down get down come party wit uptown get down get down come party wit uptown get down get down come party wit uptown 처음 그댈 바라보는 순간 내 가슴은 쿵쾅 뛰었지 하늘이 준 나의 짝이라는 걸 첫 눈에 나는 알 수 있었어 그래서 그녈 따라 버스에 올라 아주 멀리 오게 되었지 약속이 늦은 듯 뛰어가길래 나도 따라 같이 뛰어가네 널 잡고 말거야 날 사랑하게 될꺼야 그대는 꼭 나에게로 올거야 널 잡고 말거야 날 좋아하게 될꺼야 그대는 꼭 나의 짝이 될 꺼야 그 앨 따라 낯선 곳에 와 보니 해는 다 저물어가고 조금씩 더 가까이 따라가다 너의 앞길을 막고 서 있다가 늦기 전에 용기를 내어 사랑을 고백해 봤지만 순진한 넌 겁먹은 얼굴로 집으로 뛰어들어 가버렸지 say ola ola ola ola ola ola say ola ola ola ola ola ola say ola ola ola ola ola ola say ola ola ola ola ola ola 내가 너무 여자를 골랐기 때문일까 원더우먼 이후 처음 맘에 드는 여자를 오늘 거리에서 보게 됐지만 그녀는 나를 너무도 무서워하고 있네 골키퍼 있어도 골은 넣어야 한다 남자는 죽어도 매너지켜야 한다 이러지도 저러지도 못하는 나의 어깨는 추욱 늘어진다 겉모습만 보고 판단하지 말자 겉모습만 보고 사랑하지 말자 외로움에 눈이 멀어 넘어갔는지 왠지 첫인상이 좋아서 난 따라갔지 화장발 인가 조명발 인가 예뻐 보여 졸졸 따라다니다 여기까지 왔지 돈을 쫓아다니면 돈을 못 벌고 여자 쫓아다니면 여자가 없어 내가 맘에 드는 그녀의 품속에 잠이 드는 날이 그 언제일까 say ola ola ola ola ola ola say ola ola ola ola ola ola say ola ola ola ola ola ola say ola ola ola ola ola ola 겉모습만 보고 넌 나를 무시하지마 판단하지 말자 생긴게 전부는 아니야 겉모습만 보고 넌 나를 무서워 하지마 사랑하지 말자 나를 한번 믿어봐 get down get down come party wit uptown get down get down come party wit uptown get down get down come party wit uptown
1998.10.18~10.24,10,38548,혼자한 사랑,김현정,Legend,1997.03,Dance,최규성,너의 모습을 처음 봤을때  사랑이라고 느끼고 싶었지  하지만 너는  내게 별 관심을 보이지 않아  난 화가 났었지  지금까지 이런 기분은  처음인것만 같아  어느 곳 어느 자리에  시선을 모아도  보이는건 너의 모습뿐  다른건 관심 없어  하지만 나의 마음을 네게   보이긴 정말 싫어  너와 함께 할수 있다면  그 어떤 슬픔조차  나는 감당할수 있을것 같은데  사랑한다는 말을 하기엔  넌 내게 너무나도 멀리  있는것 같아  그 어떤 사랑도 난 원치 않았지  이별을 견뎌낼 자신이 없기에  하지만 이렇게 니가 내 마음을  장악할지는 예상도 못했지  지금까지 이런 기분은  처음인것만 같아  어느 곳 어느 자리에  시선을 모아도  보이는건 너의 모습뿐  다른건 관심 없어  하지만 나의 마음을 네게   보이긴 정말 싫어  너와 함께 할수 있다면  그 어떤 슬픔조차  나는 감당할수 있을것 같은데  사랑한다는 말을 하기엔  넌 내게 너무나도 멀리 있는것 같아  너와 함께 할수 있다면  그 어떤 슬픔조차  나는 감당할수 있을것 같은데  사랑한다는 말을 하기엔  넌 내게 너무나도 멀리 있는것 같아
1998.10.18~10.24,11,2184575,P.S. I Love You,박정현,Piece,1998.02.01,R&B; / Soul,하해룡,우연히 그댈 처음 본 순간 운명이란걸 느낄 수가 있었어 사랑의 시작을 먼저 말할 수 없어 기다려온 시간들 외로움 처음 알게 되었어 난 두려워 우리 사랑한 뒤에 멀어진다면 다시 볼 수 없는걸 견딜 수 없기에 우정이라 말하고 그대곁에 있지만 너무나 깊은 사랑인걸 어떻게 하나
1998.10.18~10.24,12,33271,루비(淚悲):슬픈 눈물,핑클,Fine Killing Liberty : Blue Rain,1998.05,Ballad,이재경,오늘 그녀를 만났어   너의 새로운 여자를   다신 만나지 말라고   부탁했었어  빨간 루비처럼 그녀는   내게 자신있는 말투로   너를 나보다 더 사랑한다   말했어   I CAN'T CRY I CAN'T   CRY I CAN'T CRY   그래 널 보내주겠어   그 무엇도 바라지 않아   나를 위해 힘겹게 널   내 곁에 두는 것보다   널 위해서 내가 떠날게   많이 아프고 힘들지만   나보다 그녀가 더 좋다면   니 곁에서 이제 없어져 줄게   I CAN'T CRY I CAN'T   CRY I CAN'T CRY   그래 널 보내주겠어   그 무엇도 바라지 않아   나를 위해 힘겹게 널   내 곁에 두는 것보다   널 위해서 내가 떠날게   먼 훗날 혼자가 되면 나에게   그때 나에게  돌아올 수 있겠니 너를   기다릴거야   잠시 넌 저먼곳으로   여행을 떠난거야   나에게 나에게 돌아올   그날을 기다리며   I CAN'T CRY I CAN'T   CRY I CAN'T CRY   솔직히 나의 바램은   널 영원히 붙잡고 싶어   I CAN'T CRY I CAN'T   CRY I CAN'T CRY   언제든 다시 돌아와   난 여전히 너의 여자야
1998.10.18~10.24,13,74417,야야야,베이비복스1기,Baby Vox Ⅱ,1998,Dance,"김형석,여정윤",If you wanna be my love   I wanna be your star   하루에도 몇번씩 니가 보고싶어   사랑한다고 하나뿐이라고   예쁘게 안아준다면 야야야   모든 것이 달라 질거야 야야야   넌 항상 나에게 말했었지 친구일   뿐이라고   하지만 언제부턴가 넌 조금씩 내게   달라지는걸 느껴   너의 손길에 들어 있는 또 다른   느낌들을   네가 알고 싶은 나의 모든것들을   다 네게 보여줄께   If you wanna be my love   I wanna be your star   하루에도 몇번씩 니가 보고 싶어   아무도 몰래 내게 다가올래   어색하지 않게 말야 야야야   If you wanna be my love I wanna be your star  모른척 새침 떼는 나를 이해해줘   사랑한다고 하나뿐이라고  예쁘게 안아준다면 야야야  모든 것이 달라 질거야 야야야  혹시 넌 알고 있는건지 나의  두근거림을  이 세상 하나뿐인 너만을 사랑할께  이 세상 끝날까지  If you wanna be my love I wanna be your star  하루에도 몇번씩 니가 보고 싶어  아무도 몰래 내게 다가올래  어색하지 않게 말야 야야야  If you wanna be my love I wanna be your star  모른척 새침 떼는 나를 이해해줘   사랑한다고 하나뿐이라고  예쁘게 안아준다면 야야야  너와함께 나 부드럽게 웃는  법을 배웠고  너와함께 나 다정히 속삭이는  법도 알아  너와함께 나 포근히 감싸 안는  법도 알고  너를 위해서 모든것을 바꿔  옛날의 나를 잊겠어 좀 더  좋은여자 되겠어  너와 함께하는 어디든  내겐 가장 편한 곳이 됐어  If you wanna be my love I wanna be your star  모른척 새침 떼는 나를 이해해줘  사랑한다고 하나뿐이라고  예쁘게 안아준다면 야야야  모든 것이 달라 질거야 야야야
1998.10.18~10.24,14,80323,향수 (그때가 그리워),여행스케치,7th-향수 (그때가 그리워),1999.04.30,Folk,조병석,짧게 깎은 머리와 같은 교복에도 서로 다른 멋을 부리며 꿈 많았던 시절엔 매일 같은 도시락 찬을 미안해 하시던 어머니의 맘도 모른 채 투정만 해 철없던 나 사랑의 매라던 선생님의 질타도 그때는 우리 마음속까지 멍들게 했지 하지만 다신 돌아갈 수 없는 그때와 그 시절 친구들이 그리워 아직도 나를 기억 해 줄까 아니 만나도 몰라 볼거야 어쩜 우린 매일 바쁜 거리에서 스쳐 지나는지 온 동네에 단 한대 뿐이던 텔레비젼 앞에 모일때면 기대와 설레임으로 하루가 짧았던 그때가 그리워 높은 구두에 짧은 치마 서툰 화장으로 미성년자 관람불가던 극장 앞을 서성이고 늘 모자란 용돈 때문에 참고서 산다고 거짓말 했다가 들통나 혼쭐 나던 그때 우린 서로가 가진 소중한 모든걸 다 준대도 조금도 아깝지 않을 만큼 순수했지 하지만 이젠 10년후 꼭 다시 만나자던 그 시절 약속 마저 희미해 아직도 나를 기억 해 줄까 아니 만나도 몰라 볼거야 어쩜 우린 매일 바쁜 거리에서 스쳐 지나는지 온 동네에 단 한대 뿐이던 텔레비젼 앞에 모일때면 기대와 설레임으로 하루가 짧았던 그때가 그리워 아직도 나를 기억 해 줄까 아니 만나도 몰라 볼거야 어쩜 우린 매일 바쁜 거리에서 스쳐 지나는지 온 동네에 단 한대 뿐이던 텔레비젼 앞에 모일때면 기대와 설레임으로 하루가 짧았던 그때가 그리워
1998.10.18~10.24,15,1877126,사랑을 위하여,김종환,사랑을 위하여,1997.06.13,Adult Contemporary,김종환,이른 아침에 잠에서 깨어 너를 바라볼 수 있다면 물안개 피는 강가에 서서 작은 미소로 너를 부르리 하루를 살아도 행복할 수 있다면 나는 그 길을 택하고 싶다 세상이 우리를 힘들게 하여도 우리들은 변하지 않아 너를 사랑하기에 저 하늘 끝에 마지막 남은 진실 하나로 오래 두어도 진정 변하지 않는 사랑으로 남게 해주오 내가 아플 때보다 네가 아파할 때가 내 가슴을 철들게 했고 너의 사랑 앞에 나는 옷을 벗었다 거짓의 옷을 벗어버렸다 너를 사랑하기에 저 하늘 끝에 마지막 남은 진실하나로 오래 두어도 진정 변하지 않는 사랑으로 남게 해주오 너를 사랑하기에 저 하늘 끝에 마지막 남은 진실 하나로 오래 두어도 진정 변하지 않는 사랑으로 남게 해주오 사랑으로 남게 해주오
1998.10.18~10.24,16,39178,가까이,김원준,Self Destruction,1998.09.24,Ballad,김원준,죽기보다 더 싫었었던 그런 헤어짐속에 날묻고서 다시는 나를볼수 없는 세상을 너에게 안겨주긴 싫었어 숨막히듯 다 멈춰버린 그런 삶에 끝에 서있는네게 더이상 내가 할수 있는 일이란 너를 꿈꾸며 영원히 잠들수 밖에 그누구도 너를 대신 할수 없어 어떤것도 너를 채울순 없어 하지만 이것이 운명이었다면 함께 했던 시간만은 남겨둬 가끔식 조금은 가끔식  내안에 너를 꺼내  무너지는 나를 일으키지만 가까이 더 조금더 가까이 내게 와줄순 없니 살아있는 마지막 내 부탁이야 그누구도 너를 대신할 순 없어 어떤것도 나를 채울 순 없어 하지만 이것이 운명이었다면 함께했던 시간만은 잊지말고 니곁에 영원히 남겨둬 워 워 워 가끔식 조금은 가끔식 내안에 너를 꺼내  무너지는 나를 일으키지만 가까이 더 조금더 가까이 내게 와줄순 없니 예 살아있는 마지막 내 부탁이야 우 무너지는 나를 일으키지만 가까이더 조금더 가까이 내게 와줄순 없니 예 살아있는 마지막 내 부탁이야
1998.10.18~10.24,17,3598340,사랑일뿐야 (98 Ver.),이기찬,이기찬 Best,2001.11.14,Ballad,,나를 어떻게 생각하냐고 너는 내게 묻지만 대답하기는 힘들어 너에게 이런 얘길한다면 너는 어떤 표정 지을까 언젠가 너의 집 앞을 비추던 골목길 외등 바라보며 길었던 나의 외로움의 끝을 비로소 느꼈던거야 그대를 만나기위해 많은 이별을 했는지 몰라 그대는 나의 온몸으로 부딪혀 느끼는 사랑일뿐야 나를 어떻게 생각하냐고 너는 내게 묻지만 대답하기는 힘들어 너에게 이런 얘길 한다면 너는 어떤 표정 지을까 언젠가 너의 집 앞을 비추던 골목길 외등 바라보며 길었던 나의 외로움의 끝을 비로소 느꼈던거야 그대를 만나기위해 많은 이별을 했는지 몰라 그대는 나의 온몸으로 부딪혀 느끼는 사랑일뿐야
1998.10.18~10.24,18,2352854,하나,옐로우,Open Fresh,1998,Ballad,하해룡,우리 헤어져 살아간다면 내가 이 세상에 없기 때문이야 그댄 나 없이 살 수 있지만 그대 없는 나의 삶은 없기에 이 세상 누구도 나의 사랑을 갈라놓을 수가 없는 이유로 또 다시 혼자서 사랑한다면 다시 그대를 만날거야 그대 잊는 날부터 영원히 눈 감아 깨어나지 않는 꿈을 꾸게 해 그대가 있어 시작된 내 삶이 그대 떠나서 끝이 됐으니 잊을 수 있다면 사랑이 아냐 마지막까지 상처가 되어 또 다른 사랑을 만난다 해도 잊을 수 없는 꿈인거야 그대 잊는 날부터 영원히 눈 감아 깨어나지 않는 꿈을 꾸게 해 그대가 있어 시작된 내 삶이 그대 떠나서 끝이 됐으니
1998.10.18~10.24,19,3560382,사랑은 유리같은 것,원준희,사랑은 유리같은 것,1988.07.01,Ballad,최명섭,정말 몰랐어요  사랑이란 유리 같은 것 아름답게 빛나지만 깨어지기 쉽다는 걸 이제 깨어지는 사랑의 조각들은 가슴깊이 파고드는 견딜 수 없는 아픔이에요 슬픔은 잊을 수가 있지만 상처는 지울 수가 없어요 오랜 시간이 흘러도 희미해질 뿐이에요 사랑하는 그대여 이것만은 기억해줘요 그토록 사랑했던 내 영혼은 지금 어두운 그림자뿐임을 슬픔은 잊을 수가 있지만 상처는 지울 수가 없어요 오랜 시간이 흘러도 희미해질 뿐이에요 사랑하는 그대여 이것만은 기억해줘요 그토록 사랑했던 내 영혼은 지금 어두운 그림자뿐임을 그토록 사랑했던 내 영혼은 지금 어두운 그림자뿐임을
1998.10.18~10.24,20,79690,무모한 사랑,젝스키스,Road Fighter,1998.07.15,Dance,이승호,이건 아냐 니가 하는  사랑 자꾸 너를 힘이 들게 해  아무리 니가 노력한다  해도 영원하지 못할텐데  왜 그래  말린다고 돌아설 니가  아닐테니 한 번 해봐  그때까지 쓰러질 너를 위해  여기 내가 이렇게 기다릴께  이미 나는 알고 있었어  널 그토록 힘들게만 했던  니 사랑이 결국 이렇게  끝날 거라는 것을  처음에는 어떻게라도 널  말리고 싶었었지만  넌 너무도 행복해 보여  그럴 순 없었어  누구보다 예뻤던 너의 미소  어느 샌가 사라져 이별이  왔음을 느낄 수  있었어 기다려왔어 너의  이별을 너의 그 사랑이  끝나기만을  그토록 믿었던 너의 그  사랑이 잔인한 이별이  되기 만을  기다려 왔어 알아주기를  무엇이 진정한 사랑인지  끝까지 너만을 지켜줄 너의  사랑 바로 나라는 것을  아직도 많이 보고 싶니  아직도 미련이 남아 있니  창백한 너를 볼 때마다  내 가슴은 거의 찢어질 듯해  뭐가 그리 아쉬워서 아직도  이러고만 있는 거야  내 가슴에 내 눈빛이 가득한  이 사랑이 정말 보이지 않니  상처뿐인 너의 곁에서  난 따뜻한 위로가 돼줬고   지쳐버린 너의 사랑을  포근히 감싸줬지  누구보다 너에게만은  난 소중해 지고 싶었어  니 마지막 사랑이기를  간절히 바랬어  아무 것도 모른 채 잠든 네게  나 언제쯤 내 입에 감춰둔  사랑을 보일 수  있을까 기다려 왔어 지워지기를  너의 그 아팠던 지난 이별을  그래야 온전히 간절한 내 사랑  받아 들일 수가 있을테니  기다릴거야 언제까지나  니 안에 나만이 가득하길  하지만 지금도 행복해  이대로도 니 곁에 있으니까
1998.10.18~10.24,21,80067,사랑만들기,엔알지(NRG),Race,1998,Dance,김영아,지금 니 앞에 나를 느껴 봐  니 사랑을 기다렸던  내가 있잖아  참아 왔었던 나의 바램모두  너 하나만 바라보던  시간이었어  오직 너만을 너를 사랑해  이젠 내가 니 모든걸  지켜줄거야  남은 날들의 모든 행복은  나의 사랑 너를 위해서  언제나 니 안엔 내가 없다고  혼자서 나를 달래며  많은 사람들 속에 말없이  니 주윌 맴돌곤 했었지 예  여러번 바뀌는 너의 남자를  힘없이 지켜보던 난  다른 사랑 만나도  너만의 행복을 빌어 왔어  하지만 그 때마다 쉽게 끝이 났던  힘에 겨운 널 보면서  니안에 채우려 했던 진짜 사랑은  나란걸 깨달았어  이젠 말할게 너를 사랑해  비워뒀던 내맘 모두 니꺼라는 걸  지난 시간의 못한 바램더해  영원토록 내가 너를 지켜줄거야  지금 이대로 내게 오면 돼  너 아니면 줄 수 없는 나의 품으로  언제까지나 너의 가슴에  큰 사랑을 채워줄거야  왔어 나의 사랑이 왔어  모두 지나갔던 날들 이제  모두 잊어  봐봐 날 지켜봐 영원히  행복해질 널 지켜봐  붐붐 오직 나만이 널 지켜  줄 수가 있어 허어  팡팡 채워줄거야 나의 사랑  너를 위해서 허  지나간 슬픔은 모두 지워 줘  또 새롭게 만든 추억은  너 하나만 지켜 줄  마지막 내 모습이었잖아  지금껏 망설였던 나의 시간만큼  내가 못한걸 줄거야  넌 그저 그 누구보다  행복에 겨운  미소만 보이면 돼  이젠 말할게 너를 사랑해  비워뒀던 내맘 모두  니꺼라는 걸  지난 시간의 못한 바램더해  영원토록 내가 너를  지켜줄거야  지금 이대로 내게 오면 돼  너 아니면 줄 수 없는  나의 품으로  언제 까지나 너의 가슴에  큰 사랑을 채워줄거야  이 세상에 많은 사람들 그 중에서  가장 소중한 그 사랑하나  너의 품안에 채워줄거야  오직 너만을 너를 사랑해  이젠 내가 니모든걸  지켜줄거야  남은 날들의 모든 행복은  나의 사랑 너를 위해서
1998.10.18~10.24,22,38937,하늘이여... (Wish...),강수지,Wish,1998.10,Ballad,강수지,아마 모를꺼야 주위의 반대속에 우리 사랑 무너질까봐 너의 곁을 떠나왔던 걸 너는 알고있니 어떻게 살아가는지 얼마나 더 괴로워야만 그리움에서 벗어나겠니 이 세상에 단 한사람 니가 전부였는데 너를 잃고 지금까지도 너무나 후회하고 있어 예전처럼 나에게 웃으면서 올 것 같아 하늘이여 도와줄 수 없다면 나를 데려가줘  이 세상에 단 한사람 니가 전부였는데 너를 잃고 지금까지도 너무나 후회하고 있어 예전처럼 나에게 웃으면서 올 것 같아 하늘이여 도와 줄 수 없다면 나를 데려가줘  하늘이여 도와 줄 수 없다면 제발 데려가줘
1998.10.18~10.24,23,505260,애심,태사자,태사자(太四子) 이(二),1998,Ballad,,또다른 사랑 찾아 떠나려 하는거니 아픈 가슴만 쓸어안고 모두 추억으로 남겨 전부 지워버리는거야 차가운 너의 그 뒷모습 이대로 버려진 내모습 언제까지라도 널 사랑할 수 밖에 없는 나~ 영원하자던 너의 그 약속들이 물거품처럼 사라져버린 후에야 사랑 찾아 헤매던 내 바보같은 모습 이대로 견딜 수 없어 널 너무나 믿었던 내 잘못인걸 이렇게 큰 아픔으로 돌아온거야 비라도 내려 나의 눈물 감춰주렴 담담히 너를 맞이할 수 있도록 오 잊지마 우리 사랑얘기를 나는 변하지 않아 영원히 널 사랑해 끝나지않아 너를 향한 내마음 모두 간직하고 있을테니까 그래 그냥 넌 떠나면 돼 아무말도 없이 다시 돌아올지 모르니 내옆에 너의 빈자리는 내가 지키고 있을께 나에게로 돌아와줘~ 허허허 예 그래 니가 없어도 내곁에 없어도 난 너를 안고 있어 볼 수 있어 사랑 할 수 있어 너에 대한 미련 그 앞에서도 그 수많은 시련들을 이겨낼 수 있어 허 이대로 계속되나봐 너를 사랑하니까 모두 버린후에야 난 깨달아 마음은 사랑은 나의 이런 슬픔을 모두 가져갈 수 있겠니 허 영원히  보~고 싶다는 말도 사랑한다는 그말도 슬픔속에 다 묻어버리고 모두 지우려해도 너와의 추억들은 내가슴속에 남았어 기억해 너와 함께 지내왔던 모든 날들 그리고 나와 함께 사랑했던 그 추억들 언제나 내마음은 너를 지킬테니까 가끔 나를 생각하면 돼 너의 모든건 내안에서 영원히 함께할 수 있어 내모든 추억이 너를 지키고 있으니 오 잊지마 우리 사랑 얘기를 나는 변하지 않아 영원히 널 사랑해 끝나지 않아 너를 향한 내마음 모두 간직하고 있을테니까 그래 그냥 넌 떠나면돼 아무말도 없이 다시 돌아올지 모르니 내옆에 너의 빈자리는 내가 지키고 있을께 나에게로 돌아와줘~  오 잊지마 우리 사랑 얘기를 나는 변하지 않아 영원히 널 사랑해 또다른 사랑 찾아 떠나려 하는거니 아픈 가슴만 쓸어안고 모든 추억으로 남겨 전부 지워버리는거야 차가운 너의 그 뒷모습 이대로 버려진 내모습 언제까지라도 널 사랑할 수 밖에 없는 나~
1998.10.18~10.24,24,81526,Love Love,비쥬,비쥬의 첫번째 겨울..,1998.11,기타,비쥬,We will forever I love you  you will never knew  We will forever I love you  you will never knew  그다지 화려한 세상은 아니지만  내가 너를 위해 꿈꾸어 왔던  나만의 세상이 있어  수정처럼 맑은 너의 baby  미소를 내게 보여줘  너의 마음속에 내가  들어갈 수 있도록  눈처럼 하얀 너의 baby  미소를 내게 보여줘  너를 위한 내 마음이  영원할 수 있게  너를 만나기 전에는 언제나  내 자신만을 믿어왔어  그래 나만은 화려하게 살고 싶었어  그 속에 행복이 있다고 믿었지  그래 니가 너만의 너만의 꿈을 이룰 수 있게 하늘을 나는 방법을 가르쳐 줄께 세상의 진정한 행복은 언제나 네 맘속에 있는 거야 어둠 속에 니가 지쳐 혼자 걸어갈 때도 널 위한 내 마음이 너를 지켜줄거야 Toi c'est tres complique Mais il est fou d'etre Trop raisonnable moi L'amour c'est plus fort que J'ai besoin de toi 아주 가끔 따사로운 햇살이 너의 어깨를 비추는 이른 아침에도 나를 또 하나의 너로 생각해 줄 수 있는지 너를 만나기 전에는 언제나 내 자신만을 믿어왔어 그래 나만은 화려하게 살고 싶었어 그 속에 행복이 있다고 믿었지 그래 니가 너만의 너만의 꿈을 이룰 수 있게 하늘을 나는 방법을 가르쳐 줄께 세상의 진정한 행복은 네 맘속에 있는 거야 수정처럼 맑은 너의 baby 미소를 내게 보여줘 너의 마음속에 내가 들어갈 수 있도록 눈처럼 하얀 너의 baby 미소를 내게 보여줘 너를 위한 내 마음이 영원할 수 있게
1998.10.18~10.24,25,79416,언제라도,이지훈,Man,1998.06.18,Ballad,신연아,미안해 용서해줘 힘들게 했던 나를 너없는 내모습 두려웠어 그런 이유였던 거야 그토록 기다렸던 사람이 바로 너였기에 나만의 욕심으로 너를 사랑했어 그게 실수란걸 몰랐어 그렇게도 멀리 떠나가고 싶다면 더 바라지 않을게 늘 부족한 내 모습으로 너를 잡아둘순 없겠지 행복했던 기억 다 지우진 말아줘 너 하나만 사랑한 늘 초라한 날 잊지는 마 내겐 너뿐이야 먼훗날 언제라도 나에게 다시 돌아와줘 사랑이 아니어도 좋아 예전처럼 곁에 머물수만 있다면 그렇게도 멀리 떠나가고 싶다면 더 바라지 않을게 늘 부족한 내 모습으로 너를 잡아둘순 없어  행복했던 기억 다 지우진 말아줘 너 하나만 사랑한 늘 초라한 날 잊지는 마 내겐 너뿐이야
1998.10.18~10.24,26,106732,All I Need Is Money,박상민,Thrill & Real,1998.09.01,Ballad,오윤성,신나는 토요일 너를 만나 영화를 구경했지 무거운 대사와 느린 화면에 너는 정말 짜증냈어 왜 멋진 인생 심각하게 그려냈냐고 골치 아픈 건 나는 정말 질색이라나 한 조각 피자와 맥주를 마시며 너는 내게 말 했지 난 정말 영화속 주인공들처럼 살고 싶진 않다면서 왜 힘든 인생 더욱 어렵게 만드냐고 기왕 일이면 즐겁게 보여 달라나 새 빨간 스포츠카에 너를 태우고 항상 네가 꿈꿔오던 하얀 별장 영화 속의 해변 Flying to the paradise 난 정말 네가 원하는 모든것들 갖고 싶은 모든 것을 주고 싶어 티파니의 보석 유명 브랜드의 모든 멋진 옷 That's All I Need  통장에 들어온 월급 보며 그냥 갈 순 없었지 회사앞 선술집 친구를 만나서 한잔하고 싶은 거야 언제쯤에 언제쯤에 집을 살까 할부라도 자가용을 구입할까 카드값 외상값 세금 내니 숨막히는 적자 생활 하늘이 높은 줄 모르는 물가는 나를 정말 화나게 해 왜 힘든 인생 더욱 어렵게 만드냐고 기왕 일이면 즐겁게 살게 해줘요 새 빨간 스포츠카에 너를 태우고 항상 네가 꿈꿔오던 하얀 별장 영화 속의 해변 Flying to the paradise 난 정말 네가 원하는 모든것들 갖고 싶은 모든 것을 주고 싶어 티파니의 보석 유명 브랜드의 모든 멋진 옷 스포츠카에 너를 태우고 항상 네가 꿈꿔오던 하얀 별장 영화 속의 해변 Flying to the paradise 난 정말 네가 원하는 모든것들 갖고 싶은 모든 것을 주고 싶어 티파니의 보석 유명 브랜드의 모든 멋진 옷 That's All I Need
1998.10.18~10.24,27,39206,약속,김창렬,어린왕자,1999.04.23,Ballad,102,언제나 우린 쉽게 약속을해요.. 그 약속들 서로 지키길 바라며~ 수화기로 전해오는 그대 숨결을 느끼며 그대의 고운 얼굴을 그리며~ 약속시간 다되가요.. 그대 날 기다리고 있겠죠.. 미소가 점점사라지면서.. 내게 향한마음도 사라질까 두려워요 영원히 변하지 않겠다던 말들요~ 나 그대에게 했던 모든말들  그대 힘든 짐 지게하지만.. 언제나 그대 진정 나에게 마지막 사랑예요~ 사랑해요~ 모든게 거짓이라 해도.. 날믿어 주세요..날 사랑해줘요.. 그대여 내곁에만 머물러줘요~~  언제나 우린 쉽게 싸우곤하죠.. 사랑하는 마음을 잊어버리고~ 뒤돌아선 후회하면서 서로가 힘들게 우리의 사랑 갈라놓는지.. 자존심이 강한 그대..내마음을 정말 모르나.. 힘들여 다가서려 하지만.. 그대 내게 했던말 잊혀질까 두려워요~ 영원히 사랑한다던 그때 그말요~~ 나 그대에게 했던 모든말들  그대 힘든 짐 지게하지만.. 언제나 그대 진정 나에게 마지막 사랑예요~ 사랑해요~ 모든게 거짓이라 해도.. 날믿어 주세요..날사랑해줘요.. 그대여 내곁에만 머물러줘요~~ 나 그대에게 했던 모든말들  그대 힘든 짐 지게하지만.. 언제나 그대 진정 나에게 마지막 사랑예요~ 사랑해요~ 모든게 거짓이라 해도.. 날믿어 주세요..날사랑해줘요.. 그대여 내곁에만 머물러줘요~~
1998.10.18~10.24,28,77364,세상이 그대를 속일지라도,김장훈,#1998 Ballads For Tears,1998.02.01,Ballad,이상호,흔들리는 그대를 보면 내 마음이 더 아픈거죠 그댈 떠나 버린 사람이 누군지 몰라도 이젠 다 잊어 주길 바래요 한없이 울고 싶어지면 울고 싶은 만큼 울어요 무슨 얘기를 한다해도 그대의 마음을 위로할 수 없는걸 알기에 난 어쩌면 그 사람과의 만남을 잘 되지 않기를 바랬는지도 몰라요 그대를 볼때면 늘 안타까웠던 거죠 우리의 만남이 조금 늦어다는 것이 이젠 모든걸 말할 수 있어요 그 누구보다 그댈 사랑했음을 세상이 그대를 속일지 몰라도 내가 그대 곁에 있음을 기억해요 난 어쩌면 그 사람과의 만남을 잘 되지 않기를 바랬는지도 몰라요 그대를 볼때면 늘 안타까웠던 거죠 우리의 만남이 조금 늦었다는 것이 이젠 모든걸 말할 수 있어요 그 누구보다 그댈 사랑했음을 세상이 그대를 속일지 몰라도 내가 그대 곁에 있음을 기억해요 이젠 모든걸 말할 수 있어요 그 누구보다 그댈 사랑했음을 세상이 그대를 속일지 몰라도 내가 그대 곁에 있음을 기억해요
1998.10.18~10.24,29,79953,먼 훗날,YB,소외 (疏外),1998.07,Rock,유병열,널 이제 잊겠어  내 깊은 그리움으로  이 밤을 지새운건 아니었는데  이제는 닦아낼 눈물이 없어  하고픈 말 서럽게 쌓여만 가고  기억되는 그리움의  아픔이 너무 두려워  홀로 남겨진 이 순간  원할건 없지만  정말 널 사랑해 차마 그 말 한마디  못한 내가 너무나도 원망스러워  먼 훗날 다시 널  우연히 마주칠 수 있다면  사랑했다 말할꺼야  기억되는 그리움의  아픔이 너무 두려워  홀로 남겨진 이 순간  원할건 없지만   정말 널 사랑해 차마 그 말 한마디  못한 내가 너무나도 원망스러워  먼 훗날 다시 널  우연히 마주칠 수 있다면  사랑했다 말할꺼야 정말 널 사랑해 차마 그 말 한마디  못한 내가 너무나도 원망스러워  먼 훗날 다시 널  우연히 마주칠 수 있다면
1998.10.18~10.24,30,80095,Sweetest Love,Circle,졸업(卒業),1998.12.27,Dance,정희수,입술에 닿은 그대 느낌은 아직도 내맘을 설레이게 하는데 그대도 나의 사랑 느끼나요 난 지금 이순간도 그대 입술 원하자나 I Want U 여린 가슴속에 살며시 그댄 다가와 아름다운 사랑 채워 주셨죠 해맑은 미소는 날위한 사랑인건지 나는 알고 싶어요 사랑에 눈을뜨는 내모습 자꾸만 떨려오는 이마음 날 안아줘요 Baby 언제까지라도 그대만을 사랑할수 있죠 아직은 어리다고 하지만 그대에겐 사랑이고 싶은 마음 왜 모르나요 Baby 수줍은 소녀의 이사랑을 받아주세요 I LOVE YOU  내 어깨 감싼 그대 손길은 사랑의 시작을 얘기하고 있는데 얼마나 더 자라야 하는가요 그대와 함께라면 힘든 일도 쉬울거야 I Need U 여린 가슴속에 살며시 그댄 다가와 아름다운 사랑 채워 주셨죠 해맑은 미소는 날위한 사랑인건지 나는 알고 싶어요 사랑에 눈을 뜨는 내모습 자꾸만 떨려오는 이마음 날 안아줘요 Baby 언제까지라도 그대만을 사랑할수 있죠 아직은 어리다고 하지만 그대에겐 사랑이고 싶은 마음 왜 모르나요 Baby 수줍은 소녀의 이사랑을 받아 주세요 I Love You 내사랑을 받아 주세요 I Love You
1998.10.18~10.24,31,91295,성공시대,벅,성공시대,1998.07.01,Dance,강은경,야 우리 어머니 날 낳으실 때 태몽을 참 기가 막히게 꾸셨다고 하던데 그 꿈이 이제서야 들어 맞았어 살아있는 성공신화 주인공이 바로 나 다들 날 보고 그렇게 말하지 운 좋고 빽 좋아 떴다고 그 뒤에 눈물겹던 시간들을 모르니까 사나이 되어 한 평생 살면서 내 이름 석자 부끄럽지 않도록 밑바닥부터 피눈물이 나게 달려온거야 밑천이라면 젊은 혈기 하나 청운의 푸른 꿈을 안고서 내가 선 이 고지를 향해 야야야야 이젠 나의 성공 시대 야야야야 불행은 끝 행복시작 기나긴 터널의 끝에 보이는 빛은 더 눈부신거야 야야야야 내 인생의 황금기야 야야야야 세상이 다 내것 같아 오늘을 위하여 축배 들어야지 너와 둘이서  나의 성공의 절반은 니 덕분 이 모든 영광을 너에게 약해져 갈 때마다 너의 얼굴 떠올렸어 어느 세월에 출세를 하냐며 지난날 나를 비웃었던 사람들 나 여기 있다 나의 모습을 봐 이렇게 컸다 비결이라면 대찬 끈기 하나 끝까지 포기 않는 것 나라고 왜 성공을 못해 야야야야 이젠 나의 성공시대 야야야야 불행은 끝 행복시작 기나긴 터널의 끝에 보이는 빛은 더 눈부신거야 야야야야 내 인생의 황금기야 야야야야 세상이 다 내것 같아 오늘을 위하여 축배 들어야지 너와 둘이서 야야야야 젊어 고생 사서도 한다는데 야야야야 이 세상에 공짜가 어딨어 야야야야야 야야야야야야야 일단 한번 부딪히고 넘어지면 다시 한번 더 야야야야 아직 쉴 순 없는거야 야야야야 이제 시작일뿐이야 오늘의 이 성공 더욱 빛날 나의 내일을 위해 오 이 순간이 오길 기다렸어 자 개봉박두 내 시대 빠빠라 빠빠빠 늘 마지막에 웃는 삶이 성공한 삶이야 풍악을 울려라 빠빠라 빠빠빠
1998.10.18~10.24,32,1839686,믿음,이소라,슬픔과 분노에 관한,1998.05.01,Ballad,이소라,힘든가요 내가 짐이 됐나요 마음을 보여줘요 안된대도 아무 상관없어요 내 마음만 알아줘요 다른 사람 친한 그댈 미워하는 나의 사랑이 모자랐나요 늘 생각해요 이것만 기억해요 우리가 헤어지면 다시는 이런 사랑 또 없을테니 내게 힘이 돼 줘요 난 기다려요 그대 난 영원해요 우는 내가 많이 지겨웠나요 그래요 이해해요 많은 밤이 지난 그대 후회되면 다시 내게로 돌아올테
1998.10.18~10.24,33,78451,외출,최재훈,Neverending,1998.05,Rock,채정은,너무나도 모자란 날 알기에 기다리라곤 못했어 기다림에 많이 힘겨워하는 너를 난 볼 수 없을테니까 지금 나의 그냥 있는 그대로 넌 상관없다 하지만 난 제대로 너와 시작하고픈 널 맞이 하고픈 그 맘을 이해해 나도 너 만큼은 두려운 걸 허나 니가 지칠 만큼 오래 걸리지는 않도록 나 약속할테니까 잠시 날 잊어 힘들지 않게 너 슬퍼해도 흔들려도 안아 줄 수 없으니 돌아갈거야 나를 믿어줘 널 떠난이유 이해한다면 기다려 나도 너 만큼은 두려운 걸 허나 니가 지칠 만큼 오래 걸리지는 않도록 나 약속할테니까 잠시 날 잊어 힘들지 않게 너 슬퍼해도 흔들려도 안아 줄 수 없으니 돌아갈거야 나를 믿어줘 널 떠난이유 이해한다면 잠시 날 잊어 힘들지 않게 너 슬퍼해도 흔들려도 안아 줄 수 없으니 돌아갈거야 나를 믿어줘 널 떠난이유 이해한다면 기다려
1998.10.18~10.24,34,486820,미안해요,페이지,Dear,1998.08,Ballad,김선민,어느날 부턴가 그대가 나를 잠시 소홀히 대했을 때 내 마음속에 있는 그댈 비집고 들어온 사람 있었어 그댈 원망하며 운적 많았었지만 그때 힘들어 하는 날 위로해 주던 그 사람이 이젠 어느새 돌이킬 수 없는 사랑이 되어 버렸어 Say My Love Good bye Baby 너를 잊으라 하니 너도 그럴 수 있니 어떻게 널 잊으라 하니 눈물이 나 너무나 미안해요 그대만 바라보기가 힘들 때 다가 온 사랑에 내가 흔들렸어요 나도 여자인걸요 또 다른 사랑에 빠져버린 날 용서해 달라면 보내 줄 건가요  잊을 수는 없을꺼예요 잊지는 않겠지만 모두 그대 때문에 흘린 눈물이야  시간이 흐르면 날 가슴속에서 잊고 살겠지 이루지 못한 아픈 사랑의 상처를 달래 줄 그 누군가를 나 아닌 다른 사람을 사랑하기를 너무나 미안해요 그대만 바라보기가 힘들 때 다가 온 사랑에 내가 흔들렸어요 나도 여자인걸요 또 다른 사랑에 빠져버린 날 용서해 달라면 보내 줄 건가요  잊을 수는 없을꺼예요 행복 했으면 해요 모두 그대 때문에 흘린 눈물이야
1998.10.18~10.24,35,33972,진심,김광진,My Love My Life,1998,Ballad,김광진,그렇게 화내지 마요 그 말은 진심이 아니죠 이해를 할 수 없다면 그저 웃어 넘긴다면 어때요 그래도 잊진 말아요 그대의 소중한 재능이 숨겨진 보석과 같은거죠 언젠간 환하게 빛날테죠 꿈만큼 이룰꺼에요 너무 늦었단 말은 없어요 그대를 지켜주는 건 그대 안에 있어요 강해져야만 해요 그것만이 언제나 내 바램이죠 이 세상 사는 동안에 수많은 사람을 만나고 또 헤어지게 되겠죠 허나 이런 느낌 다시 없을테죠 영원히 사랑하기에 나의 모든 걸 다 준다해도 그대를 지켜주는 건 그대 안에 있어요 강해져야만 해요 그것만이 언제나 내 바램이죠 떠나갈 때가 오나요 그대 힘든 길을 가는 동안 이것만 기억해줘요 그대 사랑하지요 세상 그 무엇보다 그대만을 영원히 나 기다려요
1998.10.18~10.24,37,78382,소방관 아저씨,SpookyBanana,스푸키바나나,1998.04,Rock,신유난,안내 867호입니다 1 2 3 4  갖지 못한 자들 갖고 있는 자들 넌 나를 모르는데 난들 너를 알겠느냐 정직함은 구차하고 힘 주먹은 편리해 난 대체 어떡하면 훌륭하게 살 수 있나  셋 셀동안 돌려놔 날 배신했던 가르침 SPB 우린 갈 곳 없는 REFUGEE 밭맬래 애볼래 아니 나는 밭맬래 왜냐하면 애본 공은 없으니까 hey 소방관 아저씨 내 머릿속에 타는 이 불좀 꺼주세요 hey 소방관 아저씨 착한 나는 뒤집어진 이 세상이 힘들어  뻥하고 터지는 저 거품같은 이름들 권위는 국 끓여도 국물도 안 우러나와 미친개도 피해가는 미친분도 뻔지르르 사람은 겉만 봐선 아무것도 알 수 없어 물론이지  셋 셀동안 돌려놔 날 배신했던 가르침 SPB 우린 갈 곳 없는 REFUGEE 밭맬래 애볼래 아니 나는 밭맬래 왜냐하면 애본 공은 없으니까 hey 소방관 아저씨 내 머릿속에 타는 이 불좀 꺼주세요 hey 소방관 아저씨 착한 나는 뒤집어진 이 세상이 힘들어 소방관 아저씨 여기 좀 보세요 아무도 못말리는 세상 이 불좀 꺼주세요  하는 일 없냐 아니 많아 졸립지 않냐 나름대로 괴롭지 않냐 단련됐어 지구를 떠나볼까 할 수 있을까  hey 소방관 아저씨 내 머릿속에 타는 이 불좀 꺼주세요 hey 소방관 아저씨 착한 나는 뒤집어진 이 세상이 힘들어 hey 소방관 아저씨 왜 임마 내 머릿속에 타는 이 불좀 꺼주세요 hey 소방관 아저씨 착한 나는 뒤집어진 이 세상이 힘들어
1998.10.18~10.24,38,14228,그녀의 생일,뱅크,선물,2000.12.28,Ballad,정시로,너에게 전화하고 싶었어  오늘만은  달력위에 네가 적었던  너의 생일날  행복했던 작년 오늘 일을  기억하니  너 없는 지금도 그리워  그 때 그 날이  혹시라도 널 만날까  너의 집주위를 서성거리며  네가 오길 기다리는  그런 내 마음을  너는 이해할 수 있니  불꺼진 너의 창을 바라보면서 할 수만 있다면 다시 한번 더 너를 내 품안에 안고 얘기하고 싶어 비어있는 내 자리가 힘겹지 않니 오늘 네 생일에 내가 준비한 나의 선물을 받아주렴 바로 나야 행복했던 작년 오늘 일을 기억하니 너 없는 지금도 그리워 그 때 그 날이 혹시라도 널 만날까 너의 집주위를 서성거리며 네가 오길 기다리는 그런 내마음을 너는 이해할 수 있니 불꺼진 너의 창을 바라보면서 할 수만 있다면 다시 한번 더 너를 내 품안에 안고 얘기하고 싶어 비어있는 내 자리가 힘겹지 않니 오늘 네 생일에 내가 준비한 나의 선물을 받아주렴 바로 나야
1998.10.18~10.24,39,1139650,보낼 수 밖에 없는 난,소찬휘,Another,1998.04.28,Ballad,김태훈,떠나는 모습까진 볼수 없어요  꼭 그래야할 필요 없다면  차라리 내가 먼저 돌아서는게  서로를 위해 좋을것 같아   난 준비가 되지 않아서  흐르는 눈물일 뿐이예요  나를 편하게 떠나요  어차피 돌이킬수 없다면   오 보내야겠지  떠나고 싶어 떠나는건 이해해야지  오 하지만 다신 내가 볼수없는  먼곳으로 떠나줬으면 해   날 사랑한다던 그 말도  그대의 따스한 그 숨결도  모두 잊어야 하기에  조금은 힘이들것 같지만   오 보내야겠지  떠나고 싶어 떠나는건 이해해야지  오 하지만 다신 내가 볼수없는  먼곳으로 떠나줬으면 해   마지막 남은 마음으로  그댈 잡아보고 싶지만   보내야겠지 돌아오기엔  너무 멀리 가고있잖아  오 참아야겠지 함께한 시간이  짧기에 그댈 잊을 수 있겠지  하루종일 그대 생각만 하네요  솔직히 너무 두려워져요  함께한 시간이 짧다 믿었는데  이제와 보니 아닌 것 같아 -
1998.10.18~10.24,40,2274404,사람이 꽃보다 아름다워,안치환,Desire,1997.12.12,Folk,정지원,헤이 헤이  강물같은 노래를 품고 사는   사람은 알게되지 음 알게되지   내내 어두웠던 산들이   저녁이되면 왜 강으로 스미어   꿈을 꾸다 밤이 깊을수록   말없이 서로를 쓰다듬으며   부둥켜안은채 느긋하게   정들어 가는지를 으음 음  지독한 외로움에 쩔쩔매본   사람은 알게되지 음 알게되지   그슬픔에 굴하지 않고   비켜서지 않으며   어느결에 반짝이는 꽃눈을 닫고   우렁우렁 잎들을 키우는   사랑이야말로   짙푸른 숲이되고 산이되어   메아리로 남는다는 것을   누가 뭐래도 사람이   꽃보다 아름다워   이 모든 외로움 이겨낸   바로 그사람   누가 뭐래도 그대는   꽃보다 아름다워   노래의 온기를 품고사는   바로 그대 바로 당신   바로 우리 우린 참사랑   지독한 외로움에 쩔쩔매본   사람은 알게되지 음 알게되지   그슬픔에 굴하지 않고   비켜서지 않으며   어느결에 반짝이는   꽃눈을 닫고   우렁우렁 잎들을 키우는   사랑이야말로   짙푸른 숲이되고 산이되어   메아리로 남는다는 것을   누가 뭐래도 사람이   꽃보다 아름다워   이 모든 외로움 이겨낸   바로 그사람   누가 뭐래도 그대는   꽃보다 아름다워   노래의 온기를 품고사는   바로 그대 바로 당신   바로 우리 우린 참사랑  누가 뭐래도 사람이   꽃보다 아름다워  노래의 온기를 품고사는  바로 그대 바로 당신  바로 우리 우린 참사랑
1998.10.18~10.24,41,1573525,초록별의 전설 (게임 Refrain Love 주제가),서영은,Softly Whispering `I Love U`,1998.04.01,Ballad,김준선,눈 감으면 볼 수 있을꺼야 파란물결의 도시를 기억해 슬픈 추억과 그 밤의 약속을 넘어서 난 사무쳐오는 너의 느낌 모두다 이제는 먼 기억 저 편으로 모든게 날 위했던 거야 애써 눈물을 감추며 언제나 너의 곁에서 지켜주겠단 너의 눈빛을 기억해 슬프게 아름다운 너의 초록빛 사랑을 간직할께  언제나 너의 곁에서 지켜주겠단 너의 눈빛을 기억해 슬프게 아름다운 너의 초록빛 사랑을 간직할께
1998.10.18~10.24,42,78002,하나의 사랑,박상민,The Road,1998.02,Ballad,조은희,가슴속에 차오르는 그대  이렇게 외면 하지만 나는 이미 알고있잖아  그댈 원하고 있어  날 바라보는 그대 눈빛 속에  영원히 머물고 싶어  함께 할 수 없는 사랑을  이젠 견딜 수가 없어 다가갈수록 멀어지는  그대 뒷모습 바라보고 있어  돌아서서 젖어오는 슬픔을  그댄 알 수 없을꺼야  서로 잠시 멀리 있다해도  이제는 느낄수 있어 오직 내가 꿈꿔왔던건  그대라는 단 하나의 사랑  다가갈수록 멀어지는  그대 뒷모습 바라보고 있어  돌아서서 젖어오는 슬픔을 그댄 알 수 없을꺼야 그댄 알 수 없을 꺼야
1998.10.18~10.24,43,2962321,나나나 (House Ver.),유승준,98 Mix Mac Vol.5,1999.01.12,Dance,,
1998.10.18~10.24,44,38003,널 위해 준비된 사랑,김조한,Kim Jo Han,1998.06.01,R&B; / Soul,김수지,오늘을 꿈꿔왔지 우리 하나가 되는 날을 벅찬 기쁨 속에 난 너의 손을 잡고 있어 수줍게 고개숙인 미소로 나를 바라보는 새하얀 네 모습 너무나도 아름다워 기다렸던 나를 위해 이 땅에 보내어진 또 다른 나일 그대를 처음 본 그 순간 내 영혼의 깊은 샘 속에서 사랑을 만난거야 알 수 있었지 나만의 사랑인걸 아낄게 너만을 이 세상 그 누구보다 아름답고 행복하게 지킬게 사랑해 영원히 이 세상 단 하나뿐인 널 내 전부라 말하고 싶어 기다렸던 나를 위해 이 땅에 보내어진 또 다른 나일 그대를 처음 본 그 순간 내 영혼의 깊은 샘 속에서 사랑을 만난거야 알 수 있었지 나만의 사랑인걸 아낄게 너만을 이 세상 그 누구보다 아름답고 행복하게 지킬게 사랑해 영원히 이 세상 단 하나뿐인 널 내 전부라 말하고 싶어 나 또한 널 위해 보내어진 널 위해 준비된 사랑 아낄게 너만을 이 세상 그 누구보다 아름답고 행복하게 지킬게 사랑해 사랑해 영원히 영원히 이 세상 단 하나뿐인 널 내 전부라 말하고 싶어 널 위해 준비된 사랑
1998.10.18~10.24,45,1184746,사랑해누나,유승준,98 Live Album,1999.05.01,Dance,이승호,나를 미치도록 진한 사랑에 빠지게 했던 그녀는 나보다 더 나이가 훨씬 많아 아니 쬐금 하지만 나는 네 어깨에다 손을 올리곤 했었지 왜냐하면 내가 키가 더 크니까 혹시나 하는 두려움은 모두 떨쳐버려 세상이 만들어 온 기준들은 모두버려 널 아끼고 너를 믿는 가슴속에 내 소중한 사랑이 있다는 걸 절대 잊어서는 안돼 아무리 날 노려 보아도 항상 네 이름을 불러대지 어깨에 내 손을 올릴땐 새침한 그 미소가 너무나 예뻐 그 누구의 시선도 어떤 말도 겁낼 건 없어 그 무엇도 어쩔 수 없는 우리 사랑 있잖아 어리다고 나를 놀리는 너의 친구들이 싫지만 걱정하듯 나를 비웃는 내 친구 두려웠지만 바보처럼 울어선 안돼 언제라도 활짝 웃어줘 내 가슴 속의 사랑은 널 안기에 충분하니까 Forever in a day This love does break my heart and though I need you now I plead my baby I'm just torn apart it's so unfair The way they try so hard to break apart the only two of hearts what is it I can do To break the powers that be thought I love you babe to leave you now would be the only answer I want an answer to please everybody I can't think of one so all comes undone and it's so 넌 웃는게 예뻐 그러니까 웃어줘 언제까지라도 눈물은 없을꺼야 늘 당당해줘 우리 사랑앞에서 두려워 할 것도 흔들릴 것도 없으니까 그게 잘 안되면 아예 나를 오빠라고 불러버려 그것이 너에겐 더 편할지도 모르니까 약속해 줄께 니가 기대 잠들 내 가슴은 언제까지 너만을 기다린다는 걸 아무도 우리의 사랑을 어떻게 할 수는 없을꺼야 언제나 네곁에 있을께 너만의 사랑인 날 잊어선 안돼 다른 연인들보다 힘이들고 어렵겠지만 영원히 널 지켜줄거야 조금만 더 기다려 어리다고 나를 놀리는 너의 친구들이 싫지만 걱정하듯 나를 비웃는 내 친구 두려웠지만 바보처럼 울어선 안돼 언제라도 활짝 웃어줘 내 가슴 속의 사랑은 널 안기에 충분하니까
1998.10.18~10.24,46,38698,나의 사랑 천상(天上)에서도,김경호,Kyung-Ho Kim 03,1998,Rock,이경,그런 일들은 없을 테지만 만약에 우리들이 떨어져 이 세상을 살아야 할 때 그 때 누군가가 너를 비웃어도 또 어떤 힘든 일이 생겨도 운다거나 마음 상해서 죽고 싶어질 때 나를 생각해 내 뜻으로 할 수 없는 건 사는 것 때론 죽는다는 걸 그 어디에 있든지 우리 약속해 저 하늘이 나를 사랑해 어느 날 먼저 데려간대도 아름다운 세상 고운 너의 두 눈으로 내 몫까지 보아줘 저 하늘이 너를 사랑해 어느 날 너를 데려간다면 가슴속에 너의 사랑을 품고서 우리 사랑 키울게 천상으로 내가 곁에 없다고 너무 슬퍼하지마 우린 살아 있잖아  어느 곳에 있든지 우린 함께 숨을 쉬어 저 하늘이 나를 사랑해 어느 날 먼저 데려간대도 아름다운 세상 고운 너의 두 눈으로 내 몫까지 보아줘 저 하늘이 너를 사랑해 어느 날 너를 데려간다면 가슴 속에 너의 사랑을 품고서 우리 사랑 키울게 저 하늘이 나를 사랑해 어느 날 먼저 데려간대도 아름다운 세상 고운 너의 두 눈으로
1998.10.18~10.24,47,91298,그때 그 시절,유피,형(形),1998,Dance,장용진,단 돈 몇천원에 밤 거리 누비며 온세상을 다가져 왔던 난데 주머니 사정 다 피해가며 용감한 척했지 막다른 골목 앞에 있어 내사랑아 눈물이 흘러 너무 힘들어도 올 줄 알았어 나만을 꼭 안아줄거라 믿었는데 내게 나보다 자존심 중요하니 나 울고 있는데 이 꼴 저 꼴 못난꼴 다 눈 감아왔건만 절대로 난 용서가 안돼 간절히 원했던 것뿐이야 나의 모든걸 버리고 내곁으로 갈게 춥고 배고파도 언제까지 함께하는거야 소중한 사랑아 나를 용서해줘 태양 아래 하얀 너를 물들이고 싶지는 않았기에 나또한 많이 참아왔어 One Two Three Four  단 돈 몇천원에 밤거리 누비며 온세상을 다 가져 왔던 난데 주머니 사정 다 피해가며 용감한 척했지 막다른 골목앞에 있어 내사랑아 눈물이 흘러 너무 힘들어도 올 줄 알았어 나만을 꼭 안아줄거라 믿었는데 내게 나보다 자존심 중요하니 나 울고 있는데 이 꼴 저 꼴 못난꼴 다 눈감아왔건만 절대로 난 용서가 안돼 간절히 원했던 것뿐이야 나의 모든걸 버리고 내 곁으로 갈게 이 꼴 저 꼴 못난꼴 다 눈 감아왔건만 절대로 난 용서가 안돼 간절히 원했던 것뿐이야 나의 모든걸 버리고 내 곁으로 갈게 춥고 배고파도 언제까지 함께하는거야 소중한 사랑아 춥고 배고파도 언제까지 함께하는거야 소중한 사랑아 소중한 사랑아 나를 용서해줘 나를 용서해줘 나를 용서해줘
1998.10.18~10.24,48,79311,Wedding March,수,Temptation,1998.05,Ballad,,향기로운 그대 손길 느끼며 하루를 시작한다면 잠 못드는 그댈 달래줄 수 있다면 늦은 저녁 돌아오는 그대를 나 기다릴 수 있다면 언제라도 그대 곁에 잠들 수 있다면 어린 아이처럼 사랑스러운 아침이슬 보다 더 맑고 고운 빨간 장미보다 더 아름다운 아 신부 될께요 두근거려요 나의 웨딩마치 때로는 나 애인처럼 때로는 나 친구처럼 그대가 원하는 그 모습 그대로 처음 본 그 순간처럼 그대를 사랑할께요 언제나 날 아껴 주세요 And I'm loving you  따스하게 비친 햇살 아래 많은 사람들의 축복 속에 많은 친구들의 부러움 속에 아 신부 될께요 두근거려요 나의 웨딩마치 때로는 나 애인처럼 때로는 나 친구처럼 그대가 원하는 그 모습 그대로 처음 본 그 순간처럼 그대를 사랑할께요 언제나 날 아껴주세요 And I'm loving you 약속 해줘요 약속 해줘요 언제 까지나 언제 까지나 함께 한다고 함께 해요 And I'm loving you
1998.10.18~10.24,49,193082,애상,VariousArtists,천애찬미,-,Dance,,
1998.10.18~10.24,50,91291,귀머거리 하늘,R.ef,Forever,1998.05.01,Dance,이승호,그토록 사랑한 그녀가 떠난 후  하늘은 그녈 내게 보여주곤 해  너무나 예쁜 그 모습  예전의 목소리까지  항상 원할때면 만날 수 있어  너무나 멀어서 만질 수 없으니  안개와 함께라도 내려오라고  햇살에 사라질 안개  너무나 짧은 것 같아  저기 산에 닿은 구름이라도  하늘아 들리지 않니  간절한 내 기도소리  모습만 보이지 말고  한 번만 안을순 없는지  하늘아 제발 도와줘  그녀가 올 수 없다면  나라도 그녀에게 갈 수 있도록  먼하늘 네 모습 바라만 보다가   가슴이 메어와서 눈을 감았어  여전한 너의 목소리 더이상   들을수 없게   나의 눈물들이 내 귀를 채워  들리지 않는가봐  그토록 너의 모습  보여주던 하늘이  내얘긴 들리지 않는가봐  널 보내달라  그렇게 소리 쳤지만  발 밑에 떠있는 안개는  너에게 못 가게  길마저 가려 버렸어  니 목소리 들리지 않게  내 귀속에 눈물만 채우고 있어  비라도 내리면 하늘을 가려서  니 모습 볼수 없을것만 같았지 하지만 비에 젖어도 씻을수  없는게 있어 너와 함께 했던 빗속의 추억 하늘아 들리지 않니 간절한 내 기도 소리 그녀를 데려갔으면 추억도 가져갈 순 없니 하늘아 제발 도와줘 나에게 남은 사랑도 모두다 그녀에게 보낼 수 있게
