time,rank,song_id,title,singers,album,date,genre,creator,lyric
1995.10.01~10.07,1,64242,청혼가,박진영,딴따라,1995.09,Dance,박진영,그대가 나와 결혼을 해준다면  니가 나의 부인이 돼줬으면 해  나의 아이의 엄마가 돼줬으면 해  작은 집에서 둘이서 아침에  함께 눈뜨며  아침 햇살에 입을 맞추며  그대가 나와 결혼을 해준다면  나는 그대의 노예가 되어도 좋아  그대가 나의 사랑을 받아준다면  그대와 나는 영원히 함께 할거야  내가 너의 아침을 해줬으면 해  하루의 시작을 늘 그렇게  했으면 해  기쁠 때 함께 웃으며 힘들 때  함께 나누며  잠들기 전에 입을 맞추며  그대가 나와 결혼을 해준다면  나는 그대의 노예가 되어도 좋아  그대가 나의 사랑을 받아준다면  그대와 나는 영원히 함께 할거야  그대가 나와 결혼을 해준다면  나는 그대의 노예가 되어도 좋아  그대가 나의 사랑을 받아준다면  그대와 나는 영원히 함께 할거야
1995.10.01~10.07,2,66362,이별 공식,R.ef,Rave Effect,1995.03,Dance,윤성희,이별 장면에선 항상 비가 오지  열대 우림 기후 속에 살고 있나  긴밤 외로움과 가을 또 추억은  왜 늘 붙어다녀 무슨 공식이야  떠난 그 사람을 계속 그리면서  눈물 흐르지만 행복 빌어준대  그런 천사표가 요즘 어디있어  설마 옛날에도 말만 그랬겠지  나는 잘 이해가 안돼  그 방법조차 불만이라고 생각해  사랑을 하고 또 멀어지는 그런  느낌까지 틀에 박혀있는거야  서로 모두 공감할 수  있는 얘기를  할 필요는 없는거라 생각을해  저마다 감정은 다 다른거니까  각자 나름대로 사는거야  햇빛 눈이 부신 날에  이별 해봤니  비오는 날 보다 더 심해  작은 표정까지 숨길  수가 없잖아  흔한 이별 노래들론 표현이 안돼  너를 잃어버린 내 느낌은  그런데 들으면 왜 눈물이 날까  나는 잘 이해가 안돼  그런 방법조차 불만이라고  생각해  사랑을 하고 또 멀어지는 그런  느낌까지 틀에 박혀있는거야  서로 모두 공감할 수 있는 얘기를  할 필요는 없는거라 생각을해  저마다 감정은 다 다른거니까  각자 나름대로 사는거야  햇빛 눈이 부신 날에 이별  해봤니 비오는 날 보다 더 심해  작은 표정까지 숨길 수가 없잖아  흔한 이별 노래들론 표현이 안돼  너를 잃어버린 내 느낌은  그런데 들으면 왜 눈물이 날까  햇빛 눈이 부신 날에 이별 해봤니  비오는 날 보다 더 심해  작은 표정까지 숨길 수가 없잖아  흔한 이별 노래들론  표현이 안돼  너를 잃어버린 내 느낌은  그런데 들으면 왜 눈물이 날까  흔한 이별 노래들론  표현이 안돼  너를 잃어버린 내 느낌은  그런데 들으면 왜 눈물이 날까
1995.10.01~10.07,3,65305,이브의 경고,박미경,Jungle New Style,1995.07.22,Dance,김창환,오늘도 넌 나를 피해  딴 생각을 하지만   난 알고 있어   나의 예감은 한번도   틀린적이 없어   걱정스런 맘   이런내 마음을 알고 있다면   나에게 더이상 실수하지마   내게도 너 아닌 멋진 남자가   가끔 날 유혹해 흔들릴   때도 있어   너에게만 있는 능력처럼   그렇게 날 속이려고 하면   나에게는 더이상 순애보는   없어 난 널   그냥 떠나버릴 거야  너에게 실수하고 싶은  마음은 없었어  나의 호기심이 잠시 날  흔들리게 했을 뿐  너에게 구차한 변명따위는  하지 않을게  이젠 날 이해해줘 내 잘못을  인정 할테니  그렇게 말을하면 나도  할말은 없어  이해해 줄게  하지만 내게 약한  모습은 보이지마  사랑하니까  언제나 당당한 너의 모습에  난 항상 매력을 느꼈던 거야  누구나 한번은 실수하지만  두번은 안돼 내가   못 견딜 테니까  너에게만 있는 능력처럼  그렇게 날 속이려고 하면  나에게는 더이상 순애보는  없어 난 널  그냥 떠나버릴거야 워  이제는 알 것 같아 숨겨진  너의 마음을  언제나 가볍게 넌 나를  대하고는 했지만  니 속에 숨어있는 너의  그 표독함까지  언제나 나를 위한  마음이었었다는 것을  가만히 생각하면 난  자꾸만 화가나  참으려 해도  내가 그렇게 네게 매력이  없었을까  난 모르겠어  어떻게 나아닌 다른 사람과  몰래 데이트를 할 수 있는지  지금 내 마음가짐으론 너를  이해할수 없지만 한번은  참는거야  너에게만 있는 능력처럼  그렇게 날 속이려고 하면  나에게는 더이상 순애보는  없어 난 널  그냥 떠나버릴 거야  너에게만 있는 능력처럼  그렇게 날 속이려고 하면  나에게는 더이상 순애보는  없어 난 널  그냥 떠나버릴 거야
1995.10.01~10.07,4,63699,천일동안,이승환,Human,1995.06.29,Ballad,이승환,천일동안 난 우리의 사랑이  영원할 거라 믿어 왔었던거죠 어리석게도 그런 줄로만 알고 있었죠 헤어지자는 말은 참을수 있었지만  당신의 행복을 빌어줄 내모습이 낯설어 보이진 않을런지 그 천일동안 알고 있었나요  많이웃고 또 많이울던 당신을 항상 지켜주던 감사해하던 너무 사랑했던 나를  보고싶겠죠 천일이 훨씬  지난 후에라도 역시 그럴테죠  난 괜찮아요 당신이 내곁에 있어줬잖아요  그 천일동안 알고 있었나요  많이웃고 또 많이울던 당신을 항상 지켜주던 감사해하던 너무 사랑했던 나를  보고싶겠죠 천일이 훨씬  지난 후에라도 역시 그럴테죠 잊지마요 우리 사랑 아름다운 이름들을  그 천일동안 힘들었었나요  혹시 내가 당신을 아프게 했었나요 용서해요 그랬다면 마지막일거니까요 난 자유롭죠 그날 이후로 다만  그냥 당신이 궁금할 뿐이죠 다음 세상에서라도 우리 다시는 만나지 마요
1995.10.01~10.07,5,66263,나만의 친구,솔리드,Solid,1995.03.01,R&B; / Soul,이정은,늦어버린 아침에 난 거리에서 허전해진 나의 마음 달래려 했어 그래 난 내 주변사람 모두다  내 친군 아냐 머리 아픈일에 빠져 있을때도 가끔 내가 생각하는 사람이 있어  바로 너  여기까지 함께 했었던  우리 이름 바로 친구였어  지쳐가는 하루 우연히 난  어린시절 그립던 친구를 봤어  마주 앉아있던 지난얘기 속에  지루하지 않았던 기쁨  넌 알고있니 지금 난 널 보며  또 다른 기억속으로  추억보다 깊은 얘기 만들어가  이렇게 만난 우리만의 시간  늦어버린 아침에 난 거리에서 허전해진 나의 마음 달래려 했어 그래 난 내 주변사람 모두다  내 친군 아냐 머리 아픈일에 빠져 있을때도 가끔 내가 생각하는 사람이 있어  바로 너 여기까지 함께 했었던  우리 이름 바로 친구였어  음 지쳐가는 하루  우연히 난 어린시절 그립던  친구를 봤어  마주 앉아있던 지난얘기 속에  지루하지 않았던 기쁨  넌 알고있니 지금도 난 널 보며  또 다른 기억속으로  추억보다 깊은 얘기 만들어가  이렇게 만난 우리만의 시간  넌 알고있니 지금 난 널 보며  또 다른 기억속으로  추억보다 깊은 얘기 만들어가  이렇게 만난 우리만의 시간  또 약속해봐 그렇게 살다가  서로를 쳐다볼때면  언제까지라도 위로할수 있게  우리는 영원한 친구일거야
1995.10.01~10.07,6,63343,사랑의 서약,한동준,한동준 3,1995,Ballad,한동준,그토록 바라던 시간이 왔어요  모든 사람의 축복에  사랑의 서약을 하고 있죠  세월이 흘러서 병들고 지칠 때  지금처럼 내 곁에서  서로 위로해 줄 수 있나요  함께 걸어가야 할 수많은 시간 앞에서  우리들의 약속은 언제나 변함없다는 것을 믿나요  힘든 날도 있겠죠 하지만 후횐 없어요  저 하늘이 부르는 그날까지  사랑만 가득하다는 것을 믿어요    이룰수 없다고 슬퍼했던 날들  낮설었던 그 이별도  이젠 추억이라 할수 있죠  함께 걸어가야 할 수많은 시간 앞에서  우리들의 약속은 언제나 변함없다는 것을 믿나요  힘든 날도 있겠죠 하지만 후횐 없어요  저 하늘이 부르는 그날까지  사랑만 가득하다는 것을 믿어요
1995.10.01~10.07,7,66729,세계의 문,넥스트,The Return Of N.EX.T Part 2: The World,1995.09,Rock,신해철,흙먼지 자욱한 찻길을 건너 숨가쁘게 언덕길을 올라가면 단추공장이 보이는 아카시아 나무 그늘 아래에 너는 나를 기다리고 있었다 구멍가게 옆 복개천 공사장까지가 우리가 알고 있는 세계의 전부였 던 시절 뿌연 매연 사이로 보이는 세상을 우리는 가슴 두근거리며 동경했었다 이제 타협과 길들여짐에 대한 약속을 통행세로 내고 나는 세계의 문을 지나왔다 그리고 너는 다시는 돌아갈 수 없는 문의 저편 내 유년의 끝 저편에 남아있다  아직도 세상을 보이는 대로 믿고 편안히 잠드는가 그래도 지금이 지난 시절 보단 나아졌다고 믿는가  무너진 백화점 끊겨진 다리는 무엇을 말하는가 그 어느 누구도 비난 할 순 없다 우리 모두 공범일 뿐 발전이란 무엇이며 진보란 무엇인가 누굴 위한 발전이며 누구를 위한 진보인가 welcome to the world we made home automation system's ready welcome to the world we made you're the internet hero welcome to the world we made the judgementday bring tragedy welcome to the world we made takes us back to zero  아득한 옛날엔 TV는 없어도 살아갈 순 있었다 그나마 그때는 천장이 무너져 죽어가진 않았다 발전이란 무엇이며 진보란 무엇인가 누굴 위한 발전이며 누구를 위한 진보인가 welcome to the world we made home automation system's ready welcome to the world we made you're the internet hero welcome to the world we made the judgementday bring tragedy welcome to the world we made takes us back to zero  The world we made can you see we're gettimg closer to the end can you see we're gettimg closer to the end can you see we're gettimg closer to the end can you see we're gettimg closer to the end  welcome to the world we made home automation system's ready welcome to the world we made you're the internet hero welcome to the world we made the judgementday bring tragedy welcome to the world we made takes us back to zero
1995.10.01~10.07,8,1839641,난 행복해,이소라,이소라 1집,1995.09.01,Ballad,김현철,날 용서해 너에게 이런 말 정말 하고 싶진 않아 그러나 이젠 어쩔 수 없는 일이야 그 사람을 사랑하지 않게 해달라고 기도했어 하지만 이제 너무 늦었어 그렇게도 해맑게 웃던 네 모습을 난 기억해 다음 번엔 나같은 여자 만나지마 행복해야해 넌 반드시 좋은 사람 만나 다시 사랑해야 하고 저 기억 너머로 그렇게 나를 잊어야 해 그렇게도 해맑게 웃던  네 모습을 난 기억해  다음번엔 나같은 여자 만나지마  행복해야해  내게 힘이되도록 해맑게 웃던  니 모습을 난 기억해  그리고 다음번엔 나같은 여자  만나지마 제발  행복해야해  난 행복해 그동안 널 볼수  있던 그날들 때문에  난 널 못 잊어  죽는 날까지 사랑해
1995.10.01~10.07,9,63313,부디,윤종신,공존(共存),1995.04,Ballad,윤종신,고마워 애써 내게 감추려했던건 하지만 그래서 난 준비를못했지 내삶속에 가장 귀한 너와헤어진뒤에 쓰린 이상처를 견딜 준비를 미안해 오랫동안 힘들었었지 언젠가 한 친구는 충고해주었지 이루어질수 없다고 너와 나의 사랑은 그땐 어렸는지 웃어버렸어 포기해버린 네마음 이해해 둘만의 사랑으론 축복받을 수 없다는걸 나는 괜찮아 그냥 견딜수있을꺼야 너무 지쳐버린 네가 걱정될뿐 이젠 더이상 눈물 짓지마 아직도 흘릴 눈물 남았니 뒤돌아 볼것도 없어 빨리가렴 마지막 네모습에 널 잡을지 몰라 부디 좋은 사람 만나길 바래 많은 사람들의 축복속에서 잊어줘 살아갈 이유 잃어버린 날  이젠 더이상 눈물 짓지마 아직도 흘릴 눈물 남았니 뒤돌아 볼것도 없어 빨리가렴 마지막 네 모습에 널 잡을지 몰라 부디 좋은 사람 만나길 바래 많은 사람들의 축복속에서 잊어줘 살아갈 이유 잃어버린 날 이젠 더이상 눈물 짓지마 아직도 흘릴 눈물 남았니 뒤돌아 볼것도 없어 빨리가렴 마지막 네모습에 널 잡을지 몰라 부디 좋은 사람 만나길 바래 많은 사람들의 축복속에서 잊어줘 살아갈 이유 잃어버린 날
1995.10.01~10.07,10,66507,바람 난 여자,투투,Two Two 2집,1995,Dance,,밤바람밤 바람밤밤 바람밤 밤바람밤 바람밤밤 바람밤   별일 아니라 생각했어  이 시간이 지나면 괜찮겠지  니가 요즘 너무 이상했지  올 것이 왔나봐  지금은 모두 다 곤히 잠든 시간인데  왜 계속 통화중인거야  어제도 나한테 그랬잖아  내가 제일 좋다고   너 지금 통화하는 사람도  좋아한다 말 하는 건 아니겠지  나 지금 너에게 가고 있어  널 유혹하는 바람 막으러   밤바람밤 바람밤밤 바람밤  밤바람밤 바람밤밤 바람밤  밤바람 바람밤   달려가며 난 생각했어  이번만은 가만히 안 있겠다고  내가 요즘 너무 참았었지  날 막을 순 없을 걸   지금은 모두 다 곤히 잠든 시간인데  왜 계속 통화중인거야  어제도 나한테 그랬잖아  날 사랑한다고   너 지금 통화하는 사람도  좋아한다 말 하는 건 아니겠지  너 지금 너에게 가고 있어  널 유혹 하는 바람 막으러   나 역시 너에게 전화를 걸고 있었지  너는 왜 통화중인거야  그러다 어머니가 전활 받았지  너 지금 막 나갔다고 아-   너 지금 통화하는 사람도  좋아한다 말 하는 건 아니겠지  나 지금 너에게 가고있어  널 유혹하는 바람 막으러
1995.10.01~10.07,11,14221,가질 수 없는 너,뱅크,선물,2000.12.28,Ballad,강은경,술에 취한 니 목소리  문득 생각났다던 그말  슬픈 예감 가누면서  네게로 달려갔던 날 그 밤  희미한 두 눈으로  날 반기며 넌 말했지  헤어진 그를 위해서  남아있는 이 삶도 버릴수 있다고  며칠사이 야윈 널 달래고  집으로 돌아 오면서  마지막 까지도 하지 못한 말  혼자서 되뇌였었지  사랑한다는 마음으로도  가질 수 없는 사랑이 있어  나를 봐 이렇게 곁에 있어도  널 갖지 못하잖아  눈물섞인 니 목소리  내가 필요하다던 그말  그것으로 족한거지  나 하나 힘이 된다면 네게  붉어진 두눈으로  나를 보며 넌 물었지  사랑의 다른 이름은  아픔이라는 것을 알고있느냐고  며칠사이 야윈 널 달래고  집으로 돌아 오면서  마지막 까지도 하지 못한 말  혼자서 되뇌였었지  사랑한다는 마음으로도  가질 수 없는 사랑이 있어  나를 봐 이렇게 곁에 있어도  널 갖지 못하잖아
1995.10.01~10.07,12,63353,훈련소로 가는 길,이장우,"이제, 그녀는 이 도시 어디에도 살지 않는다",1995.05,Ballad,,넌 내가 힘들어할까  걱정스런 눈빛이지만 아냐 나도 남자잖아 남들처럼 견딜 수 있을거야  너무 슬프게 울지는 마 내가 괜히 미안하잖아 이제 한동안 못보겠지만 내 생각이 날 때 가끔 면회나 와줘 첫 휴가때는 짧은 머리에 난 아마도 쑥스럽겠지  날 기다리진 마 네게 부담주긴 싫어 좋은 사람 만날 기회를 나 때문에 피하지는 마 하지만 그래도 니가 나를 못 잊어 아무것도 없이 새로 시작할 날 허락한다면 그땐 너와 결혼을 하고 싶어  군대있는 동안 이별한 많은 연인들을 봤었지 이제는 내 얘기가 되는걸까 너 변할지라도 너무 미안해는마 시간이 갈수록 우린 다른 세상속에 멀어질 수 밖에 날 기다리진 마 네게 부담주긴 싫어 좋은 사람 만날 기회를 나 때문에 피하지는 마 하지만 그래도 니가 나를 못 잊어 아무것도 없이 새로 시작할 날 허락한다면 그땐 너와 결혼을 하고 싶어  날 기다리진 마 네게 부담주긴 싫어 좋은 사람 만날 기회를 나 때문에 피하지는 마 하지만 그래도 니가 나를 못 잊어 아무것도 없이 새로 시작할 날 허락한다면 그땐 너와 결혼을 하고 싶어
1995.10.01~10.07,13,66411,내가 날 버린 이유,베이시스,Looking For Myself,1995.05.06,Ballad,김혜선,그때 내가 한말 기억하니  울면서 애원했었지  돌아갈곳없는 난 어떡해  제발 이러지마 부탁이야  너 떠난 후 난 멍하니  벽만보며 울다 웃곤했어  그런데 넌 사랑을 말하는거니  싫어 이젠 싫어  너의 사랑을 받은 이유로  나는 나를 버려야했어  내 모든것을 다 가진 네가  남은게 없는 날 버렸기에  널 떠난 후 난 멍하니  벽만보며 울다 웃곤했어  그런데 넌 사랑을 말하는거니  싫어 이젠 싫어  너의 사랑을 받은 이유로  나는 나를 버려야했어  내 모든것을 다가진 네가  남은게 없는 날 버렸기에
1995.10.01~10.07,14,71914,기억에 남는건 너의 젖은 눈동자,박정운,박정운 Live & Single,1997.12,Ballad,박정운,기억에 남는건 너의 젖은 눈동자 너에게 물었지 외로우냐고 비오는 날이면 그렇게도 좋다며 티없이 웃었던 너의 얼굴 생각나 오늘도 이렇게 비는 쏟아지는데 넌 무슨 생각 잠겨 있을까 이 세상 모든 것이 비에 젖어 가듯이 너의 눈망울도 젖어 가겠지 그냥 스치듯이 지나버린 작은 만남속에 그 포근함 나 잊을 수 없어 언제나 빗소리가 들려오면 떠오르는 너의얼굴 아쉬운 기억으로 남겨두겠어  비오는 날이면 그렇게도 좋다며 티없이 웃었던 너의 얼굴 생각나 오늘도 이렇게 비는 쏟아지는데 넌 무슨 생각 잠겨 있을까 이 세상 모든 것이 비에 젖어 가듯이 너의 눈망울도 젖어가겠지 그냥 스치듯이 지나버린 작은 만남속에 그 포근함 나 잊을 수 없어 언제나 빗소리가 들려오면 떠오르는 너의얼굴 아쉬운 기억으로 남겨둘거야
1995.10.01~10.07,15,66310,어제와 다른 오늘,노이즈,Noise 3rd Revolution,1995.04,Dance,김창환,나에게 할말이 있다면  빙빙 돌리지 말고 말해  아직은 너와나 사이에  변한건 아무것도 없으니깐  오늘로 너와의 만남이  나에게 마지막이라면  난 네게 꼭 듣고 싶은 말이  한마디 남아있는데  날 사랑했다는 말도 이젠  그렇게 쉽지는 않겠지만  이대로 이별이라면 내게  아낄 필요는 없잖아  아직은 니곁에 있는 날  더이상 초라한 바보로  만들어 버리지는마 어제까지 너와함께 했던  그 모든 시간들을  오늘은 널 위해 모두다  슬픔과 바꿔야겠지만  후회없는 사랑을 했기에  난 널 미워하지않아  다만 널 잡지못하는 내  자신이 미워질뿐이야 너에게 난 부담스런 존재로 남아있긴 싫어  그래서 난 택했던 거야  너와의 슬픈 이별을  널 포기한 채로  나에게 싫증이 났다면  이쯤에서 널 잊어줄게  그렇게 나에게 일부러  냉정한척 하려 하지마  그렇게 하지 않아도  난 널 보내줄수 있어 아직  내겐 사랑이 남아있으니까 어제까지 너와함께 했던  그 모든 시간들을  오늘은 널위해 모두다  슬픔과 바꿔야겠지만  후회없는 사랑을 했기에  난 널 미워하지않아 다만 널 잡지못하는 내  자신이 미워질뿐이야  너에게 난 부담스런 존재로  남아있긴 싫어  그래서 난 택했던 거야  너와의 슬픈 이별을  널 포기한 채로
1995.10.01~10.07,16,33146,머피의 법칙,DJDOC,D`J DOC,1995.05,Rap / Hip-hop,이승호,돈 싫어 명예 싫어 따분한 음악 우린 정말 싫어 펑키 비트의 신나는 댄스 노래하는 창렬이 래퍼 스카이 래퍼 재용 우리들은 DOC DJ DOC  친구들과 미팅을 갔었지 뚱뚱하고 못생긴 애 있길래 와 재만 빼고 다른애는 다 괜찮아 그래도 꼭 개랑 나랑 짝이 되지 내가 맘에 들어하는 여자들은 꼭 내 친구 여자 친구이거나 우리 형 애인 형 친구 애인 아니면 꼭 동성동본 세상에 어떻게 이럴수가 나는 도대체 되는일이 하나 없는지 언제쯤 내게도 기가 막힌 그런 눈부신 여자친구 하나 생길까 세상 모든게 다 내뜻과 어긋나 힘들게 날 하여도 내가 꿈꿔온 내 사랑은 널 위해 내 뜻대로 이루고 말테야 나나나나 나나나나 나나나나  나나나나 나나나나 나나나나 나나나나  나나나나 나나나나나 오랜만에 꼬질꼬질한 모습으로  우리동네 목욕탕을 찾은 날은 한 달에 두 번 있는 정기휴일이 왜 꼭걸리는 거야 어 꼬질꼬질 지저분한 내 모습 그녀에게 들키지 말아야지 하면 벌써 저 쪽에서 그녀가 날 꼭 어이없이 바라볼까 세상에 그 어떤 누구라도 너와 바꿀 수 없다는걸 우린 알잖아 세상에 그 어떤 어려움도 우리 사랑을 갈라놓을 순 없잖아 세상 모든게 다 내 뜻과 어긋나 힘들게 말하여도 내가 꿈꿔온 내 사랑은 널 위해 내 뜻대로 이루고 말테야 나나나나 나나나나 나나나나  나나나나 나나나나 나나나나 나나나나  나나나나 나나나나 요 머피의 법칙 I like the full  music DJ DOC  머피의 법칙 자 다같이 오  예 오예 아 예 아예 아하 아하 Say one Two  One Two Three Four 나나나나 나나나나 나나나나  나나나나 나나나나 나나나나 나나나나  나나나나 나나나나
1995.10.01~10.07,17,66475,뭐야 이건,지니,Cool World,1996.01.01,Rock,,뭐야 이건  거리위에 지쳐버린 사람들의 한숨 속에  잃어버린 나를 보았지 그냥 열심히 어린시절 반짝이던 눈망울로 그렇게 항상 꿈꾸며 그리던  그런 나의 모습이 아냐 언제까지나 어린날의 나의 꿈을 찾아가는 거야  또다른 나의 세상을 위해서 이제 내게 그무엇도 힘들꺼라 생각지 않아  혼자만의 싸움 뿐인걸 어렵고 힘들어도 부딪혀 이겨내는 거야  고통이 항상 나쁘지는 않아 오히려 내겐 힘이되는 거야  언제까지나 꿈꿔오던 내모습을 찾아가는 거야 또 다른 나의 세상을 위해  언제까지나 어린날의 나의 꿈을 찾아가는 거야 또 다른 나의 세상을 위해서  어렵고 힘들어도 부딪혀 이겨내는 거야  고통이 항상 나쁘지는 않아 오히려 내겐 힘이되는 거야  언제까지나 꿈꿔오던 내모습을 찾아가는 거야 또다른 나의 세상을 위해  언제까지나 어린날의 나의 꿈을 찾아가는 거야 또다른 나의 세상을 위해서 랄랄라라랄~
1995.10.01~10.07,18,32854,친구를 위해,더블루,The Blue,1995,Ballad,김민종,하늘위로 날아가는 새들은 자유로운 날개짓을 하며 말이 없는 내마음을 아는지 작은 내모습 위로 날아가네 다가가면 멀어지는 사람들 사랑하는 그대마저 떠난 밤이오는 노을아래 서 있는 나는 홀로 이렇게 울고있네 다른 세상으로 떠나가고 싶지만 나의 곁에 다가와준 내친구는 힘이 들어도 꿈을 찾고 있었지 어떤날은 버려진 나를 위해서 이젠 나의 꿈들을 찾아 떠나야겠어 그 누구나 새로운 많은 날이 있잖아 나의 꿈을 찾아서 다시 노래할꺼야 언제까지 변하지 않는 나의 친구와  지난 나의 마지막 무대위에 섰을 때 내이름을 부르던 사람들은 떠나고 그런 나의 모습에 그댄 사라져 갔어 초라해진 사랑에 많이 아파했지만 이젠 나의 꿈들을 찾아 떠나야겠어 그 누구나 새로운 많은 날이 있잖아 나의 꿈을 찾아서 다시 노래할꺼야 언제까지 변하지 않는 나의 친구와 노래가 끝나가는 지금 내곁엔 나를 보는 친구가 있네......
1995.10.01~10.07,19,3052442,너를 품에 안으면,컬트,Welcome,1995.07.01,Rock,김준선,너를 품에 안으면   힘겨웠던 너의 과거를 느껴   이제는 더이상 흔들리지마   널 지켜야해   이제 너를 안으면   너를 사랑하는 나를 느끼네   흘려왔던 너의 눈물까지도   떠나버린 그사람을 굳이 애써   지우려 하지마  니가 사랑했던 만큼 기억   속에 남겨두면 돼  you my lady   하지만 내마음도   이렇게 말하긴   정말 쉽진 않았어   uh you my baby   이제는 나에게   기대온 널보며   내가 미워지는데   이제 너를 안으며   나를 믿고있는 너를 느끼네   이제는 더이상 흔들려선 안돼   널지켜야해   이제 너를 안으면   너를 사랑하는 나를 느끼네   흘려왔던 너의 눈물 까지도   떠나버린 그사랑을   굳이 애써 지우려 하지마  you my lady   하지만 내마음도   이렇게 말하긴   정말 쉽진 않았어   uh you my baby   이제는 나에게   기대온 널보며   내가 미워지는데  너를 품에 안으면   나를 믿고있는 너를 느끼네   이제는 더이상 흔들려선 안돼   널지켜야해   이제 너를 안으면   너를 사랑하는 나를 느끼네   흘려왔던 너의 눈물 까지도
1995.10.01~10.07,20,66052,슬프도록 아름다운 ...,K2김성면,슬프도록 아름다운...,1995.01.15,Rock,K2김성면,그리움의 끝엔 언제나 눈물 속에 항상 네가 있는 것은 돌아갈 수 없는 아픔인듯 시린 추억이 가슴속에 남아서야 어느 하늘 아래 있을까 아련하게 자꾸 떠오르는 너를 한번만이라도 보고 싶은 마음 서러워 눈물로도 참지 못해 이젠 다른 삶인걸 알아 우린 같은 추억 간직한 채로 서로 사랑했던 날 만큼 아파하며 잊혀져 버릴지도 몰라 아냐 기쁜 젊은 날의 내 사랑 어떻게 널 잊을수 있어 슬프도록 아름다웠던 우리 지난 날의 사랑아 이젠 다른 삶인걸 알아 우린 같은 추억 간직한 채로 서로 사랑했던 날 만큼 아파하며 잊혀져 버릴지도 몰라 아냐 기쁜 젊은 날의 내 사랑 어떻게 널 잊을수 있어 슬프도록 아름다웠던 우리 지난 날의 사랑아 기쁜 젊은 날의 내 사랑 어떻게 널 잊을수 있어 슬프도록 아름다웠던 우리 지난 날의 사랑아
1995.10.01~10.07,21,66789,꼬마 룰라,룰라,Roo`Ra Live,1995.08,Dance,,
1995.10.01~10.07,22,104067,그리움만 쌓이네,노영심,노영심 2집,1995.06,Ballad,여진,다정했던 사람이여 나를 잊었나 벌써 나를 잊어버렸나 그리움만 남겨놓고 나를 잊었나 벌써 나를 잊어버렸나 그대 지금 그 누구를 사랑하는가 굳은 약속 변해버렸나 예전에는 우린 서로 사랑했는데 이젠 맘이 변해버렸나 아 이별이 그리 쉬운가 세월 가 버렸다고 이젠 나를 잊고서 멀리 멀리 떠나가는가 아 나는 몰랐네 그대 마음 변할줄 난 정말 몰랐었네 오 나 너 하나만을 믿고 살았네 그대만을 믿었네 오 네가 보고파서 나는 어쩌나 그리움만 쌓이네  아 이별이 그리 쉬운가 세월 가 버렸다고 이젠 나를 잊고서 멀리 멀리 떠나가는가 아 나는 몰랐네 그대 마음 변할줄 난 정말 몰랐었네 오 나 너 하나만을 믿고 살았네 그대만을 믿었네 오 네가 보고파서 나는 어쩌나 그리움만 쌓이네
1995.10.01~10.07,23,66401,떠나려는 그대를,일기예보,일기예보 2집,1995.07,Ballad,강현민,떠나려는 그대를 나의 온 맘으로 잡고 싶지만 지금의 내 모습이 너무 초라해 그대 뒷 모습에 홀로 눈물만 흘리네  아직도 내게 그댄 처음 만난 그 느낌 그대로인데 그대가 오 왜 자꾸 나를 멀리하려 하는지 알 것도 같네 내 마음을 모두 이해한다 해도 또 다가 올 현실이 두려웠고 더욱더 큰 아픔이 있기전에 모든 걸 잊고 싶어 떠나려는 그대를 나의 온 맘으로 잡고 싶지만 지금의 내 모습이 너무 초라해 그대 뒷 모습에 홀로 눈물만 흘리네  떠나려는 그대를 나의 온 맘으로 잡고 싶지만 지금의 내 모습이 너무 초라해 그대 뒷 모습에 홀로 눈물만 그댄 언제까지 나를 이렇게 멀리할 건지 나의 마음속을 슬픈 눈물로 가득 채울건지 그대를 사랑할 수 있는 건 내 마음 하나론 안되는 건지 떠나려는 그대를 나의 온 맘으로 잡고 싶지만 지금의 내 모습이 너무 초라해 그대 뒷 모습에 홀로 눈물만 흘리네 떠나려는 그대를 나의 온 맘으로 잡고 싶지만 지금의 내 모습이 너무 초라해 그대 뒷 모습에 홀로 눈물만 흘리네
1995.10.01~10.07,24,65594,불어오라 바람아,한영애,불어오라 바람아,2014.08.06,Folk,한영애,눈 감고 너를 들어봐 외롭던 사랑이 움트는 소리 깊고 긴 침묵 속에서 열리는 창문 사이 피어나는 꽃의 시련을  더이상 피할 수 없어 차라리 그대를 마주하면서 미련과 후회가 없는 내일의 끝을 향해 손짓하며 벗이 되리니  인생이란 나무를 바라보면서 새로운 오늘을 꿈꾸는것 어둠속에 쌓이는 아픔이어도 시리게 아름다운 그리움이지 불어오라 바람아 상처뿐인 곳으로 찬란한 웃음 지으며 씻어내릴 자리로 불어오라 바람아 내 너를 가슴에 품고 고통의 산맥 위에서 새 바람이 될지니  절망에서 무조건 달아나기엔 우리의 하루는 짧다는 것 외로움에 한없이 부딪친다면 우리의 삶은 너무 길어지는 것 불어오라 바람아 상처뿐인 곳으로 찬란한 웃음 지으며 씻어내릴 자리로 불어오라 바람아 내 너를 가슴에 품고 고통의 산맥 위에서 새 바람이 될지니 불어오라 바람아 상처뿐인 곳으로 찬란한 웃음 지으며 씻어내릴 자리로 불어오라 바람아 내 너를 가슴에 품고 고통의 산맥 위에서 새 바람이 될지니
1995.10.01~10.07,25,66397,왕자와 병사들,모자이크,모자이크 3,1995.04,Ballad,김준범,빠빠 빠 빠빠빠 빠빠 빠 빠빠 빠  니가 원하는 것들 모두 다 해줄순 없어 그래도 나에겐 세상 그 누구보다 귀한 내 친구들 있어 내가 늘 얘기하던 장난 칠때면 좀 짖궂기는 하지만 나보다도 날 잘 아는 친구 난 백마타고 온 왕자는 아니지만 이렇게 좋은 친구들 있잖아 여기 나의 친구들 모두 너를 좋아해 내 여자 친구라는 사실 하나만으로 우리 두 사람 사랑 영원하도록 내 친구들이 항상 우릴 축복할거야  내가 바라는 것들 모두 다 채울순 없어 너의 그 사랑만으로 때로는 너도 알 수 없는 남자들만의 세계가 필요한거야 장난 칠때면 좀 짓궂기는 하지만 나보다도 날 잘 아는 친구 난 백마타고 온 왕자는 아니지만 이렇게 좋은 친구들 있잖아 여기 나의 친구들 모두 너를 좋아해 내 여자 친구라는 사실 하나만으로 우리 두 사람 사랑 영원하도록 내 친구들이 항상 우릴 축복할거야  빠 빠빠 빠 빠빠 빠빠빠빠빠빠 여기 나의 친구들 모두 너를 좋아해 내 여자 친구라는 사실 하나만으로 우리 두 사람 사랑 영원하도록 내 친구들이 항상 우릴 축복할거야 여기 모인 친구들 모두 너를 사랑해 이젠 너도 우리들의 공주님이 된거야 오늘 우리 앞에서 너흰 약속한거야 언제까지나 서로를 사랑한다고 나나 나 나나나 나나 나 나나나 나나 나 나나나 나나 나 나나나 나나 나 나나나 나나 나 나나나 나나 나 나나나 나나 나 나나나
1995.10.01~10.07,26,1622501,사랑을 할꺼야,녹색지대,사랑을 할거야,1994.01.01,Ballad,이성환,이젠 나도 널 잊겠어  너무 힘이 들잖아 원하는 대로 해줄 순 있지만 난 더 이상 해줄게 없어 그런 나를 욕하지마 후회 할지도 몰라 철없는 생각 시간이 흐르면 그땐 이미 늦은걸 모든 것을 주는 그런  사랑을 해봐 받으려고만 하는 그런  사랑말고 너도 알고 있잖아 끝이 없는 걸 서로  참아야만 하는 걸 사랑을 할거야 사랑을 할거야 아무도 모르게 너만을 위하여 나를 지켜봐줘 나를 지켜봐줘 아무도 모르는 사랑을 모든 것을 주는 그런  사랑을 해봐 받으려고만 하는 그런 사랑말고 너도 알고 있잖아 끝이 없는 걸 서로 참아야만  하는 걸 사랑을 할거야 사랑을 할거야 아무도 모르게 너만을 위하여 나를 지켜봐줘 나를 지켜봐줘 아무도 모르는 사랑을 사랑을 할거야 사랑을 할거야 아무도 모르게 너만을 위하여 나를 지켜봐줘 나를 지켜봐줘 아무도 모르는 사랑을
1995.10.01~10.07,27,66447,유년시절의 기행,아낌없이주는나무,Ⅰ. 아낌없이 주는 나무,1995.01.01,Ballad,이혜민,어제는 하늘을 나는 아름다운 꿈을 꾸었지 오랜만의 유년 시절의 나를 발견했지 저물 무렵 빈 운동장에 커다란 나무 아래서 운동화에 채이는 비를 보며 그 애와 웃곤 했지 내가 떠나려는 것인지 주위가 변해버린 것인지 횡한 나의 두 눈은 기억 속의 너를 찾네 손 때묻은 가방과 어색한 표정의 사진들은 무뎌진 나의 가슴에 숨은 기억을 깨우네  정든 학교를 떠나고 까만 교복을 입던 날 혼돈스런 날을 보내며 조금 커가는 걸 느꼈지 내가 떠나려는 것인지 주위가 변해버린 것인지 횡한 나의 두 눈은 기억 속의 너를 찾네 손 때묻은 가방과 어색한 표정의 사진들은 무뎌진 나의 가슴에 숨은 기억을 깨우네 손 때묻은 가방과 어색한 표정의 사진들은 무뎌진 나의 가슴에 숨은 기억을 깨우네
1995.10.01~10.07,28,1698660,살다보면,권진원,권진원 Vol.2,1996,Folk,유기환,살다보면
1995.10.01~10.07,29,1606445,나 어릴 적 꿈,터보,터보 (Turbo) 1집 `280km Speed`,1995.07.01,Dance,이승호,워 워워워 워워워 워우워 워워워 워워워  너를 나만에 여자로 만들겠다는 꿈이 생긴거야 어떤 어려움이 있더라도 이룰꺼야  늘 내가 키워왔던 소중했던 내 꿈은 우리 아빠 좋아하던 대통령 음 그 꿈이 나와 같은 친구 있었지만 난 좋아 꿈이 대통령 이었다는게 나에 꿈을 위해 공부 많이 많이 했지 대통령 사진까지 걸어놨지 그런 내가 너를 처음 본 순간 내 꿈은 확 바뀌었어 처음 너를 보는 순간 나는 알게 됐지 내가 찾던 꿈이라는 걸 처음 널 본 그 느낌이 나에 모든 것을 바꾸기에 충분했었지 이젠 나에게 주어진 새로운 꿈만 간직하고 싶어 너를 위해서만 몰두하며 살아가고 싶어 너를 나만에 여자로 만들겠다는 꿈이 생긴거야 어떤 어려움이 있더라도 이룰거야 이룰거야 워 워워워 워워워 워우워 워워워 워워워 워우워 워워워 워워워 워우워 워워워  정말 이제 나는 포기했어 내가 대통령이 되려했던 그 꿈을 온 국민을 책임지는 것보단 한 여자를 책임지는 남자이고 싶어 그래 이런 나를 싱겁다고 생각하지마 이여자는 그 만큼에 가치가 있어 여잔 대단하긴 대단한가봐 확 꿈이 바뀌었으니까 처음 너를 보는 순간 나는 알게 됐지 내가 찾던 꿈이라는 걸 처음 널 본 그 느낌이 나의 모든 것을 바꾸기에 충분했었지 이젠 나에게 주어진 새로운 꿈만 간직하고 싶어 너를 위해서만 몰두하며 살아가고 싶어 너를 나만의 여자로 만들겠다는 꿈이 생긴거야 어떤 어려움이 있더라도 이룰거야 이룰거야 워 워워워 워워워 워우워 워워워 워워워 워우워 워워워 워워워 워우워 워워워
1995.10.01~10.07,30,66695,또 다른 불행,MonkeyHead,멍키헤드 2집,1995,Rock,,
1995.10.01~10.07,31,66245,프로와 아마츄어,룰라,날개 잃은 천사,1995,Dance,룰라,나는 나는 모든걸 할수가 있어  너가 나를 사랑하게 할수도 있고  너를 감동 시킬수도 있으며  모든 사랑을 만들어서   할 수도 있지  내게로 오게하고   사랑 받을 수 있어  나는 어렵다고 생각 안해  난 너와 헤어질 때를  너를 떠나는 법도   모르는게 없어 다알아  우린 우연 섞인 장난속에서   처음 만나 얘길했지  너의 말이 나의 마음을   사로잡을수 있었어  하루하루 지나 너의 모든걸   나는 알수가 있었어  나는 너의 수첩 속에서   칸을 채운 여자란걸  너를 믿고 싶었기에   내 눈물이 더 큰거야  이 세상과 바꿀수 없다고도   생각했어  누구에게 내 마음을 말할까  내 진실을 알아줄까  내가 너무 어리석어서   세상이 날 속인거야  너 땜에 너 땜에 실수한적  많았어도 널 보며 화낸적은 전혀 없었어 그 이유는 그저 널 깊게  우리 사이를 깊게  생각하지 않았어 너는 왜 착각속의  삶을 살아가는지 이렇게 저렇게 헤매이는   너의 방식찾아 너의 방식찾아 It's want man It's want man 너의 곁을 떠나기가 싫어서 내 방식을 바꿀거야  너도나를 사랑한다면 나의  진실을 받아줘 너를 믿고 싶었기에  내 눈물이 더 큰거야 이 세상과 바꿀수 없다고도  생각했어 누구에게 내 마음을 말할까 내 진실을 알아줄까 내가 너무 어리석어서  세상이 날 속인거야 어떻게 하면 내게 오고  이렇게 하면 사랑을 받고 나는 어렵다고  생각하는게 없어 떠나야할 때도 너를  떠나는 법도 모든것을 할수가 있지  아주 쉽게 내가 생각하는 사랑은  즐겁기만 하면돼 복잡하고 어지러운건 싫어 구속받는 생활이 너무 너무 싫어서 결혼 하는것 마저 귀찮아
1995.10.01~10.07,32,62098,슬픈 인연,015B,015B Big 5,1994,Ballad,정석원,멀어져 가는 저 뒷모습을  바라보면서  난 아직도 이 순간을 이별이라  하지 않겠네  달콤했었지 그 수많았던  추억 속에서  흠뻑 젖은 두 마음을 우린  어떻게 잊을까  아 다시 올거야  너는 외로움을 견딜수 없어  아 나의 곁으로 다시 돌아올거야  그러나 그 시절에 너를 또 만나서  사랑할 수 있을까  흐르는 그 세월에 나는 또 얼마나  많은 눈물을 흘리려나  아 다시 올거야 너는 외로움을  견딜수 없어  아 나의 곁으로 다시 돌아올거야  그러나 그 시절에 너를 또 만나서  사랑할 수 있을까  흐르는 그 세월에 나는 또 얼마나  많은 눈물을 흘리려나
1995.10.01~10.07,33,66156,시간이 흐른뒤에,피노키오,피노키오 2,1994.10.30,Rock,김의찬,너의 뒷모습에 익숙해져 같어  먼저 말한 이별  너의 내민 손을 잡긴 했지  아직 내 것 같지 않은 이별인데  너는 오래전부터 느낀 것 같아    잊을 수 있을거라  나는 생각했어  시간이 흐르면  몰랐던거야 갈수록  더해가는 아픔을    너는 오래전부터 느낀 것 같아    잊을 수 있을거라  나는 생각했어  시간이 흐르면  몰랐던거야 갈수록  더해가는 아픔을    잊을 수 있을거라  나는 생각했어  시간이 흐르면  몰랐던거야 갈수록  더해가는 아픔을  잊을 수 있을거라  나는 생각했어  시간이 흐르면  몰랐던거야 갈수록
1995.10.01~10.07,34,91491,포기하지 마,성진우,Virgin Flight,1994.12,Dance,주영훈,다 포기하지마 또 다른 모습에  나 살기 위해 몸부림 치는 걸    다 포기하지마 또 다른 모습에  나 살기 위해 몸부림 치는 걸  너 돌아보지마 또 힘든 네모습  더 먼곳으로 나 떠나갈꺼야  이제껏 구겨진 생활속에 지쳤어  모든걸 그렇게 지나치며 살았어  그래도 아직은 포기못해 너만은  다시금 널 찾아 떠나겠지  달려가 내 몸을 너에게 안길거야  쉽게 지나치진 못하겠지  조금씩 더 크게 네 이름 부를거야  이렇게 더 사랑하는 너를    너 돌아보지마 또 힘든 네 모습  더 먼 곳으로 나 떠나갈꺼야  이제껏 구겨진 생활속에 지쳤어  모든걸 그렇게 지나치며 살았어  그래도 아직은 포기못해 너만은  다시금 널 찾아 떠나겠지  달려가 내 몸을 너에게 안길거야  쉽게 지나치진 못하겠지  조금씩 더 크게 네 이름 부를거야  이렇게 더 사랑하는 너를  달려가 내 몸을 너에게 안길거야  조금씩 더 크게 네 이름 부를거야  이렇게 더 사랑하는 너를
1995.10.01~10.07,36,1620554,날 위한 이별,김혜림,날 위한 이별,1994.10.01,Ballad,"박주연,김형석",난 알고 있는데 다 알고 있는데 니가 있는 그 곳 어딘지 너도 가끔씩은 내 생각날꺼야 술이 취한 어느 날 밤엔 누구를 위한 이별이었는지 그래서 우린 행복해 졌는지 그렇다면은 아픔의 시간들을 난 어떻게 설명해야만 하는지 돌아와 니가 있어야 할 곳은 바로 여긴데 나의 곁인데 돌아와 지금이라도 날 부르면 그 어디라도 나는 달려 나갈텐데 돌아와 우리 우연한 만남이 아직도 내겐 사치인가봐 돌아와 나를 위한 이별이었다면 다시 되돌려야 해 나는 충분히 불행하니까 누구를 위한 이별이었는지 그래서 우린 행복해 졌는지 그렇다면은 아픔의 시간들을 난 어떻게 설명해야만 하는지 돌아와 니가 있어야 할 곳은 바로 여긴데 나의 곁인데 돌아와 지금이라도 날 부르면 그 어디라도 나는 달려 나갈텐데 돌아와 우리 우연한 만남이 아직도 내겐 사치인가봐 돌아와 나를 위한 이별이었다면 다시 되돌려야 해 나는 충분히 불행하니까
1995.10.01~10.07,37,58506,널 보낸 후에,최재훈,외면,1994.07.01,Ballad,김혜선,처음부터 잘못된 만남인걸   알지만 그댈 사랑했을 뿐   아름다운 그대 지워지지가 않아   그댄 지금 어디에  얼마나 아파해야 하는지   그대를 잊을수 있는 걸까   아무 이유없이 날 외면하고 있어   그댄 지금 어디에  알고 있어 그대 떠난 이유를   그땐 왠지 너무 힘이 들었어   다시 못올 길을 가고 있지만   다시 한번 너를 안고 싶어져   사랑해 아픔이 쌓인 만큼   기억할 수 있을 때까지   워 그대여 내 맘 알고 있다면   돌아와줘 내게로   사랑해 아픔이 쌓인 만큼   기억할 수 있을 때까지   워 그대여 내 맘 알고 있다면   돌아와줘 내게로  사랑해 아픔이 쌓인 만큼   기억할 수 있을 때까지   워 그대여 내 맘 알고 있다면
1995.10.01~10.07,38,1719746,내가 만일,안치환,너를 사랑한 이유,1999.02.18,Folk,김범수,내가 만일 하늘이라면 그대 얼굴에 물들고 싶어 붉게 물든 저녁 저 노을처럼 나 그대 뺨에 물들고 싶어 내가 만일 시인이라면 그댈 위해 노래하겠어 엄마 품에 안긴 어린아이처럼 나 행복하게 노래하고 싶어 세상에 그 무엇이라도 그대위해 되고 싶어 오늘처럼 우리 함께 있음이 내겐 얼마나 큰 기쁨인지 사랑하는 나의 사람아 너는 아니 워 이런 나의 마음을 내가 만일 구름이라면 그대위해 비가 되겠어 더운 여름날의 소나기처럼 나 시원하게 내리고 싶어 세상에 그 무엇이라도 그대위해 되고싶어 오늘처럼 우리 함께 있음이 내겐 얼마나 큰 기쁨인지 워 세상에 그 무엇이라도 그대위해 되고싶어 오늘처럼 우리 함께 있음이 내겐 얼마나 큰 기쁨인지 사랑하는 나의 사람아 너는 아니 워 이런 나의 마음을 이런 나의 마음을
1995.10.01~10.07,39,38929,널 보내지 않아,강수지,Kang Susie 6,2000.01.14,Ballad,박주연,얼마나 내가 널 다시 만날거라 믿어 왔는지 얼마나 내가 날 이겨내야 했는지  그러니 세월에 안부는 그만  어떻게 내가 니가 아니었다면 기다렸겠니 어떻게 내가 널 잊을 수 있었겠니  내 지난 아픔이 너의 얘긴걸 하지만 이제 넌 내 앞에 서있어 이제야 끝난걸 우릴 시험했던 시간들 놓쳐버린 지난 날을 위해 아낌없이 사랑하기로 해 결코 길지가 않아 우리 함께 할 날들이 어떤 일이 있어도 다시는 헤어지지마 그리고 이젠 내가 널 보내지 않아 내가 원한 마지막 사랑이 바로 너 너뿐인걸  하지만 이제 넌 내 앞에 서있어 이제야 끝난걸 우릴 시험했던 시간들 놓쳐버린 지난 날을 위해 아낌없이 사랑하기로 해 결코 길지가 않아 우리 함께 할 날들이 어떤 일이 있어도 다시는 헤어지지마 그리고 이젠 내가 널 보내지 않아 내가 원한 마지막 사랑이 바로 너 너뿐인걸
1995.10.01~10.07,40,37421,우리,들국화,들국화 3집,1995.04.01,Rock,전인권,그대 가슴속에 숨었던 파란싹들 다시 돋아나고 기댈 곳 없었던 그대 사랑 그대 곁에 피어날때 우리 우리 다시 가야 할 길 진정한 자유로 시작되고 기댈 곳 없었던 그대 사랑 모두 함께 피어날때 우리 오월의 날개를 움추리고 시월의 가슴으로 서로 달래며 바라고 바라던 자유로 숨쉬고 싶었던 우리 우우 그대 가슴속에 숨었던 파란싹들 다시 돋아나고 기댈 곳 없었던 그대 사랑 그대 곁에 피어날때 우리 우리 다시 가야 할 길 진정한 자유로 시작되고 기댈 곳 없었던 그대 사랑 모두 함께 피어날때 우리 우리 이제 가야할 길 파란 하늘 다시 열리고 기댈 곳 없었던 그대 사랑 모두 함께 피어날때 우리
1995.10.01~10.07,41,607938,너의 곁에 있고 싶어,신효범,5집,1995,Ballad,신효범,그냥 그대로 있어 떠나지 말아 네가 떠나면 나는 혼자인데 떠나는 널 보며 울고싶지는 않아 잠시 너의 곁에 있게 해줘  너를 보내야만 하는 이 깊은 슬픔속에서 돌아서는 너를 위해 이렇게 웃고 있잖아  너는 떠나겠지 아무 일 없는 듯 우리 사랑마저 없던 것처럼  너를 보내야만 하는 이 깊은 슬픔속에서 마지막 이 순간까지 널 위해 웃고 있잖아  너는 떠나겠지 아무 일 없는 듯 우리 사랑마저  잊은 것처럼
1995.10.01~10.07,42,91486,그대만의 전설,오태호,"허무, 그 진실한 시작, 그 자유로움",1994.11,Ballad,오태호,TV의 멋진 주인공들도 날 스치는 거리의 사람들도 모두들 나 이외에는 행복해 보이던 쓸쓸한 사춘기를 지나 보내지도 못할 편지에 가득 내 눈물을 흘렸던 스무살 어느날 누구나 그렇게 지나온 길이지만 모든 건 지금부터 어두운 그림자를 보며 원망했어도 이젠 등을 돌려 눈부신 태양을 봐 그댈 부르는 많은 유혹에 웃으며 그대의 길을 가 이젠 안녕 지나간 날들 떠나간 사랑에게도 마지막 인사 나누고 늦지않아 지켜볼게 푸르른 인생에 그릴 그대만의 전설  그대 하고싶은 일이 크진 않아도 화려하고 점점 어지러운 세상을 떠나 그 어디에서라도 조용히 빛을 발하는 그런 별이 되길 이젠 안녕 지나간 날들 떠나간 사랑에게도 마지막 인사 나누고 늦지않아 지켜볼게 푸르른 인생에 그릴 그대만의 전설 늦지않아 지켜볼게 푸르른 인생에 그릴 그대만의 전설
1995.10.01~10.07,43,65025,하루,장필순,하루,1995.03.01,Ballad,,도시의 희뿌연 아침 열리고  가로수 긴팔 벌려 하품할때  그대의 머리위에 야속한 괘종시계 소리높여 노래 부르고 저만치 달아나는 시간의 꼬릴 잡으려 허둥대는 아침의 뒷모습  하늘엔 낯익은 구름의 행진 길게 누운 강물의 꿈틀거리는 몸짓  쏟아지는 햇살과 스쳐가는 바람에 나의 몸은 한없이 나른해지고 물결치듯 숨가쁜 자동차와 사람들 머리위엔 한없이 높은 하늘  아쉬운 저녁해가 먼 산을 넘을때 고개숙인 가로등 하나둘씩 눈 비비고  좁은 가슴 가득히 밀려오는 외로움 이렇게 하루가 저무네
1995.10.01~10.07,44,62595,10년후에,박지원,느낌만으로,1995,Dance,,10년후에 나의 모습들을 생각하며 홀로 웃음짓네 지금 내 모습과 많이 달라지겠지 이제껏 그랬듯이 10년후에 너의 모습들을 생각하며 괜한 미소를짓네 너도 지금과는 많이 변해있겠지 모든것이 변해가듯이 너와 나도 변해 가겠지만 영원히 변치않을 순수함을 서로가 간직했으면 좋겠어 10년후에 우리모습들을 생각하며 가슴설레여 보네 처음 만났을때 그런 마음이면 좋겠어 모든것이 변해가듯이 너와 나도 변해 가겠지만 변한건 모습일뿐 마음만은 언제나 늘 같았으면 좋겠어  모든것이 변해가듯이 너와 나도 변해 가겠지만 언제나 우린 서로 소중함을 느끼며 사랑했으면 좋겠어 지금도 나의 곁에 느껴지고 있어 너의 따스한 온기와 너만이 가질 그 향기로움 모든것이 변해가듯이 너와 나도 변해 가겠지만 변한건 모습일뿐 마음만은 언제나 늘 같았으면 좋겠어
1995.10.01~10.07,45,63264,Happy End (Edit Ver.),김범수,Guardian Angel (수호천사),1996.10.01,Electronica,박창학,그래 여기까지 난 걸어왔지 어느새 내가 갖고 싶었던 모든 것은 버린채 이젠 눈물없이 끝내고 싶어 내게 보여준 꿈들도 모두다 가져가 너 하나따윈 내게 없어도 달라지는건 없으니 괜찮아 괜찮아 난 이제는 처음 그 자리로 돌아가겠어 늘 나만을 기다리는 또 하나의 나에게  나 누구보다 잘 알고있지 너쯤은 다신 가까워질 수 없는 길로 떠난걸 이젠 눈물없이 끝내고 싶어 내게 보여준 꿈들도 모두다 가져가  너 하나따윈 내게 없어도 달라지는건 없으니 괜찮아 괜찮아 난 이제는 처음 그 자리로 돌아가겠어 늘 나만을 기다리는 또 하나의 나에게  이젠 눈물없이 끝내고 싶어 내게 보여준 꿈들도 모두다 가져가 너 하나따윈 내게 없어도 달라지는건 없으니 괜찮아 괜찮아 이젠 눈물없이 끝내고 싶어 내게 보여준 꿈들도 모두다 가져가
1995.10.01~10.07,46,61240,내게로,장혜진,Before The Party,1994.11.01,Ballad,박창학,너무 서두르지마  견디기 힘이들때면 애써 따라오려 하지말고 오히려 더 천천히 그래 그렇게 다가와  내가 여기에서 기다릴게 숨이 찰땐 걸어오렴 힘이들 때 그랬던 것처럼 앞으로도 우린 아주 먼길을 가야만 해  서두르지마  함께 걸어가는 것  그것이 내겐 소중해  조금 늦는것쯤 상관없어  내가 지쳐있을 때 네가 기다려준 것처럼  내가 여기있어 힘을 내 봐 숨이 찰땐 걸어오렴  힘이 들때 그랬던 것처럼 앞으로도 우린 아주 먼길을 가야만 해  서두르지마  걱정마 기다리고 있어  이젠 멀지않아 조금만 더 힘을 내  내가 너의 두팔을 잡아줄 수 있도록  숨이찰 땐 걸어오렴 힘이들 때 그랬던 것처럼 앞으로도 우린 아주 먼길을 가야만 해  서두르지마  숨이찰 땐 걸어오렴 힘이들 때 그랬던 것처럼 앞으로도 우린 아주 먼길을 가야만 해  서두르지마
1995.10.01~10.07,47,1675412,약한 남자,듀스,Live 199507151617,1995.07.01,Rap / Hip-hop,이현도,지금 나의 마음속에 그리고 또 머리 속에 꽉꽉 차있는 건 바로바로바로 너를 향한 나의 벅찬 이 마음 뿐이야 아주 오랫동안을 그렇게 매일 마다 너의 얼굴 생각해 왔어 이런 내 처지를 어떻게 해야 너한테 알릴 수가 있지 침착해 혹시나 그래 맞아 만일에 남자친구가 있다면 어떡하지 난 이렇게 생각해 봐도 안되고 다르게 생각해 봐도 안되고 나는 정말 고민이 너무 많아 하지만 역시 나는 만일에 남자친구가 없다고 해도 걱정이야  오늘 만나서 나의 마음을 보여줘야 할까 오직 나의 마음에는 항상 너뿐이라고 말이야 하지만 두려워 그렇게도 망설이던 나 드디어는 심지어는 이제 네게 고백하기로 했어 준비가 됐어 나 더 이상은 고민하며 지낼 수는 없었어 잘못되어 버릴 수 있다는 걸 난 알아 그래도 혹시 몰라 나 몰라 아 아 다만 가만히 이렇게 계속 내가 있으면 아무것도 아니라는게 더 두려워 이제 나 용감해져야 돼 너를 너를 얻기 위해서라면 너를 얻기 위해서라면 나는 뭐든지 할 수 있을 것 같아 불안함에 몸은 떨리지만 나는 그래도 남자라고 사람들은 말해 주지 그래 그래 나는 용감하게 정면으로 부딪치는 거야 오기를 길가 옆 골목에서 기다리고 있어 오고 있어 저기 but 갑자기 머리가 복잡해  이렇게 복잡해 신은 정말 없는 걸까 나는 어째서 이리도 어지러운 걸까 오오 어쩌면은 나를 이렇게 참담하게 하는 거야 이제는 두 번다시 나설 수가 없어 영영 안녕이라고 말해야겠지 너무나 가슴이 아파 나는 쓰러져 버릴 것 같아 지금 너의 그런 표정 정말 나는 처음 봤어 다시 다시 비기리 다시 두 번 다시 못 볼 그런 얼굴이었지 그리고 더욱 충격은 그런 차가운 목소리 평생 처음 들었어 이제 나는 똑똑히 알게 되었지 너의 이상형은 내가 결코 절대 아님을 평생 기억에 남을 지금 내 눈의 눈물 오만 하기만한 너의 그 작고 예쁜 얼굴 오늘 일은 결코 나는 잊을 수가 없을 꺼야 오예오 오예오예 오 오예오 오예오예 오  오예오 오예오예 오 오예오 오예오예 오
1995.10.01~10.07,48,66105,Mystery,봄여름가을겨울,Mystery,1995.02,Rock,김종진,길을 가다 눈에 뜨이는 수많은 불빛 그리고 사람들 세상 살면 겪어야 할 수많은 새로운 일들이 많아 이것이 바로 내가 품었던 어린 시절 소중히 간직한 꿈이었을까 이토록 이해할 수 없는 건 소설속에서나 볼 수 있는 건 줄 알았지 마치 미스테리 영화 한편 보고 있는 듯한 모습 식어버린 가슴 속에 담겨있는 것이 마치 미스테리 영화 속을 살고있는 듯한 모습 익숙해진 눈길 속에 담겨있는 것이 미스테리  길을 가다 눈에 뜨이는 수많은 불빛 그리고 사람들 작은 새장 속에 갇혀 나 또한 스스로 날려하질 않아 이것이 바로 내가 품었던 어린 시절 소중히 간직한 꿈이었을까 이토록 이해할 수 없는 건 소설속에서나 볼 수 있는 건 줄 알았지 마치 미스테리 영화 한편 보고 있는 듯한 모습 식어버린 가슴 속에 담겨있는 것이 마치 미스테리 영화 속을 살고있는 듯한 모습 익숙해진 눈길 속에 담겨있는 것이 미스테리  미스테리 영화 한편 보고 있는 듯한 모습 식어버린 가슴 속에 담겨있는 것이 마치 미스테리 영화 속을 살고있는 듯한 모습 익숙해진 눈길 속에 담겨있는 것이 마치 미스테리 영화 한편 보고 있는 듯한 모습 식어버린 가슴 속에 담겨있는 것이 마치 미스테리 영화 속을 살고있는 듯한 모습 익숙해진 눈길 속에 담겨있는 것이 미스테리
1995.10.01~10.07,49,61776,산다는 건 다 그런게 아니겠니,여행스케치,다 큰 애들 이야기,1994.09.18,Folk,조병석,너는 어떻게 살고있니 아기 엄마가 되었다면서  밤 하늘의 별빛을 닮은 너의 눈빛  수줍던 소녀로 널 기억하는데  오늘 부부싸움도 해 보니 남편은 벌이가 괜찮니  자나깨나 독신만 고집하던 니가  나보다 먼저 시집갔을 줄이야  산다는 건 그런게 아니겠니  원하는 대로만 살수는 없지만  살 수 없는 내일이 있다는건 설레는 일이야  두렵기는 해도 산다는건 다 그런거야  누구도 알수 없는 것    지금도 떡볶일 좋아하니 요즘도 가끔식 생각하니  자율 학습시간에 둘이 몰래 나와  사 먹다 선생님께 야단 맞던일  아직도 마음은 그대로인데 겉보습이 많이 변했지  하지만 잃어버린 우리의 모습은  우리를 닮은 아이들의 몫인걸  산다는건 그런게 아니겠니  원하는 대로만 살수는 없지만  살 수없는 내일이 있다는건 설레는 일이야  두렵기는 해도 산다는건 다 그런거야  누구도 알수 없는 것  산다는건 그런게 아니겠니  원하는 대로만 살수는 없지만  살 수없는 내일이 있다는건 설레는 일이야  두렵기는 해도 산다는건 다 그런거야  누구도 알수 없는 것
1995.10.01~10.07,50,62461,너를 만난 후로,김건모,김건모 3집 - 잘못된 만남,1995,Dance,김창환,오예 아리아 오 아리아리아 오아 지금 내게 필요한 건 너의 관심뿐이야 오예 아리아 오 아리아리아 오아 너를 만난후 부터 난 달라지고 있어 너는 나를 처음 만난 그날부터 내게 너무나 많은 것을 요구하기 시작했어 나의 머리 나의 패션 나의 스타일이 어울리지 않는다면 바꾸길 원했고 그런데 나는 왠지 익숙하진 않았지만 사랑이 뭔지 나를 바꿔가기 시작했어 처음에 거릴 걸을땐 사람들이 나만 쳐다보는 것만 같은 어색함을 느꼈지만 이제는 나도 괜찮아 모든게 익숙해져 있어 널 사랑할 수만 있다면 얼마든지 바꿀거야 변해가는 내모습은 꼭 널 위해서 만은 아니야 내 자신이 내 스스로 너에게 맞춰갈 뿐이지 오예 아리아 오 아리아리아 오아 지금 내게 필요한 건 너의 관심뿐이야 오예 아리아 오 아리아리아 오아 너를 만난후 부터 난 달라지고 있어 누구의 말에도 나는 내 생각을 굽힌적은 없어 지금껏 나는 누구의 간섭도 받고 싶지 않았는데 왜 너는 나에게 있어 그렇게 특별한 것처럼 지금껏 나의 생각들을 모두 바꿔 버렸는지 너에게만은 왠지 나는 이기고 싶지 않아 너와의 거릴 좁혀가고 싶은 마음뿐야 이런 걸 흔히 말하는 사랑이라는 감정일까 너에게만은 자존심도 필요 없는데 이제는 나도 괜찮아 모든게 익숙해져 있어 널 사랑할 수만 있다면 얼마든지 바꿀거야 변해가는 내모습은 꼭 널 위해서 만은 아니야 내 자신이 내 스스로 너에게 맞춰갈 뿐이지 그리고 난 변했어 워 난 달라졌어 그리고 난 변했어 너를 만난 후로 나는 변해가고 있어 그리고 난 변했어 워 난 달라졌어 그리고 난 변했어 너를 만난 후로 나는 변해가고 있어 난 쉽게 무너져 버렸지 넌 내게 특별했으니까 아무런 강요도 너는 내게  하지 않았는데 나는 네게 너무 쉽게  끌려가고 있어 난 나의 감정들을 모두 너 네게 맏겨버린거야 사랑이 없던 내 마음에 너는 다가와서 너 만의 공간속에 나를 가둬 버린거야 이제는 나도 괜찮아 모든게 익숙해져 있어 널 사랑할 수만 있다면 얼마든지 바꿀거야 변해가는 내모습은 꼭 널 위해서 만은 아니야 내 자신이 내 스스로 너에게 맞춰갈 뿐이지 오예 아리아 오 아리아리아 오아 지금 내게 필요한 건 너의 관심뿐이야 오예 아리아 오 아리아리아 오아 너를 만난후 부터 난 달라지고 있어 오예 아리아 오 아리아리아 오아 그리고 난 변했어 워 달라졌어 오예 아리아 오 오예 아리아 오아 그리고 난 변했어 너를 만난후로  나도 변해가고 있어
