time,rank,song_id,title,singers,album,date,genre,creator,lyric
1994.03.13~03.19,1,56870,핑계,김건모,김건모 2집,1993,Dance,김창환,지금도 이해할 수 없는 그 얘기로  넌 핑계를 대고 있어 내게 그런 핑곌 대지마 입장 바꿔 생각을 해봐  니가 지금 나라면 넌 웃을 수 있니  혼자 남는 법을 내게 가르쳐 준다며  농담처럼 진담인 듯 건넨 그 한마디 안개꽃 한다발 속에 숨겨둔 편지엔  안녕이란 두 글자만 깊게 새겨 있어 이렇게 쉽게 니가 날 떠날 줄은 몰랐어 아무런 준비도 없는 내게  슬픈 사랑을 가르쳐 준다며 넌 핑계를 대고 있어 내게 그런 핑곌 대지마 입장 바꿔 생각을 해봐  니가 지금 나라면 넌 웃을 수 있니  혼자 남는 법을 내게 가르쳐 준다며  농담처럼 진담인듯 건넨 그 한마디 안개꽃 한다발 속에 숨겨둔 편지엔  안녕이란 두 글자만 깊게 새겨있어 이렇게 쉽게 니가 날 떠날 줄은 몰랐어 아무런 준비도 없는 내게  슬픈 사랑을 가르쳐 준다며 넌 핑계를 대고 있어 이렇게 쉽게 니가 날 떠날 줄은 몰랐어 아무런 준비도 없는 내게  슬픈 사랑을 가르쳐 준다며 넌 핑계를 대고있어
1994.03.13~03.19,2,2183382,달의 몰락,김현철,횡계에서 돌아오는 저녁,1993.11.01,Ballad,김현철,달이 진다 달이 진다  달이 진다 달이 진다  나를 처음 만났을 때도  그녀는 나에게 말했지  탐스럽고 이쁜 저 이쁜 달 나랑 매일 만날 때에도  그녀는 나에게 말했어  탐스럽고 이쁜 달이 좋아  그녀가 좋아하던 저 달이  그녀가 사랑하던 저 달이 지네  달이 몰락하고 있네 나를 무참히 차 버릴 때도  그녀는 나에게 말했지  탐스럽고 이쁜 저 이쁜 달 나랑 완전히 끝난 후에도  누군가에게 말하겠지  탐스럽고 이쁜 달이 좋아  그녀가 좋아하던 저 달이  그녀가 사랑하던 저 달이 지네  달이 몰락하고 있네   그녀가 좋아하던 저 달이  그녀가 사랑하던 저 달이 지네  달이 몰락하고 있네   그녀가 좋아하던 저 달이  그녀가 사랑하던 저 달이 지네  달이 몰락하고 있네  나도 그녀를 잊을 수 있다면
1994.03.13~03.19,3,57583,오래전 그날,윤종신,The Natural,1993,Ballad,박주연,교복을 벗고 처음으로 만났던 너 그때가 너도 가끔 생각 나니 뭐가 그렇게도 좋았었는지 우리들만 있으면 너의 집 데려다 주던 길을 걸으며 수줍게 나눴던 많은 꿈 너를 지켜주겠다던 다짐 속에 그렇게 몇해는 지나 너의 새 남자친구 얘길 들었지 나 제대하기 얼마 전 이해했던 만큼 미움도 커졌었지만 오늘 난 감사 드렸어 몇 해 지나 얼핏 너를 봤을때 누군가 널 그처럼 아름답게 지켜주고 있었음을 그리고 지금 내 곁엔 나만을 믿고 있는 한 여자와 잠못드는 나를 달래는 오래전 그  노래 만이 새 학기가 시작되는 학교에는 그 옛날 우리의 모습이 있지 뭔가 분주하게 약속이 많은 스무살의 설레임 너의 학교 그 앞을 난 가끔 거닐지 일상에 찌들어 갈때면 우리 슬픈 계산이 없었던 시절 난 만날수 있을테니 너의 새 남자친구 얘길 들었지 나 제대하기 얼마 전 이해했던 만큼 미움도 커졌었지만 오늘 난 감사 드렸어 몇 해 지나 얼핏 너를 봤을때 누군가 널 그처럼 아름답게 지켜주고 있었음을 그리고 지금 내 곁엔 나만을 믿고 있는 한 여자와 잠못드는 나를 달래는 오래전 그  노래 만이
1994.03.13~03.19,4,1675281,우리는,듀스,Deuxism,1993.12.30,Rap / Hip-hop,이현도,난 누군가 또 여긴 어딘가 지금 저 멀리서 누가 날 부르고 있어- 난 누군가 또 여긴 어딘가 이젠 우린 앞을 향해서만 나가겠어- 주위를 아무리 둘러봐도 내곁엔 항상 어둠뿐이었지- 느낄수 있는건 나의 힘든 거친 숨소리 하나일-뿐 무너져버린 희망 또 후회속에 난 지내왔지 하지만 이제 나는 저 알수 없는 빛을 향해 달려가고 있어- 난 누군가 또 여긴 어딘가 지금 저 멀리서 누가 날 부르고 있어- 난 누군가 또 여긴 어딘가 이젠 우린 앞을 향해서만 나가겠어- 모든건 생각하기에 달려 있는거야 너 그리고 나 다들 모두 마찬가지야 내게로 주어져 있는 생은 나에게 소중한 걸 나는 살아가며 이제 깨닫게 되었어 언제까지나 힘들지만은 않을거야 비록 지금의 그대가 믿을 수 없어도 우 지금이 힘들어도 그대가 믿기만 한다면 언젠가 새로운 모습이 되었을거야  나에게 힘든 수많은 일들 나를 쓰러지게 만들었어도- 나에겐 앞으로 더욱 많은 날들이 남아 있을뿐이야 무너져버린 희망 또 후회속에 난 지내왔지 하지만 이제 나는 내 앞에 있는 그댈 향해 달려가고 있어- 난 누군가 또 여긴 어딘가 지금 저 멀리서 누가 날 부르고 있어- 난 누군가 또 여긴 어딘가 이젠 우리 앞을 향해서만 나가겠어-  난 누군가 또 여긴 어딘가 지금 저 멀리서 누가 날 부르고 있어- 난 누군가 또 여긴 어딘가 이젠 우린 앞을 향해서만 나가겠어-
1994.03.13~03.19,5,108385,마지막 승부,김민교,마지막 승부 OST,1994.01.01,"Drama,Rock",강은경,처음부터 알순 없는 거야   그 누구도 본적 없는 내일   기대만큼 두려운 미래지만   너와 함께 달려가는 거야   힘이 들면 그대로 멈춰 눈물   흘려도 좋아   이제 시작이란 마음만은 잊지마   내 전부를 거는거야 모든   순간을 위해   넌 알잖니 우리삶에   연습이란 없음을   마지막에 비로소 나 웃는   그날까지   포기는 안해 내겐 꿈이 있잖아   처음부터 내것은 없는 거야   살아가며 얻고 또 잃는 것   하고 싶은 일들과 해야할 일   방황했던 날도 많았었지   힘이 들면 그대로 멈춰   눈물 흘려도 좋아   이제 시작이란 마음만은 잊지마   내 전부를 거는거야 모든   순간을 위해   넌 알잖니 우리삶에   연습이란 없음을   마지막에 비로소 나 웃는   그날까지   포기는 안해 내겐 꿈이 있잖아   내 전부를 거는거야 모든   순간을 위해   넌 알잖니 우리삶에 연습이란   없음을   마지막에 비로소 나 웃는  그날까지  포기는 안해 내겐 꿈이 있잖아
1994.03.13~03.19,6,57513,추억#1,조규찬,Since 1993,1993.12,Ballad,조규찬,나에게서 멀어진건 거짓없는 그대 사랑일뿐 난 괜찮아 그대 떠나가도 잊을 수 있어 그대 웃음마저도 그대와 함께 바라본 그 하얀 구름을 잊을 수 있을까 수 많은 사람과 그 햇살 그 향기마저도 잊을 수 있을까  난 �I찮아 그대 떠나가도 잊을 수 있어 그대 웃음마저도 그대와 함께 거닐던 그 하얀 거리를 잊을 수 있을까 수많은 얘기와 그 눈물 뒷모습마저도 잊을 수 있을까 그대와 함께 바라본 그 하얀 거리를 잊을 수 있을까 수많은 얘기와 그 눈물 뒷모습마저도 잊을 수 있을까
1994.03.13~03.19,7,1877188,넌 언제나,모노,넌 언제나,1993.10.25,Ballad,장경아,넌 언제나 넌 언제나  하루하루 늘어갈 뿐이야  널 향한 그리움은 아픔은  늘 새롭지만 넌 너의 길을 가네  원한다면 기다릴 수 있어  난 그대로인거야 떠난 건  너 혼자였으니 그대로   돌아오면 돼  내 잘못을 탓하는 것이라면  돌아온 후에도 늦진 않아  아직 시간이 있는데 네가 떠난  그 모습 그대로 머물러   있을거야  더 이상 거짓으로 나를  위로하고 싶진 않아 처음으로  사랑을 알았어 다시 널   찾을거야  이제야 너를 위해 내가   살아있다는 걸 느꼈어   원한다면 기다릴 수있어  난 그대로인거야 떠난 건  너 혼자였으니 그대로   돌아오면 돼  내 잘못을 탓하는 것이라면  돌아온 후에도 늦진 않아  아직 시간이 있는데 네가 떠난  그 모습 그대로 머물러 있을거야  더 이상 거짓으로 나를 위로하고  싶진 않아 처음으로   사랑을 알았어  다시 널 찾을거야 이제야   너를 위해  내가 살아있다는 걸 느꼈어
1994.03.13~03.19,8,91114,난 널 사랑해,신효범,신효범 4집,1994,Ballad,엄승섭,힘겨운 아침 햇살을 받으며 눈을 뜨니 어제의 내가 아님을 나는 느꼈던거야 수 많은 시간 헤메며 방황했던 지난날들 난 널 사랑해 너의 모든 몸짓이 큰 의미인걸 난 널 사랑해 내 마음 깊은곳에 영원히 어두운 지난 날들의 슬픔은 기쁨되고 사랑은 우리들에게 한 조각 꿈이었음을 수 많은 시간 헤메며 방황했던 지난날들 난 널 사랑해 너의 모든 몸짓이 큰 의미인걸 난 널 사랑해 내 마음 깊은곳에 영원히 창가에 기대어 홀로서면 밤새 흐르는 눈물 난 널 사랑해 너의 모든 몸짓이 큰 의미인걸 난 널 사랑해 내 마음 깊은곳에 영원히
1994.03.13~03.19,9,172354,비창,이상우,결혼 OST,1994.02.01,"Drama,Ballad",박수진,나 이제 너를 떠나려 해  잠시 너를 외면하려해  늘 기다리던 그 길  어둠 베인 가슴 안고   아픔이겠지 함께 듣던  피아노 선율까지도  낡은 외투에 손을 넣으며  가슴 저몄던 날들   널 항상 기억해  힘이 되는 슬픔으로  다시 사랑하기 위해  널 보내는 거야   나 이제 너를 떠나려 해  잠시 너를 외면하려해  늘 기다리던 그 길  어둠 베인 가슴 안고   아픔이겠지 함께듣던  피아노 선율까지도  낡은 외투에 손을 넣으며  가슴 저몄던 날들   널 항상 기억해  힘이 되는 슬픔으로  다시 사랑하기 위해  널 보내는 거야 -
1994.03.13~03.19,10,532083,내게,이승환,My Story,1993.09,Ballad,김광진,그렇게 기다리던 당신의 생일인데  창 밖으로 그대 모습을 그리고만 있네  장미꽃 한 다발을 가슴에 드리고 싶지만  표정없는 그대 모습이 너무 두려워  돌아갈 수 없는 날이 눈 앞에 그림처럼 스쳐가고  남겨진 것은 바래져 가는 사진 하나  눈부신 아침햇살이 밝아도 너를 볼 수 없다기에  어쩔 수 없이 흘러내린 눈물  약해지지마 흔들리지마 내게 다시 올거야  넌 이제 나를 슬프게 할 수 없어 그럴 순 없어  돌아갈 수 없는 날이 눈 앞에 그림처럼 스쳐가고  남겨진 것은 바래져 가는 사진 하나  이별이란 말은 우리 사이엔 어울리지 않았지만  어쩔 수 없이 흘러내린 눈물    돌아갈 수 없는 날이 눈 앞에 그림처럼 스쳐가고  어쩔 수 없이 흘러내린 눈물    약해지지마 흔들리지마 내게 다시 올거야  넌 이제 나를 슬프게 할 수 없어 그럴 순 없어  믿을 수 없어 약속하지마 내게 그럴 순 없어
1994.03.13~03.19,11,171202,다시 시작해,이창권,마지막 승부 OST,1995.02.01,Drama,박용진,너의 맑은 눈빛이 문득 흐려질때  나는 분명히 보았지 눈가에 고인 눈물  때론 어둠속에서 방황하겠지만  네가 일어설 수 있도록 내가 너의 두손 잡아줄께  이제 다시 시작해봐 눈물을 감추고  우리의 남은 사랑이 영원할 수 있게  이제 다시 시작해봐 눈물을 감추고  우리가 나눈 사랑이 영원할 수 있게  이제 다시 시작해봐 눈물을 감추고  우리의 남은 사랑이 영원할 수 있게  이제 다시 시작해봐 눈물을 감추고  우리가 나눈 사랑이 영원할 수 있게
1994.03.13~03.19,12,54766,난 알아요,서태지와아이들,Taiji Boys Techno Mix & Live,1992.11.20,Dance,서태지,I once met a lady she was all so fine and the only thing I wanted was to make her mine I was all so sweet and all so kind and like a man whose in love I was all so blind Cause from the first time I saw her I became obsessed and the only thing I wanted was her sweet caress She had the pretty eyes and the smoothest skin but she left me on the outside trying to get in check this out  난 정말 그대 그대만을 좋아했어 나에게 이런 슬픔 안겨주는 그대여 제발 이별만은 말하지 말아요 나에겐 오직 그대만이 전부였잖아 Please wait for me listen to my words Babe I love you I can't understand 오 그대여 가지 마세요 나는 지금 울잖아요  난 알아요 이 밤이 흐르면 yo yo yo 그대 떠나는 모습을 뒤로하고 마지막 키스에 슬픈 마음 정말 떠나는가  난 알아요 이 밤이 흐르고 흐르면 누군가가 나를 떠나 버려야 한다는 그 사실을 그 이유를 이제는 나도 알 수가 알 수가 있어요 사랑을 한다는 말을 못했어 어쨌거나 지금은 너무 늦어 버렸어 그때 나는 무얼 하고 있었나 그 미소는 너무 아름다웠어  Listen to what I say I'm going to be your friend more precious thing some where by me I never forget you truly Please wait for me listen to my words 오 그대여 가지 마세요 울잖아요  오 그대여 가지 마세요 나를 정말 떠나가나요 오 그대여 가지 마세요 나는 지금 울잖아요 Please wait for me listen to my words Babe I love you I can't understand Please wait for me listen to my words think about you all the time
1994.03.13~03.19,13,54182,다시만난 너에게,피노키오,다시만난 너에게,1992.11.30,Rock,,내가 처음 보았던 기억속에 파란 하늘빛 미소 여전한 넌 지난 시간 세월을 얘기하듯 야윈 모습으로 손을 내밀고 나 역시 서툰 웃음과 어색한 시간이 흐른 뒤 나의 맘 속에 맘으로 널 그리워 해왔었다 말했지  이젠 다시 사랑을 가슴에 묻고 나누어지는 슬픔은 없을꺼야  내안에 있는 소중한 것을 모두다 너에게 주고 싶어  나 역시 서툰 웃음과 어색한 시간이 흐른 뒤 나의 맘 속에 맘으로 널 그리워 해왔었다 말했지  이젠 다시 사랑을 가슴에 묻고 나누어지는 슬픔은 없을꺼야  내안에 있는 소중한 것을 모두다 너에게 주고 싶어  그리움에 보낸 날들은 너의 절실함을 일깨워주고  어떤 어려움에도 견딜 수 있는 널 향한 사랑에게 보여주었어  그리움에 보낸 날들은 너의 절실함을 일깨워주고
1994.03.13~03.19,14,2323166,난 단지 나일뿐,Mr.2,미스터 투 1집,1993.10.16,Ballad,강은경,세상에서 내가 제일 듣기 싫은 그런 말이 하나 있지 예전에 어디선가 많이 본 듯한 얼굴이야 baby 그러고 보니 날 닮은 사람 왜 그리 많은지 세상에서 내가 제일 듣고 싶은 그런 말이 하나 있지 그다지 핸섬하진 않지만 왠지 끌려요 baby 누구도 흉내낼 수 없는 매력 내게 있다네 워 멋진 영화배우도 화려한 뮤지션도 음 독특한 개성이 없다면 어느새 잊혀져 버리잖아 난 잘 몰라 실은 나도 내 매력이 뭔지 oh baby 처음부터 난 나였을 뿐이니까 누구도 날 대신 할 수는 없듯이 나 또한 단지 나일 뿐  멋진 영화배우도 화려한 뮤지션도 음 독특한 개성이 없다면 어느새 잊혀져 버리잖아 난 잘 몰라 실은 나도 내 매력이 뭔지 oh baby 처음부터 난 나였을 뿐이니까 누구도 날 대신 할 수는 없듯이 나 또한 단지 나일 뿐
1994.03.13~03.19,15,66221,낯선 사람들,낯선사람들,낯선사람들,1993.11,Jazz,이소라,누가 알았어 뭐 우린 어차피 선물로 생각하지 유월의 장미축제 같은 재미 여기 있었어 날 아끼는 세상 있었어 아 이건 TV용으로 긴 Show 낯선 그 말이 낯설어지기도 하지 또 낯선 그 말이  낯설은 우리 낯설어 보여도 우리 애써 만나게 됐어 장식용 체리 Pizza 위 Topping 우린 늘 달리 변해 내일은 더 많이 노래하기 위해 눈떠도 할 일 찾기 흐릿흐릿 했던 날 이젠 멀리 호 헤이 높이 있던 세상이 곁에 있네 낯선 그 말이 낯설어 지기도 하지 또 낯선 그 말이  낯설은 우리 낯설어 보여도 우리 애써 만나게 됐어  낯선 그 말이 낯설어 지기도 하지 또 낯선 그 말이  낯설은 우리 낯설어 보여도 우리 애써 만나게 됐어 낯설은 우리 낯설어 보여도 우리 애써 만나게 됐어 낯설은 우리 낯설어 보여도 우리 애써 만나게 됐어
1994.03.13~03.19,16,55991,사랑할수록,부활,기억상실,1993.11.01,Rock,김태원,한참 동안을 찾아가지 않은 저 언덕 넘어 거리엔 오래 전 그 모습 그대로 넌 서 있을 것 같아 내 기억보단 오래 되버린 얘기지 널 보던 나의 그 모습 이제는 내가 널 피하려고 하나 언젠가의 너처럼 이제 너에게 난 아픔이란 걸 너를 사랑하면 할수록 멀리 떠나가도록 스치듯 시간의 흐름 속에 내 기억보단 오래 되버린 얘기지 널 보던 나의 그 모습 이제는 내가 널 피하려고 하나 언젠가의 너처럼 이제 너에게 난 아픔이란걸 너를 사랑하면 할수록 멀리 떠나가도록 스치듯 시간의 흐름속에 이제 지나간 기억이라고 떠나며 말하던 너에게 시간이 흘러 지날수록 너를 사랑하면 할수록 너에게 난 아픔이었다는 걸 너를 사랑하면 할수록
1994.03.13~03.19,17,91116,립스틱 짙게 바르고,임주리,임주리3집[그대 떠난 뒤],-,Adult Contemporary,양인자,내일이면 잊으리 꼭 잊으리  립스틱 짙게 바르고  사랑이란 길지가 않더라  영원하지도 않더라  아침에 피웠다가  저녁에 지고 마는  나팔꽃보다 짧은 사랑아  속절없는 사랑아  마지막선물 잊어 주리라  립스틱 짙게 바르고  별이 지고 이밤도 가고나면  내 정녕 당신을 잊어주리라  아침에 피웠다가  저녁에 지고마는  나팔꽃보다 짧은 사랑아  속절없는 사랑아  마지막 선물 잊어주리라  립스틱 짙게 바르고  별이 지고 이밤도 가고나면  내정녕 당신을 잊어주리라  별이 지고 이밤도 가고나면  내 정녕 당신을 잊어 주리라
1994.03.13~03.19,18,418014,기억 속의 멜로디,오태호,Memory-기억 속의 멜로디,1993.09,Ballad,오태호,기억속의 멜로디 나를 깨우고가 너의 미소도 못잊을 이름도 너의 그늘을 떠난 후에 너의 의미를 알았지 눈이 슬픈 너를 울리고 이젠 나도 울고 내게 많은 시간이 흘러 널 잊은 듯 했는데 너와 자주 들었던 노래가 그 때 추억을 깨우네 세상 모든 사람이 나를 떠나버려도 너만은 나를 찾아 돌아올 고마웠던 사람 그런 착한 너에게 시린 상처만 주고 이제와 뒤늦게 후회하는 나를 용서해 어디에 있든지 누구와 있든지 내가 그립지 않을 수 있도록 행복하길 행복하길 어느 누구보다 내 슬픈 바램을 들어줘  세상 모든 사람이 나를 떠나버려도 너만은 나를 찾아 돌아올 고마웠던 사람 그런 착한 너에게 시린 상처만 주고 이제와 뒤늦게 후회하는 나를 용서해 어디에 있든지 누구와 있든지 아픈 추억에 마음이 메이지 않도록 행복하길 행복하길 어느 누구보다 내 슬픈 바램을 들어줘
1994.03.13~03.19,19,56245,신(新) 인류의 사랑,015B,The Fourth Movement,1993.08,Rock,정석원,맘에 안드는 그녀에겐 계속 전화가 오고 내가 전화하는 그녀는 나를 피하려 하고 거리엔 괜찮은 사람 많은데 소개를 받으러 나간 자리엔 어디서 이런 여자들만 나오는 거야 야 나도 이젠 다른 친구들처럼 맘에드는 누군가를 사귀어 보고 싶어 어쩌다 마음에 드는 그녀 남자친구가 있고 별로 예쁘지 않은 그녀 괜히 콧대만 세고 거리에서 본 괜찮은 여자에게 용기를 내서 말을 걸어보면  항상 젤 못생긴 친구가 훼방을 놓지 야 나도 이젠 다른 친구들처럼 맘에드는 누군가를 사귀어 보고 싶어 주위를 보면 나보다 못난 남자들이 다 예쁜 여자와 잘도 다니는데 나는 왜 이럴까 야 나도 이젠 다른 친구들처럼 맘에드는 누군가를 사귀어 보고 싶어
1994.03.13~03.19,20,56084,언제나 (Always),김원준,나에게 떠나는 여행,1993.08.20,Dance,김원준,언제나 후회할 순 없어  널 위한 나의 모든 것  항상 외면해야 하나 이렇게 너에게서 멀어지는  내 자신이 너무 싫었어  한번 살다 보면서  느끼는 그런 흔한  감정은 아니야  이렇게 이렇게  계속 지나쳐 온  나의 순간들엔  허무한 흔적들뿐  자꾸 멀어지는  삶의 자국들이  나의 허상속에  묻혀 버려졌나  언제나 후회 할 순 없어  널 위한 나의 모든 것  항상 외면해야 하나  언제나 주저 할 순 없어  널 향한 나의 다짐들  이젠 단념해야 하나  그럴 순 없어  이렇게 너에게서  멀어지는 내 자신이  너무 싫었어  한번 살다 보면서  느끼는 그런 흔한  감정은 아니야 이렇게 이렇게 계속 지나쳐 온  나의 순간들엔  허무한 흔적들뿐 자꾸 멀어지는  삶의 자국들이  나의 허상속에  묻혀 버려졌나  언제나 후회 할 순 없어  널 위한 나의 모든 것  항상 외면해야 하나  언제나 주저 할 순 없어  널 향한 나의 다짐들  이젠 단념해야 하나  그럴 순 없어  이렇게 너에게서 멀어지는  내 자신이 너무 싫었어  한번 살다 보면서  느끼는 그런 흔한  감정은 아니야  이렇게 이렇게
1994.03.13~03.19,21,56639,널 기다리며,전일식,전일식1집,1994.01.01,Rock,,또 다른 세상을 내가 느낀 건 널 잃고 헤메던 그때 널 이해한다고 말해왔지만 나만의 생각이었어 어둔 세상속에 네가 날 버리던 시간들 다시 그리울거야 너를 느끼던 눈빛 익숙했던 그 자리 그대로인 걸 내가 줄 수 없었던 니가 찾아다니던 화려한 너의 모습 하지만 이 자리가 그리워질때 그때 내게로 다시 돌아와  널 알지 못했지 너의 눈 속에 비춰진 나의 모습을 널 이해한다고 말해왔지만 나만의 생각이었어 어둔 세상속에 네가 날 버리던 시간들 다시 그리울거야 너를 느끼던 눈빛 익숙했던 그 자리 그대로인 걸 내가 줄 수 없었던 니가 찾아다니던 화려한 너의 모습 하지만 이 자리가 그리워질때 그때 내게로 다시 돌아와
1994.03.13~03.19,22,56846,약속된 이별,박정운,박정운4,1993,Ballad,,거리에 그려진 그림자들이 조금씩 지워져가고  밤새워 울었던 빗소리마져 희미해져만 가네  소리없이 창가를 두드린 햇살 너의 얼굴에 스미고  여리운 눈가에 수줍음 안고 내품에 잠이 든 사람  살며시 속삭이는 너의 미소는 나의 하루임을 말해주었고  외로움 달래주던 너의 손길은 지금도 느끼는데 널 사랑해 넌 아직도 내사랑 왜 이렇게 널 떠나야 하는지  그대와 나는 약속되어 있던 시간의 길을 걸었어  서로의 사랑을 느꼈던 그날 이별도 같이 했나봐  살며시 속삭이는 너의 미소는 나의 하루임을 말해주었고  외로움 달래주던 너의 손길은 지금도 느끼는데 널 사랑해 넌 아직도 내사랑 왜 이렇게 널 떠나야 하는지  그대로 그대로 나만의 그대로 그날은 울지 말아요  서로가 서로를 잊어야 하는 슬픈 사랑이었기에
1994.03.13~03.19,23,57339,너를 사랑해,한동준,처음 받은 느낌으로,1993.01,Ballad,한동준,아침이 오는 소리에 문득  잠에서 깨어 내 품안에 잠든 너에게  워우우워 우워워 너를 사랑해  내가 힘겨울때마다 너는  항상 내 곁에  따스하게 어깨 감싸며  워우우워 우워워 너를 사랑해 영원히 우리에겐 서글픈  이별은 없어 때로는 슬픔에 눈물도 흘리지만 언제나 너와 함께 새하얀  꿈을 꾸면서 하늘이 우리를 갈라놓을 때까지 워우우워 우워워 너를 사랑해 내가 힘겨울때마다 너는  항상 내 곁에 따스하게 어깨 감싸며  워우우워 우워워 너를 사랑해 영원히 우리에겐 서글픈  이별은 없어 때로는 슬픔에 눈물도 흘리지만 언제나 너와 함께 새하얀  꿈을 꾸면서 하늘이 우리를 갈라놓을 때까지 워우우워 우워워 너를  사랑해 너를 사랑해
1994.03.13~03.19,24,57461,이별후에야,김태후,김태후2집,1993,Ballad,,이제는 나도 지쳐 버렸어 너를 기억하기조차 힘들어 어떻게 살아가야 하는지 알수없어 이렇게 눈물만 내 살아가야 할 아직 많은 날들이 너무도 힘겨워 견딜수 없어 그렇게 쉽게 날 떠나갈 줄 몰랐던 그래 내가 바보였나봐 시간이 흘러 세상 변하고 나도 이렇게 변해가 버렸지 이제와 다시 널 만난데도 아마 기억할 수 없을거야 내 살아가야 할 아직 많은 날들이 너무도 힘겨워 견딜수 없어 그렇게 쉽게 날 떠나갈 줄 몰랐던 그래 내가 바보였나봐 용기가 없어 말은 못했지만 떠나가는 너를 잡고 싶었어 마지막떠나가던 너의 모습 언제쯤이면 잊을 수 있을까 오늘도 난 눈물 흘리네
1994.03.13~03.19,25,56962,어려워 정말 (Extended Ver.),닥터레게,Dr. Reggae With Taavi Mote,1993.11,Dance,김장윤,어려워 정말  어려워 정말 나 이렇게 널 바라보는데 넌 날보며 웃지도 않아 않아 알 수 없는 널 사랑하기는 어려 어려워 정말 어려 어려워  나 혼자서 서 있을 수도 있지만 네가 필요해 오늘도 난 종이 비행기만 접어 날리고 답답한 마음에 전화를 다시 들지만 신호 소리에 놀라 끊어 버렸지 용기 없는 나를 바보라면서 나 이렇게 널 바라보는데 넌 날보며 웃지도 않아 않아 알 수 없는 널 사랑하기는 어려 어려워 정말 어려 어려워  어떤날에는 혼자가 싫다고 투정하지 심할 정도로 또 어떤날에는 머리 모양도 싫다 등 돌리고 나의 자존심 아는지 무시하고 그러는지 알 수 없는 너의 마음 난 몰라 갈수록 태산인 우리 사이 나 이렇게 널 바라보는데 넌 날 보며 웃지도 않아 않아 알 수 없는 널 사랑한 그 눈빛이 어려 어려워 정말 어려 어려워 예  난 이렇게 널 바라보는데 넌 날 보며 웃지도 않아 않아 알수 없는 널 사랑하기는 어려 어려워 어려 어려  나 이렇게 널 바라보는데 넌 날 보며 웃지도 않아 않아 알 수 없는 널 사랑한 그 눈빛이 어려 어려워 정말 어려 어려워 예
1994.03.13~03.19,26,91432,산다는 것은,김종찬,김종찬5집,1993,Ballad,,어디로 가야 하나 멀기만한 세월 단 하루를 살아도 마음 편하고 싶어 그래도 난 분명하지 않은 갈 길에 몸을 기댔어~ 날마다 난 태어나는 거였고 난 날마다 또 다른 꿈을 꾸었지 내 어깨 위로 짊어진 삶이 너무 무거워 지쳤다는 말조차 하기 힘들때 다시 나의 창을 두드리는 그대가 있어 어둠을 가를 빛과 같았어 여기서가~ 끝이 아님을 우린 기쁨처럼 알게 되고 산다는 것~ 그것만으로도~ 의미는 충분한거지~  날마다 난 태어나는 거였고 난 날마다 또 다른 꿈을 꾸었지 내 어깨 위로 짊어진 삶이 너무 무거워 지쳤다는 말조차 하기 힘들때 다시 나의 창을 두드리는 그대가 있어 어둠을 가를 빛과 같았어 여기서가~ 끝이 아님을 우린 기쁨처럼 알게 되고 산다는 것~ 그것만으로도~ 의미는 충분한거지~
1994.03.13~03.19,27,55584,종원에게 (눈물 흘리지 말아요),이문세,오래된 사진처럼,1993.09,Ballad,,눈물 흘리지 말아요 그대여 눈앞의
1994.03.13~03.19,28,896180,Tv 보면서,최성수,누드가 있는 방,1993.04,Ballad,최성수,TV를 보면서 눈물이 흐르네 사람들은 어디에 기대어 살까 아마도 당신은 알것만 같아서 사랑은 또다시 나의편인걸  혼자뿐인 식사는 이미 식어버렸네 텅빈 아파트 불빛 외로운 나의 마음 기대어 울 사람 여기 있었으면 좋겠네 입가에 번진 눈물 홀로 울수밖에  혼자뿐인 식사는 이미 식어버렸네 텅빈 아파트 불빛 외로운 나의 마음 기대어 울 사람 여기 있었으면 좋겠네 입가에 번진 눈물 홀로 울수밖에 TV를 보면서 눈물이 흐르네 사람들은 어디에 기대어 살까 사람들은 어디에 기대어 살까
1994.03.13~03.19,29,434162,너의 마음을 내게 준다면,최연제,연가(戀歌) 2,2002.04.08,Ballad,,홀로이 서있는 그대는  그저 눈물만 보이고 있네요  왠지 난 슬퍼져요 이제 난 견딜 수 없어요  그대도 누군가 원하잖아요 이 마음 느끼나요  내게 전해 줘 그대의 사랑을  마음속 깊이 느낄 수 있도록  홀로 견딜 수만 없는  그대 마음을 난 알고 있어요  내게 말해 줘 날 사랑한다고  돌아서면 난 없을지도 몰라  이젠 더이상 난 기다릴 순 없어요   이제 난 견딜 수 없어요  그대도 누군가 원하잖아요 이 마음 느끼나요  내게 전해 줘 그대의 사랑을  마음속 깊이 느낄 수 있도록  홀로 견딜 수만 없는  그대 마음을 난 알고 있어요  내게 말해 줘 날 사랑한다고  돌아서면 난 없을지도 몰라  이젠 더이상 난 기다릴 순 없어요  이 세상 끝까지라도 가리 그대가 있다면  아직은 힘겹지만 이 마음만은 변함없으리   내게 말해 줘 날 사랑한다고  돌아서면 난 없을지도 몰라  이젠 더이상 난 기다릴 수 없어요  이젠 더이상 난 기다릴 수 없어요
1994.03.13~03.19,30,56440,반항 II,"허준호,김대희",Project,1994.02,Ballad,,잊었다고 그런 말 하지마   이미 지나가버린 과거는 잊어버려   포기하지마 우리의 인생을 작은 틀속에 가두지마   반항은 아니지 내뜻대로 살뿐   어떤 틀속에 메이긴 싫을 뿐이야   저 높이 나는 새는 아주 멀리 볼수 있지만   또 낮게 날며 많은 것을 볼수 있는 거야   우리의 모습들도 누가 옳고 그를순 없어   정답은 없어 내 뜻대로 사는 거야
1994.03.13~03.19,31,91113,슬픈 연인,양수경,6집 잊어야 할 때,1993,Ballad,박의수,아무것도 원하지 않았잖아 그저 곁에 있어 달라 했을뿐인데 무엇이 그렇게 그대의 마음을 아프게 했는지 알 수 없지만 지금까지 내가 원한건 너뿐이지 그대를 사랑한 내 마음만큼 표현하지 못한건 내 잘못이야 하지만 한번도 너의 모습을 잊은 적이 없어  그대를 사랑한 내 마음만큼 표현하지 못한건 내 잘못이야 하지만 한번도 너의 모습을 잊은 적이 없어 그대를 아끼는 내 마음만은 이 세상 그 누구보다 더할거야 어차피 잊으려 했었다면은 나 먼저 떠났을거야
1994.03.13~03.19,32,3396155,너의 사고방식,모자이크,너의 사고방식,1993.01.01,Ballad,,오 얼마나  많은 책을 읽었는지 몰라도  모든 일이 뜻대로 되는 것은 아니야  오래전부터 생각했다 말을 하지만  넌 분명히  내 친구들의 얘길 듣고 이러는 거지  비교하지마 나를 다른 사람과  내 방식대로 조금씩  고쳐가면 되니까  강요하지마 나를  내 방식대로 그냥 그렇게  곁에서 지켜보면 되잖아  오늘밤 다시 내게로 와  오 맘의 문 열고 얘기해봐  어떤말이 더 필요해  오 나의 마음은 이미   너를 사랑하고 있었다는   마음에도 없는 말을 하지마  무슨 얘길 하는거야  오 너의 마음은 이랬다 저랬다  아직도 망설이고 있잖아  얼마나 많은 경험을 했는지 몰라도  너는 지난 시간들 속에 갇혀 있을뿐  모두들 저마다의 다른 생각이 있듯  넌 너대로의 난 나대로의  약각의 차이는 있는거야  비교하지마 나를 다른 사람과  내방식대로  조금씩 고쳐가면 되니까  강요하지마 나를 내 방식대로  그냥 그렇게  곁에서 지켜보면 되잖아  오늘밤 다시 내게로 와  맘의 문 열고 얘기해봐  어떤말이 더 필요해  오 나의 마음은  이미 너를 사랑하고 있었다는  마음에도 없는 말을 하지마  무슨 얘길 하는거야  오 너의 마음은 이랬다 저랬다  아직도 망설이고 있잖아  랄랄라라라라라라  넌 그저 사고방식의  차이라고 말을 하겠지만 너의 마음은 이미 멀어진것같아 랄랄라라라라라라 만약에 이별한다면  너는 추억이라 하겠지만  그건 너무 싫잖아 랄랄라라라라라라 랄랄라라라라라라 랄랄라라라라라 랄랄라라라라라라 랄랄라라라라라라 랄랄라라라라라 랄랄라라라라라라
1994.03.13~03.19,33,170066,당신이 그리워질 때(Main Title Song),김승기,당신이 그리워질 때 OST,1993,Drama,김승기,다르다는 말을 쉽게 하며 때론 나만을 고집하지  서로의 폭을 넓혀가며 늘 솔직할 수 있다면    나없이는 어떤 자리라도 항상 어색했다는 그 말  나와 함께 할 때 자신을 갖던 내가 꼭 필요한 사람    작은 표현이 내겐 큰희망이 되고  당신이 그리워질 때 난 이미 그대가 되네  느낄 수 없는 사랑도 말론 할 수 있지만  말조차도 하지 않는 그런 사인 정말 싫어    당신이 그리워질 때 처음 만난 설레임  떠올리면 다지하지 더 좋은 모습 위해    작은 표현이 내겐 큰희망이 되고  당신이 그리워질 때    난 이미 그대가 되네 느낄 수 없는 사랑도  말론 할 수 있지만 말조차도 하지 않는  그런 사인 정말 싫어 당신이 그리워질 때  처음 만난 설레임 떠올리며 다짐하지  더 좋은 모습위해
1994.03.13~03.19,34,91435,처음 그 느낌처럼,신승훈,신승훈 3집,1993.04,Dance,김창환,처음 부터 널 사랑하진 않았지  그저 친한 친구처럼 만났을 뿐  너의 곁에 내가 아닌 다른 사람이 서 있는데  나의 마음이 왜 이리 허전한걸까  늘 가까이 있었기에 소중함을 난 몰랐을 뿐  아마 처음부터 너를 사랑했었나 봐  이제는 너를 이해할 수 있어 내가 잠시 너를 떠났을 때  너의 모습이 왜 그리 슬퍼보였는지  소중한 사랑은 떠난 후에야 느낄 수 있다는 너의 말을  이젠 이해할게 모두  너를 위한 마음으로 처음 그 느낌처럼 너의 곁에 내가 아닌 다른 사람이 서 있는데  나의 마음이 왜 이리 허전한걸까  늘 가까이 있었기에 소중함을 난 몰랐을 뿐  아마 처음부터 너를 사랑했었나 봐  이제는 너를 이해할 수 있어 내가 잠시 너를 떠났을 때  너의 모습이 왜 그리 슬퍼보였는지  소중한 사랑은 떠난 후에야 느낄 수 있다는 너의 말을  이젠 이해할게 모두  너를 위한 마음으로 처음 그 느낌처럼
1994.03.13~03.19,35,1839290,오렌지 나라의 앨리스,푸른하늘,푸른하늘 라이브 1,1994.02.01,Ballad,유영석,커피를 마시는 의미가 같다는 이유만으로 가벼운 미소 나누며 합석을 하고 있지 서로를 알게 되면서 다가올 간섭은 싫어 질문을 해보긴 하지만 알고싶은 맘 없지 orange world alice orange world alice orange world alice orange world alice 지나가는 사람들 나를 보는건 내 아름다운 모습 때문인거야 그런 작은 자동차 타고 다니면서 어쩜 내게 감히 말을 건넬 수가 있는거니 지금 내가 생각해야만 하구 다같이 고민해야만 하는것은 함께 노래 부르러 갈건지 술잔을 서로 기울이며 즐거움에 대한 애길 나눠야 할지  달콤한 말을 속삭이며 관심을 보여줄때엔 그것이 거짓이라해도 아무 상관이 없네 orange world alice orange world alice orange world alice orange world alice 나를 보는 사람들의 시선들엔 모두가 사랑이 담겨 있다지만 그댄 그런 모습을 하고 다니면서 어쩜 내게 감히 눈빛 보낼 수가 있는거니 지금 내가 선택해야만 하구 다같이 고민해야만 하는것은 함께 춤을 추면서 느낌을 나누어 봐야하는건지 함께 밤을 하얗게 지새워야 할지 orange world alice orange world alice orange world alice orange world alice orange world alice orange world alice orange world alice orange world alice orange world alice
1994.03.13~03.19,36,1008290,"서울, 소울, 소울",한상원,Seoul Soul Soul Of Sang,1993.01.01,Rock,,"다리에 걸린 저녁 노을 보면서  강변 도로에 우린 모두 서 있네  라디오에선 계속 정체 구간을  어제 그 목소리로 느낌없이 말하네  길모퉁이 돌면 펼쳐지는 그림들  모든 것들이 날 내버려두질 않아  멋진 옷차림 잘나가는 사람들  모두 비슷한 얼굴 이젠 너무 지겨워   친구들이여 우리 모두 일어나  다시 또 한번 꿈틀꿈틀 걸어봐  Seoul, Soul, Soul~ Seoul, Soul. Soul~   If the Land is your Land  If the Land is my Land  Why in the World we all don't grab hands in Unity  From my heart, I speak seriously  All for one, one for all...  No Unity? We are all bound to Fall.  (You) Used to be my friend, but now you don't know me  Love and affection you can not show me.  Care, cherish, and respect what we had.  It's not there now, and that's bad  (I) Thought we were going proper  but now, you're cold  What ever happened to the Soul in Seoul?  Words of Q-Ball  쇼 윈도우 따라 사는 사람들  Seoul, Soul, Soul. 그들 것은 아니야  Seoul, Soul, Soul. 우리 다시 일어나  You got to Dance;....."
1994.03.13~03.19,37,1847750,애모,김수희,서울여자,1990.01.01,Adult Contemporary,유영건,그대 가슴에 얼굴을 묻고 오늘은 울고 싶어라 세월의 강 넘어 우리 사랑은 눈물 속에 흔들리는데 얼만큼 나 더 살아야 그대를 잊을 수 있나 한 마디 말이 모자라서 다가설 수 없는 사람아 그대 앞에만 서면 나는 왜 작아지는가 그대 등 뒤에 서면 내 눈은 젖어드는데 사랑 때문에 침묵해야 할 나는 당신의 여자 그리고 추억이 있는 한 당신은 나의 남자여 그대 앞에만 서면 나는 왜 작아지는가 그대 등 뒤에 서면 내 눈은 젖어 드는데 사랑 때문에 침묵해야 할 나는 당신의 여자 그리고 추억이 있는 한 당신은 나의 남자여 당신은 나의 남자여
1994.03.13~03.19,38,2183418,날 사랑했다면,박학기,박학기 4,1993.10.01,Ballad,조규찬,떠나버린 널 깨닫기엔 하늘이 너무 맑아 우리에게 필요한 건 시간일뿐  영화속의 사랑 얘기도 힘든 순간이 있어 우린 다시 만날거야 영화속의 주인공처럼 네가 택한 길이 언제나 너의 건 아니야 아직은 아무런 말도 하지 말아줘 날 사랑했다면  멀어지는 널 깨닫기엔 하늘이 너무 맑아 그대에게 필요한 건 시간일뿐  영화속의 사랑 얘기도 힘든 순간이 있어 우린 다시 웃을거야 영화속의 주인공처럼 네가 택한 길이 언제나 너의 건 아니야 아직은 아무런 말도 하지 말아줘 날 다시 한번만 바라봐 나에게 다가올 시간이 날 더욱더 슬퍼지게만 해 예전의 밝은 미소를 내게 보여줘 날 사랑했다면
1994.03.13~03.19,39,896135,네가 없는 세상은,나현희,1집 After Stage,1993.01.01,Ballad,국기형,눈물 흘려 달랠 수 있는 슬픔 아니었지 바삐 가는 시간 속에서 조금 잊혀졌을 뿐…  찬비 맞은 어린새 처럼 니는 떨고 있어 그 얼마나 더 아파해야 너를 잊을 수 있는 걸까  이제는 어떤 운명의 이끌림으로 흔들리듯 살겠지 너를 위해 남겨 놓은 추억 저편에 나를 그저 내버려둔 채… 나 이렇게 너를 잃고 혼자인걸 난 애써 믿고 싶지 않을 뿐이야 끝이 없는 그리움의 시작이었어 네가 없는 세상은…
1994.03.13~03.19,40,54503,겨울비,김종서,2nd Step (PETSDN2),1993.04.01,Rock,신대철,겨울비처럼 슬픈 노래를 이순간 부를까 우울한 하늘과 구름 1월의 이별 노래 별들과 저 달빛 속에도 사랑이 있을까 애타는 이내 마음과 멈춰진 이 시간들 사랑의 행복한 순간들 이제 다시 오질 않는가 내게 떠나간 멀리 떠나간 사랑의 여인아 겨울비 내린 저 길 위에는 회색빛 미소만 내 가슴 속에 스미는 이 슬픔 무얼까 사랑의 행복한 순간들 이제 다시 오질 않는가 내게 떠나간 멀리 떠나간 사랑의 여인아 사랑의 행복한 순간들 이제 다시 오질 않는가 떠나간 멀리 떠나간 사랑의 여인아 겨울비처럼 슬픈 노래를 이 순간 부를까 우울한 하늘과 구름 1월의 이별 노래
1994.03.13~03.19,41,1104901,영원에 대하여,봄여름가을겨울,I Photograph To Remember,1993.06.01,Rock,김종진,늦은 밤 창가에 앉아 지난 날 떠오르면 어느새 나는 그대의 길을 떠난다 어두운 밤길을 지나 그대의 창에 서면 저 멀리 떠오르는 추억의 별빛들 어두운 밤 하늘 아래 그대와 단둘이서 영원을 얘기하며 이 길을 걸었지 시간은 흐르고 흘러 영원을 향해 가고 사랑은 맴돌지만 멈추지 않는 법  그 누가 나의 가슴을 따스이 어루만지리오 짧고 달콤한 꿈속에서 보는 그대여 시간이 흐른다해도 잊었다 말하지 마오 그 말속에 우리 약속이 날아갈까하오 그대여 외롭다해도 눈물은 눈물은 흘리지마오 눈물 속에 그리움이 씻겨갈까 하오 눈물 속에 그리움이 씻겨갈까 하오 눈물 속에 그리움이 씻겨갈까 하오
1994.03.13~03.19,42,32442,자유시대,모자이크,자유시대,1993.12,Dance,김준범,금방 전화를 끊고나서
1994.03.13~03.19,43,107753,내가 선택한 길 I,손성훈,폴리스 OST,1994.01,Drama,,난 결코 쓰러지거나 힘없이 꺽이지 않아 전과 넌 다름없이 내 안에 있을테니 힘겨워 돌아보면 늘 거기 있는 너 금새 터질듯한 폭탄 같은 내 눈빛을 걱정하며 그런 널 지키지 못한 무력한 나에게 조그만 원망조차 외면하지 못하니  어차피 고독은 내가 선택한 거야 그건 네가 없는 외로움과 조금은 다른 싸움 내 속에 있는 나와의 어려운 승부지 적어도 내 자신은 이기고 싶어 이 끝이 절망이라도 다시 못 올 곳이라도 나를 잡아끄는 이 길에 모든 걸 걸었어 난 결코 쓰러지거나 힘없이 꺽이진 않아 전과 넌 다름없이 내 안에 있을테니
1994.03.13~03.19,44,56215,어색한 느낌,잼,어색한 느낌,1993.12.01,Dance,박병훈,얼마나 나를 더 포기해야 너를 보여주겠니 변한건 없어 이제는 지쳤어 그래 멋대로 해봐  너를 처음 만났을 땐 왠지 모를 설레임에 취해 나는 하루에도 몇번씩 꿈이 아닌가 확인도 했었지 하지만 너무도 힘들땐 모든걸 지우려 했었고 그래서 난 항상 너에게 그렇게 대해왔어 이젠 싸움에 지쳤어 우리 자존심을 버리자 너와 나 어색한 분위기는 더 이상 싫으니깐  너를 처음 만났을땐 왠지 모를 설레임에 취해 나는 하루에도 몇번씩 꿈이 아닌가 확인도 했었지 하지만 너무도 힘들땐 모든걸 지우려 했었고 그래서 난 항상 너에게 그렇게 대해왔어  얼마나 나를 더 포기해야 너를 보여주겠니 변한건 없어 이제는 지쳤어 그래 멋대로 해봐 그렇게
1994.03.13~03.19,45,991822,캅,김승기,비엔나에서 커피 어때?,1993.01.01,Ballad,송문상,이 노래는 어느 외로운 캅의 이야기다 그는 냉정해 보였지만 정직하고 깊은 감성의 소유자였다  차갑고 냉정한 이 도시의 밤이 언제나 나를 부르지  외로웠지만 난 괜찮았어  고독은 이미 나의 삶 나는 캅일뿐  사랑은 잊은채 살아왔었어  나밖에 믿을 수 없어  어둔 기억 속 어렴풋하게  사랑했었던 기억들 생각나지만  살기위해 경험한  시간속의 어두운  이렇게 사는 것이 다는 아닌데  가끔은 나의 가슴속을  따뜻하게 감싸던 니가 힘이돼  그의 인생 속엔 너무나 오래 잊고 살던  아름다운 추억이 있었다  긴장의 순간에도  그는 그 추억을 떠올렸고  그것이 그의 생을 지탱하던  유일한 끈이 되곤 했다  오늘은 예정된 그 사건의 시간  두 눈을 똑바로 뜨고  피곤했지만 난 할 수 있어  긴장은 이미 나의 삶  나는 캅이야  뛰어가는 사람들 ？아가는 사람들  그렇게 ？고 ？는 현실속에 그리던 니가 환상되어 느껴지네  너무나 외로웠어  사이렌이 울리고 종소리가 요란해  그대가 나를 향해 소리쳐  한 순간 나의 가슴속은 비어진 채  편안한 잠을 자고가  그는 이제 아름다운 추억을 가진 채 또 다른 세상으로 떠났다 그러나 사람들은 아무도 그를 기억하지 못했고  도시의 밤은 여전히 그를 불렀다
1994.03.13~03.19,46,55705,그대처럼,WildRose,Private Rock & Roll Group Wild Rose,1993.03.20,Rock,,떨어지는 낙엽사이로 바람소리 들었지 홀로 걷는 어둔 거리에 우리의 추억만 남았을 뿐  사랑한다 말하려해도 이미 그댄 날 떠났지 그대처럼 나를 사랑해준 사람 어디 있나  그대처럼 이별되어 아픔 감출순 없어 어 그대 내게 꿈이 될순 없나요 내 눈물만으로  그대 내게 꿈이 될순 없나요 내 눈물만으로 그대처럼 나를 사랑해준 사람 어디 있나  그대처럼 이별 뒤의 아픔 감출순 없어 그대처럼 언제인가 그리움마저 어둠속에 묻어둔채  그대 없는 그거릴 거닐었지 지나간 기억만 남겨두고 사랑한다 말하려해도 이미 그댄 날 떠났지  그대처럼 나를 사랑해준 사람 어디 있나 그대처럼 이별뒤의 눈물 지울순 없어  그대 내게 꿈이 될순 없나요 내눈물만으로 그대 내게 꿈이 될순 없나요 내눈물만으로  그대처럼 내가 사랑했던 사람 어디 있나 그대처럼 이별뒤의 눈물 지울순 없어 그대처럼
1994.03.13~03.19,47,55546,너에게,서태지와아이들,2집 - 하여가,1993.06.06,Ballad,서태지,"니가 아무리 지금 날 좋아한다고 해도 그건 지금뿐일지도 몰라 왜냐하면 어 그건 말야   너의 말들을 웃어 넘기는 나의 마음을 너는 모르겠지 너의 모든 걸 좋아하지만 지금 나에겐 두려움이 앞서   너무 많은 생각들이 너를 가로 막고는 있지만 날 보고 웃어주는 네가 ""그냥 고마울 뿐이야"" 너는 아직 순수한 마음이 너무 예쁘게 남았어 하지만 나는 왜 그런지 모두가 어려운걸   세상은 분명히 변하겠지  우리의 생각들도 달라지겠지 (생각해 봐)생각해 봐 어려운 일 뿐이지 나에게 보내는 따뜻한 시선을  때로는 외면하고 얼굴을 돌리는 걸 (넌 느끼니)넌 느끼니 너를 싫어해서가 아니야   너를 만난 후 언젠가부터 나의 마음 속엔 근심이 생겼지 네가 좋아진 그 다음부터 널 생각하면 깊은 한숨 뿐만   사랑스런 너의 눈을 보면 내 맘은 편안해지고 네손을 잡고 있을때면 ""난 이런 꿈을 꾸기도 했어"" 나의 뺨에 네가 키스할땐 온 세상 내것 같아 이대로 너를 안고 싶어 하지만 세상에는   아직도 너무 많은 일이 네 앞에 버티고 있잖아 (생각해 봐)생각해 봐 어려운 일 뿐이지 네가 접하게 되는 새로운 생활들과  모두가 너에게 시선을 돌리게 되는 걸 (알 수 있니)알 수 있니 너는 이런 내 마음 아는지   조그마한 너의 마음 다치게 하긴 싫어 이러는 것 뿐이지 어른들은 항상 내게 말하지 넌 아직도  모르고 있는 일이 더 많다고   (네 순수한 마음 변치 않길 바래)"
1994.03.13~03.19,48,56227,사랑이라 부를 수 있을까,인공위성,사랑이라 부를 수 있을까,1993,Ballad,김영식,사랑이라 부를 수 있을까 이렇게 알 수 없는 기분을 모든 것이 우릴 위해 있어 그대가 나와 함께 있다면  바람이 불면 네 모습이 다가와 비가 와도 밝아지는 내 마음 어딜 보아도 무슨 일을 하여도 그대 모습 바로 곁에 있네 작은 일들도 큰 일처럼 느껴져 무엇이든 새로웁게 보이고 창문을 열면 밤 하늘 별빛이 내 가슴에 그대를 비추네 사랑이라 부를 수 있을까 이렇게 알 수 없는 기분들 모든것이 우릴 위해 있어 그대가 나와 함께 있다면 오늘도 길을 걷다가 하늘에 핀 꽃처럼 네 얼굴 그려보네  마음에 가득 담아둔 너의 향기가 내 입가에 미소로 퍼지네 퍼지네 사랑이라 부를 수 있을까 이렇게 알 수 없는 기분을 모든 것이 우릴 위해 있어 그대가 나와 함께 있다면 사랑이라 부를 수 있을까 이렇게 알 수 없는 기분을 모든 것이 우릴 위해 있어 그대가 나와 함께 있다면 사랑이라 부를 수 있을까 이렇게 알 수 없는 기분을 모든 것이 우릴 위해 있어 그대가 나와 함께 있다면 사랑이라 부를 수 있을까 이렇게 알 수 없는 기분을 모든 것이 우릴 위해 있어 그대가 나와 함께 있다면 라라라라 라라라라라라라라 라라라 라라라라라라라
1994.03.13~03.19,49,55391,나를 기억하는지,코나,그녀의 아침,1993.06.01,Ballad,배영준,넌 아직 기억하고 있을까 뒤돌아 보면 난 언제나 그 자리에 있을 거야 보이잖니 이제는 너무 늦어버린건 아닐까 망설이지 말고 날 찾아와 아직도 너는 이해할수 없겠지 그래 어쩌면 나는 너무나 어리숙하게 살아가는 건지도 몰라 하지만 한번도 후회하진 않았어 널 사랑했던 많은 시간들 난 다시 시작 한다고 해도 이렇게 할 수 밖엔 없겠지  늦어버린건 아닐까 망설이지 말고 날 찾아와 아직도 너는 이해할수 없겠지 그래 어쩌면 나는 너무나 어리숙하게 살아가는 건 지도 몰라 하지만 한번도 후회하진 않았어 널 사랑했던 많은 시간들 난 다시 시작 한다고 해도 이렇게 할 수 밖엔 없겠지
1994.03.13~03.19,50,2958048,지금 우리에게 필요한건,잼,공룡선생 1집,-,Drama,,
