time,rank,song_id,title,singers,album,date,genre,creator,lyric
1991.06.30~07.06,1,91462,내 마음 깊은 곳의 너,신해철,Myself,1991.03.20,Rock,신해철,너에게 전화를 하려다 수화기를 놓았네 잠시 잊고 있었나봐 이미 그곳에는 넌 있지 않은걸 내 마음 깊은 곳에 너 마지막 작별의 순간을 너의 눈속에 담긴 내게 듣고 싶어한 그 말을 난 알고 있었어 말하진 못했지 내 마음 깊은 곳에 너 너에게 내 불안한 미래를 함께 하자고 말하긴 미안했기에 내게로 돌아올 너를 또다시 혼자이게 하지는 않을꺼야 내 품에 안기어 눈을 감을땐 널 지켜줄꺼야 언제까지나 너를 기다려 내 마음 깊은 곳에 너 만남의 기쁨도 헤어짐의 슬픔도 긴 시간을 스쳐가는 순간인것을 영원히 함께할 내일을 생각하며 안타까운 기다림도 기쁨이 되어 너에게 내 불안한 미래를 함께 하자고 말하긴 미안했기에 내게로 돌아올 너를 또다시 혼자이게 하지는 않을꺼야 내 품에 안기어 눈을 감을땐 널 지켜줄꺼야 언제까지나 너를 기다려 내 마음 깊은 곳에 너  만남의 기쁨도 헤어짐의 슬픔도 긴 시간을 스쳐가는 순간인것을 영원히 함께할 내일을 생각하며 안타까운 기다림도 기쁨이 되어 만남의 기쁨도 헤어짐의 슬픔도 긴 시간을 스쳐가는 순간인것을 영원히 함께할 내일을 생각하며 안타까운 기다림도 기쁨이 되어
1991.06.30~07.06,2,91373,그대 슬픔까지 사랑해,심신,심신 1,1991.08.01,Ballad,이지심,그대 눈물같은 바람이 나의 어깨를 스치면 내 가슴속에 추억들이 하나둘 깨어나 이밤도 외로운 날지켜주네 슬픈 어둠속에 홀로 앉아있는 사람을 그대 사랑하던 기억은 아직 내곁에 있는데 그 시간들은 두번다시 올수가 없겠지 단 한번 그날이 돌아온다면 나는 말할텐데 그대 슬픔까지 사랑해 단 한번 단 한번 만이라도 가슴을 열어 나의 눈물을  너에게 보여줄수 있다면 단한번 내 사랑아 그대 떠난  시간을 돌리고 싶어라 아~~~~~~아~~~  단 한번 단 한번 만이라도 가슴을 열어 나의 눈물을  너에게 보여줄수 있다면 단한번 내 사랑아 그대 떠난  시간을 돌리고 싶어라 아~~~~~~아~~~ 단한번 내 사랑아 그대 떠난  시간을 돌리고 싶어라 아~~~~~~아~~~
1991.06.30~07.06,3,1695858,이별의 그늘,윤상,이별의 그늘,1991.09,Ballad,박주연,문득 돌아보면 같은 자리지만 난 아주 먼길을 떠난 듯 했어 만날 순 없었지 한번 어긋난 후 나의 기억에서만 살아있는 먼 그대 난 끝내 익숙해지겠지 그저 쉽게 잊고 사는 걸 또 함께 나눈 모든 것도 그만큼의 허전함일 뿐 덧없이 흘러가는 시간 속에서 어떤 만남을 준비 할까 하지만 기억 해줘 지난 얘기와 이별 후에 비로소 눈 뜬 나의 사랑을 난 끝내 익숙해지겠지 그저 쉽게 잊고 사는 걸 또 함께 나눈 모든 것도 그만큼의 허전함일 뿐 덧없이 흘러가는 시간 속에서 어떤 만남을 준비 할까 하지만 기억 해줘 지난 얘기와 이별 후에 비로소 눈 뜬 나의 사랑을
1991.06.30~07.06,4,50313,김성호의 회상,김성호,김성호의 회상,1992.10.01,Ballad,김성호,바람이 몹시 불던 날이었지  그녀는 조그만 손을 흔들고 어색한 미소를 지으면서  너의 눈을 보았지 으흠 하지만 붙잡을 수는 없었어 지금은 후회를 하고 있지만 멀어져가는 뒷모습 보면서  두려움도 느꼈지 으흠 나는 가슴 아팠어   때로는 눈물도 흘렸지 이제는 혼자라고 느낄때  보고싶은 마음 한이 없지만 찢어진 사진 한장 남지 않았네 그녀는 울면서 갔지만  내 맘도 편하지는 않았어 그때는 너무나 어렸었기에  그녀의 소중함을 알지 못했네  그렇게 나쁘진 않았어  그녀와 함께 했던 시간들은 한 두번 원망도 했었지만  좋은 사람이었어 으흠 하지만 꼭 그렇진 않아  너무 내 맘을 아프게 했지 서로 말없이 걷기도 했지만  좋은 기억이었어 으흠 너무 아쉬웠었어   때로는 눈물도 흘렸지 이제는 혼자라고 느낄때  보고싶은 마음 한이 없지만 찢어진 사진 한장 남지 않았네 그녀는 울면서 갔지만  내 맘도 편하지는 않았어 그때는 너무나 어렸었기에  그녀의 소중함을 알지 못했네  때로는 눈물도 흘렸지 이제는 혼자라고 느낄때  보고싶은 마음 한이 없지만 찢어진 사진 한장 남지 않았네 그녀는 울면서 갔지만  내 맘도 편하지는 않았어 그때는 너무나 어렸었기에  그녀의 소중함을 알지 못했네
1991.06.30~07.06,5,52004,꿈,조용필,The Dreams,1991,Rock,조용필,화려한 도시를 그리며 찾아왔네 그 곳은 춥고도 험한곳 여기저기 헤매다 초라한 문턱에서 뜨거운 눈물을 먹는다 머나먼 길을 찾아 여기에 꿈을 찾아 여기에 괴롭고도 험한 이 길을 왔는데 이 세상 어디가 숲인지 어디가 늪인지 그 누구도 말을 않네 사람들은 저마다 고향을 찾아가네 나는 지금 홀로 남아서 빌딩속을 헤매다 초라한 골목에서 뜨거운 눈물을 먹는다 저기 저 별은 나의 마음 알까 나의 꿈을 알까 괴로울 땐 슬픈 노래를 부른다 슬퍼질 땐 차라리 나홀로 눈을 감고 싶어 고향의 향기 들으면서 저기 저 별은 나의 마음 알까 나의 꿈을 알까 괴로울 땐 슬픈 노래를 부른다 이 세상 어디가 숲인지 어디가 늪인지 그 누구도 말을 않네 슬퍼질 땐 차라리 나홀로 눈을 감고 싶어 고향의 향기 들으면서 고향의 향기 들으면서
1991.06.30~07.06,6,1104921,외롭지만 혼자 걸을 수 있어,봄여름가을겨울,Live1991-Live!,1991.02.01,Ballad,김종진,"많은 사람들속에 슬픈 얼굴 하나 없어 다가서서 말을 붙이곤해도 모두 바쁜듯이 제 갈길만가네  홀로 길을 걸을때는 좋은 친구가 필요해 다정스레 얘길 나눈다해도 모두 좋은친구 일수 없는거야  웃음띠며 바라보는 그런 느낌 느끼고파 미소지며 다가오는 따스함이 이젠 없어  그래 외롭지만  혼자 걸을수있어 ,,"
1991.06.30~07.06,7,49551,날 울리지마,신승훈,보이지 않는 사랑,1991.11.30,Dance,김창환,내 가슴깊은 그곳에 숨겨놓은 그대와의 많은 시간들이 어둠에 묻혀 나를 찾아들면 나는 외로움에 잠못들고 내게 남아 있는 그대 인형처럼 뽀얀 먼지속에 묻어오는 나의 추억속에 이젠 멀어진 그대여 날 울리지마 슬픈 영화속의 주인공은 싫어 날 울리지마 슬픈 노래처럼 기억되긴 싫어 내곁에 맴도는 그대의 모습은 우울한 하루 이젠 그대의 미소 느껴지지않아 그 날밤 그 날처럼  날 울리지마 슬픈 영화속의 주인공은 싫어 날 울리지마 슬픈 노래처럼 기억되긴 싫어 내곁에 맴도는 그대의 모습은 우울한 하루 이젠 그대의 미소 느껴지지않아 그 날밤 그 날처럼 날 울리지마 슬픈 영화속의 주인공은 싫어 날 울리지마 슬픈 노래처럼 기억되긴 싫어 내곁에 맴도는 그대의 모습은 우울한 하루 이젠 그대의 미소 느껴지지않아 그 날밤 그 날처럼 날 울리지마 슬픈 영화속의 주인공은 싫어 날 울리지마 슬픈 노래처럼 기억되긴 싫어
1991.06.30~07.06,8,51433,이젠,이상우,나만의 그대/그녀를 만나는 곳 100M전/그 언젠가처럼,1991,Ballad,박정원,두근거리는 가슴을 달래며 그대곁에 다가섰지만 말없이 바라보는 그대 차가운 눈에 그만 울고 말았어 뒤돌아 서면 잊으려 했지만 그땐 다시 그리워지네 지난 날에 시간이 내겐 너무 소중해 그댈 잊을 수 없어 온 세상이 어둠에 묻히어도 따뜻한 그대 모습 떠올라 지난 이별도 마지막 그 눈빛도 내겐 사랑이였어요 멀리 있어도 떠나버려도 이젠 눈물 흘리지 않아 만남과 이별은 늘 함께한다는 너의 말을 이젠 알수 있어요 멀리 있어도 떠나버려도 이젠 슬퍼 하지 않아요 사랑은 언제나 짧은 여행이지만 그 추억은 영원한 꿈인것을  온 세상이 어둠에 묻히어도 따뜻한 그대 모습 떠올라 지난 이별도 마지막 그 눈빛도 내겐 사랑이였어요 멀리 있어도 떠나버려도 이젠 눈물 흘리지 않아 만남과 이별은 늘 함께한다는 너의 말을 이젠 알수 있어요 멀리 있어도 떠나버려도 이젠 슬퍼 하지 않아요 사랑은 언제나 짧은 여행이지만 그 추억은 영원한 꿈인것을 멀리 있어도 떠나버려도 이젠 슬퍼 하지 않아요 사랑은 언제나 짧은 여행이지만 그 추억은 영원한 꿈인것을
1991.06.30~07.06,9,51471,이별여행,원미연,원미연 2,1990,Ballad,김기호,투명한 너의 눈빛이  어쩐지 부담스러워  아무런 말도 못하고  창가에 기대어 바라보네  이렇게 떠나가지만  너에겐 정말 미안해  하지만 언제까지나  너를 잊을 순 없을 거야  벽에 걸린 그림처럼  너는 표정 없이 바라보지만 이 거리를 난 떠나가리  내가 아닌 너를 위한 이별 여행을  언제까지 너에게  좋은 기억만을 남기고 싶어  이제는 모든 걸 변명처럼 느끼겠지  다시 한번 너에게  얘기하고 싶던 그 말 사랑해  너에게 너무나  많은 것을 원했던 거야  벽에 걸린 그림처럼  너는 표정 없이 바라보지만  이 거리를 난 떠나가리  내가 아닌 너를 위한 이별 여행을  언제까지 너에게  좋은 기억만을 남기고 싶어  이제는 모든 걸 변명처럼 느끼겠지  다시 한번 너에게  얘기하고 싶던 그 말 사랑해  너에게 너무나  많은 것을 원한거야  언제까지 너에게  좋은 기억만을 남기고 싶어  이제는 모든 걸 변명처럼 느끼겠지  다시 한번 너에게  얘기하고 싶던 그 말 사랑해  너에게 너무나  많은 것을 원했던 거야
1991.06.30~07.06,10,48940,친구에게,김민우,김민우 2집,1991,Ballad,박창학,잊고 있었니 내가 있다는걸 살아가는 이유 힘겨워 질때는 쉬어갈수 있는곳 너의 한숨도 함께 하려했지 언젠가는 나의 지친 발걸음이 너를 찾아갈테니 수많은 시간속에 그 깊은 외로움은 예전처럼 우리 함께 나눌수는 없나 변해가는건 우리가 아니잖아 알수 없는 세상일뿐  나의 한숨도 함께 하려했지 언젠가는 나의 지친 발걸음이 너를 찾아갈테니 수많은 시간속에 그 깊은 외로움은 예전처럼 우리 함께 나눌수는 없나 변해가는 건 우리가 아니잖아 알수없는 세상일 뿐 수많은 시간속 에 그 깊은 외로움은 예전처럼 우리 함께 나눌수는 없나 변해가는건 우리가 아니잖아 알수 없 는세상일뿐
1991.06.30~07.06,11,1017208,만남,노사연,노사연 2집,1989.08.10,Ballad,박신,우리 만남은 우연이 아니야 그것은 우리의 바램이었어 잊기엔 너무한 나의 운명이었기에 바랄 수는 없지만 영원을 태우리 돌아보지 말아 후회하지 말아 아 바보같은 눈물 보이지 말아 사랑해 사랑해 너를 너를 사랑해  돌아보지 마라 후회하지 말아 아 바보같은 눈물 보이지 말아 사랑해 사랑해 너를 너를 사랑해 사랑해 사랑해 너를 너를 사랑해
1991.06.30~07.06,12,3403850,삐에로는 우릴 보고 웃지,김완선,삐에로는 우릴 보고 웃지,1990.12.01,Dance,이승호,빨간 모자를 눌러쓴  난 항상 웃음 간직한 삐에로  파란 웃음 뒤에는 아무도 모르는 눈물 초라한 날보며 웃어도 난 내 모습이 너무 아름다워 모두들 검은 넥타이 아무 말도 못하는 걸 사람들은 모두 춤추며 웃지만 나는 그런 모습 싫어 술 마시며 사랑 찾는 시간 속에 우리는 진실을 잊고 살잖아 난 차라리 웃고 있는 삐에로가 좋아 난 차라리 슬픔 아는 삐에로가 좋아 초라한 날 보며 웃어도 난 내 모습이 너무 아름다워 모두들 검은 넥타이 아무 말도 못하는 걸 사람들은 모두 춤추며 웃지만 나는 그런 모습 싫어 술 마시며 사랑 찾는 시간 속에 우리는 진실을 잊고 살잖아 난 차라리 웃고 있는 삐에로가 좋아 난 차라리 슬픔 아는 삐에로가 좋아 난 차라리 웃고 있는 삐에로가 좋아
1991.06.30~07.06,13,1517335,미워서 미워질때,변진섭,미워서 미워질때,1990.11.24,Ballad,지예,그늘진 나의 모습이 나조차 싫어지는데 떠나는 그대 마음은 잘못된 것이 아니지 차갑던 그대 눈빛만 되새겨 보다 보면은 미워서 미워질때가 그럴때가 오겠지 사랑했기 때문에 이별 또한 슬프지 않다고 변명하며 내 자신을 나는 속이며 돌아서네 오늘따라 바라본 밤하늘이 왜 이리 까맣게 보이는지 비라도 새삼스레 내리려 하는지 차갑던 그대 눈빛만 되새겨 보다 보면은 미워서 미워질때가 그럴때가 오겠지  사랑했기 때문에 이별 또한 슬프지 않다고 변명하며 내 자신을 나는 속이며 돌아서네 오늘따라 바라본 밤하늘이 왜 이리 까맣게 보이는지 비라도 새삼스레 내리려 하는지 그늘진 나의 모습이 나조차 싫어지는데 떠나는 그대 마음은 잘못된 것이 아니지
1991.06.30~07.06,14,1185463,그리운 이름,노래를찾는사람들,노래를 찾는 사람들 3,1991.03.01,Folk,전지용,창살 저 편 멀리 아침해가 따스한 손길로 어루만지는 곳에 떠오르는 그리운 얼굴 지나는 실바람이 소리없이 내게 다가와 속삭이듯 전하는 꿈속에도 그리운 이름 어머니  짙은 어둠 밝히는 한 조각 달빛처럼 굵은 쇠창살도 녹일 우리 어머니 맑은 눈물 어머니  열아홉 꽃같은 젊음 묻어버린 미싱대 위에 야윈 두손으로 간직해온 그리운 이름 흐린 불빛 아래 뜬눈 밝힌 노동의 나날 붉은 눈동자 속에 반짝이던 그리운 이름 어머니  새벽 기다리는 수 많은 별들처럼 작은 가슴 속 깊이 외쳐부르는 그리운 그 이름 어머니  어머니
1991.06.30~07.06,15,65720,이별의 끝은 어디인가요,양수경,양수경 골든,1992,Ballad,함경문,어떻게 돌아왔는지 아무 생각도 나질 않아 예감할 수 없었던 이별이였기에 그 무슨 말을 했는지 그저 눈물만 흐르네요 믿을 수가 없었던 이별이였기에 무슨 이유로 떠나야 했나요 나보다 더 나를 사랑했던 그대가 왜 나를 떠나야 했는지 아직도 눈물이 남아 있었나요 내 모습이 정말 싫어요 또 다른 사랑을 찾아야 하나요 내 이별의 끝은 어디인가요 무슨 이유로 떠나야 했나요 나보다 더 나를 사랑했던 그대가 왜 나를 떠나야 했는지 아직도 눈물이 남아 있었나요 내 모습이 정말 싫어요 또 다른 사랑을 찾아야 하나요 내 이별의 끝은 어디인가요
1991.06.30~07.06,16,51930,흩어진 나날들,강수지,흩어진 나날들,1991.05,Ballad,강수지,아무일 없이 흔들리듯  거리를 서성이지 우연히 널 만날 수 있을까 견딜 수가 없는 날 붙들고  울고 싶어  어두운 마음에 불을 켠 듯한  이름 하나 이젠 무너져 버린거야  힘겨운 나날들 그래 이제 우리는 스치고  지나가는 사람들처럼 그렇게 모른 채  살아가야지 아무런 상관없는 그런  사람들에겐 이별이란 없을 테니까  어두운 마음에 불을 켠  듯한 이름 하나 이젠 무너져 버린거야  힘겨운 나날들  그래 이제 우리는 스치고  지나가는 사람들처럼 그렇게 모른 채  살아가야지 아무런 상관없는 그런  사람들에겐 이별이란 없을 테니까  그래 이제 우리는 스치고  지나가는 사람들처럼 그렇게 모른 채  살아가야지 아무런 상관없는 그런  사람들에겐 이별이란 없을 테니까
1991.06.30~07.06,17,69663,너를 사랑하고도,전유나,너를 사랑하고도/사진속의 그대는,1996.05.01,Ballad,김진룡,너를 사랑하고도 늘 외로운 나는  가눌 수 없는 슬픔에 목이 메이고 어두운 방구석에 꼬마인형처럼  멍한 눈 들어 창 밖을 바라만 보네 너를 처음 보았던 그 느낌 그대로  내 가슴속에 머물길 원했었지만 서로 다른 사랑을 꿈꾸었었기에  난 너의 마음 가까이 갈수 없었네 저 산하 늘 노을은 항상 나의 창에  붉은 입술을 부딪쳐서 검게 멍들고  멀어지는 그대와 나의 슬픈 사랑은  초라한 모습 감추며 돌아서는데  이젠 더이상 슬픔은 없어 너의 마음을 이제 난 알아  사랑했다는 그말 난 싫어  마지막 까지 웃음을 보여줘  저 산하늘 노을은 항상 나의 창에  붉은 입술을 부딪혀서 검게 멍들고  멀어지는 그대와 나의 슬픈 사랑은  초라한 모습 감추며 돌아서는데  이젠 더이상 슬픔은 없어 너의 마음을 이제 난 알아  사랑했다는 그말 난 싫어  마지막 까지 웃음을 보여줘 이젠 더이상 슬픔은 없어 너의 마음을 이제 난 알아  사랑했다는 그말 난 싫어  마지막 까지 웃음을 보여줘
1991.06.30~07.06,18,49933,내사랑 내곁에 (응답하라 1988 삽입곡),김현식,김현식 6집,1991.01.26,Ballad,오태호,나의 모든 사랑이 떠나가는 날이  당신의 그 웃음 뒤에서  함께하는데  철이 없는 욕심에 그 많은 미련에  당신이 있는 건 아닌지  아니겠지요  시간은 멀어 집으로 향해가는데  약속했던 그대만은  올 줄을 모르고  애써 웃음지으며 돌아오는 길은  왜 그리도 낯설고 멀기만 한지 저 여린 가지 사이로  혼자인 날 느낄때  이렇게 아픈 그대 기억이 날까  내 사랑 그대 내 곁에 있어줘  이 세상 하나뿐인 오직 그대만이  힘겨운 날에 너마저 떠나면  비틀거릴 내가 안길 곳은 어디에  저 여린 가지 사이로  혼자인 날 느낄때  이렇게 아픈 그대 기억이 날까  내 사랑 그대 내 곁에 있어줘  이 세상 하나뿐인 오직 그대만이  힘겨운 날에 너마저 떠나면  비틀거릴 내가 안길 곳은 어디에  비틀거릴 내가 안길 곳은 어디에  비틀거릴 내가 안길 곳은 어디에
1991.06.30~07.06,19,1820033,화요일에 비가 내리면,박미경,사랑이 그런 것처럼,2008.03.03,Ballad,최은정,그대 내 곁을 떠나는 화요일에 비가 내리면 하얀 그 빗 속에 눈물을 감추고 울어 주리라 아직 날 떠나지 않은 서글픈 추억에 젖어 가끔은 아무도 몰래 서러운 이 길을 걸으면 어두운 도시의 불 빛 보다 그리움이 먼저 다가와 그댈 기억하겠지 슬픈 화요일에 비가 내리면  아직 날 떠나지 않은 서글픈 추억에 젖어 가끔은 아무도 몰래 서러운 이 길을 걸으면 어두운 도시의 불 빛 보다 그리움이 먼저 다가와 그댈 기억하겠지 슬픈 화요일에 비가 내리면 슬픈 화요일에 비가 내리면
1991.06.30~07.06,20,3592472,어느날 문득,유열,골든 베스트,1998.05.28,Ballad,유열,어느날 문득 나는 보았네 내 마음속의 사랑을 오직 친구로 알았던 그녀를 나는 사랑하고 있었네 바람이 불어와 허황한 거리에 나뭇잎만 흩어지던 날 그날 처음 느꼈던 내 속에 숨은 그대 그리움 지난 세월속에 천천히 커져왔던 나의 사랑을 하지만 이미 그대는 다른 사랑에 빠져있다 했지 못다한 나의 고백만 내귓가에서 바람따라 울고 있었지 바람이 불어와 허황한 거리에 나뭇잎만 흩어지던 날 그날 처음 느꼈던 내 속에 숨은 그대 그리움 지난 세월속에 천천히 커져왔던 나의 사랑을 하지만 이미 그대는 다른 사랑에 빠져있다 했지 못다한 나의 고백만 내귓가에서 바람따라 울고 있었지
1991.06.30~07.06,21,61060,또 어딘가를 향할때,장필순,장필순 2,1991.02.25,Ballad,조규찬,힘겨웠던 내많은 웃음들도 이젠  바쁘기만한 시계 바늘속에 사라져가고  지쳐버린 나의 발걸음이 또 어딘가를 향할 때  찾을 수 있을것같은 내사랑하는 사람들  만날 수 있을것같은 날 사랑하는 사람들 생각에 고개들어 하늘을 바라보네 오래전에 사라져간 그 눈빛처럼  표정없는 하늘을  힘겨웠던 내많은 얘기들도 이젠  어렵기만한 세상 얘기속에 사라져가고  언제부터인지 바람처럼 또 어딘가를 향할 때  찾을 수 있을것 같은 내사랑하는 사람들  만날 수 있을것같은 날 사랑하는 사람들 생각에 고개들어 하늘을 바라보네 오래전에 사라져간 그 눈빛처럼  표정없는 하늘을  고개들어 하늘을 바라보네 오래전에 사라져간 그 눈빛처럼  표정없는 하늘을
1991.06.30~07.06,23,987812,이제 아침이 왔어요,최성수,최성수 5집 비창,1990,Ballad,노영심,어떻게 살꺼냐고 묻지 말아요 막다른 골목처럼 살지 않아요 아픈 것만으로도 사랑을 했다는 걸 나 이제는 알아요 그대 떠난 뒤 기쁠 때는 친구가 있어도 나의 슬픔엔 혼자 뿐이죠 사람들을 보고 살아야지 이제 아침이 왔어요  어떻게 살꺼냐고 묻지 말아요 사랑만 위해서 살지 않아요 웃어야만 하는데 눈물이 나는걸까 이젠 다시 만나면 우연이겠지 기쁠 때는 친구가 있어도 나의 슬픔엔 혼자 뿐이죠 사람들을 보고 살아야지 이제 아침이 왔어요
1991.06.30~07.06,24,83264,텅 빈 거리에서,015B,공일오비,1990,Ballad,정석원,내 곁에 머물러 줘요 말을 했지만 수많은 아픔만을 남긴 채 떠나간 그대를 잊을 수는 없어요 기나긴 세월이 흘러도 싸늘한 밤 바람속에 그대 그리워 수화기를 들어보지만 또 다시 끊어 버리는 여린 가슴을 그대 이제 알 수 있나요 유리창 사이로 비치는 초라한 모습은 오늘도 변함 없지만 오늘은 꼭 듣고만 싶어 그대의 목소리 나에게 다짐을 하며 떨리는 수화기를 들고 너를 사랑해 눈물을 흘리며 말해도 아무도 대답하지 않고 야윈 두손에 외로운 동전 두개 뿐  난 수화기를 들고 너를 사랑해 눈물을 흘리며 말해도 아무도 대답하지 않고 야윈 두손에 외로운 동전 두개 뿐 떨리는 수화기를 들고 너를 사랑해 눈물을 흘리며 말해도 아무도 대답하지 않고 야윈 두손에 외로운 동전 두개 뿐
1991.06.30~07.06,25,1002879,아쉬운 이별,김지환,김지환 1,1991.01.25,Ballad,지예,어디에서 어디까지를  진실이라 믿어야 하나  적어도 우리들의 지난 날들이  이런 것은 아니지만   나에게서 금방이라도  떠날것만 같은 느낌을  나 혼자 나 혼자 느끼는  오해라고 말해주렴   저기 흔들리는 불빛  내 타다 남은 담배연기  이젠 모든 것이 끝난걸  난 무력하게 고개 저을뿐   이별이란 쉬운거야  그저 돌아서면 그뿐인걸  떨어지는 내눈물만 안된거지  이제까지 내 살아온 숱한 세월들도  슬픈 사랑 앞에 선 다 소용없는 걸    저기 흔들리는 불빛  내 타다 남은 담배연기  이젠 모든 것이 끝난걸  난 무력하게 고개 저을뿐   이별이란 쉬운거야  그저 돌아서면 그뿐인걸  떨어지는 내눈물만 안된거지  이제까지 내 살아온 숱한 세월들도  슬픈 사랑 앞에 선 다 소용없는 걸
1991.06.30~07.06,26,1839752,이 밤이 지나도록,푸른하늘,푸른하늘 3집 - 이 밤이 지나도록,1990.11.01,Ballad,유영석,아무말도 난 하지 못했어 놓인 커피잔만 바라보았지 그대 내게 무슨 말 하려 하는지 이미 나는 알고 있다는걸 넌 아니 이렇게 난 될 줄 알았지 하지만 네가 무작정 좋았어 어두워져만 가던 나의 마음에 꿈에 젖은 너의 눈을 담았어 그러나 이제는 우리 서로가 다른 길을 가야 하겠지 작은 기쁨 있어도 괜히 들뜨고 작은 슬픔에도 쓰려하던 넌 어디로 가야만 하는 거니 이밤이 다 지나도록 가야만 하는 거니 너만을 생각해 너의 모습 보고파 꿈에서 만날 수 있는 너의 모습 보고파 밤만을 기다리는데 너는 왜  이제는 우리 서로가 다른 길을 가야 하겠지 작은 기쁨 있어도 괜히 들뜨고 작은 슬픔에도 쓰려하던 넌 어디로 가야만 하는 거니 이밤이 다 지나도록 가야만 하는 거니 너만을 생각해 너의 모습 보고파 꿈에서 만날 수 있는 너의 모습 보고파 밤만을 기다리는데 너는 내곁을 떠나 어느 곳에서 같은 별을 바라보는지 이밤 지나도록 이밤 지나도록 같은 하늘 아래 있는 것으론 남은 그리움 지울 수가 없어 하지만 어쩔 수 없잖아 추억 아름답게 간직할 수밖엔 너의 모습 보고파 이밤이 다 지나도록 너의 모습 보고파 너만을 생각해 너의 모습 보고파 꿈에서 만날수 있는 너의 모습 보고파 밤만을 기다리는데 너의 모습 보고파 이밤이 다 지나도록 너의 모습 보고파 너만을 생각해 너의 모습 보고파 꿈에서 만날수 있는 너의 모습 보고파 밤만을 기다리는데
1991.06.30~07.06,27,2960022,16년차이,16년차이,십육년 차이,1990.10.30,Ballad,,
1991.06.30~07.06,28,59431,헤어짐이 이별은 아니듯,임백천,사랑할 수 없는 슬픔,1991.04.15,Ballad,김선진,너의 마지막 모습을 보려고 여기왔어 짙은 어둠에 가려진 너의 창문 이별은 어느새 소리도 없이 슬픈 눈빛만으로 뒤에 서 있어 눈을 감으면 너에게 가까이 갈 수 있어 아주조그만 소리로 이젠 안녕 여린 풀잎처럼 작은 너에게 눈물 보이긴 싫어 그저 희미하게 웃네 잃어버린 사람을 그리워 하다 지친후에 추억의 꽃은 시들어도 눈물속에 흐르는 아름다웠던 사랑 영원히 잊지못해  멀리 떠나는 내 모습 보이긴 마음 아파 잠든 너에게 보내는 하얀 미소 아침안개처럼 뿌연 슬픔이 자꾸 밀려오는데 이젠 떠나야만 하나 잃어버린 사람을 그리워 하다 지친후에 추억의 꽃은 시들어도 눈물속에 흐르는 아름다웠던 사랑 영원히 잊지못해 잃어버린 사람을 그리워 하다 지친후에 추억의 꽃은 시들어도 눈물속에 흐르는 아름다웠던 사랑 영원히 잊지못해 그대여 그런 슬픈 이별은 싫어요 헤어짐이 이별은 아니야
1991.06.30~07.06,29,91049,내사랑 투유,조갑경,저 깊고 푸른밤에/입맞춤,1990.09,Ballad,홍서범,어느날 너를 처음 봤을땐 나만의 사랑이 싹트고 고개 숙인 너의 모습이 천사처럼 아름다웠어 멀리서 너를 바라볼때면 맘으론 가슴 태웠지 너의 목소리 귓가에 들려올때면 가슴이 떨려오곤했지 그러나 너를 사랑하면 할수록 나는 너무도 많이 울어야 했어 너를 향한 아름답던 나의 사랑은 슬픈영화처럼 변해 갔지 하지만 투유 사랑한다 말하고 싶어 나는 투유 모든것을 주고 싶었어 아직도 투유 내게 남아있는 작은 사랑을 소중히 간직하고파  멀리서 너를 바라볼때면 맘으론 가슴 태웠지 너의 목소리 귓가에 들려올때면 가슴이 떨려오곤 했지 그러나 너를 사랑하면 할수록 나는 너무도 많이 울어야 했어 너를 향한 아름답던 나의 사랑은 슬픈영화처럼 변해 갔지 하지만 투유 사랑한다 말하고 싶어 나는 투유 모든것을 주고 싶었어 아직도 투유 내게 남아있는 작은 사랑을 소중히 간직하고파 아직도 투유 내게 남아있는 작은 사랑을 소중히 간직하고파
1991.06.30~07.06,30,60872,서울탱고,방실이,서울탱고/떠돌이 별,1990,Adult Contemporary,소산,내나이 묻지마세요 내이름도 묻지마세요 이리저리 나부끼며 살아온 인생입니다 고향도 묻지 마세요 아무것도 묻지마세요 서울이란 낮선곳에 살아가는 인생입니다 세상의 인간사야 모두가 모두가 부질없는것 덧없이 왔다가 떠나는 인생은 구름 같은것 그냥 쉬었다가 가세요 술이나 한잔하면서 세상살이 온갖시름 모두다 잊으시구려  세상의 인간사야 모두가 모두가 부질없는것 덧없이 왔다가 떠나는 인생은 구름 같은것 그냥 쉬었다가 가세요 술이나 한잔하면서 세상살이 온갖시름 모두다 잊으시구려
1991.06.30~07.06,31,1517332,어떤 이별,변진섭,미워서 미워질때,1990.11.24,Ballad,박창학,1.그래 내 모습을 볼 순 없지만  더이상 어쩔 수 없는거야  영원한 꿈을 믿기엔 이젠너무 지쳐버렸지  생각하면 우린 많은 날들을  오히려 서로가 아파했어  가슴속 숨겨진 바램을 알기에는  우린 서로 너무도 어렸어  왜그렇게 내마음을 보이긴 싫었을까  사랑할 수 있는길은 가까운데 있는걸  참지못할 외로움을 알아버린 지금  남겨진건 내모습뿐      2.생각하면 우린 많은 날들을  오히려 서로가 아파했어  가슴속 숨겨진 바램을 알기에는  우린 서로 너무도 어렸어  왜그렇게 내마음을 보이긴 싫었을까  사랑할 수 있는길은 가까운데 있는걸  참지못할 외로움을 알아버린 지금  남겨진건 내모습뿐    왜그렇게 내마음을 보이긴 싫었을까  사랑할 수 있는길은 가까운데 있는걸  참지못할 외로움을 알아버린 지금  남겨진건 내모습뿐    왜그렇게 내마음을~
1991.06.30~07.06,32,986381,멀어지는 그 미소,이주엽,멀어지는 그 미소,1992.07.01,Ballad,김정현,저 멀리 아스라이 노을속의 새는 내 슬픈 추억속에 애써 날아오지만 내 어린 시절에 그대로의 소망은 내 가슴속에 남은 꺼진 촛불처럼 나의 내일은 너의 밝은 미소 하나로 이 세상 모두를 이렇게 힘껏 품을 수 있어 언제나 내 곁에 붙들고 싶은 마음 이지만 그리워 할수록 내게서 멀어지는 그 미소 저 안개 걷히우면 떠오르는 태양도 괴롭고 힘들었던 나의 지난 날속에 돌이켜 생각하면 모든 것이 추억되어 밤 하늘 날아가는 지친 철새처럼 나의 내일은 너의 밝은 미소 하나로 이 세상 모두를 이렇게 힘껏 품을 수 있어 언제나 내 곁에 붙들고 싶은 마음이지만 그리워 할수록 내게서 멀어지는 그 미소  내게서 멀어지는 그 미소
1991.06.30~07.06,33,51734,이 세상속에서,여행스케치,추억여행 (새벽에서 꿈까지),1991.05.05,Folk,조병석,우리 사랑 이대로  잊혀져야 한다면 이 아픈 가슴은 어떻게 하나  헝클어진 방안에  조각난 내 마음은 간밤에 꿈처럼 아파오지만  라일락 향기 날리는 싱그런 아침이 오면 날아가는 저 새처럼 날고 싶은거야 지금 내 가는 이 길이 바람의 길이라 해도 사랑하는 마음으로 가고 싶은거야 세월 지나가면 잊혀진 사랑이라고 사람들 내게 와 말을 전하지만 세월 지나가면 추억만 남는거라고 사람들 나보고 바보라 하지만 라일락 향기 날리면 우리 마음에도 봄이 왠지 찾아올 것 같아 기다리고 있어  세월 지나가면 잊혀진 사람이라고 사람들 내게 와 말을 전하지만 세월 지나가면 추억만 남는거라고 사람들 나보고 바보라 하지만 라일락 향기 날리면 우리 마음에도 봄이 왠지 찾아올 것 같아 기다리고 있어 기다리고 있어 기다리고 있어
1991.06.30~07.06,34,2960585,내 잘못이야,주병선,내 잘못이야,1990,Ballad,,
1991.06.30~07.06,35,2960555,놓치지마,김선경,우리 노래 전시회 4,1991,Ballad,,
1991.06.30~07.06,36,51481,미소 속에 비친 그대,신승훈,미소속에 비친 그대,1991.01.15,Ballad,신승훈,너는 장미보다 아름답진 않지만 그보다 더 진한 향기가 너는 별빛보다 환하지 않지만 그보다 더 따사로와 탁자위에 놓인 너의 사진을 보며 슬픈 목소리로 불러 보지만 아무 말도 없는 그댄 나만을 바라보며 변함없는 미소를 주네 내가 아는 사랑은 그댈 위한 나의 마음 그리고 그대의 미소 내가 아는 이별은 슬픔이라 생각했지 하지만 너무나 슬퍼 나는 울고 싶지 않아 다시 웃고 싶어졌지 그런 미소속에 비친 그대 모습 보면서 다시 울고 싶어지면 나는 그대를 생각하며 지난 추억에 빠져 있네 그대여 내가 아는 사랑은 그댈 위한 나의 마음 그리고 그대의 미소 내가 아는 이별은 슬픔이라 생각했지 하지만 너무나 슬퍼 나는 울고 싶지 않아 다시 웃고 싶어졌지 그런 미소 속에 비친 그대 모습 보면서 다시 울고 싶어지면 나는 그대를 생각하며 지난 추억에 빠져 있네 그대여 울고 싶지 않아 다시 웃고 싶어졌지 그런 미소속에 비친 그대 모습보면서 다시 울고 싶어지면 나는 그대를 생각하며 지난 추억에 빠져 있네 그대여
1991.06.30~07.06,37,1028125,여자야,유현상,갈사람,1995.08.16,Adult Contemporary,이건우,여자야 여자야 너는 아직 모르지 울고 있구나 여자야 약해지면 안돼 한 동안 못 본다고 잊혀지겠니 하룻밤의 정도 아닌데 간다는 말도 없이 온다는 기약 없이 그렇게 떠나갔지만 돌아올거야 여자야 약해지면 안돼  여자야 여자야 너는 아직 모르지 웃고 있구나 여자야 흔들리면 안돼 한 동안 못 본다고 어디가겠니 하룻밤의 정도 아닌데 간다는 말도 없이 온다는 기약 없이 그렇게 떠나갔지만 기다려야지 여자야 흔들리면 안돼 여자야 여자야 약해지면 안돼
1991.06.30~07.06,38,531488,기다린 날도 지워질 날도,이승환,B.C 603,1989.10.15,Ballad,오태호,기다린 날도 지워질 날도 다 그대를 위했던 시간인데  이렇게 멀어져만 가는 그댈 느끼며  더 이상 내게 무얼 바라나  수 많은 의미도 필요친 않아  그저 웃는 그대 모습 보고 싶은데  또 언제까지 그대를 그리워해 아무런 말도 못하고  지금 떠난다면 볼 수도 없는데  그대를 사랑한단 그말을 왜 못하나  원하는 그대 앞에서  모아논 시간도 이젠 없는데  기다린 날도 지워질 날도 다 그대를 위했던 시간인걸  이렇게 멀어져만 가는 그댈 떠나나   또 언제까지 그대를 그리워해 아무런 말도 못하고  지금 떠난다면 볼 수도 없는데  그대를 사랑한단 그 말을 왜 못하나  원하는 그대 앞에서  모아논 시간도 이젠 없는데  더 이상 내게 무얼 바라나  수 많은 의미도 필요친 않아  그저 웃는 그대 모습 보고 싶은데
1991.06.30~07.06,39,2960466,시냇물소리,햇빛촌,혼자하는 여행,1990,Folk,,
1991.06.30~07.06,40,49003,"자, 이제 웃어봐",조하문,조하문 3집,1992.06.01,Ballad,조하문,나는 여기에 너는 어디에 무슨 생각을 하고 있는지 메마른 표정 야윈 네 모습 어떤 말들이 널 그리 만드니 나는 너에게 또 다른 나를 본다 나도 예전엔 이런 웃음 몰랐었어 자 이제 웃어봐 나를 쳐다봐 아무 생각도 소용없잖아 자 이제 뛰어봐 나를 따라와 아무 걱정도 소용없잖아 너에게  표정도 없이 메마른 웃음 어떤 말들이 넌 하고싶으니 나는 너에게 또 다른 나를 본다 나도 예전엔 이런 웃음 몰랐었어 자 이제 웃어봐 나를 쳐다봐 아무 생각도 소용없잖아 자 이제 뛰어봐 나를 따라와 아무 걱정도 소용없잖아
1991.06.30~07.06,41,2960606,굿바이,정탁,굿바이 / 그대여,-,Adult Contemporary,,
1991.06.30~07.06,42,1839784,꿈에서 본 거리,푸른하늘,푸른하늘 4집 - 꿈에서 본 거리,1991.05.01,Ballad,유영석,아침에 문득 눈을 떠보니 낯설게 보이는 모든게 내주위에 가득차 일어나 다시 살펴 보았더니 오래된 내 작은방 어젯밤 꿈에 나는 보았지 하얗게 뻗어나가 있는 길옆에 그거리를 언제나 가슴으로 그리던 곳을 난 꿈 을 타고 찾아낸거야 빠알간 벽돌 길모퉁이에서 난 플라타나스 바라보면서 웃음이 아닌 다른 건 모두 잊은채 아무 생각 없이 앉아 있었지 어지럽던 내사랑도 이제는 하늘 저멀리 구름 위로 날려 버린채 숨가쁜 생활을 벗어날수있는 그곳은 내 꿈에서 본 거리일거야  빠알간 벽돌 길모퉁이에서 난 플라타나스 바라보면서 웃음이 아닌 다른 건 모두 잊은채 아무 생각 없이 앉아 있었지 어지럽던 내 사랑도 이제는 하늘 저멀리 구름 위로 날려 버린채 숨가쁜 생활을 벗어날수있는 그곳은 내 꿈에서 본 거리일거야 어지럽던 내사랑도 이제는 하늘 저멀리 구름 위로 날려 버린채 숨가쁜 생활을 벗어날 수 있는 그곳은 내 꿈에서 본 거리일거야
1991.06.30~07.06,43,896192,장난감 병정,박강성,3집 장난감 병정,1998.01.01,Ballad,박찬일,언제나 넌 내 창에 기대어  촛점없는 그 눈빛으로  아무말 없이 아무 의미도 없이  저 먼 하늘만 바라보는데  사랑이 이토록 깊은 줄 몰랐어  어설픈 내 몸짓때문에  나는 너에게 어떤 의미가 되리  지워지지 않는 의미가 되리    사랑할 수 없어 아픈 기억때문에  이렇게 눈물 흘리며 돌아서네~  움직일 수 없어 이젠 느낄 수 없어  내 잊혀져갈 기억이기에    사랑이 이토록 깊은 줄 몰랐어  어설픈 내 몸짓 때문에  나는 너에게 어떤 의미가 되리  지워지지 않는 의미가 되리    사랑할 수 없어 아픈 기억때문에  이렇게 눈물 흘리며 돌아서네  움직일 수 없어 이젠 느낄 수 없어  내 잊혀져갈 기억이기에    사랑이 이토록 깊은 줄 몰랐어  어설픈 내 몸짓 때문에  나는 너에게 어떤 의미가 되리  지워지지 않는 의미가 되리    나는 너에게 어떤 의미가 되리  지워지지 않는 의미가 되리
1991.06.30~07.06,44,49353,늦지않았음을,송재호,Song Jae Ho Vol.1,1991.02,Ballad,유영석,이젠 모두 지난 일이 된걸까 아직 너의 음성 들릴 것 같은데 이대로 멈춰진 우리의 시간 지켜봐야 하는지 그대 고운 눈동자를 떨구며 놓인 커피잔 만지던 기억이 아직도 내곁에 있는 것같아 아쉬움에 눈물을 떨구네 언제였나 작은 공원 벤치에서 두 손을 잡으며 입맞춤하던 날 이제는 내 작은 기억으로 남아 나의 슬픈 밤을 적시우는데 늦지 않았음을 그대 내게 말하여 준다면 난 말도 못한 채 눈물 흘리며 그대의 남은 빈자리로 남몰래 찾아가 끝없이 너를 바라볼거야  언제였나 작은 공원 벤치에서 두 손을 잡으며 입맞춤하던 날 이제는 내 작은 기억으로 남아 나의 슬픈 밤을 적시우는데 늦지 않았음을 그대 내게 말하여 준다면 난 말도 못한 채 눈물 흘리며 그대의 남은 빈자리로 남몰래 찾아가 끝없이 너를 바라볼거야 늦지 않았음을 그대 내게 말하여 준다면 난 말도 못한 채 눈물 흘리며 그대의 남은 빈자리로 남몰래 찾아가 끝없이 너를 바라볼거야
1991.06.30~07.06,46,51590,거울이 되어,최용준,아마도 그건,1990.12,Rock,도윤경,나를 향해 울어버리는 까닭은 뭔가요 당신의 눈물을 비추는 것은 내게는 커다란 슬픔인 것을 나를 보며 한숨을 짓는 까닭은 뭔가요 당신의 아픔을 비출바에야 이대로 깨어져 버리고 싶소 당신의 미소와 당신의 사랑을 비추리라 난 생각 했는데 당신은 웃음을 지어줄수는 없나요 내마음이 아프잖아요  나를 향해 울어버리는 까닭은 뭔가요 당신의 눈물을 비추는 것은 내게는 커다란 슬픔인 것을 당신의 미소와 당신의 사랑을 비추리라 난 생각했는데 당신은 웃음을 지어줄수는 없나요 내마음이 아프잖아요 나는 영원한 당신만의 거울이 되어
1991.06.30~07.06,47,65728,당신은 어디 있나요,양수경,양수경 골든,1992,Ballad,김범룡,그래요 말을 해 봐요 나는 알고 있어요 어젯 밤에 그 맹세가 무엇을 말 하는지 그래요 떠나갈게요  당신이 원하신다면 한 번 가면 그 뿐이에요 이대로 떠나겠어요 아하 내가 외로울 땐 날 위로 해주던 아 그런 당신은 당신은 어디 있나요 마음대로 왔다가 마음대로 그렇게 그렇게 가시나요 말 해봐요 말 해봐요 사랑이 죄 인가요 그래요 말을 해 봐요 나는 알고 있어요 어젯 밤에 그 맹세가 무엇을 말 하는지 그래요 떠나갈게요  당신이 원하신다면 한 번 가면 그 뿐이에요 이대로 떠나겠어요 아하 내가 외로울 땐 날 위로 해주던 아 그런 당신은 당신은 어디 있나요 마음대로 왔다가 마음대로 그렇게 그렇게 가시나요 말해봐요 말해봐요 사랑이 죄인가요 마음대로 왔다가 마음대로 그렇게 그렇게 가시나요 말 해봐요 말 해봐요 사랑이 죄 인가요
1991.06.30~07.06,48,1052085,나 항상 그대곁에,김태형,김태형,1991.02.10,Ballad,,너는 내게 슬픈 눈빛으로 내 마음을 묻고 있지만~~ 이제 나는 너에게 아무 할말이 없어 사랑은 너무도 힘들어~~ 어쩌면은 우린 서로 멀리 헤어질 수도 있겠지만~~ 지금 내가 너에게 대답할 수 있는 건 사랑한단 그 말 뿐이야 때로는 모진 아픔에 서로가 서로를 믿지 못해도 나는 느낄 수 있어~~ 그런 아픔속에서 사랑은 더욱 더 깊어가는 걸 지나간 시간들을 생각해봐 우린 이대로 헤어질 순 없잖아~~ 나 항상 그대곁에 사랑으로 잠이 들고 싶은 마음 뿐이~~야  때로는 모진 아픔에 서로가 서로를 믿지 못해도 나는 느낄 수 있어~~ 그런 아픔속에서 사랑은 더욱 더 깊어가는 걸 지나간 시간들을 생각해봐 우린 이대로 헤어질 순 없잖아~~ 나 항상 그대곁에 사랑으로 잠이 들고 싶은 마음 뿐이~~야
1991.06.30~07.06,49,64942,추억의 책장을 넘기면,이선희,추억의 책장을 넘기면,1990.08.20,Ballad,송시현,가물거리는
1991.06.30~07.06,50,51431,그녀를 만나는 곳 100M 전,이상우,나만의 그대/그녀를 만나는 곳 100M전/그 언젠가처럼,1991,Ballad,노영심,그녀를 만나는 곳 100M 전  저기 보이는 노란 찻집 오늘은 그녈 세번째 만나는 날 마음은 그곳을 달려가고 있지만 가슴이 떨려오네 새로 산 구두가 어색해 자꾸 쇼윈도에 날 비춰봐도 멀쓱한 내 모습이 더 못 마땅한 그녀를 만나는 곳 100m전 장미꽃 한송이를 안겨줄까 무슨말을 어떻게 할까 머리속에 가득한 그녀 모습이 조금씩 내게 다가오는 것 같아 하늘에 구름이 솜사탕이 아닐까 어디 한번 뛰어 올라 볼까 오늘은 그녀에게 고백을 해야지 용기를 내야지  벌써 날 기다리진 않을까 아직 15분이나 남았는데 어제밤에 맞춰 논 내 시계 바늘이 잠든게 아닐까 살살 넘겨빗은 머리가 바람에 날려 흩어지진 않을까 오늘따라 이 길이 더 멀어보이네 그녀를 만나는 곳 100m전 장미꽃 한송이를 안겨줄까 무슨말을 어떻게 할까 머리속에 가득한 그녀 모습이 조금씩 내게 다가오는 것 같아 하늘에 구름이 솜사탕이 아닐까 어디 한번 뛰어 올라 볼까 오늘은 그녀에게 고백을 해야지 용기를 내야지 나나나 나나 나나나나 나나 나나나 나나 나나나나 나나 머리속에 가득한 그녀 모습이 조금씩 내게 다가오는 것 같아 하늘에 구름이 솜사탕이 아닐까 어디 한번 뛰어 올라 볼까 오늘은 그녀에게 고백을 해야지 용기를 내야지 용기를 내야지
