time,rank,song_id,title,singers,album,date,genre,creator,lyric
1998.04.12~04.18,1,46284,비(悲),김정민,Jump 98,1998.03,Ballad,박주연,내가 없는 너의 하루는 내가 없는 너의 방안은 내가 없는 너의 미소는 여전히 눈부실까 이기적인 나를 용서해 그대 먼저 세상 떴다면 그건 살아있는 죽음이 내겐 됐을테니까 널 만나 모든게 다시 시작됐어 살아있다는게 너무도 행복했어 그래서 더욱 남김없이 후회없이 쓰고 떠나려 해 그날까지 남은 내 몫의 모든 사랑 슬픔으로 슬픔 잊히듯 다른 사랑으로 날 잊어 내가 눈을 감는 날부터 나는 너를 모를테니 널 만나 모든게 다시 시작됐어 살아있다는게 너무도 행복했어 그래서 더욱 남김없이 후회없이 쓰고 떠나려 해 그날까지 남은 내 몫의 모든 사랑 슬픔으로 슬픔 잊히듯 다른 사랑으로 날 잊어 내가 눈을 감는 날부터 나는 너를 모를테니
1998.04.12~04.18,2,77694,애상,쿨(COOL),Cool 4,1998.04,Dance,이승호,알잖아 너를 이토록   사랑하며 기다린 나를   뭐가 그리 바쁜지 너무   보기 힘들어   넌 도대체 뭐하고 다니니   그게 아냐 이유는 묻지마   그냥 믿고 기다려 주겠니   내게도 사랑을 위한 시간이   필요해 널 받아들일수 있게   일부러 피하는거니   삐삐쳐도 아무 소식없는 너   싫으면 그냥 싫다고 솔직하게   말해봐   말리지마 내 이런 사랑을   너만 보면 미칠것 같은 이맘을   누가 알겠어 웨딩드레스 입은   네 곁에 다른 사람이   난 두려워 나보다 더 멋진   그런 남자 네가 만날까봐   아니야 그렇지 않아 정말   너 하나뿐야 속는셈 치고   한번 믿어봐   내눈에는 너무 이쁜 그녀를   자랑스레 친구에게 보여줬지   친구 내게 미안하다며   그녀 얘길 싸그리 다했지   그녀 많은 남자중에 친구만도   여러명이야   말도안돼 믿을 수없어 혹시 쌍둥이   우연히 너를 보았지   다른 남자 품안에 너를   한번도 볼수 없었던 너무   행복한 미소   내 사랑은 무너져 버렸어   그게 아냐 변명이 아니라   그 남자는 나완 상관없어   잠시 나 어지러워서 기댄것  뿐이야  날 오해하진 말아줘  나역시 많은 여자들  만났다가 헤어져도 봤지만  한꺼번에 많은 여자를 만난적은  없었어  네가 뭔데 날 아프게 하니  너 때문에 상처 돼버린 내 사랑  이제 다시는 너의 헛된 만남도  나 같은 사람 없을껄  난 두려워 나 역시 다시는  이런 사랑 할 수 없을까봐  믿을수 없겠지만은 네가  첫사랑인데  떠나버리면 어떡하라구  사랑까지는 바라지도않을게  네 곁에 항상 있게만 해줘  제발 제발
1998.04.12~04.18,3,77363,나와 같다면,김장훈,#1998 Ballads For Tears,1998.02.01,Ballad,박주연,어떤 약속도 없는 그런 날에 너만 혼자 집에 있을때 넌 옛 생각이 나는지 그럴땐 어떡하는지 또 우울한 어떤날 음 비 마저 내리고 늘 우리가 듣던 노래가 라디오에서 나오면 나처럼 울고 싶은지 왜 자꾸만 후회되는지 나의 잘못했던 일과 너의 따뜻한 마음만 더 생각나 너의 방안을 정리하다가 내 사진이 혹시 나오면 넌 그냥 찢고 마는지 한참을 바라보는지 또 우울한 어떤날 음 비 마저 내리고 늘 우리가 듣던 노래가 라디오에서 나오면 나처럼 울고 싶은지 왜 자꾸만 후회되는지 나의 잘못했던 일과 너의 따뜻한 마음만 더욱 생각나 그대여 나와 같다면 내 마음과 똑같다면 그냥 나에게 오면 돼 널 위해 비워둔 내 맘 그 자리로  그대여 나와 같다면 내 마음과 똑같다면 그냥 나에게 오면 돼 널 위해 비워둔 내 맘 그 자리로 나처럼 울고 싶은지 왜 자꾸만 후회되는지
1998.04.12~04.18,4,77991,비원(悲願),박상민,The Road,1998.02,Ballad,이건우,핼쑥한 모습이었었지 말하기 조차 힘이 들어 침묵의 그 시간이 흘러간 뒤에 마지막으로 내게 하던 말 나보다 못난 사람에게 잊혀져 있던 사람에게 나 전에 사랑했던 그 사람에게 돌아가야만 될 것 같다고 미안하단 말과 함께 흐느끼던 너의 모습 이제와서 무슨 상관이냐고 따지듯이 이내 절규했지만 나는 아무렇지 않아 너만 행복해준다면 허나 이 말 한마디만 너를 너무 사랑했어 미안하단 말과 함께 흐느끼던 너의 모습 이제와서 무슨 상관이냐고 따지듯이 이내 절규했지만 나는 아무렇지 않아 너만 행복해준다면 허나 이 말 한마디만 너를 너무 사랑했어 나는 아무렇지 않아 너만 행복해준다면 허나 이 말 한마디만 너를 너무 사랑했어 그 후론 그녀에겐 어떤 아무런 소식조차 없죠 하지만 행복할꺼라고 믿으며 이 노래 속에 그녈 보내요
1998.04.12~04.18,5,79774,Solo예찬,이문세,Sometimes,1998.03.28,Ballad,이문세,오 또 밤이 찾아와 내 슬픈 눈을 가리고 사랑 찾아 떠나라고 내 등을 밀어 저 산이 저 태양이 나를 보고 웃네 네 사랑 네 젊음은 어데로 갔냐고 저 하늘 저 새들도 나를 보고 비웃네 수많은 연인들은 더 웃네 나도 내가 미워요 내 사랑 찾아 떠나요 내 가슴 채워 줄 그녀 어디쯤 숨어 있나요 제발 손들어 봐요 밤새워 춤춰 줄 그녀 언젠가 내 곁에 나타날거라고 난 믿어 의심치 않아 이젠 나도 지쳐요 내 사랑 찾아 주세요 내 심장 멎게 할 그녀 단 한번 사랑이예요 내게 손짓한다면 저 하늘 저 구름들도 언젠가 내 앞에 무릎 꿇거라고 난 믿어 의심치 않아 나도 내가 미워요 내 짝을 찾아 떠나요 내 인생 책임질 그녀 어디쯤 가고 있나요 제발 손짓해 봐요 밤새워 안아줄 그녀 언젠가 내 곁에 나타날거라고 난 믿어 의심치 않아 내 앞에 나타날거라고 난 믿어 의심치 않아
1998.04.12~04.18,6,1839641,난 행복해,이소라,이소라 1집,1995.09.01,Ballad,김현철,날 용서해 너에게 이런 말 정말 하고 싶진 않아 그러나 이젠 어쩔 수 없는 일이야 그 사람을 사랑하지 않게 해달라고 기도했어 하지만 이제 너무 늦었어 그렇게도 해맑게 웃던 네 모습을 난 기억해 다음 번엔 나같은 여자 만나지마 행복해야해 넌 반드시 좋은 사람 만나 다시 사랑해야 하고 저 기억 너머로 그렇게 나를 잊어야 해 그렇게도 해맑게 웃던  네 모습을 난 기억해  다음번엔 나같은 여자 만나지마  행복해야해  내게 힘이되도록 해맑게 웃던  니 모습을 난 기억해  그리고 다음번엔 나같은 여자  만나지마 제발  행복해야해  난 행복해 그동안 널 볼수  있던 그날들 때문에  난 널 못 잊어  죽는 날까지 사랑해
1998.04.12~04.18,7,77374,지킬 수 없는 약속,신승훈,Shin Seung Hun Ⅵ,1998.02.01,Ballad,신승훈,용서해 주겠니 너와의 약속 지킬수가 없어 니 모든걸 사랑하겠다는 지난날의 약속 니가 사랑하는 그 사람까진 사랑할순 없어 내가 먼저 이별을 말하고 너를 떠난다 생각나니 지난 우리의 사랑 지워버리기엔 너무 아름다웠잖아 너무 쉽게 날 잊어버리지는마 또 다른사랑에 행복하겠지만 한때는 너의전부였던 날 위해 사랑해 그래 떠나가라 너 없는 동안 내 모습 어떻게 되든지 상관없이 넌 살아 가겠지만 언젠가 돌아올 것 같은 널 위해 다른 사랑도 못하는 바보가 되버린 내 모습 잊지 않기를 바래 생각나니 지난 우리의 사랑 지워버리기엔 너무 아름다웠잖아 너무 쉽게 날 잊어버리지는마 또 다른사랑에 행복하겠지만 한때는 너의전부였던 날 위해 사랑해 그래 떠나가라 너 없는 동안 내 모습 어떻게 되든지 상관없이 넌 살아 가겠지만 언젠가 돌아올 것 같은 널 위해 다른 사랑도 못하는 바보가 되버린 내 모습 잊지 않기를 바래
1998.04.12~04.18,8,1877126,사랑을 위하여,김종환,사랑을 위하여,1997.06.13,Adult Contemporary,김종환,이른 아침에 잠에서 깨어 너를 바라볼 수 있다면 물안개 피는 강가에 서서 작은 미소로 너를 부르리 하루를 살아도 행복할 수 있다면 나는 그 길을 택하고 싶다 세상이 우리를 힘들게 하여도 우리들은 변하지 않아 너를 사랑하기에 저 하늘 끝에 마지막 남은 진실 하나로 오래 두어도 진정 변하지 않는 사랑으로 남게 해주오 내가 아플 때보다 네가 아파할 때가 내 가슴을 철들게 했고 너의 사랑 앞에 나는 옷을 벗었다 거짓의 옷을 벗어버렸다 너를 사랑하기에 저 하늘 끝에 마지막 남은 진실하나로 오래 두어도 진정 변하지 않는 사랑으로 남게 해주오 너를 사랑하기에 저 하늘 끝에 마지막 남은 진실 하나로 오래 두어도 진정 변하지 않는 사랑으로 남게 해주오 사랑으로 남게 해주오
1998.04.12~04.18,9,78044,십년이 지나도,박진영,십년이 지나도...,1998.01,Ballad,박진영,미안해 너도 금방 좋은 사람 만날 거야 괜찮지 그래 난 괜찮아 너만 그 사람이 좋다면 난 웃으며 널 보내줄 수가 있어 하지만 왜 자꾸만 나도 다른 사람을 만나 널 쉽게 잊고 살거라 말하는 거야 그렇지 않아 날 지켜봐 두고봐 십년이 지난 후에도 난 너만을 사랑하고 있을 거야 그래 난 괜찮아 니가 떠나도 난 괜찮아 혼자서도 사랑은 계속될 테니까 하지만 왜 자꾸만 우리 사랑도 머지않아 빛바랜 추억일거라 말하는 거야 그렇지 않아 날 지켜봐 두고봐 십년이 지난 후에도 난 너만을 사랑하고 있을 거야 두고봐 십년이 뭐야 내가 죽는 날까지 내게 사랑은 오직 너 하나뿐야 날 지켜봐 두고봐 십년이 지난 후에도 난 너만을 사랑하고 있을 거야 날 지켜봐 두고봐
1998.04.12~04.18,11,78185,"Oh, My Love",S.E.S.,S.E.S.,1997.11.01,Dance,문스톤,Oh My love Oh My love   Oh My love 네게   I just wanna be the one   for you   Oh My love Oh My love   네게   너를 만난 이후로   나의 모든것이 달라졌어   내 수첩에 적힌 다른 이름들도   깨끗히 지웠지 너를 만난   그 순간부터   레몬빛 향기로 나의 사랑을   눈 뜨게 한 너   그냥 내게 이렇게 있어주면   다른 연인들이 부럽지 않을꺼야   사랑이라고 말 안해도   느낄 수 있어   내 입술에 너의 입술이 닿을때   너를 기다리던 시간도   외롭진 않아   처음부터 난 사랑에 빠졌나 봐   그대와 단둘이 우   그대와 단둘이   Oh My love Oh My   love Oh My love 네게   I just wanna be the   one for you   Oh My love Oh My   love 네게   너를 만나기 위해   우린 수많은 연습을 했고   서툰 이별속에 너와 난 만났지   그 날 이후부터 나는 다시   태어 난거야   시간이 흐르고 우리 같은   집에서 사는날   나의 꿈을 이루는 그 날까지   영원히 내 곁에 내 맘을 떠나지마   사랑이라고 말 안해도   느낄 수 있어   내 입술에 너의 입술이 닿을때   너를 기다리던 시간도   외롭진 않아   처음부터 난 사랑에 빠졌나 봐   그대와 단둘이 우   그대와 단둘이   Oh My love Oh My love  Oh My love 네게  I just wanna be the  one for you  Oh My love Oh My love 네게
1998.04.12~04.18,12,38793,거꾸로 강을 거슬러 오르는 저 힘찬 연어들처럼,강산에,연어,1998.03,Rock,"강산에,나비",흐르는 강물을 거꾸로 거슬러 오르는 연어들의  도무지 알 수 없는 그들만의 신비한 이유처럼  그 언제서부터인가 걸어 걸어 걸어오는 이 길  앞으로 얼마나 더 많이 가야만 하는지  여러 갈래 길 중 만약에 이 길이 내가 걸어가고 있는  돌아서 갈 수밖에 없는 꼬부라진 길일지라도  딱딱해지는 발바닥 걸어 걸어 걸어 가다보면  저 넓은 꽃밭에 누워서 나 쉴 수 있겠지  여러 갈래 길 중 만약에 이 길이  내가 걸어가고 있는  막막한 어둠으로 별빛조차 없는  길일지라도 포기할 순 없는거야  걸어 걸어 걸어 가다보면  뜨겁게 날 위해 부서진 햇살을 보겠지  그래도 나에겐 너무나도 많은 축복이란 걸 알아  수없이 많은 걸어 가야 할 내 앞길이 있지 않나  그래 다시 가다보면 걸어 걸어 걸어 가다보면  어느날 그 모든 일들을 감사해하겠지  보이지도 않는 끝 지친 어깨 떨구고  한숨짓는 그대 두려워 말아요  거꾸로 강을 거슬러 오르는 저 힘찬 연어들처럼  걸어가다보면 걸어가다보면 걸어가다보면
1998.04.12~04.18,13,1762102,Say Goodbye,화이트,Fly High,1998.03.01,Ballad,,미안했던거니 내 맘 아플까봐 그래서 말 못한 거였니 날 위해서라며 헤어지자 하면 그냥 웃으며 보낼텐데 나쁜 계집애라 탓도 했었지만 모두 내 잘못인 것 같아 너에게 난 너무 부족했었나봐 그래 이제 어디든 가도 돼 누가 나만큼 널 위해 줄건지 조금은 걱정도 되지만 이제 난 미련없이 너의 마음 속 얘길 내가 대신 말해줄께 Say Goodbye I'm not good enough for you Say Goodbye Out of my heart Say Goodbye Forever away from you Say Goodbye Out of my mind 나쁜 계집에라 탓도 했었지만 모두 내 잘못인 것 같아 널 처음 만났던 그때부터 지금껏 너 하나만 사랑해 왔었지만 Say Goodbye I'm not good enough for you Say Goodbye Out of my heart Say Goodbye Forever away from you Say Goodbye Out of my mind Say Goodbye I'm not good enough for you Say Goodbye Out of my heart Say Goodbye Forever away from you Say Goodbye Out of my mind Say Goodbye I'm not good enough for you Say Goodbye Out of my heart Say Goodbye Forever away from you
1998.04.12~04.18,14,38461,사랑이 떠나가네,김건모,Myself,1997.12,Dance,한경혜,사랑이 떠나가네 또다시 내 곁에서
1998.04.12~04.18,15,2184574,나의 하루,박정현,Piece,1998.02.01,R&B; / Soul,윤종신,1. 나 오늘도 그댈 맴돌았죠
1998.04.12~04.18,16,77729,가장 슬픈날의 왈츠,변진섭,넌픽션,1998,Ballad,,단 한번 단 한번 그대와 둘이서 함께 할 수만 있다면 영원히 영원히 내 모든 사랑을 그대 드릴께요 지금도 난 멀리 있는 그대의 얼굴을 그리죠 몰랐어요 아팠는지 그토록 참아 왔는지 여러 날을 꿈을 꿨죠 그대 내 손 놓고 떠나가는 꿈이기를 바랬는데 지금 이걸 믿을 수 없어요 얼마나 얼마나 사랑을 하는지 하늘을 알기나 하나요 모든 걸 다줘도 그대는 안되요 왜 왜 하필이면  남았어요 너무 많이 그대와 함께할 사랑을 그대 아닌 그 누구도 주인이 될 수 없어요 이 세상에 사랑말고 할게 너무 많이 있다지만 난 안되요 아무것도 할 수 없죠 어떻게 하나요 얼마나 얼마나 사랑을 하는지 하늘을 알기나 하나요 모든걸 다줘도 그대는 안되요 왜 왜 하필이면 단 한번 단 한번 그대와 둘이서 함께 할 수만 있다면 영원히 영원히 내 모든 사랑을 그대 드릴께요 라라라 라라라 라라라 라라라 라라 라라라 라라라 라라라 라라라 라라라 라라라 라라 라라라라 단 한번 단 한번 그대와 둘이서 함께 할 수만 있다면 영원히 영원히 내 모든 사랑을 그대 드릴께요 단 한번 단 한번 그대와 둘이서 함께 할 수만 있다면 영원히 영원히 내 모든 사랑을 그대 드릴께요
1998.04.12~04.18,17,32700,난 그래,리아,개똥철학,1998.01,Rock,리아,누구나 사랑을 말하지 마치 모든 걸 아는 사람처럼  모두들 쉽게만 말하지 마치 해답을 아는 것처럼  생각만 해도 좋은 것 때론 가슴이 찢어지는 것  처음 같을 순 없지만 그래도 한번은 해보고 싶은 것  오헤이 예 하지만 난 알아 뭐라 해도 나만큼만 날 사랑해주면 되는 걸  내가 너의 모든 것이 될 순 없어도  날 사랑할 땐 헤이예 하나만 약속해 뭐라 해도 나만큼만 날 사랑해 주겠다는 걸  어떤 것도 믿음만큼 중요친 않아  처음 본 순간 가는 것 세상 모든 걸 대신 하는 것  하지만 그런 생각은 시간이 흐르면 바랠지도 몰라  오헤이 예 하지만 난 알아 뭐라 해도 나만큼만 날 사랑해주면 되는 걸  내가 너의 모든 것이 될 순 없어도  날 사랑할 땐 헤이예 하나만 약속해 뭐라 해도 나만큼만 날 사랑해 주겠다는 걸  어떤 것도 믿음만큼 중요친 않아  난 그래 오래된 연인의 사랑은 믿음으로 변한다고들 해  쉬운 사랑만을 찾지마 지킬 수 있는 용기가 필요해
1998.04.12~04.18,18,38244,풍경,구본승장동건,Bon Seung & Dong Gun,1998.02.12,Ballad,이승호,사랑 상쾌한 숨결로 날 잠들게 하던 사랑 그건 내게 지상의 웅장한 음악이었고 은밀한 축복이었다 하지만 이제 그 혼미한 상념을 피해 영원히 잠을 자려 한다 바다 및 고요속으로  찬란한 내 사랑의 빛을 간직한 채로 먼 훗날 날 슬퍼할 이유들이  사라진 날 노래하리라 눈물없는 그리움으로 여전할 나의 사랑을 나 아직도 나없는 그댈 걱정해 그대가 없는 나를 한번도 생각해 본 적 없으니 나 아직 그대와 사랑으로 함께 했었던 그때처럼 그대 여전히 내게 있으니까 떠나갔지만 나는 아무렇지 않아 추억만으로도 내겐 너무나도 아름답던 사랑 항상 푸를테니까  나 여전히 내 남은 사랑을 믿지만 흐르는 세월이 그대를 하얗게 지울까 두려워 차마 나 그렇게 그댈 잃고 싶지 않지만 혹시 그릴까봐 두려워 나를 지우려해 아직 선명한 그대 목소리와 향기 모두 간직한 채 떠나가기 전에 머물 수 있다면 그댈 잃지 않겠지 영원히 그댈 사랑해
1998.04.12~04.18,19,38495,Epilogue,김종서,Seeds,1998.01,Rock,김종서,우연히 너를 보았지 그토록 기도했지만 다시는 만나지 않게 해 달라고 한때는 내 안의 너를 또 다른 나라 믿었어 지금은 운명이 달라 서로 다른 두 길을 가지만 네가 행복하길 바랄께 아주 먼 곳에서 보이지 않게 내게 전부였던 널 혼자 지키고 살면 돼 내가 싫어져 떠났다면 좋은 기억마저 가져가 버려 미움만이 남아서 제발 널 지울 수 있게 해 한때는 내 안의 너를 또 다른 나라 믿었어 지금은 운명이 달라 서로 다른 두 길을 가지만 네가 행복하길 바랄께 아주 먼 곳에서 보이지 않게 내게 전부였던 널 혼자 지키고 살면 돼 내가 싫어져 떠났다면 좋은 기억마저 가져가 버려 미움만이 남아서 제발 널 지울 수 있게 해 혼자남은 날 위해
1998.04.12~04.18,20,75052,Everybody,진주,해바라기,1997.12.17,Dance,박진영,스뜹뜨르르듭듭듭 Oh baby 즐거운 리듬에 맞춰 우리 흥겨운 리듬에 맞춰 스뜹뜨르르듭듭듭 Woo Uhh 즐거운 리듬에 맞춰 우리 흥겨운 리듬에 맞춰 학교 가면 선생님의 눈치를 봐 집에 돌아오면 다시 부모님의 눈치를 봐 졸업하고 취직해도 직장 상사의 눈치를 봐 이건 대체 살 수가 없네 이럴 땐 Everybody 스뜹뜨르르듭듭듭 우리 모두 여기 모여 즐거운 리듬에 맞춰 우리 흥겨운 리듬에 맞춰 스뜹뜨르르듭듭듭 모든 걸 잊고서 즐거운 리듬에 맞춰 우리 흥겨운 리듬에 맞춰 버스를 타면 사람들이 너무 많아 지하철을 탔는데도  사람들이 너무 많아 시험 보러 가면 경주용 차들이 너무 너무 많아   건 대체 살 수가 없네 이럴 땐 Everybody 스뜹뜨르르듭듭듭 우리 모두 여기 모여 즐거운 리듬에 맞춰 우리 흥겨운 리듬에 맞춰 스뜹뜨르르듭듭듭 모든 걸 잊고서 즐거운 리듬에 맞춰 우리 흥겨운 리듬에 맞춰 눈 감아봐 그리고 느껴봐 음악에 몸을 싣고 모든 걸 잊고 이렇게 흔들어 봐 Hey mama C'mon Break it down 우리 모든 근심 걱정들을 잊고 우리 모두 이렇게 모두 가슴을 열고 그리고 이렇게 춤을 춰 어떻게 춤을 춰 그런거 묻지 말고 모두 춤을 춰 자 하나 둘 자 모두들 어깨를 이렇게 움직여봐들 자 셋 넷 거기 줄리엣 여기 로미오가 그대를 바라보네 이렇게 언제나 즐거운 마음으로 살아가려는 사람들은 모두 다 내 곁으로 마음 속에 그려보던 우리들만의 세상으로 이젠 다 함께 떠나가봐요 이럴 땐 Everybody 스뜹뜨르르듭듭듭 우리 모두 여기 모여 즐거운 리듬에 맞춰 우리 흥겨운 리듬에 맞춰 스뜹뜨르르듭듭듭 모든 걸 잊고서 즐거운 리듬에 맞춰 우리 흥겨운 리듬에 맞춰 스뜹뜨르르듭듭듭 우리 모두 여기 모여 즐거운 리듬에 맞춰 우리 흥겨운 리듬에 맞춰 스뜹뜨르르듭듭듭 Woo Huh 즐거운 리듬에 맞춰 우리 흥겨운 리듬에 맞춰 Not Stop
1998.04.12~04.18,21,37596,내게 다시,더더(THETHE),The More The Better,1997.11,Rock,"김영준,신강우",언젠가 길을 걷다가 들려오는 음악 소리에  나도 모르게  너의 모습이 잊혀진 줄 알았었는데  오오  그땐 소중함을  몰랐던 거야  그땐 외로움을  몰랐으니까  Oh baby  Oh loving you  Oh I need you 이제 내게 다시 돌아올 수 없니 Oh baby Oh loving you Oh I need you 이제 더 이상 감추려 하지마 라라라라라라라 언제나 몰랐던 거야 그땐 외로움을 몰랐으니까 Oh baby Oh loving you Oh I need you 이제 내게 다시 돌아올 수 없니 Oh baby Oh loving you Oh I need you 이제 더 이상 감추려 하지마 Oh baby Oh loving you Oh I need you 이제 내게 다시 돌아올 수 없니 Oh baby Oh loving you Oh I need you 이제 더 이상 감추려 하지마
1998.04.12~04.18,22,77872,사랑한 후에,신성우,Mauve,1998,Rock,"신성우,이근상",세상을 살아오는 동안에  몇 번의 사랑들을 만나게 되고  때론 결코 원치 않는 이별들도  해야 했었답니다  하지만 당신만은 내 곁에  영원히 두고 싶던 나의 마음은  그저 부질없는 욕심이었나요  아직 알 수 없어요  당신이 떠나가던 그 날에  그저 사랑하는  마음 하나만으로는  지킬 수 없다는 게  세상에 있다는 걸  비로소 깨닫게 되었죠  내가 사랑하는 그대여  내게 어두움이 머물면  환한 미솔 건네주던   당신이 나의 곁에  있었다는 사실만으로  이렇게 웃을 수 있는데  나를 떠나가는 그대여  아쉬운 기억들은  여기 두고 떠나요  당신의 마음 속에  행복만이 가득하기를  이젠 내가 기도 할게요  내가 사랑하는 그대여  내게 어두움이 머물면  환한 미솔 건네주던   당신이 나의 곁에  있었다는 사실만으로  이렇게 웃을 수 있는데  나를 떠나가는 그대여  아쉬운 기억들은  여기 두고 떠나요  당신의 마음속에  행복만이 가득하기를  이젠 내가 기도 할게요
1998.04.12~04.18,23,4463490,정인 (情人),TheDay,First Time,1997.11.10,Ballad,,세월가면 다 잊을거라는  슬픈 너의 그 말들이  유서처럼 쓰여있던  그 편지를 보며  아무 말도 할 수가 없어서  눈물만이 흐르는데  언제나 나보다  더 사랑했던 너를  이젠 잊으라 말하며  제발 떠나지마  내가 없는 곳으로  보낼 수는 없어  comeback to me  예전처럼 볼 수 있다면  이 세상 마저 저버릴 수 있겠지  I can believe  너 떠난 후에야 사랑 알게 됐어  돌아갈 순 없니  지난 날의 아픈상처 까지도  이해해 준 너의 사랑 언제나 알면서도  외면하곤 했어  정말 잊을 순 없다면  제발 떠나라고  이젠 나를 위해서 보내준다 했지  comeback to me  오직 나만 사랑해 준 너  널 가까이에 느끼고 싶었어  I can believe  너 떠난 후에야 사랑알게 됐어  돌아갈 순 없니
1998.04.12~04.18,24,38251,Remember,장동건,Bon Seung & Dong Gun,1998.02.12,Ballad,김태원,너는 저 멀리 머무는 무지개로 내가 지어논 내 비밀일테지 저 먼곳을 보는 소중한 너에게 날 전할 수 있는 그말은 무얼까 라라라라라라 라라라라라라 널 전해 볼 수 있는 그 말은 무얼까 라라라라라라 라라라라라라 잊지 못할 그리운 내사랑  다가오다 가는 흐르는 계절처럼 너는 나에게 잠시 머문거지 너무나 소중한 이 시간들속에 영원히 잠들 수 없다는걸 알아 라라라라라라 라라라라라라 아름다운 꿈속에 널 만나게 될까 라라라라라라 라라라라라라 영원히 잊지 못할 그리운 내사랑 라라라라라라 라라라라라라 널 전해 볼 수 있는 그 말은 무얼까 라라라라라라 라라라라라라 내게 영원할 수 없을 사람
1998.04.12~04.18,25,76490,뭐를 잘못한거니!,Esther,Esther Nation,1997.12.12,Ballad,송재준,그렇게 떠나간 널 보며  아무말도 하지 못했던 난  너의 새로운 그녀보다 아직  어린것 같기때문이야 생각도 안해봤어 그런 이유로  날 버리고 떠나갈 널 너 때문에 많은 나의 친구들도  다 떠나갔어  뭐를 잘못한거니 I can't be pretty like her can't  be like fier face 예쁘지 않아 나를 떠나간거니  며칠 전 이유없는 말다툼이  이젠 마지막이니  뭐를 잘못한거니 변할거야 미치도록 사랑하게  그리고 널 다시는 안볼거야 I can't be pretty like her can't  be like fier face 예쁘지 않아 나를 떠나간거니  며칠 전 이유없는 말다툼이  이젠 마지막이니  뭐를 잘못한거니 변할거야 미치도록 사랑하게  그리고 널 다시는 안볼거야 차라리 날 버린후에 몇달이  지나가서 그녀를 만났다면 이렇게  슬프지는 않아  몰랐는줄 알았니 너의  새로운 사랑을 baby 그래도 기다린 날 이자리에  버려두니  변할거야 미치도록 사랑하게  그리고 널 다시는 안볼거야 내게서 떠나버린 널 아직  못잊는건 니가 항상하던 마지막  전활 기다리고 있어
1998.04.12~04.18,26,75813,내게 너무 이쁜 그녀,아낌없이주는나무,Ⅲ. 아낌없이 주는 나무,1996,Ballad,이혜민,미안해 정말 조금만 기다려줘 널 위해 분주한 혜화역에서 장미꽃을 샀어 덕수궁 앞을 지날 때마다 신혼부부의 사진 찍는 걸 언제나 부러워하는 그녀를 위해 강릉차편에 올랐지 아무 계획도 없이 떠나는 그리운 여정 우리의 긴 오해만큼 흐린 창밖으로 이따금 비가 내려 추억으로 가는 차편엔 나를 아는 이가 없고 나도 아는 이 없는 막연히 그리운 길 찾아 가네 추억으로 가기 위해 타는 차편엔 더는 갈 곳 없는 사람들 살아가는 날만큼 사랑할거야 내게 너무 이쁜 그녀를 아무 계획도 없이 떠나는 그리운 여정 우리의 긴 오해만큼 흐린 창밖으로 이따금 비가 내려 추억으로 가는 차편엔 나를 아는 이가 없고 나도 아는 이 없는 막연히 그리운 길 찾아 가네 추억으로 가기 위해 타는 차편엔 더는 갈 곳 없는 사람들 살아가는 날만큼 사랑할거야 내게 너무 이쁜 그녀를 살아가는 날만큼 사랑할거야 내게 너무 이쁜 그녀를
1998.04.12~04.18,27,78378,유리구두,유리상자,유리상자,1997.06.01,Ballad,이은혜,갖고 싶던 예쁜 유리 구두
1998.04.12~04.18,28,76331,티파니에서 아침을,엔알지(NRG),NRG (New Radiancy Group),1997.11,Ballad,박선주(PakSunZoo),우유빛 커튼 나풀거릴때  잠이든 그대 뺨에 키스를  영원히 모든 아침과  또 숱한 밤들을 함께 하길  매년 결혼기념일 그대의 생일  몰디브 해변가에 앉아서  오로지 둘만의 축젤  달빛의 노래를 함께 하길  원하는 모든걸 줄꺼예요   그대만 위해  하늘의 별도 따다 줄게요  거짓말 아녜요나를 믿어요  맹세 할께요  아직은 담장너머로 그댈   훔쳐보는게  내가 할수있는 전부지만  언젠간 그대를 향해  자유로이 날꺼예요  This is my love  저는 유민이예요  그애를 처음 본건 여름이  끝날 무렵 늦은 오후였어요 성진이형 명훈이형  못 올라갈 나무 쳐다보지도 말라고 하지만 두고 보세요 나는 그애와 꼭 결혼 할거예요 그애를 행복하게 해줄 수 있는  사람은 나밖에 없어요 나밖에 너무 투명해 그대 눈빛은 그대와 눈 마주 칠때마다 심장이 멈출것 같아 늘  고개 숙이죠 오늘도 난 원하는 모든걸 줄꺼예요  그대만 위해 하늘의 별도 따다 줄게요 거짓말 아녜요나를 믿어요 맹세 할께요 아직은 담장너머로 그댈  훔쳐보는게 내가 할 수있는 전부지만 언젠간 그대를 향해 자유로이 날꺼예요 This is my love
1998.04.12~04.18,29,91285,밀랍천사,자우림,Purple Heart,1997,Rock,김윤아,오늘밤 너는 너무  근사해 보여 너무  행복해 보여 너무  오늘밤 너를 그냥  둔다면 너를 그냥  둔다면 말도 안돼 아우  네 빨간 입술에 입 맞출꺼야 오늘  말해 줄꺼야 오늘  다시는 보내지 않을꺼야 너를  보내지 않을꺼야 너를 차가운 너는  나만의 천사 나만의 것  숨쉬지 않아도 좋아 예예  싸늘한 너는  나만의 연인 나만의 것  말하지 않아도 좋아 예예예예  오늘밤 너는 너무  완벽해 보여 너무  행복해 보여 너무  오늘밤 내게 안겨 웃어봐  내게 안겨 춤춰봐 내게 안겨 아우 차가운 니 피부 널 만지고 싶어  만지고 싶어  싸늘한 눈동자 널 가지고 싶어  가지고 싶어  차가운 너는  나만의 천사 나만의 것  숨쉬지 않아도 좋아 예예  싸늘한 너는  나만의 연인 나만의 것  말하지 않아도 좋아 예예예예  차가운 너는  나만의 천사 나만의 것  숨쉬지 않아도 좋아 예예  싸늘한 너는  나만의 연인 나만의 것  말하지 않아도 좋아 예예예예  오늘밤 너는 너무  근사해 보여 너무  행복해 보여 너무  오늘밤 너를 그냥  둔다면 너를 그냥  둔다면 말도 안돼 아우 차가운 너는  나만의 천사 나만의 것  숨쉬지 않아도 좋아 예예  싸늘한 너는  나만의 연인 나만의 것  말하지 않아도 좋아 예예예예  차가운 너는  나만의 천사 나만의 것  숨쉬지 않아도 좋아 예예  싸늘한 너는  나만의 연인 나만의 것  말하지 않아도 좋아 예예예예  차가운 너는  나만의 천사 나만의 것  숨쉬지 않아도 좋아 예예  싸늘한 너는  나만의 연인 나만의 것
1998.04.12~04.18,30,91268,행복한 나를,에코,Voice Of Eco,1997.08,Ballad,,몇 번인가 이별을 경험하고서  널 만났지  그래서 더 시작이 두려웠는지 몰라  하지만 누군가 알게되고  사랑하게 되는건  네가 마지막이라면 얼마나좋을까  우 나처럼  바쁜 하루중에도  잠시 네 목소리 들으면  함께있는 것처럼 너도 느껴지는지  매일 밤 집으로 돌아갈 때  그 곳에 네가 있다면  힘든하루 지친 네 마음이  내 품에 안겨 쉴텐데  지금처럼만 날 사랑해줘  난 너만 변하지 않는다면  내 모든걸 가질 사람은 너뿐이야 난 흔들리지 않아  넌 가끔은 자신이 없는  미래를 미안해 하지만 잊지 말아줘  사랑해 너와 함께라면 이젠 행복한 나를  바쁜 하루중에도  잠시 네 목소리 들으면  함께있는 것처럼 너도 느껴지는지  매일 밤 집으로 돌아갈 때 그 곳에 네가 있다면  힘든하루 지친 네 마음이  내 품에 안겨 쉴텐데  지금처럼만 날 사랑해줘  난 너만 변하지 않는다면  내 모든걸 가질 사람은 너뿐이야  난 흔들리지 않아  넌 가끔은 자신이 없는  미래를 미안해 하지만 잊지말아줘  사랑해 너와 함께라면 이젠  행복한 나를  난 많은 기대들로  세상이 정해놓은 사랑을 버리고  네 마음처럼 난 늘 같은 자리에  또 하나의 네가 되고싶어  소중한 널 위해  지금처럼만 사랑해줘 항상  너만 변하지 않으면  내 전부를 가질 사람은 너뿐이야  난 흔들리지 않아  자신없는 미래  넌 미안해 하고 있니  넌 이제 혼자가 아니야 이젠  잊지마 너와 함께라면  언제나 행복한 나를
1998.04.12~04.18,31,76947,소유,양파,양파 2nd,1998.01.01,Ballad,김경화,살아선 볼 수 없어 어둠을 헤매는 사랑 아침 하늘에 비친 너의 미소가 슬퍼 내 곁에 있도록 기도했지만 이제는 긴 외로움에 널 닮은 누군가 초대하고파 널 가질수 없기에 너인듯 기대어 느끼고 싶어 홀로 지켜가야 할 힘겨운 우리의 사랑  한번만 너의 품에 날 맡길 수 있다면 남겨진 삶을 버릴수 있게 이제는 긴 외로움에 널 닮은 누군가 초대하고파 널 가질수 없기에 너인듯 기대어 느끼고싶어 이제는 긴 외로움에 널 닮은 누군가 초대하고파 널 가질수 없기에 너인 듯 기대어 느끼고 싶어
1998.04.12~04.18,32,37845,해에게서 소년에게,넥스트,Lazenca (A Space Rock Opera),1997.11.30,Rock,신해철,눈을 감으면 태양의 저편에서 들려오는 멜로디 내게 속삭였지 이제 그만 일어나 어른이 될 시간이야 너 자신을 시험해 봐 길을 떠나야 해 니가 흘릴 눈물이 마법의 주문이 되어 너의 여린 마음을 자라나게 할꺼야 남들이 뭐래도 니가 믿는 것들을 포기하려하거나 움추려 들지마 힘이 들땐 절대 뒤를 돌아보지마 앞만 보면 날아가야해 너의 꿈을 비웃는 자를 애써 상대하지마 변명하려 입을 열지마 그저 웃어버리는거야 아직 시간이 남아있어 너의 날개는 펴질꺼야 Now we are Flying to the universe 맘 이끄는곳 높은 곳으로 날아가 절대 뒤를 돌아보지마 앞만 보면 날아가야해 너의 꿈을 비웃는자를 애써 상대하지마 변명하려 입을 열지마 그저 웃어버리는거야 아직 시간이 남아있어 너의 날개는 펴질꺼야 더 높이 더 멀리 너의 별을 찾아 날아라 소년아 저 모든 별들은 너보다 먼저 떠난 사람들이 흘린 눈물이란다 세상을 알게 된 두려움에 흘린 저 눈물이 이 다음에 올 사람들을 인도하고 있는것이지
1998.04.12~04.18,33,38605,거짓말도 보여요,김현철,거짓말도 보여요,1998.11.01,Ballad,유정연,맨 처음 그대의 얘길 듣고  무척이나 흐뭇해 했죠  좋아한다고 항상 생각한다고  그대 그렇게 말을 했었죠  하지만 그대를 잘 알아요  버젓이 두 눈에 써있죠  보기만 해도 올라올 것 같다고  그대 눈빛으로 말을 하네요  싫으면 싫다고 말하면 되지  사랑한단 그런말을 왜 하나요  내가 가진 귀가 너무 좋아서  그대 거짓말도 그대 거짓말도 보여요  한참을 잘못본 것 같아요  그런 사람인줄 모르고  하마터면은 나의 맘을 속속히  말할 뻔 했으니까요  내가 어리숙해 보이나요  그렇게 뻔히 속일만큼  그대 가슴에 두손 두발을 대고  그대 다시 한번 생각해봐요  싫으면 싫다고 말하면 되지  사랑한단 그런말을 왜 하나요  내가 가진 귀가 너무 좋아서  그대 거짓말도 그대 거짓말도 보여요  우리 둘 언젠가는 헤어지겠죠  난 지금이라도 괜찮아요 워우어 싫으면 싫다고 말하면 되지  사랑한단 그런말은 왜 하나요  내가 가진 귀가 너무 좋아서  그대 거짓말도 그대 거짓말도  그대 거짓말도 그대 거짓말도 보여요
1998.04.12~04.18,34,76936,오해,오현란,오현란 Vol.1,1998.10,Ballad,채정은,우린 같은 영혼인걸 한눈에 알아봤는데  어쩌면 그것은 내 오핸지도 몰라  내게 던져질 슬픔을 두려워했던 맨처음  날 설득한 니 약속 다 바람같은 거야  사랑이란 늘 잔인한 아픔을 뒤에 숨겨두고  결국엔 날 혼자 가두고 웃는걸 난 또 잊었어  시들어갈 내가슴 가엽긴 하지만  니가 원한대로 보내줄거야  잊어줄 수 있어 짐이 될 눈물도 삼켰어  허나 오늘만은 혼자 두지마    내게 던져질 슬픔을 두려워했던 맨 처음  날 설득한 니 약속 다 바람같은 거야  사랑이란 늘 잔인한 아픔을 뒤에 숨겨두고  결국엔 날 혼자 가두고 웃는걸 난 또 잊었어  시들어갈 내가슴 가엽긴 하지만  니가 원한대로 보내줄거야  잊어줄수 있어 짐이 될 눈물도 삼켰어  허나 오늘만은 혼자 두지마  제발 오늘만은 혼자 두지마
1998.04.12~04.18,35,1606413,회상 (December),터보,터보 (Turbo) 3집 `Born Again`,1997,Ballad,이승호,겨울 오면은 우리 둘이서  항상 왔었던 바닷가 시린 바람과 하얀 파도는 예전 그대로였지만 나의 곁에서 재잘거리던 너의 해맑던 그 모습 이젠 찾을 수 없게 되었어 아무도 없는 겨울의 바닷가 너무나 슬퍼 보인다고 우리가 바다 곁에서 친구가 되자고 내 등에 숨어 바람을 피할 때 네 작은 기도를 들었지 언제나 너의 곁에 우리 항상 함께 해달라고 거친 파도가 나에게 물었지 왜 혼자만 온거냐고 넌 어딜갔냐고 보이지 않니 나의 뒤에 숨어서 바람을 피해 잠을 자고 있잖아 따뜻한 햇살 내려오면 깰거야 조금만 기다려 다시는 너를 볼수 없을거라는 얘기를 차마 할순 없었어 하지만 나도 몰래 흘린 눈물 들킨거야 그녈 절대로 찾을 수 없다고 나를 스쳐갔던 바람이 말했나봐 어딜가도 그녀 모습 볼수가 없다고 내게 말했나봐 어디가냐고 말을 하라고 자꾸만 재촉하던 바닷가 결국엔 나처럼 눈물이 되고야 말았어 하얗게 내린 바다의 눈물로 니 모습 만들어 그 곁에서 누워 니 이름을 불러 봤어 혹시 너 볼까봐 녹아 버릴까 걱정이 됐나봐 햇살을 가린 구름 떠나지 않잖아 너 없는 바다 눈물로만 살겠지 거칠은 파도 나를 원망하면서 너없이 혼자 찾아오지 말라고 널 데려오라고 니 모습 볼 수 없다해도 난 알아 내 볼에 닿은 하얀 함박눈 촉촉한 너의 입맞춤과 눈물이라는 걸 그녈 절대로 찾을 수 없다고 나를 스쳐갔던 바람이 말했나봐 어딜가도 그녀 모습 볼수가 없다고 내게 말했나봐 어디가냐고 말을 하라고 자꾸만 재촉하던 바닷가 결국엔 나처럼 눈물이 되고야 말았어 니 모습 볼 수 없다해도 난 알아 내 볼에 닿은 하얀 함박눈 촉촉한 너의 입맞춤과 눈물이라는 걸
1998.04.12~04.18,36,91284,슬픈 얼굴,A.R.T,Debut,1997.11,Ballad,김태희,마지막 부탁이야 힘들지 않도록  슬픈얼굴 짓지 말아줘 어둠이 나를 덮어 깊은잠에 들면  편히쉴수 있도록 여자들이란 현재에 충실할 뿐 내가 떠나가면 넌 곧 나를 잊겠지 그 긴밤 지새우며 내게했던 맹세는 모두 거짓이 되겠지 그러니 됐어 아무말도 하지마 알아 그 눈물의 의미를 넌 나를 위로하려 하지 않아도 돼 그냥 나를 두고 그만 떠나가 꿈이었길 바래 내 앞에 다가선  니 현실들 가끔씩 눈물이 나 널 두고 가야하는 생각에  내 손을 잡아줘 마지막 너를 느끼고 싶어 어제의 내 모습은 언제나  너의 곁에 있을꺼야 바람에 흩어지는 회색먼지처럼 그렇게 난 잊혀져 가겠지 기억해줘 내게 머물다간  어떤 사람이 있다는걸 마지막 부탁이야 힘들지 않도록 슬픈얼굴 보이지 말아줘 어둠이 나를 덮어 깊은  잠에 들면 내가 편히 쉴 수 있도록 다시는 돌아올 수 없는  그 먼 곳으로 여행을 떠나는 거라고 생각해 너 혼자 남겨두고 떠나야만 하는 내 마음은 더 아파 하지만 어쩌겠니 정해진 시간은 이미 끝났는 걸 아무리 잡으려해도 잡히지  않는 떠나간 내 시간들 좋은 기억들은 슬픈 추억으로  묻고 이제는 떠나가 미련없이 너는 너의 갈길을가 이제는 너는 내 모든 것을  흙으로 재로 날려 보내줘 내 사진도 내 향기도 내 눈물에 가려 희미해져  가는 모든 것들 웃으며 갈 수 있게 조금만  나에게도 시간을 줘 바람에 흩어지는 회색먼지처럼 그렇게 난 잊혀져 가겠지 기억해줘 내게 머물다간  어떤 사람이 있다는걸 마지막 부탁이야 힘들지 않도록 슬픈얼굴 보이지 말아줘 어둠이 나를 덮어 깊은  잠에 들면 내가 편히 쉴 수 있도록 바람에 흩어지는 회색먼지처럼
1998.04.12~04.18,37,77659,그대야! 미안해,오피피에이,Deathless Love,1998.01.01,Dance,,볼수 없었어 듣진 못했어  너무 어두웠기에  아무도 없는 나의 마음을  보여줄수도 없기에  포기도 했지 앉아버렸어 이젠 생각 않기에  이상해졌어 나도 모른 행동을 해  알았지 눈이 커져버린 이유  그대 내게 왔어요 날 일으켜 줬어요  너무도 작아졌던 나는 그댈 볼수 없었죠  (바보 바보 나는 정말) (죽어야만 할것 같아)  너무 창피했었죠 도망가려 했어요  너무나도 큰 그대  나는 정말 볼수 없어 어떡해 그대야 미안해  항상 지쳐울던 나에게  너의 마음에 담아주었고  눈물에 아픔 또 슬픔 상처  모두 지워준다며 더더더 크게 울던  내눈에 눈물임에 모두 같았어 눈안에 세상  보이는 것 없기에  이상해졌어 나도 모른 행동을 해  알았지 눈이 커져버린 이유  그대 내게 왔어요 날 일으켜 줬어요  너무도 작아졌던 나는 그댈 볼수 없었죠  (바보 바보 나는 정말) (죽어야만 할것 같아)  너무 창피했었죠 도망가려 했어요  너무나도 큰 그대  나는 정말 볼수 없어  어떡해 그대야 미안해  항상 지쳐울던 나에게  너의 마음에 담아주었고  눈물에 아픔 또 슬픔 상처 모두  지워준다며 더더더 크게 울던  내눈에 눈물임에   항상 지쳐울던 나에게  너의 마음에 담아주었고  눈물에 아픔 또 슬픔 상처  모두 지워준다며 더더더 크게 울던  항상 지쳐울던 나에게 너의 마음에 담아주었고  눈물에 아픔 또 슬픔 상처  모두 지워준다며 더더더 크게 울던  이젠 할수 있어  네눈에 흐르는 눈물 내가 닦을게  감추려하진 또 숨기진 않아도 돼  나 널 위해 여기에 서 있을게  내눈에 눈물임에 예 예예예예예
1998.04.12~04.18,38,76623,세상의 모든 이별,베이시스,Friends,1997.11,Ballad,심현보,끝인가봐 이제 끝난 일인가봐 날카로운 입맞춤의 기억도 이별을 되돌릴 순 없나봐 마지못해 함께 있는 동안에도 자꾸 시계만 들여다보는 너 이별은 늘 이런 식인가봐 참 많이 울었어 남자답지 못하게 이별이란 늘 이렇게 갑자기 오나봐 아냐 이건 너마저 이럴 순 없어 그토록 간절했는데 이별이란 말로 그 모든 게 없었던 일이라니 살아볼께 다시 돌릴 수 없다면 하지만 이건 기억해줘 언젠가는 너도 누군가의 과거일 수 있다는 걸 참 많이 울었어 남자답지 못하게 이별이란 늘 이렇게 갑자기 오나봐 아냐 이건 너마저 이럴 순 없어 그토록 간절했는데 이별이란 말로 그 모든 게 없었던 일이라니 살아볼께 다시 돌릴 수 없다면 하지만 이건 기억해줘 언젠가는 너도 누군가의 과거일 수 있다는 걸
1998.04.12~04.18,39,74957,네가 보고파 지면,고한우,고한우 Vol.1,1997.07.07,Ballad,고한우,네가 보고파 지면 별을 보라 말하던  너의 이름 부르면 왜 눈물 나는 걸까  별이 어둠에 묻혀 하나 둘 사라지면  우리 작은 이별처럼 그리움만 더하네   돌아보지마 넌 슬퍼하지마  우리 사랑을 내가 지켜갈 꺼야  우리 소중한 추억 너는 잊어도 돼  지난 세월속에 다 묻어두면 돼   돌아보지마 넌 슬퍼하지마  우리 사랑을 내가 지켜갈 꺼야  우리 소중한 추억 너는 잊어도 돼  지난 세월속에 다 묻어두면 돼   어쩌면 나는 너를 다신 못 볼 것 같아  하지만 난 언제까지나 널 기다릴 거야  누가 너를 물으면 잘 있다고 말하고 워- 돌아서는 눈가에 젖어 드는 그리움   돌아서는 눈가에 젖어 드는 그리움 -
1998.04.12~04.18,40,47534,길,조관우,Waiting...,1997,Ballad,오동석,지금 그대는  어디쯤 오는지  아직 와야할  길이 더 많은지  잠시  다녀 오겠다던  발걸음  오시는 길에 헤메이다  나를 비켜갔는지  서글픈 사랑 안녕  지친 세월 안고  홀로 견딘  나의 기다림  모두 부질 없으니  그대 더딘 발걸음  서둘러 오지마  이젠 누구의 가슴에라도  그대 편히  쉬어야 할테니  차마 버릴 수  없는건 그리움  아득했던 슬픔 모두  쓰러져 한때  사랑했던 기억만으로  놓을 수 없는  목숨하나 이어가야 하는데  서글픈 사랑 안녕  지친 세월 안고  홀로 견딘  나의 기다림  모두 부질 없으니  그대 더딘 발걸음  서둘러 오지마  이젠 누구의 가슴에라도  그대 편히  쉬어야 할테니  서글픈 사랑 안녕  지친 세월 안고  홀로 견딘  나의 기다림  모두 부질 없으니  그대 더딘 발걸음  서둘러 오지마  이젠 누구의 가슴에라도  그대 편히  쉬어야 할테니 그대 편히 쉬어야 할테니
1998.04.12~04.18,41,76033,유리,이기찬,Indelible Impression,1997.12,Ballad,원태연,음 워허 우워 큰 유리 조각박힌듯 무엇을 해봐도 가슴이 저려 오네 넌 그냥 가긴 미안했는지 모아둔 기억을 모두 조각 내버렸네 모든 기억 쓸어 담으며 이별이없었던 그날들을 떠올려 네 작고 예쁜 손끝마저도 조각난 가슴을 더 아프게 해 하루만 더 머물렀으면 준비할 시간을 주었다면 웃으며 보내고 싶었었는데 발등만 쳐다볼 수 밖에 어깨만 들썩일 수 밖에 나도 끝내 모두 잃어가겠지 안스런 추억들 나마저 잊겠지 이가슴속에 박힌 아픔들 시간에 밀려 아픔조차 없겠지 하루만 더 머물렀으면 준비할 시간을 주었다면 웃으며 보내고 싶었었는데 발등만 쳐다볼 수 밖에 어깨만 들썩일 수 밖에 조심하지 그랬어 기억을 가져가려면 깨지지않게 조심하지 그랬어 워 웃으며 보내고 싶었었는데 발등만 쳐다볼 수 밖에 내가 무얼 할 수있었겠니
1998.04.12~04.18,42,75082,자꾸 자꾸,일기예보,일기예보 4,1997.10,Ballad,"윤경,나들",I I I need you I I I want you I I I need you I I I want you 새콤한 레몬 향기 같은 너 항상 웃는 너 우와 우와 솜처럼 부드러워 누가 봐도 너 너무 예뻐서 우와 우와 내 눈에만 보였으면 자꾸 자꾸 즐거워 자다가도 즐거워 사뿐히 사뿐히 내게로 와 장난치니 즐거워 아무도 없는 작은 섬에서 너랑 단 둘이서 너랑 나랑 행복하게 살았으면 자꾸 자꾸 즐거워 자다가도 즐거워 사뿐히 사뿐히 내게로 와 장난치니 즐거워 눈 내리는 겨울에도 뜨거운 여름에라도 우린 매일 둘이 매일 Oh happy day 자꾸 자꾸 행복해 자다가도 웃음이 사뿐히 사뿐히 내게로 와 너만 보면 행복해 자꾸 자꾸 즐거워 자다가도 즐거워 사뿐히 사뿐히 내게로 와 장난치니 즐거워 사랑해 사랑해 Yeah
1998.04.12~04.18,43,77893,이제 더 이상,지누션,The Real,1998.01.05,Rap / Hip-hop,,Uh check1 check1 check2 check2 Yo yo yo bring the beat in uh What we bout to bring to you live live Uh from the my family What we gonna face the situation Like this so yo jinu what chu gonna do uh 아주 오래전부터 착각하고 살았던 나이먹은 어른들의 생각들 이제 세상의 비웃음 속에 그 속에 나라 망신속에 내게 남은 건 떨어지는 해를 바라보는 것 어둠 속 그림자에 내가 있는 것 Yo Jinu n sean we in it for da win As my dreams fulfill a new world Begins Boogie woogie Boogie woogie 아직도 금고속에 가득 쌓아놓은 돈 누굴 위해선가 너의 얘기는 아닌가 나 하나라는 생각이 나라를 무너뜨리고 있다 구십 팔년 시커먼 날들의 주인공이다 사치와 낭비속에 찌들어버린 공주병에 걸린 아줌마 so what 더 이상 이제 더 이상 더러워진 세상 지켜볼 순 없다 Uh what u wanna do uh 바꿔야 한다 더 이상 이제 더 이상 더러워진 세상 외면할 순 없다 Uh what u wanna do yo yo yo 여기저기서 찔러 넣는 까맣게 썩어버린 돈들 돈으로 명예를 사고 친구를 샀던 썩어버린 인간들 Yo check it 그리고 one two 모두 버려 그 잘났던 네 모습을 이젠 모두 버려 미처 우리들의 future wo 왜 지금까지 생각하지 못했나 Kickstart right from da heart hip hop Teddy on da one danny grab da second part it Goes one to da gut two to the Dome Teddy가 한말 모두 틀리지 않아 이젠 날 바라봐 또 지켜봐 You need da9 double 1 messin wit My action M F property real propah 거짓된 너를 하루 빨리 벗어나야 해 더 이상 이제 더 이상 더러워진 세상 지켜볼 순 없다 Uh what u wanna do uh 바꿔야 한다 더 이상 이제 더 이상 더러워진 세상 외면할 순 없다 Uh so cheek1 cheek2 Now this is the way that is gonna go down Gonna go down gonna go down Jinu n sean commin with the lock down With the lock down with the lock down This is the way that is gonna go down Donna go down gonna go down You wanna break the dollar Then you better slow down Cause this is the way that is gonna go down 내 말을 들어봐 너의 머리속을 채운 아픈 생각들로 하여금 이제부터는 욕심과 자만심과 uh 이기심과 너와 날 지배하는 뿌리 깊은 생각과 날려 버려야만 해 바꿔야만 해 우리가 함께 할 수 있는 날을 기다려야 해 너 혼자 사는 세상이 아닌 이상 이제 그 무엇도 더럽히질 않길 바래 더 이상 이제 더 이상 더러워진 세상 지켜볼 순 없다 uh 바꿔야 한다 더 이상 이제 더 이상 더러워진 세상 외면할 순 없다 oh 바꿔야 한다
1998.04.12~04.18,44,111477,8월의 크리스마스 (Ending Title),한석규,8월의 크리스마스 OST,1997.01.01,Korean Movie,,이젠 너를 남겨두고 나 떠나야 해 사랑도 그리움도 잊은 채로 고운 너의 모습만은 가져가고 싶지만 너 추억하면 할수록 자꾸만 희미해져 태연한 척 웃고 있어도 너의 마음 알아 마지막으로 한 번만 나의 손을 잡아주렴 지금 이대로 잠들고 싶어 가슴으로 널 느끼며 영원히 깨지 않는 꿈을 꾸고 싶어 태연한 척 웃고 있어도 너의 마음 알아 마지막으로 한 번만 나의 손을 잡아주렴 지금 이대로 잠들고 싶어 가슴으로 널 느끼며 영원히 깨지 않는 꿈을 꾸고 싶어  .
1998.04.12~04.18,45,1022090,헤어진 다음날,이현우,Freewill of My Heart,1998.12.01,Ballad,이현우,그대 오늘 하루는 어땠나요 아무렇지도 않았나요 혹시 후회하고 있진 않나요 다른 만남을 준비하나요 사랑이란 아무나 할 수 있는게 아닌가 봐요 그대 떠난 오늘 하루가 견딜 수 없이 길어요 날 사랑했나요 그것만이라도 내게 말해줘요 날 떠나가나요 나는 아무것도 할 수 없어요 어제 아침에 이렇진 않았어요 아무렇지도 않았어요 오늘 아침에 눈을 떠보니 모든 것이 달라져 있어요 사랑하는 마음도 함께 가져갈 수는 없나요 아무 일도 없던 것처럼 돌아올 수는 없나요 날 사랑했나요 그것만이라도 내게 말해줘요 날 떠나가나요 나는 아무것도 할 수 없어요 날 사랑했나요 그것만이라도 내게 말해줘요 날 떠나가나요 나는 아무것도 할 수 없어요 날 사랑했나요 그것만이라도 내게 말해줘요 날 떠나가나요 나는 아무것도 할 수 없어요
1998.04.12~04.18,46,2274406,사랑하려네,안치환,Desire,1997.12.12,Folk,김범수,저 하늘처럼 푸른 빛으로  우리의 때묻은 마 음속을  칠 할 수 있다면 해맑은 저 아이에 평화로운 눈빛처럼  우리의 거짓된 시선들이 밝아질 수 있다면  그래 언제나 난 그렇게 꿈을 갖고 살겠네 쉽지 않은 세상인 줄 알지만 그래 꾸밈 없는 마음으로 하루하루 살겠네 작은 가슴을 가득 열고서  사랑하려네 내 주위에 모든것들을  껴안을것이 너무많아 사랑하려네   그래 언제나 난 그렇게 꿈을 갖고 살겠네 쉽지 않은 세상인 줄 알지만 그래 꾸밈 없는 마음으로 하루하루 살겠네 작은 가슴을 가득 열고서  사랑하려네 내 주위에 모든것들을  껴안을것이 너무많아 사랑하려네  사랑하려네  내 주위의 모든 아픔을  이 하늘아래 사는 동안 사랑하려네  사랑하려네 내 주위에 모든것들을  껴안을것이 너무많아 사랑하려네  사랑하려네  내 주위의 모든 아픔을  이 하늘아래 사는 동안 사랑하려네
1998.04.12~04.18,47,76002,어쩌란 말인지,자화상,자화상(自畵像),-,Ballad,,매일 매일 반복되는 오늘 하루도 그렇게 지나 너의 집앞에 난 그냥 서서 너를 기다렸지 너와 헤어진 그날 이후로 조금 울면 된다 생각했어 하지만 그건 나만의 작은 착각이었지 바보같은 기다림이란걸 알아 하지만 넌 이런 내 맘 정말 모를거야  *날더러 어쩌란 말인지 너를 사랑하고 있는데 도대체 왜 아무말도 없는 거니 날더러 어쩌란 말인지  언제 어디서나 찾아올지 모르는게 사랑이라지만 이렇게 쉽게 떠나갈 줄도 정말 몰랐었지 아직 내가 해야할 일들과 살아갈 날이 너무 많다는 그런 말들은 나에겐 아무 소용이 없었지 나는 너를 잊었다고 말하지만 시간은 내 빈자릴 채워주지 않았어
1998.04.12~04.18,48,1675497,꽃,언타이틀,꽃,1998.02.01,Dance,유건형,세상 돌고 돌고 물어 뜯고 아우성 치고 서로 잡아 먹지 못해 안달해 너무 차가워졌네 난 돌겠네 이제까지 모든 일들은 덮어요 우리 꽃이 그걸 다 덮어 줄꺼예요 여기 향기 우리 마음 속까지 가득 가득 채워주리 왜 싸워야 하나 왜 짓밟아야 하는가 이러는 현실이 안타까울 뿐 서로가 조금씩 한걸음 양보 하면은 더 좋은 세상 속에 살 수 있을 텐데 우리 모두 같이 하나 되야겠어 사랑의 꽃을 행복의 꽃을 피울 수 있기에 간절히 원하네 평화의 향기를  내가 그토록 원하던 바램이 현실이 되어 우리 곁에 오리 좀더 난 세상에서 난 살고 싶어 난 향기에 취하고만 싶어 난 어 있어 나의 꽃이 저기 앞에 있어 우리 맘속에서 무럭 무럭 자라네 평화의 씨를 뿌리네 마침내 향기가 되었네 왜 싸워야 하나 왜 짓밟아야 하는가 이러는 현실이 안타까울 뿐 서로가 조금씩 한걸음 양보 하면은 더 좋은 세상 속에 살 수 있을 텐데 우리 모두 같이 하나 되야겠어 사랑의 꽃을 행복의 꽃을 피울 수 있기에 간절히 원하네 평화의 향기를 이제는 지쳤어 절망 속에 살아 가야 하는지 흐르는 눈물이 한계 되어 커져가네 우리 모두 같이 하나 되야겠어 사랑의 꽃을 행복의 꽃을 피울 수 있기에 간절히 원하네 평화의 향기를 우리 모두 같이 하나 되야겠어 사랑의 꽃을 행복의 꽃을 피울 수 있기에 간절히 원하네 평화의 향기를 평화의 향기를
1998.04.12~04.18,49,75798,이별,이지훈,Love And Forever,1997.10.17,Ballad,하해룡,너를 보내고 돌아오는길 이제는 끝인걸 알아 나의 �晝凋응� 바라보던 널 잊을순 없겠지 눈물 흘리며 돌아오라는 너의 마지막 그말을 그저 외면하며 돌아섰던 난 더욱 더 슬펐어 하지만 사랑 했잖아 잡을수 없는 현실이 미울 뿐이야 괜찮아 아파해선 안돼 나의 모든걸 주었으니 사랑해 널 죽는 날까지 내마음 언제나 너 하나뿐인걸 너도 알고 있잖아 사랑해 이별 까지도 널 위해서 라면 더이상 사랑받지 못해도 지켜줄께  하지만 사랑 했잖아 잡을수 없는 현실이 미울 뿐이야 괜찮아 아파해선 안돼 나의 모든걸 주었으니 사랑해 널 죽는 날까지 내마음 언제나 너 하나뿐인걸 너도 알고 있잖아 사랑해 이별 까지도 널 위해서 라면 더이상 사랑받지 못해도 지켜줄께
1998.04.12~04.18,50,76252,내안의 그대,업타운,Represented... Now Believe,1997.10.30,Rap / Hip-hop,정연준(업타운),늘 나의 얼굴을 스치던  너의 머리카락 대신  이제 나의 귓가를 간지럽히는 건  베개를 적시며 흐르는 눈물뿐  너와 함께 하던 시간을  이제 무엇으로 보낼까  추억만으론 내앞에 있는  이 많은 시간을  모두 다 채울 순 없는데  모두다 그대를 잊으라 했지  이렇게 슬퍼하는 날 보고  하지만 그대는 내 안에 있어  곁에 없을 뿐야  난 그대를 기다려   눈물을 감추며  오늘도 지나갔지  돌아올 그대를 위해   나 숨쉬고 있지만  깊은 외로움은 참을 수가 없었어  이렇게 베갤 적시며 추억속에   잠기네  나 그대에게 모두 다 주고  빈가슴속엔 추억만이 남았어  나 그대에게 모두 다 주고  기다림 속에 이밤이 다 가네  모두다 그대를 잊으라 했지  이렇게 슬퍼하는 날 보고  하지만 그대는 내안에 있어  곁에 없을 뿐야  난 그대를 기다려  I'm sittin here  thinking reminiscing  on how good things  used to be now  I remember the time when you  was right here by me side  I can't get you out my mind  you just keep on  making me cry  Baby let's give it  one more try before you  say good bye  I'm spending them   sleepless nights  wishing that you were  holding me tight  cause I still remember that night  when we got into final fight said  that we was over and  we couldn't make  a damn thing go right  Cause you left me high and dry  and I just can't help  but wonder why  너도 생각나니  이 거릴 지나면 함께했던 시간이 항상 기도할께  우리의 사랑은 영원할거란  그 약속을 위해  모두가 그대를 잊으라했지  이렇게 슬퍼하는 날 보고  하지만 그대는 내 안에 있어  곁에 없을 뿐야 난 그대를 기다려  모두가 그대를 잊으라 했지
