time,rank,song_id,title,singers,album,date,genre,creator,lyric
1998.08.30~09.05,1,38547,그녀와의 이별,김현정,Legend,1997.03,Dance,유유진,이제 우리 정말 끝난거야  니가 다시 확인시켜줬지  그럴 필요까진 없었는데  마지막 자존심까지 무너졌어  나를 만나기전 헤어졌던  예전의 그녀에게서  너를 떠나달란 말을 듣게 했어  미안하단 말과 함께  믿지 않았어 그녀의  일방적인 얘기들  나를 속이며 그동안  만나왔단 얘기도  너를 사랑한 그녀의  거짓말이었기를  비참하게 난 끝까지  어리석게 널 믿어 버렸어  하지만 나의 마지막 기대마저도  모두 무너진 거야 술취해  또 다시 너를 찾아가  그녈 안아주는 너를 보았어  지금 내눈에 흐른 눈물은  너도 모른척 해줘  남겨진 미련도 없지만 모두  니가 가져 버려  며칠이 지났어 널 잊은줄 알았어  그런데 지금 니가 돌아오길   바라는 내가 미울뿐야 믿지 않았어 그녀의  일방적인 얘기들  나를 속이며 그동안  만나왔단 얘기도  너를 사랑한 그녀의  거짓말이었기를  비참하게 난 끝까지  어리석게 널 믿어 버렸어  하지만 나의 마지막 기대마저도  모두 무너진 거야 술취해  또 다시 너를 찾아가  그녈 안아주는 너를 보았어  지금 내눈에 흐른 눈물은  너도 모른척 해줘  남겨진 미련도 없지만 모두  니가 가져 버려  며칠이 지났어 널 잊은줄 알았어  그런데 지금 니가 돌아오길   바라는 내가 미울뿐야
1998.08.30~09.05,2,83721,Poison,엄정화,Invitation,1998.07,Dance,주영훈,널 뒤로한채 그냥 걸었어 미안해 하는 널 위해 참아온 눈물 보이기 싫어  나 먼저 일어선거야 오늘이 올 줄 알고 있었어  우리 사랑 끝나는 날 잘못된 우릴 하늘이  분명 용서할리 없으니까 그녀에게 미안하다고 전해줘 그녀의 행복을 내가 가졌으니 다신 이런 아픔을 남기지는마 나 하나로만 된거야 모두를 속여가며 사랑한  넌 더 힘들었니 이젠 꿈에서라도 나를 찾지마 난 니안에 없는거야 이대로 나를 잊고  돌아가 그녀품으로 내품에 안겨 울던 모습도  날 위한 연극이었니 너의 사랑은 나뿐이라고  그 말을 믿었었는데 사랑스런 미소와 따스한 눈길 이제는 그녀와 함께 나누겠지 다신 이런 아픔을 남기지는마 나 하나로만 된거야 모두를 속여가며 사랑한  넌 더 힘들었니 이젠 꿈에서라도 나를 찾지마 난 니안에 없는거야 이대로 나를 잊고  돌아가 그녀품으로 그래 누구나 사람만을  사랑해야 하는걸 이제 넌 그걸 잊지 말아줘
1998.08.30~09.05,3,81526,Love Love,비쥬,비쥬의 첫번째 겨울..,1998.11,기타,비쥬,We will forever I love you  you will never knew  We will forever I love you  you will never knew  그다지 화려한 세상은 아니지만  내가 너를 위해 꿈꾸어 왔던  나만의 세상이 있어  수정처럼 맑은 너의 baby  미소를 내게 보여줘  너의 마음속에 내가  들어갈 수 있도록  눈처럼 하얀 너의 baby  미소를 내게 보여줘  너를 위한 내 마음이  영원할 수 있게  너를 만나기 전에는 언제나  내 자신만을 믿어왔어  그래 나만은 화려하게 살고 싶었어  그 속에 행복이 있다고 믿었지  그래 니가 너만의 너만의 꿈을 이룰 수 있게 하늘을 나는 방법을 가르쳐 줄께 세상의 진정한 행복은 언제나 네 맘속에 있는 거야 어둠 속에 니가 지쳐 혼자 걸어갈 때도 널 위한 내 마음이 너를 지켜줄거야 Toi c'est tres complique Mais il est fou d'etre Trop raisonnable moi L'amour c'est plus fort que J'ai besoin de toi 아주 가끔 따사로운 햇살이 너의 어깨를 비추는 이른 아침에도 나를 또 하나의 너로 생각해 줄 수 있는지 너를 만나기 전에는 언제나 내 자신만을 믿어왔어 그래 나만은 화려하게 살고 싶었어 그 속에 행복이 있다고 믿었지 그래 니가 너만의 너만의 꿈을 이룰 수 있게 하늘을 나는 방법을 가르쳐 줄께 세상의 진정한 행복은 네 맘속에 있는 거야 수정처럼 맑은 너의 baby 미소를 내게 보여줘 너의 마음속에 내가 들어갈 수 있도록 눈처럼 하얀 너의 baby 미소를 내게 보여줘 너를 위한 내 마음이 영원할 수 있게
1998.08.30~09.05,4,33273,내 남자 친구에게,핑클,Fine Killing Liberty : Blue Rain,1998.05,Dance,김영아,이것봐 나를 한번 쳐다봐   나 지금 이쁘다고 말해봐   솔직히 너를 반하게 할 생각에   난생 처음 치마도 입었어   수줍은 내입술을 보면서   모른척 망설이지 말아줘   어제본 영화에서 처럼   날안고 입맞추고 싶다고 말해봐   날봐 언제나 너의 눈속에   아직은 어린 내모습   사랑한다 말하기에 어색한건   사실야   하지만 나 너의 마음속에서   어느샌가 숙녀가   돼 버린걸 내사랑 이제   눈을 뜬거야   call me call me call call   give a call   내모든걸 원한다면 너에게 줄게   기다려왔던 나의 사랑은   너를 위한거야   call me call me call call   give a call   내모든걸 원한다면 너에게 줄게   지금이대로 너의 품속에   나를 데려가줘 나를 데려가줘  난 니꺼야  shimmy shimmy ya'll  shimmy shimmy yah  2mc's boout to bring it to yall it's the  p to the i'n to the kuh so so let it be ha ha  what you do need is  a cup of water take a big sip bet  ya it will sooth yamy baby love can't you see yo  mine bottom line yo mine 늦은밤 헤어질게 될때면  아쉬운 너의 맘을 털어놔  무작정 나의 손을 잡고 어디든  달아 나고 싶다고 말해봐  알아 너역시 서툰 나에게  조급히 다가서기엔 내마음이  다칠까봐  조심스레 하는걸  있잖아 나 언제 까지 너에게  단하나의 그녀가  되고 싶어 그러니 이제 내  맘 가져가  call me call me call call  give a call  내 모든걸 원한다면  너에게 줄거야  지금 이대로 너의 품속에  나를 데려가줘  call me call me call call  give a call  기다렸던 나의 사랑 니꺼야 이젠   언제까지 내 작은 맘속에  나를 맡길거야 널 사랑해 영원히
1998.08.30~09.05,5,79951,Road Fighter,젝스키스,Road Fighter,1998.07.15,Dance,김영아,어떻게 널 두고 나 가나   이 길 끝에 내 몸을 싣고 달려   어떻게 널 두고 나 가나   이 빗속에 내 사랑 싣고 달려   긴긴 내 설득에 돌아보지   않던 너   차가운 이 빗속에서 넌   날 끝내 버렸어   아름답던 입술은 날 더 비웃어   찢긴 나의 가슴 밟고   bye bye 넌 떠났어   널 사랑했던 맘도 날   지탱해준 꿈도   이 빗소리에 씻겨 다   사라지고 있어   나의 몸을 싣고 내 사랑   싣고 달려   이 길이 끝나는 곳에   내 모든걸 완전히 묻어주겠어   차갑던 너의 말에 조금도   늦지 않게   이제는 너에게서 나를 비워줄게   흐르는 나의 눈물을   빗속에 감추려해도   바람을 가른 추억들이   울고있어   달아오른 거리를 밟어   더 빨리 달려 붕   난 더 난 바람속에   내 몸이 날려   달아오른 거리를 밟어   더 빨리 달려 붕   난 더 난 우아 우아  내 몸이 날려   내 몸이 날려   내 몸이 날려   우아  내 몸이 날려   내 몸이 날려 어떻게 널 두고 나 가나  이 길 끝에 내 몸을 싣고 달려  어떻게 널 두고 나 가나  이 빗속에 내 사랑 싣고 달려  뜨거워진 거리 다  태워버릴 거리  이 아픈 거릴 밟아봐 바람을  더 불러봐 하하하  이제 날아가 이길의 끝에  쳐박혀 버려  더 이상 나는 없어 이빗속에  벌써 타 버리고 없어  하얗게 떠오르는 내가  널 보고있어  이제야 내 사랑도 편히  잠들겠지  마지막 나의 눈속에  영원히 볼 수 있도록  행복한 너의 그 미소만  가져갈게  달아오른 거리를 밟어  더 빨리 달려 붕  난 더 난 바람속에 내  몸이 날려  달아오른 거리를 밟어  더 빨리 달려 붕  난 더 난 우아 우아 내 몸이 날려
1998.08.30~09.05,6,2184575,P.S. I Love You,박정현,Piece,1998.02.01,R&B; / Soul,하해룡,우연히 그댈 처음 본 순간 운명이란걸 느낄 수가 있었어 사랑의 시작을 먼저 말할 수 없어 기다려온 시간들 외로움 처음 알게 되었어 난 두려워 우리 사랑한 뒤에 멀어진다면 다시 볼 수 없는걸 견딜 수 없기에 우정이라 말하고 그대곁에 있지만 너무나 깊은 사랑인걸 어떻게 하나
1998.08.30~09.05,7,38698,나의 사랑 천상(天上)에서도,김경호,Kyung-Ho Kim 03,1998,Rock,이경,그런 일들은 없을 테지만 만약에 우리들이 떨어져 이 세상을 살아야 할 때 그 때 누군가가 너를 비웃어도 또 어떤 힘든 일이 생겨도 운다거나 마음 상해서 죽고 싶어질 때 나를 생각해 내 뜻으로 할 수 없는 건 사는 것 때론 죽는다는 걸 그 어디에 있든지 우리 약속해 저 하늘이 나를 사랑해 어느 날 먼저 데려간대도 아름다운 세상 고운 너의 두 눈으로 내 몫까지 보아줘 저 하늘이 너를 사랑해 어느 날 너를 데려간다면 가슴속에 너의 사랑을 품고서 우리 사랑 키울게 천상으로 내가 곁에 없다고 너무 슬퍼하지마 우린 살아 있잖아  어느 곳에 있든지 우린 함께 숨을 쉬어 저 하늘이 나를 사랑해 어느 날 먼저 데려간대도 아름다운 세상 고운 너의 두 눈으로 내 몫까지 보아줘 저 하늘이 너를 사랑해 어느 날 너를 데려간다면 가슴 속에 너의 사랑을 품고서 우리 사랑 키울게 저 하늘이 나를 사랑해 어느 날 먼저 데려간대도 아름다운 세상 고운 너의 두 눈으로
1998.08.30~09.05,8,38388,착한 사랑,김민종,애 (愛),1998,Ballad,김민종,믿어지지 아니 믿을 수 없는 지금 이 순간을 기억해야 하나 사랑하고 있는 그대가  내 곁에서 떠나는 모습을 미안해서 내게 아무 말 없이 나를 버린거라 생각하고 나니 이해할 수 있어 그대를  사랑하니까 내 사랑이니까 울고있는 나는 내게 말했지 편안하게 지내야 한다고 나를 떠난 그대가 행복 할 수 있도록 어려워도 그래야 한다고 그대여 난 오늘도 너무 괴로워 하는 나를 달래보고 있지만 더 이상 견딜 수 없는 아픔에 살아 가는게 너무 힘들지만 하지만 사랑해요 난 그댈 울고있는 나는 내게 말했지 편안하게 지내야 한다고 나를 떠난 그대가 행복 할 수 있도록 어려워도 그래야 한다고 그대여 난 오늘도 너무 괴로워 하는 나를 달래보고 있지만 더 이상 견딜 수 없는 아픔에 살아 가는게 너무 힘들지만 하지만 사랑해요 난  그대여 난 오늘도 너무 괴로워 하는 나를 달래보고 있지만 더 이상 견딜 수 없는 아픔에 살아 가는게 너무 힘들지만 하지만 사랑해요 난 그댈
1998.08.30~09.05,9,38003,널 위해 준비된 사랑,김조한,Kim Jo Han,1998.06.01,R&B; / Soul,김수지,오늘을 꿈꿔왔지 우리 하나가 되는 날을 벅찬 기쁨 속에 난 너의 손을 잡고 있어 수줍게 고개숙인 미소로 나를 바라보는 새하얀 네 모습 너무나도 아름다워 기다렸던 나를 위해 이 땅에 보내어진 또 다른 나일 그대를 처음 본 그 순간 내 영혼의 깊은 샘 속에서 사랑을 만난거야 알 수 있었지 나만의 사랑인걸 아낄게 너만을 이 세상 그 누구보다 아름답고 행복하게 지킬게 사랑해 영원히 이 세상 단 하나뿐인 널 내 전부라 말하고 싶어 기다렸던 나를 위해 이 땅에 보내어진 또 다른 나일 그대를 처음 본 그 순간 내 영혼의 깊은 샘 속에서 사랑을 만난거야 알 수 있었지 나만의 사랑인걸 아낄게 너만을 이 세상 그 누구보다 아름답고 행복하게 지킬게 사랑해 영원히 이 세상 단 하나뿐인 널 내 전부라 말하고 싶어 나 또한 널 위해 보내어진 널 위해 준비된 사랑 아낄게 너만을 이 세상 그 누구보다 아름답고 행복하게 지킬게 사랑해 사랑해 영원히 영원히 이 세상 단 하나뿐인 널 내 전부라 말하고 싶어 널 위해 준비된 사랑
1998.08.30~09.05,10,1877126,사랑을 위하여,김종환,사랑을 위하여,1997.06.13,Adult Contemporary,김종환,이른 아침에 잠에서 깨어 너를 바라볼 수 있다면 물안개 피는 강가에 서서 작은 미소로 너를 부르리 하루를 살아도 행복할 수 있다면 나는 그 길을 택하고 싶다 세상이 우리를 힘들게 하여도 우리들은 변하지 않아 너를 사랑하기에 저 하늘 끝에 마지막 남은 진실 하나로 오래 두어도 진정 변하지 않는 사랑으로 남게 해주오 내가 아플 때보다 네가 아파할 때가 내 가슴을 철들게 했고 너의 사랑 앞에 나는 옷을 벗었다 거짓의 옷을 벗어버렸다 너를 사랑하기에 저 하늘 끝에 마지막 남은 진실하나로 오래 두어도 진정 변하지 않는 사랑으로 남게 해주오 너를 사랑하기에 저 하늘 끝에 마지막 남은 진실 하나로 오래 두어도 진정 변하지 않는 사랑으로 남게 해주오 사랑으로 남게 해주오
1998.08.30~09.05,11,80067,사랑만들기,엔알지(NRG),Race,1998,Dance,김영아,지금 니 앞에 나를 느껴 봐  니 사랑을 기다렸던  내가 있잖아  참아 왔었던 나의 바램모두  너 하나만 바라보던  시간이었어  오직 너만을 너를 사랑해  이젠 내가 니 모든걸  지켜줄거야  남은 날들의 모든 행복은  나의 사랑 너를 위해서  언제나 니 안엔 내가 없다고  혼자서 나를 달래며  많은 사람들 속에 말없이  니 주윌 맴돌곤 했었지 예  여러번 바뀌는 너의 남자를  힘없이 지켜보던 난  다른 사랑 만나도  너만의 행복을 빌어 왔어  하지만 그 때마다 쉽게 끝이 났던  힘에 겨운 널 보면서  니안에 채우려 했던 진짜 사랑은  나란걸 깨달았어  이젠 말할게 너를 사랑해  비워뒀던 내맘 모두 니꺼라는 걸  지난 시간의 못한 바램더해  영원토록 내가 너를 지켜줄거야  지금 이대로 내게 오면 돼  너 아니면 줄 수 없는 나의 품으로  언제까지나 너의 가슴에  큰 사랑을 채워줄거야  왔어 나의 사랑이 왔어  모두 지나갔던 날들 이제  모두 잊어  봐봐 날 지켜봐 영원히  행복해질 널 지켜봐  붐붐 오직 나만이 널 지켜  줄 수가 있어 허어  팡팡 채워줄거야 나의 사랑  너를 위해서 허  지나간 슬픔은 모두 지워 줘  또 새롭게 만든 추억은  너 하나만 지켜 줄  마지막 내 모습이었잖아  지금껏 망설였던 나의 시간만큼  내가 못한걸 줄거야  넌 그저 그 누구보다  행복에 겨운  미소만 보이면 돼  이젠 말할게 너를 사랑해  비워뒀던 내맘 모두  니꺼라는 걸  지난 시간의 못한 바램더해  영원토록 내가 너를  지켜줄거야  지금 이대로 내게 오면 돼  너 아니면 줄 수 없는  나의 품으로  언제 까지나 너의 가슴에  큰 사랑을 채워줄거야  이 세상에 많은 사람들 그 중에서  가장 소중한 그 사랑하나  너의 품안에 채워줄거야  오직 너만을 너를 사랑해  이젠 내가 니모든걸  지켜줄거야  남은 날들의 모든 행복은  나의 사랑 너를 위해서
1998.08.30~09.05,12,78451,외출,최재훈,Neverending,1998.05,Rock,채정은,너무나도 모자란 날 알기에 기다리라곤 못했어 기다림에 많이 힘겨워하는 너를 난 볼 수 없을테니까 지금 나의 그냥 있는 그대로 넌 상관없다 하지만 난 제대로 너와 시작하고픈 널 맞이 하고픈 그 맘을 이해해 나도 너 만큼은 두려운 걸 허나 니가 지칠 만큼 오래 걸리지는 않도록 나 약속할테니까 잠시 날 잊어 힘들지 않게 너 슬퍼해도 흔들려도 안아 줄 수 없으니 돌아갈거야 나를 믿어줘 널 떠난이유 이해한다면 기다려 나도 너 만큼은 두려운 걸 허나 니가 지칠 만큼 오래 걸리지는 않도록 나 약속할테니까 잠시 날 잊어 힘들지 않게 너 슬퍼해도 흔들려도 안아 줄 수 없으니 돌아갈거야 나를 믿어줘 널 떠난이유 이해한다면 잠시 날 잊어 힘들지 않게 너 슬퍼해도 흔들려도 안아 줄 수 없으니 돌아갈거야 나를 믿어줘 널 떠난이유 이해한다면 기다려
1998.08.30~09.05,13,1139650,보낼 수 밖에 없는 난,소찬휘,Another,1998.04.28,Ballad,김태훈,떠나는 모습까진 볼수 없어요  꼭 그래야할 필요 없다면  차라리 내가 먼저 돌아서는게  서로를 위해 좋을것 같아   난 준비가 되지 않아서  흐르는 눈물일 뿐이예요  나를 편하게 떠나요  어차피 돌이킬수 없다면   오 보내야겠지  떠나고 싶어 떠나는건 이해해야지  오 하지만 다신 내가 볼수없는  먼곳으로 떠나줬으면 해   날 사랑한다던 그 말도  그대의 따스한 그 숨결도  모두 잊어야 하기에  조금은 힘이들것 같지만   오 보내야겠지  떠나고 싶어 떠나는건 이해해야지  오 하지만 다신 내가 볼수없는  먼곳으로 떠나줬으면 해   마지막 남은 마음으로  그댈 잡아보고 싶지만   보내야겠지 돌아오기엔  너무 멀리 가고있잖아  오 참아야겠지 함께한 시간이  짧기에 그댈 잊을 수 있겠지  하루종일 그대 생각만 하네요  솔직히 너무 두려워져요  함께한 시간이 짧다 믿었는데  이제와 보니 아닌 것 같아 -
1998.08.30~09.05,14,1839686,믿음,이소라,슬픔과 분노에 관한,1998.05.01,Ballad,이소라,힘든가요 내가 짐이 됐나요 마음을 보여줘요 안된대도 아무 상관없어요 내 마음만 알아줘요 다른 사람 친한 그댈 미워하는 나의 사랑이 모자랐나요 늘 생각해요 이것만 기억해요 우리가 헤어지면 다시는 이런 사랑 또 없을테니 내게 힘이 돼 줘요 난 기다려요 그대 난 영원해요 우는 내가 많이 지겨웠나요 그래요 이해해요 많은 밤이 지난 그대 후회되면 다시 내게로 돌아올테
1998.08.30~09.05,15,2962321,나나나 (House Ver.),유승준,98 Mix Mac Vol.5,1999.01.12,Dance,,
1998.08.30~09.05,16,437146,내 낡은 서랍 속의 바다,패닉,Sea Within,1998.05,Rock,이적,내 바다 속에는 깊은 슬픔과 헛된 고민들 회오리치네 그 바다 위에선 불어닥치는 세상의 추위 맘을 얼게 해 때로 홀로 울기도 지칠 때 두눈 감고 짐짓 잠이 들면 나의 바다 그 고요한 곳에 무겁게 내려가 나를 바라보네 난 이리 어리석은가 한치도 자라지 않았나 그 어린 날의 웃음을 잃어만 갔던가 초라한 나의 세상에 폐허로 남은 추억들도 나 버릴 수는 없었던 내 삶의 일부인가 나 어릴 적 끝도 없이 가다 지쳐버려 무릎 꿇어버린 바다 옛날 너무나도 고운 모래마다 이젠 모래 위에 깊은 상처 하나 행복하고 사랑했던 그대와 나 생각만으로 웃음짓던 꿈도 많아 그런 모든 것들 저 큰 파도에 몸을 맡겨 어딘가 가더니 이젠 돌아오지 않아 바다 앞에 내 자신이 너무 작아 흐르는 눈물 두 손 주먹 쥐고 닦아 많은 꿈을 꾸었는대 이젠 차마 날 보기가 두려워서 그냥 참아 그 때 내가 바라보던 것들 아마 볼 수 없겠지만 그래도 눈을 감아 나의 낡은 서랍 속의 깊은 바다 이젠 두 눈 감고 다시 한 번 닫아 때로 홀로 울기도 지칠 때 두눈 감고 짐짓 잠이 들면 나의 바다 그 고요한 곳에 무겁게 내려가 나를 바라보네 난 이리 어리석은가 한치도 자라지 않았나 그 어린 날의 웃음을 잃어만 갔던가 초라한 나의 세상에 폐허로 남은 추억들도 나 버릴 수는 없었던 내 삶의 일부인가 나 어릴 적 끝도 없이 가다 지쳐버려 무릎 꿇어버린 바다 옛날 너무나도 고운 모래마다 이젠 모래 위에 깊은 상처 하나 행복하고 사랑했던 그대와 나 생각만으로 웃음짓던 꿈도 많아 그런 모든 것들 저 큰 파도에 몸을 맡겨 어딘가 가더니 이젠 돌아오지 않아 바다 앞에 내 자신이 너무 작아 흐르는 눈물 두 손 주먹 쥐고 닦아 많은 꿈을 꾸었는대 이젠 차마 날 보기가 두려워서 그냥 참아 그 때 내가 바라보던 것들 아마 볼 수 없겠지만 그래도 눈을 감아 나의 낡은 서랍 속의 깊은 바다 이젠 두 눈 감고 다시 한 번 닫아
1998.08.30~09.05,17,3560382,사랑은 유리같은 것,원준희,사랑은 유리같은 것,1988.07.01,Ballad,최명섭,정말 몰랐어요  사랑이란 유리 같은 것 아름답게 빛나지만 깨어지기 쉽다는 걸 이제 깨어지는 사랑의 조각들은 가슴깊이 파고드는 견딜 수 없는 아픔이에요 슬픔은 잊을 수가 있지만 상처는 지울 수가 없어요 오랜 시간이 흘러도 희미해질 뿐이에요 사랑하는 그대여 이것만은 기억해줘요 그토록 사랑했던 내 영혼은 지금 어두운 그림자뿐임을 슬픔은 잊을 수가 있지만 상처는 지울 수가 없어요 오랜 시간이 흘러도 희미해질 뿐이에요 사랑하는 그대여 이것만은 기억해줘요 그토록 사랑했던 내 영혼은 지금 어두운 그림자뿐임을 그토록 사랑했던 내 영혼은 지금 어두운 그림자뿐임을
1998.08.30~09.05,18,79953,먼 훗날,YB,소외 (疏外),1998.07,Rock,유병열,널 이제 잊겠어  내 깊은 그리움으로  이 밤을 지새운건 아니었는데  이제는 닦아낼 눈물이 없어  하고픈 말 서럽게 쌓여만 가고  기억되는 그리움의  아픔이 너무 두려워  홀로 남겨진 이 순간  원할건 없지만  정말 널 사랑해 차마 그 말 한마디  못한 내가 너무나도 원망스러워  먼 훗날 다시 널  우연히 마주칠 수 있다면  사랑했다 말할꺼야  기억되는 그리움의  아픔이 너무 두려워  홀로 남겨진 이 순간  원할건 없지만   정말 널 사랑해 차마 그 말 한마디  못한 내가 너무나도 원망스러워  먼 훗날 다시 널  우연히 마주칠 수 있다면  사랑했다 말할꺼야 정말 널 사랑해 차마 그 말 한마디  못한 내가 너무나도 원망스러워  먼 훗날 다시 널  우연히 마주칠 수 있다면
1998.08.30~09.05,19,91298,그때 그 시절,유피,형(形),1998,Dance,장용진,단 돈 몇천원에 밤 거리 누비며 온세상을 다가져 왔던 난데 주머니 사정 다 피해가며 용감한 척했지 막다른 골목 앞에 있어 내사랑아 눈물이 흘러 너무 힘들어도 올 줄 알았어 나만을 꼭 안아줄거라 믿었는데 내게 나보다 자존심 중요하니 나 울고 있는데 이 꼴 저 꼴 못난꼴 다 눈 감아왔건만 절대로 난 용서가 안돼 간절히 원했던 것뿐이야 나의 모든걸 버리고 내곁으로 갈게 춥고 배고파도 언제까지 함께하는거야 소중한 사랑아 나를 용서해줘 태양 아래 하얀 너를 물들이고 싶지는 않았기에 나또한 많이 참아왔어 One Two Three Four  단 돈 몇천원에 밤거리 누비며 온세상을 다 가져 왔던 난데 주머니 사정 다 피해가며 용감한 척했지 막다른 골목앞에 있어 내사랑아 눈물이 흘러 너무 힘들어도 올 줄 알았어 나만을 꼭 안아줄거라 믿었는데 내게 나보다 자존심 중요하니 나 울고 있는데 이 꼴 저 꼴 못난꼴 다 눈감아왔건만 절대로 난 용서가 안돼 간절히 원했던 것뿐이야 나의 모든걸 버리고 내 곁으로 갈게 이 꼴 저 꼴 못난꼴 다 눈 감아왔건만 절대로 난 용서가 안돼 간절히 원했던 것뿐이야 나의 모든걸 버리고 내 곁으로 갈게 춥고 배고파도 언제까지 함께하는거야 소중한 사랑아 춥고 배고파도 언제까지 함께하는거야 소중한 사랑아 소중한 사랑아 나를 용서해줘 나를 용서해줘 나를 용서해줘
1998.08.30~09.05,20,77364,세상이 그대를 속일지라도,김장훈,#1998 Ballads For Tears,1998.02.01,Ballad,이상호,흔들리는 그대를 보면 내 마음이 더 아픈거죠 그댈 떠나 버린 사람이 누군지 몰라도 이젠 다 잊어 주길 바래요 한없이 울고 싶어지면 울고 싶은 만큼 울어요 무슨 얘기를 한다해도 그대의 마음을 위로할 수 없는걸 알기에 난 어쩌면 그 사람과의 만남을 잘 되지 않기를 바랬는지도 몰라요 그대를 볼때면 늘 안타까웠던 거죠 우리의 만남이 조금 늦어다는 것이 이젠 모든걸 말할 수 있어요 그 누구보다 그댈 사랑했음을 세상이 그대를 속일지 몰라도 내가 그대 곁에 있음을 기억해요 난 어쩌면 그 사람과의 만남을 잘 되지 않기를 바랬는지도 몰라요 그대를 볼때면 늘 안타까웠던 거죠 우리의 만남이 조금 늦었다는 것이 이젠 모든걸 말할 수 있어요 그 누구보다 그댈 사랑했음을 세상이 그대를 속일지 몰라도 내가 그대 곁에 있음을 기억해요 이젠 모든걸 말할 수 있어요 그 누구보다 그댈 사랑했음을 세상이 그대를 속일지 몰라도 내가 그대 곁에 있음을 기억해요
1998.08.30~09.05,21,91295,성공시대,벅,성공시대,1998.07.01,Dance,강은경,야 우리 어머니 날 낳으실 때 태몽을 참 기가 막히게 꾸셨다고 하던데 그 꿈이 이제서야 들어 맞았어 살아있는 성공신화 주인공이 바로 나 다들 날 보고 그렇게 말하지 운 좋고 빽 좋아 떴다고 그 뒤에 눈물겹던 시간들을 모르니까 사나이 되어 한 평생 살면서 내 이름 석자 부끄럽지 않도록 밑바닥부터 피눈물이 나게 달려온거야 밑천이라면 젊은 혈기 하나 청운의 푸른 꿈을 안고서 내가 선 이 고지를 향해 야야야야 이젠 나의 성공 시대 야야야야 불행은 끝 행복시작 기나긴 터널의 끝에 보이는 빛은 더 눈부신거야 야야야야 내 인생의 황금기야 야야야야 세상이 다 내것 같아 오늘을 위하여 축배 들어야지 너와 둘이서  나의 성공의 절반은 니 덕분 이 모든 영광을 너에게 약해져 갈 때마다 너의 얼굴 떠올렸어 어느 세월에 출세를 하냐며 지난날 나를 비웃었던 사람들 나 여기 있다 나의 모습을 봐 이렇게 컸다 비결이라면 대찬 끈기 하나 끝까지 포기 않는 것 나라고 왜 성공을 못해 야야야야 이젠 나의 성공시대 야야야야 불행은 끝 행복시작 기나긴 터널의 끝에 보이는 빛은 더 눈부신거야 야야야야 내 인생의 황금기야 야야야야 세상이 다 내것 같아 오늘을 위하여 축배 들어야지 너와 둘이서 야야야야 젊어 고생 사서도 한다는데 야야야야 이 세상에 공짜가 어딨어 야야야야야 야야야야야야야 일단 한번 부딪히고 넘어지면 다시 한번 더 야야야야 아직 쉴 순 없는거야 야야야야 이제 시작일뿐이야 오늘의 이 성공 더욱 빛날 나의 내일을 위해 오 이 순간이 오길 기다렸어 자 개봉박두 내 시대 빠빠라 빠빠빠 늘 마지막에 웃는 삶이 성공한 삶이야 풍악을 울려라 빠빠라 빠빠빠
1998.08.30~09.05,22,78358,Joy,디바,Snappy Diva`s Second Album,1998.04,Dance,강정훈,Diggity DIVA make that   sound that's right  내가 바랬던 너에 대한 기대   또한 이렇게 you'll   be mine   널 위한 기쁨과 널 향한 마음   영원히 you're so fine  understand me i love ya   don't forget to let me   have a joy  믿을수없어 처음 본 너를 만나   난 이렇게 묘한 느낌을   지나간 행복한 기억처럼   멈춰있을때   단 한번도 생각하지 않았던   밍밍한 모습에 반한 나 정말   이상해도   나 보다 너를 더 사랑할 수 있다면   my daring standing for you  언제나 함께 있다는건 갖고   싶다는건  지금 기쁨의 눈물처럼 내겐   꿈같은 너를 위해 언제나 사랑   줄테니  Get you're move no when   it's pumpn' it Get you're   groove on when i'm busten'   it Voila   기나긴 기다림의 지루함  속에 있는 나 feelin' how 달라 언제나 니안에서 살아가  like this like that 너를 그려가  언제라도 풋풋한 연인처럼  하루를 보내고  모든걸 서로 알게되고 나보다  너를 더 사랑할 수 있게 my  daring standing for you 너와나 함께 있다는건 갖고  싶다는건 여기 여름 한  그늘처럼 느낌 가득한  너를 위해 언제나 사랑 줄테니  이젠 내곁에 다가온너를 위해  언제나 언제나 영원히  사랑 줄테니
1998.08.30~09.05,23,14228,그녀의 생일,뱅크,선물,2000.12.28,Ballad,정시로,너에게 전화하고 싶었어  오늘만은  달력위에 네가 적었던  너의 생일날  행복했던 작년 오늘 일을  기억하니  너 없는 지금도 그리워  그 때 그 날이  혹시라도 널 만날까  너의 집주위를 서성거리며  네가 오길 기다리는  그런 내 마음을  너는 이해할 수 있니  불꺼진 너의 창을 바라보면서 할 수만 있다면 다시 한번 더 너를 내 품안에 안고 얘기하고 싶어 비어있는 내 자리가 힘겹지 않니 오늘 네 생일에 내가 준비한 나의 선물을 받아주렴 바로 나야 행복했던 작년 오늘 일을 기억하니 너 없는 지금도 그리워 그 때 그 날이 혹시라도 널 만날까 너의 집주위를 서성거리며 네가 오길 기다리는 그런 내마음을 너는 이해할 수 있니 불꺼진 너의 창을 바라보면서 할 수만 있다면 다시 한번 더 너를 내 품안에 안고 얘기하고 싶어 비어있는 내 자리가 힘겹지 않니 오늘 네 생일에 내가 준비한 나의 선물을 받아주렴 바로 나야
1998.08.30~09.05,24,78382,소방관 아저씨,SpookyBanana,스푸키바나나,1998.04,Rock,신유난,안내 867호입니다 1 2 3 4  갖지 못한 자들 갖고 있는 자들 넌 나를 모르는데 난들 너를 알겠느냐 정직함은 구차하고 힘 주먹은 편리해 난 대체 어떡하면 훌륭하게 살 수 있나  셋 셀동안 돌려놔 날 배신했던 가르침 SPB 우린 갈 곳 없는 REFUGEE 밭맬래 애볼래 아니 나는 밭맬래 왜냐하면 애본 공은 없으니까 hey 소방관 아저씨 내 머릿속에 타는 이 불좀 꺼주세요 hey 소방관 아저씨 착한 나는 뒤집어진 이 세상이 힘들어  뻥하고 터지는 저 거품같은 이름들 권위는 국 끓여도 국물도 안 우러나와 미친개도 피해가는 미친분도 뻔지르르 사람은 겉만 봐선 아무것도 알 수 없어 물론이지  셋 셀동안 돌려놔 날 배신했던 가르침 SPB 우린 갈 곳 없는 REFUGEE 밭맬래 애볼래 아니 나는 밭맬래 왜냐하면 애본 공은 없으니까 hey 소방관 아저씨 내 머릿속에 타는 이 불좀 꺼주세요 hey 소방관 아저씨 착한 나는 뒤집어진 이 세상이 힘들어 소방관 아저씨 여기 좀 보세요 아무도 못말리는 세상 이 불좀 꺼주세요  하는 일 없냐 아니 많아 졸립지 않냐 나름대로 괴롭지 않냐 단련됐어 지구를 떠나볼까 할 수 있을까  hey 소방관 아저씨 내 머릿속에 타는 이 불좀 꺼주세요 hey 소방관 아저씨 착한 나는 뒤집어진 이 세상이 힘들어 hey 소방관 아저씨 왜 임마 내 머릿속에 타는 이 불좀 꺼주세요 hey 소방관 아저씨 착한 나는 뒤집어진 이 세상이 힘들어
1998.08.30~09.05,25,33972,진심,김광진,My Love My Life,1998,Ballad,김광진,그렇게 화내지 마요 그 말은 진심이 아니죠 이해를 할 수 없다면 그저 웃어 넘긴다면 어때요 그래도 잊진 말아요 그대의 소중한 재능이 숨겨진 보석과 같은거죠 언젠간 환하게 빛날테죠 꿈만큼 이룰꺼에요 너무 늦었단 말은 없어요 그대를 지켜주는 건 그대 안에 있어요 강해져야만 해요 그것만이 언제나 내 바램이죠 이 세상 사는 동안에 수많은 사람을 만나고 또 헤어지게 되겠죠 허나 이런 느낌 다시 없을테죠 영원히 사랑하기에 나의 모든 걸 다 준다해도 그대를 지켜주는 건 그대 안에 있어요 강해져야만 해요 그것만이 언제나 내 바램이죠 떠나갈 때가 오나요 그대 힘든 길을 가는 동안 이것만 기억해줘요 그대 사랑하지요 세상 그 무엇보다 그대만을 영원히 나 기다려요
1998.08.30~09.05,27,84098,Good-bye Love,이지훈,Man,1998.06.18,Ballad,이승호,괜찮아 그냥 가버려 사랑이 아닌 내 곁에 더 이상 머물 이유는 없잖아 눈물을 보여선 안돼 이별이 슬퍼진다면 함께한 모든 추억이 상처될테니 아무일 아닌 듯 미소로 떠나줘 그래야 너를 잊는게 조금은 수월할테니 웃어줘 미안해 하지마 난 정말 괜찮아  얼마나 다행이야 다른 사랑 있으니 내 걱정 하지마 혼자가 되어도 마지막 내게 남긴 미소 하나면 살아갈 수 있어 괜찮아 슬프진 않아 나보다 더 큰 사랑이 이별을 하게 했으니 괜찮아 이렇게 나를 떠나서 행복해질 수 있다면 이까짓 이별 쯤이야 왜 못하겠니 언젠가 우연히 마주치더라도 지금 니 모습보다는 더 많이 행복한 너를 보여줘 미안해 하지마 난 정말 괜찮아  얼마나 다행이야 다른 사랑 있으니 내 걱정 하지마 혼자가 되어도 마지막 내게 남긴 미소 하나면 살아갈 수 있어 미안해 하지마 난 정말 괜찮아 내 걱정 하지마 난 정말 괜찮아 미안해 하지마 난 정말 괜찮아 넌 나를 떠났지만 내겐 추억 있으니 내 걱정 하지마 혼자가 되어도 나 아직 너로인해 버텨가니까 미안해 하지마 난 정말 괜찮아 넌 나를 떠났지만 내겐 추억 있으니 내 걱정 하지마 혼자가 되어도 내 작은 가슴 속에 니가 남겨논 사랑 가득하니
1998.08.30~09.05,28,78002,하나의 사랑,박상민,The Road,1998.02,Ballad,조은희,가슴속에 차오르는 그대  이렇게 외면 하지만 나는 이미 알고있잖아  그댈 원하고 있어  날 바라보는 그대 눈빛 속에  영원히 머물고 싶어  함께 할 수 없는 사랑을  이젠 견딜 수가 없어 다가갈수록 멀어지는  그대 뒷모습 바라보고 있어  돌아서서 젖어오는 슬픔을  그댄 알 수 없을꺼야  서로 잠시 멀리 있다해도  이제는 느낄수 있어 오직 내가 꿈꿔왔던건  그대라는 단 하나의 사랑  다가갈수록 멀어지는  그대 뒷모습 바라보고 있어  돌아서서 젖어오는 슬픔을 그댄 알 수 없을꺼야 그댄 알 수 없을 꺼야
1998.08.30~09.05,29,33590,일상으로의 초대 (Radio Mix),신해철,Crom‘s Techno Works,1998.06.01,Rock,신해철,산책을 하고 차를 마시고 책을 보고 생각에 잠길 때 요즘엔 뭔가 텅 빈 것 같아 지금의 난 누군가 필요한 것 같아 친굴 만나고 전화를 하고 밤새도록 깨어있을 때도 문득 자꾸만 네가 생각나 모든 시간 모든 곳에서 난 널 느껴 내게로 와 줘 내 생활 속으로 너와 같이 함께라면 모든게 새로울거야 매일 똑같은 일상이지만 너와 같이 함께라면 모든게 달라질거야 서로에 대해 거의 모든 걸 지켜보며 알게 된다는게 말처럼 그리 쉽지 않겠지 그렇지만 난 준비가 된 것 같아 너의 대답을 나 기다려도 되겠니 난 내가 말할 때 귀 기울이는 너의 표정이 좋아 내 말이라면 어떤 거짓 허풍도 믿을 것 같은 그런 진지한 얼굴 네가 날 볼 때마다 난 내 안에서 설명할 수 없는 기운이 느껴져 네가 날 믿는 동안엔 어떤 일도 해낼 수 있을 것 같은 기분이야 이런 날 이해하겠니 내게로 와 줘 내게로 와 줘 내 생활 속으로 너와 같이 함께라면 모든게 새로울거야 매일 똑같은 일상이지만 너와 같이 함께라면 모든게 달라질거야 I'm spending whole my days for you Cause I am always thinking about you I really like to share my life with you I truely want to be someone for you So It is an invitaion to you Now I am waiting for the answer from you I swear I will do anything for you But sadly I've got nothing to give you All I can do is just say I love you 해가 저물면 둘이 나란히 지친 몸을 서로에 기대며 그 날의 일과 주변 일들을 얘기하다 조용히 잠들고 싶어
1998.08.30~09.05,30,91291,귀머거리 하늘,R.ef,Forever,1998.05.01,Dance,이승호,그토록 사랑한 그녀가 떠난 후  하늘은 그녈 내게 보여주곤 해  너무나 예쁜 그 모습  예전의 목소리까지  항상 원할때면 만날 수 있어  너무나 멀어서 만질 수 없으니  안개와 함께라도 내려오라고  햇살에 사라질 안개  너무나 짧은 것 같아  저기 산에 닿은 구름이라도  하늘아 들리지 않니  간절한 내 기도소리  모습만 보이지 말고  한 번만 안을순 없는지  하늘아 제발 도와줘  그녀가 올 수 없다면  나라도 그녀에게 갈 수 있도록  먼하늘 네 모습 바라만 보다가   가슴이 메어와서 눈을 감았어  여전한 너의 목소리 더이상   들을수 없게   나의 눈물들이 내 귀를 채워  들리지 않는가봐  그토록 너의 모습  보여주던 하늘이  내얘긴 들리지 않는가봐  널 보내달라  그렇게 소리 쳤지만  발 밑에 떠있는 안개는  너에게 못 가게  길마저 가려 버렸어  니 목소리 들리지 않게  내 귀속에 눈물만 채우고 있어  비라도 내리면 하늘을 가려서  니 모습 볼수 없을것만 같았지 하지만 비에 젖어도 씻을수  없는게 있어 너와 함께 했던 빗속의 추억 하늘아 들리지 않니 간절한 내 기도 소리 그녀를 데려갔으면 추억도 가져갈 순 없니 하늘아 제발 도와줘 나에게 남은 사랑도 모두다 그녀에게 보낼 수 있게
1998.08.30~09.05,31,2274404,사람이 꽃보다 아름다워,안치환,Desire,1997.12.12,Folk,정지원,헤이 헤이  강물같은 노래를 품고 사는   사람은 알게되지 음 알게되지   내내 어두웠던 산들이   저녁이되면 왜 강으로 스미어   꿈을 꾸다 밤이 깊을수록   말없이 서로를 쓰다듬으며   부둥켜안은채 느긋하게   정들어 가는지를 으음 음  지독한 외로움에 쩔쩔매본   사람은 알게되지 음 알게되지   그슬픔에 굴하지 않고   비켜서지 않으며   어느결에 반짝이는 꽃눈을 닫고   우렁우렁 잎들을 키우는   사랑이야말로   짙푸른 숲이되고 산이되어   메아리로 남는다는 것을   누가 뭐래도 사람이   꽃보다 아름다워   이 모든 외로움 이겨낸   바로 그사람   누가 뭐래도 그대는   꽃보다 아름다워   노래의 온기를 품고사는   바로 그대 바로 당신   바로 우리 우린 참사랑   지독한 외로움에 쩔쩔매본   사람은 알게되지 음 알게되지   그슬픔에 굴하지 않고   비켜서지 않으며   어느결에 반짝이는   꽃눈을 닫고   우렁우렁 잎들을 키우는   사랑이야말로   짙푸른 숲이되고 산이되어   메아리로 남는다는 것을   누가 뭐래도 사람이   꽃보다 아름다워   이 모든 외로움 이겨낸   바로 그사람   누가 뭐래도 그대는   꽃보다 아름다워   노래의 온기를 품고사는   바로 그대 바로 당신   바로 우리 우린 참사랑  누가 뭐래도 사람이   꽃보다 아름다워  노래의 온기를 품고사는  바로 그대 바로 당신  바로 우리 우린 참사랑
1998.08.30~09.05,32,79311,Wedding March,수,Temptation,1998.05,Ballad,,향기로운 그대 손길 느끼며 하루를 시작한다면 잠 못드는 그댈 달래줄 수 있다면 늦은 저녁 돌아오는 그대를 나 기다릴 수 있다면 언제라도 그대 곁에 잠들 수 있다면 어린 아이처럼 사랑스러운 아침이슬 보다 더 맑고 고운 빨간 장미보다 더 아름다운 아 신부 될께요 두근거려요 나의 웨딩마치 때로는 나 애인처럼 때로는 나 친구처럼 그대가 원하는 그 모습 그대로 처음 본 그 순간처럼 그대를 사랑할께요 언제나 날 아껴 주세요 And I'm loving you  따스하게 비친 햇살 아래 많은 사람들의 축복 속에 많은 친구들의 부러움 속에 아 신부 될께요 두근거려요 나의 웨딩마치 때로는 나 애인처럼 때로는 나 친구처럼 그대가 원하는 그 모습 그대로 처음 본 그 순간처럼 그대를 사랑할께요 언제나 날 아껴주세요 And I'm loving you 약속 해줘요 약속 해줘요 언제 까지나 언제 까지나 함께 한다고 함께 해요 And I'm loving you
1998.08.30~09.05,33,1573529,Happy Together,서영은,Softly Whispering `I Love U`,1998.04.01,Ballad,김준선,Baby I love you so much forevermore 내 자유로움이란 것도  그대 안에서 뿐이죠  오늘 밤엔 그대가 왠지 난 사랑스러워요 예전엔 몰랐던 귀여운 웃음이 무척 좋아보여요 내일이면 그대를 또 다시 만날 순 있지만 이 순간을 조금 더 내 곁에 함께 있어줘요 Stay with me tonight Oh please 그대 날 사랑한다면 지금처럼 언제까지 항상 그대 곁에 좋은 여자일 거예요 그대와 함께할 수 있는 세상은 아름다워 내가 그대의 전부라고 한 그 말이 너무나 좋아요 사랑할 땐 누구나 이렇게 행복한가요 언제라도 영원히 내 곁에 함께 있어줘요 Love is all I need 그대 오직 날 사랑한다면 지금처럼 언제까지 항상 그대 곁에 좋은 여자일 거예요 Oh please Stay with me tonight 그대 오직 날 사랑한다면 후회는 없어요 시간이 흘러도 Oh baby
1998.08.30~09.05,34,1184746,사랑해누나,유승준,98 Live Album,1999.05.01,Dance,이승호,나를 미치도록 진한 사랑에 빠지게 했던 그녀는 나보다 더 나이가 훨씬 많아 아니 쬐금 하지만 나는 네 어깨에다 손을 올리곤 했었지 왜냐하면 내가 키가 더 크니까 혹시나 하는 두려움은 모두 떨쳐버려 세상이 만들어 온 기준들은 모두버려 널 아끼고 너를 믿는 가슴속에 내 소중한 사랑이 있다는 걸 절대 잊어서는 안돼 아무리 날 노려 보아도 항상 네 이름을 불러대지 어깨에 내 손을 올릴땐 새침한 그 미소가 너무나 예뻐 그 누구의 시선도 어떤 말도 겁낼 건 없어 그 무엇도 어쩔 수 없는 우리 사랑 있잖아 어리다고 나를 놀리는 너의 친구들이 싫지만 걱정하듯 나를 비웃는 내 친구 두려웠지만 바보처럼 울어선 안돼 언제라도 활짝 웃어줘 내 가슴 속의 사랑은 널 안기에 충분하니까 Forever in a day This love does break my heart and though I need you now I plead my baby I'm just torn apart it's so unfair The way they try so hard to break apart the only two of hearts what is it I can do To break the powers that be thought I love you babe to leave you now would be the only answer I want an answer to please everybody I can't think of one so all comes undone and it's so 넌 웃는게 예뻐 그러니까 웃어줘 언제까지라도 눈물은 없을꺼야 늘 당당해줘 우리 사랑앞에서 두려워 할 것도 흔들릴 것도 없으니까 그게 잘 안되면 아예 나를 오빠라고 불러버려 그것이 너에겐 더 편할지도 모르니까 약속해 줄께 니가 기대 잠들 내 가슴은 언제까지 너만을 기다린다는 걸 아무도 우리의 사랑을 어떻게 할 수는 없을꺼야 언제나 네곁에 있을께 너만의 사랑인 날 잊어선 안돼 다른 연인들보다 힘이들고 어렵겠지만 영원히 널 지켜줄거야 조금만 더 기다려 어리다고 나를 놀리는 너의 친구들이 싫지만 걱정하듯 나를 비웃는 내 친구 두려웠지만 바보처럼 울어선 안돼 언제라도 활짝 웃어줘 내 가슴 속의 사랑은 널 안기에 충분하니까
1998.08.30~09.05,35,78944,1:1,주주클럽,1:1,1998,Rock,주승형,나나나 나나 나나나나 나 나나 나나나 나나 나나나나 나 나나 나나나 나나 나나나나 나 나나 나나 나 오늘 내가 속이 좁았어 나 오늘 니가 어떤 모르는 애와 단 둘이 웃으면서 걷는걸 보고 화가났어 미안 그래서 나 너 연락해도 모른채 무시했어 안 보려했어 하지만 생각하면 친구면 그럴 수 있잖아 나 이제 날 위해 사랑을 할래 할래 나 바라는 것은 없어 없어 나의 모든걸 다 줄래 줄래 모두 다 나를 위해 나나나 나나 나나나나 나 나나 나나나 나나 나나나나 나 나나 나나나 나나 나나나나 나 나나 나나 나 사랑해요 사랑해요 완벽한걸 바랬었나봐 너에게 나도 실수 많이 하면서 너에게 너무 많은 기대를 하고 있었나봐 그럴거야  나 이제 날 위해 사랑을 할래 할래 나 바라는 것은 없어 없어 나의 모든걸 다 줄래 줄래 모두 다 나를 위해 나 이제 날위해 사랑을 할래 할래 나 바라는 것은 없어 없어 나의 모든걸 다 줄래 줄래 모두다 나를 위해 나나나 나나 나나나나 나 나나 나나나 나나 나나나나 나 나나 나나나 나나 나나나나 나 나나 나나 나
1998.08.30~09.05,36,78201,나의 바램이 저하늘 닿기를...,이동건,Time To Fly,1998.11.09,Ballad,원태연,난 기도해요 나를 사랑해 줄 오직 한 사람 그대이길 세상 끝까지 날 사랑할 사람 또 기도해요 그댈 사랑해 줄 오직 한 사람 내가 되길 나의 바램이 저 하늘 닿기를 혹시 욕심이 많다면 다른 행운들을 버릴게 서로의 오직 하나로 남아있는 시간들을 함께 할 수 있다면  늘 기다려요 그대 작은 미소 내게 주기를 아껴줄께 마지막까지 변하지 않도록 혹시 욕심이 많다면 다른 행운들을 버릴게 서로의 오직 하나로 남아있는 시간들을 함께하도록 나의 사랑을 믿어요 기도하는 마음 그대로 영원히 그댈 지킬게 듣고 있겠죠 나를 믿어요 이젠  서로의 오직 하나로 남아있는 시간들을 함께 할 수 있도록
1998.08.30~09.05,37,79372,Take Five,서태지,Seo Tai Ji,1998.07.07,Rock,서태지,내겐 좋은 사람이 많다고 생각해  쉽지 않은건 같은 자리에 있었어  맘속 가득한 진실을 느끼고  더욱 강하게 네안에서 난 믿음을 찾았어  난 이내 소중함을 알았어  할 수 있는 마음 변치않은 모습  그렇게도 난 큰 빛을 얻었어  절망할순 없는 구속받지 않을 삶이라는 것  행복한 너의 모습    빛이라는 건 일어서는 널 가까이 있게    내가 너를 만난건 행운이었어  이젠 너를 통해서 내가 살아가고 있어  맘속 가득한 행복을 느끼고 항상 새롭게  내가 못다한 꿈을 이룬다면 그건 또 다른 나란걸  할 수 있는 마음 변치않는 모습  그렇게도 난 큰 빛을 얻었어  절망할순 없는 구속받지 않을 삶이라는 것  행복한 너의 모습  이 넓은 세상을 느끼는 강한 네 모습    빛이라는 건 일어서는 널 가까이있게
1998.08.30~09.05,38,80415,"널 버리지마 (Feat. 1tym, Perry)",양현석,Yang Hyun Suk,1998.04.06,Rap / Hip-hop,"Perry,송백경,양현석",Who's The Clan With The Master Plan YG Baby YG Baby Ue Who's The Man Comin' At Your Clan the H the Y the U the N Who's The Clan With The Master Plan YG Baby YG Baby Ue Who's The Man Comin' At Your Clan the H the Y the U the N Relax Your Feet Take Heed What We'bout To Do It Get Down Baby To My Sound Baby We Got The Heat We Ain't Ever Gotta Be Discrete We In The 98 eh I Gets Mine 갈라선 부모의 갈등 남몰래 흘려왔었던 눈물 외면속에 묻혀 분노로서 타 올랐었지 네가 헤매었던건  시린 마음 속에 따스함을 찾아서 떠나온 힘겨웠던 너의 미소 애타는 기도 그렇지만 마침 너에게로 다가온 건 또 다른 너로 까맣게 바꿔 줄 거짓뿐 아직도 못다핀 하얀 너의 수줍은 미소 제발 널 버리지마 희망이란 절망과도 같은가 니 몸을 팔아 꿈을 사려했던가 저 시간 끝에 남아 망가질텐가 모두가 목메인 하나가 된 기다림 그 따스함은 남아 있었지 가려진 너의 손짓속에 언제까지 던지는 비웃음을 받아가고 있을텐가 쓰레기 같은 세상속에 널 묻어버릴텐가 아직도 못다핀 하얀 너의 수줍은 미소 제발 널 버리지마 얼마나 원해 더 많이 그 더러운 돈 그 무엇도 너를 대신할 순 없어 찌그러진 거울속에 너를 좀 봐 바로 너야 너야 너 조금만 용기를 내서 네가 머물곳을 찾아나서 YG Baby YG Baby 숨겨진 사랑뒤에 서 있을 필욘 없어 YG Baby YG Baby Ue 아직도 못다핀 하얀 너의 수줍은 미소 제발 널 버리지마 아직도 못다핀 하얀 너의 수줍은 미소 제발 널 버리지마
1998.08.30~09.05,39,78098,Paradise (Rock & Roll Party),포지션,Feel So Good,1998.04.09,Ballad,이승호,Oh Let's go paradise Rock &amp; Roll 크게 틀고서 신나는 음악과 함께 멋진 시간을 열어봐 오  사는게 다 그렇고 그런거라는데 인생은 한번 밖에 없다고 하잖아 걱정하고 고민하는 쓸데없는 그 시간에 황금같은 내 청춘이 한꺼번에 사라지면 너무너무 아깝잖아 Oh Let's go paradise 하늘이 무너진대도 솟아날 구멍있는데 왜 찡그리고 있을까 Oh Let's go paradise Rock &amp; Roll 크게 틀고서 신나는 음악과 함께 멋진 시간을 열어봐 모든 걸 잊고  사는건 그 자체가 고통이라지만 이왕에 이 세상에 태어난 거라면 째째하고 치사하게 남의 눈치 볼 건 없어 가슴 한번 활짝 펴고 당당하고 자신있게 내 인생을 사는거야 Oh Let's go paradise 하늘이 무너진대도 솟아날 구멍있는데 왜 찡그리고 있을까 Oh Let's go paradise Rock &amp; Roll 크게 틀고서 신나는 음악과 함께 멋진 시간을 열어봐 나나나 나나나 나나나나나 나나나 나나나나나 나나나 나나나나나 나나나 Oh Let's go paradise Rock &amp; Roll 크게 틀고서 신나는 음악과 함께 멋진 시간을 열어봐 모든 걸 잊고
1998.08.30~09.05,40,481561,늑대와 함께 춤을,임창정,Lim Chang Jung 4th (늑대와 함께 춤을),1998,Dance,여정윤,너를 처음 본 순간 난 숨이  멎어 버렸었지  하늘은 노랗고 머릿속엔 시계  종소리만 울려  하지만 침착해야지  정신차리지 않으면  안되는 순간이야  서두르면 망쳐버릴테니까  하나둘씩 작전을 실행해 볼까  세상엔 둘도 없는  괜찮은 남자로 보여야 할텐데  dance dance dance  all right  나의 손을 잡아봐  넌 이미 내 손을 잡았으니  나를 벗어날 순 없어  사랑 사랑할거야 너만  좋아할거야  나도 이렇게 만나지다니  사랑에 빠져 버렸어  자석에 끌리듯 어느새  니앞에 멈춰 서 버린 나  내게 눈길조차 안주던  그런 니가 손을 내밀다니  오 이것 참 너는 나란 남자  있는지 없는지 모르는 듯이  관심조차 안주고 있었는데  이 순간을 너무 기다려왔어  내게 틈을 보이면  너를 향해 뛰어갈 이순간만을  dance dance dance all right  나의 손을잡아봐  넌 이미 내 손을 잡았으니  나를 벗어날 순 없어  사랑 사랑할거야 너만  좋아할거야  나도 이렇게 만나지다니  사랑에 빠져 버렸어  dance dance dance all right  나의 손을 잡아봐  넌 이미 내 손을 잡았으니  나를 벗어날 순 없어  사랑 사랑할거야 너만  좋아할거야  나도 이렇게 만나지다니  사랑에 빠져 버렸어
1998.08.30~09.05,41,905851,그대 나를 떠나버린,Plug,Plug,2000.01.01,Dance,이승길,너를 이제 잊어버리겠어 하지만 난 네가 그리워서 미칠것만 같아 난 세상에 아무것도 아닌것도 너없이 난 아무것도 할 수 없어 네겐 아무런 관심없는 척 아무런 미련없이 너를 잊은척 슬픔을 딛고 눈물을 감추고 네가 떠난것이 가슴이 무너져 네가 없는 맨처음으로 나는 돌아가야만하나 너를 사랑했다는 것도 이제는 예전의 추억들로 내맘속에 너를 기다리는 시간조차 내게 다가오는 설레임들 가슴벅찼고 너와 함께 했던 시간만을 간직할께 하지만 모든게 변했잖아 내곁을 떠나버린 너의 지난 흔적들을 다시 널 뒤로한채 모두 떨쳐버리고 애태우며 보내왔던 지쳐버린 너의 생각 이제 난 모두 지워버리겠어  이미 떠나버린 마음 되돌릴수는 없어 맘은 아직 널 향하고 있지만 나를 받아줄 마음들은 없었어 예전부터 그랬던것만 같아 언젠가 너는 후회하게 되겠지 그땐 이미 늦어버렸어 나를 다시 사랑해도 소용없어 예전의 너를 기억하고 싶지않아 네게 많은것을 기대했었던것도 이제는 다 잊어 너를 다시 받아줄 마음의 여유도 예전의 추억들로 내맘속에 너를 기다리는 시간조차 내게 다가오는 설레임들 가슴벅찼고 너와 함께 했던 시간만을 간직할께 하지만 모든게 변했잖아 내곁을 떠나버린 너의 지난 흔적들을 다시 널 뒤로한채 모두 떨쳐버리고 애태우며 보내왔던 지쳐버린 너의 생각 이제 난 모두 지워 버리겠어
1998.08.30~09.05,42,91292,꿈을 찾아서,팬클럽,X라는 아이,1998.05.01,Dance,,난 내가 원했던 또 내가 바랬던  꿈은 어디에 어디에 꿈을 찾아서  내 꿈을 찾아서 떠날거야  누가 뭐래도 그 누가 뭐래도  나의 뜻대로 뜻대로 꺾이지 않아  차라리 부러져 굽힐수는 없어   나의 오늘은 어제와만 같았어 아하  어김없이 흐르는데로 같은 모습이었지  기대 간섭따위 내 어깰 짓눌러도  그냥 운명으로 생각하며 살았지  늘 벽에 갇힌 듯 내 목을 조르고  거역하고 싶은 반란이 움트고 있었어  꼭 주어진 길만이 최선은 아냐  외쳐대는 너 그냥 니가 부러웠어   그냥 그렇게 모나지 않게 살라고  날 강요하지는마  언제라도 다시 서는거야  쉽게 지진않아 난 날 지켜봐줘   난 내가 원했던 또 내가 바랬던  꿈은 어디에 어디에 꿈을 찾아서  내 꿈을 찾아서 떠날거야  누가 뭐래도 그 누가 뭐래도  나의 뜻대로 뜻대로 꺾이지 않아  차라리 부러져 굽힐수는 없어   이제는 나 슬프지 않아  더이상 나 방황하지 않아  어른들의 기대와 간섭들로 예  나의 뜻이 달라질순 없잖아 그래 때론 이런 엇갈림속에서  난 이겨낼수 있다 자신했지  날 가두려 가두려만 할수록 내안의 오기를 더 자극할 뿐일걸   그냥 그렇게 모나지 않게 살라고  날 강요하지는마  언제라도 다시 서는거야  쉽게 지진않아 난 날 지켜봐줘   난 내가 원했던 또 내가 바랬던  꿈은 어디에 어디에 꿈을 찾아서  내 꿈을 찾아서 떠날거야  누가 뭐래도 그 누가 뭐래도  나의 뜻대로 뜻대로 꺾이지 않아  차라리 부러져 굽힐수는 없어   이젠 다 잊어버려 이젠 다 지워버려  그늘에 가려진 지난 어둠의 시간들을  이제 내게 남아있는건  오직 내일만을 생각하는 거야   언제라도 다시 서는거야  쉽게 지진않아 난 날 지켜봐줘   난 내가 원했던 또 내가 바랬던  꿈은 어디에 어디에 꿈을 찾아서  내 꿈을 찾아서 떠날거야  누가 뭐래도 그 누가 뭐래도  나의 뜻대로 뜻대로 꺾이지 않아  차라리 부러져 굽힐수는 없어   내가 원했던 또 내가 바랬던  꿈은 어디에 어디에 꿈을 찾아서  내 꿈을 찾아서 떠날거야  누가 뭐래도 그 누가 뭐래도  나의 뜻대로 뜻대로 꺾이지 않아  차라리 부러져 굽힐수는 없어
1998.08.30~09.05,43,193082,애상,VariousArtists,천애찬미,-,Dance,,
1998.08.30~09.05,44,38793,거꾸로 강을 거슬러 오르는 저 힘찬 연어들처럼,강산에,연어,1998.03,Rock,"강산에,나비",흐르는 강물을 거꾸로 거슬러 오르는 연어들의  도무지 알 수 없는 그들만의 신비한 이유처럼  그 언제서부터인가 걸어 걸어 걸어오는 이 길  앞으로 얼마나 더 많이 가야만 하는지  여러 갈래 길 중 만약에 이 길이 내가 걸어가고 있는  돌아서 갈 수밖에 없는 꼬부라진 길일지라도  딱딱해지는 발바닥 걸어 걸어 걸어 가다보면  저 넓은 꽃밭에 누워서 나 쉴 수 있겠지  여러 갈래 길 중 만약에 이 길이  내가 걸어가고 있는  막막한 어둠으로 별빛조차 없는  길일지라도 포기할 순 없는거야  걸어 걸어 걸어 가다보면  뜨겁게 날 위해 부서진 햇살을 보겠지  그래도 나에겐 너무나도 많은 축복이란 걸 알아  수없이 많은 걸어 가야 할 내 앞길이 있지 않나  그래 다시 가다보면 걸어 걸어 걸어 가다보면  어느날 그 모든 일들을 감사해하겠지  보이지도 않는 끝 지친 어깨 떨구고  한숨짓는 그대 두려워 말아요  거꾸로 강을 거슬러 오르는 저 힘찬 연어들처럼  걸어가다보면 걸어가다보면 걸어가다보면
1998.08.30~09.05,45,38494,희망가,김종서,Seeds,1998.01,Rock,김종서,매일 매일 똑같이 지나가는 세상에 너만이 나에게 산소같은 힘인 걸 종일 걷기만 해도 한 번봤던 영화도 내겐 행복이야 함께 있다면 가끔은 시인처럼 때로는 아이처럼 조금씩 내가 아닌 날 만드는 너 똑같은 하늘아래 수많은 사람중에 너만이 내가 세상을 살아가는 힘  매일 매일 똑같이 지나가는 세상에 너만이 나에게 산소같은 힘인 걸 길을 걷다 가끔씩 놀라운 걸 알게 돼 세상 온통 너와 닮은 사람뿐 가끔은 시인처럼 때로는 아이처럼 조금씩 내가 아닌 날 만드는 너 똑같은 하늘아래 수많은 사람중에 너만이 내가 세상을 살아가는 힘  얼만큼 내 안에 있는지 너는 가끔씩 묻곤 하지 니가 없는 이 세상엔 아마 나 없었을꺼야 가끔은 시인처럼 때로는 아이처럼 조금씩 내가 아닌 날 만드는 너 똑같은 하늘아래 수많은 사람중에 너만이 내가 세상을 살아가는 힘 살아가는 힘
1998.08.30~09.05,46,78630,내가 기다린 사랑,유승준,For Sale,1998.05.01,Dance,이승호,니가 미웠어 날 몰라주는 너또 말도 못해 안달하는 나도 미웠어 난 언제나 널 보면 가슴 시린 설레임 뿐인데 너는 그렇지가 않았어 야속했었어 세상에서 가장 이쁜 널 다 가지고 싶었어 난 그렇게 널 보며 매일매일 가슴만 졸이는 짝 사랑 되어 버렸어 정말 궁금해 날 보는 너의 마음이 그냥 친구처럼 편하게만 느끼는 걸까 너의 눈빛만 보아도 떨리는 나를 이제 더 이상은 감출 수 없어 이런 내맘 알게 된다면 오히려 부담되어 멀어질까 걱정만 앞서 조금만 더 기달려 볼까 너 먼저 사랑으로 다가오기를 하지만 겁이나 힘겨운 기다림 속에 다른 누군가가 너의 사랑 되버릴까봐 너를 영원히 내 곁에 두고 싶지만 사랑 뒤에 이별 그게 두려워 결국 하늘도 무심하지 날 버려 둔 채 넌 다른 남잘 만나 사랑을 했어 그때 널 잊고 돌아서야 했는데 그럴 용기도 없었던 거야 그랬던거야 넌 잔인하게 너의 사랑 얘기를 나에 들려 준거야 널 웃게 했던 사랑 날 울게 했던 이별 난 그걸 모두 참으며 나를 지켰어 너의 몇 번의 이별을 바라 보면서 아직 내 사랑은 모질게도 잘 견뎌왔어 말도 못 한채 상처만 키워 오면서 끝내 너의 자린 비워 둔거야 그 언젠가 비 내리던 밤 넌 내게 찾아 와서 또 이별에 눈물 흘렸지 내 품에서 약속을 했지 나만은 널 버리고 가지 말라고 누구도 다시는 사랑을 하지 못하게 너의 사랑 내게 맡겨 두면 어떻겠냐고 너무 길어진 기다림 후회는 없어 이젠 이별이란 없을 테니까 걱정마 약속해 행복한 사랑 보다는 이별 없는 사랑 그것만은 지킬 테니까 내게 기대봐 화려한 사랑보다는 친구 처럼 편한 휴식을 줄게 왜 그랬는지 왜 기다렸는지 누가 봐도 비난하고 원망 할거야 왜 처음부터 나만의 너를 만들지를 못했냐고 나역시 후회 하지만 그랬었나봐 내가 원한 사랑이란 그때의 니 모습이 아니었나봐 내 한결같은 사랑 네 변치 않을 영혼 니 존재로만 살기를 바랬었나봐
1998.08.30~09.05,47,3091666,이 세상 저 끝에,휴식,휴식,1998,Ballad,유지굉,
1998.08.30~09.05,48,77872,사랑한 후에,신성우,Mauve,1998,Rock,"신성우,이근상",세상을 살아오는 동안에  몇 번의 사랑들을 만나게 되고  때론 결코 원치 않는 이별들도  해야 했었답니다  하지만 당신만은 내 곁에  영원히 두고 싶던 나의 마음은  그저 부질없는 욕심이었나요  아직 알 수 없어요  당신이 떠나가던 그 날에  그저 사랑하는  마음 하나만으로는  지킬 수 없다는 게  세상에 있다는 걸  비로소 깨닫게 되었죠  내가 사랑하는 그대여  내게 어두움이 머물면  환한 미솔 건네주던   당신이 나의 곁에  있었다는 사실만으로  이렇게 웃을 수 있는데  나를 떠나가는 그대여  아쉬운 기억들은  여기 두고 떠나요  당신의 마음 속에  행복만이 가득하기를  이젠 내가 기도 할게요  내가 사랑하는 그대여  내게 어두움이 머물면  환한 미솔 건네주던   당신이 나의 곁에  있었다는 사실만으로  이렇게 웃을 수 있는데  나를 떠나가는 그대여  아쉬운 기억들은  여기 두고 떠나요  당신의 마음속에  행복만이 가득하기를  이젠 내가 기도 할게요
1998.08.30~09.05,49,3104074,정동진1,"정태춘,박은옥",정태춘 박은옥 20년 골든,2002.03.21,Folk,정태춘,텅 빈 대합실 유리창 너머 무지개를 봤지 끝도 없이 밀려오는 파도 그 바다 위 소나기 지나간 정동진 철로 위로 화물 열차도 지나가고 파란 하늘에 일곱 빛깔로 워 아련한 얼굴 가슴 저미는 손짓으로 물보라 너머 꿈결처럼 무지개를 봤지 조각배 하나 넘실대는 먼 바다 위 소나기 지나간 오후 중앙로 철교 아래 그 비를 피하던 내가 파란 하늘에 일곱 빛깔로 워 그리운 것이 저리 멀리 아니 가까이 차마 다시 뒤돌아서 그 쌍무지개를 봤지 텅 빈 객차 달려가는 그 하늘 위
1998.08.30~09.05,50,77733,방황후애(彷徨後愛),변진섭,넌픽션,1998,Ballad,,항상 미안해 고개 떨구던 그대의 눈물 어린 얼굴을 정말 잊을 수는 없을테죠 부족했던 내겐 그냥 화를 내지 그랬나요 서글피 웃어주던 그대를 나는 구속하고 차갑게만 대했었죠 힘들었죠 나를 떠난 그대 정말 걱정했죠 잊으세요 어두웠던 지난 날들 울지마요 이젠 자유롭나요 세상 끝을 봤나요 이제는 돌아와 내 앞에 서 있는 그댈 진정 난 이해해요 나를 용서하나요 사랑할 수 있나요 힘들어 지친 그대 어깰 쉬길 바래요 내 품에 잠들기를  이젠 자유롭나요 세상 끝을 봤나요 이제는 돌아와 내 앞에 서 있는 그댈 진정 난 이해해요 나를 용서하나요 사랑할 수 있나요 힘들어 지친 그대 어깰 쉬길 바래요 내 품에 잠들기를 라리라리 라라라 라라라 라라라 라라 라라라 라라라 라라라 라라 라라 라라라 라라라라
