time,rank,song_id,title,singers,album,date,genre,creator,lyric
1991.03.10~03.16,1,51431,그녀를 만나는 곳 100M 전,이상우,나만의 그대/그녀를 만나는 곳 100M전/그 언젠가처럼,1991,Ballad,노영심,그녀를 만나는 곳 100M 전  저기 보이는 노란 찻집 오늘은 그녈 세번째 만나는 날 마음은 그곳을 달려가고 있지만 가슴이 떨려오네 새로 산 구두가 어색해 자꾸 쇼윈도에 날 비춰봐도 멀쓱한 내 모습이 더 못 마땅한 그녀를 만나는 곳 100m전 장미꽃 한송이를 안겨줄까 무슨말을 어떻게 할까 머리속에 가득한 그녀 모습이 조금씩 내게 다가오는 것 같아 하늘에 구름이 솜사탕이 아닐까 어디 한번 뛰어 올라 볼까 오늘은 그녀에게 고백을 해야지 용기를 내야지  벌써 날 기다리진 않을까 아직 15분이나 남았는데 어제밤에 맞춰 논 내 시계 바늘이 잠든게 아닐까 살살 넘겨빗은 머리가 바람에 날려 흩어지진 않을까 오늘따라 이 길이 더 멀어보이네 그녀를 만나는 곳 100m전 장미꽃 한송이를 안겨줄까 무슨말을 어떻게 할까 머리속에 가득한 그녀 모습이 조금씩 내게 다가오는 것 같아 하늘에 구름이 솜사탕이 아닐까 어디 한번 뛰어 올라 볼까 오늘은 그녀에게 고백을 해야지 용기를 내야지 나나나 나나 나나나나 나나 나나나 나나 나나나나 나나 머리속에 가득한 그녀 모습이 조금씩 내게 다가오는 것 같아 하늘에 구름이 솜사탕이 아닐까 어디 한번 뛰어 올라 볼까 오늘은 그녀에게 고백을 해야지 용기를 내야지 용기를 내야지
1991.03.10~03.16,2,51481,미소 속에 비친 그대,신승훈,미소속에 비친 그대,1991.01.15,Ballad,신승훈,너는 장미보다 아름답진 않지만 그보다 더 진한 향기가 너는 별빛보다 환하지 않지만 그보다 더 따사로와 탁자위에 놓인 너의 사진을 보며 슬픈 목소리로 불러 보지만 아무 말도 없는 그댄 나만을 바라보며 변함없는 미소를 주네 내가 아는 사랑은 그댈 위한 나의 마음 그리고 그대의 미소 내가 아는 이별은 슬픔이라 생각했지 하지만 너무나 슬퍼 나는 울고 싶지 않아 다시 웃고 싶어졌지 그런 미소속에 비친 그대 모습 보면서 다시 울고 싶어지면 나는 그대를 생각하며 지난 추억에 빠져 있네 그대여 내가 아는 사랑은 그댈 위한 나의 마음 그리고 그대의 미소 내가 아는 이별은 슬픔이라 생각했지 하지만 너무나 슬퍼 나는 울고 싶지 않아 다시 웃고 싶어졌지 그런 미소 속에 비친 그대 모습 보면서 다시 울고 싶어지면 나는 그대를 생각하며 지난 추억에 빠져 있네 그대여 울고 싶지 않아 다시 웃고 싶어졌지 그런 미소속에 비친 그대 모습보면서 다시 울고 싶어지면 나는 그대를 생각하며 지난 추억에 빠져 있네 그대여
1991.03.10~03.16,3,1695858,이별의 그늘,윤상,이별의 그늘,1991.09,Ballad,박주연,문득 돌아보면 같은 자리지만 난 아주 먼길을 떠난 듯 했어 만날 순 없었지 한번 어긋난 후 나의 기억에서만 살아있는 먼 그대 난 끝내 익숙해지겠지 그저 쉽게 잊고 사는 걸 또 함께 나눈 모든 것도 그만큼의 허전함일 뿐 덧없이 흘러가는 시간 속에서 어떤 만남을 준비 할까 하지만 기억 해줘 지난 얘기와 이별 후에 비로소 눈 뜬 나의 사랑을 난 끝내 익숙해지겠지 그저 쉽게 잊고 사는 걸 또 함께 나눈 모든 것도 그만큼의 허전함일 뿐 덧없이 흘러가는 시간 속에서 어떤 만남을 준비 할까 하지만 기억 해줘 지난 얘기와 이별 후에 비로소 눈 뜬 나의 사랑을
1991.03.10~03.16,4,1839752,이 밤이 지나도록,푸른하늘,푸른하늘 3집 - 이 밤이 지나도록,1990.11.01,Ballad,유영석,아무말도 난 하지 못했어 놓인 커피잔만 바라보았지 그대 내게 무슨 말 하려 하는지 이미 나는 알고 있다는걸 넌 아니 이렇게 난 될 줄 알았지 하지만 네가 무작정 좋았어 어두워져만 가던 나의 마음에 꿈에 젖은 너의 눈을 담았어 그러나 이제는 우리 서로가 다른 길을 가야 하겠지 작은 기쁨 있어도 괜히 들뜨고 작은 슬픔에도 쓰려하던 넌 어디로 가야만 하는 거니 이밤이 다 지나도록 가야만 하는 거니 너만을 생각해 너의 모습 보고파 꿈에서 만날 수 있는 너의 모습 보고파 밤만을 기다리는데 너는 왜  이제는 우리 서로가 다른 길을 가야 하겠지 작은 기쁨 있어도 괜히 들뜨고 작은 슬픔에도 쓰려하던 넌 어디로 가야만 하는 거니 이밤이 다 지나도록 가야만 하는 거니 너만을 생각해 너의 모습 보고파 꿈에서 만날 수 있는 너의 모습 보고파 밤만을 기다리는데 너는 내곁을 떠나 어느 곳에서 같은 별을 바라보는지 이밤 지나도록 이밤 지나도록 같은 하늘 아래 있는 것으론 남은 그리움 지울 수가 없어 하지만 어쩔 수 없잖아 추억 아름답게 간직할 수밖엔 너의 모습 보고파 이밤이 다 지나도록 너의 모습 보고파 너만을 생각해 너의 모습 보고파 꿈에서 만날수 있는 너의 모습 보고파 밤만을 기다리는데 너의 모습 보고파 이밤이 다 지나도록 너의 모습 보고파 너만을 생각해 너의 모습 보고파 꿈에서 만날수 있는 너의 모습 보고파 밤만을 기다리는데
1991.03.10~03.16,5,1517332,어떤 이별,변진섭,미워서 미워질때,1990.11.24,Ballad,박창학,1.그래 내 모습을 볼 순 없지만  더이상 어쩔 수 없는거야  영원한 꿈을 믿기엔 이젠너무 지쳐버렸지  생각하면 우린 많은 날들을  오히려 서로가 아파했어  가슴속 숨겨진 바램을 알기에는  우린 서로 너무도 어렸어  왜그렇게 내마음을 보이긴 싫었을까  사랑할 수 있는길은 가까운데 있는걸  참지못할 외로움을 알아버린 지금  남겨진건 내모습뿐      2.생각하면 우린 많은 날들을  오히려 서로가 아파했어  가슴속 숨겨진 바램을 알기에는  우린 서로 너무도 어렸어  왜그렇게 내마음을 보이긴 싫었을까  사랑할 수 있는길은 가까운데 있는걸  참지못할 외로움을 알아버린 지금  남겨진건 내모습뿐    왜그렇게 내마음을 보이긴 싫었을까  사랑할 수 있는길은 가까운데 있는걸  참지못할 외로움을 알아버린 지금  남겨진건 내모습뿐    왜그렇게 내마음을~
1991.03.10~03.16,6,531488,기다린 날도 지워질 날도,이승환,B.C 603,1989.10.15,Ballad,오태호,기다린 날도 지워질 날도 다 그대를 위했던 시간인데  이렇게 멀어져만 가는 그댈 느끼며  더 이상 내게 무얼 바라나  수 많은 의미도 필요친 않아  그저 웃는 그대 모습 보고 싶은데  또 언제까지 그대를 그리워해 아무런 말도 못하고  지금 떠난다면 볼 수도 없는데  그대를 사랑한단 그말을 왜 못하나  원하는 그대 앞에서  모아논 시간도 이젠 없는데  기다린 날도 지워질 날도 다 그대를 위했던 시간인걸  이렇게 멀어져만 가는 그댈 떠나나   또 언제까지 그대를 그리워해 아무런 말도 못하고  지금 떠난다면 볼 수도 없는데  그대를 사랑한단 그 말을 왜 못하나  원하는 그대 앞에서  모아논 시간도 이젠 없는데  더 이상 내게 무얼 바라나  수 많은 의미도 필요친 않아  그저 웃는 그대 모습 보고 싶은데
1991.03.10~03.16,7,65728,당신은 어디 있나요,양수경,양수경 골든,1992,Ballad,김범룡,그래요 말을 해 봐요 나는 알고 있어요 어젯 밤에 그 맹세가 무엇을 말 하는지 그래요 떠나갈게요  당신이 원하신다면 한 번 가면 그 뿐이에요 이대로 떠나겠어요 아하 내가 외로울 땐 날 위로 해주던 아 그런 당신은 당신은 어디 있나요 마음대로 왔다가 마음대로 그렇게 그렇게 가시나요 말 해봐요 말 해봐요 사랑이 죄 인가요 그래요 말을 해 봐요 나는 알고 있어요 어젯 밤에 그 맹세가 무엇을 말 하는지 그래요 떠나갈게요  당신이 원하신다면 한 번 가면 그 뿐이에요 이대로 떠나겠어요 아하 내가 외로울 땐 날 위로 해주던 아 그런 당신은 당신은 어디 있나요 마음대로 왔다가 마음대로 그렇게 그렇게 가시나요 말해봐요 말해봐요 사랑이 죄인가요 마음대로 왔다가 마음대로 그렇게 그렇게 가시나요 말 해봐요 말 해봐요 사랑이 죄 인가요
1991.03.10~03.16,8,987812,이제 아침이 왔어요,최성수,최성수 5집 비창,1990,Ballad,노영심,어떻게 살꺼냐고 묻지 말아요 막다른 골목처럼 살지 않아요 아픈 것만으로도 사랑을 했다는 걸 나 이제는 알아요 그대 떠난 뒤 기쁠 때는 친구가 있어도 나의 슬픔엔 혼자 뿐이죠 사람들을 보고 살아야지 이제 아침이 왔어요  어떻게 살꺼냐고 묻지 말아요 사랑만 위해서 살지 않아요 웃어야만 하는데 눈물이 나는걸까 이젠 다시 만나면 우연이겠지 기쁠 때는 친구가 있어도 나의 슬픔엔 혼자 뿐이죠 사람들을 보고 살아야지 이제 아침이 왔어요
1991.03.10~03.16,9,58173,그대가 나에게,이승철,"노을, 그리고 나/Ballerina-Girl",1990.09.01,Ballad,도윤경,나의 어깨를 두드리면서 한없이 먼 길을 가라했지 그길은 너무 먼곳이기에 멍하니 그대 눈만 보았어  그대가 나에게 숨겨왔던 맘 날 위해 떠나보내리라고 나 몰래 흘려 왔었던 눈물 아직도 그댈 울리고 있어 그대가 나에게 말해왔던 얘기 내게는 중요하지 않았어 이렇게 나를 떠나 보내기 위한 얘긴줄 몰랐던 거야 나의 어깨를 두드리면서 한없이 먼 길을 가라했지 그길은 너무 먼곳이기에 멍하니 그대 눈만 보았어  그대가 나에게 말해왔던 얘기 내게는 중요하지 않았어 이렇게 나를 떠나 보내기 위한 얘긴줄 몰랐던 거야 그대가 나에게 숨겨왔던 맘 날 위해 떠나 보내리라고 나 몰래 흘려 왔었던 눈물 아직도 그댈 울리고 있어
1991.03.10~03.16,10,64942,추억의 책장을 넘기면,이선희,추억의 책장을 넘기면,1990.08.20,Ballad,송시현,가물거리는
1991.03.10~03.16,11,3403850,삐에로는 우릴 보고 웃지,김완선,삐에로는 우릴 보고 웃지,1990.12.01,Dance,이승호,빨간 모자를 눌러쓴  난 항상 웃음 간직한 삐에로  파란 웃음 뒤에는 아무도 모르는 눈물 초라한 날보며 웃어도 난 내 모습이 너무 아름다워 모두들 검은 넥타이 아무 말도 못하는 걸 사람들은 모두 춤추며 웃지만 나는 그런 모습 싫어 술 마시며 사랑 찾는 시간 속에 우리는 진실을 잊고 살잖아 난 차라리 웃고 있는 삐에로가 좋아 난 차라리 슬픔 아는 삐에로가 좋아 초라한 날 보며 웃어도 난 내 모습이 너무 아름다워 모두들 검은 넥타이 아무 말도 못하는 걸 사람들은 모두 춤추며 웃지만 나는 그런 모습 싫어 술 마시며 사랑 찾는 시간 속에 우리는 진실을 잊고 살잖아 난 차라리 웃고 있는 삐에로가 좋아 난 차라리 슬픔 아는 삐에로가 좋아 난 차라리 웃고 있는 삐에로가 좋아
1991.03.10~03.16,13,69663,너를 사랑하고도,전유나,너를 사랑하고도/사진속의 그대는,1996.05.01,Ballad,김진룡,너를 사랑하고도 늘 외로운 나는  가눌 수 없는 슬픔에 목이 메이고 어두운 방구석에 꼬마인형처럼  멍한 눈 들어 창 밖을 바라만 보네 너를 처음 보았던 그 느낌 그대로  내 가슴속에 머물길 원했었지만 서로 다른 사랑을 꿈꾸었었기에  난 너의 마음 가까이 갈수 없었네 저 산하 늘 노을은 항상 나의 창에  붉은 입술을 부딪쳐서 검게 멍들고  멀어지는 그대와 나의 슬픈 사랑은  초라한 모습 감추며 돌아서는데  이젠 더이상 슬픔은 없어 너의 마음을 이제 난 알아  사랑했다는 그말 난 싫어  마지막 까지 웃음을 보여줘  저 산하늘 노을은 항상 나의 창에  붉은 입술을 부딪혀서 검게 멍들고  멀어지는 그대와 나의 슬픈 사랑은  초라한 모습 감추며 돌아서는데  이젠 더이상 슬픔은 없어 너의 마음을 이제 난 알아  사랑했다는 그말 난 싫어  마지막 까지 웃음을 보여줘 이젠 더이상 슬픔은 없어 너의 마음을 이제 난 알아  사랑했다는 그말 난 싫어  마지막 까지 웃음을 보여줘
1991.03.10~03.16,14,49933,내사랑 내곁에 (응답하라 1988 삽입곡),김현식,김현식 6집,1991.01.26,Ballad,오태호,나의 모든 사랑이 떠나가는 날이  당신의 그 웃음 뒤에서  함께하는데  철이 없는 욕심에 그 많은 미련에  당신이 있는 건 아닌지  아니겠지요  시간은 멀어 집으로 향해가는데  약속했던 그대만은  올 줄을 모르고  애써 웃음지으며 돌아오는 길은  왜 그리도 낯설고 멀기만 한지 저 여린 가지 사이로  혼자인 날 느낄때  이렇게 아픈 그대 기억이 날까  내 사랑 그대 내 곁에 있어줘  이 세상 하나뿐인 오직 그대만이  힘겨운 날에 너마저 떠나면  비틀거릴 내가 안길 곳은 어디에  저 여린 가지 사이로  혼자인 날 느낄때  이렇게 아픈 그대 기억이 날까  내 사랑 그대 내 곁에 있어줘  이 세상 하나뿐인 오직 그대만이  힘겨운 날에 너마저 떠나면  비틀거릴 내가 안길 곳은 어디에  비틀거릴 내가 안길 곳은 어디에  비틀거릴 내가 안길 곳은 어디에
1991.03.10~03.16,15,608199,몰래한 사랑,김지애,5집,1990,Adult Contemporary,김동원,그대여 이렇게 바람이 서글피 부는 날에는 그대여 이렇게 무화과가 익어가는 날에도 너랑 나랑 둘이서 무화과 그늘에 숨어앉아 지난날을 생각하며 이야기 하고 싶구나 몰래 사랑했던 그 여자 그리고 또 몰래 사랑했던 그 남자 지금은 지금은 어느 하늘 아래서 그 누굴 그 누굴 사랑하고 있을까 그대여 햇살이 영그는 가을날 뚝에 앉아서 그대여 이렇게 여미어진 마음 열고 싶을때는 너랑 나랑 둘이만 들을 수 있는 목소리로 네 눈물을 바라보며 이야기하고 싶구나 몰래 사랑했던 그 여자 그리고 또 몰래 사랑했던 그 남자 지금은 지금은 어느 하늘 아래서 그 누굴 그 누굴 사랑하고 있을까  그대여 이렇게 바람이 서글피 부는 날에는 그대여 이렇게 무화과가 익어가는 날에도 너랑 나랑 둘이서 무화과 그늘에 숨어앉아 지난날을 생각하며 이야기 하고 싶구나 몰래 사랑했던 그 여자 그리고 또 몰래 사랑했던 그 남자 지금은 지금은 어느 하늘 아래서 그 누굴 그 누굴 사랑하고 있을까 몰래 사랑했던 그 여자 그리고 또 몰래 사랑했던 그 남자 지금은 지금은 어느 하늘 아래서 그 누굴 그 누굴 사랑하고 있을까
1991.03.10~03.16,16,33597,모여라,송골매,송골매 9,1990.09.30,Rock,배철수,모여라 모여라 모여라 모여라  학교가기 싫은 사람 공부하기 싫은 사람 모여라 모여라 회사가기 싫은 사람 장사하기 싫은 사람 모여라 모여라 아침부터 놀아보자 저녁까지 놀아보자 그래그래 그래그거 좋겠다 그래그래 그래그거 좋겠다 하루종일 놀아보자 밤새도록 놀아보자 그래그래 그래그거 좋겠다 그거좋겠다 하지만 시간은 정해져있고 우리도 언젠가는 늙어가겠지 흐르는 세월은 잡을  수 없네 너는 바보 나는 바보 모인사람 모두 모두 바보 모여라 모여라 모여라 모여라  모여라 모여라 모여라 모여라 학교가기 싫은 사람 공부하기 싫은 사람 모여라 모여라 회사가기 싫은 사람 장사하기 싫은 사람 모여라 모여라 아침부터 놀아보자 저녁까지 놀아보자 그래그래 그래그거 좋겠다 그래그래 그래그거 좋겠다 하루종일 놀아보자 밤새도록 놀아보자 그래그래 그래그거 좋겠다 그거좋겠다 하지만 시간은 정해져있고 우리도 언젠가는 늙어가겠지 흐르는 세월은 잡을 수 없네 너는 바보 나는 바보 모인사람 모두 모두 바보 모여라 모여라 모여라 모여라 쉿 모였으면 뒤돌아가 하하하
1991.03.10~03.16,17,53591,안녕,신해철,슬픈 표정 하지 말아요,1990.05.01,Rock,신해철,선물가게의 포장지 처럼   예쁘게 꾸민 미소만으로   모두 반할거라 생각해도   그건 단지 착각일 뿐이야   부드러운 손길 달콤한 속삭임   내가 원한 것은   그것만은 아니었지   내가 사랑한건 당신이 아니야   내 환상일 뿐   난 이제 더이상   당신을 원하지 않아   난 이제 더이상   눈물을 흘리긴 싫어  난 이제 더이상  당신을 원하지 않아  난 이제 더이상  거짓을 말할 수 없어  Many guys are always   turning your round   I'm so tired of   their terrible sound   Darling you're so cool to me   and I was a fool for you   You didn't want a flower   you wanted honey   You didn't want a lover  You wanted money  You've been telling a lie   I just wanna say Goodbye   부드러운 손길   달콤한 속삭임   내가 원한 것은   그것만은 아니었지   내가 사랑한건 당신이 아니야   내 환상일 뿐   난 이제 더이상   당신을 원하지 않아   난 이제 더이상   눈물을 흘리긴 싫어   난 이제 더이상   당신을 원하지 않아   난 이제 더이상   거짓을 말할 수 없어  나나나 나나나 나나나 나나나 나나 그건 단지 착각일 뿐이야 예쁘게 꾸민 미소만으로
1991.03.10~03.16,18,53159,넋두리,김현식,넋두리,1990.03,Ballad,김현식,쓸쓸한 거리에 나 홀로 앉아서 바람의 떨리는 소리를 들었지  어디서 왔다가 어디로 가는지 설레이는 이 내 마음이여 꺼질 듯 타오는 거리의 네온을 내 품에 안고서 헤매고 있었지 멀리로 떠나는 내 님의 뒷모습 깨어진 꿈이었나 힘 없는 내 발길에 다가선 님의 모습 인생을 몰랐던 나의 길고 긴 세월 갈 테면 가라지 그렇게 힘이 들면 가다가 지치면 또 일어나겠지  쓸쓸한 거리에 나 홀로 앉아 바람의 떨리는 소리를 들었지 어디서 왔다가 어디로 가는지 설레이는 이 내 마음이여 꺼질 듯 타오는 거리의 네온을 내 품에 안고서 헤매고 있었지 멀리로 떠나는 내 님의 뒷모습 깨어진 꿈이었나 힘 없는 내 발길에 다가선 님의 모습 인생을 몰랐던 나의 길고 긴 세월 갈 테면 가라지 그렇게 힘이 들면 가다가 지치면 또 일어나겠지
1991.03.10~03.16,19,53416,거울도 안보는 여자,태진아,거울도 안보는 여자/그대곁에 잠들고 싶어,1989.07.30,Adult Contemporary,김동주,1. 사랑찾아 헤매도는 쓸쓸한 여자  오늘 밤은 그어디서 외로움을 달래나    2. 이거리를 지날때면 생각이 난다  향기없는 꽃이지만 난 널사랑 하나봐      입가에 머문미소는 내마음 흔들고  수수한 너의 옷차림 나는 좋아  거울도 안보는 여자 거울도 안보는 여자  외로운 여자 오늘밤 나하고 우---- 사랑할꺼나
1991.03.10~03.16,20,51590,거울이 되어,최용준,아마도 그건,1990.12,Rock,도윤경,나를 향해 울어버리는 까닭은 뭔가요 당신의 눈물을 비추는 것은 내게는 커다란 슬픔인 것을 나를 보며 한숨을 짓는 까닭은 뭔가요 당신의 아픔을 비출바에야 이대로 깨어져 버리고 싶소 당신의 미소와 당신의 사랑을 비추리라 난 생각 했는데 당신은 웃음을 지어줄수는 없나요 내마음이 아프잖아요  나를 향해 울어버리는 까닭은 뭔가요 당신의 눈물을 비추는 것은 내게는 커다란 슬픔인 것을 당신의 미소와 당신의 사랑을 비추리라 난 생각했는데 당신은 웃음을 지어줄수는 없나요 내마음이 아프잖아요 나는 영원한 당신만의 거울이 되어
1991.03.10~03.16,21,50313,김성호의 회상,김성호,김성호의 회상,1992.10.01,Ballad,김성호,바람이 몹시 불던 날이었지  그녀는 조그만 손을 흔들고 어색한 미소를 지으면서  너의 눈을 보았지 으흠 하지만 붙잡을 수는 없었어 지금은 후회를 하고 있지만 멀어져가는 뒷모습 보면서  두려움도 느꼈지 으흠 나는 가슴 아팠어   때로는 눈물도 흘렸지 이제는 혼자라고 느낄때  보고싶은 마음 한이 없지만 찢어진 사진 한장 남지 않았네 그녀는 울면서 갔지만  내 맘도 편하지는 않았어 그때는 너무나 어렸었기에  그녀의 소중함을 알지 못했네  그렇게 나쁘진 않았어  그녀와 함께 했던 시간들은 한 두번 원망도 했었지만  좋은 사람이었어 으흠 하지만 꼭 그렇진 않아  너무 내 맘을 아프게 했지 서로 말없이 걷기도 했지만  좋은 기억이었어 으흠 너무 아쉬웠었어   때로는 눈물도 흘렸지 이제는 혼자라고 느낄때  보고싶은 마음 한이 없지만 찢어진 사진 한장 남지 않았네 그녀는 울면서 갔지만  내 맘도 편하지는 않았어 그때는 너무나 어렸었기에  그녀의 소중함을 알지 못했네  때로는 눈물도 흘렸지 이제는 혼자라고 느낄때  보고싶은 마음 한이 없지만 찢어진 사진 한장 남지 않았네 그녀는 울면서 갔지만  내 맘도 편하지는 않았어 그때는 너무나 어렸었기에  그녀의 소중함을 알지 못했네
1991.03.10~03.16,22,55327,계절이 음악처럼 흐를때,권인하,마르지 않을 슬픔이 이내가슴 가득히,1992.12,Ballad,강인원,너의 말없는 눈빛과 거리에 젖어드는 어둠 사랑하면서도 항상 외로워하듯 햇볕 따스해도 늘 추워만 했던 우린 정말 오랜 시간을 함께 했지 계절이 음악처럼 흐르는 동안  네가 떠나버린 그 거리 어디서나 내 가슴은 여미도록 아팠어 두 번 다시 볼 수 없는 너를 생각하며 흐르는 눈물 감출 수 없어  네가 떠나버린 이 거리 어디서나 내 가슴은 여미도록 아팠어 두 번 다시 볼 수 없는 너를 생각하며 흐르는 눈물 감출 수 없어  이미 가버렸어도 항상 곁에 있는 듯 하지만 이젠 안녕 안녕
1991.03.10~03.16,23,51530,Overture/추억속의 재회/마도요,조용필,조용필`90ㆍConcert,1990.11,Ballad,,
1991.03.10~03.16,24,53098,잠깐만,주현미,`90 주현미(周炫美),1990.07,Adult Contemporary,이호섭,잠깐만 잠깐만 그 발길을 다시 멈춰요 이제는 내가 미워 이제는 내가 싫어 간다 간다 아주 가 만날 때 아름다운 사랑보다는 돌아설 때 아름다운 사랑이 되자 잠깐만 잠깐만 그대 나를 이리저리 스쳐가지마 불러도 대답은 깜깜  잠깐만 잠깐만 그 마음을 다시 돌려요 이제는 내가 미워 이제는 내가 싫어 간다 간다 아주 가 만날 때 아름다운 사랑보다는 헤어질 때 아름다운 사랑이 되자 잠깐만 잠깐만 쏟아지는 그 추억을 밟고 가지마 불러도 대답은 깜깜
1991.03.10~03.16,25,83264,텅 빈 거리에서,015B,공일오비,1990,Ballad,정석원,내 곁에 머물러 줘요 말을 했지만 수많은 아픔만을 남긴 채 떠나간 그대를 잊을 수는 없어요 기나긴 세월이 흘러도 싸늘한 밤 바람속에 그대 그리워 수화기를 들어보지만 또 다시 끊어 버리는 여린 가슴을 그대 이제 알 수 있나요 유리창 사이로 비치는 초라한 모습은 오늘도 변함 없지만 오늘은 꼭 듣고만 싶어 그대의 목소리 나에게 다짐을 하며 떨리는 수화기를 들고 너를 사랑해 눈물을 흘리며 말해도 아무도 대답하지 않고 야윈 두손에 외로운 동전 두개 뿐  난 수화기를 들고 너를 사랑해 눈물을 흘리며 말해도 아무도 대답하지 않고 야윈 두손에 외로운 동전 두개 뿐 떨리는 수화기를 들고 너를 사랑해 눈물을 흘리며 말해도 아무도 대답하지 않고 야윈 두손에 외로운 동전 두개 뿐
1991.03.10~03.16,26,986381,멀어지는 그 미소,이주엽,멀어지는 그 미소,1992.07.01,Ballad,김정현,저 멀리 아스라이 노을속의 새는 내 슬픈 추억속에 애써 날아오지만 내 어린 시절에 그대로의 소망은 내 가슴속에 남은 꺼진 촛불처럼 나의 내일은 너의 밝은 미소 하나로 이 세상 모두를 이렇게 힘껏 품을 수 있어 언제나 내 곁에 붙들고 싶은 마음 이지만 그리워 할수록 내게서 멀어지는 그 미소 저 안개 걷히우면 떠오르는 태양도 괴롭고 힘들었던 나의 지난 날속에 돌이켜 생각하면 모든 것이 추억되어 밤 하늘 날아가는 지친 철새처럼 나의 내일은 너의 밝은 미소 하나로 이 세상 모두를 이렇게 힘껏 품을 수 있어 언제나 내 곁에 붙들고 싶은 마음이지만 그리워 할수록 내게서 멀어지는 그 미소  내게서 멀어지는 그 미소
1991.03.10~03.16,27,59428,쉼,하덕규,쉼,1990.09,Folk,,당신의 곁에 있어요 나 먼 여행에서 이제 돌아와  당신의 곁에 있어요 나 오랜 방황 이제 끝내고  찾았어요 사랑 그렇게 아름답게 날 위해 피흘린 참사랑   당신의 품에 있어요 나 어둔꿈에서 이제 깨어나  당신의 품에 있어요 내 오랜 슬픔 이제 끝나고  찾았어요 평화 그렇게 목마르게 찾아 헤메이던 참 평화  찾았어요 사랑 그렇게 아름답게 날위해죽으신 참사랑
1991.03.10~03.16,28,1878281,보고싶은 얼굴,민해경,Jump `90,1990.12.30,Ballad,이주호,내사랑 어디 쯤에 있나  밤은 더 외로워만지고  눈으로 주고받던 말이  손으로 느껴지는데    수없이 많은 밤은 가고  마음은 그대 향해 있어  서글퍼 눈물이 흘러도  보고싶은 얼굴    메마른 가슴 끌어안고  정들은 사람 그리면서  혼자서 지새우는 밤에  보고싶은 사람    내사랑 어디 쯤에 있나  밤은 더 외로워만지고  눈으로 주고 받던 말이  손으로 느껴지는데    수없이 많은 밤은 가고  마음은 그대 향해 있어  서글퍼 눈물이 흘러도  보고싶은 얼굴    메마른 가슴 끌어안고  정들은 사람 그리면서  혼자서 지새우는 밤에  보고싶은 사람    랄라라 라라라라 라라  랄라라 라라라라 라라    혼자서 지새우는 밤에  보고싶은 사람    수없이 많은밤은 가고  마음은 그대향해 있어  서글퍼 눈물이 흘러도  보고싶은 얼굴
1991.03.10~03.16,29,2183426,자꾸 서성이게 돼,박학기,박학기 Vol II,1990.09,Ballad,김현철,언제라도 다시 느낄 수 있다면 그 숨결에 내 가슴은 멈출 것 같아 그대에게 그대에게 그대에게 다시 전할 수 있다면 감출 수 없는 내 가슴은 말하고파 자꾸 서성이게 돼 한번쯤 하는 생각에 나도 몰래 숨길 수 없는 니 생각에 오 자꾸 서성이게 돼  그대에게 그대에게 그대에게 다시 전할 수 있다면 감출 수 없는 내 가슴을 말하고파 자꾸 서성이게 돼 한번쯤 하는 생각에 나도 몰래  오오오오오 자꾸 서성이게 돼 한번쯤 하는 생각에 나도 몰래 숨길 수 없는 니 생각에 오오오오 자꾸 서성이게 돼
1991.03.10~03.16,30,1009195,그 사랑이 울고 있어요,신정숙,강변이야기,1990.06.18,Folk,박건호,지금도 못 잊었다면 거짓이라 말하겠지만 이렇게 당신을 그리워하며 헤매이고 있어요 한적한 그 길목에서 밤 깊은 이 자리에서 우리가 남겨둔 이야기들이 나를 다시 불러요 당신은 행복을 위하여 돌아서야 했나요 내 모든 꿈들은 사라져 갔어도 바람이 불면 저 창문가에서 그 사랑이 울고 있어요 우리가 헤어진 것은 운명인줄 알고 있지만 이 세상 어딘가 당신이 있어 기다림이 있어요  당신은 행복을 위하여 돌아서야 했나요 내 모든 꿈들은 사라져 갔어도 바람이 불면 저 창문가에서 그 사랑이 울고 있어요 우리가 헤어진 것은 운명인줄 알고 있지만 이 세상 어딘가 당신이 있어 기다림이 있어요
1991.03.10~03.16,31,49636,우리의 노래가 이 그늘진 땅에 햇볕 한 줌 될수 있다면,노래마을,우리의 노래가 이 그늘진 땅에 햇볕 한 줌 될 수 있다면,1992.03.01,Folk,백창우,우리의 노래가 이 그늘진 땅에 따뜻한 햇볕 한줌 될 수 있다면 어둠 산천 타오르는 작은 횃불하나 될 수 있다면 우리의 노래가 이 잠든 땅에 북소리처럼 울려 날 수 있다면 침묵 산천 솟구쳐 오를 큰 함성 하나 될 수 있다면 정말 좋겠네 하늘 첫 마을부터 땅끝마을까지 무너진 집터에서 저 공장 뜰까지 아아 사랑의 노래 평화의 노래 큰 강물로 흐를 그날 그날엔 이름 없는 꽃들 다 이름을 얻고 움추린 어깨들 다 펴겠네 닫힌 가슴들 다 열리고 쓰러진 이들 다 일어나 아침을 맞겠네 그날이 오면 그날이 오면 모두 하나될 그날이 오면 얼싸안고 춤을 추겠네 한판 대동의 춤을 추겠네  하늘 첫 마을부터 땅끝마을까지 녹슨 철책선 넘어서 지뢰밭까지 아아 해방의 노래 통일의 노래 큰 눈물로 흐를 그날 그날엔 이름 없는 꽃들 다 이름을 얻고 움추린 어깨들 다 펴겠네 닫힌 가슴들 다 열리고 쓰러진 이들 다 일어나 아침을 맞겠네 그날이 오면 그날이 오면 모두 하나될 그날이 오면 얼싸안고 춤을 추겠네 한판 대동의 춤을 추겠네 한판 대동의 춤을 추겠네
1991.03.10~03.16,32,1878283,바람이 불어오면,민해경,Jump `90,1990.12.30,Ballad,이주호,바람이 불어오면  외로이 걸었네  거니는 발길 따라서  그리움도 함께했네  그대는 지금 어느 곳에  혼자 계실까  나홀로 그리움을 태우다  눈물흘리네  들어보아요 들어보아요  이내우는 울음 소리를  들어보아요 들어보아요  이내우는 울음 소리를  바람이 불어오면  외로이 걸었네  거니는 발길 따라서  그리움도 함께 했네   그대는 지금 어느 곳에  혼자 계실까  나홀로 그리움을 태우다  눈물흘리네  들어보아요 들어보아요  이내우는 울음 소리를 들어보아요 들어보아요  이내우는 울음 소리를  바람이 불어오면  외로이 걸었네  거니는 발길 따라서  그리움도 함께 했네 거니는 발길 따라서  그리움도 함께했네
1991.03.10~03.16,33,53619,휴식같은 친구,김민우,사랑일뿐야,1990.02.10,Ballad,박주연,내 좋은 여자친구는 가끔씩 나를 보면 얘길 해달라 졸라대고는 하지 남자들만의 우정이라는 것이 어떤건지 궁금하다며 말해달라지 그럴땐 난 가만히 혼자서 웃고 있다가 너의 얼굴 떠올라 또한번 웃지  언젠지 난 어둔 밤길을 달려 불이 꺼진 너의 창문을 두드리고는 들어가 네옆에 그냥 누워만 있었지 아무말도 필요없었기 때문이었어 한참후에 일어나 너에게 얘길 했었지 너의 얼굴을 보면 편해진다고 나의 취한 두눈은 기쁘게 웃고 있었지 그런 나를 보면서 너도 웃었지  너는 언제나 나에게 휴식이 되어준 친구였고 또 괴로웠을때면 나에게 해답을 보여줬어 나 한번도 말은 안했지만 너 혹시 알고 있니 너를 자랑스러워 한다는 걸 너는 언제나 나에게 휴식이 되어준 친구였고 또 괴로웠을때면 나에게 해답을 보여줬어 나 한번도 말은 안했지만 너 혹시 알고 있니 너를 자랑스러워 한다는 걸 너는 언제나 나에게 휴식이 되어준 친구였고 또 괴로웠을때면 나에게 해답을 보여줬어 나 한번도 말은 안했지만 너 혹시 알고 있니 너를 자랑스러워 한다는 걸 너는 언제나 나에게 휴식이 되어준 친구였고
1991.03.10~03.16,34,104668,오늘 같은 밤이면,박정운,박정운 Live & Single,1997.12,Ballad,박정운,얼마나 그댈 그리워하는지 몰라 더이상 외로움 난 견딜수 없고 언제나 어두운 밤이 찾아올때면 살며시 그대 이름 부르곤 했어 눈 감으면 그대곁에 있는것 같아 하지만 그대 숨결 느낄 수 없고 무겁게 나를 누르는 이 빈공간은 끝없는 방황으로 나를 이끄네 기나긴 기다림 속에 지쳐도 그대 외롭다고 눈물 짓지마 언제간 그대의 두 손을 잡고서 함께 걸어 갈테야 오늘같은 밤이면 그대를 나에 품에 가득 안고서 멈춰진 시간속에 나 그대와 영원토록 머물고 싶어 눈 감으면 그대곁에 있는것 같아 하지만 그대 숨결 느낄 수 없고 무겁게 나를 누르는 이 빈공간은 끝없는 방황으로 나를 이끄네 기나긴 기다림 속에  지쳐도 그대 외롭다고 눈물 짓지마 그대의 두 손을 잡고서 함께 걸어 갈테야 오늘 같은 밤이면 그대를 나에 품에 가득 안고서 멈춰진 시간속에 나 그대와 영원토록 머물고 싶어  나 그대와 영원토록 영원토록 영원토록 영원토록 영원토록 머물고 싶어
1991.03.10~03.16,35,1017208,만남,노사연,노사연 2집,1989.08.10,Ballad,박신,우리 만남은 우연이 아니야 그것은 우리의 바램이었어 잊기엔 너무한 나의 운명이었기에 바랄 수는 없지만 영원을 태우리 돌아보지 말아 후회하지 말아 아 바보같은 눈물 보이지 말아 사랑해 사랑해 너를 너를 사랑해  돌아보지 마라 후회하지 말아 아 바보같은 눈물 보이지 말아 사랑해 사랑해 너를 너를 사랑해 사랑해 사랑해 너를 너를 사랑해
1991.03.10~03.16,36,194624,여인이여,박남정,열린 음악 7,1995.10.01,Adult Contemporary,송광호,그대 얼굴을 바라보면 자꾸 자꾸 내게 웃음짓는 그대 미소 나는 바라보네 처음 만나던 그때부터 사랑에 사랑에 빠졌나봐 그땐 몰라 어쩔수가 없네 사랑의 달콤한 미소 누가 내게 말해 주는가 나만이 간직한 사랑 그대는 알고 있나 여인이여 여인이여 그대 때문에 나는 여인이여 여인이여 사랑에 빠졌나봐  사랑의 달콤한 미소 누가 내게 말해 주는가 나만이 간직한 사랑 그대는 알고 있나 여인이여 여인이여 그대 때문에 나는 여인이여 여인이여 사랑에 빠졌나봐 여인이여 여인이여 그대 때문에 나는 여인이여 여인이여 사랑에 빠졌나봐
1991.03.10~03.16,37,2960020,날 사랑하지마,송시현,송시현 3,1990,Folk,,
1991.03.10~03.16,38,1104910,내 품에 안기어,봄여름가을겨울,나의 아름다운 노래가 당신의 마음을 깨끗하게 할 수 있다면,1989.10.01,Ballad,김종진,바람 부는 계절에는 창문가에 낙엽이 지난 추억들처럼 흔들리는 마음을 스치고 지나네  비가 오는 날이면 창밖을 바라보며 행여 내님 오실까 우산 아래 얼굴을 그려보네 그 아름다웠던 지난 날 기억 그저 아름다웠던 그리운 추억뿐일까 내가 가면 다시 한번 미소 담뿍 눈에 머금고 내가 가면 다시 한번 반겨 맞아 줄수 있을까 내품에 안기어  비가 오는 날이면 창밖을 바라보며 행여 내님 오실까 우산 아래 얼굴을 그려보네 그 아름다웠던 지난 날 기억 그저 아름다웠던 그리운 추억뿐일까 내가 가면 다시 한번 미소 담뿍 눈에 머금고 내가 가면 다시 한번 반겨 맞아 줄 수 있을까 내품에 안기어 다시 한번 미소 담뿍 눈에 머금고 내가 가면 다시 한번 반겨 맞아 줄 수 있을까 내품에 안기어
1991.03.10~03.16,39,3592472,어느날 문득,유열,골든 베스트,1998.05.28,Ballad,유열,어느날 문득 나는 보았네 내 마음속의 사랑을 오직 친구로 알았던 그녀를 나는 사랑하고 있었네 바람이 불어와 허황한 거리에 나뭇잎만 흩어지던 날 그날 처음 느꼈던 내 속에 숨은 그대 그리움 지난 세월속에 천천히 커져왔던 나의 사랑을 하지만 이미 그대는 다른 사랑에 빠져있다 했지 못다한 나의 고백만 내귓가에서 바람따라 울고 있었지 바람이 불어와 허황한 거리에 나뭇잎만 흩어지던 날 그날 처음 느꼈던 내 속에 숨은 그대 그리움 지난 세월속에 천천히 커져왔던 나의 사랑을 하지만 이미 그대는 다른 사랑에 빠져있다 했지 못다한 나의 고백만 내귓가에서 바람따라 울고 있었지
1991.03.10~03.16,40,1008878,몇미터 앞에 두고,김상배,男,1990.08.10,Adult Contemporary,조동산,사랑했던 그 사람을 몇 미터 앞에다 두고 나는 나는 말 한마디 끝내 붙일 수 없었다 마주 앉은 사람이 누구인지 몰라도 행복해하는 모습을 보고 나는 그냥 돌아설 수밖에 없었다 그 사람을 바로 몇 미터 앞에다 두고  그리웠던 그 사람을 몇 미터 앞에다 두고 하고 싶은 말 한마디 끝내 붙일 수 없었다 마주 앉은 사람이 누구인지 몰라도 행복해하는 웃음소리에 나는 그냥 돌아설 수 밖에 없었다 그 사람을 바로 몇 미터 앞에다 두고 그 사람을 바로 몇 미터 앞에다 두고
1991.03.10~03.16,41,91373,그대 슬픔까지 사랑해,심신,심신 1,1991.08.01,Ballad,이지심,그대 눈물같은 바람이 나의 어깨를 스치면 내 가슴속에 추억들이 하나둘 깨어나 이밤도 외로운 날지켜주네 슬픈 어둠속에 홀로 앉아있는 사람을 그대 사랑하던 기억은 아직 내곁에 있는데 그 시간들은 두번다시 올수가 없겠지 단 한번 그날이 돌아온다면 나는 말할텐데 그대 슬픔까지 사랑해 단 한번 단 한번 만이라도 가슴을 열어 나의 눈물을  너에게 보여줄수 있다면 단한번 내 사랑아 그대 떠난  시간을 돌리고 싶어라 아~~~~~~아~~~  단 한번 단 한번 만이라도 가슴을 열어 나의 눈물을  너에게 보여줄수 있다면 단한번 내 사랑아 그대 떠난  시간을 돌리고 싶어라 아~~~~~~아~~~ 단한번 내 사랑아 그대 떠난  시간을 돌리고 싶어라 아~~~~~~아~~~
1991.03.10~03.16,42,90374,착각,11월,11월,1990,"Rock,Ballad",김효국,봄이 오려면 아직도 멀었는데 꽃이 보고 싶다면 나의 지나친 착각일까 가을이 오려면 아직도 멀었는데 낙엽이 보고 싶다면 나의 지나친 착각일까 기다려야 하지만 꾹 참아야 하지만 난 보고 싶은데 빨리 보고 싶은데 아무리 착각은 자유라지만 아무리 착각은 이유 없다지만 난 너무 심했어 난 너무 심했어 우 나의 지나친 착각이야 우 나의 지나친 착각이야  날이 새려면 아직도 멀었는데 해가 보고 싶다면 나의 지나친 착각일까 어두워지려면 아직도 멀었는데 별이 보고 싶다면 나의 지나친 착각일까 기다려야 하지만 꾹 참아야 하지만 난 보고 싶은데 빨리 보고 싶은데 아무리 착각은 자유라지만 아무리 착각은 이유 없다지만 난 너무 심했어 난 너무 심했어 우 나의 지나친 착각이야 우 나의 지나친 착각이야
1991.03.10~03.16,43,91398,사랑은 기다림으로,이상훈,사랑은 기다림으로/그대,1990,Ballad,이상훈,그대는 웃지만 나는 슬퍼요 이것이 이별인가요 이제는 서서히 잊어야하나 사랑의 아픔인가요 이별은 했어도 우리의 사랑은 아직도 끝나지 않았어요 슬픔의 눈물은 어느새 가슴에 외로히 자리 잡았어요 정말로 너는 떠나야 하나 오 내가슴 애만 태우네 그리운 그대 기다림 으로 오 언제나 기다릴거예요  이별은 했어도 우리의 사랑은 아직도 끝나지 않았어요 슬픔의 눈물은 어느새 가슴에 외로히 자리 잡았어요 정말로 너는 떠나야 하나 오 내가슴 애만 태우네 그리운 그대 기다림 으로 오 언제나 기다릴 거예요 언제나 기다릴 거예요
1991.03.10~03.16,44,3403849,나만의 것,김완선,삐에로는 우릴 보고 웃지,1990.12.01,Ballad,김순곤,그래 처음부터 이 세상에는 나만의 것이 없었던 거야
1991.03.10~03.16,45,61915,이별이란,수와진,수와진 Vol.4,1991.02.10,Ballad,국기형,그 어떤 것도 두려워 하지 않던 그때는 아마도 너와 함께 있었기 때문일거야 오직 너만이 전부였던 사랑한 지난 날이 아득한 꿈결처럼 자꾸 느껴지기만 해 그 어떤 말도 더이상 나에게 남겨놓지 말고 떠나가줘 이제는 너를 감당할 수 없는 초라한 내가 미워져 이별이란 이별이란 그냥 혼자 있게 만드는 아픔 그저 바라볼 수 밖에 마지막 뒷모습 못다한 사랑이 나를 울려도  그 어떤 말도 더이상 나에게 남겨놓지 말고 떠나가줘 이제는 너를 감당할 수 없는 초라한 내가 미워져 이별이란 이별이란 그냥 혼자있게 만드는 아픔 그저 바라볼 수 밖에 마지막 뒷모습 못다한 사랑이 나를 울려도 이별이란 이별이란 그냥 혼자있게 만드는 아픔 그저 바라볼 수 밖에 마지막 뒷모습 못다한 사랑이 나를 울려도
1991.03.10~03.16,46,51510,J에게,이선희,Lee Sun Hee & Montreal Chamber Orchesrtra,1990.11,Ballad,이세건,J 스치는 바람에 J 그대 모습 보이면 난 오늘도 조용히 그댈 그리워 하네 J 지난밤 꿈속에 J 만났던 모습은 내 가슴 속 깊이 여울져 남아있네 J 아름다운 여름날이 멀리 사라졌다해도 J 나의 사랑은 아직도 변함없는데 J 난 너를 못잊어 J 난 너를 사랑해 J 우리가 걸었던 J 추억의 그길을 난 이밤도 쓸쓸히 쓸쓸히 걷고 있네  J 아름다운 여름날이 멀리 사라졌다 해도 J 나의 사랑은 아직도 변함없는데 J 난 너를 못잊어 J 난 너를 사랑해 J 우리가 걸었던 J 추억의 그길을 난 이밤도 쓸쓸히 쓸쓸히 걷고 있네 쓸쓸히 걷고 있네
1991.03.10~03.16,47,1708676,남겨진 시간을 위하여,장혜리,남겨진 시간을 위하여 / 그대 돌아오는 날엔,1990.07.03,Ballad,안진우,나는 이대로 머물고 싶은데 시간은 자꾸만 흘러가고  이제는 어디로 가야하는지 아직은 알수 없어도  저 강물처럼 흘러가는 대로 그냥 살아가야 하는걸까  나에게 남겨진 모든 추억도 흘러가는 시간속에서  잊혀지네 내가 지나온 그 많은 기억속에서 나는 무엇을 찾아 이렇게 헤매고 있나 이젠 내게 남겨진 그 모든 시간속에서 나의 길을 찾아 떠나가야 하나  저 강물처럼 흘러가는대로 그냥 살아가야 하는걸까  나에게 남겨진 모든 추억도 흘러가는 시간속에서  잊혀지네 내가 지나온 그 많은 기억속에서 나는 무엇을 찾아 이렇게 헤매고 있나 이젠 내게 남겨진 그 모든 시간속에서 나의 길을 찾아 떠나가야 하나  지금 내가 지나온 그 많은 기억속에서 나는 무엇을 찾아 이렇게 헤매고 있나 이젠 내게 남겨진 그 모든 시간속에서 나의 길을 찾아 떠나가야 하나
1991.03.10~03.16,48,48926,보라빛 향기,강수지,보라빛 향기,1990.04,Dance,강수지,그대 모습은 보라빛처럼  살며시 다가왔지  예쁜 두 눈에 향기가 어려  잊을 수가 없었네  언제나 우리 웃을 수 있는  아름다운 얘기들을 만들어 가요  외로움이 다가와도  그대 슬퍼 하지마  답답한 내 맘이 더 아파오잖아  길을 걷다 마주치는  많은 사람들 중에  그대 나에게  사랑을 건네준 사람  그대 모습은 보라빛처럼  살며시 다가왔지  예쁜 두 눈에 향기가 어려  잊을 수가 없었네  언제나 우리 웃을 수 있는  아름다운 얘기들을 만들어 가요  외로움이 다가와도  그대 슬퍼 하지마  답답한 내 맘이 더 아파오잖아  길을 걷다 마주치는  많은 사람들 중에  그대 나에게 사랑을 건네준 사람
1991.03.10~03.16,49,664262,찬바람이 불면,김지연,김지연 1집,1990.01.25,Ballad,김성호,찬바람이 불면 내가 떠난줄 아세요 스쳐가는 바람 뒤로 그리움만 남긴 채 낙엽이 지면 내가 떠난 줄 아세요 떨어지는 낙엽 위엔 추억만이 남아 있겠죠 한 때는 내 어린 마음 흔들어 주던 그대의 따뜻한 눈빛이 그렇게도 차가웁게 변해 버린 건 계절이 바뀌는 탓일까요  찬바람이 불면 그댄 외로워 지겠죠 그렇지만 이젠 다시 나를 생각하지 말아요  한때는 내 어린 마음 흔들어 주던 그대의 따뜻한 눈빛이 그렇게도 차가웁게 변해 버린건 계절이 바뀌는 탓일까요  찬바람이 불면 그댄 외로워 지겠죠 그렇지만 이젠 다시 나를 생각하지 말아요 그렇지만 이젠 다시 나를 생각하지 말아요
1991.03.10~03.16,50,52443,로라,변진섭,너에게로 또 다시,1989.10.25,Ballad,지예,세상 누구도 알수 없는 곳에  야윈 얼굴로 떠나간 너  젖은 눈으로 내손 잡으며  모두 잊으라 했지  너의 따뜻한 미소가  자꾸만 눈앞에 아른거려  언제나 내가 없으면  슬퍼진다고 말하던 너  로라 로라  나의 슬픈 로라  나없이 너혼자서  그 얼마나 외롭겠니  로라 로라  나의 사랑 로라  이별없는 곳에서  너를 다시 만날꺼야  로라  너의 따뜻한 미소가 자꾸만 눈앞에 아른거려 언제나 내가 없으면 슬퍼진다고 말하던 너 로라 로라 나의 슬픈 로라 나없이 너혼자서 그 얼마나 외롭겠니 로라 로라 나의 사랑 로라 이별없는 곳에서 너를 다시 만날꺼야 로라
