time,rank,song_id,title,singers,album,date,genre,creator,lyric
1999.04.18~04.24,1,38466,비원(悲願),김민종,인연(因緣),1999.03,Ballad,김민종,뭐가 그리 힘드니  내가 너를 힘들게 하니  그럼 편안히 내곁을 떠나  이해 할 수 없지만   대신 부탁이 있어  부디 행복한 모습으로  나와 마주칠 수 있게 살아야돼  내가 이해하도록  미안하다 생각하지 말아줘  참고있는 나에게 그저  미소만 보이면 돼  안된다고 소리치고 싶지만  소용없는걸   난 알기에 널 보내는거야  더 이상 내가 다가갈수 없게  행복한 모습을 보여줘   널 포기하도록  자신이 없다면 나에게 돌아와도 돼   지금도 널 위해  나는 살아가고 있으니  힘들지만 기다릴게  편히 지내왔었던  지난 시간을 기억하며  난 울것 같아  너를 이해 할 수 없기에   난 너를 잊을 자신 없기에  안된다고 소리치고 싶지만  소용없는 걸  난 알기에 널 보내는거야  더 이상 내가 다가갈수 없게  행복한 모습을 보여줘   널 포기하도록  자신이 없다면 나에게 돌아와도 돼   지금도 널 위해  나는 살아가고 있으니  힘들지만 기다릴게  편히 지내왔었던  지난 시간을 기억하며  편히 지내왔었던 지난 시간을 기억하며
1999.04.18~04.24,2,82070,Love Affair,임창정,Story Of...,1999.03.01,Ballad,양재선,지금쯤 올 때도 됐는데 이제는 잊을 때도 됐는데 내게 올 수 없는 건 그댈  향한 나처럼 어쩔 수 없는지 보고파 눈물이 흘러도 그 얼굴 그토록 그리워도 내가 할 수 있는 건  우두커니 그대를 기다리는 일 자꾸만 흐르는 나의 눈물이 행복한 그댈 힘들게 하나요 우린 단 한번 스쳐가는  인연으로 끝난건가요 사랑은 했었나요 무언가 이유가 있겠죠 무언지 말할 수가 없겠죠 기다리는 나보다 올 수  없는 마음이 더 힘들겠죠 세상에 또 다시 태어났을 땐 엇갈림없이 잘할 수 있겠죠 그 땐 처음 본 그대  모습 기억해서 또 지금처럼 놓치지 않을게요 내 사랑 쉽게만 보였었는지 모두 주기엔 불안했었는지 제발 내게로 돌아오는 길이라면 느낄 수 있게 지치기 전에 나 또 다시 태어났을 땐 엇갈림없이 잘할 수 있겠죠 그 땐 처음 본 그대  모습 기억해서 또 지금처럼 놓치진 않을게요
1999.04.18~04.24,3,38571,되돌아온 이별,김현정,2nd 김현정,1999.02.02,Dance,최규성,내겐 이런일 없을줄 알았어 내 사랑을 얻기위해 나  상처 받는일 너를 만나서 나는 모든걸  다 잃었어 너 이렇게 변하려고 날  사랑한거니 다 말을 해봐 내 앞에 다신 나타나지마 이젠 누구도 믿지 않겠어 우리 이렇게 끝나버리면 모두 얼마나 나를 비웃겠니 난 잊었어 그녈 버릴수  있는 넌 나도 버릴수 있었던 거야 너에 마지막 내가 돼 달란  그말에 나는 너만을 사랑했었는데 네가 말해온 사랑이란게 다 이런거니 변명은 하지마 이건 나 아닌 누구도 이해못해 내 용서를 바라지마 네가 내게준 지금 눈물은 다 너에게로 되돌아 갈꺼야 너를 떠올릴 추억도 없는거야 내 기억에서 사라져줘 난 잊었어 그녈 버릴수 있는 넌 나도 버릴수 있었던 거야 너에 마지막 내가 돼 달란  그말에 나는 너만을 사랑했었는데 네가 말해온 사랑이란게 다 이런거니 변명은 하지마 이건 나 아닌 누구도 이해못해 내 용서를 바라지마 네가 내게준 지금 눈물은 다 너에게로 되돌아 갈꺼야 너를 떠올릴 추억도 없는거야 내 기억에서 사라져줘
1999.04.18~04.24,4,91314,돌아와,클론,Funky Together,1999.03,Dance,김창환,돌아와 나에게 돌아와  돌아와 나에게 모두 내가 잘못했어  더 이상 망설이지 말고  나 이제 네게 자신있게 말할 수 있어  모두 다 내 잘못이야  난 너를 잃기 싫어  별것도 아닌걸 갖고  사소한 말다툼 땜에  난 자존심을 세워  너에게 상처를 줬지  난 너와 다툴때는 감정이 앞서 있었고 너와 헤어진다 해도 괜찮을 줄 알았는데 막상 몇일이 지나도 너는 연락이 없었고 너는 나의 전화조차 받으면 끊어버렸지 나 이젠 네게 바라는 건 없어 예전처럼 그 모습 그대로 돌아와 난 니가 잠시 나를 떠난뒤에야 모든걸 알았어 니가 내 전부란 걸 미안해 내가 속이 좁았어 언제나 참아주던 너에게 홧김에 나도 몰래 이별얘길 했던 지난 내 잘못을 용서해줘 돌아와 나에게 돌아와 돌아와 나에게 모두 내가 잘못했어 더 이상 망설이지 말고 돌아와 나에게 돌아와 돌아와 나에게 돌아와 더 이상 망설이지 말고 난 몹시 취해 너의 집앞을 찾아갔지 불꺼진 너의 창문을 힘없이 난 바라보며 난 돌아서며 혼자 이렇게 말을 했었지 날 용서해 달라고 너에게 심했던 나를 이제와서 생각하면 웃어넘기면 되는 걸 사소한 말다툼까지 내 입장만 우겨댔고 내 입장만 내세워서 너에게 상처를 주고 그때마다 난 바랬지 니가 먼저 사과하길  나 이젠 네게 바라는 건 없어 예전처럼 그 모습 그대로 돌아와 난 니가 잠시 나를 떠난뒤에야 모든걸 알았어 니가 내 전부란 걸 미안해 내가 속이 좁았어 언제나 참아주던 너에게 홧김에 나도 몰래 이별 얘길 했던 지난 내 잘못을 용서해줘 돌아와 나에게 돌아와 돌아와 나에게 모두 내가 잘못했어 더 이상 망설이지 말고 돌아와 나에게 돌아와 돌아와 나에게 돌아와 더 이상 망설이지 말고
1999.04.18~04.24,5,1177976,편지할께요,박정현,A Second Helping,1999.03.01,R&B; / Soul,노영심,꼭 편지 할께요 내일 또 만나지만  돌아온 길엔 언제나 아쉽기만 해  더 정성스럽게 당신을 만나는 길  그대 없이도 그대와 밤새워 얘길해  오늘도 맴돈 아직은 어색한 말  내 가슴속에 접어 논 메아리 같은 너  이젠 조용히 내 맘을 드려요  다시 창가의 짙은 어둠은 친구같죠  길고 긴 시간의 바다를 건너  그대 꿈 속으로  나의 그리움이 닿는 곳까지  꼭 편지 할께요 매일 볼 수 있지만  혼자있을땐 언제나 그대 생각 뿐이죠 더 고운 글씨로 사랑을 만드는 길 소리없이 내 마음을 채우고 싶어요 오늘도 맴돈 아직은 어색한 말 내 가슴속에 접어놓은  메아리 같은 너 이젠 조용히 내 맘을 드려요 다시 창가에 짙은 어둠은 친구같죠 길고긴 시간의 바다를 건너 그대 꿈속으로  나의 그리움이 닿는곳까지 곱게 내맘 접어서  나의 꿈도 날아서 아주 자유롭게 더 깊은 사랑속으로 이젠 조용히 내 맘을 드려요 다시 창가에 짙은 어둠은 친구같죠 길고긴 시간의 바다를건너 그대 꿈속으로  나의 그리움이 닿는곳까지 이젠 외로이 내 맘을 드려요 길고긴 시간의 바다를 건너 그대 꿈으로 나의 그리움이 닿을 때까지  나의 그리움이 닿는곳까지
1999.04.18~04.24,6,83138,니가 진짜로 원하는게 뭐야,Monocrom,Monocrom,1999.05.01,Rock,Crom,사는 대로 사니 가는 대로 사니  그냥 되는 대로 사니  사사 사는 대로 사니  가는 대로 사니  그냥 되는 대로 사니  사사사 사는 대로 사니  가는 대로 사니  그냥 되는 대로 사니  사사 사는 대로 사니  가는 대로 사니  니가 진짜로 원하는게 머야  니가 진짜로 원하는게 머야  니가 진짜로 원하는게 머야  니가 진짜로 진짜로 원하는게  진짜로 진짜로 원하는 게 머야  니가 진짜로 원하는게 머야  니가 진짜로 원하는게 머야  니가 진짜로 진짜로 원하는게  진짜로 진짜로 원하는 게 머야  니가 진짜로 원하는게 머야  머야 머야 머야 머야  니가 진짜로 원하는게 머야  니가 진짜로 원하는게 머야  니가 진짜로 원하는게 머야  니가 진짜로 진짜로 원하는게  진짜로 진짜로 원하는 게 머야  그 나이를 퍼 먹도록  그걸 하나 몰라  그 나이를 퍼 먹도록  그걸 하나 몰라  그 나이를 그 나이를  그 나이를 퍼 먹도록  그걸 하나 몰라  그 나이를 그 나이를  그 나이를 퍼 먹도록  그걸 그걸 하나 하나 몰라  그 나이를 그 나이를  퍼 먹 퍼 먹 퍼 먹도록  그걸 하나 그걸 하나 몰라  이거 아니면 죽음 정말  이거 아니면 끝장 진짜  내 전부를 걸어 보고 싶은 그런  니가 진짜로 원하는게 머야  머야 머야 머야 머야 니가 진짜로 원하는게 머야  니가 진짜로 진짜로 원하는게  진짜로 진짜로 원하는 게 머야  니가 진짜로 원하는게  머야 머야 머야 머야 머야  사는 대로 사니 가는 대로 사니  그냥 되는 대로 사니  사사 사는 대로 사니  가는 대로 사니  그냥 되는 대로 사니  사사사 사는 대로 사니  가는 대로 사니  그냥 되는 대로 사니  사사 사는 대로 사니  가는 대로 사니  그냥 되는 대로 사니  니가 진짜로 원하는게 머야  니가 진짜로 진짜로 원하는게  진짜로 진짜로 원하는 게 머야  니가 진짜로 진짜로 원하는게  진짜로 진짜로 원하는 게 머야  니가 진짜로 진짜로 원하는게  진짜로 진짜로 원하는 게 머야  니가 진짜로 진짜로 원하는게  진짜로 진짜로 원하는 게 머야  그 나이를 퍼 먹도록  그걸 하나 몰라  그 나이를 퍼 먹도록  그걸 하나 몰라  그 나이를 그 나이를  그 나이를 퍼 먹도록  그걸 하나 몰라  그 나이를 그 나이를  그 나이를 퍼 먹도록  그걸 그걸 하나 하나 몰라  그 나이를 그 나이를  퍼 먹 퍼 먹 퍼 먹도록  그걸 하나 그걸 하나 몰라  이거 아니면 죽음 정말  이거 아니면 끝장 진짜  내 전부를 걸어 보고 싶은 그런  니가 진짜로 원하는게 머야  이거 아니면 죽음 정말 니가 진짜로 원하는게 머야  이거 아니면 죽음 정말  이거 아니면 끝장 진짜  내 전부를 걸어 보고 싶은 그런  니가 진짜로 원하는게 머야  이거 아니면 죽음 정말 니가 진짜로 원하는게 머야  니가 진짜로 진짜로 원하는게  진짜로 진짜로 원하는게 머야  니가 진짜로 원하는게 머야  머야 머야 머야 머야  머야 머야 머야 머야
1999.04.18~04.24,7,81788,그대는 모릅니다,이승환,The War In Life,1999.03,Ballad,"이승환,이지은",나 그 이후로 한번도  그대를 못 본 것은  언제나 고개 숙이기 때문 나 그 이후로 그대를  듣지도 않았던 건  귀를 막고 나 알고 있는 그대만  숨겨 놓고 싶어서 떠난 뒤 우리 지워가기를 바랬죠 그러나 세상이 우릴 가만히 두지 않네요 나 그 이후로 다짐한 게 있죠 두번 다시 앞선 걱정으로 당신의 짐이 되지는 않아야만 한다고 나를 보나요 슬퍼 보이진 않나요 당신의 자랑스러운 추억인가요 그거면 돼요 얼마나 내가 그대를 그리워하며 사는지 짐작이라도 할 수가 있을까요 나 사는 모습 안 되어 보이더라도 너무 걱정은 말아요 내 몫이죠 그대만 편안하다면
1999.04.18~04.24,8,37123,기도 (Good),룰라,Six n‘ Six,1999.02,Dance,"이상민,최준영",Roo'Ra deeper lover   live lover live  라라따리 라리라 라라이야  따르리 따르리 따르리  너만을 가만히 조금씩   사랑이 밀려와  꿈을 깨어보니 그댄   어디 간거야  그대를 위하여 사랑을 위하여  이세상에 아름다운 이별을   위하여  늘 날 바라봐 주길 바라던   날 버린 그대는 liar liar 야  늘 널 영원할꺼라 믿었던  널 위한 내 기도 liar liar liar 야  으아 날 떠난 너  잊으려 하려 해도 할 수 없어  돌아와 지켜 기도 드려  My swever ever finger  다시 내게 내게 곁에 돌아올  수 없다면 이리저리 부딪히고   나고 나서 또 부서지길 망가지길  기도드려 with finger on the finger  나는 기도해 in my qvo 너는 puto   되지 않길 기도해 떠나갔던   시간들을 이제 용서해   내 곁으로 오길 이제 애원해  가득히 가득히 가득히  널 위해 모아둔 나의 큰   사랑을 주었어  다시 태어나도 그댈 찾아갈거야  그대를 위하여 사랑을 위하여  이 세상에 아름다운  이별을 위하여 늘 날 바라봐 주길 바라던  날 버린 그대는 liar liar 야 늘 널 영원할꺼라 믿었던  널 위한 내 기도 liar liar liar 야 I belong to you 그대와의  사랑을 바래 I belong to you 영원한  재회를 위해 Roo'Ra deeper lover  live lover live  날 버린 그대는 liar liar 야 Roo'Ra deeper lover  live lover live  널 위한 내 기도 liar liar liar 야
1999.04.18~04.24,9,81876,태권 V,지누션,제2탄 / 태권 V,1999.03,Rap / Hip-hop,,일어나라 일어나라  힘을 내라 어서  RIGHT IN THE 9 WE GOTTA SHINE  눈을 떠라 눈을 떠라 OPEN WIDE 잃어버린 네 자존심을 다시 되찾아와 YOU SAY YOU FEELIN ME YOU SAY I HOLD THE KEY WELL IT'S TIME FOR ALL TO SEE 멈출 순 없다 멋대로 변해버린 꿈과 뛰는 그들에게 뒤쳐진 우리들의 미래는 이제는 누가 지킬까 네 거저 먹었던 생각을 토해내 멈춰 버렸던 진실이 살아나 거짓된 모든 걸 이제 버려 다 바꿔 내가 아주 어릴 때 널 처음 보았을 때 강한 너의 모습에 언제나 뿌듯했네 하지만 이젠 내게 그런 마음은 없어 할 말도 전혀 없어 그저 고개만 숙이네 적을 잘 알지 못하면 넌 패배고 남 인정 안하면 넌 뒤쳐질 뿐이고 적을 잘 알지 못하면 JS GONNA PUT IT ALL TO REST 잘난척 하며는 넌 망가질 뿐이고 두 팔을 뻗어 지킨 어제 너무 가려서도 안될 지금에 남의 걸 갖다 베끼는 주제에 왜 떠드는 거야 왜 따라잡는 다는 것이 또 따라간다는 말이 되었고 살아 버틸 힘마저 끝에 달아 퇴색하고 지쳤어 지금 힘들지 내겐 너무나도 벅찬 일이지 아직도 너의 못 미친 생각이 발목을 붙잡지 똑같은 사람들 속에 니가 서 있잖아 지금이지 WAIT WAIT 빨리 WAIT COME ON COME ON COME ON I SAY COME ON 적을 잘 알지 못하면 넌 패배고 남 인정 안하면 넌 뒤쳐질 뿐이고 적을 잘 알지 못하면 JS GONNA PUT IT ALL TO REST JS GONNA PUT IT ALL TO REST 너를 찾고 싶나 아직 제자린가 어둠을 거둬봐 이제 눈을 떠봐 아직 얼마나 가야 할 길이 멀었나 따라 가지마 그냥 이 순간 나의 노랠 깨달아 적을 잘 알지 못하면 넌 패배고 남 인정 안하면 넌 뒤쳐질 뿐이고 적을 잘 알지 못하면 JS GONNA PUT IT ALL TO REST 잘난 척 하면은 넌 망가질 뿐이고 적을 잘 알지 못하면 JS GONNA PUT IT ALL TO REST 잘난 척 하면은 넌 망가질 뿐이고
1999.04.18~04.24,10,489870,열정,유승준,You Seung Jun Best & J Duet Collection,2001.09.01,Dance,이현도,이제 나 내가 말하는 건   아주 커다란   내 가슴깊이 온통을   그렇게 자리한   너라는 내곁에 있는   날 바라보는   너에 대한 이야기야   나의 목소리야   널 향해 나는 소원해   그렇게 나는 원해 난 너를 원해   그렇게 나는 너 없인 난 어두워진   그런 시간 속에 헤메일 뿐   더 이상을 참지 못해   너를 향해 끝없이 소리쳐 부르는   내 가슴 깊은 사랑 노래   내 마음속에 하나하나 새겨지는   너라는 이름안에 그 모든 것   어떤 모습이라고 해도   너와 함께라면 나는 기쁠수 있어   이제 너의 그 마음을 내게 열어줘   이 세상에 나의 너보다   소중한 것이란건 내게   있을 수 없어   널 사랑해 너의 모든걸   나 영원토록 끝을 알수 없도록   끝을 알 수 없도록  끝나가는 이세기를   사람들은 말하지   사랑만으로 힘들지 다   세상은 얘기하지   하지만 난 변하지 그렇지   않을테니   내게는 바보들의 이야기는   상관없지   세상 마지막도 우리를   바꿀 수 없어   누구도 아무도 절대로  막을 수 없어  어떤 그 무엇도 널 대신 할 수가  없어 알수 있어  너를 향해 여전히 멈출수가 없는  내 가슴 깊은 곳의 사랑 노래  어떤 모습이라 해도  너와 함께라면 행복할 수가 있어  너만이 내 전부니까 나를 믿어줘  이 세상에 나의 너보다  소중한 것이란건 내게  있을 수 없어  널 사랑해 너의 모든걸  나 영원토록 끝을 알수 없도록  살아가며 겪어왔던  너의 슬픈 이별 얘기들  이젠 없어 마지막  사랑일테니까  이 세상에 나의 너보다  소중한 것이란건 내게  있을 수 없어  널 사랑해 너의 모든걸  나 영원토록 끝을 알수 없도록  이세상에 I MIGHT TRY TO BE  WITH YOU  IN ALL THE WAY  AND I CAN'T HELP THINKING  ABOUT YOU EVERYDAY  CAUSE I LOVE YOU AND  I NEED YOU CAN I BE  WITH YOU  WHAT CAN I DO TO MAKE  US TRUE  널 사랑해 I AM GOING TO MAKE IT  RIGHT  WE ARE GOING TO KEEP IT TIGHT  LET'S MAKE IT LAST ALL NIGHT  LIKE JODECI COME AND  TALK TO ME  CAN YOU BE THE ONE FOR ME 이 세상에 나의 너보다  소중한것 이란건 내게  있을 수 없어  널 사랑해 너의 모든걸  나 영원토록 끝을 알수 없도록
1999.04.18~04.24,11,1722260,사랑보다 깊은 상처,임재범,비상,1997.07,Ballad,최원석,오랫동안 기다려 왔어 내가 원한 너였기에 슬픔을 감추며 널 보내줬었지 날 속여 가면서 잡고 싶었는지 몰라 너의 눈물 속의 내 모습 아직까지 남아있어 추억을 버리긴 너무나 아쉬워 난 너를 기억해  이젠 말할게 내 오랜 기다림 너 떠나고 너의 미소 볼수 없지만 항상 기억할게 너의 그모든걸 사랑 보다 깊은 상처만 준 난 이젠 깨달았어 후회하고 있다는 걸 이젠 모두 떠나갔지만 나에게 넌 남아있어 추억을 감춘채 넌 울고 있었어 난 이젠 너에게 아무런 말도 할 수 없어 그런 넌 용서할지 몰라 부족했던 내모습을 넌 나를 지키며 항상 위로했었지 난 그런 너에게 이젠 이렇게 아픔만 남겼어 너 떠나고 너의 미소 볼수 없지만 항상 기억할게 너의 그 모든 걸 사랑 보다 깊은 상처만 준 난 이젠 깨달았어 후회하고 있다는걸 나는 상상했었지 나의 곁에 있는 널 이젠 모든 나의 꿈들을 너에게 줄게 너 떠나고 너의 미소 볼수 없지만 항상 기억할게 너의 그 모든걸 사랑보다 깊은 상처만 준 난 이젠 깨달았어 후회하고 있다는걸
1999.04.18~04.24,12,611573,오직 너뿐인 나를…,이승철,6집 1999 & Live Best,1999.03.21,Ballad,이승철,아직도 널 잊지 못해  이유 없는 울음 삼키고  애써 기다린 그대 지우려하네  어두웠던 지난 겨울비 내린 그날 밤  이젠 잊은듯한 눈길이 다가와  사랑해 너무 사랑했었어  널 위해 살아온 날 잊진 말아줘  널 보며 너를 기다려 오며  너만을 그리워한  오직 너뿐인 나를 기억해줘  그렇게 지나온 시간속에  넌 아마 날 잊어버린채  애써 행복한 듯한 눈빛을 보이지  울어도 괜찮아 내게로 와  너를 위해 남겨진 내 품안으로  아직 난 널 사랑해  사랑해 너무 사랑했었어  널 위해 살아온 날 잊진 말아줘  널 보며 너를 기다려오며  너만을 그리워한  오직 너뿐인 나를 기억해줘  어느날 난 너 떠난 오랜후에  이별의 아픔을 홀로된 느낌을  마르지않는 슬픔을 사랑해 너무 사랑했었어  널 위해 살아온 날 잊진 말아줘  널 보며 너를 기다려오며  너만을 그리워 한  오직 너뿐인 나를 오직 너뿐인 나를 오직 너뿐인 나를 기억해줘 기억해줘
1999.04.18~04.24,13,33075,난 널 원해,드렁큰타이거,Year Of The Tiger,1999.02.02,Rap / Hip-hop,김진표,Tiger is in the presence   bam bam   Upon the raggae is bam bam   Tiger is in the pregence   bam bam   Upon the raggae is bam bam   낯이 익지도 않았지만   같이 마치   달콤한 연인같이 하나되는   우릴봤지   너를 원해 이 말 전해   나를 너무도 원하는   너만의 눈빛이   내눈에 정말 너무 훤해   나는 너무 절대로 허무 하지도   가지도 않게   할 수도 있어 이제는 마음의   눈을 감아   아마 너무나 큰 감격에   그런 기쁨에   그래 나는 너무나 행복해   Scent of your presence   was true   essence of your beauty   Complexion luminescent   be like   blinding twenty twenty   From the git go couldn't   let go   You had my hearty mad   looney tooney   From the full moon to the   crescent   Reminiscing about your booty   Feeling blue indeed like   the time   You didn't do me When   I'm alone   I'm in a love Jones   Baby boo   I'm truly yours Like honey   dip from   Gothem You let me in for a   pleasure   Voulezvous couchez   avec moi   Now you drop your draws uh  나는 널 원해 사랑해 허니  너와 함께한 시간 모두  기억해 나는 너의 모든걸  나만이 느끼는 사랑  Tiger is in the presence  bam bam  Upon the raggae is bam bam  Tiger is in the pregence  bam bam  Upon the raggae is bam bam  Tiger is in the presence  bam bam  Upon the raggae is bam bam  Tiger is in the pregence  bam bam  Upon the raggae is  bam bam  낯이 익지도 않았지만  같이 마치  달콤한 연인같이 하나되는  우릴봤지  너를 원해 이 말 전해  나를 너무도 원하는  너만의 눈빛이  내눈에 정말 너무 훤해  이젠 눈감겨 저 달도 나를 반겨  내품에 안겨 너를 맡겨  그리고 말해보아  터질 것 같은 충동을 느껴  이게 오아 또아 나를 도와  지금의 나는 너무 좋아  사랑하는 허니 그거 아니  내 마음 아니  너만의 생각으로 가득차  있다는걸 너는 아니  무엇이 그렇게 다 내 모습 어디가  네 맘에 그렇게 나 모두가  맘에 안드나  나는 너무 절대로 허무하지도  가지도 않게 할수도 있어  이제는 마음의 눈을 감아  아마 너무나 큰 감격에  그런 기쁨에 그래 나는  너무나 만족해  Tiger is in the presence  bam bam  Upon the raggae is bam bam  Tiger is in the pregence  bam bam  Upon the raggae is bam bam  Tiger is in the presence  bam bam  Upon the raggae is bam bam  Tiger is in the pregence  bam bam  Upon the raggae is bam bam  Drunken Drunken Drunken Tiger  Drunken Drunken Drunken Tiger  나는 널 원해 사랑해 허니  너와 함께한 시간 모두  기억해 나는 너의 모든걸  나만이 느끼는 사랑  Tiger is in the presence  bam bam  Upon the raggae is bam bam  Tiger is in the pregence  bam bam  Upon the raggae is bam bam  Tiger is in the presence  bam bam  Upon the raggae is bam bam  Tiger is in the pregence  bam bam  Upon the raggae is bam bam
1999.04.18~04.24,14,32845,달려라 자전거,델리스파이스,Welcome To The Delihouse,1999.02,Rock,윤준호,그대와 첨 만났지  반짝이는 쇼윈도 해맑은 여름  어느날 나른한 오후였어  너의 모습은 화려하지는 않아도  웬지 모를 끌리는 그 느낌이  그대가 전해준  기분 좋은 이 피곤은  지친 나를 오히려 깨워줘  매일 매일 스쳐 지나던  우리 동네 골목길 너와 함께라면  신기하게 전혀 새로운 걸  야윈 어깨 젖은 눈길   그래 너라면 모든 걸 잊을 수 있어  귀여운 그 모습에 함께 할거야  내리기는 정말 싫어  그대가 전해준  기분 좋은 이 피곤은  지친 나를 오히려 깨워줘  매일 매일 스쳐 지나던  우리 동네 골목길 너와 함께라면  신기하게 전혀 새로운 걸  야윈 어깨 젖은 눈길  그래 너라면 모든 걸 잊을 수 있어  귀여운 그 모습에 난 흐뭇해져  영원히 함께 할거야  야윈 어깨 젖은 눈길  그래 너라면 모든 걸 잊을 수 있어  망설일 필요 없어 달려갈거야  내리기는  야윈 어깨 젖은 눈길  그래 너라면 모든 걸 잊을 수 있어 귀여운 그 모습에 함께 할거야 내리기는 정말 싫어
1999.04.18~04.24,15,1786621,비애,조pd(ZoPD),In Stardom,1999.01,Rap / Hip-hop,조pd(ZoPD),이렇게 비참한 나는 너를 떠나 보낸다 이렇게 비참해 지는 나는 너를 보낸다 이렇게 비참해 지는 나를 떠나버리면서 아쉬운 거짓말은 내게 하지도 말아라 이렇게 부숴지는 나 너는 알 수 없겠지 이렇게 부숴지는 나 너는 상관 없겠지 이렇게 비참해지는 너의 날이 오리란 걸 지금 너는 조금도 걱정하지는 않겠지 깊은 어둠 속에 홀로 버려진 채 죽어가는 날 깨워 주던 너 이렇게 쉽게 끝날 줄 몰랐어 넌 갔어 우리 모든 건 물거품 됐어 운명의 시간이 왔어 운이 없었어 모든게 허술했어 막 됐어 여태껏 그랬듯이 우린 운이 없었어 그래서 너는 갔나봐 운이 없는 이 인생 포기했나봐 날 버려 뒀나봐 넌 날 잊었나 봐 이제껏 같이 했던 난 소용 없나봐 그래서 넌 갔나봐 끝이 아니길 바라는 건 내 바램일 뿐 눈앞에 있는 현실은 될 수 없다는 걸 알아 니가 없는 이세상이 난 무서워 그리도 무정하게 혼자 떠나야 했니 나를 이렇게 떠나버리면 이제 뭐가 남았나 이렇게 끝나버리는 것을 내가 믿었나 이렇게 헤어진 우리 이제 어디서 어떻게 다시 보게 되려나 또 다시 보게 되려나 이렇게 한토막 짧은 기억 속에만 남아 이렇게 설레던 내 맘 속에 자리만 잡아 이렇게 볼 수도 없는 처지가 되버린 나는 이제 어디로 갈 곳이 나를 위해 남았나 깊은 어둠 속에 홀로 버려진 채 죽어가는 날 깨워 주던 너 하늘 높이 타는 찌르는 불꽃같은 용기도 함께면 세상 무엇도 부럽지 않은 사랑도 내 삶의 힘이 됐던 한결같은 마음도 하늘의 운명 앞에선 힘없이 쓰러진다 해도 끝이 아니길 바라는 건 내 바램일 뿐 눈앞에 있는 현실은 될 수 없다는 걸 알아 니가 없는 이세상이 난 무서워 그리도 무정 하게 혼자 떠나야 했니 끝이 아니길 바라는 건 내 바램일 뿐
1999.04.18~04.24,16,80474,투혼(鬪魂) (The Spirit Of Fighter),H.O.T.,H.O.T 3,1998.09.01,Dance,문희준,깊이 간직해 아픔만 더해   이제와 어떻게 해도 소용없어   그렇게 믿고 사랑했던  나를 버려두고   다른 남자와 또 다시  검은 속을 묻고   너는 아주 멀리 떠나  가여운 표정 짓지 말고  가식에 또한 증오를 더해  거리에 쓰레기보다 너는 더해  다시는 보고싶지 않을 뿐이야   날 떠나간 그대를 왜 그리워해   하지만 나에겐 그녀뿐인 걸   사랑한 마음도 모두 끝난 거야   다신 널 찾지 않을거야   너에겐 기회란 없어   그렇게 낀 먹구름 같이   마치 그 치사한 놈들과 같이   발버둥 쳐도 갈곳은 없어   Drop it now Drop it now   어디 끝까지 내게서 달아나   나를 벗어나려 해도 잊어버려도   너의 뒤에선 언제나 내가 널   날 떠나간 그대를 왜 그리워해   하지만 나에겐 그녀뿐인 걸   사랑한 마음도 모두 끝난 거야   다신 널 찾지 않을거야   아직도 미련이 남아있나   왜 헤어지지 못하나   무엇을 바라는가   이렇게 너에게 말을 했어   모두가 거짓이야 다만 나는   너무나 사랑한 너를 다시는   볼 수 없다는 생각에   어떻게든 날 떠난 너를  다른 품에서 되찾고 싶었고 난  분노의 사랑을 노래했지만   떠나가 버렸어   깊이 간직할 수 밖에 없어  모두가 그녈 잊어버리라고  하지만 떠났어 끝났어  해서 잊을수가 없어  처참해지는가 하  이렇게 끝이난건가  다시는 돌아갈수 없는건가  이래도 되는 일은 하나도 없어  이젠 니 곁을 떠나가야 되겠어  날 떠나간 그대를 왜 그리워해   하지만 나에겐 그녀뿐인 걸   사랑한 마음도 모두 끝난 거야   다신 널 찾지 않을거야   나 아닌 다른 사람이 사랑해도   너와의 사랑을 상처뿐인 걸   언제나 너만을 그리워하면서   나처럼 후회할 테니깐  나 아닌 다른 사람이 사랑해도  너와의 사랑을 상처뿐인 걸  언제나 너만을 그리워하면서  나처럼 후회할 테니깐
1999.04.18~04.24,17,91636,연정/폼생폼사/기사도,젝스키스,Live Concert,1999.03,Dance,,와 버렸어  두려웠던 날이 와버렸어  내게 머물던 그대 마음이  나 아닌 다른 사람에게  이제 완전하게 나를 떠나버렸어  내가 줬던 반지 다시 돌려주며  그런 눈물 글썽  슬퍼하는 척 해도 날 울리지마  이제 다신 속지 않아  너의 사랑스런  그 눈빛을 감아 버려  뭐라고 말 좀 해봐요  되돌릴 수는 없겠죠  이런 날 올 줄 알았어  그래도 가슴 무너지네요  날 사랑한 예쁜 입술로  이젠 잊으라고 말을 하시나요  아픈 가슴 참아도  눈물이 자꾸만 흘러요 HOO  다시는 나를 생각하지 말아요  내가 보고 싶어도 HOO  날 버린 그대 사랑하지 않을래  나 지금은 울고 있지만  기다릴께요  내가 필요하다면  언제라도 돌아와 HOO  영원히 나를 잊어버린다 해도  그대 부디 행복하세요  Hey 잊지 말아요 나를  Hey 우리가 함께 한 그 많은 시간  Hey 혹시 힘들어지면  Hey 우리의 추억 걱정하지 마요  눈물로 키워 갈테니  나 폼에 살고 죽고  폼 때문에 살고 폼 때문에 죽고  나 폼 하나에 죽고살고  사나이가 가는 오 그 길에 길에  나 눈물따윈 없어 못써 폼생폼사야  사나이 가는 길에 기죽진 마라  없어도 자존심만 지키며  눈물 따위 내겐 없을꺼야  가슴을 활짝 펴고  잘난 그녀 나를 떠난단 말에  하늘이 무너질것 같아도  남자답게 그녈 보내줬지  기가 막혀 홧김에 군대갈까 했지만 머리깎기 싫어서 다시 생각 고쳤지 날 떠나든 말든 뭘해도 상관은 없지만 머리 빡빡 깎는건 난 견딜 수 없어 그저 안녕이라 말하고 쓰린 눈물을 삼키며 예 그녈두고 돌아섰던 마지막 뒷 모습 내가 봐도 멋있었어 폼에 살고 폼에 죽는 나인데 이제와 구차하게 붙잡을 순 없잖아 맨 몸으로 부딪쳤던 내 삶에 그까짓 이별쯤은 괜찮아 쓸데없는 미련따윈 버리고 사나이 큰 가슴을 활짝 펴고 살꺼야 폼 하나로 버텨왔던 나인데 그까짓 이별쯤은 괜찮아 나 폼에 살고 죽고 폼 때문에 살고 폼 때문에 죽고 나 폼 하나에 죽고살고 사나이가 가는 오 그 길에 길에 나 눈물따윈 없어 못써 폼생폼사야 HERE WE COME IT'S 젝키 HERE WE COME IT'S 젝키 HERE WE COME IT'S 젝키 난 네게 달려가 HERE WE COME IT'S 젝키 HERE WE COME IT'S 젝키 HERE WE COME IT'S 젝키 난 너를 지켜 난 긴 시간이 가도 긴 그리움 속에 내 사랑만은 변한 게 없어 오로지 자나깨나 내 사랑 너의 행복을 더 빌었어 우연히 들은 네 소식 내 기대완 달리 슬픔에 빠져 있는 너 가슴이 무너져 내려 널 구하러 가겠어 내겐 널 위한 일이면 떠나가도 괜찮아 너 없는 고통도 이길꺼야 나 아닌 딴 사람 사랑해도 괜찮아 나만은 한 사람 너 뿐이야 영원히 네게 달려갈게 걱정 마 너를 구할게 나 이제 칼을 뽑았어 나의 사랑 울리는 건 못 봐 참을 수 없어 하늘 두고 맹세 해 너의 상처 받은 영혼 구해내겠어 네 눈에 눈물은 참지 못해 날 조금만 기다려 줘 나의 목숨보다 귀한 사람 널 다시 찾을 거야 내겐 이것도 저것도 내세울 건 없지만 다신 널 보내지 않을 거야 후 가진 것 줄 것도 순정 밖엔 없지만 내 여잘 울리진 않을 거야 이젠 나를봐 믿어봐 내게 한 번 기대봐 더 이상 슬픔은 없을 거야 그래 두고봐 걸어봐 너를 한 번 맡겨봐 내 사랑 행복을 지킬거야 영원히 HERE WE COME IT'S 젝키 HERE WE COME IT'S 젝키 HERE WE COME IT'S 젝키 난 네게 달려가 HERE WE COME IT'S 젝키 HERE WE COME IT'S 젝키 HERE WE COME IT'S 젝키 난 너를 지켜
1999.04.18~04.24,18,83410,거짓말 같은 시간,김연우,A Night In Seoul,1999.01,Ballad,유희열,믿을 수가 없어 우리 끝난거니  널 제일 잘 안다고 생각했는데 지금 넌  낯선 눈빛과 몸짓들 처음 내게 보이네   한다고 했는데 많이 부족했나봐  하긴 그랬겠지 불확실한 내 미래는  네겐 벅찬 일이었겠지   바보같은 꿈을 꿨어 우리만의 집을 짓는 꿈을  너의 미소 널 기다리며 서성대던 공간과  그때 내 머리위에 쏟아지던 햇살  그 하나까지도 잊지 않을께 영원히 기억해   무슨 말을 할까 널 보내는 지금  애써 난 웃지만 사실 난 겁내고 있어  다신 널 볼 수 없기에   바보같은 꿈을 꿨어 우리만의 집을 짓는 꿈을  너의 미소 널 기다리며 서성대던 공간과  그때 내 머리위에 쏟아지던 햇살  그 하나까지도 잊지 않을께 영원히   부끄러운 눈물 흘러 어서 빨리 떠나가  초라한 날 보기전에  냉정한척 해준 니 고마운 마음  나 충분히 알아   어서 가 마지막 돌아서는  떨리는 너의 어깨 안쓰러 볼 수 없어  많이 힘들었겠지  니 어른스러운 결정 말없이 따를께   너의 미소 널 기다리며 서성대던 공간과  그때 내 머리위에 쏟아지던 햇살  그 하나까지도 잊지 않을께 영원히 -
1999.04.18~04.24,19,83190,만남,KYT(코요태),코요태 I,1999.01.13,Dance,김진만,우리 이제 지난 일들  모두 잊어버려요 원치 않던 만남으로  가득했던 그런 날들 우리 이제 지금은 같이  노래 불러요 그렇게 그리던 당신과  만난 이날을 잊어도 되는 지워도 되는  추억일랑 생각지 말아요 당신과 만난 이 날이 행복함으로 흘러 흘러 시간 속에 묻혀진대도  얼굴 맞댄 이대로 살 수만 있다면 죽어서도 행복한 비둘기 처럼 그냥 지금 이대로 멈춰 서요 Gimme the mic yo as  I go through make a way for goo and  watch what I do microphone check 10G  double 0 funky free style solo show  wit the flow now put yo hands in the a yo and wave it like you just don’t  kay yo if you’re down wit the sound  of G double 0 let me hear you say hell yeah 우리 이제 지난 일들 모두  잊어버려요 원치 않던 만남으로 가득했던  그런 날들 우리 이제 지금은   같이노래 불러요 그렇게 그리던 당신과  만난 이날을 잊어도 되는 지워도 되는  추억일랑 생각지 말아요 당신과 만난 이 날이 행복함으로 흘러 흘러 시간 속에 묻혀진대도 얼굴 맞댄 이대로 살 수만 있다면 죽어서도 행복한 비둘기 처럼 그냥 지금 이대로 멈춰서 흘러 흘러 시간 속에 묻혀진대도  얼굴 맞댄 이대로 살 수만 있다면 죽어서도 행복한 비둘기 처럼 그냥 지금 이대로 멈춰 서요
1999.04.18~04.24,20,91308,관찰,god,Chapter 1,1999.01,Dance,박진영,so fine divine uaagh I wish I could make her mine Caresse finesse uaagh MY mine is a such a mess so fine divine uaagh I wish I could make her mine Caresse finesse uaagh MY mine is a such a mess 저기와 그녀가 와 매일 아침 여기서 그녀는 버스 타 나는 봐 그녀를 봐 아름다운 모습에 그만 넋을 놔 내가 타는 버스를 그녀도 타 말하자면 우린 같은 버슬 타 버스가 오면 그녀가 먼저 타 그녀가 좋아하는 뒷자리로 가 그러면 나는 자연스럽게 가지 그리고 몰래 그녀를 관찰하지 아름답게 빗어 내린 머리 거기서 나는 음 상쾌한 향기 그녀의 미소만큼이나 상쾌하지 언제나 같은 샴푸를 쓰나보지 하하하하 귀엽기도 하지 나의 이 마음을 어떻게 하지 그녀만 보면 내 가슴은 아 내 곁에만 오면 또 또 뛰어 뛰어 그녀만 보면 내 머리는 아 내 곁에만 오면 너무 어지러워 그녀는 어딜 갈까 어떤 남자를 만날까 그녀의 맘 속엔 누가 들어 있나 그게 나일 순 없을까 so fine divine uaagh I wish I could make her mine Caresse finesse uaagh MY mine is a such a mess so fine divine uaagh I wish I could make her mine Caresse finesse uaagh MY mine is a such a mess 말을 걸어볼까 한 번 그래볼까 그녀도 이제 나를 알지 않을까 아니야 그러다 괜히 망칠지도 몰라 괜히 그녈 멀어지게 만들지도 몰라 조금씩 조금씩 자연스럽게 그녀의 주위에서 그녀의 눈에 띄게 어차피 날마다 만나는데 그녀도 조만간에 나를 알게될텐데 서두를 필요없지 암 그렇지 기회는 얼마든지 있다 이거지 생각해야지 생각해 봐야지 어떤 방법이 좋을까 반지 아니야 아니야 부담스럽지 왜 이렇게 머리가 안 돌아가지 사랑에 빠지면 이런가 보지 나의 이 마음을 어떻게 하지 그녀만 보면 내 가슴은 아 내 곁에만 오면 또 또 뛰어 뛰어 그녀만 보면 내 머리는 아 내 곁에만 오면 너무 어지러워 그녀는 어딜 갈까 어떤 남자를 만날까 그녀의 맘 속엔 누가 들어 있나 그게 나일 순 없을까 온다 온다 온다 그녀가 온다 뛴다 뛴다 뛴다 가슴이 뛴다 온다 온다 내게로 다가온다 돈다 돈다 머리가 어지럽다 그녀는 어딜 갈까 어떤 남자를 만날까 그녀의 맘 속엔 누가 들어 있나 그게 나일 순 없을까 so fine divine uaagh I wish I could make her mine Caresse finesse uaagh MY mine is a such a mess so fine divine uaagh I wish I could make her mine Caresse finesse uaagh MY mine is a such a mess
1999.04.18~04.24,21,1076845,내가 있을께,조,Jo,1998.12,Ballad,지예,웃어본적 없는 그런 눈으로  그 어떤 아픔에 힘겨웠는지  널 안아주고 싶어  울고 싶어지면 눈물을 보여  그러다 지치면 힘들게 했던  그걸 용서해  너를 느낄때마다  나를 보는 것 같았어  아직 남아있는 아름다움을  찾질 못하는 오~  날 만나기 위해 외롭던 널 지켜줄꺼야  여린 너의 마음 다치게 했던  그 시간만큼 널 지켜줄께  오- 이별없는 그 곳엔 내가 있을께  너를 느낄때마다  나를 보는 것 같았어  아직 남아있는 아름다움을 찾질 못하는  오- 날 만나기 위해  외롭던 널 지켜줄꺼야  여린 너의 마음 다치게 했던  그 시간만큼 널 지켜줄께  날 만나기 위해 외롭던 널 지켜줄꺼야  작은 너의 몸짓 하나까지도  늘 처음처럼 널 바라볼께  오- 이별없는 그 곳에 내가 있을께
1999.04.18~04.24,22,33281,It`s You,더더(THETHE),The One & The Other,1998.11,Rock,강현민,이제 어떡해야 해 자꾸 난 자신이 없어져 너의 빈 자린 내게 아무것도 할 수 없게 해 이제 난 무얼해야 해 온통 함께 지낸 기억뿐인데 쉽진 않겠지 하지만 달라져야 해 정말 널 잊을꺼야 Is it you oh It's you 모두 가져가버려  날 힘들게 하는 너의 향기까지 It's you oh It's you 다시 태어날꺼야 너를 모르던 그 때처럼 이제 난 어딜가야해 온통 너와 같이 갔던 곳 뿐야 제발 날 도와줘 꿈 속에서라도 더는 내게 다가 오지마 Is it you oh It's you 모두 없어져버려 날 슬프게 하는 너의 추억까지 It's you oh It's you 다시 태어날꺼야 너를 모르던 그 때처럼 매일 잊겠다고 다짐해도 언제나 그 때 뿐이죠 우린 왜 이렇게 힘든 길을 걸어야만 하는 거죠 Is it you oh It's you 모두 가져가버려 날 힘들게 하는 너의 향기까지 It's you oh It's you 다시 태어날꺼야 너를 모르던 그 때처럼 Is it you oh It's you 모두 없어져 버려 날 슬프게 하는 너의 추억까지 It's you oh It's you 다시 태어날꺼야 너를 모르던 그 때처럼
1999.04.18~04.24,23,1816950,불멸의 사랑,조성모,To Heaven,1998.09.06,Ballad,양정승,나 가진것 없지만 널 사랑했다는 이유로 저 다른세상 힘에 겨워도 후회하진 않을거야 내 아름다운 사랑 너 슬퍼도 울진 말아줘 너 네게 줄 수 있는 사랑을 이젠 모두다 이뤘으니 영원히 널 사랑해 괜찮아 내 모든걸 준대도 나 이 세상을 살아도 너 없이는 힘이 들어 남아있는 내 삶을 널 위해 바칠게 넌 어려워마 그리고 행복하게 살아줘 넌 몰랐을거야 나의 존재도 어서 자유를 찾아서 멀리 떠나가줘 그렇게 서 있지마 늦기전에 뒤돌아 볼 것도 없이 날 잊어줘 영원히 널 사랑해 괜찮아 내 모든걸 준대도 나 이 세상을 살아도 너 없이는 힘이들어 남아있는 내 삶을 널 위해 바칠게 넌 어려워마 그리고 행복하게 살아줘 행복하게 살아줘
1999.04.18~04.24,24,4383670,배웅,윤종신,Just Piano,2014.01.03,Ballad,내가좋아하는윤종신작사작곡노래모음집gpgpdg좋아요총건,머나먼 길 떠나는 사람처럼  마치 배웅 나온것처럼  다시 돌아올 것 같은  그대 사라질때 까지 보네  한번만 더 안아보고 싶었지  내 가슴이 익숙한 그대  안녕이라 하지않은 이유  그댄 알고있나요  아무것도 바꾸지 않겠어요  모든것을 지금 그대로  갑자기 그대 돌아온대도  전혀 낯설지 않도록  언제 어디라도 내겐 좋아요  혹시 나를 찾아준다면  내가 지쳐 변하지않기를  내 자신에게 부탁해  이렇게해야 견딜수있을거야  영영 떠나갔다 믿으면  내가 포기해야 하는 남은 날들이  너무 막막해  아무것도 바꾸지 않겠어요  모든것을 지금 그대로  갑자기 그대 돌아온대도  전혀 낯설지 않도록  언제 어디라도 내겐 좋아요  혹시 나를 찾아준다면  내가 지쳐 변하지않기를  내 자신에게 부탁해  아무도 날 말리지않을거예요  잊지 못할걸 알기에  그냥 기다리며 살아가도록  내 내 꿈꾸듯살도록  그대 혹시 다른사람  만나면 내가 알수없게해주길  그대 행복 빌어주는  나의 처량한 모습 두려워
1999.04.18~04.24,25,80952,뭘 위한 세상인가,원타임,One Time For Your Mind,1998.11,Rap / Hip-hop,송백경,모두 망쳤어 모두 뺏겼어 다 모두 잠들어야만 했었어 과학이란 눈부심에  멀어진 너의 두 눈속에 비참한 그 상처만 이제껏 남게 돼버렸어  고철앞에서 모든 삶을 네가 살아갈 필요 없었지 나는 노예 같은 것 T E DOUBLE D Y 비참한 인간의 욕심들과 넌 무엇이든지 만들어 냈지 너를 대신할 수 있는 사람까지도 UH 애초에 뭘 위한 세상인가 언제나 생각하면 위험하다 멋대로 왔지 끝이 왔지 바로 인제가 무너질 테지 애초에 뭘 위한 세상인가 언제나 생각하면 위험하다 멋대로 왔지 끝이 왔지 바로 인제가 무너질 테지 그리 무엇을 더 많이 원하나 시퍼런 미친 너의 손짓으로 뭣하나 넌 또 마구  빼앗아 대고 하지만 그건 또 모두를  죽여가고 어리석은 자들의 막힌 세상이 나를 만들고 박힌 틀 속에 정해졌어 차가운 유리병엔 지금도 나와 똑같은 얼굴이 여기저기 언젠가 넌 그런식으로 했었지 더 멀리 네가 버린 양심이 검은색 빛으로 모두 변했지 그것이 나를 죽였지 그랬지 애초에 뭘 위한 세상인가 언제나 생각하면 위험하다 멋대로 왔지 끝이 왔지 바로 인제가 무너질테지 애초에 뭘 위한 세상인가 언제나 생각하면 위험하다 멋대로 왔지 끝이 왔지 바로 인제가 무너질 테지 우리가 살아온 공간은 변했어 언제나 받기만 원했어 모두에게 오직 인간만을 위했던 그 현실인가 왜 좀더 멀리 생각하지 못했나 아무런 되갚음 없이 배신하고 있다 지금이 마지막이란 시간이다 이젠 무너지는 걸 막아낼 수 없는 걸 깨달았어 너무 늦었어 Uh 애초에 뭘 위한 세상인가 언제나 생각하면 위험하다 멋대로 왔지 끝이 왔지 바로 인제가 무너질 테지 애초에 뭘 위한 세상인가 언제나 생각하면 위험하다 멋대로 왔지 끝이 왔지 바로 인제가 무너질 테지 애초에 뭘 위한 세상인가 언제나 생각하면 위험하다 멋대로 왔지 끝이 왔지 바로 인제가 무너질 테지 애초에 뭘 위한 세상인가 언제나 생각하면 위험하다 멋대로 왔지 끝이 왔지 바로 인제가 무너질 테지
1999.04.18~04.24,26,66554,미절 (Misery),쿨(COOL),Cool 4.5,1999.01,Dance,이승호,누가 좀 나를 도와 주세요   제발 한번만 날 살려주세요   이러다가 정말로   제 명에 죽지 못할것 같아요   내가 어디있는지 내가 무엇을   하고있든지   나의 여자친구는 어떻게 알고   귀신같이 나타나   보고싶어 그랬어 너를 너무   사랑하니까   함께 있고 싶은데 그런 적이  없잖아  착각하지 좀마  우린 그냥 사귀는 친구일  뿐이잖아  물론 친구보다 조금은 더  특별한 사인건 인정해  사랑이라는 건  소유할 수 없는데 왜 나를 괴롭혀  괴로워 하는 니가 더  오히려 이상해  미저리 미저리 무서워  내 청춘을 돌리도 내 미래를  뚫어줘요  전생에 무슨죄로 이렇게  너를 만나  고생바가지야 오리아리 알라리  알라리요 조금만 나와 연락 안돼도   발칵 세상이 난리가 나지요  우리집의 가족들  내 친구 모두 그녀가 통화해  너무한다 싶어서  한번 이렇게 또 물어보았죠  뭐가 되고 싶냐고  그녀의 대답 나의 그림자래요  알고 있어 니맘을  이런 내가 귀찮아지는 걸  하지만 어쩔 수 없어  너를 버릴 순 없어  싹뚝 끊어버려  가위처럼 어긋난 우리의  인연들을  싹뚝 끊어버려  우리 처음 만났던 시간을 모두 다  자유 그것까진  바라지도 않을게 잠만 좀 재워줘  그러지 말고 모든걸 업보라  생각해  도와줘요 살려줘요  사는게 사는게 아니예요   그녀 괴롭힘에  친구들도 이제는 연락조차  안해요  정말 이리저리  뛰어봤자 그녀의 손바닥 안인걸  언젠가 알게 될거야  힘든 내 사랑을
1999.04.18~04.24,27,75070,너를 사랑해,S.E.S.,S.E.S. 2,1998.11,Dance,최수정,너를 사랑해 나의 마음이 Oh  너를 생각할 수록   나는 행복해 다른 누구도   난 부럽지 않아   맑은 유리창으로 햇살이   나를 반기는 이 느낌   믿을 수가 없어져 oh yeah   너무도   내게 소중함을 느낄수   있도록 해준 너   긴 밤이 오래될 수록 아침이   더디올 수록   그리워 우리 둘이 영원히 함께   같은 공간 속에 아픔이 많더라도   괜찮아 yeah   너를 사랑해 나의 마음이 oh   너를 생각할수록   나는 행복해 다른 누구도   난 부럽지 않아   Beautiful day 이제껏   느껴보지 못한 저 가슴속 깊은   곳에서 두근대는 내 심장을   느껴 너무나 아름다운 햇살과   내 마음속에 따뜻함을 준   너 아름다운 너의 모습   바라볼때면 언제나 너 보며   살아가고 싶고   나 너무나 잘 아는 그런   너와 있을때면 평생을 너와   함께 지내고 싶어   오렌지의 향기로 살며시   미소지을 땐 너의 웃음이   모든 걸 다 잊게해 oh   yeah 사랑해   지금 기적보다 놀라운   날들이 온거야   나에겐 지금 너보다 너에겐   지금 나보다   소중한 다른 사람 없다면 함께   영원히 같은 집에 서로 얼굴을   보며 살아가 yeah   너를 사랑해 나의 마음이   oh 너를 생각할수록   나는 행복해 다른 누구도   난 부럽지 않아   가슴을 적시는 아름다운   음악속에 흐르는 저 시원한   빗방울처럼 넌 언제나 내게   그런 힘이 돼주고는 하지   마음이 불편하고 기분이   허전할때 넌  내 마음 저 깊은 구석   시원하게 해주네 그런   너는 나에게   누구보다 그 어느 누구보다   소중해 그런 너와 영원히   함께살고 싶어   너를 사랑해 나의 마음이 oh   너를 생각할수록   나는 행복해 다른 누구도   난 부럽지 않아   너와나 행복한 시간만 남은거야  가끔가다 우리 싸울때도  있겠지만  우리 언제나 즐거울 수 있을 거야  서로를 사랑하고 있으니 yeah
1999.04.18~04.24,28,81176,Missing You,이현우,Both Sides Of The Story,1998.11,Ballad,이현우,길을 걸었어 유난히도 오늘은 별이 아름답구나 기다려 주는 사람은 없었지만 나는 그냥 걸었어 나를 지나치는 많은 연인들 다시 만나고 또 헤어지고 서로 사랑을 하고 아픔을 또 주겠지 따스한 너의 체온이 그리워져 돌아와줘 어두운 거리를 홀로 헤매긴 싫어 돌아와줘 너를 떠나보내고 이젠 알게 되었어 너를 사랑해 바람이 차가와지는 이 거리에서 너의 모습이 자꾸 떠올라 네가 남겨주던 그 메세지가 오늘 밤에는 더욱 더욱 그리워 돌아와줘 어두운 거리를 홀로 헤매긴 싫어 돌아와줘 너를 떠나보내고 이젠 알게 되었어 너를 사랑해 And I missing you And I love for you I never let you go 돌아와줘 어두운 거리를 홀로 헤매긴 싫어 돌아와줘 너를 떠나보내고 이젠 알게 되었어 돌아와줘 어두운 거리를 홀로 헤매긴 싫어 돌아와줘 너를 떠나보내고 이젠 알게 되었어 너를 사랑해
1999.04.18~04.24,29,80392,내 남은 사랑을 위해,홍경민,Free Throw Ⅱ Shot,1998.09.01,Rock,이승호,우 우  내앞에 네가 와 있다는 걸 이미 알고 있지만 어차피 널 볼 수 없어서 널 모른척 하는 날 이해해야해 이럴때 나의 곁에 누군가  사랑인 척 있으면 이젠 날 다 잊은 줄 알고 날 다시는 찾지 않을텐데 아직도 혼자인 나를 보면서 넌 또 얼마나 울런지 너를 위해 아무리 감추려해도 널 생각하면 눈물이 나 안돼 안돼  왜 떠나지 못해 내곁에 있어도 너를 볼 수 없는데  안돼 안돼  날 다신 찾지마 내 남은 사랑을 보면 뭐해 넌 이미 떠난걸 괜찮아 널 잃은 슬픈 절망도 그리 길지 않을거야 세월가면 그 많은 추억조차도 지워질테니 편히 떠나 안돼 안돼  더 힘만 들잖아 한번만이라도 보고 싶은 내 맘이  안돼 안돼  다 소용없잖아 다 잊어버리고 그냥 떠나 안돼 안돼  날 다신 찾지마 내 남은 사랑을 보면 뭐해 넌 이미 떠난걸
1999.04.18~04.24,31,81343,영원으로,장혜진,Dream,1998.12.07,Ballad,박충민,아무 걱정하지 말라고 내게  거짓말들로 위로하려 했어  니가 나를 다른 이유로 피하려  하는 줄로만 착각했는데  널 보낼수 없는 날  하얀 숨결로 나를 안아줘  짧은 방황의 끝 침묵의 시간이 흐른뒤 네게 갈 준비가 됐어 이젠 제발 다시 날 데려가줘 잠시 하늘 아래 홀로 남겨질 나를 텅빈 너의 방 한구석에 놓인 바래진 사진첩 외면하려 해도 터질것 같은 너의 그리움들 이젠 그대의 영원속으로 문을 열고 들어 올거라는 서툰 기대로 밤을 지샜지 널 그렇게 그리며 바랜 사진의 나의 입맞춤 떨려 오는 손길 침묵의 시간이 흐른뒤 네게 갈 준비가 됐어 이젠 제발 다시 날 데려가 줘 잠시 하늘 아래 홀로 남겨질 나를 텅빈 너의 방 한구석에 놓인 바래진 사진첩 외면하려 해도 터질것 같은 너의 그리움들 이젠 그대의 영원속으로
1999.04.18~04.24,32,1877126,사랑을 위하여,김종환,사랑을 위하여,1997.06.13,Adult Contemporary,김종환,이른 아침에 잠에서 깨어 너를 바라볼 수 있다면 물안개 피는 강가에 서서 작은 미소로 너를 부르리 하루를 살아도 행복할 수 있다면 나는 그 길을 택하고 싶다 세상이 우리를 힘들게 하여도 우리들은 변하지 않아 너를 사랑하기에 저 하늘 끝에 마지막 남은 진실 하나로 오래 두어도 진정 변하지 않는 사랑으로 남게 해주오 내가 아플 때보다 네가 아파할 때가 내 가슴을 철들게 했고 너의 사랑 앞에 나는 옷을 벗었다 거짓의 옷을 벗어버렸다 너를 사랑하기에 저 하늘 끝에 마지막 남은 진실하나로 오래 두어도 진정 변하지 않는 사랑으로 남게 해주오 너를 사랑하기에 저 하늘 끝에 마지막 남은 진실 하나로 오래 두어도 진정 변하지 않는 사랑으로 남게 해주오 사랑으로 남게 해주오
1999.04.18~04.24,33,84736,Lying,샵,The S#arp,1998.11.12,Dance,백종열,오 오 가져가 가져가봐 니가 준 나의 모든걸 오 오 웃지마 웃기지마 난 네게 다시 가지 않아 와줘 봐줘 맞혀줘 내게 좀더 다가와줘 너와 다투고 돌아오는 길이 지겨 지겨 지겨워 기지개를 펴 뒤를 보면 온세상이 너를 아는 나를 아는 사람들 이런 스파이같은 너의 친구들도 지겨워 이유없이 보는 그대로만 얘기하는 것들 너의 귀로 흘러 들어가 혼돈스러운 장면으로 피키피키 돌아가는 필름 도대체 나를 뭘로 보고 이러는거야 날 항상 바보로 보는거야 니깟게 뭘 안다고 내게 이러는거야 싫어 웃기지도 않는거야 짜증내도 참아 화를 내도 참아 너라면 그랬어 이젠 나도 싫어 두 번다신 싫어 니가 준 모든걸 가져가 사랑만해도 나는 하루가 모자라 너를 미워할 시간이 없어 이젠 내게 하루하루가 바쁠걸 너를 지워버릴테니까 오 오 가져가 가져가봐 니가 준 나의 모든걸 오 오 웃지마 웃기지마 난 네게 다시 가지 않아 오 처절하게 나 무너져 버려 슬퍼 나에게서 슬픈 기억 추억 지워버려 외로워 나 눈물 슬픔 나 모두가 다 너와 함께 한 날 나의 마음속에 후회를 지금도 너를 사랑해 휴 내게 남은 내겐 그대하나 휴 내게 남은 내겐 그대하나 휴 내게 남은 내겐 그대하나 휴 내게 남은 내겐 그대하나 지금부터 약 이년전에도 포기않고 계속 만나왔어 홀로 남을뻔 했어 WOW 우리 사랑은 영원한데 너는 어떻게 그렇게 변할 수가 있어 so so 리듬과 그대와 함께 춤을 그대를 속이며 바르게 다가가는 나의 품위 We got the rhythm and it's poundin body's soul to the floor once more driving all them suckas heading for the door damn sure comin at sa like a magnuym fourty four with my planetary rhymin timin ready for my war to the show 인것 처럼 우리는 그들을 속이지 않아 comin sharp justified we the SHARPS 하루가 이리길 줄 난 정말 몰랐지 니가 없는 하루가 이럴줄 그날 밤 너를 보내고 난 뒤에 돌아와 너를 잊지 못해 비틀비틀 기다려도 없어 나는 이제없어 너에겐 없나봐 이럴줄 몰랐어 나는 두고왔어 네게 준 내모든 사랑을 나의 다른 거짓말은 모두 알더니 그 날만은 왜 모르는거야 내가 너아니면 어딜 또 가냐고 하루종일 비틀비틀비틀 사랑만 하기에도 하루가 모자라 미워하고 말 시간이 없어 이젠 내겐 하루하루가 힘들어 그게 모두 거짓말이라고 오 오 가지마 가지마라 발병이 나고싶냐고 오 오 웃지마 웃기지마 난 거짓말이었다고 오 오 가지마 가지마라 난 널 어쩔수 없다고 오 오 기다려 기다려봐 이젠 거짓이 아니야
1999.04.18~04.24,34,2962055,볼꽃놀이,김종서,Tribute :77 99 22,1999.09,Rock,,
1999.04.18~04.24,35,91226,세상은,신효범,Ego,1998.10,Ballad,강현민,귀기울여 듣고 있다면  언제라도 알 수 있겠죠  그대의  곁에 있는 사람들에겐  작은 사랑이  필요함을  눈을 감고  느껴 보아요  그대 고운  마음을 얘기할때  우리를 감싸는  저 넓은 하늘이  더욱 푸른빛으로  빛나고 있다는걸  아름다운  곳이죠  그대와 내가 함께  만들어갈 세상은  따뜻한 마음을  원한다는걸  알 수  있잖아요  고개 들어  하늘을 봐요  그대 작은  사랑의 마음들이  우리를 감싸는  저 높은 하늘을  더욱 푸른 빛으로  빛나게 하잖아요  아름다운  곳이죠  그대와 내가 함께  만들어갈 세상은  따뜻한 마음을  원한다는걸  알 수 있잖아요 그대 혼자가 아니야 마음을 열 수 있다면 곁에 있는 내모습도 아름다운 세상도 모두다 그댈 위한거죠 아름다운 곳이죠 그대와 내가 함께 걸어갈 이 세상은 따뜻한 마음 가득한 곳이죠 알 수 있잖아요 그대 외로워 말아요 후 후
1999.04.18~04.24,36,9911,우리 같이해요,VariousArtists,1999 대한민국,1999.02.01,Rap / Hip-hop,,1999년 모든게 끝일지 모른다는 두려움에 좌절감속에  많은 이들 하루 하루를 그냥 보내고 있지만만만 모두 마찬가지  하루살이 하루 살기 위해 혼신의 힘을 다해 하루 살잖아  우리같이 디기리 개리 길 창이  그리고 영풍이 명호 주라 미애 수정  그리고 당신 우리 같이 한번 해봐요  들어봐 우린 지금 IMF에 대해 논하고 있는거야  실업률 우리나라 급격히 높아만 가고만 있는데  6.25사변이후 처음이라 모두들 말하는데  난난 나로서는 어떻게 할 수도 없죠  힘없는 내 자신만 탓하게 되죠  하지만 이것 만은 할 수 있을 거예요 서로가 서로에게  마음으로 아니 사랑으로 대할 수 있을 거예요  그 모든 슬픔 그 모든 아픔  우리는 지금까지 다같이 느껴왔었죠  이제는 모두 다같이 웃어봐요  서로를 미워하지 말고 사랑해봐요  그 모든 사랑 우리는 느껴왔었죠  이제는 혼자가 아니라는 것을  우리는 서로가 알 수 있었죠  우리는 다같은 한민족이라는 것을  TV를 켜면 그 속에 슬퍼하는 사람들이  너무 나도 많이 있는 것 같아요  허기진 배를 움켜쥐고 울고 있는 아이들  직장을 잃고 삶의 회의를 느끼시는 아버지들  방황하는 청소년들(그 모든 이들)  그리고 사랑을 받지 못한 그 모든 이들  이젠 힘을 내요 서로가 서로에게 무관심이 아닌  우리들의 사랑으로 말이죠  우리 같이 해요 날따라 해요 날따라 해봐요 요렇게  우린 할 수 있죠 우릴 따라 해요 날 따라 해봐요 요렇게  허니패밀리와 같이 한 번 해봐요 요렇게 해봐요 요렇게  우린 같이 할 수 있죠 다같이 할 수 있죠  날따라 해봐요 요렇게  너와 나의 그 모든 아픔들 지난 시간속에 묻어버리고  이제는 다시 일어나 우리 모두 함께 하나가 되요  오늘 난 봤어 당신의 어깨 축처져 힘없이 보인 당신의 어깨  내 눈에 눈물 고여 흐르는 걸 참았던 나  당신 힘든건 저도 이해해요  혼자라는 생각 그런 생각 버리세요  하지만 당신곁에 항상 우리가 있잖아요  자 당신 다시 한 번 생각해봐요  이 나라 이 땅을 이만큼까지 이끌어 왔던 주역이었다는것을요  그 모든 슬픔 그 모든 아픔  우리는 지금까지 다같이 느껴왔었죠  이제는 모두 다같이 웃어봐요  서로를 미워하지 말고 사랑해봐요  그 모든 사랑 우리는 느껴왔었죠  이제는 혼자가 아니라는 것을  우리는 서로를 알 수 있었죠  우리는 다같이 한민족이라는 것을  이제 거의 끝이 났어 그렇게 길고 길던  어두캄캄한 날들은 다 지나가고  어두운 날은 가고 희망찬 날을 밝혀줄  해는 지금 막 떠오르고 있어  지금이 중요해 사랑이 필요해  서로를 시기하지 말고 사랑으로  서로를 위해 아낌없는 사랑이 필요해  그럼 영원히 슬픔은 없을꺼야 난 믿어 그 모든 것을  우리 같이 해요 날따라 해요 날따라 해봐요 요렇게  우린 할 수 있죠 우릴 따라 해요 날 따라 해봐요 요렇게  허니패밀리와 같이 한 번 해요 요렇게 해봐요 요렇게  우린 같이 할 수 있죠 다같이 할 수 있죠  날따라 해봐요 요렇게  힘들지만 우리 함께 웃어요 그모든 슬픔 잊어버리 고 이제는 함께 마음을 열고 우리같이 느낄수 있어요  너와 나의 그모든 아픔들 지난 시간속에 묻어버리고 이제 는 다시 일어나 우리 모두 함께 하나가 되요
1999.04.18~04.24,37,33728,기적 (Duet With 이소은),김동률,The Shadow Of Forgetfulness,1998.12.01,Ballad,김동률,나 그대의 눈을 바라보면 이 모든게 꿈인 것 같아요 이 세상 많은 사람중에 어쩌면 우리 둘이었는지 기적이었는지도 몰라요 그대의 품에 안길때면 새로운 나를 깨달아요 그대를 알기 전에 내가 어떻게 살았는지 몰라요 죽어 있었는지도 몰라요 어쩌면 이렇게도 엇갈려 왔는지 우린 너무 가까이 있었는데 서로 사랑해야 할 시간도 너무 모자라요 나를 믿어요 믿을께요 세상 끝까지 함께 할께요 얼마나 나를 찾았나요 헤매였나요 나의 기도를 들었나요 내 기도에 귀기울였나요  이 세상 살아가는 동안 단 한번 스쳐지나갈 때  한눈에 서로 알아볼 수 있게 되길 이렇게  어쩌면 이렇게도 엇갈려 왔는지  우린 너무 가까이 있었는데  서로 사랑해야 할 시간도 너무 모자라요  나를 믿어요 믿을께요 세상 끝까지 함께 할께요  그 얼마나 나를 찾았나요 헤매였나요  나의 기도를 들었나요 내 기도에 귀기울였나요  이 세상 살아가는 동안 단 한번 스쳐지나갈 때  한눈에 서로 알아볼 수 있게 되길 이렇게
1999.04.18~04.24,38,80649,마지막 사랑,에코,Voice Of Love,1998.11,Ballad,이현규,왜 내게서 멀어졌나요 난 정말 원치 않았던  이별이었어요 긴 하루를 보낼 때마다 나도 모르게 눈물이  흐르곤 했었죠 그대는 내가 그립지 않나요 벌써 모든 것을 잊으셨나요 우리 헤어져야 하는 이유를 아직도 인정할 수가 없어요 쉽게 끝낼 수가 없어요 나는 처음부터 다시 시작하고  싶어요 어딜 가도 그대 생각 때문에 난 너무나 힘이 들어요  그대 역시 마찬가지잖아요 나는 달라지고 있어요 그대 다시 내게 돌아오기만을  손꼽아 기다려요 나는 그대에게 마지막  사랑이기를 원해요 좋은 추억만 기억해주세요 정녕 이대로 날 버릴 건가요 다시 한번 사랑할 수 있도록 웃으며 반겨줄 수는 없나요 쉽게 끝낼 수가 없어요 나는 처음부터 다시  시작하고 싶어요 어딜 가도 그대 생각 때문에 난 너무나 힘이 들어요  그대 역시 마찬가지잖아요 나는 달라지고 있어요 그대 다시 내게 돌아오기만을  손꼽아 기다려요 나는 그대에게 마지막  사랑이기를 원해요 나는 아무 욕심 없어요 오직 사랑하는 그대 품에 안겨  살 수 있다면 그 뿐이예요 세상이 허락하는 날까지  기다릴 거예요 내게 돌아올 그대를 믿어요
1999.04.18~04.24,39,80697,작별,이소은,소녀 (少女),1998.12,Ballad,MGR(RBW),죄송했어요 많이 불편해 하셨죠  어린 마음에 너무 멋대로 굴었죠  예쁘더군요  오빠 옆에 있던 그 언니는  당연한걸요 오빠의 신부니까요 한번만 내 교복 입은 모습  보여 드리고 싶어 찾아 왔죠  이 모습 내게 제일 어울리나요  오래 망설였죠 속일 마음은  아니였었는데 다신 못 볼까 두려워 알고 있어요 그러면 안 되는걸  나빴어요 나는 정말로  곤란케 했다니  용서해줘요 하지만 그댈위해  여기까지 하기로 해요  그 언니 잘해 주셔요  한번만 내 교복 입은 모습 보여 드리고 싶어 찾아 왔죠 이 모습 내게 제일 어울리나요 오래 망설였죠 속일 마음은 아니였었는데 다신 못 볼까 두려워 알고 있나요 많이 울었다는 걸 나빴어요 그댄 정말로 내 맘 몰라주니 이제 잊어요 그냥 어린 여자애 알았었지 하고 말예요 그 언니 잘해 주셔요
1999.04.18~04.24,40,1877177,사랑하는 날까지,김종환,사랑하는 날까지,1998.12.01,Adult Contemporary,김종환,사랑은 운명 속에 언제나 살고 있다 가슴을 치는 슬픔  그 고통 속에도 나와 함께 길을 걷는다 외로움이 나는 싫어 당신을 선택했다 내가 사는 날까지 운명의 길 위에서  당신과 살고 싶다 너를 사랑하기에  내가 존재하는 것  널 위해 내가 살 수 있다면  나의 뜨거운 젊음 모두 다 주고 싶다  몇백년 사는 것도 아닌데  천년을 기다려도 너를 사랑하겠다  마지막 남은 사랑을 위해  내 꿈이 깨질까봐 불안한 삶이 싫다  내가 선택한 길을 내가 걸어가면서  사랑에 운명을 건다 너를 사랑하기에 내가 존재하는 것  널 위해 내가 살 수 있다면  나의 뜨거운 젊음 모두 다 주고 싶다  몇백년 사는 것도 아닌데 천년을 기다려도 너를 사랑하겠다  마지막 남은 사랑을 위해  천년을 기다려도 너를 사랑하겠다  마지막 남은 사랑을 위해  마지막 남은 사랑을 위해
1999.04.18~04.24,41,91307,미안해 널 미워해,자우림,연인(戀人),1998.11,Rock,"김윤아,이선규",기억 나지 않아 어젯밤 꿈조차 지우려고 했던게 아닌데 잠들지 않도록 널 부르며 눈 감았지 사무쳐 그리지는 않았지 미안해 널 미워해 이대로 인걸 이해해 넌 그렇게 그대로 인걸 꿈꾸지 않기를 눈 감으며 기도했지 사무쳐 그립지는 않았지 미안해 널 미워해 이대로 인걸 이해해 넌 그렇게 그대로 인걸 그래 나 널 지우려고 해 널 보내려고 해 이제 지쳤어 미안해 널 미워해 이대로 인걸 이해해 넌 그렇게 그대로 인걸 미안해 널 미워해 이대로 인걸 어느새 난 빗물에 젖어 슬픈 새 미안해 널 미워해 이대로 인걸 이해해 넌 그렇게 그대로 인걸
1999.04.18~04.24,42,534604,지각,유리상자,사랑찾기,1998.10.14,Ballad,이세준,간절히 바랬죠  제발 단 하루만이라도  나에게 마지막 기회를 주시길  이제껏 한번도  저는 그분의 그 입가에  밝은 미소 짓게 해드리지 못했죠  이제야  겨우 이제서야  돌아왔는데  그분의 곁으로  잘 하려 했는데  돌아 왔는데  준비하지 못했었던  어리석은 저에겐  견딜 수가 없도록 힘이 들지만  조금이라도 빨리 그를  당신 곁에 두시려  그렇게도 서둘러 데려가셨다면  그저 따라야 하겠죠  알 것도 같아요 그가 나에게 베풀었던 그 사랑이 바로 당신의 사랑인걸 이제야 겨우 이제서야  돌아왔는데 그분의 곁으로 잘 하려 했는데 돌아 왔는데 준비하지 못했었던 어리석은 저에겐 견딜 수가 없도록 힘이 들지만 조금이라도 빨리 그를 당신 곁에 두시려 그렇게도 서둘러 데려가셨다면 감사하며 따르겠어요 어리석은 저에겐 견딜 수가 없도록 힘이 들지만 조금이라도 빨리 그를 당신 곁에 두시려 그렇게도 서둘러 데려가셨다면
1999.04.18~04.24,43,88549,I`ll Get Your Love,디바,Dream,1999.01,Dance,ReggieYeo,I'll get your love I'll get your love I know I got you I'll get your love You can't hide from me baby there's nothing to stop me The first time I had my eyes upon you and you were looking so shy looking so fine the way that you were looking right back to me you got me wanting for more one of a kind you made me see the sun that's shining and there's no doubt that you got me feeling that your love is let a wanna belong I way where I can be strong now there is something coming from you I gotta make you believe make you bellieve The moment that you looked right into my eyes I know there's nohing to hide see if I'm right The world is turning for the future with the love that we have is the nature and it doesn't matter what people say your love the me is to stay oh You keep a saying you just don't care but I know that you do said you don't care but I know it's not true you just can't hide and you don't realize the feeling for me that you have is so real I'll get your love I'll get your love I want you to know I'll get your love you can't hide from me baby the you want me to stay forever  Now there is something coming from you I gotta make you believe make you believe The moment that you looked right into my eyes I know there's nohing to hide see if I'm right The world is turning for the future with the love that we have is the nature and it doesn't matter what people say your love the me is to stay oh You keep a saying you just don't care but I know that you do said you don't care but I know it's not true you just can't hide and you don't realize the feeling for me that you have is so real I'll get your love I'll get your love I want you to know I'll get your love you can't hide from me baby there's nothing to stop me I'll get your love I'll get your love I want you to know I'll get your love you can't hide from me baby the you want me to stay ah ah ah
1999.04.18~04.24,44,81550,유죄 (형벌),김현성,Kim Hyun Sung 2 Solo Album,1998.10,Rock,박주연,오늘 아침이 내겐 너무도 무거워 손가락 하나도 움직일 수가 없어 왜 일어나야 해 왜 눈을 떠야 해 무얼 위해서 내가 숨을 쉬어야 해 몇마디 말로 너는 끝이라고 했어 그렇게 이별은 정말 간단하더군 이제야 알겠어 다시 혼자되니 그동안 무엇이 나를 살게 했는지 믿어지니 오늘 하루동안 몇번이나 내가 죽고 싶었는지 이젠 사라져 제발 나의 인생에서 그냥 이대로 제발 엇갈린 채로 가 돌아와선 안돼 어떻게도 안돼 너를 용서 못하겠어 그래 그 벌로 널 못 잊을께  몇마디 말로 너는 끝이라고 했어 그렇게 이별은 정말 간단하더군 이제야 알겠어 다시 혼자되니 그동안 무엇이 나를 살게 했는지 믿어지니 오늘 하루동안 몇번이나 내가 죽고 싶었는지 이젠 사라져 제발 나의 인생에서 그냥 이대로 제발 엇갈린 채로 가 돌아와선 안돼 어떻게도 안돼 너를 용서 못하겠어 그래 그 벌로 Never turn around 제발 나의 인생에서 Never turn around 제발 엇갈린 채로 가 돌아와선 안돼 어떻게도 안돼 너를 용서 못하겠어 그래 그 벌로 널 못 잊을께
1999.04.18~04.24,45,81012,너를 보내며,젝스키스,Special,1998.10.03,Ballad,장대성,만날 수 없다는 슬픔보다 힘든건 니가 내 곁에 항상 있어도  외롭다고 느끼는 가슴이야 내가 아닌 사람과 함께 있는  널 봤어 모든걸 이젠 단념해야겠지 너의 지나친 무관심 속에서 내가 감춰야 했던 슬픔들 너를 바라보다 쓰러져 잠들어 버린 내 사랑이라고 해도 그걸 무너뜨릴 자신이 없어 또다시 혼자 돌아서고 있어 내가 원한 너의 사랑도 항상 바램으로 끝이 났지만 이젠 사랑했던 널 위해  먼저 떠날게 너에게 주었던 모든 것들은 널 위해서 잊기로 했지만 어느 누굴만나 사랑한다 해도 언제나 행복할꺼라 생각할께 그래 내가 잊지 못할 단  한가지는 너 하날 지키지 못했던  사랑이란거야 그런 너를 이해해 내가  부족하다면 괜찮은 사람 만나기를 바래 너의 지나친 무관심 속에서  내가 감춰야 했던 슬픔들 너를 바라보다 쓰러져 잠들어 버린 내 사랑이라고 해도 그걸 무너뜨릴 자신이 없어 또다시 혼자 돌아서고 있어 내가 원한 너의 사랑도 항상 바램으로 끝이 났지만 이젠 사랑했던 널 위해 먼저  떠날게
1999.04.18~04.24,46,88119,Kiss Me,박진영,Kiss Me,1998.12,Dance,박진영,나의 머리엔 온통 그대의 생각뿐  나의 마음엔 온통 그대의 모습뿐  꿈속에서도 그댄 날 떠나질 않네  오 내가 사랑에 빠지나봐  그대 미소에 내 맘 노래를 부르고  그대 손길에 내 몸 오 춤을 추고  그대 눈빛에 나의 영혼이 물들고  사랑이란 노을로 물들고  Kiss me Oh baby 바로 여기 baby  Touch me Oh baby 나를 안아줘  Show me Oh baby 너의 맘을 baby  Love me Oh baby 언제까지나  어딜보아도 내겐 그대만 보이고  뒤돌아서도 그대 음성이 들리고  눈을 감아도 그대 향기에 눈뜨고  오 내가 사랑에 빠졌나봐  나의 하늘엔 그대 별이 빛나고  나의 바다엔 그대 파도가 치고  나의 가슴엔 그대 바람이 불어오고  사랑이란 바람이 불어오고  Kiss me Oh baby 바로 여기 baby  Touch me Oh baby 나를 안아줘  Show me Oh baby 너의 맘을 baby  Love me Oh baby 언제까지나  그대만 보면 뛰는 가슴은 멈출 줄 모르고 그댈 바라보는 뜨거운 시선 식을 줄 모르고 그댈 향한 내 사랑은 점점 더욱 커져만 가고 오 날 제발 피하지 말아줘 Kiss me Oh baby 바로 여기 baby Touch me Oh baby 나를 안아줘 Show me Oh baby 너의 맘을 baby Love me Oh baby 언제까지나
1999.04.18~04.24,47,38477,다시 비가,김종서,Love Songs,1998.11,Rock,,한~참을 마주앉아~아무런 말없이 모~르는 타인처럼 느껴지던 너 이~별을 말하려던~차가운 네 입술 내~리는 비와 눈물 사이로 흐려지던 너의 뒷모습 아~무런 준비도 없던 나에게~~ 그~렇게 냉정히 떠나버린 너  내~곁에 남겨진 건~ 낯설은 외로움 그~리고 아무기다림 없는 홀로 남은 아픈 그리움  아~무런 준비도없던 나에게~~ 그~렇게 냉정히 떠나버린 너 내~곁에 남겨진 건~낯설은 외로움  그~리고 아무기다림없는 홀로 남은아픈 그리움  다시 비가 내리네
1999.04.18~04.24,48,80565,오락실,한스밴드,1집 Hans Band,1998.09.01,Rock,최준영,"시험을 망쳤어 오 집에가기 싫었어  열받아서 오락실에 들어갔어  어머 이게 누구야 저 대머리 아저씨  내가 제일 사랑하는 우리아빠   장난이 아닌 걸 또 최고기록을 깼어  처음이란 아빠 말을 믿을수가 없어  용돈을 주셨어 단 조건이붙었어  엄마에겐 말하지 말랬어  가끔 아빠도 회사에 가기싫겠지  엄마 잔소리, 바가지, 돈타령 숨이 막혀  가슴이 아파 무거운 아빠의 얼굴  혹시 내 시험성적 아신건아닐까  오늘의 뉴스 대낮부턴 오락실엔  이시대의 아빠들이 많다는데  혀끝을 쯧쯧 내차시는 엄마와  내 눈치를 살피는 우리아빠   늦은 밤중에 아빠의 한숨소리  옆엔 신나게 코골며 잠꼬대 하는 엄마  가슴이 아파 무거운 아빠의 얼굴  혹시 내일도 회사에 가기싫으실까  아침은 오고 또 엄마의 잔소리  도시락은 아빠꺼 내꺼 두개  아빠 조금 있다 또 거기서 만나요  오늘 누가 이기나 겨뤄봐요  승부의 세계는 오 너무너무 냉정해  부녀간도 소용없는 오락 한판  아빠 힘내요 난 아빠를 믿어요  아빠 곁엔 제가 있어요  아빨 이해할 수 있어요  아빠를 너무 사랑해요"
1999.04.18~04.24,49,82322,편지,이빈,The 1st Album,1998.11,Ballad,도중운,난 너에게 무슨 말을 해  난 아무런 말도 할 수 없는데 어떻게 날 전해줘야 하는지 널 위로해야 하는데 자꾸만 눈물이  내 편지를 받아보는 그 날도 꼭 이렇게 흰눈이 내렸으면 해 그래야 내 맘이 편할꺼야 널 처음 만난 그날도 하늘은 하얗게 나보다 더 좋은 사람 만나길 바래 미안해 하지는마 부탁이야 넌 행복해야 해 시간이 흘러 나를 향한 맘이 변한대도 영원히 기도할께 너만의 행복위해 안녕  내 마음이 아프다고 말하면 넌 내 손에 먼저 눈물 떨구지 얼마나 내 맘이 아팠는지 날 용서할 순 없는지 널 위한 사랑을 나보다 더 좋은 사람 만나길 바래 미안해 하지는마 부탁이야 아파하지 말아 시간이 흘러 나를 향한 맘이 변한대도 영원히 기도할께 너만의 행복위해  많이 힘들어 내가 생각날 때면 언제나 우리 만나던 그 곳 찾아 나를 그려줘 나 괜찮아 울먹이지마 부디 행복해  나보다 더 좋은 사람 만나길 바래 미안해 하지는마 부탁이야 아파하지 말아 시간이 흘러 나를 향한 맘이 변한대도 영원히 기도할께 너만의 행복위해 안녕
1999.04.18~04.24,50,2249978,Love Potion No. 9 (영화 `태양은 없다`),TheSearchers,올드팝 베스트 (불멸의 팝송 : 한국인이 가장 사랑하는 추억의 Golden Pop 58),2009.07.22,Pop,,Love Portion No.9
