time,rank,song_id,title,singers,album,date,genre,creator,lyric
1992.08.16~08.22,1,49035,도시인,넥스트,Home,1992,Rock,신해철,아침엔 우유 한잔 점심엔 FAST FOOD 쫓기는 사람처럼 시계바늘 보면서 거리를 가득메운 자동차 경적소리 어깨를 늘어뜨린 학생들 THIS IS THE CITY LIFE! 모두가 똑같은 얼굴을 하고 손을 내밀어 악수하지만 가슴속에는 모두 다른 마음 각자 걸어가고 있는거야 아무런 말없이 어디로 가는가 함께 있지만 외로운 사람들  어젯밤 술이 덜 깬 흐릿한 두 눈으로 자판기 커피 한 잔 구겨진 셔츠 샐러리맨 기계 부속품처럼 큰 빌딩속에 앉아 점점 빨리가는 세월들 THIS IS THE CITY LIFE! 모두가 똑같은 얼굴을 하고 손을 내밀어 악수하지만 가슴속에는 모두 다른 마음 각자 걸어가고 있는거야 아무런 말없이 어디로 가는가 함께 있지만 외로운 사람들  THIS IS THE CITY LIFE! 한 손엔 휴대전화 허리엔 삐삐차고 집이란 잠자는 곳 직장이란 전쟁터 회색빛의 빌딩들 회색빛의 하늘과 회색 얼굴의 사람들 THIS IS THE CITY LIFE! 아무런 말없이 어디로 가는가 함께 있지만 외로운 사람들 아무 말없이 어디로 가는가 함께 있지만 외로운 사람들
1992.08.16~08.22,2,1136819,한사람을 위한 마음,이오공감,25공감 (共感),1992.06.06,Ballad,오태호,힘들게 보낸 나의 하루엔   짧은 입맞춤을 해주던 사람  언젠간 서로가 더 먼 곳을 보며  결국엔 헤어질것을 알았지만  너의 안부를 묻는 사람들  나를 어렵게 만드는 얘기들  왜 슬픈예감은 틀린적이 없나  너를 잊겠다는 거짓말을 두고  돌아오긴 했지만  언제 오더라도 너만을  기다리고 싶어  다시 처음으로 모든걸  되돌리고 싶어  이제는 어디로 나는 어디로  아직 너의 그 고백들은 선한데  너를 닮아주었던 장미꽃도  한사람을 위한 마음도  모두 잊겠다는 거짓말을 두고  돌아오긴 했지만  너의 안부를 묻는 사람들  나를 어렵게 만드는 얘기들  왜 슬픈 예감은 틀린적이 없나  너를 잊겠다는 거짓말을 두고  돌아오긴 했지만  언제 오더라도 너만을  기다리고 싶어  다시 처음으로 모든걸  되돌리고 싶어  이제는 어디로 나는 어디로  아직 너의 그 고백들은 선한데  너를 닮아주었던 장미꽃도  한사람을 위한 마음도  모두 잊겠다는 거짓말을 두고  돌아오긴 했지만
1992.08.16~08.22,3,50012,난 알아요,서태지와아이들,1집 - 난 알아요,1992.03.23,Dance,서태지,난 알아요 이밤이  흐르고 흐르면 누군가가 나를 떠나  버려야 한다는  그 사실을 그 이유를 이제는 나도 알 수가  알 수가 있어요 사랑을 한다는 말을 못했어 어쨌거나 지금은 너무 늦어  버렸어 그때 나는 무얼하고 있었나  그 미소는 너무 아름다웠어 난 정말 그대 그대만을  좋아했어 나에게 이런 슬픔 안겨주는  그대여 제발 이별만은 말하지 말아요 나에겐 오직 그대만이  전부였잖아 오 그대여 가지마세요  나를 정말 떠나 가나요 오 그대여 가지마세요  나는 지금 울잖아요 난 알아요 이밤이 흐르면 요 그대 떠나는 모습 뒤로하고  마지막 키스에 슬픈 마음  정말 떠나는가 사랑을 하고싶어 너의  모든 향기 나의 몸속에 젖어있는  너의 많은 숨결 그 미소 그눈물 그 알 수 없는  마음에 마음 그리곤 또 마음에 마음 그 어렵다는 편지는 쓰지  않아도 돼 너의 진실한 모습을  바라보고 있어요 아직도 마음속엔 내가 있나요 나는 그대의 영원한 난 정말 그대 그대만을  좋아했어 나에게 이런 슬픔 안겨주는  그대여 오 그대여 가지마세요 나를 정말 떠나 가나요 오 그대여 가지마세요  나는 지금 울잖아요 오 그대여 가지마세요  나를 정말 떠나 가나요 오 그대여 가지마세요  나는 지금 울잖아요
1992.08.16~08.22,4,174589,질투,유승범,질투 OST,1992.06.30,"Drama,Rock","이순자,최연지",넌 대체 누굴 보고 있는 거야 내가 지금 여기 눈 앞에 서 있는데 날 너무 기다리게 만들지마 웃고 있을거라 생각하지마 많은 것을 바라지 않아 그저 사랑의 눈빛이 필요할 뿐야 나의 마음 전하려 해도 너의 눈동자는 다른 말을 하고 있잖아 서로를 잘 안다고 느꼈었지 그래서 사랑이라 생각했어 너무 멀지 않은 곳에 있어줘 언젠가 너는 내게 말할거야 사랑한다고  넌 누굴 위해 웃고 있는 거야 내가 지금 여기 눈앞에 서 있는데 날 너무 기다리게 만들지마 항상 곁에 있다 생각하지마 많은 것을 바라지 않아 그저 사랑의 눈빛이 필요할 뿐야 나의 마음 전하려 해도 너의 눈동자는 다른 말을 하고 있잖아 서로를 잘 안다고 느꼈었지 그래서 사랑이라 생각했어 너무 멀지 않은 곳에 있어줘 언젠가 너는 내게 말할거야 사랑한다고
1992.08.16~08.22,5,45926,내가 아는 한가지,이덕진,Sad Wings Of Destiny,1992.01.12,Ballad,박주연,살아가는 동안 한번도 안 올지 몰라  사랑이라는 감정의 물결  그런 때가 왔다는 건 삶이 가끔 주는 선물  지금까지 잘 견뎌왔다는   널 만났다는 건 외롭던 날들의 보상인걸  그래서 나는 맞이하게 된거야  그대라는 커다란 운명   이 세상의 무엇 하나도  나를 꺾을 수는 없겠지만  너의 뜻대로 살아가는 것만이  내가 아는 한가지   네가 원하는 건 나 또한 원하는거야  이미 나는 따로 있질 않아  이별이라는 것 또한 사랑했던 사람만이  가질 수 있는 추억일지 몰라   널 만났다는 건 외롭던 날들의 보상인걸  그래서 나는 맞이하게 된거야  그대라는 커다란 운명   이 세상의 무엇 하나도  나를 꺾을 수는 없겠지만  너의 뜻대로 살아가는 것만이  내가 아는 한가지   널 만났다는 건 외롭던 날들의 보상인걸  그래서 나는 맞이하게 된거야  그대라는 커다란 운명
1992.08.16~08.22,6,1585643,떠나간 후에,015B,015B Live Part 1,1992.01.01,Ballad,정석원,오늘도 아무렇지 않은 것처럼 아픈 가슴 감추며 살아가지만 한 번씩 울리는 전화벨 소리에 떨리는 마음 그대이길 바라며 수화길 들지 내가 던진 말들에 상처입은 그대의 자존심은 이제 돌이킬 순 없지만 돌아올 순 없겠니 네가 없는 나는 하루종일 무엇도 할 수 없잖니 너는 항상 힘들다 울먹이며 얘길했지만 이제 이렇게 아파하는 나는 어떡하니 그대의 흔적만이 무너진 내게 쌓여가는데 아직 따스한 너 만의 사랑이 내겐 필요해  돌아올 순 없겠니 네가 없는 나는 하루종일 무엇도 할 수 없잖니 너는 항상 힘들다 울먹이며 얘길했지만 이제 이렇게 아파하는 나는 어떡하니 그대의 흔적만이 무너진 내게 쌓여가는데 아직 따스한 너 만의 사랑이 내겐 필요해
1992.08.16~08.22,7,83360,그런대로,김현철,32℃ 여름,1992,Ballad,김현철,하늘은 문득 하늘은 문득 주저앉았네 하늘은 문득 주저앉았네  그녀는 웃고 그녀는 웃고 나는 울었네 그녀는 웃고 나는 울었네 그런대로 살아가고 그런대로 우 그런대로 살아가기 마련이고 예  학교 앞길은 학교 앞길은 비에 젖었네 학교 앞길은 비에 젖었네  그녀는 안녕이라 말하네 그녀는 안녕이라 말하네 그녀는 안녕이라 말하네 그런대로 살아가고 그런대로 우 그런대로 살아가기 마련이고 예 그런대로 살아가고 그런대로 우 그런대로 살아가기 마련이고 예  그런대로 그런대로 내가 얼만큼 아픈지 몰라  내가 얼만큼 너를 사랑하 사랑 사랑 사랑하는지도 모르면서 자꾸만 안녕  안녕 안녕 안녕 안녕 안녕 안녕 안녕 안녕 안녕 안녕
1992.08.16~08.22,8,1414786,꿈,이현우,Black Rainbow,1991.01.21,Dance,이현우,I was down and out when you came into my life Right from the start I knew you were the one Who would stay around to fill my heart with joy and happiness that I never ever felt before  두 눈을 감으면 꿈처럼 다가오는 너의 모습을 내 마음 깊은 곳 새하얀 캔버스에 그려보네 너의 웃는 모습을 그려보았지 화난 모습 우는 모습 차례차례 그려보았지 이런 그림들이 추억이 되고 그리움으로 변해버릴때 나는 꿈에서 깨어나지만 쓸쓸한 바람만 스쳐가네  외로운 밤이면 조용히 다가오는 너의 모습은 마음속 깊은 곳 나만의 사진첩에 남아있네 너의 웃는 모습을 찾아보았지 화난모습 우는 모습 차례차례 찾아보았지 이런 사진들이 추억이 되고 그리움으로 변해버릴때 나는 꿈에서 깨어나지만 쓸쓸한 바람만 스쳐가네  이런 그림들이 추억이 되고 그리움으로 변해버릴때 나는 꿈에서 깨어나지만 쓸쓸한 바람만 스쳐가네 외로운 밤이면 다가오는 너의 모습은 그려보았네 외로움 속에 사진첩에 너의 모습을 찾아 보았네 외로운 밤이면 다가오는 너의 모습은 그려보았네 외로움 속에 사진첩에 너의 모습을 찾아 보았네 외로운 밤이면 다가오는 너의 모습은 그려보았네
1992.08.16~08.22,9,78782,먼지가 되어,이윤수,"`90 창신동, 그리고...",1991,Folk,,바하에 선율에 젖은 날에는 잊었던 기억들이 피어나네요 바람에 날려간 나의 노래도 휘파람 소리로 돌아오네요 내 조그만 공간 속에 추억만 쌓이고 까닭 모를 눈물만이 아롱거리네 작은 가슴을 모두 모두어 시를 써봐도 모자란 당신 먼지가 되어 날아가야지 바람에 날려 당신 곁으로  작은 가슴을 모두 모두어 시를 써봐도 모자란 당신 먼지가 되어 날아가야지 바람에 날려 당신 곁으로
1992.08.16~08.22,10,1707087,가려진 시간 사이로,윤상,윤상2 - Part I,1992.10.15,Ballad,박주연,노는 아이들 소리  저녁 무렵의 교정은  아쉽게 남겨진 햇살에 물들고 메아리로 멀리 퍼져 가는 꼬마들의 숨바꼭질 놀이에 내 어린 그 시절 커다란  두 눈의 그 소녀 떠올라  넌 지금 어디 있니  내 생각 가끔 나는지  처음으로 느꼈었던  수줍던 설레임  지금까지 나 헤매는 까닭엔  네가 있기는 하지만  우린 모두 숨겨졌지  가려진 시간 사이로  메아리로 멀리 퍼져 가는 꼬마들의 숨바꼭질 놀이에 내 어린 그 시절 커다란 두 눈의 그 소녀 떠올라 넌 지금 어디 있니 내 생각 가끔 나는지 처음으로 느꼈었던 수줍던 설레임 지금까지 나 헤매는 까닭엔 네가 있기는 하지만 우린 모두 숨겨졌지 가려진 시간 사이로
1992.08.16~08.22,11,64056,대답 없는 너,김종서,김종서 1집,1992.01.30,Rock,채정은,힘없이 멈춰진 하얀 손 싸늘히 식어가는 눈빛 작은 그 무엇도 해줄수가 없었던 너 비라도 내리길 바랬지 며칠이 갔는지 몰랐어 그저 숨쉬는게 허무한 듯 느껴질 뿐 이제 난 누구의 가슴에 안겨서 아픔을 얘기해야 하는가 너무 힘들다고 말하고 싶지만 들어줄 너는 없는데  비라도 내리길 바랬지 며칠이 갔는지 몰랐어 그저 숨쉬는게 허무한 듯 느껴질 뿐 이제 난 누구의 가슴에 안겨서 아픔을 얘기해야 하는가 너무 힘들다고 말하고 싶지만 들어줄 너는 없는데 이제 난 누구의 가슴에 안겨서 아픔을 얘기해야 하는가 너무 힘들다고 말하고 싶지만 들어줄 너는 없는데
1992.08.16~08.22,12,49473,10년전의 일기를 꺼내어,봄여름가을겨울,"농담, 거짓말 그리고 진실",1992.01,Rock,김종진,내겐 더 많은 날이 있어 무슨 걱정 있을까 어제 힘들었던 순간들은 모두 지나간 것 일뿐 내겐 더 많은 날이 있어 무슨 걱정 있을까 하루 하루 사는 것은 모두 기쁨일 뿐이야  오늘은 낡은 책상 서랍에서 십년이나 지난 일기를 꺼내어 들었지 왜 그토록 많은 고민의 낱말들이 그 속을 가득 메우고 있는지 그 오랜 기록들이 어두운 거미줄에 쌓여 있는 동안 물론 힘겨운 날들도 많았지만 가끔은 깜짝 놀랄 만큼 재미있는 일도 있었다고 생각을 해봐 그래 지금은 모두 힘겹다고 하겠지 하지만 하지만 다가올 날들을 상상 해보면 어떨까 세상은 그렇게 어두운 것만은 아니잖아 내겐 더 많은 날이 있어 무슨 걱정 있을까 하루 하루 사는 것은 모두 기쁨일 뿐이야  후욱하고 날려 버린 먼지들이 십년이나 지난 일기 위에는 수북이 쌓여 있었지 왜 그토록 많은 외로움의 낱말들이 그 위에 덮여 있는지 그래 지금 힙겹다고 생각하는 날들도 언젠가 다가올 날에는 다시 돌아 오고픈 시간일거야 세상은 그렇게 어두운 것만은 아니잖아 내겐 더 많은 날이 있어 무슨 걱정 있을까 어제 힘들었던 순간들은 모두 지나간 것일뿐 내겐 더 많은 날이 있어 무슨 걱정 있을까 하루 하루 사는 것은 모두 기쁨일 뿐이야 내겐 더 많은 날이 있어 무슨 걱정 있을까 어제 힘들었던 순간들은 모두 지나간 것일뿐
1992.08.16~08.22,13,104668,오늘 같은 밤이면,박정운,박정운 Live & Single,1997.12,Ballad,박정운,얼마나 그댈 그리워하는지 몰라 더이상 외로움 난 견딜수 없고 언제나 어두운 밤이 찾아올때면 살며시 그대 이름 부르곤 했어 눈 감으면 그대곁에 있는것 같아 하지만 그대 숨결 느낄 수 없고 무겁게 나를 누르는 이 빈공간은 끝없는 방황으로 나를 이끄네 기나긴 기다림 속에 지쳐도 그대 외롭다고 눈물 짓지마 언제간 그대의 두 손을 잡고서 함께 걸어 갈테야 오늘같은 밤이면 그대를 나에 품에 가득 안고서 멈춰진 시간속에 나 그대와 영원토록 머물고 싶어 눈 감으면 그대곁에 있는것 같아 하지만 그대 숨결 느낄 수 없고 무겁게 나를 누르는 이 빈공간은 끝없는 방황으로 나를 이끄네 기나긴 기다림 속에  지쳐도 그대 외롭다고 눈물 짓지마 그대의 두 손을 잡고서 함께 걸어 갈테야 오늘 같은 밤이면 그대를 나에 품에 가득 안고서 멈춰진 시간속에 나 그대와 영원토록 머물고 싶어  나 그대와 영원토록 영원토록 영원토록 영원토록 영원토록 머물고 싶어
1992.08.16~08.22,14,49918,말도 안돼,한영애,한영애 1992,1992.03.14,Folk,,끝도없는 변명 자꾸 늘어만 가지 서로의 가치기준 어디에다 팽개치고 너 몰라라 나 몰라라 눈 귀막고 따라가며 플라스틱 세상 풍선만 불어대네 세상이 변했으니 어쩔수가 없다고 변하는 건 당연해 어떻게가 중요해 지키고 버티는 건 어른들이 할 일인데 세상은 남들이 아니라 자기 자신인걸 왜 몰라 말도안돼 말은되지 말도안돼 말은되지 말도안돼 말은되지 말도안돼 말은되지 그래도 희망은 너와 내가 손 잡은 사람에게 걸 수 밖에 희망은 언제나 사람들의 몫으로 남아있기 마련이지  공허한 약속들 자꾸 반복만 되지 처음과 선택함이 중요한 걸 모르면서 빨리 빨리 서두르고 기다리지 못하고서 플라스틱 세상 풍선만 불어대네 말위한 말공해 정말 필요치 않아 머리 따로 마음 따로 실천하진 않으면서 사랑해 사랑해 사랑 사랑 사랑해요 마음은 닫아두고 빈소리만 질러대지 말도안돼 말은되지 말도안돼 말은되지 말도안돼 말은되지 말도안돼 말은되지 그래도 희망은 너와 내가 손 잡은 사람에게 걸 수 밖에 희망은 언제나 사람들의 몫으로 남아있기 마련이지 그래도 희망은 너와 내가 손 잡은 사람에게 걸 수 밖에 희망은 언제나 사람들의 몫으로 남아있기 마련이지
1992.08.16~08.22,15,987122,유난히,박학기,박학기 3,1992,Ballad,조규찬,유난히 부드럽게 느껴지는 너~의 귓가~에~ 조심스레 건네는 말~ 유난~~~히~ 향기롭게 느껴지는 너~의 입가~에~ 밝은 미소 떠오르면 다신 떠나지 않으~리 너에겐 나의 사랑이 필요한 걸 이제 다시~~ 널 보~낼~순 없어~~ 수많은 날이 우리를 기다리는 걸 유난히 아름답게 느껴지는 너~의 지나온 얘기들  유난~~~히~ 향기롭게 느껴지는 너~의 입가~에~ 밝은 미소 떠오르면 다신 떠나지 않으~리 너에겐 나의 사랑이 필요한 걸 이제 다시~~ 널 보~낼~순 없어~~ 우~~ 수많은 날이 우리를 기다리는 걸 유난히 아름답게 느껴지는 너~의 지나온 얘기들
1992.08.16~08.22,16,90355,비애,조정현,비애 / 지금 내모습,1992.01.10,Ballad,이지영,비가 내리는 슬픈 밤이면 그리움에 떠오르는 나의 그대여 슬픔속에 핀 빨간 장미꽃처럼 떠나가버린 그대의 모습이 외로워 그대에게 꽃을 안겨주고서 사랑한다 말을 하고 싶지만 이 어두운 밤 나는 쓸쓸히 창가에 기대어 서면 지난 추억속에 그대 모습 떠올라 보고싶은 내 마음을 그대는 알고 있을까 오늘밤도 나만 홀로 잠못 이루네  거리는 비에 젖는데 외로움에 슬퍼지는 내 마음 난 그대만을 사랑하려고 했어 빗물속으로 사라져버린 시간들 그대에게 꽃을 안겨주고서 사랑한다 말을 하고 싶지만 이 어두운 밤 나는 쓸쓸히 창가에 기대어 서면 지난 추억속에 그대 모습 떠올라 보고싶은 내 마음을 그대는 알고 있을까 오늘밤도 나만 홀로 잠못 이루네 보고싶은 내 마음을 그대는 알고 있을까 오늘밤도 나만 홀로 잠못 이루네
1992.08.16~08.22,17,49841,오! 사라,이상우,하룻밤의 꿈/이별속의 그대에게,1991.11,Dance,김순곤,카페 쇼윈도우 네온의 밤거리 어디서나 만날 수 있는 너 슬픈 얼굴 립스틱 헝클어진 머리 오 사라 오 사라 오 사라 후 와인 붉은 장미 흔들리는 거리 언제라도 사랑해주는 너 짙은 향기 머플러 커보이는 외투 오 사라 오 사라 오 사라 후  외로운 날은 너무 외로운 날은 혼자서 몰래 울기도 하지만 꿈꾸는 거리 어느 따스한 곳에서 누군가 기다리고 있네 예쁘지는 않지만 귀여운 사라 모두가 사랑해주는 여자 헤어지면 그렇게 지워져 버려도 사라는 영원한 애인  와인 붉은 장미 흔들리는 거리 언제라도 사랑해주는 너 짙은 향기 머플러 커보이는 외투 오 사라 오 사라 오 사라 후  외로운 날은 너무 외로운 날은 혼자서 몰래 울기도 하지만 꿈꾸는 거리 어느 따스한 곳에서 누군가 기다리고 있네 예쁘지는 않지만 귀여운 사라 모두가 사랑해주는 여자 헤어지면 그렇게 지워져버려도 사라는 영원한 애인 예쁘지는 않지만 귀여운 사라 모두가 사랑해주는 여자 헤어지면 그렇게 지워져버려도 사라는 영원한 애인
1992.08.16~08.22,18,463542,또 다른 만남을 위해,김민종,상처받은 사람들을 위해,2003.06.10,Ballad,지우,멀게만 느낀 우리의 이별 짧았던 그 순간 아쉬움을 남긴 채 떠나야 했던 소중했던 친구여 아무런 표정도 없이 그저 담담히 손 흔드는 네 모습 또 다른 만남위해 잠시 떠나야 할 뿐 젖어드는 내마음을 너는 알거야 오오 마음 울적해진 비가 오는 날엔 나를 그리며 싫은 사연 속에 너를 만나겠지예~ 낯선 너의 모습보며 눈물 글썽이는 내 맘 아프겠지만 그리운 친구여 또 다른 만남을 위해
1992.08.16~08.22,19,2981575,나의 노래,김광석,나의 노래,1992.03.20,Folk,한동헌,아무 것도 가진 것 없는 이에게  시와 노래는 애달픈 양식  아무도 뵈지 않는 암흑속에서  조그만 읊조림은 커다린 빛  나의 노래는 나의 힘  나의 노래는 나의 삶  자그맣고 메마른 씨앗속에서 내일의 결실을 바라보듯이  자그만 아이의 읊음 속에서  마음의 열매가 맺혔으면  나의 노래는 나의 힘  나의 노래는 나의 삶   거미줄처럼 얽힌 세상속에서  바람에 나부끼는 나무가지처럼  흔들리고 넘어져도  이세상속에는 마지막 한방울의 물이 있는 한  나는 마시고 노래하리 나는 마시고 노래하리  수많은 진리와 양심의 금문자  찬란한 그빛에는 멀지 않으리  이웃과 벗들의 웃음속에는  조그만 가락이 울려 나오면 나는 부르리 나의 노래를  나는 부르리 가난한 마음을  그러나 그대 모두 귀기울일 때  노래는 멀리 멀리 날아가리  노래는 멀리 멀리 날아가리
1992.08.16~08.22,20,49544,우연히,신승훈,보이지 않는 사랑,1991.11.30,Dance,박광현,이렇게 너를 만난걸 아주 후회하는 것은 아니지만 난 그저 너를 모른채 살았으면 하고 생각할 뿐이야  수많은 사람들 속을 너는 의미없이 지나쳐 갔지만 우연히 나도 모르게 너를 바라본건 정말 실수였어 한걸음 다가서면 너는 나를 멀리 하려하고 잊으려 생각하면 약해지는 내 마음 나는 알 수 없어 우연히 그렇게 널 만난거야 이렇게 너를 만난걸 아주 후회하는 것은 아니지만 난 그저 너를 모른채 살았으면 하고 생각할 뿐이야  시간이 지나갈수록 채워져 가는 그리운 향기 닫혀진 너의 마음은 언제쯤 나를 받아줄 수 있을까 수많은 사람들속을 너는 의미없이 지나쳐 갔지만 우연히 나도 모르게 너를 바라본건 정말 실수였어  한걸음 다가서면 너는 나를 멀리하려 하고 잊으려 생각하면 약해지는 내 마음 나는 알 수 없어 우연히 그렇게 널 만난거야
1992.08.16~08.22,21,49186,눈 감아봐도,박준희,박준희,1991.09,Dance,박준희,어둠이 다가와 내곁에 머물면 식어간 몸짓으로 손내밀던 모습이 내기억 속에서 숨쉬듯 날아와 나에게 사랑한다 말하던 너 눈감아야 널 바라보는 내마음 너는 알것 같니 눈뜨면 아쉬운 이별 자꾸 애만 태우는 꿈속의 널 어떡하나 이젠 눈감아봐도 보이지 않아 꿈속에서도 나혼자 뿐이야 이젠 눈감아봐도 보이지 않아 꿈속에서도  어제는 너에게 편지를 주려고 낮부터 너를 찾아 눈감았던 모습이 초라해 보인건 아침의 따가운 햇살과 손에 쥔 편지 때문야 눈감아야 널 바라보는 내마음 너는 알것 같니 눈뜨면 아쉬운 이별 자꾸 애만 태우는 꿈속의 널 어떡하나 이젠 눈감아봐도 보이지 않아 꿈속에서도 나혼자 뿐이야 이젠 눈감아봐도 보이지 않아 꿈속에서도  눈감아야 널 바라보는 내마음 너는 알것 같니 눈뜨면 아쉬운 이별 자꾸 애만 태우는 꿈속의 널 어떡하나 이젠 눈감아봐도 보이지 않아 꿈속에서도 나혼자 뿐이야 이젠 눈감아봐도 보이지 않아 꿈속에서도 나혼자 뿐이야 이젠 눈감아봐도 보이지 않아 꿈속에서도 나혼자 뿐
1992.08.16~08.22,22,51977,세상에 뿌려진 사랑만큼,이승환,Always,1991.07,Ballad,오태호,여전히 내게는 모자란  날보는 너의 그 눈빛이 세상에 뿌려진 사랑만큼  알 수 없던 그땐 언제나 세월은 그렇게  잦은 잊음을 만들지만 정들은 그대의 그늘을 떠남은  지금 얘긴걸 사랑한다고 말하진 않았지  이젠 후회 하지만 그대 뒤늦은 말 그 고백을 등뒤로 그대의 얼굴과 그대의 이름과 그대의 얘기와 지나간 내 정든날 사랑은 그렇게 이뤄진 듯해도 이제와 남는 건 날 기다린 이별뿐 언제나 세월은 그렇게 잦은 잊음을 만들지만 정들은 그대의 그늘을  떠남은 지금 얘긴걸 사랑한다고 말하진 않았지  이젠 후회 하지만 그대 뒤늦은 말 그 고백을 등뒤로 그대의 얼굴과 그대의 이름과 그대의 얘기와 지나간 내 정든날 사랑은 그렇게 이뤄진 듯해도 이제와 남는 건 날 기다린 이별뿐 바람이 불때마다 느껴질  우리의 거리만큼 난 기다림을 믿는 대신  무뎌짐을 바라겠지 가려진 그대의 슬픔을 보면서 이세상 끝까지 약속한 내 어린맘 사랑은 그렇게 이뤄진 듯해도 이제와 남는 건 날 기다린 이별뿐 그대의 얼굴과 그대의 이름과 그대의 얘기와 지나간 내 정든날 사랑은 그렇게 이뤄진 듯해도 이제와 남는 건 날 기다린 이별뿐 그대의 얼굴과 그대의 이름과 그대의 얘기와 지나간 내 정든날
1992.08.16~08.22,23,3403869,애수,김완선,애수,1992.04.01,Dance,김완선,불빛에 흔들리는 두 사람 서로의 눈길에 취했나
1992.08.16~08.22,24,3085752,낭랑18세,한서경,한서경5집 (당신께 넘어갔나봐),2004.10.20,Adult Contemporary,유호,낭랑 낭랑 낭랑 낭랑  난낭랑 난난낭랑18세(아예~)  (아예~)얼! 씨구 내사랑 햇살 살짝뒤에 살짝뒤에 살짝뒤에 청바지  때마침 들러오는 음악소리 난난막막 털어 버리고 난 그냥 볼륨을켜고~  저고리 고름 말아 쥐고서 누구를 기다리나 낭랑 18세 (아예~)  버들잎 지는 앞개울에서 소쩍새 울때만 기다립니다 (아예~)  소쩍궁 소쩍궁 소쩍궁 (소쩍꾸우~웅) 소쩍궁 소쩍궁 소쩍궁 (소쩍꾸우~웅)  소쩍궁새가 울때기만 하면  떠나간 그리운 님이 오신댔어요!!  ------------랩 (씨부렁) - _- a -------------  팔장을 끼고 돌뿌리 차며  무엇을 기다리나 총각 20세 (아예~)  송아지 매는 뒷산 넘어서  소쩍새 울때만 기다립니다 (개르갯답~)  소쩍궁 소쩍궁 소쩍궁(소쩍꾸우~웅) 소쩍궁 소쩍궁 소쩍궁(소쩍꾸우~웅)  소쩍궁새만 울기만하면  떠나간 그리운님 오신댔어요 (아예~)  ---------기타애드립(멋져乃)------------  ---------랩 (씨부렁.씨부렁a)------------  저고리 고름 말아 쥐고서 누구를 기다리나   낭랑 18 낭랑 18 낭랑 18세 (아예~) 버들잎 지는 앞개울에서 소쩍새 울때만 기다립니다 (개르갯답~)  소쩍궁 소쩍궁 소쩍궁(소쩍꾸우~웅) 소쩍궁 소쩍궁 소쩍궁(소쩍꾸우~웅)  소쩍궁새가 울기만하면 떠나간 떠나간 떠나떠나 떠나간 그리운님 오신댔어요~!! 띵까띵까띵까 띵가라라띵띵~(아예~)
1992.08.16~08.22,25,49808,내가 너를 느끼듯이,손지창,손지창,1992,Ballad,손지창,사랑했던 그모든 기억이 모두 거짓으로 느껴지고  돌이킬수 없는 이별에 자꾸만 슬픔이  떠나가는 그대를 보면서 나는 붙잡지도 못하고  걷잡을수 없이 아픈마음에 어둠을 헤매네  내게는 네가 필요해 말을 하려했지만  그댄 나를 외면한채 멀리 사라져 가네  지금 이시간들이 내겐 너무 힘겨워 견딜수가 없어  너만을 사랑해 말을 하고 싶었어  너를 쉽게 잊지 못할꺼야 내가 너를 느끼듯이  내가 나를 느끼는 그때 다시 내게로 돌아와줘
1992.08.16~08.22,26,58193,너의 모습,최용준,너의 모습 / 아무런 얘기도 없이,1992.04,Ballad,최용준,내가 제일 좋아하는 그 모습으로 너는 내게로 다가왔지 아름다운 그 모습을 바라보면은 나는 마음이 들뜨곤 했어 사랑한단 말은 필요없어 그저 내곁에 머물러줘 하지만 너는 떠나갔지 나는 너를 붙잡을 수 없었어 언제나 기다리던 그 골목길에서 이렇게 애태우며 기다렸는데 너의 모습 찾을수는 정말 없었어 언제까지 이렇게 방황해야 해 사랑해 사랑해  너와 나의 추억들이 담긴 조그만 그 까페에서 너의 웃음소린 들리는데 너의 모습은 찾을수가 없었어  어지럽게 널려있는 너의 사진들 항상 멍하니 바라봤지 사진속의 너의 모습 웃고 있는데 왠지 그전처럼 아름답진 않을까 언제나 기다리던 그 골목길에서 이렇게 애태우며 기다렸는데 너의 모습 찾을수는 정말 없었어 언제까지 이렇게 방황해야 해 사랑해 사랑해 예 사랑해  사랑해 사랑해 사랑해
1992.08.16~08.22,27,49494,미소,신해철,변진섭 신해철,1991.11,Ballad,신재홍,언제부턴가 흐르고 있는 의미 없는 시간 속에 지쳐버린 난 열린 창가에 이렇게 기대고 있네 더욱 깊어지는 오늘 밤은 나의 추억 속에 그대는 어둠 속에서 다시 내게로 오는데 이젠 지울 수 없는 그 모습 내게 또 다시 멀어지네 서성이고 있는 내 모습 속에 그댄 미소를 짓네 그 날처럼  언제부턴가 흐르고 있는 의미 없는 시간 속에 지쳐버린 난 열린 창가에 이렇게 기대고 있네 더욱 깊어지는 오늘 밤은 나의 추억 속에 그대는 어둠 속에서 다시 내게로 오는데 이젠 지울 수 없는 그 모습 내게 또 다시 멀어지네 서성이고 있는 내 모습 속에 그댄 미소를 짓네 그 여름 해변 속에는 오늘도 그녀 혼자서 기다리고 있을지 그때의 미소를 띄고 이젠 지울 수 없는 그 모습 내게 또 다시 멀어지네 서성이고 있는 내 모습 속에 그댄 미소를 짓네 그 날처럼
1992.08.16~08.22,28,1099839,사랑 그이름 하나로,김범룡,사랑 그 이름 하나로,1992.03.01,Ballad,박준호,내가 가진것을 너에게 줄 수 있고  네가 가진것을 나에게 줄 수 있다면  우리 사는 세상은 아름답고 평화로운 세상 이뤄질거야  * 내가 숨김없는 마음주고 네가 거짓없는  말을 할 수 있다면 우리 마주보는  두 눈은 아름답고 평화로운 세상 이뤄질거야  우리 모두가 사랑하고 우리 모두가  아껴준다면 미워하는 마음도 믿지  못할 마음도 햇살처럼 밝아질거야  사랑해 사랑해 세상모든  아픔들을 사랑해  사랑해 사랑해 세상모든  슬픔들을 사랑해 우~~~~~~~ *  * ~ *반복
1992.08.16~08.22,29,45865,나는 너를,황치훈,황치훈 Ⅱ,1992.06,Ballad,,처음 너를 알게된건 내겐 행운이었지 지나간 우리의 시간은 그 무엇과 바꿀 수 없어 난 너의 웃음에서 나를 찾곤 했었지 하지만 흐르는 시간은 우릴 그대로 남겨두질 않았어 나는 너를 보내지 않았어 서둘러 네가 나를 떠나버렸던 거야 나는 너를 나 자신보다 더욱 사랑하고 있다는 걸 네 가슴속에 오랫동안 묻어줘 그렇게..  난 너의 웃음에서 나를 찾곤 했었지 하지만 흐르는 시간은 우릴 그대로 남겨두질 않았어 나는 너를 보내지 않았어 서둘러 네가 나를 떠나버렸던 거야 나는 너를 나 자신보다 더욱 사랑하고 있다는 걸 네 가슴속에 오랫동안 묻어줘 그렇게..  나는 너를 보내지 않았어 서둘러 네가 나를 떠나버렸던 거야 나는 너를 나 자신보다 더욱 사랑하고 있다는 걸 네 가슴속에 오랫동안 묻어줘 그렇게..
1992.08.16~08.22,30,987211,눈싸움하던 아이들,야샤,Yasha Collection,1992,New Age,,
1992.08.16~08.22,31,2960885,이젠 됐어,신윤미,신윤미,1992.02,Ballad,,
1992.08.16~08.22,32,49910,지지 않는 노을,이정현,Endless Sunset,1991,Ballad,,Really I love you 널 잊으려 했던 지난 사흘은 내 진실이 아닌걸 그저 쉽게 너를 잊을수 있다면 그건 내가 아니지 왠지 그러고 싶었어 그러면 조금 마음 편안해질까 그렇지만 내가 참을수 있던건 오 나의 눈물뿐 이렇게 후회할줄 알면서 왜 너의 남겨진 사진까지 흔적없이 모두 태워 버렸나 이제는 멀리 너를 비껴 지나가는 시간들 속에 나의 가슴을 물들이는 지지 않는 노을이 되어 다시는 애써 외면하지 않아 때가 되면은 잊혀지겠지  왠지 그러고 싶었어 그러면 조금 마음 편안해질까 그렇지만 내가 참을수 있던건 오 나의 눈물뿐 이렇게 후회할줄 알면서 왜 너의 남겨진 사진까지 흔적없이 모두 태워 버렸나 이제는 멀리 너를 비껴 지나가는 시간들 속에 나의 가슴을 물들이는 지지 않는 노을이 되어 다시는 애써 외면하지 않아 때가 되면은 잊혀지겠지 흐르는 대로 흘러가야지 언젠가 모두다 잊혀지겠지
1992.08.16~08.22,33,91233,이마음 다시 여기에,노사연,이마음 다시 여기에,1992.01.01,Ballad,송영석,못내 아쉬운 이별이 어느새 그리움 되어 설레이는 더운 가슴으로 헤매여도 바람일 뿐 끝내 못 잊을 그날이 지금도 다시 눈 앞에 글썽이는 흐린 두눈으로 둘러봐도 하늘일 뿐 아 나의 사랑은 때로는 아주 먼 곳에 영원히 찾을 수 없는 곳에 던져 버리고 싶을 뿐 하지만 저 쯤 멀어진 그리운 우리의 사랑 대답이 없는 너의 뒷모습 이 마음 다시 여기에  아 나의 사랑은 때로는 아주 먼 곳에 영원히 찾을 수 없는 곳에 던져 버리고 싶을 뿐 하지만 저 쯤 멀어진 그리운 우리의 사랑 대답이 없는 너의 뒷모습 이 마음 다시 여기에 이 마음 다시 여기에
1992.08.16~08.22,34,61106,종이 비행기를 타고 간 사랑,이연경,어린시절의 꿈/종이비행기를 타고 간 사랑,1992,Ballad,,안녕이란 한 마디 낯이 익은 이름 뿐 처음이자 마지막의 너의 편지를 비 내리는 저녁에 창문턱에 기대어 비행기로 곱게 접어 날려보냈어 날아서 가 버린 나만의 사랑을 세월이 흘러도 잊기는 힘들어 저 하늘 너머로 찾아가 보지만 찬 바람에 실려 떠나가 버렸네 바람 부는 저 언덕 이름 모를 들꽃들 나의 사랑 어디 갔나 물어보아도  모두 다른 이름과 사연들을 간직한 다른 종이 비행기만 보았다하네 날아서 가버린 나만의 사랑을 세월이 흘러도 잊기는 힘들어 저 하늘 너머로 찾아가 보지만 찬 바람에 실려 떠나가 버렸네  날아서 가 버린 나만의 사랑을 세월이 흘러도 잊기는 힘들어 저 하늘 너머로 찾아가 보지만 찬 바람에 실려 떠나가 버렸네
1992.08.16~08.22,35,45956,내마음 알겠니,강수지,내마음 알겠니,1992.07,Ballad,강수지,떠날 마음은 정말 아니었는데 알 수 없는 웃음 뒤로 보이는 네게 나는 화가 났을 뿐 싫었던 건 아냐 내가 느끼는 그대로 표현 못한 것뿐 처음부터 나만을 사랑하지는 않았지 혼자 남겨질까봐 두려워만 했던 거야 외롭고 힘이 들때면 기댈 그 누군가가 몹시도 네겐 필요했는지 모를 그런 이유일 텐데 같은 모습으로는 머물 수 없겠지 늦었지만 이젠 정말 내 마음 알겠니  처음부터 나만을 사랑하지는 않았지 혼자 남겨질까봐 두려워만 했던 거야 외롭고 힘이 들때면 기댈 그 누군가가 몹시도 네겐 필요했는지 모를 그런 이유일 텐데 같은 모습으로는 머물 수 없겠지 늦었지만 이젠 정말 내 마음 알겠니
1992.08.16~08.22,36,57623,50년 후의 내모습,신해철,`91 Shin Hae Chul Myself Tour,1992,Ballad,신해철,누구나 한번쯤 생각해 보는 일들 50년후의 내 모습 주름진 얼굴과 하얗게 센 머리칼 아마 피할 순 없겠지  강철과 벽돌의 차가운 도시 속에 구부정한 내 뒷모습 살아갈 날들이 살아온 날들보다 훨씬 더 적을 그때쯤  나는 어떤 모습으로 세월에 떠다니고 있을까 노후연금 사회보장 아마 편할 수도 있겠지만 I SEE AN OLD MAN SITTING ON THE BENCH MAYBE HE'S CRYING CAUSE HE'S DYING HE'S GOT A CIGARETTE BURNED LIKE REST OF HIS LIFE I TRY TO REMEMBER WHO HE IS HE IS ME I SEE MY FUTURE NOW HE'S GOT NO FAMILY NOT EVEN WIFE AND A CHILD I'M SO CONFUSED I WISH IT'S ONLY DREAM I HEAR THE NATURE I FEAR MY FUTURE  나는 어떤 모습으로 세월에 떠다니고 있을까 노후연금 사회보장 아마 편할 수도 있겠지만 벤치에 앉아 할일 없이 시간을 보내긴 정말 싫어 하루 하루 지나가도 오히려 길어지는 시간들 나는 어떤 모습으로 세월에 떠다니고 있을까 노후연금 사회보장 아마 편할 수도 있겠지만 벤치에 앉아 할일 없이 시간을 보내긴 정말 싫어 하루 하루 지나가도 오히려 길어지는 시간들
1992.08.16~08.22,37,18187,별걸다 기억하는 남자,노영심,4월이 울고있네 1집,1992.01.10,Ballad,노영심,나를 처음 본 게 정확히 목요일이었는지 금요일이었는지 그 때 귀걸이를 했는지 안 했었는지 기억할 수 있을까 그런 시시콜콜한걸 다 기억할 필요가 뭐가 있을까 생각하겠지만 내 생일이나 전화번호를 외우는 건 너무 당연하지 않아요  내가 전화걸 때 처음에 여보세요 하는지 죄송합니다만 그러는지 번호 8자를 적을 때 왼쪽으로 돌리는지 오른쪽으로 돌려쓰는지 지하철 1호선과 4호선안에서 내 표정은 어떻게 달라지는지 내가 미처 깨닫지 못한 내 모습까지도 기억하는 남자 같이 걷던 한강 인도교의 철조 아치가 여섯개인지 일곱개인지 그때 우리를 조용히 따르던 하늘의 달은 초생달인지 보름달인지 우리동네 목욕탕 정기휴일이 혹시 첫째 셋째 수요일에 쉬는지 아니면 둘째 넷째 수요일에 쉬는지 그걸 기억할 수 있을까 나를 둘러싼 수많은 모습과 내 마음속의 숨은 표정까지도 오직 나만의것으로 이해해주는 별걸 다 기억하는 남자  내 새끼손가락엔 매니큐얼 칠했는지 봉숭아물을 들였는지 커피는 설탕 두스푼에 프림 한스푼인지 설탕 하나에 프림 둘인지 그런 사소한 것까지 다 기억을 한다면 얼마나 피곤할까 생각하겠지만 아주 가끔씩만 내게 일깨워준다면 어때요 매력 있지 않아요 어릴적 동화 보물섬 해적선장 애꾸눈 잭은 안대가 오른쪽인지 왼쪽인지 만화 주인공 영심이를 좋아하는 남학생이 안경을 썼는지 안 썼는지 고깃집에서 내가 쌈을 먹을 때 쌈장을 바르고 고기를 얹는지 아니면 고기부터 얹고 쌈장을 바르는지 기억할 수 있을까 나도 모르는 날 일깨워 주듯이 볼 때마다 새로움을 주는 사람이면 그 어떤 능력보다 소중하지요 별걸 다 기억하는 남자 지난겨울에 내가 즐겨 끼던 장갑이 보라색인지 분홍색인지 그게 벙어리 장갑인지 손가락 장갑인지 기억할 수 있을까 나를 처음으로 집까지 데려다준날 정류장에서 들리던 노래가 목포의 눈물인지 빈대떡 신산지 혹시 기억할 수 있을까
1992.08.16~08.22,38,53795,가네가네 (행복을 찾아서),임지훈,그대도 나처럼 외로운지,1992.01.30,Folk,임지훈,가네 가네 가네 가네 가네 가네 가네 가네 꿈을 안고 가네 사랑을 실어가네 눈물을 흘리며 가네 가슴을 열고 뛰네 춤추는 듯 달려가네 눈물을 흘리며 가네 무엇을 그리 바삐 찾고 있니 무엇을 버리고 왔니 머물고 싶은 순간 순간들도 바람따라 휭하니 가고 어루만져주고 싶은 사랑도 지는 해에 버리고 왔네 꿈을 안고 가네 사랑을 실어가네 행복을 찾아서 가네 가슴을 열고 뛰네 춤추는 듯 달려가네 태양을 가지고 가네  가네 가네 가네 가네 가네 가네 가네 가네 꿈을 안고 가네 사랑을 실어가네 눈물을 흘리며 가네 가슴을 열고 뛰네 춤추는 듯 달려가네 눈물을 흘리며 가네 무엇을 그리 바삐 찾고 있니 무엇을 버리고 왔니 머물고 싶은 순간 순간들도 바람따라 휭하니 가고 어루만져주고 싶은 사랑도 지는 해에 버리고 왔네 꿈을 안고 가네 사랑을 실어가네 행복을 찾아서 가네 가슴을 열고 뛰네 춤추는 듯 달려가네 태양을 가지고 가네 가네 가네 가네 가네 가네 가네 가네 가네 가네 가네 가네 가네 가네 가네 가네 가네 가네 가네 가네 가네 가네 가네 가네 가네 가네 가네 가네 가네 가네 가네 가네 가네 가네 가네 가네 가네 가네 가네 가네 가네
1992.08.16~08.22,39,610295,기억 어디에서도 만나지는 너,이주엽,이주엽 3,1992.05.01,Ballad,백운상,밤은 저 멀리서 불빛을 부르고 짙은 밤안개가 주위를 감싸면 나는 잊혀진 너와의 추억을 찾아가지 내 기억 저 편에 남아있는 너와의 시간 속을 언젠가 내게 얘기한 약속은 눈물로만 채워져 이제는 어떤 말도 할 수 없지만 나 오늘 밤처럼 너를 회상할 수있다면 나는 기쁨만을 가슴에 안을 수 있지 너 하나만 나는 사랑했던 날들이 슬픔만은 아니라는 걸 알았으니까  안개속으로 희미한 가로등 우리 옛이야기 펼쳐진 밤거리 창에 기대여 지워진 그리움 그릴때면 아직도 난 너를 사랑으로 남겨두고 싶어져 언젠가 내게 얘기한 약속은 눈물로만 채워져 이제는 어떤 말도 할 수 없지만 나 오늘 밤처럼 너를 회상할 수있다면 나는 기쁨만을 가슴에 안을 수 있지 너 하나만 나는 사랑했던 날들이 슬픔만은 아니라는 걸 알았으니까 나 오늘 밤처럼 너를 회상할 수있다면 나는 기쁨만을 가슴에 안을 수 있지 너 하나만 나는 사랑했던 날들이
1992.08.16~08.22,40,1647715,아름다운 눈물꽃,박정수,박정수,1992.06.20,Ballad,백영규,하늘가 멀리 보이는 너의 환한 미소 내 마음도 모르고 마냥 웃는다 사랑을 가득 채우고 이미 떠나버린 넌 언제나 꿈꾸는 기쁨이었다 창백한 얼굴에 순결한 몸짓은 거짓없는 세상을 진정 살고 싶어했다 나 떠난 자리에 아름다운 눈물꽃 쓸쓸히 피어나 그리움에 하얀 날개 손짓하며 나를 부르네 나를 부르네  창백한 얼굴에 순결한 몸짓은 거짓없는 세상을 진정 살고 싶어했다 나 떠난 자리에 아름다운 눈물꽃 쓸쓸히 피어나 그리움에 하얀 날개 손짓하며 나를 부르네 나 떠난 자리에 아름다운 눈물꽃 쓸쓸히 피어나 그리움에 하얀 날개
1992.08.16~08.22,41,109477,예감,서정욱,CM CM CM Song!,1992.06,Ballad,,
1992.08.16~08.22,42,317904,내일을 향해,신성우,2002 Shinsungwoo Special Edition,2002.10.01,Rock,신성우,1.낯익은 빗소리에 거리를 바라보다  무심코 지나쳐 버린 내 꿈을 찾아서  젖은 불빛 등에 지고 고개 숙여 걸어가다  버려진 작은 꿈들에 한숨을 던지네  나 어릴 적 꿈에 바라보던 세상들은  낯설은 꿈의 거리    내일을 향해서라면 과거는 필요없지  힘들은 나의 일기도 내일을 향해서라면  내일을 향해서라면 과거는 필요없지  힘들은 나의 일기도 내일을 향해서라면  내 볼에 스쳐가는 싸늘한 찬바람이  어깨위 무거웠던 질문을 털어내고  무엇을 찾고있나 어두운 밤거리를  술취한 듯 지친듯이 외쳐대는 사람들  나 어릴 적 꿈에 바라보던 세상들은  낮설은 꿈의 거리~~~~~  (간주 중)    내일을 향해서 라면 과거는 필요 없지.  힘들은 나의 일기도 내일을 향해서 라면  내일을 향해서 라면 과거는 필요 없지.  힘들은 나의 일기도 내일을 향해서 라면  내일을 향해서 라면 과거는 필요 없지.  힘들은 나의 일기도 내일을 향해서 라면
1992.08.16~08.22,43,77266,벙어리 바이올린,윤설하,오후엔 우울한 하늘 / 벙어리 바이올린,1990.08.20,Ballad,백창우,내 마음을 울리던  그대의 바이올린  주인 없는 빈방에 혼자 놓여있네  이젠 그대가 부르던  슬픈 노래들은  누가 들려줄까  누가 들려줄까    꿈이 높은 사람들의 도시를 떠나  먼 들녘의 제비꽃이 되고 싶다며  욕심 없는 착한 눈을 글썽거리던  그대는 지금 어디에  그대는 지금 어디에    밤이 내린 거리를 쓸쓸히 걷다가  그대의 맑은 웃음이 문득 떠올라  조그만 그 카페를 찾아갔지만  그대는 없었네 그대는 없었네    침묵의 강에 떠있는  낡은 바이올린  어느 날의 닫혀있는 가슴을 열까  아흔아홉 어두운 굽이  어디쯤에서  다시 눈을 뜰까  다시 눈을 뜰까
1992.08.16~08.22,44,49938,추억 만들기,김현식,김현식 6집,1991.01.26,Ballad,김현식,새끼손가락 걸며 영원 하자던 그대는 지금 어디에 그대를 사랑하며 잊어야하는 내 맘은 너무 아파요 그대 떠나는 뒷모습에 내 눈물 떨구어 주리 가는 걸음에 내 눈물 떨구어 주리 내 마음 보여줘 본 그때 그 사람 사랑하던 나의 그 사람 뜨거운 내 마음은 나도 모르게 천천히 식어갑니다 세월이 흘러가서 백발이 되어버리고 얼굴엔 주름지어 내 사랑 식어버려도 내 마음 보여줘 본 그때 그 사람 사랑하던 나의 그 사람 뜨거운 내 마음은 나도 모르게 천천히 식어갑니다
1992.08.16~08.22,45,611953,늦은 재회,김정수,갈등,1992,Adult Contemporary,이건우,뭐라고 말 좀 해봐요 내 곁에 가까이와요 당신의 미소띤 얼굴엔 어느새 눈물 자욱이 눈감아 잊지 말아요 아껴온 추억들인데 이제와 생각하면 순전히 모두가 내 잘못이죠 그토록 오랜 세월 당신은 어디서 무엇을 했나 이제와 우리서로 이제와 우리서로 어디쯤일까 만나지 말아야 해요 아무리 보고싶어도 언젠가 오늘처럼 우연히 만날 수 있을때까지   그토록 오랜 세월 당신은 어디서 무엇을 했나 이제와 우리서로 이제와 우리서로 어디쯤일까 만나지 말아야 해요 아무리 보고싶어도 언젠가 오늘처럼 우연히 만날 수 있을때까지
1992.08.16~08.22,46,1178435,옛사랑,이문세,독창회 1981-1999,1999.05.01,Ballad,이영훈,남들도 모르게 서성이다 울었지  지나온 일들이 가슴에 사무쳐  텅빈 하늘밑 불빛들 켜져가면  옛사랑 그이름 아껴 불러보네   찬바람 불어와 옷깃을 여미우다  후회가 또 화가 나 눈물이 흐르네  누가 물어도 아플것같지 않던  지나온 내모습 모두 거짓인가   이제 그리운것은 그리운대로 내맘에 둘거야  그대 생각이나면 생각난대로 내버려 두듯이   흰눈나리면 들판에 서성이다  옛사랑 생각에 그길 찾아가지  광화문거리 흰눈에 덮혀가고  하얀눈 하늘높이 자꾸 올라가네   이제 그리운 것은 그리운대로 내맘에 둘거야  그대 생각이나면 생각난대로 내버려 두듯이   사랑이란게 지겨울때가 있지  내맘에 고독이 너무 흘러 넘쳐  눈녹은 봄날 푸르른 잎새위에  옛사랑 그대모습 영원속에 있네
1992.08.16~08.22,47,2960850,꿈꾸는 도시,박헌종,Park Heon Jong,1991,Ballad,,
1992.08.16~08.22,48,91058,사랑은 차가운 유혹,양수경,Asiandream,1991.11,Dance,이건우,사랑은 차가운 유혹 그래도 피할 순 없어 이별은 때늦은 후회 다시는 만날 수 없어  마지막 인사를 하지도 못하고 어깨를 움추린 채로 고개만 떨구네 힘없이 다가와 내 손을 잡을 때 뺨위로 흐르는 눈물 가슴만 메이네 이세상 모두를 사랑한 당신이 어이해 나만을 사랑할 수 없나 사랑은 차가운 유혹 그래도 피할 순 없어 이별은 때늦은 후회 다시는 만날 수 없어  언젠가 우연히 마주친다해도 모르는 사람들처럼 지나쳐 가겠지 이세상 모두를 사랑한 당신이 어이해 나만을 사랑할 수 없나 사랑은 차가운 유혹 그래도 피할 순 없어 이별은 때늦은 후회 다시는 만날 수 없어 사랑은 차가운 유혹 그래도 피할 순 없어 이별은 때늦은 후회 다시는 만날 수 없어
1992.08.16~08.22,49,49560,너를 처음만난 그때,박준하,박준하,1992,Ballad,전상진,너를 처음만난 그때  가르쳐 줄수는 없을까 내가 정말 살아있다는 걸 느낀건 너를 처음만난 그때 가르쳐 줄수는 없을까 내가 정말 나를 사랑하게 된것은 너를 사랑했던 그때란걸 달아나지마 난 너의 전불 원하지는 않아 그렇지만 아이처럼 조르고 싶어 이젠 더이상 너에게로 가까이 다가갈 수 없는걸 알아 그냥 이렇게 바라만 볼꺼야 슬프지 않아 너는 항상 이렇게 기다리고 있는걸 알아 그냥 이대로 사랑을 할꺼야  달아나지마 난 너의 전불 원하지는 않아 그렇지만 아이처럼 조르고 싶어 이젠 더이상 너에게로 가까이 다가갈수 없는걸 알아 그냥 이렇게 바라만 볼꺼야 슬프지 않아 너는 항상 이렇게 기다리고 있는걸 알아 그냥 이대로 사랑을 할꺼야 이젠 더이상 너에게로 가까이 다가갈수 없는걸 알아 그냥 이렇게 바라만 볼꺼야 슬프지 않아 너는 항상 이렇게 기다리고 있는걸 알아 그냥 이대로 사랑을 할꺼야
1992.08.16~08.22,50,108197,Main Title : Love Theme 여명의 눈동자,최경식,여명의 눈동자 OST,1991.11,Drama,,
