time,rank,song_id,title,singers,album,date,genre,creator,lyric
1992.11.29~12.05,1,50733,아주 오래된 연인들,015B,The Third Wave,1992.08.24,Ballad,정석원,저녁이 되면 의무감으로 전화를 하고  관심도 없는 서로의 일과를 묻곤 하지  가끔씩은 사랑한단 말로  서로에게 위로하겠지만  그런것도 예전에 가졌던 두근거림은 아니야  처음에 만난 그 느낌 그 설레임을 찾는 다면  우리가 느낀 싫증은 이젠 없는 거야    주말이 되면 습관적으로 약속을 하고   서로를 위해 봉사한다고 생각을 하지   가끔씩은 서로의 눈 피해  다른 사람 만나기도 하고  자연스레 이별할 기회를 찾으려 할때도 있지    처음에 만난 그 느낌 그 설레임을 찾는 다면  우리가 느낀 싫증은 이젠 없는 거야    처음에 만난 그 느낌 그 설레임을 찾는 다면  우리가 느낀 싫증은 이젠 없는 거야    스탑더 빅
1992.11.29~12.05,2,1839185,자아도취,푸른하늘,푸른하늘 5집 - 자아도취,1992,Ballad,유영석,못생긴 얼굴에 작은 키로 어쩜 넌 그애를 좋아하니 끌리는 마음 이해하겠지만 넌 안돼 안돼 형은 뭐 잘났수 그 얼굴에 그애와 나는 이미 통했는걸 모든 걸 양보해도 이번만은 난 안돼 안돼 세상일이 힘이들때마다 너와 난 서로가 말은 안했지만 느낌으로 눈빛 하나 만으로 서로 이해하며 웃음지었는데 그까짓 사랑 유치한 감정에 이렇게 싸운 건 맘에 안 들지만 포기 못해 이번만은 나역시도 이번만은 양보할 순 없지 내가 예쁜 건 사실이겠지만 날두고 서로 다투지는 마요 아직은 누구도 사랑할 생각 난 없어 없어  정말로 이럴수는 없는 거야 날 사랑 않는다는 그애의 말 나처럼 괜찮은 남자 세상에 없는데 없어 착각도 지나치면 우스워요 하지만 난 착하고 겸손한데 남들이 뭐라해도 나는 정말 잘났어 나도 나역시 나만
1992.11.29~12.05,3,176479,흐린 기억속의 그대,현진영,S.M. Best Album,1993.11,Dance,이탁,안개빛 조명은 흐트러진 내몸을 감싸고   술에 취해 비틀거리는 우예~  나의 모습 이제는 싫어 슬뜰르를 예    뽀얀 담배 연기 화려한 차림속에 거울로 비쳐오는  초라한 나의 모습 변화된 생활속에  나만의 너는 너는 너는 잊혀져 가고  여인들의 열기 속에 흔들리는 촛불마져  나를 처량하게 만드는 것만 같아 견딜수 없어  싸늘한 밤 거리를 걷다가 무거워진 내 발걸음  흐린 기억 속에 그대 그대 그대 모습을 사랑하고 싶지만  돌아서 버린 너였기에 멀어져버린 너였기에  소중한 기억속으로 접어들고 싶어  흘러가는 시간 속에 속에  나만의 모습 찾을 수가 없어없어  흐트러진 나의 마음 무질서한 공간에서  슬픔에 찬 나의 마음 이젠 이젠 이젠 이젠 잊고 싶어  내곁에 있어줄수 없나 왜 내마음 모두 남겨 버린채  내 곁에서 멀리 떠나가버린  흐린 기억속에 그대 모습 떠올리고 있네  하 하루 지나고 지나도 왜 너를 잊을 수가 없는가  내곁에서 멀리 떠나가버린  흐린 기억속의 그대 모습 떠올리고 있네    싸늘한 밤 거리를 걷다가 무거워진 내 발걸음  흐린 기억 속에 그대 그대 그대 모습을 사랑하고 싶지만  돌아서 버린 너였기에 멀어져버린 너였기에  소중한 기억속으로 접어들고 싶어  흘러가는 시간 속에 속에  나의 모습 찾을 수가 없어없어  흐트러진 나의 마음 무질서한 공간에서  슬픔에 찬 나의 마음 이젠 이젠 이젠 이젠 잊고 싶어
1992.11.29~12.05,4,91406,너의 결혼식,윤종신,Sorrow (1st Edition),1992,Ballad,박주연,몰랐었어 네가 그렇게 예쁜지 웨딩드레스 하얀 네 손엔 서글픈 부케 수줍은 듯한 네 미소 이해할게 너의 부모님 말씀을 지금 보니 네 옆의 그 사람은 널 아마 행복하게 해 줄 꺼야 하지만 넌 잊을 수 있니 그 맹세 마지막을 함께 하자던 울었잖아 촛불을 켜고 무엇도 우릴 갈라 놀 순 없다고 세상 그 누구보다 난 널 알잖아 순결한 너의 비밀 너의 꿈을 나를 보지만 지금 니 모습에 우는 날 난 지키고 있을게 촛불의 약속 괜찮아 너는 잠시 잊어도 돼 널 맡긴거야 이 세상은 잠시 뿐인걸  하지만 넌 잊을 수 있니 그 맹세 마지막을 함께 하자던 울었잖아 촛불을 켜고 무엇도 우릴 갈라 놀 순 없다고 세상 그 누구보다 난 널 알잖아 순결한 너의 비밀 너의 꿈을 나를 보지만 지금 니 모습에 우는 날 난 지키고 있을게 촛불의 약속 괜찮아 너는 잠시 잊어도 돼 널 맡긴거야 이 세상은 잠시 뿐인걸 세상 그 누구보다 난 널 알잖아 순결한 너의 비밀 너의 꿈을 나를 보지만 지금 니 모습에 우는 날 난 지키고 있을게 촛불의 약속 괜찮아 너는 잠시 잊어도 돼
1992.11.29~12.05,5,49035,도시인,넥스트,Home,1992,Rock,신해철,아침엔 우유 한잔 점심엔 FAST FOOD 쫓기는 사람처럼 시계바늘 보면서 거리를 가득메운 자동차 경적소리 어깨를 늘어뜨린 학생들 THIS IS THE CITY LIFE! 모두가 똑같은 얼굴을 하고 손을 내밀어 악수하지만 가슴속에는 모두 다른 마음 각자 걸어가고 있는거야 아무런 말없이 어디로 가는가 함께 있지만 외로운 사람들  어젯밤 술이 덜 깬 흐릿한 두 눈으로 자판기 커피 한 잔 구겨진 셔츠 샐러리맨 기계 부속품처럼 큰 빌딩속에 앉아 점점 빨리가는 세월들 THIS IS THE CITY LIFE! 모두가 똑같은 얼굴을 하고 손을 내밀어 악수하지만 가슴속에는 모두 다른 마음 각자 걸어가고 있는거야 아무런 말없이 어디로 가는가 함께 있지만 외로운 사람들  THIS IS THE CITY LIFE! 한 손엔 휴대전화 허리엔 삐삐차고 집이란 잠자는 곳 직장이란 전쟁터 회색빛의 빌딩들 회색빛의 하늘과 회색 얼굴의 사람들 THIS IS THE CITY LIFE! 아무런 말없이 어디로 가는가 함께 있지만 외로운 사람들 아무 말없이 어디로 가는가 함께 있지만 외로운 사람들
1992.11.29~12.05,6,1707087,가려진 시간 사이로,윤상,윤상2 - Part I,1992.10.15,Ballad,박주연,노는 아이들 소리  저녁 무렵의 교정은  아쉽게 남겨진 햇살에 물들고 메아리로 멀리 퍼져 가는 꼬마들의 숨바꼭질 놀이에 내 어린 그 시절 커다란  두 눈의 그 소녀 떠올라  넌 지금 어디 있니  내 생각 가끔 나는지  처음으로 느꼈었던  수줍던 설레임  지금까지 나 헤매는 까닭엔  네가 있기는 하지만  우린 모두 숨겨졌지  가려진 시간 사이로  메아리로 멀리 퍼져 가는 꼬마들의 숨바꼭질 놀이에 내 어린 그 시절 커다란 두 눈의 그 소녀 떠올라 넌 지금 어디 있니 내 생각 가끔 나는지 처음으로 느꼈었던 수줍던 설레임 지금까지 나 헤매는 까닭엔 네가 있기는 하지만 우린 모두 숨겨졌지 가려진 시간 사이로
1992.11.29~12.05,7,608252,그대 나를 보면,이문세,이문세 4집,1987.03.10,Dance,이영훈,그대 나를 보면 울기만 했지만 하루종일 울다가 웃어버렸지만 나 그대의 연인되진 않아 나 그대의 사람되진 않아 그대 아름다운 여인이여 울다 웃는 꽃처럼 그런 그대를 안고 싶지만 그저 나의 친구로 좋아  나도 그대보며 사랑 느끼지만 하루종일 보다도 웃어버렸지만 나 그대의 연인되진 않아 나 그대의 사람되진 않아 그대 아름다운 여인이여 비에 젖은 꽃처럼 그런 그대를 안고 싶지만 그저 나의 친구로 좋아 그대 아름다운 여인이여 울다 웃는 꽃처럼 그런 그대를 안고 싶지만 그저 나의 친구로 좋아
1992.11.29~12.05,8,45926,내가 아는 한가지,이덕진,Sad Wings Of Destiny,1992.01.12,Ballad,박주연,살아가는 동안 한번도 안 올지 몰라  사랑이라는 감정의 물결  그런 때가 왔다는 건 삶이 가끔 주는 선물  지금까지 잘 견뎌왔다는   널 만났다는 건 외롭던 날들의 보상인걸  그래서 나는 맞이하게 된거야  그대라는 커다란 운명   이 세상의 무엇 하나도  나를 꺾을 수는 없겠지만  너의 뜻대로 살아가는 것만이  내가 아는 한가지   네가 원하는 건 나 또한 원하는거야  이미 나는 따로 있질 않아  이별이라는 것 또한 사랑했던 사람만이  가질 수 있는 추억일지 몰라   널 만났다는 건 외롭던 날들의 보상인걸  그래서 나는 맞이하게 된거야  그대라는 커다란 운명   이 세상의 무엇 하나도  나를 꺾을 수는 없겠지만  너의 뜻대로 살아가는 것만이  내가 아는 한가지   널 만났다는 건 외롭던 날들의 보상인걸  그래서 나는 맞이하게 된거야  그대라는 커다란 운명
1992.11.29~12.05,9,317904,내일을 향해,신성우,2002 Shinsungwoo Special Edition,2002.10.01,Rock,신성우,1.낯익은 빗소리에 거리를 바라보다  무심코 지나쳐 버린 내 꿈을 찾아서  젖은 불빛 등에 지고 고개 숙여 걸어가다  버려진 작은 꿈들에 한숨을 던지네  나 어릴 적 꿈에 바라보던 세상들은  낯설은 꿈의 거리    내일을 향해서라면 과거는 필요없지  힘들은 나의 일기도 내일을 향해서라면  내일을 향해서라면 과거는 필요없지  힘들은 나의 일기도 내일을 향해서라면  내 볼에 스쳐가는 싸늘한 찬바람이  어깨위 무거웠던 질문을 털어내고  무엇을 찾고있나 어두운 밤거리를  술취한 듯 지친듯이 외쳐대는 사람들  나 어릴 적 꿈에 바라보던 세상들은  낮설은 꿈의 거리~~~~~  (간주 중)    내일을 향해서 라면 과거는 필요 없지.  힘들은 나의 일기도 내일을 향해서 라면  내일을 향해서 라면 과거는 필요 없지.  힘들은 나의 일기도 내일을 향해서 라면  내일을 향해서 라면 과거는 필요 없지.  힘들은 나의 일기도 내일을 향해서 라면
1992.11.29~12.05,10,57519,잠 못 드는 밤 비는 내리고,김건모,김건모1집 - 잠못드는 밤 비는 내리고,1992,Dance,김창환,슬픈 노래는 듣고 싶지않아  내 마음 속에 잠들어있는 네가  다시 나를 찾아와 나는 긴긴  밤을 잠 못들것 같아  창밖에 비가 내리면 우두커니  창가에 기대어 앉아  기타를 퉁기며 노래를 불렀지  네가 즐겨듣던 그 노래  창밖을 보면 비는 오는데 괜시리  마음만 울적해  울적한 마음을 달랠 수가 없네  잠도 오지 않는 밤에  이젠 나의 희미한 기억 속에 너는  점점 더 멀어져가고  너의 슬픈 미소만이 나의  마음속에 가득 남아 흐르고 있어  이렇게 비가 오는 밤이면 너는  나를 더욱 슬퍼지게해  언제나 즐겨듣던 그 노래가  내 귓가에 아직 남아있는데  이렇게 비가오는 밤이면  내 지친 그리움으로 널 만나고  이 비가 그치고 나면 난 너를  찾아 떠나갈거야 슬픈 노래는 듣고 싶지않아  내 마음 속에 잠들어있는 네가  다시 나를 찾아와 나는 긴긴  밤을 잠 못들것 같아  창밖에 비가 내리면 우두커니  창가에 기대어 앉아  기타를 퉁기며 노래를 불렀지  네가 즐겨듣던 그 노래  두눈을 감고 잠을 청해도 비오는  소리만 처량해  비오는 소리에 내 마음 젖었네  잠도 오지 않는 밤에  이젠 나의 희미한 기억 속에  너는 점점 더 멀어져가고  너의 슬픈 미소만이 나의  마음속에 가득 남아 흐르고 있어  이렇게 비가 오는 밤이면 너는  나를 더욱 슬퍼지게해  언제나 즐겨듣던 그 노래가  내 귓가에 아직 남아있는데  이렇게 비가오는 밤이면 내 지친  그리움으로 널 만나고  이 비가 그치고 나면 난 너를  찾아 떠나갈거야 이렇게 비가오는 밤이면 내 지친  그리움으로 널 만나고  이 비가 그치고 나면 난 너를  찾아 떠나갈거야
1992.11.29~12.05,11,463542,또 다른 만남을 위해,김민종,상처받은 사람들을 위해,2003.06.10,Ballad,지우,멀게만 느낀 우리의 이별 짧았던 그 순간 아쉬움을 남긴 채 떠나야 했던 소중했던 친구여 아무런 표정도 없이 그저 담담히 손 흔드는 네 모습 또 다른 만남위해 잠시 떠나야 할 뿐 젖어드는 내마음을 너는 알거야 오오 마음 울적해진 비가 오는 날엔 나를 그리며 싫은 사연 속에 너를 만나겠지예~ 낯선 너의 모습보며 눈물 글썽이는 내 맘 아프겠지만 그리운 친구여 또 다른 만남을 위해
1992.11.29~12.05,12,50014,환상속의 그대,서태지와아이들,1집 - 난 알아요,1992.03.23,Dance,서태지,결코 시간이 멈추어 줄 순   없다 Yo   무엇을 망설이나   되는것은 단지 하나뿐인데   바로 지금이   그대에게 유일한 순간이며   바로 여기가 단지   그대에게 유일한 장소이다   환상속에 그대가 있다   모든것이 이제 다 무너지고   있어도   환상속엔 아직 그대가 있다   지금 자신의 모습은   진짜가 아니라고 말한다   단지 그것 뿐인가   그대가 바라는 그것은   아무도 그대에게   관심을 두지 않는다   하나 둘 셋 LET'S GO   그대는 새로워야 한다   아름다운 모습으로 바꾸고   새롭게 도전하자   그대의 환상   그대는 마음만 대단하다   그마음은 위험하다 자신은 오직   꼭 잘될거라고   큰소리로 말하고 있다   하지만 지금   그대가 살고있는 모습은  무엇일까  환상속에 그대가 있다  모든것이 이제 다  무너지고 있어도  환상속엔 아직 그대가 있다  지금 자신의 모습은  진짜가 아니라고 말한다  세상은 Yo 빨리 돌아가고 있다  시간은 그대를 위해  멈추어 기다리지 않는다  사람들은 그대의 머리위로  뛰어다니고  그대는 방 한구석에 앉아  쉽게 인생을 얘기하려 한다  환상속에 그대가 있다  모든것이 이제 다  무너지고 있어도  환상속엔 아직 그대가 있다  지금 자신의 모습은  진짜가 아니라고 말한다
1992.11.29~12.05,13,193014,먼 훗날,박정운,추억만들기 4,1999.03.01,Ballad,박정운,잊으려 잊으려 해도  잊을 수 없는 그 얼굴 지우려 지우려 해도  지울 수 없는 그 이름  이별을 아쉬워하며  나의 품에 안겨 고개 숙인 너 가슴 속 깊이 간직한  네게 하고 싶었던  그 한마디 남겨둔 채  돌아서는 슬픈 내 모습 뒤로 울먹이는 너를 느끼며 먼 훗날에 너를 다시 만나면 사랑했다 말을 할거야   때로는 외로움 속에 때로는 아쉬움 속에 세월이 흐른 어느 날 난 홀로 울고 말았지  이별을 아쉬워하며 나의 품에 안겨 흐느끼는 너 마음속 깊이 간직한  네게 하고 싶었던  그 한마디 말 못하고  돌아서는 슬픈 내 모습 뒤로 울먹이는 너를 느끼며 먼 훗날에 너를 다시 만나면 사랑했다 말을 할거야   돌아서는 슬픈 내 모습 뒤로 울먹이는 너를 느끼며 너는 나의 마음 알고 있을까 너를 진정 사랑했다고  먼 훗날에 너를 다시 만나면 사랑했다 말을 할거야 -
1992.11.29~12.05,14,78782,먼지가 되어,이윤수,"`90 창신동, 그리고...",1991,Folk,,바하에 선율에 젖은 날에는 잊었던 기억들이 피어나네요 바람에 날려간 나의 노래도 휘파람 소리로 돌아오네요 내 조그만 공간 속에 추억만 쌓이고 까닭 모를 눈물만이 아롱거리네 작은 가슴을 모두 모두어 시를 써봐도 모자란 당신 먼지가 되어 날아가야지 바람에 날려 당신 곁으로  작은 가슴을 모두 모두어 시를 써봐도 모자란 당신 먼지가 되어 날아가야지 바람에 날려 당신 곁으로
1992.11.29~12.05,15,45956,내마음 알겠니,강수지,내마음 알겠니,1992.07,Ballad,강수지,떠날 마음은 정말 아니었는데 알 수 없는 웃음 뒤로 보이는 네게 나는 화가 났을 뿐 싫었던 건 아냐 내가 느끼는 그대로 표현 못한 것뿐 처음부터 나만을 사랑하지는 않았지 혼자 남겨질까봐 두려워만 했던 거야 외롭고 힘이 들때면 기댈 그 누군가가 몹시도 네겐 필요했는지 모를 그런 이유일 텐데 같은 모습으로는 머물 수 없겠지 늦었지만 이젠 정말 내 마음 알겠니  처음부터 나만을 사랑하지는 않았지 혼자 남겨질까봐 두려워만 했던 거야 외롭고 힘이 들때면 기댈 그 누군가가 몹시도 네겐 필요했는지 모를 그런 이유일 텐데 같은 모습으로는 머물 수 없겠지 늦었지만 이젠 정말 내 마음 알겠니
1992.11.29~12.05,16,50513,한번 더 생각해봐요,양수경,알수 없는 이별/한번 더 생각해봐요,1992.09.15,Ballad,이건우,그 무슨말을 하나요 지금 나에게 그대를 향한 나의 마음 너무 슬퍼 이대로 나를 떠나게 하지 말아요 어떻게 우리 만났는데 이별을 원해요 그 무슨 이유로 내마음을 더욱 더 아프게 만드는지 모르지만 마지막 이 순간은 원하지 않아 한번 더 생각해봐요 눈을 감아요 추억이 너무 아름다워 이별은 싫어요  그 무슨 이유로 내마음을 더욱 더 아프게 만드는지 모르지만 마지막 이 순간은 원하지 않아 그 무슨말을 하나요 지금 나에게 그대를 향한 나의 마음 너무 슬퍼 한번 더 생각해봐요 눈을 감아요 추억이 너무 아름다워 이별은 싫어요 한번 더 생각해봐요 한번 더 생각해봐요
1992.11.29~12.05,17,50330,더 이상 내게 아픔을 남기지마,하수빈,Lisa In Love,1992,Ballad,,지금 너의 차가운 눈빛을 나는 알고 있었어 아쉬움도 느낄 수 없을만큼 짧은 시간만 남아있나 넌 이제 떠나고 추억만 남겠지 차가운 눈빛만 내 맘에 간직한채 이제는 나도 알아~ 이것이 마지막 사랑이라는걸~ 더 이상 내게 아픔을 남기지 마 초라한 내 모습 싫어  넌 이제 떠나고 추억만 남겠지 차가운 눈빛만 내 맘에 간직한채 이제는 나도 알아~ 이것이 마지막 사랑이라는걸~ 더 이상 내게 아픔을 남기지 마 초라한 내 모습 싫어 이제는 나도 알아~ 이것이 마지막 사랑이라는걸~ 더 이상 내게 아픔을 남기지 마 초라한 내 모습 싫어
1992.11.29~12.05,18,50627,산골 소년의 사랑이야기,예민,Yemin 2,1992.07,Folk,예민,풀잎새 따다가 엮었어요  예쁜 꽃송이도 넣었구요  그대 노을빛에 머리 곱게 물들면  예쁜 꽃모자 씌워 주고파  냇가에 고무신 벗어놓고  흐르는 냇물에 발담그고  언제쯤 그애가 징검다리를 건널까  하며 가슴은 두근거렸죠  흐르는 냇물위에  노을이 분홍빛 물들이고  어느새 구름사이로  저녁달이 빛나고 있네  노을빛 냇물위에  예쁜 꽃모자 떠 가는데  어느 작은 산골 소년의 슬픈 사랑 얘기    풀잎새 따다가 엮었더니  예쁜 꽃송이도 넣었구요  그대 노을빛에 머리 곱게 물들면  예쁜 꽃모자 씌워 주고파  냇가에 고무신 벗어놓고  흐르는 냇물에 발담그고  언제쯤 그애가 징검다리를 건널까  하며 가슴은 두근거렸죠  흐르는 냇물위에  노을이 분홍빛 물들이고  어느새 구름사이로  저녁달이 빛나고 있네  노을빛 냇물위에  예쁜 꽃모자 떠 가는데  어느 작은 산골 소년의 슬픈 사랑 얘기  노을빛 냇물위에  예쁜 꽃모자 떠 가는데  어느 작은 산골 소년의 슬픈 사랑 얘기
1992.11.29~12.05,19,2981575,나의 노래,김광석,나의 노래,1992.03.20,Folk,한동헌,아무 것도 가진 것 없는 이에게  시와 노래는 애달픈 양식  아무도 뵈지 않는 암흑속에서  조그만 읊조림은 커다린 빛  나의 노래는 나의 힘  나의 노래는 나의 삶  자그맣고 메마른 씨앗속에서 내일의 결실을 바라보듯이  자그만 아이의 읊음 속에서  마음의 열매가 맺혔으면  나의 노래는 나의 힘  나의 노래는 나의 삶   거미줄처럼 얽힌 세상속에서  바람에 나부끼는 나무가지처럼  흔들리고 넘어져도  이세상속에는 마지막 한방울의 물이 있는 한  나는 마시고 노래하리 나는 마시고 노래하리  수많은 진리와 양심의 금문자  찬란한 그빛에는 멀지 않으리  이웃과 벗들의 웃음속에는  조그만 가락이 울려 나오면 나는 부르리 나의 노래를  나는 부르리 가난한 마음을  그러나 그대 모두 귀기울일 때  노래는 멀리 멀리 날아가리  노래는 멀리 멀리 날아가리
1992.11.29~12.05,20,1136819,한사람을 위한 마음,이오공감,25공감 (共感),1992.06.06,Ballad,오태호,힘들게 보낸 나의 하루엔   짧은 입맞춤을 해주던 사람  언젠간 서로가 더 먼 곳을 보며  결국엔 헤어질것을 알았지만  너의 안부를 묻는 사람들  나를 어렵게 만드는 얘기들  왜 슬픈예감은 틀린적이 없나  너를 잊겠다는 거짓말을 두고  돌아오긴 했지만  언제 오더라도 너만을  기다리고 싶어  다시 처음으로 모든걸  되돌리고 싶어  이제는 어디로 나는 어디로  아직 너의 그 고백들은 선한데  너를 닮아주었던 장미꽃도  한사람을 위한 마음도  모두 잊겠다는 거짓말을 두고  돌아오긴 했지만  너의 안부를 묻는 사람들  나를 어렵게 만드는 얘기들  왜 슬픈 예감은 틀린적이 없나  너를 잊겠다는 거짓말을 두고  돌아오긴 했지만  언제 오더라도 너만을  기다리고 싶어  다시 처음으로 모든걸  되돌리고 싶어  이제는 어디로 나는 어디로  아직 너의 그 고백들은 선한데  너를 닮아주었던 장미꽃도  한사람을 위한 마음도  모두 잊겠다는 거짓말을 두고  돌아오긴 했지만
1992.11.29~12.05,21,109477,예감,서정욱,CM CM CM Song!,1992.06,Ballad,,
1992.11.29~12.05,22,1414786,꿈,이현우,Black Rainbow,1991.01.21,Dance,이현우,I was down and out when you came into my life Right from the start I knew you were the one Who would stay around to fill my heart with joy and happiness that I never ever felt before  두 눈을 감으면 꿈처럼 다가오는 너의 모습을 내 마음 깊은 곳 새하얀 캔버스에 그려보네 너의 웃는 모습을 그려보았지 화난 모습 우는 모습 차례차례 그려보았지 이런 그림들이 추억이 되고 그리움으로 변해버릴때 나는 꿈에서 깨어나지만 쓸쓸한 바람만 스쳐가네  외로운 밤이면 조용히 다가오는 너의 모습은 마음속 깊은 곳 나만의 사진첩에 남아있네 너의 웃는 모습을 찾아보았지 화난모습 우는 모습 차례차례 찾아보았지 이런 사진들이 추억이 되고 그리움으로 변해버릴때 나는 꿈에서 깨어나지만 쓸쓸한 바람만 스쳐가네  이런 그림들이 추억이 되고 그리움으로 변해버릴때 나는 꿈에서 깨어나지만 쓸쓸한 바람만 스쳐가네 외로운 밤이면 다가오는 너의 모습은 그려보았네 외로움 속에 사진첩에 너의 모습을 찾아 보았네 외로운 밤이면 다가오는 너의 모습은 그려보았네 외로움 속에 사진첩에 너의 모습을 찾아 보았네 외로운 밤이면 다가오는 너의 모습은 그려보았네
1992.11.29~12.05,23,91104,언제나 그 자리에,신효범,신효범 3집,1992,Ballad,신효범,어두운 창밖 불빛 사이로 얼룩진 그대의 슬픔이 고개 숙인 채 앉아 흐느끼는 눈물로 지워질 수 있을까 뒤돌아 보면 차가운 바람 가슴을 스치고 간 긴 외로움 슬픔이라 생각하지 않으려해도 언제나 그 자리에 곁에 있어도 그대는 남인것처럼 멀리 있는 것만 같았지 그대가 나를 왜 떠나려고 했는지 이제 나는 알 것 같아 나의 작은 실수 하나 조차도 힘겨워하던 그대를 보며 우리 서로 말없이 헤어진 지금이 오히려 사랑일꺼야  곁에 있어도 그대는 남인것처럼 멀리 있는 것만 같았지 그대가 나를 왜 떠나려고 했는지 이제 나는 알 것 같아 나의 작은 실수 하나 조차도 힘겨워하던 그대를 보며 우리 서로 말없이 헤어진 지금이 오히려 사랑일꺼야 나의 작은 실수 하나 조차도 힘겨워하던 그대를 보며 우리 서로 말없이 헤어진 지금이 오히려 사랑일꺼야
1992.11.29~12.05,24,79614,슬픈 베아트리체,조용필,Cho Yong Pil,1992.10,Rock,곽태요,그대 슬픈 눈에 어리는 이슬처럼 맑은 영혼이 내 가슴에 스며 들어와 푸른 샘으로 솟아나리니 그대 여린 입술 사이로 바람처럼 스친 미소가 나의 넋을 휘감아도는 불꽃이 되어 타오르리니 슬픈 그대 베아트리체 아름다운 나의 사랑아 빈 바다를 헤매는 내게 살아야 할 단 하나의 이유되어 사랑이란 소망의 섬 그 기슭에 다가갈 수 있다면 사랑이란 약속의 땅 그 곳에 깃들 수만 있다면  그대 붉은 입술 다가와 화살처럼 스친 입맞춤 나의 넋을 앗아가버린 상처되어 남아있는데 슬픈 그대 베아트리체 떠나버린 나의 사랑아 꽃상여에 그대 보내며 살아야 할 이유마저 없으니 사랑이란 절망의 벽 울부짖는 통곡마저 갇힌채 사랑이란 배반의 강 간절한 언약마저 버리고  사랑이여 불멸의 빛 거짓없는 순종으로 그대를 사랑이여 사랑이여 이 생명 다하는 날까지 사랑이여 불멸의 빛 거짓없는 순종으로 그대를 사랑이여 사랑이여 이 생명 다하는 날까지
1992.11.29~12.05,25,83360,그런대로,김현철,32℃ 여름,1992,Ballad,김현철,하늘은 문득 하늘은 문득 주저앉았네 하늘은 문득 주저앉았네  그녀는 웃고 그녀는 웃고 나는 울었네 그녀는 웃고 나는 울었네 그런대로 살아가고 그런대로 우 그런대로 살아가기 마련이고 예  학교 앞길은 학교 앞길은 비에 젖었네 학교 앞길은 비에 젖었네  그녀는 안녕이라 말하네 그녀는 안녕이라 말하네 그녀는 안녕이라 말하네 그런대로 살아가고 그런대로 우 그런대로 살아가기 마련이고 예 그런대로 살아가고 그런대로 우 그런대로 살아가기 마련이고 예  그런대로 그런대로 내가 얼만큼 아픈지 몰라  내가 얼만큼 너를 사랑하 사랑 사랑 사랑하는지도 모르면서 자꾸만 안녕  안녕 안녕 안녕 안녕 안녕 안녕 안녕 안녕 안녕 안녕
1992.11.29~12.05,26,50584,조각배,이선희,조각배,1992.08,Ballad,이철용,성난 물~결 파도위에 가냘픈 조~각~배 이내 설~운 몸을 싣~~고 하염~없이 가는 여인아 봄바람 꽃바람 속삭임~도~ 역겨워 깊숙한 늪으로 덧없이~ 갈건가요  소낙~~비 쏟아지는 깊은 밤 갈대~숲~ 기약없~는 인생항~~로 정처~없이 가는 여인아 달님이 잠깨어 방긋 웃~음~ 역겨워 운명에~ 몸을 싣고 덧없이~ 갈건가요
1992.11.29~12.05,27,49186,눈 감아봐도,박준희,박준희,1991.09,Dance,박준희,어둠이 다가와 내곁에 머물면 식어간 몸짓으로 손내밀던 모습이 내기억 속에서 숨쉬듯 날아와 나에게 사랑한다 말하던 너 눈감아야 널 바라보는 내마음 너는 알것 같니 눈뜨면 아쉬운 이별 자꾸 애만 태우는 꿈속의 널 어떡하나 이젠 눈감아봐도 보이지 않아 꿈속에서도 나혼자 뿐이야 이젠 눈감아봐도 보이지 않아 꿈속에서도  어제는 너에게 편지를 주려고 낮부터 너를 찾아 눈감았던 모습이 초라해 보인건 아침의 따가운 햇살과 손에 쥔 편지 때문야 눈감아야 널 바라보는 내마음 너는 알것 같니 눈뜨면 아쉬운 이별 자꾸 애만 태우는 꿈속의 널 어떡하나 이젠 눈감아봐도 보이지 않아 꿈속에서도 나혼자 뿐이야 이젠 눈감아봐도 보이지 않아 꿈속에서도  눈감아야 널 바라보는 내마음 너는 알것 같니 눈뜨면 아쉬운 이별 자꾸 애만 태우는 꿈속의 널 어떡하나 이젠 눈감아봐도 보이지 않아 꿈속에서도 나혼자 뿐이야 이젠 눈감아봐도 보이지 않아 꿈속에서도 나혼자 뿐이야 이젠 눈감아봐도 보이지 않아 꿈속에서도 나혼자 뿐
1992.11.29~12.05,28,2961058,너에게 하고픈 말,이준석,Lee Junsuk,1992.06,Rock,,
1992.11.29~12.05,29,49918,말도 안돼,한영애,한영애 1992,1992.03.14,Folk,,끝도없는 변명 자꾸 늘어만 가지 서로의 가치기준 어디에다 팽개치고 너 몰라라 나 몰라라 눈 귀막고 따라가며 플라스틱 세상 풍선만 불어대네 세상이 변했으니 어쩔수가 없다고 변하는 건 당연해 어떻게가 중요해 지키고 버티는 건 어른들이 할 일인데 세상은 남들이 아니라 자기 자신인걸 왜 몰라 말도안돼 말은되지 말도안돼 말은되지 말도안돼 말은되지 말도안돼 말은되지 그래도 희망은 너와 내가 손 잡은 사람에게 걸 수 밖에 희망은 언제나 사람들의 몫으로 남아있기 마련이지  공허한 약속들 자꾸 반복만 되지 처음과 선택함이 중요한 걸 모르면서 빨리 빨리 서두르고 기다리지 못하고서 플라스틱 세상 풍선만 불어대네 말위한 말공해 정말 필요치 않아 머리 따로 마음 따로 실천하진 않으면서 사랑해 사랑해 사랑 사랑 사랑해요 마음은 닫아두고 빈소리만 질러대지 말도안돼 말은되지 말도안돼 말은되지 말도안돼 말은되지 말도안돼 말은되지 그래도 희망은 너와 내가 손 잡은 사람에게 걸 수 밖에 희망은 언제나 사람들의 몫으로 남아있기 마련이지 그래도 희망은 너와 내가 손 잡은 사람에게 걸 수 밖에 희망은 언제나 사람들의 몫으로 남아있기 마련이지
1992.11.29~12.05,30,3085752,낭랑18세,한서경,한서경5집 (당신께 넘어갔나봐),2004.10.20,Adult Contemporary,유호,낭랑 낭랑 낭랑 낭랑  난낭랑 난난낭랑18세(아예~)  (아예~)얼! 씨구 내사랑 햇살 살짝뒤에 살짝뒤에 살짝뒤에 청바지  때마침 들러오는 음악소리 난난막막 털어 버리고 난 그냥 볼륨을켜고~  저고리 고름 말아 쥐고서 누구를 기다리나 낭랑 18세 (아예~)  버들잎 지는 앞개울에서 소쩍새 울때만 기다립니다 (아예~)  소쩍궁 소쩍궁 소쩍궁 (소쩍꾸우~웅) 소쩍궁 소쩍궁 소쩍궁 (소쩍꾸우~웅)  소쩍궁새가 울때기만 하면  떠나간 그리운 님이 오신댔어요!!  ------------랩 (씨부렁) - _- a -------------  팔장을 끼고 돌뿌리 차며  무엇을 기다리나 총각 20세 (아예~)  송아지 매는 뒷산 넘어서  소쩍새 울때만 기다립니다 (개르갯답~)  소쩍궁 소쩍궁 소쩍궁(소쩍꾸우~웅) 소쩍궁 소쩍궁 소쩍궁(소쩍꾸우~웅)  소쩍궁새만 울기만하면  떠나간 그리운님 오신댔어요 (아예~)  ---------기타애드립(멋져乃)------------  ---------랩 (씨부렁.씨부렁a)------------  저고리 고름 말아 쥐고서 누구를 기다리나   낭랑 18 낭랑 18 낭랑 18세 (아예~) 버들잎 지는 앞개울에서 소쩍새 울때만 기다립니다 (개르갯답~)  소쩍궁 소쩍궁 소쩍궁(소쩍꾸우~웅) 소쩍궁 소쩍궁 소쩍궁(소쩍꾸우~웅)  소쩍궁새가 울기만하면 떠나간 떠나간 떠나떠나 떠나간 그리운님 오신댔어요~!! 띵까띵까띵까 띵가라라띵띵~(아예~)
1992.11.29~12.05,31,174589,질투,유승범,질투 OST,1992.06.30,"Drama,Rock","이순자,최연지",넌 대체 누굴 보고 있는 거야 내가 지금 여기 눈 앞에 서 있는데 날 너무 기다리게 만들지마 웃고 있을거라 생각하지마 많은 것을 바라지 않아 그저 사랑의 눈빛이 필요할 뿐야 나의 마음 전하려 해도 너의 눈동자는 다른 말을 하고 있잖아 서로를 잘 안다고 느꼈었지 그래서 사랑이라 생각했어 너무 멀지 않은 곳에 있어줘 언젠가 너는 내게 말할거야 사랑한다고  넌 누굴 위해 웃고 있는 거야 내가 지금 여기 눈앞에 서 있는데 날 너무 기다리게 만들지마 항상 곁에 있다 생각하지마 많은 것을 바라지 않아 그저 사랑의 눈빛이 필요할 뿐야 나의 마음 전하려 해도 너의 눈동자는 다른 말을 하고 있잖아 서로를 잘 안다고 느꼈었지 그래서 사랑이라 생각했어 너무 멀지 않은 곳에 있어줘 언젠가 너는 내게 말할거야 사랑한다고
1992.11.29~12.05,32,54013,바람인줄 알았는데,김현식,김현식 연주 앨범,1991,Ballad,,바람인 줄 알았는데 사랑인 줄 몰랐는데 알고 보니 눈이 부신 사랑이었어 사랑인 줄 믿었는데 바람인 줄 몰랐는데 이제 와서 가슴 시린 바람이었어 생각해선 안 될게 너무도 많아 잊어서는 안 될게 너무도 많아 밤이면 작은 술잔 기울이더니 숨가쁘던 내 사랑 끝나버렸어 울고 싶다고 울 수 있는 건 아니야  못다 푼 신명에 뒤 돌아보면 바람 같은 목소리 흩어지는 바람소리 사랑인줄 알았는데 바람인줄 몰랐는데 알고 보니 가슴 시린 바람이었어 바람이었어  바람이었어 바람이었어 바람이었어
1992.11.29~12.05,33,184901,왜 내게 널 (대상),이후종,`92 MBC 강변가요제,1992.08.12,Ballad,,흔적 없는 기억 속에서 문득 그리워진 너의 모습 이젠 느낌조차 희미 하지만 그땐 이별이 너무 어려웠어 한동안 미워도 했었지만  그럴수록 내가 더 힘들었어 너를 이해해야 했었던건 내 맘이 편해지기 위해서야  왜 내게 널 잊으라 했나 이별조차 내겐 너무 힘들었는데 다신 널 만날 수 없을 것같아 안녕이란 말을 하기 정말 싫었어 보고픈 마음 참으려 애쓰던 날들이 이렇게 아플 줄 난 정말 몰랐어 그렇게 애태워 기다린 기억마저도 어색하게만 느껴지는데  왜 내게 널 잊으라 했나  이별조차 내겐 너무 힘들었는데 다신 널 만날 수 없을것 같아 안녕이란 말을 하기 정말 싫었어 보고픈 마음 참으려 애쓰던 날들이 이렇게 아플 줄 난 정말 몰랐어 그렇게 애태워 기다린 기억 마저도 어색하게만 느껴지는데
1992.11.29~12.05,34,50953,이별,김태후,이별/슬픈 멜로디는 먼 기억처럼,1992,Ballad,,어제 그대를 만나고 난후 멍하니 하늘만 바라보다가 구름이 그려내는 너의 얼굴 보며 울었지 이것이 마지막일것 같은 쓸쓸한 예감이 찾아온 후로 자꾸만 멀어지는 우리의 이별을 느꼈지 어느날 거리에서 우연히 길을 걷다 마주친 너의 그눈 눈길 돌리며 모른척 했지만 이미 알고 있었던 거야 나를 붙잡지마 너 거짓으로 나를 바라보며 눈물 흘리고 있지만 다른 연인 두고 내 앞에서만 웃음짓는 얼굴 보이지마  어느날 거리에서 우연히 길을 걷다 마주친 너의 그눈 눈길 돌리며 모른척 했지만 이미 알고 있었던 거야 나를 붙잡지마 너 거짓으로 나를 바라보며 눈물 흘리고 있지만 다른 연인 두고 내 앞에서만 웃음짓는 얼굴 보이지마 나를 붙잡지마 너 거짓으로 나를 바라보며 눈물 흘리고 있지만 다른 연인 두고 내 앞에서만 웃음짓는 얼굴 보이지마 웃음짓는 얼굴 보이지마
1992.11.29~12.05,35,91396,모두 잠든 후에,김원준,눈에 띄고 싶어 1집,1992.10.20,Dance,김원준,가냘픈 네 모습에 할 말을 잊었던 것 같아 이젠 언제까지나 숨 죽여 널 지키고 바라보려 해 내가 여기 서 있는 이유 하루에 한순간 조차 너의 존재를 잊지 못해 반쪽이 되어 버렸지 남겨진채 부서지는 내 마음 모두 잠든 후에 사랑 할거야 아무도 모르게 마음으로 모두 잠든 후에 기억하는 건 많아도 내 놓쳐버린 순간들의 한숨 뿐 내가 여기 서 있는 이유 하루에 한순간 조차 너의 존재를 잊지못해 반쪽이 되어 버렸지 남겨진채 부서지는 내 마음 모두 잠든 후에 사랑할거야 아무도 모르게 마음으로 모두 잠든 후에 기억하는 건 많아도 내 놓쳐버린 순간들의 한숨 뿐 모두 잠든 후에 사랑할거야 아무도 모르게 마음으로 모두 잠든 후에 기억하는 건 많아도 내 모두 잠든 후에 사랑 할거야 모두 잠든 후에 사랑 할거야
1992.11.29~12.05,36,50943,너는 왜,철이와미애,철이와 미애 1집,1993,Dance,이승호,워우 워우워 워워우 워우워  워우 워우워 워워우 워우워  워우 워우워 워워우 워우워 워우 워우워 워워우 워우워 난 지금 화가 몹시 나있어  도대체 더이상 참을수가 없어  널 사랑하는 나를 두고  또다른 남자를 만날수가 있어  허 세상에 이럴수가  나 지금 너에게 걸어가고 있어  널 어떻게 쳐다봐야하나  이런저런 걱정뿐인데  오해는 하지마  그 남자가 누구인지 얘기해봐  사실이 아냐  그렇다면 사실을 내게 말해봐  너만을 사랑해  차라리 떠난다고 내게 말해줘  워 너는 왜 워워우 워우워 너는 왜 아직도 모르는거야  너만을 향한 내 사랑을  너는 왜 아직도 모르는거야 남은건 널 위한 사랑뿐  난 지금 뭐가뭔지 몰라  도대체 어떻게 그럴수가 있나  이 세상에는 나보다 더  더 잘난 남자가 있다는 걸 알아 허 세상에 그럴수가  그토록 너만을 사랑했었는데  너에게 어떻게 말을 꺼내볼까  이런저런 걱정뿐인데  오해는 하지마  그 남자가 누구인지 얘길해봐  사실이 아냐  그렇다면 사실을 내게 말해봐  너만을 사랑해  차라리 떠난다고 내게 말해줘  너는 왜 워워우 워우워 너는 왜 아직도 모르는거야  추억이 될수는 없잖아  너는 왜 아직도 모르는거야  사랑이 깊어만 가잖아  워우 워우워 워워우 워우워 워우 워우워 워워우 워우워 오해는 하지마  그 남자가 누구인지 얘길해봐  사실이 아냐  그렇다면 사실을 내게 말해봐  너만을 사랑해  차라리 떠난다고 내게 말해줘  워 너는 왜 워워우 워우워 너는 왜 아직도 모르는거야  너만을 향한 내 사랑을 너는 왜 아직도 모르는거야 남은건 널 위한 사랑뿐 너는 왜 아직도 모르는거야  추억이 될 수는 없잖아 너는 왜 아직도 모르는거야  사랑이 깊어만 가잖아  워우 워우워 워워우 워우워
1992.11.29~12.05,37,64056,대답 없는 너,김종서,김종서 1집,1992.01.30,Rock,채정은,힘없이 멈춰진 하얀 손 싸늘히 식어가는 눈빛 작은 그 무엇도 해줄수가 없었던 너 비라도 내리길 바랬지 며칠이 갔는지 몰랐어 그저 숨쉬는게 허무한 듯 느껴질 뿐 이제 난 누구의 가슴에 안겨서 아픔을 얘기해야 하는가 너무 힘들다고 말하고 싶지만 들어줄 너는 없는데  비라도 내리길 바랬지 며칠이 갔는지 몰랐어 그저 숨쉬는게 허무한 듯 느껴질 뿐 이제 난 누구의 가슴에 안겨서 아픔을 얘기해야 하는가 너무 힘들다고 말하고 싶지만 들어줄 너는 없는데 이제 난 누구의 가슴에 안겨서 아픔을 얘기해야 하는가 너무 힘들다고 말하고 싶지만 들어줄 너는 없는데
1992.11.29~12.05,38,91102,기억속에 지워진 너,최연제,소중한 기억/기억속에 지워진 너,1992,Ballad,최연제,넌 나에게 아픔만을 남겼어 아무런 이유없이 널 찾아서 헤매이던 날들 견딜수없던 방황 슬픈 이별에 남은 상처들은 이젠 지워질 테지만 다시 돌아온 너는이제 내기억속엔 없어 떠나갔잖아 내겐 아픔만은 남긴채 멀어져간 너 이젠 또다시 슬픈방황은 하지않아 내 기억속에서 지워진 너 후회하진 않겠지 날 떠나간건 너야 미련도 내겐 없어 사랑이 식었잖아 눈물도 흘리지마 이제는 필요없어 내 맘을 흔들지마 힘겨운 아픔뿐야 내맘을 흔들지마 약해지는건 싫어  슬픈일들에 남은 상처들은 이젠 지워져 갔지만 다시 돌아온 너는 이제 내 기억속엔 없어 떠나갔잖아 내겐 아픔만을 남긴채 멀어져간 너 이젠 또다시 슬픈방황은 하지않아 내 기억속에서 지워진 너 후회하진 않겠지 날 떠나간건 너야 미련도 내겐 없어 사랑이 식었잖아 눈물도 흘리지마 이제는 필요없어 내맘을 흔들지마 예 후회하진 않겠지 날 떠나간건 너야 미련도 내겐 없어 사랑이 식었잖아 눈물도 흘리지마 이제는 필요없어 내맘을 흔들지마 힘겨운 아픔뿐야 내맘을 흔들지마 약해지는건 싫어
1992.11.29~12.05,39,1585643,떠나간 후에,015B,015B Live Part 1,1992.01.01,Ballad,정석원,오늘도 아무렇지 않은 것처럼 아픈 가슴 감추며 살아가지만 한 번씩 울리는 전화벨 소리에 떨리는 마음 그대이길 바라며 수화길 들지 내가 던진 말들에 상처입은 그대의 자존심은 이제 돌이킬 순 없지만 돌아올 순 없겠니 네가 없는 나는 하루종일 무엇도 할 수 없잖니 너는 항상 힘들다 울먹이며 얘길했지만 이제 이렇게 아파하는 나는 어떡하니 그대의 흔적만이 무너진 내게 쌓여가는데 아직 따스한 너 만의 사랑이 내겐 필요해  돌아올 순 없겠니 네가 없는 나는 하루종일 무엇도 할 수 없잖니 너는 항상 힘들다 울먹이며 얘길했지만 이제 이렇게 아파하는 나는 어떡하니 그대의 흔적만이 무너진 내게 쌓여가는데 아직 따스한 너 만의 사랑이 내겐 필요해
1992.11.29~12.05,40,50615,걱정하지마,H2O,H2O,1991,Rock,강기영,내가 알고 있는 사람중에서 어떤 친구는 내게 이런 말을 가끔씩하지 내가 울적할때 걱정하지마 항상 많은 날이 기다려 내가 생각하기에 달려있어 너에게 다가올 좋은 나날들을 기다려보겠니 한 번 쯤은  내가 알고 있는 사람중에서 내 눈엔 예쁜 그대 항상 내게 이런 말을 하곤하지 내가 외로울때 걱정하지마 슬퍼할때나 기쁠때나 매일 너의 곁에 있을테니까 내가 사랑하고 깊이 간직했던 친구와 그대만의 진실들 나는 많은 것을 갖고 있었네 사랑하는 사람들의 모습을  많은 사람들이 울적해 있네 많은 사람들이 외로워 하네 나도 언젠가는 나의 친구에게 가슴에 묻어둔 말을 할꺼야
1992.11.29~12.05,41,2118735,더 늦기전에 (Themesong),VariousArtists,92` 내일은 늦으리,1992.11.01,Ballad,신해철,생각해 보면 힘들었던 지난 세월
1992.11.29~12.05,42,987122,유난히,박학기,박학기 3,1992,Ballad,조규찬,유난히 부드럽게 느껴지는 너~의 귓가~에~ 조심스레 건네는 말~ 유난~~~히~ 향기롭게 느껴지는 너~의 입가~에~ 밝은 미소 떠오르면 다신 떠나지 않으~리 너에겐 나의 사랑이 필요한 걸 이제 다시~~ 널 보~낼~순 없어~~ 수많은 날이 우리를 기다리는 걸 유난히 아름답게 느껴지는 너~의 지나온 얘기들  유난~~~히~ 향기롭게 느껴지는 너~의 입가~에~ 밝은 미소 떠오르면 다신 떠나지 않으~리 너에겐 나의 사랑이 필요한 걸 이제 다시~~ 널 보~낼~순 없어~~ 우~~ 수많은 날이 우리를 기다리는 걸 유난히 아름답게 느껴지는 너~의 지나온 얘기들
1992.11.29~12.05,43,2960885,이젠 됐어,신윤미,신윤미,1992.02,Ballad,,
1992.11.29~12.05,44,54975,길고 긴 사랑을 위해,김승기,Chanel No.25,1992.09.01,Ballad,김승기,커다란 사랑보다는 잔잔한 애정의 표현이 필요한 걸 알아 너와 난 같은 맘으로 같은 눈물과 사랑과 행복을 원했지 너를 사랑한 만큼이나 나를 전하지 못했던 까닭은 앞선 욕심 때문이지 내 주변의 사람들께 좋은 모습 남기고 싶어 유난히도 설레임을 주던 네겐 더욱 강했던거야 너 하나만으로도 이렇게 아름다울 수 있는 이 세상 난 계속 노력할꺼야 난 길고 긴 사랑을 위해  내 주변의 사람들께 좋은 모습 남기고 싶어 유난히도 설레임을 주던 네겐 더욱 강했던거야 너 하나만으로도 이렇게 아름다울 수 있는 이 세상 난 계속 노력할꺼야 난 길고 긴 사랑을 위해  너 하나만으로도 이렇게 아름다울 수 있는 이 세상 난 계속 노력할꺼야 난 길고 긴 사랑을 위해
1992.11.29~12.05,45,1099839,사랑 그이름 하나로,김범룡,사랑 그 이름 하나로,1992.03.01,Ballad,박준호,내가 가진것을 너에게 줄 수 있고  네가 가진것을 나에게 줄 수 있다면  우리 사는 세상은 아름답고 평화로운 세상 이뤄질거야  * 내가 숨김없는 마음주고 네가 거짓없는  말을 할 수 있다면 우리 마주보는  두 눈은 아름답고 평화로운 세상 이뤄질거야  우리 모두가 사랑하고 우리 모두가  아껴준다면 미워하는 마음도 믿지  못할 마음도 햇살처럼 밝아질거야  사랑해 사랑해 세상모든  아픔들을 사랑해  사랑해 사랑해 세상모든  슬픔들을 사랑해 우~~~~~~~ *  * ~ *반복
1992.11.29~12.05,46,1009012,삼백초,김상배,오로라,1992.07.15,Adult Contemporary,김지평,바보야 가버린 너는 바보야 엽서도 한장 남기지 않고 떠나가버린 너 너는 너는 너는 바보야 삼백초 꽃잎 같은 내 마음에 눈물이 맺히고 있네 아늑한 가슴 나직한 음성 은근한 그 애정 다시 돌아올 수 없겠니 미운 바보야 예쁜 바보야 내 마음도 몰라주는 바보 바보야  바보야 가버린 너는 바보야 한마디 말도 원망도 없이 떠나가버린 너 너는 너는 너는 바보야 삼백초 이슬 같은 눈 망울에 그리움 번지고 있네 바람은 불고 갈잎은 울고 계절은 슬픈데 너의 발길 간 곳 어디니 미운 바보야 예쁜 바보야 내 마음도 몰라주는 바보 바보야
1992.11.29~12.05,47,53819,더 좋은날,신형원,우리를 슬프게 하는 것들,1992,Folk,김창기,그대 울고 있나요 힘겨운 하루를 보낸 후 밀려오는 허탈함에 눈물 흘리나요 그대 울고 있나요 기나 긴 인내의 시간은 그대 작은 어깨로 감당할 수 없었나요 하루 하루 살아가는 평범한 우리에게 주어진 삶의 무게로 지쳐있다 해도 고개 들어 돌아보면 우리를 닮은 사람들 최선을 다 하는 모습 보이잖아요 우리는 해야 할 일이 많아요 사랑으로 워어 어 사랑없는 세상을 더 환히 비춰줘야 해요 희망을 가져야 해요 사랑으로 워어어 어 내일의 아이들에게 기회를 줘야 해요  하루 하루 살아가는 평범한 우리에게 주어진 삶에 무게로 지쳐있다 해도 고개 들어 돌아보면 우리를 닮은 사람들 최선을 다 하는 모습 보이잖아요 우리는 해야 할 일이 많아요 사랑으로 워어 어 사랑없는 세상을 더 환히 비춰 줘야 해요 희망을 가져야 해요 사랑으로 워어어 어 내일의 아이들에게 기회를 줘야 해요 이젠 웃고 있나요 바보 같은 나를 믿는다면 내일은 더 좋은 날이라고 말해줄께요 우리는 해야 할 일이 많아요 사랑으로 워어 어 사랑없는 세상을 더 환히 비춰줘야 해요 희망을 가져야 해요 사랑으로 워어어 어 내일의 아이들에게 기회를 줘야 해요 우리는 해야 할 일이 많아요 사랑으로 워어 어 사랑없는 세상을 더 환히 비춰줘야 해요 희망을 가져야해요 사랑으로 워어어 어 내일의 아이들에게 기회를 줘야해요  우리는 해야 할 일이 많아요
1992.11.29~12.05,48,49473,10년전의 일기를 꺼내어,봄여름가을겨울,"농담, 거짓말 그리고 진실",1992.01,Rock,김종진,내겐 더 많은 날이 있어 무슨 걱정 있을까 어제 힘들었던 순간들은 모두 지나간 것 일뿐 내겐 더 많은 날이 있어 무슨 걱정 있을까 하루 하루 사는 것은 모두 기쁨일 뿐이야  오늘은 낡은 책상 서랍에서 십년이나 지난 일기를 꺼내어 들었지 왜 그토록 많은 고민의 낱말들이 그 속을 가득 메우고 있는지 그 오랜 기록들이 어두운 거미줄에 쌓여 있는 동안 물론 힘겨운 날들도 많았지만 가끔은 깜짝 놀랄 만큼 재미있는 일도 있었다고 생각을 해봐 그래 지금은 모두 힘겹다고 하겠지 하지만 하지만 다가올 날들을 상상 해보면 어떨까 세상은 그렇게 어두운 것만은 아니잖아 내겐 더 많은 날이 있어 무슨 걱정 있을까 하루 하루 사는 것은 모두 기쁨일 뿐이야  후욱하고 날려 버린 먼지들이 십년이나 지난 일기 위에는 수북이 쌓여 있었지 왜 그토록 많은 외로움의 낱말들이 그 위에 덮여 있는지 그래 지금 힙겹다고 생각하는 날들도 언젠가 다가올 날에는 다시 돌아 오고픈 시간일거야 세상은 그렇게 어두운 것만은 아니잖아 내겐 더 많은 날이 있어 무슨 걱정 있을까 어제 힘들었던 순간들은 모두 지나간 것일뿐 내겐 더 많은 날이 있어 무슨 걱정 있을까 하루 하루 사는 것은 모두 기쁨일 뿐이야 내겐 더 많은 날이 있어 무슨 걱정 있을까 어제 힘들었던 순간들은 모두 지나간 것일뿐
1992.11.29~12.05,49,49544,우연히,신승훈,보이지 않는 사랑,1991.11.30,Dance,박광현,이렇게 너를 만난걸 아주 후회하는 것은 아니지만 난 그저 너를 모른채 살았으면 하고 생각할 뿐이야  수많은 사람들 속을 너는 의미없이 지나쳐 갔지만 우연히 나도 모르게 너를 바라본건 정말 실수였어 한걸음 다가서면 너는 나를 멀리 하려하고 잊으려 생각하면 약해지는 내 마음 나는 알 수 없어 우연히 그렇게 널 만난거야 이렇게 너를 만난걸 아주 후회하는 것은 아니지만 난 그저 너를 모른채 살았으면 하고 생각할 뿐이야  시간이 지나갈수록 채워져 가는 그리운 향기 닫혀진 너의 마음은 언제쯤 나를 받아줄 수 있을까 수많은 사람들속을 너는 의미없이 지나쳐 갔지만 우연히 나도 모르게 너를 바라본건 정말 실수였어  한걸음 다가서면 너는 나를 멀리하려 하고 잊으려 생각하면 약해지는 내 마음 나는 알 수 없어 우연히 그렇게 널 만난거야
1992.11.29~12.05,50,1600685,소양강 처녀,김재희,김재희 94,1994.01.01,Adult Contemporary,반야월,해 저문 소양강에 황혼이 지면  외로운 갈대밭에 슬피 우는 두견새야  열여덟 딸기같은 어린 내 순정  너마저 몰라주면 나는 나는 어쩌나  아~ 그리워서 애만 태우는 소양강처녀    동백꽃 피고지는 계절이 오면  돌아와 주신다고 맹세하고 떠나셨죠  이렇게 기다리다 멍든 가슴에  떠나고 안 오시면 나는 나는 어쩌나  아~ 그리워서 애만 태우는 소양강처녀
