time,rank,song_id,title,singers,album,date,genre,creator,lyric
1990.02.04~02.10,1,1017150,그 아픔까지 사랑한거야,조정현,그 아픔까지 사랑한거야,1989.06.15,Ballad,이지영,너를 처음 만난 날 소리없이  밤새 눈은 내리고  끝도 없이 찾아드는 기다림  사랑의 시작이었어  길모퉁에 서서 눈을 맞으며  너를 기다리다가  돌아서는 아쉬움에 그리움만 쌓여도  난 슬프지 않아  눈내리고 외롭던 밤이 지나면  멀리서 들려오는 새벽종소리  혼자만의 사랑은 슬퍼지는거라  말하지 말아요  그대 향한 그리움은 나만의 것인데  외로움에 가슴 아파도  그 아픔까지 사랑한거야   눈내리고 외롭던 밤이 지나면  멀리서 들려오는 새벽종소리  혼자만의 사랑은 슬퍼지는거라  말하지 말아요  그대 향한 그리움은 나만의 것인데  외로움에 가슴 아파도  그 아픔까지 사랑한거야  그 아픔까지 사랑한거야
1990.02.04~02.10,2,52441,너에게로 또 다시,변진섭,너에게로 또 다시,1989.10.25,Ballad,박주연,그 얼마나 오랜 시간을  짙은 어둠에서 서성거렸나  내 마음을 닫아 둔채로  헤매이다 흘러간 시간  잊고 싶던 모든 일들은  때론 잊은 듯이 생각됐지만  고개 저어도 떠오르는건  나를 보던 젖은 그 얼굴  아무런 말없이 떠나버려도  때로는 모진 말로  멍들이며 울려도  내 깊은 방황을  변함없이 따뜻한  눈으로 지켜보던 너  너에게로 또다시  돌아오기까지가  왜 이리 힘들었을까  이제 나는 알았어  내가 죽는날까지  널 떠날 수 없다는 걸  아무런 말없이 떠나버려도  때로는 모진 말로  멍들이며 울려도  내 깊은 방황을  변함없이 따뜻한  눈으로 지켜보던 너  너에게로 또다시  돌아오기까지가  왜 이리 힘들었을까  이제 나는 알았어  내가 죽는날까지  널 떠날 수 없다는 걸
1990.02.04~02.10,3,53060,솔아 솔아 푸르른 솔아,노래를찾는사람들,노래를 찾는 사람들 2,1989.10.01,Folk,안치환,거센 바람이 불어와서 어머님의 눈물이 가슴속에 사무쳐 우는 갈라진 이 세상에 민중의 넋이 주인되는 참 세상 자유 위하여 시퍼렇게 쑥물 들어도 강물 저어 가리라 솔아 솔아 푸르른 솔아 셋바람에 떨지마라 창살 아래 내가 묶인 곳 살아서 만나리라 솔아 솔아 푸르른 솔아 셋바람에 떨지마라 창살 아래 내가 묶인 곳 살아서 만나리라 창살 아래 내가 묶인 곳 살아서 만나리라
1990.02.04~02.10,4,52841,얄미운 사람,김지애,김지애,1988.03,Adult Contemporary,전영록,사랑만 남겨놓고 떠나가느냐 얄미운 사람 슬픈 음악처럼 이마음 울려놓고 저 멀리 떠나간 사람 미련만 남겨놓고 돌아가느냐 얄미운 사람 미련때문인가 멍들은 이 내가슴 아픔만 주고 간 사람 정주고 마음주고 사랑도 줬지만 지금은 남이 되어 떠나가느냐 이별의 아픔일랑 가져가다오 얄미운 사람 사랑만 남겨놓고 떠나가느냐 얄미운 사람 슬픈 음악처럼 이마음 울려놓고 저 멀리 떠나간 사람 정주고 마음주고 사랑도 줬지만 지금은 남이 되어 떠나가느냐 이별의 아픔일랑 가져가다오 얄미운 사람 미련만 남겨놓고 돌아가느냐 얄미운 사람 미련때문인가 멍들은 이 내가슴 아픔만 주고 간 사람 미련때문인가 멍들은 이 내가슴 아픔만 주고 간 사람
1990.02.04~02.10,5,104134,비오는 날 수채화,"김현식,강인원,권인하",비오는 날 수채화 OST,1989.11.10,"Korean Movie,Rock",강인원,빗방울 떨어지는 그 거리에 서서  그대 숨소리 살아있는 듯  느껴지면  깨끗한 붓 하나를 숨기듯  지니고 나와  거리에 투명하게 색칠을 하지  음악이 흐르는 그 카페엔  초콜렛색 물감으로  빗방울 그려진 그 가로등불  아랜 보라색 물감으로  세상 사람 모두가 도화지  속에 그려진  풍경처럼 행복하면 좋겠네 욕심 많은 사람들 얼굴  찌푸린 사람들  마치 그림처럼 행복하면 좋겠어  음악이 흐르는 그 카페엔  초콜렛색 물감으로  빗방울 그려진 그 가로등불  아랜 보라색 물감으로  세상 사람 모두가 도화지  속에 그려진  풍경처럼 행복하면 좋겠네 욕심 많은 사람들 얼굴  찌푸린 사람들  마치 그림처럼 행복하면 좋겠어  빗방울 떨어지는 그 거리에 서서  그대 숨소리 살아있는 듯  느껴지면  깨끗한 붓 하나를 숨기듯  지니고 나와  거리에 투명하게 색칠을 하지
1990.02.04~02.10,6,91135,사랑할꺼야,이상은,이상은 2집,1989.12.01,Ballad,최봉,우리 이제는 좋아하게 될거야 지나버린 시간들이 다시 되돌아오면 우리 이제는 사랑하게 될거야 달콤했던 추억들이 영원히 아름답도록 소중했던 그 날들은 지나도 아름다운 사랑을 할거야  우리 이제는 좋아하게 될거야 지나버린 시간들이 다시 되돌아오면 우리 이제는 사랑하게 될거야 달콤했던 추억들이 영원히 아름답도록 소중했던 그 날들은 지나도 아름다운 사랑을 할거야  소중했던 그 날들은 지나도 아름다운 사랑을 할거야 소중했던 그 날들은 지나도 아름다운 사랑을 할거야
1990.02.04~02.10,7,53018,향기로운 추억 (응답하라 1988 삽입곡),박학기,박학기,1989.05.10,Ballad,조동익,한줌 젖은 바람은 이젠 희미해진 옛 추억 어느 거리로 날 데리고 가네 향기로운 우리의 얘기로 흠뻑 젖은 세상 시간이 천천히 흐르고 있던 한줌 아름다운 연기 잡아 보려 했던 우리의 그리운 시절 가끔 돌이켜보지만 입가에 쓴웃음 남기고 가네 생각해봐요 눈이 많던 어느 겨울 그대 웃음처럼 온 세상 하얗던 귀 기울여봐요 지난 여름 파도 소리 그대 얘기처럼 가만히 속삭이던 이제 다시 갈 수 없나 향기롭던 우리의 지난 추억 그곳으로 생각해봐요 눈이 많던 어느 겨울 그대 웃음처럼 온 세상 하얗던 귀 기울여봐요 지난 여름 파도 소리 그대 얘기처럼 가만히 속삭이던 생각해봐요 눈이 많던 어느 겨울 그대 웃음처럼 온 세상 하얗던 귀 기울여봐요 지난 여름 파도 소리
1990.02.04~02.10,8,52156,채워지지 않는 빈자리,이상우,이상우 1집,1989.03,Ballad,김성란,이젠 그리워 할수 없어요 나의 사랑을 믿을수 없어요 떠나 가버린 그대의 빈자리 다시 채워 질수 없기에 슬픈 이별도 하지 못하고 아픈 눈물도 흘리지 못하고 무심히 그대 보내야만 했던 그 순간이 미워요 너무나 사랑했기에 말없이 보고 말았던 마지막 그대의 모습 정말로 이별이었나 이제와 후회할수 없지만 차라리 울어나 볼것을 세월이 갈수록 안타까워지는 아쉬움이 싫어요  너무나 사랑했기에 말없이 보고 말았던 마지막 그대의 모습 정말로 이별이었나 이제와 후회할수 없지만 차라리 울어나 볼것을 세월이 갈수록 안타까워지는 아쉬움이 싫어요
1990.02.04~02.10,9,1859404,잊지 말아요,최성수,The Best History,2008.04.30,Adult Contemporary,이두헌,이젠 모두 지나버린 일이야 사랑했던 그 추억 마저도 하지만 멀리서 그대 모습 그리며 여기 서 있네 흘러가는 세월속에 다가와 아픈 상처만 주고 떠나간 그대가 나에게 남겨준 그 사랑이 너무 무거워 하지만 우리 잊지 말고 살기로 해요 아름답던 지난 날을 잊지 말아요 아직도 그대를 사랑하고 있어요 잊지 말아요 지난 세월속에서 우리가 나눈 모든 것들을 다 거짓이라고 하지 말아요 사랑은 늘 아픈거라고 나에게 말해준 단 한 사람 그대  흘러가는 세월속에 다가와 아픈 상처만 주고 떠나간 그대가 나에게 남겨준 그 사랑이 너무 무거워 하지만 우리 잊지 말고 살기로 해요 아름답던 지난 날을 잊지 말아요 아직도 그대를 사랑하고 있어요 잊지 말아요 지난 세월속에서 우리가 나눈 모든 것들을 다 거짓이라고 하지 말아요 사랑은 늘 아픈거라고 나에게 말해준 단 한 사람 그대 하지만 우리 잊지말고 살기로 해요 아름답던 지난 날을 잊지 말아요 아직도 그대를 사랑하고 있어요 잊지 말아요 지난 세월속에서 우리가 나눈 모든 것들을 다 거짓이라고 하지 말아요 사랑은 늘 아픈거라고 나에게 말해준 단 한 사람 사랑은 늘 아픈거라고 나에게 말해준 단 한 사람 그대
1990.02.04~02.10,10,52451,희망사항,변진섭,너에게로 또 다시,1989.10.25,Ballad,노영심,청바지가 잘 어울리는 여자   밥을 많이 먹어도  배 안나오는 여자   내 얘기가 재미 없어도  웃어주는 여자   난 그런 여자가 좋더라   머리에 무스를 바르지 않아도  윤기가 흐르는 여자  내 고요한 눈빛을 보면서  시력을 맞추는 여자  김치 볶음밥을 잘 만드는 여자  웃을때 목젖이 보이는 여자  내가 돈이 없을 때에도  마음 편하게 만날 수 있는 여자  멋내지 않아도 멋이 나는 여자  껌을 씹어도 소리가 안나는 여자  뚱뚱해도 다리가 예뻐서  짧은 치마가 어울리는 여자   내가 울적하고 속이 상할때   그저 바라만 봐도  위로가 되는 여자   나를 만난 이후로 미팅을   한번도 한번도 안한 여자   라라라라라라라라라라라  라라라라라라라라라라라라  라라라라라라라라  라라라라라라라라라라라  라라라라라라라라라라라 라라라라라라라라라라라라 라라라라라라라라 라라라라라라라라라라라 난 그런 여자가 좋더라  난 그런 여자가 좋더라  여보세요 날 좀 잠깐 보세요  희망사항이 정말 거창하군요  그런 여자한테 너무 잘 어울리는  난 그런 남자가 좋더라
1990.02.04~02.10,11,1104907,어떤이의 꿈,봄여름가을겨울,나의 아름다운 노래가 당신의 마음을 깨끗하게 할 수 있다면,1989.10.01,Ballad,김종진,어떤 이는 꿈을 간직하고 살고 어떤 이는 꿈을 나눠 주고 살며 다른 이는 꿈을 이루려고 사네 어떤 이는 꿈을 잊은채로 살고 어떤 이는 남의 꿈을 뺏고 살며 다른 이는 꿈은 없는거라 하네 세상에 이 처럼 많은 사람들과 세상에 이 처럼 많은 개성들 저 마다 자기가 옳다 말을 하고 꿈이란 이런 거라 말 하지만 나는 누굴까 내일을 꿈 꾸는가 나는 누굴까 아무 꿈 없질 않나 나는 누굴까 내일을 꿈 꾸는가 나는 누굴까 혹 아무 꿈 어떤 이는 꿈을 간직하고 살고 어떤 이는 남의 꿈을 뺏고 살며 다른 이는 꿈은 이런 거라 하네 세상에 이 처럼 많은 사람들과 세상에 이 처럼 많은 개성들 저 마다 자기가 옳다 말을 하고 꿈이란 이런 거라 말 하지만 나는 누굴까 내일을 꿈 꾸는가 나는 누굴까 아무 꿈 없질 않나 나는 누굴까 내일을 꿈 꾸는가 나는 누굴까 아무 꿈 없질 않나 나는 누굴까 내일을 꿈 꾸는가 나는 누굴까 아무 꿈 없질 않나 나는 누굴까 내일을 꿈 꾸는가 나는 누굴까 혹 아무 꿈
1990.02.04~02.10,12,1839744,눈물나는 날에는,푸른하늘,푸른하늘 2집 - 눈물나는 날에는,1989.07.01,Ballad,유영석,우리들 마음 아픔에 어둔 밤 지새우지만 찾아든 아침 느끼면 다시 세상속에 있고 눈물이 나는 날에는 창밖을 바라보지만 잃어간 나의 꿈들에 어쩔줄을 모르네 나에게 올 많은 시간들을 이제는 후회없이 보내리 어두웠던 지난날을 소리쳐 부르네 아름다운 나의 날을 위하여 사랑이란 사랑이라는 마음만으로 영원토록 기쁨 느끼고 싶어 슬픔 안은 슬픔 안은 날 잠이 들고파 변하지 않는 세상을 꿈꾸며  나에게 올 많은 시간들을 이제는 후회없이 보내리 어두웠던 지난날을 소리쳐 부르네 아름다운 나의 날을 위하여 사랑이란 사랑이라는 마음만으로 영원토록 기쁨 느끼고 싶어 슬픔 안은 슬픔 안은 날 잠이 들고파 변하지 않는 세상을 꿈꾸며 사랑이란 사랑이라는 마음만으로 영원토록 기쁨 느끼고 싶어 슬픔 안은 슬픔 안은 날 잠이 들고파 변하지 않는 세상을 꿈꾸며 변하지 않는 세상을 꿈꾸며
1990.02.04~02.10,13,3708777,존대말을 써야할지 반말로 얘기해야 할지,민해경,민해경 Since... 1981 에센셜앨범,2012.01.16,Ballad,,한동안 좋아했던  옛사람을 우연히  길가에서 마주쳤네  존대말을 써야할지  반말로 얘기해야 할지  서먹서먹 해지네  그렇게 보고싶던  옛사람을 딴사람과  같이 걷다 마주쳤네  반갑다고 해야할지  모른척 지나쳐야 할지  어쩔줄을 모르겠네  가슴은 주책없이 뛰고 있어  말문이 막혀버려 답답하네  입만 벙긋 눈만 껌뻑 밍숭 맹숭  입장이 정말 난처해지네  시간 좀 빨리 흘러갔으면 어쩌나  다바다바 두비두비  두답두 닷다 다바다바  두비두비 다바다바다  서먹서먹 해지네  한동안 좋아했던  옛사람을 우연히  길가에서 마주쳤네  존대말을 써야할지  반말로 얘기해야 할지  서먹서먹 해지네 가슴은 주책없이 뛰고 있어  말문이 막혀버려 답답하네  입만 벙긋 눈만 껌뻑 밍숭 맹숭  입장이 정말 난처해지네  시간 좀 빨리 흘러갔으면 어쩌나 다바다바 두비두비 두답두 닷다 다바다바 두비두비 다바다바다 존대말을 써야할지 반말로 얘기해야 할지 서먹서먹 해지네 어쩔줄을 모르겠네
1990.02.04~02.10,14,51275,동네 (`응답하라 1988` 삽입곡),김현철,김현철 Vol.1 - 춘천가는 기차,1989.08.26,Ballad,김현철,가끔씩 난 아무일도 아닌데 음 괜스레 짜증이 날땐 생각해 나의 동네에 올해들어 처음 내린 비 짧지 않은 스무해를 넘도록 음 나의 모든 잘못을 다 감싸준 나의 동네에 올해들어 처음 내린 비 내가 걷는 거리 거리 거리마다 오 나를 믿어왔고 내가 믿어가야만 하는 사람들 사람들 사람들 사람들 그리고 나에겐 잊혀질 수 없는 한 소녀를 내가 처음 만난 곳 둘이 아무말도 없이 지치는 줄도 모르고 온종일 돌아다니던 그 곳 짧지 않은 스무해를 넘도록 음 소중했던 기억들이 감춰진 나의 동네에 올해들어 처음 내린 비 내가 걷는 거리 거리 거리마다 오 나를 믿어왔고 내가 믿어가야만 하는 사람들 사람들 사람들 사람들 그리고 나에겐 잊혀질 수 없는 한 소녀를 내가 처음 만난 곳 둘이 아무말도 없이 지치는 줄도 모르고 온종일 돌아다니던 그 곳 짧지 않은 스무해를 넘도록 음 나의 모든 잘못을 다 감싸준 나의 동네에 올해들어 처음 내린 비 사람들 사람들 사람들 사람들 사람들 사람들
1990.02.04~02.10,15,52515,사랑은 창밖에 빗물같아요,양수경,사랑은 창밖에 빗물같아요,1990.03.01,Ballad,전영록,이밤 왠지 그대가 내 곁에 올것만 같아 음 그대 떠나버린걸 난 지금 후회 안해요 오 그저 지난 세월이 내리는 빗물같아요 그렇지만 문득 그대 떠오를 때면 이 마음은 아파올거야 그누구나 세월가면 잊혀지지만 사랑은 창밖에 빗물같아요  이밤 그대 모습이 내 맘에 올것만 같아 음 그대 말은 안해도 난 지금 알 수 있어요 오 그저 지난 세월이 내리는 빗물같아요 그렇지만 문득 그대 떠오를 때면 이 마음은 아파올거야 그누구나 세월가면 잊혀지지만 사랑은 창밖에 빗물같아요 사랑은 창밖에 빗물같아요
1990.02.04~02.10,16,58160,마지막 콘서트,이승철,이승철 Part 2,1989.12.10,Ballad,김태원,지금 슬픈 내 모습은 무대뒤 한 소녀  애써 눈물 참으며 바라보고 있네  무대 뒤에 그 소녀는 작은 의자에 앉아  두 손 곱게 모으고 바라 보며 듣네  나의 얘기를 워 소녀는 나를 알기에 더더욱 슬퍼지네  노래는 점점흐르고 소녀는 울음 참지 못해  밖으로 나가버리고  노랜 끝이 났지만 이젠 부르지 않으리 에 이 슬픈 노래  밖으로 나가 버리고 노랜 끝이났지만 이젠 부르지 않으리 에 이 슬픈 노래
1990.02.04~02.10,17,1839831,진고개 신사,신촌블루스,신촌블루스 라이브 Vol.1,2001.01.01,Folk,심영식,미련없이 내뿜는 담배연기속에  아련히 떠오르는 그여인의 얼굴을 별마다 새겨보는 별마다 새겨보는  아~ 진고개 신사  헝클어진 머리를 쓸어 올리며 언젠가 불러주던 그여인의 노래를  소리없이 불러보던 소리없이 불러보던 아~ 진고개 신사
1990.02.04~02.10,18,52442,숙녀에게,변진섭,너에게로 또 다시,1989.10.25,Ballad,박주연,어쩌면 처음 그땐 시간이 멈춘 듯이 미지의 나라 그곳에서 걸어온 것처럼 가을에 서둘러 온 초겨울 새벽녘에 반가운 눈처럼 그대는 내게로 다가왔죠 그대의 맑은 미소는 내 맘에 꼭 들지만 가끔씩 보이는 우울한 눈빛이 마음에 걸려요 나 그대 아주 작은 일까지 알고 싶지만 어쩐지 그댄 내게 말을 안 해요 허면 그대 잠든 밤 꿈 속으로 찾아가 살며시 얘기 듣고 올래요 그대의 맑은 미소는 내 맘에 꼭 들지만 가끔씩 보이는 우울한 눈빛이 마음에 걸려요 나 그대 아주 작은 일까지 알고 싶지만 어쩐지 그댄 내게 말을 안 해요 허면 그대 잠든 밤 꿈 속으로 찾아가 살며시 얘기 듣고 올래요 나 그대 아주 작은 일까지 알고 싶지만 어쩐지 그댄 내게 말을 안 해요 허면 그대 잠든 밤 꿈 속으로 찾아가 살며시 얘기 듣고 올래요
1990.02.04~02.10,19,1087276,그게 나였어,이문세,그게 나였어,1989.11.01,Ballad,이영훈,생각나니 별을 보던 너의 모습 생각 아름다운 마음이 오래 됐지만 그게 나였어 그게 나였어  어느날 부끄러웁겠지 그냥 살아온 인생 거짓과 위선 속에 서로 속이며 정직한 나  필요한 내가 되고 싶었어  아름다운 날 만들기 위해  생각나니 지난 시절 잃어버린 사랑 나눠 갖던 마음이 오래 됐지만 그게 너였어 그게 너였어  어느날 부끄러웁겠지 그냥 살아온 인생 거짓과 위선 속에 서로 속이며 정직한 나  필요한 내가 되고 싶었어 아름다운 날 만들기 위해  생각나니 지난 시절 잃어버린 사랑 나눠 갖던 마음이 오래 됐지만 그게 나였어 그게 나였어
1990.02.04~02.10,20,52945,겨울 애상,이선희,한바탕 웃음으로,1989,Ballad,김요일,별빛에 맑게 빛나는  내 슬픈 얼굴아  기러기 울며 날아간  하늘을 보나  그리움 눈처럼 쌓여  언덕을 굴러넘고  파란 달빛 나린다  내 텅빈 뜨락에  바람은 나뭇잎을  휘몰고 사라졌는데  왜 아픈 그리움의 조각배는  내 가슴에 떠 있는가  지울수 없나 없나  겨울이면 떠오는 영상  파랗게 시린 내 사랑  얼어버린 슬픈 뒷모습   바람은 나뭇잎을  휘몰고 사라졌는데  왜 아픈 그리움의 조각배는  내 가슴에 떠 있는가  지울수 없나 없나  겨울이면 떠오는 영상  파랗게시린 내사랑  얼어버린 슬픈 뒷모습  얼어버린 슬픈 뒷모습
1990.02.04~02.10,21,610200,옥경이,태진아,베스트,-,Adult Contemporary,조운파,희미한 불빛 아래 마주 앉은 당신은 언젠가 어디선가 본 듯한 얼굴인데 고향을 물어 보고 이름을 물어봐도 잃어버린 이야긴가 대답하지 않네요 바라보는 눈길이 젖어 있구나 너도 나도 모르게 흘러간 세월아 어디서 무엇을 하며 어떻게 살았는지 물어도 대답없이 고개 숙인 옥경이  바라보는 눈길이 젖어 있구나 너도 나도 모르게 흘러간 세월아 어디서 무엇을 하며 어떻게 살았는지 물어도 대답없이 고개 숙인 옥경이
1990.02.04~02.10,22,1517745,언제나 타인,김수철,One Man Band,1989.11.20,Rock,김수철,만남에서 몰래 빠져나와 너와나 이별도 없이 그냥 멀어져 버린 우리는 언제나 타인 불어라 바람 깊이 패인 상처에 먼지를 씻어 주렴아 불어라 바람 이 세상 저 끝에 홀로 서있는 눈물을 씻어 주렴아 잊으려고 애써 웃었지만 잊을수록 더해만 가 그리움에 너를 찾아 또 다시 어디론가 떠나가네  불어라 바람 깊이 패인 상처에 먼지를 씻어 주렴아 불어라 바람 이 세상 저 끝에 홀로 서있는 눈물을 씻어 주렴아 잊으려고 애써 웃었지만 잊을수록 더해만 가 그리움에 너를 찾아 또 다시 어디론가 떠나가네
1990.02.04~02.10,23,50798,안녕 내사랑,박남정,박남정 제3집,1989.08.25,Dance,송광호,잊혀질듯 하면서도 못잊는 것은 지난날의 그 꿈들이 아름다워서 순간속에 사라지는 너의 모습이 이제는 볼수가 없네 지난날이 꿈이었나 생각해보면 행복했던 우리들에 지난 시간들 슬픔속에 사라져간 나의 눈물을 이제는 지울수없네 모두가 추억이었나 다시는 볼수가 없네 모두가 사라져갔나 다시는 볼수가 없나 안녕 안녕하며 사라진 너의 모습 이제는 볼수가 없네 안녕 안녕하며 사라진 너의 모습 이제는 이제는 안녕 내사랑  모두가 사라져갔나 다시는 볼수가 없네 모두가 사라져갔나 다시는 볼수가 없어 안녕 안녕하며 사라진 너의 모습 이제는 볼수가 없네 안녕 안녕하며 사라진 너의 모습 이제는 이제는 안녕 내사랑
1990.02.04~02.10,24,52942,한바탕 웃음으로,이선희,한바탕 웃음으로,1989,Ballad,송시현,한바탕 웃음으로 모른체 하기엔 이세상 젊은 한숨이 너무나 깊어 한바탕 눈물로 잊어버리기엔 이세상 젊은 상처가 너무나 커 난 다시 잠들고만 싶어 어린 시절 꿈 속으로  난 다시 꿈꾸고만 싶어 마냥 웃던 어린시절 젊은 한숨 한숨이 사라지는 날 세상은 진정 아름다울 꺼야 젊은 상처 상처가 사라지는 날 세상은 진정 아름다울 꺼야 한바탕 웃음으로 모른체 하기엔 이세상 젊은 한숨이 너무나 깊어 한바탕 눈물로 잊어버리기엔 이세상 젊은 상처가 너무나 커  난다시 잠들고만 싶어 어린시절 꿈속으로  난 다시 꿈꾸고만 싶어 예에 마냥 웃던 어린 시절 젊은 한숨 한숨이 사라지는 날 세상은 진정 아름다울꺼야 젊은상처 상처가 사라지는 날 세상은 진정아름다울꺼야 한바탕 웃음으로 모른체 하기엔 이세상 젊은 한숨이 너무나 깊어 한바탕 눈물로 잊어버리기엔 이세상 젊은 상처가 너무나 커
1990.02.04~02.10,26,46665,기다려 줘,김광석,인생 이야기,1996.08.13,Folk,김창기,난 아직 그대를 이해하지 못하기에 그대 마음에 이르는 그 길을 찾고있어 그대의 슬픈 마음을 환희 비춰 줄 수 있는 변하지 않을 사랑이 되는 길을 찾고 있어 어디서 찾을 수 있을까 그대 마음에 다다라는 길 찾을 수 있을까 언제나 멀리 있는 그대 기다려줘 기다려줘 내가 그대를 이해할 수 있을때까지 기다려줘 기다려줘 내가 그대를 이해 할 수 있을 때까지  난 아직 그대를 이해하지 못하기에 그대 마음에 이르는 그 길을 찾고있어 그대의 슬픈 마음을 환희 비춰 줄 수 있는 변하지 않을 사랑이 되는 길을 찾고 있어 어디서 찾을 수 있을까 그대 마음에 다다라는 길 찾을 수 있을까 언제나 멀리 있는 그대 기다려줘 기다려줘 내가 그대를 이해할 수 있을때까지 기다려줘 기다려줘 내가 그대를 이해 할 수 있을 때까지  기다려줘
1990.02.04~02.10,27,460430,언제나 영화처럼,전인권,지금까지 또 이제부터 II,1989.10,Rock,,언제나 영화처럼 언제나 영화처럼 언제나 영화처럼 언제나 영화처럼 멋있는 영화처럼 언제나 영화처럼 나의 모자람도 우리 외로움도 개성이 되고   빠빠빠빠빠빠빠빠빠빠빠빠빠--  언제나 영화처럼 언제나 영화처럼 언제나 영화처럼 언제나 영화처럼 언제나 영화처럼 언제나 영화처럼
1990.02.04~02.10,28,1017165,사랑하고 싶어,소방차,사랑하고싶어 / 연애편지,1989.01.01,Dance,지예,사랑하고 싶어도
1990.02.04~02.10,29,1081140,칠갑산,주병선,주병선 앵콜무대 Vol 1,1992.06.01,Adult Contemporary,조운파,콩밭메는 아낙네야 베적삼이 흠뻑 젖는다 무슨 설움 그리 많아 포기마다 눈물 심누나 홀어머니 두고 시집가던 날 칠갑산 산마루에 울어주던 산새 소리만 어린 가슴속을 태웠소  홀어머니 두고 시집가던 날 칠갑산 산마루에 울어주던 산새 소리만 어린 가슴속을 태웠소
1990.02.04~02.10,30,1003660,봉선화 연정,현철,힛트 전집 2,1989.01.01,Adult Contemporary,김동찬,손대면 톡하고 터질것만 같은 그대 봉선화라 부르리 더 이상 참지못할 그리움을 가슴깊이 물들이고 수줍은 너의 고백에 내 가슴이 뜨거워 터지는 화산처럼 막을 수 없는 봉선화 연정  손대면 톡하고 터질것만 같은 그대 봉선화라 부르리 더 이상 참지못할 외로움에 젖은 가슴 태우네 울면서 혼자 울면서 사랑한다 말해도 무정한 너는 너는 알지 못하네 봉선화 연정 봉선화 연정
1990.02.04~02.10,31,1003872,사랑의 거리,문희옥,문희옥 2,1989.05.16,Adult Contemporary,정은이,여기는 남서울영동 사랑의 거리  사계절 모두 봄봄봄 웃음꽃이 피니까  외롭거나 쓸쓸할때는 누구라도  한번쯤은 찾아오세요  아아여기는 사랑을 꽃피우는  남서울 영동 사랑의 거리
1990.02.04~02.10,32,1076768,호랑나비,김흥국,Kim Heung Kook,-,Adult Contemporary,이혜민,호랑나비 한 마리가 꽃밭에 앉았는데 도대체 한 사람도 즐겨찾는 이 하나없네 하루 이틀 기다려도 도대체 사람없네 이것 참 속상해 속상해 못 살겠네 호랑나비야 날아봐 하늘 높이 날아봐 호랑나비야 날아봐 구름위로 숨어봐 호랑나비 한 마리가 꽃밭에 앉았는데 도대체 한 사람도 즐겨찾는 이 하나없네 호랑나비야 날아봐 하늘 높이 날아봐 호랑나비야 날아봐 구름위로 숨어봐 예예 숨어봐 예예 숨을까 예예 숨었다
1990.02.04~02.10,33,58022,정때문에,송대관,송대관 슈퍼 골든,1993,Adult Contemporary,"장경수,불후의명곡전설을노래하다(작사가장경수편)원곡및경연곡탈퇴회원좋아요총건수015곡#불",정 주고 떠난 사람 그리워서 울긴 왜 울어 추억을 뿌려놓은 당신이기에 그 날은 행복했다 할래요 그까짓 것 미련이야 버리면 그만인 것을 끈끈한 정 때문에 정 때문에 괴로워 혼자 울고있어요 정 주고 떠난 사람 못 잊어서 내가 왜 울어 서럽게 버림받은 바보라지만 원망은 하지 않을거예요 그까짓 것 미련이야 버리면 그만인것을 가슴에 못이 되어 못이 되어 서러워 내 가슴을 치네요 그까짓 것 사랑이야 잊으면 그만인 것을 남겨진 정 때문에 정 때문에 괴로워 혼자 울고 있어요
1990.02.04~02.10,34,50791,멀리 보이네,박남정,박남정 제3집,1989.08.25,Dance,박남정,아 멀리 보이는 그대모습 나 불러 봤지만 멀어져 갔네 그대 잊었나 우리의 지난날들 말없이 걸어 봤어도 지울 수 없는 추억 왜 난 잊지 못해 버릴 순 없어 내 맘엔 상처만 남았네 눈물 흐르는 이 맘 난 어이하나 하늘 높이 솟아 오른 저 별은 너와 나의 모든 이상일까 고독일까 그래 알고보면 우리의 지난 날 정말 언제 갔나 갔는줄도 몰랐었네 달빛 물든 하늘 향해 마음 열고 우리 한 발 두 발 걸어가면 뭔가 희미하게 보이는 그대 영상 무슨 말 하는지 나를 보네 왜 난 잊지 못해 버릴순 없어 내 맘엔 상처만 남았네 눈물 흐르는 이 맘 난 어이하나  아 멀리 보이는 그대 모습 나 불러 봤지만 멀어져갔네 왜 난 잊지못해 버릴순 없어 내 맘엔 상처만 남았네 눈물 흐르는 이 맘 난 어이하나 어디선가 들려오는 경쾌한 힘찬 음악소리에 맞추어 이내 가슴속에 모든 것을 그냥 혼자 기분 내키는 대로 한 번 콧노래를 불러볼까 이 한줄의 멜로디에 실어볼까 내 마음에 환한 무지개 되어 마음껏 하늘을 날아보자 왜 난 잊지 못해 버릴순 없어 내 맘엔 상처만 남았네 눈물 흐르는 이 맘 난 어이하나
1990.02.04~02.10,35,53017,이미 그댄,박학기,박학기,1989.05.10,Ballad,김현철,아무리 아니라고 해도 이제는 어쩔수 없네 이미 그댄 나의 사랑이 아닌걸 한참을 다시 생각해도 이제는 돌리 수 없네 이미 그댄 나의 사람이 아닌걸 우리 힘들게 지내온 지난 숨가뿐 기억이 지금도 아름답지만 이제 다시는 돌아오지 않아요 유난히 야위어 보이는 그대의 가녀린 어깨도 이미 나의 것이 아닌걸 우리 힘들게 지내온 지난 숨가뿐 기억이 지금도 아름답지만 이제 다시는 돌아오지 않아요
1990.02.04~02.10,36,56819,내집이 그립네,이남이,이남이 베스트,-,Rock,이남이,떴다 떴다 비행기 날아라 날아라
1990.02.04~02.10,37,2335672,미련 때문에,최진희,최진희 Golden,1996.10.01,Adult Contemporary,장우,너무나 짧았던 만남이지만 진정으로 사랑했다오~
1990.02.04~02.10,38,1095385,형,이승미,신촌뮤직 Best Vol.6,1993.03.01,Ballad,김진룡,형 편지 썼어요 부칠수 없는 그리움을 형 길을 걸었죠 함께 거닐던 그때 그 길 형 낙엽이 져요 형 바람이 차요 사랑도 아닌 우정도 아닌 그때 그 마음 무언지 몰랐었지만 형이 없는 그 찻집이 외로워요 식어가는 커피잔이 쓸쓸해요 세상 모두 온통 슬픔 뿐이에요 형의 그 마음 이젠 알 것 같아요  형 기억하나요 가을 캠퍼스 그 벤취를 형 생각하나요 함께 지새던 마지막 밤 형 낙엽이 져요 형 바람이 차요 사랑도 아닌 우정도 아닌 그때 그 마음 무언지 몰랐었지만 형이 없는 그 찻집이 외로워요 식어가는 커피잔이 쓸쓸해요 세상 모두 온통 슬픔 뿐이에요 형의 그 마음 이젠 알 것 같아요 형의 그 마음 이젠 알 것 같아요
1990.02.04~02.10,39,53475,바람부는 거리,수와진,수와진 3,1989.10,Ballad,정성헌,어둠이 내려앉은 거리에 바람하나 횡하니 지나면 아직도 남아있는 그리움 내게 항상 머무네 아무런 생각없이 걸어도 타인처럼 늘 내게 다가와 쓸쓸한 나에 여윈 가슴에 다시 슬픔을 주네 바람이 불고 그대가 떠나면 이별의 아픔 모두 바람에 실어 먼곳으로 떠나는 줄 알았는데 아무리 잊으려고 애써도 바람이 나를 스쳐갈때면 또 다시 떠오는 그대 모습 잊혀지질 않아  바람이 불고 그대가 떠나면 이별의 아픔 모두 바람에 실어 먼곳으로 떠나는 줄 알았는데 아무리 잊으려고 애써도 바람이 나를 스쳐갈때면 또 다시 떠오는 그대 모습 잊혀지질 않아
1990.02.04~02.10,40,53088,유리창엔 비,햇빛촌,햇빛촌,1989.02.15,Ballad,이정한,낮부터 내린 비는 이 저녁 유리창에 이슬만 뿌려놓고서 밤이 되면 더욱 커지는 시계소리처럼 내 마음을 흔들고 있네 이 밤 빗줄기는 언제나 숨겨놓은 내 맘에 비를 내리네 떠오는 아주 많은 시간들 속을 헤메이던 내 맘은 비에 젖는데 이젠 젖은 우산을 펼 수는 없는 것 낮부터 내린 비는 이 저녁 유리창에 슬픔만 뿌리고 있네 이 밤 마음속엔 언제나 남아있던 기억은 빗줄기처럼 떠오는 기억 스민 순간 사이로 내 마음은 어두운 비를 뿌려요 이젠 젖은 우산을 펼 수는 없는 것 낮부터 내린 비는 이 저녁 유리창에 슬픔만 뿌려 놓고서 밤이 되면 유리창에 내 슬픈 기억들을 이슬로 흩어 놓았네
1990.02.04~02.10,41,1108580,그대 내 맘에 들어오면은,조덕배,그대 내맘에 들어오면은,1993.04.01,Ballad,조덕배,다가가면 뒤돌아 뛰어가고 쳐다보면 하늘만 바라 보고 내맘을 모르는지 알면서 그러는지 시간만 자꾸 자꾸 흘러가네 스쳐가듯 내곁을 지나가도 돌아서서 모른척 하려해도 내 마음에 강물처럼 흘러가는 그대는 무지갠가 뛰어 갈텐데 훨훨 날아 갈텐데 그대 내맘에 들어 오면은 아이처럼 뛰어가지 않아도 나비따라 떠나가지 않아도 그렇게 오래오래 그대곁에 남아서 강물처럼 그대 곁에 흐르리 뛰어 갈텐데 날아 갈텐데 그대 내맘에 들어 오면은  뛰어 갈텐데 날아 갈텐데 그대 내맘에 들어 오면은 아이처럼 뛰어가지 않아도 나비따라 떠나가지 않아도 그렇게 오래오래 그대곁에 남아서 강물처럼 그대 곁에 흐르리 뛰어 갈텐데 훨훨 날아 갈텐데 그대 내맘에 들어 오면은 뛰어 갈텐데 날아 갈텐데 그대 내맘에 들어 오면은 뛰어 갈텐데 날아 갈텐데 그대 내맘에 들어 오면은
1990.02.04~02.10,42,1789059,유리창에 그린 안녕,김승진,유리창에 그린 안녕,1989.06.01,Dance,김순곤,그냥 하얀 유리창에 기대어 안녕 두글자를 그렸네 다시 다가갈 수 없는 이 마음 그대는 알지 못하고  창밖으로 스쳐 가는 그대의 뒷 모습은 바람처럼 쓸쓸하고 미소는 슬퍼 우린 서로 모르는체 얼굴을 돌리지만 마음속엔 지난날이 남아 있어요 이렇게 나 돌아서 후회하지만 그대를 보면 아무 변명을 못해 그냥 하얀 유리창에 기대어 안녕 두 글자를 그렸네 다시 다가갈 수 없는 이 마음 그대는 알지 못하고 멀어지네  변해버린 마음처럼 화려한 옷차림이 왠일인지 그대에겐 어색해 보여 우린 서로 망설이다 헤어져 버렸지만 미워하던 기억마저 이젠 없어요 이렇게 나 돌아서 후회하지만 그대를 보면 아무 변명을 못해 그냥 하얀 유리창에 기대어 안녕 두 글자를 그렸네 다시 다가갈 수 없는 이 마음 그대는 알지 못하고 그냥 하얀 유리창에 기대어 안녕 두 글자를 그렸네 다시 다가갈 수 없는 이 마음 그대는 알지 못하고 멀어지네 멀어지네 멀어지네
1990.02.04~02.10,43,3442905,그때 그날로,장호철,"거울, 빈병, 그리고 나",1989.08.01,Ballad,,이젠 모두 끝난 채 입맞춤도 없이 긴 슬픔의 길로 떠나가네 다시 홀로되어 가슴 외로움만 오오 담겨있네 만약 그때 그날로 다시 돌아가면 난 오직 그대를 사랑하리 헤어진다 해도 그대 사랑하리 오오 사랑하리 이제는 알 수 있네 내가 왜 그댈 사랑하는지 모진 세월들을 겪고 난 뒤에야 그대가 소중한걸 만약 그때 그날로 다시 돌아가면 난 오직 그대를 사랑하리 헤어진다 해도 그대 사랑하리 오오 사랑하리 이제는 알 수 있네 내가 왜 그댈 사랑하는지 모진 세월들을 겪고 난 뒤에야 그대가 소중한걸 이제 모두 끝난 채 입맞춤도 없이 긴 슬픔의 길로 떠나가네 다시 홀로되어 가슴 외로움만 오오 담겨있네 만약 그때 그날로 다시 돌아가면 난 오직 그대를 사랑하리 헤어진다 해도 그대 사랑하리 오오 사랑하리 이젠 모두 끝난 채 입맞춤도 없이 긴 슬픔의 길로 떠나가네 다시 홀로되어 가슴 외로움만
1990.02.04~02.10,44,188114,귀로 (은상),박선주(PakSunZoo),제 10회 MBC 강변가요제,1989.08.17,Ballad,예민,화려한 불 빛으로 그 뒷 모습만 보이며 안녕이란 말도 없이 사라진 그대 쉽게 흘려진 눈물 눈 가에 가득히 고여 거리는 온통 투명한 유리 알 속 그대 따뜻한 손이라도 잡아 볼 수만 있었다면 아직은 그대의 온기 남아 있겠지만 비 바람이 부는 길 가에 홀로 애 태우는 이 자리 두 뺨엔 비 바람만 차게 부는데 사랑한단 말은 못해도 안녕이란 말은 해야지 우 아무말도 없이 떠나 간 그대가 정말 미워요  그대 따뜻한 손이라도 잡아 볼 수만 있었다면 아직은 그대의 온기 남아 있겠지만 비 바람이 부는 길 가에 홀로 애 태우는 이 자리 두 뺨엔 비 바람만 차게 부는데 사랑한단 말은 못해도 안녕이란 말은 해야지 우 아무말도 없이 떠나 간 그대가 정말 미워요 사랑한단 말은 못해도 안녕이란 말은 해야지 우 아무말도 없이 떠나 간 그대가 정말 미워요
1990.02.04~02.10,45,2936138,물개바위,한돌,한돌타래모음 2,1989.10.20,Folk,,
1990.02.04~02.10,46,61490,우리 앞의 생이 끝나갈 때,무한궤도,우리 앞의 생이 끝나갈 때,1989.06,Rock,신해철,흐린 창문 사이로
1990.02.04~02.10,47,58151,마지막 나의 모습,이승철,이승철 1집 (안녕이라고말하지마),1988.12.01,Ballad,김진룡,당신을 알고 사랑을 알고 당신때문에 괴로운 이별 시들은 꽃처럼 창백한 얼굴로 돌아서는 이 밤 사랑이 나를 내가 사랑을 아무 일 없듯 떠나보냈나 슬픔을 감추며 멀어진 그대 허탈한 뒷모습 난 모르겠어 떠난 그 이유 다시는 사랑할 수 없다는 걸 난 알고싶어 그대 그 마음 왜 나를 외면해야 했는지 외로움에 지쳐버린 사랑했던 사람들의 고독들이 꺼져가는 불빛따라 흔들리듯 걷고 있는 내모습이 너무 초라해 보이면 싫어  난 모르겠어 떠난 그 이유 다시는 사랑할 수 없다는 걸 난 알고싶어 그대 그 마음 왜 나를 외면해야 했는지 외로움에 지쳐버린 사랑했던 사람들의 고독들이 꺼져가는 불빛따라 흔들리듯 걷고 있는 내모습이 너무 초라해 보이면 싫어
1990.02.04~02.10,48,1768642,추억속의 그대,황치훈,추억속의 그대,1988.12.15,Adult Contemporary,윤상,희미해지는 지난 추억속의 그 길을 이젠 다시 걸어볼 수 없다 하여도 이 내 가슴에 지워버릴 수 없는 그때 그 모든 기억들 그대의 사랑이 지나가는 자리엔 홀로된 나의 슬픈 고독뿐 그대가 다시 올 순 없어도 지나간 추억만은 영원히 다시 돌아올 수 없는 사랑에 홀로 돌이켜 본 추억은 다만 아름답던 사랑뿐 다시 돌아올 수 없는 사랑에 홀로 돌이켜 본 추억은 다만 아름답던 기억뿐  희미해지는 지난 추억속의 그 길을 이젠 다시 걸어볼 수 없다 하여도 이 내 가슴에 지워버릴 수 없는 그때 그 모든 기억들 그대의 사랑이 지나가는 자리엔 홀로된 나의 슬픈 고독뿐 그대가 다시 올 순 없어도 지나간 추억만은 영원히 다시 돌아올 수 없는 사랑에 홀로 돌이켜 본 추억은 다만 아름답던 사랑뿐 다시 돌아올 수 없는 사랑에 홀로 돌이켜 본 추억은 다만 아름답던 기억뿐  다시 돌아올 수 없는 사랑에 홀로 돌이켜 본 추억은 다만 아름답던 사랑뿐
1990.02.04~02.10,49,2958948,그대 곁으로,이윤수,李允洙,1989.03,Ballad,,
1990.02.04~02.10,50,3868580,Fire Dance (불의 춤),오복,Fire Dance / 그대를 보내고,1989.01.01,Adult Contemporary,이세건,
