time,rank,song_id,title,singers,album,date,genre,creator,lyric
1993.07.11~07.17,1,56288,널 사랑하니까,신승훈,신승훈 3집,1993.04,Ballad,신승훈,난 너를 잊을수가 없어 이제는 나를 잊기로 했나 내 이름까지 내게 가르쳐준건 사랑뿐 이별은 어떻게 해야 하는지 그냥 이렇게 울면 되는지 너를 미워해야 하는지 흐르는 눈물 닦지 않았지 내가 울면 언제라도 나의 눈물 닦아주면서 슬퍼했던 너였기에 내가 싫어 이별을 했는지 다른 사랑이 있는지 이별을 준비해야 하는 날 슬프게 해 왜 나만 슬퍼해야 하는지 나만큼 너도 슬픈지 널 슬프게 했다면 용서해 이해할께 널 사랑하니까  흐르는 눈물 닦지 않았지 내가 울면 언제라도 나의 눈물 닦아주면서 슬퍼했던 너였기에 내가 싫어 이별을 했는지 다른 사랑이 있는지 이별을 준비해야 하는 날 슬프게 해 왜 나만 슬퍼해야 하는지 나만큼 너도 슬픈지 널 슬프게 했다면 용서해 이해할께 널 사랑하니까
1993.07.11~07.17,2,55543,하여가(何如歌),서태지와아이들,2집 - 하여가,1993.06.06,Dance,서태지,너에게 모든 걸 뺏겨  버렸던 마음이  다시 내게 돌아 오는 걸 느꼈지  너는 언제까지나 나만의  나의 연인이라 믿어왔던  내 생각은 틀리고 말았어  변해버린건 필요가 없어  이제는 널 봐도 아무런  느낌이 없어  나에겐 항상 시선을 멈췄던  예전의 네 모습과 나를  바라보던 네 미소와  너만의 목소리 모든게 그리워  진거야 지금 나에겐  너를 볼때마다 내겐  가슴이 떨리는 그 느낌이  있었지  난 그냥 네게 나를 던진거야 예  나홀로 있을때 조차 너를  기다린다는 설레임에  언제나 기쁘게 마음을  가졌던거야 예  부풀은 내 마음속엔 항상  네가 있었어  하얀 미소의 너를 가득 안고서  이제는 너를 위해 남겨둔 것이 있어  해맑던 네 미소가 담긴 사진을  난 그냥 이대로 뒤돌아 가는가  넌 그냥 이대로 날 잊어 버리나  난 그냥 이대로 뒤돌아 가는가  널 그냥 이대로 보내긴  내 가슴이 너무나  난 그냥 이대로 날 잊어  버리나 난 그냥 이대로 난 그냥 이대로 보내긴  내 가슴이 너무나  너에게 많은걸 바라는  게 아니지  그전처럼 또 바로 그때처럼  말이야  정성이 가득히 있었지  언제나 나를 너무 따뜻하게  대해 주었지  이제는 전화를 네게 거는 것  마저 난 이제 모두 두려워졌어  넌 아닌척하고 있지만  너의 목소리가 너무도 차갑지  난 이제 알 수가 있어  너도 많이 아파하고 있었다는  것만을  너의 진실을 숨기지마 넌  왜 그리 모르지  너를 볼때마다 내겐  가슴이 떨리는 그 느낌이 있었지  난 그냥 네게 나를 던진거야 예  나홀로 있을때 조차 너를  기다린다는 설레임에  언제나 기쁘게 마음을  가졌던거야 예  부풀은 내 마음속엔 항상  네가 있었어  하얀 미소의 너를 가득 안고서  이제는 너를 위해 남겨둔 것이 있어  해맑던 네 미소가 담긴 사진을  난 그냥 이대로 뒤돌아 가는가  넌 그냥 이대로 날 잊어 버리나  난 그냥 이대로 뒤돌아 가는가  널 그냥 이대로 보내긴  내 가슴이 너무나  난 그냥 이대로 날 잊어  버리나 난 그냥 이대로  난 그냥 이대로 보내긴   내 가슴이 너무나  이렇게 떠나가 버릴 너를  보려한것이 아니야  하지만 나는 기다려  네가 다시 돌아올날까지   이곳에서
1993.07.11~07.17,3,91408,사는게 뭔지,이무송,인연(因緣),1992,Ballad,,사랑이 무엇인지 아픔이 무엇인지 아직 알 순 없지만 인연이 끝난후에 후회하지는 않겠지 알수 없는 거잖아 사랑한 사람들은 이렇게 얘길하지 후회하는 거라고 하지만 사랑않고 혼자서 살아간다면 더욱 후회한다고 사랑을 하면서도 후회해도 한평생을 살 사람아 정주고 사는 인생 힘들어도 당신만을 사랑하리라  결혼이 무엇인지 사는게 무엇인지 아직 알순 없지만 몇년이 지난후에 후회하지는 않겠지 알 수 없는거잖아 살아본 사람들은 이렇게 얘길하지 후회하는 거라고 하지만 둘이아닌 혼자서 살아간다면 더욱 후회한다고 사랑을 하면서도 후회해도 한평생을 살 사람아 정주고 사는 인생 힘들어도 당신만을 사랑하리라  사랑을 하면서도 후회해도 한평생을 살 사람아 정주고 사는 인생 힘들어도 당신만을 사랑하리라 사랑을 하면서 후회는 왜하나 정들어 사는 인생 힘들어도 당신만을 사랑하리라
1993.07.11~07.17,4,91407,그래도 이제는,김종서,2nd Step (PETSDN2),1993.04.01,Rock,채정은,그 모든건 어린 내가 꿈꾸던 그대로 되지는 않았어 내가 너무 쉽게 생각했었나 아니면 약해서인가 사람도 무섭고 사랑은 더 힘들고 가끔씩은 많지 않은 나이가 오히려 부담이됐지 작은일도 책임져야한다는 의무도 숨막히게해 걷지도 못할만큼 고민도 쌓이지만 그래도 이제는 앞만 보며 가는 거야 날 기다릴 세상이 있으니  걷지도 못할만큼 고민도 쌓이지만 그래도 이제는 앞만 보며 가는 거야 날 기다릴 세상이 있으니 그래도 이제는 앞만 보며 가는 거야 날 기다릴 세상이 있으니  그래도 이제는 앞만 보며 가는 거야 날 기다릴 세상이 있으니 그래도 이제는 앞만 보며 가는 거야 날 기다릴 세상이 있으니
1993.07.11~07.17,5,57339,너를 사랑해,한동준,처음 받은 느낌으로,1993.01,Ballad,한동준,아침이 오는 소리에 문득  잠에서 깨어 내 품안에 잠든 너에게  워우우워 우워워 너를 사랑해  내가 힘겨울때마다 너는  항상 내 곁에  따스하게 어깨 감싸며  워우우워 우워워 너를 사랑해 영원히 우리에겐 서글픈  이별은 없어 때로는 슬픔에 눈물도 흘리지만 언제나 너와 함께 새하얀  꿈을 꾸면서 하늘이 우리를 갈라놓을 때까지 워우우워 우워워 너를 사랑해 내가 힘겨울때마다 너는  항상 내 곁에 따스하게 어깨 감싸며  워우우워 우워워 너를 사랑해 영원히 우리에겐 서글픈  이별은 없어 때로는 슬픔에 눈물도 흘리지만 언제나 너와 함께 새하얀  꿈을 꾸면서 하늘이 우리를 갈라놓을 때까지 워우우워 우워워 너를  사랑해 너를 사랑해
1993.07.11~07.17,6,532100,프란다스의 개,이승환,The Show (이승환 Live),2004.06.25,Ballad,KISHIDAERICO,먼동이 터오는 아침에 길게 뻗은 가로수를 누비며 잊을 수 없는 우리의 이 길을 파트라슈와  함께 걸었네 하늘과 맞닿는 이 길을   라랄라 라랄라 라라라라라라라라라 라랄라 라랄라 라라라라라라    먼동이 터오는 아침에 길게 뻗은 가로수를 누비며 잊을 수 없는 우리의 이 길을 파트라슈와  함께 걸었네 하늘과 맞닿는 이 길을   라랄라 라랄라 라라라라라라라라라 라랄라 라랄라 라라라라라라 라랄라 라랄라 라라라라라라라라라 라랄라 라랄라 라라라라라라    파트라슈 내가 아주 어렸을 적 아름다운 동화있어  나를 눈물짓게 만들었던 그개 파트라슈 추억 속의 너이지만 언제나 내 맘속에선  따스한 꿈을 꾸었지 나의 파트라슈 디리럼 디럼 디러럼 디리럼 디러럼 디럼 디리럼 디럼 디러럼 나의 파트라슈 하루하루 늘어가는 이기적인 만남들에  한 번쯤은 생각하지 그 개 파트라슈 밑도 끝도 없는 말들 우리들을 지치게해 확신없는 진실들은 이제 파트라슈    디리럼 디럼 디러럼 디리럼 디러럼 디럼 디리럼 디럼 디러럼 나의 파트라슈 디리럼 디럼 디러럼 디리럼 디러럼 디럼 디리럼 디럼 디러럼 그 개 파트라슈 디리럼 디럼 디러럼 디리럼 디러럼 디럼 한 번쯤은 생각하지 나의 파트라슈
1993.07.11~07.17,7,55040,나를 돌아봐,듀스,Deux,1993.04,Rap / Hip-hop,이현도,이제 우리가 시작하겠어 바로 여기서 D E U X DEUX 여기서 우린 보여주고 싶어 D E U X DEUX DEUX 하루 하루 반복되는 날들 의미를 찾을 수 없어 순간 순간이 나에겐 힘들어 왜 언제나 너는 내 맘 속에 난 벗어나고 싶어 언제나 슬픔의 벽속에 나는 둘러싸여져 있는데 시간이 갈수록 그대는 자꾸만 멀어져 가고 있는걸 나를 돌아봐 그대 나를 너의 맘속엔 내가 없지만 나를 돌아봐 나는 지금 널 그리며 서 있어 그대는 나를 슬퍼하는 나를 지금 기다림에 날을 계속하고만 있는 나를 WHY 왜 자꾸만 외면하고 멀어져가는 거야 그대 나에게 두근거리는 내 마음을 그대는 가슴을 닫아 두고 외면을 하고 있지만 언젠가는 넌 알 수 있을꺼야 그때 너의 마음 나에게만 보여줘 언제나 슬픔의 벽속에 나는 둘러싸여져 있는데 시간이 갈수록 그대는 자꾸만 멀어져 가고 있는걸 나를 돌아봐 그대 나를 너의 맘속엔 내가 없지만 나를 돌아봐 나는 지금 널 그리며 서 있어 그대는 나를 가슴 아파하는 나를 난 너 너만을 얻고 싶어 이런 나를 정말로 정말로 이대로 지나칠 수 밖에없는지 정말 난 그대와 정말 사랑할 순 없는지 나를 돌아봐줘 그대여 나를 돌아봐 그대와 나는 하나 될 수 없는 거야 나를 돌아봐줘 그대여 나를 돌아봐 나를 돌아봐 그대 나를 너의 맘속엔 내가 없지만 나를 돌아봐 나는 지금 널 그리며 서 있어
1993.07.11~07.17,8,1847750,애모,김수희,서울여자,1990.01.01,Adult Contemporary,유영건,그대 가슴에 얼굴을 묻고 오늘은 울고 싶어라 세월의 강 넘어 우리 사랑은 눈물 속에 흔들리는데 얼만큼 나 더 살아야 그대를 잊을 수 있나 한 마디 말이 모자라서 다가설 수 없는 사람아 그대 앞에만 서면 나는 왜 작아지는가 그대 등 뒤에 서면 내 눈은 젖어드는데 사랑 때문에 침묵해야 할 나는 당신의 여자 그리고 추억이 있는 한 당신은 나의 남자여 그대 앞에만 서면 나는 왜 작아지는가 그대 등 뒤에 서면 내 눈은 젖어 드는데 사랑 때문에 침묵해야 할 나는 당신의 여자 그리고 추억이 있는 한 당신은 나의 남자여 당신은 나의 남자여
1993.07.11~07.17,9,1517671,천년학 (대금 타이틀),VariousArtists,서편제 OST,1993.04.01,Korean Movie,,
1993.07.11~07.17,10,3622706,아라비안 나이트,김준선,`90 KBS 대학가요축제,1995.11.15,Ballad,김준선,이토록 뛰는 가슴 그때는 몰랐었네 내 마음에 꿈을 심은 환상의 아라비안 나이트 어제는 잊어버려 오늘을 사랑하네 내 마음에 꿈을 심은 환상의 아라비안 나이트 어느덧 세월은 흘러 한동안 꿈을 잃어 버렸네 그러나 이제는 돌아와 행복한 옛날로 또 또 히야오와 히야오와 히야오와 예 히야오와 히야오와 히야오와 예 그건 언제나 나의 꿈 그건 언제나 나의 꿈 불타는 태양 밑에 울부짖는 사하라 내 마음에 꿈을 펼친 그것은 아라비안 나이트 아라비아 음악에 젖어서 이리 저리 춤도 추어보고 나는 또 바이킹이 되어서 푸른 바다에 나가 히야오와 히야오와 히야오와 예 히야오와 히야오와 히야오와 예 그건 언제나 나의 꿈 그건 언제나 나의 꿈 불타는 태양 밑에 울부짖는 사하라 내 마음에 꿈을 펼친 그것은 아라비안 나이트 내 마음에 꿈을 펼친 그것은 아라비안 나이트
1993.07.11~07.17,11,2119075,연인 (Original Ver.),정석원,연인 OST,1993.01.01,Drama,최연지,눈을 감으면 더 잘보이는 너
1993.07.11~07.17,12,111572,그대안의 블루,"김현철,이소라",그대안의 블루 OST,1992,Korean Movie,이현승,난 난 눈을 감아요 빛과 그대 모습 사라져 이제 어둠이 밀려오네 저 파란 어둠 속에서 그대 왜 잠들어 가나 세상은 아직 그대 곁에 있는데 사랑은 아니지만 우리의 만남 어둠은 사라지네 워 시간은 빛으로 물들어 또 다시 흐르네 내 눈빛속 그대 난 난 꿈을 꾸어요 그대 와의 시간은 멈춰지고  이제 어둠이 밀려오네 빛 바랜 사랑 속에서 그대 왜 잠들려 하나 시간은 오 아직 그대  곁에 있는데 사랑은 아니지만 우리의 만남 어둠은 사라지네 워 시간은 빛으로 물들어 또 다시 흐르네 그대 눈빛 속에 나 내 눈빛 속 그대
1993.07.11~07.17,13,91104,언제나 그 자리에,신효범,신효범 3집,1992,Ballad,신효범,어두운 창밖 불빛 사이로 얼룩진 그대의 슬픔이 고개 숙인 채 앉아 흐느끼는 눈물로 지워질 수 있을까 뒤돌아 보면 차가운 바람 가슴을 스치고 간 긴 외로움 슬픔이라 생각하지 않으려해도 언제나 그 자리에 곁에 있어도 그대는 남인것처럼 멀리 있는 것만 같았지 그대가 나를 왜 떠나려고 했는지 이제 나는 알 것 같아 나의 작은 실수 하나 조차도 힘겨워하던 그대를 보며 우리 서로 말없이 헤어진 지금이 오히려 사랑일꺼야  곁에 있어도 그대는 남인것처럼 멀리 있는 것만 같았지 그대가 나를 왜 떠나려고 했는지 이제 나는 알 것 같아 나의 작은 실수 하나 조차도 힘겨워하던 그대를 보며 우리 서로 말없이 헤어진 지금이 오히려 사랑일꺼야 나의 작은 실수 하나 조차도 힘겨워하던 그대를 보며 우리 서로 말없이 헤어진 지금이 오히려 사랑일꺼야
1993.07.11~07.17,14,56880,첫인상,김건모,김건모 2집,1993,Dance,김창환,긴 머리 긴 치마를 입은 난 너를 상상하고 있었지만 짧은 머리에 찢어진 청바지가 너의 첫인상이었어 조용한 음악이 흐르고 장미꽃 한 송이가 놓여진 하얀 탁자에 기대앉은 모습이 날 당황하게 만들었었지 그런 난 네가 좋았어 약속된 만남이었을거야 처음부터 아주 오랜 친구처럼 우린 어색함이 없었으니까 눈빛을 보면 난 알 수가 있어 아무런 말도 필요치 않아 이런게 아마 사랑일거야 첫 눈에 반해버린 사랑 조용한 음악이 흐르고 장미꽃 한 송이가 놓여진 하얀 탁자에 기대앉은 모습이 날 당황하게 만들었었지 그런 난 네가 좋았어 약속된 만남이었을거야 처음부터 아주 오랜 친구처럼 우린 어색함이 없었으니까 눈빛을 보면 난 알 수가 있어 아무런 말도 필요치 않아 이런게 아마 사랑일거야 첫 눈에 반해버린 사랑 눈빛을 보면 난 알 수가 있어 아무런 말도 필요치 않아 이런게 아마 사랑일거야 첫 눈에 반해버린 사랑
1993.07.11~07.17,15,2981575,나의 노래,김광석,나의 노래,1992.03.20,Folk,한동헌,아무 것도 가진 것 없는 이에게  시와 노래는 애달픈 양식  아무도 뵈지 않는 암흑속에서  조그만 읊조림은 커다린 빛  나의 노래는 나의 힘  나의 노래는 나의 삶  자그맣고 메마른 씨앗속에서 내일의 결실을 바라보듯이  자그만 아이의 읊음 속에서  마음의 열매가 맺혔으면  나의 노래는 나의 힘  나의 노래는 나의 삶   거미줄처럼 얽힌 세상속에서  바람에 나부끼는 나무가지처럼  흔들리고 넘어져도  이세상속에는 마지막 한방울의 물이 있는 한  나는 마시고 노래하리 나는 마시고 노래하리  수많은 진리와 양심의 금문자  찬란한 그빛에는 멀지 않으리  이웃과 벗들의 웃음속에는  조그만 가락이 울려 나오면 나는 부르리 나의 노래를  나는 부르리 가난한 마음을  그러나 그대 모두 귀기울일 때  노래는 멀리 멀리 날아가리  노래는 멀리 멀리 날아가리
1993.07.11~07.17,16,91403,방황,이승철,이승철,1992.11.01,Ballad,이승철,매일 신문에 나고 있는 건 골치 아픈 사연들일 뿐 지금이라도 늦진 않았어 이 거리로 뛰어 나가 보면 술에 취해 거릴 보면 어지러운 깜깜한 밤 유혹하듯 날 쳐다 보는 초점 없는 시선 시선 어딜 가야 찾을 수 있을까  어딜 가야 찾을 수 있을까  파란 넥타이 줄 무늬 팬티 그것 만이 전부는 아냐 까만 내 방을 밝게 비춰 줄 사랑을 찾아 또 나 떠나 가네  어딜 가야 찾을 수 있을까  어딜 가야 찾을 수 있을까  파란 넥타이 줄 무늬 팬티 그것 만이 전부는 아냐 까만 내 방을 밝게 비춰 줄 사랑을 찾아 또 나 떠나 가네  어딜 가야 찾을 수 있을까  어딜 가야 찾을 수 있을까  파란 넥타이 줄 무늬 팬티 그것 만이 전부는 아냐 까만 내 방을 밝게 비춰 줄 사랑을 찾아 또 나 떠나 가네 파란 넥타이 줄 무늬 팬티 그것 만이 전부는 아냐 까만 내 방을 밝게 비춰 줄 사랑을 찾아 또 나 떠나 가네
1993.07.11~07.17,17,54227,너에게 원한건,노이즈,Sound Shock,1992.11,Dance,홍종구,오늘도 우린 함께 했지 흠  난 또 한 번 느꼈어  너도 날 사랑하고 있다는 걸  항상 난 너만을 이해하려고 하지만  너는 언제나 너의 뜻대로만 움직였지  너에게 원한 건 (너에게 원한 건)  어려운 고백은 아냐 (아니야)  날 사랑하는 것만큼 표현해주는 것  (내가) 느낄 수 있도록  - 연 주 중 - 너는 진실한 마음을 깊이 감추고  그냥 장난스런 겉모습으로 날 대하지만  난 아무 상관 없어 그렇게 날 대하는 너  또한 어색한 걸  난 알 수 있어  너에게 원한 건 (너에게 원한 건)  어려운 부탁은 아냐 (아니야)  서로 관심을 조금씩만 가져주는 것  서로 느낄 수 있도록   오늘도 우린 함께 했지 흠  난 또 한 번 느꼈어  너도 날 사랑하고 있다는 걸  이젠 내게서 달아나려고 하지마  너의 맘을 내게 모두 다 들켜버렸으니까  너에게 원한 건 (너에게 원한 건)  어려운 고백은 아냐 (아니야)  날 사랑하는 것만큼 표현해주는 것  너에게 원한 건 (너에게 원한 건)  어려운 부탁은 아냐 (아니야)  서로 관심을 조금씩만 가져주는 것  서로 느낄 수 있도록
1993.07.11~07.17,18,1053874,Say Yes(Part I),라종민,Say Yes,-,Ballad,,
1993.07.11~07.17,19,16936,하늘 아래서,김민종,Best Vs. Live Album,2001.03.23,Ballad,김민종,나의 과거를 이제는 잊고 싶어  지친 하루 하루 힘들게 살아왔지  꿈의 의미를 찾을 수가 없었어  지난 어린 시절엔 지금 서 있는  이 곳은 어디인지 무얼 찾아왔나  아무도 없는 곳에   평화롭게 보이는  말없는 하늘 아래 너를 불러봤어  허탈한 마음에 희미한   느낌도 없어  마지막 너의 눈빛도 예   가고 있잖아  하얀 너의 곁으로 이젠 아무도  나를 막을 수가 없는데   걸어만 가야해  느낄 수도 없잖아 이젠 울지마  다가가는 날 보며 너를 위해  지금 서 있는 이 곳은 어디인지  무얼 찾아왔나 아무도 없는 곳에  평화롭게 보이는 말없는  하늘 아래 너를 불러봤어 허탈한 마음에 희미한 느낌도 없어 마지막 너의 눈빛도 예  가고 있잖아 하얀 너의 곁으로 이젠 아무도 나를 막을 수가 없는데 걸어만 가야해 느낄 수도 없잖아 이젠 울지마 다가가는 날 보며 너를 위해 너를 위해
1993.07.11~07.17,20,1104895,알 수 없는 질문들,봄여름가을겨울,I Photograph To Remember,1993.06.01,Rock,김종진,친구에게 전화 했지  늦은 밤이지만  마음 속 깊은 고민들  털어 놓고 싶어   알수가 없는 많은 고민들 속에  하루가 챗바퀴 돌듯 지나가네   서투른 웃음을 짓지마(짓지마)  눈물은 흘릴 수 없잖아(It's Lie)   찾지만 이룰 수 없는건  세상에 가득한 거짓말   그에게 편지가 왔지  힘든 하루지나  진실은 어느 곳에나  굴러다니더라   알수가 없는 많은 고민들 속에  하루가 챗바퀴 돌듯 지나가네   서투른 웃음을 짓지만(짓지만)  눈물은 흘릴 수 없쟎아(It's Lie)   찾지만 이룰 수 없는건  세상에 가득한 거짓말   세상을 아는 것 보다도  갈 수록 이해할 수 없어(It's True)
1993.07.11~07.17,21,54414,난 멈추지 않는다,잼,Zam,1992,Dance,조진호,이제 모든걸 다시 시작해 내겐 아직도 시간이 있어 때론 상처가 좌절로 남아 돌이킬수 없는 후회도 하고  그러나 우리 잊어선 안돼 지금의 나는 내가 아닌걸 신문에 실려온 얘기들 헝클어진 우리들을 탓할순 없어  이제 모든걸 다시 시작해 이렇게 여기서 끝낼순 없어 내겐 아직도 시간이 있어 지금 이렇게 지금 멈출수는 없어  신문에 실려온 얘기들 헝클어진 우리들을 탓할순 없어  이제 모든걸 다시 시작해 이렇게 여기서 끝낼순 없어 내겐 아직도 시간이 있어 지금 이렇게 지금  나는 여기서 멈출순 없어 이제 모든걸 다시 시작해  나는 여기서 멈출순 없어 이제 모든걸 다시 시작해
1993.07.11~07.17,22,193014,먼 훗날,박정운,추억만들기 4,1999.03.01,Ballad,박정운,잊으려 잊으려 해도  잊을 수 없는 그 얼굴 지우려 지우려 해도  지울 수 없는 그 이름  이별을 아쉬워하며  나의 품에 안겨 고개 숙인 너 가슴 속 깊이 간직한  네게 하고 싶었던  그 한마디 남겨둔 채  돌아서는 슬픈 내 모습 뒤로 울먹이는 너를 느끼며 먼 훗날에 너를 다시 만나면 사랑했다 말을 할거야   때로는 외로움 속에 때로는 아쉬움 속에 세월이 흐른 어느 날 난 홀로 울고 말았지  이별을 아쉬워하며 나의 품에 안겨 흐느끼는 너 마음속 깊이 간직한  네게 하고 싶었던  그 한마디 말 못하고  돌아서는 슬픈 내 모습 뒤로 울먹이는 너를 느끼며 먼 훗날에 너를 다시 만나면 사랑했다 말을 할거야   돌아서는 슬픈 내 모습 뒤로 울먹이는 너를 느끼며 너는 나의 마음 알고 있을까 너를 진정 사랑했다고  먼 훗날에 너를 다시 만나면 사랑했다 말을 할거야 -
1993.07.11~07.17,23,2118213,알려지지 않은 아라비안 나이트,김태우,Mutant,1993.01.01,Dance,최리라,밤하늘 향해 튀어오른 불빛들
1993.07.11~07.17,24,54376,언젠가는,이상은,Darkness - 언젠가는,1993.01.01,Ballad,이상은,젊은 날엔 젊음을 모르고  사랑할땐 사랑이 보이지 않았네  하지만 이제 뒤돌아 보니  우리 젊고 서로 사랑을 했구나  눈물같은 시간의 강위에  떠내려가는건 한다발의 추억  그렇게 이제 뒤돌아 보니  젊음도 사랑도 아주 소중했구나  언젠가는 우리 다시 만나리  어디로 가는지 아무도 모르지만  언젠가는 우리 다시 만나리  헤어진 모습 이대로   젊은날엔 젊음을 잊었고  사랑할땐 사랑이 흔해만 보였네  하지만 이제 생각해 보니  우린 젊고 서로 사랑을 했구나  언젠가는 우리 다시 만나리  어디로 가는지 아무도 모르지만  언젠가는 우리 다시 만나리  헤어진 모습 이대로  언젠가는 우리 다시 만나리  어디로 가는지 아무도 모르지만  언젠가는 우리 다시 만나리  헤어진 모습 이대로
1993.07.11~07.17,25,54182,다시만난 너에게,피노키오,다시만난 너에게,1992.11.30,Rock,,내가 처음 보았던 기억속에 파란 하늘빛 미소 여전한 넌 지난 시간 세월을 얘기하듯 야윈 모습으로 손을 내밀고 나 역시 서툰 웃음과 어색한 시간이 흐른 뒤 나의 맘 속에 맘으로 널 그리워 해왔었다 말했지  이젠 다시 사랑을 가슴에 묻고 나누어지는 슬픔은 없을꺼야  내안에 있는 소중한 것을 모두다 너에게 주고 싶어  나 역시 서툰 웃음과 어색한 시간이 흐른 뒤 나의 맘 속에 맘으로 널 그리워 해왔었다 말했지  이젠 다시 사랑을 가슴에 묻고 나누어지는 슬픔은 없을꺼야  내안에 있는 소중한 것을 모두다 너에게 주고 싶어  그리움에 보낸 날들은 너의 절실함을 일깨워주고  어떤 어려움에도 견딜 수 있는 널 향한 사랑에게 보여주었어  그리움에 보낸 날들은 너의 절실함을 일깨워주고
1993.07.11~07.17,26,54362,옛 친구에게,여행스케치,세가지 소원,1992.11,Folk,조병석,이렇게 비 내리는 날엔 우산도 없이  어디론지 떠나고 싶어 비를 맞으며  옛날 작은 무대 위에서 함께 노래한  정다웠던 친구들 두고 난 떠나왔어 서로를 위한 길이라 말하며 나만을 위한 길을 떠난거야 지난 내 어리석음 이젠 후회해 하지만 넌 지금 어디에 이렇게 비가 내리는 밤엔 난 널 위해 기도해 아직도 나를 기억한다면 날 용서해주오 아  서로를 위한 길이라 말하며 나만을 위한 길을 떠난거야 지난 내 어리석음 이젠 후회해 하지만 넌 지금 어디에 이렇게 비가 내리는 밤엔 난 널 위해 기도해 아직도 나를 기억한다면 날 용서해주오 이렇게 비가 내리는 밤엔 난 널 위해 기도해 아직도 나를 기억한다면 날 용서해주오 이렇게 비가 내리는 밤엔 난 널 위해 기도해 아직도 나를 기억한다면 날 용서해주오
1993.07.11~07.17,27,108031,사랑하지 않을 거야,나현희,사랑을 위하여 OST,1993.03,Drama,,어딘가에 있는줄 알면서도  만날수 없는 현실이 싫어  왜 자꾸 눈물이 나는걸까  이제는 소용이 없는데  이렇게 끝날줄을 알았다면  시작도 하지 않았을텐데  이미 늦어버린 지금에  후회는 의미없는걸  앞으로 보내야할 시간이 두려워  견딜수 없이 길게만 느껴져  어떤 아픔이와도 참아야지  고통은 지나가는 순간일뿐  한번쯤 만나고 싶다는   생각들겠지  깊이 사랑하니까  하지만 혼자남는 법을 알때까지  다시 사랑하지 않을꺼야  앞으로 보내야할 시간이 두려워  견딜수 없이 길게만 느껴져  어떤 아픔이와도 참아야지  고통은 지나가는 순간일뿐  한번쯤 만나고 싶다는   생각들겠지  깊이 사랑하니까  하지만 혼자남는 법을 알때까지  다시 사랑하지 않을꺼야  한번쯤 만나고 싶다는  생각들겠지 깊이 사랑하니까 하지만 혼자남는 법을 알때까지 다시 사랑하지 않을꺼야
1993.07.11~07.17,28,55387,그녀의 아침,코나,그녀의 아침,1993.06.01,Dance,배영준,하얀 잠옷자락 가득 눈부신 햇살은  착한 그대 잠을 깨우지  두눈 가득 고인 낡은 졸음을 곱게 씻어 내지만  창너머 먼눈길 향기로운 바람에 보내는 미소는  아직도 꿈을 꾸는걸  새롭게 시작할수 있어 모든걸  그렇게 늦어버린건 아니지  마지막 남은 그대 여린 가슴을  이젠 가만히 흔들어 깨워봐  혼자 버려두긴 너무너무 아름다운  햇살에 손을 건네줘  이젠 아무느낌 받을수 없는  입술 가득 고인 치약향기는  이미 식어버린 커피잔처럼 너무 서늘하지만 창너머 먼눈길 향기로운 바람에 보내는 미소는  아직도 꿈을 꾸는걸  새롭게 시작할수 있어 모든걸  그렇게 늦어버린건 아니지  마지막 남은 그대 여린 가슴을  이젠 가만히 흔들어 깨워봐  혼자 버려두긴 너무너무 아름다운  햇살에 손을 건네줘
1993.07.11~07.17,29,1023586,흔적,최유나,카페여행 2,1996.11.08,Adult Contemporary,김순곤,이제는 가도 되는 건가요 어두워진 거리로 오늘만은 왠지 당신 앞에서 울고 싶지 않아요 어차피 내가 만든 과거 속에서 살아가야 하지만 절반의 책임마저 당신은 모르겠지요 지나간 날을 추억이라며 당신이 미소 지을 때 기억해요 슬픈 여자 마음에 상처뿐인 흔적  어차피 내가 만든 과거 속에서 살아가야 하지만 절반의 책임마저 당신은 모르겠지요 지나간 날을 추억이라며 당신이 미소 지을 때 기억해요 슬픈 여자 마음에 상처뿐인 흔적 기억해요 슬픈 여자 마음에 상처뿐인 흔적을
1993.07.11~07.17,31,1003900,각자의 길,EOS,E.O.S Live,1993.11.01,Dance,신해철,우연히 찾아갔던 친구의 생일파티에서 난 너를 보았네 그렇게 웃음띤 얼굴로 너는 내 친구곁에 있었지 창백해진 얼굴의 나에게 친구들은 걱정스런 눈빛으로 이유를 자꾸 내게 묻지만 아무말도 할 수가 없었어 당황한 내 모습 보이고 싶지는 않았지만 하필 많고 많은 사람중에 내 친구를 택했는가 너와 나의 눈빛이 마주 친 그때 난 잊지못해 너는 그렇게도 태연하게 미소를 띄고 앉아있다 이제 너와나는 서로가 영원히 다시 올수없는 각자의 길을가네 이제 너와나는 서로가 영원히 아무 느낌없는 타인이 되어가는가  창백해진 얼굴의 나에게 친구들은 걱정스런 눈빛으로 이유를 자꾸 내게 묻지만 아무말도 할 수가 없었어 내가 생각 할 수 있는 최대의 모욕적인 말을 너의 눈앞에서 하고싶다 수많은 사람들 앞에서 아마 오래가지 않을꺼야 곧 너에 대해 알게될꺼야 예쁜 얼굴 뒤에 감추어진 너의 본 모습을 이제 너와나는 서로가 영원히 다시올 수 없는 각자의 길을 가네 이제 너와나는 서로가 영원히 아무 느낌없는 타인이 되어가는가
1993.07.11~07.17,32,57786,...라구요,강산에,...라구요/예럴랄라,1993,Rock,강산에,두만강 푸른물에 노젖는  뱃사공을 볼수는 없었지만  그 노래만은 너무 잘 아는건  내 아버지 레파토리 그 중에  18번 이기 때문에 18번 이기 때문에  고향생각 나실때면  소주가 필요하다 하시곤  눈물로 지새우시던  내 아버지 이렇게 얘기했죠  죽기 전에 꼭 한번만이라도  가봤으면 좋겠구나 라구요 눈보라 휘 날리는 바람찬  흥남부두 가보지는 못했지만  그 노래만은 너무 잘 아는건  내 어머니 레파토리 그 중에 18번 이기때문에 18번이기 때문에  남은 인생 남았으면  얼마나 남았겠니  하시고 눈물로 지새우시던  내 어머니 이렇게 얘기했죠  죽기전에 꼭 한번만이라도  가봤으면 좋겠구나 라구요
1993.07.11~07.17,33,896183,장미의 눈물,최성수,누드가 있는 방,1993.04,Ballad,최성수,아 사랑이 무어냐 눈물이잖아 하늘보고 소리쳐도 대답이 없구나 술과 장미에 젖어도 마음 더욱 외로워 가슴치는 추억들이 촛불처럼 타오르네 내가 남아서 기다리면은 다시 웃을 수가 있을까 당신울면은 나도 울었네 아픔없이 살 순 없겠지 아 세월이 가도 사랑도 가버리고 아픈 것은 아픈대로 그렇게 살아가겠지  아 사랑이 무어냐 눈물이잖아 나를 잊고 살아야지 장미의 눈물이 되어 내가 남아서 기다리면은 다시 웃을 수가 있을까 당신울면은 나도 울었네 아픔없이 살 순 없겠지 아 세월이 가네 사랑도 가버리고 아픈 것은 아픈대로 그렇게 살아가겠지
1993.07.11~07.17,34,3052620,너에게로 가는 길,장동건,우리들의 천국 OST,1994.03.01,Drama,,사랑해 너의 전부를   그 환한 웃음부터  소중한 것이 떠날수록 깊어져   가는 눈까지   잊지마 세상 모두가 네꿈을   비웃어도   언젠가 웃는 것은 너라는 걸   가끔씩 내가 흔들리면   너의 길을 나에게 보여줘   가까이 서로 지켜볼 수 있게   너는 아직 모를거야   너하나로 빛나는 하루를   많은 길이 세상엔 있다지만   나는 택한거야 너에게로   가는 길을   잊지마 세상 모두가 네꿈을  비웃어도   언젠가 웃는 것은 너라는 걸   가끔씩 내가 흔들리면   너의 길을 나에게 보여줘   가까이 서로 지켜볼 수 있게   너는 아직 모를거야   너하나로 빛나는 하루를   많은 길이 세상엔 있다지만   나는 택한거야 너에게로  가는 길을  너는 아직 모를거야  너하나로 빛나는 하루를  많은 길이 세상엔 있다지만  나는 택한거야 너에게로  가는 길을
1993.07.11~07.17,35,56883,사랑이란 건,색종이,사랑이란 건/입학/친구로 남고 싶어,1994.03.01,Ballad,,사랑이란건 싫증나면 버리는 장난감이 아냐 아무런 느낌도 없는 표정 시간들 이젠 안녕 무스로 만든 머리에다 아슬한 옷차림에 똑같은 얼굴로 겉으로는 미소를 보내지만 겉모습에 가려 순수함을 알지 못하고 관심 없어지면 우리들은 쉽게 떠나지 사랑이란건 싫증나면 버리는 장난감이 아냐 아무런 느낌도 없는 표정 시간들 이젠 안녕  무스로 만든 머리에다 아슬한 옷차림에 똑같은 얼굴로 겉으로는 미소를 보내지만 겉모습에 가려 순수함을 알지 못하고 관심 없어지면 우리들은 쉽게 떠나지 사랑이란건 싫증나면 버리는 장난감이 아냐 아무런 느낌도 없는 표정 시간들 이젠 안녕  사랑이란건 싫증나면 버리는 장난감이 아냐 아무런 느낌도 없는 표정 시간들 이젠 안녕 사람들은 영웅을 말하기를 좋아합니다 영웅의 참모습을 모른채 겉모습만 흉내내려 합니다 학생들의 많은 과외수입 오렌지족의 문화 이기심에 찬 모습들 이런 것들에서 우리는 사랑의 참모습을 잃어가고 있는 건 아닐까요 지금의 우리들에게는 무엇보다도 진실한 사랑이 필요한 때입니다 사랑이란건 싫증나면 버리는 장난감이 아냐 아무런 느낌도 없는 표정 시간들 이젠 안녕 사랑이란건 싫증나면 버리는 장난감이 아냐
1993.07.11~07.17,36,91406,너의 결혼식,윤종신,Sorrow (1st Edition),1992,Ballad,박주연,몰랐었어 네가 그렇게 예쁜지 웨딩드레스 하얀 네 손엔 서글픈 부케 수줍은 듯한 네 미소 이해할게 너의 부모님 말씀을 지금 보니 네 옆의 그 사람은 널 아마 행복하게 해 줄 꺼야 하지만 넌 잊을 수 있니 그 맹세 마지막을 함께 하자던 울었잖아 촛불을 켜고 무엇도 우릴 갈라 놀 순 없다고 세상 그 누구보다 난 널 알잖아 순결한 너의 비밀 너의 꿈을 나를 보지만 지금 니 모습에 우는 날 난 지키고 있을게 촛불의 약속 괜찮아 너는 잠시 잊어도 돼 널 맡긴거야 이 세상은 잠시 뿐인걸  하지만 넌 잊을 수 있니 그 맹세 마지막을 함께 하자던 울었잖아 촛불을 켜고 무엇도 우릴 갈라 놀 순 없다고 세상 그 누구보다 난 널 알잖아 순결한 너의 비밀 너의 꿈을 나를 보지만 지금 니 모습에 우는 날 난 지키고 있을게 촛불의 약속 괜찮아 너는 잠시 잊어도 돼 널 맡긴거야 이 세상은 잠시 뿐인걸 세상 그 누구보다 난 널 알잖아 순결한 너의 비밀 너의 꿈을 나를 보지만 지금 니 모습에 우는 날 난 지키고 있을게 촛불의 약속 괜찮아 너는 잠시 잊어도 돼
1993.07.11~07.17,37,54041,아껴둔 사랑을 위해,이주원,For Our Love Sake,1992,Ballad,박주연,기다려 내 몸을 둘러싼 안개 헤치고 투명한 모습으로 니 앞에 설때까지 기다려 막연했던 나의 덧없는 외출 헤매임 딛고 널 지켜줄때까지 찾지 못했어 내가 가야 할 길을 이 세상에 나만 홀로 던져진 것 같아 주저앉고 싶은 유혹도 많지만 알수없는 나의 미래가 너무 두려워 기다려줘 제발 난 니가 필요해 힘겨워도 꿈을 꾸는 건 너 때문인걸 아껴둔 우리 사랑을 위해 기다려 막연했던 나의 덧없는 외출 헤매임 딛고 널 지켜줄때까지 찾지 못했어 내가 가야 할 길을 이 세상에 나만 홀로 던져진 것 같아 주저앉고 싶은 유혹도 많지만 알수없는 나의 미래가 너무 두려워 기다려줘 제발 난 니가 필요해 힘겨워도 꿈을 꾸는 건 너 때문인걸 아껴둔 우리 사랑을 위해
1993.07.11~07.17,38,54974,햄,김승기,Chanel No.25,1992.09.01,Ballad,김승기,네가 떠나는 날 난 생각했지 비 바람이 몰아쳐 비행기가 못 뜨기를 그건 슬픈 기대였어 미래의 꿈을 따라 넌 떠나 버렸으니 지금 내게 남은 건 불 확실한 미래와 널 향한 그리움 뿐 내안에 있는 그대 내 곁엔 없어 늘 내게 꿈과 사랑함을 준 그대 하늘 위 저 바다로 구름배 타고 내 시린 빈 손 따뜻하게 잡던 그대 우리 만남에서 헤어짐은 그리 멀지 않더니 헤어진 후 만남까진 왜 이다지 먼건지 하늘은 알고 있겠지 이 땅 위의 슬픔을 또 지금의 우리에게 다가오는 내일을 언젠가 내 품에 안길 그 날을 난 매일 꿈꾸며 잠시라도 그댈 잊고 지내지 않아요 그대를 부름과 기다림 내 생활의 일부가 되어 보이지 않는 사랑의 끈을 난 오늘도 그대에게로  너는 내게 늘 기다려진 사람으로 남는데 나는 네게 잊혀진 얼굴이 되어있는건 아닐까 우리 만남에서 헤어짐은 그리 멀지 않더니 헤어진 후 만남까진 왜 이다지 먼건지 하늘은 알고 있겠지 이 땅 위의 슬픔을 또 지금의 우리에게 다가오는 내일을 언젠가 내 품에 안길 그 날을 난 매일 꿈 꾸며 잠시라도 그댈 잊고 지내지 않아요 그대를 부름과 기다림 내 생활의 일부가 되어 보이지 않는 사랑의 끈을 난 오늘도 그대에게로  너를 그리는 나의 마음도 붉은 노을이 되어 묻혀가고 너를 찾는 나의 외로움이 하늘을 가득 채우고 또 채우고 있네
1993.07.11~07.17,39,55301,처음 사랑,유열,처음사랑,1993,Ballad,박주연,내 그림자 길어진 만큼 나의 외로움 커질땐 향수라는 이름으로 찾아가는 그곳 그곳엔 니가 있고 너를 꿈꾸던 나의 기도가 있고 그리고 우리의 마지막도 왜 어떤 소식도 난 들을 수 없을까 넌 너무 멀리 있는지 해질무렵 강변에는 우리의 옛날이 숨쉬지 그대의 옆 모습만 보던 수줍음 까지도 나 언제나 돌아올땐 따스해진 가슴으로 말하지 그대가 처음 사랑 가르쳤다고  그때 꿈꾸던 모습이 지금 내 모습일런지 너는 그때 소망했던 꿈은 이뤘을까 우리가 헤어지던 그날 흘렸던 나의 눈물은 지금 그 어느 바다 파도로 울까 왜 어떤 소식도 난 들을 수 없을까 넌 너무 멀리 있는지 해질무렵 강변에는 우리의 옛날이 숨쉬지 그대의 옆모습만 보던 수줍음까지도 나 언제나 돌아올땐 따스해진 가슴으로 말하지 그대가 처음 사랑 가르쳤다고  해질무렵 강변에는 우리의 옛날이 숨쉬지 그대의 옆모습만 보던 수줍음까지도 나 언제나 돌아올땐 따뜻해진 가슴으로 말하지 그대가 처음 사랑 가르쳤다고
1993.07.11~07.17,40,106047,걸어서 하늘까지,장현철,걸어서 하늘까지 OST,1993.01.18,"Drama,Rock",,눈 내리는 밤은 언제나 참기 힘든 지난 추억이  가슴 깊은 곳에 숨겨둔 너를 생각하게 하는데  어둔 미로 속을 헤매던 과거에는  내가 살아가는 그 이유 몰랐지만  하루를 살 수 있었던 건 네가 있다는 그 것  너에게 모두 주고 싶어 너를 위하여  마지막 그 하나까지  말이 없이 살아가라고 아주 쉽게 충고하지만  세상사는 어떤 사람도 강요하지 못해 나에게  어둔 미로 속을 헤매던 과거에는  내가 살아가는 그 이유 몰랐지만  하루를 살 수 있었던 건 네가 있다는 그 것  너에게 모두 주고 싶어 너를 위하여  걸어서 저 하늘까지
1993.07.11~07.17,41,54266,아무것도 몰라,김원준,눈에 띄고 싶어 1집,1992.10.20,Dance,강인구,가죽점퍼에 블루진 인생을 아는 것처럼 하지만 나는 아무것도 모르지 이제 우린 사랑이 필요한거야 이제 우린 어제는 필요없어 이제 우린 여기에 모여있잖아 이 세상 모든것 검은 안경을 얼굴에 사랑을 아는 것처럼 하지만 나는 아무것도 모르지 이제 우린 사랑이 필요한거야 이제 우린 어제는 필요없어 이제 우린 여기에 모여있잖아 이 세상 모든것 화려한 재미에 휩쓸려 봐도 마음은 여전히 공허해 화려한 재미에 휩쓸려 봐도 언제나 후회하지 하지만 하지만   검은 안경을 얼굴에 사랑을 아는 것처럼 하지만 나는 아무것도 모르지 이제 우린 사랑이 필요한거야 이제 우린 어제는 필요없어 이제 우린 여기에 모여있잖아 이 세상 모든것 이제 우린 사랑이 필요한거야 이제 우린 어제는 필요없어 이제 우린 여기에 모여있잖아 이 세상 모든것 이제 우린 사랑이 필요한거야 이제 우린 어제는 필요없어 이제 우린 여기에 모여있잖아 이 세상 모든것
1993.07.11~07.17,42,91112,세상은 요지경,신신애,뽕짝네 메들리 1,1995.05.30,Adult Contemporary,,세상은 요지경 요지경 속이다 잘 난 사람은 잘 난대로 살고 못 난 사람은 못 난대로 산다 야이야이 야들아 내 말 좀 들어라 여기도 짜가 저기도 짜가 짜가가 판 친다 인생살면 7 80 화살 같이 속히 간다 정신차려라 요지경에 빠진다 싱글벙글 싱글벙글 도련님 세상 방실방실 방실방실 아가씨 세상 영감 상투 삐뚤어지고 할멈 신발 도망갔네 어허 세상은 요지경 요지경 속이다 잘 난 사람은 잘 난 대로 살고 못 난 사람은 못 난 대로 산다  세상은 요지경 요지경 속이다 잘 난 사람은 잘 난대로 살고 못 난 사람은 못 난대로 산다 야이야이 야들아 내 말 좀 들어라 여기도 짜가 저기도 짜가 짜가가 판 친다 인생살면 7 80 화살 같이 속히 간다 정신차려라 요지경에 빠진다 싱글벙글 싱글벙글 도련님 세상 방실방실 방실방실 아가씨 세상 영감 상투 삐뚤어지고 할멈 신발 도망갔네 어허 세상은 요지경 요지경 속이다 잘 난 사람은 잘 난 대로 살고 못 난 사람은 못 난 대로 산다
1993.07.11~07.17,43,50627,산골 소년의 사랑이야기,예민,Yemin 2,1992.07,Folk,예민,풀잎새 따다가 엮었어요  예쁜 꽃송이도 넣었구요  그대 노을빛에 머리 곱게 물들면  예쁜 꽃모자 씌워 주고파  냇가에 고무신 벗어놓고  흐르는 냇물에 발담그고  언제쯤 그애가 징검다리를 건널까  하며 가슴은 두근거렸죠  흐르는 냇물위에  노을이 분홍빛 물들이고  어느새 구름사이로  저녁달이 빛나고 있네  노을빛 냇물위에  예쁜 꽃모자 떠 가는데  어느 작은 산골 소년의 슬픈 사랑 얘기    풀잎새 따다가 엮었더니  예쁜 꽃송이도 넣었구요  그대 노을빛에 머리 곱게 물들면  예쁜 꽃모자 씌워 주고파  냇가에 고무신 벗어놓고  흐르는 냇물에 발담그고  언제쯤 그애가 징검다리를 건널까  하며 가슴은 두근거렸죠  흐르는 냇물위에  노을이 분홍빛 물들이고  어느새 구름사이로  저녁달이 빛나고 있네  노을빛 냇물위에  예쁜 꽃모자 떠 가는데  어느 작은 산골 소년의 슬픈 사랑 얘기  노을빛 냇물위에  예쁜 꽃모자 떠 가는데  어느 작은 산골 소년의 슬픈 사랑 얘기
1993.07.11~07.17,44,79614,슬픈 베아트리체,조용필,Cho Yong Pil,1992.10,Rock,곽태요,그대 슬픈 눈에 어리는 이슬처럼 맑은 영혼이 내 가슴에 스며 들어와 푸른 샘으로 솟아나리니 그대 여린 입술 사이로 바람처럼 스친 미소가 나의 넋을 휘감아도는 불꽃이 되어 타오르리니 슬픈 그대 베아트리체 아름다운 나의 사랑아 빈 바다를 헤매는 내게 살아야 할 단 하나의 이유되어 사랑이란 소망의 섬 그 기슭에 다가갈 수 있다면 사랑이란 약속의 땅 그 곳에 깃들 수만 있다면  그대 붉은 입술 다가와 화살처럼 스친 입맞춤 나의 넋을 앗아가버린 상처되어 남아있는데 슬픈 그대 베아트리체 떠나버린 나의 사랑아 꽃상여에 그대 보내며 살아야 할 이유마저 없으니 사랑이란 절망의 벽 울부짖는 통곡마저 갇힌채 사랑이란 배반의 강 간절한 언약마저 버리고  사랑이여 불멸의 빛 거짓없는 순종으로 그대를 사랑이여 사랑이여 이 생명 다하는 날까지 사랑이여 불멸의 빛 거짓없는 순종으로 그대를 사랑이여 사랑이여 이 생명 다하는 날까지
1993.07.11~07.17,45,50511,알수 없는 이별,양수경,알수 없는 이별/한번 더 생각해봐요,1992.09.15,Ballad,김학래,이제와 생각해 보면 아쉬운 사람이였네 떠나가는 그댈 날위해 잊는다지만 어쩌면 내 가슴속엔 그대의 사랑은 남아 고개숙인 나의 슬픔만 더욱 울리네 하지만 이별은 싫어요 나를 다시 바라봐요 그대가 떠난 그 내모습 자신없어요 하염없이 흘러 내리는 후회같은 아픔 때문에 떠나려는 그댈 한번더 불러보지만 우리 다시 생각해봐요 그대 사랑 남아 있다면 알수없는 나의 이별은 멈춰주세요  하지만 이별은 싫어요 나를 다시 바라봐요 그대가 떠난 그 내모습 자신없어요 하염없이 흘러 내리는 후회같은 아픔 때문에 떠나려는 그댈 한번더 불러보지만 우리 다시 생각해봐요 그대 사랑 남아있다면 알수없는 나의 이별은 멈춰주세요 우리 다시 생각해봐요 그대 사랑 남아있다면 알수없는 나의 이별은 멈춰주세요
1993.07.11~07.17,46,50953,이별,김태후,이별/슬픈 멜로디는 먼 기억처럼,1992,Ballad,,어제 그대를 만나고 난후 멍하니 하늘만 바라보다가 구름이 그려내는 너의 얼굴 보며 울었지 이것이 마지막일것 같은 쓸쓸한 예감이 찾아온 후로 자꾸만 멀어지는 우리의 이별을 느꼈지 어느날 거리에서 우연히 길을 걷다 마주친 너의 그눈 눈길 돌리며 모른척 했지만 이미 알고 있었던 거야 나를 붙잡지마 너 거짓으로 나를 바라보며 눈물 흘리고 있지만 다른 연인 두고 내 앞에서만 웃음짓는 얼굴 보이지마  어느날 거리에서 우연히 길을 걷다 마주친 너의 그눈 눈길 돌리며 모른척 했지만 이미 알고 있었던 거야 나를 붙잡지마 너 거짓으로 나를 바라보며 눈물 흘리고 있지만 다른 연인 두고 내 앞에서만 웃음짓는 얼굴 보이지마 나를 붙잡지마 너 거짓으로 나를 바라보며 눈물 흘리고 있지만 다른 연인 두고 내 앞에서만 웃음짓는 얼굴 보이지마 웃음짓는 얼굴 보이지마
1993.07.11~07.17,47,54517,가을편지,김민기,Past Life Of Kim MinGi,2004.10.19,Folk,고은,가을엔 편지를 하겠어요 누구라도 그대가 되어 받아 주세요 낙엽이 쌓이는 날 외로운 여자가 아름다워요 가을엔 편지를 하겠어요 누구라도 그대가 되어 받아 주세요 낙엽이 흩어진 날 헤매인 여자가 아름다워요 가을엔 편지를 하겠어요 모든 것을 헤매인 마음 보내드려요 낙엽이 사라진 날 모르는 여자가 아름다워요 아름다워요
1993.07.11~07.17,48,55054,그저 널 바라본 것 뿐,1730,1730 천칠백삼십,1992,Ballad,,야 할말 있으면 해봐 도대체 왜이러는거니 오늘 널 처음 본게 아니라고 했잖아 내 말을 들어봐 제발 내 말을 좀 믿어봐 천천히 생각해보면 너도 내 얼굴을 기억할 수 있겠지만 난 그렇게 되는 걸 원치않아 그저 널 바라본것 뿐이야 널 바라본것 뿐이야 아무말 못했지 하지만 너의 마음 내게 말해줘 짝사랑 하 그래 그런 말이 어울릴지 몰라 하지만 그건 왠지 모르게 부끄런 말처럼 느껴져 널 좋아하고 있었다고 말을 했다면 넌 아마 아주 놀랐겠지 그리고 다시는 나와 얘기조차 하지 않으려 할거야 널 바라본것 뿐이야 아무말 못했지 하지만 너의 마음 내게 말해줘  널 바라본것 뿐이야 아무말 못했지 하지만 너의 마음 내게 말해줘 내 얘기를 모두 믿지 않으려해도 난 아무렇지 않아 왜냐하면 널 오래전부터 지켜보고 있었다는 사실이 이제 막 날 좋아 하려하는 예쁜 너의 마음속에 조그마한 부담을 안겨줄까봐 난 정말 걱정했거든  널 바라본것 뿐이야 아무말 못했지 하지만 너의 마음 내게 말해줘 널 바라본것 뿐이야 아무말 못했지 하지만 너의 마음 내게 말해줘 다 알아 흠흠흠
1993.07.11~07.17,49,57337,사랑하는 사람들,한동준,처음 받은 느낌으로,1993.01,Ballad,한동준,저 푸른하늘과 맑은 햇살과 환한 얼굴들 그 모두를 내가 소망해 품고 싶어 안고 싶어 그 여린마음과 밝은 웃음의 어린 아이들 그 눈속에 우리 여지껏 찾고 있던 그 무엇이 변해가는 사람들 차가운 눈빛들 이토록 두렵게 느껴지지만 사랑하는건 늦진 않았지 이렇게 다정하게 웃음질 수 있는데 슬퍼하는 일 이젠 없겠지 하늘이 우리곁에 언제나 함께 있으니 어느새 내곁엔 사랑하는 사람들  변해가는 사람들 차가운 눈빛들 이토록 두렵게 느껴지지만 사랑하는건 늦진 않았지 이렇게 다정하게 웃음질 수 있는데 슬퍼하는 일 이젠 없겠지 하늘이 우리곁에 언제나 함께 있으니 어느새 내곁에 사랑하는 사람들 어느새 내곁에 사랑하는 사람들
1993.07.11~07.17,50,91395,그대 내게 다시,변진섭,변진섭 5,1992,Ballad,노영심,그대 내게 다시 돌아오려 하나요 내가 그댈 사랑하는지 알 수 없어 헤매이나요 맨 처음 그 때와 같을 순 없겠지만 겨울이 녹아 봄이 되듯이 내게 그냥 오면 되요 헤어졌던 순간은 긴 밤이라 생각해 그대 향한 내 마음 이렇게도 서성이는데 왜 망설이고 있나요 뒤돌아보지 말아요 우리 헤어졌던 날보다 만날 날이 더욱 서로 많은데  헤어졌던 순간은 긴 밤이라 생각해 그대 향한 내 마음 이렇게도 서성이는데 왜 망설이고 있나요 뒤돌아보지 말아요 우리 헤어졌던 날보다 만날 날이 더욱 서로 많은데 그대 내게 다시 돌아오려 하나요 지금 이대로의 모습으로 내게 그냥 오면 돼요
