time,rank,song_id,title,singers,album,date,genre,creator,lyric
1996.05.26~06.01,1,67724,나보다 조금 더 높은 곳에 니가 있을 뿐,신승훈,Shin Seung Hun Ⅴ,1996.05.01,Ballad,신승훈,나 다시 태어나도 너만을 사랑할꺼야  나의 전부인 너만을 다시 태어나 그대가 없다면  또다른 세상을 기다리며 살꺼야 넌 편히 잠들면돼  그리고 기억하면돼 사랑했던 내모습  다음 세상에 우연히 만나도 그냥 스쳐지나가는 일이 없도록  다시는 볼 수 없다는 걸 알고 있어  너의 숨결도 마지막이란 것을 하지만 난 지금 헤메이고 있어  넌 분명 이세상엔 없는데 그래도 이젠 나 울지않아  나보다 조금더 높은곳에 니가 있을뿐  더이상은 슬프지 않아 습관처럼 하늘만 볼 뿐  너와 난 함께 있는걸   다시는 볼 수 없다는 걸 알고 있어  너의 숨결도 마지막이란 것을 하지만 난 지금 헤메이고 있어  넌 분명 이세상엔 없는데 그래도 이젠 나 울지않아  나보다 조금더 높은곳에 니가 있을뿐  더이상은 슬프지 않아 습관처럼 하늘만 볼 뿐  너와 난 함께 있는걸  그래도 이젠 나 울지않아   다음세상 우리 만날때 서로 다른 모습이라도  난 너를 찾을수 있어
1996.05.26~06.01,2,70685,찬란한 사랑 (상심II),R.ef,Back To The Black,1996.04,Dance,홍재선,너에게 아무런 도움이 되지 못했어 내가 내 불행마저 감당할 수 없는데  그냥 너를 좋아한 시작부터가 잘못이었다고  후회하고 있을 뿐이야 그래서 떠나는거야  잠시 먼 여행을 떠나    너에게 돌아오고 싶은  내 의지마저 억누르면서  그냥 널 잊어보는거야  한참 후 네가 날 잊을때 쯤에  난 너의 등뒤에 편지를 쓰겠지  부칠수도 읽을수도 없는 눈물로쓴 편지들을  먼 훗날 내 죽음 같은 사랑을 느꼈을 때  내이름을 불러줘 얼마 살지 못할 내 기억의  생명을 다시 살릴 수 있게   수북한 나의 그리움들  담을 수 없게 된 작은  마음을 탓하지마라  날 떠날 수 밖에 없는  내 마음을 날 보내주겠니 너 하나만으로 아름다웠던  수 많은 기억속으로 가서  날 찾아와도 널 껴안아  줄 수 없어 난 힘이 없어   슬픔보다도 더 깊은 추억이 있어 너에게 다시 만날 약속이 없어도  언제나 눈물은 짓지마 한번 더(한번 더) 사랑이란  쓴약에 빠져들잖아 하지만 하고 싶다면  다 이룰 수 없는 사랑에  너는 쓰러지지 않도록  찬란한 사랑에 눈이 멀어야 하지   멀 그렇게 생각하는 거니  나의 불행마저 사랑할 수 있다는 것은  나의 짐이 무거워 지는거야  생각해봐 추억은 길들여진 환상일 뿐 현실 속에 나를 이해하고 이젠  멀리멀리 떠나 줘(멀리 떠나줘)   슬픔보다도 더 깊은 추억이 있어 너에게 다시 만날 약속이 없어도  언제나 눈물은 짓지마 한번 더(한번 더)  사랑이란 쓴약에 빠져들잖아 하지만 하고 싶다면  다 이룰 수 없는 사랑에  너는 쓰러지지 않도록  찬란한 사랑에 눈이 멀어야 하지 너는 쓰러지지 않도록  찬란한 사랑에 눈이 멀어야 하지
1996.05.26~06.01,3,67691,환생,윤종신,우(愚),1996.04,Ballad,윤종신,다시 태어난 것 같아요  내 모든게 다 달라졌어요  그대만난 후로 난 새 사람이 됐어요  우리 어머니가 제일 놀라요   우선 아침 일찍 깨어나  그대가 권해줬던 음악 틀죠  뭔지 잘 몰라도 난 그 음악이 좋아요  제목도 외기 힘든 그 노래   할 때도 안된 샤워를 하며  그 멜로디를 따라해요  늘 힘들었던 나의 아침이  이렇게 즐거울 수 있나요   오 놀라워라 그대 향한 내 마음  오 새로워라 처음 보는 내 모습  매일 이렇다면 모진 이 세상도  참 살아갈 만 할거예요   전철 안의 예쁜 여자들  이제는 쳐다보지 않아요  몇 정거장 지나면 그댈 만나게 되요  차창에 비친 내 얼굴 웃네요   관심도 없던 꽃가게에서 발길이 멈춰져요  주머니 털어 한 다발 샀죠  오늘은 아무날도 아닌데...   오 놀라워라 그대 향한 내 마음  오 새로워라 처음 보는 내 모습  매일 이렇다면 모진 이 세상도  참 살아갈 만 할거예요   오 놀라워라 그대 향한 내 마음  오 새로워라 처음 보는 내 모습  매일 이렇다면 모진 이 세상도  참 살아갈 만 할거예요 -
1996.05.26~06.01,4,38445,스피드,김건모,Exchange kg. M4,1996.05.17,Dance,이건우,허구헌날 매일 매일 무기력한  내 생활에 나에게도 이런 일이  ONE TWO THREE 널 처음 본 순간 느꼈어 널 이제 내 여자로 만들고 싶어 정신을 차릴 수가 없었어 어떻게 내게 이런 일이 생겨 미칠것 같아 오 오 이런  맘 처음이야 어떻게 시작을 해볼까  시간 좀 내달라고 말을  걸어 볼까 우 우 아니야 그건 너무 평범해 그렇게 쉽지만은 않을거야 놓칠수 없어 오 오 저질러  보는 거야 오 그만 오 그만  나 조차도 주체할 수 없는 이 기분 이런 마음 이런 사랑 날 받아  줄순 없겠니 오 제발 오 제발 경계하는  눈빛으로 나를 바라 보지마라 곱지 않은  그 시선이 날 자꾸만 슬프게해 사랑한 표현의 한계지  예상은 빗나가기  쉬울수 밖에 우우 언젠간 내 마음을 알겠지 그 날이 어서 빨리 왔으면해 멈출 수 없어 오 오 달려가  보는거야 오 그만 오 그만  나 조차도 주체할 수 없는 이 기분 이런 마음 이런 사랑 날 받아  줄 순 없겠니 오 제발 오 제발  경계하는 눈빛으로 나를 바라  보지마라 곱지 않은 그 시선이 날 자꾸만  슬프게해 사랑한 표현의 한계지 예상은  빗나가기 쉬울 수밖에 우우 언젠간  내마음을 알겠지 그 날이 어서 빨리왔으면해 멈출수 없어 오 오 달려가  보는거야 그렇게 넌 내게 온거야 사랑은 용기있는 자만의 선택  오 지금 난 누구보다 행복해 그토록 기다렸던 순간이야 오 믿을 수 없어 이런  맘 처음이야
1996.05.26~06.01,5,70600,넌 나의 처음이자 마지막이야!,솔리드,Light Camera Action!,1996,R&B; / Soul,이건우,우리사랑 지금부터 시작인거야  아무 말도 하지마 어둠 만이 너와 나를 만질 수 있어 내 가슴에 기대봐 들리지 않니 너를 향한 나의 마음이 누구 하나 축복해 줄 사람 없는 시간 속에 더 이상은 가슴조일 필요는 없어 내 삶 속의 방황은 모두 끝났어 너를 만나기 전의 가슴앓이 뿐 우리 사랑 지금부터 시작인거야 그 누구도 간섭할 수 없는 얘기지 너를 위해 무엇이든 난 할 수 있어 넌 나의 모든 것 처음이자 마지막이야 눈을 뜨려 하지마 느낌으로 너와 나를 확인하면 돼 나의 품에 안겨봐 들리지 않니 사랑한단 나의 그 말이 어느 순간 떠올라서 저 하늘을 날 것 같아 이젠 정말 그 무엇도 두렵지 않아 내 삶 속의 방황은 모두 끝났어 너를 만나기 전의 가슴앓이뿐 우리 사랑 지금부터 시작인거야 그 누구도 간섭할 수 없는 얘기지 너를 위해 무엇이든 난 할 수 있어 넌 나의 모든 것 처음이자 마지막이야  아무 말도 하지마 어둠 만이 너와 나를 만질 수 있어 내 가슴에 기대봐 들리지 않니 너를 향한 나의 마음이 내 모든걸 주고 싶어 넌 나의 처음이자 마지막이야 너는 나의 그 모든 것 처음이자 마지막이야
1996.05.26~06.01,6,70679,이방인(異邦人),전람회,Exhibition 2,1996.04,Ballad,김동률,쉴곳을 찾아서 결국 또 난 여기까지 왔지 내 몸 하나 가눌 수도 없는 벌거벗은 마음과 가난한 모습으로 네 삶의 의미는 나이기에 보내는 거라며 그 언젠가 내 꿈을 찾을 때 그때 다시 돌아올 날 믿겠다 했지 수많은 세월 헤매이다가 세상 끝에서 지쳐 쓰러져도 후회는 없을거라고 너에게 말했지 뒤돌아보면 네 삶의 의미는 나이기에 보내는 거라며 그 언젠가 내 꿈을 찾을 때 그때 다시 돌아올 날 믿겠다 했지 수 많은 세월 헤매이다가 세상 끝에서 지쳐쓰러져도 후회는 없을거라고 너에게 말했지 수 많은 세월 헤매이다가 험한 세상 끝에서 숨이 끊어질때 그제야 나는 알게 될지 몰라 그토록 찾아 헤매던 나의 머물곳은 너였음을 숨이 끊어질때 그토록 찾아헤매던 나의 머물곳은 너였음을
1996.05.26~06.01,7,67561,잊을수 없는 너,최재훈,잊을 수 없는 너,1996.01.01,Ballad,김혜선,이렇게 너 떠나가고 홀로 남겨 지는게 어떤 건지 예감 했었지만 너는 날 볼 수 있는데 나는 널 볼 수 없는 또 다른 현실 이제야 나는 알았어 지금 넌 나의 눈물을 닦아주고 있지만 나는 너를 느낄수 없으니 니 이름 부르며 우는 나를 어쩌지 못해 너도 내 옆에 서럽게 울고 있겠지 너와의 약속을 기억해 모두 잊고 밝게 살 거라 했지만 너를 잊으라 하지마 그럼 난 어떡해 나는 아무 힘이 없잖아 니가 세상에 남긴 거라곤 나 밖에 없는데 어떻게 내가 널 잊겠니 그 많은 정을 남기려고 나를 떠났지만 남아 있는 내겐 그게 삶인데  너와의 약속을 기억해  모두 잊고 밝게 살 거라 했지만 너를 잊으라 하지마 그럼 난 어떡해 나는 아무 힘이 없잖아 니가 세상에 남긴 거라곤 나 밖에 없는데 어떻게 내가 널 잊겠니 그 많은 정을 남기려고 나를 떠났지만 남아 있는 내겐 그게 삶인데 남아 있는 내겐 그게 삶인데
1996.05.26~06.01,8,64565,모래성,조관우,Memory,1995,Ballad,하광훈,나를 사랑한다면 이쯤에서 헤어져 아무 것도 묻지 말고 눈을 들어 나를 보아요 이게 마지막일텐데 그 눈물의 의미는 미안하다는 뜻인가요 한동안 행복했었죠 나를 사랑한 건 알아요 그동안 고마웠어요 나를 잊진 않겠죠 괜찮아요 나도 예전엔 누구의 마음 아프게  한적 많았죠 이해해요 어쩔 수 없잖아요 이게 그때의 대가인가 봐요 어쩌면 괜찮을지도 몰라 아직 사랑하니까 서로의 끝을 본다면 실망할 수도 있잖아요 한동안 행복했었죠 나를 사랑한 건 알아요 그동안 고마웠어요 나를 잊진 않겠죠 괜찮아요 나도 예전엔 누구의 마음 아프게 한적 많았죠 이해해요 어쩔 수 없잖아요 이게 그때의 대가인가 봐요 누군가를 다시 또 사랑한다면 그때는 날 잊고 살겠지 괜찮아요 나도 예전엔 누구의 마음 아프게 한적 많았죠 이해해요 어쩔 수 없잖아 이게 그때의 대가인가 봐요 괜찮아요 나도 예전엔 누구의 마음 아프게 한적 많았죠
1996.05.26~06.01,9,67832,슬픔이 올때,신성우,For,1996.04.01,Rock,"신성우,이근상",어디엔가 네가 내 옆에 아직 머물러 있는 착각 속에 언제부턴가 네가 잠이든 차가운 동산 위에 서 있었지 내게 슬픔이 머물면 너는 항상 나즈막한 몸짓으로 날 일으켜 세워 준 소중한 내 친구여 너는 없고 내게 남겨진 삶의 무게들이 힘에 겨워 지친채로 때론 네 곁에 가고 싶어 한 적도 있었지만 너무 걱정은 하지마 그저 잠시 쉬어 가려 할 뿐이야 난 결코 널 위해서 쓰러지진 않을 테니  먼저 떠나간 저 세상 속에서 네가 날 보며 슬퍼하지 않도록 네 몫의 꿈까지 영원히 지키고 있을게 예예예에 네가 두고간 이 세상 끝에서 숨소릴 거두며 내게 말한 그 약속들을 널 보는 그날에 기쁨의 미소로 건넬 수 있도록  예예예에 먼저 떠나간 저 세상 속에서 네가 날 보며 슬퍼하지 않도록 네 몫의 꿈까지 영원히 지키고 있을게 예예예에 네가 두고간 이 세상 끝에서 숨소릴 거두며 내게 말한 그 약속들을 널 보는 그날에 기쁨의 미소로 건넬 수 있도록
1996.05.26~06.01,10,1622510,끝없는 사랑,녹색지대,내가 지켜줄께,1995.01.01,Ballad,이성환,난 알고 있었지만 말할 순 없었어 언젠가는 내 곁에서 멀어져 가겠지 잡을 순 없잖아 왜 말을 못했어 숨겨야만 했니 믿을 수가 없었던 견딜 수 없는 그 슬픔만 남긴 채 언젠가 내게 사랑한다 말하며 저 하늘이 부르는 그 날이 와도 영원히 나를 떠나지 않겠다고 약속했는데 안녕 안녕 울고 있잖아 천천히 넌 잠들어가고 안녕 안녕 기억속에서 널 찾아 난 떠나갈거야  언젠가 내게 사랑한다 말하며 저 하늘이 부르는 그 날이 와도 영원히 나를 떠나지 않겠다고 약속했는데 안녕 안녕 울고 있잖아 천천히 넌 잠들어가고 안녕 안녕 기억속에서 그래 다음 세상에서 널 안녕 안녕 울고 있잖아 천천히 넌 잠들어가고 안녕안녕 기억속에서 널 찾아 난 떠나갈거야
1996.05.26~06.01,11,33189,달팽이,패닉,Panic,1995,Rock,이적,집에 오는 길은 때론 너무 길어  나는 더욱 더 지치곤 해  문을 열자마자 잠이 들었다가  깨면 아무도 없어  좁은 욕조 속에 몸을 뉘었을 때  작은 달팽이 한 마리가  내게로 다가와  작은 목소리로 속삭여줬어  언젠가 먼 훗날에  저 넓고 거칠은 세상 끝 바다로  갈 거라고  아무도 못 봤지만  기억 속 어딘가 들리는 파도  소리 따라서  나는 영원히 갈래  모두 어딘가로 차를 달리는 길  나는 모퉁이 가게에서  담배 한 개비와 녹는 아이스크림  들고 길로 나섰어  해는 높이 떠서 나를 찌르는데  작은 달팽이 한 마리가  어느새 다가와 내게 인사하고  노랠 흥얼거렸어  언젠가 먼 훗날에  저 넓고 거칠은 세상 끝 바다로  갈 거라고  아무도 못 봤지만  기억 속 어딘가 들리는 파도  소리 따라서  나는 영원히 갈래  내 모든 걸 바쳤지만  이젠 모두 푸른 연기처럼  산산이 흩어지고  내게 남아 있는 작은 힘을 다해  마지막 꿈 속에서  모두 잊게 모두 잊게 해 줄 바다를  건널 거야  언젠가 먼 훗날에  저 넓고 거칠은 세상 끝 바다로  갈 거라고  아무도 못 봤지만  기억 속 어딘가 들리는 파도  소리 따라서  나는 영원히 갈래
1996.05.26~06.01,12,69620,완전한 사랑,장혜진,Temptation,1996.04.01,Ballad,이승호,나 이제 모든걸 그대로 간직한 체 이 세상을 떠나려해요 내 남은 사랑을 더 이상 원치 않아 내 모습도 지우려해요 이 세상이 내 사랑 받아줄 수 없다면 나도 남아 있을 순 없어 그대 기다릴께요 우리 남은 사랑 완전해질 저 다음 세상에서 나 이런 이유로 그대를 여기에 남겨둔 체 떠나려해요  내 몸에 흐르는 선홍빛 눈물들이 추억으로 잠들려해요 나 그대를 이렇게 떠날 수 있을 만큼 헤어짐이 두렵진 않아 간절한 소망으로 끝나버린 사랑 완전하게 만들 수 있을 테니 나 이런 이유로 그대를 여기에 남겨둔 체 떠나려해요 나 저 다음 세상 먼저 가서 기다릴께요 다시 내게 오실때까지
1996.05.26~06.01,13,55272,그대 내품에,박정운,박정운 Live & Single,1997.12,Ballad,윤종신,한번쯤 우연히 만날거 같아 그때 그 길 서성이고 있어 왜 이리도 널 닮은 사람들 많은 건지 서러운 웃음만 지어보네 우린 참 오랫동안 만나왔지 힘든 시간도 잘 견뎌냈어 헤어지는 사람들 소식에 안타까워 그들을 달래주던 우리 모습이 이젠 인연이 아니겠지 우린 너무 다르다며 널 지우려 애써 보지만 넌 할수 있니 힘들지 않게 아무일도 없었던것 처럼 아마 그렇지 않을 거야 너도 그만큼 날 사랑했으니까 돌아와줘 예전처럼 더 이상 부담스러워 말고 누구보다도 네게 익숙한 나의 품으로 와주렴 이제는 좀 더 포근할께  사람들은 내게 말해주었지 우리처럼 오랜 사이일수록 작은일에 이별을 한다고 불안한듯 걱정스런 눈빛들 이제 다시 생각나 인연이 아니겠지 우린 너무 다르다며 널 지우려 애써 보지만  넌 할 수 있니 힘들지 않게 아무일도 없었던것 처럼 아마 그렇지 않을 거야 너도 그만큼 날 사랑했으니까 돌아와줘 예전처럼 더 이상 부담스러워 말고 누구보다도 네게 익숙한 나의 품으로 와주렴 이제는 좀 더 포근할께
1996.05.26~06.01,14,2743595,내가 너의 곁에 잠시 살았다는 걸,"토이,김연우",You Hee Yeol,1996.02,Ballad,유희열,지운 줄 알았어 너에 기억들을  친구들을 함께 모여 술에 취한 밤 니 생각에 난 힘들곤 해  그런 채 살았어 늘 혼자였잖아  한때는 널 구원이라 믿었었어 멀어지기 전엔  그것만 기억해 줄 수 있겠니  내가 너의 곁에 잠시 살았다는 걸  가끔 널 거리에서 볼까 봐  초라한 날 거울에 비춰 단장하곤 해  아프진 않니 많이 걱정돼 행복하겠지만 너를 위해 기도할게  기억해 다른 사람 만나도 내가 너의 곁에 잠시 살았다는 걸   웃을 수 있었어 널 보고 있을 땐  조그만 안식처가 되어주었지 멀어지기 전에  그것만 기억해 줄 수 있겠니  내가 너의 곁에 잠시 살았다는 걸  가끔 널 거리에서 볼까 봐  초라한 날 거울에 비춰 단장하곤 해  아프진 않니 많이 걱정돼 행복하겠지만 너를 위해 기도할게 기억해 다른 사람 만나도 내가 너의 곁에 잠시 살았다는 걸   아프진 않니 많이 걱정돼 행복하겠지만 너를 위해 기도할께  기억해 다른 사람 만나도 내가 너의 곁에 잠시 살았다는 걸
1996.05.26~06.01,15,1876467,I Miss You,서지원,Seojiwon2. Tears,1996.01.22,Ballad,오태호,처음엔 넌 줄 알았지 너와 모든 것이 닮아서 그런 나를 모르고 다가서는 그 애를 상처 때문에 나는 피했지만 이제는 나도 모르게 그 애와 가까워지고 흔들리는 마음은 점점 알 수가 없어 두려움이 앞선 미안함 문득 너와 같이 있는 착각에 너의 이름을 불렀지 우연히 그 애의 옆모습을 볼 때면 왜 난 목이 메일까 저 하늘에서 긴 잠을 잘 너이기에 I Miss You I Miss You 더욱 그리운데 이런 날 안타깝게 보고 있다면 내게 길을 가르쳐줘  문득 너와 같이 있는 착각에 너의 이름을 불렀지 우연히 그 애의 옆모습을 볼 때면 왜 난 목이 메일까 저 하늘에서 긴 잠을 잘 너이기에 I Miss You I Miss You 더욱 그리운데 이런 날 안타깝게 보고 있다면 내게 길을 가르쳐줘 그 앨 정말 좋아하나 너를 닮아서 사랑하나 흔들리는 마음은 점점 알 수가 없어 두려움이 앞선 미안함 두려움이 앞선 미안함
1996.05.26~06.01,16,33206,널 사랑하겠어,동물원,동물원 6,1995.10.01,Folk,김창기,내 뜨거운 입술이 너의  부드러운 입술에 닿길 원해  내 사랑이 너의  가슴에 전해지도록  아직도 나의 마음을  모르고 있었다면은  이 세상 그 누구보다  널 사랑하겠어  널 사랑하겠어  언제까지나  널 사랑하겠어  지금 이 순간처럼  이 세상 그 누구보다  널 사랑하겠어  어려운 얘기로 너의  호기심을 자극할 수도 있어  그 흔한 유희로  이 밤을 보낼 수도 있어  하지만 나의 마음을  이제는 알아줬으면 해  이 세상 그 누구보다  널 사랑하겠어  널 사랑하겠어 언제까지나  널 사랑하겠어  지금 이 순간처럼  이 세상 그 누구보다  널 사랑하겠어  널 사랑하겠어 언제까지나  널 사랑하겠어  지금 이 순간처럼  이 세상 그 누구보다  널 사랑하겠어  널 사랑하겠어 언제까지나  널 사랑하겠어  지금 이 순간처럼  이 세상 그 누구보다  널 사랑하겠어
1996.05.26~06.01,17,1719746,내가 만일,안치환,너를 사랑한 이유,1999.02.18,Folk,김범수,내가 만일 하늘이라면 그대 얼굴에 물들고 싶어 붉게 물든 저녁 저 노을처럼 나 그대 뺨에 물들고 싶어 내가 만일 시인이라면 그댈 위해 노래하겠어 엄마 품에 안긴 어린아이처럼 나 행복하게 노래하고 싶어 세상에 그 무엇이라도 그대위해 되고 싶어 오늘처럼 우리 함께 있음이 내겐 얼마나 큰 기쁨인지 사랑하는 나의 사람아 너는 아니 워 이런 나의 마음을 내가 만일 구름이라면 그대위해 비가 되겠어 더운 여름날의 소나기처럼 나 시원하게 내리고 싶어 세상에 그 무엇이라도 그대위해 되고싶어 오늘처럼 우리 함께 있음이 내겐 얼마나 큰 기쁨인지 워 세상에 그 무엇이라도 그대위해 되고싶어 오늘처럼 우리 함께 있음이 내겐 얼마나 큰 기쁨인지 사랑하는 나의 사람아 너는 아니 워 이런 나의 마음을 이런 나의 마음을
1996.05.26~06.01,18,1185241,나의 성공담,DJDOC,D際(제)2德(덕) 3집,1996.12.01,Dance,강은경,널 알기 전에는  가망없던 나였었지  그런 내가 변할 수가 있었던 건  나의 사랑이 시작되던 그날부터  너에게 날 보여주고 싶었을뿐  내 얼굴은 진짜 큰 바위얼굴  난 언제나 항상 외톨이였지  그러던 어느날 우리집앞에서  상큼하게 웃는 너를 보았어  와 하 하 하 이쁘다 이뻐 정말 이뻐  와 하 하 하 무지하게 이쁘다  무지하게 이뻐  언제나 사랑이란 모든 것을  가능하게 하는 거야  만일 니가 없었다면  난 아직 예전 그대로겠지  너는 내게 행운만을  가져다준 천사같아  나의 기쁨을 너에게 돌리고 싶어  이제는 자신이 생긴 거야  나의 모습에  난 알아 니가 바로 그 이유라는 걸  내가 달려갈 준비가 되어있어  이젠 너에게 보답할 차례니까  널 알고부터는  모든 것이 달라졌지  이젠 나도 인정받기 시작한 걸  나의 어둡던  시간들은 끝난 거야  너에게 내 모든 것을 보여줄게  하늘이 하늘이를 버리지 않았어  쥐구멍에도 드디어 해가 뜬거야  더이상 나는 어제 내가 아냐  나 지금 너에게로 달려가고 있어  랄라 랄라라라 랄라 랄라라라 랄라 랄라라라 넌 이제 내꺼야 언제나 사랑이란 모든 것을  가능하게 하는 거야  만일 니가 없었다면  난 아직 예전 그대로겠지  너는 내게 행운만을  가져다준 천사같아  나의 기쁨을 너에게 돌리고 싶어 이제는 자신이 생긴 거야 나의 모습에 난 알아 니가 바로 그 이유라는 걸 내가 달려갈 준비가 되어있어  이젠 너에게 보답할 차례니까 이제는 자신이 생긴 거야 나의 모습에 난 알아 니가 바로 그 이유라는 걸 내가 달려갈 준비가 되어있어  이젠 너에게 보답할 차례니까
1996.05.26~06.01,19,1725732,사랑하는 어머님께,최성빈,사랑하는 어머님께,1995.12,Ballad,,어머님 죄송합니다. 이 글을 읽으실 때쯤 전 그녀와 함께 멀리 떠나있을 꺼예요. 어머니와 그녀를 사이에 두고 많이 고민했지만 저의 현실은 그녀를 버릴 수 없어요 어머님께서 가르쳐 주신 사랑을 그녀에게서 배웠으니까요 저 몰래 어머님이 그녀를 만나 심한 말 하신 걸 알고 그녀에게 갔었죠 조그만 자취방에 그녀는 고열로 의식을 잃은 채 하염없이 울고 있었죠 그녀를 업고 병원으로 뛰면서 전 정말 죽고 싶었죠 이제껏 무책임한 저의 행동은 순결했던 그녀에게 아무 것도 해준 것이 없기에 미안해 정말 미안해 너를 이렇게 만든 건 모두 나의 잘못이야 용서해 너의 몸이 낫는 대로 우리 멀리 떠나자 아무도 없는 곳에 어머님 용서하세요 그녀에게 저밖에 없는데 그녈 버릴 수는 없어요 언젠가 우리 모두가 다시 뵐 수 있는 날까지 건강하시기를 저희는 지금 기차 안에 있어요 떠나기 전에 우리는 그녀가 다니는 성당에서 조촐한 결혼식도 올렸어요 그리고 신부님 앞에서 그녀와 전 눈물로 약속했죠 후회하지 않겠다고 어머님 저는 그녀를 사랑해요
1996.05.26~06.01,20,64025,영원히 내게,안상수,영원히 내게,1995.09.01,Ballad,김신우,이 넓은 세상에 날 위한 건 너 하나였어 밤 새워 그렇게도 눈물 흘렸지 어려움 속에 어디에 있는지 모르는체 헤매이다가 나 또한 볼 수 없는 거릴 걸었어 어딘지 모를 지금 내게 무엇도 필요치 않아 나를 대신하던 너 였어 이제 너를 나 없는 어둠 속에서 슬프게 할 순 없어 다시 와 내게로 널 위한 건 세상에 나 만이 알아 나에게 돌아와 이젠 내게 있어 줘 영원히 내게  지금 내게 무엇도 필요치않아 나를 대신하던 너 였어 이젠 너를 나 없는 어둠속에서 슬프게 할 순 없어 다시 와 내게로 널 위한 건 세상에 나 만이 알아 나에게 돌아와 이젠 내게 있어 줘 영원히 내게 나에게 돌아와 이젠 내게 있어 줘  영원히 내게
1996.05.26~06.01,21,38920,필요한 건 시간일뿐,강수지,For You,1995.11,Ballad,박창학,날 그냥 내버려둬 변명따윈 필요없어 어차피 사랑이란 언젠가는 혼자만에 것인걸 익숙해지기까지 필요한건 시간일뿐 무책임한 눈물로 나를 더 힘들게 하지마  우습지 않니 너무 지금 우리 위로해야 하는 건 내가 아냐 버려진 건 바로 나인데 어울리지도 않는 한숨으로 달아나려 하지마 헤어짐을 선택한 건 바로 너인데 잡아주길 원하는 건 아니잖아  갑작스런 이별을 참아내려 웃고 있을뿐 널 용서한 건 아냐 내게 너무 많은 걸 바라지마 언젠가 기억속에 너도 나를 사랑했다면 이대로 내버려둬 내가 널 미워할 수 있게  어울리지도 않는 한숨으로 달아나려 하지마 헤어짐을 선택한 건 바로 너인데 우습지 않니 너무 지금 우리 위로해야 하는 건 내가 아냐 버려진 건 바로 나인데 잡아주길 원하는 건 아니잖아  갑작스런 이별을 참아내려 웃고 있을 뿐 널 용서한 건 아냐 내게 너무 많은 걸 바라지 마 언젠가 기억속에 너도 나를 사랑했다면 이대로 내버려 둬 내가 널 미워할 수 있게 난 그냥 내버려 둬 변명따위 필요없으니 어차피 사랑이란 언젠가는 혼자만의 것인걸 익숙해지기까지 필요한 건 시간일뿐야 무책임한 눈물로 나를 더 힘들게 하지마
1996.05.26~06.01,22,65956,슬픈 기대,엄정화,Uhm Jung Hwa 2,1996.01,Dance,정세희,이럴 수가 너언제 까지 나만을 사랑 하겠다고말하던 oh 그대가 내가 아닌 또 다른 사랑에 빠진걸 왜 고백해 예전의 나의 모습 기대하지마 모든 게 거짓이었어 그래 알게 되었어 언젠가 내게 다시 돌아와 그대의 잘못을 후회한다고 해도 이제는 언젠가 또 다시 내 곁을 떠날 수 있을 너일테니까 다른 누굴 기대할 수 밖에  이럴 수가 너언제 까지 나만을사랑 하겠다고말하던 oh 그대가 내가 아닌 또 다른 사랑에 빠진걸 왜 고백해 예전의 나의 모습 기대하지마 모든 게 거짓이었어 그래 알게 되었어 언젠간 내게 다시 돌아와 그대의 잘못을 후회한다고 해도 이제는 언젠간 또 다시 내 곁을 떠날 수 있을 너일테니까 다른 누굴 기대할 수 밖에  그래 알게 되었어 언젠가 내게 다시 돌아와 그대의 잘못을 후회한다고 해도 이제는 언젠가 또 다시 내곁을 떠날수 있을 너일테니까 다른 누굴 기대할 수 밖에
1996.05.26~06.01,23,70440,Bow Wow,아이돌,Bow Wow,1996.02,Dance,,TV보기 전자 오락하기  미성년자는 못보는 영화보기  어른 손잡고 어딜갈거야  넌 해 커버린 나는 싫어  제발 원하는 대로  나가려고 했었던 그런  어디쯤에도 오지마라  경고는 하지마  이런말 안들었으면 그만해  궁금해 이세상 모든것들이  다 반대가 된다면  난 작은 어른이 되어서  얘기할거야  BOW WOW 하고싶은 것들  모두 네 마음대로야  넌 자유란 이름으로 살아도 돼  얼마나 좋을까 왜 이런말  하지 않을까  내 이런 바램은 다 꿈인걸  궁금해 이세상 모든것들이  다 반대가 된다면  난 작은 어른이 되어서  얘기할거야  BOW WOW 하고싶은 것들 모두 네 마음대로야  넌 자유란 이름으로 살아도 돼  얼마나 좋을까 왜 이런말  하지 않을까  내 이런 바램은 다 꿈인걸  BOW WOW 하고싶은 것들  모두 네 마음대로야  넌 자유란 이름으로 살아도 돼  얼마나 좋을까 왜 이런말  하지 않을까  내 이런 바램은 다 꿈인걸
1996.05.26~06.01,24,66964,작은 기다림,쿨(COOL),The [Ku:l] 2집,1995.10.01,Dance,정세희,널 이렇게 보내 줄 수  밖에 없었어  나 후회할 지도 모른 채 끝없이 다가오는 너와의 기억을  난 잊으려고 차마 눈을 감았어 널위해 한번도 눈물  보인적이 없었어  내 눈물이 네게는  아픔인걸 알고 있기에  하지만 이젠 네가 있는  어디에서도  너를 느낄 수 없어 난 슬퍼져 혼자라는 생각 때문에  힘들때면 뒤를 돌아봐  나는 언제나 여기 서 있을게 혼자 가는 길이 힘들어  쉬고싶을땐  나를 한번 생각해봐줘 떠나라는 그말은 하지마  차라리 내가 싫어졌다고  말을해줘  뒤돌아 흘릴 눈물 네 마음을  난 알아  이제는 나도 정말 어쩔  수가 없잖아  아 지금 문득 거리에서 들려오는  예전에 네가 들려주고  불러주던 그 노래  내 기억속에 언제나 가장 아름다운  너를 나에게서 지울 수가 없었어 서로를 위해 우린 잠시 멀리  떨어져  있는거라 말해도 잊을 수가  없을테니까  지금 떨리는 내 마음을 너는  잘 알고  있을거야 그래서 난 슬퍼져 혼자라는 생각때문에  힘들때면 네 뒤를 돌아봐  나는 언제나 여기 서 있을게  혼자 가는 길이 힘들어 쉬고  싶을땐 나를 한번 생각해봐 언제까지  너와 함께 있으니 그리운 추억에 힘들때면 네  뒤를 돌아봐  나는 언제나 여기 서 있을게  혼자 가는 길이 힘들어 쉬고  싶을땐  나를 한번 생각해봐줘
1996.05.26~06.01,25,14242,꼭 나처럼... (슬픈 저주),뱅크,선물,2000.12.28,Ballad,손유경,I miss you Uh 너에게 나를 모두 주어도 늘 닫혀있었던 너의 마음을 또 이렇게 엿보지만 나의 자린 없었어 언젠가 사랑했던 그 사람의 자리 뿐 넌 옆에 있는 나 보다 떠나간 그 사람이 필요한거야 엇갈린 마음 바로잡기엔 너무 늦은 지금 너의 뒷 모습을 바라보지만 붙잡을 수 조차 없는 나를 아마 넌 이해 못하겠지 아직 난 네 사랑이 아닌걸 기억속에 나의 모습 남겨져 잊혀질 수도 없다는걸 너도 혼자란걸 느낀 그때 비로소 알게 될거야 꼭 나처럼  넌 옆에 있는 나 보다 떠나간 그 사람이 필요한거야 엇갈린 마음 바로잡기엔 너무 늦은 지금 너의 뒷 모습을 바라보지만 붙잡을 수 조차 없는 나를 아마 넌 이해 못하겠지 아직 난 네 사랑이 아닌걸 기억속에 나의 모습 남겨져 잊혀질 수도 없다는걸 너도 혼자란걸 느낀 그때 비로소 알게 될거야 I miss you 나처럼
1996.05.26~06.01,26,38083,Aspirin (아스피린) (12 String Guitar Ver.),걸,Rock`n Roll Revolution,1995.10.10,Rock,최병훈,끔찍한 일이 될거야 Darling  어른이 된다는상상만으로도 내겐  숨이 막혀버릴것 같은 고통일거야  Oh help me날 이해해줘  널 좋아하지만  And my lover I love you  내맘 정하긴 곤란해  네겐 항상 날마다 다른  이벤트로 너를 기쁘게 해줄  남자가 더욱더 어울릴지도 몰라  때로는 나도 휴일이 있었으면 해 우우  Oh my love  넌 잠시도 날 가만두질 않으니  그렇지만 혼자인 날은 우우  오히려 더 불안한건 나인걸  이런 제길 이런게 또 어딨어 예  Woo I need your love  Woo I need your love love love  네게로 빠져드는 내가 두려워  이런 제길 이런게 또 어딨어 예   끔찍한 일이 될거야 Darling  어른이 된다는상상만으로도 내겐  숨이 막혀버릴것 같은 고통일거야  Oh help me날 이해해줘  널 좋아하지만  And my lover I love you  내맘 정하긴 곤란해  네겐 항상 날마다 다른  이벤트로 너를 기쁘게 해줄  남자가 더욱더 어울릴지도 몰라  때로는 나도 휴일이 있었으면 해 우우  Oh my love  넌 잠시도 날 가만두질 않으니  그렇지만 혼자인 날은 우우  오히려 더 불안한건 나인걸  이런 제길 이런게 또 어딨어 예  Woo I need your love  Woo I need your love love love  네게로 빠져드는 내가 두려워  이런 제길 이런게 또 어딨어 예  Woo I need your love  Woo I need your love love love  네게로 빠져드는 내가 두려워  이런 제길 이런게 또 어딨어 예
1996.05.26~06.01,27,1175758,배반,윤상,Cliche,2000.06.01,Ballad,박창학,아주 먼 곳인 줄 알았지 손에 잡히지 않는 너는 지쳐 있는 듯 내 노래를 외면하고 다신 못 만날 줄 알았어 빗나간 오해 속에 갇혀 끝도 없는 한숨의 시간을 챗바퀴 돌듯 그 자리에 누가 이토록 우리를 멀어지게 한거야 끝내 잊어버릴 수 없는 빛바랜 너의 기억들만을 마치 조롱하듯 남겨둔 채 언제 이토록 서로를 미워하게 된거야 끝내 지워버릴 수 없는 뛰는 가슴에 희미한 아픔이 바로 그날처럼 더 새로울 뿐인데  처음부터 내겐 없었지 높이 오를 수 있는 날개 진실이란 언제나 그렇듯 깊은 상처를 비웃을 뿐 누가 이토록 우리를 멀어지게 한거야 끝내 잊어버릴 수 없는 빛바랜 너의 기억들만을 마치 조롱하듯 남겨둔 채 언제 이토록 서로를 미워하게 된거야 끝내 지워버릴 수 없는 뛰는 가슴에 희미한 아픔이 바로 그날처럼 더 새로울 뿐인데
1996.05.26~06.01,28,63965,당신과 만난 이날,임기훈,My Song 1985.,1995.08,Ballad,김진만,우리 이제 지난 일들 모두 잊어버려요 원치 않던 만남으로 가득했던 그런 날들 우리 이제 지금을 같이 노래 불러요 그렇게 그리던 당신과 만난 이날을 잊어도 되는 지워도 되는 추억일랑 생각지 말아요 당신과 만난 이날이 행복하므로  흘러 흘러 시간 속에 묻혀진데도 얼굴 맞댄 이대로 살수만 있다면 죽어서도 행복할 비둘기처럼 그냥 지금 이대로 멈춰서요  잊어도 되는 지워도 되는 추억일랑 생각지 말아요 당신과 만난 이날이 행복하므로  흘러 흘러 시간 속에 묻혀진데도 얼굴 맞댄 이대로 살수만 있다면 죽어서도 행복할 비둘기처럼 그냥 지금 이대로 멈춰서요 흘러 흘러 시간 속에 묻혀진데도 얼굴 맞댄 이대로 살수만 있다면 죽어서도 행복할 비둘기처럼 그냥 지금 이대로 멈춰서요  그냥 지금 이대로 멈춰서요
1996.05.26~06.01,29,91579,마지막 너를 보내며 (Woman),페이지,마지막 너를 보내며,1995.12,Ballad,김선민,너의 창백한 하얀 얼굴 위로 흐르는 네 눈물의 의미를 알기에 보내줘야 해 생각하면서 마지막일 것 같은 널 붙잡고 있어 날 위해 울지마 너는 내게 잘못 하지는 않았어 너를 사랑했어 아무 것도 지켜주지 못한 날 용서해 얘기해봐 왜 나의 곁을 떠나려는지 사랑했기 때문이라는 말은 하지마 살아있는 동안에 너를 잊을 수는 없어 내 기억 속에서 넌 언제나 부디 행복해야해  날 위해 울지마 너는 내게 잘못 하지는 않았어 너를 사랑했어 아무 것도 지켜주지 못한 날 용서해 얘기해봐 왜 나의 곁을 떠나려는지 사랑했기 때문이라는 말은 하지마 살아있는 동안에 너를 잊을 수는 없어 내 기억 속에서 넌 언제나 행복해야해 이젠 너의 환한 웃음을 다신 볼 순 없겠지 행복했던 그 순간들을 쉽게 잊지는 마 너와 함께 할 수 없었던 우리의 슬픈 이별이 우리의 운명이라 해도 널 사랑할거야 아냐 네가 원한 그 자리에 내가 서 있을께 아직 늦지 않았어 다시 내게 돌아와 이젠 혼자 걸어 가야 할 낯익은 거리도 내겐 이겨내기 힘든 슬픔이야
1996.05.26~06.01,30,1761801,7년간의 사랑,화이트,The Logic Feel,1995.09.09,Ballad,유영석,7년을 만났죠 아무도 우리가 이렇게 쉽게 이별  할줄은 몰랐죠 그래도 우리는 헤어져 버렸죠 긴 시간 쌓아왔던  기억을 남긴채 우린 어쩜 너무 어린 나이에 서로를 만나 기댔는지 몰라 변해가는 우리 모습들을 감당하기  어려웠는지도 이별하면 아프다고 하던데 그런 것도 느낄 수가 없었죠 그저 그냥 그런 가봐  하며 담담했는데 울었죠 우우우 시간이 가면서 내게 준 아쉬움에 그리움에 내 뜻과는 다른 나의 맘을 보면서 처음엔 친구로 다음에는 연인 사이로 헤어지면 가까스로 친구 사이라는 그말  정말 맞는데 그 후로 3년을 보내는  동안에도 가끔씩 서로에게  연락을 했었죠 다른 한 사람을 만나 또 다시 사랑하게 되었으면서도 난 슬플 때면 항상 전활 걸어 소리없이 눈물만 흘리고 너도 좋은 사람 만나야 된다 마음에도 없는 말을 하면서 아직 나를 좋아하나  괜히 돌려 말했죠 알아요 우우우 서로 가장 순수했었던 그 때 그런 사랑 다시 할 수 없다는 걸 추억으로 남을 뿐 가끔씩 차가운 그앨 느낄 때도 있어요 하지만 이제는 아무 것도  요구할수 없다는 걸  잘알죠 나 이제 결혼해 그애의  말 듣고 한참을 아무말도 할 수가   없었죠 그리곤 울었죠 그 애 마지막 말 사랑해 듣고싶던 그  한 마디 때문에
1996.05.26~06.01,31,2961489,지금 이대로,US,The Us Rage To See The Day We Rule!,1995.12.27,Dance,,
1996.05.26~06.01,32,66954,여우야(女雨夜),더클래식,여우야,1995.11.16,Ballad,김광진,창 밖엔 서글픈 비만 내려오네 내 마음 너무 안타까워 이제 다시 볼 수가 없기에 처음 만났던 그날도 비가 왔어 우산도 없이 마냥 걸었었지 너의 눈빛 촉촉히 빛났지 이 밤 너에게 주고 픈 노래 너만을 사랑하고 있다는걸 들어 줄 사람도 없이 빗속으로 느껴지는 너의 이름을 불러 보지만 닿을 수 없다 닿을 수 없다는거 알고 있어 긴 밤을 꼬박 세우고 빗속으로 어느새 새벽이 오고 있어 한때는 너를 만나서 행복했어 그런 꿈 속에 빠져 있었지만 이런 나도 느낄 줄 몰랐어 이별을 느낄때면 난 생각해봐 우리 사랑을 위한 시간인걸 너는 이런 내 맘을 아는지 이 밤 너에게 주고 픈 노래 너만을 사랑 너만을 사랑하고 있다는걸 들어 줄 사람도 없이 빗속으로 느껴지는 너의 이름을 불러 보지만 닿을 수 없다 닿을 수 없다는거 알고 있어 긴 밤을 꼬박 세우고 빗속으로 어느새 새벽이 오고 있어  이 밤 너에게 주고 픈 노래 너만을 사랑 너만을 사랑하고 있다는걸 들어 줄 사람도 없이 빗속으로 느껴지는 너의 이름을 불러 보지만 닿을 수 없다 닿을 수 없다는거 알고 있어 긴 밤을 꼬박 세우고 빗속으로 어느새 새벽이 오고 있어
1996.05.26~06.01,33,64647,그럼에도 불구하고,김현철,Who Stepped On It,1995.11.01,Ballad,"김현철,원태연",한낱 우스울 뿐야 우리 어렸었을 때 그땐 사랑했었지 그땐 사랑했었어 그럼에도 불구하고 네가 남의 여자가 됐다는게 그랬다는게 믿어보려해도 인정하려해도 돌아서려해도 버거운거야 그래 이런거였어 그저 기운없는 것 이게 이별인거야 이게 이별인거야 그럼에도 불구하고 네가 남의 여자가 됐다는게 그랬다는게 믿어보려해도 인정하려해도 돌아서려해도 버거운거야 별짓 다해봤어 너를 잊어보려고 아무리 노력해봐도 네가 없인 살아지질 않는데 않는데  그럼에도 불구하고 네가 남의 여자가 됐다는게 그랬다는게 믿어보려해도 인정하려해도 돌아서려해도 버거운거야
1996.05.26~06.01,34,67477,Good Bye,서태지와아이들,Seotaji And Boys Good Bye Best Album,1996.02.10,Ballad,서태지,지나간 일을 난 오늘   생각해봤지   내겐 아름다웠던   기억들만 생각나   약속되었던 헤어짐을   알면서   너는 그토록 나를 사랑해  주었건만   그런 네곁을 난 오늘   훌쩍 떠나네   마지막 작별의 시간도   못가진채   잊어버려 날 이젠   꿈결같던 시간이   영원할 듯 했지만   이제 남은건 항상 따뜻한   너와 나의 깊은 마음만   널 바라보면 이젠   눈물만 흘러내려   할말이 없어 나는   말뿐이었어   가끔씩 훌쩍 너를   떠났었건만   항상 환한 미소로   나를 맞이 했었지   다시 네곁을 난 오늘   훌쩍 떠나네   아직도 하지못한 말들을   남긴채   용서해줘 날 이젠 꿈결같던   시간이   영원할 듯 했지만   이제 남은건 항상 따뜻한   너와 나의 깊은 마음만   잊어버려 날 이젠 꿈결같던  시간이   깊은 마음만
1996.05.26~06.01,35,70239,이유 없는 반항,Pump,Pump 1집,1995.12,Dance,,나에게 소중한 누군가를 위해서 살아간다는 것은  쉽고도 어려운 얘긴걸   언제나 날 이해하며  내 옆에 있을거라 믿어왔지  난 신문잡지를 보고와선 얘깃거릴 준비하듯이  넌 내 인생의 전부라고 생각했어  아무런 이유없이 토라져 버린 너 내모습은  정말 보기 흉해 이유없는 반항은 이제 그만   내가 묻고 있지않아 너의 말을 들을 자격조차 없는거야  어떤 어려움이 와도 두렵지는 않아  그런데 왜 눈물이 나는 걸까  너무 쉽게만 나를 생각했어  항상 너만을 위해 강요하지 그런 실수가  너를 돌이킬 수 없게 했다는걸 알아야해   그렇다고 다른 사람이 생긴건 아냐  이유없는 반항에 고민하고 있어  사랑은 소유하지 않아 서로서로 바꿔 가는 거야   가끔씩은 누구와 비교도 하지  그런 것도 너에 대해 관심일 뿐야  관심은 곧 사랑아니겠니 이유없는 반항은 이제 그만  너를 완전한 나의 사랑으로 만들 자신이 없어  어느 순간 너를 지키지 못한 이유없는 반항이라는 걸  이젠 알아   모두 내 잘못이라면 나에게도 네게 하고싶은 말이 많아  내게 원하는게 정말 사랑이었다면 이럴수는 없잖아  내 앞에서
1996.05.26~06.01,36,1839640,처음 느낌 그대로,이소라,이소라 1집,1995.09.01,Ballad,이소라,남 다른 길을 가는 내게 넌 아무말 하지 않았지 기다림에 지쳐가는 걸 다  알고있어 아직도 가야하는 내게 넌  기대할 수도 없겠지 그 마음이 식어가는 걸 난  너무 두려워 어제 널 보았을 때 눈 돌리던  날 잊어줘 내가 사랑하며 사랑한단  말 대신 차갑게 대하는 걸 알잖아 오늘 널 멀리하며 혼자 있는  날 믿어줘 내가 차마 네게 할 수 없는  말 그건 사랑해 처음 느낌 그대로 어제 널 보았을 때 눈 돌리던  날 잊어줘 내가 사랑하며 사랑한단 말 대신 차갑게 대하는 걸 알잖아 오늘 널 멀리하며 혼자 있는  날 믿어줘 내가 차마 네게 할 수 없는 말 그건 사랑해 처음 느낌 그대로 처음 느낌 그대로
1996.05.26~06.01,37,1046280,너의 곁으로,이승철,청연 OST,2005.12.20,Korean Movie,하광훈,자고 나면 또 다른 세상 눈을뜨면 꿈 같은 세상  누군가 옆에 있었지 아무말 없이 그게 너라고 믿어지진 않지만 차가운 네 입술을 굳게 다문채 내게 이별을 말하네  이제야 너의 맘을 알겠어 사랑한다면 어떤 조건도 필요치 않아 따스했던 너의눈빛은 어떤 말보다 더욱 진실한 사랑이었다는걸 자고 나면 또 다른 세상 그어디서 널 찾을수 있을까 눈을 뜨면 꿈 같은 세상 내영혼은 너의 곁으로 언제나 함께 했었지 어떤 고통도 우린 영원히 함께 할거라 믿었지 세상이 우릴 서로 갈라놓지만 우리의 끝은 아니야 이제야 너의 맘을 알겠어 사랑한다면 어떤 조건도 필요치 않아 따스했던 너의 눈빛은 어떤 말보다 더욱 진실한 사랑이었다는걸 자고 나면 또 다른 세상 그 어디서 널 찾을수 있을까 눈을 뜨면 꿈 같은 세상 내 영혼은 너의 곁으로 워~니가 다음 세상 어디에 있어도 찾을거야 워~다시 시작이야 내영혼은 너의 곁으로 자고나면 또 다른세상 그 어디서 널 찾을수 있을까 눈을뜨면 꿈 같은 세상 내 영혼은 너의 곁으로
1996.05.26~06.01,38,1675592,말하자면,김성재,김성재,1995.11.11,Rap / Hip-hop,이현도,말 하자면 너를 사랑하고 있다는 말이야 하지만 나는 말할 수 없단 얘기야 하루가 또 지나도 난 항상 제자리에 너의 뒤에선 항상 너를 쳐다봐 너의 앞에선 항상 땅을 쳐다봐 넌 알지 못했니 어색하게 애써 외면을 했던 걸 우리 우연히 스쳐 지날때마다 서로 반갑게 지나쳐 갈때마다 넌 알지 못했니 너무나도 자주였던 걸 말이야 그 모든 순간들은 결코 우연들이 아니었어 사랑의 크기 만큼이나 두려워 하는 나의 바보같은 모습 말 하자면 너를 사랑하고 있다는 말이야 하지만 나는 말할 수 없단 얘기야 하루가 또 지나도 난 항상 제자리에 우리 우연히 스쳐 지날때마다 서로 반갑게 지나쳐 갈때마다 넌 알지 못했니 너무나도 자주였던 걸 말이야 그 모든 순간들은 결코 우연들이 아니었어 사랑의 크기 만큼이나 두려워 하는 나의 바보같은 모습 말 하자면 너를 사랑하고 있다는 말이야 하지만 나는 말할 수 없단 얘기야 하루가 또 지나도 난 항상 제자리에 말 하자면 너를 사랑하고 있다는 말이야 하지만 나는 말할 수 없단 얘기야 하루가 또 지나도 난 항상 제자리에
1996.05.26~06.01,39,64487,다시 내곁에(이별 Part.2),김원준,Dear,1995.10.30,Dance,김원준,더 이상 견딜 수 없기에 지금에서야 널 볼 수 있었어  다른 이의 연인이 된 걸 축하해주며 내 맘을 숨겼어 지난 우리 사랑은 영원을 믿었고 함께 할꺼란 약속은 어디에 사랑하기에 보내야만 했어 널 위해 3년은 서롤 아프게 할거란 걸 알기에 다시 내곁에 못 올거란걸 알며 힘들겠지만 난 아직 남은 네게 기도 해줄께 오랜 뒤에 맞은 널 본 후 말끝을 흐리며 반겨야 했었어  누군가의 품에 안겨서 살아갈 네게 행복을 빌었어 지난 우리 사랑은 영원을 믿었고 함께 할꺼란 약속은 어디에 사랑하기에 보내야만 했어 널 위해 3년은 서롤 아프게 할거란 걸 알기에 다시 내곁에 못 올거란걸 알며 힘들겠지만 난 아직 남은 네게 기도 해줄께  사랑하기에 보내야만 했어 널 위해 3년은 서롤 아프게 할거란 걸 알기에 다시 내곁에 못 올거란걸 알며 힘들겠지만 난 아직 남은 네게 기도 해줄께
1996.05.26~06.01,40,67078,착각,노이즈,Breakin‘ The Noise,1995.11,Dance,김창환,너의 친철함에 나는 속았었나봐 너도 날 좋아한다고 그렇게 믿었는데 너의 성격이 원래 상냥하다는 걸 알면서도 나는 왠지 그렇게 믿었었어 그러던 어느날인가 너는 나에게 너의 애인을 소개시켜 주며 인사를 나누라는데 나의 눈앞이 왜 자꾸 캄캄해져만 오는지 어색해하는 나의 표정을 바라보며 너도 그제서야 내가 널 좋아하는걸 알았나봐 하지만 그래도 어쩔 수가 없잖아 그저 나 혼자의 착각속에 너를 좋아한것 뿐이니까  너를 보면서 난 착각을 해왔었지 너의 친철함을 나는 믿었었기에 그게 사랑인줄 알고 나는 나 혼자서 많은 날을 설레이며 고민해왔었어 너의 변함없는 태도를 보면서 나는 조금은 이상하다는 생각을 했지만 그래도 난 내자신을 믿고 싶었어 니가 날 좋아한다고 그러던 어느날인가 너는 나에게 너의 애인을 소개시켜 주며 인사를 나누라는데 나의 눈앞이 왜 자꾸 캄캄해져만 오는지 어색해하는 나의 표정을 바라보며 너도 그제서야 내가 널 좋아하는걸 알았나봐 하지만 그래도 어쩔 수가없잖아 그저 나 혼자의 착각속에 너를 좋아한것 뿐이니까  너의 친철함에 나는 속았었나봐 너도 날 좋아한다고 그렇게 믿었는데 너의 성격이 원래 상냥하다는걸 알면서도 나는 왠지 그렇게 믿었었어 그런던 어느날인가 너는 나에게 너의 애인을 소개시켜 주며 인사를 나누라는데 나의 눈앞이 왜 자꾸 캄캄해져만 오는지 어색해하는 나의 표정을 바라보며 너도 그제서야 내가 널 좋아하는걸 알았나봐 하지만 그래도 어쩔수가 없잖아 그저 나 혼자의 착각속에 너를 좋아한것 뿐이니까 나의 표정을 바라보며 너도 그제서야 내가 널 좋아하는걸 알았나봐 하지만 그래도 어쩔수가 없잖아 그저 나혼자의 착각속에 너를 좋아한것 뿐이니까
1996.05.26~06.01,41,485161,마지막 약속,김정민,4Love,1995.11.01,Ballad,하해룡,이별은 이미 알고있어  제발 날 위해 애써 웃음 보이려 하지마  이런 너의 슬픈 미소  나의 마음을 더욱 더 아프게 만해 언젠간 너를 만날 수 있겠지  기억해줘 마지막 약속을 하지만 내 사랑은 너 뿐이야  죽는날 까지 내게 함께 있는 사랑을  내게 돌아와 영원히 함께 하자던  마지막 약속 이젠 내가 지켜줄수 있게  내게 돌아와 다시 널 볼수 있게  영원히 슬픈 미소 까지도 사랑해 - 간 주 중 - 언제간 너를 만날 수 있겠지  기억해죠 마지막 약속을  하지만 내 사랑은 너 뿐이야 죽는날 까지  내게 함께 있는 사랑을  내게 돌아와 영원히 함께 하자던  마지막 약속 이젠 내가 지켜줄 수 있게  내게 돌아와 다시 널 볼수있게  영원히 슬픈 미소 까지도  나에겐 이별의 시간 마져도 너를 만날수 있을꺼야 내게 돌아와 영원히 함께 하자던  마지막 약속 이젠 내가 지켜줄 수 있게  내게 돌아와 다시 널 볼수있게  영원히 슬픈 미소 까지도 사랑해
1996.05.26~06.01,42,63342,사랑의 마음 가득히,한동준,한동준 3,1995,Ballad,한동준,때로는 누군가 그리웠던 적도 있었지 그렇게 혼자만 있던 기억은 이제는 안녕 때로는 누군가 가슴에 품고 싶었었지 외롭게 보냈던 지난 날들을 잊고만 싶어 언제나 내 곁에서 날 위로해 줄 그 누군가(누군가)가 필요한거야 마음 속 (마음속)깊은 곳(깊은곳) 그대 원하는 것 있다면 내가 달려가 그대의 어깨를 따뜻이 감싸줄텐데 내곁에 (내곁에)있다면(있다면) 그대 원하는 것 모두다 내가 그대의 가슴에 한아름 사랑의 마음 가득히  때로는 누군가 그리웠던 적도 있었지 그렇게 혼자만 있던 기억은 이제는 안녕 때로는(때로는) 누군가 가슴에 품고 싶었었지 외롭게 보냈던 지난 날들을 잊고만 싶어 언제나 내곁에서 날 위로해줄 그누군가(누군가)가 필요한거야 마음속(마음속) 깊은곳(깊은곳) 그대 원하는것 있다면 내가 달려가 그대의 어깨를 따뜻이 감싸줄텐데 내곁에(내곁에) 있다면(있다면) 그대 원하는것 모두다 내가 그대의 가슴에 한아름 사랑의 마음 가득히 마음속(마음속)깊은곳(깊은곳) 그대 원하는것 있다면 내가 달려가 그대의 어깨를 따뜻이 감싸줄텐데 내곁에(내곁에)있다면(있다면) 그대원하는것 모두다 내가 그대의 가슴에 한아름 사랑의 마음 가득히
1996.05.26~06.01,43,1698660,살다보면,권진원,권진원 Vol.2,1996,Folk,유기환,살다보면
1996.05.26~06.01,44,1606450,선택,터보,터보 (Turbo) 1집 `280km Speed`,1995.07.01,Dance,한진우,달라질게 없어  우린 헤어짐이 나을거야 하지만 이미 초라한 내 모습이 싫어 무엇일까 나는 네게 그저 친구일 뿐 이었어 나에게 남아 있는 건 또 다른 아쉬움 그래 우연히 카페에서 널 봤어 낯익은 얼굴이 낯설지가 않아 따가웠던 시선에서 무엇인가 통하는 것 같아 얘길 했어 너의 취미 혈액형 내 스타일과 사는 동네까지 집 전화번호 삐삐 번호와 내 맘까지 다 매일매일 만났지 그렇지만 너는 진실한 적 없어 이젠 알 것 같아 너와 나는 너무도 아무 의미없는 시간 속을 지나왔어 달라질게 없어 우린 헤어짐이 나을거야 하지만 이미 초라한 내 모습이 싫어 무엇일까 나는 네게 그저 친구일 뿐 이었어 나에게 남아 있는 건 또 다른 아쉬움 음악이 있는 내방 한 구석에 놓여있는 너의 사진 아마 지난 여름이었을 거야 너와 내가 다정했던 때가 하지만 지금 난 혼자 넌 내 곁에 없어 널 보고싶어 전화하고 싶지만 이젠 참아야만해 매일매일 만났지 그렇지만 너는 진실한 적 없어 이젠 알 것 같아 너와 나는 너무도 아무의미 없는 시간속을 지나왔어 달라질게 없어 우린 헤어짐이 나을거야 하지만 이미 초라한 내 모습이 싫어 무엇일까 나는 네게 그저 친구일 뿐이었어 나에게 남아 있는건 또 다른 아쉬움
1996.05.26~06.01,45,518551,딸기,삐삐밴드,The Complete Best 1995~1997,2004.03.24,Rock,박현준,설탕에 찍어 딸기를 먹었어 딸기밭에서 하루 종일 놀았어 한참 놀다보니 하루가 다갔어 하루는 왜 스물 네시간일까  수박 아줌마는 얼룩무늬 치마 참외 할머니는 귀머거리 할머니 사과 외숙모는 친절한가봐 딸기 내 친구는 사랑스러워 좋아 좋아 좋아 좋아  좋아 좋아 좋아 좋아  좋아 아 좋아  좋아 좋아 좋아 좋아  좋아 좋아 좋아 좋아  좋아 좋아   딸기를 사달라고 졸랐어 딸기를 먹지 않고 웃기만 했어 나는 왜 이렇게 너를 좋아하는 걸까 나도 왜 니가 좋은지 몰라 그건 정말 몰라 예 나도 몰라  새빨간 딸기는 너무 아름다워 포도 아저씨는 꿈꾸는 사람 설탕에 찍어 딸기를 먹었어 딸기밭에서 하루 종일 놀았어 한참 놀다보니 하루가 다갔어 하루는 왜 스물 네시간일까  좋아 좋아 좋아  딸기가 좋아 딸기가 딸기가  딸기가 좋아 딸기가 좋아 딸기가 좋아 좋다구 딸기 좋다구 딸기가 좋아 좋다구 딸기가 딸기가  딸기가 딸기가  딸기가 제일 좋아 딸기가 좋아 아 좋아 좋아  좋아 좋아 좋아 좋아 좋아  좋아 좋아 좋아 좋아  좋아 좋아 딸기가 좋아 딸기가 좋아 딸기가 딸기가  좋다구 딸기가 딸기가 좋아 딸기가 좋아 딸기가 좋아 딸기가 좋아 딸기가 좋아 딸기가 제일 좋아 맛있어
1996.05.26~06.01,46,64170,너의 착각,유영진,Blue Rhythm,1996.10.05,R&B; / Soul,유영진,이젠 알겠어 귀에 못이 박혔어 그렇게 여러번씩 강조하지마 난 못났지 그래 너만 잘났어 왜 너만 자존심이 있는 줄 아는거야 난 네가 미워 정말 싫어졌어 내 모든 걸 네 기준에 똑같이 만들지는 말아줘 난 네가 미워 이젠 떠나겠어 난 더이상 널 위해서 장난감이 되긴 싫었어 잘났어 정말 기막혀 정말 대단한 착각속에 사는 모습 이제 지겨워 너를 사랑했던 솔직했던 감정 넌 진짜 모르는지 자꾸 무시했어 너의 모습 보면 누구나 반할거라 생각하는 너만의 너만의 그런 대단한 착각 허나 지금부터 나는 너를 정말 잊기로 했어 날 이젠 붙잡지마 이젠 듣겠어 너를 아는 내 친구 억지로 참는 것도 잘돼는건 아니야 난 몰랐지 그냥 내가 참는게 언젠간 너의 맘을 돌릴거라 믿었어 너를 사랑했던 나에게 이젠 아무 관심도 없고 이 세상에 너를 위해 태어났을 남자 기다리고 있겠지 너를 잃어버렸던 나에게 이제는 밥맛도 없어 잠도 잘 수 없는 나를 그저 비웃고 있겠지  떠나가버린 너의 맘을 되돌리긴 싫어 부담스런 존재처럼 생각했었어 너도 역시 언젠가는 눈물 흘리겠지 이젠 내가 널 버릴거야 잘났어 정말 기막혀 정말 대단한 착각속에 사는 모습 이제 지겨워 난 난 난 너를 사랑했던 솔직했던 감정 넌 진짜 모르는지 자꾸 무시했어 너의 모습 보면 누구나 반할거라 생각하는 너만의 너만의 그런 대단한 착각 지금부터 나는 너를 정말 잊기로 했어 날 이젠 붙잡지마  난 네가 미워 정말 싫어졌어 내 모든 걸 네 기준에 똑같이 만들지는 말아줘 난 네가 미워 이젠 떠나겠어 난 더 이상 널 위해서 장난감이 되긴 싫었어
1996.05.26~06.01,47,64246,영원히 둘이서,박진영,딴따라,1995.09,Ballad,박진영,우리 여기까지 이렇게 먼길 어떻게 함께 걸어왔는지 그대가 날 만나주지 않아 애태우던 그때를 생각하며 지금 나를 보고 있는 니가 믿어지지가 않아 눈부시게 아름다운 모습에 난 눈물이 흐르지만 그대 곁에서 머물러 그대 품에 안겨 꿈을 꾸며 나의 모든 소망과 꿈들을 너와 나누고 싶어 별이 뜨지 않는 그날까지 우리가 눈감는 그날까지 내 사랑아 나 여기 이 자리를 지키고 있을께 영원히 둘이서 우리가 함께 걸어온 이 길에 항상 햇살이 비추진 않았지 때로는 쏟아지는 빗속에서 작은 우산을 함께 받쳐든 채  서로의 체온을 나눠 비바람속에서 견뎠고 언젠가는 밝은 햇살이 다시 빛나리라 믿었어 그대 곁에서 머물러 그대 품에 안겨 꿈을 꾸며 나의 모든 소망과 꿈들을 너와 나누고 싶어 별이 뜨지 않는 그날까지 우리가 눈감는 그날까지 내 사랑아 나 여기 이 자리를 지키고 있을께 영원히 둘이서  더 많은 날들이 우릴 기다리고 있어 여기까지 온 것처럼 아름답게 만들어 가 그대 곁에서 머물러 그대 품에 안겨 꿈을 꾸며 나의 모든 소망과 꿈들을 너와 나누고 싶어 별이 뜨지 않는 그날까지 우리가 눈감는 그날까지 내 사랑아 나 여기  이 자리를 지키고 있을께 영원히 둘이서  영원히 둘이서  영원히 둘이서
1996.05.26~06.01,48,63314,내 사랑 못난이,윤종신,공존(共存),1995.04,Ballad,윤종신,누가 예쁜 여자를 마다해 남자라면 누구나 바라지 거리엔 모두 연예인들뿐 미인들 가득한 세상이야 하지만 나에겐 누구나 말리는 못생긴 여자친구 하나 있지 친구들은 그녀에게 첫인사로 인상 좋다 하지 그후에도 친구들은 뻔히 여자친구 있는 내게 소갤받으러 나오라며 내안에 그녈  무시하면서 말을 하지 하지만 아무도 모르고 있지 그녀만이 가진 매력 겉모습만 보며 사냥하듯 여자친구 찾는 너희 내게 그녀는 너무  사랑스럽기만해 남들이 뭐라해도 너희들이나 잘살아보렴 난 행복할테니 미인과 걸어가는 남자들에 표정엔 자부심이 가득하지 친구들과 만나면 으시대지 어디든 여자친굴 대려가지 하지만 나에겐 누구나 말리는 못생긴 여자친구 하나 있지 친구들은 그녀에게 첫인사로 인상좋다하지 그후에도 친구들은 뻔히 여자친구 있는 내게 소갤받으러 나오라며 내안에 그녈  무시하면서 말을 하지 하지만 아무도 모르고 있지 그녀만이 가진 매력 겉모습만 보며 사냥하듯 여자친구 찾는 너희 내게 그녀는 너무  사랑스럽기만해 남들이 뭐라해도 너희들이나 잘살아보렴 하지만 아무도 모르고 있지 그녀만이 가진매력 겉모습만 보며 사냥하듯 여자친구 찾는 너희 내게 그녀는  너무 사랑스럽기만해 남들이 뭐라해도 너희들이나 잘 살아보렴 난 행복할테니
1996.05.26~06.01,49,66417,널 다시 만나,베이시스,Looking For Myself,1995.05.06,Ballad,김혜선,나나나나우-- 나나나나우-워 우예- 나나나나우-- 나나나나우-워 우예-  이렇게 널 다시 만나 아무 일 없었듯이 웃으면서 얘기할수 있어 편안했어 다시는 안 볼것처럼 헤어졌던 우리가 어색함이 없이  마주 앉아 있다는게 집으로 가는 길이 가까우면서도- 멀게 느껴져 그건 왜일까 이젠 우리 스쳐간 연인일 뿐인데--- 서운함이 발걸음을 무겁게 해-- 한땐 너를 잊지 못해 미워하며 원망했어 이제와서 생각해보면 그럴 필요 없었는데 사랑은 와-준만큼 떠나가니까 나나나나우-워 우예- 나---우우- 나나나나 우-워 우예-  깊은밤 잠 못 이루고 헤매며 난 우리의 헤어짐을 너의 탓이라 돌리며 날 위로했지 이제껏 나눴던 지난 날을 생각하면서 그런데 널 다시 만나 깨닫게 됐어 내가 너의 사랑을 잡은 만큼 놓쳤기에 너의 사랑이 와준 만큼만하 떠났을 뿐이라는 걸 집으로 가는 길이 가까우면서도- 멀게 느껴져 그건 왜일까 이젠 우리 스쳐간 연인일 뿐인데--- 서운함이 발걸음을 무겁게 해-- 한땐 너를 잊지못해 미워하며 원망했어 이제와서 생각해보면 그럴 필요 없었는데 한땐 너를 잊지 못해 미워하며 원망했어 이제와서 생각해보면 그럴 필요 없었는데 사랑은 와-준 만큼 떠나가니까 나나나나 우-워 우예- 나---우우--나-- 우-워 우예- 나---우우--나-- 우-워 우예- 우우--나-- 우-워 우예-우우--
1996.05.26~06.01,50,524809,다시 난 사는 거야,김종서,김종서 Gold,1996,Rock,,난 떠나간 게 아니야 그저 다른 모습으로 살아 갈 뿐인걸 늘 감싸주던 따스함 네게 배웠던 사랑을 난 보답하려 해 이제는 누군가 위해 내 몸이 모두 다 쓰일 수 있게 다시 난 사는거야 잠시만 기다려 주면 돼 그 누구의 밝은 눈이 되어 다시 널 보게 될테니  다 쓰여지고 남은 건 모두 뿌려주면 돼 니가 다니는 그 길에 그늘 드리워 가끔은 가까이 널 느낄 수 있게  다시 난 사는거야 그렇게 믿고 있으면 돼 그 누구의 밝은 생명으로 다시 널 만날테니까 다시 난 사는거야 커다란 기쁨을 안고서 난 그래도 서러워 않을께 니가 날 몰라본대도
