time,rank,song_id,title,singers,album,date,genre,creator,lyric
1993.11.07~11.13,1,56245,신(新) 인류의 사랑,015B,The Fourth Movement,1993.08,Rock,정석원,맘에 안드는 그녀에겐 계속 전화가 오고 내가 전화하는 그녀는 나를 피하려 하고 거리엔 괜찮은 사람 많은데 소개를 받으러 나간 자리엔 어디서 이런 여자들만 나오는 거야 야 나도 이젠 다른 친구들처럼 맘에드는 누군가를 사귀어 보고 싶어 어쩌다 마음에 드는 그녀 남자친구가 있고 별로 예쁘지 않은 그녀 괜히 콧대만 세고 거리에서 본 괜찮은 여자에게 용기를 내서 말을 걸어보면  항상 젤 못생긴 친구가 훼방을 놓지 야 나도 이젠 다른 친구들처럼 맘에드는 누군가를 사귀어 보고 싶어 주위를 보면 나보다 못난 남자들이 다 예쁜 여자와 잘도 다니는데 나는 왜 이럴까 야 나도 이젠 다른 친구들처럼 맘에드는 누군가를 사귀어 보고 싶어
1993.11.07~11.13,2,170153,Pilot,정연준(업타운),파일럿 OST,1993.12.01,Drama,이순자,그것이 끝이라고  우린 믿지 않았지  너 떠난 텅빈 활주로에  쏟아 지던 너의 목소리      언제 어디선가  다시 만날 예감을  해맑은 웃음지으며 대신할 너의 슬픔들    오해는 이제 그만 상처주는 일도 그만  아무런 생각을 하지 말고 내게 달려와줘    너를 뜨겁게 안고서 두팔이 날개가 되어  언젠가 내게 약속했던 저 달로  우리 푸른꿈 싣고서 한없이 날아 오를께  사랑해 너를 하늘 끝까지....      언젠가 어디선가  다시 만날 예감을  해맑은 웃음지으며 대신할 너의 슬픔들    오해는 이제 그만 상처주는 일도 그만  아무런 생각을 하지 말고 내게 달려와줘    (반복)  너를 뜨겁게 안고서 두팔이 날개가 되어  언젠가 네게 약속했던 저 달로  우리 푸른꿈 싣고서 한없이 날아 오를께  사랑해 너를 하는 끝까지.....
1993.11.07~11.13,3,532083,내게,이승환,My Story,1993.09,Ballad,김광진,그렇게 기다리던 당신의 생일인데  창 밖으로 그대 모습을 그리고만 있네  장미꽃 한 다발을 가슴에 드리고 싶지만  표정없는 그대 모습이 너무 두려워  돌아갈 수 없는 날이 눈 앞에 그림처럼 스쳐가고  남겨진 것은 바래져 가는 사진 하나  눈부신 아침햇살이 밝아도 너를 볼 수 없다기에  어쩔 수 없이 흘러내린 눈물  약해지지마 흔들리지마 내게 다시 올거야  넌 이제 나를 슬프게 할 수 없어 그럴 순 없어  돌아갈 수 없는 날이 눈 앞에 그림처럼 스쳐가고  남겨진 것은 바래져 가는 사진 하나  이별이란 말은 우리 사이엔 어울리지 않았지만  어쩔 수 없이 흘러내린 눈물    돌아갈 수 없는 날이 눈 앞에 그림처럼 스쳐가고  어쩔 수 없이 흘러내린 눈물    약해지지마 흔들리지마 내게 다시 올거야  넌 이제 나를 슬프게 할 수 없어 그럴 순 없어  믿을 수 없어 약속하지마 내게 그럴 순 없어
1993.11.07~11.13,4,55584,종원에게 (눈물 흘리지 말아요),이문세,오래된 사진처럼,1993.09,Ballad,,눈물 흘리지 말아요 그대여 눈앞의
1993.11.07~11.13,5,57339,너를 사랑해,한동준,처음 받은 느낌으로,1993.01,Ballad,한동준,아침이 오는 소리에 문득  잠에서 깨어 내 품안에 잠든 너에게  워우우워 우워워 너를 사랑해  내가 힘겨울때마다 너는  항상 내 곁에  따스하게 어깨 감싸며  워우우워 우워워 너를 사랑해 영원히 우리에겐 서글픈  이별은 없어 때로는 슬픔에 눈물도 흘리지만 언제나 너와 함께 새하얀  꿈을 꾸면서 하늘이 우리를 갈라놓을 때까지 워우우워 우워워 너를 사랑해 내가 힘겨울때마다 너는  항상 내 곁에 따스하게 어깨 감싸며  워우우워 우워워 너를 사랑해 영원히 우리에겐 서글픈  이별은 없어 때로는 슬픔에 눈물도 흘리지만 언제나 너와 함께 새하얀  꿈을 꾸면서 하늘이 우리를 갈라놓을 때까지 워우우워 우워워 너를  사랑해 너를 사랑해
1993.11.07~11.13,6,16936,하늘 아래서,김민종,Best Vs. Live Album,2001.03.23,Ballad,김민종,나의 과거를 이제는 잊고 싶어  지친 하루 하루 힘들게 살아왔지  꿈의 의미를 찾을 수가 없었어  지난 어린 시절엔 지금 서 있는  이 곳은 어디인지 무얼 찾아왔나  아무도 없는 곳에   평화롭게 보이는  말없는 하늘 아래 너를 불러봤어  허탈한 마음에 희미한   느낌도 없어  마지막 너의 눈빛도 예   가고 있잖아  하얀 너의 곁으로 이젠 아무도  나를 막을 수가 없는데   걸어만 가야해  느낄 수도 없잖아 이젠 울지마  다가가는 날 보며 너를 위해  지금 서 있는 이 곳은 어디인지  무얼 찾아왔나 아무도 없는 곳에  평화롭게 보이는 말없는  하늘 아래 너를 불러봤어 허탈한 마음에 희미한 느낌도 없어 마지막 너의 눈빛도 예  가고 있잖아 하얀 너의 곁으로 이젠 아무도 나를 막을 수가 없는데 걸어만 가야해 느낄 수도 없잖아 이젠 울지마 다가가는 날 보며 너를 위해 너를 위해
1993.11.07~11.13,7,1847750,애모,김수희,서울여자,1990.01.01,Adult Contemporary,유영건,그대 가슴에 얼굴을 묻고 오늘은 울고 싶어라 세월의 강 넘어 우리 사랑은 눈물 속에 흔들리는데 얼만큼 나 더 살아야 그대를 잊을 수 있나 한 마디 말이 모자라서 다가설 수 없는 사람아 그대 앞에만 서면 나는 왜 작아지는가 그대 등 뒤에 서면 내 눈은 젖어드는데 사랑 때문에 침묵해야 할 나는 당신의 여자 그리고 추억이 있는 한 당신은 나의 남자여 그대 앞에만 서면 나는 왜 작아지는가 그대 등 뒤에 서면 내 눈은 젖어 드는데 사랑 때문에 침묵해야 할 나는 당신의 여자 그리고 추억이 있는 한 당신은 나의 남자여 당신은 나의 남자여
1993.11.07~11.13,8,56084,언제나 (Always),김원준,나에게 떠나는 여행,1993.08.20,Dance,김원준,언제나 후회할 순 없어  널 위한 나의 모든 것  항상 외면해야 하나 이렇게 너에게서 멀어지는  내 자신이 너무 싫었어  한번 살다 보면서  느끼는 그런 흔한  감정은 아니야  이렇게 이렇게  계속 지나쳐 온  나의 순간들엔  허무한 흔적들뿐  자꾸 멀어지는  삶의 자국들이  나의 허상속에  묻혀 버려졌나  언제나 후회 할 순 없어  널 위한 나의 모든 것  항상 외면해야 하나  언제나 주저 할 순 없어  널 향한 나의 다짐들  이젠 단념해야 하나  그럴 순 없어  이렇게 너에게서  멀어지는 내 자신이  너무 싫었어  한번 살다 보면서  느끼는 그런 흔한  감정은 아니야 이렇게 이렇게 계속 지나쳐 온  나의 순간들엔  허무한 흔적들뿐 자꾸 멀어지는  삶의 자국들이  나의 허상속에  묻혀 버려졌나  언제나 후회 할 순 없어  널 위한 나의 모든 것  항상 외면해야 하나  언제나 주저 할 순 없어  널 향한 나의 다짐들  이젠 단념해야 하나  그럴 순 없어  이렇게 너에게서 멀어지는  내 자신이 너무 싫었어  한번 살다 보면서  느끼는 그런 흔한  감정은 아니야  이렇게 이렇게
1993.11.07~11.13,9,1839234,오렌지 나라의 앨리스,푸른하늘,푸른하늘 6집 - 오렌지 나라의 앨리스,1993.09.21,Ballad,유영석,커피를 마시는 의미가 같다는 이유만으로 가벼운 미소 나누며 합석을 하고 있지 서로를 알게 되면서 다가올 간섭은 싫어 질문을 해보긴 하지만 알고싶은 맘 없지 orange world alice orange world alice orange world alice orange world alice 지나가는 사람들 나를 보는건 내 아름다운 모습 때문인거야 그런 작은 자동차 타고 다니면서 어쩜 내게 감히 말을 건넬 수가 있는거니 지금 내가 생각해야만 하구 다같이 고민해야만 하는것은 함께 노래 부르러 갈건지 술잔을 서로 기울이며 즐거움에 대한 애길 나눠야 할지  달콤한 말을 속삭이며 관심을 보여줄때엔 그것이 거짓이라해도 아무 상관이 없네 orange world alice orange world alice orange world alice orange world alice 나를 보는 사람들의 시선들엔 모두가 사랑이 담겨 있다지만 그댄 그런 모습을 하고 다니면서 어쩜 내게 감히 눈빛 보낼 수가 있는거니 지금 내가 선택해야만 하구 다같이 고민해야만 하는것은 함께 춤을 추면서 느낌을 나누어 봐야하는건지 함께 밤을 하얗게 지새워야 할지 orange world alice orange world alice orange world alice orange world alice orange world alice orange world alice orange world alice orange world alice orange world alice
1993.11.07~11.13,10,176473,두근 두근 쿵쿵,현진영,S.M. Best Album,1993.11,Dance,현진영,떠나가는 그대 모습 내맘속에 그리던날 떨어지는 낙엽보며 떨어지는 그대에~ 눈물에 담겨있는 너에 대한 회상 이제는 정말 잊지 못해 떠나가는 그대 모습 내맘속에 그리던날 다가오는 그리움에 깊어지는 한숨만 나 지금 흘리는 건 아픔 섞인 눈물 언제쯤 그칠줄 몰라 예~ 멀어진 그대 보며 멀어지는 그대모습 나는 바라보며 예~ 희미한 기억속에 그대 모습  잊혀져간 그대 모습 나의 모습인가. 너의 모습 나의 모습  울렁 울렁 두근 두근 쿵쿵 너의 모습 나의 모습  울렁 울렁 두근 두근 쿵쿵쿵 너의 모습 나의 모습  울렁 울렁 두근 두근 쿵쿵 너의 모습 나의 모습  울렁 울렁 두근 두근 쿵쿵 헤야 홈마 헤야 홈 헤야 홈마 헤이~ 워~예 디기리릭딕 날 버리고 떠난 니가 미워 뿌리치고 떠나가버린 너~ 하지만 니가 흘리는 눈물이 미워 아무런 의미가 없잖아 날버리고 떠나가던  니가라 니가라 니가 울기는 왜 울어 안그래도 니기리 니가 미운데 그러면 너무나 너무나 더 미워  떠나가는 그대 모습 내맘속에 그리던날 다가오는 그리움에 깊어지는 한숨만 나 지금 흘리는 건 아픔 섞인 눈물 언제쯤 그칠줄 몰라 예~ 멀어진 그대 보며 멀어지는 그대모습 나는 바라보며 예~ 희미한 기억속에 그대 모습  잊혀져간 그대 모습 나의 모습인가. 너의 모습 나의 모습  울렁 울렁 두근 두근 쿵쿵 너의 모습 나의 모습  울렁 울렁 두근 두근 쿵쿵 너의 모습 나의 모습  울렁 울렁 두근 두근 쿵쿵 너의 모습 나의 모습  울렁 울렁 두근 두근 쿵쿵 헤야 홈마 헤야 홈 헤야 홈마 헤이~ 워~예 디기리릭딕 날 버리고 떠난 니가 미워 뿌리치고 떠나가버린 너~ 하지만 니가 흘리는 눈물이 미워 아무런 의미가 없잖아 날버리고 떠나가던  니가라 니가라 니가 울기는 왜 울어 안그래도 니기리 니가 미운데 그러면 너무나 너무나 더 미워 너의 모습 나의 모습  울렁 울렁 두근 두근 쿵쿵 너의 모습 나의 모습  울렁 울렁 두근 두근 쿵쿵 너의 모습 나의 모습  울렁 울렁 두근 두근 쿵쿵 너의 모습 나의 모습  울렁 울렁 두근 두근 쿵쿵 헤야 홈마 헤야 홈 헤야 홈마 헤이~
1993.11.07~11.13,11,91407,그래도 이제는,김종서,2nd Step (PETSDN2),1993.04.01,Rock,채정은,그 모든건 어린 내가 꿈꾸던 그대로 되지는 않았어 내가 너무 쉽게 생각했었나 아니면 약해서인가 사람도 무섭고 사랑은 더 힘들고 가끔씩은 많지 않은 나이가 오히려 부담이됐지 작은일도 책임져야한다는 의무도 숨막히게해 걷지도 못할만큼 고민도 쌓이지만 그래도 이제는 앞만 보며 가는 거야 날 기다릴 세상이 있으니  걷지도 못할만큼 고민도 쌓이지만 그래도 이제는 앞만 보며 가는 거야 날 기다릴 세상이 있으니 그래도 이제는 앞만 보며 가는 거야 날 기다릴 세상이 있으니  그래도 이제는 앞만 보며 가는 거야 날 기다릴 세상이 있으니 그래도 이제는 앞만 보며 가는 거야 날 기다릴 세상이 있으니
1993.11.07~11.13,12,56251,이별 없던 세상,윤상,윤상2 - Part II,1992.10.02,Ballad,노영심,어린 시절 햇살같은 추억에 나도 모르게 걷고 있는 여기에 가득 고인 내 꿈처럼 커다란 하얀 풍선을 안고 있는 아이들 내 작은 기억속에도 그런 모습 있었지 풍선 하나로 세상을 다가진 듯 부푼 내 가슴 이제는 무얼 찾아야 채울 수 있을까 마음만으론 찾을 수 없어 저 멀리 날아가버린 내 작은 소망과 밤하늘의 작은 별을  너무 쉽게 포기하며 살았지 두 눈 감은 채 잊어보려 했지만 그 모든걸 잃었다고만 생각을 하지마 바로 그건 어른이라는 또 다른 이름 때문이야 하지만 지금 나에겐 아득한 곳인 걸 기억만으론 갈수가 없어 너만은 처음 그 곳에 머물러 주겠니 이별이 없는 그 곳에서  저 멀리 날아가버린 새하얀 풍선도 너의 눈속엔 그대로인 걸 너만은 처음 그 곳에 머물러 주겠니 이별이 없는 그 곳에서
1993.11.07~11.13,13,434162,너의 마음을 내게 준다면,최연제,연가(戀歌) 2,2002.04.08,Ballad,,홀로이 서있는 그대는  그저 눈물만 보이고 있네요  왠지 난 슬퍼져요 이제 난 견딜 수 없어요  그대도 누군가 원하잖아요 이 마음 느끼나요  내게 전해 줘 그대의 사랑을  마음속 깊이 느낄 수 있도록  홀로 견딜 수만 없는  그대 마음을 난 알고 있어요  내게 말해 줘 날 사랑한다고  돌아서면 난 없을지도 몰라  이젠 더이상 난 기다릴 순 없어요   이제 난 견딜 수 없어요  그대도 누군가 원하잖아요 이 마음 느끼나요  내게 전해 줘 그대의 사랑을  마음속 깊이 느낄 수 있도록  홀로 견딜 수만 없는  그대 마음을 난 알고 있어요  내게 말해 줘 날 사랑한다고  돌아서면 난 없을지도 몰라  이젠 더이상 난 기다릴 순 없어요  이 세상 끝까지라도 가리 그대가 있다면  아직은 힘겹지만 이 마음만은 변함없으리   내게 말해 줘 날 사랑한다고  돌아서면 난 없을지도 몰라  이젠 더이상 난 기다릴 수 없어요  이젠 더이상 난 기다릴 수 없어요
1993.11.07~11.13,14,91435,처음 그 느낌처럼,신승훈,신승훈 3집,1993.04,Dance,김창환,처음 부터 널 사랑하진 않았지  그저 친한 친구처럼 만났을 뿐  너의 곁에 내가 아닌 다른 사람이 서 있는데  나의 마음이 왜 이리 허전한걸까  늘 가까이 있었기에 소중함을 난 몰랐을 뿐  아마 처음부터 너를 사랑했었나 봐  이제는 너를 이해할 수 있어 내가 잠시 너를 떠났을 때  너의 모습이 왜 그리 슬퍼보였는지  소중한 사랑은 떠난 후에야 느낄 수 있다는 너의 말을  이젠 이해할게 모두  너를 위한 마음으로 처음 그 느낌처럼 너의 곁에 내가 아닌 다른 사람이 서 있는데  나의 마음이 왜 이리 허전한걸까  늘 가까이 있었기에 소중함을 난 몰랐을 뿐  아마 처음부터 너를 사랑했었나 봐  이제는 너를 이해할 수 있어 내가 잠시 너를 떠났을 때  너의 모습이 왜 그리 슬퍼보였는지  소중한 사랑은 떠난 후에야 느낄 수 있다는 너의 말을  이젠 이해할게 모두  너를 위한 마음으로 처음 그 느낌처럼
1993.11.07~11.13,15,54182,다시만난 너에게,피노키오,다시만난 너에게,1992.11.30,Rock,,내가 처음 보았던 기억속에 파란 하늘빛 미소 여전한 넌 지난 시간 세월을 얘기하듯 야윈 모습으로 손을 내밀고 나 역시 서툰 웃음과 어색한 시간이 흐른 뒤 나의 맘 속에 맘으로 널 그리워 해왔었다 말했지  이젠 다시 사랑을 가슴에 묻고 나누어지는 슬픔은 없을꺼야  내안에 있는 소중한 것을 모두다 너에게 주고 싶어  나 역시 서툰 웃음과 어색한 시간이 흐른 뒤 나의 맘 속에 맘으로 널 그리워 해왔었다 말했지  이젠 다시 사랑을 가슴에 묻고 나누어지는 슬픔은 없을꺼야  내안에 있는 소중한 것을 모두다 너에게 주고 싶어  그리움에 보낸 날들은 너의 절실함을 일깨워주고  어떤 어려움에도 견딜 수 있는 널 향한 사랑에게 보여주었어  그리움에 보낸 날들은 너의 절실함을 일깨워주고
1993.11.07~11.13,16,56227,사랑이라 부를 수 있을까,인공위성,사랑이라 부를 수 있을까,1993,Ballad,김영식,사랑이라 부를 수 있을까 이렇게 알 수 없는 기분을 모든 것이 우릴 위해 있어 그대가 나와 함께 있다면  바람이 불면 네 모습이 다가와 비가 와도 밝아지는 내 마음 어딜 보아도 무슨 일을 하여도 그대 모습 바로 곁에 있네 작은 일들도 큰 일처럼 느껴져 무엇이든 새로웁게 보이고 창문을 열면 밤 하늘 별빛이 내 가슴에 그대를 비추네 사랑이라 부를 수 있을까 이렇게 알 수 없는 기분들 모든것이 우릴 위해 있어 그대가 나와 함께 있다면 오늘도 길을 걷다가 하늘에 핀 꽃처럼 네 얼굴 그려보네  마음에 가득 담아둔 너의 향기가 내 입가에 미소로 퍼지네 퍼지네 사랑이라 부를 수 있을까 이렇게 알 수 없는 기분을 모든 것이 우릴 위해 있어 그대가 나와 함께 있다면 사랑이라 부를 수 있을까 이렇게 알 수 없는 기분을 모든 것이 우릴 위해 있어 그대가 나와 함께 있다면 사랑이라 부를 수 있을까 이렇게 알 수 없는 기분을 모든 것이 우릴 위해 있어 그대가 나와 함께 있다면 사랑이라 부를 수 있을까 이렇게 알 수 없는 기분을 모든 것이 우릴 위해 있어 그대가 나와 함께 있다면 라라라라 라라라라라라라라 라라라 라라라라라라라
1993.11.07~11.13,17,536778,장미의 미소,신인수,내일은 사랑 OST,1990.01.01,Drama,이남우,한 두번도 아닌데 그대를 만날 때면
1993.11.07~11.13,18,56880,첫인상,김건모,김건모 2집,1993,Dance,김창환,긴 머리 긴 치마를 입은 난 너를 상상하고 있었지만 짧은 머리에 찢어진 청바지가 너의 첫인상이었어 조용한 음악이 흐르고 장미꽃 한 송이가 놓여진 하얀 탁자에 기대앉은 모습이 날 당황하게 만들었었지 그런 난 네가 좋았어 약속된 만남이었을거야 처음부터 아주 오랜 친구처럼 우린 어색함이 없었으니까 눈빛을 보면 난 알 수가 있어 아무런 말도 필요치 않아 이런게 아마 사랑일거야 첫 눈에 반해버린 사랑 조용한 음악이 흐르고 장미꽃 한 송이가 놓여진 하얀 탁자에 기대앉은 모습이 날 당황하게 만들었었지 그런 난 네가 좋았어 약속된 만남이었을거야 처음부터 아주 오랜 친구처럼 우린 어색함이 없었으니까 눈빛을 보면 난 알 수가 있어 아무런 말도 필요치 않아 이런게 아마 사랑일거야 첫 눈에 반해버린 사랑 눈빛을 보면 난 알 수가 있어 아무런 말도 필요치 않아 이런게 아마 사랑일거야 첫 눈에 반해버린 사랑
1993.11.07~11.13,19,56846,약속된 이별,박정운,박정운4,1993,Ballad,,거리에 그려진 그림자들이 조금씩 지워져가고  밤새워 울었던 빗소리마져 희미해져만 가네  소리없이 창가를 두드린 햇살 너의 얼굴에 스미고  여리운 눈가에 수줍음 안고 내품에 잠이 든 사람  살며시 속삭이는 너의 미소는 나의 하루임을 말해주었고  외로움 달래주던 너의 손길은 지금도 느끼는데 널 사랑해 넌 아직도 내사랑 왜 이렇게 널 떠나야 하는지  그대와 나는 약속되어 있던 시간의 길을 걸었어  서로의 사랑을 느꼈던 그날 이별도 같이 했나봐  살며시 속삭이는 너의 미소는 나의 하루임을 말해주었고  외로움 달래주던 너의 손길은 지금도 느끼는데 널 사랑해 넌 아직도 내사랑 왜 이렇게 널 떠나야 하는지  그대로 그대로 나만의 그대로 그날은 울지 말아요  서로가 서로를 잊어야 하는 슬픈 사랑이었기에
1993.11.07~11.13,20,56840,`친구`라 말할 수 있는 건,신성우,Eight Smiles Of Klein,1993.08,Rock,"신성우,이근상,이근형",나 어릴적 뛰놀던 놀이터에 회색 건물이 들어서 있고 길을 걷는 수녀의 옷자락엔 어린 아이의 그 미소도 없고 그렇게만 자꾸 변해만 가는 시간속에 묻어둔 친구의 미소 해묵은 착각속에 바라본 너의 모습  때론 네가 나를 귀찮게 할 때 이유 아닌 이유로 멀어져왔고 때론 내가 너를 탓한 핑계로 나의 마음을 위로해 왔지 내가 네게로 가기보다는 네가 내게로 오길바랬지 해묵은 욕심속에 말해온 너의 모습 친구라고 말할 수 있는건 생각만 해도 느낌이 편한 것 친구라고 말할 수 있는건 항상 내가 널 믿을 수 있는 것  해묵은 욕심속에 말해온 너의 모습 친구라고 말할 수 있는건 생각만 해도 느낌이 편한 것 친구라고 말할 수 있는건 항상 내가 널 믿을 수 있는 것 친구라고 말할 수 있는건 조그만 오해도 필요치 않은 것 친구라고 말할 수 있는건 바로 내 자신을 돌이켜 보는 것 친구라고 말할 수 있는건 생각만 해도 느낌이 편한 것 친구라고 말할 수 있는건 항상 내가 널 믿을 수 있는 것
1993.11.07~11.13,21,91432,산다는 것은,김종찬,김종찬5집,1993,Ballad,,어디로 가야 하나 멀기만한 세월 단 하루를 살아도 마음 편하고 싶어 그래도 난 분명하지 않은 갈 길에 몸을 기댔어~ 날마다 난 태어나는 거였고 난 날마다 또 다른 꿈을 꾸었지 내 어깨 위로 짊어진 삶이 너무 무거워 지쳤다는 말조차 하기 힘들때 다시 나의 창을 두드리는 그대가 있어 어둠을 가를 빛과 같았어 여기서가~ 끝이 아님을 우린 기쁨처럼 알게 되고 산다는 것~ 그것만으로도~ 의미는 충분한거지~  날마다 난 태어나는 거였고 난 날마다 또 다른 꿈을 꾸었지 내 어깨 위로 짊어진 삶이 너무 무거워 지쳤다는 말조차 하기 힘들때 다시 나의 창을 두드리는 그대가 있어 어둠을 가를 빛과 같았어 여기서가~ 끝이 아님을 우린 기쁨처럼 알게 되고 산다는 것~ 그것만으로도~ 의미는 충분한거지~
1993.11.07~11.13,22,91110,그때는 알겠지,강수지,K,1993.06,Ballad,강수지,아무 것도 없던거야 그래 그렇게 지나쳐야 하는데 살아가는 작은 기쁨 이제는 어디서 찾아야만 하나 너를 사랑한다는 이유로 너를 내 곁에 두려 한다면 사랑한다는 이유로 지나온 모든 것들을 용서해야만 한다는 걸 알고 있지만 내게는 어려운 걸 허전한 마음 모르겠지 세월이 지나면 그때서야 알거야 얼마나 내가 소중했는지 그리고 나로 인해 행복했음을  그런 일도 있었다고 그래 그렇게 지나쳐야 하는데 왠지 니가 보고 싶어 이제는 어디서 찾아야만 하나 너를 사랑한다는 이유로 너를 내 곁에 두려 한다면 사랑한다는 이유로 지나온 모든 것들을 용서해야만 한다는 걸 알고 있지만 내게는 어려운 걸 허전한 마음 모르겠지 세월이 지나면 그때서야 알거야 얼마나 내가 소중했는지 그리고 나로 인해 행복했음을 그리고 나로 인해 행복했음을
1993.11.07~11.13,23,2981575,나의 노래,김광석,나의 노래,1992.03.20,Folk,한동헌,아무 것도 가진 것 없는 이에게  시와 노래는 애달픈 양식  아무도 뵈지 않는 암흑속에서  조그만 읊조림은 커다린 빛  나의 노래는 나의 힘  나의 노래는 나의 삶  자그맣고 메마른 씨앗속에서 내일의 결실을 바라보듯이  자그만 아이의 읊음 속에서  마음의 열매가 맺혔으면  나의 노래는 나의 힘  나의 노래는 나의 삶   거미줄처럼 얽힌 세상속에서  바람에 나부끼는 나무가지처럼  흔들리고 넘어져도  이세상속에는 마지막 한방울의 물이 있는 한  나는 마시고 노래하리 나는 마시고 노래하리  수많은 진리와 양심의 금문자  찬란한 그빛에는 멀지 않으리  이웃과 벗들의 웃음속에는  조그만 가락이 울려 나오면 나는 부르리 나의 노래를  나는 부르리 가난한 마음을  그러나 그대 모두 귀기울일 때  노래는 멀리 멀리 날아가리  노래는 멀리 멀리 날아가리
1993.11.07~11.13,24,91411,시련,손지창,시련,1993.09,Ballad,,날 그냥 내버려 둬 아무도 필요치 않아 나에겐 이미 너도 내 것이 아냐~ 아무 말 하지 마라 이제는 그 무슨 말로도 나를 위로할 수 없어 언젠간 알게 되겠지 널 위해 떠나는 걸 짐이 되긴 싫어 어제는 잊어 버려 더 이상 널 사랑하지 않아 뒤돌아 보진 마라 이대로 떠나가버려 힘들어도 참아야 해 나 혼자 슬퍼하면 돼 흐려진 너의 모습 뒤로  날 그냥 내버려 둬 아무도 필요치 않아 나에겐 이미 너도 내 것이 아냐~ 아무 말 하지 마라 이제는 그 무슨 말로도 나를 위로할 수 없어 언젠간 알게 되겠지 널 위해 떠나는 걸 짐이 되긴 싫어 어제는 잊어 버려 더 이상 널 사랑하지 않아 뒤돌아 보진 마라 이대로 떠나가버려 힘들어도 참아야 해 나 혼자 슬퍼하면 돼 흐려진 너의 모습 뒤로
1993.11.07~11.13,25,91104,언제나 그 자리에,신효범,신효범 3집,1992,Ballad,신효범,어두운 창밖 불빛 사이로 얼룩진 그대의 슬픔이 고개 숙인 채 앉아 흐느끼는 눈물로 지워질 수 있을까 뒤돌아 보면 차가운 바람 가슴을 스치고 간 긴 외로움 슬픔이라 생각하지 않으려해도 언제나 그 자리에 곁에 있어도 그대는 남인것처럼 멀리 있는 것만 같았지 그대가 나를 왜 떠나려고 했는지 이제 나는 알 것 같아 나의 작은 실수 하나 조차도 힘겨워하던 그대를 보며 우리 서로 말없이 헤어진 지금이 오히려 사랑일꺼야  곁에 있어도 그대는 남인것처럼 멀리 있는 것만 같았지 그대가 나를 왜 떠나려고 했는지 이제 나는 알 것 같아 나의 작은 실수 하나 조차도 힘겨워하던 그대를 보며 우리 서로 말없이 헤어진 지금이 오히려 사랑일꺼야 나의 작은 실수 하나 조차도 힘겨워하던 그대를 보며 우리 서로 말없이 헤어진 지금이 오히려 사랑일꺼야
1993.11.07~11.13,26,1023586,흔적,최유나,카페여행 2,1996.11.08,Adult Contemporary,김순곤,이제는 가도 되는 건가요 어두워진 거리로 오늘만은 왠지 당신 앞에서 울고 싶지 않아요 어차피 내가 만든 과거 속에서 살아가야 하지만 절반의 책임마저 당신은 모르겠지요 지나간 날을 추억이라며 당신이 미소 지을 때 기억해요 슬픈 여자 마음에 상처뿐인 흔적  어차피 내가 만든 과거 속에서 살아가야 하지만 절반의 책임마저 당신은 모르겠지요 지나간 날을 추억이라며 당신이 미소 지을 때 기억해요 슬픈 여자 마음에 상처뿐인 흔적 기억해요 슬픈 여자 마음에 상처뿐인 흔적을
1993.11.07~11.13,27,3396155,너의 사고방식,모자이크,너의 사고방식,1993.01.01,Ballad,,오 얼마나  많은 책을 읽었는지 몰라도  모든 일이 뜻대로 되는 것은 아니야  오래전부터 생각했다 말을 하지만  넌 분명히  내 친구들의 얘길 듣고 이러는 거지  비교하지마 나를 다른 사람과  내 방식대로 조금씩  고쳐가면 되니까  강요하지마 나를  내 방식대로 그냥 그렇게  곁에서 지켜보면 되잖아  오늘밤 다시 내게로 와  오 맘의 문 열고 얘기해봐  어떤말이 더 필요해  오 나의 마음은 이미   너를 사랑하고 있었다는   마음에도 없는 말을 하지마  무슨 얘길 하는거야  오 너의 마음은 이랬다 저랬다  아직도 망설이고 있잖아  얼마나 많은 경험을 했는지 몰라도  너는 지난 시간들 속에 갇혀 있을뿐  모두들 저마다의 다른 생각이 있듯  넌 너대로의 난 나대로의  약각의 차이는 있는거야  비교하지마 나를 다른 사람과  내방식대로  조금씩 고쳐가면 되니까  강요하지마 나를 내 방식대로  그냥 그렇게  곁에서 지켜보면 되잖아  오늘밤 다시 내게로 와  맘의 문 열고 얘기해봐  어떤말이 더 필요해  오 나의 마음은  이미 너를 사랑하고 있었다는  마음에도 없는 말을 하지마  무슨 얘길 하는거야  오 너의 마음은 이랬다 저랬다  아직도 망설이고 있잖아  랄랄라라라라라라  넌 그저 사고방식의  차이라고 말을 하겠지만 너의 마음은 이미 멀어진것같아 랄랄라라라라라라 만약에 이별한다면  너는 추억이라 하겠지만  그건 너무 싫잖아 랄랄라라라라라라 랄랄라라라라라라 랄랄라라라라라 랄랄라라라라라라 랄랄라라라라라라 랄랄라라라라라 랄랄라라라라라라
1993.11.07~11.13,28,55546,너에게,서태지와아이들,2집 - 하여가,1993.06.06,Ballad,서태지,"니가 아무리 지금 날 좋아한다고 해도 그건 지금뿐일지도 몰라 왜냐하면 어 그건 말야   너의 말들을 웃어 넘기는 나의 마음을 너는 모르겠지 너의 모든 걸 좋아하지만 지금 나에겐 두려움이 앞서   너무 많은 생각들이 너를 가로 막고는 있지만 날 보고 웃어주는 네가 ""그냥 고마울 뿐이야"" 너는 아직 순수한 마음이 너무 예쁘게 남았어 하지만 나는 왜 그런지 모두가 어려운걸   세상은 분명히 변하겠지  우리의 생각들도 달라지겠지 (생각해 봐)생각해 봐 어려운 일 뿐이지 나에게 보내는 따뜻한 시선을  때로는 외면하고 얼굴을 돌리는 걸 (넌 느끼니)넌 느끼니 너를 싫어해서가 아니야   너를 만난 후 언젠가부터 나의 마음 속엔 근심이 생겼지 네가 좋아진 그 다음부터 널 생각하면 깊은 한숨 뿐만   사랑스런 너의 눈을 보면 내 맘은 편안해지고 네손을 잡고 있을때면 ""난 이런 꿈을 꾸기도 했어"" 나의 뺨에 네가 키스할땐 온 세상 내것 같아 이대로 너를 안고 싶어 하지만 세상에는   아직도 너무 많은 일이 네 앞에 버티고 있잖아 (생각해 봐)생각해 봐 어려운 일 뿐이지 네가 접하게 되는 새로운 생활들과  모두가 너에게 시선을 돌리게 되는 걸 (알 수 있니)알 수 있니 너는 이런 내 마음 아는지   조그마한 너의 마음 다치게 하긴 싫어 이러는 것 뿐이지 어른들은 항상 내게 말하지 넌 아직도  모르고 있는 일이 더 많다고   (네 순수한 마음 변치 않길 바래)"
1993.11.07~11.13,29,1053874,Say Yes(Part I),라종민,Say Yes,-,Ballad,,
1993.11.07~11.13,30,55847,잊어야 할 때,양수경,6집 잊어야 할 때,1993,Ballad,이찬우,문득 너를 바라 볼때면 예전 같지 않은 낯설움을 느낄 수 있지 나 이제는 너와 함께한 시간속에 의미들을 접어야 할때 사랑하는 사람에게 이별은 있을 수 있지만 잊어야 할 때를 아는 것처럼 힘든 일은 없겠지 그게 두려웠어  가끔씩은 모든 걸 잊지 너의 차가워진 미소까지 잊을 수 있어 어느 순간 너의 눈빛에 내게 남겨질지 모를 슬픔이 보여 사랑하는 사람에게 이별은 있을 수 있지만 잊어야 할때를 아는 것처럼 힘든 일은 없겠지 그게 두려웠어  사랑하는 사람에게 이별은 있을 수 있지만 잊어야 할 때를 아는 것처럼 힘든 일은 없겠지 그게 두려웠어 내가 아는 다른사람들 이런 모습으로 사랑하고 헤어진걸까 이유없이 흐른 눈물이 마르진 않을땐 너를 잊어야 하지
1993.11.07~11.13,31,111572,그대안의 블루,"김현철,이소라",그대안의 블루 OST,1992,Korean Movie,이현승,난 난 눈을 감아요 빛과 그대 모습 사라져 이제 어둠이 밀려오네 저 파란 어둠 속에서 그대 왜 잠들어 가나 세상은 아직 그대 곁에 있는데 사랑은 아니지만 우리의 만남 어둠은 사라지네 워 시간은 빛으로 물들어 또 다시 흐르네 내 눈빛속 그대 난 난 꿈을 꾸어요 그대 와의 시간은 멈춰지고  이제 어둠이 밀려오네 빛 바랜 사랑 속에서 그대 왜 잠들려 하나 시간은 오 아직 그대  곁에 있는데 사랑은 아니지만 우리의 만남 어둠은 사라지네 워 시간은 빛으로 물들어 또 다시 흐르네 그대 눈빛 속에 나 내 눈빛 속 그대
1993.11.07~11.13,32,54790,하비야 (할아버지야),이무송,인연(因緣),1992,Ballad,,내가 아주 어려 세상 모르고 살 때 아주 큰 사람이 곁에 있었지 그가 하는 일은 모두 쉬워 보였고 작은 나의 몸을 부벼 안았지 내가 아파 누워있을 때 그는 와서 말했지 너의 아픔 내게 주어라 음 워워워워 세상에서 제일 소중한 그의 사랑 간 곳 없지만 언제나 나에게 심어준 그 사랑을 느낄테야  내가 놀다 울며 걷다 다치고 나면 그는 내게 먼저 달려왔었지 두 손 내어밀어 나를 번쩍 들었지 환한 미소속에 나를 달랬지 내가 지쳐 잠들었을 때 그는 작게 말했지 건강하게 어서 자라라 음 워워워워 세상에서 제일 소중한 그의 사랑 간 곳 없지만 언제나 나에게 심어준 그 사랑을 느낄테야  할아버지 계신 곳으로 달려가고 싶어 하비야 워워워워 보고파 라라라라 라라라 라라 워워워워 하비야 라라라라 라라라라 워워워워 보고파 라라라라 라라라 라라 워워워워 하비야 라라라라 라라라라 워워워워 보고파 라라라라 라라라 라라 워워워워 하비야
1993.11.07~11.13,33,55486,아픈 기억속에서,이덕진,Live The Stage,1993.09.01,Rock,배종수,가녀린 부유함도 없는 내노래가 위로가 되지는 않을까 멍울진 너의 여린 마음에 우 내게도 허락이 된 작고 좁은 하늘 그 곳에 내 슬픔 묻어 따스한 여운이 되줄께 우 아픈 기억속에 난 너를 만났고 그때 나보다 더 힘겹던 네 모습 우 마음으로 수십번 세상 버려도 널 보며 나는 다시 일어섰는데 소담스런 오후의 아이들처럼 너도 이젠 웃을 수 없나  내게도 허락이 된 작고 좁은 하늘 그 곳에 내 슬픔 묻어 따스한 여운이 되줄께 우 아픈 기억속에 난 너를 만났고 그때 나보다 더 힘겹던 네 모습 우 마음으로 수십번 세상 버려도 널 보며 나는 다시 일어섰는데 소담스런 오후의 아이들처럼 너도 이젠 웃을 수 없나
1993.11.07~11.13,34,55629,처음 느낌 그대로,S.O.S,처음 느낌 그대로,1993,Dance,,너만을 그리워하는만큼 넌 내게 다가오진 않았어 차가운 듯한 미소를 띠고 있던 네 모습에 무뚝뚝한 너의 그 말투와 관심없는 듯한 그 표정이 닫혀있던 내 마음 나도 모르게 이끌렸지 다음에 전화한단 그 말에 얼마나 설레였는지 몰라 그런 내 마음을 너는 알았는지 시간이 지난 다음에 난 말을 할꺼야 널 처음만난 순간 그 느낌들을 널 위해 보낸 날들과 변해가는 나의 얘기까지 너만을 좋아한다고 날 사랑한다고 그런 얘기할 수 있는 날을 기다려 날 바라보는 네 눈에 처음 느낌 그대로 담아  너에게 많은걸 원한만큼 나에게 채워지진 않았어 표정없이 먼곳만 바라 보았던 네 모습에 지나간 날의 다른 만남이 있기도 했었단 그 얘기가 알수 없는 너의 맘 나도 모르게 만든거야 다음에 전화한단 그 말에 얼마나 설레였는지 몰라 그런 내 마음을 너는 알았는지 시간이 지난 다음에 난 말을 할꺼야 널 처음만난 순간 그 느낌들을 널 위해 보낸 날들과 변해가는 나의 얘기까지 너만을 좋아한다고 날 사랑한다고 그런 얘기할 수 있는 날을 기다려 날 바라보는 네 눈에 처음 느낌 그대로 담아 시간이 지난 다음에 난 말을 할꺼야 널 처음만난 순간 그 느낌들을 널 위해 보낸 날들과 변해가는 나의 얘기까지 너만을 좋아한다고 날 사랑한다고 그런 얘기할 수 있는 날을 기다려 날 바라보는 네 눈에 처음 느낌 그대로 담아
1993.11.07~11.13,35,3052620,너에게로 가는 길,장동건,우리들의 천국 OST,1994.03.01,Drama,,사랑해 너의 전부를   그 환한 웃음부터  소중한 것이 떠날수록 깊어져   가는 눈까지   잊지마 세상 모두가 네꿈을   비웃어도   언젠가 웃는 것은 너라는 걸   가끔씩 내가 흔들리면   너의 길을 나에게 보여줘   가까이 서로 지켜볼 수 있게   너는 아직 모를거야   너하나로 빛나는 하루를   많은 길이 세상엔 있다지만   나는 택한거야 너에게로   가는 길을   잊지마 세상 모두가 네꿈을  비웃어도   언젠가 웃는 것은 너라는 걸   가끔씩 내가 흔들리면   너의 길을 나에게 보여줘   가까이 서로 지켜볼 수 있게   너는 아직 모를거야   너하나로 빛나는 하루를   많은 길이 세상엔 있다지만   나는 택한거야 너에게로  가는 길을  너는 아직 모를거야  너하나로 빛나는 하루를  많은 길이 세상엔 있다지만  나는 택한거야 너에게로  가는 길을
1993.11.07~11.13,36,106047,걸어서 하늘까지,장현철,걸어서 하늘까지 OST,1993.01.18,"Drama,Rock",,눈 내리는 밤은 언제나 참기 힘든 지난 추억이  가슴 깊은 곳에 숨겨둔 너를 생각하게 하는데  어둔 미로 속을 헤매던 과거에는  내가 살아가는 그 이유 몰랐지만  하루를 살 수 있었던 건 네가 있다는 그 것  너에게 모두 주고 싶어 너를 위하여  마지막 그 하나까지  말이 없이 살아가라고 아주 쉽게 충고하지만  세상사는 어떤 사람도 강요하지 못해 나에게  어둔 미로 속을 헤매던 과거에는  내가 살아가는 그 이유 몰랐지만  하루를 살 수 있었던 건 네가 있다는 그 것  너에게 모두 주고 싶어 너를 위하여  걸어서 저 하늘까지
1993.11.07~11.13,37,54974,햄,김승기,Chanel No.25,1992.09.01,Ballad,김승기,네가 떠나는 날 난 생각했지 비 바람이 몰아쳐 비행기가 못 뜨기를 그건 슬픈 기대였어 미래의 꿈을 따라 넌 떠나 버렸으니 지금 내게 남은 건 불 확실한 미래와 널 향한 그리움 뿐 내안에 있는 그대 내 곁엔 없어 늘 내게 꿈과 사랑함을 준 그대 하늘 위 저 바다로 구름배 타고 내 시린 빈 손 따뜻하게 잡던 그대 우리 만남에서 헤어짐은 그리 멀지 않더니 헤어진 후 만남까진 왜 이다지 먼건지 하늘은 알고 있겠지 이 땅 위의 슬픔을 또 지금의 우리에게 다가오는 내일을 언젠가 내 품에 안길 그 날을 난 매일 꿈꾸며 잠시라도 그댈 잊고 지내지 않아요 그대를 부름과 기다림 내 생활의 일부가 되어 보이지 않는 사랑의 끈을 난 오늘도 그대에게로  너는 내게 늘 기다려진 사람으로 남는데 나는 네게 잊혀진 얼굴이 되어있는건 아닐까 우리 만남에서 헤어짐은 그리 멀지 않더니 헤어진 후 만남까진 왜 이다지 먼건지 하늘은 알고 있겠지 이 땅 위의 슬픔을 또 지금의 우리에게 다가오는 내일을 언젠가 내 품에 안길 그 날을 난 매일 꿈 꾸며 잠시라도 그댈 잊고 지내지 않아요 그대를 부름과 기다림 내 생활의 일부가 되어 보이지 않는 사랑의 끈을 난 오늘도 그대에게로  너를 그리는 나의 마음도 붉은 노을이 되어 묻혀가고 너를 찾는 나의 외로움이 하늘을 가득 채우고 또 채우고 있네
1993.11.07~11.13,38,896183,장미의 눈물,최성수,누드가 있는 방,1993.04,Ballad,최성수,아 사랑이 무어냐 눈물이잖아 하늘보고 소리쳐도 대답이 없구나 술과 장미에 젖어도 마음 더욱 외로워 가슴치는 추억들이 촛불처럼 타오르네 내가 남아서 기다리면은 다시 웃을 수가 있을까 당신울면은 나도 울었네 아픔없이 살 순 없겠지 아 세월이 가도 사랑도 가버리고 아픈 것은 아픈대로 그렇게 살아가겠지  아 사랑이 무어냐 눈물이잖아 나를 잊고 살아야지 장미의 눈물이 되어 내가 남아서 기다리면은 다시 웃을 수가 있을까 당신울면은 나도 울었네 아픔없이 살 순 없겠지 아 세월이 가네 사랑도 가버리고 아픈 것은 아픈대로 그렇게 살아가겠지
1993.11.07~11.13,39,3622706,아라비안 나이트,김준선,`90 KBS 대학가요축제,1995.11.15,Ballad,김준선,이토록 뛰는 가슴 그때는 몰랐었네 내 마음에 꿈을 심은 환상의 아라비안 나이트 어제는 잊어버려 오늘을 사랑하네 내 마음에 꿈을 심은 환상의 아라비안 나이트 어느덧 세월은 흘러 한동안 꿈을 잃어 버렸네 그러나 이제는 돌아와 행복한 옛날로 또 또 히야오와 히야오와 히야오와 예 히야오와 히야오와 히야오와 예 그건 언제나 나의 꿈 그건 언제나 나의 꿈 불타는 태양 밑에 울부짖는 사하라 내 마음에 꿈을 펼친 그것은 아라비안 나이트 아라비아 음악에 젖어서 이리 저리 춤도 추어보고 나는 또 바이킹이 되어서 푸른 바다에 나가 히야오와 히야오와 히야오와 예 히야오와 히야오와 히야오와 예 그건 언제나 나의 꿈 그건 언제나 나의 꿈 불타는 태양 밑에 울부짖는 사하라 내 마음에 꿈을 펼친 그것은 아라비안 나이트 내 마음에 꿈을 펼친 그것은 아라비안 나이트
1993.11.07~11.13,40,91395,그대 내게 다시,변진섭,변진섭 5,1992,Ballad,노영심,그대 내게 다시 돌아오려 하나요 내가 그댈 사랑하는지 알 수 없어 헤매이나요 맨 처음 그 때와 같을 순 없겠지만 겨울이 녹아 봄이 되듯이 내게 그냥 오면 되요 헤어졌던 순간은 긴 밤이라 생각해 그대 향한 내 마음 이렇게도 서성이는데 왜 망설이고 있나요 뒤돌아보지 말아요 우리 헤어졌던 날보다 만날 날이 더욱 서로 많은데  헤어졌던 순간은 긴 밤이라 생각해 그대 향한 내 마음 이렇게도 서성이는데 왜 망설이고 있나요 뒤돌아보지 말아요 우리 헤어졌던 날보다 만날 날이 더욱 서로 많은데 그대 내게 다시 돌아오려 하나요 지금 이대로의 모습으로 내게 그냥 오면 돼요
1993.11.07~11.13,41,55387,그녀의 아침,코나,그녀의 아침,1993.06.01,Dance,배영준,하얀 잠옷자락 가득 눈부신 햇살은  착한 그대 잠을 깨우지  두눈 가득 고인 낡은 졸음을 곱게 씻어 내지만  창너머 먼눈길 향기로운 바람에 보내는 미소는  아직도 꿈을 꾸는걸  새롭게 시작할수 있어 모든걸  그렇게 늦어버린건 아니지  마지막 남은 그대 여린 가슴을  이젠 가만히 흔들어 깨워봐  혼자 버려두긴 너무너무 아름다운  햇살에 손을 건네줘  이젠 아무느낌 받을수 없는  입술 가득 고인 치약향기는  이미 식어버린 커피잔처럼 너무 서늘하지만 창너머 먼눈길 향기로운 바람에 보내는 미소는  아직도 꿈을 꾸는걸  새롭게 시작할수 있어 모든걸  그렇게 늦어버린건 아니지  마지막 남은 그대 여린 가슴을  이젠 가만히 흔들어 깨워봐  혼자 버려두긴 너무너무 아름다운  햇살에 손을 건네줘
1993.11.07~11.13,43,2119075,연인 (Original Ver.),정석원,연인 OST,1993.01.01,Drama,최연지,눈을 감으면 더 잘보이는 너
1993.11.07~11.13,44,1104895,알 수 없는 질문들,봄여름가을겨울,I Photograph To Remember,1993.06.01,Rock,김종진,친구에게 전화 했지  늦은 밤이지만  마음 속 깊은 고민들  털어 놓고 싶어   알수가 없는 많은 고민들 속에  하루가 챗바퀴 돌듯 지나가네   서투른 웃음을 짓지마(짓지마)  눈물은 흘릴 수 없잖아(It's Lie)   찾지만 이룰 수 없는건  세상에 가득한 거짓말   그에게 편지가 왔지  힘든 하루지나  진실은 어느 곳에나  굴러다니더라   알수가 없는 많은 고민들 속에  하루가 챗바퀴 돌듯 지나가네   서투른 웃음을 짓지만(짓지만)  눈물은 흘릴 수 없쟎아(It's Lie)   찾지만 이룰 수 없는건  세상에 가득한 거짓말   세상을 아는 것 보다도  갈 수록 이해할 수 없어(It's True)
1993.11.07~11.13,45,56115,모두 출근후에,Heavy`s,헤비스-노가바,1993,Ballad,,
1993.11.07~11.13,46,193014,먼 훗날,박정운,추억만들기 4,1999.03.01,Ballad,박정운,잊으려 잊으려 해도  잊을 수 없는 그 얼굴 지우려 지우려 해도  지울 수 없는 그 이름  이별을 아쉬워하며  나의 품에 안겨 고개 숙인 너 가슴 속 깊이 간직한  네게 하고 싶었던  그 한마디 남겨둔 채  돌아서는 슬픈 내 모습 뒤로 울먹이는 너를 느끼며 먼 훗날에 너를 다시 만나면 사랑했다 말을 할거야   때로는 외로움 속에 때로는 아쉬움 속에 세월이 흐른 어느 날 난 홀로 울고 말았지  이별을 아쉬워하며 나의 품에 안겨 흐느끼는 너 마음속 깊이 간직한  네게 하고 싶었던  그 한마디 말 못하고  돌아서는 슬픈 내 모습 뒤로 울먹이는 너를 느끼며 먼 훗날에 너를 다시 만나면 사랑했다 말을 할거야   돌아서는 슬픈 내 모습 뒤로 울먹이는 너를 느끼며 너는 나의 마음 알고 있을까 너를 진정 사랑했다고  먼 훗날에 너를 다시 만나면 사랑했다 말을 할거야 -
1993.11.07~11.13,47,532100,프란다스의 개,이승환,The Show (이승환 Live),2004.06.25,Ballad,KISHIDAERICO,먼동이 터오는 아침에 길게 뻗은 가로수를 누비며 잊을 수 없는 우리의 이 길을 파트라슈와  함께 걸었네 하늘과 맞닿는 이 길을   라랄라 라랄라 라라라라라라라라라 라랄라 라랄라 라라라라라라    먼동이 터오는 아침에 길게 뻗은 가로수를 누비며 잊을 수 없는 우리의 이 길을 파트라슈와  함께 걸었네 하늘과 맞닿는 이 길을   라랄라 라랄라 라라라라라라라라라 라랄라 라랄라 라라라라라라 라랄라 라랄라 라라라라라라라라라 라랄라 라랄라 라라라라라라    파트라슈 내가 아주 어렸을 적 아름다운 동화있어  나를 눈물짓게 만들었던 그개 파트라슈 추억 속의 너이지만 언제나 내 맘속에선  따스한 꿈을 꾸었지 나의 파트라슈 디리럼 디럼 디러럼 디리럼 디러럼 디럼 디리럼 디럼 디러럼 나의 파트라슈 하루하루 늘어가는 이기적인 만남들에  한 번쯤은 생각하지 그 개 파트라슈 밑도 끝도 없는 말들 우리들을 지치게해 확신없는 진실들은 이제 파트라슈    디리럼 디럼 디러럼 디리럼 디러럼 디럼 디리럼 디럼 디러럼 나의 파트라슈 디리럼 디럼 디러럼 디리럼 디러럼 디럼 디리럼 디럼 디러럼 그 개 파트라슈 디리럼 디럼 디러럼 디리럼 디러럼 디럼 한 번쯤은 생각하지 나의 파트라슈
1993.11.07~11.13,48,55252,예감햇던 이별,탁이준이,탁2준2,1993.05,Dance,,귓가를 스치는 저 노래말 조차 내 얘긴듯 한데 워 이렇게 찾아든 너의 생각을 지울순 없었지 워 더이상 이렇게 아파할순 없어 그대여 내게로 돌아와줘 뚜뚜뚜뚜 뚜듬 뚜뚜뚜뚜 뚜듬 뚜뚜뚜뚜 뚜듬 듬듬뚜뚜 예 뚜뚜뚜뚜 뚜듬 뚜뚜뚜뚜 뚜듬 뚜뚜뚜뚜 뚜듬 듬듬뚜뚜 내맘속에 그런 미소만이 남아 있는건 그때는 알수 없는 너에 대한 소중함인가 아직 이런 나의 마음들이 남아 있기에 가끔씩 파고드는 너에 대한 이런저런 나의 모든 얘기 워 이렇게 찾아드는 너의 지난날의 모습들이 나만의 나만의 아픔으로 내맘속에 다가오고 나 너만을 항상 잊을수는 없었기에 모두 다 모두 다 찾고 싶어 잃어버린 시간 하 잊으려 애써봐도 내맘에 남아있는 그대를 멀어질 널 이렇게 떠올리면 어느새 내눈가엔 눈물이 너와 나의 예감했던 이별 되돌릴순 없게 됐지만 지난날 너의 모습으로 돌아올순 없겠니 무엇도 내속에 너를 안고 있는 마음까지 바꿀수 없을거야 더이상은 변치 않아 넌 수많은 만남속에 헤메이고 있겠지만 너와 나의 기억 지울수는 없을거야 아무런 아무런 관심없는 표정 짓지마 네곁에 서성대는 날 향한 그 미련들 이제는 이제는 난 네마음이 더 중요해 내게 돌아와 그대여 이젠 애써 나를 잊으려 하지마 난 그대를 떠나갈순 없어 그대여 이젠 애써 나를 떠나려 하지마 난 그대를 혼자 둘수는 없어  뚜뚜뚜뚜 뚜듬 뚜뚜뚜뚜 뚜듬 뚜뚜뚜뚜 뚜듬 듬듬뚜뚜 예 뚜뚜뚜뚜 뚜듬 뚜뚜뚜뚜 뚜듬 뚜뚜뚜뚜 뚜듬 듬듬뚜뚜 너와 나의 예감했던 이별 되돌릴순 없게 됐지만 지난날 너의 모습으로 돌아올순 없겠니 그대여 이젠 애써 나를 잊으려 하지마 난 그대를 떠나갈수는 없어 그대여 이젠 애써 나를 떠나려 하지마 난 그대를 혼자 둘수는 없어
1993.11.07~11.13,49,1517671,천년학 (대금 타이틀),VariousArtists,서편제 OST,1993.04.01,Korean Movie,,
1993.11.07~11.13,50,108031,사랑하지 않을 거야,나현희,사랑을 위하여 OST,1993.03,Drama,,어딘가에 있는줄 알면서도  만날수 없는 현실이 싫어  왜 자꾸 눈물이 나는걸까  이제는 소용이 없는데  이렇게 끝날줄을 알았다면  시작도 하지 않았을텐데  이미 늦어버린 지금에  후회는 의미없는걸  앞으로 보내야할 시간이 두려워  견딜수 없이 길게만 느껴져  어떤 아픔이와도 참아야지  고통은 지나가는 순간일뿐  한번쯤 만나고 싶다는   생각들겠지  깊이 사랑하니까  하지만 혼자남는 법을 알때까지  다시 사랑하지 않을꺼야  앞으로 보내야할 시간이 두려워  견딜수 없이 길게만 느껴져  어떤 아픔이와도 참아야지  고통은 지나가는 순간일뿐  한번쯤 만나고 싶다는   생각들겠지  깊이 사랑하니까  하지만 혼자남는 법을 알때까지  다시 사랑하지 않을꺼야  한번쯤 만나고 싶다는  생각들겠지 깊이 사랑하니까 하지만 혼자남는 법을 알때까지 다시 사랑하지 않을꺼야
