time,rank,song_id,title,singers,album,date,genre,creator,lyric
1997.08.17~08.23,1,78853,해변의 여인,쿨(COOL),Summer Story,1997.07.01,Dance,이승호,와우 여름이다   summertime i wanna let me   sea the summertime   이게뭐야 이여름에   방안에만 쳐박혀있어   안되겠어 우리 그냥   이쯤에서 헤어져버려   내품에서 흘린 눈물   너 만큼 나 힘이 들었어   잃어버린 너의 미소 찾을수   없을까  안녕하고 돌아서는 그건   아니잖아   사랑을 위한 여행을 하자   바닷가로 빨리 떠나자   야 야 야 야 바다로   그동안의 아픔들   그속에 모두 버리게   이게 아니야 우린 사랑했잖아   이젠 다신 눈물없는   사랑으로 만들어봐 우   와뚜와리와리  사랑하는 연인들이 바닷가를 걷고  난 쓸쓸히 바닷가를  혼자 걸어 갈때  앗 나처럼 혼자걷는  여잘보게 됐고  난 그뒤를 하염없이  쫓아가게 됐어 어디갔어 이밤중에  도대체가 이해가 안돼   여기까지 여행와서  나만 혼자 내버려두니 해변에서 만난여인  많은 얘길 들려주었지  잃어버린 사랑으로  여기에 왔다고  돌아가면 나 역시도  혼자 될꺼라고  새벽이 오는 바다에  앉아 얘길 했지  해변의 여인 야야야야 그녀와  떠오르는 태양을 우리는  함께 본거야  기다리지마 이제서야 만났어  이제다시 이별없는 사랑으로  만들거야 우  와뚜와리와리  해변의 여인 너와 함께 다시  돌아가는 길에 보았지 예전의 그녀 멋진 자동차에 어떤 남자와 함께 있는걸
1997.08.17~08.23,2,9390,Doc와 춤을,DJDOC,Season‘s Greeting,2000.12.12,Dance,김창렬,젓가락질 잘해야만 밥을 먹나요 잘못해도 서툴러도 밥 잘 먹어요 그러나 주위사람 내가 밥먹을 때 한마디씩하죠 너 밥상에 불만있냐 옆집아저씨와 밥을 먹었지 그아저씬 내젓가락질 보고 뭐라 그래 하지만 난 이게 좋아 편해 밥만 잘먹지 나는 나에요 상관말아요 요 요 청바지 입고서 회사에 가도 깔끔하기만 하면 괜찮을텐데 여름교복이 반바지 라면 깔끔하고 시원해 괜찮을 텐데 사람들눈 의식하지말아요 즐기면서 살아갈수있어요 내 개성에사는 이세상 이에요 자신을 만들어 봐요 춤을 추고싶을때는 춤을 춰요  할아버지 할머니도 춤을춰요  그깟나이 무슨상관 이에요 다같이 춤을 춰봐요 이렇게  뒷통수가 이뻐야만 빡빡 미나요 뒷통수가 안이뻐도 빡빡 밀어요 그러나 주위사람 내머리를 보면 한마디씩하죠 너 사회에 불만있냐 옆집아저씨 반짝대머리 옆머리로 소갈머리  감추려고 애써요 억지로 빗어넘긴 머리 약한 모습 이에요 감추지마요 빡빡밀어요 요 요 청바지 입고서 회사에 가도 깔끔하기만 하면 괜찮을텐데 여름교복이 반바지 라면 깔끔하고 시원해 괜찮을 텐데 사람들눈 의식하지말아요 즐기면서 살아갈수있어요 내 개성에사는 이세상 이에요 자신을 만들어 봐요 노래 하고싶을때는 노래해요 할아버지 할머니도 노래해요 그깟나이 무슨상관 이에요 다같이 노래해 봐요 이렇게
1997.08.17~08.23,3,38662,나를 슬프게 하는 사람들,김경호,Kim:Kyungho 1997,1997,Rock,강은경,아무때고 네게 전활해 나야 하며 말을 꺼내도 누군지 한번에 알아낼 너의 단 한 사람 쇼윈도에 걸린 셔츠를 보면 제일 먼저 니가 떠올릴 사람 너의 지갑속에 항상 간직될 사람 네게 그런 사람이 나일 순 없는지 니 곁에 있는 내 친구가 아니라 언젠가 그가 너를 맘 아프게 해 너 혼자 울고있는 걸 봤어 달려가 그에게 나 이 말 해줬으면 그대가 울리는 그 한 여자가 내겐 삶의 전부라고 혼자서는 힘든 슬픔이 오면 제일 먼저 니가 찾아 줄 사람 너의 생일마다 꽃을 안겨 줄 사람 네게 그런 사람이 나일 순 없는지 니 곁에 있는 내 친구가 아니라 언젠가 그가 너를 맘 아프게 해 너 혼자 울고있는 걸 봤어 달려가 그에게  나 이 말 해줬으면 나의 일생을 모두 주어도 난 얻지 못하는 그녈 가진 그대라고 그녈 곁에 둔 이유만으로 다른 이 세상 누구보다 그댄 행복한거라고 언젠가 그가 너를 맘 아프게 해 너 혼자 울고있는 걸 봤어 달려가 그에게 나 이 말 해줬으면 그대
1997.08.17~08.23,4,526820,그때 또 다시 (Again),임창정,Again (그때 또 다시),1997,Ballad,박주연,니가 없는데도 해는  뜨고 또 지고 창 너머 세상은 하나  변한게 없어 삼켰었던 내 슬픔이  갑자기 터져 왔어 내가 살고 싶던 삶이란  이게 아닌걸 아마도 운명이 나를  잘 몰랐기에 우리의 인연을 엇갈리게 했나봐 이 세상에서 나에게  허락되지 않은 건 함께 있고 싶은 사람과  함께 있는 것 하지만 난 사랑했잖아  살아 있었던 거야 네 곁에서 함께 했던 날 동안 그걸로 됐어 나를 완전히  태울 수 있었던 축복을 내게 줬으니 참아 볼게 잊어도 볼게  널 위해서 라면 허나 그래도 안되면  기다릴게 그때 또 다시 온 몸에 품어도 바람은  흘러가고 밤 새워 지켜도 꽃은  시들겠지만 하늘 아래 니가 있어  오늘도 난 눈부셔 널 향한 마음엔 시작만  있는 이유로 하지만 난 사랑했잖아  살아 있었던거야 네 곁에서 함께 했던 날 동안 그걸로 됐어 나를 완전히  태울 수 있었던  축복을 내게 줬으니 참아 볼게 잊어도 볼게  널 위해서 라면 허나 그래도 안되면 기다릴게  그때 또 다시 나를 떠나도 그걸로 됐어 나를 완전히 태울 수 있었던  축복을 내게 줬으니 참아 볼게 잊어도 볼게  널 위해서 라면 허나 그래도 안되면 기다릴게  그때 또 다시
1997.08.17~08.23,5,72698,가위,유승준,West Side (Intro Ver.),1997.03,Dance,"이승호,유승준",Check it out now  Come on now  Let me bust it out Oh  no too slow flow  Yo kick it Little Faster  Come on just Little bit  more faster  Come on come on  I said faster  uh cause I like it like  that and um uh come on  yo faster  yo go faster faster faster 넌 내게 말했지 세상을  떠나버린 후  꿈에서라도 다시는 만나서는  안된다고  하지만 매일밤 꿈속에  너를 만났어  아무말 없이 날 보며 울고만  서있는 너를  그토록 원했었지  너의 모든 흔적이 없어지길  우리의 모든 기억 하얀 너도  강물위에 띄워 보냈지만  내손을 잡아봐 어디든  함께 갈테니  너 없이 혼자선 그어떤  의미조차 될 순 없어  뭐라고 말좀해 왜 자꾸  울고만 있어  한번만 안아줘 이 꿈속에서  깰수 없도록  넌 하얀 병실에서 조차  남겨질 내 걱정만 하곤했어  우리 못다한 사랑은 잠시  접어두자고  오히려 나를 위로했어  이제 아무런 약속도  가난한 선물조차 할 수 없는 나  유일하게 너와 함께 할 수 있는  이 꿈에서 다시는 깨고싶진 않아  그토록 원했었지  너의 모든 흔적이 없어지길  우리의 모든 기억 하얀 너도  강물위에 띄워 보냈지만  내손을 잡아봐 어디든 함께 갈테니  너 없이 혼자선 그어떤  의미조차 될 순 없어  뭐라고 말좀해 왜 자꾸  울고만 있어  한번만 안아줘 이 꿈속에서  영원히  내손을 잡아봐 어디든 함께  갈테니  너없이 혼자선 그 어떤  의미조차 될 순 없어  뭐라고 말좀해 왜 자꾸  울고만 있어  한번만 안아줘 이 꿈속에서  깰 수 없도록
1997.08.17~08.23,6,91264,행복,H.O.T.,Wolf and Sheep,1997.07.05,Dance,장용진,한번도 난 너를 잊어본적 없어 오직그대만을 생각했는걸 그런 너는 뭐야 날 잊었던 거야 지금 내 눈에선 눈물이 흘러 배신감 느껴 널 찾아갈까 생각했어 난 난 잘 모르겠어 이 세상이 돌고있는 지금 내 눈에는 너밖에 할말이 없어 갈 수도 없어 눈물도 없어 느낌도 없어 네 앞에 서 있는 날 바라봐 이렇게 널 위해 살아있는 날 약속된 시간이 왔어요  그대 앞에 있어요 두려움에 울고 있지만 눈물을 닦아주었어요 그때 내 손잡았죠 일어날거야 함께 해준 그대에게 행복을 눈감고 그댈 그려요  맘속 그댈 찾았죠 나를 밝혀주는 빛이 보여 영원한 행복을 놓칠 순 없죠 그대 나 보이나요 나를 불러줘요 그대곁에 있을꺼야 너를 사랑해 함께해요 그대와 영원히 한번도 난 너를 너를 잊어 본적 없어 없어 오직 그대만을 생각했는걸 몰라 몰라 그런 너는 뭐야 뭐야 날 잊었던 거야 거야 지금 내 눈에선 눈물이 흘러 배신감 느껴 약속된 시간이 왔어요  그대 앞에 있어요 두려움에 울고 있지만 눈물을 닦아주었어요 그때 내 손잡았죠 일어날거야 함께 해준 그대에게 행복을 눈감고 그댈 그려요 맘속 그댈 찾았죠 나를 밝혀주는 빛이 보여 영원한 행복을 놓칠 순 없죠 그대 나 보이나요 나를 불러줘요 그대곁에 있을꺼야 너를 사랑해 함께해요 그대와 영원히 눈감고 그댈 그려요 맘속 그댈 찾았죠 나를 밝혀주는 빛이 보여 영원한 행복을 놓칠 순 없죠 그대 나 보이나요 나를 불러줘요 언제라도 그대 마음을 열어 보아요 앞엔 내가 있어요 나를 불러줘요 그대 곁에 있을꺼야 너를 사랑해 함께해요 그대와 영원히
1997.08.17~08.23,7,91256,바다,유피,Second Birth,1997,Dance,장용진,나의볼에 입맞춰 나를 사랑한다   말하는 널보면 마음이 더 불안해   가지더라도 절대 너만은   내꺼란걸   그렇게 말하고 다닐꺼야  왜 넌 내게만   자꾸자꾸 커져만 가는거야  왜 넌 내게만   자꾸자꾸 멀게만 느낀걸까  왜 넌 내게만   자꾸자꾸 커져만 가는거야  왜 넌 내게만   자꾸자꾸 멀게만 느낀걸까  울고싶었어 내앞에 널 봤을때   너무도  커져버린 너였기에 나는   초라해 졌던거야  내손을 잡아주기를 바래  난 나를보낼께 네게  나의 바다야 나의 하늘아   나를 안고서  그렇게 잠들면 돼   나의바다야 나의 하늘아   난 너를 사랑해  언제나 나의 곁에있는 널  왜 넌 내게만   자꾸자꾸 커져만 가는거야  왜 넌 내게만   자꾸자꾸 멀게만 느낀걸까  왜 넌 내게만   자꾸자꾸 커져만 가는거야  왜 넌 내게만   자꾸자꾸 멀게만 느낀걸까  야야야야야 야야야야야  야야야야야 야야야야야 야야야야야 야야야야야 야야야야야 야야야야야 나의볼에 입맞춰 나를 사랑한다  말하는 널보면 마음이 더 불안해  가지더라도 절대 너만은  내꺼란걸  그렇게 말하고 다닐꺼야 난난난난난 울고싶었어  내앞에 너를 봤을때 너무도 커져버린 너였기에 나는 초라해 졌던거야 내손을  잡아주기를 바래 난 나를 보낼께 네게  나의 바다야 나의 하늘아  나를 안고서 그렇게 잠들면 돼  나의 바다야 나의 하늘아  난 너를 사랑해 언제나 나의 곁에있는 널 나의 바다야 나의 하늘아  나를 안고서 그렇게 잠들면돼  나의 바다야 나의 하늘아  난 너를 사랑해 언제나 나의 곁에있는 널 나의 바다야 나의 하늘아  난 너를 사랑해 언제나 나의 곁에있는 널
1997.08.17~08.23,8,91261,Gasoline,지누션,Jinusean,1997.03.01,Rap / Hip-hop,양현석,넌 겁없던 녀석이었어 매우  위험했던 모습 칼날같은 눈빛과  차디찬 웃음과 너의 냉정함에 모두 침묵했고 네게 맞선 사람들은 모두 다 하나같이 네게 무릎을 꿇었어 맞고 싸운 적은 없어 넌 마치 Gasoline 같았어 널 만났던 그때가 그리울  때가 있어 난 널 언제까지 기다려야 하는가 네 쓰디쓴 웃음을 또 보고  싶진않아 밝은 세상을 또 다시  외면하지는 마 역시 네게 남은건 오기뿐이었지 이젠 너의 기를 꺾을  수가 없었어 지나쳤던 넌 결국 갇혀버렸고 모든 것은 다 끝나버렸지 떠나갔던 많은 사람들속에 널 이세상에 태어나 살았었던걸 후회하니 그건 네가 택한 상처와 함께 가는 길이겠지 널 만났던 그때가  그리울때가 있어 난 널 언제까지 기다려야 하는가 네 쓰디쓴 웃음을 또 보고  싶진않아 밝은 세상을 또 다시  외면하지는 마 항상 햇빛뒤엔 캄캄한  음지가 있어 하지만 지나갔던 일들을  되새겨봐 세상은 보다 밝어 너를  빠뜨리지마 자신을 지켜 너를 불태우지마 널 만났던 그때가  그리울때가 있어 난 널 언제까지 기다려야 하는가 네 쓰디쓴 웃음을 또 보고  싶진않아 밝은 세상을 또 다시  외면하지는 마 널 만났던 그때가  그리울때가 있어 난 널 언제까지 기다려야 하는가 네 쓰디쓴 웃음을 또 보고  싶진않아 밝은 세상을 또 다시  외면하지는 마
1997.08.17~08.23,9,91262,도시 탈출,클론,One More Time,1997,Dance,김창환,한낮에 찌는 듯한 무더위는 붉은 태양아래 쏟아지고 젊음이 이글대는 여름은 또 푸른 파도로 날 유혹하고  저기 나를 오라 손짓하는바닷가 세상 모든 근심걱정들은 잊어버리고 젊은 태양아래 우리모두 모여  노랠 불러봐요 신나는 여름을 룰루랄라 룰루랄라 바다로 달려가요 떠나요 푸른 바다로 복잡한 이도시를 탈출해봐요 모두 잊어요 지난일들은 붉은 태양아래 벗어던지고  찌든 일상에서 벗어나 모두 젊은 태양아래 춤을춥시다  올해도 내리쬐는 무더위는 우리들을 짜증나게하고 시원한 파도소린 우릴 오라 약속이나 한 듯 손짓하지  어디선가 들려오는 음악소리에 우린 벌써 들뜬 마음으로준비를 하지 이글대는 젊은 태양을 향해  달려가고 있어 소리치고 싶어  볼륨을 더 높여 흥겨운 음악을  룰루랄라룰루랄라 신나는 여름이야 떠나요 푸른 바다로 복잡한 이도시를 탈출해봐요 모두 잊어요 지난일들은 붉은 태양아래 벗어던지고  찌든 일상에서 벗어나 모두 젊은 태양아래 춤을춥시다  떠나요 푸른 바다로 복잡한 이도시를 탈출해봐요 모두 잊어요 지난일들은 붉은 태양아래 벗어던지고  찌든 일상에서 벗어나 모두 젊은 태양아래 춤을춥시다  찌든 일상에서 벗어나 모두 젊은 태양아래 춤을춥시다
1997.08.17~08.23,10,176202,사랑이라는 이유로,조트리오,Ace,1997,Ballad,김형석,사랑이라는 이유로 하얗게 새운 많은 밤들 이젠 멀어져 기억 속으로 묻혀 함께 나누던 우리의 많은 얘기 가슴에 남아 이젠 다시 추억의 미소만 내게 남겨 주네 나의 눈물이 네 뒷모습으로 가득 고여도 나는 너를 떠날 수는 없을것만 같아 사랑이라는 이유로 많은 날들을 엮어가고 언젠가는 우리가 함께 나눈 시간들을 위해  사랑이라는 이유로 하얗게 새운 많은 밤들 이젠 멀어져 기억 속으로 묻혀 함께 나누던 우리의 많은 얘기 가슴에 남아 이젠 다시 추억의 미소만 내게 남겨 주네 나의 눈물이 네 뒷모습으로 가득 고여도 나는 너를 떠날 수 없을 것만 같아  사랑이라는 이유로 많은 날들을 엮어가고 언젠가는 우리가 함께 나눈 시간들을 위해
1997.08.17~08.23,11,91257,타인,영턱스클럽,2집- 타인,1997.05.20,Ballad,이승호,한번만 안아주세요 마지막  밤이잖아요  이렇게 헝클어놓은 내맘을  달래주세요  한번만 안아주세요 마지막  부탁이예요  이렇게 그대 그냥 가버리시면  다신 볼 수 없잖아요  그래 날 잊어 나를 모두 잊어  기억에 매달려도 소용없어  잊어 비오는 거리에서 가끔  우산없이 흠뻑 젖고 싶은  마음으로 잊어 이렇게  생각해버려  나보다 더 아름다운 사랑을  만나기 위해서 잠시 스쳐간  인연이라고 그래 나역시 그리 쉽진 않겠지 나를 사랑해선  안돼 추억해도 안돼  우연이라 해도 다시 봐선  안돼 니 속에 담겨진  내 모든 기억들을 모조리  꺼내버려봐 그동안의 사랑은  믿어줘 하지만 더 이상은  안돼 이렇게는 안돼 차라리  혼자되는 아픔을 선택해  촛불은 켜지 말아요 이대로  그냥 있어요  그대의 슬픈 눈빛은 볼수가  없으니까요  아무말 하지 말아요 상처가  될테니까요 혹시나 그대 음성 떨리신다면  보내드릴 수 없으니  불을 꺼줘 어둠속에 있게  가슴속에 우리 추억 꺼내놓으면  이 어둠에 다시는 찾을수 없게  들켜버린 눈물도 싫으니까  그대 모습과 그대 목소리 이제  희미하게 지워져 여기 어둠  속에 아주 멀리 그댈 멀리 보낼  수 있을것 같아  새벽이 오려나 봐요 커튼을  열지 말아요  눈부신 빛이 싫어요 두려워질  테니까요  미안해 하지말아요 행복한  사랑하세요  그렇게 어렵지는 않을거예요  나 하나 잊는다는건  한번만 안아주세요 또 다른  아침이예요  이렇게 헝클어놓은 내맘을  달래주세요  미안해 하지말아요 행복한  사랑하세요  그렇게 어렵지는 않을거예요  나 하나 잊는다는건
1997.08.17~08.23,12,33487,R. U. Ready?,넥스트,The First Fan Service,1997,Rock,신해철,R U Ready 4 the music 너의 몸이 움직일 때 너의 맘도 열리는 것을 느껴봐  여기서 랩이 나올 거라는 기대를 이미 했었다면 당신도 공연장 꽤나 돌아 다녔군 기껏 간만에 애인 만나 하루 종알 음악 얘기만 하고 바보 근데 몸이 따라가지 못하는 건 왜야 눈동자만 굴리고 앉아 있는 건 뭐야 니 얘기 하고 있는데 웃긴 뭘 웃나 되던 말던 일단 흔들어 봐 right now R U Ready 4 the action 어중간한 네 인생도 고민을 위한 고민도 다 날려봐 하룻사이에도 열두번씩 다 때려치고 싶어도 가족들 얼굴 보기가 미안해 꼬랑질 내릴 수 밖에  매일 매일 또 똑같은 복제품 같은 하루를 이젠 벗어날때도 됐잖아 반란의 시간이 왔다 한번도 자유롭지 못했다면 이제는 작은것부터 바꿔봐 R U Ready 4 the music 너의 몸이 움직일 때 너의 맘도 열리는 것을 느껴봐 R U Ready 4 the action 어중간한 네 인생도 고민을 위한 고민도 다 날려봐 쟤들은 얼굴에 철판 깔았나봐 난 저렇게 못 해 죽어도 못 해 정말 못 해 그럼 기냥 죽으슈 그게 아니라하면 인간성 드럽다고 소문 나겠지 We're your worst nightmare U can't hide Baby 이것도 팔자려니 포기하고 되던 말던 일단 흔들어봐 Check it out 평생동안 혹처럼 달고 다닌 그놈의 체면 때문에 남의 눈치만 보는 너 긴장 풀고 일루 와 봐 R U free Do you think you really free than show me out Wanna hear you scream and about tonight R U ready 4 the music 너의 몸이 움직일 때 너의 맘도 열리는 것을 느껴봐 R U ready 4 the action 어중간한 네 인생도 고민을 위한 고민도 다 날려봐  R U ready 4 the music 너의 몸이 움직일 때 너의 맘도 열리는 것을 느껴봐 R U ready 4 the action 어중간한 네 인생도 고민을 위한 고민도 다 날려봐 We're gonna make U scream and shout until tomorrow 너의 몸이 움직일 때 너의 맘도 열리는 것을 느껴봐 R U ready 4 the music 어중간한 네 인생도 고민을 위한 고민도 다 날려봐 코피 쫙 땀 한방울 찍
1997.08.17~08.23,13,74289,사나이 가는 길 (폼생폼사),젝스키스,학원별곡,1997.05.14,Dance,김영아,나 폼에 살고 죽고 폼  때문에 살고  폼 때문에 죽고 나 폼  하나에 죽고 살고  사나이가 가는 오 그 길에 길에  눈물 따윈 없어 못써 폼생폼사야  사나이 가는 길에 기죽진 마라  없어도 자존심만 지키면  눈물따윈 내게 없을거야 가슴을 활짝 펴라  잘난 그녀 나를 떠난단 말에  하늘이 무너질것 같아도  남자답게 그녈 보내줬지  기가막혀 홧김에 군대  갈까 했지만  머리깎기 싫어서 다시   생각 고쳤지  날 떠나든 말든 뭘해도  상관은 없지만  머리 빡빡 깎는건 난   견딜수 없어  그저 안녕이라 말하고 쓰린  눈물을 삼키며 예  그녈두고 돌아 섰던  마지막 뒷모습  내가 봐도 멋있었어  폼에살고 폼에 죽는 나인데  이제와 구차하게 붙잡을 순 없잖아  맨몸으로 부딪쳤던 내 삶에  그까짓 이별쯤은 괜찮아  이대로 무너지면 절대로 안돼  뜨거운 가슴으로 다시 시작해  나 가는 길을 누구도 막을순 없어  많은 날이 가고 우연히 다시  그녀를 만나면 예  변해버린 나를 보며 지나간  후회로 땅을치게 만들거야  기가막힌 로맨스도 슬픔도  사나이 큰 가슴에  묻어두고 살거야  그까짓것 이별땜에 지켜온   스타일 구길수는 없잖아  사랑했던 너이긴 하지만  나 째째하게 울진 않을게  두 눈 불끈 힘주고 나 끝까지  참아내고 있어 흑  두고봐 나를 두고봐  내가 얼마나 잘 살지 두고봐줘  또 돌아 내게내게 오지 말고  깨끗이 내모습을 잊어줘  그저 안녕이라 말하고 쓰린  눈물을 삼키며 예  그녈두고 돌아 섰던  마지막 뒷모습  내가 봐도 멋있었어  폼에살고 폼에 죽는 나인데  이제와 구차하게  붙잡을순 없잖아  맨몸으로 부딪쳤던 내 삶에  그까짓 이별쯤은 괜찮아  쓸데없는 미련 따윈 버리고  사나이 큰가슴을  활짝펴고 살거야  폼하나로 버텨왔던 나인데  그까짓 이별쯤은 괜찮아  나 폼에 살고 죽고 폼  때문에 살고  폼 때문에 죽고 나 폼  하나에 죽고 살고  사나이가 가는 오 그 길에 길에  눈물 따윈 없어 못써 폼생폼사야
1997.08.17~08.23,14,74610,사랑해 (Hiphop Ver.) (Contain Sample Of),이현도,사랑해 (Single),1997.06,Rap / Hip-hop,이현도,너의 그림이 또 그리고 너의 노래가 때로는 항상 드높이 푸른 창공이 되겠어 날받아줘 너에게 할 수 있는 모든 내 전부 줄 수 있는 내 전부를 모두 받아줘 너의 태양이 또 그리고 너의 바다가 때로는 너의 기댈 수 있는 안식이 되겠어 날 믿어줘 내게 소유 되어진 모든 이뤄진 모든 것들을 너와 나누게 해줘 가슴에 느끼며 꿈에서도 찾으며 널 사랑하며 나의 눈물은 지워져 내 마음속 깊이 슬픔의 심연도 메워져 어디든지라도 나를 데리고 가줘 너의 짐을 내게로 지워줘 아픔도 내게 던져줘 또 언제라도나를 불러줘 너 없인 살수 없는 이 나의 하루에 내가 숨을 쉬는이유가 되어줘 어떤 평온함 보다도 너를 사랑하겠어 큰 자유 보다라도 나는 널 택하겠어 나는 하겠어 어떤 맹세보다 더욱 진실하겠어 사랑해  사랑해 사랑해 사랑해 감겨있던 나의 두눈은 굳어져있던 나의 혀는 무너져 있던 나의 모습은 너로 인해 볼수가 있어 다시말할수 있어 너의 아름다움을 볼수 있어 뜨거운 눈물과 마음과 그 모두로 날 다시 살게한 날 다시 서게한 날 일어서게한 너를 위해서 나는 다시 살겠어 너를 느끼며 니 안에 살아가겠어 아름다운 유일한 나의 너를 지키겠어 나의 타오르는 이 가슴을 열고 널 나의 가슴속에 담고 싶어 나의 품에 안고 싶어 너에게 입 맞추고 싶어 그만큼 내마음은 깊어 Deeper &amp; Deeper 내가 말했던 그 욕망이 아닌 내 사랑하는 그모습 그대로 함께 숨쉬며 사랑해 사랑해 사랑해 사랑해  오 난 정말이야 난 네 사랑을 원해 네 마음을 원해 네 모든걸 원해 언제나 소원해 내 큰 야망과 가슴에 불타는 의지 앞에 너만이 유일하게 그앞에 우선해 어둠 깊은곳 그속에 있어도 너를 찾을꺼야 나 보이지않아도 모든 두려움 전부다 버려둬 너의 모든 상념들을 내 몫으로 놔둬줘 단지 너는 눈을 감고서 바로 그앞에 그마음의 한 가운데서 나를 안아줘 사랑해 사랑해 사랑해 사랑해 사랑해 사랑해  사랑해
1997.08.17~08.23,15,91534,그녀는 예뻤다,박진영,썸머징글벨,1996.09,Dance,박진영,그녀는 너무 예뻤어  하늘에서 온 천사였어  그녀를 난 사랑했어  우리들은 행복했어  그런 그녀 날 떠났고  나는 혼자 남겨졌고  그녈 잊어 보겠다고  애썼지만  그녀는 너무 예뻤다  그래서 더 슬펐다  하늘에 별은 빛났다  나는 울었다  그녀는 너무 예뻤어  하늘에서 온 천사였어 그녀를 난 사랑했어  우리들은 행복했어  그런 그녀 날 떠났고  나는 혼자 남겨졌고  그녈 잊어 보겠다고  애썼지만  그녀는 너무 예뻤다  그래서 더 슬펐다  하늘에 별은 빛났다  나는 울었다  123 and to the 4 get your  riggidy wiggidy  rumping butts up on  the floor  and move to the groove  move to the groove we  go up and down  you`re spinning around  with your hands in the  air and feet on the ground  jump jump to the rhythm  as I pump up the flow  step upto bass and the  boom here we go  그녀는 너무 예뻤다  그래서 더 슬펐다  하늘에 별은 빛났다  나는 울었다
1997.08.17~08.23,16,1724458,밤의 길목에서,김세영,Kim Se Young,1997.04,Ballad,,담배를 줄여야 합니다.. 술을 끊어야 합니다.. 커피를 줄여야 합니다.. 그러기 위해서는 그녀를 먼저 잊어야 합니다. 새벽이 오네요 이제 가요.. 당신은 나를 만난적이 없어요.. 우리 기억을 내가 가져가요.. 처음부터 잊어요.. 부탁이 있네요. 용서해요.. 오늘이 마지막인것만 같아요.. 한번만 눈물을 내게 보여줘요. 그저 날 위해서.. 어제 마지막을 정리하며 미쳐 버리지 못했던 미련이 나를 잡지만 다시 내가 이유로 당신의 눈썹이 젖어온다면 차라리 내가 울어요.. 시간이 당신을 이곳으로 모시고 와 그때까지 날 기억해 또 한번 우신다면 그때는 어디로 내가 가 드릴까요? 원하신다면.. 전 괜잖아요.. 늘 그랫듯이~~  어제 마지막을 정리하며 미쳐 버리지 못했던 미련이 나를 잡지만 다시 내가 이유로 당신의 눈썹이 젖어온다면 차라리 내가 울어요.. 시간이 당신을 이곳으로 모시고 와~~ 그때까지 날 기억해.. 또 한번 우신다면 그때는 어디로 내가 가 드릴까요? 원하신다면.. 전 괜잖아요.. 늘 그랬듯이~~
1997.08.17~08.23,17,91254,Summer Time,포지션,Wine & Tears,1997.03.29,Dance,이승호,우리 함께한 이 여름 Summer Time 널 영원히 사랑해 I love you 나나나나나나나나나나나나 나나나나나나나나나  타오르는 저 태양아래 초록바다 저 하얀 구름이 까맣게 그을린 너의 모습 더욱 더 널 눈부시게 하네 부서지는 저 파도곁에 설탕같은 저 하얀 백사장 칵테일 한잔에 빨개진 네 얼굴 너무나도 아름다웠어 황홀한 저녁 노을에 널 닮은 바다향기에 너의 속삭임과 너의 달콤한 입맞춤에 취해 버렸어 우리 함께한 이 여름 Summer Time 널 영원히 사랑해 I love you 이대로 영원히 춤추며 노래해 모닥불이 꺼질 아침까지 여기 즐거운 바닷가 Summer Time 널 영원히 사랑해 Forever 끝없이 펼쳐진 여름 밤 하늘에 수많은 저 별들처럼 너를 사랑해  야자수와 코코넛 향기 한가로이 저 날아가는 새 내 품에 잠들은 너의 모습 더욱 더 날 행복하게 하네 아무것도 생각하지 마 내 품에서 꿈만 꾸면 돼 어제의 기억도 내일의 불안도 이제 너를 사랑하니까 해지는 Sunsetbar 에서 노을에 잠긴 너에게 이런 약속했지 너의 모든걸 사랑으로 지킬거라고 우리 함께한 이 여름 Summer Time 널 영원히 사랑해 I love you 이대로 영원히 춤추며 노래해 모닥불이 꺼질 아침까지 여기 즐거운 바닷가 Summer Time 널 영원히 사랑해 Forever 끝없이 펼쳐진 여름 밤 하늘에 수많은 저 별들처럼 너를 사랑해 나라나나 나나나나나나나나 나나나나나나 나나나나나나
1997.08.17~08.23,18,69196,파란 앨범,조관우,My 3rd Story About...,1996.12,Ballad,강지훈,철이 없던 시절 검은 교복 줄여 입은 어색한 모습 빛이 바랜 사진속에 웃으며 서 있고 세라복의 소녀들이 나를 향해 돌아보면 달아나 버린 어린 모습 담겨있는 촌스런 파란 앨범 뭐든지 할 것만 같던 꿈들이 있던 시간 소중하게 간직한 사진 속의 내 모습 어디에 아쉬움 없을꺼라던 용기가 있던 시절 이제 다시 갖지 못할 사진속에 그 마음은 어디로  더 많은 시간이 지나 오늘 모습 그릴지 몰라 내일은 어제의 나를 기억해야해  꿈들이 있던 시간 소중하게 간직한 사진 속의 내 모습 어디에 아쉬움 없을꺼라던 용기가 있던 시절 이제 다시 갖지 못할 사진속에 그 마음은 어디로
1997.08.17~08.23,19,38874,후회,강수지,Kissing You,1997.07,Dance,정세희,아니길 바래 믿을 수가 없어 네가 떠나가다니 나 얼마나 널 사랑했는데 널 사랑했어 널 믿은 만큼 모두 다 주었어 내맘 내뜻까지도 너의 품에 내 사랑을 맡겼어 얼마나 사랑했는데 또 믿었었는데  이렇게 날 버릴 수 있니 모든게 거짓이었어 사랑도 없었어 날 그저 스쳐가는 여자로 생각했었던거야 그렇게 많은 여자들 가슴에 아픔주고 살지마 나와 같은 여잘 또 만들지마 그리고 기억해줘 언젠가 사랑의 아픔으로 오늘을 후회하게 될거야  얼마나 사랑했는데 또 믿었었는데  이렇게 날 버릴 수 있니 모든게 거짓이었어 사랑도 없었어 날 그저 스쳐가는 여자로 생각했었던거야 그렇게 많은 여자들 가슴에 아픔주고 살지마 나와 같은 여잘 또 만들지마 그리고 기억해줘 언젠가 사랑의 아픔으로 오늘을 후회하게 될거야
1997.08.17~08.23,20,32488,그녀는...,레드플러스,Red+ 1집,1997.01.01,Rock,신피디,한 여자의 남편이라고 니가  믿던 그 남자는 모든게 거짓이라고 난 너에게  말해버렸어 골목에 쓰러져 있는 술에  취한 너를 안고서 너를 일으켜줄 조금의 힘조차  내겐 없었어 그녀는 야이야이야 슬픔에  빠져 있어 그녀가 꿈꿔 왔던 그런게 아냐 우린 언제나 같이 함께  어울렸었지 너를 사랑할땐 이미 넌 다른  사랑에 빠졌고 나를 조여오는 비극은  시작 되었어 그녀는 야이야이야 슬픔에  빠져있어 그녀가 꿈꿔 왔던 그런게 아냐 어느날 아침이었어 돌아 오는  너를 보았어 좋은 대학에 좋은 친구들과 고상한 취미에 니가 그럴줄 아무리 사랑한다해도 몇번 만나지도 않은 니가 그럴줄  몰랐어 우리는 야이야이야 이런게  아니었어 운명이 뒤바뀐거야 이렇게  될 순 없어 우리는 야이야이야 이런게  아니었어 운명이 뒤바뀐거야 이렇게  될 순 없어 그녀는 야이야이야 슬픔에  빠져 있어 그녀가 꿈꿔 왔던 그런게 아냐 우리는 야이야이야 이런게  아니었어 운명이 뒤바뀐거야 이렇게  될 순 없어 그녀가 꿈꿔 왔던 건 이젠  이룰 수가 없어 결국 그 사랑 또한 거기에  비춰질 테니까 니가 꿈꿔 왔던 건 누구도  채워줄 수 없어 결국 나 또한 너무 어려운  아픔이니까
1997.08.17~08.23,21,39128,얄개시대,김원준,One,1997.07.30,Dance,김원준,말세말세말세 훠 머리부터 발끝까지 말세말세말세 훠훠 이리보고 저리봐도 어른이라 믿었는데 말세말세말세 훠 누가뭐라 말을해도 말세말세말세 훠훠 어리다고 사랑하지 말란법은 없어 그래서 너를 너를 사랑해 어려도 좋아 예쁘고 깜찍한게 맘에 들어 이별은 싫어 너의 비밀 나만이 간직 할래 때론 애인 때론 동생처럼 사랑할테야 워 친구의 소개로 만나 첫눈에 반해버린 너 아무의심 하나없이 우린 연인이 되었지 넌 뭔가 숨기듯 나를 조심스레 만났고 그러던 어느날 우연히 보았어 교복입은 짧은 단발머리의 널 별이 반짝반짝반짝 어려도 좋아 예쁘고 깜찍한게 맘에 들어 이별은 싫어 너의 비밀 나만이 간직 할래 때론 애인 때론 동생처럼 사랑할테야 어쩌다 마주친 그대 눈빛이 내마음을 사로잡아 버렸네 말세말세말세 훠 머리부터 발끝까지 말세말세말세 훠훠 이리보고 저리봐도 어른이라 믿었는데 말세말세말세 훠 누가뭐라 말을해도 말세말세말세 훠훠 어리다고 사랑하지 말란법은없어 그래서 너를 너를 사랑해 넌 뭔가 숨기듯 나를 조심스레 만났고 그러던 어느날 우연히 보았어 교복입은 짧은 단발머리의 널 별이 반짝반짝반짝 어려도 좋아 예쁘고 깜찍한게 맘에 들어 이별은 싫어 너의 비밀 나만이 간직 할래 어려도 좋아 예쁘고 깜찍한게 맘에 들어 이별은 싫어 너의 비밀 나만이 간직 할래 때론 애인 때론 동생처럼 사랑할테야 때론 애인 때론 동생처럼 사랑할테야
1997.08.17~08.23,22,73737,발걸음,에메랄드캐슬,Invitation,1997.04.01,Rock,지우(에메랄드캐슬),해질무렵 날 끌고간 발걸음 눈떠보니 잊은줄 알았던 곳에 아직도 너의 대한 미움이  남아 있는지 이젠 자유롭고 싶어 시간은 해결해 주리라 난 믿었지 그것 조차  어리석었을까 이젠 흘러가는대로 날 맡길래  너완 상관 없잖니 첨부터 너란 존재는 내겐 없었어 니가 내게 했듯이 기억해 내가 아파했던만큼 언젠간 너도 나 아닌 누구에게 이런 아픔 겪을테니 미안해 이렇게 밖에 할 수 없잖니 정말 이럴 수 밖에 전처럼 다시 시작할 수 있는  그 날이 오길 너를 사랑할 수 없고 너를 미워해야 하는 날 위해 첨부터 너란 존재는 내겐 없었어 니가 내게 했듯이 기억해 내가 아파했던만큼 언젠간 너도 나 아닌 누구에게 이런 아픔 겪을테니 미안해 이렇게 밖에 할 수 없잖니 정말 이럴 수 밖에 전처럼 다시 시작할 수 있는 그 날이 오길 너를 사랑할 수 없고 너를 미워해야 하는 날 위해
1997.08.17~08.23,23,618869,Cat`s Eye,김지현,Cat`s Eye,1997.01,Dance,,유난히 나를 잡던 그날밤  너를 떠나지 않는건데  난 몰랐던 거야 흔들리고 있는 널  이별의 순간을 함께한  시간들이 있기에  낯선 너와 마주칠때도  멀지않아 다시 돌아와 줄거라  난 믿고 있었어 내가 아닌 누군가와 함께 있을  너 용서할수 없어  우린 다시 사랑하게 될꺼야  너를 잊지 못하는 나를 버리려 해  사랑하는 너의 기억속에서  아무도 모르게  하지만 영원히 나는 너와  다시 사는거야  네가 날 버려 너를 택했듯 너도 날 택하게 될꺼야 나와 상관없이 내가 이별을  해야 됐던것 처럼 이순간만 지나가면 너를 보겠지  난 두렵지 않아 우린 다시  사랑하게 될테니 너를 잊지 못하는 나를 버리려 해  사랑하는 너의 기억속에서  아무도 모르게  하지만 영원히 나는 너와 다시  사는거야 너를 잊지 못하는 나를 버리려 해  사랑하는 너의 기억속에서  아무도 모르게  하지만 영원히 나는 너와  다시 사는거야  이순간만 지나가면 너를 보겠지  난 두렵지 않아 우린 다시  사랑하게 될테니  너를 잊지 못하는 나를 버리려 해  사랑하는 너의 기억속에서  아무도 모르게  하지만 영원히 나는 너와 다시  사는거야  너를 잊지 못하는 나를 버리려 해  사랑하는 너의 기억속에서  아무도 모르게  하지만 영원히 나는 너와 다시  사는거야
1997.08.17~08.23,24,91214,3자대면,엄정화,후애 (後愛),1997.03.01,Dance,이승호,입이 열개라도 할 말 없을꺼야 네가 뭔데 나를 이꼴로 만들어 내게 전화왔어 너의 다른 여자 참 황당하고 어이 없었어 뭐가 그리 잘났다고 이러는거야 여자들을 저울질 할 만큼 잘났니 착각하지마 언젠가는 너도 느낄꺼야 네가 사랑이라 믿었던 여자 그녀에게 다른 남자친구 그 때 되면 너도 알겠지 지금 헤어져도 난 괜찮아 언젠가는 무너지고 쓰러져 다시 나를 찾아 헤메일 널 난 아니까 그 여자를 보러 나간 그 곳에는 뻔뻔하게 너도 앉아 있던거야 너를 양보하고 이젠 떠나라는 참 기가막힌 그녀의 얘기 애원하고 붙잡아도 난 떠날꺼야 그녀 곁에 붙어 있는 네가 불쌍해 참 기가막혀 언젠가는 너도 느낄꺼야 네가 사랑이라 믿었던 여자 그녀에게 다른 남자친구 그 때 되면 너도 알겠지 지금 헤어져도 난 괜찮아 언젠가는 무너지고 쓰러져 다시 나를 찾아 헤메일 널 난 아니까 첫번째 메시지입니다 사랑을 이런 식으로 함부로 다루는 너의 그 잔혹함이 언젠가는 너의 무너진 가슴에 놓여질 외로움을 만든다는 걸 잊지 말았으면 좋겠어 지금 헤어져도 난 괜찮아 언젠가는 무너지고 쓰러져 다시 나를 찾아 헤메일 널 난 아니까
1997.08.17~08.23,25,72689,바람의 노래,조용필,조용필 16집,1997.05.01,Rock,김순곤,살면서 듣게될까 언젠가는 바람에 노래를 세월가면 그때는 알게될까 꽃이지는 이유를 나를 떠난 사람들과 만나게될 또 다른 사람들 스쳐가는 인연과 그리움은 어느곳으로 가는가 나의 작은 지혜로는 알수가 없네 내가 아는건 살아가는 방법뿐이야 보다 많은 실패와 고뇌의 시간이 비켜갈 수 없다는 걸 우린 깨달았네 이제 그 해답이 사랑이라면 나는 이 세상 모든 것들을 사랑하겠네  나를 떠난 사람들과 만나게될 또다른 사람들 스쳐가는 인연과 그리움은 어느 곳으로 가는가 나의 작은 지혜로는 알수가 없네 내가 아는건 살아가는 방법뿐이야 보다 많은 실패와 고뇌의 시간이 비켜갈 수 없다는 걸 우린 깨달았네 이제 그 해답이 사랑이라면 나는 이 세상 모든 것들을 사랑하겠네  보다 많은 실패와 고뇌의 시간이 비켜갈 수 없다는 걸 우린 깨달았네 이제 그 해답이 사랑이라면 나는 이 세상 모든 것들을 사랑하겠네 나는 이 세상 모든 것들을 사랑하겠네 이 세상 모든것들을 사랑하겠네
1997.08.17~08.23,26,1500836,현명한 선택,소찬휘,Eight Times - Begin Again,2006.11.18,Dance,유유진,왜 나를 포기했는지  이제 알았어  정말 나 보다 예전  그녀가 더 쉬웠겠지  너는 그녀를 니가  정리했다고 말 할때  한번쯤 널 의심했다면  오늘의 이런 실패는 없었을거야  흔들리지마 너밖에 없어  니 얘기 거짓말이라도  난 생생한데  나 몰래 지금껏 그녀를  만난거야  이젠 필요없어 모두 잊어줄게  천사표 이별은 없잖아  너만을 기다리는 인형은 아냐  어차피 넌 나를 사랑하지 않아  차라리 잘 된거야 이별은  현명한 선택이었어  니 수첩속에 그녀  사진을 봤을때  한번쯤 널 의심했다면  오늘의 이런 실패는 없었을거야  미안해 하며 돌려 준다던  니 얘기 거짓말이라도  난 생생한데  나몰래 지금껏 그녀를 만난거야  이젠 필요없어 모두 잊어줄게  천사표 이별은 없잖아  너만을 기다리는 인형은 아냐  어차피 넌 나를 사랑하지 않아  차라리 잘 된거야 이별은  현명한 선택이었어
1997.08.17~08.23,27,72322,Memories,사준,Memories,1997,Ballad,장용진,당신께 드릴 말이 있어요  지금껏 날 지켜준 당신에게  난 나의 마음을 숨긴채  웃어야 했죠  무너진 내 모습 그대 볼까봐  겉으로 자신있는 모습으로  난 지켜준 당신 앞에  웃고 있었죠  때론 실망한 적 많았죠  그대도 나처럼 약해질때  한없이 나의 아픔들은  모두 받아 줄거라 믿었는데  하지만 괜찮아요  이제 당신께 말할께요  한번도 그대 상처 감싸주지는  못했지만 난 괜찮아  떠나가도 돼 나를  눈물 감추며 날 지켜 봐준  그대를 보냈지만  언제나 널 지켜볼께  이제 넌 나의 곁에  다시 나에게 돌아와줘  언제까지라도  하지만 괜찮아요  이제 당신께 말할께요  한번도 그대 상처 감싸주지는  못했지만 난 괜찮아  떠나가도 돼 나를  눈물 감추며 날 지켜 봐준  그대를 보냈지만  언제나 널 지켜볼께  이제 넌 나의 곁에  다시 나에게 돌아와줘  너를 지켜줄께  떠나가도 돼 나를  눈물 감추며 날 지켜 봐준  그대를 보냈지만  언제나 널 지켜볼께  이제 넌 나의 곁에  다시 나에게 돌아와줘  언제까지라도  무너진 내 모습 그대 볼까봐  겉으로 자신있는 모습으로  난 지켜준 당신 앞에  웃고 있었죠
1997.08.17~08.23,28,38394,아름다운 구속,김종서,Kim Jong Seo V,1996.11.01,Rock,한경혜,오늘 하루 행복하길  언제나 아침에 눈뜨면  기도를 하게 돼  달아날까 두려운 행복 앞에    널 만난 건 행운이야  휴일에 해야 할 일들이  내게도 생겼어  약속하고 만나고 헤어지고    조금씩 집 앞에서  널 들여 보내기가  힘겨워지는 나를 어떡해    처음이야 내가 드디어 내가  사랑에 난 빠져 버렸어  혼자인 게 좋아  나를 사랑했던 나에게  또 다른 내가 온 거야    아름다운 구속인걸  사랑은 얼마나  사람을 변하게 하는지  살아있는 오늘이 아름다워    조금씩 집 앞에서  널 들여 보내기가  힘겨워지는 나를 어떡해    처음이야 내가 드디어 내가  사랑에 난 빠져버렸어  혼자인게 좋아  나를 사랑했던 나에게  또 다른 내가 온거야    처음이야 내가 드디어 내가  사랑에 난 빠져버렸어  혼자인게 좋아  나를 사랑했던 나에게  또 다른 내가 온거야    또 다른 내가 온거야  내 앞에 니가 온거야
1997.08.17~08.23,29,73199,용서,이예린,용서,1997.03,Dance,최수정,날 버리지 말란 말야  네가 어디에 있든지 다시 내게 올꺼라면 일년이 지나버린 후에  난 알게됐어  날 속여 왔던걸 다른 여잘 만난거니  나를 만나는 동안에  너의 맘이 변했나봐 이젠  내게 이럴수 있는지  믿을 순 없어  사실을 말해줘 Some Time 비 내리는 날엔  넌 나의 우산이 되주던 그 좋던 네가 왜 아픔이 되어  날 어지럽게 해 You're my life You're my love  내가슴에 사랑의 잔비를 You're my life You're my love  내게 내려줘 You're my life You're my love  나를 떠나버린 빈자리에  너를 기다리고 있을꺼야 그 길로  나를 떠나버린 후에  수 많은 방황을 했고 다른 사람을 만났어 우연히 너를 만난다면  혼자길바래  이젠 용서할게 긴 기나긴 기억속엔  우리 사랑이 남았고  나 없이 넌 살 수 없어 이젠  다시 사랑할 수 있게  내 공간으로  지금 돌아와줘 Some Time 비 내리는 날엔  넌 나의 우산이 되주던 그 좋던 네가 왜 아픔이 되어  날 어지럽게 해 You're my life You're my love  내가슴에 사랑의 잔비를 You're my life You're my love  내게 내려줘 You're my life You're my love  나를 떠나버린 빈자리에  너를 기다리고 있을꺼야 그 길로 You're my life You're my love  내가슴에 사랑의 잔비를 You're my life You're my love  내게 내려줘 You're my life You're my love  나를 떠나버린 빈자리에  너를 기다리고 있을꺼야 그 길로
1997.08.17~08.23,30,74951,암연,고한우,고한우 Vol.1,1997.07.07,Ballad,고한우,네겐 너무나 슬픈 이별을 말할때 그댄 아니 슬픈 듯 웃음을 보이다 정작 내가 일어나 집으로 가려할 때는 그땐 꼭 잡은 손을 놓지 않았어 울음을 참으려고 하늘만 보다가 끝내 참지 못하고 내 품에 안겨와  마주댄 그대 볼에 눈물이 느껴질때는 나도 참지 못하고 울어버렸어 사랑이란 것은 나에게 아픔만주고 내 마음속에는 멍울로 다가와 우리가 잡으려하면 이미 먼곳에 그땐 때가 너무 늦었다는데 차마 어서 가라는 그말은 못하고 나도 뒤돌아 서서 눈물만 흘리다 이제 갔겠지 하고 뒤를 돌아보면 아직도 그대는 그자리   사랑이란 것은 나에게 아픔만주고 내 마음속에는 멍울로 다가와 우리가 잡으려하면 이미 먼곳에 그땐 때가 너무 늦었다는데 차마 어서 가라는 그말은 못하고 나도 뒤돌아 서서 눈물만 흘리다 이제 갔겠지 하고 뒤를 돌아보면 아직도 그대는 그자리
1997.08.17~08.23,31,1839524,4가지 하고 싶은말,리아,리아 1집 - Diary,1997.03.01,Rock,리아,"여름 방학 동안에 영원히 볼 수 없는 네가 되었지 믿을 수 없는 사실이었어 네가 떠났단 건 눈물은 소용없다 사람들 말했었지 그래 다시는 울지 않을께 내 곁에 있다 생각을 할거야 지난 수 많았던 기억속에 너를 떠올릴께 기억처럼 네가 오면 하고 싶은 말이 있어 우- 슬픔도 기쁨도  지나치지말라던 너의 말 영원히 기억할거야 언젠가 우리가  다시 만날때 같은 모습으로 나를 반겨줘 이제는 편안히 숨쉴 수 있는 곳으로 ""아"" 너 가도 돼 내가 지켜 줄테니 걱정마 난 남아 있을거야 영원히 네가 바란 그 모습 그 대로  너 가기전엔 할 수 없었던 네게 정말 말 해 주고 싶던 것들을 이젠 얘기할께- 슬픔도 기쁨도  지나치지 말라던 너의 말 영원히 기억할거야 언젠가 우리가  다시 만날때 같은 모습으로 나를 반겨줘 이제는 편안히 숨쉴 수 있는 곳으로 ""아"" 너 가도 돼 내가 지켜 줄테니 걱정마 난 남아 있을거야 영원히 네가 바란 그 모습 그 대로"
1997.08.17~08.23,32,72307,재회(再會),K2김성면,Real Spark,1997.05,Rock,K2김성면,쉽진 않았을거야 내게 돌아오기가 아무 의미조차 없었지 니가 없는 세상은 거리에서 니가 아닌걸 알면서 조금이라도 너와 닮은 얼굴을 마주치면 가슴 아팠지 니가 떠난 뒤에야 나 알게 되었어 니가 있어야만 나의 삶이 완전해진다고 내 가슴 가득히 이렇게 다시 돌아온 너를 지킬게 이 세상 끝까지 내 가슴 가득히 안긴 니 머리 위에 떨어진 나의 눈물의 의미는 영원한 사랑 너를 잊으려 했던 어설픈 나의 다짐 이젠 추억처럼 너에게 얘기해 줄 수 있어 어떤 술취한 밤엔 미운 너에게 한마디 하려다 밤하늘에 니 이름 외치려다 울고 말았지 니가 떠난 뒤에야 나 알게 되었어 니가 있어야만 나의 삶이 완전해진다고 내 가슴 가득히 이렇게 다시 돌아온 너를 지킬게 이 세상 끝까지 내 가슴 가득히 안긴 니 머리 위에 떨어진 나의 눈물의 의미는 영원한 사랑  너 떠난 뒤에야 나 알게 되었어 니가 있어야만 나의 삶이 완전해질 수 있다고 내 가슴 가득히 이렇게 다시 돌아온 너를 지킬게 이 세상 끝까지 내 가슴 가득히 안긴 니 머리 위에 떨어진 나의 눈물의 의미는 영원한 사랑
1997.08.17~08.23,33,72165,무기여 잘 있거라,박상민,화산(火山),1997.02.01,Ballad,이승호,한 여자가 다섯번째 이별을 하고 산속으로 머리 깎고 완전하게 떠나버렸대  첫번째 남자 고등학교때 같은 학교 같은 써클에 남자 친구래 둘인 열심히 공부했지만 남자 친구 대학에 떨어진거야 화가 나서 군대를 갔고 이 여자는 기다렸지만 남잔 다시 유학 가버렸지 예예 첫사랑이란 안되는구나 여잔 비관을 했고 다신 사랑 않겠다는 맹셀했대 그 여자의 두번째는 대학 다닐때 미팅 갔다 잠시 스친 play boy 였다는구만 세번째 남자 사회 나와서 같은 직장 같은 기수에 남자 동료래 둘은 첫눈에 반해버렸고 매일 그녀 집에 바래다 주었대 아 그런데 남자 집에서 둘의 사일 반대했나봐 글쎄 심각한 마마보이였대 음--- 슬픈 첫사랑 지친 두번째 세번짼 징그럽다고 눈물조차 나오지가 않는다고 그 여자의 네번째는 선을 본 남자 알고 보니 다른 여자 양다리 걸쳤다는군 내가 입장 바꿔 생각해봐도 환장할- 노릇 다음 얘기 되게 궁금할거-야 간주 끝나면 계속할게  아 그녀의 모진 사랑중 결정적인 다섯번째는 바로 내가 주인공이었어-- 우리 서로가 사랑을 했고 결혼도 하기로 했지 우리 사랑 아무 이상 없었는데 그러니까 우리 약혼 하던 그날에 말도 안될 엄청난 일 벌어지고 말았던거야 나 예전에 사귀었던 여자 친구가 웬 아이를 떡 안고서 나타나게 되었던거야 그녀 내게 이 한마디 남겨 놓고서 아주 멀리 떠나갔어 무기들아 잘 있으라고 그녀 내게 이 한마디 남겨 놓고서 아주 멀리 떠나갔어 무기들아 잘 있으라고 그녀 내게 이 한마디 남겨 놓고서 아주 멀리 떠나갔어 무기들아 잘 있으라고
1997.08.17~08.23,34,1877126,사랑을 위하여,김종환,사랑을 위하여,1997.06.13,Adult Contemporary,김종환,이른 아침에 잠에서 깨어 너를 바라볼 수 있다면 물안개 피는 강가에 서서 작은 미소로 너를 부르리 하루를 살아도 행복할 수 있다면 나는 그 길을 택하고 싶다 세상이 우리를 힘들게 하여도 우리들은 변하지 않아 너를 사랑하기에 저 하늘 끝에 마지막 남은 진실 하나로 오래 두어도 진정 변하지 않는 사랑으로 남게 해주오 내가 아플 때보다 네가 아파할 때가 내 가슴을 철들게 했고 너의 사랑 앞에 나는 옷을 벗었다 거짓의 옷을 벗어버렸다 너를 사랑하기에 저 하늘 끝에 마지막 남은 진실하나로 오래 두어도 진정 변하지 않는 사랑으로 남게 해주오 너를 사랑하기에 저 하늘 끝에 마지막 남은 진실 하나로 오래 두어도 진정 변하지 않는 사랑으로 남게 해주오 사랑으로 남게 해주오
1997.08.17~08.23,35,1622523,괜찮아,녹색지대,괜찮아,1997.01.01,Ballad,이혜상,널 언제까지 기다려야 나에게 올런지 그저 멀리서 널 바라와 왔지만 날 언제까지 힘들게 할 너일지는 몰라도 널 품에 안던 그날만은 기억해 알고 있어 친구들에게 들었어 그와 헤어졌다고 그래서 힘들어 한다고 네가 외로울 때 그땐 나를 생각해 아직 난 그대로야 지금껏 널 원해왔어 자 괜찮아 이젠 그대로 내게 와줘 날 아프게 했던 만큼 사랑해 주면 돼 난 괜찮아 정말 남은 건 너의 맘뿐 지금 그대로 나의 품에 안겨봐  알고 있어 친구들에게 들었어 그와 헤어졌다고 그래서 힘들어 한다고 네가 외로울 때 그땐 나를 생각해 아직 난 그대로야 지금껏 널 원해왔어 자 괜찮아 이젠 그대로 내게 와줘 날 아프게 했던 만큼 사랑해 주면 돼 난 괜찮아 정말 남은 건 너의 맘뿐 지금 그대로 나의 품에 안겨봐 예전 그대로 나의 품에 다시
1997.08.17~08.23,36,174806,프로포즈,M22N(홍지호),프로포즈 OST,1997.07,Drama,이성만,넌 언제나 나에게 우정 이상도 아닌 이하도 아닌 편안한 친구로만 대했지 하지만 이제는 이 말은 꼭 해야겠어 사실은 널 사랑한다고 알고있니 우정이란 이름으로 너의 곁에 항상 그저 웃고 있던 나를 내 사랑을 표현하기에 어색했던 어린 시절에 널 만난 후로 지금껏 사랑한단 말을 못했던 것 뿐 널 향한 내 마음 한번도 변한 적 없는데 넌 언제나 나에게 우정 이상도 아닌 이하도 아닌 편안한 친구로만 대했지 하지만 이제는 이 말은 꼭 해야겠어 사실은 널 사랑한다고 내 사랑을 표현하기에 어색했던 어린 시절에 널 만난 후로 지금껏 사랑한단 말을 못했던 것 뿐 널 향한 내 마음 한번도 변한 적 없는데 넌 언제나 나에게 우정 이상도 아닌 이하도 아닌 편안한 친구로만 대했지 하지만 이제는 이 말은 꼭 해야겠어 사실은 널 사랑한다고 눈을 들어 니 앞에 나를 다시 바라봐 해묵은 우정 따위는 접어두고 새로운 사랑의 눈으로 나를 바라봐 이제는 내 안에 너를 담고 싶어
1997.08.17~08.23,37,1839667,청혼,이소라,영화에서처럼,1996.11.01,Ballad,이소라,말할거예요 이제 우리 결혼해요 그럼 늦은 저녁 헤어지며 아쉬워하는 그런일은 없을거예요 나도 모르게 겁이나요 꼭 붙어줘 같이 처음부터 시작해요 우리의 시간 나는 당신을 믿을 게요 그대에게 나 반한것 같아 말은 안했지만 너무 멋져보여요 그대에게 나 반한것 같아 말한뒤에라도 후회하진 않을게요  두근거려요 마음으로 안아줘요 같이 살아가면서 부딪치고 힘들겠죠 걱정말아요 잘할게요 그대에게 나 반한것 같아 말은 안했지만 너무 멋져보여요 그대에게 나 반한것 같아 말한뒤에라도 후회하진 않을게요 말할거예요 이제 우리 결혼해요 그럼 늦은 저녁 헤어지며 아쉬워하는 그런일은 없을거예요 그대에게 나 반한것 같아 말은 안했지만 너무 멋져 보여요 그대에게 나 반한것 같아 말한 뒤에라도 후회하진 않을게요
1997.08.17~08.23,38,9397,거짓말이야,DJDOC,Season‘s Greeting,2000.12.12,Dance,이하늘,난 키도 작고 잘생긴 얼굴도 아냐 돈이 많은 것도 아냐 좋은 차가 있는 것도 아냐 하지만 난 사랑을 할 줄 알아 너가 얼마나 내게 소중한지 난 알아 난 외롭지 않아 쓸쓸하지 않아 너만 옆에 있어준다면 난 힘들지 않아 너에게 난 많은 것을 바라지 않아 다만 널 사랑하는 날 떠나지 말아 하지만 넌 지금 내 곁을 떠나려 하네 나에게 아픈 상처를 안겨주려 하네 나 지금 아무것도 생각할 수 없네 멍하니 너 얼굴만 바라보고 있네 우리들 함께 했던 수많은 시간들을 이젠 잊어달라며 말하며 떠나려 하는 너 믿어지지 않아 믿고 싶지 않아 너무너무 슬퍼 눈물조차 나오지 않아 거짓말이야 거짓말이야 니가 내곁을 떠났다는 건 거짓말이야 거짓말이야 거짓말이야 니가 내곁을 떠났다는 건 거짓말이야  우리들 세상에서 제일 행복했어 널 위해 난 뭐든지 할 수 있어 널 위해서라면 못할게 하나 없어 우린 약속했어 하나님이 우리에게 주신 건강과 시력을 거둬가시는 마지막날까지 감사하며 서로를 아껴주고 사랑하기로 약속했어 그렇게 시간이 흘러 나 군대를 가야했네 인정하기 싫은 현실과 큰 아픔 니가 사랑으로 기다려주길 바랬어 나의 욕심이였어 나의 바램이였어 하지만 넌 떠났어 넌 내곁에 없어 미안하다며 널 잊어달라며 넌 떠났어 우리의 약속은 사라져 버렷어 거짓말이야 거짓말이야 우리 영원히 함께 하자는 약속 거짓말이야 거짓말이야 거짓말이야  옛날이 돼 버렸어 거짓말이 돼 버렸어 둘이했던 약속 달콤한 키스 행복한 시간들 꿈같은 시간들 이젠 거짓말같이 옛날이 돼 버렸어 추억이 돼 버렸어 난 추억이 싫어 처음으로 다시 돌아갈 수 없는 지금 난 너무 괴롭고 싫어 거짓말이야 거짓말이야 니가 내곁을 떠났다는 건 거짓말이야 거짓말이야 거짓말이야 우리 영원히 함께 하자는 약속 거짓말이야
1997.08.17~08.23,39,72708,Forever,안재욱,Forever,1997.04.24,Ballad,하해룡,사랑했던 너를 잊지 못해.  부디 너를 다시 볼수 있다면.  기다릴 수 있어.  잠시 멀리 있는 거야.  안녕.슬픈 우리 사랑.  삶이 끝나는 날까지 남아서  눈물이 된다는.  마지막 고백 지울순 없겠지.  너의 사랑만이 이세상에서  살아가는 이유였는데.  돌아와줘.이제라도 사랑 할수 있게.  영원히.   사랑했던 너를 잊지 못해.  부디 너를 다시 볼수 있다면.  기다릴 수 있어.  잠시 멀리 있는 거야.  안녕.슬픈 우리 사랑.  삶이 끝나는 날까지 남아서  눈물이 된다는.  마지막 고백 지울순 없겠지.  너의 사랑만이 이세상에서  살아가는 이유였는데.  돌아와줘.이제라도 사랑 할수 있게.  너의 사랑만이 이세상에서  살아가는 이유였는데  돌아와줘.이제라도 사랑 할수 있게.  영원히.
1997.08.17~08.23,40,38090,악세사리,구본승,Charisma,1997,Dance,이승호,수많은 여자애들 만나왔었지 악세사리처럼 바꿔가며 만났어 지 아무리 콧대 높은 여자라해도 내 앞에선 소용없었어 한번의 사랑으로 끝났고 내일은 없었던거야 어차피 버려질 껌처럼 모두 그렇게 버렸어 어떤 여잘 만나도 ~ 어렵지가 않았어~ 내 달콤한 Kiss~와 속삭임에 모두 눈이 멀었지 그런 내가 변했어~ 너를 만난 그 순간부터 너없이는 하루도 살수없는 사람이 되버렸어 얼라벌라 딩딩해야 모두 그렇게 끝났어 얼라벌라 딩딩해야 사랑에 눈이 멀었어  널 향한 내 마음이 나답지 않아 예전처럼 다른 여잘 찾아 다녔어 모든 여자 얼굴들이 너로 보였고 사랑인걸 알게 되었어 어렵게 다시 만난 넌 내게  왜 자꾸 이러느냐고 날 사랑하는게 아니니 다신 널 찾지말라고 이제 어떡하라고~ 너를 사랑하는데~ 나 예전에 그랬듯 사랑없이 너도 날 만난거야 너를 만나 사랑을~ 이제서야 알게됐는데 또 누군가 찾아서 헤메일 나 이제는 자신없어  얼라벌라 딩딩해야
1997.08.17~08.23,41,69235,관심 밖의 나 (그래도 널),이기찬,이기찬 1집,1996.12,Ballad,이기찬,나 항상 너의 곁에 있어 네 사랑을 볼 순 있지만 나의 사랑과 너의 사랑이 다른 모습에 아픔 속에서 다시 체념할 수 밖에 또 다시 보고 말았어 그 사람 안에서 행복해하는 널 보내줘야 하는데 아름다운 내 눈물이 그 추억만큼은 놓질 않아 함께 누워 너의 머리를 만져주던 지난 푸른 기억 왜 내게 잘해준 건지 그를 대신한 건지 괜찮아 그 순간만큼은 행복했으니까 너를 보는 나의 눈빛 만큼이나 그를 원하고 있는 네가 느껴져 하지만 난 세상과 인연이 다하는 날까지 너를 기다릴 거야 바보같지만 나의 눈물이 다 하는 날까지 네가 영원한 나의 사랑이 되기를 기도하며  함께 누워 너의 머리를 만져주던 지난 푸른 기억 왜 내게 잘해준 건지 그를 대신한 건지 괜찮아 그 순간만큼은 행복했으니까 너를 보는 나의 눈빛 만큼이나 그를 원하고 있는 네가 느껴져 하지만 난 세상과 인연이 다하는 날까지
1997.08.17~08.23,42,667127,꿈의 대화,장혜진,Moskito (Single),1997.05.08,Ballad,이승호,아침햇살이 내방창가에  소리없이 내려 앉으면  작은 화분 그속에  나의 어린 꽃들이  지난 밤의  얘길 해주곤해   처음 그대를 만난  그날은 뭐가  그리 궁금했는지  어떤 사람이냐고  무슨 얘길했냐고  정말 나를 귀찮게 했었지  그대여 그대 눈빛만으로  나를 사로잡았었다고  얘길하며 그대를  생각했지 알고 있었어  그대 나의 사랑으로  되리라는 걸  영원할거라고 내 어린  꽃들도 믿었어  어느날인가 수척해있는  나의 어린 꽃을 보았지  밤새 뒤척거리던 나의 그 모습속에 이미 이별인걸  알았나봐  니가 있으니 괜찮을거야  아무 걱정 말라했지만  흘려버린 눈물에 젖어버린  꽃들이 위로 조차 할 수  없었나봐  그대여  정말 사랑했는데  그대 나의 곁엔 아무도  그대 아닌 누구도  안된다던 그대 였잖아  이젠 누가 함께하나  그댄 없는데  영원할거라던  내 어린꽃들도 나처럼  슬픔으로  이렇게 시들어가는데  정말 사랑했는데  그대 나의 곁엔 아무도  그대 아닌 누구도  안된다던 그대 였잖아  다신 사랑할수 없겠지  그대 기억만으로  내 어린꽃들과 추억에  기대어 살겠지  괜찮아질거야 내 어린  꽃들이 있으니
1997.08.17~08.23,43,74419,On The Beach,터보,Summer Remix,1997,Dance,,
1997.08.17~08.23,44,69198,영원,조관우,My 3rd Story About...,1996.12,Ballad,장복신,힘없이 내 품에 안긴채  그렇게 날 떠났지  어느 하늘을 보고 울어야  가슴에 묻힌 널 만날까  때론 잊으려 했지  너의 바램도 그럴테니  하지만 이길 수 없는 아픔을  먼저 떠나간 니가 알리 없잖아  미안해 이젠 갈께 너를 따라서  더 이상의 인연 없는  비틀린 세상 등지고  받아줘 너를 잃곤 살 수 없는 난  처음부터 내 인생에  넌 마지막 연인이니까  너를 사랑하는 길  그건 잊어주는 거라고  하지만 감추지 못해 흐르던  너의 눈물까지 잊을수는 없잖아  미안해 이젠 갈께 너를 따라서  더 이상의 인연 없는  비틀린 세상 등지고  받아줘 너를 잃곤 살 수 없는 난  처음부터 내 인생에  넌 마지막 연인이니까
1997.08.17~08.23,45,91212,라일락이 질때,이선희,First Love,1996.10.24,Ballad,이선희,안녕이라는 인사는 내게 단 한번도 말하지 않았어도 나는 느낌으로 알 수 있었지 이제 다시는 만날 수 없음을 변해가는 너의 마음이 내게 날카로운 흔적을 남겨도 보고픈건 미련이 남아서 일꺼야 이제 내 품에서 벗어나고 있네 돌아보진마 내가 안타까워서 혹시라도 눈길주진마 생각하지도마 또 다른 내 삶에서 나와 함께 했던 그 기억들은 다시는 만질 수 없겠지 따스한 너의 체온을  변해가는 너의 마음이 내게 날카로운 흔적을 남겨도 보고픈건 미련이 남아서 일꺼야 이젠 내 품에서 벗어나고 있네 돌아보진마 내가 안타까워서 혹시라도 눈길주진마 생각하지도마 또 다른 내 삶에서 나와 함께 했던 그 기억들은 다시는 만질 수 없겠지 따스한 너의 체온을 다시는 만질 수 없겠지 따스한 너의 체온을
1997.08.17~08.23,46,37832,"Here, I Stand For You (Original Ver.)",넥스트,"Here, I Stand For you",1997.02,Rock,Crom,Promise Devotion Destiny Eternity and Love I still belive in these words Forever 난 바보처럼 요즘 세상에도 운명이라는 말을 믿어 그저 지쳐서 필요로 만나고 생활을 위해 살기는 싫어 하지만 익숙해진 이 고독과 똑같은 일상도 한해 또 한해 지날 수록 더욱 힘들어 등불을 들고 여기서 있을께 먼 곳에서라도 나를 찾아와 인파 속에 날 지나칠때 단 한번만 내 눈을 바라봐 난 너를 알아 볼수 있어 단 한 순간에 Cause Here I stand for you 난 나를 지켜가겠어 언젠간 만날 너를 위해 세상과 싸워 나가며 너의 자릴 마련 하겠어 하지만 기다림에 늙고 지쳐 쓰러지지 않게 어서 나타나줘  난 나를 지켜가겠어 언젠간 만날 너를 위해 세상과 싸워 나가며 너의 자릴 마련 하겠어 하지만 기다림에 늙고 지쳐 쓰러지지 않게 어서 나타나줘  약속 헌신 운명 영원 그리고 사랑 이 낱말들을 난 아직 믿습니다 영원히
1997.08.17~08.23,47,2273956,영산강,안치환,Nostalgia,1997.04.02,Folk,이봉신,차라리 울어 볼꺼나 이 칙칙한 어둠 몰고 소리없이 숨죽여 울어 볼꺼나 차라리 돌아 설꺼나 무너져 내린 설움 안고 여윈 허리 보듬어 돌아 설꺼나 밤마다 산마루 넘어와서 시커멓케 다가와 두 손 내미는 못다한 세월  밤마다 산마루 넘어와서 시커멓케 다가와 두 손 내미는 못다한 세월 두 손 내미는 못다한 세월 음
1997.08.17~08.23,48,1913713,애수,진시몬,도라도라,2008.07.26,Adult Contemporary,김의섭,아직도 모르겠어 난 정말    꿈이라 생각해야 하는지    너떠나 그 길목에서 널 기다리는데    세월모두 흘러가면 잊혀진건 아닌데    되돌아 오는 그 길은 너무나도 멀었어    널 매일 생각했어 보이지 않는 환상을 쫓고 있어    그리워 목이메어 눈물흘려도 눈물닦아도    언젠간 돌아 올거라 믿었는데    그대여 제발 내게로 돌아 와줘요    내마음 오직 그대뿐인걸    꿈속에서도 눈을 떠봐도 온통 네모습 그뿐인걸
1997.08.17~08.23,49,1675486,행복만들기,언타이틀,The Blue Color,1997.02.01,Dance,유건형,내겐 여자친구가 하나 생겼지 내 마음에 쏙 들어 무척 기뻤지 모두 나를 부러워하는 눈치지 우리 사랑을 다들 질투하네 언제까지나 계속 될 우리의 사랑이 내게는 너무 큰 행복이야 항상 나의 곁에 있는 너를 난 사랑해 누구보다 더 아끼고 있어 우리 이 사랑을 영원히 간직해 행복을 만들어가  일상 생활 속에도 문득 떠올라 너만 생각하면 난 힘이 솟지 언제까지나 계속 될 우리의 사랑이 내게는 너무 큰 행복이야 항상 나의 곁에 있는 너를 난 사랑해 누구보다 더 아끼고 있어 우리 이 사랑을 영원히 간직해 행복을 만들어가  어쩌면 지금의 이런 나 널 위해서 존재하는지도 몰라 너는 날 사랑해줘 나를 받아줘 그런 널 영원히 지키겠어 살아가면서 행복을 만드는 이 나의 커다란 기쁨을 오 나의 이 행복은 너무 커 앞으로 계속 행복을 만들어 먼 훗날에도 우리 사랑이 영원하길 믿으며 두 손 모아 기도해 항상 나의 곁에 있는 너를 난 사랑해 누구보다 더 아끼고 있어 우리 이 사랑을 영원히 간직해 행복을 만들어가
1997.08.17~08.23,50,71581,Bus 안에서,자자,Illusion,1996.11,Dance,,아아 아 아 아 그녀는 너무 지적이야  그녀는 너무 매력있고 그녀는 나를 병들게 해  너무 너무 좋아 죽겠어 나는 매일 학교가는 버스 안에서  항상 같은 자리 앉아있는  그녈 보곤 해  하지만 부담스럽게 너무  도도해보여  어떤 말도 붙일 자신이 없어  아니야 난 괜찮아 그런 부담 갖지 마  어차피 지금 나도 남자친구  하나 없는데 하지만 너는 왜 아무말도 없을까  너에겐 내가 정말  필요하다는 걸 알아  넌 너무 이상적이야  니 눈빛만 보고  네게 먼저 말 걸어줄  그런 여자는 없어  나도 마찬가지야 이렇게  나도 매일 학교가는 버스 안에서  항상 같은 자리 앉아있는  그앨 좋아해  일부러 그녀의 곁에  서보기도 하지만  왠지 내가 너무 부족해보여  아니야 난 괜찮아 그런 부담  갖지 마  어차피 지금 나도 남자친구 하나 없는데 하지만 너는 왜 아무말도 없을까  너에겐 내가 정말  필요하다는 걸 알아  넌 너무 이상적이야  니 눈빛만 보고  네게 먼저 말 걸어줄  그런 여자는 없어  나도 마찬가지야 이렇게  그렇게 쉬운 일도 망설이는  한심한 네 모습 정말  무지무지 답답해  넌 너무 이상적이야  니 눈빛만 보고  네게 먼저 말 걸어줄  그런 여자는 없어  나도 마찬가지야 이렇게
