time,rank,song_id,title,singers,album,date,genre,creator,lyric
1998.12.06~12.12,1,75068,Dreams Come True,S.E.S.,S.E.S. 2,1998.11,Dance,,내가 원하는 대로 자신 있는 모습 그대로 이제껏 숨겨 왔던 비밀을 네게 모두 말하고 싶어 baby Funny how all dreams come true 나를 지켜줄거야 아껴왔던 작은 사랑도 Funny how I feel for you 너의 곁에 그려질 꿈결같은 나의 미래도 처음 느낌 그대로 짜릿했던 느낌 그대로 서로가 약속했던 것처럼 같은 생각 갖고 있었지 baby Funny how all dreams come true 나를 지켜줄꺼야 아껴왔던 작은 사랑도 Funny how I feel for you 너 하나만 사랑해 Come on lover 언제나 둘이 함께 네가 있는 나 행복할 거에요 더 이상 슬픈 노래는 듣지 않을 거예요 내 맘을 알겠죠 Dreams come true 나를 지켜줄거야 아껴왔던 작은 사랑도 Funny how I feel for you 너의 곁에 그려질 꿈결같은 나의 미래도
1998.12.06~12.12,2,1606672,애인이 생겼어요,터보,터보(Turbo) 4집 `Perfect Love`,1998.11.01,Dance,이승호,Yeah My Found My True Love This Is The Story 왜 너만 보면 가슴이 콩닥콩닥 거릴까 왜 너만 보면 입술이 바싹바싹 마를까 왜 너만 보면 다리가 비틀비틀 거릴까 나 아무래도 너에게 빠졌나봐 니 곁에만 있으면 가슴이 마구 떨려 오는 걸 아무리 태연한 척 하려해 봐도 안절 부절인 걸 나를 아는 친구들 이상한 눈초리로 나를 봐 한번도 여자 앞에 이런 내모습 본적 없으니까 어쩌다 너와 눈빛이라도 마주칠때면 난 쑥스러워 피해 버렸고 네 향기로운 머리결 스칠때면 어쩔줄 몰랐지 이렇게 달라질 수 있을까 완전히 다른 사람처럼 하지만 나도 몰라 이런 내 모습 너무 행복한걸 이제야 나의 짝을 만나게 됐어 나 그동안 만났던 사람 진정한 사랑이 아닌듯 이제야 만나게 됐어 나의 진정한 사랑을 그 누가 무슨말을 내게 한다 해도 이제 넌 나의 짝이됐고 이런 우릴 인정하지 않는 다면 의절이야 너무 보고 싶어서 너 없는 아침이 난 싫었지 하지만 요즘엔 괜찮아 꿈에도 너를 만나니까 가끔 너를 못 봐도 이 만큼 참아 낼 수 있는건 이제는 눈 감아도 항상 니모습 볼 수 있으니까 처음엔 나보다는 너를 더 걱정했었지 또 금방 너를 떠날지몰라 그런데 날이 가면 갈수록 왜 그런지 내가 더 심각해 이렇게 달라질 수 있을까 완전히 다른 사람처럼 하지만 나도 몰라 이런 내 모습 너무 행복한걸 이렇게 달라져도 괜찮아 그 누가 어떤말을 해도 언제나 너만 생각하고 너만을 바라보고 싶어 내가 네 마지막이 될것 같아 널 생각하면 입가엔 히죽히죽 미소가 널 생각하면 온몸엔 삐질삐질 땀이나 널 생각하면 세상이 모두 내 것만 같아 널 생각하지 않을께 너를 보고 있을래
1998.12.06~12.12,3,1816948,To Heaven,조성모,To Heaven,1998.09.06,Ballad,이승호,괜찮은거니 어떻게 지내는거야 나 없다고 또 울고 그러진 않니 매일 꿈속에 찾아와 재잘대던 너 요즘은 왜 보이질 않는거니 혹시 무슨 일이라도 생겼니 내게 올 수 없을 만큼 더 멀리갔니 니가 없이도 나 잘 지내 보여 괜히 너 심술나서 장난 친거지 비라도 내리면 구름 뒤에 숨어서 니가 울고 있는 건 아닌지 걱정만 하는 내게 제발 이러지마 볼 수 없다고 쉽게 널 잊을 수 있는 내가 아닌걸 잘 알잖아 혹시 니가 없어 힘이 들까봐 니가 아닌 다른 사랑 만날 수 있게 너의 자릴 비워둔 것이라면 그 자린 절망 밖에 채울 수 없어 미안해 하지마 멀리 떠나갔어도 예전처럼 니 모습 그대로 내 안에 가득한데 그리 오래 걸리진 않을거야 이별이 없는 그곳에 우리 다시 만날 그날이 그때까지 조금만 날 기다려 줘
1998.12.06~12.12,4,38030,배려,김동률,The Shadow Of Forgetfulness,1998.12.01,Ballad,김동률,가끔 너는 내게 아무렇지도 않은 듯이 나의 안부를 묻곤 하지 태연히 나는 아직 너의 너무도 좋은 친구라며 어색한 내 모습을 되려 탓하지 떠난 사람은 그리 편한건지 모른 척 하는지 언제까지 기다린단 내 말 잊은건지 진정 나를 위한다면 이쯤에서 그만 날 놓아줘 사랑했던 마음이라도 간직할 수 있게 이런 내가 가엾다면 두 번 다시 날 찾지 말아줘 니가 없는 채로 세상에 길들여 질 수 있게 떠난 사람은 그리 편한건지 모른 척 하는지 언제까지 기다린단 내 말 잊은건지 진정 나를 위한다면 이쯤에서 그만 날 놓아줘 사랑했던 마음이라도 간직할 수 있게 이런 내가 가엾다면 두 번 다시 날 찾지 말아줘 돌아올 수 없는 거라면 차라리 멀리 떠나줘 제발
1998.12.06~12.12,5,32729,눈물,리아,Yozosooknyo,1998.10,Rock,리아,이럴줄은 몰랐어 사랑을 느꼈어  떠난다는 그말에 나 울어 버린거야 내겐 그런 슬픈일이 없을 줄  알았었는데  우리 처음 만난 날 기억하고 있어  널 닮아 버린 모습도 그  무슨 소용있니  이제 너를 본다는 건 욕심이  돼버린 거야  울었어 눈물을 참지 못해 울었어  부은 눈을 감고 잠이 들었어  미칠 것만 같았어 하늘도  울고만있어  이런게 이별인 줄 몰랐던 거야  혼자 남아 버렸어 믿을  수 없었어  세상이 날 버리고 모두  날 버린거야  나는 지쳐만 가는데 이젠  어떻게 살라고 울었어 눈물을 참지 못해 울었어  부은 눈을 감고 잠이 들었어  미칠 것만 같았어 하늘도  울고만있어  이런게 이별인줄 몰랐던 거야  울었어 눈물을 참지 못해 울었어  부은 눈을 감고 잠이 들었어  미칠 것만 같았어 하늘도  울고만있어  이런게 이별인줄 몰랐던 거야
1998.12.06~12.12,6,81013,커플,젝스키스,Special,1998.10.03,Dance,장대성,예전보다 지금 니가 더욱 괜찮을거야  허전했던 나의 빈 곳을 이젠 채워 줬으니 아름다운 세상에서 많이 외로워 하며 내 반쪽을 찾아 해맨건 모두 옛날 얘긴걸 내 생애 이 시간만을 얼마나 기다렸는지 마치 꿈만 같은걸 이젠 나 혼자가 아닌 너와 함께 하는거야 Oh LOVE 왜 이제서야 많이 외롭던 나를 찾아온거야 Oh LOVE 너를 사랑해 이제 모든 시간들을 나와 함께해  All right all right When I saw you one time I lost my heart to you Oops baby I'll be loving you forever with you now Baby don't go too far I won't let you go Please don't go I want to hold you tight and I need your love 얼마나 수 많은 날을 기다려 왔는줄 아니 이젠 모두 앞에서 너의 손을 꼭 붙잡고 우린 함께 하는거야 Oh LOVE 왜 이제서야 많이 외롭던 나를 찾아온거야 Oh LOVE 너를 사랑해 이제 모든 시간들을 나와 함께해 과거 따윈 모두 잊고 나와 함께 할 많은 시간을 추억으로 만들어 Oh LOVE 왜 이제서야 많이 외롭던 나를 찾아온거야 Oh LOVE 너를 사랑해 이제 모든 시간들을 나와 함께해
1998.12.06~12.12,7,1073473,Poison(Remix),엄정화,Club DJ 가요 리믹스 Vol.1,1998.11,Dance,,
1998.12.06~12.12,8,91307,미안해 널 미워해,자우림,연인(戀人),1998.11,Rock,"김윤아,이선규",기억 나지 않아 어젯밤 꿈조차 지우려고 했던게 아닌데 잠들지 않도록 널 부르며 눈 감았지 사무쳐 그리지는 않았지 미안해 널 미워해 이대로 인걸 이해해 넌 그렇게 그대로 인걸 꿈꾸지 않기를 눈 감으며 기도했지 사무쳐 그립지는 않았지 미안해 널 미워해 이대로 인걸 이해해 넌 그렇게 그대로 인걸 그래 나 널 지우려고 해 널 보내려고 해 이제 지쳤어 미안해 널 미워해 이대로 인걸 이해해 넌 그렇게 그대로 인걸 미안해 널 미워해 이대로 인걸 어느새 난 빗물에 젖어 슬픈 새 미안해 널 미워해 이대로 인걸 이해해 넌 그렇게 그대로 인걸
1998.12.06~12.12,9,80649,마지막 사랑,에코,Voice Of Love,1998.11,Ballad,이현규,왜 내게서 멀어졌나요 난 정말 원치 않았던  이별이었어요 긴 하루를 보낼 때마다 나도 모르게 눈물이  흐르곤 했었죠 그대는 내가 그립지 않나요 벌써 모든 것을 잊으셨나요 우리 헤어져야 하는 이유를 아직도 인정할 수가 없어요 쉽게 끝낼 수가 없어요 나는 처음부터 다시 시작하고  싶어요 어딜 가도 그대 생각 때문에 난 너무나 힘이 들어요  그대 역시 마찬가지잖아요 나는 달라지고 있어요 그대 다시 내게 돌아오기만을  손꼽아 기다려요 나는 그대에게 마지막  사랑이기를 원해요 좋은 추억만 기억해주세요 정녕 이대로 날 버릴 건가요 다시 한번 사랑할 수 있도록 웃으며 반겨줄 수는 없나요 쉽게 끝낼 수가 없어요 나는 처음부터 다시  시작하고 싶어요 어딜 가도 그대 생각 때문에 난 너무나 힘이 들어요  그대 역시 마찬가지잖아요 나는 달라지고 있어요 그대 다시 내게 돌아오기만을  손꼽아 기다려요 나는 그대에게 마지막  사랑이기를 원해요 나는 아무 욕심 없어요 오직 사랑하는 그대 품에 안겨  살 수 있다면 그 뿐이예요 세상이 허락하는 날까지  기다릴 거예요 내게 돌아올 그대를 믿어요
1998.12.06~12.12,10,1627767,Love Song,김종서,20th Anniversary Greatest Hits,2007.04.24,Rock,김종서,가끔은 생각 날까 지금 나처럼 내일도 그길에 미소지으며 나를 기다리고 있을것 같아 다시 볼수 없대도  행복할 수 있는 나 똑같은 세상에 살고 있다는 그 한가지 이유만으로 지난 여름날 내게 줬던 커플링 하얗게 빈 자국만이 나의 마음을 아프게 해 난 아직도 널 사랑해 세상 끝나는 날 그 순간까지 나의 마음 깊은 곳에 넌 살아 있으니 난 괜찮아 너 떠나도 잠시 너를 맡긴거라 생각해 혹시라도 힘겨울 때 다시 돌아와 니가 있던 그 자리 지난 여름날 내게 줬던 커플링 하얗게 빈 자국만이 나의 마음을 아프게 해 난 아직도 널 사랑해 세상 끝나는 날 그 순간까지 나의 마음 깊은 곳에 넌 살아 있으니 난 괜찮아 너 떠나도 잠시 너를 맡긴거라 생각해 혹시라도 힘겨울 때 다시 돌아와 니가 있던 그 자리
1998.12.06~12.12,12,33271,루비(淚悲):슬픈 눈물,핑클,Fine Killing Liberty : Blue Rain,1998.05,Ballad,이재경,오늘 그녀를 만났어   너의 새로운 여자를   다신 만나지 말라고   부탁했었어  빨간 루비처럼 그녀는   내게 자신있는 말투로   너를 나보다 더 사랑한다   말했어   I CAN'T CRY I CAN'T   CRY I CAN'T CRY   그래 널 보내주겠어   그 무엇도 바라지 않아   나를 위해 힘겹게 널   내 곁에 두는 것보다   널 위해서 내가 떠날게   많이 아프고 힘들지만   나보다 그녀가 더 좋다면   니 곁에서 이제 없어져 줄게   I CAN'T CRY I CAN'T   CRY I CAN'T CRY   그래 널 보내주겠어   그 무엇도 바라지 않아   나를 위해 힘겹게 널   내 곁에 두는 것보다   널 위해서 내가 떠날게   먼 훗날 혼자가 되면 나에게   그때 나에게  돌아올 수 있겠니 너를   기다릴거야   잠시 넌 저먼곳으로   여행을 떠난거야   나에게 나에게 돌아올   그날을 기다리며   I CAN'T CRY I CAN'T   CRY I CAN'T CRY   솔직히 나의 바램은   널 영원히 붙잡고 싶어   I CAN'T CRY I CAN'T   CRY I CAN'T CRY   언제든 다시 돌아와   난 여전히 너의 여자야
1998.12.06~12.12,13,91299,빛 (Hope),H.O.T.,H.O.T 3,1998.09.01,Dance,강타(KANGTA),늘 함께 있어  소중한 걸 몰랐던 거죠  언제나 나와 함께 있어준  소중한 사람들을  가끔씩 내가 지쳐 혼자라 느낄 때  언제나 내게 힘이 돼준 사람들을 잊고 살았죠 이제는 힘들어도 지쳐도 쓰러지지 말고 당신의 내일을 생각하며 일어나요 사업에 실패 했어 사랑에 실패 했어 그 어떤 것도 당신을 쓰러 뜨릴순 없어 알고있죠 세상엔 당신 혼자가 아니란 걸 주저앉아 슬퍼만 하고 있을 때가 아니란 걸 아는걸 우리모두 일어나요 손을 내밀어요 모두 다함께 해요 다함께 손을 잡아요 그리고 하늘을 봐요 우리가 함께 만들 세상을 하늘에 그려봐요 눈이 부시죠 너무나 아름답죠 마주잡은 두 손으로 우리 모두 함께 만들어 가요 워워 baby 어둠에 둘러싸인 세상이 그 속에 쓰러져 가는 모두들의 모습이 우리 마음속에 있는 믿음과 사랑이 크지 못하게 가로막고 있다고 해도 다시 시작할 수 있는 굳은 용기 일어설 수 있다는 걸 알고 있어 눈물을 닦고서 밝아 오는 빛을 맞이하며 높이 우뚝 선 모두들의 행복한 미소를 그려 주위를 둘러보면 너무나 가슴이 아프죠 세상에 가득 차 있는 미움과 아픔들이 나를 서로를 미워하는 그런 마음들을 조금만 가슴을 열어 우리 서로의 사랑을 나누어 봐요 우리가 서로에게 조금씩 사랑을 보일 때 서로에 대한 믿음을 키워나갈 때 싸울 일 없어 기분 나쁠 일도 없어 서로 찡그리며 다툴 필요도 전혀 없어 우리가 꿈꾸는 눈부신 빛이 저기 있어 아름다운 세상이 바로 저기 보여 우린 여기 서서 이렇게  말하고 있어 우린 H O T Let's Party 다함께 손을 잡아요 그리고 하늘을 봐요 우리가 함께 만들 세상을 하늘에 그려봐요 눈이 부시죠 너무나 아름답죠 마주잡은 두 손으로 우리 모두 함께 만들어 가요 워워 baby 앞으로 열릴 당신의 날들을 환하게 비춰줄 수 있는 빛이 되고 싶어 이제 고개를 들어요 눈부신 빛을 바라봐요 다함께 손을 잡아요 그리고 하늘을 봐요 우리가 함께 만들 세상을 하늘에 그려봐요 눈이 부시죠 너무나 아름답죠 마주잡은 두 손으로 우리 모두 함께 만들어 가요 모두 다 눈을 떠봐요 눈앞에 세상을 봐요 꼭 마주잡은 두 손으로 우리가 해냈어요 두려움은 없어요 슬픔도 이젠 없어 우리 마음을 여기에 모아 기쁨의 축제를 열어요
1998.12.06~12.12,14,81547,슬픈 변명,김현성,Kim Hyun Sung 2 Solo Album,1998.10,Ballad,김종숙,이제와 널 이해해 달라고 그 사람 잘못이 아니라고 모든게 니 탓이라고 더 이상 변명따윈 하지마 어설픈 위로도 하지말아 내 가슴 무너지고 말아 그래 내가 아니라도 좋아 너만 행복할 수 있다면 제발 나의 숨을 막지는 마 그 사람을 위한 네 눈물로 더 이상 변명따윈 하지마 어설픈 위로도 하지말아 내 가슴 무너지고 말아 그래 내가 아니라도 좋아 너만 행복할 수 있다면 제발 나의 숨을 막지는 마 그 사람을 위한 네 눈물로  그래 내가 아니라도 좋아 너만 행복할 수 있다면 제발 나의 숨을 막지는 마 그 사람을 위한 네 눈물로
1998.12.06~12.12,15,534604,지각,유리상자,사랑찾기,1998.10.14,Ballad,이세준,간절히 바랬죠  제발 단 하루만이라도  나에게 마지막 기회를 주시길  이제껏 한번도  저는 그분의 그 입가에  밝은 미소 짓게 해드리지 못했죠  이제야  겨우 이제서야  돌아왔는데  그분의 곁으로  잘 하려 했는데  돌아 왔는데  준비하지 못했었던  어리석은 저에겐  견딜 수가 없도록 힘이 들지만  조금이라도 빨리 그를  당신 곁에 두시려  그렇게도 서둘러 데려가셨다면  그저 따라야 하겠죠  알 것도 같아요 그가 나에게 베풀었던 그 사랑이 바로 당신의 사랑인걸 이제야 겨우 이제서야  돌아왔는데 그분의 곁으로 잘 하려 했는데 돌아 왔는데 준비하지 못했었던 어리석은 저에겐 견딜 수가 없도록 힘이 들지만 조금이라도 빨리 그를 당신 곁에 두시려 그렇게도 서둘러 데려가셨다면 감사하며 따르겠어요 어리석은 저에겐 견딜 수가 없도록 힘이 들지만 조금이라도 빨리 그를 당신 곁에 두시려 그렇게도 서둘러 데려가셨다면
1998.12.06~12.12,16,80697,작별,이소은,소녀 (少女),1998.12,Ballad,MGR(RBW),죄송했어요 많이 불편해 하셨죠  어린 마음에 너무 멋대로 굴었죠  예쁘더군요  오빠 옆에 있던 그 언니는  당연한걸요 오빠의 신부니까요 한번만 내 교복 입은 모습  보여 드리고 싶어 찾아 왔죠  이 모습 내게 제일 어울리나요  오래 망설였죠 속일 마음은  아니였었는데 다신 못 볼까 두려워 알고 있어요 그러면 안 되는걸  나빴어요 나는 정말로  곤란케 했다니  용서해줘요 하지만 그댈위해  여기까지 하기로 해요  그 언니 잘해 주셔요  한번만 내 교복 입은 모습 보여 드리고 싶어 찾아 왔죠 이 모습 내게 제일 어울리나요 오래 망설였죠 속일 마음은 아니였었는데 다신 못 볼까 두려워 알고 있나요 많이 울었다는 걸 나빴어요 그댄 정말로 내 맘 몰라주니 이제 잊어요 그냥 어린 여자애 알았었지 하고 말예요 그 언니 잘해 주셔요
1998.12.06~12.12,17,81075,1tym,원타임,One Time For Your Mind,1998.11,Rap / Hip-hop,송백경,알겠어 와 와 우리도 지금까지   how how 너무도 긴 시간을   foul foul   참아왔던 것 you know what   the time how we kick right now  우리가 모든 것을 엎어 엎어 지금  이곳에서 벗어나고 싶어  oh my god 너희 모둘 기다려온 1tym 처럼 다시 시작하는 거야 다같이 bow wow wow yippy  to then 똑같이 반복됐던  손짓속에   이제껏 소리쳐 댓었던 바보같던   너의 거짓된 눈 바로 떠   무엇이 보이나 무엇을 원하는가   구겨졌던 어제와 오늘의   네 미래 자신있게 with the   1tym track  1tym is one time for your   mind 원하는 것을 다   너에게 주겠어  우리는 1tym 조금씩 다가와   우리 함께 가는 거야 이대로  아직도 뭔말인지 또 뭔소린지   왜 알아듣지 못할 말로 지껄이지  yo t.e. to the d 이제는 말하지  excuse me  사라져버려 모두 다가가 진실들을 향해  전부 다가가 느끼니  우리 hiphop 속에 감춰진 자유  그 누구도 따라할 수 없는걸 자 때가 왔어 빨리 모든걸  너희들이 가려줄 시간들이  눈앞에 서있지 이제 모두가 깨달아야 하지 함께 1tym을  크게 외쳐봐 우리는 영원할거야 보다 멀리  더 멀리 날아가리 저 높은 곳에 우리 모두  하나가 되리 1tym is one time for  your mind 원하는 것을  다 너에게 주겠어 우리는 1tym 조금씩 다가와  우리 함께 가는 거야 이대로 1tym is one time for your  mind 원하는 것을 다  너에게 주겠어 우리는 1tym 조금씩 다가와  우리 함께 가는 거야 이대로  1tym 조금씩 다가와 우리  함께 가는 거야 이대로  1tym is one time for your  mind 너에게 주겠어
1998.12.06~12.12,18,80949,Goodnight,이현우,Both Sides Of The Story,1998.11,Ballad,,숨이 막혀 올 것 같다 슬프도록 아름다운 밤 너무나도 아름다운 너 우리는 이렇게 사랑을 하네 내겐 믿어지지가 않아 나를 향한 너의 사랑이 오오 baby 주위에 많은 사람들은 모두 너를 바라보잖아 너는 눈부시게 아름답구~나~ 나의 품에 가득 안기어 춤을 추고 있구나~~ you are my everything 루루루루루루~~ you rule my world 이순간을 영원히~~~~  너를 바래다 주고나서 불이켜진 너의 창문을 나는 한참동안 바라보았어 oh my lady 너의 창에 불이 꺼지면 오 이젠 꿈을 꾸겠지~ you are my everything 오 no no no no no~~ you rule my world 오 그대여 goodnight~~~ oh my lady you're the one tonight~~~ 이 순간을 영원히~ 우리 사랑 영원히 워~~~~~ goodnight my love~
1998.12.06~12.12,19,79740,초대,엄정화,Invitation,1998.07,Dance,박진영,오늘을 기다렸어   이런 밤이 오기를   그대와 단 둘이서 지샐 우리밤을   난 기다려왔어   불을 켤 필요없어   아무말도 필요없어   그대의 모든걸 내게 맡긴채 그대   눈을 감고있어   아슬아슬하게 아찔하게   그대가 내 품에 들어오게   이 마음과 이 미소와   이 눈빛과 이 숨길로   오늘밤 그대를 유혹할래   망설일 필요없어   난 준비가 돼있어  그댄 나의 이마음을 이미   오래전에 빼앗아갔어  하늘하늘하게 촉촉하게  그대 가슴속에 젖어오게  그댈향한 그리움에 목이마른  이 가슴에  그대사랑에 비를 내릴래  말을해봐 보여줘봐  가지고 있는 너의 모든걸 나에게 줘봐  이 밤이 다가기전에 내일이 없는  사람들인것 같이 아슬아슬하게 아찔하게  그대가 내 품에 들어오게  이 마음과 이 미소와  이 눈빛과 이 숨길로 오늘밤  그대를 유혹할래  하늘하늘하게 촉촉하게  그대 가슴속에 젖어오게  그댈향한 그리움에 목이마른  이 가슴에  그대 사랑의 비를 내리게
1998.12.06~12.12,20,106605,아시나요?,영턱스클럽,영턱스 클럽 4,1998.10.30,Dance,이승호,우리 지금부터 시작해 너무  기다렸던 사랑을 너무 바래왔던 사랑을 이제  시작하는거야 아시나요 그댈 만나 이렇게 변해버린 나의 모습을 언제나 그대 생각나기만 해도 괜시리 얼굴 빨개지는 이 느낌 보이나요 이런 내 맘 처음엔 몰래 감춰두려 했는데 하지만 요즘엔 그대가 이런 날 꼭 모두 알아줬으면 해요 어쩌다 그대 눈빛 마주칠때면 가슴이 철렁하고 내려 앉아요 왜 얼굴은 또 화끈 거리는지 내가 왜 이런지 그댄 아나요 가끔씩 먼 산 보며 멍해지는 날 친구들 깔깔대며 놀려대지요 너 요즘 무척 이뻐진것 같다고 분명히 사랑에 빠진것 같다고 정말 행복하기만 해요 온 종일 설레임에 들뜬 이 기분 하루종일 우리 함께 있어도 그대와 헤어질때면 싫은걸요 아시나요 밤이 와도 그대와 함께 있고 싶은 내 맘을 오늘도 그대 돌아서는 뒷모습 눈물이 날 정도로 아쉬웠어요 느끼나요 그대곁에 자꾸만 기대보고 싶은 내 맘을 그대가 없으면 가슴이 시려요 이런게 바로 사랑인가요 편안하게 다가왔던  니가 너무 좋아 부담없이 대해주던  니가 너무 좋아 이런 느낌 하나로만  영원하길 바래 그냥 편한 친구처럼  영원하길 바래 우린 다른 연인처럼  사랑하면 안돼 구속하고 집착하는  바보같은 사랑 지금처럼 함께하며 행복하길 바래 응 행복하길 바래 지금쯤 어디에서 무엇을 할까 왜 그리고 궁금하고 보고 싶은지 또 눈감아도 그대 모습 보이는지 이런 내 맘 나도 모르겠어요 처음엔 답답하고 무서웠어요 어떻게 해야 할지 몰랐거든요 누구나 사랑하게 되면 나처럼 이렇게 변할수가  있는건가요 가끔 이런 생각도 해요 영원히 볼수 없는 슬픈 이별을 하지만 나 두렵지는 않아요 지금은 그대 내곁에 있는걸요 아시나요 밤이와도 그대와 함께 있고 싶은 내 맘을 오늘도 그대 돌아서는 뒷모습 눈물이 날 정도로 아쉬웠어요 느끼나요 그대곁에 자꾸만 기대보고 싶은 내 맘을 그대가 없으면 가슴이 시려요 이런게 바로 사랑인가요
1998.12.06~12.12,21,81258,기다리는 아픔,조용필,Ambition,1998.02,Rock,이애경,고독한 이 가슴에 외로움을 심어주고  초라한 내 모습에 멍울을 지게 했다  함께한 시간보다 더 많이 가슴을 태웠고  사랑한 날보다도 더 많이 아파했다  아픔속에 지워야 할 사랑이면  고개숙인 향기마저 데려가지  눈을 떠도 감고 있는 내 그림자  그대에게 가고 있는데  날 위해 힘들다 말해줘  내가 기다릴 수 있게 해줄래  돌아와 베어진 가슴에 눈물이 마를 수 있게   아픔속에 지워야 할 사랑이면  고개숙인 향기마저 데려가지  눈을 떠도 감고 있는 내 그림자  그대에게 가고 있는데  날 위해 힘들다 말해줘  내가 기다릴 수 있게 해줄래  돌아와 베어진 가슴에 눈물이 마를 수 있게  눈물이 마를 수 있게
1998.12.06~12.12,22,12989,Goodbye,Jessica,사연이 있는 음악 Story,2001.02.01,Pop,,I can see the pain living in your eyes And I know how hard you try You deserve to have so much more I can feel your hurt and I sympathize And I'll never critisize All you ever meant to my life I don't want to let you down I don't want to lead you on I don't want to hold you back from where you might belong You would never ask me why My heart is so disguised I just can't live a lie anymore I would rather hurt myself Than to ever make you cry There's nothing left to say but goodbye  goodbye  You deserve a chance at the kind of love I'm not sure I'm worthy of Losing you is painful for me I don't want to let you down I don't want to lead you on I don't want to hold you back from where you might belong You would never ask me why My heart is so disguised I just can't live a lie anymore I would rather hurt myself Than to ever make you cry There's nothing left to say but goodbye  You would never ask me why My heart is so disguised I just can't live a lie anymore I would rather hurt myself Than to ever make you cry There's nothing left to try No it's gonna hurt us more There's no other way than to say goodbye  goodbye
1998.12.06~12.12,23,91226,세상은,신효범,Ego,1998.10,Ballad,강현민,귀기울여 듣고 있다면  언제라도 알 수 있겠죠  그대의  곁에 있는 사람들에겐  작은 사랑이  필요함을  눈을 감고  느껴 보아요  그대 고운  마음을 얘기할때  우리를 감싸는  저 넓은 하늘이  더욱 푸른빛으로  빛나고 있다는걸  아름다운  곳이죠  그대와 내가 함께  만들어갈 세상은  따뜻한 마음을  원한다는걸  알 수  있잖아요  고개 들어  하늘을 봐요  그대 작은  사랑의 마음들이  우리를 감싸는  저 높은 하늘을  더욱 푸른 빛으로  빛나게 하잖아요  아름다운  곳이죠  그대와 내가 함께  만들어갈 세상은  따뜻한 마음을  원한다는걸  알 수 있잖아요 그대 혼자가 아니야 마음을 열 수 있다면 곁에 있는 내모습도 아름다운 세상도 모두다 그댈 위한거죠 아름다운 곳이죠 그대와 내가 함께 걸어갈 이 세상은 따뜻한 마음 가득한 곳이죠 알 수 있잖아요 그대 외로워 말아요 후 후
1998.12.06~12.12,24,79910,후(後),5Rock室(오락실),후 (後),1998.09.01,Rock,임홍렬,슬픈 영화를 볼때면  눈가에 가득 고인 눈물을  애써 참아냈던 나  그런 영화속에 주인공처럼  늘 살고싶다 말하던  널 어디에서 찾을까  술에 취한 밤이면 습관처럼  너의 집앞엘 갔지 어색한 웃음으로  미안해 하던 나의 모습  그땐 곁에 항상 니가 있어 주었기에  너의 소중함을 몰았던 날 용서해  다시 너에게로 가고싶어 널 사랑해  우리 처음 만난 그때처럼 내게로 돌아와   우연히라도 거리에서 한번쯤  너를 만날수 있을거란 생각에  처음 너를 만난 그곳을 갔지  여전히 어리석은 욕심에  이젠 지쳐가는 날 위해  함께봤던 영화속 연인처럼  나의 곁으로 다시 돌아온 너를 위해  지켜온 나의 시간들  그땐 곁에 항상 니가 있어 주었기에  너의 소중함을 몰았던 날 용서해  다시 너에게로 가고싶어 널 사랑해  우리 처음 만난 그때처럼 내게로 돌아와 -  - 간 주 중  -  함께봤던 영화속 연인처럼  나의 곁으로 다시 돌아온 너를 위해  지켜온 나의 시간들  그땐 곁에 항상 니가 있어 주었기에  너의 소중함을 몰았던 날 용서해  다시 너에게로 가고싶어 널 사랑해  우리 처음 만난 그때처럼 내게로 돌아와  곁에 항상 니가 있어 주었기에  소중함을 몰았던 날 용서해  너에게로 가고싶어 널 사랑해  처음 만난 그때처럼 내게다시 돌아와
1998.12.06~12.12,25,80563,선생님 사랑해요,한스밴드,1집 Hans Band,1998.09.01,Rock,이재경,어느날 문득 나의 가슴을  설레게 하는 사랑이 온거야   늘 웃음 가득한 멋진 그대의 모습  내 맘 속에 가득 차고  나 거울 앞에서 매일 단장을 하며  함께 할 수 있길 기도해   그대의 집 앞에 수줍게 쓴 내 편지와  장미 꽃 한 송이를 몰래 두고  그 누구에게도 말할 수 없는  나만의 비밀스런 사랑   나의 첫사랑 너무 소중해  그 사람 나를 어떻게 보실까  내가 바라는 건 단 한번이라도  나 그 분 앞에서 여자이고 싶어   어느 날 하얗게 나의 꿈은 사라졌어  겨울이 오면 결혼 하신다고  웃으며 축하를 해야 하지만  나 어떡해 자꾸 눈물이 나   나의 첫사랑 너무 소중해  그 사람 나를 어떻게 보실까  내가 바라는 건 단 한번이라도  나 그 분 앞에서 여자이고 싶어   나의 첫사랑 너무 소중해  그 사람 나를 어떻게 보실까  내가 바라는 건 단 한번이라도  나 그 분 앞에서 여자이고 싶어
1998.12.06~12.12,26,1877126,사랑을 위하여,김종환,사랑을 위하여,1997.06.13,Adult Contemporary,김종환,이른 아침에 잠에서 깨어 너를 바라볼 수 있다면 물안개 피는 강가에 서서 작은 미소로 너를 부르리 하루를 살아도 행복할 수 있다면 나는 그 길을 택하고 싶다 세상이 우리를 힘들게 하여도 우리들은 변하지 않아 너를 사랑하기에 저 하늘 끝에 마지막 남은 진실 하나로 오래 두어도 진정 변하지 않는 사랑으로 남게 해주오 내가 아플 때보다 네가 아파할 때가 내 가슴을 철들게 했고 너의 사랑 앞에 나는 옷을 벗었다 거짓의 옷을 벗어버렸다 너를 사랑하기에 저 하늘 끝에 마지막 남은 진실하나로 오래 두어도 진정 변하지 않는 사랑으로 남게 해주오 너를 사랑하기에 저 하늘 끝에 마지막 남은 진실 하나로 오래 두어도 진정 변하지 않는 사랑으로 남게 해주오 사랑으로 남게 해주오
1998.12.06~12.12,27,2352854,하나,옐로우,Open Fresh,1998,Ballad,하해룡,우리 헤어져 살아간다면 내가 이 세상에 없기 때문이야 그댄 나 없이 살 수 있지만 그대 없는 나의 삶은 없기에 이 세상 누구도 나의 사랑을 갈라놓을 수가 없는 이유로 또 다시 혼자서 사랑한다면 다시 그대를 만날거야 그대 잊는 날부터 영원히 눈 감아 깨어나지 않는 꿈을 꾸게 해 그대가 있어 시작된 내 삶이 그대 떠나서 끝이 됐으니 잊을 수 있다면 사랑이 아냐 마지막까지 상처가 되어 또 다른 사랑을 만난다 해도 잊을 수 없는 꿈인거야 그대 잊는 날부터 영원히 눈 감아 깨어나지 않는 꿈을 꾸게 해 그대가 있어 시작된 내 삶이 그대 떠나서 끝이 됐으니
1998.12.06~12.12,28,85527,폭풍 / You Got The Funk!,이현도,Funk,1998.12,Rap / Hip-hop,이현도,4 3 2 1 it's the bomb 아무 생각없이 숨만 쉬며 지나간 또 흘러간 하루 시간 속의 무의미함 그렇게 지쳐버린 변해버린 너의 마음 전부 다 부셔 날려버리겠어 click &amp; bang 나 새로운 그림에 널 그려 넣기 위해 소리 높여 크게 외치는 이 나의 rhyme 내가 그렇게 꿈꿔 오던 바로 나의 삶 아무런 생각 없이 배부르고 편하다면 살찐 돼지와 다를 것이 뭐가 있어 그대로 평생토록 그 속에서 살아가면 가슴에 크게 남을 것이 뭐가 있어 I'm gonna funk I gotta P funk you're gonna funk you gotta P funk yeah 누구나 똑같은 모습으로 살아간다면 그것은 복제 인간이나 다름없어 스스로 더 높이 눈 뜨려는 뜻이 없다면 그것은 죽어가는 거나 다름없어 지금 이 세상은 환기가 필요해 닫힌 문을 열어라 나의 거센 바람 폭풍의 노래가 지금 널 크게 부른다 틀린 자의 그 생각은 떨쳐라 모두 앞에 너만의 그 꿈을 펼쳐라 너의 모습 그 자체를 믿어라 멋진 세상은 우리 것이다  나의 눈속에 담긴 의지를 바라보라 너의 그 머릿속에 담긴 우주를 발견하라 가라 더 위를 향해 결코 멈추지 마라 새로 다시 눈뜨리라 틀린 자의 그 생각은 떨쳐라 모두 앞에 너만의 그 꿈을 펼쳐라 너의 모습 그 자체를 믿어라 멋진 세상은 우리 것이다 틀린 자의 그 생각은 떨쳐라 모두 앞에 너만의 그 꿈을 펼쳐라 너의 모습 그 자체를 믿어라 멋진 세상은 우리 것이다 네가 찾는 그것은 멀리 있는게 아냐 너의 가슴 안에서 빛나고 있을 거야 you got the funk
1998.12.06~12.12,29,2683765,올라올라,업타운,Chapter 3 In History,1998.09.24,Rap / Hip-hop,"카를로스,타샤니,스티브김,정연준(업타운)",get down get down come party wit uptown get down get down come party wit uptown get down get down come party wit uptown get down get down come party wit uptown 처음 그댈 바라보는 순간 내 가슴은 쿵쾅 뛰었지 하늘이 준 나의 짝이라는 걸 첫 눈에 나는 알 수 있었어 그래서 그녈 따라 버스에 올라 아주 멀리 오게 되었지 약속이 늦은 듯 뛰어가길래 나도 따라 같이 뛰어가네 널 잡고 말거야 날 사랑하게 될꺼야 그대는 꼭 나에게로 올거야 널 잡고 말거야 날 좋아하게 될꺼야 그대는 꼭 나의 짝이 될 꺼야 그 앨 따라 낯선 곳에 와 보니 해는 다 저물어가고 조금씩 더 가까이 따라가다 너의 앞길을 막고 서 있다가 늦기 전에 용기를 내어 사랑을 고백해 봤지만 순진한 넌 겁먹은 얼굴로 집으로 뛰어들어 가버렸지 say ola ola ola ola ola ola say ola ola ola ola ola ola say ola ola ola ola ola ola say ola ola ola ola ola ola 내가 너무 여자를 골랐기 때문일까 원더우먼 이후 처음 맘에 드는 여자를 오늘 거리에서 보게 됐지만 그녀는 나를 너무도 무서워하고 있네 골키퍼 있어도 골은 넣어야 한다 남자는 죽어도 매너지켜야 한다 이러지도 저러지도 못하는 나의 어깨는 추욱 늘어진다 겉모습만 보고 판단하지 말자 겉모습만 보고 사랑하지 말자 외로움에 눈이 멀어 넘어갔는지 왠지 첫인상이 좋아서 난 따라갔지 화장발 인가 조명발 인가 예뻐 보여 졸졸 따라다니다 여기까지 왔지 돈을 쫓아다니면 돈을 못 벌고 여자 쫓아다니면 여자가 없어 내가 맘에 드는 그녀의 품속에 잠이 드는 날이 그 언제일까 say ola ola ola ola ola ola say ola ola ola ola ola ola say ola ola ola ola ola ola say ola ola ola ola ola ola 겉모습만 보고 넌 나를 무시하지마 판단하지 말자 생긴게 전부는 아니야 겉모습만 보고 넌 나를 무서워 하지마 사랑하지 말자 나를 한번 믿어봐 get down get down come party wit uptown get down get down come party wit uptown get down get down come party wit uptown
1998.12.06~12.12,30,80323,향수 (그때가 그리워),여행스케치,7th-향수 (그때가 그리워),1999.04.30,Folk,조병석,짧게 깎은 머리와 같은 교복에도 서로 다른 멋을 부리며 꿈 많았던 시절엔 매일 같은 도시락 찬을 미안해 하시던 어머니의 맘도 모른 채 투정만 해 철없던 나 사랑의 매라던 선생님의 질타도 그때는 우리 마음속까지 멍들게 했지 하지만 다신 돌아갈 수 없는 그때와 그 시절 친구들이 그리워 아직도 나를 기억 해 줄까 아니 만나도 몰라 볼거야 어쩜 우린 매일 바쁜 거리에서 스쳐 지나는지 온 동네에 단 한대 뿐이던 텔레비젼 앞에 모일때면 기대와 설레임으로 하루가 짧았던 그때가 그리워 높은 구두에 짧은 치마 서툰 화장으로 미성년자 관람불가던 극장 앞을 서성이고 늘 모자란 용돈 때문에 참고서 산다고 거짓말 했다가 들통나 혼쭐 나던 그때 우린 서로가 가진 소중한 모든걸 다 준대도 조금도 아깝지 않을 만큼 순수했지 하지만 이젠 10년후 꼭 다시 만나자던 그 시절 약속 마저 희미해 아직도 나를 기억 해 줄까 아니 만나도 몰라 볼거야 어쩜 우린 매일 바쁜 거리에서 스쳐 지나는지 온 동네에 단 한대 뿐이던 텔레비젼 앞에 모일때면 기대와 설레임으로 하루가 짧았던 그때가 그리워 아직도 나를 기억 해 줄까 아니 만나도 몰라 볼거야 어쩜 우린 매일 바쁜 거리에서 스쳐 지나는지 온 동네에 단 한대 뿐이던 텔레비젼 앞에 모일때면 기대와 설레임으로 하루가 짧았던 그때가 그리워
1998.12.06~12.12,31,78647,너 그럴때면...,이브,Eve,1998.04.30,Rock,G.고릴라,울고 싶을 때 너무나 속상할 때  친구들이 너의 마음을 몰라줄때  많이 힘들때 주저 앉고 싶을때  집으로 가는 길이 멀게만 느낄때  그럴땐 나를 생각해 너  초라해 진대도  세상이 다 너를 외면한대도  나는 널 위해 사는 걸  정말 널 위해 사는 걸  내가 처음 고백한 그 날 부터  언제까지나  나를 알겠니 넌 혼자가 아니야  알수 있다면 다시는 슬퍼하지마  그럴땐 나를 생각해 너  초라해 진대도  세상이 다 너를 외면한대도  나는 널 위해 사는 걸  정말 널 위해 사는 걸  내가 처음 고백한 그 날 부터  언제까지나  나는 널 위해 사는 걸  정말 널 위해 사는 걸  내가 처음 고백한 그 날 부터  언제까지나
1998.12.06~12.12,32,2962034,와요와요,오피피에이,Starwars,1998.11,Dance,,
1998.12.06~12.12,33,77364,세상이 그대를 속일지라도,김장훈,#1998 Ballads For Tears,1998.02.01,Ballad,이상호,흔들리는 그대를 보면 내 마음이 더 아픈거죠 그댈 떠나 버린 사람이 누군지 몰라도 이젠 다 잊어 주길 바래요 한없이 울고 싶어지면 울고 싶은 만큼 울어요 무슨 얘기를 한다해도 그대의 마음을 위로할 수 없는걸 알기에 난 어쩌면 그 사람과의 만남을 잘 되지 않기를 바랬는지도 몰라요 그대를 볼때면 늘 안타까웠던 거죠 우리의 만남이 조금 늦어다는 것이 이젠 모든걸 말할 수 있어요 그 누구보다 그댈 사랑했음을 세상이 그대를 속일지 몰라도 내가 그대 곁에 있음을 기억해요 난 어쩌면 그 사람과의 만남을 잘 되지 않기를 바랬는지도 몰라요 그대를 볼때면 늘 안타까웠던 거죠 우리의 만남이 조금 늦었다는 것이 이젠 모든걸 말할 수 있어요 그 누구보다 그댈 사랑했음을 세상이 그대를 속일지 몰라도 내가 그대 곁에 있음을 기억해요 이젠 모든걸 말할 수 있어요 그 누구보다 그댈 사랑했음을 세상이 그대를 속일지 몰라도 내가 그대 곁에 있음을 기억해요
1998.12.06~12.12,34,39178,가까이,김원준,Self Destruction,1998.09.24,Ballad,김원준,죽기보다 더 싫었었던 그런 헤어짐속에 날묻고서 다시는 나를볼수 없는 세상을 너에게 안겨주긴 싫었어 숨막히듯 다 멈춰버린 그런 삶에 끝에 서있는네게 더이상 내가 할수 있는 일이란 너를 꿈꾸며 영원히 잠들수 밖에 그누구도 너를 대신 할수 없어 어떤것도 너를 채울순 없어 하지만 이것이 운명이었다면 함께 했던 시간만은 남겨둬 가끔식 조금은 가끔식  내안에 너를 꺼내  무너지는 나를 일으키지만 가까이 더 조금더 가까이 내게 와줄순 없니 살아있는 마지막 내 부탁이야 그누구도 너를 대신할 순 없어 어떤것도 나를 채울 순 없어 하지만 이것이 운명이었다면 함께했던 시간만은 잊지말고 니곁에 영원히 남겨둬 워 워 워 가끔식 조금은 가끔식 내안에 너를 꺼내  무너지는 나를 일으키지만 가까이 더 조금더 가까이 내게 와줄순 없니 예 살아있는 마지막 내 부탁이야 우 무너지는 나를 일으키지만 가까이더 조금더 가까이 내게 와줄순 없니 예 살아있는 마지막 내 부탁이야
1998.12.06~12.12,35,79755,Please Baby Don`t Cry,Deep,Three Of A Kind,1998.08.01,R&B; / Soul,,Baby I know it's hard for you right now but please don't cry cuz it's hard for me too but I wan't you to know you'll always be in my heart 이렇게 멀어져만가는 너를 보며~~ 짧았던 우~리의~~ 시간을 떠올리네 더이상 네게 머무를 수 없는~~ 내 자신이 미~워져~~ 견딜수가 없던 거야~~ 힘들었던 지난 추억속~에 방황했던 그 많던 순간들~ 언제나 널 영원토록 간직할~께~~ 내맘속에 영원~히~ please baby don't cry 난 항상 너의 맘 속깊이 숨쉬고 있어 하나될 수 없는 우~~리 널 그리워 할꺼~야~ 지금 흐르는 그대의 눈물만큼 커다란 슬픔으로 이젠 다시볼 수 없~~는 추억으로 남겠지~~~ forever baby~~~ 마지막 입술의 흔적을 안고 이젠 그리움이란 이름으로 그대를 부르겠지 알고 있니 너의 눈물이 나의 가슴안에 슬픔으로 퍼져 함께 울고 있다는걸 힘들었던 지난 추억속~에 방황했던 그 많던 순간들~ 언제나 널 영원토록 간직할께~~ 내 맘속의 영원~히~ please baby don't cry 난 항상 너의 맘~속 깊이 숨쉬고 있어 하나될 수 없는 우~~리 널 그리워 할거~야~ 지금 흐르는 그대의 눈물만큼 커다란 슬픔으로 이젠 다시볼 수 없~~는 추억으로 남겠지~~ 기억해줘 지난날 지난날에~ 소중했던 사랑이었음을 흘러가는 많은 시간앞에 예전처럼 너만을 간직할께~ please baby don't cry 난 항상 너의 맘~속 깊이 숨쉬고 있어 하나될 수 없는 우~~리 널 그리워할꺼~야~ 지금 흐르는 그대의 눈물만큼 커다란 슬픔으로 이젠 다시볼 수 없~~는 추억으로 남겠지~~~ 나 우 후우~~우~ forever baby~~~
1998.12.06~12.12,36,80066,Messenger,엔알지(NRG),Race,1998,Dance,3534,니 앞에 서 있는 먹구름이  언제쯤이나 거쳐갈런지  그건 너만이 알수 있겠지  이런 방식의 NRG  그런 충고따윈 필요없지  니 스스로 헤쳐 나가야지  넌 지금 혼자가 아니잖니  니 옆에 서있는 건 NRG  너의 이상 또 상상  모두 펼쳐 봐 허왕된 허상  들을 모두 버리고 네 삶에서  가장 중요한것과 힘이  되어주는 사람  이 모든것 들을 너의  내면속으로  너의 안으로 끌고와  그리고 다가가  늦기전에 내게서 멀어지기전에  희망을 갖고가야 해  앞만을 보고 가야해  절대 뒤는 돌아보지마  좋지 않은 과거의 생각은  해보지도 마 없어져 버리게  그냥 그렇게 낡아가게  이게 모든게 옳은지  아니면 그른지  과연 어떤지 고민할 필요는 없어  네 삶은 완전하다 생각해  네 자신은 옳다고만 생각해  그냥 그렇게 시간은 흘러가기  마련이라고 생각해  모두 깨어있지만 지금  눈을 감지 난  같이 휩쓸려만 가는  내가 싫었어  어둠속에 서있는 그  어둠에 잠기는  내 모습을 힘껏 끌어당기고 있어  귓가에 가깝게 느껴지는  수많은 사람들의 함성은  이제껏 나를 부르는건가  그들을 나는 따라가는가  니 앞에 서있는 먹구름이  언제쯤이나 거쳐갈런지  그건 너만이 알수 있겠지  이런 방식의 NRG  그런 충고따윈 필요없지  니 스스로 헤쳐 나가야지  넌 지금 혼자가 아니잖니  니 옆에 서있는 건 NRG  네가 바라는 생각하는  모든 꿈들은  모두 이뤄질순 없어  그만큼 실망할수도 있어  애써보는 거야  실패도 맛보는거야  비로소 그현실을 넌 느끼는거야  시린 아픔이 지나가고 찾아오고  오고 가고 가고 오고  그만큼 너의 노력만큼  니가 한만큼 네가 커져가는  과정속에서 더 좋은 결과와  과정을 얻을수도 있는거야  널 방해 할 것은 없어  너의 미래가 네게 더  소중해 가는데  누가 널 방해할수 있겠니  너를 침해 할수 있는 것들을  모두 피해 좀더 쉽게  네 위치를 바로잡게 만들어가  모든건 네 손에 쥐어가  모두 깨어있지만 지금  눈을 감지 난  같이 휩쓸려만 가는  내가 싫었어  어둠속에 서있는  그 어둠에 잠기는  내 모습을 힘껏 끌어당기고 있어  귓가에 가깝게 느껴지는  수많은 사람들의 함성은  이제껏 나를 부르는건가  그들을 나는 따라가는가
1998.12.06~12.12,37,3560382,사랑은 유리같은 것,원준희,사랑은 유리같은 것,1988.07.01,Ballad,최명섭,정말 몰랐어요  사랑이란 유리 같은 것 아름답게 빛나지만 깨어지기 쉽다는 걸 이제 깨어지는 사랑의 조각들은 가슴깊이 파고드는 견딜 수 없는 아픔이에요 슬픔은 잊을 수가 있지만 상처는 지울 수가 없어요 오랜 시간이 흘러도 희미해질 뿐이에요 사랑하는 그대여 이것만은 기억해줘요 그토록 사랑했던 내 영혼은 지금 어두운 그림자뿐임을 슬픔은 잊을 수가 있지만 상처는 지울 수가 없어요 오랜 시간이 흘러도 희미해질 뿐이에요 사랑하는 그대여 이것만은 기억해줘요 그토록 사랑했던 내 영혼은 지금 어두운 그림자뿐임을 그토록 사랑했던 내 영혼은 지금 어두운 그림자뿐임을
1998.12.06~12.12,38,3598340,사랑일뿐야 (98 Ver.),이기찬,이기찬 Best,2001.11.14,Ballad,,나를 어떻게 생각하냐고 너는 내게 묻지만 대답하기는 힘들어 너에게 이런 얘길한다면 너는 어떤 표정 지을까 언젠가 너의 집 앞을 비추던 골목길 외등 바라보며 길었던 나의 외로움의 끝을 비로소 느꼈던거야 그대를 만나기위해 많은 이별을 했는지 몰라 그대는 나의 온몸으로 부딪혀 느끼는 사랑일뿐야 나를 어떻게 생각하냐고 너는 내게 묻지만 대답하기는 힘들어 너에게 이런 얘길 한다면 너는 어떤 표정 지을까 언젠가 너의 집 앞을 비추던 골목길 외등 바라보며 길었던 나의 외로움의 끝을 비로소 느꼈던거야 그대를 만나기위해 많은 이별을 했는지 몰라 그대는 나의 온몸으로 부딪혀 느끼는 사랑일뿐야
1998.12.06~12.12,39,2274404,사람이 꽃보다 아름다워,안치환,Desire,1997.12.12,Folk,정지원,헤이 헤이  강물같은 노래를 품고 사는   사람은 알게되지 음 알게되지   내내 어두웠던 산들이   저녁이되면 왜 강으로 스미어   꿈을 꾸다 밤이 깊을수록   말없이 서로를 쓰다듬으며   부둥켜안은채 느긋하게   정들어 가는지를 으음 음  지독한 외로움에 쩔쩔매본   사람은 알게되지 음 알게되지   그슬픔에 굴하지 않고   비켜서지 않으며   어느결에 반짝이는 꽃눈을 닫고   우렁우렁 잎들을 키우는   사랑이야말로   짙푸른 숲이되고 산이되어   메아리로 남는다는 것을   누가 뭐래도 사람이   꽃보다 아름다워   이 모든 외로움 이겨낸   바로 그사람   누가 뭐래도 그대는   꽃보다 아름다워   노래의 온기를 품고사는   바로 그대 바로 당신   바로 우리 우린 참사랑   지독한 외로움에 쩔쩔매본   사람은 알게되지 음 알게되지   그슬픔에 굴하지 않고   비켜서지 않으며   어느결에 반짝이는   꽃눈을 닫고   우렁우렁 잎들을 키우는   사랑이야말로   짙푸른 숲이되고 산이되어   메아리로 남는다는 것을   누가 뭐래도 사람이   꽃보다 아름다워   이 모든 외로움 이겨낸   바로 그사람   누가 뭐래도 그대는   꽃보다 아름다워   노래의 온기를 품고사는   바로 그대 바로 당신   바로 우리 우린 참사랑  누가 뭐래도 사람이   꽃보다 아름다워  노래의 온기를 품고사는  바로 그대 바로 당신  바로 우리 우린 참사랑
1998.12.06~12.12,40,38937,하늘이여... (Wish...),강수지,Wish,1998.10,Ballad,강수지,아마 모를꺼야 주위의 반대속에 우리 사랑 무너질까봐 너의 곁을 떠나왔던 걸 너는 알고있니 어떻게 살아가는지 얼마나 더 괴로워야만 그리움에서 벗어나겠니 이 세상에 단 한사람 니가 전부였는데 너를 잃고 지금까지도 너무나 후회하고 있어 예전처럼 나에게 웃으면서 올 것 같아 하늘이여 도와줄 수 없다면 나를 데려가줘  이 세상에 단 한사람 니가 전부였는데 너를 잃고 지금까지도 너무나 후회하고 있어 예전처럼 나에게 웃으면서 올 것 같아 하늘이여 도와 줄 수 없다면 나를 데려가줘  하늘이여 도와 줄 수 없다면 제발 데려가줘
1998.12.06~12.12,41,38548,혼자한 사랑,김현정,Legend,1997.03,Dance,최규성,너의 모습을 처음 봤을때  사랑이라고 느끼고 싶었지  하지만 너는  내게 별 관심을 보이지 않아  난 화가 났었지  지금까지 이런 기분은  처음인것만 같아  어느 곳 어느 자리에  시선을 모아도  보이는건 너의 모습뿐  다른건 관심 없어  하지만 나의 마음을 네게   보이긴 정말 싫어  너와 함께 할수 있다면  그 어떤 슬픔조차  나는 감당할수 있을것 같은데  사랑한다는 말을 하기엔  넌 내게 너무나도 멀리  있는것 같아  그 어떤 사랑도 난 원치 않았지  이별을 견뎌낼 자신이 없기에  하지만 이렇게 니가 내 마음을  장악할지는 예상도 못했지  지금까지 이런 기분은  처음인것만 같아  어느 곳 어느 자리에  시선을 모아도  보이는건 너의 모습뿐  다른건 관심 없어  하지만 나의 마음을 네게   보이긴 정말 싫어  너와 함께 할수 있다면  그 어떤 슬픔조차  나는 감당할수 있을것 같은데  사랑한다는 말을 하기엔  넌 내게 너무나도 멀리 있는것 같아  너와 함께 할수 있다면  그 어떤 슬픔조차  나는 감당할수 있을것 같은데  사랑한다는 말을 하기엔  넌 내게 너무나도 멀리 있는것 같아
1998.12.06~12.12,42,1839686,믿음,이소라,슬픔과 분노에 관한,1998.05.01,Ballad,이소라,힘든가요 내가 짐이 됐나요 마음을 보여줘요 안된대도 아무 상관없어요 내 마음만 알아줘요 다른 사람 친한 그댈 미워하는 나의 사랑이 모자랐나요 늘 생각해요 이것만 기억해요 우리가 헤어지면 다시는 이런 사랑 또 없을테니 내게 힘이 돼 줘요 난 기다려요 그대 난 영원해요 우는 내가 많이 지겨웠나요 그래요 이해해요 많은 밤이 지난 그대 후회되면 다시 내게로 돌아올테
1998.12.06~12.12,43,79389,이젠 알아요,비쥬,Bijou Is Ballad,1998,Ballad,비쥬,거울 속에 비친 내 모습을 보면 왠지 낯설게 보이는   내가 서 있었어 가끔 꿈을 꿨던 나의 어린 시절 다시 돌아가고 싶어 아름답게 보인 동화속의 세상은 이젠 내 마음속에서 그리움일 뿐야 텅빈 마음속에 무엇을 채우려고 그렇게 힘들어 했던건지 이제 난 알아 눈을 감아도 자꾸 눈물이 흐르는 이유를 되돌아 갈 수 없다해도 영원히 꿈으로 간직해  우연히 보게 된 낡은 일기장에 왠지 낯설게 보이는 작은 꼬마인형 이젠 변해버린 나를 바라보며 슬픈 미솔 짓고 있어 이제 난 알아 눈을 감아도 자꾸 눈물이 흐르는 이유를 되돌아 갈 수 없다해도 영원히 꿈으로 간직해 이젠 알아요   우리의 꿈은 언제까지나   영원하다는 걸 되돌아 갈 수 없다해도 영원히 꿈으로 간직해 이젠 알아요   우리의 꿈은 언제까지나   영원하다는 걸 되돌아 갈 수 없다해도 영원히
1998.12.06~12.12,44,33972,진심,김광진,My Love My Life,1998,Ballad,김광진,그렇게 화내지 마요 그 말은 진심이 아니죠 이해를 할 수 없다면 그저 웃어 넘긴다면 어때요 그래도 잊진 말아요 그대의 소중한 재능이 숨겨진 보석과 같은거죠 언젠간 환하게 빛날테죠 꿈만큼 이룰꺼에요 너무 늦었단 말은 없어요 그대를 지켜주는 건 그대 안에 있어요 강해져야만 해요 그것만이 언제나 내 바램이죠 이 세상 사는 동안에 수많은 사람을 만나고 또 헤어지게 되겠죠 허나 이런 느낌 다시 없을테죠 영원히 사랑하기에 나의 모든 걸 다 준다해도 그대를 지켜주는 건 그대 안에 있어요 강해져야만 해요 그것만이 언제나 내 바램이죠 떠나갈 때가 오나요 그대 힘든 길을 가는 동안 이것만 기억해줘요 그대 사랑하지요 세상 그 무엇보다 그대만을 영원히 나 기다려요
1998.12.06~12.12,45,79953,먼 훗날,YB,소외 (疏外),1998.07,Rock,유병열,널 이제 잊겠어  내 깊은 그리움으로  이 밤을 지새운건 아니었는데  이제는 닦아낼 눈물이 없어  하고픈 말 서럽게 쌓여만 가고  기억되는 그리움의  아픔이 너무 두려워  홀로 남겨진 이 순간  원할건 없지만  정말 널 사랑해 차마 그 말 한마디  못한 내가 너무나도 원망스러워  먼 훗날 다시 널  우연히 마주칠 수 있다면  사랑했다 말할꺼야  기억되는 그리움의  아픔이 너무 두려워  홀로 남겨진 이 순간  원할건 없지만   정말 널 사랑해 차마 그 말 한마디  못한 내가 너무나도 원망스러워  먼 훗날 다시 널  우연히 마주칠 수 있다면  사랑했다 말할꺼야 정말 널 사랑해 차마 그 말 한마디  못한 내가 너무나도 원망스러워  먼 훗날 다시 널  우연히 마주칠 수 있다면
1998.12.06~12.12,46,80097,프로포즈,Circle,졸업(卒業),1998.12.27,Dance,석훈,그대 놀랬나요 말해봐요 정말 사랑한다니까요 믿을 수 없나요 말해줘요 싫지는 않은거죠 넓은 가슴에 날 안아 입을 맞추는 그때를 기다리고 싶었지만 더는 기다릴 수 없어 오 오 내가 말할래요 그댄 느껴봐요 꿈이 아니란 사실이 꿈만 같지 않은가요 오 오 감추긴 싫어요 그대 행복해 하는 모습이 보고싶어 내가 먼저 사랑해도 되겠죠  너무나 어려서 여자라서 프로포즈하면 안되나요 어쩌면 나보다 그대가 더 사랑이 클지 몰라 넓은 가슴에 날 안아 입을 맞추는 그때를 기다리고 싶었지만 더는 기다릴 수 없어 오 오 내가 말할래요 그댄 느껴봐요 꿈이 아니란 사실이 꿈만 같지 않은가요 오 오 감추긴 싫어요 그대 행복해 하는 모습이 보고싶어 내가 먼저 사랑해도 되겠죠  넓은 가슴에 날 안아 입을 맞추는 그때를 기다리고 싶었지만 더는 기다릴 수 없어 기다릴 수 없어 내가 말할래요 그댄 느껴봐요 꿈이 아니란 사실이 꿈만 같지 않은가요 오 오 감추긴 싫어요 그대 행복해 하는 모습이 보고싶어 내가 먼저 사랑해도 되겠죠
1998.12.06~12.12,47,2184575,P.S. I Love You,박정현,Piece,1998.02.01,R&B; / Soul,하해룡,우연히 그댈 처음 본 순간 운명이란걸 느낄 수가 있었어 사랑의 시작을 먼저 말할 수 없어 기다려온 시간들 외로움 처음 알게 되었어 난 두려워 우리 사랑한 뒤에 멀어진다면 다시 볼 수 없는걸 견딜 수 없기에 우정이라 말하고 그대곁에 있지만 너무나 깊은 사랑인걸 어떻게 하나
1998.12.06~12.12,48,80357,Change,베이비복스1기,Baby Vox Ⅱ,1998,Dance,김태희,언제부터 습관처럼 난 거울보는 일이 많았지 변해가는 내 모습 정말 어른이 되는걸까 낯설게만 느껴졌었던 남자들의 시선이 좋아 누구든지 한눈에 내게 반하게 하고 싶어 수첩속에 어린시절 사진을 가끔 꺼내 볼때면 너무도 달라진 내가 나도 어색해 보여 모르겠어 언제까지 난 이래야 돼 아침이면 만들어 가는 또 다른 나  이젠 싫어 진한 화장에 감추어진 내 모습을 이젠 벗어나고 싶어 처음에 호기심에 발라봤던 립스틱이 이제는 못 알아볼 정도까지 진해버린 화장 낯설게만 느껴지던 남자들의 시선 이젠 너무나도 당연하게 느껴져 완벽하게 될 순 없을까 잡지속의 그녀들처럼 거울속에 내 모습 보면 볼수록 자신없어 나도 이젠 사랑하는 단 한 사람을 만나고 싶어 꾸미지 않아도 내 모든게 소중한 사람 모르겠어 언제까지 난 이래야 돼 아침이면 만들어 가는 또 다른 나 이젠 싫어 진한 화장에 감추어진 내 모습을 이젠 벗어나고 싶어
1998.12.06~12.12,49,38698,나의 사랑 천상(天上)에서도,김경호,Kyung-Ho Kim 03,1998,Rock,이경,그런 일들은 없을 테지만 만약에 우리들이 떨어져 이 세상을 살아야 할 때 그 때 누군가가 너를 비웃어도 또 어떤 힘든 일이 생겨도 운다거나 마음 상해서 죽고 싶어질 때 나를 생각해 내 뜻으로 할 수 없는 건 사는 것 때론 죽는다는 걸 그 어디에 있든지 우리 약속해 저 하늘이 나를 사랑해 어느 날 먼저 데려간대도 아름다운 세상 고운 너의 두 눈으로 내 몫까지 보아줘 저 하늘이 너를 사랑해 어느 날 너를 데려간다면 가슴속에 너의 사랑을 품고서 우리 사랑 키울게 천상으로 내가 곁에 없다고 너무 슬퍼하지마 우린 살아 있잖아  어느 곳에 있든지 우린 함께 숨을 쉬어 저 하늘이 나를 사랑해 어느 날 먼저 데려간대도 아름다운 세상 고운 너의 두 눈으로 내 몫까지 보아줘 저 하늘이 너를 사랑해 어느 날 너를 데려간다면 가슴 속에 너의 사랑을 품고서 우리 사랑 키울게 저 하늘이 나를 사랑해 어느 날 먼저 데려간대도 아름다운 세상 고운 너의 두 눈으로
1998.12.06~12.12,50,80416,아무도 안믿어,양현석,Yang Hyun Suk,1998.04.06,Rap / Hip-hop,양현석,되찾겠어 나의 몫을 많은 날들 난 착각했어 어차피 난 혼자서 지냈었듯 기댈 세상 없다는 걸 느꼈어 다들 미쳐갔던 세상 한번의 실수조차 누가 뭐라건 말건 실패라 했지 되는 것만 인정하려 했어 막힌 세상 흥 열 뻗쳐 내 뜻대로 살고 싶은 걸 나를 꺾을 수는 없을 걸 남을 깎아내릴 기력 있었다면  널 위해 쓰는 편이 낫을 걸 이젠 난 아무도 안믿어  내 존재 가치만 내게 다시 묻고 있어 내가 사는 이유는 어릴적 가슴 벅찼던 커다란 내 맘속에 꿈 때문이야 말 못했어 내 생각들 이젠 너와 난 같은 관심사도 없어 어차피 넌 너밖에 모르는 듯 우리란 말 조차도 어색해져 이젠 안 속겠어 난 사람답게 살고 싶어 내 의지대로 생각하고 싶어 난 더 이상 무너지진 않겠어 날 지켜 나는 잠시 넘어졌을 뿐 무릎을 꿇었단 헛소린 제발 닥쳐 너처럼 되는대로 살 바에야 박제쯤 되는게 낫겠어 이젠 난 아무도 안믿어 내 존재 가치만 내게 다시 묻고 있어 내가 사는 이유는 어릴적 가슴 벅찼던 커다란 내 맘속에 꿈 때문이야 이젠 난 아무도 안믿어 내 존재 가치만 내게 다시 묻고 있어 니가 소유한 모든 것들 니가 바랬던 그 욕심들 까짓거 이젠 다 털어내봐 다른 세상이 보일텐데
