time,rank,song_id,title,singers,album,date,genre,creator,lyric
1999.03.21~03.27,1,38571,되돌아온 이별,김현정,2nd 김현정,1999.02.02,Dance,최규성,내겐 이런일 없을줄 알았어 내 사랑을 얻기위해 나  상처 받는일 너를 만나서 나는 모든걸  다 잃었어 너 이렇게 변하려고 날  사랑한거니 다 말을 해봐 내 앞에 다신 나타나지마 이젠 누구도 믿지 않겠어 우리 이렇게 끝나버리면 모두 얼마나 나를 비웃겠니 난 잊었어 그녈 버릴수  있는 넌 나도 버릴수 있었던 거야 너에 마지막 내가 돼 달란  그말에 나는 너만을 사랑했었는데 네가 말해온 사랑이란게 다 이런거니 변명은 하지마 이건 나 아닌 누구도 이해못해 내 용서를 바라지마 네가 내게준 지금 눈물은 다 너에게로 되돌아 갈꺼야 너를 떠올릴 추억도 없는거야 내 기억에서 사라져줘 난 잊었어 그녈 버릴수 있는 넌 나도 버릴수 있었던 거야 너에 마지막 내가 돼 달란  그말에 나는 너만을 사랑했었는데 네가 말해온 사랑이란게 다 이런거니 변명은 하지마 이건 나 아닌 누구도 이해못해 내 용서를 바라지마 네가 내게준 지금 눈물은 다 너에게로 되돌아 갈꺼야 너를 떠올릴 추억도 없는거야 내 기억에서 사라져줘
1999.03.21~03.27,2,37123,기도 (Good),룰라,Six n‘ Six,1999.02,Dance,"이상민,최준영",Roo'Ra deeper lover   live lover live  라라따리 라리라 라라이야  따르리 따르리 따르리  너만을 가만히 조금씩   사랑이 밀려와  꿈을 깨어보니 그댄   어디 간거야  그대를 위하여 사랑을 위하여  이세상에 아름다운 이별을   위하여  늘 날 바라봐 주길 바라던   날 버린 그대는 liar liar 야  늘 널 영원할꺼라 믿었던  널 위한 내 기도 liar liar liar 야  으아 날 떠난 너  잊으려 하려 해도 할 수 없어  돌아와 지켜 기도 드려  My swever ever finger  다시 내게 내게 곁에 돌아올  수 없다면 이리저리 부딪히고   나고 나서 또 부서지길 망가지길  기도드려 with finger on the finger  나는 기도해 in my qvo 너는 puto   되지 않길 기도해 떠나갔던   시간들을 이제 용서해   내 곁으로 오길 이제 애원해  가득히 가득히 가득히  널 위해 모아둔 나의 큰   사랑을 주었어  다시 태어나도 그댈 찾아갈거야  그대를 위하여 사랑을 위하여  이 세상에 아름다운  이별을 위하여 늘 날 바라봐 주길 바라던  날 버린 그대는 liar liar 야 늘 널 영원할꺼라 믿었던  널 위한 내 기도 liar liar liar 야 I belong to you 그대와의  사랑을 바래 I belong to you 영원한  재회를 위해 Roo'Ra deeper lover  live lover live  날 버린 그대는 liar liar 야 Roo'Ra deeper lover  live lover live  널 위한 내 기도 liar liar liar 야
1999.03.21~03.27,3,81788,그대는 모릅니다,이승환,The War In Life,1999.03,Ballad,"이승환,이지은",나 그 이후로 한번도  그대를 못 본 것은  언제나 고개 숙이기 때문 나 그 이후로 그대를  듣지도 않았던 건  귀를 막고 나 알고 있는 그대만  숨겨 놓고 싶어서 떠난 뒤 우리 지워가기를 바랬죠 그러나 세상이 우릴 가만히 두지 않네요 나 그 이후로 다짐한 게 있죠 두번 다시 앞선 걱정으로 당신의 짐이 되지는 않아야만 한다고 나를 보나요 슬퍼 보이진 않나요 당신의 자랑스러운 추억인가요 그거면 돼요 얼마나 내가 그대를 그리워하며 사는지 짐작이라도 할 수가 있을까요 나 사는 모습 안 되어 보이더라도 너무 걱정은 말아요 내 몫이죠 그대만 편안하다면
1999.03.21~03.27,4,81876,태권 V,지누션,제2탄 / 태권 V,1999.03,Rap / Hip-hop,,일어나라 일어나라  힘을 내라 어서  RIGHT IN THE 9 WE GOTTA SHINE  눈을 떠라 눈을 떠라 OPEN WIDE 잃어버린 네 자존심을 다시 되찾아와 YOU SAY YOU FEELIN ME YOU SAY I HOLD THE KEY WELL IT'S TIME FOR ALL TO SEE 멈출 순 없다 멋대로 변해버린 꿈과 뛰는 그들에게 뒤쳐진 우리들의 미래는 이제는 누가 지킬까 네 거저 먹었던 생각을 토해내 멈춰 버렸던 진실이 살아나 거짓된 모든 걸 이제 버려 다 바꿔 내가 아주 어릴 때 널 처음 보았을 때 강한 너의 모습에 언제나 뿌듯했네 하지만 이젠 내게 그런 마음은 없어 할 말도 전혀 없어 그저 고개만 숙이네 적을 잘 알지 못하면 넌 패배고 남 인정 안하면 넌 뒤쳐질 뿐이고 적을 잘 알지 못하면 JS GONNA PUT IT ALL TO REST 잘난척 하며는 넌 망가질 뿐이고 두 팔을 뻗어 지킨 어제 너무 가려서도 안될 지금에 남의 걸 갖다 베끼는 주제에 왜 떠드는 거야 왜 따라잡는 다는 것이 또 따라간다는 말이 되었고 살아 버틸 힘마저 끝에 달아 퇴색하고 지쳤어 지금 힘들지 내겐 너무나도 벅찬 일이지 아직도 너의 못 미친 생각이 발목을 붙잡지 똑같은 사람들 속에 니가 서 있잖아 지금이지 WAIT WAIT 빨리 WAIT COME ON COME ON COME ON I SAY COME ON 적을 잘 알지 못하면 넌 패배고 남 인정 안하면 넌 뒤쳐질 뿐이고 적을 잘 알지 못하면 JS GONNA PUT IT ALL TO REST JS GONNA PUT IT ALL TO REST 너를 찾고 싶나 아직 제자린가 어둠을 거둬봐 이제 눈을 떠봐 아직 얼마나 가야 할 길이 멀었나 따라 가지마 그냥 이 순간 나의 노랠 깨달아 적을 잘 알지 못하면 넌 패배고 남 인정 안하면 넌 뒤쳐질 뿐이고 적을 잘 알지 못하면 JS GONNA PUT IT ALL TO REST 잘난 척 하면은 넌 망가질 뿐이고 적을 잘 알지 못하면 JS GONNA PUT IT ALL TO REST 잘난 척 하면은 넌 망가질 뿐이고
1999.03.21~03.27,5,66554,미절 (Misery),쿨(COOL),Cool 4.5,1999.01,Dance,이승호,누가 좀 나를 도와 주세요   제발 한번만 날 살려주세요   이러다가 정말로   제 명에 죽지 못할것 같아요   내가 어디있는지 내가 무엇을   하고있든지   나의 여자친구는 어떻게 알고   귀신같이 나타나   보고싶어 그랬어 너를 너무   사랑하니까   함께 있고 싶은데 그런 적이  없잖아  착각하지 좀마  우린 그냥 사귀는 친구일  뿐이잖아  물론 친구보다 조금은 더  특별한 사인건 인정해  사랑이라는 건  소유할 수 없는데 왜 나를 괴롭혀  괴로워 하는 니가 더  오히려 이상해  미저리 미저리 무서워  내 청춘을 돌리도 내 미래를  뚫어줘요  전생에 무슨죄로 이렇게  너를 만나  고생바가지야 오리아리 알라리  알라리요 조금만 나와 연락 안돼도   발칵 세상이 난리가 나지요  우리집의 가족들  내 친구 모두 그녀가 통화해  너무한다 싶어서  한번 이렇게 또 물어보았죠  뭐가 되고 싶냐고  그녀의 대답 나의 그림자래요  알고 있어 니맘을  이런 내가 귀찮아지는 걸  하지만 어쩔 수 없어  너를 버릴 순 없어  싹뚝 끊어버려  가위처럼 어긋난 우리의  인연들을  싹뚝 끊어버려  우리 처음 만났던 시간을 모두 다  자유 그것까진  바라지도 않을게 잠만 좀 재워줘  그러지 말고 모든걸 업보라  생각해  도와줘요 살려줘요  사는게 사는게 아니예요   그녀 괴롭힘에  친구들도 이제는 연락조차  안해요  정말 이리저리  뛰어봤자 그녀의 손바닥 안인걸  언젠가 알게 될거야  힘든 내 사랑을
1999.03.21~03.27,6,91310,순정 (純情),KYT(코요태),코요태 I,1999.01.13,Dance,최준영,순정   (純情)워워워 워워워   워워워워워워워   워워워 워워워  워워워워워워워  나를 포기했어 너만  사랑했어  그것만으로도 부족했었나  바보 같은 내게 내게  이럴 수 있어  영원히 함께 있자고  죽어도 같이 죽자고  눈물로써 맹세했는데  다 필요 없어  너의 행복 찾아 나를 떠난다면  이제 와서 나는 어떡하라고  다시 생각해봐 내게  이러면 안돼  너 없인 살 수가없어  제발 날 도와 달라고  애원하며 붙잡고싶어  워워워 워워워  워워워워워워워  워워워 워워워  워워워워워워워  어느날 갑자기 슬픈  내게로 다가와  사랑만 주고서 멀리  떠나가 버린 너  get down and find yo cutie  jump around and shake  yo booty  이해 못해 너의 그런 의미  why me 진정 나를 사랑했니  heart breakin love rackin  너에게 모든 걸 맡긴 now  you packin  왜 착한 나를 자꾸 울려  don't wanna let's you go  사랑하면 뭐해 정은 줘서 뭐해  순정 받쳐 고작 눈물뿐인데  사랑한게 죄야 너를  원망 않겠어  나 떠나 행복하기를 간절히  기도할께요  단 내 사랑은 잊지 말아줘  워워워 워워워  워워워워워워워  워워워 워워워  워워워워워워워  어느날 갑자기 슬픈  내게로 다가와  사랑만 주고서 멀리  떠나가 버린 너
1999.03.21~03.27,7,1786618,이야기 속으로,조pd(ZoPD),In Stardom,1999.01,Rap / Hip-hop,조pd(ZoPD),oh 조PD in stardom yeah yeah yeah yeah yeah yeah yeah yeah yeah yeah yeah yeah yeah 시대와 또 세상따라  여기까지 왔어 바람따라 떠나가도  무슨 소용 있나 여기를 봐라 눈을 떠라 봐라 다가와라 와라 봐라 느껴봐라 조PD를 저기 서서 조삐리를 그런 조삐리도 좋아하는  조PD는 처음부터  걱정일랑 없었지 변해버렸지 세월가니 잊혀버렸지 하는말 싫어하는 말 듣기 싫은 말도 걱정 안돼 아니 걱정 안해 오래 상하면 안돼 사랑 노래하라 질질 짜라 이제 그만 바꿔라 너의 맘을 스타일을 그렇게 타이르는 너는 누구도 내 마음을 바꿀 순 없어 야 야 야 캡 바쁜 사람이든 집구석 백수든 어디서 뭘 하든 바보가 아니면 모두 같지 힘이 들지 사는 건 쉽지만은 않지 하지만 외롭진 않지 적어도 고 정도는 되지 oh 자꾸 그러면 좆되지 이제는 점점 커가지 늙어가지 그럴수록 점점 우리의  세상이 오지 아직 끝나지 않았지 할말은 더 있지 누구나 사연은 많지 그게 좋은거든 나쁜거든 배울 점은 있지 그 경험이 있기에 우린 어른이 되지 비로소 다 큰거지 우리에겐 자욱한 먼지 얼룩지게한 건 바로 너지 바른 생활은 없지 어릴 적 국민학교에서 배운 건 아무도 않지 그게 현실이지 그게 싫지 자유로와 이제 너는 날아 가슴에 묻힌 답답한 말 모두 모두 잊었어 묻었어 이젠 털어 버려봐 이제는 누가 누구던 니가 누구던 누가 뭐래던 상관없는 거지 야 참 많이 많이도 놀았어 맨날 맨날 노는게 뭐그리 좋니 뭘그리 꼬치꼬치 묻니라고  말하겠지 물론 그렇겠지 서로 각자 가진 성격이지 뭐라 할 수 없지 니 영혼이 웃지 서로 공평하게 하는 GAME에 왜 깨냐고 왜 깨냐고 판깨지 말라고 그래 그래 참 재미있는  GAME이구나 참 길기도 한 짧기도 한  GAME 이구나 GAME이라 생각하니 좀 가볍구나 그렇게 생각 하니 좀 살겠구나 그럼 난 노래나 하련다 한평생 시대와 또 세상따라  여기까지 왔어 자유로와 이제 너는 날아 가슴에 묻힌 답답한 말 모두 모두 잊었어 묻었어 이젠 털어 버려봐 이제는 누가 누구던 니가 누구던 누가 뭐래던 상관없는 거지 야 자유로와 이제 너는 날아 가슴에 묻힌 답답한 말 모두 모두 잊었어 묻었어 이젠 털어 버려봐 이제는 누가 누구던 니가 누구던 누가 뭐래던 상관없는 거지 야 자유로와 이제 너는 날아 가슴에 묻힌 답답한 말 모두 모두 잊었어 묻었어 이젠 털어 버려봐 이제는 누가 누구던 니가 누구던 누가 뭐래던 상관없는 거지 야
1999.03.21~03.27,8,4383670,배웅,윤종신,Just Piano,2014.01.03,Ballad,내가좋아하는윤종신작사작곡노래모음집gpgpdg좋아요총건,머나먼 길 떠나는 사람처럼  마치 배웅 나온것처럼  다시 돌아올 것 같은  그대 사라질때 까지 보네  한번만 더 안아보고 싶었지  내 가슴이 익숙한 그대  안녕이라 하지않은 이유  그댄 알고있나요  아무것도 바꾸지 않겠어요  모든것을 지금 그대로  갑자기 그대 돌아온대도  전혀 낯설지 않도록  언제 어디라도 내겐 좋아요  혹시 나를 찾아준다면  내가 지쳐 변하지않기를  내 자신에게 부탁해  이렇게해야 견딜수있을거야  영영 떠나갔다 믿으면  내가 포기해야 하는 남은 날들이  너무 막막해  아무것도 바꾸지 않겠어요  모든것을 지금 그대로  갑자기 그대 돌아온대도  전혀 낯설지 않도록  언제 어디라도 내겐 좋아요  혹시 나를 찾아준다면  내가 지쳐 변하지않기를  내 자신에게 부탁해  아무도 날 말리지않을거예요  잊지 못할걸 알기에  그냥 기다리며 살아가도록  내 내 꿈꾸듯살도록  그대 혹시 다른사람  만나면 내가 알수없게해주길  그대 행복 빌어주는  나의 처량한 모습 두려워
1999.03.21~03.27,9,83437,여전히 아름다운지,김연우,A Night In Seoul,1999.01,Ballad,유희열,첨엔 혼자라는게 편했지 자유로운 선택과 시간에 너의 기억을 지운 듯 했어 정말 난 그런줄로 믿었어 하지만 말야 이른 아침 혼자 눈을 뜰때 내 곁에 니가 없다는 사실을 알게 될 때면 나도 모를 눈물이 흘러 변한 건 없니 날 웃게 했던 예전 그 말투도 여전히 그대로니 난 달라졌어 예전만큼 웃질 않고 좀 야위었어 널 만날때 보다 나를 이해해 준 지난 날을 너의 구속이라 착각했지 남자다운 거라며 너에겐 사랑한단 말조차 못했어 하지만 말야 빈 종이에 가득 너의 이름 쓰면서 네게 전화를 걸어 너의 음성 들을 때 나도 모를 눈물이 흘러 변한 건 없니 내가 그토록 사랑한 미소도 여전히 아름답니 난 달라졌어 예전만큼 웃질 않고 좀 야위었어 널 만날때 보다 그는 어떠니 우리 함께한 날들 잊을 만큼 너에게 잘해주니 행복해야돼 나의 모자람 채워줄 좋은 사람 만났으니까
1999.03.21~03.27,10,1722260,사랑보다 깊은 상처,임재범,비상,1997.07,Ballad,최원석,오랫동안 기다려 왔어 내가 원한 너였기에 슬픔을 감추며 널 보내줬었지 날 속여 가면서 잡고 싶었는지 몰라 너의 눈물 속의 내 모습 아직까지 남아있어 추억을 버리긴 너무나 아쉬워 난 너를 기억해  이젠 말할게 내 오랜 기다림 너 떠나고 너의 미소 볼수 없지만 항상 기억할게 너의 그모든걸 사랑 보다 깊은 상처만 준 난 이젠 깨달았어 후회하고 있다는 걸 이젠 모두 떠나갔지만 나에게 넌 남아있어 추억을 감춘채 넌 울고 있었어 난 이젠 너에게 아무런 말도 할 수 없어 그런 넌 용서할지 몰라 부족했던 내모습을 넌 나를 지키며 항상 위로했었지 난 그런 너에게 이젠 이렇게 아픔만 남겼어 너 떠나고 너의 미소 볼수 없지만 항상 기억할게 너의 그 모든 걸 사랑 보다 깊은 상처만 준 난 이젠 깨달았어 후회하고 있다는걸 나는 상상했었지 나의 곁에 있는 널 이젠 모든 나의 꿈들을 너에게 줄게 너 떠나고 너의 미소 볼수 없지만 항상 기억할게 너의 그 모든걸 사랑보다 깊은 상처만 준 난 이젠 깨달았어 후회하고 있다는걸
1999.03.21~03.27,11,1816950,불멸의 사랑,조성모,To Heaven,1998.09.06,Ballad,양정승,나 가진것 없지만 널 사랑했다는 이유로 저 다른세상 힘에 겨워도 후회하진 않을거야 내 아름다운 사랑 너 슬퍼도 울진 말아줘 너 네게 줄 수 있는 사랑을 이젠 모두다 이뤘으니 영원히 널 사랑해 괜찮아 내 모든걸 준대도 나 이 세상을 살아도 너 없이는 힘이 들어 남아있는 내 삶을 널 위해 바칠게 넌 어려워마 그리고 행복하게 살아줘 넌 몰랐을거야 나의 존재도 어서 자유를 찾아서 멀리 떠나가줘 그렇게 서 있지마 늦기전에 뒤돌아 볼 것도 없이 날 잊어줘 영원히 널 사랑해 괜찮아 내 모든걸 준대도 나 이 세상을 살아도 너 없이는 힘이들어 남아있는 내 삶을 널 위해 바칠게 넌 어려워마 그리고 행복하게 살아줘 행복하게 살아줘
1999.03.21~03.27,12,91309,어머님께,god,Chapter 1,1999.01,Ballad,박진영,어머니 보고싶어요  어려서부터 우리집은 가난했었고 남들 다하는 외식 몇번 한적이 없었고 일터에 나가신 어머니 집에 없으면 언제나 혼자서 끓여 먹었던 라면 그러다 라면이 너무 지겨웠어 맛있는것 좀 먹자고 대들었었어 그러자 어머님은 마지못해 꺼내신 숨겨두신 비상금으로 시켜주신 자장면 하나에 너무나 행복했었어 하지만 어머님은 왠지 드시질 않았어 어머님은 자장면이 싫다고 하셨어 어머님은 자장면이 싫다고 하셨어 야이야아아 그렇게 살아가고 그렇게 후회하고 눈물도 흘리고 야이야아아 그렇게 살아가고 너무나 아프고 하지만 다시 웃고 중학교 일학년때 도시락 까먹을 때 다 같이 함께 모여 도시락 뚜껑을 열었는데 부잣집 아들 녀석이 나에게 화를 냈어 반찬이 그게 뭐냐며 나에게 뭐라고 했어 창피해서 그만 눈물이 났어 그러자 그녀석은 내가 운다며 놀려댔어 참을 수 없어서 얼굴로 날아간 내 주먹에 일터에 계시던 어머님은 또 다시 학교에 불려오셨어 아니 또 끌려오셨어 다시는 이런 일이 없을거라며 비셨어 그 녀석 어머님께 고개를 숙여 비셨어 우리 어머니가 비셨어 야이야아아 그렇게 살아가고 그렇게 후회하고 눈물도 흘리고 야이야아아 그렇게 살아가고 너무나 아프고 하지만 다시 웃고 아버지 없이 마침내 우리는 해냈어 마침내 조그만 식당을 하나 갖게 됐어 그리 크진 않았지만 행복했어 주름진 어머님 눈가에 눈물이 고였어 어머니와 내 이름에 앞 글자를 따서 식당 이름을 짓고 고사를 지내고 밤이 깊어가도 아무도 떠날줄 모르고 사람들의 축하는 계속되었고 자정이 다 돼서야 돌아갔어 피곤하셨는지 어머님은 어느새 깊이 잠이 들어 버리시고는 깨지 않으셨어 다시는 난 당신을 사랑했어요 한번도 말을 못했지만 사랑해요 이젠 편히 쉬어요 내가 없는 세상에서 영원토록 야이야아아 그렇게 살아가고 그렇게 후회하고 눈물도 흘리고 야이야아아 그렇게 살아가고 너무나 아프고 하지만 다시 웃고 야이야아아 그렇게 살아가고 그렇게 후회하고 눈물도 흘리고 야이야아아 그렇게 살아가고 너무나 아프고 하지만 다시 웃고
1999.03.21~03.27,13,33075,난 널 원해,드렁큰타이거,Year Of The Tiger,1999.02.02,Rap / Hip-hop,김진표,Tiger is in the presence   bam bam   Upon the raggae is bam bam   Tiger is in the pregence   bam bam   Upon the raggae is bam bam   낯이 익지도 않았지만   같이 마치   달콤한 연인같이 하나되는   우릴봤지   너를 원해 이 말 전해   나를 너무도 원하는   너만의 눈빛이   내눈에 정말 너무 훤해   나는 너무 절대로 허무 하지도   가지도 않게   할 수도 있어 이제는 마음의   눈을 감아   아마 너무나 큰 감격에   그런 기쁨에   그래 나는 너무나 행복해   Scent of your presence   was true   essence of your beauty   Complexion luminescent   be like   blinding twenty twenty   From the git go couldn't   let go   You had my hearty mad   looney tooney   From the full moon to the   crescent   Reminiscing about your booty   Feeling blue indeed like   the time   You didn't do me When   I'm alone   I'm in a love Jones   Baby boo   I'm truly yours Like honey   dip from   Gothem You let me in for a   pleasure   Voulezvous couchez   avec moi   Now you drop your draws uh  나는 널 원해 사랑해 허니  너와 함께한 시간 모두  기억해 나는 너의 모든걸  나만이 느끼는 사랑  Tiger is in the presence  bam bam  Upon the raggae is bam bam  Tiger is in the pregence  bam bam  Upon the raggae is bam bam  Tiger is in the presence  bam bam  Upon the raggae is bam bam  Tiger is in the pregence  bam bam  Upon the raggae is  bam bam  낯이 익지도 않았지만  같이 마치  달콤한 연인같이 하나되는  우릴봤지  너를 원해 이 말 전해  나를 너무도 원하는  너만의 눈빛이  내눈에 정말 너무 훤해  이젠 눈감겨 저 달도 나를 반겨  내품에 안겨 너를 맡겨  그리고 말해보아  터질 것 같은 충동을 느껴  이게 오아 또아 나를 도와  지금의 나는 너무 좋아  사랑하는 허니 그거 아니  내 마음 아니  너만의 생각으로 가득차  있다는걸 너는 아니  무엇이 그렇게 다 내 모습 어디가  네 맘에 그렇게 나 모두가  맘에 안드나  나는 너무 절대로 허무하지도  가지도 않게 할수도 있어  이제는 마음의 눈을 감아  아마 너무나 큰 감격에  그런 기쁨에 그래 나는  너무나 만족해  Tiger is in the presence  bam bam  Upon the raggae is bam bam  Tiger is in the pregence  bam bam  Upon the raggae is bam bam  Tiger is in the presence  bam bam  Upon the raggae is bam bam  Tiger is in the pregence  bam bam  Upon the raggae is bam bam  Drunken Drunken Drunken Tiger  Drunken Drunken Drunken Tiger  나는 널 원해 사랑해 허니  너와 함께한 시간 모두  기억해 나는 너의 모든걸  나만이 느끼는 사랑  Tiger is in the presence  bam bam  Upon the raggae is bam bam  Tiger is in the pregence  bam bam  Upon the raggae is bam bam  Tiger is in the presence  bam bam  Upon the raggae is bam bam  Tiger is in the pregence  bam bam  Upon the raggae is bam bam
1999.03.21~03.27,14,32845,달려라 자전거,델리스파이스,Welcome To The Delihouse,1999.02,Rock,윤준호,그대와 첨 만났지  반짝이는 쇼윈도 해맑은 여름  어느날 나른한 오후였어  너의 모습은 화려하지는 않아도  웬지 모를 끌리는 그 느낌이  그대가 전해준  기분 좋은 이 피곤은  지친 나를 오히려 깨워줘  매일 매일 스쳐 지나던  우리 동네 골목길 너와 함께라면  신기하게 전혀 새로운 걸  야윈 어깨 젖은 눈길   그래 너라면 모든 걸 잊을 수 있어  귀여운 그 모습에 함께 할거야  내리기는 정말 싫어  그대가 전해준  기분 좋은 이 피곤은  지친 나를 오히려 깨워줘  매일 매일 스쳐 지나던  우리 동네 골목길 너와 함께라면  신기하게 전혀 새로운 걸  야윈 어깨 젖은 눈길  그래 너라면 모든 걸 잊을 수 있어  귀여운 그 모습에 난 흐뭇해져  영원히 함께 할거야  야윈 어깨 젖은 눈길  그래 너라면 모든 걸 잊을 수 있어  망설일 필요 없어 달려갈거야  내리기는  야윈 어깨 젖은 눈길  그래 너라면 모든 걸 잊을 수 있어 귀여운 그 모습에 함께 할거야 내리기는 정말 싫어
1999.03.21~03.27,15,80392,내 남은 사랑을 위해,홍경민,Free Throw Ⅱ Shot,1998.09.01,Rock,이승호,우 우  내앞에 네가 와 있다는 걸 이미 알고 있지만 어차피 널 볼 수 없어서 널 모른척 하는 날 이해해야해 이럴때 나의 곁에 누군가  사랑인 척 있으면 이젠 날 다 잊은 줄 알고 날 다시는 찾지 않을텐데 아직도 혼자인 나를 보면서 넌 또 얼마나 울런지 너를 위해 아무리 감추려해도 널 생각하면 눈물이 나 안돼 안돼  왜 떠나지 못해 내곁에 있어도 너를 볼 수 없는데  안돼 안돼  날 다신 찾지마 내 남은 사랑을 보면 뭐해 넌 이미 떠난걸 괜찮아 널 잃은 슬픈 절망도 그리 길지 않을거야 세월가면 그 많은 추억조차도 지워질테니 편히 떠나 안돼 안돼  더 힘만 들잖아 한번만이라도 보고 싶은 내 맘이  안돼 안돼  다 소용없잖아 다 잊어버리고 그냥 떠나 안돼 안돼  날 다신 찾지마 내 남은 사랑을 보면 뭐해 넌 이미 떠난걸
1999.03.21~03.27,16,75070,너를 사랑해,S.E.S.,S.E.S. 2,1998.11,Dance,최수정,너를 사랑해 나의 마음이 Oh  너를 생각할 수록   나는 행복해 다른 누구도   난 부럽지 않아   맑은 유리창으로 햇살이   나를 반기는 이 느낌   믿을 수가 없어져 oh yeah   너무도   내게 소중함을 느낄수   있도록 해준 너   긴 밤이 오래될 수록 아침이   더디올 수록   그리워 우리 둘이 영원히 함께   같은 공간 속에 아픔이 많더라도   괜찮아 yeah   너를 사랑해 나의 마음이 oh   너를 생각할수록   나는 행복해 다른 누구도   난 부럽지 않아   Beautiful day 이제껏   느껴보지 못한 저 가슴속 깊은   곳에서 두근대는 내 심장을   느껴 너무나 아름다운 햇살과   내 마음속에 따뜻함을 준   너 아름다운 너의 모습   바라볼때면 언제나 너 보며   살아가고 싶고   나 너무나 잘 아는 그런   너와 있을때면 평생을 너와   함께 지내고 싶어   오렌지의 향기로 살며시   미소지을 땐 너의 웃음이   모든 걸 다 잊게해 oh   yeah 사랑해   지금 기적보다 놀라운   날들이 온거야   나에겐 지금 너보다 너에겐   지금 나보다   소중한 다른 사람 없다면 함께   영원히 같은 집에 서로 얼굴을   보며 살아가 yeah   너를 사랑해 나의 마음이   oh 너를 생각할수록   나는 행복해 다른 누구도   난 부럽지 않아   가슴을 적시는 아름다운   음악속에 흐르는 저 시원한   빗방울처럼 넌 언제나 내게   그런 힘이 돼주고는 하지   마음이 불편하고 기분이   허전할때 넌  내 마음 저 깊은 구석   시원하게 해주네 그런   너는 나에게   누구보다 그 어느 누구보다   소중해 그런 너와 영원히   함께살고 싶어   너를 사랑해 나의 마음이 oh   너를 생각할수록   나는 행복해 다른 누구도   난 부럽지 않아   너와나 행복한 시간만 남은거야  가끔가다 우리 싸울때도  있겠지만  우리 언제나 즐거울 수 있을 거야  서로를 사랑하고 있으니 yeah
1999.03.21~03.27,17,88549,I`ll Get Your Love,디바,Dream,1999.01,Dance,ReggieYeo,I'll get your love I'll get your love I know I got you I'll get your love You can't hide from me baby there's nothing to stop me The first time I had my eyes upon you and you were looking so shy looking so fine the way that you were looking right back to me you got me wanting for more one of a kind you made me see the sun that's shining and there's no doubt that you got me feeling that your love is let a wanna belong I way where I can be strong now there is something coming from you I gotta make you believe make you bellieve The moment that you looked right into my eyes I know there's nohing to hide see if I'm right The world is turning for the future with the love that we have is the nature and it doesn't matter what people say your love the me is to stay oh You keep a saying you just don't care but I know that you do said you don't care but I know it's not true you just can't hide and you don't realize the feeling for me that you have is so real I'll get your love I'll get your love I want you to know I'll get your love you can't hide from me baby the you want me to stay forever  Now there is something coming from you I gotta make you believe make you believe The moment that you looked right into my eyes I know there's nohing to hide see if I'm right The world is turning for the future with the love that we have is the nature and it doesn't matter what people say your love the me is to stay oh You keep a saying you just don't care but I know that you do said you don't care but I know it's not true you just can't hide and you don't realize the feeling for me that you have is so real I'll get your love I'll get your love I want you to know I'll get your love you can't hide from me baby there's nothing to stop me I'll get your love I'll get your love I want you to know I'll get your love you can't hide from me baby the you want me to stay ah ah ah
1999.03.21~03.27,18,84736,Lying,샵,The S#arp,1998.11.12,Dance,백종열,오 오 가져가 가져가봐 니가 준 나의 모든걸 오 오 웃지마 웃기지마 난 네게 다시 가지 않아 와줘 봐줘 맞혀줘 내게 좀더 다가와줘 너와 다투고 돌아오는 길이 지겨 지겨 지겨워 기지개를 펴 뒤를 보면 온세상이 너를 아는 나를 아는 사람들 이런 스파이같은 너의 친구들도 지겨워 이유없이 보는 그대로만 얘기하는 것들 너의 귀로 흘러 들어가 혼돈스러운 장면으로 피키피키 돌아가는 필름 도대체 나를 뭘로 보고 이러는거야 날 항상 바보로 보는거야 니깟게 뭘 안다고 내게 이러는거야 싫어 웃기지도 않는거야 짜증내도 참아 화를 내도 참아 너라면 그랬어 이젠 나도 싫어 두 번다신 싫어 니가 준 모든걸 가져가 사랑만해도 나는 하루가 모자라 너를 미워할 시간이 없어 이젠 내게 하루하루가 바쁠걸 너를 지워버릴테니까 오 오 가져가 가져가봐 니가 준 나의 모든걸 오 오 웃지마 웃기지마 난 네게 다시 가지 않아 오 처절하게 나 무너져 버려 슬퍼 나에게서 슬픈 기억 추억 지워버려 외로워 나 눈물 슬픔 나 모두가 다 너와 함께 한 날 나의 마음속에 후회를 지금도 너를 사랑해 휴 내게 남은 내겐 그대하나 휴 내게 남은 내겐 그대하나 휴 내게 남은 내겐 그대하나 휴 내게 남은 내겐 그대하나 지금부터 약 이년전에도 포기않고 계속 만나왔어 홀로 남을뻔 했어 WOW 우리 사랑은 영원한데 너는 어떻게 그렇게 변할 수가 있어 so so 리듬과 그대와 함께 춤을 그대를 속이며 바르게 다가가는 나의 품위 We got the rhythm and it's poundin body's soul to the floor once more driving all them suckas heading for the door damn sure comin at sa like a magnuym fourty four with my planetary rhymin timin ready for my war to the show 인것 처럼 우리는 그들을 속이지 않아 comin sharp justified we the SHARPS 하루가 이리길 줄 난 정말 몰랐지 니가 없는 하루가 이럴줄 그날 밤 너를 보내고 난 뒤에 돌아와 너를 잊지 못해 비틀비틀 기다려도 없어 나는 이제없어 너에겐 없나봐 이럴줄 몰랐어 나는 두고왔어 네게 준 내모든 사랑을 나의 다른 거짓말은 모두 알더니 그 날만은 왜 모르는거야 내가 너아니면 어딜 또 가냐고 하루종일 비틀비틀비틀 사랑만 하기에도 하루가 모자라 미워하고 말 시간이 없어 이젠 내겐 하루하루가 힘들어 그게 모두 거짓말이라고 오 오 가지마 가지마라 발병이 나고싶냐고 오 오 웃지마 웃기지마 난 거짓말이었다고 오 오 가지마 가지마라 난 널 어쩔수 없다고 오 오 기다려 기다려봐 이젠 거짓이 아니야
1999.03.21~03.27,19,81176,Missing You,이현우,Both Sides Of The Story,1998.11,Ballad,이현우,길을 걸었어 유난히도 오늘은 별이 아름답구나 기다려 주는 사람은 없었지만 나는 그냥 걸었어 나를 지나치는 많은 연인들 다시 만나고 또 헤어지고 서로 사랑을 하고 아픔을 또 주겠지 따스한 너의 체온이 그리워져 돌아와줘 어두운 거리를 홀로 헤매긴 싫어 돌아와줘 너를 떠나보내고 이젠 알게 되었어 너를 사랑해 바람이 차가와지는 이 거리에서 너의 모습이 자꾸 떠올라 네가 남겨주던 그 메세지가 오늘 밤에는 더욱 더욱 그리워 돌아와줘 어두운 거리를 홀로 헤매긴 싫어 돌아와줘 너를 떠나보내고 이젠 알게 되었어 너를 사랑해 And I missing you And I love for you I never let you go 돌아와줘 어두운 거리를 홀로 헤매긴 싫어 돌아와줘 너를 떠나보내고 이젠 알게 되었어 돌아와줘 어두운 거리를 홀로 헤매긴 싫어 돌아와줘 너를 떠나보내고 이젠 알게 되었어 너를 사랑해
1999.03.21~03.27,20,91304,Good Love,원타임,One Time For Your Mind,1998.11,Rap / Hip-hop,,yeah ha ha   straight from  the YG baby  ah 1TYM 1TYM ah  yo yo you  know how we do  1TYM break'em off  with that  oh baby   나 어떡해야 해  그대 사랑하는 맘  정말 난 못참겠어  oh baby   미칠것 같아  그대의 눈빛만 보면  정말 난 견딜수 없어  하루종일  그대 생각만 해  더이상은 버틸수  없을 것 같은데  good good good love so wonderful so beautiful my love good good good love hey you got the love good good good love so wonderful so beautiful my love good good good love my people from the front to the  back where U at 이제 시작한다 우리의 1TYM affack 다같이 uh uh uh plus two it's a good love keeping me high day and night with every thought of U oh honey  혼자두지마 그냥 이대로두면 나 어떻게 될지 몰라 oh darling  어떤말로도 내가 가 진 내사랑을 표현할 수가 없잖아 듣고 싶어 그대의 한마디 널 영원히 사랑해 그렇게 불러줘 good good good love so wonderful so beautiful my love good good good love hey you got the love good good good love so wonderful so beautiful my love good good good love  let's pick it up with the 1 T Y M comin' from the Y G yeah you know me 너와 내가 하나가 되어 나누는 거야 say good love good love 들리지 않니 사랑의 속삭임 너를 향한 이 설레임을 꺼지지않는 내 사랑과 같은 하늘 반짝이는 별은 너의 것 oh my love good good good love so wonderful so beautiful my love good good good love hey you got the love good good good love so wonderful so beautiful my love good good good love 1TYM saying king ah good good good love
1999.03.21~03.27,22,33281,It`s You,더더(THETHE),The One & The Other,1998.11,Rock,강현민,이제 어떡해야 해 자꾸 난 자신이 없어져 너의 빈 자린 내게 아무것도 할 수 없게 해 이제 난 무얼해야 해 온통 함께 지낸 기억뿐인데 쉽진 않겠지 하지만 달라져야 해 정말 널 잊을꺼야 Is it you oh It's you 모두 가져가버려  날 힘들게 하는 너의 향기까지 It's you oh It's you 다시 태어날꺼야 너를 모르던 그 때처럼 이제 난 어딜가야해 온통 너와 같이 갔던 곳 뿐야 제발 날 도와줘 꿈 속에서라도 더는 내게 다가 오지마 Is it you oh It's you 모두 없어져버려 날 슬프게 하는 너의 추억까지 It's you oh It's you 다시 태어날꺼야 너를 모르던 그 때처럼 매일 잊겠다고 다짐해도 언제나 그 때 뿐이죠 우린 왜 이렇게 힘든 길을 걸어야만 하는 거죠 Is it you oh It's you 모두 가져가버려 날 힘들게 하는 너의 향기까지 It's you oh It's you 다시 태어날꺼야 너를 모르던 그 때처럼 Is it you oh It's you 모두 없어져 버려 날 슬프게 하는 너의 추억까지 It's you oh It's you 다시 태어날꺼야 너를 모르던 그 때처럼
1999.03.21~03.27,23,9911,우리 같이해요,VariousArtists,1999 대한민국,1999.02.01,Rap / Hip-hop,,1999년 모든게 끝일지 모른다는 두려움에 좌절감속에  많은 이들 하루 하루를 그냥 보내고 있지만만만 모두 마찬가지  하루살이 하루 살기 위해 혼신의 힘을 다해 하루 살잖아  우리같이 디기리 개리 길 창이  그리고 영풍이 명호 주라 미애 수정  그리고 당신 우리 같이 한번 해봐요  들어봐 우린 지금 IMF에 대해 논하고 있는거야  실업률 우리나라 급격히 높아만 가고만 있는데  6.25사변이후 처음이라 모두들 말하는데  난난 나로서는 어떻게 할 수도 없죠  힘없는 내 자신만 탓하게 되죠  하지만 이것 만은 할 수 있을 거예요 서로가 서로에게  마음으로 아니 사랑으로 대할 수 있을 거예요  그 모든 슬픔 그 모든 아픔  우리는 지금까지 다같이 느껴왔었죠  이제는 모두 다같이 웃어봐요  서로를 미워하지 말고 사랑해봐요  그 모든 사랑 우리는 느껴왔었죠  이제는 혼자가 아니라는 것을  우리는 서로가 알 수 있었죠  우리는 다같은 한민족이라는 것을  TV를 켜면 그 속에 슬퍼하는 사람들이  너무 나도 많이 있는 것 같아요  허기진 배를 움켜쥐고 울고 있는 아이들  직장을 잃고 삶의 회의를 느끼시는 아버지들  방황하는 청소년들(그 모든 이들)  그리고 사랑을 받지 못한 그 모든 이들  이젠 힘을 내요 서로가 서로에게 무관심이 아닌  우리들의 사랑으로 말이죠  우리 같이 해요 날따라 해요 날따라 해봐요 요렇게  우린 할 수 있죠 우릴 따라 해요 날 따라 해봐요 요렇게  허니패밀리와 같이 한 번 해봐요 요렇게 해봐요 요렇게  우린 같이 할 수 있죠 다같이 할 수 있죠  날따라 해봐요 요렇게  너와 나의 그 모든 아픔들 지난 시간속에 묻어버리고  이제는 다시 일어나 우리 모두 함께 하나가 되요  오늘 난 봤어 당신의 어깨 축처져 힘없이 보인 당신의 어깨  내 눈에 눈물 고여 흐르는 걸 참았던 나  당신 힘든건 저도 이해해요  혼자라는 생각 그런 생각 버리세요  하지만 당신곁에 항상 우리가 있잖아요  자 당신 다시 한 번 생각해봐요  이 나라 이 땅을 이만큼까지 이끌어 왔던 주역이었다는것을요  그 모든 슬픔 그 모든 아픔  우리는 지금까지 다같이 느껴왔었죠  이제는 모두 다같이 웃어봐요  서로를 미워하지 말고 사랑해봐요  그 모든 사랑 우리는 느껴왔었죠  이제는 혼자가 아니라는 것을  우리는 서로를 알 수 있었죠  우리는 다같이 한민족이라는 것을  이제 거의 끝이 났어 그렇게 길고 길던  어두캄캄한 날들은 다 지나가고  어두운 날은 가고 희망찬 날을 밝혀줄  해는 지금 막 떠오르고 있어  지금이 중요해 사랑이 필요해  서로를 시기하지 말고 사랑으로  서로를 위해 아낌없는 사랑이 필요해  그럼 영원히 슬픔은 없을꺼야 난 믿어 그 모든 것을  우리 같이 해요 날따라 해요 날따라 해봐요 요렇게  우린 할 수 있죠 우릴 따라 해요 날 따라 해봐요 요렇게  허니패밀리와 같이 한 번 해요 요렇게 해봐요 요렇게  우린 같이 할 수 있죠 다같이 할 수 있죠  날따라 해봐요 요렇게  힘들지만 우리 함께 웃어요 그모든 슬픔 잊어버리 고 이제는 함께 마음을 열고 우리같이 느낄수 있어요  너와 나의 그모든 아픔들 지난 시간속에 묻어버리고 이제 는 다시 일어나 우리 모두 함께 하나가 되요
1999.03.21~03.27,24,81550,유죄 (형벌),김현성,Kim Hyun Sung 2 Solo Album,1998.10,Rock,박주연,오늘 아침이 내겐 너무도 무거워 손가락 하나도 움직일 수가 없어 왜 일어나야 해 왜 눈을 떠야 해 무얼 위해서 내가 숨을 쉬어야 해 몇마디 말로 너는 끝이라고 했어 그렇게 이별은 정말 간단하더군 이제야 알겠어 다시 혼자되니 그동안 무엇이 나를 살게 했는지 믿어지니 오늘 하루동안 몇번이나 내가 죽고 싶었는지 이젠 사라져 제발 나의 인생에서 그냥 이대로 제발 엇갈린 채로 가 돌아와선 안돼 어떻게도 안돼 너를 용서 못하겠어 그래 그 벌로 널 못 잊을께  몇마디 말로 너는 끝이라고 했어 그렇게 이별은 정말 간단하더군 이제야 알겠어 다시 혼자되니 그동안 무엇이 나를 살게 했는지 믿어지니 오늘 하루동안 몇번이나 내가 죽고 싶었는지 이젠 사라져 제발 나의 인생에서 그냥 이대로 제발 엇갈린 채로 가 돌아와선 안돼 어떻게도 안돼 너를 용서 못하겠어 그래 그 벌로 Never turn around 제발 나의 인생에서 Never turn around 제발 엇갈린 채로 가 돌아와선 안돼 어떻게도 안돼 너를 용서 못하겠어 그래 그 벌로 널 못 잊을께
1999.03.21~03.27,25,38466,비원(悲願),김민종,인연(因緣),1999.03,Ballad,김민종,뭐가 그리 힘드니  내가 너를 힘들게 하니  그럼 편안히 내곁을 떠나  이해 할 수 없지만   대신 부탁이 있어  부디 행복한 모습으로  나와 마주칠 수 있게 살아야돼  내가 이해하도록  미안하다 생각하지 말아줘  참고있는 나에게 그저  미소만 보이면 돼  안된다고 소리치고 싶지만  소용없는걸   난 알기에 널 보내는거야  더 이상 내가 다가갈수 없게  행복한 모습을 보여줘   널 포기하도록  자신이 없다면 나에게 돌아와도 돼   지금도 널 위해  나는 살아가고 있으니  힘들지만 기다릴게  편히 지내왔었던  지난 시간을 기억하며  난 울것 같아  너를 이해 할 수 없기에   난 너를 잊을 자신 없기에  안된다고 소리치고 싶지만  소용없는 걸  난 알기에 널 보내는거야  더 이상 내가 다가갈수 없게  행복한 모습을 보여줘   널 포기하도록  자신이 없다면 나에게 돌아와도 돼   지금도 널 위해  나는 살아가고 있으니  힘들지만 기다릴게  편히 지내왔었던  지난 시간을 기억하며  편히 지내왔었던 지난 시간을 기억하며
1999.03.21~03.27,26,80565,오락실,한스밴드,1집 Hans Band,1998.09.01,Rock,최준영,"시험을 망쳤어 오 집에가기 싫었어  열받아서 오락실에 들어갔어  어머 이게 누구야 저 대머리 아저씨  내가 제일 사랑하는 우리아빠   장난이 아닌 걸 또 최고기록을 깼어  처음이란 아빠 말을 믿을수가 없어  용돈을 주셨어 단 조건이붙었어  엄마에겐 말하지 말랬어  가끔 아빠도 회사에 가기싫겠지  엄마 잔소리, 바가지, 돈타령 숨이 막혀  가슴이 아파 무거운 아빠의 얼굴  혹시 내 시험성적 아신건아닐까  오늘의 뉴스 대낮부턴 오락실엔  이시대의 아빠들이 많다는데  혀끝을 쯧쯧 내차시는 엄마와  내 눈치를 살피는 우리아빠   늦은 밤중에 아빠의 한숨소리  옆엔 신나게 코골며 잠꼬대 하는 엄마  가슴이 아파 무거운 아빠의 얼굴  혹시 내일도 회사에 가기싫으실까  아침은 오고 또 엄마의 잔소리  도시락은 아빠꺼 내꺼 두개  아빠 조금 있다 또 거기서 만나요  오늘 누가 이기나 겨뤄봐요  승부의 세계는 오 너무너무 냉정해  부녀간도 소용없는 오락 한판  아빠 힘내요 난 아빠를 믿어요  아빠 곁엔 제가 있어요  아빨 이해할 수 있어요  아빠를 너무 사랑해요"
1999.03.21~03.27,27,607443,전사의 후예 (폭력시대) / 늑대와 양 (Wolf & Sheep),H.O.T.,99 Live In Seoul : 9/18  Olympic Main Stadium Concert,1999,Dance,유영진,아 니가 니가 니가 뭔데 도대체 나를 때려 왜 그래 니가 뭔데 힘이 없는 자의 목을 조르는 너를 나는 이제 벗어나고 싶어 싶어 싶어 그들은 날 짓밟았어 하나 남은 꿈도 빼앗아갔어  그들은 날 짓밟았어 하나 남은 꿈도 다 가져 갔어 Say ya 아침까지 고개들지 못했지 맞은 흔적들 들켜 버릴까봐 어제 학교에는 갔다왔냐 아무일도 없이 왔냐 어쩌면 나를 찾고있을 검은 구름앞에 낱낱이 일러 일러 봤자 안돼 안돼리 안돼 아무것도 내겐 도움이 안돼 시계추처럼 매일 같은 곳에 같은 시간 틀림없이 난 있겠지 그래 있겠지 거기 있겠지만 나 갇혀 버린건 내 원한바가 아니요 절대적인 힘 절대지배함 내 의견은 또 물거품 팍팍해 모두 팍팍해 내 인생은 정말로 팍팍해 4 3 2 1 And 1 변해갔어 니 친구였던 나를 죄의식없이 구타하고는 했어 넌 나의 밥이 되고 말았지 난 말이요 널 말이요 잊어 버릴 수 없으리요 왜 살리요 너 때문에 내 인생은 구겨져가 너를 두고 두고 지켜 보려해 Say ya 그들은 날 짓밟았어 하나 남은 꿈도 빼앗아 갔어 너는 너는 끝내 나의 적이 됐고 이제 나는 너를 포기했어 그들은 날 짓밟았어 하나 남은 꿈도 다 가져갔어 길을 찾아봤어 아무데도 없어 이젠 내가 나를 벌하겠어 Dummer Dummer Dummer Dummer Dum Mer Dum Dum Here we go here we go it's time to stop MMM the biolence hate and all the mess it's about time somebody should stand for what is right that is right Bang bang bang What comes down beat a what comes down Do you body ready for the beat again what's up are you people ready for it This is the message from HOT Yeah  늑대 빌어먹을 짐승같은 놈들  한참 우린 몰랐어 그리고 녀석들의 속임수도 얕잡았어 파괴와 모순은 어느샌가 이미 우리속에 숨어있다는 것도야 널 재워버릴 단한방이 온다 이젠 모조리 끝내 버리겠어 너의 전쟁까지 한참전에 시작됐던 소리없이 내려 버린 많은 붉은 비는 작은 영혼들 이들을 밟고 서서 그댄 웃고 있는가 내가 가진 모든 시간들이 끝나기 전에 다시 한번 일어서 마지막 기도하겠어 다시 돌아 갈 수 없는 지난 날의 Eden을 그리워 하며 우린 여기에 양들의 모든 것은 그의 전리품 에이 늑대 빌어먹을 짐승같은 놈들 양들의 모든 가족들은 사냥감으로 늑대 빌어먹을 짐승같은 놈들 양들의 도시들은 그의 전쟁터 에이 늑대 빌어먹을 짐승같은 놈들 양들이 가진 사랑 모두 장난감으로 늑대 빌어먹을 짐승같은 놈들
1999.03.21~03.27,28,91307,미안해 널 미워해,자우림,연인(戀人),1998.11,Rock,"김윤아,이선규",기억 나지 않아 어젯밤 꿈조차 지우려고 했던게 아닌데 잠들지 않도록 널 부르며 눈 감았지 사무쳐 그리지는 않았지 미안해 널 미워해 이대로 인걸 이해해 넌 그렇게 그대로 인걸 꿈꾸지 않기를 눈 감으며 기도했지 사무쳐 그립지는 않았지 미안해 널 미워해 이대로 인걸 이해해 넌 그렇게 그대로 인걸 그래 나 널 지우려고 해 널 보내려고 해 이제 지쳤어 미안해 널 미워해 이대로 인걸 이해해 넌 그렇게 그대로 인걸 미안해 널 미워해 이대로 인걸 어느새 난 빗물에 젖어 슬픈 새 미안해 널 미워해 이대로 인걸 이해해 넌 그렇게 그대로 인걸
1999.03.21~03.27,29,88119,Kiss Me,박진영,Kiss Me,1998.12,Dance,박진영,나의 머리엔 온통 그대의 생각뿐  나의 마음엔 온통 그대의 모습뿐  꿈속에서도 그댄 날 떠나질 않네  오 내가 사랑에 빠지나봐  그대 미소에 내 맘 노래를 부르고  그대 손길에 내 몸 오 춤을 추고  그대 눈빛에 나의 영혼이 물들고  사랑이란 노을로 물들고  Kiss me Oh baby 바로 여기 baby  Touch me Oh baby 나를 안아줘  Show me Oh baby 너의 맘을 baby  Love me Oh baby 언제까지나  어딜보아도 내겐 그대만 보이고  뒤돌아서도 그대 음성이 들리고  눈을 감아도 그대 향기에 눈뜨고  오 내가 사랑에 빠졌나봐  나의 하늘엔 그대 별이 빛나고  나의 바다엔 그대 파도가 치고  나의 가슴엔 그대 바람이 불어오고  사랑이란 바람이 불어오고  Kiss me Oh baby 바로 여기 baby  Touch me Oh baby 나를 안아줘  Show me Oh baby 너의 맘을 baby  Love me Oh baby 언제까지나  그대만 보면 뛰는 가슴은 멈출 줄 모르고 그댈 바라보는 뜨거운 시선 식을 줄 모르고 그댈 향한 내 사랑은 점점 더욱 커져만 가고 오 날 제발 피하지 말아줘 Kiss me Oh baby 바로 여기 baby Touch me Oh baby 나를 안아줘 Show me Oh baby 너의 맘을 baby Love me Oh baby 언제까지나
1999.03.21~03.27,30,82322,편지,이빈,The 1st Album,1998.11,Ballad,도중운,난 너에게 무슨 말을 해  난 아무런 말도 할 수 없는데 어떻게 날 전해줘야 하는지 널 위로해야 하는데 자꾸만 눈물이  내 편지를 받아보는 그 날도 꼭 이렇게 흰눈이 내렸으면 해 그래야 내 맘이 편할꺼야 널 처음 만난 그날도 하늘은 하얗게 나보다 더 좋은 사람 만나길 바래 미안해 하지는마 부탁이야 넌 행복해야 해 시간이 흘러 나를 향한 맘이 변한대도 영원히 기도할께 너만의 행복위해 안녕  내 마음이 아프다고 말하면 넌 내 손에 먼저 눈물 떨구지 얼마나 내 맘이 아팠는지 날 용서할 순 없는지 널 위한 사랑을 나보다 더 좋은 사람 만나길 바래 미안해 하지는마 부탁이야 아파하지 말아 시간이 흘러 나를 향한 맘이 변한대도 영원히 기도할께 너만의 행복위해  많이 힘들어 내가 생각날 때면 언제나 우리 만나던 그 곳 찾아 나를 그려줘 나 괜찮아 울먹이지마 부디 행복해  나보다 더 좋은 사람 만나길 바래 미안해 하지는마 부탁이야 아파하지 말아 시간이 흘러 나를 향한 맘이 변한대도 영원히 기도할께 너만의 행복위해 안녕
1999.03.21~03.27,31,1877177,사랑하는 날까지,김종환,사랑하는 날까지,1998.12.01,Adult Contemporary,김종환,사랑은 운명 속에 언제나 살고 있다 가슴을 치는 슬픔  그 고통 속에도 나와 함께 길을 걷는다 외로움이 나는 싫어 당신을 선택했다 내가 사는 날까지 운명의 길 위에서  당신과 살고 싶다 너를 사랑하기에  내가 존재하는 것  널 위해 내가 살 수 있다면  나의 뜨거운 젊음 모두 다 주고 싶다  몇백년 사는 것도 아닌데  천년을 기다려도 너를 사랑하겠다  마지막 남은 사랑을 위해  내 꿈이 깨질까봐 불안한 삶이 싫다  내가 선택한 길을 내가 걸어가면서  사랑에 운명을 건다 너를 사랑하기에 내가 존재하는 것  널 위해 내가 살 수 있다면  나의 뜨거운 젊음 모두 다 주고 싶다  몇백년 사는 것도 아닌데 천년을 기다려도 너를 사랑하겠다  마지막 남은 사랑을 위해  천년을 기다려도 너를 사랑하겠다  마지막 남은 사랑을 위해  마지막 남은 사랑을 위해
1999.03.21~03.27,32,81343,영원으로,장혜진,Dream,1998.12.07,Ballad,박충민,아무 걱정하지 말라고 내게  거짓말들로 위로하려 했어  니가 나를 다른 이유로 피하려  하는 줄로만 착각했는데  널 보낼수 없는 날  하얀 숨결로 나를 안아줘  짧은 방황의 끝 침묵의 시간이 흐른뒤 네게 갈 준비가 됐어 이젠 제발 다시 날 데려가줘 잠시 하늘 아래 홀로 남겨질 나를 텅빈 너의 방 한구석에 놓인 바래진 사진첩 외면하려 해도 터질것 같은 너의 그리움들 이젠 그대의 영원속으로 문을 열고 들어 올거라는 서툰 기대로 밤을 지샜지 널 그렇게 그리며 바랜 사진의 나의 입맞춤 떨려 오는 손길 침묵의 시간이 흐른뒤 네게 갈 준비가 됐어 이젠 제발 다시 날 데려가 줘 잠시 하늘 아래 홀로 남겨질 나를 텅빈 너의 방 한구석에 놓인 바래진 사진첩 외면하려 해도 터질것 같은 너의 그리움들 이젠 그대의 영원속으로
1999.03.21~03.27,33,81012,너를 보내며,젝스키스,Special,1998.10.03,Ballad,장대성,만날 수 없다는 슬픔보다 힘든건 니가 내 곁에 항상 있어도  외롭다고 느끼는 가슴이야 내가 아닌 사람과 함께 있는  널 봤어 모든걸 이젠 단념해야겠지 너의 지나친 무관심 속에서 내가 감춰야 했던 슬픔들 너를 바라보다 쓰러져 잠들어 버린 내 사랑이라고 해도 그걸 무너뜨릴 자신이 없어 또다시 혼자 돌아서고 있어 내가 원한 너의 사랑도 항상 바램으로 끝이 났지만 이젠 사랑했던 널 위해  먼저 떠날게 너에게 주었던 모든 것들은 널 위해서 잊기로 했지만 어느 누굴만나 사랑한다 해도 언제나 행복할꺼라 생각할께 그래 내가 잊지 못할 단  한가지는 너 하날 지키지 못했던  사랑이란거야 그런 너를 이해해 내가  부족하다면 괜찮은 사람 만나기를 바래 너의 지나친 무관심 속에서  내가 감춰야 했던 슬픔들 너를 바라보다 쓰러져 잠들어 버린 내 사랑이라고 해도 그걸 무너뜨릴 자신이 없어 또다시 혼자 돌아서고 있어 내가 원한 너의 사랑도 항상 바램으로 끝이 났지만 이젠 사랑했던 널 위해 먼저  떠날게
1999.03.21~03.27,34,33728,기적 (Duet With 이소은),김동률,The Shadow Of Forgetfulness,1998.12.01,Ballad,김동률,나 그대의 눈을 바라보면 이 모든게 꿈인 것 같아요 이 세상 많은 사람중에 어쩌면 우리 둘이었는지 기적이었는지도 몰라요 그대의 품에 안길때면 새로운 나를 깨달아요 그대를 알기 전에 내가 어떻게 살았는지 몰라요 죽어 있었는지도 몰라요 어쩌면 이렇게도 엇갈려 왔는지 우린 너무 가까이 있었는데 서로 사랑해야 할 시간도 너무 모자라요 나를 믿어요 믿을께요 세상 끝까지 함께 할께요 얼마나 나를 찾았나요 헤매였나요 나의 기도를 들었나요 내 기도에 귀기울였나요  이 세상 살아가는 동안 단 한번 스쳐지나갈 때  한눈에 서로 알아볼 수 있게 되길 이렇게  어쩌면 이렇게도 엇갈려 왔는지  우린 너무 가까이 있었는데  서로 사랑해야 할 시간도 너무 모자라요  나를 믿어요 믿을께요 세상 끝까지 함께 할께요  그 얼마나 나를 찾았나요 헤매였나요  나의 기도를 들었나요 내 기도에 귀기울였나요  이 세상 살아가는 동안 단 한번 스쳐지나갈 때  한눈에 서로 알아볼 수 있게 되길 이렇게
1999.03.21~03.27,35,80697,작별,이소은,소녀 (少女),1998.12,Ballad,MGR(RBW),죄송했어요 많이 불편해 하셨죠  어린 마음에 너무 멋대로 굴었죠  예쁘더군요  오빠 옆에 있던 그 언니는  당연한걸요 오빠의 신부니까요 한번만 내 교복 입은 모습  보여 드리고 싶어 찾아 왔죠  이 모습 내게 제일 어울리나요  오래 망설였죠 속일 마음은  아니였었는데 다신 못 볼까 두려워 알고 있어요 그러면 안 되는걸  나빴어요 나는 정말로  곤란케 했다니  용서해줘요 하지만 그댈위해  여기까지 하기로 해요  그 언니 잘해 주셔요  한번만 내 교복 입은 모습 보여 드리고 싶어 찾아 왔죠 이 모습 내게 제일 어울리나요 오래 망설였죠 속일 마음은 아니였었는데 다신 못 볼까 두려워 알고 있나요 많이 울었다는 걸 나빴어요 그댄 정말로 내 맘 몰라주니 이제 잊어요 그냥 어린 여자애 알았었지 하고 말예요 그 언니 잘해 주셔요
1999.03.21~03.27,36,1076845,내가 있을께,조,Jo,1998.12,Ballad,지예,웃어본적 없는 그런 눈으로  그 어떤 아픔에 힘겨웠는지  널 안아주고 싶어  울고 싶어지면 눈물을 보여  그러다 지치면 힘들게 했던  그걸 용서해  너를 느낄때마다  나를 보는 것 같았어  아직 남아있는 아름다움을  찾질 못하는 오~  날 만나기 위해 외롭던 널 지켜줄꺼야  여린 너의 마음 다치게 했던  그 시간만큼 널 지켜줄께  오- 이별없는 그 곳엔 내가 있을께  너를 느낄때마다  나를 보는 것 같았어  아직 남아있는 아름다움을 찾질 못하는  오- 날 만나기 위해  외롭던 널 지켜줄꺼야  여린 너의 마음 다치게 했던  그 시간만큼 널 지켜줄께  날 만나기 위해 외롭던 널 지켜줄꺼야  작은 너의 몸짓 하나까지도  늘 처음처럼 널 바라볼께  오- 이별없는 그 곳에 내가 있을께
1999.03.21~03.27,37,2249978,Love Potion No. 9 (영화 `태양은 없다`),TheSearchers,올드팝 베스트 (불멸의 팝송 : 한국인이 가장 사랑하는 추억의 Golden Pop 58),2009.07.22,Pop,,Love Portion No.9
1999.03.21~03.27,38,534604,지각,유리상자,사랑찾기,1998.10.14,Ballad,이세준,간절히 바랬죠  제발 단 하루만이라도  나에게 마지막 기회를 주시길  이제껏 한번도  저는 그분의 그 입가에  밝은 미소 짓게 해드리지 못했죠  이제야  겨우 이제서야  돌아왔는데  그분의 곁으로  잘 하려 했는데  돌아 왔는데  준비하지 못했었던  어리석은 저에겐  견딜 수가 없도록 힘이 들지만  조금이라도 빨리 그를  당신 곁에 두시려  그렇게도 서둘러 데려가셨다면  그저 따라야 하겠죠  알 것도 같아요 그가 나에게 베풀었던 그 사랑이 바로 당신의 사랑인걸 이제야 겨우 이제서야  돌아왔는데 그분의 곁으로 잘 하려 했는데 돌아 왔는데 준비하지 못했었던 어리석은 저에겐 견딜 수가 없도록 힘이 들지만 조금이라도 빨리 그를 당신 곁에 두시려 그렇게도 서둘러 데려가셨다면 감사하며 따르겠어요 어리석은 저에겐 견딜 수가 없도록 힘이 들지만 조금이라도 빨리 그를 당신 곁에 두시려 그렇게도 서둘러 데려가셨다면
1999.03.21~03.27,39,38477,다시 비가,김종서,Love Songs,1998.11,Rock,,한~참을 마주앉아~아무런 말없이 모~르는 타인처럼 느껴지던 너 이~별을 말하려던~차가운 네 입술 내~리는 비와 눈물 사이로 흐려지던 너의 뒷모습 아~무런 준비도 없던 나에게~~ 그~렇게 냉정히 떠나버린 너  내~곁에 남겨진 건~ 낯설은 외로움 그~리고 아무기다림 없는 홀로 남은 아픈 그리움  아~무런 준비도없던 나에게~~ 그~렇게 냉정히 떠나버린 너 내~곁에 남겨진 건~낯설은 외로움  그~리고 아무기다림없는 홀로 남은아픈 그리움  다시 비가 내리네
1999.03.21~03.27,40,2962055,볼꽃놀이,김종서,Tribute :77 99 22,1999.09,Rock,,
1999.03.21~03.27,41,91226,세상은,신효범,Ego,1998.10,Ballad,강현민,귀기울여 듣고 있다면  언제라도 알 수 있겠죠  그대의  곁에 있는 사람들에겐  작은 사랑이  필요함을  눈을 감고  느껴 보아요  그대 고운  마음을 얘기할때  우리를 감싸는  저 넓은 하늘이  더욱 푸른빛으로  빛나고 있다는걸  아름다운  곳이죠  그대와 내가 함께  만들어갈 세상은  따뜻한 마음을  원한다는걸  알 수  있잖아요  고개 들어  하늘을 봐요  그대 작은  사랑의 마음들이  우리를 감싸는  저 높은 하늘을  더욱 푸른 빛으로  빛나게 하잖아요  아름다운  곳이죠  그대와 내가 함께  만들어갈 세상은  따뜻한 마음을  원한다는걸  알 수 있잖아요 그대 혼자가 아니야 마음을 열 수 있다면 곁에 있는 내모습도 아름다운 세상도 모두다 그댈 위한거죠 아름다운 곳이죠 그대와 내가 함께 걸어갈 이 세상은 따뜻한 마음 가득한 곳이죠 알 수 있잖아요 그대 외로워 말아요 후 후
1999.03.21~03.27,42,80649,마지막 사랑,에코,Voice Of Love,1998.11,Ballad,이현규,왜 내게서 멀어졌나요 난 정말 원치 않았던  이별이었어요 긴 하루를 보낼 때마다 나도 모르게 눈물이  흐르곤 했었죠 그대는 내가 그립지 않나요 벌써 모든 것을 잊으셨나요 우리 헤어져야 하는 이유를 아직도 인정할 수가 없어요 쉽게 끝낼 수가 없어요 나는 처음부터 다시 시작하고  싶어요 어딜 가도 그대 생각 때문에 난 너무나 힘이 들어요  그대 역시 마찬가지잖아요 나는 달라지고 있어요 그대 다시 내게 돌아오기만을  손꼽아 기다려요 나는 그대에게 마지막  사랑이기를 원해요 좋은 추억만 기억해주세요 정녕 이대로 날 버릴 건가요 다시 한번 사랑할 수 있도록 웃으며 반겨줄 수는 없나요 쉽게 끝낼 수가 없어요 나는 처음부터 다시  시작하고 싶어요 어딜 가도 그대 생각 때문에 난 너무나 힘이 들어요  그대 역시 마찬가지잖아요 나는 달라지고 있어요 그대 다시 내게 돌아오기만을  손꼽아 기다려요 나는 그대에게 마지막  사랑이기를 원해요 나는 아무 욕심 없어요 오직 사랑하는 그대 품에 안겨  살 수 있다면 그 뿐이예요 세상이 허락하는 날까지  기다릴 거예요 내게 돌아올 그대를 믿어요
1999.03.21~03.27,43,32728,슬픈 독백,리아,Yozosooknyo,1998.10,Rock,리아,그렇게 힘겹던 네게 위로가 된 나였는데 지난날 기약도 없이 이기적인 넌 떠났어 여린 가슴보다 더 큰 슬픔 앞에서 차라리 잘된 일이라 해도 내 눈에는 빨간 눈물 흐르네 넌 너만을 더 사랑해 왔었는데 용기없는 널 사랑했던 나였는데 너도 언젠가는 후회하겠지만 다신 그렇게 사랑하지마 떠나는 너의 뒤에서 세상 모든 슬픔처럼 왜 나만 혼자 이렇게 아파해야 하는걸까 여린 가슴보다 더 큰 슬픔 앞에서 차라리 잘된 일이라 해도 내 눈에는 빨간 눈물 흐르네 넌 너만을 더 사랑해 왔었는데 용기없는 널 사랑했던 나였는데 너도 언젠가는 후회하겠지만 다신 그렇게 사랑하지마 나보다 넌 너만을 더 사랑해 왔었는데 용기없는 널 사랑했던 나였는데 너도 언젠가는 후회하겠지만 다신 그렇게 사랑하지마 Don't you cry for me I'll never miss again
1999.03.21~03.27,44,91225,숨은 그림 찾기,엄정화,Invitation,1998.07,Dance,김영아,널 만날땐 가슴이 떨려 괜히   웃음만 나와 왜지  어린 아이가 돼버린맘  가끔씩 네가 싫어졌다   끝이라고 말을해도  딴청만 피우는 너는 역시   내맘을 알지  너의 곁에만 있어도 벅차   오르는 사랑은  지금 너에게 향하는 웃음으로   대신 해줄게 말이 없는 너의 성격에 심술   궂게 굴어도  편한 미소로 받아주는 널 알아  지금은 나의 모든것을 보여 줄순   없겠지만  조금씩 내맘을 찾아 주길 바랄께  이젠 우리 사랑이 영원히   함께하기를 바라며  오직 너만이 마지막 사랑이길   기도 할거야  눈을 떠봐 보이니 숨겨왔던   내 진실이   내안에서 너를 부르고 있어  나나나나나나나나나  나나나나나나나나나  나나나나나나나나나  나나나나 너의 곁에만 있어도 벅차  오르는 사랑은 지금 너에게 향하는 웃음으로  대신 할게 우리 사랑이 영원히  함께하기를 바라며 오직 너만이 마지막  사랑이길 기도 할거야
1999.03.21~03.27,45,91305,거짓말,영턱스클럽,영턱스 클럽 4,1998.10.30,Dance,Ricky,"그녈 본순간 눈이 멀었지  아무생각 없이 가서 말을 걸었지 이렇게 저렇게 어떻게 하다가 보니까  난 언제같이 영화보자구 약속했어 너에겐 정말정말 미안해 미안해 하지만  그래도 어떻해 난 예쁜여잘 보면 정신 못차리는 걸 그런데 왠걸  영화를 보러갔다가 너와 마주쳤어 이렇게 내가 지금까지 공들여 놓고  한순간에 너를 잃을수는 없어 김빠진 사이다 차가운 콜라처럼  후회하는 나의 모습봐 그러니까 한번 봐주라니까 나도 남자라니까  사람이니까 실수도 할수 있으니까 내가 잘못했다니까 나한테는 너밖에 없으니까 왜 내게 거짓말을 했니? 차라리 변명이나 말지 이렇게 나의 마음에 상처만을 남기고서  나만을 사랑한단 말을 했었지 다신 안그럴께 한 번 봐주겠니  내가 많이 널 많이 화나게 했니? 지금껏 난 너에게 나의 모든 것들을 줬지만 널 믿고서 살던 난 바보가 되어버렸어 나없이는 못산다고 나를 감동시킬땐 언젠데 넌 나를 가지고 그래도 만족못할 그런 사람인줄 몰랐어  큰일났다 정말 이럴수가 아이고 너를 보지 못하니까 그리움만 쌓이고 나 없이는 못산다 YOU`RE MY GIRL 다시는 바람 안핀다는 그런말이고  또 그렇다면 나는 싸이코  한 번쯤은 실수 할수도 있는 나이고, 니가 없어 내인생은 말이 아니고 제발 말해줘 잘해보자고 어떻게 이럴수가 있니 차라리 변명이나 말지 이렇게 나의 마음에 상처만을 남기고서  나만을 사랑한단 말을 했었지 다신 안그럴께 한 번 봐주겠니  내가 많이 널 많이 화나게 했니? 지금껏 난 너에게 나의 모든 것을 줬지만 널 믿고서 살던 난 바보가 되어버렸어 나없이는 못산다고 나를 감동시킬땐 언젠데 넌 나를 가지고 그래도 만족못할 그런 사람인줄 몰랐어 왜 내게 거짓말을 했니? 차라리 변명이나 말지 이렇게 나의 마음에 상처만을 남기고서  나만을 사랑한단 말을 했지 이럴수가 있니 차라리 변명이나 말지 이렇게 나의 마음에 상처만을 남기고서  나만을 사랑한단 말을 했었지"
1999.03.21~03.27,46,1877126,사랑을 위하여,김종환,사랑을 위하여,1997.06.13,Adult Contemporary,김종환,이른 아침에 잠에서 깨어 너를 바라볼 수 있다면 물안개 피는 강가에 서서 작은 미소로 너를 부르리 하루를 살아도 행복할 수 있다면 나는 그 길을 택하고 싶다 세상이 우리를 힘들게 하여도 우리들은 변하지 않아 너를 사랑하기에 저 하늘 끝에 마지막 남은 진실 하나로 오래 두어도 진정 변하지 않는 사랑으로 남게 해주오 내가 아플 때보다 네가 아파할 때가 내 가슴을 철들게 했고 너의 사랑 앞에 나는 옷을 벗었다 거짓의 옷을 벗어버렸다 너를 사랑하기에 저 하늘 끝에 마지막 남은 진실하나로 오래 두어도 진정 변하지 않는 사랑으로 남게 해주오 너를 사랑하기에 저 하늘 끝에 마지막 남은 진실 하나로 오래 두어도 진정 변하지 않는 사랑으로 남게 해주오 사랑으로 남게 해주오
1999.03.21~03.27,47,611989,Yesterday (Newmix Version),김정민,Yesterday (From Christmas To Christmas),1998,Ballad,하해룡,아무런 말도 하지 않고 내 곁을 떠나가줘 우우 미안하다는 말은 하지마 그대에 두 눈에 흐르는 눈물은 볼 수 없어 우우 더 이상 부담줄 수 없는 거야 이해해 그대 나에게 이별을 말하기가 너무나 힘이 들어 했을꺼야 괜찮아 지난날처럼 만날 수가 없어도 이 하늘 어디에선가 그대 고마워 그대를 사랑할 수 있어서 하지만 못다한 사랑에 내 맘이 아파와 미안해 아직도 그대를 잊지 못해 워 힘들어 하는 나 이해해 그대 나에게 이별을 말하기가 너무나 힘이 들어 했을꺼야 괜찮아 지난 날 처럼 만날 수가 없어도 이 하늘 어디에선가 그대 고마워 그대를 사랑할 수 있어서 하지만 못다한 사랑에 내 맘이 아파와 미안해 아직도 그대를 잊지 못해 워 힘들어 하는 나
1999.03.21~03.27,48,39180,너를 끝으로,김원준,Self Destruction,1998.09.24,Rock,김원준,너에게 길들여진 습관 속에 갇혀있는 내게  현실은 허락치 않는 슬픈 비극 같아  날 버리지 않겠다는 그 약속 그 맹셀  버린 대신 내게 준 빛 바랜 나의  이별의 훈장을 가슴에 안고 나는 간다  비웃는 관객들 사이로 내 막은 내린다  날 버리지 않겠다는 그 약속 그 맹셀  버린 대신 내게 준 빛 바랜 나의  이별의 훈장을 가슴에 안고 나는 간다  비웃는 관객들 사이로 내 막은 내린다  이별의 훈장을 가슴에 안고 나는 간다  비웃는 관객들 사이로 내 막은 내린다  이제는 모든 것이 끝나 갔어 너를 끝으로
1999.03.21~03.27,49,1073473,Poison(Remix),엄정화,Club DJ 가요 리믹스 Vol.1,1998.11,Dance,,
1999.03.21~03.27,50,38667,금지된 사랑,김경호,Kim:Kyungho 1997,1997,Rock,강은경,울지 마  여기에 새겨진  우리 이름을 봐  소중한 초대장이  젖어버리잖아  슬퍼마 너의 가족들이  보이지 않아도  언젠간 용서할  그 날이 올 거야  내 사랑에 세상도 양보한 널  나 끝까지 아끼며 사랑할게  약속 해줘 서로만 바라보다  먼 훗날 우리 같은 날에 떠나  각오해  내게 무릎 꿇은  세상의 복수를  많은 시련 준대도  널 위해 견딜게  내 사랑에 세상도 양보한 널  나 끝까지 아끼며 사랑할게  약속해줘 서로만 바라보다  먼 훗날 우리 같은 날에 떠나  긴 세월 흐른 뒤 돌아보아도  아무런 후회 없도록  단 하룰 살아도  너 행복 하도록 만들 거야  내 사랑에 세상도 양보한 널  나 끝까지 아끼며 사랑할게  약속해줘 서로만 바라보다  먼 훗날 우리 같은 날에 떠나  baby 사랑할게
