time,rank,song_id,title,singers,album,date,genre,creator,lyric
1996.10.27~11.02,1,68709,조조 할인 (Feat. 이적),이문세,화무(花舞),1996,Rock,윤성희(SungheeYoon),아직도 생각나요 그 아침 햇살 속에 수줍게 웃고있는 그 모습이 그 시절 그 땐 그렇게 갈 데가 없었는지 언제나 조조할인은 우리 차지였었죠 돈 오백원이 어디냐고 난 고집을 피웠지만 사실은 좀 더 일찍 그대를 보고파 하지만 우리 함께한 순간 이젠 주말의 명화 됐지만 가끔씩 나는 그리워져요 풋내 가득한 첫사랑 수많은 연인들은 지금도 그 곳에서 추억을 만들겠죠 우리처럼 손님이 뜸한 월요일 극장 뒷자리에서 난 처음 그대 입술을 느낄 수가 있었죠 나 자신도 믿지 못할 그 은밀한 기적속에 남자로 나는 다시 태어난 거예요 하지만 우리 함께한 순간 이젠 주말의 명화 됐지만 가끔씩 나는 그리워져요 풋내 가득한 첫사랑 하지만 우리 함께한 순간 이젠 주말의 명화 됐지만 가끔씩 나는 그리워져요 풋내 가득한 첫사랑 아직도 생각나요 그 아침 햇살 속에 수줍게 웃고 있는 그 모습이 수많은 연인들은 지금도 그 곳에서 추억을 만들겠죠 우리처럼
1996.10.27~11.02,2,68799,사자후(獅子喉),이현도,Do It,1996.09,Rap / Hip-hop,이현도,조그맣게 살아 있던 내 가슴속에 불씨를 다시 크게 불태우리라 고뇌의 벽을 부셔 버리고서 다시 그댈 위해 내가 앞에 서리라 절망의 늪에서 빠져만 있기엔 나의 젊은 시간이 너무 짧다 다시 일어서는 내 의지와 함께 손잡을 사람들은 어디 누군가 더 내려갈 수 없는 절망의 끝에 떨어졌다 해도 여전히 태양은 머리위에 타오름을 이제 깨달을 그 시간이 왔다 운명을 피할 수 없다라면 그대여 그 운명에 당당하게 맞서라 소년의 여름에 찾아냈다 여기 영원히 부숴지지않는 다이아몬드 D O likes this D O likes that D to the O D O once again D O likes this D O likes that D to the O with the master plan 그대를 묶고 있는 두꺼운 그 줄을 끊어 그대를 가둬 놓은 두꺼운 그 벽을 넘어 나는 그렇게 하리라 나 나는 그렇게 되리라 나 나나나 나나나 Rock on 견디어 내야 할 내 모든 괴로움 그 괴로움의 크기만큼이나 내 가슴 속에서 타오른 분노가 나에게 그 만큼 용기가 되어가 더 내려갈 수 없는 절망의 끝에 떨어졌다 해도 여전히 태양은 머리위에 타오름을 이제 깨달을 그 시간이 왔다 운명을 피할 수 없다라면 그대여 그 운명에 당당하게 맞서라 소년의 여름에 찾아냈다 여기 영원히 부숴지지않는 다이아몬드 내가 사랑하고 지켜야 할 내 가슴속의 모든건 슬픔의 모습만이 아니라는 걸 모두 깨달을 그 시간이 왔다 운명을 피할 수 없다라면 그대여 그 운명에 당당하게 맞서라 소년의 여름에 찾아냈다 워 영원히 부숴지지않는 다이아몬드 운명을 피할 수 없다라면 그대여 그 운명에 당당하게 맞서라 소년의 여름에 찾아냈다 워 영원히 부숴지지않는 다이아몬드
1996.10.27~11.02,3,68743,귀천도애 (歸天道哀),김민종,귀천도애 (歸天道哀),1996.08.01,Ballad,김민종,난 이대로 떠나 갈께요  그대 더 이상 슬퍼 말아요  내가 떠나가는 건 다시 돌아 올 수 있기에  그대여 날 용서해요   날 사랑하는 마음 알지만  잠시 나를 잊고 살아줘요  다시 또 태어나면 우린 만날 수 있을꺼야  믿어요 나의 그대여   기다리다 다른 사랑을 만나도 괜찮아  그대가 잠시 쉴수 있다면  하늘이여 너도 나를 보며 울고 있구나  난 이렇게도 웃고 있는데   그대가 힘이들어 나를 잊어도  그댈 지켜 줄께요 언제까지나 영원히   날 사랑하는 마음 알지만  잠시 나를 잊고 살아줘요  다시 또 태어나면 우린 만날 수 있을꺼야  믿어요 나의 그대여   기다리다 다른 사랑을 만나도 괜찮아  그대가 잠시 쉴수 있다면  하늘이여 너도 나를 보며 울고 있구나  난 이렇게도 웃고 있는데   그대가 힘이들어 나를 잊어도  그댈 지켜 줄께요 언제까지나 영원히  영원히 영원히 사랑해 -
1996.10.27~11.02,4,983247,정 (위험한 이별),영턱스클럽,Young Turks Club,1996,Dance,이승호,다른여자 생긴거라면  혼자있고 싶어서라면  언제까지 기다릴 수 있을거야  우리 사랑을위해  정말 나를 사랑했다고  나없이는 못살겠다고  하늘처럼 믿었었는데  이제와 헤어지자니  남은사랑 어떡하라고  추억들은 어떡하라고  보고싶어 눈물이 나면  정말 나 어떻게해  아니 이건 꿈일거야  믿을 수 없어  나를 얼마나 사랑했는데  이럴 순 없어  다른여자 생긴거라면  혼자있고 싶어서라면  언제까지 기다릴 수 있을거야  우리 사랑을위해  우리 이별하는 이유가  끝나버린 사랑이라면  추억할 수 있는 그 날 까지 살 수는 있을거야 힘없이 축쳐진 내게 절망일 뿐  삶이라도 이제껏 느껴본 적  조차없는  크나큰 아픔이라도  혼자라고 생각할때도  널 찾지않아  이젠 널 생각해내기 조차  너무나 힘들어  그래 날 아프게한건  니모습 아니겠지  물론 사랑하는 사람  이별하는 사람  모두 하늘의 장난인걸  하지만 날 이렇게 울린탓을  하느님께 넘겨버린다면  하느님을 죽도록 원망할거야  어쩌면 난 너를 쉽게  잊을지몰라  혹시 너 아닌 다른기억도  지워진다면  누구보다 나를 사랑한  너의모습 아름다웠고  이 세상에 너하나만 사랑하는  내가 또 행복했어  우리 정말 이 세상에서  함께할 수 없는거라면  같이 할 수있는 오늘까지만  여기 남아있어  그 누구도 너를 사랑한  나의 모습 볼 수 없겠지  이제 다신 우연조차  용납할 수 없는 날 용서해줘  우리 정말 이 세상에서  함께할 수 없는거라면  같이 할 수 있는 오늘까지만  여기 남아있어
1996.10.27~11.02,5,1606428,Love Is... (3+3=0),터보,터보(Turbo) 2집 `New Sensation`,1996.08.01,Dance,이승호,우린 6년 전에 만났지 널 사랑하게 됐어 내 마음을 숨긴 채 널 따라 다녔었지 내 친구는 나를 위해 애썼고 마침내 내 사랑을 3년만에 고백하게 됐어 처음 만났을때 첫눈에 반한다는 그 말을 그때야 알게 되었어 눈이 부시도록 아름다워 너의 눈빛조차 쳐다볼 수 없었지 너를 만나면 아무 말 못하고서 애매한 담배만 피워댔고 너와 헤어지고 나서야 못 다한 말들을 후회 했어 세월 흘러가서 3년 되던 날 나 얼마나 너를 사랑 하는지 그때서야 힘겨운 고백을 했어 아무 대답 없이 앉아만 있던 너 무슨 얘기라도 해주길 바랬어 한참 지난 후에 어렵게 꺼낸 말 너도 나를 좋아한다는 그 말 나를 친구로써 좋아는 하지만 사랑 느낀적은 없다고 영원히 좋은 친구로만 남아 사랑은 하지 말자고 그 말 듣자 마자 군대를 가 버렸던 거야 친구에게 널 맡기고 내 자릴 비웠지 둘은 면회 왔었고 믿었지 그러나 내 친구와 약혼했고 나만 이제 혼자야 다행일지 몰라 이런 일들이 널 맡겨논 가장 친한 친구가 네게 생긴 새로운 사랑 이란게 혹시 다른 남자 사랑을 했다면 다신 너를 볼 수가 없을 테니까 가장 친한 친구 애인이 됐으니 니가 행복한 걸 볼 수 있잖아 친군 내 앞에서 미안해 하지만 나는 아무렇지 않은 걸 어차피 너의 곁에 남은 채로 너만을 사랑 할테니
1996.10.27~11.02,6,71032,좋아 좋아,일기예보,좋아좋아,1996.05,Rock,나들,처음 널 만나는 날   노란 세 송이 장미를 들고   룰루랄라 신촌을 향하는 내   가슴은 마냥 두근두근  생머리 휘날리며   나를 향해 손을 흔드는 너   머리에서 발 끝까지 나를   사로잡네 이야에로   니가 좋아 너무 좋아  내 모든걸 주고싶어   너에게 만은 내 마음   난 꾸미고 싶지않아   언제까지 언제까지   너와 함께 너와 함께   있을거야 예   룰루랄라 신촌을 누비는   내마음은 마냥 이야에로   여보세요 나의 천사   어떻게 내마음을 훔쳤나요 오  괜찮아요 나의 천사 가져간   내마음을 고이 간직해줘요   니가 좋아 너무 좋아   내 모든걸 주고싶어   너에게만은 내마음 난 꾸미고   싶지 않아   언제까지 언제까지   너와 함께 너와 함께 있을거야 예   니가 좋아 너무 좋아  내 모든걸 주고싶어  너에게만은 내마음 난 꾸미고  싶지 않아  니가 좋아 너무 좋아 내모든걸  주고싶어  니가 좋아 너무 좋아 내모든걸  주고싶어  니가 좋아
1996.10.27~11.02,7,71608,전사의 후예 (폭력시대),H.O.T.,We Hate All Kinds Of Violence,1996.09,Dance,유영진,아 니가 니가 니가 뭔데 도대체 나를 때려  왜 그래 니가 뭔데 힘이 없는 자의  목을 조르는 너를 나는 이제 벗어나고 싶어 싶어 싶어 그들은 날 짓밟았어 하나 남은 꿈도 빼앗아갔어 그들은 날 짓밟았어 하나 남은 꿈도 다 가져갔어 Say ya 아침까지  고개 들지 못했지 맞은 흔적들 들켜 버릴까봐 어제 학교에는 갔다왔냐 아무일도 없이 왔냐 어쩌면 나를 찾고 있을  검은 구름 앞에 낱낱이 일러 일러봤자 안 돼 안 되리 안 돼 아무것도 내겐 도움이 안 돼 시계추처럼 매일  같은 곳에 같은 시간 틀림없이 난 있겠지 그래 있겠지 거기 있겠지만 나 갇혀 버린 건  내 원한 바가 아니오 절대적인 힘 절대 지배함 내 의견은 또 물거품 팍팍해 모두 팍팍해 내 인생은 정말로 팍팍해 4 3 2 1 And 1 변해갔어 니 친구였던 나를 죄의식 없이 구타하고는 했어 난 너의 밥이 되고 말았지 난 말이요 널 말이요 잊어 버릴 수 없으리요 왜 살리요 너 때문에 내 인생은 구겨져가 너를 두고두고 지켜보려 해 Say ya 그들은 나를 짓밟았어 하나 남은 꿈도 빼앗아갔어 너는 너는 끝내 나의 적이 됐고 이제 나는 너를 포기했어 그들은 나를 짓밟았어 하나 남은 꿈도 다 가져갔어 길을 찾아 봤어 아무데도 없어 이제 내가 나를 벌하겠어 와 와 머저리 같던 유별나게 바보처럼 두드려 맞던 모든 것을 잃고서 방황했으니 난 이제 퍽 하는 소리와 쇳소리와 숨소리와 이미 님이 내곁에서 떠나가 버린 맘도 아팠어 친구를 잃어버린 나의 맘도 아팠어 Dummer Dummer Dummer Dummer Dum Dum Here we go here we go it's time to stop MMM the violence hate and all the mess it's about time somebody should stand for what is right that is right Bang bang bang What comes down beat a what comes down Do you body ready for the beat again Everybody what's up are you people ready for it This is the message from HOT Yeah Yeah Yeah Yeah  이제 갖고 싶어 미래 꿈꿔왔던 나의 모든 미래 다시 뒤로 돌릴수 있다고 믿어 아 믿어 나는 너의 양심을 믿어 Someone Someone Can gonna Someone Can That I know it That I know it That I know it Can Can that I know it Someone Someone Someone Someone  Someone Can Someone Can Someone Can Someone Can Can Can Can 하지만 나 알아 나 이제 인생은 선착순으로 매겨진다는 것 아 이제 나는 너로 인해 모든 것을 포기한다 그들은 나를 짓밟았어 하나 남은 꿈도 빼앗아 갔어 너는 너는 끝내 나의 적이 됐고 이제 나는 너를 포기했어 그들은 나를 짓밟았어 하나 남은 꿈도 다 가져 갔어 길을 찾아 봤어 아무데도 없어 이제 내가 나를 벌하겠어
1996.10.27~11.02,8,1675531,책임져,언타이틀,無題 (무제),1996.09.01,Dance,"유건형,서정환",책임져 전부다 책임져 정말 말도 안되게 됐어 이렇게 될줄은 누구도 몰랐어 패인이 되버린 날 책책책책 책임져 너 혼자 행복하면 슬퍼저 아무것도 난 할수가 없어 제발 내 인생을 책임져  우연히 널 만났고 너를 사랑하게 됐지 하루하루 시간이 가는 줄도 몰랐었지 하지만 실증이 났니 아니면 내가 잘못을 했니 갑자기 날 떠나갔고 나는 패인이 되 버렸어 이렇게 망친 내 인생 책임져 날 떠난 후 너는 행복하니 난 그렇지 않아 내 인생 책임져 너 하나 때문에 아무것도 할 수 없게 됐어 난  처음으로 알게된 너의 큰사랑 속에서 데이트 또 데이트 매일 너만 생각햇지 하지만 실증이 났니 아니면 내가 잘못을 했니 갑자기 날 떠나갔고 나는 패인이 되 버렸어 이렇게 망친 내 인생 책임져 날 떠난 후 너는 행복하니 난 그렇지 않아 내 인생 책임져 너 하나 때문에 아무것도 할 수 없게 됐어 난  하지만 실증이 났니 아니면 내가 잘못을 했니 갑자기 날 떠나갔고 나는 패인이 되 버렸어 이렇게 망친 내 인생 책임져 날 떠난 후 너는 행복하니 난 그렇지 않아 내 인생 책임져 너 하나 때문에 아무것도 할 수 없게 됐어 난 내 인생 책임져 날 떠난 후 너는 행복하니 난 그렇지 않아 내 인생책임져 너 하나 때문에 아무것도 할 수 없게 됐어 난
1996.10.27~11.02,9,842808,존재의 이유 1,김종환,둘이 하나되어,2005.04.22,Adult Contemporary,김종환,언젠가는 너와 함께 하겠지 지금은 헤어져 있어도 네가 보고 싶어도 참고 있을뿐이지 언젠간 다시 만날테니까 그리 오래 헤어지진 않아 너에게 나는 돌아갈거야 모든걸 포기하고 네게 가고싶지만 조금만 참고 기다려줘 알 수 없는 또 다른 나의 미래가 나를 더욱 더 힘들게 하지만 니가 있다는 것이 나를 존재하게해 니가 있어 나는 살 수 있는거야 조금만 더 기다려 네게 달려갈테니 그때까지 기다릴수 있겠니 그래 다시 시작하는거야 조금 늦는다고 바뀌는건 없겠지 남자란 때론 그 무엇을 위해서 모든것을 버릴때도 있는거야 넌 이해 할 수 있겠지 정말 미안해 널 힘들게해서 하지만 너무 슬퍼는 하지마 너의곁엔 항상 내가 있을테니까 우리의 미래를 위해 슬퍼도 조금만 참아줘 내가 이렇게 살아 갈 수 있는 이유는 니가 있기 때문이야 널 사랑해 저녁 늦게 나는 잠이 들었지 너를 생각할 시간도 없이 너무나 피곤해서 쓰러져 잠이 들었지 난 왜 이렇게 사는거야 눈을 뜨면 또 하루가 가고 내 손엔 작은 너의 사진뿐 너를 다시 만나면 꼭 안고 놓지 않으리 헤어져 있던 시간만큼 알 수 없는 또 다른 나의 미래가 나를 더욱 더 힘들게 하지만 니가 있다는 것이 나를 존재하게해 니가 있어 나는 살 수 있는거야 조금만 더 기다려 네게 달려갈테니 그때까지 기다릴수 있겠니 조금만 더 기다려 네게 달려갈테니 그때까지 기다릴수 있겠니
1996.10.27~11.02,10,71554,UFO,패닉,밑,1996.09.08,Rock,이적,어느날 밤 이상한 소리에 창을 열어 하늘을 보니  수많은 달들이 하늘을 뒤덮고 있었다  어느새 곁에 다가온 할머니가 내 손을 잡으며 속삭이듯 내게 말했다 그들이 돌아왔다고  왜 모두 죽고나면 사라지는 걸까  난 그게 너무 화가 났었어  남몰래 그 누구를 몹시 미워했었지  왜 오직 힘들게만 살아온 사람들  아무것도 없는 끝에서  어딘가 끌려가듯 떠나는 걸까  살찐 돼지들과 거짓 놀음 밑에  단지 무릎 꿇어야 했던  피 흘리며 떠난 잊혀져간 모두  다시 돌아와 이제 이 하늘을 가르리 짓밟고 서 있던 그들 거꾸러뜨리고  처음으로 겁에 질린 눈물 흘리게 하고  취한 두눈으로 서로서로서로의 목에  끝도 없는 밧줄을 엮게 만들었지 자 일어나 모두가 반길 수는 없겠지만  그자신이 그이유를 제일 잘 알겠지만  마지막 달빛으로 뛰어가봐  날아와 머리위로 날아와  검은 하늘을 환히 비추며 솟아  모두 데려갈 빛을 내리리  이제야 그 오랜 미움 분노 모두 다 높이  우리와 함께 날으리  저기 하늘 밖으로  살찐 돼지들과 거짓 놀음 밑에  단지 무릎 꿇어야 했던  피 흘리며 떠난 잊혀져간 모두  다시 돌아와 이제 이 하늘을 가르리 짓밟고 서 있던 그들 거꾸러뜨리고  처음으로 겁에 질린 눈물 흘리게 하고  취한 두눈으로 서로서로서로의 목에  끝도 없는 밧줄을 엮게 만들었지  자 일어나 모두가 반길 수는 없겠지만  그 자신이 그이유를 제일 잘 알겠지만 마지막 달빛으로 뛰어가봐  날아와 머리위로 날아와  검은 하늘을 환히 비추며 솟아  모두 데려갈 빛을 내리리 이제야 그 오랜 미움 분노 모두 다 높이  우리와 함께 날아와 머리위로 날아와  검은 하늘을 환히 비추며 솟아  모두 데려갈 빛을 내리리 이제야 그 오랜 미움 분노 모두 다 높이  우리와 함께 날으리
1996.10.27~11.02,11,71198,작별의식,베이시스,The Unbalance,1996.08,Ballad,,저 문을 닫아 줘 빛은 필요치 않아 어두워야해 내가 나조차 못 보게 웃는 네 사진 볼 수 없도록 모든 네 흔적 태울 수 있게 얼룩졌던 일기마저 한 장씩 태우고 난 다시 웃으려 남김없이 눈물 흘려 담기 위해 남김없이 버리고 있어 난 혼자 있어도 행복 하고픈 거야 너 있는 세상을 다시 한번 눈부시게 살고 싶어서
1996.10.27~11.02,12,67962,어떤가요?,이정봉,Misty,1996.08.21,Ballad,"유장희,유인식",어떤가요 내곁을 떠난  이후로 그대 아름다운 모습  그대로 있나요 아직까지 당신을 잊는다는게 기억 저편으로 보낸다는게 너무 힘이 드는데 하루종일 비내리는  좁은 골목길에 우리 아끼던 음악이 흐르면 잠시라도 행복하죠 그럴때면 너무 행복한 눈물이 흐르죠 가끔씩은 당신도 힘이 드나요 사람들에게서 나의  소식도 듣나요 당신곁을 지키고 있는 사람이 그댈 아프게 하지는 않나요 그럴리 없겠지만 이젠 모두 끝인가요 정말 그런가요 우리 약속했던 많은 날들은 나를 사랑 했었나요 아닌가요 이젠 당신에겐 상관 없겠죠 알고 있어요 어쩔수  없었다는걸 나만큼이나 당신도 아파 했다는걸 이젠 모두 끝인가요 정말 그런가요 우리 약속했던 많은 날들은 나를 사랑 했었나요 아닌가요 이젠 당신에겐 상관 없겠죠 듣고있나요 우습게 들릴테지만 난 변함없이 아직도 그대를
1996.10.27~11.02,13,70696,취중진담(醉中眞談),전람회,Exhibition 2,1996.04,Ballad,김동률,그래 난 취했는지도 몰라 실수인지도 몰라  아침이면 까마득히 생각이 안나  불안해 할지도 몰라  하지만 꼭 오늘 밤엔 해야 할 말이 있어  약한 모습 미안해도 술김에 하는  말이라 생각지는 마   언제나 네 앞에 서면 준비했던 말도  왜 난 반대로 말해놓고 돌아서 후회하는지  이젠 고백할께 처음부터 너를 사랑해 왔다고  이렇게 널 사랑해   어설픈 나의 말이 촌스럽고 못 미더워도  그냥 하는 말이 아냐.  두 번 다시 이런 일 없을 꺼야.  아침이 밝아오면 다시 한번 널 품에 안고  사랑한다 말할께   자꾸 왜 웃기만 하는 거니  농담처럼 들리니 아무 말도 하지 않고  어린애 보듯 날 바라보기만 하니  언제나 네 앞에 서면 준비했던 말도  왜 난 반대로 말해놓고 돌아서 후회하는지  이젠 고백할께 처음부터 너를 사랑해왔다고  이렇게 널 사랑해   어설픈 나의 말이 촌스럽고 못미더워도  아무에게나 늘 이런 얘기하는  그런 사람은 아냐  너만큼이나 나도 참 어색해  너를 똑바로 쳐다볼 수 없어   자꾸만 아까부터 했던 말 또 해 미안해  하지만 오늘 난 모두 다 말 할꺼야  이렇게 널 사랑해   어설픈 나의 말이 촌스럽고 못미더워도  그냥하는 말이 아냐  두번다시 이런일 없을거야  아침이 밝아오면 다시 한번 널 품에 안고  사랑한다 말할께-   널 사랑해 이렇게 널 사랑해 어설픈 나의 말이...
1996.10.27~11.02,14,2507236,기도 (Original Ver.),노댄스,골든힛트,1996.10.01,Dance,신해철,기도   나를 절망의 바닥 끝까지 떨어지게 하소서.   잊고 살아온 작은 행복을 비로소 볼 수 있게.   겁에 질린 얼굴과 떨리는 목소리라 해도.   아니건 아니라고 말하는 그런 입술을 주시고.   내 눈물이 마르면 더 큰 고난 닥쳐와 울부짖게 하시고   잠못 이루도록 하시며   내가 죽는 날까지 내가 노력한 것 그 이상은   그저 운으로 얻지 않게 뿌리치게 도와주시기를...   거친 비바람에도 모진 파도 속에도   흔들림 없이 나를 커다란 날개를 주시어 멀리 날게 하소서   내가 날수 있는 그 끝까지.   하지만 내 등 뒤편에서 쓰러진 친구 부르면   아무 망설임 없이 이제껏 달려온 그 길을 뒤돌아 달려가 안아줄   그런 넓은 가슴을 주소서.
1996.10.27~11.02,15,70036,아담의 심리,박미경,Park Mi Kyung Vol. 3,1996.10.05,Dance,김창환,너는 나와 함께 걸어갈때도 곁 눈짓을 하곤하지 오 나보다 더 잘 빠진 여잘보면 혼자 좋아 웃어대지 나는 참을 수 없어 나는 화를 내지만 반복되는 행동으로 너는 매번 나와 똑같은 말 다툼을 하면서 그래 보여줄께 이젠 나도 방법이있어 나도 너와 똑같은 행동으로 너를 괴롭혀 볼꺼야 그래 넌 어떠니 이런 내가 너는 보기 좋으니 요즘 시대 나같은 여자 있으면 한번 나와 보라고 해 난 자신있어  너는 정말 눈도 좋은 것 같아 여잘 잘도 찾아내지 오 십 미터 밖에 있는 여자의 다리가 잘 빠졌다 중얼대며 못들은 척할래도 나는 토라지지만 언제나 넌 똑같은 방법으로 장난이라 말하며 날 달래려 하지만 그래 보여줄께 이젠 나도 방법이 있어 나도 너와 똑같은 행동으로 너를 괴롭혀 볼꺼야 그래 넌 어떠니 이런 내가 너는 보기 좋으니 요즘 시대 나같은 여자 있으면 한번 나와 보라고 해 난 자신있어  차를 타고 갈때도 넌 쉬지않고 여잘잘도 찾아내지 오 건널목에 서있는 여자까지 혼자평을 해가면서 나는 어이가 없어 화도 낼 수가 없어 속으로 난 다짐을 하곤 하지 너도 한번 나처럼 당해 보라고 그래 보여줄께 이젠 나도 방법이 있어 나도 너와 똑같은 행동으로 너를 괴롭혀 볼꺼야 그래 넌 어떠니 이런 내가 너는 보기 좋으니 요즘 시대 나같은 여자 있으면 한번 나와 보라고 해 난 자신있어
1996.10.27~11.02,16,69374,하늘만 허락한 사랑,엄정화,Uhm Jung Hwa 2,1996.01,Ballad,"성지훈,윤성희",내가 느낀 그를 향한 이끌림  사랑이 아니기를 나는  기도했었지  나를 보는 안타까운 그 눈빛  제발 나의 착각이길 바랬지  지금이라도 피하고싶어  오랫동안 친구의  사랑이었던 그를  하지만 이젠 너무나  간절히 원하는  서로의 마음 속일순 없어  한사람 때문에 많은걸 잃게  되겠지  힘들때마다 기대온 우정까지  하지만 어렵게 시작된  우리 사랑은  하늘만은 허락할거야  그 마음을 받아들인 후부터  나는 친구얼굴을 바로 볼 수  없었지  변해가는 사랑속에 얼마나  아파하는지 알고 있었기에  정말 미안해 날 용서해줘  이런 얘긴 이제는 아무소용   없지만  그래도 나를 조금만  이해해주겠니  그 없인 나도 견딜수 없어  한사람 때문에 많은걸 잃게  되겠지  힘들때마다 기대온 우정까지  하지만 어렵게 시작된  우리 사랑은  하늘만은 허락할거야  우리를 위해서 흘려진  눈물 기억해  그만큼 소중히 아낄게
1996.10.27~11.02,17,68322,너의 얘기를,성진우,Ac.Dc,1997,Dance,함경문,친구에게 들었지  오늘도 우연히 너의 얘기를  워~ 그 때마다 숨이 난 멎을것 같아  이제는 나와 먼 얘긴데  다시 헤매이겠지  한동안 잊은듯 지내왔지만  워~ 왜 이렇게 자꾸 생각이 나는지  선명해오는 지난 기억들  가끔은 너도 내 얘길 듣겠지 워~  질문없이 넌 웃어넘기려 할꺼야 워~  나와 함께 나눈 시간들이  네겐 그리움이 아니란걸 알아  하지만 내 가슴속에 남아있는 너는  움직이지 않는걸  - 간 주 중 - 다시 헤매이겠지  한동안 잊은듯 지내왔지만  워~ 왜 이렇게 자꾸 생각이 나는지  선명해오는 지난 기억들  가끔은 너도 내 얘길 듣겠지 워~  질문없이 넌 웃어넘기려 할꺼야 워 나와 함께 나눈 시간들이  네겐 그리움이 아니란걸 알아  하지만 내 가슴속에 남아있는 너는  움직이지 않는걸   친구에게 들어 너의 얘길 오늘도
1996.10.27~11.02,18,1719746,내가 만일,안치환,너를 사랑한 이유,1999.02.18,Folk,김범수,내가 만일 하늘이라면 그대 얼굴에 물들고 싶어 붉게 물든 저녁 저 노을처럼 나 그대 뺨에 물들고 싶어 내가 만일 시인이라면 그댈 위해 노래하겠어 엄마 품에 안긴 어린아이처럼 나 행복하게 노래하고 싶어 세상에 그 무엇이라도 그대위해 되고 싶어 오늘처럼 우리 함께 있음이 내겐 얼마나 큰 기쁨인지 사랑하는 나의 사람아 너는 아니 워 이런 나의 마음을 내가 만일 구름이라면 그대위해 비가 되겠어 더운 여름날의 소나기처럼 나 시원하게 내리고 싶어 세상에 그 무엇이라도 그대위해 되고싶어 오늘처럼 우리 함께 있음이 내겐 얼마나 큰 기쁨인지 워 세상에 그 무엇이라도 그대위해 되고싶어 오늘처럼 우리 함께 있음이 내겐 얼마나 큰 기쁨인지 사랑하는 나의 사람아 너는 아니 워 이런 나의 마음을 이런 나의 마음을
1996.10.27~11.02,19,38585,애인(愛人),김정민,Change,1996.10,Ballad,박주연,보고 싶었던거야 단지 그  마음뿐이었어 헤어졌던 그 이유와 상처는  모두 잊은 채 워 누군가를 다시 만난다는게 생각처럼 쉽진않았어 니가 있던 그 자리엔 누구도 들어 올 수가 없었던 거야 수없이 부서졌던 내 마음 기도가 아마도 너를 울렸는가 봐 힘겨웠던 지난 날을 딛고 서서 다시 한번 시작해 보라고 사랑해 기억해 둬 이 한마디는 다시 나를 살게 했다는 걸 나를 걸어 너를 지킬게 너 아니면 끝났을 날 위해  사랑을 위해 수없이 부서졌던 내마음 기도가 아마도 너를 울렸는가 봐 힘겨웠던 지난 날을 딛고 서서 다시 한번 시작해 보라고 사랑해 기억해 둬 이 한마디는 다시 나를 살게 했다는 걸 나를 걸어 너를 지킬게 너 아니면 끝났을 날 위해  사랑을 위해 기억해 둬 이 한마디는 다시 나를 살게 했다는 걸 나를 걸어 너를 지킬께 너 아니면 끝났을 날 위해  사랑을 위해
1996.10.27~11.02,20,38446,미련,김건모,Exchange kg. M4,1996.05.17,Ballad,최준영,그대가 나를 떠나고
1996.10.27~11.02,21,70491,너에게,포지션,후회없는 사랑,1996.03.10,Ballad,한진우,아무말 않고선 그냥 떠나버린 널 그렇게 쉽게 용서하긴 힘들었었지 하지만 넌 후회하고 있다는 걸 나의 느낌으로 알수가 있어 너에게 내가 힘이 되줄께 더이상 아픔을 혼자 느끼지 말아줘 내가 곁에 있을께 그래 난 울지 않겠어  다시는 누구도 사랑할 수 없어 지금 넌 견딜수가 없잖아 너에게 내가 힘이 되줄께 더이상 아픔을 혼자 느끼지 말아줘 내가 곁에 있을께 그래 난 울지 않겠어 너에게 내가 힘이 되줄께 더이상 아픔을 혼자 느끼지 말아줘 내가 곁에 있을께 그래 난 울지 않겠어
1996.10.27~11.02,22,3491878,또,인순이,Legend (30주년 기념 콘서트 실황),2011.07.19,Ballad,박진영,또 또 그렇게 그렇게 너   너마저 나를 떠나려하나  나 이렇게 이렇게 또   너마저 보내야 하는건지  이별의 아픈 그늘에서  벗어날 때쯤 난 그대를 만났어  그대의 따뜻한 품에서  상처는 아물었어  하지만 또 다시 그대의 눈빛도  차가와져 가는걸   느낄 수 있었어  또 또 그렇게 그렇게 너   너마저 나를 떠나려하나  나 이렇게 이렇게 또  너마저 보내야 하는건지  웃었어 정말 오랫만에  그댈 만나서 다시 행복했었어  한참을 머물러 있었던  어둠을 걷어갔어  이대로 영원히 머물고 싶었어  또 다른 아픔은 없을 줄 알았어  또 또 그렇게 그렇게 너   너마저 나를 떠나려하나  나 이렇게 이렇게 또   너마저 보내야 하는건지  또 또 그렇게 그렇게 너   너마저 나를 떠나려하나  나 이렇게 이렇게 또  너마저 보내야 하는건지
1996.10.27~11.02,23,68984,슬픈 사랑,이장우,장우(長友),1996.11.01,Ballad,"이장우,유유진",잘못된 거야 너를 잊으라는 말 그건 너의 진심이 아닐거야 야윈 너의 목소리 서툰 냉정함도 쉽게 널 잊으란 배려일뿐 지금 달려가 너를 안고 싶지만 불이 켜진 니 방 아래 서 있어 니가 존재치 않는 나의 삶은 없다고 담배연기에 날 태우면서 왜 자꾸 눈물이 나는지 사랑한 기억앞에서 가녀린 너를 지켜보며 오랜 시간을 함께 할 줄 믿었어 처음엔 널 무척 원망했어 하지만 모든것을 알아버린 후에야 그동안 참아왔었던 내 눈물이 날 더욱 슬퍼지게 하는데 왜 말하지 못했니 힘들게 지낸 너의 얘기 내 모습 너에겐 그랬니 너의 그 아픔도 함께 할 수 없는 처음엔 널 무척 원망했어 하지만 모든것을 알아버린 후에야 그동안 참아왔었던 내 눈물이 날 더욱 슬퍼지게 하는데 누구도 너와 나의 사랑을 갈라놓을 수 없는 그날까지만 견뎌줘 두번 다시 나를 위해 울지는 마 남은 시간을 너를 위해 살아줘
1996.10.27~11.02,24,898849,나에게로의 초대,정경화,My Blue Dreams,1996.04,Rock,김형수,환상속에 있어 다가설 수 없는  나에게 너를 보여줘  조금만 다가서도 멀어지는  나의 사랑 나의 꿈  너에게 나를 맞춰가고 있다 말하지마  나에게 너를 초대할 뿐이야  신비로운 너의 모습  나에게는 사랑인걸  조금씩 다가오는 널 느낄수록  신비로운 너의 모습  나에게는 사랑인걸  조금씩 멈춰지는 시간속에 널  어둠속의 빛처럼 my love  다가설 수 없는 너를 내게 보여줘  어둠 속의 한줄기 빛처럼 느껴 my love  사랑하는 너를 모두 느낄 수 있어  어둠속의 빛처럼   너에게 나를 맞춰가고 있다 말하지마  나에게 너를 초대할 뿐이야  신비로운 너의 모습  나에게는 사랑인걸  조금씩 다가오는 널 느낄수록  신비로운 너의 모습  나에게는 사랑인걸  조금씩 멈춰지는 시간속에 널  어둠속의 빛처럼 my love  다가설 수 없는 너를 내게 보여줘  어둠 속의 한줄기 빛처럼 느껴 my love  너를 기다리는 나의 아름다웠던  시간속에 널 그리워 My love  사랑하고 싶은 너를 내게 보여줘  어둠속의 한줄기 빛처럼 느껴 My love  사랑하는 너를 모두 느낄 수 있어  슬픈 나의 사랑을
1996.10.27~11.02,25,67725,운명,신승훈,Shin Seung Hun Ⅴ,1996.05.01,Ballad,신승훈,살아가는 동안 수많은 시련들  지쳐버린 나의 마음속에는  전에 믿지 않았던  운명을 난 생각했어  내 마음속엔  나에게만 슬픔 나에게만 방황  모든 불행은 내것만 같았지  감당할 수 없는 두려움을  지우려 운명을 택했던거야  그날 이후 내맘은  너무나 평온해지고  내몸을 감싸고 있던  두려움도 끝났어  하지만 몰랐었어  운명을 택한것이  나를 포기했었다는  그런 의미가 될줄을  나 이젠 부딪혀 나를 만들꺼야  그 누구를 위한것도 아니야  화려해질 나의 미랠위해  너 너의 마음속에 있는 불만도  니가 만든거야 탓하지는 마  이제부터 너는 너여야만 해    그 날 이후 내 맘은  너무나 평온해지고  내몸을 감싸고 있던  두려움도 끝났어  하지만 몰랐었어  운명을 택한것이  나를 포기했었다는  그런 의미가 될줄  나 이젠 부딪혀 나를 만들꺼야  그 누구를 위한것도 아니야  화려해질 나의 미랠위해  너 너의 마음속에 있는 불만도  니가 만든거야 탓하지는 마  이제부터 너는 널  나 이젠 부딪혀 나를 만들꺼야  그 누구를 위한것도 아니야  화려해질 나의 미랠위해  너 너의 마음속에 있는 불만도  니가 만든거야 탓하지는 마  이제부터 너는 너여야만  나 이젠 부딪혀 나를 만들거야  그 누구를 위한것도 아니야  화려해질 나의 미랠위해  너 너의 마음속에 있는 불만도  니가 만든거야 탓하지는 마  이제부터 너는 너여야만 해
1996.10.27~11.02,26,64565,모래성,조관우,Memory,1995,Ballad,하광훈,나를 사랑한다면 이쯤에서 헤어져 아무 것도 묻지 말고 눈을 들어 나를 보아요 이게 마지막일텐데 그 눈물의 의미는 미안하다는 뜻인가요 한동안 행복했었죠 나를 사랑한 건 알아요 그동안 고마웠어요 나를 잊진 않겠죠 괜찮아요 나도 예전엔 누구의 마음 아프게  한적 많았죠 이해해요 어쩔 수 없잖아요 이게 그때의 대가인가 봐요 어쩌면 괜찮을지도 몰라 아직 사랑하니까 서로의 끝을 본다면 실망할 수도 있잖아요 한동안 행복했었죠 나를 사랑한 건 알아요 그동안 고마웠어요 나를 잊진 않겠죠 괜찮아요 나도 예전엔 누구의 마음 아프게 한적 많았죠 이해해요 어쩔 수 없잖아요 이게 그때의 대가인가 봐요 누군가를 다시 또 사랑한다면 그때는 날 잊고 살겠지 괜찮아요 나도 예전엔 누구의 마음 아프게 한적 많았죠 이해해요 어쩔 수 없잖아 이게 그때의 대가인가 봐요 괜찮아요 나도 예전엔 누구의 마음 아프게 한적 많았죠
1996.10.27~11.02,27,71310,눈을 감으면,여행스케치,남준봉,1996.11,Folk,조병석,눈을 감으면 그대의 모습이 자꾸 떠올라 난견딜수없어 잠못 이루던 밤이 너무 많았지 그대를 잊기 위해 그대를보낸 나의슬픈사연을 그대는 몰라아파하겠지만 그댈 사랑했기에 떠나야만 했어 그대의 행복위해 나 역시도 믿고싶진 않았지만  그대를 향한 나의 이런 슬픈 마음은 온통 파란하늘을 찌푸려 놓고 이제 가눌수 없는 나의 눈물은 어느새 또 비로 내리네 그대 곁에 머물고만 싶어  세월이 흘러 주름진얼굴로 그대 모습을 다시본다해도 그댈 사랑했음을 말안할꺼야 그대 아파 할까봐 그대 역시 믿어주진 않겠지만  그대를 향한 나의 이런 슬픈 마음은 온통 파란하늘을 찌푸려 놓고 이제 가눌수 없는 나의 눈물은 어느새 또 비로 내리네 그대 곁에 머물고만 싶어
1996.10.27~11.02,28,106885,아주 가끔은,신해철,정글스토리 OST,1996.05.18,Korean Movie,신해철,"1. 대낮에 길을 걷다보면 썰렁함을 느껴.  왜 그렇게 황당한 표정으로 날 쳐다들 보는지  난 집에 혼자 있을 때는 책도 봐.  내 할 일은 알아서 해왔다고 생각해.  물론 내 치마 길이가 좀 짧긴 짧지만,  내 색채 감각이 좀 대담하긴 하지만  그게 뭔 대수라고, 하늘이 무너지니,  난 그저 나 자신이 소중한 것 뿐이야. 뭘 봐  때로는 미쳐보는 것도 좋아 가끔 아주 가끔은  그렇게 놀란 표정하지 말고 눈을 감아  그댄 자신 안에 갇혀있어.  이젠 문을 열고 세상을 봐.  2. 한 평생 남의 눈치만 보면서 살아오다  아주 그게 뼛속까지 박혀버린 인종들 있잖니.  그 사람들의 공통적인 특징이 뭔지 알아,  남들도 자기처럼 살기를 바라는 거지, 쳇!  그렇게 산다고 누가 상주니,  또 누가 상준다고 그거 받아 어따 쓰니  난 아무 생각 없이 사는 걸로 보이겠지.  그게 너의 편견이고 교만이고 한계야, 잘가.  때로는 미쳐보는 것도 좋아 가끔 아주 가끔은  그렇게 뻣뻣하게 굴지 말고 일어나 봐.  그댄 자신 안에 갇혀있어.  이젠 문을 열고 세상을 봐.  그댄 자신 안에 갇혀있어.  이젠 문을 열고 세상을 봐.  이건 아주 무서운 일이야.  넌 마음 속 깊은 곳까지 세뇌되어 버렸어.  석회처럼 딱딱해진 너의 영혼을 해방시켜줘.  남을 위해 사는 건지 나를 위해 사는 건지  헷갈려 하지마.  평생에 후회하느니 한 번쯤 미친 척 하는 게 나아.    그댄 자신 안에 갇혀있어. 이젠 문을 열고 세상을 봐."
1996.10.27~11.02,29,2277092,Show,김원준,Show,1996.08.20,Dance,김동률,show끝은 없는거야 지금 순간만 있는거야 난 주인공인거야 세상이라는 무대위에 show 룰은 없는거야 내가 만들어가는 거야 난 알수 있을꺼야 언제까지나 내 주위를 스쳐간 그 누군가 말했지 우리네 화려한 인생은 일막의 쑈와 같다고 커튼이 내려진 텅 빈무대 뒤켠에 오늘도 또 하루를 사는 내가 있는거야 날 지켜봐줘 넌 모르는 멋진 내 모습을 늘 가려졌던거야 이젠 너에게 보여줄께 show 끝은 없는거야 지금 순간만 있는거야 난 주인공인거야 세상이라는 무대위에 show 룰은 없는거야 내가 만들어 가는거야 난 알수 있을꺼야 언제까지나 너와 함께 늘 기울여져 너를 위해 부르던 노래는 늘 묻혀왔던거야 이제 너에게 들려줄께 show 끝은 없는거야 지금 순간만 있는거야 난 주인공인거야 세상이라는 무대위에 show 룰은 없는거야 내가 만들어 가는거야 난 알수 있을꺼야 언제까지나 영원히 show 끝은 없는거야 지금 순간만 있는거야 난 주인공인거야 세상이라는 무대위에 show 룰은 없는거야 내가 만들어 가는거야 난 알수 있을꺼야 언제까지나 너와 함께
1996.10.27~11.02,30,71323,우울한 우연,Kola,Pentatonic,1996,Dance,,라밤바야라 훔바이야 라밤바야라 훔 라밤바야라 훔바이야 훔바야야 라밤바 라밤바야라 훔바이야 라밤바야라 훔 라밤바야라 훔바이야 훔바야야 라밤바 우연이라 하기엔 너무나 심각했어 우린 서로가 서롤 모른 척을 해야만 했지 변해버린 모습과 오 서로 다른 연인과 같은 영활 보러왔다 우린 마주쳤었던 거야 너와 눈이 마주치던 그 순간 나는 태연한 척 하려 애를 썼지만 당황하는 너의 표정들을 바라보면서 나도 그만 멈칫하며 당황했었던 거야 넌 나의 눈을 피했었고 나도 너를 외면하긴 했었지만 난 니 옆에 있는 연인의 얼굴이 궁금했어 난 뒤를 돌아보고 있었고 너도 나를 의식하며 뒤를 돌아봤지 너와 난 말없이 서로가 서롤 의식하고 있었던거야 시간은 벌써 2년이나 지나갔고 그땐 우린 얼마나 많은 방황을 했었나 영원히 널 못볼거라 믿었었는데 우연은 또 너를 내 곁에 데려다 놓았어 다정한 서로의 연인을 보며 너와 난 말없는 질툴 느꼈을거야 눈 인사도 나누지 못한채 뒤돌아서며 서로의 행복을 비는 우울한 날일거야 라밤바야라 훔바이야 라밤바야라 훔 라밤바야라 훔바이야 훔바야야 라밤바 라밤바야라 훔바이야 라밤바야라 훔 라밤바야라 훔바이야 훔바야야 라밤바 우연이라 하기엔 너무나 우스웠어 건널목을 건너며 우린 마주쳐 버린거야 나는 너를 보았고 너는 고갤 돌렸었지 그렇게 우린 스치듯 지나쳐 버렸었던 거야 너와 눈이 마주치던 그 순간 나는 태연한 척하려 애를 썼지만 당황하는 너의 표정들을 바라보면서 나도 그만 멈칫하며 당황했었던 거야 신호등은 짧았었고 내가 너를 향해 뒤를 돌아봤을 때 넌 길을 건넌뒤 건너편 저 쪽에서 나를 보고 있었지 그 때 마침 버스가 너와 내 사이를 가로질러 갔었고 영문도 모르는 내 연인은 나를 잡아 끌고 있었어 시간은 벌써 2년이나 지나갔고 그땐 우린 얼마나 많은 방황을 했었나 영원히 널 못볼거라 믿었었는데 우연은 또 너를 내 곁에 데려다 놓았어 다정한 서로의 연인을 보며 너와 난 말없는 질툴 느꼈을거야 눈 인사도 나누지 못한채 뒤돌아서며 서로의 행복을 비는 우울한 날일거야
1996.10.27~11.02,31,71234,이기적이야,봄여름가을겨울,Banana Shake,1996.08,Rock,김종진,야 야 야  야 야 야  우리 처음 만난 날부터 이렇게 헤어져있는 날까지 나는 매일 너에게 너는 매일 나에게 자기에게 맞춰 주기만 원했어 나는 너보다 춤을 못춰 너는 나보다 술 못마셔 그래도 난 너에게 그래도 넌 나에게 맞추려 노력한적은 없잖아 이런걸 사랑이라 하지 모두 말하기를 내게 희생하는것이 바로 사랑이란 얘기 이기적이야- 이기적이야-- 이기적이야-- 이기적이야 이기적이야- 너도 그렇고-- 나도 그렇지- 이기적이야  때론 즐거운적도 있었지 때론 슬픈적도 있었지 하지만 난 네 기분에 그리고 넌 내 기분에 서로 맞추려고 한적은 없었어 이런걸 사랑이라 하지 모두 말하기를 내게 희생하는것이 바로 사랑이란 얘기 이기적이야- 이기적이야-- 이기적이야-- 이기적이야 이기적이야- 너도 그렇고-- 나도 그렇지- 이기적이야  이런걸 사랑이라 하지 모두 말하기를 내게 희생하는것이 바로 사랑이란 얘기 이기적이야- 이기적이야-- 이기적이야-- 이기적이야 이기적이야- 이기적이야-- 이기적이야-- 이기적이야 이기적이야- 너도 그렇고-- 나도 그렇지- 이기적이야 이기적이야- 이기적이야-- 이기적이야-- 이기적이야 이기적이야 이기적이야
1996.10.27~11.02,32,71166,나를 용서해,킵식스(KeepSix),Six In The Cambah,1996.07,Dance,,나를 용서해 처음부터 널 속일 마음은 없었는데  전화할까 말까 망설이고 있는건 솔직하지 못했던 내 모습을 말할 용기가 없는거야 미안해 내 생각만 했었나 널 좀더 가까이 하면 할수록 밀려오는 두려움 아무리 생각해도 말해야겠어 나이차이 나면 어때  널 사랑하는데 나를 용서해  처음부터 널 속일 마음은 없었는데 꿈결 같았던 환상이 깨질까 다른 나를 만들고 있어 너의 눈물 나에 따스한 마음으로  닦아줄 수 없을까  행복했던 시간도 후회하고 있니 미안해 따라라라 널 좀더 가까이 하면 할수록 밀려오는 두려움 아무리 생각해도 말해야겠어 나이차이 나면 어때  널 사랑하는데 나를 용서해  처음부터 널 속일 마음은 없었는데 꿈결 같았던 환상이 깨질까 다른 나를 만들고 있는 바보같은 나의 모습  널 좀더 가까이 하면 할수록 밀려오는 두려움 아무리 생각해도 말해야겠어 나이차이 나면 어때  널 사랑하는데 나를 용서해  처음부터 널 속일 마음은 없었는데 꿈결 같았던 환상이 깨질까 다른 나를 만들고 있어 나를 용서해 처음부터 속일 마음은 없는데 꿈결 같았던 다른 나를 만들고 있어
1996.10.27~11.02,33,70900,난,클론,Are You Ready?,1996.05.01,Dance,김창환,빰빰띠라라 따리라띠리라라 빰빰띠라라 따리라띠리라라 빰빰띠라라 따리라띠리라라 빰빰띠라라 따리라띠리라라 난 이제 알아버렸어 요즘 들어 이상했던 너의 행동들을 소문들은 내 주위를 돌고 돌고 돌다 오늘에야 그 소문을 확인해 버렸어 오늘 저녁 너는 나와 헤어지며 식구들과 저녁 외식이 있다고 하곤 그새 너는 나를 피해 딴 사람을 만나 춤을 추며 노는 모습을 난 봤던 거야 난 참 기가 막혔어 할 말도 잃어 버린 채 난 참 어이가 없어 그냥 널 바라보다가 난 참 화가 났지만 널 그냥 외면한 채로 난 뒤돌아서면서 널 그냥 잊기로 했어 난 너를 보고 있었어 너는 내가 사준 옷을 입고 있었지 신발을 사주면 떠난다는 그 얘긴 미신으로 생각하고 선물 했었는데 넌 내가 사준 구두를 신고서 다른 사람 품에 안겨 blues에 맞춰 내가 보고 있다는 걸 의식도 못한 채 너는 나를 기만한 채 춤을 추었었지 난 너무 분했어 너의 거짓말에 순진한 척 하며 넌 날 속여 왔던거야 난 그런 널 이젠 포기할꺼야 진실이 없는 사랑을 난 원치 않으니까 난 화가 났지만 참기로 했어 어쩌면 내게 더 잘된 일인것 같아 난 그런 네게 감사하고 있어 거짓된 사랑을 넌 가르쳐 줬으니 빰빰띠라라 따리라띠리라라 빰빰띠라라 따리라띠리라라 난 오늘 알아버렸어 내 눈으로 모든 것을 확인 했던거야 다른 사람 품에 안겨 행복한 미소로 너는 나를 잊은 채로 춤을 추었었지 난 잠시 허탈했었지만 그런 너를 이젠 나 포기 해야겠어 이제 더 이상은 너를 찾지 않을 꺼야 이젠 내겐 미련 따윈 필요 없으니까 난 참 기가 막혔어 할말도 잃어버린 채 난 참 어이가 없어 그냥 널 바라보다가 난 참 화가 났지만 널 그냥 외면한 채로 난 뒤돌아 서면서 널 그냥 잊기로 했어 점점 멀어지는 음악 소리에 난 너의 모습들을 미움으로 남겨둔채 응어리진 내 마음을 나 혼자 달래며 술잔에 난 기댄 채로 나를 맡겨두고 아무도 모르게 술잔으로 나는 너의 이름을 썼다가 X표를 하고 그렇게 난 안녕이란 흔한 말 조차도 너에게 난 남겨두기 싫었던 거야 난 너무 분했어 너의 거짓말에 순진한 척 하며 넌 날 속여 왔던거야 난 그런 널 이젠 포기할꺼야 진실이 없는 사랑을 난 원치 않으니까 난 화가 났지만 참기로 했어 어쩌면 내게 더 잘된 일인것 같아 난 그런 네게 감사하고 있어 거짓된 사랑을 넌 가르쳐 줬으니 빰빰띠라라 따리라띠리라라 빰빰띠라라 따리라띠리라라 빰빰띠라라 따리라띠리라라 빰빰띠라라 따리라띠리라라 빰빠띠라라
1996.10.27~11.02,34,1622515,내가 지켜줄께,녹색지대,내가 지켜줄께,1995.01.01,Ballad,강은경,잠든 너의 얼굴 위에 서려있는 그 아픔 이젠 내가 네가 되니 나도 따라 아픈가봐 내가 이제야 사랑을 해 예전엔 없었던 꿈도 갖고 더는 혼자가 아니기에 세상도 견딜만 한거야 내가 지켜줄께 험한 세상에 내가 힘이 될께 부족하지만 우리 잊지는 마 처음 가졌던 마음 우리 더 많은 걸 바라지마 오늘 너에게 내 사랑을 주진 않을꺼야 하지만 내 사랑이 이것뿐이라고 생각하지마 나는 다만 아껴둔 채로 조금씩 보여주고 싶어 내일은 오늘보다 더 많이 사랑해야 하니까  항상 우리 좋은날만 있지 않겠지 그런 날 와도 슬기롭게 넘겨야 해 사랑하기 때문에 이해하기 때문에 워우워 내가 이제야 사랑을 해 예전엔 없었던 꿈도 갖고 더는 혼자가 아니기에 세상도 견딜만 한거야 내가 지켜줄께 험한 세상에 내가 힘이 될께 부족하지만 우리 잊지는 마 처음 가졌던 마음 우리 더 많은 걸 바라지마 내가 지켜줄께 내가 힘이 될께 힘이될께 우리 잊지는 마 우 우리 더 많은 걸 바라지마 내가 지켜줄께 지켜줄께 내가 힘이 될께 워어 우리 잊지는 마 우
1996.10.27~11.02,35,70963,다시,육각수,A St. Waterdrop,1996.05,Dance,,이젠 편히 쉬렴 힘겹던 날 지워 더이상 그무엇도 가질수없는 지금에 넌 행복하니 그래 미안했어 여린 너 지키지못해 이렇게 후회하는 내가 보이니 이제서야 느낀걸 알아 눈물속에 날을 지새면 가끔은 나를 원망했겠지 허나 지금이라도 날 용서해 나의 고통은 이것으로 충분하니까 다시 한번만 나를 향해 말을해봐 이제야 내 마음을 이해한다고 다시 내곁에 머물수 있는 날까지 그곳에서도 항상 날 기다리겠다고 우리 처음부터 힘겨운 날이었어 행복한 순간보다 울던 시간이 우리에게 많았지 알아 눈물속에 날을 지새며 가끔은 나를 원망했겠지 허나 지금이라도 날 용서해 나의 고통은 이것으로 충분하니까 다시 한번만 나를 향해 말을해봐 이제야 내 마음을 이해한다고 다시 내곁에 머물수 있는 날까지 그곳에서도 항상 날 기다리겠다고 워워~~다시 내곁에 머물수 있는 날까지 그곳에서도 항상 날 기다리겠다고
1996.10.27~11.02,36,2743596,그럴때마다,"윤종신,이장우,조규찬,김연우,조삼희,김창원,유희열",You Hee Yeol,1996.02,Ballad,유희열,반복된 하루 사는 일에  지칠 때면 내게 말해요  항상 그대의 지쳐있는 마음에  조그만 위로 돼줄게요  요즘 유행하는 영화  보고플 땐 내게 말해요  내겐 그대의 작은 부탁 조차도  조그만 행복이죠  아무런 약속도 없는 일요일 오후 늦게 잠에서 깨  이유없이 괜히 서글퍼질 땐  그대 곁엔 세상 누구보다  그댈 이해하는  내 자신보다 그댈 먼저  생각하는 남자가 있죠  오랫동안 항상 지켜왔죠  그대 빈자리  이젠 들어와 편히 쉬어요  혼자서 밥먹기 싫을 때  다른 사람 찾지 말아요  내겐 그대의 짜증섞인 투정도  조그만 기쁨이죠  아무런 약속도 없는 일요일 오후  누군가 만나서 하루종일  거릴 걷고 싶을 땐  그대 곁엔 세상 누구보다  그댈 이해하는  내 자신보다 그댈 먼저  생각하는 남자가 있죠  오랫동안 항상 지켜왔죠  그대 빈자리  이젠 들어와 편히 쉬어요  라라랄라 랄랄라라  랄랄라라 랄랄라라  라라랄라 랄랄라라  랄랄라라 랄랄라라  라라랄라 랄랄라라 랄랄라라 랄랄라라
1996.10.27~11.02,37,68050,에필로그,변진섭,Again,1996.06,Ballad,,다시 너를 만나지 않게 영원히 너를 잊을 수 있게  이젠 서로에게 짐이 될 수 있는 변명은 하지 말아줘 지금 너와 함께 앉아 있는 것 조차 너무나 힘에 겨워 오래전에 너의 생일날 선물한 작은 반지를 말없이 건내주는 너의 얼굴을 때리고만 싶었어 하지만 결국 너는 떠나갔지 한마디 말도 하지 못한채 너의 행복을 기원하겠어 지금에 너를 기억하면서 다시 너를 만나지 않게 영원히 너를 잊을 수 있게 널 보낸 건 잘한거라고 내가 날 위로했지만 내 솔직했던 마음속에 변명을 원했던 거야 다시 너를 만나지 않게 영원히 너를 잊을 수 있게  다시 너를 만나지 않게 영원히 너를 잊을 수 있게 다시 너를 만나지 않게 영원히 너를 잊을 수 있게 다시 너를 만나지 않게 영원히 너를 잊을 수 있게 다시 너를 만나지 않게
1996.10.27~11.02,38,70602,천생연분,솔리드,Light Camera Action!,1996,R&B; / Soul,김수현,너무 너무 예쁘다고 해도  너를 떠올리며 거절했지만  이번 한 번 뿐이라는걸 맹세해  약속을 정하고 그 날이왔어  신경써서 옷도 입고 머리도 하고  오랜만에 하는 소개팅에서  무슨 말을 할까 고민도 하고  널 만날때완 다른 느낌에  설레임을 안고 집을 나섰지  날씨도 좋고 기분도 좋고  아무튼 이래저래 좋았던거야  나를 믿고있는 너에게   정말 미안한 마음 뿐이야  이번 한 번만 용서해  십 분 정도 먼저 도착해서  어떤 여자일까 상상을했어  예뻤으면 키도 컸으면 좋겠어  혹시나 하고 주위를 살피고  흐르는 노래를 따라불렀어  드디어 내 친구의 모습보이고  난 수줍어 고개를 숙였여  국민학교 동창이란 친구얘기에  인사를 하려고 고개를 드니  내 앞에 있는건 다름아닌 너  황당한 나보다 더 당황하는 너  서로 믿고 있던 너와 나  그냥 맘껏 웃어 버렸어  서로 용서해 이번만  이래서 우리는 어쩔수가 없나봐  서로의 눈을 피해 만나보아도  결국엔 이렇게 우리 둘이서  또 만나게 되어있는 거잖아  이렇게 예쁜 너의 곁엔  이렇게 착한 내가 있었어  우리는 결코 헤어질 수 없어  영원히 사랑할 수 밖에 없어  그렇게 미안해 하지마  예쁜 추억을 만든것뿐야  너를 사랑해 영원히 난 너를 사랑해  난 너를 사랑해
1996.10.27~11.02,39,70798,비련,비비,B.B`s Come,1996.04.01,Dance,강은경,붐붐붐 치키치키니 오 제발 너 제발 다시 생각해봐  붐붐붐 치키치키니 넌 날 아직도 사랑하고 있어 붐붐붐 치키치키니 지나간 시간들을 떠 올려봐 어떻게 넌 나를 잠시라도 잊을 수 있니 차마 버릴 수 없어서 깊이 간직해온 너의 사진 나를 보며 웃는 널 이젠 태워야만 하는 나를 용서해 니가 날 얼마나 사랑했었는지 니맘 다 알아 난 벌받을거야 다만 내앞의 현실을 위해선 다른 길이 없었어 이런 날 이해한다면서 돌아선 니맘 다알아 부디 잘 돼야해 이말 해주고 보낼걸 그랬어 내가 어디에 있든  넌 내맘속에 있다고  붐붐붐 치키치키니 홀로 비참하게 난 울고 있어 붐붐붐 치키치키니 어쩔수 없이 초라해지겠지 붐붐붐 치키치키니 아마 넌 불행해질지도 몰라 어떻게 날 버린채로 떠날 수 있니 네게서 받은 반지를 돌려주고 오던 그 날밤에  술에취한 니 전활 기냥 끊어야만 했던 나를 용서해  니가 날 얼마나 사랑했었는지 니맘 다 알아 난 벌받을거야 다만 내앞의 현실을 위해선 다른 길이 없었어 이런 날 이해한다면서 돌아선  니맘 다 알아 부디 잘 돼야해 이말 해주고 보낼걸 그랬어 내가 어디에 있든  넌 내맘속에 있다고 넌 내게 물었었지 행복한지 그 대답 니가 알잖아 이제야 넌 나를 알 수 있을 거야  내가 얼마나 잔인한 여잔지 다신 그렇게 날 기다리지 마 이미 난 널 버렸어 니 모든걸
1996.10.27~11.02,40,39171,나의 옛 친구 (Feat. 이승환),015B,The Sixth Sense Farewell To The World,1996.05.01,Ballad,정석원,나 어릴적에 함께 다닌 친구가 있었죠 키는 아주 작았고 얼굴은 귀엽게 생긴 나의 옛 단짝 늘 함께 붙어 다녔었죠 취미도 달랐고 성격도 달랐지만 서로의 고민거리를 진지하게 들어 줬었죠 서로 나이가 들수록 각자의 길을 걸었고 세월이라는 헛된 물결 속에서 우린 서서히 서로를 잃어만 갔죠 지금은 어디 사는지 조차 알수도 없지만 시간이라는건 우릴 무디게 하고 이렇듯 세상은 내게 모든걸 받아들이게 하죠  친구 때문에 화도 나고 질투도 했었죠 내가 가지지 못한 그 친구의 큰것 들을 부러워 했죠 산다는 것은 무심해요 사랑했던 친구 소중했던 기억들 단지 잊혀지기만을 위해 있는것 처럼 서로 어른이 될수록 각자의 삶을 얻었고 그대신 세상은 친구를 뺏어갔죠 새롭게 변한 주위에 적응하라며 지금은 아무 느낌도 없이 지내고 있지만 가끔 어릴적 그 친구 생각이 날땐 세상이 나를 바꿨다 변명만을 하죠 서로 나이가 들수록 각자의 길을 걸었고 그 세월이라는 헛된 물결 속에서 우린 서서히 서로를 잃어만 갔죠 지금은 어디 사는지 조차 알수도 없지만 시간이란건 우릴 무디게 하고 이렇듯 세상은 내게 모든걸 받아들이게 하죠
1996.10.27~11.02,41,69220,그날들,김광석,노래이야기,1996,Folk,,그대를 생각하는 것만으로  그대를 바라볼수 있는 것만으로  그대의 음성을 듣는 것만으로도  기쁨을 느낄수 있었던 그날들  그대는 기억조차 못하겠지만  이렇듯 소식조차 알수 없지만  그대의 이름을 부르는 것만으로도  눈물이 흐르곤 했었던 그날들  잊어야 한다면 잊혀지면 좋겠어  부질없는 아픔과 이별할수 있도록  잊어야 한다면 잊혀지면 좋겠어  다시 돌아올수 없는 그대를  잊어야 한다면 잊혀지면 좋겠어  부질없는 아픔과 이별할수 있도록  잊어야 한다면 잊혀지면 좋겠어  다시 돌아올수 없는 그대를 그대를 생각하는 것만으로  그대를 바라볼수 있는 것만으로  그대의 음성을 듣는것만으로도  눈물이 흐르곤 했었던 그날들  그렇듯 사랑했던 것만으로  그렇듯 아파해야 했던 것만으로  그 추억속에서 침묵해야만 하는  다시 돌아올수 없는 그날들
1996.10.27~11.02,42,69619,위기의 여자,장혜진,Temptation,1996.04.01,Ballad,이승호,그대가 떠나간 어두워진 내방에 남겨진 흔적을 씻어내고 있어 하지만 그 향기 지워질 것 같진 않아  거울에 비춰진 내 모습에 또다시 누군가 낙서를 하기시작했어 이대로 나 혼자 여기 내버려두지마 야윈 내가슴에 흐르고 있는 슬퍼 힘겨운 그대 입맞춤 언제 다시 내게 올지도 모를 그대 기다림 힘겨워 차라리 한번의 사랑을 남김없이 내게 모두 태워버려 까맣게 그을린 나에게 다른 유혹은 없을 테니  거울에 비춰진 내 모습에 또다시 누군가 낙서를 하기시작했어 이대로 나 혼자 여기 내버려두지마 야윈 내가슴에 흐르고 있는 슬퍼 힘겨운 그대 입맞춤 언제 다시 내게 올지도 모를 그대 기다림 힘겨워 차라리 한번의 사랑을 남김없이 내게 모두 태워버려 까맣게 그을린 나에게 다른 유혹은 없을 테니 차라리 한번의 사랑을 남김없이 내게 모두 태워버려 까맣게 그을린 나에게 다른 유혹은 없을 테니
1996.10.27~11.02,43,1175758,배반,윤상,Cliche,2000.06.01,Ballad,박창학,아주 먼 곳인 줄 알았지 손에 잡히지 않는 너는 지쳐 있는 듯 내 노래를 외면하고 다신 못 만날 줄 알았어 빗나간 오해 속에 갇혀 끝도 없는 한숨의 시간을 챗바퀴 돌듯 그 자리에 누가 이토록 우리를 멀어지게 한거야 끝내 잊어버릴 수 없는 빛바랜 너의 기억들만을 마치 조롱하듯 남겨둔 채 언제 이토록 서로를 미워하게 된거야 끝내 지워버릴 수 없는 뛰는 가슴에 희미한 아픔이 바로 그날처럼 더 새로울 뿐인데  처음부터 내겐 없었지 높이 오를 수 있는 날개 진실이란 언제나 그렇듯 깊은 상처를 비웃을 뿐 누가 이토록 우리를 멀어지게 한거야 끝내 잊어버릴 수 없는 빛바랜 너의 기억들만을 마치 조롱하듯 남겨둔 채 언제 이토록 서로를 미워하게 된거야 끝내 지워버릴 수 없는 뛰는 가슴에 희미한 아픔이 바로 그날처럼 더 새로울 뿐인데
1996.10.27~11.02,44,70994,3!4!,룰라,All System Go,1996.06.15,Dance,이현도,여기 숨쉬는 이 시간은   나를 어데로 데려갈까   많은 기쁨과 한숨들이   뒤섞인 이 곳에서   3 4 랄랄랄라랄랄라라라 랄랄라랄라라라라라 랄랄랄라라랄라라라 랄라랄라 라랄라 그대와 우리 모두 기쁜  미래를 향해 랄랄랄라랄 랄라라라 랄랄라랄라라라라라 라랄라 랄라랄라라 랄라라라라 나 그대 우리 모두  내가 힘들던 그 모든 기억이  아직 남아 있는 가슴에  따뜻하게 피어나는 느낌이 있어  내가 바라는 그 모든 꿈들이  전부 이뤄질 수 없어도  가장 넓고 깊은 사랑  지금 내 안에 있어  나의 이 마음 영원히 갖고 싶어  모두 함께 나누며 3 4 여기 숨쉬는 이 시간은  나를 어데로 데려갈까  많은 기쁨과 한숨들이  뒤섞인 이 곳에서  그대와 우리 모두 기쁜  미래를 향해  사랑만으로 늘 가득한  그런 내일로 가고 싶어  서로가 함께 영원히 행복하도록  나 그대 우리 모두 아아파한 시간만큼 기쁨을  만들어가요  나의 그 모든 눈물들 만큼  사랑을 만들어가요  Big up Big up  모두 서로 아껴주는  마음을 기억하며  우리가 만들어가요 3 4 여기 숨쉬는 이 시간은  나를 어데로 데려갈까  많은 기쁨과 한숨들이  뒤섞인 이곳에서  그대와 우리모두 기쁜  미래를 향해  사랑만으로 늘 가득한  그런 내일로 가고싶어  서로가 함께 영원히 행복하도록  나 그대 우리 모두  거친 파도의 바다처럼  때론 아픔도 왔었지만  슬픈 바다를 감싸주던  넌 하늘과 같았어  사랑만으로 늘 가득한  밝은 미래로 가고싶어  서로가 함께 영원히 행복하도록  나 그대 우리 모두  모두가 함께 여기서 만들어 가요  나 그대 우리 모두
1996.10.27~11.02,45,38807,태극기,강산에,삐따기,1996.07,Rock,강산에,태극기가 바람에 펄럭이고 있습니다 하늘 높이 아름답겐지는 몰라도 대한 독립 만세때 부터 펄럭이고 있습니다 오늘도 시청 앞에 걸린 저 태극기 저 태극기 삐딱하게 걸린 널 보고 있으니까 왠지 나를 보고 있는거도 같은데 우리 앞을 지나가는 저 많은 사람중에 왠지 우리와는 상관없는 소외감 나는 그래도 내가 만든 삐따기야 하지만 너는 우리가 만든 삐따기 바람이 부는대야 어쩔수 없겠지만 절대로 삼풍은 또 불지 않았으면  삐딱하게 걸린 널 보고 있으니까 왠지 나를 보고 있는거도 같은데 우리 앞을 지나가는 저 많은 사람중에 왠지 우리와는 상관없는 소외감 나는 그래도 내가 만든 삐따기야 하지만 너는 우리가 만든 삐따기 이 비가 오는대야 어쩔 수 없겠지만 절대로 태우는 또 오지 않았으면 않았으면 태극기가 바람에 펄럭이고 있습니다 하늘 높이 아름답겐지는 몰라도 대한 독립 만세때 부터 펄럭이고 있습니다 오늘도 시청 앞에 걸린 저 태극기
1996.10.27~11.02,46,70765,널 위한 거야,미스미스터,Mis=Mr 1집,1996,Rock,,날 용서하며 살아가줘 넌 그럴꺼야 마음 아파져도 이젠 의미없는 시간 속에 널 기억하며 눈물 흘리겠지 아주 오래전에 잊고 지낸 소중함들을 너를 잃은 후에 느낄수 있는 아직 바보같은 날 넌 이해할 수 있다면 널 위한거야 널 외면할 땐 나의 눈에 흐른 눈물 마를지도 몰라 날 용서해줘 나 떠나가도 멀리서 너를 꼭 지켜봐 줄게  널 기억하며 살아갈게 내 이름조차 잊혀질지라도 이젠 어두워진 거울속에 날 바라보며 눈물 흘리겠지 아주 오래전에 잊고 지낸 소중함들을 너를 잃은 후에 느낄수 있는 아직 바보같은 날 넌 이해할 수 있다면 널 위한거야 널 외면할 땐 나의 눈에 흐른 눈물 마를지도 몰라 날 용서해줘 나 떠나가도 멀리서 너를 꼭 지켜봐 줄게 널 위한거야 널 외면할 땐 나의 눈에 흐른 눈물 마를지도 몰라 날 용서해줘 나 떠나가도 멀리서 너를 꼭 지켜봐 줄게
1996.10.27~11.02,47,67562,우울증,최재훈,잊을 수 없는 너,1996.01.01,Ballad,김희탐,내 안의 모든 것이 서러웠어 지금까지 살아왔던 내 과거가 너무나도 초라해 불쌍해서 난 살기 싫었어 아침에 눈 뜨기가 두려웠어 이유없이 불안하고 초조해서 어제처럼 오늘을 산다는게 난 숨이 막혀 왔어 난 견딜 수 없었어 어둠이 나를 위험한 벼랑 끝에 몰고 가는데 알 수 없는 빛은 나를 붙잡고 이러면 안된다고 소리쳤어 차라리 소리내 울고 싶은 만큼 울어버려 자신을 사랑하는 울음소리는 더 큰 법이라며 어차피 세상은 어느 누구나 다 혼자일 뿐 나를 위해 울어 줄 사람은 없어  주위에 사람들은 많았지만 나의 맘을 열어 놓기 겁이 났어 왠지 나를 비웃을 것 같아서 말하기 싫었어 한밤에 잠자기가 두려웠어 살아가는 이유마저 희미한데 오늘처럼 내일이 온다는 게 난 숨이 막혀 왔어 난 견딜 수 없었어 어둠이 나를 위험한 벼랑 끝에 몰고 가는데 알 수 없는 빛은 나를 붙잡고 이러면 안된다고 소리쳤어 차라리 소리내 울고 싶은 만큼 울어버려 자신을 사랑하는 울음소리는 더 큰 법이라며 어차피 세상은 어느 누구나 다 혼자일 뿐 나를 위해 울어 줄 사람은 없어  난 견딜 수 없었어 어둠이 나를 위험한 벼랑 끝에 몰고 가는데 알 수 없는 빛은 나를 붙잡고 이러면 안된다고 소리쳤어 차라리 소리내 울고 싶은 만큼 울어버려 자신을 사랑하는 울음소리는 더 큰 법이라며 어차피 세상은 어느 누구나 다 혼자일 뿐 나를 위해 울어 줄 사람은 없어
1996.10.27~11.02,48,70631,우리의 밤은 당신의 낮보다 아름답다,코나,Overlap,1996.07.01,Ballad,배영준,내게 약속해줘  오늘 이 밤 나를지켜줄  수 있다고 함께 가는 거야 나를 믿어 내가 주는 느낌 그걸 믿는거야 내겐 너무 아름다운 너의 밤을 지켜주겠어 우린 오늘 아무일도 없겠지만 그대가 원한다면 언젠가 이 세상의 모든 아침을 나와 함께 해줘 이미 알고 있어 흔들리는 너의 눈에 담긴 두려움 우린 오늘 아무일도 없겠지만 그대가 원한다면 언젠가 이 세상의 모든 아침을 나와 함께 해줘 다시 한번 자신있게 말하지만 나를 믿고 있다면  언젠가 이 세상의 모든 아침을 나와 함께 해줘 나와 함께 해줘
1996.10.27~11.02,49,38068,다시 처음이라오,김현식,Self Portrait,1993,Ballad,이승희,어디쯤 왔을까? 얼만큼 걸었던가? 옮겨진 발걸음을 또다시 옮길까? 서러움 애써 달래보려고 이만큼 걸었건만 이제는 시작도 아니고 끝도 아닌  다시 처음이라오  어디쯤 왔을까? 얼만큼 걸었을까? 옮겨진 발걸음을 또다시 옮길까? 서러움 애써 달래보려고 이만큼 걸었건만 이제는 시작도 아니고 끝도 아닌  다시 처음이라오  서러움 애써 달래보려고 이만큼 걸었건만 이제는 시작도 아니고 끝도 아닌  다시 처음이라오
1996.10.27~11.02,50,68296,충고 한마디 할까?,조규찬,The 3rd Season,1996.05.01,Dance,조규찬,요즘 너무 힘이 든다는 너의 하소연을 들었지 걱정하는 척 했었지만 사실 난 담담했었어 일년전에도 열달전에도 바로 지금도 같은 표정과 같은 목소리로 넌 너의 힘겨움을 얘기해 그렇게 확인이 필요하니 너는 피해자라는 내 인정이 이제는 누구와 헤어진건지 착각하기까지 해 이번엔 누구였니 요즘 너무 힘이 든다는 너의 하소연을 들었지 걱정하는 척 했었지만 사실 난 담담했었어 You always play N whine about your little break but you ain't victim your the one that kink' in them let me talk won't tell you walk cause I'll ream your ash about the way you treat your free this homie what it's all about raw raw way that you stroke the poke on rhythm treat the free till it squeaks yo boy ahy she'll be good to you just you 그렇게 확인이 필요하니 너는 피해자라는 내 인정이 이제는 누구와 헤어진건지 착각하기까지 해 이번엔 누구였니 요즘 너무 힘이 든다는 너의 하소연을 들었지 걱정하는 척 했었지만 사실 난 담담했었어  모든게 완벽해야만 넌 만족하니 너에게 이별을 강요당한 이에게도 넌 완전치 못했지 요즘 너무 힘이 든다는 너의 하소연을 들었지 걱정하는 척 했었지만 사실 난 담담했었어 요즘 너무 힘이 든다는 너의 하소연을 들었지 걱정하는 척 했었지만 사실 난 담담했었어 요즘 너무 힘이 든다는 너의 하소연을 들었지 걱정하는 척 했었지만 사실 난 담담했었어 요즘 너무 힘이 든다는 너의 하소연을 들었지 걱정하는 척 했었지만 사실 난 담담했었어
