time,rank,song_id,title,singers,album,date,genre,creator,lyric
1993.09.26~10.02,1,56243,그의 비밀,015B,The Fourth Movement,1993.08,Ballad,정석원,그녀와의 비밀 많은 친구에게 자랑스레 얘기하고 헌신적인 사랑 예쁜 선물 뒤엔 은근한 기대를 하지 기다리는 사람 생각않고 전화하기로 한 약속도 무심코 까먹어 버리지 우 그러지는 말아요 당신만의 그녀는 사랑한단 말보다는 책임있는 행동 무엇보다 원할 걸 외면하지 말아요 사랑스런 그녀는 자기만을 지켜주는 그런 사람만이 필요해요  자기 마음대로 하는 이별에도 너를 위해라고 하고 좋은 매너보다 군림하는 것이 남성적이라고 하지 그녀 생활에는 간섭하고 자기 행동은 남자라는 한 마디로 용납해 버리지 우 그러지는 말아요 당신만의 그녀는 사랑한단 말보다는 책임있는 행동 무엇보다 원할 걸 외면하지 말아요 사랑스런 그녀는 자기만을 지켜주는 그런 사람만이 필요해요  그러지는 말아요 당신만의 그녀는 사랑한단 말보다는 책임있는 행동 무엇보다 원할 걸 외면하지 말아요 사랑스런 그녀는 자기만을 지켜주는 그런 사람만이 필요해요 그러지는 말아요 당신만의 그녀는  외면하지 말아요 사랑스런 그녀는
1993.09.26~10.02,2,57339,너를 사랑해,한동준,처음 받은 느낌으로,1993.01,Ballad,한동준,아침이 오는 소리에 문득  잠에서 깨어 내 품안에 잠든 너에게  워우우워 우워워 너를 사랑해  내가 힘겨울때마다 너는  항상 내 곁에  따스하게 어깨 감싸며  워우우워 우워워 너를 사랑해 영원히 우리에겐 서글픈  이별은 없어 때로는 슬픔에 눈물도 흘리지만 언제나 너와 함께 새하얀  꿈을 꾸면서 하늘이 우리를 갈라놓을 때까지 워우우워 우워워 너를 사랑해 내가 힘겨울때마다 너는  항상 내 곁에 따스하게 어깨 감싸며  워우우워 우워워 너를 사랑해 영원히 우리에겐 서글픈  이별은 없어 때로는 슬픔에 눈물도 흘리지만 언제나 너와 함께 새하얀  꿈을 꾸면서 하늘이 우리를 갈라놓을 때까지 워우우워 우워워 너를  사랑해 너를 사랑해
1993.09.26~10.02,3,1847750,애모,김수희,서울여자,1990.01.01,Adult Contemporary,유영건,그대 가슴에 얼굴을 묻고 오늘은 울고 싶어라 세월의 강 넘어 우리 사랑은 눈물 속에 흔들리는데 얼만큼 나 더 살아야 그대를 잊을 수 있나 한 마디 말이 모자라서 다가설 수 없는 사람아 그대 앞에만 서면 나는 왜 작아지는가 그대 등 뒤에 서면 내 눈은 젖어드는데 사랑 때문에 침묵해야 할 나는 당신의 여자 그리고 추억이 있는 한 당신은 나의 남자여 그대 앞에만 서면 나는 왜 작아지는가 그대 등 뒤에 서면 내 눈은 젖어 드는데 사랑 때문에 침묵해야 할 나는 당신의 여자 그리고 추억이 있는 한 당신은 나의 남자여 당신은 나의 남자여
1993.09.26~10.02,4,56251,이별 없던 세상,윤상,윤상2 - Part II,1992.10.02,Ballad,노영심,어린 시절 햇살같은 추억에 나도 모르게 걷고 있는 여기에 가득 고인 내 꿈처럼 커다란 하얀 풍선을 안고 있는 아이들 내 작은 기억속에도 그런 모습 있었지 풍선 하나로 세상을 다가진 듯 부푼 내 가슴 이제는 무얼 찾아야 채울 수 있을까 마음만으론 찾을 수 없어 저 멀리 날아가버린 내 작은 소망과 밤하늘의 작은 별을  너무 쉽게 포기하며 살았지 두 눈 감은 채 잊어보려 했지만 그 모든걸 잃었다고만 생각을 하지마 바로 그건 어른이라는 또 다른 이름 때문이야 하지만 지금 나에겐 아득한 곳인 걸 기억만으론 갈수가 없어 너만은 처음 그 곳에 머물러 주겠니 이별이 없는 그 곳에서  저 멀리 날아가버린 새하얀 풍선도 너의 눈속엔 그대로인 걸 너만은 처음 그 곳에 머물러 주겠니 이별이 없는 그 곳에서
1993.09.26~10.02,5,55543,하여가(何如歌),서태지와아이들,2집 - 하여가,1993.06.06,Dance,서태지,너에게 모든 걸 뺏겨  버렸던 마음이  다시 내게 돌아 오는 걸 느꼈지  너는 언제까지나 나만의  나의 연인이라 믿어왔던  내 생각은 틀리고 말았어  변해버린건 필요가 없어  이제는 널 봐도 아무런  느낌이 없어  나에겐 항상 시선을 멈췄던  예전의 네 모습과 나를  바라보던 네 미소와  너만의 목소리 모든게 그리워  진거야 지금 나에겐  너를 볼때마다 내겐  가슴이 떨리는 그 느낌이  있었지  난 그냥 네게 나를 던진거야 예  나홀로 있을때 조차 너를  기다린다는 설레임에  언제나 기쁘게 마음을  가졌던거야 예  부풀은 내 마음속엔 항상  네가 있었어  하얀 미소의 너를 가득 안고서  이제는 너를 위해 남겨둔 것이 있어  해맑던 네 미소가 담긴 사진을  난 그냥 이대로 뒤돌아 가는가  넌 그냥 이대로 날 잊어 버리나  난 그냥 이대로 뒤돌아 가는가  널 그냥 이대로 보내긴  내 가슴이 너무나  난 그냥 이대로 날 잊어  버리나 난 그냥 이대로 난 그냥 이대로 보내긴  내 가슴이 너무나  너에게 많은걸 바라는  게 아니지  그전처럼 또 바로 그때처럼  말이야  정성이 가득히 있었지  언제나 나를 너무 따뜻하게  대해 주었지  이제는 전화를 네게 거는 것  마저 난 이제 모두 두려워졌어  넌 아닌척하고 있지만  너의 목소리가 너무도 차갑지  난 이제 알 수가 있어  너도 많이 아파하고 있었다는  것만을  너의 진실을 숨기지마 넌  왜 그리 모르지  너를 볼때마다 내겐  가슴이 떨리는 그 느낌이 있었지  난 그냥 네게 나를 던진거야 예  나홀로 있을때 조차 너를  기다린다는 설레임에  언제나 기쁘게 마음을  가졌던거야 예  부풀은 내 마음속엔 항상  네가 있었어  하얀 미소의 너를 가득 안고서  이제는 너를 위해 남겨둔 것이 있어  해맑던 네 미소가 담긴 사진을  난 그냥 이대로 뒤돌아 가는가  넌 그냥 이대로 날 잊어 버리나  난 그냥 이대로 뒤돌아 가는가  널 그냥 이대로 보내긴  내 가슴이 너무나  난 그냥 이대로 날 잊어  버리나 난 그냥 이대로  난 그냥 이대로 보내긴   내 가슴이 너무나  이렇게 떠나가 버릴 너를  보려한것이 아니야  하지만 나는 기다려  네가 다시 돌아올날까지   이곳에서
1993.09.26~10.02,6,536778,장미의 미소,신인수,내일은 사랑 OST,1990.01.01,Drama,이남우,한 두번도 아닌데 그대를 만날 때면
1993.09.26~10.02,7,1839234,오렌지 나라의 앨리스,푸른하늘,푸른하늘 6집 - 오렌지 나라의 앨리스,1993.09.21,Ballad,유영석,커피를 마시는 의미가 같다는 이유만으로 가벼운 미소 나누며 합석을 하고 있지 서로를 알게 되면서 다가올 간섭은 싫어 질문을 해보긴 하지만 알고싶은 맘 없지 orange world alice orange world alice orange world alice orange world alice 지나가는 사람들 나를 보는건 내 아름다운 모습 때문인거야 그런 작은 자동차 타고 다니면서 어쩜 내게 감히 말을 건넬 수가 있는거니 지금 내가 생각해야만 하구 다같이 고민해야만 하는것은 함께 노래 부르러 갈건지 술잔을 서로 기울이며 즐거움에 대한 애길 나눠야 할지  달콤한 말을 속삭이며 관심을 보여줄때엔 그것이 거짓이라해도 아무 상관이 없네 orange world alice orange world alice orange world alice orange world alice 나를 보는 사람들의 시선들엔 모두가 사랑이 담겨 있다지만 그댄 그런 모습을 하고 다니면서 어쩜 내게 감히 눈빛 보낼 수가 있는거니 지금 내가 선택해야만 하구 다같이 고민해야만 하는것은 함께 춤을 추면서 느낌을 나누어 봐야하는건지 함께 밤을 하얗게 지새워야 할지 orange world alice orange world alice orange world alice orange world alice orange world alice orange world alice orange world alice orange world alice orange world alice
1993.09.26~10.02,8,91435,처음 그 느낌처럼,신승훈,신승훈 3집,1993.04,Dance,김창환,처음 부터 널 사랑하진 않았지  그저 친한 친구처럼 만났을 뿐  너의 곁에 내가 아닌 다른 사람이 서 있는데  나의 마음이 왜 이리 허전한걸까  늘 가까이 있었기에 소중함을 난 몰랐을 뿐  아마 처음부터 너를 사랑했었나 봐  이제는 너를 이해할 수 있어 내가 잠시 너를 떠났을 때  너의 모습이 왜 그리 슬퍼보였는지  소중한 사랑은 떠난 후에야 느낄 수 있다는 너의 말을  이젠 이해할게 모두  너를 위한 마음으로 처음 그 느낌처럼 너의 곁에 내가 아닌 다른 사람이 서 있는데  나의 마음이 왜 이리 허전한걸까  늘 가까이 있었기에 소중함을 난 몰랐을 뿐  아마 처음부터 너를 사랑했었나 봐  이제는 너를 이해할 수 있어 내가 잠시 너를 떠났을 때  너의 모습이 왜 그리 슬퍼보였는지  소중한 사랑은 떠난 후에야 느낄 수 있다는 너의 말을  이젠 이해할게 모두  너를 위한 마음으로 처음 그 느낌처럼
1993.09.26~10.02,9,16936,하늘 아래서,김민종,Best Vs. Live Album,2001.03.23,Ballad,김민종,나의 과거를 이제는 잊고 싶어  지친 하루 하루 힘들게 살아왔지  꿈의 의미를 찾을 수가 없었어  지난 어린 시절엔 지금 서 있는  이 곳은 어디인지 무얼 찾아왔나  아무도 없는 곳에   평화롭게 보이는  말없는 하늘 아래 너를 불러봤어  허탈한 마음에 희미한   느낌도 없어  마지막 너의 눈빛도 예   가고 있잖아  하얀 너의 곁으로 이젠 아무도  나를 막을 수가 없는데   걸어만 가야해  느낄 수도 없잖아 이젠 울지마  다가가는 날 보며 너를 위해  지금 서 있는 이 곳은 어디인지  무얼 찾아왔나 아무도 없는 곳에  평화롭게 보이는 말없는  하늘 아래 너를 불러봤어 허탈한 마음에 희미한 느낌도 없어 마지막 너의 눈빛도 예  가고 있잖아 하얀 너의 곁으로 이젠 아무도 나를 막을 수가 없는데 걸어만 가야해 느낄 수도 없잖아 이젠 울지마 다가가는 날 보며 너를 위해 너를 위해
1993.09.26~10.02,10,91407,그래도 이제는,김종서,2nd Step (PETSDN2),1993.04.01,Rock,채정은,그 모든건 어린 내가 꿈꾸던 그대로 되지는 않았어 내가 너무 쉽게 생각했었나 아니면 약해서인가 사람도 무섭고 사랑은 더 힘들고 가끔씩은 많지 않은 나이가 오히려 부담이됐지 작은일도 책임져야한다는 의무도 숨막히게해 걷지도 못할만큼 고민도 쌓이지만 그래도 이제는 앞만 보며 가는 거야 날 기다릴 세상이 있으니  걷지도 못할만큼 고민도 쌓이지만 그래도 이제는 앞만 보며 가는 거야 날 기다릴 세상이 있으니 그래도 이제는 앞만 보며 가는 거야 날 기다릴 세상이 있으니  그래도 이제는 앞만 보며 가는 거야 날 기다릴 세상이 있으니 그래도 이제는 앞만 보며 가는 거야 날 기다릴 세상이 있으니
1993.09.26~10.02,11,91110,그때는 알겠지,강수지,K,1993.06,Ballad,강수지,아무 것도 없던거야 그래 그렇게 지나쳐야 하는데 살아가는 작은 기쁨 이제는 어디서 찾아야만 하나 너를 사랑한다는 이유로 너를 내 곁에 두려 한다면 사랑한다는 이유로 지나온 모든 것들을 용서해야만 한다는 걸 알고 있지만 내게는 어려운 걸 허전한 마음 모르겠지 세월이 지나면 그때서야 알거야 얼마나 내가 소중했는지 그리고 나로 인해 행복했음을  그런 일도 있었다고 그래 그렇게 지나쳐야 하는데 왠지 니가 보고 싶어 이제는 어디서 찾아야만 하나 너를 사랑한다는 이유로 너를 내 곁에 두려 한다면 사랑한다는 이유로 지나온 모든 것들을 용서해야만 한다는 걸 알고 있지만 내게는 어려운 걸 허전한 마음 모르겠지 세월이 지나면 그때서야 알거야 얼마나 내가 소중했는지 그리고 나로 인해 행복했음을 그리고 나로 인해 행복했음을
1993.09.26~10.02,12,56880,첫인상,김건모,김건모 2집,1993,Dance,김창환,긴 머리 긴 치마를 입은 난 너를 상상하고 있었지만 짧은 머리에 찢어진 청바지가 너의 첫인상이었어 조용한 음악이 흐르고 장미꽃 한 송이가 놓여진 하얀 탁자에 기대앉은 모습이 날 당황하게 만들었었지 그런 난 네가 좋았어 약속된 만남이었을거야 처음부터 아주 오랜 친구처럼 우린 어색함이 없었으니까 눈빛을 보면 난 알 수가 있어 아무런 말도 필요치 않아 이런게 아마 사랑일거야 첫 눈에 반해버린 사랑 조용한 음악이 흐르고 장미꽃 한 송이가 놓여진 하얀 탁자에 기대앉은 모습이 날 당황하게 만들었었지 그런 난 네가 좋았어 약속된 만남이었을거야 처음부터 아주 오랜 친구처럼 우린 어색함이 없었으니까 눈빛을 보면 난 알 수가 있어 아무런 말도 필요치 않아 이런게 아마 사랑일거야 첫 눈에 반해버린 사랑 눈빛을 보면 난 알 수가 있어 아무런 말도 필요치 않아 이런게 아마 사랑일거야 첫 눈에 반해버린 사랑
1993.09.26~10.02,13,1053874,Say Yes(Part I),라종민,Say Yes,-,Ballad,,
1993.09.26~10.02,14,54182,다시만난 너에게,피노키오,다시만난 너에게,1992.11.30,Rock,,내가 처음 보았던 기억속에 파란 하늘빛 미소 여전한 넌 지난 시간 세월을 얘기하듯 야윈 모습으로 손을 내밀고 나 역시 서툰 웃음과 어색한 시간이 흐른 뒤 나의 맘 속에 맘으로 널 그리워 해왔었다 말했지  이젠 다시 사랑을 가슴에 묻고 나누어지는 슬픔은 없을꺼야  내안에 있는 소중한 것을 모두다 너에게 주고 싶어  나 역시 서툰 웃음과 어색한 시간이 흐른 뒤 나의 맘 속에 맘으로 널 그리워 해왔었다 말했지  이젠 다시 사랑을 가슴에 묻고 나누어지는 슬픔은 없을꺼야  내안에 있는 소중한 것을 모두다 너에게 주고 싶어  그리움에 보낸 날들은 너의 절실함을 일깨워주고  어떤 어려움에도 견딜 수 있는 널 향한 사랑에게 보여주었어  그리움에 보낸 날들은 너의 절실함을 일깨워주고
1993.09.26~10.02,15,3396155,너의 사고방식,모자이크,너의 사고방식,1993.01.01,Ballad,,오 얼마나  많은 책을 읽었는지 몰라도  모든 일이 뜻대로 되는 것은 아니야  오래전부터 생각했다 말을 하지만  넌 분명히  내 친구들의 얘길 듣고 이러는 거지  비교하지마 나를 다른 사람과  내 방식대로 조금씩  고쳐가면 되니까  강요하지마 나를  내 방식대로 그냥 그렇게  곁에서 지켜보면 되잖아  오늘밤 다시 내게로 와  오 맘의 문 열고 얘기해봐  어떤말이 더 필요해  오 나의 마음은 이미   너를 사랑하고 있었다는   마음에도 없는 말을 하지마  무슨 얘길 하는거야  오 너의 마음은 이랬다 저랬다  아직도 망설이고 있잖아  얼마나 많은 경험을 했는지 몰라도  너는 지난 시간들 속에 갇혀 있을뿐  모두들 저마다의 다른 생각이 있듯  넌 너대로의 난 나대로의  약각의 차이는 있는거야  비교하지마 나를 다른 사람과  내방식대로  조금씩 고쳐가면 되니까  강요하지마 나를 내 방식대로  그냥 그렇게  곁에서 지켜보면 되잖아  오늘밤 다시 내게로 와  맘의 문 열고 얘기해봐  어떤말이 더 필요해  오 나의 마음은  이미 너를 사랑하고 있었다는  마음에도 없는 말을 하지마  무슨 얘길 하는거야  오 너의 마음은 이랬다 저랬다  아직도 망설이고 있잖아  랄랄라라라라라라  넌 그저 사고방식의  차이라고 말을 하겠지만 너의 마음은 이미 멀어진것같아 랄랄라라라라라라 만약에 이별한다면  너는 추억이라 하겠지만  그건 너무 싫잖아 랄랄라라라라라라 랄랄라라라라라라 랄랄라라라라라 랄랄라라라라라라 랄랄라라라라라라 랄랄라라라라라 랄랄라라라라라라
1993.09.26~10.02,16,2981575,나의 노래,김광석,나의 노래,1992.03.20,Folk,한동헌,아무 것도 가진 것 없는 이에게  시와 노래는 애달픈 양식  아무도 뵈지 않는 암흑속에서  조그만 읊조림은 커다린 빛  나의 노래는 나의 힘  나의 노래는 나의 삶  자그맣고 메마른 씨앗속에서 내일의 결실을 바라보듯이  자그만 아이의 읊음 속에서  마음의 열매가 맺혔으면  나의 노래는 나의 힘  나의 노래는 나의 삶   거미줄처럼 얽힌 세상속에서  바람에 나부끼는 나무가지처럼  흔들리고 넘어져도  이세상속에는 마지막 한방울의 물이 있는 한  나는 마시고 노래하리 나는 마시고 노래하리  수많은 진리와 양심의 금문자  찬란한 그빛에는 멀지 않으리  이웃과 벗들의 웃음속에는  조그만 가락이 울려 나오면 나는 부르리 나의 노래를  나는 부르리 가난한 마음을  그러나 그대 모두 귀기울일 때  노래는 멀리 멀리 날아가리  노래는 멀리 멀리 날아가리
1993.09.26~10.02,17,91104,언제나 그 자리에,신효범,신효범 3집,1992,Ballad,신효범,어두운 창밖 불빛 사이로 얼룩진 그대의 슬픔이 고개 숙인 채 앉아 흐느끼는 눈물로 지워질 수 있을까 뒤돌아 보면 차가운 바람 가슴을 스치고 간 긴 외로움 슬픔이라 생각하지 않으려해도 언제나 그 자리에 곁에 있어도 그대는 남인것처럼 멀리 있는 것만 같았지 그대가 나를 왜 떠나려고 했는지 이제 나는 알 것 같아 나의 작은 실수 하나 조차도 힘겨워하던 그대를 보며 우리 서로 말없이 헤어진 지금이 오히려 사랑일꺼야  곁에 있어도 그대는 남인것처럼 멀리 있는 것만 같았지 그대가 나를 왜 떠나려고 했는지 이제 나는 알 것 같아 나의 작은 실수 하나 조차도 힘겨워하던 그대를 보며 우리 서로 말없이 헤어진 지금이 오히려 사랑일꺼야 나의 작은 실수 하나 조차도 힘겨워하던 그대를 보며 우리 서로 말없이 헤어진 지금이 오히려 사랑일꺼야
1993.09.26~10.02,18,1517671,천년학 (대금 타이틀),VariousArtists,서편제 OST,1993.04.01,Korean Movie,,
1993.09.26~10.02,19,56084,언제나 (Always),김원준,나에게 떠나는 여행,1993.08.20,Dance,김원준,언제나 후회할 순 없어  널 위한 나의 모든 것  항상 외면해야 하나 이렇게 너에게서 멀어지는  내 자신이 너무 싫었어  한번 살다 보면서  느끼는 그런 흔한  감정은 아니야  이렇게 이렇게  계속 지나쳐 온  나의 순간들엔  허무한 흔적들뿐  자꾸 멀어지는  삶의 자국들이  나의 허상속에  묻혀 버려졌나  언제나 후회 할 순 없어  널 위한 나의 모든 것  항상 외면해야 하나  언제나 주저 할 순 없어  널 향한 나의 다짐들  이젠 단념해야 하나  그럴 순 없어  이렇게 너에게서  멀어지는 내 자신이  너무 싫었어  한번 살다 보면서  느끼는 그런 흔한  감정은 아니야 이렇게 이렇게 계속 지나쳐 온  나의 순간들엔  허무한 흔적들뿐 자꾸 멀어지는  삶의 자국들이  나의 허상속에  묻혀 버려졌나  언제나 후회 할 순 없어  널 위한 나의 모든 것  항상 외면해야 하나  언제나 주저 할 순 없어  널 향한 나의 다짐들  이젠 단념해야 하나  그럴 순 없어  이렇게 너에게서 멀어지는  내 자신이 너무 싫었어  한번 살다 보면서  느끼는 그런 흔한  감정은 아니야  이렇게 이렇게
1993.09.26~10.02,20,54362,옛 친구에게,여행스케치,세가지 소원,1992.11,Folk,조병석,이렇게 비 내리는 날엔 우산도 없이  어디론지 떠나고 싶어 비를 맞으며  옛날 작은 무대 위에서 함께 노래한  정다웠던 친구들 두고 난 떠나왔어 서로를 위한 길이라 말하며 나만을 위한 길을 떠난거야 지난 내 어리석음 이젠 후회해 하지만 넌 지금 어디에 이렇게 비가 내리는 밤엔 난 널 위해 기도해 아직도 나를 기억한다면 날 용서해주오 아  서로를 위한 길이라 말하며 나만을 위한 길을 떠난거야 지난 내 어리석음 이젠 후회해 하지만 넌 지금 어디에 이렇게 비가 내리는 밤엔 난 널 위해 기도해 아직도 나를 기억한다면 날 용서해주오 이렇게 비가 내리는 밤엔 난 널 위해 기도해 아직도 나를 기억한다면 날 용서해주오 이렇게 비가 내리는 밤엔 난 널 위해 기도해 아직도 나를 기억한다면 날 용서해주오
1993.09.26~10.02,21,55847,잊어야 할 때,양수경,6집 잊어야 할 때,1993,Ballad,이찬우,문득 너를 바라 볼때면 예전 같지 않은 낯설움을 느낄 수 있지 나 이제는 너와 함께한 시간속에 의미들을 접어야 할때 사랑하는 사람에게 이별은 있을 수 있지만 잊어야 할 때를 아는 것처럼 힘든 일은 없겠지 그게 두려웠어  가끔씩은 모든 걸 잊지 너의 차가워진 미소까지 잊을 수 있어 어느 순간 너의 눈빛에 내게 남겨질지 모를 슬픔이 보여 사랑하는 사람에게 이별은 있을 수 있지만 잊어야 할때를 아는 것처럼 힘든 일은 없겠지 그게 두려웠어  사랑하는 사람에게 이별은 있을 수 있지만 잊어야 할 때를 아는 것처럼 힘든 일은 없겠지 그게 두려웠어 내가 아는 다른사람들 이런 모습으로 사랑하고 헤어진걸까 이유없이 흐른 눈물이 마르진 않을땐 너를 잊어야 하지
1993.09.26~10.02,22,91112,세상은 요지경,신신애,뽕짝네 메들리 1,1995.05.30,Adult Contemporary,,세상은 요지경 요지경 속이다 잘 난 사람은 잘 난대로 살고 못 난 사람은 못 난대로 산다 야이야이 야들아 내 말 좀 들어라 여기도 짜가 저기도 짜가 짜가가 판 친다 인생살면 7 80 화살 같이 속히 간다 정신차려라 요지경에 빠진다 싱글벙글 싱글벙글 도련님 세상 방실방실 방실방실 아가씨 세상 영감 상투 삐뚤어지고 할멈 신발 도망갔네 어허 세상은 요지경 요지경 속이다 잘 난 사람은 잘 난 대로 살고 못 난 사람은 못 난 대로 산다  세상은 요지경 요지경 속이다 잘 난 사람은 잘 난대로 살고 못 난 사람은 못 난대로 산다 야이야이 야들아 내 말 좀 들어라 여기도 짜가 저기도 짜가 짜가가 판 친다 인생살면 7 80 화살 같이 속히 간다 정신차려라 요지경에 빠진다 싱글벙글 싱글벙글 도련님 세상 방실방실 방실방실 아가씨 세상 영감 상투 삐뚤어지고 할멈 신발 도망갔네 어허 세상은 요지경 요지경 속이다 잘 난 사람은 잘 난 대로 살고 못 난 사람은 못 난 대로 산다
1993.09.26~10.02,23,3052620,너에게로 가는 길,장동건,우리들의 천국 OST,1994.03.01,Drama,,사랑해 너의 전부를   그 환한 웃음부터  소중한 것이 떠날수록 깊어져   가는 눈까지   잊지마 세상 모두가 네꿈을   비웃어도   언젠가 웃는 것은 너라는 걸   가끔씩 내가 흔들리면   너의 길을 나에게 보여줘   가까이 서로 지켜볼 수 있게   너는 아직 모를거야   너하나로 빛나는 하루를   많은 길이 세상엔 있다지만   나는 택한거야 너에게로   가는 길을   잊지마 세상 모두가 네꿈을  비웃어도   언젠가 웃는 것은 너라는 걸   가끔씩 내가 흔들리면   너의 길을 나에게 보여줘   가까이 서로 지켜볼 수 있게   너는 아직 모를거야   너하나로 빛나는 하루를   많은 길이 세상엔 있다지만   나는 택한거야 너에게로  가는 길을  너는 아직 모를거야  너하나로 빛나는 하루를  많은 길이 세상엔 있다지만  나는 택한거야 너에게로  가는 길을
1993.09.26~10.02,24,1023586,흔적,최유나,카페여행 2,1996.11.08,Adult Contemporary,김순곤,이제는 가도 되는 건가요 어두워진 거리로 오늘만은 왠지 당신 앞에서 울고 싶지 않아요 어차피 내가 만든 과거 속에서 살아가야 하지만 절반의 책임마저 당신은 모르겠지요 지나간 날을 추억이라며 당신이 미소 지을 때 기억해요 슬픈 여자 마음에 상처뿐인 흔적  어차피 내가 만든 과거 속에서 살아가야 하지만 절반의 책임마저 당신은 모르겠지요 지나간 날을 추억이라며 당신이 미소 지을 때 기억해요 슬픈 여자 마음에 상처뿐인 흔적 기억해요 슬픈 여자 마음에 상처뿐인 흔적을
1993.09.26~10.02,25,532100,프란다스의 개,이승환,The Show (이승환 Live),2004.06.25,Ballad,KISHIDAERICO,먼동이 터오는 아침에 길게 뻗은 가로수를 누비며 잊을 수 없는 우리의 이 길을 파트라슈와  함께 걸었네 하늘과 맞닿는 이 길을   라랄라 라랄라 라라라라라라라라라 라랄라 라랄라 라라라라라라    먼동이 터오는 아침에 길게 뻗은 가로수를 누비며 잊을 수 없는 우리의 이 길을 파트라슈와  함께 걸었네 하늘과 맞닿는 이 길을   라랄라 라랄라 라라라라라라라라라 라랄라 라랄라 라라라라라라 라랄라 라랄라 라라라라라라라라라 라랄라 라랄라 라라라라라라    파트라슈 내가 아주 어렸을 적 아름다운 동화있어  나를 눈물짓게 만들었던 그개 파트라슈 추억 속의 너이지만 언제나 내 맘속에선  따스한 꿈을 꾸었지 나의 파트라슈 디리럼 디럼 디러럼 디리럼 디러럼 디럼 디리럼 디럼 디러럼 나의 파트라슈 하루하루 늘어가는 이기적인 만남들에  한 번쯤은 생각하지 그 개 파트라슈 밑도 끝도 없는 말들 우리들을 지치게해 확신없는 진실들은 이제 파트라슈    디리럼 디럼 디러럼 디리럼 디러럼 디럼 디리럼 디럼 디러럼 나의 파트라슈 디리럼 디럼 디러럼 디리럼 디러럼 디럼 디리럼 디럼 디러럼 그 개 파트라슈 디리럼 디럼 디러럼 디리럼 디러럼 디럼 한 번쯤은 생각하지 나의 파트라슈
1993.09.26~10.02,26,2119075,연인 (Original Ver.),정석원,연인 OST,1993.01.01,Drama,최연지,눈을 감으면 더 잘보이는 너
1993.09.26~10.02,27,56840,`친구`라 말할 수 있는 건,신성우,Eight Smiles Of Klein,1993.08,Rock,"신성우,이근상,이근형",나 어릴적 뛰놀던 놀이터에 회색 건물이 들어서 있고 길을 걷는 수녀의 옷자락엔 어린 아이의 그 미소도 없고 그렇게만 자꾸 변해만 가는 시간속에 묻어둔 친구의 미소 해묵은 착각속에 바라본 너의 모습  때론 네가 나를 귀찮게 할 때 이유 아닌 이유로 멀어져왔고 때론 내가 너를 탓한 핑계로 나의 마음을 위로해 왔지 내가 네게로 가기보다는 네가 내게로 오길바랬지 해묵은 욕심속에 말해온 너의 모습 친구라고 말할 수 있는건 생각만 해도 느낌이 편한 것 친구라고 말할 수 있는건 항상 내가 널 믿을 수 있는 것  해묵은 욕심속에 말해온 너의 모습 친구라고 말할 수 있는건 생각만 해도 느낌이 편한 것 친구라고 말할 수 있는건 항상 내가 널 믿을 수 있는 것 친구라고 말할 수 있는건 조그만 오해도 필요치 않은 것 친구라고 말할 수 있는건 바로 내 자신을 돌이켜 보는 것 친구라고 말할 수 있는건 생각만 해도 느낌이 편한 것 친구라고 말할 수 있는건 항상 내가 널 믿을 수 있는 것
1993.09.26~10.02,28,896183,장미의 눈물,최성수,누드가 있는 방,1993.04,Ballad,최성수,아 사랑이 무어냐 눈물이잖아 하늘보고 소리쳐도 대답이 없구나 술과 장미에 젖어도 마음 더욱 외로워 가슴치는 추억들이 촛불처럼 타오르네 내가 남아서 기다리면은 다시 웃을 수가 있을까 당신울면은 나도 울었네 아픔없이 살 순 없겠지 아 세월이 가도 사랑도 가버리고 아픈 것은 아픈대로 그렇게 살아가겠지  아 사랑이 무어냐 눈물이잖아 나를 잊고 살아야지 장미의 눈물이 되어 내가 남아서 기다리면은 다시 웃을 수가 있을까 당신울면은 나도 울었네 아픔없이 살 순 없겠지 아 세월이 가네 사랑도 가버리고 아픈 것은 아픈대로 그렇게 살아가겠지
1993.09.26~10.02,29,111572,그대안의 블루,"김현철,이소라",그대안의 블루 OST,1992,Korean Movie,이현승,난 난 눈을 감아요 빛과 그대 모습 사라져 이제 어둠이 밀려오네 저 파란 어둠 속에서 그대 왜 잠들어 가나 세상은 아직 그대 곁에 있는데 사랑은 아니지만 우리의 만남 어둠은 사라지네 워 시간은 빛으로 물들어 또 다시 흐르네 내 눈빛속 그대 난 난 꿈을 꾸어요 그대 와의 시간은 멈춰지고  이제 어둠이 밀려오네 빛 바랜 사랑 속에서 그대 왜 잠들려 하나 시간은 오 아직 그대  곁에 있는데 사랑은 아니지만 우리의 만남 어둠은 사라지네 워 시간은 빛으로 물들어 또 다시 흐르네 그대 눈빛 속에 나 내 눈빛 속 그대
1993.09.26~10.02,30,91408,사는게 뭔지,이무송,인연(因緣),1992,Ballad,,사랑이 무엇인지 아픔이 무엇인지 아직 알 순 없지만 인연이 끝난후에 후회하지는 않겠지 알수 없는 거잖아 사랑한 사람들은 이렇게 얘길하지 후회하는 거라고 하지만 사랑않고 혼자서 살아간다면 더욱 후회한다고 사랑을 하면서도 후회해도 한평생을 살 사람아 정주고 사는 인생 힘들어도 당신만을 사랑하리라  결혼이 무엇인지 사는게 무엇인지 아직 알순 없지만 몇년이 지난후에 후회하지는 않겠지 알 수 없는거잖아 살아본 사람들은 이렇게 얘길하지 후회하는 거라고 하지만 둘이아닌 혼자서 살아간다면 더욱 후회한다고 사랑을 하면서도 후회해도 한평생을 살 사람아 정주고 사는 인생 힘들어도 당신만을 사랑하리라  사랑을 하면서도 후회해도 한평생을 살 사람아 정주고 사는 인생 힘들어도 당신만을 사랑하리라 사랑을 하면서 후회는 왜하나 정들어 사는 인생 힘들어도 당신만을 사랑하리라
1993.09.26~10.02,31,55040,나를 돌아봐,듀스,Deux,1993.04,Rap / Hip-hop,이현도,이제 우리가 시작하겠어 바로 여기서 D E U X DEUX 여기서 우린 보여주고 싶어 D E U X DEUX DEUX 하루 하루 반복되는 날들 의미를 찾을 수 없어 순간 순간이 나에겐 힘들어 왜 언제나 너는 내 맘 속에 난 벗어나고 싶어 언제나 슬픔의 벽속에 나는 둘러싸여져 있는데 시간이 갈수록 그대는 자꾸만 멀어져 가고 있는걸 나를 돌아봐 그대 나를 너의 맘속엔 내가 없지만 나를 돌아봐 나는 지금 널 그리며 서 있어 그대는 나를 슬퍼하는 나를 지금 기다림에 날을 계속하고만 있는 나를 WHY 왜 자꾸만 외면하고 멀어져가는 거야 그대 나에게 두근거리는 내 마음을 그대는 가슴을 닫아 두고 외면을 하고 있지만 언젠가는 넌 알 수 있을꺼야 그때 너의 마음 나에게만 보여줘 언제나 슬픔의 벽속에 나는 둘러싸여져 있는데 시간이 갈수록 그대는 자꾸만 멀어져 가고 있는걸 나를 돌아봐 그대 나를 너의 맘속엔 내가 없지만 나를 돌아봐 나는 지금 널 그리며 서 있어 그대는 나를 가슴 아파하는 나를 난 너 너만을 얻고 싶어 이런 나를 정말로 정말로 이대로 지나칠 수 밖에없는지 정말 난 그대와 정말 사랑할 순 없는지 나를 돌아봐줘 그대여 나를 돌아봐 그대와 나는 하나 될 수 없는 거야 나를 돌아봐줘 그대여 나를 돌아봐 나를 돌아봐 그대 나를 너의 맘속엔 내가 없지만 나를 돌아봐 나는 지금 널 그리며 서 있어
1993.09.26~10.02,32,55387,그녀의 아침,코나,그녀의 아침,1993.06.01,Dance,배영준,하얀 잠옷자락 가득 눈부신 햇살은  착한 그대 잠을 깨우지  두눈 가득 고인 낡은 졸음을 곱게 씻어 내지만  창너머 먼눈길 향기로운 바람에 보내는 미소는  아직도 꿈을 꾸는걸  새롭게 시작할수 있어 모든걸  그렇게 늦어버린건 아니지  마지막 남은 그대 여린 가슴을  이젠 가만히 흔들어 깨워봐  혼자 버려두긴 너무너무 아름다운  햇살에 손을 건네줘  이젠 아무느낌 받을수 없는  입술 가득 고인 치약향기는  이미 식어버린 커피잔처럼 너무 서늘하지만 창너머 먼눈길 향기로운 바람에 보내는 미소는  아직도 꿈을 꾸는걸  새롭게 시작할수 있어 모든걸  그렇게 늦어버린건 아니지  마지막 남은 그대 여린 가슴을  이젠 가만히 흔들어 깨워봐  혼자 버려두긴 너무너무 아름다운  햇살에 손을 건네줘
1993.09.26~10.02,33,108031,사랑하지 않을 거야,나현희,사랑을 위하여 OST,1993.03,Drama,,어딘가에 있는줄 알면서도  만날수 없는 현실이 싫어  왜 자꾸 눈물이 나는걸까  이제는 소용이 없는데  이렇게 끝날줄을 알았다면  시작도 하지 않았을텐데  이미 늦어버린 지금에  후회는 의미없는걸  앞으로 보내야할 시간이 두려워  견딜수 없이 길게만 느껴져  어떤 아픔이와도 참아야지  고통은 지나가는 순간일뿐  한번쯤 만나고 싶다는   생각들겠지  깊이 사랑하니까  하지만 혼자남는 법을 알때까지  다시 사랑하지 않을꺼야  앞으로 보내야할 시간이 두려워  견딜수 없이 길게만 느껴져  어떤 아픔이와도 참아야지  고통은 지나가는 순간일뿐  한번쯤 만나고 싶다는   생각들겠지  깊이 사랑하니까  하지만 혼자남는 법을 알때까지  다시 사랑하지 않을꺼야  한번쯤 만나고 싶다는  생각들겠지 깊이 사랑하니까 하지만 혼자남는 법을 알때까지 다시 사랑하지 않을꺼야
1993.09.26~10.02,34,91411,시련,손지창,시련,1993.09,Ballad,,날 그냥 내버려 둬 아무도 필요치 않아 나에겐 이미 너도 내 것이 아냐~ 아무 말 하지 마라 이제는 그 무슨 말로도 나를 위로할 수 없어 언젠간 알게 되겠지 널 위해 떠나는 걸 짐이 되긴 싫어 어제는 잊어 버려 더 이상 널 사랑하지 않아 뒤돌아 보진 마라 이대로 떠나가버려 힘들어도 참아야 해 나 혼자 슬퍼하면 돼 흐려진 너의 모습 뒤로  날 그냥 내버려 둬 아무도 필요치 않아 나에겐 이미 너도 내 것이 아냐~ 아무 말 하지 마라 이제는 그 무슨 말로도 나를 위로할 수 없어 언젠간 알게 되겠지 널 위해 떠나는 걸 짐이 되긴 싫어 어제는 잊어 버려 더 이상 널 사랑하지 않아 뒤돌아 보진 마라 이대로 떠나가버려 힘들어도 참아야 해 나 혼자 슬퍼하면 돼 흐려진 너의 모습 뒤로
1993.09.26~10.02,35,54414,난 멈추지 않는다,잼,Zam,1992,Dance,조진호,이제 모든걸 다시 시작해 내겐 아직도 시간이 있어 때론 상처가 좌절로 남아 돌이킬수 없는 후회도 하고  그러나 우리 잊어선 안돼 지금의 나는 내가 아닌걸 신문에 실려온 얘기들 헝클어진 우리들을 탓할순 없어  이제 모든걸 다시 시작해 이렇게 여기서 끝낼순 없어 내겐 아직도 시간이 있어 지금 이렇게 지금 멈출수는 없어  신문에 실려온 얘기들 헝클어진 우리들을 탓할순 없어  이제 모든걸 다시 시작해 이렇게 여기서 끝낼순 없어 내겐 아직도 시간이 있어 지금 이렇게 지금  나는 여기서 멈출순 없어 이제 모든걸 다시 시작해  나는 여기서 멈출순 없어 이제 모든걸 다시 시작해
1993.09.26~10.02,36,91395,그대 내게 다시,변진섭,변진섭 5,1992,Ballad,노영심,그대 내게 다시 돌아오려 하나요 내가 그댈 사랑하는지 알 수 없어 헤매이나요 맨 처음 그 때와 같을 순 없겠지만 겨울이 녹아 봄이 되듯이 내게 그냥 오면 되요 헤어졌던 순간은 긴 밤이라 생각해 그대 향한 내 마음 이렇게도 서성이는데 왜 망설이고 있나요 뒤돌아보지 말아요 우리 헤어졌던 날보다 만날 날이 더욱 서로 많은데  헤어졌던 순간은 긴 밤이라 생각해 그대 향한 내 마음 이렇게도 서성이는데 왜 망설이고 있나요 뒤돌아보지 말아요 우리 헤어졌던 날보다 만날 날이 더욱 서로 많은데 그대 내게 다시 돌아오려 하나요 지금 이대로의 모습으로 내게 그냥 오면 돼요
1993.09.26~10.02,37,55342,고개숙여 외로이 Ⅱ,이상우,체념,1993.04,Ballad,송재준,스치는 바람결에 느끼는 세상의 향기 내마음 울려오는 이세상 많은 목소리 다시 돌아서서 하늘을 보면 움직이지않는 달이 매일같이 떠있네 세상 모든 것이 정지해 버린 걸까 고개숙여 외로이 이길을 걷네 고개숙여 외로이 이길을 걷네 외로운 내마음에 스미는 정지한 달빛 아득히 들려오는 이세상 많은 목소리  언제나 그렇게만 될 모든 일들이 그 많은 아픔 속에서 잊혀지려나  다시 돌아서서 하늘을 보면 움직이지않는 달이 매일같이 떠있네 세상 모든 것이 정지해 버린 걸까 고개숙여 외로이 이길을 걷네 고개숙여 외로이 이길을 걷네 외로운 내마음에 스미는 정지한 달빛 아득히 들려오는 이세상 많은 목소리  언제나 그렇게만 될 모든 일들이 그 많은 아픔 속에서 잊혀지려나 언제나 그렇게만 될 모든 일들이 그 많은 아픔 속에서 잊혀지려나 언제나 그렇게만 될 모든 일들이 그 많은 아픔 속에서 잊혀지려나
1993.09.26~10.02,38,193014,먼 훗날,박정운,추억만들기 4,1999.03.01,Ballad,박정운,잊으려 잊으려 해도  잊을 수 없는 그 얼굴 지우려 지우려 해도  지울 수 없는 그 이름  이별을 아쉬워하며  나의 품에 안겨 고개 숙인 너 가슴 속 깊이 간직한  네게 하고 싶었던  그 한마디 남겨둔 채  돌아서는 슬픈 내 모습 뒤로 울먹이는 너를 느끼며 먼 훗날에 너를 다시 만나면 사랑했다 말을 할거야   때로는 외로움 속에 때로는 아쉬움 속에 세월이 흐른 어느 날 난 홀로 울고 말았지  이별을 아쉬워하며 나의 품에 안겨 흐느끼는 너 마음속 깊이 간직한  네게 하고 싶었던  그 한마디 말 못하고  돌아서는 슬픈 내 모습 뒤로 울먹이는 너를 느끼며 먼 훗날에 너를 다시 만나면 사랑했다 말을 할거야   돌아서는 슬픈 내 모습 뒤로 울먹이는 너를 느끼며 너는 나의 마음 알고 있을까 너를 진정 사랑했다고  먼 훗날에 너를 다시 만나면 사랑했다 말을 할거야 -
1993.09.26~10.02,39,106047,걸어서 하늘까지,장현철,걸어서 하늘까지 OST,1993.01.18,"Drama,Rock",,눈 내리는 밤은 언제나 참기 힘든 지난 추억이  가슴 깊은 곳에 숨겨둔 너를 생각하게 하는데  어둔 미로 속을 헤매던 과거에는  내가 살아가는 그 이유 몰랐지만  하루를 살 수 있었던 건 네가 있다는 그 것  너에게 모두 주고 싶어 너를 위하여  마지막 그 하나까지  말이 없이 살아가라고 아주 쉽게 충고하지만  세상사는 어떤 사람도 강요하지 못해 나에게  어둔 미로 속을 헤매던 과거에는  내가 살아가는 그 이유 몰랐지만  하루를 살 수 있었던 건 네가 있다는 그 것  너에게 모두 주고 싶어 너를 위하여  걸어서 저 하늘까지
1993.09.26~10.02,40,54230,변명,노이즈,Sound Shock,1992.11,Dance,김창환,이젠 너의 변명처럼 너는 나를 떠나겠지만 아무 말도 필요없잖아 이미 알고 있던 이별인걸 언제부터 너는 나에게 싫증을 느꼈었는지 난 이미 알고 있었지 너의 맘이 변했다는 걸 난 이제 너에게 변명은 듣기 싫어 너의 마음이 변했다는걸 알아 하지만 너에게 하고픈 말이 있어 짧은 만남이었지만 날 기억해줘 아무런 변명도 이젠 듣고 싶지 않아 짧았던 만남을 그냥 기억해줘 아무런 변명도 이젠 듣고 싶지 않아 짧았던 만남을 그냥 기억해줘 이제 네가 떠나버리면 나의 마음은 텅비겠지만 날 쉽게 잊을거라고 너무 빨리 말하지마 이제 와서 어떤 말로 날 위로하려 하는지 그건 너의 변명일뿐 너의 이유는 될 수 없어 떠나는 너에게 아무런 말 않을게 나를 사랑한 기억만을 잊지말어 이제와 너에게 어떤 말을 하겠니 그냥 너를 바라보며 보낼 수 밖에  1 2 3 DJ  이젠 너의 변명처럼 너는 나를 떠나겠지만 아무 말도 필요없잖아 이미 알고있던 이별인걸 언제부터 너는 나에게 싫증을 느꼈었는지 난 이미 알고 있었지 너의 맘이 변했다는 걸 아무런 변명도 이젠 듣고 싶지 않아 짧았던 만남을 그냥 기억해줘 아무런 변명도 이젠 듣고 싶지 않아 짧았던 만남을 그냥 기억해줘 이제 네가 떠나버리면 나의 마음은 텅비겠지만 날 쉽게 잊을거라고 너무 빨리 말하지마 이제와서 어떤 말로 날 위로하려 하는지 그건 너의 변명일뿐 너의 이유는 될 수 없어 난 이제 너에게 변명은 듣기 싫어 너의 마음이 변했다는걸 알아 하지만 너에게 하고픈 말이 있어 짧은 만남이었지만 날 기억해줘 떠나는 너에게 아무런 말 않을게 나를 사랑한 기억만은 잊지말어 이제와 너에게 어떤 말을 하겠니 그냥 너를 바라보며 보낼 수 밖에
1993.09.26~10.02,41,1104895,알 수 없는 질문들,봄여름가을겨울,I Photograph To Remember,1993.06.01,Rock,김종진,친구에게 전화 했지  늦은 밤이지만  마음 속 깊은 고민들  털어 놓고 싶어   알수가 없는 많은 고민들 속에  하루가 챗바퀴 돌듯 지나가네   서투른 웃음을 짓지마(짓지마)  눈물은 흘릴 수 없잖아(It's Lie)   찾지만 이룰 수 없는건  세상에 가득한 거짓말   그에게 편지가 왔지  힘든 하루지나  진실은 어느 곳에나  굴러다니더라   알수가 없는 많은 고민들 속에  하루가 챗바퀴 돌듯 지나가네   서투른 웃음을 짓지만(짓지만)  눈물은 흘릴 수 없쟎아(It's Lie)   찾지만 이룰 수 없는건  세상에 가득한 거짓말   세상을 아는 것 보다도  갈 수록 이해할 수 없어(It's True)
1993.09.26~10.02,42,56883,사랑이란 건,색종이,사랑이란 건/입학/친구로 남고 싶어,1994.03.01,Ballad,,사랑이란건 싫증나면 버리는 장난감이 아냐 아무런 느낌도 없는 표정 시간들 이젠 안녕 무스로 만든 머리에다 아슬한 옷차림에 똑같은 얼굴로 겉으로는 미소를 보내지만 겉모습에 가려 순수함을 알지 못하고 관심 없어지면 우리들은 쉽게 떠나지 사랑이란건 싫증나면 버리는 장난감이 아냐 아무런 느낌도 없는 표정 시간들 이젠 안녕  무스로 만든 머리에다 아슬한 옷차림에 똑같은 얼굴로 겉으로는 미소를 보내지만 겉모습에 가려 순수함을 알지 못하고 관심 없어지면 우리들은 쉽게 떠나지 사랑이란건 싫증나면 버리는 장난감이 아냐 아무런 느낌도 없는 표정 시간들 이젠 안녕  사랑이란건 싫증나면 버리는 장난감이 아냐 아무런 느낌도 없는 표정 시간들 이젠 안녕 사람들은 영웅을 말하기를 좋아합니다 영웅의 참모습을 모른채 겉모습만 흉내내려 합니다 학생들의 많은 과외수입 오렌지족의 문화 이기심에 찬 모습들 이런 것들에서 우리는 사랑의 참모습을 잃어가고 있는 건 아닐까요 지금의 우리들에게는 무엇보다도 진실한 사랑이 필요한 때입니다 사랑이란건 싫증나면 버리는 장난감이 아냐 아무런 느낌도 없는 표정 시간들 이젠 안녕 사랑이란건 싫증나면 버리는 장난감이 아냐
1993.09.26~10.02,43,54376,언젠가는,이상은,Darkness - 언젠가는,1993.01.01,Ballad,이상은,젊은 날엔 젊음을 모르고  사랑할땐 사랑이 보이지 않았네  하지만 이제 뒤돌아 보니  우리 젊고 서로 사랑을 했구나  눈물같은 시간의 강위에  떠내려가는건 한다발의 추억  그렇게 이제 뒤돌아 보니  젊음도 사랑도 아주 소중했구나  언젠가는 우리 다시 만나리  어디로 가는지 아무도 모르지만  언젠가는 우리 다시 만나리  헤어진 모습 이대로   젊은날엔 젊음을 잊었고  사랑할땐 사랑이 흔해만 보였네  하지만 이제 생각해 보니  우린 젊고 서로 사랑을 했구나  언젠가는 우리 다시 만나리  어디로 가는지 아무도 모르지만  언젠가는 우리 다시 만나리  헤어진 모습 이대로  언젠가는 우리 다시 만나리  어디로 가는지 아무도 모르지만  언젠가는 우리 다시 만나리  헤어진 모습 이대로
1993.09.26~10.02,45,50511,알수 없는 이별,양수경,알수 없는 이별/한번 더 생각해봐요,1992.09.15,Ballad,김학래,이제와 생각해 보면 아쉬운 사람이였네 떠나가는 그댈 날위해 잊는다지만 어쩌면 내 가슴속엔 그대의 사랑은 남아 고개숙인 나의 슬픔만 더욱 울리네 하지만 이별은 싫어요 나를 다시 바라봐요 그대가 떠난 그 내모습 자신없어요 하염없이 흘러 내리는 후회같은 아픔 때문에 떠나려는 그댈 한번더 불러보지만 우리 다시 생각해봐요 그대 사랑 남아 있다면 알수없는 나의 이별은 멈춰주세요  하지만 이별은 싫어요 나를 다시 바라봐요 그대가 떠난 그 내모습 자신없어요 하염없이 흘러 내리는 후회같은 아픔 때문에 떠나려는 그댈 한번더 불러보지만 우리 다시 생각해봐요 그대 사랑 남아있다면 알수없는 나의 이별은 멈춰주세요 우리 다시 생각해봐요 그대 사랑 남아있다면 알수없는 나의 이별은 멈춰주세요
1993.09.26~10.02,46,55486,아픈 기억속에서,이덕진,Live The Stage,1993.09.01,Rock,배종수,가녀린 부유함도 없는 내노래가 위로가 되지는 않을까 멍울진 너의 여린 마음에 우 내게도 허락이 된 작고 좁은 하늘 그 곳에 내 슬픔 묻어 따스한 여운이 되줄께 우 아픈 기억속에 난 너를 만났고 그때 나보다 더 힘겹던 네 모습 우 마음으로 수십번 세상 버려도 널 보며 나는 다시 일어섰는데 소담스런 오후의 아이들처럼 너도 이젠 웃을 수 없나  내게도 허락이 된 작고 좁은 하늘 그 곳에 내 슬픔 묻어 따스한 여운이 되줄께 우 아픈 기억속에 난 너를 만났고 그때 나보다 더 힘겹던 네 모습 우 마음으로 수십번 세상 버려도 널 보며 나는 다시 일어섰는데 소담스런 오후의 아이들처럼 너도 이젠 웃을 수 없나
1993.09.26~10.02,47,3622706,아라비안 나이트,김준선,`90 KBS 대학가요축제,1995.11.15,Ballad,김준선,이토록 뛰는 가슴 그때는 몰랐었네 내 마음에 꿈을 심은 환상의 아라비안 나이트 어제는 잊어버려 오늘을 사랑하네 내 마음에 꿈을 심은 환상의 아라비안 나이트 어느덧 세월은 흘러 한동안 꿈을 잃어 버렸네 그러나 이제는 돌아와 행복한 옛날로 또 또 히야오와 히야오와 히야오와 예 히야오와 히야오와 히야오와 예 그건 언제나 나의 꿈 그건 언제나 나의 꿈 불타는 태양 밑에 울부짖는 사하라 내 마음에 꿈을 펼친 그것은 아라비안 나이트 아라비아 음악에 젖어서 이리 저리 춤도 추어보고 나는 또 바이킹이 되어서 푸른 바다에 나가 히야오와 히야오와 히야오와 예 히야오와 히야오와 히야오와 예 그건 언제나 나의 꿈 그건 언제나 나의 꿈 불타는 태양 밑에 울부짖는 사하라 내 마음에 꿈을 펼친 그것은 아라비안 나이트 내 마음에 꿈을 펼친 그것은 아라비안 나이트
1993.09.26~10.02,48,54974,햄,김승기,Chanel No.25,1992.09.01,Ballad,김승기,네가 떠나는 날 난 생각했지 비 바람이 몰아쳐 비행기가 못 뜨기를 그건 슬픈 기대였어 미래의 꿈을 따라 넌 떠나 버렸으니 지금 내게 남은 건 불 확실한 미래와 널 향한 그리움 뿐 내안에 있는 그대 내 곁엔 없어 늘 내게 꿈과 사랑함을 준 그대 하늘 위 저 바다로 구름배 타고 내 시린 빈 손 따뜻하게 잡던 그대 우리 만남에서 헤어짐은 그리 멀지 않더니 헤어진 후 만남까진 왜 이다지 먼건지 하늘은 알고 있겠지 이 땅 위의 슬픔을 또 지금의 우리에게 다가오는 내일을 언젠가 내 품에 안길 그 날을 난 매일 꿈꾸며 잠시라도 그댈 잊고 지내지 않아요 그대를 부름과 기다림 내 생활의 일부가 되어 보이지 않는 사랑의 끈을 난 오늘도 그대에게로  너는 내게 늘 기다려진 사람으로 남는데 나는 네게 잊혀진 얼굴이 되어있는건 아닐까 우리 만남에서 헤어짐은 그리 멀지 않더니 헤어진 후 만남까진 왜 이다지 먼건지 하늘은 알고 있겠지 이 땅 위의 슬픔을 또 지금의 우리에게 다가오는 내일을 언젠가 내 품에 안길 그 날을 난 매일 꿈 꾸며 잠시라도 그댈 잊고 지내지 않아요 그대를 부름과 기다림 내 생활의 일부가 되어 보이지 않는 사랑의 끈을 난 오늘도 그대에게로  너를 그리는 나의 마음도 붉은 노을이 되어 묻혀가고 너를 찾는 나의 외로움이 하늘을 가득 채우고 또 채우고 있네
1993.09.26~10.02,49,55252,예감햇던 이별,탁이준이,탁2준2,1993.05,Dance,,귓가를 스치는 저 노래말 조차 내 얘긴듯 한데 워 이렇게 찾아든 너의 생각을 지울순 없었지 워 더이상 이렇게 아파할순 없어 그대여 내게로 돌아와줘 뚜뚜뚜뚜 뚜듬 뚜뚜뚜뚜 뚜듬 뚜뚜뚜뚜 뚜듬 듬듬뚜뚜 예 뚜뚜뚜뚜 뚜듬 뚜뚜뚜뚜 뚜듬 뚜뚜뚜뚜 뚜듬 듬듬뚜뚜 내맘속에 그런 미소만이 남아 있는건 그때는 알수 없는 너에 대한 소중함인가 아직 이런 나의 마음들이 남아 있기에 가끔씩 파고드는 너에 대한 이런저런 나의 모든 얘기 워 이렇게 찾아드는 너의 지난날의 모습들이 나만의 나만의 아픔으로 내맘속에 다가오고 나 너만을 항상 잊을수는 없었기에 모두 다 모두 다 찾고 싶어 잃어버린 시간 하 잊으려 애써봐도 내맘에 남아있는 그대를 멀어질 널 이렇게 떠올리면 어느새 내눈가엔 눈물이 너와 나의 예감했던 이별 되돌릴순 없게 됐지만 지난날 너의 모습으로 돌아올순 없겠니 무엇도 내속에 너를 안고 있는 마음까지 바꿀수 없을거야 더이상은 변치 않아 넌 수많은 만남속에 헤메이고 있겠지만 너와 나의 기억 지울수는 없을거야 아무런 아무런 관심없는 표정 짓지마 네곁에 서성대는 날 향한 그 미련들 이제는 이제는 난 네마음이 더 중요해 내게 돌아와 그대여 이젠 애써 나를 잊으려 하지마 난 그대를 떠나갈순 없어 그대여 이젠 애써 나를 떠나려 하지마 난 그대를 혼자 둘수는 없어  뚜뚜뚜뚜 뚜듬 뚜뚜뚜뚜 뚜듬 뚜뚜뚜뚜 뚜듬 듬듬뚜뚜 예 뚜뚜뚜뚜 뚜듬 뚜뚜뚜뚜 뚜듬 뚜뚜뚜뚜 뚜듬 듬듬뚜뚜 너와 나의 예감했던 이별 되돌릴순 없게 됐지만 지난날 너의 모습으로 돌아올순 없겠니 그대여 이젠 애써 나를 잊으려 하지마 난 그대를 떠나갈수는 없어 그대여 이젠 애써 나를 떠나려 하지마 난 그대를 혼자 둘수는 없어
1993.09.26~10.02,50,56115,모두 출근후에,Heavy`s,헤비스-노가바,1993,Ballad,,
