time,rank,song_id,title,singers,album,date,genre,creator,lyric
1994.11.13~11.19,1,61829,마법의 성,더클래식,마법의 성,1994.07,Ballad,김광진,믿을 수 있나요 나의 꿈 속에서  너는 마법에 빠진 공주란걸  언제나 너를 향한 몸짓엔  수많은 어려움 뿐이지만   그러나 언제나 굳은 다짐 뿐이죠  다시 너를 구하고 말거라고  두 손을 모아 기도했죠  끝 없는 용기와 지혤 달라고   마법의 성을 지나 늪을 건너  어둠의 동굴 속 멀리 그대가 보여  이제 나의 손을 잡아보아요  우리의 몸이 떠오르는 것을 느끼죠   자유롭게 저 하늘을  날아가도 놀라지 말아요  우리 앞에 펼쳐질 세상이  너무나 소중해 함께라면   마법의 성을 지나 늪을 건너  어둠의 동굴 속 멀리 그대가 보여  이제 나의 손을 잡아보아요  우리의 몸이 떠오르는 것을 느끼죠   자유롭게 저 하늘을  날아가도 놀라지 말아요  우리 앞에 펼쳐질 세상이  너무나 소중해 함께 있다면 -
1994.11.13~11.19,2,59448,늪,조관우,My First Story,1994.10.01,Ballad,하광훈,내가 그녀를  처음 본 순간에도 이미 그녀는  다른 남자의 아내였었지 하지만 그건  내게 별로 중요하지 않았어 왜냐하면 진정한 사랑은 언제나 상상속에서만 가능한 법이니까 난 멈출수가 없었어 이미 내 영혼은 그녀의 곁을  맴돌고 있었기 때문에 가려진 커텐 틈 사이로  처음 그댈 보았지 순간 모든 것이 멈춘 듯했고 가슴엔 사랑이 꿈이라도 좋겠어  느낄수만 있다면 우연처럼 그댈 마주치는 순간이  내겐 전부였지만 멈출수가 없었어 그땐  돌아서야 하는 것도 알아 기다림에 익숙해진  내 모습뒤엔 언제나 눈물이 까맣게 타버린 가슴엔  꽃이 피질 않겠지 굳게 닫혀버린  내 가슴속엔 차가운 바람이 꿈이라도 좋겠어 그댈  느낄수만 있다면 우연처럼 그댈 마주치는 순간이 내겐 전부였지만 멈출수가 없었어 그땐  돌아서야 하는 것도 알아 기다림에 익숙해진 내 모습뒤엔 언제나 눈물이 흐르고 있어 오늘 밤 내 방엔 이미 늦은 파티가 열렸지 늪에 빠진 거야 그대를 위해 준비한 추억조차 내겐 없었지 꽃은 어느새 시들고  이별까지도 술잔을 비우며 힘 없이 웃었지  아무도 모른채 또 다시 상상속으로  그댈 초대하는 거야
1994.11.13~11.19,3,58937,그 후로 오랫동안,신승훈,그 후로 오랫동안...,1994.09.01,Ballad,신승훈,우연인지 몰라도 네가 눈물 흘릴 때마다 하늘에선 비가 내렸어 익숙해져버린 난 그냥 너의 슬픈 눈을 보면서 차가운 한마디 울지마 하지만 이제 나도 그때처럼 비가 내리면 눈물을 흘리고 있어 내게 너무나도 소중한 네가 내 곁에 없다는 이유로 난 비와 함께 울고 있었던 거야 그 후로 오랫동안 비가 왔어 내리는 비만큼 나도 울었어 하지만 더 견딜 수가 없는 건 어디선가 너도 나처럼 울고 있다는 생각에 하늘이여 나를 도와줘 그렇게 울고 있지 말고 내 님이 있는 곳 너는 쉽게 알 수 있잖아 내가 살아있는 동안에 한번만이라도 그대를 우연일지라도 너를 믿을게 너의 눈물 맞으며  그 후로 오랫동안 비가 왔어 내리는 비만큼 나도 울었어 하지만 더 견딜 수가 없는 건 어디선가 너도 나처럼 울고 있다는 생각에 하늘이여 나를 도와줘 그렇게 울고 있지 말고 내 님이 있는 곳 너는 쉽게 알 수 있잖아 내가 살아있는 동안에 한번만이라도 그대를 우연일지라도 너를 믿을게 너의 눈물 맞으며
1994.11.13~11.19,4,61500,기억의 습작,전람회,Exhibition,1994.05,Ballad,김동률,이젠 버틸 수 없다고  휑한 웃음으로 내 어깨 기대어   눈을 감았지만   이젠 말할 수 있는 걸  너의 슬픈 눈빛이 나의 마음을   아프게 하는 걸   나에게 말해 봐   너의 마음 속으로   들어가 볼 수만 있다면   철없던 나의 모습이 얼만큼   의미가 될 수 있는지  많은 날이 지나고 너의 마음   지쳐갈 때   내 마음속으로 쓰러져가는   너의 기억이  다시 찾아와 생각이 나겠지  너무 커버린 미래의   그 꿈들 속으로   잊혀져 가는 나의 기억이   다시 생각날까  너의 마음 속으로   들어가 볼 수만 있다면   철없던 나의 모습이 얼만큼   의미가 될 수 있는지  많은 날이 지나고 너의 마음   지쳐갈 때   내 마음속으로 쓰러져가는   너의 기억이  다시 찾아와 생각이 나겠지  너무 커버린 내 미래의   그 꿈들 속으로   잊혀져 가는 나의 기억이   다시 생각날까    많은 날이 지나고
1994.11.13~11.19,5,524811,남겨진 독백,김종서,김종서 Gold,1996,Rock,,새벽을 지나 잿빛 거리로 차가운 바람이 불때면 그 바람에 묻은 너의 목소리 조금씩 조금씩 들려 창문 너머로 멀어진 별빛 아직 남은 어둠 사이로 언제나 그렇게 날 바라보며 말없이 웃고만 있지 눈물같은 한숨이 비가 되어 내리고 이 어둠이 다 지나가 아침이 내게로 와도 또 다른 그 어느 세상에 다시 널 보리  창문 너머로 멀어진 별빛 아직 남은 어둠 사이로 언제나 그렇게 날 바라보며 말없이 웃고만 있지 눈물같은 한숨이 비가 되어 내리고 이 어둠이 다 지나가 아침이 내게로 와도 또 다른 그 어느 세상에 다시 널 보리 이 어둠이 다 지나가 아침이 내게로 와도 또 다른 그 어느 세상에 다시 널 보리
1994.11.13~11.19,6,61798,W.H.I.T.E.,화이트,W.H.I.T.E. 1집,1994.09.01,Ballad,유영석,램프의 요정을 따라서 오즈의 성을 찾아나서는 모험의 꿈을 타고 무지개를 건너 베일에 싸인 마녀조차 얻지 못한 신비의 힘으로 마법에 묶인 사람들 자유롭게 해 Why don't you make your dreams come true When you were younger and you thought all things were possible Of course when I was younger I was navie now I'm older Why do you feel that way whenever you do make a wish for your dreams to come true Please make my dreams come true Yes way to go 날지 못하는 피터팬 웬디 두 팔을 하늘 높이 마음엔 행복한 순간만이 가득 Oh! ideal taste of enjoyment 저 구름 위로 동화의 나라 닫힌 성문을 열면 간절한 소망의 힘 그 하나로 다 이룰 수 있어  짙게 드리운 안개숲도 주문으로 숨쉬는 섬에도 아름다운 미래의 꿈 펼쳐지게 해 Have you ever heard of the story about the black hearted prince and the wicked Cinderella No I haven't it is a story I can't even imagined believe Why can't you believe it could be true Just maybe it is a story of you and I Yes now I see the truth Yes maybe you do 알고 싶지 않은 건 모두 다 저 넓은 하늘 높이 마음엔 행복한 순간만이 가득 Oh! ideal taste of enjoyment 저 구름 위로 동화의 나라 닫힌 성문을 열면 간절한 소망의 힘 그 하나로 다 이룰 수 있어 날지 못하는 피터팬 웬디 두 팔을 하늘 높이 마음엔 행복한 순간만이 가득 Oh! ideal taste of enjoyment 저 구름 위로 동화의 나라 닫힌 성문을 열면 간절한 소망의 힘 그 하나로 다 이룰 수 있어 있어 있어
1994.11.13~11.19,7,851719,서시,신성우,서시,1994.07.01,Rock,"신성우,이근상,이근형",해가 지기전에 가려했지   너와 내가 있던 그 언덕   풍경속에   아주 키작은 그 마음으로   세상을 꿈꾸고 그리며   말했던 곳   이제 여행을 떠나야 하는   소중한 내 친구여    때론 다투기도 많이 했지   서로 알수없는 오해의 조각들로   하지만 멋쩍은 미소만으로   너는 내가 되고 나도 니가 될수   있었던 수많은 기억들   내가 항상 여기 서 있을께   걷다가 지친 네가 나를   볼수 있게   저기 저 별위에 그릴거야   내가 널 사랑하는 마음   볼수 있게    우 너는 내가 되고 나도  니가 될수 있었던  수많은 기억들  내가 항상 여기 서있을께  걷다가 지친 니가 나를  볼수 있게  저기 저 별위에 그릴거야  내가 널 사랑하는 마음  볼수 있게  내가 항상 여기 서있을께  걷다가 지친 니가 나를  볼수 있게  저기 저 별위에 그릴거야  내가 널 사랑하는 마음  볼수 있게 예
1994.11.13~11.19,8,59078,시작되는 연인들을 위해,이원진,이원진,1994.01,Ballad,채정은,네가 아침에 눈을 떠 처음 생각나는 사람이  언제나 나였으면 내가 늘 그렇듯이  좋은것을 대할때면 함께 나누고픈 사람도  그역시 나였으면 너도 떠날테지만  그래 알고있어 지금 너에게  사랑은 피해야 할 두려움이란 걸  불안한듯 넌 물었지 사랑이 짙어지면  슬픔이 되는걸 아느냐고  하지만 넌 모른거야 뜻모를 그 슬픔이  때론 살아가는 힘이 되어주는 걸   네가 힘들어 지칠때 위로받고 싶은 사람이  바로 내가 됐으면 내가 늘그렇듯이  너의 실수도 따뜻이 안아줄거라 믿는 사람  바로 내가 됐으면 너도 떠날테지만  그래 알고있어 지금 너에게  사랑은 피해야할 두려움이란걸  불안한듯 넌 물었지 사랑이 짙어지면  슬픔이 되는걸 아는냐고  하지만 넌 모른거야 뜻모를 그 슬픔이  때론 살아가는 힘이 되어주는 걸  이제는 걱정하지마 한땐 나도 너만큼  두려워 한적도 많았으니  조금씩 너를 보여줘 숨기려하지 말고  내가 가까이 설수 있도록
1994.11.13~11.19,10,58966,짧은 다짐,김원준,김원준 3,1994.10.01,Dance,김원준,이제는 너를 잊겠다는 다짐 속에 묻혀진 내 모습  얼마나 초라한지 나도 이제 알아  다시금 어둠이 내곁에 다가올 때쯤  내 자신에게서 멀어질 거야 짧은 다짐과 함께  가끔씩 싫증내는 표정 내겐 부담스러웠어  그리고 형식적인 대답 또한 싫었어  또 한번 다가선 이별은 항상 내 몫이야  어쨌든 다른 사람을 선택했으니까  단지 너를 내게 보여줘 더 이상도 바라지 않아  그 무엇도 내겐 필요 없어 이제는 너를 잊겠다는 다짐 속에 묻혀진 내 모습  얼마나 초라한지 나도 이제 알아  다시금 어둠이 내곁에 다가올 때쯤  내 자신에게서 멀어질 거야 짧은 다짐과 함께   단지 너를 내게 보여줘 더 이상도 바라지 않아  그 무엇도 내겐 필요 없어 이제는 너를 잊겠다는 다짐 속에 묻혀진 내 모습  얼마나 초라한지 나도 이제 알아  다시금 어둠이 내곁에 다가올 때쯤  내 자신에게서 멀어질 거야 짧은 다짐과 함께  이제는 너를 잊겠다는 다짐 속에 묻혀진 내 모습  얼마나 초라한지 나도 이제 알아  다시금 어둠이 내곁에 다가올 때쯤  내 자신에게서 멀어질 거야 짧은 다짐과 함께
1994.11.13~11.19,11,37036,난 너에게,민들레,민들레,1994.04,Folk,강영호,나 너에게 할말이 있어 그대에겐 아직 표현 못했지만 나 그대만을 사랑하고 있어 얘기할 기회 내게 줘 그대 내게 단 한번이라도 사랑으로 대한 적 있었나요 그대도 나를 사랑하고 있다면 얘기할 기횔 내게 줘 하지만 그대 나를 보려  하지 않아 항상 내 주위를 돌며  나를 어렵게만 해 가끔은 나에게 흘린  미소라도 좋아 널 지킬수 있게 내게 용기를 줘 나 너에게 사랑한다 말을  하고 싶어 날 믿어줘 아직 너를  포기할 수 없어 날 돌아봐줘 슬픈  눈물 흘리기엔 난 아직 그댈 너무 사랑하니까 하지만 그대 나를 보려  하지 않아 항상 내 주위를 돌며 나를  어렵게만 해 가끔은 나에게 흘린  미소라도 좋아 널 지킬수 있게 내게 용기를 줘 나 너에게 사랑한다 말을  하고 싶어 날 믿어줘 아직 너를  포기할 수 없어 날 돌아봐줘 슬픈 눈물 흘리기엔 난 아직 그댈 너무 사랑하니까
1994.11.13~11.19,12,91470,발해를 꿈꾸며,서태지와아이들,3집 - 발해를 꿈꾸며,1994.08.08,Rock,서태지,진정 나에겐 단 한가지 내가 소망하는 게 있어 갈려진 땅의 친구들을 언제쯤 볼 수가 있을까 망설일 시간에 우리를 잃어요 한 민족인 형제인 우리가  서로를 겨누고 있고 우리가 만든 큰 욕심에  내가 먼저 죽는걸 진정 너는 알고는 있나  전 인류가 살고 죽고 처절한 그날을 잊었던 건  아니었겠지 우리 몸을 반을 가른 채 현실 없이 살아갈건가 치유할 수 없는 아픔에 절규하는 우릴 지켜줘 시원스레 맘의 문을 열고 우리와 나갈 길을 찾아요 더 행복할 미래가 있어 우리에겐 언젠가 나의 작은 땅에 경계선이 사라지는 날 많은 사람이 마음속에 희망들을 가득 담겠지 난 지금 평화와 사랑을 바래요 젊은 우리 힘들이 모이면  세상을 흔들수 있고 우리가 서로 손을 잡은  것으로 큰 힘인데 우리 몸을 반을 가른채 현실없이 살아갈건가 치유할수 없는 아픔에 절규하는 우릴 지켜줘 갈수 없는 길에 뿌려진 천만인의 눈물이 있어 워 나에겐 갈수도 볼 수도 없는가 저 하늘로 자유롭게 저 새들과 함께 날고 싶어 우리들이 항상 바라는것 서로가 웃고 돕고 사는것 이젠 함께 하나를 보며 나가요
1994.11.13~11.19,13,38757,넌 할 수 있어,강산에,나는 사춘기,1994,Rock,"강산에,나비",후회하고 있다면  깨끗이 잊어버려   가위로 오려낸 것처럼  다 지난 일이야   후회하진 않는다면  소중하게 간직해   언젠가 웃으며  말할 수 있을 때까지   너를 둘러싼  그 모든 이유가   견딜수 없이  너무 힘들다해도  너라면 할 수 있을거야  할 수가 있어  그게 바로 너야   굴하지 않는 보석같은  마음 있으니   어려워마 두려워마  아무것도 아니야   천천히 눈을감고  다시 생각해 보는 거야   세상이 너를  무릎 꿇게 하여도   당당히 네 꿈을  펼쳐 보여줘  너라면 할 수 있을꺼야  할수가 있어  그게 바로 너야  굴하지 않는 보석같은  마음있으니  할수 있을꺼야  할수가 있어  그게 바로 너야  굴하지 않는 보석같은  마음있으니  굴하지 않는 보석같은 마음있으니
1994.11.13~11.19,14,60807,이유같지 않은 이유,박미경,이유같지 않은 이유,1994.10.14,Dance,김창환,아무것도 필요없어 니가 나를 떠나려한다면  나를 사랑했단 말도 모두 연극처럼 느낄뿐야  마음이 변했다면 이유를 대지마~~예  내가 싫어진걸 난 알고있어  가식적인 말로 나를 위로하려고 하지마  이젠 기대하지않아  너의곁엔 다른 얼굴 다른모습 뿐야  다시는 나도 돌아가지 않아 너를위해 더이상 난  슬퍼지긴 싫어  무슨말을 하는거야 나는 너를 이해할수 없어  이유같지 않은 이유로 나를 설득하려고하지마  이젠 내맘속엔 너의 자린 없어...~~예  모두 버린거야 지금까지  내게 남겨진 슬픈 사랑의 모든 기억들  이젠 기대하지않아 너의곁엔 다른얼굴 다른모습뿐야  다시는 나도 돌아가지 않아 너를 위해 더이상 난  슬퍼지긴 싫어   이젠 기대하지않아  너의곁엔 다른얼굴 다른 모습뿐야  다시는 나도 돌아가지않아  너를 위해 더이상 난 슬퍼지긴싫어   이젠 기대하지않아  너의곁엔 다른얼굴 다른 모습뿐야  다시는 나도 돌아가지않아 너를 위해 더이상 난 슬퍼지긴싫어  빠밤~~~~
1994.11.13~11.19,15,1675361,떠나버려!,듀스,Rhythm Light Beat Black,1994.09.09,Rap / Hip-hop,이현도,달콤한 사랑만을 말해 주던 니가 지금은 너무쓴 이별을 줘 버렸어 가슴이 아파 또 마음이 아파 또 이게 바로 너였다니 머리가 아파 내가 사랑했던 사람은 지금의 넌 아냐 비열한 거짓말만을 하는 니가 아냐 배신당한 내 마음을 지금에 넌 아냐  한때는 이제 내가 어떡해야하나 친구들을 불러놓고 앞에 앉혀놓고 묻기도 했어 또 울기도 했어 또 남 앞에선 태연한 척 웃기도 했어 이제 그런 위선은 더 이상 안 할거야 이런 바보 같은 사랑도 난 안할꺼야 저리비켜 저리치워 집어치워 나는 지워버릴거야 너의 기억을 나는 너를 널 지워버릴꺼야 더 이상의 미련은 없어 나는 다른 사람을 찾을꺼야 이젠 나를 위해  의심보다 관심을 더 너에게 쏟았던 나 관심보다 변심을 나에게 주고만 너 나는 안됐어 또 너는 못됐어 우린 남들처럼 끝나버린 사랑이 됐어 이런 책임이 너에게 전부 있다고는 나 말하지 않겠어 원망하지도 않겠어 너보다 더 좋은 사람을 만나는 게 지금 나의 일일 뿐이야 나는 너를 널 지워버릴꺼야 더 이상의 미련은 없어 나는 다른 사람을 찾을꺼야 이젠 나를 위해  너의 마음만 내게서 떠나간게 아냐 나도 이제 니가 너무 싫어졌으니까 가슴아픈 이별에서 벗어나게 된 거야 어떤 해방감마저 느껴지는거 지금은 날 떠나간 니가 너무 고마워 세상에는 멋진 사람 얼마든지 많다는 걸 너로 인해 배웠으니까 두번 다시는 널 찾지않겠어
1994.11.13~11.19,16,91487,날 떠나지마,박진영,Blue City,1994.09,Dance,"서윤정,박진영",멀어지는 너의 모습은 나의 눈물속에서 점점 더 번져가고 작아지는 널 느낄 수록 내마음속에서 넌 커져가고 하지만 난 괜찮아 내사랑이 떠나는 널 다시 내게 돌려줄걸 난 알아 난알아 날 떠나지마 가는 널 볼수가 없어 넌 떠나지만 난 뒷모습만 보며 서있어 다시 한번 말하지만 제발 날 떠나지마 내 사랑이 너의 오는 길을 비춰줄거야 oh baby 희미해진 너를 보면서 나의 그리움들은 커져가고 하지만 난 괜찮아 내 사랑이 떠나는 널 다시 내게 돌려줄걸 난 알아 난 알아 날 떠나지마 가는 널 볼수가 없어 넌 떠나지만 난 뒷모습만 보며 서있어 다시 한번 말하지만 제발 날 떠나지마 내 사랑이 너의 오는 길을 비춰줄거야 날 떠나지마 가는 널 볼수가 없어 넌 떠나지만 난 뒷모습만 보며 서있어 다시 한번 말하지만 제발 날 떠나지마 내 사랑이 너의 오는 길을 비춰줄거야 oh baby
1994.11.13~11.19,17,32611,비밀은 없어,룰라,Roo`ra Best Album,1997.04.01,Dance,박선만,우우 정말이야 이제 그대에게 비밀은 없어 우우 알고 있지 사랑한단 말은 안해도 처음 본 그날처럼 우린 아무말 없었지만 우우우우우 설레임에 바라보네 정말이야 이제 그대에게 비밀은 없어 오오우 그대 지난 날을 생각해 때론 다투고 전화도 없었지만 작은 사랑과 기쁨에 우린 즐거웠지 정말이야 이제 그대에게 비밀은 없어 그대 그리움에 흔린 눈물 또한 그대에게 밝힐 수 없는 나의 비밀 꿈이라도 그대에게 밝혀봤어 아름다운 추억이라 그댈 기억했어 지금부터 언제까지 그대 하나만을 또 사랑하게 될지 몰라 지금보는 내 마음은 어디부터 어디까지 그대만을 사랑할지 그대만의 비밀이야 우우 우우 정말이야 이제 아무런 비밀은 없어 우우 알고 있지 사랑한단 말은 안해도 토라져 돌아서면 우린 아무말 없었지만 우우우우우 어떻하나 내마음은 정말이야 이제 아무런 비밀은 없어 오오우 그대 지난날을 생각해 함께있다면 어디든 상관없어 커피한잔에 우린 정말 행복했지 우우 이제까지 널 생각해 보니 나를 속인걸 사과하려 하지만 넌 그런 생각은 안해도 돼 왜냐하면 나에겐 너뿐이란걸 이제 깨달아 생각했어 그건 바로 나만에 간직한 비밀이야 오오우 그대 처음 본 그날처럼 그대 내 곁에 있다면 얼마나 행복할까 오오우 그대 처음 본 그날처럼 설레임에 내마음 그대를 생각하네 우우우
1994.11.13~11.19,18,1722639,학창시절,이현석,학창시절,1994.08.29,Rock,이현석,무거운 가방을 어깨에 둘러매고 피곤한 눈으로 등교하면 수업은 왜 그렇게 많이 있는지 든든한 아침을 먹고온지 몇시간  지나지 않았는데 왜 그렇게 뱃속이 허전해 지는걸까 가끔은 무거운 눈을 참기가 힘들어 나도 몰래 꿈속으로 가 무서운 선생님의 꾸중으로 힘든 하루 보냈지 그래 그때는 몰랐었지만 너무나 아름다운 추억들 다시 돌아갈수 없는 학창시절을 나는 사랑할거야 너무나 많은걸 배우기에 제대로  이해하지 못하고 있는데도 시험은 왜 그렇게 많이 보는지 특별히 잘못한게 없는데도 왜 그리 선배들 앞으로 지나갈때면 항상 겁이 났을까 흘리던 땀을 식혀주던 책받침엔 예쁜 배우들이 웃지만 밤새워 끝낸 숙제들은 모두 어디 가버린걸까 그래 그때는 몰랐었지만 너무나 아름다운 추억들 다시 돌아갈수없는 학창시절을 나는 사랑할거야  그래 그때는 몰랐었지만 너무나 아름다운 추억들 다시 돌아갈수없는 학창시절을 나는 사랑할거야 그래 그때는 몰랐었지만 너무나 아름다운 추억들 다시 돌아갈수없는 학창시절을 나는 사랑할거야
1994.11.13~11.19,19,62022,새로운 느낌,뮤,Mue,1994.10,Dance,조진호,난 너의 그런 표현이 싫었어  언제나 뚜렷한 표현이   중요한거야  그건 우리들의 특징이 아니겠니  적어도 사랑이란 말을 논한다면  어쨌든 너에게 변화가  있어야 하지  조금은 신선한 세련된 느낌으로  때로는 엉뚱하게  사랑한단 말도 한번 해보고  때론 아주 무섭게 다가와 하이야  전화를 걸면 넌 언제나  매일 똑같은 얘기속에 나를찾고  내가 전화 할 때면  너는 항상 잠에 취해  난 알 수 없어 너의 그 모든걸  왠지 모르게 순수해 보이긴해도  생각해보면 넌 멍청해  때로는 엉뚱하게  사랑한단 말도 한번 해보고  때론 아주 무섭게 다가와 하이야  유행이 지난 얘기들을  아주 재미있는 얘기처럼  흥분하며 이건 웃어야 할지 울어야 할지 고민만 하다가 나는 웃고 말았어 전화를 걸면 넌 언제나 매일 똑같은 얘기속에 나를찾고 내가 전화 할 때면 너는 항상 잠에 취한 목소리로 1 2 3 4 유행이 지난 얘기들을 아주 재미있는 얘기처럼  흥분하며 이건 웃어야 할지 울어야 할지 고민만 하다가 웃곤하지
1994.11.13~11.19,20,38890,아름다운 너에게,강수지,강수지5,1994.06,Ballad,강수지,지난 눈물 모두 묻어버리고 아무 일도 없는 듯 떠나가라 했지 너의 아름다운 기억만으로 살아가기엔 너무 힘들어  추억은 잊으라는데 나는  무얼 잊어야 하는건지 내게는 아직 어려운 얘기인걸 다시 예전처럼 우리가 만날 수 있다 해도 그 무엇도 달라질 수는 없어  많은 것을 원하는 약속은 싫어 외로움만 더한걸  너의 아름다운 기억만으로 살아가기엔 너무 힘들어  추억은 잊으라는데 나는  무얼 잊어야 하는건지 내게는 아직 어려운 얘기인걸 다시 예전처럼 우리가 만날 수 있다 해도 그 무엇도 달라질 수는 없어  많은 것을 원하는 약속은 싫어 외로움만 더한걸  다시 예전처럼 우리가 만날 수 있다 해도 그 무엇도 달라질 수는 없어  많은 것을 원하는 약속은 싫어 외로움만 더한걸
1994.11.13~11.19,21,1659821,용서,이희진,또다른 기쁨,1994.09.01,Ballad,,이젠 지워졌나  널 원한 죄로 여러번  머리 숙여야 했던  나 오늘도 널  허락하려 한다  나나나나  취해 널 보던 밤  내 마음대로 말하고  안아 버리려 했던  나 오늘 또  지처하는 널  허락하려 한다  나나나나  이런 일  스쳐가는 것처럼  비난없이  숨겨지진 않겠지만  잘못이 될 수는 없다고  너의 그녀에게  나 용서를 바래  주저 하지마  주저 하지마  두루루 루루 루 루루  거절 하지마  거절 하지마  나나나나나  이런 일  스쳐가는 것처럼  비난없이  숨겨지진 않겠지만  잘못이 될 수는 없다고  너의 그녀에게  나 용서를 바래  주저 하지마  주저 하지마  두루루 루루 루루루  거절 하지마  거절 하지마 주저 하지마  거절 하지마
1994.11.13~11.19,22,2348373,텅빈 객석,Mr.2,Mr.2 Vol.II,1994,Ballad,한경애,모두 떠나버린 뒤 텅빈객석을 보면
1994.11.13~11.19,23,58835,새처럼 자유롭게,장종환,장종환ㆍ2,1994.09,Rock,최수정,어둠속에 혼자라도 이젠 나는 외롭지가 않아 내게 기대 잠든 너의 모습 언제나 바라볼 수만 있다면 힘이 들고 지칠때엔 그대에게 손을 내밀 테니 따뜻함을 느낄 수 있도록 지금처럼 내 마음을 안아줘 늘 가깝게 있어도 마음속 모르게 서로 또다른 벽을 만들지 말아요 사랑한다면 그 사랑을 위해 하늘을 나는 새처럼 자유롭게 오 이 밤을 날아 저 바다를 날아 행복이 있는 곳으로 날 데려가줘  방황했던 많은 날들 이제 그만 잊어버려야해 내가 미워질땐 지난날의 보석같은 시간들만 기억해 늘 가깝게 있어도 마음속 모르게 서로 또다른 벽을 만들지 말아요 사랑한다면 그 사랑을 위해 하늘을 나는 새처럼 자유롭게 오 이 밤을 날아 저 바다를 날아 행복이 있는 곳으로 날 데려가줘 사랑한다면 그 사랑을 위해 하늘을 나는 새처럼 자유롭게 오 이 밤을 날아 저 바다를 날아 행복이 있는 곳으로 날 데려가 줘
1994.11.13~11.19,24,60624,너를 잊을 수 없어,최연제,I Love For Ever,1993,Ballad,최연제,멀어지는 너의 모습 바라보며 싸늘하게 느껴진 너의 미소 잊지못할 추억들을 간직한채 떠나버린 뒤에 난 후회한거야 너를 잊을 수 없어 그리움을 참으려고 애써왔어 다시 만날 날을 기다리며 너를 잊을 수 없어 잠시 너를 홀로 남겨둔 것 뿐야 영원한 날들을 위해  누구보다 사랑했던 너였기에 초라한 나의 모습 숨긴채 두려워서 말 못하고 떠나지만 잠시 나는 널 위해 떠나간거야 너를 잊을 수 없어 그리움을 참으려고 애써왔어 다시 만날 날을 기다리며 너를 잊을 수 없어 잠시 너를 홀로 남겨둔 것 뿐야 영원한 날들을 위해  너를 잊을 수 없어 그리움을 참으려고 애써왔어 다시 만날 날을 기다리며 너를 잊을 수 없어 잠시 너를 홀로 남겨둔 것 뿐야 영원한 날들을 위해 너를 잊을 수 없어 그리움을 참으려고 애써왔어 다시 만날 날을 기다리며 너를 잊을 수 없어 잠시 너를 홀로 남겨둔 것 뿐야 영원한 날들을 위해 영원한 날들을 위해
1994.11.13~11.19,25,91475,멀어져 간 사람아,박상민,멀어져간 사람아,1994.03,Ballad,신대철,내게 사랑한다는 말하고 멀어져간 사람아 사랑이 무언지도 모르는 그대여 내게 안녕이란 말하고 멀여져간 사람아 그대여 나만 홀로 외로이 서있네 머나먼 저 바다로가면 찾을 수 있나  머나먼 저 하늘 위에는  잊지않을까 어두운 저 창문 밖으로 누군가 있지 않아 저 바다도 가로등만 외로이 서있네 머나먼 저 바다로가면 찾을 수 있나 머나먼 저 하늘 위에는 잊지않을까 멀리 떠나버린 그대여 저 하늘 위에 사랑이 있다고  말하지마오~멀리 떠나버렸네  머나먼 저 바다로가면 찾을 수 있나 머나먼 저 하늘 위에는 잊지 않을까
1994.11.13~11.19,26,1839375,수퍼맨의 비애 (Feat. Proud Marry),DJDOC,슈퍼맨의 비애,1994.11,Rap / Hip-hop,,슈퍼맨 슈퍼맨 슈퍼맨 헤이 홉  어젯밤 우리 아빠 엄마 부부 싸움에 잠을 잘수가 없네 요리조리 따지시는 우리엄마 아빠에게 뭐라고 쉴새없이 따다다 다다다다 요 변명도 제대로 못한 우리아빠 무슨 잘못하신게 아닐까 걱정이네 무서운 우리엄마 뭐가 불만이실까 엄마가 필요한건 혹시 슈퍼맨 선물을 준 숫자만큼 날 사랑할까 아닐꺼야 난 너에게 지쳐 가고있어  슈퍼맨 슈퍼맨 슈퍼맨  처음 만나 운전면허 없다고 넌 나를 무지하게 구박했지 헤이 홉 노래방에 같이가서 음치라고 비웃던 니가 나는 무지하게 미웠어 넌 나에게 바라는게 왜 그리 많아 무엇을 더 해야하지 지쳐가고있어  슈퍼맨 슈퍼맨 슈퍼맨 헤이 홉  선물을 준 숫자만큼 날 사랑할까 아닐꺼야 난 너에게 지쳐 가고있어 넌 나에게 바라는게 왜 그리 많아 무엇을 더 해야하지 지쳐가고있어
1994.11.13~11.19,27,39348,혼자만의 사랑,김태영,Kim Tae Young 1,1994.04,Ballad,한경혜,이젠 너의 모든것을 지워야겠지 더 짙은 어둠의 숲 저 밖으로 지금까지 사는건 너 있는 추억 때문이었지 어느새 난 너의 짐이 되어 있었던 거야 다신 우연히도 만나지 말아 가슴에서 죽어간 끝이 보이지 않았던 그리움 내 지친 이 가슴속을 누가 위로해줄까 혼자만의 사랑으로 남은 나 추억은 이쯤에서 접어야만 하는 거야 아픔은 혼자만의 몫인걸 아픔은 이젠 모두 지난 강에 떠나 보내야 하는 너를 뒤로 한채 돌아선거야 주체할 수 없었던 눈물의 끝을 감추면서 내 지친 이 가슴속을 누가 위로해줄까 혼자만의 사랑으로 남은 나 추억은 이 쯤에서 접어야만 하는 거야 아픔은 혼자만의 몫인걸 아픔은 가슴에서 죽어간 끝이 보이지 않았던 그리움 내 지친 이 가슴속을 누가 위로해줄까 혼자만의 사랑으로 남은 나 추억은 이 쯤에서 접어야만 하는 거야 누구의 가슴으로 기대어 살까 아픔은 혼자만의 몫인걸 아픔은
1994.11.13~11.19,28,61819,너이길 원했던 이유,쿨(COOL),너 이길 원했던 이유,1994.10.01,Dance,최준영,너이길 원했던 이유 이젠  아파했던 모습으로  서로를 위로해 줄 수 있는  친구를 원한거야  너는 모르고 있잖아 너이길  원한 이유  이런 저런 모든 기억들을  되돌려 보고 있어  나는 너 떠올리는 너를 늘  안타까운 지난 날들  잊으려한 떨치려한 몸부림에  날을 헤매고 있는거야   붉게 물든 저녁 하늘이  주위를 감싸 돌고  아주 오래 전에 느꼈던  순간을 생각했지  나는 너를 보내고 놓치고  싶지 않아  주는 것이 더 행복이라는 말로  나 스스로를 위로하려 했던거야  하지만 이젠 널 떠나  보내기로 했어  내 옆에선 웃지 않던 너  이젠 널 더이상 바라볼  애태움의 날을 보낼 자신이 없어  언제나 그런 한숨 섞인  목소리로 내게 속삭이며  허전한 마음 한구석에  묻어둔 널 이젠 잊고 싶어  내 맘속에 가득 남겨진  너의 미소가 한 순간의  짧은 꿈처럼 조금씩  사라져 갔어  Get with the sound  under ground  Party people at the  place get up get down  Get with the sound  under ground  Party people at the  place get up get down  언제나 그런 한숨 섞인  목소리로 내게 속삭이며  허전한 마음 한 구석에  묻어둔 널 이젠 잊고 싶어  내 맘 속에 가득 남겨진  너의 미소가 한 순간의  짧은 꿈처럼 조금씩 사라져 갔어  언제까지라도 너만을  사랑하고 싶어  내가 아닌 너의 모든 걸  그렇게 원했던거야  내 마음 속에 가득 남겨진  너의 미소가 한 순간의  짧은 꿈처럼 조금씩 사라져 갔어
1994.11.13~11.19,29,91129,결론,황세옥,결론/몰래 감춰진 눈물,1994.06.01,Dance,이성재,때로는 가깝게 느껴지고 한편은 멀게도 느껴지고 애인이라 하기엔 내가 너무 손해같고 그냥 친구라 하기엔 우린 너무 친하지만 너에게서 다른 여자 애길듣고 살며시 질투도 느껴지고 며칠전 나의 미팅파트너 얘기하면 넌 못들은 체해도 너의 마음 나도 알아 나는 어쩜 너를 사랑하는 걸까 너도 속맘은 나를 사랑하는걸까 이런 아리송한 너와 나의 사일 이젠 정리해야지 하면(정리안돼) 농담 반 진담 반으로 얘기해 우린 친구와 연인의 중간쯤  주말엔 극장도 같이가고 모르는 척 난 네게 기대지만 애인이라 하기엔 그 느낌이 너무작고 그냥친구라 하기엔 그 느낌이 너무 커 어쩌다 너의 전화 멀어지면 살며시 배신감 느껴지고 내가 먼저 전화하면 넌 담담한 척해도 당황하는 그 목소리 너의 마음 나도 알아 나는 어쩜 너를 사랑하는 걸까 너도 속맘은 나를 사랑하는 걸까 이런 아리송한 너와 나의 사일 이젠 결론 내야지하면(결론없어) 농담 반 진담 반으로 얘기해 우린 친구와 연인의 중간쯤 나는 어쩜 너를 사랑하는 걸까  너도 속맘은 나를 사랑하는 걸까 이런 아리송한 너와 나의 사일 이젠 정리해야지 하면(정리안돼) 농담 반 진담 반으로 얘기해 우린 친구와 연인의 중간쯤 친구와 연인의 중간쯤
1994.11.13~11.19,30,91116,립스틱 짙게 바르고,임주리,임주리3집[그대 떠난 뒤],-,Adult Contemporary,양인자,내일이면 잊으리 꼭 잊으리  립스틱 짙게 바르고  사랑이란 길지가 않더라  영원하지도 않더라  아침에 피웠다가  저녁에 지고 마는  나팔꽃보다 짧은 사랑아  속절없는 사랑아  마지막선물 잊어 주리라  립스틱 짙게 바르고  별이 지고 이밤도 가고나면  내 정녕 당신을 잊어주리라  아침에 피웠다가  저녁에 지고마는  나팔꽃보다 짧은 사랑아  속절없는 사랑아  마지막 선물 잊어주리라  립스틱 짙게 바르고  별이 지고 이밤도 가고나면  내정녕 당신을 잊어주리라  별이 지고 이밤도 가고나면  내 정녕 당신을 잊어 주리라
1994.11.13~11.19,31,55991,사랑할수록,부활,기억상실,1993.11.01,Rock,김태원,한참 동안을 찾아가지 않은 저 언덕 넘어 거리엔 오래 전 그 모습 그대로 넌 서 있을 것 같아 내 기억보단 오래 되버린 얘기지 널 보던 나의 그 모습 이제는 내가 널 피하려고 하나 언젠가의 너처럼 이제 너에게 난 아픔이란 걸 너를 사랑하면 할수록 멀리 떠나가도록 스치듯 시간의 흐름 속에 내 기억보단 오래 되버린 얘기지 널 보던 나의 그 모습 이제는 내가 널 피하려고 하나 언젠가의 너처럼 이제 너에게 난 아픔이란걸 너를 사랑하면 할수록 멀리 떠나가도록 스치듯 시간의 흐름속에 이제 지나간 기억이라고 떠나며 말하던 너에게 시간이 흘러 지날수록 너를 사랑하면 할수록 너에게 난 아픔이었다는 걸 너를 사랑하면 할수록
1994.11.13~11.19,32,105018,그대와 함께 (With You),"손지창,김민종",느낌 OST,1994,Drama,,그대 눈빛에 취해 잠들고 싶은 이 밤 나 혼자 느끼고 싶은 사랑. 그대 숨결마저도 내가 느끼는 사랑노래 이젠 그대 마음안에서 쉬고 싶어.  그대와 내가 함께 가는 이 길이 때론 힘들고 외로워 내가 지친다 해도. 사랑하기에 모두 참고 견디며 그대만을 위해 나는 사랑을 하리. 언제까지 그대와 하나가 되어가리 영원히 그대 곁에 머물러. 그대는 나만을 나는 그댈 위한 사랑을 항상 함께하는 맘속에 간직하며.
1994.11.13~11.19,33,61343,종로에서,오월,그땐 몰랐어/종로에서,1993.10.15,Ballad,안병호,그렇게 떠나야만 했던 시간속에서  너를 보내기는 정말 싫었어  돌아서는 너의 슬픈 미소속에  사무친 그리움을 나는 알았어  회기로 향하던 쓸쓸한 플랫폼에서  서성이던 모습 보이지 않고  허전한 빈공간 속을 걷고 있는  너의 모습 생각해 봤어  오고가는 많은 사람들 속에서  너는 무얼 생각하고 있을까 두눈에 이슬 가득 담고 슬픈미소 지으며  무얼 그리워 하고 있을까 내가 곁에 있어도 그립다고 말하던 그대여  힘겹던 네모습이 나를 울리네  내가 곁에 있어도 그립다고 말하던 그대에게 내일은 사랑한다 말해 줄꺼야  오고가는 많은 사람들 속에서  너는 무얼 생각하고 있을까 두눈에 이슬 가득 담고 슬픈미소 지으며  무얼 그리워 하고 있을까 내가 곁에 있어도 그립다고 말하던 그대여  힘겹던 네모습이 나를 울리네  내가 곁에 있어도 그립다고 말하던 그대에게 내일은 사랑한다 말해 줄꺼야 내가 곁에 있어도 그립다고 말하던 그대에게 내일은 사랑한다 말해 줄꺼야
1994.11.13~11.19,34,59072,이름 없는 거리,변진섭,Image `94,1994,Ballad,지예,여기 슬픈소원을 가진 나만의 얘기가 있어 늘 서로를 사랑하면서 이별을 생각해야 하는 넘어설 수도 또 벗어날 수도 없어 없어 우리의 슬픈 이 현실이 너무 싫어 어디로 가든 날 따라줘 그곳이 어둠뿐이라도 어떻게든 함께할 수 있으면 사랑하니까 누구도 이젠 날 찾지마 이름없는 곳이라도 우린 그저 함께할 수 있으면 사랑하니까  넘어설 수도 또 벗어날 수도 없어 없어 우리의 슬픈 이 현실이 너무 싫어 어디로 가든 날 따라줘 그곳이 어둠뿐이라도 어떻게든 함께할 수 있으면 사랑하니까 누구도 이젠 날 찾지마 이름없는 곳이라도 우린 그저 함께할 수 있으면 사랑하니까
1994.11.13~11.19,35,61366,메리가 해피를 만났을때,Kiky,판단중지,1994.01.31,Ballad,,첫눈 곱게 내리던 이 겨울 공원에서 너와 나는 처음 만났지 너의 예쁜 메리가 달려와 나의 귀여운 해피와 친구되어 뒹굴던 날 메리가 해피를 만났을때 우리의 사랑도 메리가 해피를 만났을때 우리 그리움도 피어났지  너와 나의 생애에 잊을 수 없는 이 겨울 다시 한번 우리들의 만남에 한없이 감사해 이 세상의 축복을 모두 모아서 너에게 메리가 해피를 만났을때 우리의 사랑도 메리가 해피를 만났을때 우리 그리움도 피어났지  우리들의 만남에 한없이 감사해 이 세상의 축복을 모두 모아서 너에게 메리가 해피를 만났을때 우리의 사랑도 메리가 해피를 만났을때 우리 그리움도 피어났지 메리가 해피를 만났을때 우리의 사랑도 메리가 해피를 만났을때 우리 그리움도 피어났지 메리 크리스마스 해피 뉴 이어 메리 크리스마스 해피 뉴 이어
1994.11.13~11.19,36,2981592,일어나,김광석,김광석 네번째,1994.06.25,Folk,김광석,검은 밤의 가운데 서 있어 한치 앞도 보이질 않아 어디로 가야 하나 어디에 있을까 둘러 봐도 소용없었지 인생이란 강물 위를 끝없이 부초처럼 떠다니다가 어느 고요한 호수가에 닿으면 물과 함께 썩어가겠지 일어나 일어나 다시 한 번 해보는거야 일어나 일어나 봄의 새싹들처럼 끝이 없는 말들 속에 나와 너는 지쳐가고 또 다른 행동으로 또 다른 말들로 스스로를 안심시키지 인정함이 많을수록 새로움은 점점 더 멀어지고 그저 왔다갔다 시계추와 같이 매일 매일 흔들리겠지 일어나 일어나 다시 한번 해보는거야 일어나 일어나 봄의 새싹들처럼 가볍게 산다는 건 결국은 스스로를 얽어매고 세상이 외면해도 나는 어차피 살아 살아 있는 걸 아름다운 꽃일수록 빨리 시들어 가고 햇살이 비치면 투명하던 이슬도 한 순간에 말라 버리지 일어나 일어나 다시 한번 해보는 거야 일어나 일어나 봄의 새싹들처럼 일어나 일어나 다시 한번 해보는 거야 일어나 일어나 봄의 새싹들처럼
1994.11.13~11.19,37,2796367,그대 사랑안에 머물러,김정민,김정민,1994.06.01,Ballad,오진우,늘 항상 울고싶진 않지만
1994.11.13~11.19,38,2744663,나는 문제 없어,황규영,나는 문제 없어,2010.07.05,Dance,,이 세상 위엔 내가 있고   나를 사랑해주는   나의 사람들과   나의 길을 가고 싶어   많이 힘들고 외로웠지   그건 연습일 뿐야   넘어지진 않을거야   나는 문제없어   짧은 하루에 몇 번씩   같은 자리를 맴돌다   때론 어려운 시련에   나의 갈곳을 잃어가고   내가 꿈꾸던 사랑도   언제나 같은 자리야   시계추처럼 흔들린   나의 어릴 적 소망들도   그렇게 돌아보지마   여기서 끝낼 수는 없잖아   나에겐 가고 싶은 길이 있어   너무 힘들고 외로워도   그건 연습일뿐야   넘어지진 않을거야   나는 문제 없어   짧은 하루에 몇 번씩  같은 자리를 맴돌다  때론 어려운 시련에  나의 갈곳을 잃어가고  내가 꿈꾸던 사랑도  언제나 같은 자리야  시계추처럼 흔들린  나의 어릴 적 소망들도  그렇게 돌아보지마  여기서 끝낼 수는 없잖아  나에겐 가고 싶은 길이 있어  너무 힘들고 외로워도  그건 연습일뿐야  넘어지진 않을거야  나는 문제 없어  이 세상 위엔 내가 있고  나를 사랑해주는 나의 사람들과  나의 길을 가고 싶어  많이 힘들고 외로웠지  그건 연습일 뿐야  넘어지진 않을거야  나는 문제없어
1994.11.13~11.19,39,57339,너를 사랑해,한동준,처음 받은 느낌으로,1993.01,Ballad,한동준,아침이 오는 소리에 문득  잠에서 깨어 내 품안에 잠든 너에게  워우우워 우워워 너를 사랑해  내가 힘겨울때마다 너는  항상 내 곁에  따스하게 어깨 감싸며  워우우워 우워워 너를 사랑해 영원히 우리에겐 서글픈  이별은 없어 때로는 슬픔에 눈물도 흘리지만 언제나 너와 함께 새하얀  꿈을 꾸면서 하늘이 우리를 갈라놓을 때까지 워우우워 우워워 너를 사랑해 내가 힘겨울때마다 너는  항상 내 곁에 따스하게 어깨 감싸며  워우우워 우워워 너를 사랑해 영원히 우리에겐 서글픈  이별은 없어 때로는 슬픔에 눈물도 흘리지만 언제나 너와 함께 새하얀  꿈을 꾸면서 하늘이 우리를 갈라놓을 때까지 워우우워 우워워 너를  사랑해 너를 사랑해
1994.11.13~11.19,40,56333,그대만을 위한 사랑,박정운,박정운 Live & Single,1997.12,Ballad,박정운,나 알고 있어 나의 사랑은 그대 위한 사랑이였음을 이제 다시 그대를 볼 수 없어도 소중한 사람 내 마음속에 나를 울렸었던 그대의 슬픈 그 미소까지도  나 알고 있어 나의 사랑은 그대만의 사랑이였음을 단 한 번만 단 한 번만이라도 그대 곁에 머물 수 있다면 나는 얼마나 좋을까 그대를 보며 참 행복하겠지  그 어느 날 어느 순간 그대 나를 기억한다면 나의 사랑 그대 곁에 언제까지나  가끔은 그대 미워했었고 그 만남을 후회도 했었지 너는 모를거야 내게 남겨진 아픔 얼마나 울어야 했었는지 지금 생각하면 그 모든 것은 사랑이었을 뿐  그 어느 날 어느 순간 그대 나를 기억한다면 나의 사랑 그대 곁에 언제까지나  그 어느 날 어느 순간 나를 기억해 준다면 그대 사랑 나의 곁에 언제까지나 그대 나를 사랑하고 후회없이 날 떠나가도 그대 사랑 나의 곁에 언제까지나 기억해줘 나의 사랑 오 그대만을 위한 사랑 나의 생이 끝나는 날까지 그 날에도 그대 기억할거야 나 또 다른 삶에 태어나도 나는 너의 이름 부르겠어  나 또 다른 삶에 태어나도 나는 너의 이름 부르겠어
1994.11.13~11.19,41,91484,겨울그림,이승철,The Secret of Color,1994.09.24,Ballad,이승철,겨울오면 내집앞 문틈에 가득 눈이 덮혀와 throw the night 잠들은 아이들 따스하게 해 겨울오면 새벽아침 손길 안개처럼 감싸와 in the morning 잠든척 하는 꼬마아일 깨우려하네 이런 아름다운 풍경속을 거닐고파 때론 외롭기도 우울하기도 할꺼야 이런 아름다운 풍경들을 그리고파 지워지지 않는 겨울그림  겨울은 말없는 나에게 뭔가 속삭여주네 여름오면 날다시 찾아 눈꽃처럼 내게 올꺼냐고  이런 아름다운 풍경속을 거닐고파 때론 외롭기도 우울하기도 할꺼야 이런 아름다운 풍경들을 그리고파 지워지지 않는 겨울그림  겨울은 말없는 나에게 뭔가 속삭여주네 여름오면 날다시 찾아 눈꽃처럼 내게 올꺼냐고 winter is one when never your by my side  winter is one when never your by my side  winter is one when never your by my side  winter is one when never your by my side forever season you be mind
1994.11.13~11.19,42,91482,사랑보다 좋은 사랑,김대일,김대일 1집,1994.09.15,Ballad,,오늘도 넌 내게 말하지 날 사랑한다 하지않냐고 난 너의 마음을 알지만 어제와 다른 사랑을 주고 싶은 내 마~음~을 넌 이해 할 수 없는거야  널 사랑한다고 말하지 마음속으로 늘 그랬듯이 너에게 말하고 싶지만 사랑보다 아름다운 네 모습을 네 마~음~을 난 표현할 수 없는거야  내게 사랑한단 말을 원한다면 느낄수 있다고 말해줘~ 그저 사랑해란 말로 네 마음이 너에게 들리고 있다고~  널 사랑한다고 말하지 마음속으로 늘 그랬듯이 너에게 말하고 싶지만 사랑보다 아름다운 네 모습을 네 마~음~을 난 표현할 수 없는거야  내게 사랑한단 말을 원한다면 느낄수 있다고 말해줘~ 그저 사랑해란 말로 내 마음이 너에게 들리고 있다고~ 내게 사랑한단 말을 원한다면 느낄 수 있다고 말해줘~ 그저 사랑해란 말로 내 마음이 너에게 들리고 있다고~ 내게 사랑한단 말을 원한다면 느낄 수 있다고 말해줘~
1994.11.13~11.19,43,3363623,그대 눈물까지도,투투,일과 이분의 일,1994,Ballad,오지훈,모르지만 이젠 이해할 수 있어 네가 지금 이곳에 있는 이유를 언제까지나 날 어리게만  보지마 세상 이 모든게 너만의  것은 아니야 조금씩 모두 난 네곁으로  가고 있어 날 위해 한걸음만  다가와주겠니 아무말도 하지마 무엇이 필요하겠어  너와 내가 있는데 줄 것 없는 난 초라해지잖아 그대울지마 사랑해 그대  눈물까지도 조금씩 모두 난 네곁으로  가고있어 날 위해 한걸음만  다가와주겠니 아무말도 하지마 무엇이 필요하겠어 너와  내가 있는데 줄 것 없는난 초라해지잖아 그대 울지마 사랑해 그대  눈물까지도 무엇이 필요하겠어 너와  내가 있는데 줄 것 없는난 초라해지잖아 그대 울지마 사랑해 그대  눈물까지도
1994.11.13~11.19,44,1726626,너만을 느끼는 나,황승호제,너만을 느끼는 나,1994.01.01,Ballad,최수정,내가 만든 꿈의 저세상으로 (이예~)
1994.11.13~11.19,45,61732,예전의 모습처럼,모노,Paradise,1994.07,Ballad,,그렇게 지나가면 그 뿐인걸 알지만  한번쯤은 기대하지 너를 또다시 볼 수 있을까  슬픔은 아니지만 그리움인걸 알아  그때 내게 가르쳐준 사랑의 또다른 모습이라는걸  그저 쉽게 너를 모두 잊어 간다면  그건 이미 내가 아닌 걸  나 또한 오랜 기억으로 너에게 남져지고 싶은거야  시간이 흘러도 너는 나에게 남아 있겠지  예전의 모습처럼 추억은 언제나 같은 자리에 머물거야  오래전 우리 기억속에 이렇게 너를 만날 수 있게 그저 쉽게 너를 모두 잊어 간다면  그건 이미 내가 아닌 걸  나 또한 오랜 기억으로 너에게 남져지고 싶은거야  시간이 흘러도 너는 나에게 남아 있겠지  예전의 모습처럼 추억은 언제나 같은 자리에 머물거야  오래전 우리 기억속에 이렇게 너를 만날 수 있게
1994.11.13~11.19,46,61647,미성년자 관람불가,색종이,색종이 1집,1994,Ballad,,아 기다리고 기다리던 첫 데이트  무엇을 할까 지루하게 흐르는 시간 영화를 보자며 내 팔을 당기는  그녀를 따라 극장안에 앉았는데  어두운 화면에 가득한  두 주인공의 입맞춤과  자세하게 말하기 곤란한 장면들  자꾸만 마음이 떨려  공연한 헛기침이 어색해  왜 이렇게 더울까 모른채 고개 숙여도  내 눈을 어지럽게 만들던  어른 영화 처음 보던 날  괜찮은 영화라고 말할 순 없지만  싫진 않았어 그녀 역시 똑같을꺼야  갑자기 어른이 된 것 같은 느낌  깔린 목소리 내 모습이 우스운지  환한 웃음을 지며 어깨를 때리고  뛰어가는 그녀  난 어쩌면 널 사랑할 것 같은데   여전히 마음이 떨려  공연한 헛기침이 어색해  왜 이렇게 더울까 모른채 고개 숙여도  내 눈을 어지럽게 만들던  어른 영화 처음 보던 날  다음엔 어디로 갈까 신중히 고민해 봐야겠어  오페라는 어떨까 점잖게 양복을 입고  열심히 졸고 있는 날 보면 큰소리로 웃고 말겠지
1994.11.13~11.19,47,3048210,나의 작은새,데이지,Hello! Miss Daisy,1994.05,Rock,,
1994.11.13~11.19,48,33571,날아라 병아리,넥스트,The Return Of N.EX.T Part 1 The Being,1994.05,Ballad,,육교 위의 네모난 상자 속에서 처음 나와 만난 노란 병아리 얄리는 처음처럼 다시 조그만 상자 속으로 들어가 우리 집 앞뜰에 묻혔다 나는 어린 내 눈에 처음 죽음을 보았던 1974년의 봄을 아직 기억한다 내가 아주 작을 때 나보다 더 작던 내 친구 내 두손 위에서 노랠 부르며 작은 방을 가득 채웠지 품에 안으면 따뜻한 그 느낌 작은 심장이 두근두근 느껴졌었어 우리 함께 한 날은 그리 길게 가진 못했지  어느 밤 얄리는 많이 아파 힘없이 누워만 있었지 슬픈 눈으로 날개짓하더니 새벽 무렵엔 차디차게 식어 있었네 굳바이 얄리 이젠 아픔 없는 곳에서 하늘을 날고 있을까 굳바이 얄리 너의 조그만 무덤가엔 올해도 꽃은 피는지 눈물이 마를 무렵 희미하게 알 수 있었지 나 역시 세상에 머무르는것 영원할 수 없다는 것을 설명할 말을 알 순 없었지만 어린 나에게 죽음을 가르쳐 주었네 굳바이 얄리 이젠 아픔 없는 곳에서 하늘을 날고 있을까 굳바이 얄리 너의 조그만 무덤가엔 올해도 꽃은 피는지 굳바이 얄리 이젠 아픔 없는 곳에서 하늘을 날고 있을까 굳바이 얄리 언젠가 다음 세상에도 내 친구로 태어나 줘
1994.11.13~11.19,49,103817,아름다운 세상으로,올스타밴드,내일은 늦으리 94,1994.11.06,Ballad,,내가 사는 이곳은 예전엔 아주 맑은 냇물이 늘 흘렀다고 하지  이젠 더 이상 안일한 생각만으로 살수없는 그런 시대가 도래했다  우리는 우리가 마시는 모든 것들로 인해 병들고 쓰러져 간다  시간의 도적들과 싸우는 모모의 이야기를 기억한다  언젠가 우리는 시간의 오염까지도 막아야 할 그런때가 울지도  모른다 언젠가는 흐린 하늘위에도 언제나 맑은 별이 떠있어  우릴 비추려하지 하지만 지금 우린 먼지와 친숙해진 소음에  자꾸 길들여져만 가는걸 낡은 태양빛과 무뎌진 저 시선들 우린  이 거대한 문명속을 거닐며 쓰러지네 우리 사는 이곳은  전설이 되기전에 늘 작은 관심을 보여줄 아름다운 세상인거야
1994.11.13~11.19,50,61758,예행연습,좌회전,예행연습,1994.04.01,Dance,이승철,하루에도 열두번씩 삐지면 내가 가만 놔두질 않을거야 하루종일 토닥토닥 거리면 내가 먼저 떠나라 말할꺼야 누구나 한번쯤은 괜한 표정 지으며 oh baby 마음 속 깊은 곳에 누굴 데려가려고만 할테지 아직은 사랑을 몰라 내 나이가 몇인데 그래도 사랑은 할래 꿈도 못 꿔보나 머 아직은 사랑을 몰라 혹시나 하면서도 그래도 사랑은 할래 열일곱의 내사랑을 하루종일 딱 한 마디 해봤어 왜 그리도 내게는 힘든걸까 아직은 어리다는 누나 말에 울먹 울먹거리며 잠이 들며 누구나 한번쯤은 괜한 표정 지으며 oh baby 마음 속 깊은 곳에 누굴 데려가려고만 할테지 아직은 사랑을 몰라 내 나이가 몇인데 그래도 사랑은 할래 꿈도 못 꿔보나 머 아직은 사랑을 몰라 혹시나 하면서도 그래도 사랑은 할래 열일곱의 내사랑을  누구나 한번쯤은 괜한 표정 지으며 oh baby 마음 속 깊은 곳에 누굴 데려가려고만 할테지 아직은 사랑을 몰라 내 나이가 몇인데 그래도 사랑은 할래 꿈도 못 꿔보나 머 아직은 사랑을 몰라 혹시나 하면서도 그래도 사랑은 할래 열일곱의 내사랑을 아직은 사랑을 몰라 내 나이가 몇인데 그래도 사랑은 할래 꿈도 못 꿔보나 머 아직은 사랑을 몰라 혹시나 하면서도 그래도 사랑은 할래 열일곱의 내사랑을
