time,rank,song_id,title,singers,album,date,genre,creator,lyric
1994.07.03~07.09,1,55991,사랑할수록,부활,기억상실,1993.11.01,Rock,김태원,한참 동안을 찾아가지 않은 저 언덕 넘어 거리엔 오래 전 그 모습 그대로 넌 서 있을 것 같아 내 기억보단 오래 되버린 얘기지 널 보던 나의 그 모습 이제는 내가 널 피하려고 하나 언젠가의 너처럼 이제 너에게 난 아픔이란 걸 너를 사랑하면 할수록 멀리 떠나가도록 스치듯 시간의 흐름 속에 내 기억보단 오래 되버린 얘기지 널 보던 나의 그 모습 이제는 내가 널 피하려고 하나 언젠가의 너처럼 이제 너에게 난 아픔이란걸 너를 사랑하면 할수록 멀리 떠나가도록 스치듯 시간의 흐름속에 이제 지나간 기억이라고 떠나며 말하던 너에게 시간이 흘러 지날수록 너를 사랑하면 할수록 너에게 난 아픔이었다는 걸 너를 사랑하면 할수록
1994.07.03~07.09,2,3363619,일과 이분의 일,투투,일과 이분의 일,1994,Dance,오지훈,멀리서 널 보았을 때   다른 길로 갈까 생각했는데   변한듯한 널 보고 싶고   짧은 인사 할까하는 마음에   두근대는 가슴으로   한 걸음씩 갈때   네 어깨 손올리는   다른 어떤 사람   화가난 네 얼굴은   미소로 바뀌고   두 사람은 내 옆을 지나갔지   둘이 되어버린 날 잊은것   같은 너의 모습에   하나 일때 보다 난   외롭고 허전해   네가 가져간 나의   반쪽 때문인가   그래서 넌 둘이 될 수   있었던거야   멀리서 널 보았을 때   다른 길로 갈까 생각했는데   변한듯한 널 보고 싶고   짧은 인사 할까하는 마음에   두근대는 가슴으로   한 걸음씩 갈때   네 어깨 손올리는   다른 어떤 사람   화가난 네 얼굴은   미소로 바뀌고   두 사람은 내 옆을 지나갔지   지금 너에겐 변명처럼 들리겠지   널 보낸후 항상 난 혼자였는데   두근대는 가슴으로   한걸음씩 갈때   네 어깨 손올리는 다른 어떤 사람   화가 난 네 얼굴은 미소로 바뀌고   두 사람은 내 옆을 지나갔지   둘이 되어버린 날 잊은것   같은 너의 모습에   하나 일때 보다 난   외롭고 허전해   네가 가져간 나의   반쪽 때문인가   그래서 넌 둘이 될 수   있었던거야   둘이 되어버린 날 잊은것  같은 너의 모습에  하나 일때 보다 난  외롭고 허전해  네가 가져간 나의  반쪽 때문인가  그래서 넌 둘이 될 수  있었던거야
1994.07.03~07.09,3,91475,멀어져 간 사람아,박상민,멀어져간 사람아,1994.03,Ballad,신대철,내게 사랑한다는 말하고 멀어져간 사람아 사랑이 무언지도 모르는 그대여 내게 안녕이란 말하고 멀여져간 사람아 그대여 나만 홀로 외로이 서있네 머나먼 저 바다로가면 찾을 수 있나  머나먼 저 하늘 위에는  잊지않을까 어두운 저 창문 밖으로 누군가 있지 않아 저 바다도 가로등만 외로이 서있네 머나먼 저 바다로가면 찾을 수 있나 머나먼 저 하늘 위에는 잊지않을까 멀리 떠나버린 그대여 저 하늘 위에 사랑이 있다고  말하지마오~멀리 떠나버렸네  머나먼 저 바다로가면 찾을 수 있나 머나먼 저 하늘 위에는 잊지 않을까
1994.07.03~07.09,4,1931126,칵테일 사랑,마로니에,칵테일 사랑,1994.03.01,Dance,김선민,마음 울쩍한날엔 거리를 걸어보고  향기로운 칵테일에 취해도 보고  한편의 시가 있는 전시회장도 가고  밤새도록 그리움에 편지 쓰고파  모짜르트 피아노 협주곡 21번  그 음악을 내 귓가에 속삭여주며  아침 햇살 눈부시게 나를 깨워 줄  그런 연인이 내게 있으면  나는 아직 순수함을 느끼고 싶어  어느작은 우체국앞 계단에 앉아  후리지아 꽃향기를 내게 안겨 줄  그런 연인을 만나 봤으면  마음 울쩍한날엔 거리를 걸어보고  향기로운 칵테일에 취해도 보고  한편의 시가 있는 전시회장도 가고  밤새도록 그리움에 편지 쓰고파 모짜르트 피아노 협주곡 21번  그 음악을 내 귓가에 속삭여주며  아침 햇살 눈부시게 나를 깨워 줄  그런 연인이 내게 있으면  나는 아직 순수함을 느끼고 싶어  어느작은 우체국앞 계단에 앉아  후리지아 꽃향기를 내게 안겨 줄  그런 연인을 만나 봤으면  마음 울쩍한날엔 거리를 걸어보고  향기로운 칵테일에 취해도 보고  한편의 시가 있는 전시회장도 가고  밤새도록 그리움에 편지 쓰고파  창밖에는 우울한 비가 내리고 있어  내마음도 그 비따라 우울해지네  누가 내게 눈부신 사랑을 가져 줄까  이세상은 나로 인해 아름다운데  마음 울쩍한날엔 거리를 걸어보고  향기로운 칵테일에 취해도 보고  한편의 시가 있는 전시회장도 가고  밤새도록 그리움에 편지 쓰고파
1994.07.03~07.09,5,2796367,그대 사랑안에 머물러,김정민,김정민,1994.06.01,Ballad,오진우,늘 항상 울고싶진 않지만
1994.07.03~07.09,6,32676,100일(日)째 만남,룰라,Roots Of Reggae,1994.07.01,Dance,강은경,모처럼 큰맘 먹고 너를 위해서  가진 돈 모두 털어 선물을 샀어  디기디  어떤걸 좋아할지 모르겠지만   디기디  그래도 네 마음엔 들었으면 좋겠어  난 처음으로 여자에게   선물하는 내 맘이  왜 이렇게 어색하고   쑥스러운지 몰라   오 디기디 디기디 디기디 디기디  간직하고 있어줘  오 디기디 디기디 디기디 디기디  그게 나인것처럼  오 디기디 디기디 디기디 디기디  너를 지켜줄꺼야  오 디기디 디기디 디기디 디기디  항상 너의 곁에 있을꺼야  오늘을 기념하려 자릴 마련했어   우리 만난지 백일째날   내 맘을 보일때도 이제 된것같아   그래 이만큼 널 사랑해   어설픈 고백 대신 내게 끼워줬던  작은 반지 하나  비싼건 아니지만  나의 성의라고 생각해주겠니  이렇게 사소한데  눈물 흘려 기뻐하는  너를 안아주고파 혼이 났어  하지만 아직 일러 서두르면  내 곁에서 달아날지도 몰라  오늘을 기념하려 자릴 마련했어  우리 만난지 백일째날  내 맘을 보일때도 이제 된것같아  그래 이만큼 널 사랑해  생각도 못했는지  놀란 네 눈빛이 웬지 기쁘게 해  나 지금 망설이면  너를 놓칠까봐 사실 초조했어  걱정도 때론 했어 니가 만일  거절하면 어떡하나  고민도 했었지만  하지만 이젠 알아 너의 맘도  나에게로 이미 향해 있는 걸  오늘을 기념하려 자릴 마련했어  우리 만난지 백일째날  내 맘을 보일때도 이제 된것같아  그래 이만큼 널 사랑해  모처럼 큰맘 먹고 너를 위해서 가진 돈 모두 털어 선물을 샀어 디기디 어떤걸 좋아할지 모르겠지만  디기디 그래도 네 마음엔 들었으면 좋겠어 난 처음으로 여자에게  선물하는 내 맘이 왜 이렇게 어색하고  쑥스러운지 몰라  오 디기디 디기디 디기디 디기디 간직하고 있어줘 디기디 디기디 디기디 디기디 그게 나인것처럼 오 디기디 디기디 디기디 디기디 너를 지켜줄테야  디기디 디기디 디기디 디기디 항상 너의 곁에서
1994.07.03~07.09,7,57211,내가 널 닮아갈 때,노이즈,Noise2,1994.03,Dance,천성일,늦었지만 솔직히 말할게 처음 서로를 알게 된 그 때 이제와서 이런 말할 필욘없지만 나는 너를 별로라고 생각했어 너의 그런 촌스런 모습 너의 그런 무딘 센스 하지만 지금도 이해할 수 없던 것은 너를 멀리할 수 없었다는 걸 내가 널 닮아갈 때 으흠 니가 날 닮아갈 때 우리 서로 닮아가는 그 동안의 얘기가 너무 재밌지 않니 나의 그런 냉정한 성격 나의 그런 조급한 마음 모든 것이 널 만난 후부터 그렇게 조금씩 너처럼 무뎌지고 있었다는 걸 난 자신할 수 있었지 그렇지만 쉽지는 않았지 그런 너도 날 닮아가려고 꽤 많이 노력하는 것을 알게됐어 내가 널 닮아갈 때 으흠 니가 날 닮아갈 때 우리 서로 닮아가는 그 동안의 얘기가 너무 재밌지 않니 그렇게 다 얘기하지 내 모습이 너무나 변했다고 그래 사랑을 해봐 모든 것을 바꿔봐 그런 것들이 날 얼마나 기쁘게 하는지 생각해 봐 생각해 봐 그 모든 걸 그 모든 걸 샤바라바라바랍  시간은 그렇게 흘러갔어 나는 자꾸 널 닮아갔지 그렇게 세련된 것만 좋아하던 내가 이젠 털털한 성격의 소유자가 됐어 그러던 어느날 널 봤지 나는 미처 알아보지 못했어 그 곳엔 어느덧 매우 세련된 나의 공주님이 웃고 서있다는 걸 내가 널 닮아갈 때 으흠 니가 날 닮아갈 때 우리 서로 닮아가는 그 동안의 얘기가 너무 재밌지 않니 그렇게 다 얘기하지 내 모습이 너무나 변했다고 그래 사랑을 해봐 모든 것을 바꿔봐 그런 것들이 날 얼마나 기쁘게 하는지 생각해 봐 생각해 봐 그 모든 걸 그 모든 걸 생각해 봐 생각해 봐
1994.07.03~07.09,8,33571,날아라 병아리,넥스트,The Return Of N.EX.T Part 1 The Being,1994.05,Ballad,,육교 위의 네모난 상자 속에서 처음 나와 만난 노란 병아리 얄리는 처음처럼 다시 조그만 상자 속으로 들어가 우리 집 앞뜰에 묻혔다 나는 어린 내 눈에 처음 죽음을 보았던 1974년의 봄을 아직 기억한다 내가 아주 작을 때 나보다 더 작던 내 친구 내 두손 위에서 노랠 부르며 작은 방을 가득 채웠지 품에 안으면 따뜻한 그 느낌 작은 심장이 두근두근 느껴졌었어 우리 함께 한 날은 그리 길게 가진 못했지  어느 밤 얄리는 많이 아파 힘없이 누워만 있었지 슬픈 눈으로 날개짓하더니 새벽 무렵엔 차디차게 식어 있었네 굳바이 얄리 이젠 아픔 없는 곳에서 하늘을 날고 있을까 굳바이 얄리 너의 조그만 무덤가엔 올해도 꽃은 피는지 눈물이 마를 무렵 희미하게 알 수 있었지 나 역시 세상에 머무르는것 영원할 수 없다는 것을 설명할 말을 알 순 없었지만 어린 나에게 죽음을 가르쳐 주었네 굳바이 얄리 이젠 아픔 없는 곳에서 하늘을 날고 있을까 굳바이 얄리 너의 조그만 무덤가엔 올해도 꽃은 피는지 굳바이 얄리 이젠 아픔 없는 곳에서 하늘을 날고 있을까 굳바이 얄리 언젠가 다음 세상에도 내 친구로 태어나 줘
1994.07.03~07.09,9,38757,넌 할 수 있어,강산에,나는 사춘기,1994,Rock,"강산에,나비",후회하고 있다면  깨끗이 잊어버려   가위로 오려낸 것처럼  다 지난 일이야   후회하진 않는다면  소중하게 간직해   언젠가 웃으며  말할 수 있을 때까지   너를 둘러싼  그 모든 이유가   견딜수 없이  너무 힘들다해도  너라면 할 수 있을거야  할 수가 있어  그게 바로 너야   굴하지 않는 보석같은  마음 있으니   어려워마 두려워마  아무것도 아니야   천천히 눈을감고  다시 생각해 보는 거야   세상이 너를  무릎 꿇게 하여도   당당히 네 꿈을  펼쳐 보여줘  너라면 할 수 있을꺼야  할수가 있어  그게 바로 너야  굴하지 않는 보석같은  마음있으니  할수 있을꺼야  할수가 있어  그게 바로 너야  굴하지 않는 보석같은  마음있으니  굴하지 않는 보석같은 마음있으니
1994.07.03~07.09,10,56675,사랑하고 있다는 걸,손지창,사랑하고 있다는걸,1994.02.21,Ballad,,기다릴 수 없어 이제는 그렇게 쉽게 얘기하지마 포기할 수 없어 너만은 모두가 나를 떠나가 버려도 더 가까이 가고 싶어 더 가까이 느끼고 싶어  포기할 수 없어 너만은 모두가 나를 떠나가 버려도 더 가까이 가고 싶어 더 가까이 느끼고 싶어 말해줘 말해줘 너도 느끼고 있잖아 더 이상 나를 피할 순 없어 말해줘 말해줘 내가 너를 사랑한만큼 너도 나를 사랑하고 있다는 걸  더 가까이 가고 싶어 더 가까이 느끼고 싶어 말해줘 말해줘 너도 느끼고 있잖아 더 이상 나를 피할 순 없어 말해줘 말해줘 내가 너를 사랑한만큼 너도 나를 사랑하고 있다는 걸 말해줘 말해줘 너도 느끼고 있잖아 더 이상 나를 피할 순 없어 말해줘 말해줘 내가 너를 사랑한만큼 너도 나를 사랑하고 있다는 걸 너도 나를 사랑하고 있다는 걸
1994.07.03~07.09,11,32442,자유시대,모자이크,자유시대,1993.12,Dance,김준범,금방 전화를 끊고나서
1994.07.03~07.09,12,39348,혼자만의 사랑,김태영,Kim Tae Young 1,1994.04,Ballad,한경혜,이젠 너의 모든것을 지워야겠지 더 짙은 어둠의 숲 저 밖으로 지금까지 사는건 너 있는 추억 때문이었지 어느새 난 너의 짐이 되어 있었던 거야 다신 우연히도 만나지 말아 가슴에서 죽어간 끝이 보이지 않았던 그리움 내 지친 이 가슴속을 누가 위로해줄까 혼자만의 사랑으로 남은 나 추억은 이쯤에서 접어야만 하는 거야 아픔은 혼자만의 몫인걸 아픔은 이젠 모두 지난 강에 떠나 보내야 하는 너를 뒤로 한채 돌아선거야 주체할 수 없었던 눈물의 끝을 감추면서 내 지친 이 가슴속을 누가 위로해줄까 혼자만의 사랑으로 남은 나 추억은 이 쯤에서 접어야만 하는 거야 아픔은 혼자만의 몫인걸 아픔은 가슴에서 죽어간 끝이 보이지 않았던 그리움 내 지친 이 가슴속을 누가 위로해줄까 혼자만의 사랑으로 남은 나 추억은 이 쯤에서 접어야만 하는 거야 누구의 가슴으로 기대어 살까 아픔은 혼자만의 몫인걸 아픔은
1994.07.03~07.09,13,56449,그냥 걸었어,임종환,Reggae,1994,Ballad,김준기,처음엔 그냥 걸었어 비도 오고 해서 오랫만에 빗속을 걸으니 옛 생각도 나데 울적해 노래도 불렀어 저절로 눈물이 흐르데 너도 내 모습 보았다면 바보라고 했을거야 정말이야 처음엔 그냥 걸었어 비도 오고 기분도 그렇고 해서 정말이야 거짓말이 아냐 미안해 너의 집앞이야 난 너를 사랑해 우우우 우우 우우 우우 우우우 우우 우우 나 그냥 갈까 워워 우워 우워 워워 워  정말이야 처음엔 그냥 걸었어 비도 오고 기분도 그렇고해서 정말이야 거짓말이 아냐 미안해 너의 집앞이야 난 너를 사랑해 우우우 우우 우우 우우 우우우 우우 우우 나 그냥 갈까 워워 우워우워 워 워워 워워 워워 워우 워우워우 워 워워 워워
1994.07.03~07.09,14,2744663,나는 문제 없어,황규영,나는 문제 없어,2010.07.05,Dance,,이 세상 위엔 내가 있고   나를 사랑해주는   나의 사람들과   나의 길을 가고 싶어   많이 힘들고 외로웠지   그건 연습일 뿐야   넘어지진 않을거야   나는 문제없어   짧은 하루에 몇 번씩   같은 자리를 맴돌다   때론 어려운 시련에   나의 갈곳을 잃어가고   내가 꿈꾸던 사랑도   언제나 같은 자리야   시계추처럼 흔들린   나의 어릴 적 소망들도   그렇게 돌아보지마   여기서 끝낼 수는 없잖아   나에겐 가고 싶은 길이 있어   너무 힘들고 외로워도   그건 연습일뿐야   넘어지진 않을거야   나는 문제 없어   짧은 하루에 몇 번씩  같은 자리를 맴돌다  때론 어려운 시련에  나의 갈곳을 잃어가고  내가 꿈꾸던 사랑도  언제나 같은 자리야  시계추처럼 흔들린  나의 어릴 적 소망들도  그렇게 돌아보지마  여기서 끝낼 수는 없잖아  나에겐 가고 싶은 길이 있어  너무 힘들고 외로워도  그건 연습일뿐야  넘어지진 않을거야  나는 문제 없어  이 세상 위엔 내가 있고  나를 사랑해주는 나의 사람들과  나의 길을 가고 싶어  많이 힘들고 외로웠지  그건 연습일 뿐야  넘어지진 않을거야  나는 문제없어
1994.07.03~07.09,15,171456,"서울, 이곳은",장철웅,서울의 달 OST,1994.06.01,Drama,김순곤,아무래도 난 돌아가야겠어 이곳은 나에겐 어울리지 않아 화려한 유혹 속에서 웃곤 있지만 모든 것이 낯설기만 해 외로움에 길들여짐으로 차라리 혼자가 마음 편한 것을 어쩌면 너는 아직도 이해 못하지 내가 너를 모르는 것처럼 언제나 선택이란 둘 중에 하나 연인 또는 타인뿐인 걸 그 무엇도 될 수 없는 나의 슬픔을 무심하게 바라만 보는 너 첨으로 난 돌아가야겠어 힘든 건 모두 다 다를 게 없지만 나에게 필요한 것은 휴식뿐이야 약한 모습 보여서 미안해  하지만 언젠가는 돌아올 거야 휴식이란 그런 거니깐 내 마음이 넓어지고 자유로워져 너를 다시 만나면 좋을 거야
1994.07.03~07.09,16,58966,짧은 다짐,김원준,김원준 3,1994.10.01,Dance,김원준,이제는 너를 잊겠다는 다짐 속에 묻혀진 내 모습  얼마나 초라한지 나도 이제 알아  다시금 어둠이 내곁에 다가올 때쯤  내 자신에게서 멀어질 거야 짧은 다짐과 함께  가끔씩 싫증내는 표정 내겐 부담스러웠어  그리고 형식적인 대답 또한 싫었어  또 한번 다가선 이별은 항상 내 몫이야  어쨌든 다른 사람을 선택했으니까  단지 너를 내게 보여줘 더 이상도 바라지 않아  그 무엇도 내겐 필요 없어 이제는 너를 잊겠다는 다짐 속에 묻혀진 내 모습  얼마나 초라한지 나도 이제 알아  다시금 어둠이 내곁에 다가올 때쯤  내 자신에게서 멀어질 거야 짧은 다짐과 함께   단지 너를 내게 보여줘 더 이상도 바라지 않아  그 무엇도 내겐 필요 없어 이제는 너를 잊겠다는 다짐 속에 묻혀진 내 모습  얼마나 초라한지 나도 이제 알아  다시금 어둠이 내곁에 다가올 때쯤  내 자신에게서 멀어질 거야 짧은 다짐과 함께  이제는 너를 잊겠다는 다짐 속에 묻혀진 내 모습  얼마나 초라한지 나도 이제 알아  다시금 어둠이 내곁에 다가올 때쯤  내 자신에게서 멀어질 거야 짧은 다짐과 함께
1994.07.03~07.09,17,3048210,나의 작은새,데이지,Hello! Miss Daisy,1994.05,Rock,,
1994.07.03~07.09,18,851719,서시,신성우,서시,1994.07.01,Rock,"신성우,이근상,이근형",해가 지기전에 가려했지   너와 내가 있던 그 언덕   풍경속에   아주 키작은 그 마음으로   세상을 꿈꾸고 그리며   말했던 곳   이제 여행을 떠나야 하는   소중한 내 친구여    때론 다투기도 많이 했지   서로 알수없는 오해의 조각들로   하지만 멋쩍은 미소만으로   너는 내가 되고 나도 니가 될수   있었던 수많은 기억들   내가 항상 여기 서 있을께   걷다가 지친 네가 나를   볼수 있게   저기 저 별위에 그릴거야   내가 널 사랑하는 마음   볼수 있게    우 너는 내가 되고 나도  니가 될수 있었던  수많은 기억들  내가 항상 여기 서있을께  걷다가 지친 니가 나를  볼수 있게  저기 저 별위에 그릴거야  내가 널 사랑하는 마음  볼수 있게  내가 항상 여기 서있을께  걷다가 지친 니가 나를  볼수 있게  저기 저 별위에 그릴거야  내가 널 사랑하는 마음  볼수 있게 예
1994.07.03~07.09,19,2183382,달의 몰락,김현철,횡계에서 돌아오는 저녁,1993.11.01,Ballad,김현철,달이 진다 달이 진다  달이 진다 달이 진다  나를 처음 만났을 때도  그녀는 나에게 말했지  탐스럽고 이쁜 저 이쁜 달 나랑 매일 만날 때에도  그녀는 나에게 말했어  탐스럽고 이쁜 달이 좋아  그녀가 좋아하던 저 달이  그녀가 사랑하던 저 달이 지네  달이 몰락하고 있네 나를 무참히 차 버릴 때도  그녀는 나에게 말했지  탐스럽고 이쁜 저 이쁜 달 나랑 완전히 끝난 후에도  누군가에게 말하겠지  탐스럽고 이쁜 달이 좋아  그녀가 좋아하던 저 달이  그녀가 사랑하던 저 달이 지네  달이 몰락하고 있네   그녀가 좋아하던 저 달이  그녀가 사랑하던 저 달이 지네  달이 몰락하고 있네   그녀가 좋아하던 저 달이  그녀가 사랑하던 저 달이 지네  달이 몰락하고 있네  나도 그녀를 잊을 수 있다면
1994.07.03~07.09,20,524812,세상밖으로,김종서,김종서 Gold,1996,Rock,,내게로 열려진 또 다른 세상 속  내가 손짓한 세상 모든 것 이미 내 편이 아니었지 멀어져 버린 이 세상에서 난 꿈같은 것 믿지 않아 언제나 버림받은 어두운 기억들이 날 둘러싼 벽을 깨고 이제 난 떠나가네 저 길의 끝에선 무엇이 날 기다릴까 내게로 열려진 또 다른 세상의 문을 찾아  멀어져버린 이 세상에서 난 꿈같은 것 믿지 않아 언제나 내 뜻과는 아무런 상관없어 날 가두는 이 길에서 이제 난 떠나가네 저 길의 끝에선 무엇이 날 기다릴까 내게로 열려진 또 다른 세상속으로 저 길의 끝에선 무엇이 날 기다릴까 내게로 열려진 또 다른 세상의 문을 찾아
1994.07.03~07.09,21,104786,오래된 친구,빛과소금,오래된 친구,1994.03.01,Rock,장기호,Mr박 Mr장 우리는 오래된 친구 성격은 달라도 마음은 아주 잘 통해 우 국민학교 어린 시절 함께 뛰놀던 장난꾸러기야 우리는 오래된 친구 하나밖에 없는 친구 진실한 마음 하나로 서로를 이해하네 Mr박 Mr장 우리는 진실한 친구 목소린 달라도 대화는 아주 잘 통해 우 다툰 적도 있었지만 그럴때마다 우정은 깊어지네 우리는 오래된 친구 하나밖에 없는 친구 진실한 마음 하나로 서로를 이해하네 우리는 오래된 친구 하나밖에 없는 친구 진실한 마음 하나로 서로를 이해하네 Mr박 Mr장 Mr박 Mr장  우리는 오래된 친구 하나밖에 없는 친구 진실한 마음 하나로 서로를 이해하네 우리는 오래된 친구 하나밖에 없는 친구 진실한 마음 하나로 서로를 이해하네 예예예예 예예 예예 예예예예 예예 예예 예예예예 예예 예예 서로를 이해하네 예예예예 예예 예예 예예예예 예예 예예 예예예예 예예 예예 서로를 이해하네
1994.07.03~07.09,22,91425,어떤 기다림,김건모,김건모 2집,1993,Dance,김창환,어제와 같은 시간이 나의  방안에 흐르고 있어 며칠 째 너로 인해 난 아무것도  할 수 없었지 그저 한숨을 내쉬며 널 잊으려고  했었지만 나의 마음속엔 오늘도 그리움만  더 커져가고 있어 하얗게 지우려 했지만 추억의  낙서가 너무 많아  시간이 널 지울때까지 난 그냥  너를 기다릴거야 난 습관처럼 전화기를  바라보고 있어  혹시 너의 맘이 변해 내게 다시  전화를 걸지 않을까 벨 소리에 나의 마음  두근거리지만  역시 넌 아니었어 그건 나의  기대였을 뿐 오늘도 나의 노트에는 너의  이름을 채우고 있어  천번을 더 쓰고 읽어야 니가 다시  돌아올 것 같아 난 지금 너에게 편지를 써  내 못다한 그 얘기들을 아직 너만을 기다리는 나에게 다시 돌아오라고 어제와 같은 시간이 나의 방안에  흐르고 있어 며칠 째 너로 인해 난 아무것도  할 수 없었지 그저 한숨을 내쉬며 널 잊으려고  했었지만 나의 마음속엔 오늘도 그리움만  더 커져가고 있어 하얗게 지우려 했지만 추억의  낙서가 너무 많아  시간이 널 지울때까지 난 그냥  너를 기다릴거야 난 습관처럼 전화기를  바라보고 있어  혹시 너의 맘이 변해 내게 다시  전화를 걸지 않을까 벨 소리에 나의 마음  두근거리지만  역시 넌 아니었어  그건 나의 기대였을 뿐 오늘도 나의 노트에는 너의  이름을 채우고 있어  천번을 더 쓰고 읽어야 니가  다시 돌아올 것 같아 난 지금 너에게 편지를 써 내  못다한 그 얘기들을 아직 너만을 기다리는 나에게  다시 돌아오라고
1994.07.03~07.09,23,172354,비창,이상우,결혼 OST,1994.02.01,"Drama,Ballad",박수진,나 이제 너를 떠나려 해  잠시 너를 외면하려해  늘 기다리던 그 길  어둠 베인 가슴 안고   아픔이겠지 함께 듣던  피아노 선율까지도  낡은 외투에 손을 넣으며  가슴 저몄던 날들   널 항상 기억해  힘이 되는 슬픔으로  다시 사랑하기 위해  널 보내는 거야   나 이제 너를 떠나려 해  잠시 너를 외면하려해  늘 기다리던 그 길  어둠 베인 가슴 안고   아픔이겠지 함께듣던  피아노 선율까지도  낡은 외투에 손을 넣으며  가슴 저몄던 날들   널 항상 기억해  힘이 되는 슬픔으로  다시 사랑하기 위해  널 보내는 거야 -
1994.07.03~07.09,24,91114,난 널 사랑해,신효범,신효범 4집,1994,Ballad,엄승섭,힘겨운 아침 햇살을 받으며 눈을 뜨니 어제의 내가 아님을 나는 느꼈던거야 수 많은 시간 헤메며 방황했던 지난날들 난 널 사랑해 너의 모든 몸짓이 큰 의미인걸 난 널 사랑해 내 마음 깊은곳에 영원히 어두운 지난 날들의 슬픔은 기쁨되고 사랑은 우리들에게 한 조각 꿈이었음을 수 많은 시간 헤메며 방황했던 지난날들 난 널 사랑해 너의 모든 몸짓이 큰 의미인걸 난 널 사랑해 내 마음 깊은곳에 영원히 창가에 기대어 홀로서면 밤새 흐르는 눈물 난 널 사랑해 너의 모든 몸짓이 큰 의미인걸 난 널 사랑해 내 마음 깊은곳에 영원히
1994.07.03~07.09,25,997784,사랑을 그대 품안에,최진영,최진영베스트,1990,Ballad,,가만히 다가가 손 잡으니 작은불 켜지면서 또 다른 세상 열리는것 같아  그대 낮은 소리로 나의 이름 부르니 나는 그대 앞에서 큰 의미가 되네 어쩌면 내인생 달라질것만 같은 기쁜 느낌 혼자 떠돌던 지나간 날들이 이제야 비로소 안길곳을 찾았으니 너에게 내사랑 바칠거야 너에게 모든걸 내 모든걸 그대 품안에  혼자 떠돌던 지나간 날들이 이제야 비로소 안길곳을 찾았으니 너에게 내사랑 바칠거야 너에게 모든걸 내 모든걸 그대 품안에  온세상 향해서 말할거야 그 어떤 시련들도 우리의 시간 막을수 없다고  자 이제 일어나 바로 지금
1994.07.03~07.09,26,61360,다른 모습,Kiky,판단중지,1994.01.31,Dance,,굳이 말을 하지않아도 우린 너무 잘알고있지 이 시간은 지루하기만 할뿐 단둘만의 이런 공간도 이젠 쓰라린 환상일뿐 결국 우린 마지막을 위해 만났어 어차피 너와 나는 다른모습 서로 비슷하다고 착각했지만 이제는 진실을 깨달았으니 후회없이 헤어져야만 하겠지 우리가 처음으로 만난뒤에 언제나 함께라고 생각했는데 기억속에 있는 서로의 모습 이젠 지워버려야해  우린 서로에게 아픔과 즐거움을 같이 주었지 서로 위해 그만 만나는게 좋겠어 소중했던 우리들의 의미도 아무가치도 없는 환상이 되고 특별한 느낌을 잃어버린채 우리가 아닌 너와 내가 되겠지 우리가 처음으로 만난뒤에 언제나 함께라고 생각했는데 기억속에 있는 서로의 모습 이젠 지워버려야해 어차피 너와 나는 다른모습 서로 비슷 하다고 착각했지만 이제는 진실을 깨달았으니 후회없이 헤어져야만 하겠지 우리가 처음으로 만난뒤에 언제나 함께라고 생각했는데 기억속에 있는 서로의 모습 이젠 지워버려야해
1994.07.03~07.09,27,57513,추억#1,조규찬,Since 1993,1993.12,Ballad,조규찬,나에게서 멀어진건 거짓없는 그대 사랑일뿐 난 괜찮아 그대 떠나가도 잊을 수 있어 그대 웃음마저도 그대와 함께 바라본 그 하얀 구름을 잊을 수 있을까 수 많은 사람과 그 햇살 그 향기마저도 잊을 수 있을까  난 �I찮아 그대 떠나가도 잊을 수 있어 그대 웃음마저도 그대와 함께 거닐던 그 하얀 거리를 잊을 수 있을까 수많은 얘기와 그 눈물 뒷모습마저도 잊을 수 있을까 그대와 함께 바라본 그 하얀 거리를 잊을 수 있을까 수많은 얘기와 그 눈물 뒷모습마저도 잊을 수 있을까
1994.07.03~07.09,28,57583,오래전 그날,윤종신,The Natural,1993,Ballad,박주연,교복을 벗고 처음으로 만났던 너 그때가 너도 가끔 생각 나니 뭐가 그렇게도 좋았었는지 우리들만 있으면 너의 집 데려다 주던 길을 걸으며 수줍게 나눴던 많은 꿈 너를 지켜주겠다던 다짐 속에 그렇게 몇해는 지나 너의 새 남자친구 얘길 들었지 나 제대하기 얼마 전 이해했던 만큼 미움도 커졌었지만 오늘 난 감사 드렸어 몇 해 지나 얼핏 너를 봤을때 누군가 널 그처럼 아름답게 지켜주고 있었음을 그리고 지금 내 곁엔 나만을 믿고 있는 한 여자와 잠못드는 나를 달래는 오래전 그  노래 만이 새 학기가 시작되는 학교에는 그 옛날 우리의 모습이 있지 뭔가 분주하게 약속이 많은 스무살의 설레임 너의 학교 그 앞을 난 가끔 거닐지 일상에 찌들어 갈때면 우리 슬픈 계산이 없었던 시절 난 만날수 있을테니 너의 새 남자친구 얘길 들었지 나 제대하기 얼마 전 이해했던 만큼 미움도 커졌었지만 오늘 난 감사 드렸어 몇 해 지나 얼핏 너를 봤을때 누군가 널 그처럼 아름답게 지켜주고 있었음을 그리고 지금 내 곁엔 나만을 믿고 있는 한 여자와 잠못드는 나를 달래는 오래전 그  노래 만이
1994.07.03~07.09,29,91116,립스틱 짙게 바르고,임주리,임주리3집[그대 떠난 뒤],-,Adult Contemporary,양인자,내일이면 잊으리 꼭 잊으리  립스틱 짙게 바르고  사랑이란 길지가 않더라  영원하지도 않더라  아침에 피웠다가  저녁에 지고 마는  나팔꽃보다 짧은 사랑아  속절없는 사랑아  마지막선물 잊어 주리라  립스틱 짙게 바르고  별이 지고 이밤도 가고나면  내 정녕 당신을 잊어주리라  아침에 피웠다가  저녁에 지고마는  나팔꽃보다 짧은 사랑아  속절없는 사랑아  마지막 선물 잊어주리라  립스틱 짙게 바르고  별이 지고 이밤도 가고나면  내정녕 당신을 잊어주리라  별이 지고 이밤도 가고나면  내 정녕 당신을 잊어 주리라
1994.07.03~07.09,30,56333,그대만을 위한 사랑,박정운,박정운 Live & Single,1997.12,Ballad,박정운,나 알고 있어 나의 사랑은 그대 위한 사랑이였음을 이제 다시 그대를 볼 수 없어도 소중한 사람 내 마음속에 나를 울렸었던 그대의 슬픈 그 미소까지도  나 알고 있어 나의 사랑은 그대만의 사랑이였음을 단 한 번만 단 한 번만이라도 그대 곁에 머물 수 있다면 나는 얼마나 좋을까 그대를 보며 참 행복하겠지  그 어느 날 어느 순간 그대 나를 기억한다면 나의 사랑 그대 곁에 언제까지나  가끔은 그대 미워했었고 그 만남을 후회도 했었지 너는 모를거야 내게 남겨진 아픔 얼마나 울어야 했었는지 지금 생각하면 그 모든 것은 사랑이었을 뿐  그 어느 날 어느 순간 그대 나를 기억한다면 나의 사랑 그대 곁에 언제까지나  그 어느 날 어느 순간 나를 기억해 준다면 그대 사랑 나의 곁에 언제까지나 그대 나를 사랑하고 후회없이 날 떠나가도 그대 사랑 나의 곁에 언제까지나 기억해줘 나의 사랑 오 그대만을 위한 사랑 나의 생이 끝나는 날까지 그 날에도 그대 기억할거야 나 또 다른 삶에 태어나도 나는 너의 이름 부르겠어  나 또 다른 삶에 태어나도 나는 너의 이름 부르겠어
1994.07.03~07.09,31,54182,다시만난 너에게,피노키오,다시만난 너에게,1992.11.30,Rock,,내가 처음 보았던 기억속에 파란 하늘빛 미소 여전한 넌 지난 시간 세월을 얘기하듯 야윈 모습으로 손을 내밀고 나 역시 서툰 웃음과 어색한 시간이 흐른 뒤 나의 맘 속에 맘으로 널 그리워 해왔었다 말했지  이젠 다시 사랑을 가슴에 묻고 나누어지는 슬픔은 없을꺼야  내안에 있는 소중한 것을 모두다 너에게 주고 싶어  나 역시 서툰 웃음과 어색한 시간이 흐른 뒤 나의 맘 속에 맘으로 널 그리워 해왔었다 말했지  이젠 다시 사랑을 가슴에 묻고 나누어지는 슬픔은 없을꺼야  내안에 있는 소중한 것을 모두다 너에게 주고 싶어  그리움에 보낸 날들은 너의 절실함을 일깨워주고  어떤 어려움에도 견딜 수 있는 널 향한 사랑에게 보여주었어  그리움에 보낸 날들은 너의 절실함을 일깨워주고
1994.07.03~07.09,32,66214,난 항상 혼자다,뮤턴트,Another One In My Mind,1994.05.01,Rock,김태우,눈앞에 비친 나의 모습을 가만히 바라보았지 유난히 빛나는 내 눈동자 쭉 뻗은 두 다리가 난 좋아 문득 자신감에 놀라기도 해 하지만 외로운 건 초라한 본심 때문인 걸 알아  세상에 누구도 난 믿을 수 없어 난 항상 혼자다 내 곁에 누구도 날 도울 수 없어 차라리 혼자가 좋아  나에게 남은 작은 동정심 이제는 보이지 않아 하지만 그런 내가 더 좋아 눈물 참지 않아도 되잖아 문득 냉정함에 놀라기도 해 하지만 힘이 든 건 초라한 욕심 때문인 걸 알아  세상에 누구도 난 믿을 수 없어 난 항상 혼자다 내 곁에 누구도 날 도울 수 없어 차라리 혼자가 좋아  문득 자신감에 놀라기도 해 하지만 외로운 건 초라한 본심 때문인 걸 알아  세상에 누구도 난 믿을 수 없어 난 항상 혼자다 내 곁에 누구도 날 도울 수 없어 차라리 혼자가 좋아
1994.07.03~07.09,33,108385,마지막 승부,김민교,마지막 승부 OST,1994.01.01,"Drama,Rock",강은경,처음부터 알순 없는 거야   그 누구도 본적 없는 내일   기대만큼 두려운 미래지만   너와 함께 달려가는 거야   힘이 들면 그대로 멈춰 눈물   흘려도 좋아   이제 시작이란 마음만은 잊지마   내 전부를 거는거야 모든   순간을 위해   넌 알잖니 우리삶에   연습이란 없음을   마지막에 비로소 나 웃는   그날까지   포기는 안해 내겐 꿈이 있잖아   처음부터 내것은 없는 거야   살아가며 얻고 또 잃는 것   하고 싶은 일들과 해야할 일   방황했던 날도 많았었지   힘이 들면 그대로 멈춰   눈물 흘려도 좋아   이제 시작이란 마음만은 잊지마   내 전부를 거는거야 모든   순간을 위해   넌 알잖니 우리삶에   연습이란 없음을   마지막에 비로소 나 웃는   그날까지   포기는 안해 내겐 꿈이 있잖아   내 전부를 거는거야 모든   순간을 위해   넌 알잖니 우리삶에 연습이란   없음을   마지막에 비로소 나 웃는  그날까지  포기는 안해 내겐 꿈이 있잖아
1994.07.03~07.09,34,61581,그리움으로 지는 너,코코,그리움으로 지는 너,1993,Ballad,이혜영,거친 숨소리 속에 흐느낌은 이젠 제발 그만 좀 해 이별의 아픈 푸념들 더 이상 듣기 싫어 정말 이해 못 해 난 널 계속된 눈물 아무런 이유 없이 날 떠나갔잖니 자 뒤를 돌아서봐 사랑 때문에 버렸던 많은 것을 시작해봐 거짓된 사랑은 이젠 모두 잊어버려  모든 것을 포기한 듯한 너의 지친 한숨 소리들 가슴을 답답하게 해 이제는 그만해 둬 아픈 추억 속에 빠진 너의 모습이 언제까지 널 위해 위로할 순 없어 자 눈물을 닦아봐 잃어버렸던 새로운 사랑 위해 눈을 뜨자 거짓된 사랑은 이젠 모두 잊어버려  정말 이해 못 해 난 널 계속된 눈물 아무런 이유 없이 널 떠나갔잖니 자 뒤를 돌아서봐 사랑 때문에 버렸던 많은 것을 시작해봐 거짓된 사랑은 이젠 모두 잊어버려
1994.07.03~07.09,35,1675281,우리는,듀스,Deuxism,1993.12.30,Rap / Hip-hop,이현도,난 누군가 또 여긴 어딘가 지금 저 멀리서 누가 날 부르고 있어- 난 누군가 또 여긴 어딘가 이젠 우린 앞을 향해서만 나가겠어- 주위를 아무리 둘러봐도 내곁엔 항상 어둠뿐이었지- 느낄수 있는건 나의 힘든 거친 숨소리 하나일-뿐 무너져버린 희망 또 후회속에 난 지내왔지 하지만 이제 나는 저 알수 없는 빛을 향해 달려가고 있어- 난 누군가 또 여긴 어딘가 지금 저 멀리서 누가 날 부르고 있어- 난 누군가 또 여긴 어딘가 이젠 우린 앞을 향해서만 나가겠어- 모든건 생각하기에 달려 있는거야 너 그리고 나 다들 모두 마찬가지야 내게로 주어져 있는 생은 나에게 소중한 걸 나는 살아가며 이제 깨닫게 되었어 언제까지나 힘들지만은 않을거야 비록 지금의 그대가 믿을 수 없어도 우 지금이 힘들어도 그대가 믿기만 한다면 언젠가 새로운 모습이 되었을거야  나에게 힘든 수많은 일들 나를 쓰러지게 만들었어도- 나에겐 앞으로 더욱 많은 날들이 남아 있을뿐이야 무너져버린 희망 또 후회속에 난 지내왔지 하지만 이제 나는 내 앞에 있는 그댈 향해 달려가고 있어- 난 누군가 또 여긴 어딘가 지금 저 멀리서 누가 날 부르고 있어- 난 누군가 또 여긴 어딘가 이젠 우리 앞을 향해서만 나가겠어-  난 누군가 또 여긴 어딘가 지금 저 멀리서 누가 날 부르고 있어- 난 누군가 또 여긴 어딘가 이젠 우린 앞을 향해서만 나가겠어-
1994.07.03~07.09,36,4107875,친구에게 (Feat. 전혜선),김민기,친구에게,2013.05.08,Folk,김민기,우리는 오랜 친구는 아니지만 왠지 정이 든 것 같아 누구든지 잊을 수 없는  추억이 있겠지 지금은 너에게 맡기고 싶어 나의 마음을 하지만 언제든 우리 사이에는  이별이 다가오겠지 생각하기 싫지만 걱정이 되는 걸 지금까지 조금 어색해도  이젠 마음대로 웃고 싶어 너를 만나 느낀 모든 것을  내 맘 속에 영원히 두고 싶어 우리는 깊은 대화는 없었지만 왠지 편안한 것 같아 누구든지 만날 수 있는  사람은 많지만 지금은 너에게 기대고 싶어 나의 마음을 하지만 언제든 우리 사이에는  이별이 다가오겠지 생각하기 싫지만 걱정이 되는 걸 언젠가는 세월 지나가고  우리들은 미소로 말하겠지 너를 만나 느낀 모든 것을  내 맘 속에 영원히 두고 있어 지금까지 조금 어색해도  이젠 마음대로 웃고 싶어 너를 만나 느낀 모든 것을  내 맘 속에 영원히 두고 싶어
1994.07.03~07.09,37,91432,산다는 것은,김종찬,김종찬5집,1993,Ballad,,어디로 가야 하나 멀기만한 세월 단 하루를 살아도 마음 편하고 싶어 그래도 난 분명하지 않은 갈 길에 몸을 기댔어~ 날마다 난 태어나는 거였고 난 날마다 또 다른 꿈을 꾸었지 내 어깨 위로 짊어진 삶이 너무 무거워 지쳤다는 말조차 하기 힘들때 다시 나의 창을 두드리는 그대가 있어 어둠을 가를 빛과 같았어 여기서가~ 끝이 아님을 우린 기쁨처럼 알게 되고 산다는 것~ 그것만으로도~ 의미는 충분한거지~  날마다 난 태어나는 거였고 난 날마다 또 다른 꿈을 꾸었지 내 어깨 위로 짊어진 삶이 너무 무거워 지쳤다는 말조차 하기 힘들때 다시 나의 창을 두드리는 그대가 있어 어둠을 가를 빛과 같았어 여기서가~ 끝이 아님을 우린 기쁨처럼 알게 되고 산다는 것~ 그것만으로도~ 의미는 충분한거지~
1994.07.03~07.09,38,57339,너를 사랑해,한동준,처음 받은 느낌으로,1993.01,Ballad,한동준,아침이 오는 소리에 문득  잠에서 깨어 내 품안에 잠든 너에게  워우우워 우워워 너를 사랑해  내가 힘겨울때마다 너는  항상 내 곁에  따스하게 어깨 감싸며  워우우워 우워워 너를 사랑해 영원히 우리에겐 서글픈  이별은 없어 때로는 슬픔에 눈물도 흘리지만 언제나 너와 함께 새하얀  꿈을 꾸면서 하늘이 우리를 갈라놓을 때까지 워우우워 우워워 너를 사랑해 내가 힘겨울때마다 너는  항상 내 곁에 따스하게 어깨 감싸며  워우우워 우워워 너를 사랑해 영원히 우리에겐 서글픈  이별은 없어 때로는 슬픔에 눈물도 흘리지만 언제나 너와 함께 새하얀  꿈을 꾸면서 하늘이 우리를 갈라놓을 때까지 워우우워 우워워 너를  사랑해 너를 사랑해
1994.07.03~07.09,39,2323166,난 단지 나일뿐,Mr.2,미스터 투 1집,1993.10.16,Ballad,강은경,세상에서 내가 제일 듣기 싫은 그런 말이 하나 있지 예전에 어디선가 많이 본 듯한 얼굴이야 baby 그러고 보니 날 닮은 사람 왜 그리 많은지 세상에서 내가 제일 듣고 싶은 그런 말이 하나 있지 그다지 핸섬하진 않지만 왠지 끌려요 baby 누구도 흉내낼 수 없는 매력 내게 있다네 워 멋진 영화배우도 화려한 뮤지션도 음 독특한 개성이 없다면 어느새 잊혀져 버리잖아 난 잘 몰라 실은 나도 내 매력이 뭔지 oh baby 처음부터 난 나였을 뿐이니까 누구도 날 대신 할 수는 없듯이 나 또한 단지 나일 뿐  멋진 영화배우도 화려한 뮤지션도 음 독특한 개성이 없다면 어느새 잊혀져 버리잖아 난 잘 몰라 실은 나도 내 매력이 뭔지 oh baby 처음부터 난 나였을 뿐이니까 누구도 날 대신 할 수는 없듯이 나 또한 단지 나일 뿐
1994.07.03~07.09,40,56245,신(新) 인류의 사랑,015B,The Fourth Movement,1993.08,Rock,정석원,맘에 안드는 그녀에겐 계속 전화가 오고 내가 전화하는 그녀는 나를 피하려 하고 거리엔 괜찮은 사람 많은데 소개를 받으러 나간 자리엔 어디서 이런 여자들만 나오는 거야 야 나도 이젠 다른 친구들처럼 맘에드는 누군가를 사귀어 보고 싶어 어쩌다 마음에 드는 그녀 남자친구가 있고 별로 예쁘지 않은 그녀 괜히 콧대만 세고 거리에서 본 괜찮은 여자에게 용기를 내서 말을 걸어보면  항상 젤 못생긴 친구가 훼방을 놓지 야 나도 이젠 다른 친구들처럼 맘에드는 누군가를 사귀어 보고 싶어 주위를 보면 나보다 못난 남자들이 다 예쁜 여자와 잘도 다니는데 나는 왜 이럴까 야 나도 이젠 다른 친구들처럼 맘에드는 누군가를 사귀어 보고 싶어
1994.07.03~07.09,41,1877188,넌 언제나,모노,넌 언제나,1993.10.25,Ballad,장경아,넌 언제나 넌 언제나  하루하루 늘어갈 뿐이야  널 향한 그리움은 아픔은  늘 새롭지만 넌 너의 길을 가네  원한다면 기다릴 수 있어  난 그대로인거야 떠난 건  너 혼자였으니 그대로   돌아오면 돼  내 잘못을 탓하는 것이라면  돌아온 후에도 늦진 않아  아직 시간이 있는데 네가 떠난  그 모습 그대로 머물러   있을거야  더 이상 거짓으로 나를  위로하고 싶진 않아 처음으로  사랑을 알았어 다시 널   찾을거야  이제야 너를 위해 내가   살아있다는 걸 느꼈어   원한다면 기다릴 수있어  난 그대로인거야 떠난 건  너 혼자였으니 그대로   돌아오면 돼  내 잘못을 탓하는 것이라면  돌아온 후에도 늦진 않아  아직 시간이 있는데 네가 떠난  그 모습 그대로 머물러 있을거야  더 이상 거짓으로 나를 위로하고  싶진 않아 처음으로   사랑을 알았어  다시 널 찾을거야 이제야   너를 위해  내가 살아있다는 걸 느꼈어
1994.07.03~07.09,42,61343,종로에서,오월,그땐 몰랐어/종로에서,1993.10.15,Ballad,안병호,그렇게 떠나야만 했던 시간속에서  너를 보내기는 정말 싫었어  돌아서는 너의 슬픈 미소속에  사무친 그리움을 나는 알았어  회기로 향하던 쓸쓸한 플랫폼에서  서성이던 모습 보이지 않고  허전한 빈공간 속을 걷고 있는  너의 모습 생각해 봤어  오고가는 많은 사람들 속에서  너는 무얼 생각하고 있을까 두눈에 이슬 가득 담고 슬픈미소 지으며  무얼 그리워 하고 있을까 내가 곁에 있어도 그립다고 말하던 그대여  힘겹던 네모습이 나를 울리네  내가 곁에 있어도 그립다고 말하던 그대에게 내일은 사랑한다 말해 줄꺼야  오고가는 많은 사람들 속에서  너는 무얼 생각하고 있을까 두눈에 이슬 가득 담고 슬픈미소 지으며  무얼 그리워 하고 있을까 내가 곁에 있어도 그립다고 말하던 그대여  힘겹던 네모습이 나를 울리네  내가 곁에 있어도 그립다고 말하던 그대에게 내일은 사랑한다 말해 줄꺼야 내가 곁에 있어도 그립다고 말하던 그대에게 내일은 사랑한다 말해 줄꺼야
1994.07.03~07.09,43,55583,한번쯤 아니 두번쯤,이문세,오래된 사진처럼,1993.09,Ballad,,모든 일이 내겐 힘겨워 언제나 넌 내게 말하지만 그렇다고 지금 여기에 그냥 주저 앉을 수는 없잖아 어렵다고만 생각하지마 오늘을 살아가는 걸 또 다시 처음부터 하나 둘 시작해봐 음 한번쯤은 아니 두번쯤은 어려움이 있어도 이겨낼 만하지 한번쯤은 아니 두번쯤은 내가 변할 수 있는 기회라 생각해  한가지씩만을 생각해 그저 하루 하루가 힘겨울때면 너무 빨리 가려 하잖아 지금 너의 모습을 잊고서 어렵다고만 생각하지마 오늘을 살아가는 걸 또 다시 처음부터 하나 둘 시작해봐 음 한번쯤은 아니 두번쯤은 어려움이 있어도 이겨낼 만하지 한번쯤은 아니 두번쯤은 내가 변할 수 있는 기회라 생각해  한꺼번에 너무 많은 일을 이겨내려 한다면 우린 지쳐버려 잊어야 해 너무 복잡한 건 아직 많은 시간들이 남아 있어 한번쯤은 아니 두번쯤은 어려움이 있어도 이겨낼 만하지 한번쯤은 아니 두번쯤은 내가 변할 수 있는 기회라 생각해 한번쯤 두번쯤 예
1994.07.03~07.09,44,57022,커피 향기의 오후,Issue,Issue,1994.02,Ballad,신피디,커피 향기에 잠시 너의 모습이 떠올라 내가 지쳐있을때 더욱 슬프게 하는건 혼자이기 때문 혼자이기 때문  고마워 한 동안 내게 지나치게 짜증부리던 너 내게 조금이라도 상처를 주지 않으려 애쓴거 나 알아 정말 정말 고마워 이렇게 슬퍼지는 이유는 이별의 아픔 잊으려하는것보다 떠오르는 네 모습 더욱 슬프기 때문이야  정말 보고 싶어 이렇게 슬퍼지는 이유는 이별의 아픔 잊으려하는것보다 떠오르는 네 모습 더욱 슬프기 때문이야
1994.07.03~07.09,45,56962,어려워 정말 (Extended Ver.),닥터레게,Dr. Reggae With Taavi Mote,1993.11,Dance,김장윤,어려워 정말  어려워 정말 나 이렇게 널 바라보는데 넌 날보며 웃지도 않아 않아 알 수 없는 널 사랑하기는 어려 어려워 정말 어려 어려워  나 혼자서 서 있을 수도 있지만 네가 필요해 오늘도 난 종이 비행기만 접어 날리고 답답한 마음에 전화를 다시 들지만 신호 소리에 놀라 끊어 버렸지 용기 없는 나를 바보라면서 나 이렇게 널 바라보는데 넌 날보며 웃지도 않아 않아 알 수 없는 널 사랑하기는 어려 어려워 정말 어려 어려워  어떤날에는 혼자가 싫다고 투정하지 심할 정도로 또 어떤날에는 머리 모양도 싫다 등 돌리고 나의 자존심 아는지 무시하고 그러는지 알 수 없는 너의 마음 난 몰라 갈수록 태산인 우리 사이 나 이렇게 널 바라보는데 넌 날 보며 웃지도 않아 않아 알 수 없는 널 사랑한 그 눈빛이 어려 어려워 정말 어려 어려워 예  난 이렇게 널 바라보는데 넌 날 보며 웃지도 않아 않아 알수 없는 널 사랑하기는 어려 어려워 어려 어려  나 이렇게 널 바라보는데 넌 날 보며 웃지도 않아 않아 알 수 없는 널 사랑한 그 눈빛이 어려 어려워 정말 어려 어려워 예
1994.07.03~07.09,46,56639,널 기다리며,전일식,전일식1집,1994.01.01,Rock,,또 다른 세상을 내가 느낀 건 널 잃고 헤메던 그때 널 이해한다고 말해왔지만 나만의 생각이었어 어둔 세상속에 네가 날 버리던 시간들 다시 그리울거야 너를 느끼던 눈빛 익숙했던 그 자리 그대로인 걸 내가 줄 수 없었던 니가 찾아다니던 화려한 너의 모습 하지만 이 자리가 그리워질때 그때 내게로 다시 돌아와  널 알지 못했지 너의 눈 속에 비춰진 나의 모습을 널 이해한다고 말해왔지만 나만의 생각이었어 어둔 세상속에 네가 날 버리던 시간들 다시 그리울거야 너를 느끼던 눈빛 익숙했던 그 자리 그대로인 걸 내가 줄 수 없었던 니가 찾아다니던 화려한 너의 모습 하지만 이 자리가 그리워질때 그때 내게로 다시 돌아와
1994.07.03~07.09,47,1514219,그대의 향기,유영진,Blues in Rhythm,1993.11,Ballad,이수만,아직도 난 그대 꿈같은 눈빛속을 못 잊어 찾아 헤매이는데 그대는 가끔씩 향기로 다가와 신비스런 느낌으로 나를 날아 오르게 해 어떡해야 그댈 잊을 수 있을런지 지금 난 앞을 볼 수 없는데 그늘진 두 눈에 흐르는 눈물로 나는 무엇을 위해서 살아야 하는걸까 안녕이란 말을 꼭 해야 한다면 차라리 세상 모든 빛을 잃으리 이젠 나에게 돌아와 그대 쓰러져 어두워 갈 때 나를 안아줘 그대 향기  안녕이란 말을 꼭 해야 한다면 차라리 세상 모든 빛을 잃으리 이젠 나에게 돌아와 그대 쓰러져 어두워 갈 때 나를 안아줘  그대 향기
1994.07.03~07.09,48,418014,기억 속의 멜로디,오태호,Memory-기억 속의 멜로디,1993.09,Ballad,오태호,기억속의 멜로디 나를 깨우고가 너의 미소도 못잊을 이름도 너의 그늘을 떠난 후에 너의 의미를 알았지 눈이 슬픈 너를 울리고 이젠 나도 울고 내게 많은 시간이 흘러 널 잊은 듯 했는데 너와 자주 들었던 노래가 그 때 추억을 깨우네 세상 모든 사람이 나를 떠나버려도 너만은 나를 찾아 돌아올 고마웠던 사람 그런 착한 너에게 시린 상처만 주고 이제와 뒤늦게 후회하는 나를 용서해 어디에 있든지 누구와 있든지 내가 그립지 않을 수 있도록 행복하길 행복하길 어느 누구보다 내 슬픈 바램을 들어줘  세상 모든 사람이 나를 떠나버려도 너만은 나를 찾아 돌아올 고마웠던 사람 그런 착한 너에게 시린 상처만 주고 이제와 뒤늦게 후회하는 나를 용서해 어디에 있든지 누구와 있든지 아픈 추억에 마음이 메이지 않도록 행복하길 행복하길 어느 누구보다 내 슬픈 바램을 들어줘
1994.07.03~07.09,49,532083,내게,이승환,My Story,1993.09,Ballad,김광진,그렇게 기다리던 당신의 생일인데  창 밖으로 그대 모습을 그리고만 있네  장미꽃 한 다발을 가슴에 드리고 싶지만  표정없는 그대 모습이 너무 두려워  돌아갈 수 없는 날이 눈 앞에 그림처럼 스쳐가고  남겨진 것은 바래져 가는 사진 하나  눈부신 아침햇살이 밝아도 너를 볼 수 없다기에  어쩔 수 없이 흘러내린 눈물  약해지지마 흔들리지마 내게 다시 올거야  넌 이제 나를 슬프게 할 수 없어 그럴 순 없어  돌아갈 수 없는 날이 눈 앞에 그림처럼 스쳐가고  남겨진 것은 바래져 가는 사진 하나  이별이란 말은 우리 사이엔 어울리지 않았지만  어쩔 수 없이 흘러내린 눈물    돌아갈 수 없는 날이 눈 앞에 그림처럼 스쳐가고  어쩔 수 없이 흘러내린 눈물    약해지지마 흔들리지마 내게 다시 올거야  넌 이제 나를 슬프게 할 수 없어 그럴 순 없어  믿을 수 없어 약속하지마 내게 그럴 순 없어
1994.07.03~07.09,50,66221,낯선 사람들,낯선사람들,낯선사람들,1993.11,Jazz,이소라,누가 알았어 뭐 우린 어차피 선물로 생각하지 유월의 장미축제 같은 재미 여기 있었어 날 아끼는 세상 있었어 아 이건 TV용으로 긴 Show 낯선 그 말이 낯설어지기도 하지 또 낯선 그 말이  낯설은 우리 낯설어 보여도 우리 애써 만나게 됐어 장식용 체리 Pizza 위 Topping 우린 늘 달리 변해 내일은 더 많이 노래하기 위해 눈떠도 할 일 찾기 흐릿흐릿 했던 날 이젠 멀리 호 헤이 높이 있던 세상이 곁에 있네 낯선 그 말이 낯설어 지기도 하지 또 낯선 그 말이  낯설은 우리 낯설어 보여도 우리 애써 만나게 됐어  낯선 그 말이 낯설어 지기도 하지 또 낯선 그 말이  낯설은 우리 낯설어 보여도 우리 애써 만나게 됐어 낯설은 우리 낯설어 보여도 우리 애써 만나게 됐어 낯설은 우리 낯설어 보여도 우리 애써 만나게 됐어
