time,rank,song_id,title,singers,album,date,genre,creator,lyric
1995.08.06~08.12,1,66261,이 밤의 끝을 잡고,솔리드,Solid,1995.03.01,R&B; / Soul,김혜선,다신 널 볼수 없겠지   나의 입술이 너의 하얀  어깨를 감싸 안으며  그렇게 우린 이밤의 끝을  잡고 사랑했지만  마지막 입맞춤이 아쉬움에 떨려도  빈손으로 온 내게 세상이 준 선물은  너란 걸 알기에 참아야겠지  내 맘 아프지 않게 그 누구보다 더  행복하게 살아야 해 모든걸 잊고  이 밤의 끝을 잡고 있는 나의 사랑이  더 이상 초라하지 않게  나를 위해 울지마 난 괜찮아  그래 어쩌면 난 오래전부터  우리의 사랑도 어쩔수 없는  이별이 찾아 올지도 모른다고  생각했어  하지만 울지만 이밤의 끝은 내가  잡고 있을테니  넌 그렇게 언제나 웃으면서  살아야 돼  제발 울지 말고 나를 위해  웃어줘 제발  마지막 입맞춤이 아쉬움에 떨려도  빈손으로 온 내게 세상이 준 선물은  너란 걸 알기에 참아야겠지  내 맘 아프지 않게 그 누구보다 더  행복하게 살아야 해 모든걸 잊고  이 밤의 끝을 잡고 있는 나의 사랑이  더 이상 초라하지 않게  나를 위해 울지마 난 괜찮아  나의 가슴으로 너와 함께 나누었던  이 밤을 간직한 채 잠시  널 묻어야 하겠지  나의 눈물이 널 붙잡고 있지만  니가 힘들지 않게 웃으며  보내야 겠지  내맘아프지 않게 그 누구보다도  행복하게  모든걸 잊고 이밤의 끝을 잡고  있는 나의 사랑이 더이상  초라하지 않게  나를 위해 울지마 난 괜찮아 우
1995.08.06~08.12,2,63313,부디,윤종신,공존(共存),1995.04,Ballad,윤종신,고마워 애써 내게 감추려했던건 하지만 그래서 난 준비를못했지 내삶속에 가장 귀한 너와헤어진뒤에 쓰린 이상처를 견딜 준비를 미안해 오랫동안 힘들었었지 언젠가 한 친구는 충고해주었지 이루어질수 없다고 너와 나의 사랑은 그땐 어렸는지 웃어버렸어 포기해버린 네마음 이해해 둘만의 사랑으론 축복받을 수 없다는걸 나는 괜찮아 그냥 견딜수있을꺼야 너무 지쳐버린 네가 걱정될뿐 이젠 더이상 눈물 짓지마 아직도 흘릴 눈물 남았니 뒤돌아 볼것도 없어 빨리가렴 마지막 네모습에 널 잡을지 몰라 부디 좋은 사람 만나길 바래 많은 사람들의 축복속에서 잊어줘 살아갈 이유 잃어버린 날  이젠 더이상 눈물 짓지마 아직도 흘릴 눈물 남았니 뒤돌아 볼것도 없어 빨리가렴 마지막 네 모습에 널 잡을지 몰라 부디 좋은 사람 만나길 바래 많은 사람들의 축복속에서 잊어줘 살아갈 이유 잃어버린 날 이젠 더이상 눈물 짓지마 아직도 흘릴 눈물 남았니 뒤돌아 볼것도 없어 빨리가렴 마지막 네모습에 널 잡을지 몰라 부디 좋은 사람 만나길 바래 많은 사람들의 축복속에서 잊어줘 살아갈 이유 잃어버린 날
1995.08.06~08.12,3,63699,천일동안,이승환,Human,1995.06.29,Ballad,이승환,천일동안 난 우리의 사랑이  영원할 거라 믿어 왔었던거죠 어리석게도 그런 줄로만 알고 있었죠 헤어지자는 말은 참을수 있었지만  당신의 행복을 빌어줄 내모습이 낯설어 보이진 않을런지 그 천일동안 알고 있었나요  많이웃고 또 많이울던 당신을 항상 지켜주던 감사해하던 너무 사랑했던 나를  보고싶겠죠 천일이 훨씬  지난 후에라도 역시 그럴테죠  난 괜찮아요 당신이 내곁에 있어줬잖아요  그 천일동안 알고 있었나요  많이웃고 또 많이울던 당신을 항상 지켜주던 감사해하던 너무 사랑했던 나를  보고싶겠죠 천일이 훨씬  지난 후에라도 역시 그럴테죠 잊지마요 우리 사랑 아름다운 이름들을  그 천일동안 힘들었었나요  혹시 내가 당신을 아프게 했었나요 용서해요 그랬다면 마지막일거니까요 난 자유롭죠 그날 이후로 다만  그냥 당신이 궁금할 뿐이죠 다음 세상에서라도 우리 다시는 만나지 마요
1995.08.06~08.12,4,33146,머피의 법칙,DJDOC,D`J DOC,1995.05,Rap / Hip-hop,이승호,돈 싫어 명예 싫어 따분한 음악 우린 정말 싫어 펑키 비트의 신나는 댄스 노래하는 창렬이 래퍼 스카이 래퍼 재용 우리들은 DOC DJ DOC  친구들과 미팅을 갔었지 뚱뚱하고 못생긴 애 있길래 와 재만 빼고 다른애는 다 괜찮아 그래도 꼭 개랑 나랑 짝이 되지 내가 맘에 들어하는 여자들은 꼭 내 친구 여자 친구이거나 우리 형 애인 형 친구 애인 아니면 꼭 동성동본 세상에 어떻게 이럴수가 나는 도대체 되는일이 하나 없는지 언제쯤 내게도 기가 막힌 그런 눈부신 여자친구 하나 생길까 세상 모든게 다 내뜻과 어긋나 힘들게 날 하여도 내가 꿈꿔온 내 사랑은 널 위해 내 뜻대로 이루고 말테야 나나나나 나나나나 나나나나  나나나나 나나나나 나나나나 나나나나  나나나나 나나나나나 오랜만에 꼬질꼬질한 모습으로  우리동네 목욕탕을 찾은 날은 한 달에 두 번 있는 정기휴일이 왜 꼭걸리는 거야 어 꼬질꼬질 지저분한 내 모습 그녀에게 들키지 말아야지 하면 벌써 저 쪽에서 그녀가 날 꼭 어이없이 바라볼까 세상에 그 어떤 누구라도 너와 바꿀 수 없다는걸 우린 알잖아 세상에 그 어떤 어려움도 우리 사랑을 갈라놓을 순 없잖아 세상 모든게 다 내 뜻과 어긋나 힘들게 말하여도 내가 꿈꿔온 내 사랑은 널 위해 내 뜻대로 이루고 말테야 나나나나 나나나나 나나나나  나나나나 나나나나 나나나나 나나나나  나나나나 나나나나 요 머피의 법칙 I like the full  music DJ DOC  머피의 법칙 자 다같이 오  예 오예 아 예 아예 아하 아하 Say one Two  One Two Three Four 나나나나 나나나나 나나나나  나나나나 나나나나 나나나나 나나나나  나나나나 나나나나
1995.08.06~08.12,5,66311,상상속의 너,노이즈,Noise 3rd Revolution,1995.04,Dance,김창환,나는 가끔 이런 생각들을 했어 내가 사랑할 수 있는 누군가도  지금 나와같은 생각으로 나의 모습들을 가끔씩 그려보는지 이런저런 상상속에 많은 시간들은  나를 외롭게 만들었지만 나는 기다렸어 그날이 오기를  바로 오늘을 오늘 나는 우연히 널 보고 말았어 나에 상상 속에 그리던 널 나의 눈이 너와 마주치던 그 순간  나는 굳어버렸지 할말도 잃어버린 채 어떡해야 그대에게 말을 건넬까 나의 맘은 두근거렸지만 내게 슬쩍 눈길을 주며 웃는 그댈  이젠 사랑할 수밖에 없어 너무 오랫동안 나는 기다렸어 나의 친구들은 애인이 있는데 나만 혼자라는 외로움에 가끔  나는 내 자신을 미워했었지만 그래 한번 참아보는 거야 어디까지 그댈 기다려야 하는지 나의  인내심은 그대를 만났어 바로 이 순간 오늘 나는 우연히 널 보고 말았어 나에 상상 속에 그리던 널 나의 눈이 너와 마주치던 그 순간  나는 굳어버렸지 할말도 잃어버린 채 어떡해야 그대에게 말을 건넬까 나의 맘은 두근거렸지만 내게 슬쩍 눈길을 주며 웃는 그댈  이젠 사랑할 수밖에 없어 나는 가끔 이런 생각들을 했어 내가 사랑할 수 있는 누군가도  지금 나와같은 생각으로 나의 모습들을 가끔씩 그려보는지 이런저런 상상속에 많은 시간들은  나를 외롭게 만들었지만 나는 기다렸어 그날이 오기를  바로 오늘을 오늘 나는 우연히 널 보고 말았어 나에 상상 속에 그리던 널 나의 눈이 너와 마주치던 그 순간  나는 굳어버렸지 할말도 잃어버린 채 어떡해야 그대에게 말을 건넬까 나의 맘은 두근거렸지만 내게 슬쩍 눈길을 주며 웃는 그댈  이젠 사랑할 수밖에 없어 어떡해야 그대에게 말을 건넬까 나의 맘은 두근거렸지만 내게 슬쩍 눈길을 주며 웃는 그댈  이젠 사랑할 수밖에 없어
1995.08.06~08.12,6,66366,고요속의 외침,R.ef,Rave Effect,1995.03,Dance,홍재선,더 이상 나에게 너만을  강요하지는 말아줘  서둘러 가야할 이별에 눈물은 장애가 될뿐야 때로는 적당히 자신을  속이며 만나왔지만 솔직히 이제는 너를 떠나겠어 떠나겠어 내곁에 맴도는 약속된 슬픔은  숙제로 남겨버리고서 또 다른 만남에  충실하려는 외침  그 외침은 내 맘속에 고요함을  깨뜨리고 널 두고 난 떠나네 운명처럼 받아들인  헤어짐이 눈물로 그래 쉬운일이 아니란걸 알아 너를 떠난다는 그런 사실조차 나는 도저히 믿어지지  않겠지만 잘못된 만남이 힘들었지 어느 누구도 나만큼 너를  사랑할 수 없을거라 말을  했었지만 지금은 달라 모든게 변했어 어느 순간부터 내곁에 맴도는 약속된 슬픔은  숙제로 남겨버리고서 또 다른 만남에 충실하려는 외침  그 외침은 내 맘속에 고요함을  깨뜨리고 널 두고 난 떠나네 운명처럼 받아들인  헤어짐이 눈물로 내 맘속에 고요함을 깨뜨리고 널 두고 난 떠나네 운명처럼 받아들인  헤어짐이 눈물로 내 맘속에 고요함을 깨뜨리고 널 두고 난 떠나네 운명처럼 받아들인  헤어짐이 눈물로 흐르는 눈물로
1995.08.06~08.12,7,63343,사랑의 서약,한동준,한동준 3,1995,Ballad,한동준,그토록 바라던 시간이 왔어요  모든 사람의 축복에  사랑의 서약을 하고 있죠  세월이 흘러서 병들고 지칠 때  지금처럼 내 곁에서  서로 위로해 줄 수 있나요  함께 걸어가야 할 수많은 시간 앞에서  우리들의 약속은 언제나 변함없다는 것을 믿나요  힘든 날도 있겠죠 하지만 후횐 없어요  저 하늘이 부르는 그날까지  사랑만 가득하다는 것을 믿어요    이룰수 없다고 슬퍼했던 날들  낮설었던 그 이별도  이젠 추억이라 할수 있죠  함께 걸어가야 할 수많은 시간 앞에서  우리들의 약속은 언제나 변함없다는 것을 믿나요  힘든 날도 있겠죠 하지만 후횐 없어요  저 하늘이 부르는 그날까지  사랑만 가득하다는 것을 믿어요
1995.08.06~08.12,8,66475,뭐야 이건,지니,Cool World,1996.01.01,Rock,,뭐야 이건  거리위에 지쳐버린 사람들의 한숨 속에  잃어버린 나를 보았지 그냥 열심히 어린시절 반짝이던 눈망울로 그렇게 항상 꿈꾸며 그리던  그런 나의 모습이 아냐 언제까지나 어린날의 나의 꿈을 찾아가는 거야  또다른 나의 세상을 위해서 이제 내게 그무엇도 힘들꺼라 생각지 않아  혼자만의 싸움 뿐인걸 어렵고 힘들어도 부딪혀 이겨내는 거야  고통이 항상 나쁘지는 않아 오히려 내겐 힘이되는 거야  언제까지나 꿈꿔오던 내모습을 찾아가는 거야 또 다른 나의 세상을 위해  언제까지나 어린날의 나의 꿈을 찾아가는 거야 또 다른 나의 세상을 위해서  어렵고 힘들어도 부딪혀 이겨내는 거야  고통이 항상 나쁘지는 않아 오히려 내겐 힘이되는 거야  언제까지나 꿈꿔오던 내모습을 찾아가는 거야 또다른 나의 세상을 위해  언제까지나 어린날의 나의 꿈을 찾아가는 거야 또다른 나의 세상을 위해서 랄랄라라랄~
1995.08.06~08.12,9,32854,친구를 위해,더블루,The Blue,1995,Ballad,김민종,하늘위로 날아가는 새들은 자유로운 날개짓을 하며 말이 없는 내마음을 아는지 작은 내모습 위로 날아가네 다가가면 멀어지는 사람들 사랑하는 그대마저 떠난 밤이오는 노을아래 서 있는 나는 홀로 이렇게 울고있네 다른 세상으로 떠나가고 싶지만 나의 곁에 다가와준 내친구는 힘이 들어도 꿈을 찾고 있었지 어떤날은 버려진 나를 위해서 이젠 나의 꿈들을 찾아 떠나야겠어 그 누구나 새로운 많은 날이 있잖아 나의 꿈을 찾아서 다시 노래할꺼야 언제까지 변하지 않는 나의 친구와  지난 나의 마지막 무대위에 섰을 때 내이름을 부르던 사람들은 떠나고 그런 나의 모습에 그댄 사라져 갔어 초라해진 사랑에 많이 아파했지만 이젠 나의 꿈들을 찾아 떠나야겠어 그 누구나 새로운 많은 날이 있잖아 나의 꿈을 찾아서 다시 노래할꺼야 언제까지 변하지 않는 나의 친구와 노래가 끝나가는 지금 내곁엔 나를 보는 친구가 있네......
1995.08.06~08.12,10,63353,훈련소로 가는 길,이장우,"이제, 그녀는 이 도시 어디에도 살지 않는다",1995.05,Ballad,,넌 내가 힘들어할까  걱정스런 눈빛이지만 아냐 나도 남자잖아 남들처럼 견딜 수 있을거야  너무 슬프게 울지는 마 내가 괜히 미안하잖아 이제 한동안 못보겠지만 내 생각이 날 때 가끔 면회나 와줘 첫 휴가때는 짧은 머리에 난 아마도 쑥스럽겠지  날 기다리진 마 네게 부담주긴 싫어 좋은 사람 만날 기회를 나 때문에 피하지는 마 하지만 그래도 니가 나를 못 잊어 아무것도 없이 새로 시작할 날 허락한다면 그땐 너와 결혼을 하고 싶어  군대있는 동안 이별한 많은 연인들을 봤었지 이제는 내 얘기가 되는걸까 너 변할지라도 너무 미안해는마 시간이 갈수록 우린 다른 세상속에 멀어질 수 밖에 날 기다리진 마 네게 부담주긴 싫어 좋은 사람 만날 기회를 나 때문에 피하지는 마 하지만 그래도 니가 나를 못 잊어 아무것도 없이 새로 시작할 날 허락한다면 그땐 너와 결혼을 하고 싶어  날 기다리진 마 네게 부담주긴 싫어 좋은 사람 만날 기회를 나 때문에 피하지는 마 하지만 그래도 니가 나를 못 잊어 아무것도 없이 새로 시작할 날 허락한다면 그땐 너와 결혼을 하고 싶어
1995.08.06~08.12,11,65305,이브의 경고,박미경,Jungle New Style,1995.07.22,Dance,김창환,오늘도 넌 나를 피해  딴 생각을 하지만   난 알고 있어   나의 예감은 한번도   틀린적이 없어   걱정스런 맘   이런내 마음을 알고 있다면   나에게 더이상 실수하지마   내게도 너 아닌 멋진 남자가   가끔 날 유혹해 흔들릴   때도 있어   너에게만 있는 능력처럼   그렇게 날 속이려고 하면   나에게는 더이상 순애보는   없어 난 널   그냥 떠나버릴 거야  너에게 실수하고 싶은  마음은 없었어  나의 호기심이 잠시 날  흔들리게 했을 뿐  너에게 구차한 변명따위는  하지 않을게  이젠 날 이해해줘 내 잘못을  인정 할테니  그렇게 말을하면 나도  할말은 없어  이해해 줄게  하지만 내게 약한  모습은 보이지마  사랑하니까  언제나 당당한 너의 모습에  난 항상 매력을 느꼈던 거야  누구나 한번은 실수하지만  두번은 안돼 내가   못 견딜 테니까  너에게만 있는 능력처럼  그렇게 날 속이려고 하면  나에게는 더이상 순애보는  없어 난 널  그냥 떠나버릴거야 워  이제는 알 것 같아 숨겨진  너의 마음을  언제나 가볍게 넌 나를  대하고는 했지만  니 속에 숨어있는 너의  그 표독함까지  언제나 나를 위한  마음이었었다는 것을  가만히 생각하면 난  자꾸만 화가나  참으려 해도  내가 그렇게 네게 매력이  없었을까  난 모르겠어  어떻게 나아닌 다른 사람과  몰래 데이트를 할 수 있는지  지금 내 마음가짐으론 너를  이해할수 없지만 한번은  참는거야  너에게만 있는 능력처럼  그렇게 날 속이려고 하면  나에게는 더이상 순애보는  없어 난 널  그냥 떠나버릴 거야  너에게만 있는 능력처럼  그렇게 날 속이려고 하면  나에게는 더이상 순애보는  없어 난 널  그냥 떠나버릴 거야
1995.08.06~08.12,12,66052,슬프도록 아름다운 ...,K2김성면,슬프도록 아름다운...,1995.01.15,Rock,K2김성면,그리움의 끝엔 언제나 눈물 속에 항상 네가 있는 것은 돌아갈 수 없는 아픔인듯 시린 추억이 가슴속에 남아서야 어느 하늘 아래 있을까 아련하게 자꾸 떠오르는 너를 한번만이라도 보고 싶은 마음 서러워 눈물로도 참지 못해 이젠 다른 삶인걸 알아 우린 같은 추억 간직한 채로 서로 사랑했던 날 만큼 아파하며 잊혀져 버릴지도 몰라 아냐 기쁜 젊은 날의 내 사랑 어떻게 널 잊을수 있어 슬프도록 아름다웠던 우리 지난 날의 사랑아 이젠 다른 삶인걸 알아 우린 같은 추억 간직한 채로 서로 사랑했던 날 만큼 아파하며 잊혀져 버릴지도 몰라 아냐 기쁜 젊은 날의 내 사랑 어떻게 널 잊을수 있어 슬프도록 아름다웠던 우리 지난 날의 사랑아 기쁜 젊은 날의 내 사랑 어떻게 널 잊을수 있어 슬프도록 아름다웠던 우리 지난 날의 사랑아
1995.08.06~08.12,13,104067,그리움만 쌓이네,노영심,노영심 2집,1995.06,Ballad,여진,다정했던 사람이여 나를 잊었나 벌써 나를 잊어버렸나 그리움만 남겨놓고 나를 잊었나 벌써 나를 잊어버렸나 그대 지금 그 누구를 사랑하는가 굳은 약속 변해버렸나 예전에는 우린 서로 사랑했는데 이젠 맘이 변해버렸나 아 이별이 그리 쉬운가 세월 가 버렸다고 이젠 나를 잊고서 멀리 멀리 떠나가는가 아 나는 몰랐네 그대 마음 변할줄 난 정말 몰랐었네 오 나 너 하나만을 믿고 살았네 그대만을 믿었네 오 네가 보고파서 나는 어쩌나 그리움만 쌓이네  아 이별이 그리 쉬운가 세월 가 버렸다고 이젠 나를 잊고서 멀리 멀리 떠나가는가 아 나는 몰랐네 그대 마음 변할줄 난 정말 몰랐었네 오 나 너 하나만을 믿고 살았네 그대만을 믿었네 오 네가 보고파서 나는 어쩌나 그리움만 쌓이네
1995.08.06~08.12,14,66507,바람 난 여자,투투,Two Two 2집,1995,Dance,,밤바람밤 바람밤밤 바람밤 밤바람밤 바람밤밤 바람밤   별일 아니라 생각했어  이 시간이 지나면 괜찮겠지  니가 요즘 너무 이상했지  올 것이 왔나봐  지금은 모두 다 곤히 잠든 시간인데  왜 계속 통화중인거야  어제도 나한테 그랬잖아  내가 제일 좋다고   너 지금 통화하는 사람도  좋아한다 말 하는 건 아니겠지  나 지금 너에게 가고 있어  널 유혹하는 바람 막으러   밤바람밤 바람밤밤 바람밤  밤바람밤 바람밤밤 바람밤  밤바람 바람밤   달려가며 난 생각했어  이번만은 가만히 안 있겠다고  내가 요즘 너무 참았었지  날 막을 순 없을 걸   지금은 모두 다 곤히 잠든 시간인데  왜 계속 통화중인거야  어제도 나한테 그랬잖아  날 사랑한다고   너 지금 통화하는 사람도  좋아한다 말 하는 건 아니겠지  너 지금 너에게 가고 있어  널 유혹 하는 바람 막으러   나 역시 너에게 전화를 걸고 있었지  너는 왜 통화중인거야  그러다 어머니가 전활 받았지  너 지금 막 나갔다고 아-   너 지금 통화하는 사람도  좋아한다 말 하는 건 아니겠지  나 지금 너에게 가고있어  널 유혹하는 바람 막으러
1995.08.06~08.12,15,71914,기억에 남는건 너의 젖은 눈동자,박정운,박정운 Live & Single,1997.12,Ballad,박정운,기억에 남는건 너의 젖은 눈동자 너에게 물었지 외로우냐고 비오는 날이면 그렇게도 좋다며 티없이 웃었던 너의 얼굴 생각나 오늘도 이렇게 비는 쏟아지는데 넌 무슨 생각 잠겨 있을까 이 세상 모든 것이 비에 젖어 가듯이 너의 눈망울도 젖어 가겠지 그냥 스치듯이 지나버린 작은 만남속에 그 포근함 나 잊을 수 없어 언제나 빗소리가 들려오면 떠오르는 너의얼굴 아쉬운 기억으로 남겨두겠어  비오는 날이면 그렇게도 좋다며 티없이 웃었던 너의 얼굴 생각나 오늘도 이렇게 비는 쏟아지는데 넌 무슨 생각 잠겨 있을까 이 세상 모든 것이 비에 젖어 가듯이 너의 눈망울도 젖어가겠지 그냥 스치듯이 지나버린 작은 만남속에 그 포근함 나 잊을 수 없어 언제나 빗소리가 들려오면 떠오르는 너의얼굴 아쉬운 기억으로 남겨둘거야
1995.08.06~08.12,16,66447,유년시절의 기행,아낌없이주는나무,Ⅰ. 아낌없이 주는 나무,1995.01.01,Ballad,이혜민,어제는 하늘을 나는 아름다운 꿈을 꾸었지 오랜만의 유년 시절의 나를 발견했지 저물 무렵 빈 운동장에 커다란 나무 아래서 운동화에 채이는 비를 보며 그 애와 웃곤 했지 내가 떠나려는 것인지 주위가 변해버린 것인지 횡한 나의 두 눈은 기억 속의 너를 찾네 손 때묻은 가방과 어색한 표정의 사진들은 무뎌진 나의 가슴에 숨은 기억을 깨우네  정든 학교를 떠나고 까만 교복을 입던 날 혼돈스런 날을 보내며 조금 커가는 걸 느꼈지 내가 떠나려는 것인지 주위가 변해버린 것인지 횡한 나의 두 눈은 기억 속의 너를 찾네 손 때묻은 가방과 어색한 표정의 사진들은 무뎌진 나의 가슴에 숨은 기억을 깨우네 손 때묻은 가방과 어색한 표정의 사진들은 무뎌진 나의 가슴에 숨은 기억을 깨우네
1995.08.06~08.12,17,38931,흔들리지마,강수지,Kang Susie 6,2000.01.14,Ballad,"박주연,서정성짙은가사로발라드품격높인작사가박주연대중가요마스터좋아요총건수32930곡#서정적인#노",예전엔 몰랐어 사랑이라는 건 지키는게 더 어렵다는 걸 작은 오해로도 너무나 쉽게 끝난다는 걸 우리는 얼마나 상처 받았는지 사람들의 책임없는 참견 속에 우린 서로를 의심도 했고 또 이별도 나 하지만 너 뿐이야 너의 그 눈빛을 믿을뿐야 눈처럼 부푼 세상 소문에도 우린 흔들리지마 너와 함께라면 난 항상 준비가 되있어 어려움 이긴 연인들처럼 축복의 날 위해  이제 나는 알아 사랑이라는 건 서로에게 힘이 된다는 걸 둘이 함께라면 먼길도 아주 가깝다는 걸 우리는 얼마나 상처 받았는지 사람들의 책임없는 참견 속에 우린 서로를 의심도 했고 또 이별도 나 하지만 너 뿐이야 너의 그 눈빛을 믿을뿐야 눈처럼 부푼 세상 소문에도 우린 흔들리지마 너와 함께라면 난 항상 준비가 되있어 어려움 이긴 연인들처럼 축복의 날 위해  너 뿐이야 너의 그 눈빛을 믿을뿐야 눈처럼 부푼 세상 소문에도 우린 흔들리지마 너와 함께라면 난 항상 준비가 되있어 어려움 이긴 연인들처럼  축복의 날 위해
1995.08.06~08.12,18,1622501,사랑을 할꺼야,녹색지대,사랑을 할거야,1994.01.01,Ballad,이성환,이젠 나도 널 잊겠어  너무 힘이 들잖아 원하는 대로 해줄 순 있지만 난 더 이상 해줄게 없어 그런 나를 욕하지마 후회 할지도 몰라 철없는 생각 시간이 흐르면 그땐 이미 늦은걸 모든 것을 주는 그런  사랑을 해봐 받으려고만 하는 그런  사랑말고 너도 알고 있잖아 끝이 없는 걸 서로  참아야만 하는 걸 사랑을 할거야 사랑을 할거야 아무도 모르게 너만을 위하여 나를 지켜봐줘 나를 지켜봐줘 아무도 모르는 사랑을 모든 것을 주는 그런  사랑을 해봐 받으려고만 하는 그런 사랑말고 너도 알고 있잖아 끝이 없는 걸 서로 참아야만  하는 걸 사랑을 할거야 사랑을 할거야 아무도 모르게 너만을 위하여 나를 지켜봐줘 나를 지켜봐줘 아무도 모르는 사랑을 사랑을 할거야 사랑을 할거야 아무도 모르게 너만을 위하여 나를 지켜봐줘 나를 지켜봐줘 아무도 모르는 사랑을
1995.08.06~08.12,19,58506,널 보낸 후에,최재훈,외면,1994.07.01,Ballad,김혜선,처음부터 잘못된 만남인걸   알지만 그댈 사랑했을 뿐   아름다운 그대 지워지지가 않아   그댄 지금 어디에  얼마나 아파해야 하는지   그대를 잊을수 있는 걸까   아무 이유없이 날 외면하고 있어   그댄 지금 어디에  알고 있어 그대 떠난 이유를   그땐 왠지 너무 힘이 들었어   다시 못올 길을 가고 있지만   다시 한번 너를 안고 싶어져   사랑해 아픔이 쌓인 만큼   기억할 수 있을 때까지   워 그대여 내 맘 알고 있다면   돌아와줘 내게로   사랑해 아픔이 쌓인 만큼   기억할 수 있을 때까지   워 그대여 내 맘 알고 있다면   돌아와줘 내게로  사랑해 아픔이 쌓인 만큼   기억할 수 있을 때까지   워 그대여 내 맘 알고 있다면
1995.08.06~08.12,20,1620554,날 위한 이별,김혜림,날 위한 이별,1994.10.01,Ballad,"박주연,김형석",난 알고 있는데 다 알고 있는데 니가 있는 그 곳 어딘지 너도 가끔씩은 내 생각날꺼야 술이 취한 어느 날 밤엔 누구를 위한 이별이었는지 그래서 우린 행복해 졌는지 그렇다면은 아픔의 시간들을 난 어떻게 설명해야만 하는지 돌아와 니가 있어야 할 곳은 바로 여긴데 나의 곁인데 돌아와 지금이라도 날 부르면 그 어디라도 나는 달려 나갈텐데 돌아와 우리 우연한 만남이 아직도 내겐 사치인가봐 돌아와 나를 위한 이별이었다면 다시 되돌려야 해 나는 충분히 불행하니까 누구를 위한 이별이었는지 그래서 우린 행복해 졌는지 그렇다면은 아픔의 시간들을 난 어떻게 설명해야만 하는지 돌아와 니가 있어야 할 곳은 바로 여긴데 나의 곁인데 돌아와 지금이라도 날 부르면 그 어디라도 나는 달려 나갈텐데 돌아와 우리 우연한 만남이 아직도 내겐 사치인가봐 돌아와 나를 위한 이별이었다면 다시 되돌려야 해 나는 충분히 불행하니까
1995.08.06~08.12,21,91491,포기하지 마,성진우,Virgin Flight,1994.12,Dance,주영훈,다 포기하지마 또 다른 모습에  나 살기 위해 몸부림 치는 걸    다 포기하지마 또 다른 모습에  나 살기 위해 몸부림 치는 걸  너 돌아보지마 또 힘든 네모습  더 먼곳으로 나 떠나갈꺼야  이제껏 구겨진 생활속에 지쳤어  모든걸 그렇게 지나치며 살았어  그래도 아직은 포기못해 너만은  다시금 널 찾아 떠나겠지  달려가 내 몸을 너에게 안길거야  쉽게 지나치진 못하겠지  조금씩 더 크게 네 이름 부를거야  이렇게 더 사랑하는 너를    너 돌아보지마 또 힘든 네 모습  더 먼 곳으로 나 떠나갈꺼야  이제껏 구겨진 생활속에 지쳤어  모든걸 그렇게 지나치며 살았어  그래도 아직은 포기못해 너만은  다시금 널 찾아 떠나겠지  달려가 내 몸을 너에게 안길거야  쉽게 지나치진 못하겠지  조금씩 더 크게 네 이름 부를거야  이렇게 더 사랑하는 너를  달려가 내 몸을 너에게 안길거야  조금씩 더 크게 네 이름 부를거야  이렇게 더 사랑하는 너를
1995.08.06~08.12,22,66241,안녕,룰라,날개 잃은 천사,1995,Dance,정세희,너로 인해서 길들어져 버린 내 인생에 전부였던 너 너와 잘못되어 버린 걸 난 알아 다가가서 버림받았던 슬픔보다 다시 너를 볼 수 없다는 생각에 죽음만이 느껴져 와하하하 사랑하고 싶었기에 너에게 내 모든걸 너무 쉽게 허락했던 걸까 아니라면 너 하나만을 바라보며 사는 나에게로 나에게로 지루함을 혹시 느낀걸까 아무런 변명없이 넌 내게 이별을 말했던 거야 내안에 없는 너의 사랑이 싸늘하게 느껴져 이렇게 끝나버릴 사랑을 시작은 왜 했던 거야 너 아닌 다른 사람은 생각하기 조차 두려워 이제껏 그래 이제껏 이제 꼭 하고 싶지 않아 이제껏 그래 이제껏 이제껏 꼭 날 사랑을 그래 이별앞에 모든 것이 꿈이기를 난 바랬어 이제 또 돌이킬 수 없다는걸 알면서도 돌아가고 싶은 건 내 기억속에서 끊임없이 부른 니 웃음때문이야 또 애써 변명하려 하지 말아 처음부터 넌 내 전부였으니 아무런 변명없이 넌 내게 이별을 말했던 거야 내안에 없는 너의 사랑이 싸늘하게 느껴져 이렇게 끝나버릴 사랑을 시작은 왜 했던거야 너 아닌 다른 사람은 생각 하기 조차 두려워 다시 한번 생각해봐 우리 사이의 서로 사랑했던 많은 기억들 버릇처럼 너는 나를 외면하고 그런 나는 내게 말도 하지 않고  어딜떠나 가나 사랑 한단 그말 모두 연극이었나 아무런 변명없이 넌 내게 이별을 말했던거야 내안에 없는 너의 사랑이 싸늘하게 느껴져 이렇게 끝나버릴 사랑을 시작은 왜 했던거야 너 아닌 다른 사람은 생각하기 조차 두려워 그래 이별앞에 모든 것이 꿈이기를 바랬었어 이젠 또 돌이킬 수 없다는 걸 알면서도 돌아가고 싶은 건 내 기억속에서 끊임없이 부른 니 웃음 때문이야 또 애써 변명하려하지 말아 처음부터 넌 내 전부였으니 아무런 변명없이 넌 내게 이별을 말했던거야 내안에 없는 너의 사랑이 싸늘하게 느껴져 이렇게 끝나버릴 사랑을 시작은 왜 했던 거야 너 아닌 다른 사람은 생각하기 조차 두려워
1995.08.06~08.12,23,66411,내가 날 버린 이유,베이시스,Looking For Myself,1995.05.06,Ballad,김혜선,그때 내가 한말 기억하니  울면서 애원했었지  돌아갈곳없는 난 어떡해  제발 이러지마 부탁이야  너 떠난 후 난 멍하니  벽만보며 울다 웃곤했어  그런데 넌 사랑을 말하는거니  싫어 이젠 싫어  너의 사랑을 받은 이유로  나는 나를 버려야했어  내 모든것을 다 가진 네가  남은게 없는 날 버렸기에  널 떠난 후 난 멍하니  벽만보며 울다 웃곤했어  그런데 넌 사랑을 말하는거니  싫어 이젠 싫어  너의 사랑을 받은 이유로  나는 나를 버려야했어  내 모든것을 다가진 네가  남은게 없는 날 버렸기에
1995.08.06~08.12,24,66156,시간이 흐른뒤에,피노키오,피노키오 2,1994.10.30,Rock,김의찬,너의 뒷모습에 익숙해져 같어  먼저 말한 이별  너의 내민 손을 잡긴 했지  아직 내 것 같지 않은 이별인데  너는 오래전부터 느낀 것 같아    잊을 수 있을거라  나는 생각했어  시간이 흐르면  몰랐던거야 갈수록  더해가는 아픔을    너는 오래전부터 느낀 것 같아    잊을 수 있을거라  나는 생각했어  시간이 흐르면  몰랐던거야 갈수록  더해가는 아픔을    잊을 수 있을거라  나는 생각했어  시간이 흐르면  몰랐던거야 갈수록  더해가는 아픔을  잊을 수 있을거라  나는 생각했어  시간이 흐르면  몰랐던거야 갈수록
1995.08.06~08.12,25,66397,왕자와 병사들,모자이크,모자이크 3,1995.04,Ballad,김준범,빠빠 빠 빠빠빠 빠빠 빠 빠빠 빠  니가 원하는 것들 모두 다 해줄순 없어 그래도 나에겐 세상 그 누구보다 귀한 내 친구들 있어 내가 늘 얘기하던 장난 칠때면 좀 짖궂기는 하지만 나보다도 날 잘 아는 친구 난 백마타고 온 왕자는 아니지만 이렇게 좋은 친구들 있잖아 여기 나의 친구들 모두 너를 좋아해 내 여자 친구라는 사실 하나만으로 우리 두 사람 사랑 영원하도록 내 친구들이 항상 우릴 축복할거야  내가 바라는 것들 모두 다 채울순 없어 너의 그 사랑만으로 때로는 너도 알 수 없는 남자들만의 세계가 필요한거야 장난 칠때면 좀 짓궂기는 하지만 나보다도 날 잘 아는 친구 난 백마타고 온 왕자는 아니지만 이렇게 좋은 친구들 있잖아 여기 나의 친구들 모두 너를 좋아해 내 여자 친구라는 사실 하나만으로 우리 두 사람 사랑 영원하도록 내 친구들이 항상 우릴 축복할거야  빠 빠빠 빠 빠빠 빠빠빠빠빠빠 여기 나의 친구들 모두 너를 좋아해 내 여자 친구라는 사실 하나만으로 우리 두 사람 사랑 영원하도록 내 친구들이 항상 우릴 축복할거야 여기 모인 친구들 모두 너를 사랑해 이젠 너도 우리들의 공주님이 된거야 오늘 우리 앞에서 너흰 약속한거야 언제까지나 서로를 사랑한다고 나나 나 나나나 나나 나 나나나 나나 나 나나나 나나 나 나나나 나나 나 나나나 나나 나 나나나 나나 나 나나나 나나 나 나나나
1995.08.06~08.12,26,1698660,살다보면,권진원,권진원 Vol.2,1996,Folk,유기환,살다보면
1995.08.06~08.12,27,62595,10년후에,박지원,느낌만으로,1995,Dance,,10년후에 나의 모습들을 생각하며 홀로 웃음짓네 지금 내 모습과 많이 달라지겠지 이제껏 그랬듯이 10년후에 너의 모습들을 생각하며 괜한 미소를짓네 너도 지금과는 많이 변해있겠지 모든것이 변해가듯이 너와 나도 변해 가겠지만 영원히 변치않을 순수함을 서로가 간직했으면 좋겠어 10년후에 우리모습들을 생각하며 가슴설레여 보네 처음 만났을때 그런 마음이면 좋겠어 모든것이 변해가듯이 너와 나도 변해 가겠지만 변한건 모습일뿐 마음만은 언제나 늘 같았으면 좋겠어  모든것이 변해가듯이 너와 나도 변해 가겠지만 언제나 우린 서로 소중함을 느끼며 사랑했으면 좋겠어 지금도 나의 곁에 느껴지고 있어 너의 따스한 온기와 너만이 가질 그 향기로움 모든것이 변해가듯이 너와 나도 변해 가겠지만 변한건 모습일뿐 마음만은 언제나 늘 같았으면 좋겠어
1995.08.06~08.12,28,607938,너의 곁에 있고 싶어,신효범,5집,1995,Ballad,신효범,그냥 그대로 있어 떠나지 말아 네가 떠나면 나는 혼자인데 떠나는 널 보며 울고싶지는 않아 잠시 너의 곁에 있게 해줘  너를 보내야만 하는 이 깊은 슬픔속에서 돌아서는 너를 위해 이렇게 웃고 있잖아  너는 떠나겠지 아무 일 없는 듯 우리 사랑마저 없던 것처럼  너를 보내야만 하는 이 깊은 슬픔속에서 마지막 이 순간까지 널 위해 웃고 있잖아  너는 떠나겠지 아무 일 없는 듯 우리 사랑마저  잊은 것처럼
1995.08.06~08.12,29,63264,Happy End (Edit Ver.),김범수,Guardian Angel (수호천사),1996.10.01,Electronica,박창학,그래 여기까지 난 걸어왔지 어느새 내가 갖고 싶었던 모든 것은 버린채 이젠 눈물없이 끝내고 싶어 내게 보여준 꿈들도 모두다 가져가 너 하나따윈 내게 없어도 달라지는건 없으니 괜찮아 괜찮아 난 이제는 처음 그 자리로 돌아가겠어 늘 나만을 기다리는 또 하나의 나에게  나 누구보다 잘 알고있지 너쯤은 다신 가까워질 수 없는 길로 떠난걸 이젠 눈물없이 끝내고 싶어 내게 보여준 꿈들도 모두다 가져가  너 하나따윈 내게 없어도 달라지는건 없으니 괜찮아 괜찮아 난 이제는 처음 그 자리로 돌아가겠어 늘 나만을 기다리는 또 하나의 나에게  이젠 눈물없이 끝내고 싶어 내게 보여준 꿈들도 모두다 가져가 너 하나따윈 내게 없어도 달라지는건 없으니 괜찮아 괜찮아 이젠 눈물없이 끝내고 싶어 내게 보여준 꿈들도 모두다 가져가
1995.08.06~08.12,30,66105,Mystery,봄여름가을겨울,Mystery,1995.02,Rock,김종진,길을 가다 눈에 뜨이는 수많은 불빛 그리고 사람들 세상 살면 겪어야 할 수많은 새로운 일들이 많아 이것이 바로 내가 품었던 어린 시절 소중히 간직한 꿈이었을까 이토록 이해할 수 없는 건 소설속에서나 볼 수 있는 건 줄 알았지 마치 미스테리 영화 한편 보고 있는 듯한 모습 식어버린 가슴 속에 담겨있는 것이 마치 미스테리 영화 속을 살고있는 듯한 모습 익숙해진 눈길 속에 담겨있는 것이 미스테리  길을 가다 눈에 뜨이는 수많은 불빛 그리고 사람들 작은 새장 속에 갇혀 나 또한 스스로 날려하질 않아 이것이 바로 내가 품었던 어린 시절 소중히 간직한 꿈이었을까 이토록 이해할 수 없는 건 소설속에서나 볼 수 있는 건 줄 알았지 마치 미스테리 영화 한편 보고 있는 듯한 모습 식어버린 가슴 속에 담겨있는 것이 마치 미스테리 영화 속을 살고있는 듯한 모습 익숙해진 눈길 속에 담겨있는 것이 미스테리  미스테리 영화 한편 보고 있는 듯한 모습 식어버린 가슴 속에 담겨있는 것이 마치 미스테리 영화 속을 살고있는 듯한 모습 익숙해진 눈길 속에 담겨있는 것이 마치 미스테리 영화 한편 보고 있는 듯한 모습 식어버린 가슴 속에 담겨있는 것이 마치 미스테리 영화 속을 살고있는 듯한 모습 익숙해진 눈길 속에 담겨있는 것이 미스테리
1995.08.06~08.12,31,65025,하루,장필순,하루,1995.03.01,Ballad,,도시의 희뿌연 아침 열리고  가로수 긴팔 벌려 하품할때  그대의 머리위에 야속한 괘종시계 소리높여 노래 부르고 저만치 달아나는 시간의 꼬릴 잡으려 허둥대는 아침의 뒷모습  하늘엔 낯익은 구름의 행진 길게 누운 강물의 꿈틀거리는 몸짓  쏟아지는 햇살과 스쳐가는 바람에 나의 몸은 한없이 나른해지고 물결치듯 숨가쁜 자동차와 사람들 머리위엔 한없이 높은 하늘  아쉬운 저녁해가 먼 산을 넘을때 고개숙인 가로등 하나둘씩 눈 비비고  좁은 가슴 가득히 밀려오는 외로움 이렇게 하루가 저무네
1995.08.06~08.12,32,62922,아담과 이브는 사과를 깨물었다,조규찬,조규찬 Ⅱ,1995.03,Ballad,조규찬,널 만나는 동안
1995.08.06~08.12,33,62461,너를 만난 후로,김건모,김건모 3집 - 잘못된 만남,1995,Dance,김창환,오예 아리아 오 아리아리아 오아 지금 내게 필요한 건 너의 관심뿐이야 오예 아리아 오 아리아리아 오아 너를 만난후 부터 난 달라지고 있어 너는 나를 처음 만난 그날부터 내게 너무나 많은 것을 요구하기 시작했어 나의 머리 나의 패션 나의 스타일이 어울리지 않는다면 바꾸길 원했고 그런데 나는 왠지 익숙하진 않았지만 사랑이 뭔지 나를 바꿔가기 시작했어 처음에 거릴 걸을땐 사람들이 나만 쳐다보는 것만 같은 어색함을 느꼈지만 이제는 나도 괜찮아 모든게 익숙해져 있어 널 사랑할 수만 있다면 얼마든지 바꿀거야 변해가는 내모습은 꼭 널 위해서 만은 아니야 내 자신이 내 스스로 너에게 맞춰갈 뿐이지 오예 아리아 오 아리아리아 오아 지금 내게 필요한 건 너의 관심뿐이야 오예 아리아 오 아리아리아 오아 너를 만난후 부터 난 달라지고 있어 누구의 말에도 나는 내 생각을 굽힌적은 없어 지금껏 나는 누구의 간섭도 받고 싶지 않았는데 왜 너는 나에게 있어 그렇게 특별한 것처럼 지금껏 나의 생각들을 모두 바꿔 버렸는지 너에게만은 왠지 나는 이기고 싶지 않아 너와의 거릴 좁혀가고 싶은 마음뿐야 이런 걸 흔히 말하는 사랑이라는 감정일까 너에게만은 자존심도 필요 없는데 이제는 나도 괜찮아 모든게 익숙해져 있어 널 사랑할 수만 있다면 얼마든지 바꿀거야 변해가는 내모습은 꼭 널 위해서 만은 아니야 내 자신이 내 스스로 너에게 맞춰갈 뿐이지 그리고 난 변했어 워 난 달라졌어 그리고 난 변했어 너를 만난 후로 나는 변해가고 있어 그리고 난 변했어 워 난 달라졌어 그리고 난 변했어 너를 만난 후로 나는 변해가고 있어 난 쉽게 무너져 버렸지 넌 내게 특별했으니까 아무런 강요도 너는 내게  하지 않았는데 나는 네게 너무 쉽게  끌려가고 있어 난 나의 감정들을 모두 너 네게 맏겨버린거야 사랑이 없던 내 마음에 너는 다가와서 너 만의 공간속에 나를 가둬 버린거야 이제는 나도 괜찮아 모든게 익숙해져 있어 널 사랑할 수만 있다면 얼마든지 바꿀거야 변해가는 내모습은 꼭 널 위해서 만은 아니야 내 자신이 내 스스로 너에게 맞춰갈 뿐이지 오예 아리아 오 아리아리아 오아 지금 내게 필요한 건 너의 관심뿐이야 오예 아리아 오 아리아리아 오아 너를 만난후 부터 난 달라지고 있어 오예 아리아 오 아리아리아 오아 그리고 난 변했어 워 달라졌어 오예 아리아 오 오예 아리아 오아 그리고 난 변했어 너를 만난후로  나도 변해가고 있어
1995.08.06~08.12,34,37423,분명하게,들국화,들국화 3집,1995.04.01,Rock,전인권,우---우--- 사랑하고 싶어 사랑하고 싶어 어제는 갔지 오늘 내 어깨위에 내리는  햇살이 나를 설레이는 지금 어제는 갔지 분명하게 내 가슴속에 감추었던  그림자가 오늘을 노래하는 지금 어제는 갔지 오늘 내 온몸을 감싸는  태양이 뜨거운 지금 나는 진정으로 솔직하게 열려진  내 마음을 보이고 싶어 나는 진정으로 뜨겁게 사랑하는  우리를 느끼고 싶어 사랑하고 싶어 - - 사랑하고 싶어 - -    그대여 대답해줘요  우리는 누군가를 따라가야 할 사람들 우리가 느낄수 있도록 말해줘요 진정으로 분명하게 사랑하고 싶어 - - 사랑하고 싶어 - -
1995.08.06~08.12,35,1675397,굴레를 벗어나 (Mo Funk Ver.),듀스,Force Deux,1995.04.13,Rap / Hip-hop,이현도,오래 오래 그래 기다려 왔어 나도 널 나를 기다려 주던 너에게 이제야 왔어 너를 외면하면서 나 지워버릴 수가 없었던 건 내게 보여준 너의 그 사랑 오직 오직 그래 사랑을 위해 살겠어 나를 가로막는 그 모든걸 이제는 넘어서 너만을 언제나 너만을 언제나 내 가슴 안에서 나를 향하여 네가 보여 줬던 그 많은 사랑과 너의 정성을 매일 같은 표정 때론 거짓 속에 나는 그저 받았었지 내 앞을 가로막고 서있던 그 모든 위선들 오 나의 감춰졌던 위선 나에게 씌워진 굴레를 모두다 벗어버리고 이렇게 나에게 펼쳐진 나의 많은 날들을 이제는 그대와 함께 하리 나에게 자유보다 더욱 소중한걸 이제야 가르쳐 준 너를 난 사랑해 너를  그 모든 것을 이해하며 따라 준 그녀에게 난 나만의 그 모든 나만의 생각을 말해 줄뿐이었지만 너는 나를 한번도 탓하지 않았어 너의 깊은 마음을 나 알았어 언제나 그 눈물 언제나 그아픔 언제나 너의 깊은 슬픔 나도 이제 같이 하겠어 나도 너 만큼 사랑을 하겠어 그 동안처럼 함께 하겠니 나 여기 서 있을께 진정 너만을 위해 내 앞을 가로막고 서있던 그 모든 위선들 오 나의 감춰졌던 위선 나에게 씌워진 굴레를 모두다 벗어버리고 이렇게 나에게 펼쳐진 나의 많은 날들을 이제는 그대와 함께 하리 나에게 자유보다 더욱 소중한걸 이제야 가르쳐 준 너를 난 사랑해 이렇게 나에게 펼쳐진 나의 많은 날들을 이제는 그대와 함께 하리 나에게 자유보다 더욱 소중한걸 이제야 가르쳐 준 너를 난 사랑해 이렇게 나에게 펼쳐진 나의 많은 날들을 이제는 그대와 함께 하리 나에게 자유보다 더욱 소중한걸 이제야 가르쳐 준 너를 난 사랑해 너를
1995.08.06~08.12,36,62087,내게 그랬듯이,Z,내게 그랬둣이,1994.10.01,Ballad,,그리 길지 않은 시간에 너무 많은 것을 원했던 나의 짧은 생각이 널 너무도 지치게 했지 처음부터 그런건 아냐 내게 너무 잘해줬기에 잊고 지냈던거야 바꿀 수 없는 너의 소중함을 이제는 용서해 이제는 용서해 어리석었던 나의 모자람을 사랑은 나만에 사랑은 나만에 자존심이 아닌거야 애써 웃음을 보이려 하지마 이젠 그 마음 난 알아 니가 내게 그랬듯이 너의 모든 것을 사랑할꺼야 어떤 미래가 다가온다 해도 언제까지나 지킬께 너의 눈을 바라보며 다짐했던 한마디 널 사랑한다고  이제는 용서해 이제는 용서해 어리석었던 나의 모자람을 사랑은 나만에 사랑은 나만에 자존심이 아닌거야 애써 웃음을 보이려 하지마 이젠 그 마음 난 알아 니가 내게 그랬듯이 너의 모든 것을 사랑할꺼야 어떤 미래가 다가온다 해도 언제까지나 지킬께 너의 눈을 바라보며 다짐했던 한마디 널 사랑한다고 애써 웃음을 보이려 하지마 이제 그 마음 난 알아 니가 내게 그랬듯이 너의 모든 것을 사랑할꺼야 어떤 미래가 다가온다 해도 언제까지나 지킬께 너의 눈을 바라보며 다짐했던 한마디 널 사랑한다고
1995.08.06~08.12,37,1719746,내가 만일,안치환,너를 사랑한 이유,1999.02.18,Folk,김범수,내가 만일 하늘이라면 그대 얼굴에 물들고 싶어 붉게 물든 저녁 저 노을처럼 나 그대 뺨에 물들고 싶어 내가 만일 시인이라면 그댈 위해 노래하겠어 엄마 품에 안긴 어린아이처럼 나 행복하게 노래하고 싶어 세상에 그 무엇이라도 그대위해 되고 싶어 오늘처럼 우리 함께 있음이 내겐 얼마나 큰 기쁨인지 사랑하는 나의 사람아 너는 아니 워 이런 나의 마음을 내가 만일 구름이라면 그대위해 비가 되겠어 더운 여름날의 소나기처럼 나 시원하게 내리고 싶어 세상에 그 무엇이라도 그대위해 되고싶어 오늘처럼 우리 함께 있음이 내겐 얼마나 큰 기쁨인지 워 세상에 그 무엇이라도 그대위해 되고싶어 오늘처럼 우리 함께 있음이 내겐 얼마나 큰 기쁨인지 사랑하는 나의 사람아 너는 아니 워 이런 나의 마음을 이런 나의 마음을
1995.08.06~08.12,38,61776,산다는 건 다 그런게 아니겠니,여행스케치,다 큰 애들 이야기,1994.09.18,Folk,조병석,너는 어떻게 살고있니 아기 엄마가 되었다면서  밤 하늘의 별빛을 닮은 너의 눈빛  수줍던 소녀로 널 기억하는데  오늘 부부싸움도 해 보니 남편은 벌이가 괜찮니  자나깨나 독신만 고집하던 니가  나보다 먼저 시집갔을 줄이야  산다는 건 그런게 아니겠니  원하는 대로만 살수는 없지만  살 수 없는 내일이 있다는건 설레는 일이야  두렵기는 해도 산다는건 다 그런거야  누구도 알수 없는 것    지금도 떡볶일 좋아하니 요즘도 가끔식 생각하니  자율 학습시간에 둘이 몰래 나와  사 먹다 선생님께 야단 맞던일  아직도 마음은 그대로인데 겉보습이 많이 변했지  하지만 잃어버린 우리의 모습은  우리를 닮은 아이들의 몫인걸  산다는건 그런게 아니겠니  원하는 대로만 살수는 없지만  살 수없는 내일이 있다는건 설레는 일이야  두렵기는 해도 산다는건 다 그런거야  누구도 알수 없는 것  산다는건 그런게 아니겠니  원하는 대로만 살수는 없지만  살 수없는 내일이 있다는건 설레는 일이야  두렵기는 해도 산다는건 다 그런거야  누구도 알수 없는 것
1995.08.06~08.12,39,61181,내일이 오면,양수경,양수경 Vol.7,1994.08,Ballad,이건우,무엇을 원했는지 몰라 단 하나 내겐 사랑뿐 이미 이별인 줄은 알아 마음에 안겨 있는 지금 이대로 눈을 감고 싶어 슬픔을 접어둔 채로 이별을 생각하진 않아 모든게 꿈이라 해도 사랑해야 하는 것인지 그래서는 안되는 건지 그대 떠난 자리에 혼자서서 그리워 해야하는지 내일이 오면 이별이겠지 다시는 사랑할 수 없겠지 하지만 웃으면서 멀리 떠나야지 눈물은 감출수 없어도  이대로 눈을 감고 싶어 슬픔을 접어둔 채로 이별을 생각하진 않아 모든게 꿈이라 해도 사랑해야 하는 것인지 그래서는 안되는 건지 그대 떠난 자리에 혼자서서 그리워 해야하는지 내일이 오면 이별이겠지 다시는 사랑할 수 없겠지 하지만 웃으면서 멀리 떠나야지 눈물은 감출수 없어도 내일이 오면 이별이겠지 다시는 사랑할 수 없겠지 하지만 웃으면서 멀리 떠나야지 눈물은 감출 수 없어도 눈물이 자꾸만 흘러도 눈물은 감출 수 없어도
1995.08.06~08.12,40,62098,슬픈 인연,015B,015B Big 5,1994,Ballad,정석원,멀어져 가는 저 뒷모습을  바라보면서  난 아직도 이 순간을 이별이라  하지 않겠네  달콤했었지 그 수많았던  추억 속에서  흠뻑 젖은 두 마음을 우린  어떻게 잊을까  아 다시 올거야  너는 외로움을 견딜수 없어  아 나의 곁으로 다시 돌아올거야  그러나 그 시절에 너를 또 만나서  사랑할 수 있을까  흐르는 그 세월에 나는 또 얼마나  많은 눈물을 흘리려나  아 다시 올거야 너는 외로움을  견딜수 없어  아 나의 곁으로 다시 돌아올거야  그러나 그 시절에 너를 또 만나서  사랑할 수 있을까  흐르는 그 세월에 나는 또 얼마나  많은 눈물을 흘리려나
1995.08.06~08.12,41,61240,내게로,장혜진,Before The Party,1994.11.01,Ballad,박창학,너무 서두르지마  견디기 힘이들때면 애써 따라오려 하지말고 오히려 더 천천히 그래 그렇게 다가와  내가 여기에서 기다릴게 숨이 찰땐 걸어오렴 힘이들 때 그랬던 것처럼 앞으로도 우린 아주 먼길을 가야만 해  서두르지마  함께 걸어가는 것  그것이 내겐 소중해  조금 늦는것쯤 상관없어  내가 지쳐있을 때 네가 기다려준 것처럼  내가 여기있어 힘을 내 봐 숨이 찰땐 걸어오렴  힘이 들때 그랬던 것처럼 앞으로도 우린 아주 먼길을 가야만 해  서두르지마  걱정마 기다리고 있어  이젠 멀지않아 조금만 더 힘을 내  내가 너의 두팔을 잡아줄 수 있도록  숨이찰 땐 걸어오렴 힘이들 때 그랬던 것처럼 앞으로도 우린 아주 먼길을 가야만 해  서두르지마  숨이찰 땐 걸어오렴 힘이들 때 그랬던 것처럼 앞으로도 우린 아주 먼길을 가야만 해  서두르지마
1995.08.06~08.12,42,63148,너의 궁전,이경섭,너의 궁전/Happy Birthday 2 Me....,1995.01,Ballad,,원 투 쓰리 앤 포~~ 파이브 앤 씩스 투 세븐 앤 나인 앤 워~~~~~~ 텐 스따라라라 라란 따란 따리 따란 따란 따라리 스따 따리 따라라라 라란 따란 따리 따란 따란 따라리 스따 따리 따라라라~라 조그만 얼음 궁전에 그대 살고 있었지 인형같은 미솔 지으며 날 반겨 맞았지~ 하얀 장미 정원과 향기로운 커피와 함께 나눈 얘기들 밤은 깊어가고 아름다운 선율과 서툰 입맞춤~~~ 너와 함께 마지막 춤을~ 보내야만 하는거야 처음 왔던 그 곳으로 널 위해 고개 돌려 눈물 닦아 낼때 너는 저 멀리서 웃고 있었지 영원히 널 사랑해~ 나나나니나나나 디다다나뽀디다다다 디담디 담디답다 듬드스딴디듬드 나나나니나 나나 디다 다나따나디다다 스탄디다 드드드드드드 어쩌면 될수도 있지 동화속의 꿈처럼 천년전의 비밀 열쇠는 내 사랑일거야~ 하얀 장미 정원과 향기로운 커피와 함께 나눈 얘기들 밤은 깊어가고 아름다운 선율과 서툰 입맞춤~~~ 너와 함께 마지막 춤을~ 보내야만 하는거야 처음 왔던 그 곳으로 널 위해 고개 돌려 눈물 닦아 낼때 너는 저 멀리서 웃고 있었지 영원히 널 사랑해~ 그댄 차가운 얼음속에 갇힌 요정인걸 난 눈을 뜨면~~ 내 곁에 웃고 있는 너 보내야만 하는거야 처음 왔던 그 곳으로 널 위해 고개 돌려 눈물 닦아 낼때 너는 저 멀리서 웃고 있었지 영원히 널 사랑해~
1995.08.06~08.12,43,58943,어긋난 오해,신승훈,그 후로 오랫동안...,1994.09.01,Dance,김창환,때론 그랬었지 널 사랑하면서 너의 간섭이 싫어서 너를피했었고 일부로 며칠동안 전화도 하지않고 너의 반응을 살피며 혼자지냈는데 어느날 너의 슬픈 목소리 너무 힘들다는 한마디 이제는 나를 보내준다며 너는 울고 있었지 내 맘은 그런게 아닌데 넌 나를 오해 하는거야 잠시 난 자유롭고 싶어 너와의 거릴 둔 것 뿐인데 그렇게 슬퍼하지 말고 고개를 들어 나를 바라봐 미소 띤 얼굴로 나에게 다시 한번 웃어줘 난 너를 사랑해  때론 그랬었지 널 사랑하면서 너의 간섭이 싫어서 너를피했었고 일부로 며칠동안 전화도 하지않고 너의 반응을 살피며 혼자지냈는데 어느날 너의 슬픈 목소리 너무 힘들다는 한마디 이제는 나를 보내준다며 너는 울고 있었지 내 맘은 그런게 아닌데 넌 나를 오해 하는거야 잠시 난 자유롭고 싶어 너와의 거릴 둔 것 뿐인데 그렇게 슬퍼하지 말고 고개를 들어 나를 바라봐 미소 띤 얼굴로 나에게 다시 한번 웃어줘 난 너를 사랑해
1995.08.06~08.12,44,2348380,내가 가야 할 길,Mr.2,Mr.2 Vol.II,1994,Ballad,강은경,어둔 시간 속에  갇혀 있었나봐  기울어가는  나의 작은 어깨  혼자 울고 싶은  마음뿐이지만  아무도 나를  위로해줄 수가 없겠지  인형이 되가나봐  길들여진 채로  차츰 내게 멀어지는  어린 나의 꿈  나의 미랜  내것인 줄 알았었는데  그저 내뜻과는  다른 길을 가야하는건  달콤한 유혹이  날 흔들고 지날땐  모든 것을 버리고도  싶었던거야  하지만 그러기엔  내가 가야할 길  너무나도 멀고  소중한 걸 알아  아직도 내게 자신이 없어  무엇보다도  나는 두려웠던 거야  약해지지말아  더 먼 걸음위해  잠시 한걸음  쉬어가는 것뿐  무너지지 않아  힘든 시간 속에  조금씩 우린  강한 어른이 되어가는 걸  인형이 되가나봐  길들여진 채로 차츰 내게 멀어지는  어린 나의 꿈  나의 미랜  내것인 줄 알았었는데  그저 내뜻과는  다른 길을 가야하는건  달콤한 유혹이  날 흔들고 지날땐  모든 것을 버리고도  싶었던거야  하지만 그러기엔  내가 가야할 길  너무나도 멀고  소중한 걸 알아  아직도 내게 자신이 없어  무엇보다도  나는 두려웠던 거야  약해지지말아  더 먼 걸음위해  잠시 한걸음  쉬어가는 것뿐  무너지지 않아  힘든 시간속에  조금씩 우린  강한 어른이 되어가는 걸  아직도 내게 자신이 없어  무엇보다도  나는 두려웠던 거야  약해지지말아  더 먼 걸음 위해  잠시 한걸음  쉬어가는 것뿐  무너지지 않아  힘든 시간 속에  조금씩 우린  강한 어른이 되어가는 걸 약해지지 말아  더 먼 걸음위해  잠시 한걸음  쉬어가는 것뿐  무너지지 않아  힘든 시간속에  조금씩 우린  강한 어른이 되어가는 걸
1995.08.06~08.12,46,1876461,"사랑, 그리고 무관심",서지원,Seo Ji Won,1994.10.10,Dance,"서지원,박선경",더이상 너와 싸울 필요는 없어
1995.08.06~08.12,47,60625,끊어진 반지,최연제,I Love For Ever,1993,Ballad,최연제,하루가 지나기도 전에 다시 난 널 기다리겠지 아직 많은 사랑이 남아 홀로 남아 애타는 마음 아무 표정없는 사람들 나와 같은 생각을 할까 너를 믿고 사랑하지만 초라한 내 모습만 남아 이런 내가 싫어져 지칠대로 난 지쳤어 널 믿을 수가 없어 어젯밤 꿈속에서 끊어진 반지처럼 너도 잊혀지겠지 내가 예감했던 그대로 너는 내게 보여주었지 진실하지 않은 사랑은 영원할 수 없는 거라고 이런 내가 싫어져 지칠대로 난 지쳤어 널 믿을 수가 없어 어젯밤 꿈속에서 끊어진 반지처럼 너도 잊혀지겠지  이런 내가 싫어져 지칠대로 난 지쳤어 널 믿을 수가 없어 어젯밤 꿈속에서 끊어진 반지처럼 너도 잊혀지겠지 이런 내가 싫어져 지칠대로 난 지쳤어 널 믿을 수가 없어 어젯밤 꿈속에서 끊어진 반지처럼 너도 잊혀지겠지
1995.08.06~08.12,48,66329,이중 성격,마로니에,마로니에 95,1995,Ballad,김선민,난 가끔 멍하니 널 바라보면서 우리의 만남이 뭐냐고 물었지 아무런 말없이 끊어지는 전화 혹시나 그 애의 전화 아닐까 그건 자존심이야 난 너를 선택했어 전화하지 말라고 헤어지잔건 아니야 지금껏 너는 서로가 다른 두 모습을 보였잖아 너의 이중적인 성격이 너무 싫어 그 동안 기다림속에 나를 길들여 왔어 그건 너무 널 사랑했기 때문이야  그건 자존심이야 난 너를 선택했어 전화하지 말라고 헤어지잔건 아니야 지금껏 너는 서로가 다른 두 모습을 보였잖아 너의 이중적인 성격이 너무 싫어 그 동안 기다림속에 나를 길들여 왔어 그건 너무 널 사랑했기 때문이야 나 아닌 다른 그 누구를 사랑하면서 어떻게 날 만날수 있나 내가 너에게 심심풀이인지 다시 생각해봐  지금껏 너는 서로가 다른 두 모습을 보였잖아 너의 이중적인 모습이 너무 싫어  다시 전화도 하지 말라는 너의 차가운 말이 나에게 이렇게 힘겨울줄 몰랐어 그 동안 기다림속에 나를 길들여 왔어 그건 너무 널 사랑했기 때문이야
1995.08.06~08.12,49,91486,그대만의 전설,오태호,"허무, 그 진실한 시작, 그 자유로움",1994.11,Ballad,오태호,TV의 멋진 주인공들도 날 스치는 거리의 사람들도 모두들 나 이외에는 행복해 보이던 쓸쓸한 사춘기를 지나 보내지도 못할 편지에 가득 내 눈물을 흘렸던 스무살 어느날 누구나 그렇게 지나온 길이지만 모든 건 지금부터 어두운 그림자를 보며 원망했어도 이젠 등을 돌려 눈부신 태양을 봐 그댈 부르는 많은 유혹에 웃으며 그대의 길을 가 이젠 안녕 지나간 날들 떠나간 사랑에게도 마지막 인사 나누고 늦지않아 지켜볼게 푸르른 인생에 그릴 그대만의 전설  그대 하고싶은 일이 크진 않아도 화려하고 점점 어지러운 세상을 떠나 그 어디에서라도 조용히 빛을 발하는 그런 별이 되길 이젠 안녕 지나간 날들 떠나간 사랑에게도 마지막 인사 나누고 늦지않아 지켜볼게 푸르른 인생에 그릴 그대만의 전설 늦지않아 지켜볼게 푸르른 인생에 그릴 그대만의 전설
1995.08.06~08.12,50,62151,오렌지 향기속으로,피아노,오렌지 향기속으로,1994,Ballad,장성희,워 우 워 워 우 워 워 우 워  워 우 워 너의 모습 발견하고 아무렇지 않게 난 웃어주고 있어 워 우 워 누군가 널 본다고 크게 웃어 주위를 끌어도 소용없잖아 빨간 웨이브 머리에 긴 치마를 살며시 그윽한 미소지어 보여도 어느 누구도 너에게 관심을 보이지 않을꺼야 그래도 하루종일 웃고 있니 유리잔에 비춰지는 진한 손톱 위로 흐르는 눈빛은 무얼 말하나 내앞에 머무는 오렌지 향기 속으로 현실의 너를 돌아다봐 따르르스띠로루 스띠로루 예이예이예이예  사소한 슬픔과 기쁨을 눈물방울에 감추고 누구보다 오래 간직한다해도 그 언젠가 너에게 영원히 사랑한다 말하면 그 사랑을 넌 느낄 수 있니 유리잔에 비춰지는 진한 손톱 위로 흐르는 눈빛은 무얼 말하나 내앞에 머무는 오렌지 향기 속으로 현실의 너를 돌아다봐 따르르스띠로루 스띠로루 예이예이예이예 워우워 워우워 워우워 워우워 아쉬움만 남아
