time,rank,song_id,title,singers,album,date,genre,creator,lyric
1996.08.11~08.17,1,33089,여름이야기 (Sky Mix),DJDOC,Summer,1996.07,Rap / Hip-hop,이승호,지나간 여름 하하 그 바닷가에서 만났던 그녀  허리까지 내려오는 까만 생머리  이것저것 잴 것 없이 난 그냥 푹 빠져 버렸어  아예아예 난 사랑에 푹 빠져버렸어   지나간 그 여름 바닷가에서  꿈처럼 눈부신 그녈 만났지  믿을수가 없어 아름다운 그녀  내겐 너무 행운이었어  별이 쏟아지던 하얀 모래위에  우린 너무 행복했었지   가을 겨울 가고 그녀 볼 수 없어  어디 있는 거야 제발 돌아와줘  그녀없는 여름 다시 찾아오면 나는 어떻게해  우린 그 바닷가에서 만났고  또 아쉬운 작별을 했어  서울로 돌아오는 그 시간이  몇년처럼 더디기만했어  그런데 돌아온 서울에서 널 찾을 수가 없었어  정신나간 사람처럼 가을 겨울 너를찾아  하루종일 헤매고 다녔었지   여름이 또 오면 어떡하라고  나 혼자 남기고 어딜 간거야  믿을 수가 없어 어디 있는거야  아직 너를 기다리잖아  하얀 파도처럼 영원토록 나를  사랑한다 속삭였잖아 야야이야야야   친구들 날 달래준다고  그 바닷가로 다시 오게됐어  청천벽력 날벼락 그녀가 내 앞에 나타난거야  내가 사준 썬그라스 목걸이 그대로인데  단지 틀려진건 내 친구와 함께라는 것    하늘 무너지는 소릴 듣고 있어  내가 기다려온 그녈 만난거야  우리 헤어졌던 그때 그 바닷가 다시 널 본거야   친구와 함께 온 그녀 앞에서  그 어떤 얘기도 할 수 없었어  믿을수가 없어 어쩔 수도 없어  이런 만남 이건 아니야  누가 얘기해줘 그녀 아직 나를  사랑하며 찾고 있다고   주책없는 내 친구 그녀가 그녀인줄 모르고  내지난 여름 얘기를 마구마구 해버린거야  고개숙인 그녀가 펑펑 울었고  나도 울고 하늘도 울고 아~ 슬프다    랄랄랄 라 랄라 헤이 랄랄랄 라 랄라 헤이  랄랄랄랄라라라라라~
1996.08.11~08.17,2,70896,꿍따리 샤바라,클론,Are You Ready?,1996.05.01,Dance,김창환,마음이 울적하고 답답할 땐  산으로 올라가 소릴 한번 질러봐  나처럼 이렇게 가슴을 펴고  꿍따리 샤바라 빠빠빠빠  누구나 세상을 살다 보면은 마음먹은 대로 되지 않을 때가 있어  그럴땐 나처럼 노래를 불러봐  꿍따리 샤바라 빠빠빠빠  기쁨과 슬픔이 엇갈리고  좌절과 용기가 교차되고  만남과 이별을 나누면서  그렇게 우리는 살아가고  뜻대로 되지 않을 때도 있고  마음먹은 대로 될 때도 있어  다 그런 거야 누구나  세상은 그렇게 돌아가니까  다 그렇게 사는거야  희비가 엇갈리는 세상속에서  내일이 다시 찾아오기에  우리는 희망을 안고 사는 거야  마음대로 일이 되지 않을 때  하던 일을 멈추고 여행을 떠나봐  바다를 찾아가 소릴 질러봐  꿍따리 샤바라 빠빠빠빠  꿍따리 샤바라 빠빠빠  빠빠빠빠빠 빠빠빠  꿍따리 샤바라 빠빠빠  빠빠빠빠빠 빠빠빠  우울한 날이 계속 이어질 땐  신나는 음악에 신나게 춤을 춰봐  나처럼 이렇게 리듬에 맞춰  꿍따리 샤바라 빠빠빠빠 누구나 괴로운 일은 있는 것  한가지 생각에 너무 집착하지마  그럴땐 나처럼 툭툭 털면서  꿍따리 샤바라 빠빠빠빠 기쁨과 슬픔이 엇갈리고  좌절과 용기가 교차되고  만남과 이별을 나누면서  그렇게 우리는 살아가고  뜻대로 되지 않을 때도 있고  마음먹은 대로 될 때도 있어  다 그런거야 누구나  세상은 그렇게 돌아가니까  다 그렇게 사는 거야  희비가 엇갈리는 세상속에서  내일이 다시 찾아오기에  우리는 희망을 안고 사는 거야  마음대로 일이 되지않을 땐  하던 일을 멈추고 여행을 떠나봐  바다를 찾아가 소릴 질러봐  꿍따리 샤바라 빠빠빠빠  꿍따리 샤바라 빠빠빠  빠빠빠빠빠 빠빠빠  꿍따리 샤바라 빠빠빠  빠빠빠빠빠 빠빠빠
1996.08.11~08.17,3,70994,3!4!,룰라,All System Go,1996.06.15,Dance,이현도,여기 숨쉬는 이 시간은   나를 어데로 데려갈까   많은 기쁨과 한숨들이   뒤섞인 이 곳에서   3 4 랄랄랄라랄랄라라라 랄랄라랄라라라라라 랄랄랄라라랄라라라 랄라랄라 라랄라 그대와 우리 모두 기쁜  미래를 향해 랄랄랄라랄 랄라라라 랄랄라랄라라라라라 라랄라 랄라랄라라 랄라라라라 나 그대 우리 모두  내가 힘들던 그 모든 기억이  아직 남아 있는 가슴에  따뜻하게 피어나는 느낌이 있어  내가 바라는 그 모든 꿈들이  전부 이뤄질 수 없어도  가장 넓고 깊은 사랑  지금 내 안에 있어  나의 이 마음 영원히 갖고 싶어  모두 함께 나누며 3 4 여기 숨쉬는 이 시간은  나를 어데로 데려갈까  많은 기쁨과 한숨들이  뒤섞인 이 곳에서  그대와 우리 모두 기쁜  미래를 향해  사랑만으로 늘 가득한  그런 내일로 가고 싶어  서로가 함께 영원히 행복하도록  나 그대 우리 모두 아아파한 시간만큼 기쁨을  만들어가요  나의 그 모든 눈물들 만큼  사랑을 만들어가요  Big up Big up  모두 서로 아껴주는  마음을 기억하며  우리가 만들어가요 3 4 여기 숨쉬는 이 시간은  나를 어데로 데려갈까  많은 기쁨과 한숨들이  뒤섞인 이곳에서  그대와 우리모두 기쁜  미래를 향해  사랑만으로 늘 가득한  그런 내일로 가고싶어  서로가 함께 영원히 행복하도록  나 그대 우리 모두  거친 파도의 바다처럼  때론 아픔도 왔었지만  슬픈 바다를 감싸주던  넌 하늘과 같았어  사랑만으로 늘 가득한  밝은 미래로 가고싶어  서로가 함께 영원히 행복하도록  나 그대 우리 모두  모두가 함께 여기서 만들어 가요  나 그대 우리 모두
1996.08.11~08.17,4,38443,악몽,김건모,Exchange kg. M4,1996.05.17,Dance,최준영,아무도 모르게 사랑했었던 거야
1996.08.11~08.17,5,67726,내 방식대로의 사랑 (House Version),신승훈,Shin Seung Hun Ⅴ,1996.05.01,Ballad,신승훈,도대체 무슨말을 하고 있는건지 난 알아들을수가 없어 예전엔 너의 눈만봐도 알 수가 있었어 무슨말 하려는 건지 언제부턴지 모르지만 나를 보는 너의 눈빛이 틀려진거야 이별을 말하려는 건지 왜 그러는 건지 알수가 없었어 만약에 그대가 헤어지자면 어떻게 해야만 하는걸까 나에게 잘못이 하나 있다면 널 너무 사랑한 것 뿐인데 나의 사랑이 너에게 너무 부담이 됐다면 내게 말해줘 초라해지는 나의 모습을 더 이상은 보이기 싫어 하지만 내가 생각하는 사랑이란 이별의 반대말이 아니야 영원히 너를 사랑하는 나의 모습이야 내맘을 알아줘  만약에 그대가 헤어지자면 어떻게 해야만 하는걸까 나에게 잘못이 하나 있다면 널 너무 사랑한 것 뿐인데 나의 사랑이 너에게 너무 부담이 됐다면 내게 말해줘 초라해지는 나의 모습을 더 이상은 보이기 싫어 하지만 내가 생각하는 사랑이란 이별의 반대말이 아니야 영원히 너를 사랑하는 나의 모습이야 내맘을 알아줘 누군가 내게 말을했지 세상에는 끝없는 사랑은 없는 거라고 사랑을 시작하게 되면 어김없는 이별 그런게 사랑이라고 하지만 내가 생각하는 사랑이란 이별의 반대말이 아니야 영원히 너를 사랑하는 나의 모습이야 내맘을 알아줘
1996.08.11~08.17,6,70679,이방인(異邦人),전람회,Exhibition 2,1996.04,Ballad,김동률,쉴곳을 찾아서 결국 또 난 여기까지 왔지 내 몸 하나 가눌 수도 없는 벌거벗은 마음과 가난한 모습으로 네 삶의 의미는 나이기에 보내는 거라며 그 언젠가 내 꿈을 찾을 때 그때 다시 돌아올 날 믿겠다 했지 수많은 세월 헤매이다가 세상 끝에서 지쳐 쓰러져도 후회는 없을거라고 너에게 말했지 뒤돌아보면 네 삶의 의미는 나이기에 보내는 거라며 그 언젠가 내 꿈을 찾을 때 그때 다시 돌아올 날 믿겠다 했지 수 많은 세월 헤매이다가 세상 끝에서 지쳐쓰러져도 후회는 없을거라고 너에게 말했지 수 많은 세월 헤매이다가 험한 세상 끝에서 숨이 끊어질때 그제야 나는 알게 될지 몰라 그토록 찾아 헤매던 나의 머물곳은 너였음을 숨이 끊어질때 그토록 찾아헤매던 나의 머물곳은 너였음을
1996.08.11~08.17,7,68266,시대유감(時代遺憾),서태지와아이들,시대유감(時代遺憾),1996.06.07,Rock,서태지,왜 기다려 왔잖아  모든 삶을 포기하는 소리를  이 세상이 모두 미쳐버릴  일이 벌어질것 같네  짜식들이 되게 시끄럽게 구네  그렇게 거만하기만 한 주제에  거짓된 너의 가식때문에  너의 얼굴 가죽은 꿈틀거리고  나이든 유식한 어른들은  예쁜 인형을 들고 거릴  헤메다니네  모두가 은근히 바라보고있는  그런날이 바로 오늘  올것만 같아  검게 물든 입술  정직한 사람들의 시대는 갔어  숱한 가식 속에  오늘은 아우성을 들을 수 있어  왜 기다려왔잖아  모든 삶을 포기하는 소리를  이세상이 모두 미쳐버릴  일이 벌어질것 같네  부러져 버린 너의 그런 날개로  너는 얼마나 날아갈 수 있다  생각하나  모두를 뒤집어 새로운 세상이  오길 바라네  너의 심장은 태워버리고  너의 그 날카로운  발톱들은 감추고  돌이킬수 없는 과거와  모두가 잘못되어 가고 있는데  검게 물든 입술  정직한 사람들의 시대는 갔어  숱한 가식속에  오늘은 아우성을 들을 수 있어  왜 기다려왔잖아  모든 삶을 포기하는 소리를  이세상이 모두 미쳐버릴  일이 벌어질것 같네  바로 오늘이 두개의 달이  떠오르는 밤이야  내 가슴에 맺힌  한을 풀수 있기를  오늘이야
1996.08.11~08.17,8,518550,유쾌한 씨의 껌 씹는 방법,삐삐밴드,The Complete Best 1995~1997,2004.03.24,Rock,달파란,껌을 씹는 유쾌한씨를 보라 껌을 씹는 유쾌한씨를 보라 번득이는 눈 커다란 입술 약간 삐진 콧털 껌씹는 방법도 여러가지 앞니로 씹기 어금니로 씹기 송곳니로 가르기 풍선도불고 소리도내고 밥먹은후엔 항상 유쾌한씨는 유쾌하기도 하지 유쾌한씨는 유쾌하기도 하지 유쾌한씨는 유쾌하기도 하지 유쾌한씨는 유쾌하기도 하지 여자를 보는 유쾌한씨를 보라 여자를 보는 유쾌한씨를 보라 충혈된눈 더듬거리는 말 솜씨 높다란 콧등 보는시선도 여러가지 다리 보기 가슴보기 히프 보기 부풀려 보기도 하고 맥 빠지게 하고 잠자기 전엔 항상 유쾌한씨는 유쾌하기도 하지 유쾌한씨는 유쾌하기도 하지 유쾌한씨는 유쾌하기도 하지 유쾌한씨는 유쾌하기도 하지  세상을 보는 유쾌한씨를 보라 세상을 보는 유쾌한씨를 보라 번득이는 눈 유창한 말솜씨 커다란 콧구멍 보는 방법도 여러가지 앞으로 보기 옆으로 보기 나누어서 보기 허풍도 떨고 시끄럽기도 하고 술먹은 후엔 항상 유쾌한씨는 유쾌하기도 하지 유쾌한씨는 유쾌하기도 하지 유쾌한씨는 유쾌하기도 하지 유쾌한씨는 유쾌하기도 하지
1996.08.11~08.17,9,106885,아주 가끔은,신해철,정글스토리 OST,1996.05.18,Korean Movie,신해철,"1. 대낮에 길을 걷다보면 썰렁함을 느껴.  왜 그렇게 황당한 표정으로 날 쳐다들 보는지  난 집에 혼자 있을 때는 책도 봐.  내 할 일은 알아서 해왔다고 생각해.  물론 내 치마 길이가 좀 짧긴 짧지만,  내 색채 감각이 좀 대담하긴 하지만  그게 뭔 대수라고, 하늘이 무너지니,  난 그저 나 자신이 소중한 것 뿐이야. 뭘 봐  때로는 미쳐보는 것도 좋아 가끔 아주 가끔은  그렇게 놀란 표정하지 말고 눈을 감아  그댄 자신 안에 갇혀있어.  이젠 문을 열고 세상을 봐.  2. 한 평생 남의 눈치만 보면서 살아오다  아주 그게 뼛속까지 박혀버린 인종들 있잖니.  그 사람들의 공통적인 특징이 뭔지 알아,  남들도 자기처럼 살기를 바라는 거지, 쳇!  그렇게 산다고 누가 상주니,  또 누가 상준다고 그거 받아 어따 쓰니  난 아무 생각 없이 사는 걸로 보이겠지.  그게 너의 편견이고 교만이고 한계야, 잘가.  때로는 미쳐보는 것도 좋아 가끔 아주 가끔은  그렇게 뻣뻣하게 굴지 말고 일어나 봐.  그댄 자신 안에 갇혀있어.  이젠 문을 열고 세상을 봐.  그댄 자신 안에 갇혀있어.  이젠 문을 열고 세상을 봐.  이건 아주 무서운 일이야.  넌 마음 속 깊은 곳까지 세뇌되어 버렸어.  석회처럼 딱딱해진 너의 영혼을 해방시켜줘.  남을 위해 사는 건지 나를 위해 사는 건지  헷갈려 하지마.  평생에 후회하느니 한 번쯤 미친 척 하는 게 나아.    그댄 자신 안에 갇혀있어. 이젠 문을 열고 세상을 봐."
1996.08.11~08.17,10,70486,후회 없는 사랑,포지션,후회없는 사랑,1996.03.10,Ballad,한진우,두번 다시는 만나지 않겠어  마음 아프지만 늦지는 않아  다시는 너를 사랑하지 않는다고  눈물로서 맹세했어  나 내게 해줄 수 있는것이  남아있다면 이제는 잊어야돼 기억속에서 너를 지웠어  나도 언젠가 상처를 받겠지만  사랑했었어 후회없는 사랑을했어  한때는 전부였지만  새로운 만남을 위해 이쯤에서 끝내  나에게 미련을 갖지마  나 내게 해줄 수 있는것이  남아있다면 이제는 잊어야돼 기억속에서 너를 지웠어  나도 언젠가 상처를 받겠지만  사랑했었어 후회없는 사랑을했어  한때는 전부였지만  새로운 만남을 위해 이쯤에서 끝내  나에게 미련을 갖지마 사랑했었어 후회없는 사랑을했어  한때는 전부였지만  새로운 만남을 위해 이쯤에서 끝내  나에게 미련을 갖지마
1996.08.11~08.17,11,70631,우리의 밤은 당신의 낮보다 아름답다,코나,Overlap,1996.07.01,Ballad,배영준,내게 약속해줘  오늘 이 밤 나를지켜줄  수 있다고 함께 가는 거야 나를 믿어 내가 주는 느낌 그걸 믿는거야 내겐 너무 아름다운 너의 밤을 지켜주겠어 우린 오늘 아무일도 없겠지만 그대가 원한다면 언젠가 이 세상의 모든 아침을 나와 함께 해줘 이미 알고 있어 흔들리는 너의 눈에 담긴 두려움 우린 오늘 아무일도 없겠지만 그대가 원한다면 언젠가 이 세상의 모든 아침을 나와 함께 해줘 다시 한번 자신있게 말하지만 나를 믿고 있다면  언젠가 이 세상의 모든 아침을 나와 함께 해줘 나와 함께 해줘
1996.08.11~08.17,12,69620,완전한 사랑,장혜진,Temptation,1996.04.01,Ballad,이승호,나 이제 모든걸 그대로 간직한 체 이 세상을 떠나려해요 내 남은 사랑을 더 이상 원치 않아 내 모습도 지우려해요 이 세상이 내 사랑 받아줄 수 없다면 나도 남아 있을 순 없어 그대 기다릴께요 우리 남은 사랑 완전해질 저 다음 세상에서 나 이런 이유로 그대를 여기에 남겨둔 체 떠나려해요  내 몸에 흐르는 선홍빛 눈물들이 추억으로 잠들려해요 나 그대를 이렇게 떠날 수 있을 만큼 헤어짐이 두렵진 않아 간절한 소망으로 끝나버린 사랑 완전하게 만들 수 있을 테니 나 이런 이유로 그대를 여기에 남겨둔 체 떠나려해요 나 저 다음 세상 먼저 가서 기다릴께요 다시 내게 오실때까지
1996.08.11~08.17,13,67691,환생,윤종신,우(愚),1996.04,Ballad,윤종신,다시 태어난 것 같아요  내 모든게 다 달라졌어요  그대만난 후로 난 새 사람이 됐어요  우리 어머니가 제일 놀라요   우선 아침 일찍 깨어나  그대가 권해줬던 음악 틀죠  뭔지 잘 몰라도 난 그 음악이 좋아요  제목도 외기 힘든 그 노래   할 때도 안된 샤워를 하며  그 멜로디를 따라해요  늘 힘들었던 나의 아침이  이렇게 즐거울 수 있나요   오 놀라워라 그대 향한 내 마음  오 새로워라 처음 보는 내 모습  매일 이렇다면 모진 이 세상도  참 살아갈 만 할거예요   전철 안의 예쁜 여자들  이제는 쳐다보지 않아요  몇 정거장 지나면 그댈 만나게 되요  차창에 비친 내 얼굴 웃네요   관심도 없던 꽃가게에서 발길이 멈춰져요  주머니 털어 한 다발 샀죠  오늘은 아무날도 아닌데...   오 놀라워라 그대 향한 내 마음  오 새로워라 처음 보는 내 모습  매일 이렇다면 모진 이 세상도  참 살아갈 만 할거예요   오 놀라워라 그대 향한 내 마음  오 새로워라 처음 보는 내 모습  매일 이렇다면 모진 이 세상도  참 살아갈 만 할거예요 -
1996.08.11~08.17,14,64565,모래성,조관우,Memory,1995,Ballad,하광훈,나를 사랑한다면 이쯤에서 헤어져 아무 것도 묻지 말고 눈을 들어 나를 보아요 이게 마지막일텐데 그 눈물의 의미는 미안하다는 뜻인가요 한동안 행복했었죠 나를 사랑한 건 알아요 그동안 고마웠어요 나를 잊진 않겠죠 괜찮아요 나도 예전엔 누구의 마음 아프게  한적 많았죠 이해해요 어쩔 수 없잖아요 이게 그때의 대가인가 봐요 어쩌면 괜찮을지도 몰라 아직 사랑하니까 서로의 끝을 본다면 실망할 수도 있잖아요 한동안 행복했었죠 나를 사랑한 건 알아요 그동안 고마웠어요 나를 잊진 않겠죠 괜찮아요 나도 예전엔 누구의 마음 아프게 한적 많았죠 이해해요 어쩔 수 없잖아요 이게 그때의 대가인가 봐요 누군가를 다시 또 사랑한다면 그때는 날 잊고 살겠지 괜찮아요 나도 예전엔 누구의 마음 아프게 한적 많았죠 이해해요 어쩔 수 없잖아 이게 그때의 대가인가 봐요 괜찮아요 나도 예전엔 누구의 마음 아프게 한적 많았죠
1996.08.11~08.17,15,70963,다시,육각수,A St. Waterdrop,1996.05,Dance,,이젠 편히 쉬렴 힘겹던 날 지워 더이상 그무엇도 가질수없는 지금에 넌 행복하니 그래 미안했어 여린 너 지키지못해 이렇게 후회하는 내가 보이니 이제서야 느낀걸 알아 눈물속에 날을 지새면 가끔은 나를 원망했겠지 허나 지금이라도 날 용서해 나의 고통은 이것으로 충분하니까 다시 한번만 나를 향해 말을해봐 이제야 내 마음을 이해한다고 다시 내곁에 머물수 있는 날까지 그곳에서도 항상 날 기다리겠다고 우리 처음부터 힘겨운 날이었어 행복한 순간보다 울던 시간이 우리에게 많았지 알아 눈물속에 날을 지새며 가끔은 나를 원망했겠지 허나 지금이라도 날 용서해 나의 고통은 이것으로 충분하니까 다시 한번만 나를 향해 말을해봐 이제야 내 마음을 이해한다고 다시 내곁에 머물수 있는 날까지 그곳에서도 항상 날 기다리겠다고 워워~~다시 내곁에 머물수 있는 날까지 그곳에서도 항상 날 기다리겠다고
1996.08.11~08.17,16,39173,콩깍지,015B,The Sixth Sense Farewell To The World,1996.05.01,Ballad,정석원,연인이 생기게 됐을때부터 주위를 대하는 법 달라졌지 모든일을 터놓던 부모님께 말 못할 비밀이 늘어갔고 우리 관계를 탐탁치 않게 여긴 친구에 분한 맘도 생겼지  연인보단 친구가 훨씬 중요할텐데 만나는 동안에는 눈에 뭐가 씌나봐 여자는 다 똑같애 얘길해도 내 경우는 아니야 생각했지 서로 만나기 위해 친구와 만든 약속 핑계를 대며 없앴고 걱정해 준 충고는 애써 무시했다가 뒷 소리도 들었지  연인보단 친구가 훨씬 중요할텐데 만나는 동안에는 눈에 뭐가 씌나봐 연인보단 친구가 훨씬 중요할텐데 만나는 동안에는 눈에 뭐가 씌나봐  연인보단 친구가 훨씬 중요할텐데 만나는 동안에는 눈에 뭐가 씌나봐 연인보단 친구가 훨씬 중요할텐데 만나는 동안에는 눈에 뭐가 씌나봐
1996.08.11~08.17,17,69464,늘 지금처럼 (Come On Baby Tonight),이예린,Impression,1996.02,Ballad,최수정,사랑하는 사람이 내곁에 있고 그대 눈 속엔 내가 가득해 이 세상 모든것이 변한다고 해도 나를 놓지마 눈을뜨면 아침에 햇살이 나의 창을 두드릴때 그대 팔에 내 잠을 깨고  내 모습이 초라해져 내가 미워보일때도  늘 지금처럼 나를 안아줘 come on baby tonight 사랑한다는 말은 더 달콤하게 이 밤이 지나면 잊어버리지만 그댈 보는 내 모습이 초라해지지 않게  외로웠던 지난날은 잊어버려 그대 사랑을 받아들이게 눈으로 숨겨온 그대의 어떤말도 느낄 수 있어 우리들을 둘러싼 주변에 소문들이 방핼해도 언젠까지 흔들리지마 나의 작은 실수라도 내가 부족해보여도 늘 지금처럼 나를 믿어줘 come on baby tonight 사랑한다는 말은 더 달콤하게 이 밤이 지나면 잊어버리지만 그댈 보는 내 모습이 초라해지지 않게 oh baby~~oh------ baby tonight baby baby baby tonight 그댈 보는 내 모습이 초라해지지 않게
1996.08.11~08.17,18,1719746,내가 만일,안치환,너를 사랑한 이유,1999.02.18,Folk,김범수,내가 만일 하늘이라면 그대 얼굴에 물들고 싶어 붉게 물든 저녁 저 노을처럼 나 그대 뺨에 물들고 싶어 내가 만일 시인이라면 그댈 위해 노래하겠어 엄마 품에 안긴 어린아이처럼 나 행복하게 노래하고 싶어 세상에 그 무엇이라도 그대위해 되고 싶어 오늘처럼 우리 함께 있음이 내겐 얼마나 큰 기쁨인지 사랑하는 나의 사람아 너는 아니 워 이런 나의 마음을 내가 만일 구름이라면 그대위해 비가 되겠어 더운 여름날의 소나기처럼 나 시원하게 내리고 싶어 세상에 그 무엇이라도 그대위해 되고싶어 오늘처럼 우리 함께 있음이 내겐 얼마나 큰 기쁨인지 워 세상에 그 무엇이라도 그대위해 되고싶어 오늘처럼 우리 함께 있음이 내겐 얼마나 큰 기쁨인지 사랑하는 나의 사람아 너는 아니 워 이런 나의 마음을 이런 나의 마음을
1996.08.11~08.17,19,68050,에필로그,변진섭,Again,1996.06,Ballad,,다시 너를 만나지 않게 영원히 너를 잊을 수 있게  이젠 서로에게 짐이 될 수 있는 변명은 하지 말아줘 지금 너와 함께 앉아 있는 것 조차 너무나 힘에 겨워 오래전에 너의 생일날 선물한 작은 반지를 말없이 건내주는 너의 얼굴을 때리고만 싶었어 하지만 결국 너는 떠나갔지 한마디 말도 하지 못한채 너의 행복을 기원하겠어 지금에 너를 기억하면서 다시 너를 만나지 않게 영원히 너를 잊을 수 있게 널 보낸 건 잘한거라고 내가 날 위로했지만 내 솔직했던 마음속에 변명을 원했던 거야 다시 너를 만나지 않게 영원히 너를 잊을 수 있게  다시 너를 만나지 않게 영원히 너를 잊을 수 있게 다시 너를 만나지 않게 영원히 너를 잊을 수 있게 다시 너를 만나지 않게 영원히 너를 잊을 수 있게 다시 너를 만나지 않게
1996.08.11~08.17,20,67561,잊을수 없는 너,최재훈,잊을 수 없는 너,1996.01.01,Ballad,김혜선,이렇게 너 떠나가고 홀로 남겨 지는게 어떤 건지 예감 했었지만 너는 날 볼 수 있는데 나는 널 볼 수 없는 또 다른 현실 이제야 나는 알았어 지금 넌 나의 눈물을 닦아주고 있지만 나는 너를 느낄수 없으니 니 이름 부르며 우는 나를 어쩌지 못해 너도 내 옆에 서럽게 울고 있겠지 너와의 약속을 기억해 모두 잊고 밝게 살 거라 했지만 너를 잊으라 하지마 그럼 난 어떡해 나는 아무 힘이 없잖아 니가 세상에 남긴 거라곤 나 밖에 없는데 어떻게 내가 널 잊겠니 그 많은 정을 남기려고 나를 떠났지만 남아 있는 내겐 그게 삶인데  너와의 약속을 기억해  모두 잊고 밝게 살 거라 했지만 너를 잊으라 하지마 그럼 난 어떡해 나는 아무 힘이 없잖아 니가 세상에 남긴 거라곤 나 밖에 없는데 어떻게 내가 널 잊겠니 그 많은 정을 남기려고 나를 떠났지만 남아 있는 내겐 그게 삶인데 남아 있는 내겐 그게 삶인데
1996.08.11~08.17,21,70602,천생연분,솔리드,Light Camera Action!,1996,R&B; / Soul,김수현,너무 너무 예쁘다고 해도  너를 떠올리며 거절했지만  이번 한 번 뿐이라는걸 맹세해  약속을 정하고 그 날이왔어  신경써서 옷도 입고 머리도 하고  오랜만에 하는 소개팅에서  무슨 말을 할까 고민도 하고  널 만날때완 다른 느낌에  설레임을 안고 집을 나섰지  날씨도 좋고 기분도 좋고  아무튼 이래저래 좋았던거야  나를 믿고있는 너에게   정말 미안한 마음 뿐이야  이번 한 번만 용서해  십 분 정도 먼저 도착해서  어떤 여자일까 상상을했어  예뻤으면 키도 컸으면 좋겠어  혹시나 하고 주위를 살피고  흐르는 노래를 따라불렀어  드디어 내 친구의 모습보이고  난 수줍어 고개를 숙였여  국민학교 동창이란 친구얘기에  인사를 하려고 고개를 드니  내 앞에 있는건 다름아닌 너  황당한 나보다 더 당황하는 너  서로 믿고 있던 너와 나  그냥 맘껏 웃어 버렸어  서로 용서해 이번만  이래서 우리는 어쩔수가 없나봐  서로의 눈을 피해 만나보아도  결국엔 이렇게 우리 둘이서  또 만나게 되어있는 거잖아  이렇게 예쁜 너의 곁엔  이렇게 착한 내가 있었어  우리는 결코 헤어질 수 없어  영원히 사랑할 수 밖에 없어  그렇게 미안해 하지마  예쁜 추억을 만든것뿐야  너를 사랑해 영원히 난 너를 사랑해  난 너를 사랑해
1996.08.11~08.17,22,174162,아름다운 세상을 찾아서,Theme,남자 대탐험 OST,1996.06.01,Drama,,어둠 속에서 지내온 내 모든 아픈 기억들  지울 수는 없지만 그대 모든게    때로는 그댈 찾아서 먼 여행길을 떠나네  바람이 내 어깨를 차고 떠나~네    아름다운 세상을 찾아서~~~    달이 뜨는 언덕 위에  하늘과 가장 가까운 곳에 내가 쉴 곳을 만들어    저 아름다운 세상에 그대의 꿈으로 남아  나는 작은 빛이 되리라    또 얼마간의 세월이 내 머릿결을 스치고  남은 건 아무것도 없지 이제    사람들 모두 비웃지 초라한 나의 모습을  하지만 그 모든건 문제가 안돼    나에게는 사랑이 있기에    달이 뜨는 언덕 위에  하늘과 가장 가까운 곳에 내가 쉴 곳을 만들어    저 아름다운 세상에 그대의 꿈으로 남아  나는 작은 빛이 되리라    달이 뜨는 언덕 위에  하늘과 가장 가까운 곳에 내가 쉴 곳을 만들어    저 아름다운 세상에 그대의 꿈으로 남아  나는 작은 빛이 되리라
1996.08.11~08.17,23,3075932,하얀 꿈 하얀 사랑,VariousArtists,아이싱 OST,1996.06.01,Drama,,작사 : 김성근 작곡 : 서영진
1996.08.11~08.17,24,3105077,Baby Come To Me,박진영,2000 대한민국 (신나라),1999.12.01,R&B; / Soul,,"Thinkin` back in time When love was only in mind. I realize.  Ain`t no second chance you got to hold on romance Don`t iet it  slide There`s a special kind of magic in the air When you find  another heart that needs to share  Baby, Come to me Let me put me arms around you This was  meant to be And I`m oh so glad I found you Needs you everyday  Got to have your love around me Baby always stay `Cause I  can`t  go back to livin` without you  Spendin` every dime To keep you talkin` on the line That`s how  it  was And all those walks together Out in any kind of weather  Just  because There`s a brand new way of looking at your life When  you know that love is standing by your side   Baby, Come to me Let me put me arms around you This was  meant to be And I`m oh so glad I found you Needs you everyday  Got to have your love around me Baby always stay `Cause I  can`t  go back to livin` without you                                Never gonna let you go. Gonna do you. Gonna love you head to  toe. More than you ever know. Turn the lights down low. Cause  I  Wanna get loco bumpin R-Kelly flow. `Come and sexy me` Cause I  wanna get freaky sticky fo sheezy. No stress.  Wanna undress you boo. It`ll be alright. It`ll be cool. lmma  care  when you need. I swear lmma be there. Come and squeeze and  hold me like a teddy bear. If I die lmma see you when I get  there. You and I like do or die. Baby I be JYP. So baby better  come to me.  The night can be cold There`s a chill to every evening when  you`re all alone Don`t talk anymore `Cause you know that I`ll  be  here to keep you warm  Baby, Come to me Let me put me arms around you This was  meant to be And I`m oh so glad I found you Needs you everyday  Got to have your love around me Baby always stay `Cause I  can`t  go back to livin` without you   Come to me Let me put me arms around you This was  meant to be And I`m oh so glad I found you Needs you everyday  Got to have your love around me Baby always stay `Cause I  can`t  go back to livin` without you   Come to me Let me put me arms around you This was  meant to be And I`m oh so glad I found you Needs you everyday"
1996.08.11~08.17,25,70681,마음속을 걸어가,R.ef,Back To The Black,1996.04,Dance,홍재선,넌 지금 어딨는지 난 중요치 않아  누구와 함께 있는 것이 중요해 나 아닌 다른 사람을 알고  만나고 있는 것은 아닐까  이렇게 헤어진 우리 지금 모습이  먼 훗날 빛바랜 흔적속에서  천천히 살아날 추억을 벌써 느끼고 있는거야    널 잊어가는 방법까지는  나를 울리지 않아  다만 자꾸 떠오르는 너의 얼굴을  지울 수가 없어   한 다발 추억속에 너는  오랫동안 나를 뭉클하게 하지만  어울리지 않는 헤어짐이  나를 슬픔속에 머물게했어    되돌아 가고 싶은 길목에서  너의 마음속을 모두 걸어가네  너 하나만을 위한 다면서    떠나버린 나의 반쪽 찾아 가고파  어디에서 무슨 생각을 하며 살고 있을까  알수 없는 너의 마음속을 산책한다면  난 할수있어 니가 원하는건 무엇이든지    널 잊어가는 방법까지는 나를 울리지 않아  다만 자꾸 떠오르는 너의 얼굴을  지울 수가 없어   한 다발 추억속에 너는  오랫동안 나를 뭉클하게 하지만  어울리지 않는 헤어짐이  나를 슬픔속에 머물게했어   되돌아 가고 싶은 길목에서  너의 마음속을 모두 걸어가네  너 하나만을 위한 다면서   되돌아 가고 싶은길목에서 너의 마음속을 모두 걸어가네  너하나만을 위한다면서  너하나만을 위한다면서
1996.08.11~08.17,26,1622515,내가 지켜줄께,녹색지대,내가 지켜줄께,1995.01.01,Ballad,강은경,잠든 너의 얼굴 위에 서려있는 그 아픔 이젠 내가 네가 되니 나도 따라 아픈가봐 내가 이제야 사랑을 해 예전엔 없었던 꿈도 갖고 더는 혼자가 아니기에 세상도 견딜만 한거야 내가 지켜줄께 험한 세상에 내가 힘이 될께 부족하지만 우리 잊지는 마 처음 가졌던 마음 우리 더 많은 걸 바라지마 오늘 너에게 내 사랑을 주진 않을꺼야 하지만 내 사랑이 이것뿐이라고 생각하지마 나는 다만 아껴둔 채로 조금씩 보여주고 싶어 내일은 오늘보다 더 많이 사랑해야 하니까  항상 우리 좋은날만 있지 않겠지 그런 날 와도 슬기롭게 넘겨야 해 사랑하기 때문에 이해하기 때문에 워우워 내가 이제야 사랑을 해 예전엔 없었던 꿈도 갖고 더는 혼자가 아니기에 세상도 견딜만 한거야 내가 지켜줄께 험한 세상에 내가 힘이 될께 부족하지만 우리 잊지는 마 처음 가졌던 마음 우리 더 많은 걸 바라지마 내가 지켜줄께 내가 힘이 될께 힘이될께 우리 잊지는 마 우 우리 더 많은 걸 바라지마 내가 지켜줄께 지켜줄께 내가 힘이 될께 워어 우리 잊지는 마 우
1996.08.11~08.17,27,1175758,배반,윤상,Cliche,2000.06.01,Ballad,박창학,아주 먼 곳인 줄 알았지 손에 잡히지 않는 너는 지쳐 있는 듯 내 노래를 외면하고 다신 못 만날 줄 알았어 빗나간 오해 속에 갇혀 끝도 없는 한숨의 시간을 챗바퀴 돌듯 그 자리에 누가 이토록 우리를 멀어지게 한거야 끝내 잊어버릴 수 없는 빛바랜 너의 기억들만을 마치 조롱하듯 남겨둔 채 언제 이토록 서로를 미워하게 된거야 끝내 지워버릴 수 없는 뛰는 가슴에 희미한 아픔이 바로 그날처럼 더 새로울 뿐인데  처음부터 내겐 없었지 높이 오를 수 있는 날개 진실이란 언제나 그렇듯 깊은 상처를 비웃을 뿐 누가 이토록 우리를 멀어지게 한거야 끝내 잊어버릴 수 없는 빛바랜 너의 기억들만을 마치 조롱하듯 남겨둔 채 언제 이토록 서로를 미워하게 된거야 끝내 지워버릴 수 없는 뛰는 가슴에 희미한 아픔이 바로 그날처럼 더 새로울 뿐인데
1996.08.11~08.17,28,69374,하늘만 허락한 사랑,엄정화,Uhm Jung Hwa 2,1996.01,Ballad,"성지훈,윤성희",내가 느낀 그를 향한 이끌림  사랑이 아니기를 나는  기도했었지  나를 보는 안타까운 그 눈빛  제발 나의 착각이길 바랬지  지금이라도 피하고싶어  오랫동안 친구의  사랑이었던 그를  하지만 이젠 너무나  간절히 원하는  서로의 마음 속일순 없어  한사람 때문에 많은걸 잃게  되겠지  힘들때마다 기대온 우정까지  하지만 어렵게 시작된  우리 사랑은  하늘만은 허락할거야  그 마음을 받아들인 후부터  나는 친구얼굴을 바로 볼 수  없었지  변해가는 사랑속에 얼마나  아파하는지 알고 있었기에  정말 미안해 날 용서해줘  이런 얘긴 이제는 아무소용   없지만  그래도 나를 조금만  이해해주겠니  그 없인 나도 견딜수 없어  한사람 때문에 많은걸 잃게  되겠지  힘들때마다 기대온 우정까지  하지만 어렵게 시작된  우리 사랑은  하늘만은 허락할거야  우리를 위해서 흘려진  눈물 기억해  그만큼 소중히 아낄게
1996.08.11~08.17,29,2743595,내가 너의 곁에 잠시 살았다는 걸,"토이,김연우",You Hee Yeol,1996.02,Ballad,유희열,지운 줄 알았어 너에 기억들을  친구들을 함께 모여 술에 취한 밤 니 생각에 난 힘들곤 해  그런 채 살았어 늘 혼자였잖아  한때는 널 구원이라 믿었었어 멀어지기 전엔  그것만 기억해 줄 수 있겠니  내가 너의 곁에 잠시 살았다는 걸  가끔 널 거리에서 볼까 봐  초라한 날 거울에 비춰 단장하곤 해  아프진 않니 많이 걱정돼 행복하겠지만 너를 위해 기도할게  기억해 다른 사람 만나도 내가 너의 곁에 잠시 살았다는 걸   웃을 수 있었어 널 보고 있을 땐  조그만 안식처가 되어주었지 멀어지기 전에  그것만 기억해 줄 수 있겠니  내가 너의 곁에 잠시 살았다는 걸  가끔 널 거리에서 볼까 봐  초라한 날 거울에 비춰 단장하곤 해  아프진 않니 많이 걱정돼 행복하겠지만 너를 위해 기도할게 기억해 다른 사람 만나도 내가 너의 곁에 잠시 살았다는 걸   아프진 않니 많이 걱정돼 행복하겠지만 너를 위해 기도할께  기억해 다른 사람 만나도 내가 너의 곁에 잠시 살았다는 걸
1996.08.11~08.17,30,38807,태극기,강산에,삐따기,1996.07,Rock,강산에,태극기가 바람에 펄럭이고 있습니다 하늘 높이 아름답겐지는 몰라도 대한 독립 만세때 부터 펄럭이고 있습니다 오늘도 시청 앞에 걸린 저 태극기 저 태극기 삐딱하게 걸린 널 보고 있으니까 왠지 나를 보고 있는거도 같은데 우리 앞을 지나가는 저 많은 사람중에 왠지 우리와는 상관없는 소외감 나는 그래도 내가 만든 삐따기야 하지만 너는 우리가 만든 삐따기 바람이 부는대야 어쩔수 없겠지만 절대로 삼풍은 또 불지 않았으면  삐딱하게 걸린 널 보고 있으니까 왠지 나를 보고 있는거도 같은데 우리 앞을 지나가는 저 많은 사람중에 왠지 우리와는 상관없는 소외감 나는 그래도 내가 만든 삐따기야 하지만 너는 우리가 만든 삐따기 이 비가 오는대야 어쩔 수 없겠지만 절대로 태우는 또 오지 않았으면 않았으면 태극기가 바람에 펄럭이고 있습니다 하늘 높이 아름답겐지는 몰라도 대한 독립 만세때 부터 펄럭이고 있습니다 오늘도 시청 앞에 걸린 저 태극기
1996.08.11~08.17,31,2961500,이상한 남자 (라이브),김현철,김현철 라이브 (환장),-,Ballad,,
1996.08.11~08.17,32,898849,나에게로의 초대,정경화,My Blue Dreams,1996.04,Rock,김형수,환상속에 있어 다가설 수 없는  나에게 너를 보여줘  조금만 다가서도 멀어지는  나의 사랑 나의 꿈  너에게 나를 맞춰가고 있다 말하지마  나에게 너를 초대할 뿐이야  신비로운 너의 모습  나에게는 사랑인걸  조금씩 다가오는 널 느낄수록  신비로운 너의 모습  나에게는 사랑인걸  조금씩 멈춰지는 시간속에 널  어둠속의 빛처럼 my love  다가설 수 없는 너를 내게 보여줘  어둠 속의 한줄기 빛처럼 느껴 my love  사랑하는 너를 모두 느낄 수 있어  어둠속의 빛처럼   너에게 나를 맞춰가고 있다 말하지마  나에게 너를 초대할 뿐이야  신비로운 너의 모습  나에게는 사랑인걸  조금씩 다가오는 널 느낄수록  신비로운 너의 모습  나에게는 사랑인걸  조금씩 멈춰지는 시간속에 널  어둠속의 빛처럼 my love  다가설 수 없는 너를 내게 보여줘  어둠 속의 한줄기 빛처럼 느껴 my love  너를 기다리는 나의 아름다웠던  시간속에 널 그리워 My love  사랑하고 싶은 너를 내게 보여줘  어둠속의 한줄기 빛처럼 느껴 My love  사랑하는 너를 모두 느낄 수 있어  슬픈 나의 사랑을
1996.08.11~08.17,33,70798,비련,비비,B.B`s Come,1996.04.01,Dance,강은경,붐붐붐 치키치키니 오 제발 너 제발 다시 생각해봐  붐붐붐 치키치키니 넌 날 아직도 사랑하고 있어 붐붐붐 치키치키니 지나간 시간들을 떠 올려봐 어떻게 넌 나를 잠시라도 잊을 수 있니 차마 버릴 수 없어서 깊이 간직해온 너의 사진 나를 보며 웃는 널 이젠 태워야만 하는 나를 용서해 니가 날 얼마나 사랑했었는지 니맘 다 알아 난 벌받을거야 다만 내앞의 현실을 위해선 다른 길이 없었어 이런 날 이해한다면서 돌아선 니맘 다알아 부디 잘 돼야해 이말 해주고 보낼걸 그랬어 내가 어디에 있든  넌 내맘속에 있다고  붐붐붐 치키치키니 홀로 비참하게 난 울고 있어 붐붐붐 치키치키니 어쩔수 없이 초라해지겠지 붐붐붐 치키치키니 아마 넌 불행해질지도 몰라 어떻게 날 버린채로 떠날 수 있니 네게서 받은 반지를 돌려주고 오던 그 날밤에  술에취한 니 전활 기냥 끊어야만 했던 나를 용서해  니가 날 얼마나 사랑했었는지 니맘 다 알아 난 벌받을거야 다만 내앞의 현실을 위해선 다른 길이 없었어 이런 날 이해한다면서 돌아선  니맘 다 알아 부디 잘 돼야해 이말 해주고 보낼걸 그랬어 내가 어디에 있든  넌 내맘속에 있다고 넌 내게 물었었지 행복한지 그 대답 니가 알잖아 이제야 넌 나를 알 수 있을 거야  내가 얼마나 잔인한 여잔지 다신 그렇게 날 기다리지 마 이미 난 널 버렸어 니 모든걸
1996.08.11~08.17,34,68296,충고 한마디 할까?,조규찬,The 3rd Season,1996.05.01,Dance,조규찬,요즘 너무 힘이 든다는 너의 하소연을 들었지 걱정하는 척 했었지만 사실 난 담담했었어 일년전에도 열달전에도 바로 지금도 같은 표정과 같은 목소리로 넌 너의 힘겨움을 얘기해 그렇게 확인이 필요하니 너는 피해자라는 내 인정이 이제는 누구와 헤어진건지 착각하기까지 해 이번엔 누구였니 요즘 너무 힘이 든다는 너의 하소연을 들었지 걱정하는 척 했었지만 사실 난 담담했었어 You always play N whine about your little break but you ain't victim your the one that kink' in them let me talk won't tell you walk cause I'll ream your ash about the way you treat your free this homie what it's all about raw raw way that you stroke the poke on rhythm treat the free till it squeaks yo boy ahy she'll be good to you just you 그렇게 확인이 필요하니 너는 피해자라는 내 인정이 이제는 누구와 헤어진건지 착각하기까지 해 이번엔 누구였니 요즘 너무 힘이 든다는 너의 하소연을 들었지 걱정하는 척 했었지만 사실 난 담담했었어  모든게 완벽해야만 넌 만족하니 너에게 이별을 강요당한 이에게도 넌 완전치 못했지 요즘 너무 힘이 든다는 너의 하소연을 들었지 걱정하는 척 했었지만 사실 난 담담했었어 요즘 너무 힘이 든다는 너의 하소연을 들었지 걱정하는 척 했었지만 사실 난 담담했었어 요즘 너무 힘이 든다는 너의 하소연을 들었지 걱정하는 척 했었지만 사실 난 담담했었어 요즘 너무 힘이 든다는 너의 하소연을 들었지 걱정하는 척 했었지만 사실 난 담담했었어
1996.08.11~08.17,35,71032,좋아 좋아,일기예보,좋아좋아,1996.05,Rock,나들,처음 널 만나는 날   노란 세 송이 장미를 들고   룰루랄라 신촌을 향하는 내   가슴은 마냥 두근두근  생머리 휘날리며   나를 향해 손을 흔드는 너   머리에서 발 끝까지 나를   사로잡네 이야에로   니가 좋아 너무 좋아  내 모든걸 주고싶어   너에게 만은 내 마음   난 꾸미고 싶지않아   언제까지 언제까지   너와 함께 너와 함께   있을거야 예   룰루랄라 신촌을 누비는   내마음은 마냥 이야에로   여보세요 나의 천사   어떻게 내마음을 훔쳤나요 오  괜찮아요 나의 천사 가져간   내마음을 고이 간직해줘요   니가 좋아 너무 좋아   내 모든걸 주고싶어   너에게만은 내마음 난 꾸미고   싶지 않아   언제까지 언제까지   너와 함께 너와 함께 있을거야 예   니가 좋아 너무 좋아  내 모든걸 주고싶어  너에게만은 내마음 난 꾸미고  싶지 않아  니가 좋아 너무 좋아 내모든걸  주고싶어  니가 좋아 너무 좋아 내모든걸  주고싶어  니가 좋아
1996.08.11~08.17,36,1876467,I Miss You,서지원,Seojiwon2. Tears,1996.01.22,Ballad,오태호,처음엔 넌 줄 알았지 너와 모든 것이 닮아서 그런 나를 모르고 다가서는 그 애를 상처 때문에 나는 피했지만 이제는 나도 모르게 그 애와 가까워지고 흔들리는 마음은 점점 알 수가 없어 두려움이 앞선 미안함 문득 너와 같이 있는 착각에 너의 이름을 불렀지 우연히 그 애의 옆모습을 볼 때면 왜 난 목이 메일까 저 하늘에서 긴 잠을 잘 너이기에 I Miss You I Miss You 더욱 그리운데 이런 날 안타깝게 보고 있다면 내게 길을 가르쳐줘  문득 너와 같이 있는 착각에 너의 이름을 불렀지 우연히 그 애의 옆모습을 볼 때면 왜 난 목이 메일까 저 하늘에서 긴 잠을 잘 너이기에 I Miss You I Miss You 더욱 그리운데 이런 날 안타깝게 보고 있다면 내게 길을 가르쳐줘 그 앨 정말 좋아하나 너를 닮아서 사랑하나 흔들리는 마음은 점점 알 수가 없어 두려움이 앞선 미안함 두려움이 앞선 미안함
1996.08.11~08.17,37,1010148,Marie (마리) (회상의 테마),김신우,아마게돈 OST,1996.01.01,Animation,,누구일까 넌 나에게 알지 못했어 슬픔을 너와의 시간들이 즐거웠던 것 밖에 남겨진 것이 있을까 나만의 미래속에서 다시 찾을수 없는 너인걸~~ 마리야 너는 어디에 저 멀리 차가운 곳에 날 대신할 눈물속에 잠들고 있니 워 남겨진 것이 없는걸 너없는 세상 만으로 이젠 만날 수 없는~~ 너인걸 워~ 너의 잠든 모습이 미래 향한 나를 보고 있는데 마리야 너는 어디에 저 멀리 차가운 곳에 날 대신할 눈물속에 잠들고 있니 워 마리야~~ 다시 태어나 나에게~~ 니가 필요해 널 버린채 난 이대로 난 살수가 없어 아 아 나나 우 마리야~~ 나나~~ 다시 돌아와 오 나의 마리야
1996.08.11~08.17,38,67832,슬픔이 올때,신성우,For,1996.04.01,Rock,"신성우,이근상",어디엔가 네가 내 옆에 아직 머물러 있는 착각 속에 언제부턴가 네가 잠이든 차가운 동산 위에 서 있었지 내게 슬픔이 머물면 너는 항상 나즈막한 몸짓으로 날 일으켜 세워 준 소중한 내 친구여 너는 없고 내게 남겨진 삶의 무게들이 힘에 겨워 지친채로 때론 네 곁에 가고 싶어 한 적도 있었지만 너무 걱정은 하지마 그저 잠시 쉬어 가려 할 뿐이야 난 결코 널 위해서 쓰러지진 않을 테니  먼저 떠나간 저 세상 속에서 네가 날 보며 슬퍼하지 않도록 네 몫의 꿈까지 영원히 지키고 있을게 예예예에 네가 두고간 이 세상 끝에서 숨소릴 거두며 내게 말한 그 약속들을 널 보는 그날에 기쁨의 미소로 건넬 수 있도록  예예예에 먼저 떠나간 저 세상 속에서 네가 날 보며 슬퍼하지 않도록 네 몫의 꿈까지 영원히 지키고 있을게 예예예에 네가 두고간 이 세상 끝에서 숨소릴 거두며 내게 말한 그 약속들을 널 보는 그날에 기쁨의 미소로 건넬 수 있도록
1996.08.11~08.17,39,70765,널 위한 거야,미스미스터,Mis=Mr 1집,1996,Rock,,날 용서하며 살아가줘 넌 그럴꺼야 마음 아파져도 이젠 의미없는 시간 속에 널 기억하며 눈물 흘리겠지 아주 오래전에 잊고 지낸 소중함들을 너를 잃은 후에 느낄수 있는 아직 바보같은 날 넌 이해할 수 있다면 널 위한거야 널 외면할 땐 나의 눈에 흐른 눈물 마를지도 몰라 날 용서해줘 나 떠나가도 멀리서 너를 꼭 지켜봐 줄게  널 기억하며 살아갈게 내 이름조차 잊혀질지라도 이젠 어두워진 거울속에 날 바라보며 눈물 흘리겠지 아주 오래전에 잊고 지낸 소중함들을 너를 잃은 후에 느낄수 있는 아직 바보같은 날 넌 이해할 수 있다면 널 위한거야 널 외면할 땐 나의 눈에 흐른 눈물 마를지도 몰라 날 용서해줘 나 떠나가도 멀리서 너를 꼭 지켜봐 줄게 널 위한거야 널 외면할 땐 나의 눈에 흐른 눈물 마를지도 몰라 날 용서해줘 나 떠나가도 멀리서 너를 꼭 지켜봐 줄게
1996.08.11~08.17,40,55272,그대 내품에,박정운,박정운 Live & Single,1997.12,Ballad,윤종신,한번쯤 우연히 만날거 같아 그때 그 길 서성이고 있어 왜 이리도 널 닮은 사람들 많은 건지 서러운 웃음만 지어보네 우린 참 오랫동안 만나왔지 힘든 시간도 잘 견뎌냈어 헤어지는 사람들 소식에 안타까워 그들을 달래주던 우리 모습이 이젠 인연이 아니겠지 우린 너무 다르다며 널 지우려 애써 보지만 넌 할수 있니 힘들지 않게 아무일도 없었던것 처럼 아마 그렇지 않을 거야 너도 그만큼 날 사랑했으니까 돌아와줘 예전처럼 더 이상 부담스러워 말고 누구보다도 네게 익숙한 나의 품으로 와주렴 이제는 좀 더 포근할께  사람들은 내게 말해주었지 우리처럼 오랜 사이일수록 작은일에 이별을 한다고 불안한듯 걱정스런 눈빛들 이제 다시 생각나 인연이 아니겠지 우린 너무 다르다며 널 지우려 애써 보지만  넌 할 수 있니 힘들지 않게 아무일도 없었던것 처럼 아마 그렇지 않을 거야 너도 그만큼 날 사랑했으니까 돌아와줘 예전처럼 더 이상 부담스러워 말고 누구보다도 네게 익숙한 나의 품으로 와주렴 이제는 좀 더 포근할께
1996.08.11~08.17,41,33206,널 사랑하겠어,동물원,동물원 6,1995.10.01,Folk,김창기,내 뜨거운 입술이 너의  부드러운 입술에 닿길 원해  내 사랑이 너의  가슴에 전해지도록  아직도 나의 마음을  모르고 있었다면은  이 세상 그 누구보다  널 사랑하겠어  널 사랑하겠어  언제까지나  널 사랑하겠어  지금 이 순간처럼  이 세상 그 누구보다  널 사랑하겠어  어려운 얘기로 너의  호기심을 자극할 수도 있어  그 흔한 유희로  이 밤을 보낼 수도 있어  하지만 나의 마음을  이제는 알아줬으면 해  이 세상 그 누구보다  널 사랑하겠어  널 사랑하겠어 언제까지나  널 사랑하겠어  지금 이 순간처럼  이 세상 그 누구보다  널 사랑하겠어  널 사랑하겠어 언제까지나  널 사랑하겠어  지금 이 순간처럼  이 세상 그 누구보다  널 사랑하겠어  널 사랑하겠어 언제까지나  널 사랑하겠어  지금 이 순간처럼  이 세상 그 누구보다  널 사랑하겠어
1996.08.11~08.17,42,66966,슬퍼지려 하기 전에,쿨(COOL),The [Ku:l] 2집,1995.10.01,Dance,최준영,나 가끔씩 그대 생각을 할 때마다  나 가끔 그대 생각을 할때마다 늘 가까운 듯 멀게만 느껴지는데  늘 가까운 듯 멀게만 느껴져 이렇게 널 만날 때엔 날 사랑 한다지만  뒤돌아서면 왠지 슬픈 예감만이 너무도 변해버린 모습은 내게 너무도 변해버린 모습은 내게 말할 수 없는 아픔을  전해 주지만  그러는 너 이제 그만 힘들어해 나 그런 너의 맘을  이해할 수 있어 오 나를 바라보는 그대  눈빛 말하지 않아도  우리의 마지막을 난 준비하려 해 오 나의 사랑을 속여가며  웃음지려 한건  뒤돌아 흘릴 눈물 눈물  때문이야 워우어 그대 나에게 주었던 사랑 그보다 더 행복한 건 내겐  없었어 워우워 그래 나 이젠 널 떠나보내 줄게  더이상 슬퍼지려하기 전에 너와 했던 추억들은 이제  모두 모두 멀어지고 마는거야 오직 나만 사랑한단 그  말들은 이제 거짓이란 걸  난 알아 돌이킬 순 없는거니 너와  했던 많은 시간들이 슬퍼져 나 이렇게 태연하게 웃어 보이지만 One Two Three Go 오 나를 바라보는 그대  눈빛 말하지 않아도  우리의 마지막을 난  준비하려 해 오 나의 사랑을 속여가며  웃음지려 한건  뒤돌아 흘릴 눈물 눈물  때문이야 워우어 그대 나에게 주었던 사랑 그보다 더 행복한 건 내겐  없었어 워우워 그래 나 이젠 널 떠나보내 줄게  더이상 슬퍼지려하기 전에
1996.08.11~08.17,43,1839640,처음 느낌 그대로,이소라,이소라 1집,1995.09.01,Ballad,이소라,남 다른 길을 가는 내게 넌 아무말 하지 않았지 기다림에 지쳐가는 걸 다  알고있어 아직도 가야하는 내게 넌  기대할 수도 없겠지 그 마음이 식어가는 걸 난  너무 두려워 어제 널 보았을 때 눈 돌리던  날 잊어줘 내가 사랑하며 사랑한단  말 대신 차갑게 대하는 걸 알잖아 오늘 널 멀리하며 혼자 있는  날 믿어줘 내가 차마 네게 할 수 없는  말 그건 사랑해 처음 느낌 그대로 어제 널 보았을 때 눈 돌리던  날 잊어줘 내가 사랑하며 사랑한단 말 대신 차갑게 대하는 걸 알잖아 오늘 널 멀리하며 혼자 있는  날 믿어줘 내가 차마 네게 할 수 없는 말 그건 사랑해 처음 느낌 그대로 처음 느낌 그대로
1996.08.11~08.17,44,64025,영원히 내게,안상수,영원히 내게,1995.09.01,Ballad,김신우,이 넓은 세상에 날 위한 건 너 하나였어 밤 새워 그렇게도 눈물 흘렸지 어려움 속에 어디에 있는지 모르는체 헤매이다가 나 또한 볼 수 없는 거릴 걸었어 어딘지 모를 지금 내게 무엇도 필요치 않아 나를 대신하던 너 였어 이제 너를 나 없는 어둠 속에서 슬프게 할 순 없어 다시 와 내게로 널 위한 건 세상에 나 만이 알아 나에게 돌아와 이젠 내게 있어 줘 영원히 내게  지금 내게 무엇도 필요치않아 나를 대신하던 너 였어 이젠 너를 나 없는 어둠속에서 슬프게 할 순 없어 다시 와 내게로 널 위한 건 세상에 나 만이 알아 나에게 돌아와 이젠 내게 있어 줘 영원히 내게 나에게 돌아와 이젠 내게 있어 줘  영원히 내게
1996.08.11~08.17,45,14242,꼭 나처럼... (슬픈 저주),뱅크,선물,2000.12.28,Ballad,손유경,I miss you Uh 너에게 나를 모두 주어도 늘 닫혀있었던 너의 마음을 또 이렇게 엿보지만 나의 자린 없었어 언젠가 사랑했던 그 사람의 자리 뿐 넌 옆에 있는 나 보다 떠나간 그 사람이 필요한거야 엇갈린 마음 바로잡기엔 너무 늦은 지금 너의 뒷 모습을 바라보지만 붙잡을 수 조차 없는 나를 아마 넌 이해 못하겠지 아직 난 네 사랑이 아닌걸 기억속에 나의 모습 남겨져 잊혀질 수도 없다는걸 너도 혼자란걸 느낀 그때 비로소 알게 될거야 꼭 나처럼  넌 옆에 있는 나 보다 떠나간 그 사람이 필요한거야 엇갈린 마음 바로잡기엔 너무 늦은 지금 너의 뒷 모습을 바라보지만 붙잡을 수 조차 없는 나를 아마 넌 이해 못하겠지 아직 난 네 사랑이 아닌걸 기억속에 나의 모습 남겨져 잊혀질 수도 없다는걸 너도 혼자란걸 느낀 그때 비로소 알게 될거야 I miss you 나처럼
1996.08.11~08.17,46,66954,여우야(女雨夜),더클래식,여우야,1995.11.16,Ballad,김광진,창 밖엔 서글픈 비만 내려오네 내 마음 너무 안타까워 이제 다시 볼 수가 없기에 처음 만났던 그날도 비가 왔어 우산도 없이 마냥 걸었었지 너의 눈빛 촉촉히 빛났지 이 밤 너에게 주고 픈 노래 너만을 사랑하고 있다는걸 들어 줄 사람도 없이 빗속으로 느껴지는 너의 이름을 불러 보지만 닿을 수 없다 닿을 수 없다는거 알고 있어 긴 밤을 꼬박 세우고 빗속으로 어느새 새벽이 오고 있어 한때는 너를 만나서 행복했어 그런 꿈 속에 빠져 있었지만 이런 나도 느낄 줄 몰랐어 이별을 느낄때면 난 생각해봐 우리 사랑을 위한 시간인걸 너는 이런 내 맘을 아는지 이 밤 너에게 주고 픈 노래 너만을 사랑 너만을 사랑하고 있다는걸 들어 줄 사람도 없이 빗속으로 느껴지는 너의 이름을 불러 보지만 닿을 수 없다 닿을 수 없다는거 알고 있어 긴 밤을 꼬박 세우고 빗속으로 어느새 새벽이 오고 있어  이 밤 너에게 주고 픈 노래 너만을 사랑 너만을 사랑하고 있다는걸 들어 줄 사람도 없이 빗속으로 느껴지는 너의 이름을 불러 보지만 닿을 수 없다 닿을 수 없다는거 알고 있어 긴 밤을 꼬박 세우고 빗속으로 어느새 새벽이 오고 있어
1996.08.11~08.17,47,33191,왼손잡이,패닉,Panic,1995,Rock,이적,나를 봐 내 작은모습을
1996.08.11~08.17,48,63342,사랑의 마음 가득히,한동준,한동준 3,1995,Ballad,한동준,때로는 누군가 그리웠던 적도 있었지 그렇게 혼자만 있던 기억은 이제는 안녕 때로는 누군가 가슴에 품고 싶었었지 외롭게 보냈던 지난 날들을 잊고만 싶어 언제나 내 곁에서 날 위로해 줄 그 누군가(누군가)가 필요한거야 마음 속 (마음속)깊은 곳(깊은곳) 그대 원하는 것 있다면 내가 달려가 그대의 어깨를 따뜻이 감싸줄텐데 내곁에 (내곁에)있다면(있다면) 그대 원하는 것 모두다 내가 그대의 가슴에 한아름 사랑의 마음 가득히  때로는 누군가 그리웠던 적도 있었지 그렇게 혼자만 있던 기억은 이제는 안녕 때로는(때로는) 누군가 가슴에 품고 싶었었지 외롭게 보냈던 지난 날들을 잊고만 싶어 언제나 내곁에서 날 위로해줄 그누군가(누군가)가 필요한거야 마음속(마음속) 깊은곳(깊은곳) 그대 원하는것 있다면 내가 달려가 그대의 어깨를 따뜻이 감싸줄텐데 내곁에(내곁에) 있다면(있다면) 그대 원하는것 모두다 내가 그대의 가슴에 한아름 사랑의 마음 가득히 마음속(마음속)깊은곳(깊은곳) 그대 원하는것 있다면 내가 달려가 그대의 어깨를 따뜻이 감싸줄텐데 내곁에(내곁에)있다면(있다면) 그대원하는것 모두다 내가 그대의 가슴에 한아름 사랑의 마음 가득히
1996.08.11~08.17,49,1725732,사랑하는 어머님께,최성빈,사랑하는 어머님께,1995.12,Ballad,,어머님 죄송합니다. 이 글을 읽으실 때쯤 전 그녀와 함께 멀리 떠나있을 꺼예요. 어머니와 그녀를 사이에 두고 많이 고민했지만 저의 현실은 그녀를 버릴 수 없어요 어머님께서 가르쳐 주신 사랑을 그녀에게서 배웠으니까요 저 몰래 어머님이 그녀를 만나 심한 말 하신 걸 알고 그녀에게 갔었죠 조그만 자취방에 그녀는 고열로 의식을 잃은 채 하염없이 울고 있었죠 그녀를 업고 병원으로 뛰면서 전 정말 죽고 싶었죠 이제껏 무책임한 저의 행동은 순결했던 그녀에게 아무 것도 해준 것이 없기에 미안해 정말 미안해 너를 이렇게 만든 건 모두 나의 잘못이야 용서해 너의 몸이 낫는 대로 우리 멀리 떠나자 아무도 없는 곳에 어머님 용서하세요 그녀에게 저밖에 없는데 그녈 버릴 수는 없어요 언젠가 우리 모두가 다시 뵐 수 있는 날까지 건강하시기를 저희는 지금 기차 안에 있어요 떠나기 전에 우리는 그녀가 다니는 성당에서 조촐한 결혼식도 올렸어요 그리고 신부님 앞에서 그녀와 전 눈물로 약속했죠 후회하지 않겠다고 어머님 저는 그녀를 사랑해요
1996.08.11~08.17,50,63965,당신과 만난 이날,임기훈,My Song 1985.,1995.08,Ballad,김진만,우리 이제 지난 일들 모두 잊어버려요 원치 않던 만남으로 가득했던 그런 날들 우리 이제 지금을 같이 노래 불러요 그렇게 그리던 당신과 만난 이날을 잊어도 되는 지워도 되는 추억일랑 생각지 말아요 당신과 만난 이날이 행복하므로  흘러 흘러 시간 속에 묻혀진데도 얼굴 맞댄 이대로 살수만 있다면 죽어서도 행복할 비둘기처럼 그냥 지금 이대로 멈춰서요  잊어도 되는 지워도 되는 추억일랑 생각지 말아요 당신과 만난 이날이 행복하므로  흘러 흘러 시간 속에 묻혀진데도 얼굴 맞댄 이대로 살수만 있다면 죽어서도 행복할 비둘기처럼 그냥 지금 이대로 멈춰서요 흘러 흘러 시간 속에 묻혀진데도 얼굴 맞댄 이대로 살수만 있다면 죽어서도 행복할 비둘기처럼 그냥 지금 이대로 멈춰서요  그냥 지금 이대로 멈춰서요
