time,rank,song_id,title,singers,album,date,genre,creator,lyric
1999.09.26~10.02,1,1139375,슬픈 영혼식 (For Your Soul),조성모,For Your Soul,1999.09.09,Ballad,강은경,아마 오셨을텐데   우릴 위해 축복해 줄 사람들   그냥 그렇게 믿어   우리밖에 없다고 여기면 안돼   이제 서약해야 해  일생동안 사랑하겠노라고  넌 대답 안해도 돼   내가 두 번 말하면 되니까   눈물 흘린 거니   내품에 안은 니 사진이 젖었어  왜 좋은 날에 울어 너까지이제   마지막 니 소원이었었잖아  너 가는 길에 보내 주려해  널 위한 이 반지 잃어 버리지마  손에 꼭 쥐고 가 언제가 니곁에   가게 되는날  그때 내가 너의 손에 끼울게 넌 마음 편히 먼저가   이제 가는 거니  쓸쓸한 바람소리 문득 들렸어  나 없이 먼길 혼자 갈수 있겠니  그 길에 나 데려가면 안되니  첫 눈오거나 비오는 밤엔   가끔씩 들려줘  해마다 오늘은 꼭 다녀가야해   나의 창가에 나의 꿈 속에  잠시라도 너 가는 길에  보내 주려해 널 위한 이 반지 잃어버리지마 손에 꼭 쥐고 가 언젠가 니곁에  가게 되는날 그때 내가 너의 손에 끼울게 나 늦더라도 기다려
1999.09.26~10.02,2,84781,아이야! (I yah!),H.O.T.,I yah!,1999.09,Dance,유영진,아이야 니가 속한 세상에 넌   너무너무나도 아름다운 세상   속에 넌 그렇게   모든것을 아름답게만 보는것만   배웠지 않니   추한것들은 가리라고 배웠지   난 그렇게 그렇게 난 그렇게   살고 싶지 않아   정말 난 그렇게 그런   무책임한 말들로   너무나 너무나 너무나 너무나   오래오래동안 버려져 왔던   날들날들   저리가 저리가 모조리가 모조리가   제발 가치없는 말로 유린하지마   Do you say it One for the Kid   two for the all   그래 우리가 만든 헌장대로   지켜진게 뭐가 있는가   없다 없다  그들은 소외당하고 무시당하고   보호받지도 못하고   타고난 권리조차 지켜주지 못했고   그래 언제까지 이 따위로 살텐가 피우지도 못한 아이들의  불꽃을 꺼버리게  누가 허락했는가 언제까지  돌이킬 수 없는 잘못을  반복하고 살텐가  yeah 누구나가 다 평등하게  살아갈 때  모두 다 자기것만 찾지 않을 때  어떤 것이 무엇이 제일  소중한지 깨달을 때  그때 밝은 내일이 살아 돌아온다  Wow 멀어멀어 가야할 길이  Show shock turn your neigh borhood block  into the battle field  이제 새 천년이 다가온다 no lie  우린 필요에 따라 복제 되어 버릴지도 모르지  yo Clon yourself echeew  and i'm gonn' catch you  ain't no turnin' back you  won't be  burnin' my kids Put'em up  some dirty cash  and a get tripher  But I'm a Lifer a camouflage  cypher  from the roof top I might  snipe ya  피우지도 못한 아이들의 불꽃을  꺼버리게 누가 허락했는가  언제까지 돌이킬 수 없는  잘못을 반복하고 살텐가  시간에 숨겨버린 진실의  날을 찾기 위해  가진 모든 것을 버렸어  끝까지 나에게 남아있는  또다른 미래를 찾겠어  What ya boys need I got  about the P down  straight about the p  down make everybody  get down  say you around prays  ways in a  days days ain't that failt  in them  all with embrace hates  언젠가는 모든 것이 사라진대도  이겨낼 수 있게 도와줘야해  우리에게 남은 것이 사랑이라면  아낌없이 줘야해  아이야 아이야 아이야 아이야  우리들이 추구하는 모든 것들  언제나 그 안에 욕심은 없는지  지켜내야해 다음 세기가 올때까지
1999.09.26~10.02,4,1786635,Fever,조pd(ZoPD),In Stardom Version 2.0,1999.08,Rap / Hip-hop,조pd(ZoPD),여기 있는 사람들 모두 높이 손을 들어 리듬에 맞춰서 신나게 몸을 흔들어 이게 진짜 파티야 하는 생각 너도 들어 나도 진짜 죽인다 하는 생각은 들어 골아픈 소리해도 절대 난 안들어 거기있는 아가씨 나는 아주 맘에 들어 그 아가씨 진짜 이쁜가 봐라 이리봐라 나 좀 봐라면서 손을 흔들어 그렇게 씹혀도 울지마 고개를 들어 그냥 흔들면서 들어 존나 흔들어  지금은 파티중이니 끼리끼리 온사람 샘내지 말고 우리끼리 재미있게 노세 Oh shit 아이고 이제는 몸이 안따라줘 안돼 하는 후회가 들어 슬프기 전에 작작튕겨 내 말 좀 들어 젊은 우리의 함성이 세상을 흔들어 uh 좋아라 좋아라  너무나 좋아라 피라미 같은 무용단들은 떠나라 DJ 와 MC 가 만든 힙합나라 저기 귀막고 있는 너는  사요나라 uh 좋아라 좋아라  너무나 좋아라 피라미 같은 무용단들은 떠나라 DJ 와 MC 가 만든 힙합나라 저기 귀막고 있는 너는  사요나라 uh 야야야 가야 되는데 이제 가야돼 가야돼  오늘이 다가기도 전에 내일 할일 생각에 볼일 하나 볼 엄두도 없는 건 참 별일이라 말야 이랴 이랴 말 몰고 쫓듯 세월을 보내니 말야 마라톤 하듯이 바톤 넘기듯 하루하루 빠른 패턴으로 가면서도 좋든 싫든  따르란 말이렸다 하여튼 지금 내앞에서 허튼 걱정은 하지마 너무나 좆같은 기분을 떨쳐 진정 춤추고 싶은이는 춤을 춰 종일 열받쳐 있던 머리 식힐겸 춤을 춰 눈맞춰 볼만한 이 있으면 점을 쳐 이 기회를 왜 놓쳐 답답하면 크게 소리쳐 여기 시간은 조PD 시간 너의 시각과 청각은 빨간 노란 파란  현란한 틀에 쌓여 대란을 치루는 중이군야 순간이 모인거란다 인생이란 때지난 부끄럼에 밍숭밍숭 하면 뭘해 음악은 나왔는데 딴 생각하는 건 뭐래 누구도 바깥세상 골치아픈 속에 잊지마 또 잊지마  이 미래를 밝힐 노래 때지난 부끄럼에 밍숭밍숭하면 뭘해 음악은 나왔는데 딴 생각하는 건 뭐래 누구도 바깥세상 골치아픈 속에 잊지마 또 잊지마  이 미래를 밝힐 노래 좋아라 좋아라  너무나 좋아라 피라미 같은 무용단들은 떠나라 DJ 와 MC 가 만든 힙합나라 저기 귀막고 있는 너는  사요나라 uh 좋아라 좋아라  너무나 좋아라 피라미 같은 무용단들은 떠나라 DJ 와 MC 가 만든 힙합나라 저기 귀막고 있는 너는  사요나라 uh
1999.09.26~10.02,5,85185,Scarlet,엄정화,005.1999.06,1999.06,Dance,주영훈,얼마나 흘렀는지 이 어둠에서 깨지않게 해줘 눈뜨면 날 기다리는건 아픔일뿐 괜찮아 잘된거야 어차피 우린 이룰수 없는걸 이렇게 좋은 추억으로 간직할게 너의 곁에 모든 사람 얘기들이 옳았던거야 너무 달랐던 우리의 생활들이 하나 될 순 없어 한번만 나를 위해 다시 말해줘 후회는 없었다고 나와 함께했던 모든 그 시간들은 소중했었다고 한순간 꿈이라고 생각하지마 그렇게 믿고싶어 이런 나를 만나 단 한순간이라도 행복했길 바래 부탁이야 이렇게 버려질걸 난 알면서도 사랑해온 거야  너무 큰 욕심이었을까 이런맘이 항상 나는 두려웠어 내가 올려볼수 없는 벽 어리석었던 나만의 이 사랑을 축복할리 없어 한번만 나를 위해 다시 말해줘 후회는 없었다고 나와 함께했던 모든 그 시간들은 소중했었다고 한순간 꿈이라고 생각하지마 그렇게 믿고싶어 이런 나를 만나 단 한순간이라도 행복했길 바래 부탁이야
1999.09.26~10.02,6,91317,신부에게,유리상자,Be Happy...,1999.09.01,Ballad,이세준,새하얀 드레스 수줍은 발걸음  꿈꾸는 설레임  나만을 믿고 내곁에 선  소중한 그대  차가운 시선이 우릴 막아설땐  슬퍼도 했지만  어느새 그댄  사랑으로 날 감싸주었죠  그대도 나도 아닌 다른 이유로  아파해야 했던 날 참아준 그대  약속할께요 더 이상의 눈물은  없을거란걸 눈부신 아침도 오후의 향기도  까만 밤 하늘도  내곁에 있는 그대로 인해  아름다울 수 있죠  세상 모든 기쁨과 슬픔 또 사랑  함께 나눌 사람을 난 찾은거죠  약속할께요 더 이상의 외로움  없을거란걸  힘들었던만큼  넉넉한 행복들을 드릴꺼예요 늘 지금처럼 해맑은 웃음만 지어 주세요 그대도 나도 아닌 다른 이유로 아파해야 했던 날 참아준 그대 약속할께요 더 이상의 눈물은 없을거란걸 세상 모든 기쁨과 슬픔 또 사랑 함께 나눌 사람을 난 찾은거죠 약속할께요 더 이상의 외로움 없을거란걸
1999.09.26~10.02,7,83816,Com` Back,젝스키스,Com` Back,1999.09,Dance,조은희,Jigging with that shake that booty   Jigging with that shake that booty   Don't stop that shake that booty   Yeah baby Don't you baby   Just make you freak your body   Come and get you freak your body   젝키 Dance 젝키 Dance   We will get the freak your body   바람속을 가르는 내 슬픈 사랑이   제발 니 곁에 영원히 잠들수 있게   oh 내게로 와 이세상 마지막 날까지   혼자 또 헤매다 쓰러져 가는 날위해   깊깊깊 깊어 갈 수록  깊 깊어 질수록   깊깊깊 깊어 갈수록   날 봐라 미쳐 돌   것만 같은 날  봐라 걷잡을 수 없는   날 봐라 널 향해  가가가겠어  터질것 같은 사랑을 느낄 수 있겠니   한번이라도 니 곁을 스쳐  갈 수 있다면   가슴 깊이 품어온 내 모든 사랑을   오직 단하나 널 위해 지켜왔는데   왜 잡을 수 도 없이 넌 멀리   있는거니   얼마나 울어야 너 내게   올수 있겠니   깊어 갈수록 깊깊어 질수록   깊어 갈수록 깊깊어 갈수록   여기 더는 멈출 수 없는   날 봐라 여기 더는 멈출 수 없는   날 봐라 널 차지하겠어   날 위해 제발 조금 더   기다려 주겠니   다른 이별로 널 두 번   다시 놓치지 않게   바람속을 가르는 내   슬픈 사랑이   제발 니 곁에 영원히   잠들수 있게   oh 내게로 와 이세상   마지막 날까지   혼자 또 헤매다 쓰러져   가는 날위해   Jigging with that shake that booty  Jigging with that shake that booty  Don't stop that shake that booty  Yeah baby Don't you baby  Just make you freak your body  Come and get you freak your body  젝키 Dance 젝키 Dance  We will get the freak your body
1999.09.26~10.02,8,83443,헤어진 후에,Y2K,YⅡK,1999.05.01,Rock,장대성,미안해 그런 표정은 짓는게   아니었는데 어쨌든   너의 그사람 정말로 괜찮았었어   많이 고민했었어 그자릴   지켜야 하는지   이제 너와난 끝난 사이니까   왜 나를 나오라했니 겨우 조금은   너를 지운거라 생각했었는데   이렇게 날 힘들게   해야했니 친구로   지내잔 마지막 말론 너의 기분을   채울수는 없니 그만큼   나로인해 힘들다면   사과할게 정말 너무나 미안해   이젠 너의사람을 위해서   영원히 나를 기억에   지워줘 너만 행복할수있다면   많이 고민했었어 그자릴   지켜야 하는지   이제 너와난 끝난 사이니까   왜 나를 나오라했니 겨우 조금은   너를 지운거라 생각했었는데   이렇게 날 힘들게 해야했니   친구로 지내잔   마지막 말론 너의 기분을   채울수는 없니 그만큼   나로인해 힘들다면   사과할게 정말 너무나 미안해   이젠 너의사랑을 위해서 영원히   나를 기억에   지워줘 너만 행복할수있다면   다신 나를 만나려 하지마 혹시   우릴 오해할지   모르니 단지 그사람을 위해   모든걸 생각해줘 나는  정말로 괜찮아  우리 사랑했었던 기억도  이젠 너를위해 모두 지울게  너만 행복할수 있다면
1999.09.26~10.02,9,83505,그녀안의 나,양파,A`ddio,1999.06.26,Ballad,이재경,그대가 원하는 모습으로 바꾸고 싶었죠  여자다운 차림과 맑은 향기까지도  그대를 만나기 위해 온종일 난 상상하고  떨리는 가슴 들켜버릴까 걱정하기도 해요   하지만 그런 내게 왜 그랬나요  그대가 원한 모든 것들은  떠나간 그녀의 모습인걸 알아요  아직은 내 사랑에 눈물이 나요  사랑한다는 그 고백도  내가 아닌 그녀에게 말했던가요   나 혼자 이렇게 그댈 보며 사랑했나봐요  그대 안에 그녀가 함께 있는 줄 모르고  더 이상 그녈 비추는 거울이 되긴 싫어요  하지만 그댈 너무 사랑해 나 어쩌면 좋아요   나에겐 모든 것이 다 처음인데  이대로 포기해야 하나요  왜 아직도 그녀를 간직하고 있나요  이제는 나 하나만 생각해줘요  제발 날 떠나지 말아요  사랑했던 기억으로 기다릴게요   괜찮아요 약속해주세요  그녀를 더는 내게서 찾지마요   나에겐 모든 것이 다 처음인데  이대로 포기해야 해요  왜 아직도 그녀를 간직하고 있나요  이제는 나 하나만 생각해줘요  제발 날 떠나지 말아요  사랑했던 기억으로 기다릴게요 -
1999.09.26~10.02,10,84229,남자이야기 -My Way,허니패밀리,남자 이야기,1999.09.02,Rap / Hip-hop,"박명호,주라(Jura)",이 세상 내 아버지가 살던 세상  이 세상 내 자식이 살아갈 세상  이 세상 속에서 내가 지금  살아가고 있죠  지나간 세월을 회상하며  지나간 시간은 되돌릴순 없죠  이렇게 우리들은  후회하며 살아가죠  한번쯤 우리들은 생각을 하겠죠  서로가 지금껏 걸어온  그 길을 말이죠  어렴풋이 생각나는  내 어린시절 때는  나는 내 부모님께 항상  여쭤보곤 했었었지  나 어디서 어떻게 태어났어  라고 문득 물을때면  내가 말썽을 피울때면  너 다리밑에서 주워왔어  이렇게 말씀하곤했지  지금 난 가끔 어린시절 그때 시절  생각 하며 가끔 웃고는하지  저기 저편 저기 멀리서 들려오는  희망찬 함성소리 헤이  우린 듣죠 우린 알수가 있죠 예  저기 저편 저기 멀리서 다가오는  희망찬 밝은 미래  우린 알죠 우린 느낄수 있죠 예   나의 부모님  주는 사랑만을 고집하셨지  이 못난 아들래미 친구 못지 않게  살게하려 없는 살림에서도  주머니 쌈짓돈  꺼내 주시곤 하셨지  비참했던 학창시절 나 패자가 되어  보내고 세상 첫발 내미는 순간  그 냉혹한 그 현실에 나 두려웠죠  라 라라라라 라라라라 라라라라  라라라라 라라라라 라라라라  라라라라 라라라라 라라라라  라라라라라  이 세상 내 아버지가 살던 세상  이 세상 내 자식이 살아갈 세상  이 세상 속에서 내가 지금  살아가고 있죠  지나간 세월을 회상하며  지나간 시간은 되돌릴순 없죠  이렇게 우리들은  후회하며 살아가죠  한번쯤 우리들은 생각을 하겠죠  서로가 지금껏 걸어온  그 길을 말이죠  지금도 생각나지만  친구들과 어울려 놀던  그때 학창시절에 그때 내게 항상  말씀하신 부모님 잘살려면  똑똑해야 한다는 그 말씀  하지만 그때 의미를 지금  난 아직 모르고 있어  철이 없던 어리던 시절에  세월은 흘러만 가고  난 지금 이 자리에 서 있어 멈춰 있어  저기 저편 저기 멀리서 들려오는  희망찬 함성소리 헤이  우린 듣죠 우린 알수가 있죠 예  저기 저편 저기 멀리서 다가오는  희망찬 밝은 미래 우린 알죠  우린 느낄수 있죠 예  시간이 흘러 어느덧 난 나이를 먹고  평범한 가정에 가장이 되어  토끼같은 자식과 여우같은 마누라  이들을 위해 난  땀을 흘리며 살고 있죠  마치 내 아버지가 그랬던 것처럼  내가 지금 그 길을 걷고 있는거죠  그리고 내 아들 역시  걸어갈 길이겠죠  이 한 남자의 인생의 길을  라 라라라라 라라라라 라라라라 라라라라 라라라라 라라라라 라라라라 라라라라 라라라라 라라라라라
1999.09.26~10.02,11,1816948,To Heaven,조성모,To Heaven,1998.09.06,Ballad,이승호,괜찮은거니 어떻게 지내는거야 나 없다고 또 울고 그러진 않니 매일 꿈속에 찾아와 재잘대던 너 요즘은 왜 보이질 않는거니 혹시 무슨 일이라도 생겼니 내게 올 수 없을 만큼 더 멀리갔니 니가 없이도 나 잘 지내 보여 괜히 너 심술나서 장난 친거지 비라도 내리면 구름 뒤에 숨어서 니가 울고 있는 건 아닌지 걱정만 하는 내게 제발 이러지마 볼 수 없다고 쉽게 널 잊을 수 있는 내가 아닌걸 잘 알잖아 혹시 니가 없어 힘이 들까봐 니가 아닌 다른 사랑 만날 수 있게 너의 자릴 비워둔 것이라면 그 자린 절망 밖에 채울 수 없어 미안해 하지마 멀리 떠나갔어도 예전처럼 니 모습 그대로 내 안에 가득한데 그리 오래 걸리진 않을거야 이별이 없는 그곳에 우리 다시 만날 그날이 그때까지 조금만 날 기다려 줘
1999.09.26~10.02,12,81920,선택,백지영,Sorrow,1999.06.01,Dance,최명선,너를 포기하라고  말하는  그를 넌 믿고  있는 것 같아  난 그를 알아  쉽게 널 버릴거야  그걸 정말  모르니  내가 널  사랑하는 것보다  그의 곁에서  넌 행복했니  말도 안되는  일들이 벌어졌어  잘못했던  일이야  너만을  사랑해  이렇게 너를  보낼 수 없어  제발 다시 한 번 더  생각해봐 부탁이야  흔들리지마  이젠 더이상  나의 사랑을  시험하지마  누구에게도 널  빼앗길수 없어  널 다시  찾을거야  너만을  사랑해  이렇게 너를  보낼 수 없어  제발 다시 한 번 더  생각해봐 부탁이야  흔들리지마  이젠 더이상  나의 사랑을  시험하지마  누구에게도 널  빼앗길수 없어  널 다시  찾을거야  흔들리지마  이젠 더이상  나의 사랑을  시험하지마  누구에게도 널  빼앗길수 없어  널 다시  찾을거야  라라라랄라라라라랄라  라라라랄라라라라라라  라라라라  라라라라  라라라라라라라라
1999.09.26~10.02,13,83326,Gimme! Gimme!,컨츄리꼬꼬,Color Of Chameleon,1999.06.14,Dance,최수정,사랑이 듬뿍담긴 편지를 받았어  편지와 함께 한아름 꽃도 받았어  꽃다발 속에 담긴 너의   그 마음이 정말 좋았어 sexy  oh 너를 기다리다가 그냥  돌아왔어  돌아오는 그 길이 너무 외로웠어  밤하늘에 뜬별이 내가슴에  떨어지네  사랑이라고 말해  언제나 나를 사랑한다고   달려와 내가슴에 안겨줄  너를 기다리는 나에게로  oh Gimme Gimme Gimme   Gimme Gimme Gimme  사랑을 Tell me Tell me Tell me  Tell me Tell me Tell me  나에게 깊이 깊이 깊이 깊이   깊이 깊이  남겨둘 사랑을 찾아서   날 떠나간  희미해진 기억속에 니가   남긴 사랑을  향기로운 그입술에 잊지못할  추억은 다시 돌아올거야  내가슴의 운명처럼  이제 너도 내게 날   돌아와 달라는 사실을  나 너무 외로워 지금   나 너만 있으면 되는데  기회는 지금 있어 지겨워 하지마  나도 지금 너처럼 지 쳐 가  순정을 다 바쳐서 너를   사랑했어  뜨거운 그 날 밤도 우리   시를 썼고  그렇게 아름다운 여자는 세상에   처음이었어kiss me  그후로 오랬동안 너무 행복했고  사랑의 장난으로 우린 헤어졌지  나의 눈에 눈물이 가슴속에   떨어지네  사랑이라고 말해  언제나 나를 사랑한다고   달려와 내가슴에 안겨줄  너를 기다리는 나에게로  oh Gimme Gimme Gimme   Gimme Gimme Gimme  사랑을 Tell me Tell me Tell me  Tell me Tell me Tell me  나에게 깊이 깊이 깊이 깊이   깊이 깊이  남겨둘 사랑을 찾아서   날 떠나간  희미해진 기억속에 니가   남긴 사랑을  향기로운 그입술에 잊지못할  추억은 다시 돌아올거야  내가슴의 운명처럼  Make me a baby  Make me be   you alright girl   I just like the way   You are sexy baby  Want make you grow oh tonight girl  내사랑을 그대에게 원 투 쓰리  oh Gimme Gimme Gimme  Gimme Gimme Gimme 사랑을 Tell me Tell me Tell  me Tell me Tell me Tell me 나에게 깊이 깊이 깊이  깊이 깊이 깊이 남겨둘 사랑을 찾아서  날 떠나간 희미해진 기억속에 니가  남긴 사랑을 향기로운 그입술에 잊지못할 추억은 다시 돌아올거야  내가슴의 운명처럼
1999.09.26~10.02,14,83671,Tears,위종수,To Me,1999.07.27,Ballad,,
1999.09.26~10.02,15,83960,Killer,베이비복스1기,Come Come Come Baby,1999.08,Dance,,자꾸 떠오르는 그대의 웃음소리 잔인한 그 소리를 예예예 이젠 잊게 해줘 oh 너만이 그대를 내 안에서  없앨 수 있어  아름다운 그댈 사랑했어  이젠 상처밖에 남은 게 없지만  화려한 겉모습에 반했나봐  그대를 사랑했어  끝끝내 차가워진 눈빛으로  나를 잔인하게 비웃었던 그대  이제는 말라버린 눈물 속에  그대를 지워갔어  난 믿어왔어 그대 기억  따윈 아무것도 남은 것이 없어  자꾸 떠오르는 그대의 웃음소리 잔인한 그 소리를 예예예 이젠 잊게 해줘 oh 너만이 그대를 내 안에서  없앨 수 있어  니 옆에서 그댈 떠올린 건  내 잘못이 아냐 오해하지 말아  저 하늘이 널 내게 보낸 거야 그대를 지우라고  너를 놓칠 수는 없었기에  지난 사랑 모두 잊었다 했지만  난 문득 니 얼굴에 겹쳐지는  그대가 날 비웃어  난 믿어왔어 그대 기억  따윈 아무것도 남은 것이 없어 자꾸 떠오르는 그대의 웃음소리 잔인한 그 소리를 예예예 이젠 잊게 해줘 oh 너만이 그대를 내 안에서  없앨 수 있어  자꾸 떠오르는 그대의 웃음소리 잔인한 그 소리를 예예예 이젠 잊게 해줘 oh 너만이 그대를 내 안에서  없앨 수 있어  자꾸 떠오르는 그대의 웃음소리 잔인한 그 소리를 예예예 이젠 잊게 해줘 oh 너만이 그대를 내 안에서  없앨 수 있어
1999.09.26~10.02,16,38753,아름답게 사랑하는 날까지,김경호,Kyung-Ho Kim Ⅳ,1999.04,Rock,이경,그래 내 안에서 살게 한거야 가엾은 너 아픔 재우고 내 가슴 어디에서도 숨 쉬고 있어 그런 널 내 안에서 죽게 한거야 잔인한 저 비를 맞듯이 착한 널 선택한 것은 눈물이 되어 숨이 막혀와 놔주려 했어 너를 내 품에 안으면 이 세상이 두려웠어 날 이해해줘 사랑해 본 사람들은 알거야 한 사람을 잊는다는 건 혼자 내린 죽음보다 아픈 걸 깨달았어 나를 거부했던 세상이지만 너를 위해 용서한 거야 니 안에 또 다른 사람이 살아가는 날 이 세상에 난 죽고 없는 거야 날 용서해줘 잠시 너를 슬픈 세상에 뒀어 나를 죽여 사랑한만큼 너와 같은 날에 눈감을 거야 어렵지만 선택했어 사랑해서 아플 우리 사랑을 가슴 안에 숨쉴거야 아름답게 사랑하는 날까지 난 살겠어
1999.09.26~10.02,17,84019,호기심,한스밴드,한스밴드 2집,1999.08.12,Dance,최준영,춘향이 이도령 첫사랑 고귀한 사랑의 결정판 후세에 길이길이 남는데 왜 내겐 아직 어리다고만 할까 사랑이란 어떤 것일까 목숨도 아깝지 않을까 정해진 인연이 있다면 내 앞에 지금 나타나줘 기다림은 너무 싫어 외로움도 너무 싫어 우연히 맺은 잘못된 사랑 더 싫어 어른들은 아직 몰라 내가 어린 줄만 알아 옛날 같으면 벌써 시집 갈 나인데 머리가 좋았으면 좋겠어 2세를 생각해야 하니까 큰 키에 잘생기면 더 좋아 적어도 나의 인연이라면 라면 혹시나 하늘이 노하여 바보를 맺어준다 해도 평강이 그랬었던 것처럼 내조로 영웅 만들지 뭐 기다림은 너무 싫어 외로움도 너무 싫어 우연히 맺은 잘못된 사랑 더 싫어 어른들은 아직 몰라 내가 어린 줄만 알아 옛날 같으면 벌써 시집 갈 나인데 빠밤빠빠 빠밤빠빠 춤을 춤을 배워보자 빠밤빠빠 빠밤빠빠 나의 사랑 불러보자 빠밤빠빠 빠밤빠빠 수리수리 마하수리 빠밤빠빠 빠밤빠빠 야 기다림은 너무 싫어 외로움도 너무 싫어 우연히 맺은 잘못된 사랑 더 싫어 어른들은 아직 몰라 내가 어린 줄만 알아 옛날 같으면 벌써 시집 갈 나인데 기다림은 너무 싫어 외로움도 너무 싫어 우연히 맺은 잘못된 사랑 더 싫어 어른들은 아직 몰라 내가 어린 줄만 알아 옛날 같으면 벌써 시집 갈 나인데
1999.09.26~10.02,18,84207,하루 하루,타샤니,Parallel Prophecys,2000.09.28,Rap / Hip-hop,정연준(업타운),et puis tu es parti  je ne peux pas vivre sans toi  Je pense a toi chaque jour  et toute la nuit Je vous desir  Tu me veux  tu me manque et mon amour  혼자 있어도 난 슬프지 않아  그대와의 추억이 있으니  하지만 깊은 허전함은  추억이 채울 수 없는 걸  언젠간 나 없이도  살아갈 수 있을거야  차가운 그대 이별의 말에  할말은 눈물 뿐이라서  바라볼 수 없던 나의 그대  하루하루 지나가면 익숙해질까  눈을 감아야만  그댈 볼 수 있다는 것에  더이상 그대의 기쁨이 될수 없음에  나는 또 슬퍼하게 될거야  하루하루 지나가면 잊을 수 있을까  그대의 모습과 사랑했던 기억들은  끝내 이룰 수 없었던 약속들을  나는 또 슬퍼하고 말거야 Oawn lalls to dusk and again  I find myself needin what was  Souls of the late same enchained  baby I'm to blame  brought upon rain of cursing pain  that shadows upon us in this vein  that it I could obtain  but the the pride can  never admit to shame  Yet I deny can't seem to lay  what we had to die  and not a day passes me by cried  till waterfalls dissipate to dry  flow I repent and reminice on  everything you meant  Alone at destinies end  a path that I can never  chance again Je t'aime  언젠가 나 없이도 살아갈 수 있을거야 차가운 그대 이별의 말에 할 말은 눈물 뿐이라서 바라볼 수 없던 나의 그대 하루하루 지나가면 익숙해질까 눈을 감아야만 그댈 볼 수 있다는 것에 나 이제 그대의 기쁨이 될수 없음에 나는 또 슬퍼하게 될거야 하루하루 지나가면 잊을 수 있을까 그대의 모습과 사랑했던 기억들은 끝내 이룰 수 없었던 약속들을 나는 또 슬퍼하고 말거야
1999.09.26~10.02,19,1710278,여름안에서(99 Summer Cool Mix),듀스,IVY Mega Mix,1999.06,Dance,,
1999.09.26~10.02,20,27676,사랑하게 되면,안치환,I Still Believe,1999.05.01,Folk,김범수,나 그대가 보고파서 오늘도 이렇게 잠 못 드는데 창가에 머무는 부드러운 바람 소리 그대가 보내 준 노래일까 보고파서 보고파서 저 하늘 넘어 그댈 부르며 내 작은 어깨에 하얀 날개를 달고 그대 곁으로 날아 오르네 훨훨 훨훨 날아가자 내 사랑이 숨 쉬는 곳으로 훨훨 훨훨 이 밤을 날아서 그댈 품에 안고 편히 쉬고파 나를 잠 못 들게 하는 사람아 보고파서 보고파서 저 하늘 넘어 그댈 부르며 내 작은 어깨에 하얀 날개를 달고 그대 곁으로 날아 오르네 훨훨 훨훨 날아가자 내 사랑이 숨 쉬는 곳으로 훨훨 훨훨 이 밤을 날아서 그댈 품에 안고 편히 쉬고파 훨훨 훨훨 날아가자 내 사랑이 숨쉬는 곳으로 훨훨 훨훨 이 밤을 날아서 훨훨 훨훨 나를 잠 못 들게 하는 사람아
1999.09.26~10.02,21,504835,우리는 Y.G Family,YGFamily,Famillenium,1999.07.29,Rap / Hip-hop,양현석,Uh 너 이제 준비해라  Uh 너 이제 각오해라  We choming Through   With Spread  Out 1TYM Kick It off  믿기 어렵겠지만 YG Family가   다 왔다  지누와 션과 1TYM 모두가   너와 함께할  또 너의 뒤에다  모두 여덟명의 저격수가   되어 발사  준비되어 있지 Teddy  덤벼봐  Yo 백색가루에 뻗친 끝이   없는 욕심  너 모르게 죽어갔던   아비를 지켜본  어린아이 눈속에 비친  너의 개만 못한 짓이여   이제는 끝이여  자 다음 차례 여자들을 팔아  넘겨 배 채운 돼지여  남자란 힘을 잘못쓴 그대여  썩은 내 그 목구멍 속에   넘어간 인생  누가 책임질래  저 높은 곳에서 널 지켜보겠어  우리는 Y G Family Family Family  뒤집어 놓겠어 널 마주 보겠어  우리는 Y G Family Family Family  Now Did You Feel It Coming  Do You Want Anatha One N  Who Got Tha Bat JS 사는게 뭔가 뭔가 버겁다고  느꼈왔던 순간 순간  니 피붙이를 버리려고 했다 인생에 종이 땡땡 종이 땡땡 칠때까지 고아 고아 라는 이름으로 살아 남아 바라 다 지워졌나 도대체 얼마나 너를  원망하게 될까 그러면 절대 안돼 나는 반대 늙은 어머님이 자식이  부담스러워 집을 나가신지 몇달이 되어도 찾아보지 않았던 너 뻔할 뻔 어린 자식들도 너를  따라하게 될껄 저 높은 곳에서 널 지켜보겠어 우리는 Y G Family Family Family 뒤집어 놓겠어 널 마주 보겠어 우리는 Y G Family Family Family 이제 나에게 마지막 남은 총알을 줘 몇시지 더러워진 세상 속에 자식 너만은 YG가 가만 두지 않아 너의 그 주먹 사이로 오고 갔던 수많은 비명 그리고 위선 세상이 삐걱 YG Gonna Show That Stall That 모든걸 되돌려 줄께 저 높은 곳에서 널 지켜보겠어 우리는 Y G Family Family Family 뒤집어 놓겠어 널 마주 보겠어 우리는 Y G Family Family Family 지누와 승환이 대니와 백경이 테디와 진환이 페리와 양군이 우린 많은 것을 바라는게 아니지 지금의 우리는  Y G Family Family Family
1999.09.26~10.02,22,33736,그때로 돌아가는 게,김조한,김조한 2집,1999.08.01,R&B; / Soul,,참 많이 노력해 보지만 그게 쉽지 않네요 그댈 만나기 전 나로 되돌아가는 일 해서는 안 되는 일처럼 그땔 떠올려 보고 놀라 지워 버리는 나를 아나요 이토록 선명한 기억들을 두고 그대를 남기고 난 혼자만 되돌아가야 하는지 그래요 그댄 행복한가요 내가 그댈 만났던 그 날의 기쁨처럼 혹시 나처럼 힘이 드나요 나를 만나기 전의 그때로 돌아가는 게 I fell in love with you I fell in love with you 어제와 다른 건 하나도 없는데 모두 그대론데 왜 그대만 달라져야만 하는지 그래요 그댄 행복한가요 내가 그댈 만났던 그 날의 기쁨처럼 혹시 나처럼 힘이 드나요 나를 만나기 전의 그때로 돌아가는 게 I fell in love with you I fell in love with you  혹시 나처럼 힘이 드나요 나를 만나기 전의 그때로 돌아가는 게 I fell in love with you I fell in love with you
1999.09.26~10.02,23,70896,꿍따리 샤바라,클론,Are You Ready?,1996.05.01,Dance,김창환,마음이 울적하고 답답할 땐  산으로 올라가 소릴 한번 질러봐  나처럼 이렇게 가슴을 펴고  꿍따리 샤바라 빠빠빠빠  누구나 세상을 살다 보면은 마음먹은 대로 되지 않을 때가 있어  그럴땐 나처럼 노래를 불러봐  꿍따리 샤바라 빠빠빠빠  기쁨과 슬픔이 엇갈리고  좌절과 용기가 교차되고  만남과 이별을 나누면서  그렇게 우리는 살아가고  뜻대로 되지 않을 때도 있고  마음먹은 대로 될 때도 있어  다 그런 거야 누구나  세상은 그렇게 돌아가니까  다 그렇게 사는거야  희비가 엇갈리는 세상속에서  내일이 다시 찾아오기에  우리는 희망을 안고 사는 거야  마음대로 일이 되지 않을 때  하던 일을 멈추고 여행을 떠나봐  바다를 찾아가 소릴 질러봐  꿍따리 샤바라 빠빠빠빠  꿍따리 샤바라 빠빠빠  빠빠빠빠빠 빠빠빠  꿍따리 샤바라 빠빠빠  빠빠빠빠빠 빠빠빠  우울한 날이 계속 이어질 땐  신나는 음악에 신나게 춤을 춰봐  나처럼 이렇게 리듬에 맞춰  꿍따리 샤바라 빠빠빠빠 누구나 괴로운 일은 있는 것  한가지 생각에 너무 집착하지마  그럴땐 나처럼 툭툭 털면서  꿍따리 샤바라 빠빠빠빠 기쁨과 슬픔이 엇갈리고  좌절과 용기가 교차되고  만남과 이별을 나누면서  그렇게 우리는 살아가고  뜻대로 되지 않을 때도 있고  마음먹은 대로 될 때도 있어  다 그런거야 누구나  세상은 그렇게 돌아가니까  다 그렇게 사는 거야  희비가 엇갈리는 세상속에서  내일이 다시 찾아오기에  우리는 희망을 안고 사는 거야  마음대로 일이 되지않을 땐  하던 일을 멈추고 여행을 떠나봐  바다를 찾아가 소릴 질러봐  꿍따리 샤바라 빠빠빠빠  꿍따리 샤바라 빠빠빠  빠빠빠빠빠 빠빠빠  꿍따리 샤바라 빠빠빠  빠빠빠빠빠 빠빠빠
1999.09.26~10.02,24,83891,그녀의 연인에게... #Story Ⅰ,K2김성면,Vocalist,1999.04,Rock,,알고 있나요 지금 그대  가진 행복  내겐 아픈 이별이란걸  그녀가 나를 떠나가기 전에  나도 그대 처럼 행복  할수 있었죠  설레임이 가득한 그대 하루만큼  나의 하룬 길고 외로워  어쩌면 나는 바랬는지 몰라  두 사람의 사랑 또한  이별이 되길  이런 나를 이해해요  그댈 미워 할수 밖에 없는날  그대가 난 눈물이 날만큼  부러웠었죠  꼭 하나만 바래요 날 대신해  그녈 영원히 지켜줘야 해요  내가 못 이룬 사랑 이제는 다  모두 이룰 그대  행복하길 그녀의 사랑이니까  이세상에 누구보다 그대  좋은 사람이길 바래요  나보다 더 그녀를 아끼고  사랑할 사람  꼭 하나만 바래요 날 대신해  그녈 영원히 지켜줘야 해요  내가 못 이룬 사랑 이제는 다  모두 이룰 그대  행복하길 그녀의 사랑이니까  꼭 하나 기억해요  이세상에 난 추억이 되어  잊혀지겠지만   오랜 간절함에도 내게  허락되지 않던 사람  모두 가진 바로 그대라는 걸
1999.09.26~10.02,25,82979,마지막 사랑,박기영,Promise,1999.04.27,Rock,조규만,몰랐었어 너의 그바램들을 모두 이해한다 믿고만 싶었던거야 너무 힘들다고 말하는 널 보며 잠시 헤어지자고 말을 했던 나였어 미안했어 나의 이기심들에 상처입어가는 널 보지 못했던거야 마지막이라고 믿었던 사랑을 바보처럼 보내고 사진속에 웃고 있는 너를봐 어디 있니 넌 지금 점점 바래져가는 니 모습 그려보고 있어 단한번이라도 내 모습 떠올라 긴 한숨짓고 있다면 다시 돌아와 너를 위해 비워둔 내 맘속 그곳에 마지막 사랑이라 믿는 내게로 미안했어 나의 이기심들에 상처입어가는 널 보지 못했던거야 마지막이라고 믿었던 사랑을 바보처럼 보내고 사진속에 웃고 있는 너를봐 어디있니 넌 지금 점점 바래져가는 니 모습 그려보고 있어 단한번이라도 내 모습 떠올라 긴 한숨 짓고 있다면 다시 돌아와 너를 위해 비워둔 내 맘속 그곳에 영원히 나를 지켜줘 단한번이라도 내 모습 떠올라 긴 한숨짓고 있다면 다시 돌아와 너를 위해 비워둔 내 맘속 그곳에 마지막 사랑이라 믿는 내게로
1999.09.26~10.02,26,71992,이미 슬픈 사랑,야다(Yada),Wear To Healing,1999.03,Rock,,널 볼 수 있어 행복했었지  그대가 날 위해 있어준 시간만큼  너의 부모님께 전해들었지  나 아닌 사람과 결혼하게 된 걸  너 그렇게 힘든데 내게 말못하고  울고있던게 생각나  떠나는 그대여  울지 말아요 슬퍼말아요  내가 단념할께요  마음 편히 가시도록  내사랑 그대가 날 떠나 행복할 수 있다면  내가 떠나갈께요  나의 그대 삶에 축복을  너무 걱정마 철없던 내가  너없인 무엇도 할 수는 없지만  넌 널 위해 살아줘  나는 어떻게든 살아갈 수 있을거야  떠나는 그대여  울지 말아요 슬퍼말아요  내가 단념할께요  마음 편히 가시도록  내 사랑 그대가 날 떠나 행복할 수 있다면  내가 떠나갈께요  그대 만나 느낀 기억도  내가 가질 행복도  모두 가져가세요  나의 그대 삶에 축복을
1999.09.26~10.02,27,611584,이별의 무게,이승철,6집 1999 & Live Best,1999.03.21,Ballad,이승철,비내린 언덕 그 길녘에 서성이던 널 잊으려 해 가늘픈 너의 젖은 가슴 이미 이별을 알지만 차마 견딜 수 없는 침묵에 아픔이 될 말만 남겨 놓은 너를 끝내 잊지못해 너무나도 그리워서 헤매이다 찾아간 노을엔 끝끝내 남겨질 그리움들만 기다림으로 널 다시 찾을 수 있는 걸까 허지만 두려워 이제껏 나홀로 남겨질 준빌했었다지만 아쉬워하며 뒤돌아선 네겐 하필이면 쉬운 이별인걸 너에겐 이별의 무게를 더 짊어지게 하고 싶은걸  너무나도 그리워서 헤매이다 찾아간 노을엔 끝끝내 남겨질 그리움들만 기다림으로 널 다시 찾을 수 있는걸까 허지만 두려워 이제껏 나홀로 남겨질 준빌했었다지만 아쉬워하며 뒤돌아선 네겐 하필이면 쉬운 이별인걸 너에겐 이별의 무게를 더 짊어지게 하고 싶은걸 워- 나--워--나-- 워--나-나-나--- 사랑해 다시 돌아와 사랑해 다시 돌아와 나--나-나- 나- 나-
1999.09.26~10.02,28,83629,사랑 그리고 추억,소호대,I Was In Love,1999.08.16,Dance,,너를 만났지 나 언제까지나 너의 곁에서 기다릴꺼라고 더욱더 커가는 사랑을 느끼며 나 믿었었지 언제 부턴가 너의 모든게 나는 자꾸만 부담스러워졌어 그렇게 멀어져만 갔지 돌이킬 수 없는 사랑을 그리워하며 그렇게 보내왔던 추억보다 많은 시간 그런 너를 꿈꾸왔던 내게 이제 후회는 없겠지만 널 다시 그리워 할께 이젠 다시는 이별이란걸 영원하도록 하고 싶지는 않아 밀려만드는 가슴속에 숨겨진 너의 그림자 난 너무 두려워 너의 기억이 나의 곁에서 날 떠나지를 않아 돌이킬 수 없는 사랑이 잊을 수는 없겠지 너를 또 다른 사랑이 와도 그리워 할꺼야 지나버린 많은 시간 함께 했던 그 모든 기억을 소중히 간직할테니 널 사랑했었던 만큼 돌이킬 수 없는 사랑을 그리워하며 그렇게 보내왔던 추억보다 많은 시간 그런 너를 꿈꾸왔던 내게 이제 후회는 없겠지만 널 다시 그리워 할께
1999.09.26~10.02,29,38953,Happy Birthday To You,권진원,Difference,1999.04.01,Ballad,유기환,이슬비가 내리는 오늘은  사랑하는 그대의 생일날  온종일 난 그대를 생각하면서  무엇을 할까 고민했죠 난 가까운 책방에 들러서  예쁜 시집에 내 맘 담았죠  그 다음엔 근처 꽃집으로 가서  빨간 장미 한 송일 샀죠  내려오는 비를 맞으며  그대에게 가는 길 너무 상쾌해  품 속에는 장미 한 송이  책 한 권과 그댈 위한 깊은 내 사랑  아름다운 그대를 만난 건  하느님께 감사드릴 우연  작은 내 맘 알아주는  그대가 있기에  이 세상이 난 행복해  난 가까운 책방에 들러서  예쁜 시집에 내 맘 담았죠  그 다음엔 근처 꽃집으로 가서  빨간 장미 한 송일 샀죠  내려오는 비를 맞으며  그대에게 가는 길 너무 상쾌해  품 속에는 장미 한 송이 책 한 권과  그댈 위한 깊은 내 사랑 아름다운 그대를 만난 건 하느님께 감사드릴 우연 작은 내 맘 알아주는 그대가 있기에 이 세상이 난 행복해 너무 너무나 행복해 Happy birthday to you
1999.09.26~10.02,30,83256,남겨진 아픔,박미경,Park Mi Kyung Four,1999.07.15,Ballad,,떠나간 사랑을 간직한 나를 보며 친구는 미련이라고 했지 하지만 지금 그 미련들이 나를 숨쉬게 하고 있어 처음 내게 감당하기 벅찬 사랑의 행복을 가르쳐준 사람 그런 네가 날 떠난다 해도 널 미워할 수 없어 다행이야 너의 빈자리엔 또 다른 사랑이 있어  잠시라도 날 잊고 살테니  Oh! My love 기억속에 힘들어 하는 난 지금껏 몰랐던거야  이별은 아픔만이 간직될 뿐이란걸  이룰수 없는 사람이 더 아름답다며  영원히 간직하려고 했어 하지만 넌 지금 새로운 사랑이 영원하길 기도 하겠지 처음 내게 감당하기 벅찬 사랑의 행복을 가르쳐준 사람 그런 네가 날 떠난다 해도 널 미워할 수 없어 다행이야 너의 빈자리엔  또 다른 사랑이 있어 잠시라도 날 잊고 살테니  Oh! My love  기억속에 힘들어 하는 난 지금껏 몰랐던거야  이별은 아픔만이 간직될 뿐이란걸  날 위해 행복해줘 널 지우기 쉽도록  다행이야 너의 빈자리엔 또 다른 사랑이 있어  잠시라도 날 잊고 살테니  Oh! My love  기억속에 힘들어 하는 난 지금껏 몰랐던거야  이별은 아픔만이 간직될 뿐이란걸
1999.09.26~10.02,31,105827,사랑과 영혼 (Feat. 김태영),클론,Funky Together,1999.03,Ballad,김창환,난 내 자신이 너무도 싫다  너 없이도 살아갈 수 있는  내 모습이 싫다  항상 니 곁에서 영원히 널 지켜주며  너와 함께 할꺼라고 다짐했는데  난 너와의 약속을 지키지 못한채  오늘도 한순간 순간  너를 잊고 살아가며  난 눈물조차 말라버린 가슴으로  지나가는 시간속에  너를 잊어가고 있어  너여야만 했어 너 아니면 안됐지  나의 영혼까지  모두 바쳐 사랑할 사람  하지만 넌 나만 혼자 남겨둔채  돌아올 수 없는 먼곳으로  넌 떠나갔지  넌 너무 행복했다고 말을 했지  내 사랑을 모두 갖고  떠날 수 있다면서  넌 식어가는 손으로 내 손을 잡고  마지막 그 순간까지만  널 지켜달라했지  그대여 이제 날 잊어요  더 이상 힘겨워 말아요  내 영혼이 하늘에서 잠들 수 있게  이젠 그대여 날 놓아주세요  난 지금도 혼자 있는 밤이 오면 아무도 모르게 너의 사진을 펼쳐놓고 지난 추억 속의 너의 모습 떠올리며 사진 속 니 얼굴을 어루만져 보지만 내 눈물이 흘러 너의 사진위에 하얗게 번져 웃는 니 얼굴이 빛날때면 난 견디기 힘든 추억을 안고서 오늘도 꿈속으로 난 너를 만나러 떠난다 볼 수 없어 니 모습이 자꾸 희미해져 꿈속에서 마저 너는 나를 잊어버렸나봐 난 소리내어 너를 불러보지만 니가 점점 나와 멀어지는 걸 느끼며 변해버린 건 니가 아니란걸 알아 세월속에 무뎌지는 나의 감정이라는 걸 난 이런 내 자신이 너무 싫어 너를 잊고 살아갈 수 있는 내 모습이 싫어 그대여 이제 날 잊어요 더 이상 힘겨워 말아요 내 영혼이 하늘에서 잠들 수 있게 이젠 그대여 날 놓아주세요 오 오 그대여 그대여 울지말아요 나 항상 그대 마음안에서 언제나 함께 할께요
1999.09.26~10.02,32,38638,어느 누군가를 사랑한다는 건 미친짓이야 (Let It Out),김현철,어느 누구를 사랑한다는 건 미친 짓이야,1999.05.11,Ballad,김현철,어느 누구를 사랑한다는 건 미친 짓이야 어떤 사람이든지 간에 마음 아프지 찢어질듯이 마음 아프지 어떤 사람이든지 간에 so let it out and let it go so let it out 이 세상에 사랑 같은 건 없어 let it out and let it go so let it out 이 마음 따윈 사라져버려  다 끝난 후에 다시는 볼 수 없게 되는 게 사랑이라면 그게 뭐야 so let it out and let it go so let it out 이 세상에 사랑 같은 건 없어 let it out and let it go so let it out 이 마음 따윈 사라져버려 let it out 이 정도 괴로웠으면 돼 이제 어떻게 더이상 얼마나 더 괴로워해야해  so let it out and let it go so let it out 세상에 사랑 같은 건 없어 let it out and let it go so let it out 이 마음 따윈 사라져버려 so let it out and let it go so let it out 이 세상에 사랑 같은 건 없어 let it out and let it go so let it out 이 마음 따윈 사라져버려  어느 누구를 사랑한다는 건 미친 짓이야
1999.09.26~10.02,33,1839720,첫사랑,임현정,임현정 3집 - 은하철도 999,2000.08.09,Rock,임현정,햇살처럼 눈부시게 다가와 나를 깨우던 그대는 봄비처럼 내게 스쳐지나가 나의 첫사랑 그대는 오래 전 영화속에 소설속에 주인공 이름처럼 나에겐 이름 이젠 아련해 언제인가 나를 설레게하던 나의 첫사랑 그대는 다시 누군가와 행복하기를 지나버린 사랑 그대 영원히 내 맘속에 기억 속에 남을 것만 같던 그 때 입은 상처 이젠 아련해 슬픈 영화처럼 나를 울렸던 나의 첫사랑 그대는 다시 누군가와 행복하기를 지나버린 사랑 그대 다시 누군가와 행복하기를 지나 버린 사랑 그대
1999.09.26~10.02,34,38521,Loving U,김종서,The Seven Kim Jong Seo,1999.06.09,Rock,김종서,하늘에 두둥실 떠올라 모든 걸 가진 이 기분 니가 내게 오던 날 다시 태어 난 거야 오 어두운 밤 홀로 깨어나 때론 혼자라 느낄때 나 언제나 곁에서 영원토록 지켜줄꺼야 늘 똑같던 하루 하루 너무나 빨리 저물고 널 만나러 가는 이 길은 왜 이리도 먼거야 아무 의미없던 세상에 나만이 알아 볼 수 있는 선물 눈이 부신 그대 꿈속으로 나 달려가 Loving U 나 혼자서 있을때 조차 온통 그대의 생각 뿐 변해가는 내 모습 아마 이게 사랑인가봐  늘 똑같던 하루 하루 너무나 빨리 저물고 널 만나러 가는 이 길은 왜 이리도 먼거야 아무 의미없던 세상에 나만이 알아 볼 수 있는 선물 눈이 부신 그대 꿈속으로 나 달려가 Loving U 나 혼자서 있을때 조차 온통 그대의 생각 뿐 변해가는 내 모습 아마 이게 사랑인가봐 아마 이게 사랑인가봐 너는 나의 또다른 이름
1999.09.26~10.02,35,83156,인연,이정봉,인연,1999.06,Ballad,이정봉,떠났어요 그대 나를 슬픈 아쉬움을 남긴채 아름답던 그대 모습 이젠 지워지질 않아요 내 삶의 의미를 버려야 하겠죠 그대라는 사람에게 맞춰진 시간에 기대어 익숙해 지겠죠 전과 다른 모습에 가리워져 기도했죠 그대 내게 다시 돌아오길 바랬죠 시들었던 그대 미소 자꾸 내게 머물렀으니 그대는 잊었죠 모두 다 잊었죠 우리 영원토록 사랑하자던 그대를 믿었던 내 잘못 인가요 정말 내가 너무 바보같았죠 머물다간 시간 만큼만 내게 머물러요 그리움에 내가 지쳐요 그대는 잊었죠 모두 다 잊었죠 우리 영원토록 사랑 하자던 그대를 믿었던 내 잘못 인가요 정말 내가 너무 바보 같았죠 정말 내가 너무 바보 같 이젠 알수 있죠 그 모든걸 그늘진 그대 표정속에 그댈 기억해 그 사랑을 스쳐 가는 인연이라도
1999.09.26~10.02,36,82159,시(詩),태사자,2000-1,1999.07,Ballad,"그레이,3534",오랫동안 나의 가슴속에서 넌 영원히 지울 수 없는 상처가 되어 남았어 - 그 숨결 가득히 널- 조금만 만 지려해도 촉촉한 너의 입술도 이젠 가질 수 없니 널 느끼고 싶어 길었던 그 순간 힘겹던 시간  이미 멍이든 가슴속안 그안에 자리잡은 내안에 불안 그리고 나라는 인간 All the time all the pain In my mind 내 머리속을 지나간 우리들 함께한 수많은 날 난 모두 잊겠어 이렇게 널 떠나겠어 그렇게 내게 서 애써 난 널 찾으려 했어 보고 싶었어 허나 보이지 않아 가슴이 아파 모든 시간속에 나 내겐 오직 너하나 가슴아픈 추억 또 모두 떠나려하는 그런 슬픔을 너는 알고 있는 지 오랜 시간이 지난후-에 느끼면 너무 늦는걸 너무나도 사랑한 내 작은 꿈이였잖아 나 다시는 널 놓치지 않아 기억해줘 내 영혼까지 니곁에-서 이별의 끝에서 있는 나 또 내 머리속에는 혼란 파란 을 예고했어 니가 바란 그대로 가고 있어 멈춰진 시간속에 너무 커다란 기대속에 자란  너와 나의 사랑 이대로 멈춰진 채 나는 또 하나로 나의 옆에 자리잡은 넌 또 어디로 걸어가고 있나 다시 시 작하는 내 끝없는 미로 눈감아 맹세한 기도 하나만이 씻겨져 내 맘을 비로 내 마음을 담아 한편의 시로 나 이제는 알 수가 있어 시간이 너를 보낸후 모든걸 잃어버렸어 내 전부를 가슴 아픈 추억 또 모두 떠나려하는 그런 슬픔을 너는 알고 있는 지 오랜 시간이 지난후-에 느끼면 너무 늦는걸 너무나도 사랑한 내 작은 꿈이였잖아 나 다시는 널 놓치지 않아 기억해줘 내 영혼까지 니곁에-서 이별의 끝에서 있는 나 또 내 머리속에는 uh 어디있나 너의곁에 언제까지 ah-
1999.09.26~10.02,37,83787,눈을 감아,최창민,The Way,1999.07.15,Dance,장대성,나 지금 너만을 생각하고 있어  너는 지금 무얼 생각해  나만 손해보는 생각은  절대로 하지않게 해주렴  사랑해 이런 말 니가 싫어해도  하고 싶은 말은 하겠어  얼마동안 너를 만나야  말할 수 있단 공식 있는 건 아냐  늘 그렇게 말하면  넌 도대체 어디 숨어 있다 온 거니  조금만 일찍 만났다면 얼마나 좋겠니  하루종일 곁에만 두고 싶다며  언제나 함께 하자는  이런 내 소원쯤은 들어 주겠지  눈을 감아 그리고 움직이지 말아줘  너를 지켜줄 사람이 나란걸 알면서  모르는 척 하지 않겠지 눈을 감아  내 입술 네게 닿을 때까지  너만을 사랑할 사람 나란걸 약속 할거야   이러지마 하면서  고개숙인 니가 왜 이렇게 이쁘니  조금만 일찍 만났다면 더 좋았을텐데  하루종일 니곁에 있고 싶다는  그래서 행복할거란 이런  내 소원쯤은 들어 주겠지  눈을 감아 그리고 움직이지 말아줘  너를 지켜줄 사람이 나란걸 알면서  모르는 척 하지 않겠지 눈을 감아  내 입술 네게 닿을 때까지  너만을 사랑할 사람 나란걸 약속 할거야  눈을 감아 그리고 움직이지 말아줘  너를 지켜줄 사람이 나란걸 알면서  모르는 척 하지 않겠지 눈을 감아  내 입술 네게 닿을 때까지  너만을 사랑할 사람 나란걸 약속 할거야
1999.09.26~10.02,38,196261,I`ve Never Been To Me,애즈원,느낌 1999-20세기 가장 아름다운 가요 And 팝 발라드 32곡,1999.09,Ballad,,Hey lady you lady cursing at your life You're a discontented mother and a regimented wife I've no doubt you dream about the things you'll never do But I wish someone had talked to me like I wanna talk to you Ooh I've been to Georgia and California and anywhere I could run I took the hand of a preacher man and we made love in the sun but I ran out of places and friendly faces because I had to be free I've been to paradise but I've never been to me Please lady please lady don't just walk away 'cause I have this need to tell you why I'm all alone today I can see so much of me still living in your eyes won't you share a part of a weary heart that has lived a million lies Ooh I've been to Niece and the Isle of Greece while I've sipped champagne on a yacht I've moved like Harlowin Monte Carlo and showed 'em what I've got I've been undressed by kings and I've seen some things that a woman ain't supposed to see I've been to paradise but I've never been to me  Sometimes I've been crying for unborn children that might have made me complete but I I took the sweet life I never knew I'd be bitter from the sweet I've spent my life exploring the subtle whoring that costs too much to be free I've been to paradise never been to me  I've been to paradise but I've never been to me
1999.09.26~10.02,39,83609,우리와 함께,피플크루,Hiphop Spirit Forever,1999.07,Rap / Hip-hop,"남민설,이준",워워워워 워워워 You've got to baby people crew what we be right and you know we from right 워워워워 워워워 got to baby people crew what we be right and you know we from right  이제 다 같이 하자 이제 모두 함께 나와 그래 함께 듣고 있는 사람 모두 나와 다함께 같이 함께 잠시 쉬고 bigga the bigga the best dancers on wax 처음에는 우리와 함께 그래 이제 즐겨야 돼 넌 듣기만해 만족해 네 차례 이제 모두 해 하나가 돼 보다 나은 하나가 돼 자 이제 우리 PC와 함께 지금이 바로 내가 원하던 바라던 때야 패배 좌절 아닌 꿈과 희망을 가져 어떻게 나 혼자 남아 뭘 할까나 혼자 고민해봐 오 모두 안에서 나를 찾겠어 아 모두 같이 즐기도록 해 함께 해줘 우릴 지켜봐 이제 바뀔 세상을 보다 멋진 세상을 워워워워 워워워 You've got to baby people crew what we be right and you know we from right 워워워워 워워워 got to baby people crew what we be right and you know we from right  what's you have enters is people crew zone  세상은 우리에게 바라는게 많아 우리가 힘든만큼 얻을 수는 없어 하지만 가식적인 얼굴뒤에 내가 본 많은 진실들을 무시 할 수 없고 울상짓고 앉을 필요없어 현란하게 꾸밀 필요도 없어 이제 지쳐 쉬던 나 이제 다시 서겠다 무엇보다 강한 나를 위해 날 위해 이제 다같이 모두같이 HERE WE GO 오 자유롭게 느껴봐 아 모두 같이 한번 느껴봐 우리 P TO THE C 와 G FUNK 헤매왔던 꿈들은 이제 모두 버려 그런 가식과 위선은 버려 느껴봐 자신을 봐봐 기울여봐 들어봐봐 이제 밝은 세상이 다가올꺼야 와와와 이리와 내게로 와 우리는 바래왔던 꿈들이 있잖아 이제 벅찬 가슴 꽉 움켜쥐고 이제 다같이 디기디기 덤 디기덤 우리같이 손을 한번 들어봐요 리듬에 따라 몸을 한번 흔들어대요 그렇지 바로 그렇게요 say 호오 호오 워워워워 워워워 You've got to baby people crew what we be right and you know we from right 워워워워 워워워 got to baby people crew what we be right and you know we from right 워워워워 워워워 You've got to baby people crew what we be right and you know we from right 워워워워 워워워 got to baby people crew what we be right and you know we from right people crew
1999.09.26~10.02,40,81799,당부,이승환,The War In Life,1999.03,Ballad,이승환,머지않아 그대와 헤어지게 될 거요 슬프겠지만 그립겠지만 부디 노여워 마오 가난한 마음이야 위안을 바라지만 우리인연의 끈이 다하니 어찌할 수 없나보오 못된 못된 나를 잊어주기를... 모두 모두 남김없이 모두...  못된 못된 나를 잊어주기를... 모두 모두 남김없이 모두... 제발 제발 눈물로 앓지말기를 어서 어서 나아지길 비오...
1999.09.26~10.02,41,88267,Special Love,유승준,New Release + English Version,1999.08.01,Dance,,"This song goes out to you, you, you... they always look out me and care about me so much for your love I will repay like this your love will always be special endlessly and I'll cherish all the memories deep in side of me when I close my eyes, you're always on my mind and I'll treasure every moment that you and I have come to share  my people's always been there for me, given all the power I possess it's ain't lie I confess, you make me become a star, make me so bright. it's like a sun light so now am I, your type? am I? always singing with passion it doesn't matter what kind of situation if my people are near by me and if they could feel me, if you can feel me that's all i want can't you see this? I'm singing a song with your love  you have been there for me, to love me and support me I just wanna show you how much your love keeps me going without me even knowing let me share the love I have for you  I'm in the middle of the stage now keep an eye on me and then screaming for me then I flow for you a couple of times it doesn't really matter how many or so many times you know that I still burst a rhyme just let me grap the mic tight so do what is right in your own sight my songs never telling ya lie and cause all of you I'm able to retain my position I feel grateful and I believe that you're gonna stay with my passions around you  hey babe how're you doing? is everything alright? I just wanna say thanks for everything and I love you girl I really mean that  when everytime i feel sadness, gloominess, loneliness you always be there for me and you gave me beautiful smile I'll repay for your love that you gave me I'll never gonna forget that  by the help of ya, emerge from a gloomy life only the heaven might know that where I was with my west side crew know that we're true fellas after all I break the wall and every step I take from a distance you're always there for me and at the turn of the century then I show all my power of ability that's a fact no one can't refuse that I want so much to make someone understand that you get it?"
1999.09.26~10.02,42,88932,Beautiful Girl,일기예보,일기예보 다섯번째,1999.04,Ballad,"강현민,나들",Beautiful kim  내 사랑 Beautiful Kim  바라만 봐도 좋은 귀한 사람  그대는 나의 대장  오오 Beautiful Lee  My daring beautiful Lee  내눈을 멀게 만든 묘한 사람  첫눈에 반한 사람 우우  신기한 Beautiful Lee  내곁에 있어줘 떠나지 말아줘  혼자는 이젠 싫어 싫어  나만 바라봐 줘 한눈 팔지 말아  언제나 지금처럼  Beautiful girl  행복을 주는 사람 아  그대와 함께라면 바다 건너  하늘 끝 땅 끝까지  내 사랑 Beautiful girl 너와 나 나와 너 둘이서 예  너와 나 나와 너 함께 해 예  너와 나 나와 너 둘이서 예  너와 나 나와 너 함께 해 예  내곁에 있어줘 떠나지 말아줘  혼자는 이젠 싫어 싫어 오오  나만 사랑해줘 한눈 팔지 말아  언제나 지금처럼  Beautiful girl  행복을 주는 사람 아아  그대와 함께라면 바다 건너  하늘 끝 땅 끝까지  내 사랑 Beautiful girl  Beautiful girl  행복을 주는 사람 아아  그대와 함께라면 바다 건너  하늘 끝 땅 끝까지  내 사랑 Beautiful girl  내 사랑 Beautiful girl  내 사랑 Beautiful girl  내 사랑 Beautiful girl  내 사랑 Beautiful girl  내 사랑 Beautiful girl
1999.09.26~10.02,43,72491,Yo! (악동보고서),신화,T.O.P.,1999.04,Dance,,그대가 서 있을 곳이 아니야   살아서 숨쉬는 것을 느껴봐   종이 울린다 문이 열린다   내 인생을 후회없이 살아보고   싶은 꿈이 열린다   1999 my dream it's come again   like a birdy the birdy the   birdy boom boom track   너는 인정해 줄 사람하나   없는 바보   너는 그 누구도 배려하지   않는 바보   내가 왜 악동이 됐나   사랑하는 법을 가르치는   곳이 하나없어   Yo 너 뭐 될래   진짜 니 맘대로 살아갖고 뭐 할래   너는 언제나 니 멋대로 하고 싶고   살고 싶어 다들 무시하잖아   Yo 너 뭐 될래   진짜 니맘대로 살아갖고 뭐 할래   Do you live for me niggas   answer me   모든걸 잃어버린 실패자나 되지마   Money and power to dust to dust   오직 그것만을 쫓는자가   되지않아   세상에서 내가 해줄 몫이 있어   오직 나만이 나만이 할 수   있는 멋진 job이 있어   Rap a Rock 신화 Daddy's song   그 어떤 것보다 소중한거야   너를 다른 곳에 맞출 필요없어   Boogie down baby   check it boogie down baby   내가 왜 악동이 됐나   나를 반항하게 하는자가 누구야   본보기는 없다 표본도 없다   타인 아닌 나를 완성하고 싶다   꿈이 있죠 하늘보다 높은   그런 꿈이 있었죠   나는 알고 싶어요   내 뜻대로 밀고 나갈 자신감들만   줄순 없나요   Yo 너 뭐 될래   진짜 니 맘대로 살아갖고 뭐할래   너는 언제나 니 멋대로 하고 싶고   살고 싶어 다들 무시하잖아   Yo 너 뭐 될래   진짜 니맘대로 살아갖고 뭐할래   Do you live for me niggas   answer me   모든 걸 잃어버린 실패자나 되지마   실패하지 않는 자는 없다   물러서지 않고 맞서   극복하는 인간보다   그 이상의 아름다움 없을 뿐이다   나를 믿어야만 한다   꿈이 있죠 하늘보다 높은 그런   꿈이 있었죠   나는 알고 싶어요   내 뜻대로 밀고 나갈 자신감들만   줄 순 없나요   나에게 사랑과 존경하는   마음들을 가르칠 수 없나요  내 뜻대로 홀로서는 법을   알게 해 줄 마음이 없나요
1999.09.26~10.02,44,83779,좋아하면 다 그래,디바,Millennium,1999.06,Dance,김영아,하나둘씩 변해 가는 나의 모습   하루 이틀도 아닌 그 긴 시간동안   아무렇지 않게 지내 왔던   우리였는데   그런데 가만가만히   생각해봤고 또 고민 해봤어   너만 보면 이상한 야릇한   그런 기분이 드는 거야   그래 너 너 너 때문에 말이야   집에서 너만 나면 해야할 말   하고 싶은말 생각했어 나 나   나 나가보면 내 입술은 꽉   닫힌채로   내머리는 멍 또 멍해진채로   너만을 뚫어지게 쳐다보고   그런넌 이상하단 듯이   나를 뚫어지게 쳐다보고   그렇게 그와의 어색한   하루를 보내고   널 쳐다보며 따라 가다보면   생각하다보면 너를   상상하다 보면   온종일 나 할일 또 하지 못한채   나 이제 어떡하지 좋아하면   그런 건가봐   I don't know I don't know   애가 타는 내맘 보여주고 싶어   내게 다가와 내맘 가져가   밤새 준비했던 그 고백을   네 앞에서 말 못하는지   정말 바보 같은 나를 어쩜 좋아   나를 봐 너를 봐 우리 서로  한번 봐봐   누가 봐 또 우리 같은   천생 연분 없을테니까   라고 얘기 했더라면   이렇게 그렇게   힘들게 저기서 맘   고생하지 않을 텐데   우리 함께 걷다보면   나도 모르게   그이 손위에 내손 가 있고   그럴땐 내손놔라 그때 어머머머   한심하다고 속으로 주문외우듯   혼자 얼굴빨개져 몸둘바를 모르고   그리고 말없이 조용히 집에 가서   왜그랬나 생각해   누구앞에서 나 당당했던   누구앞에서 나 큰소리 치던   그런나 서슴없이 항상 웃던 내가   우는 날이 더 더 많아지고   너에게 사랑해 한마디 못하는 날  내 자신이 너무 답답해  언제가는 얘기해야 하는데  나는 항상 거울 보면 할 수 있어  그러다가도 너만 보면  더듬더듬 말 더듬고 걸음 헛 딛고  그런 나 쥐구멍이라도  숨고 싶었어  I don't know I don't know  애가 타는 내맘 보여주고 싶어  내게 다가와 내맘 가져가  밤새 준비했던 그 고백을  네 앞에서 말 못하는지  정말 바보 같은 나를 어쩜 좋아  내 맘 힘들게 하는 그 이름 사랑  조금만 더 쉽게 배웠어도  그럼 쉽게 얘기했을 텐데  고백했을 텐데 그럴텐데 그렇지  매일 밤만 되면 쳐다보는 하늘  오늘밤도 수많은 니 얼굴이  저 하늘에 별만큼 나의 머릿속에  상상속에 넌 나를 사로  잡겠지 그렇겠지  언젠간 너 역시 그럴 테지  나처럼 좋아하면  내 맘 알 수 있을 거야  좋아하면 다그래  I don't know I don't know  애가 타는 내맘 보여주고 싶어  내게 다가와 내맘 가져가  밤새 준비했던 그 고백을  네 앞에서 말 못하는지  정말 바보 같은 나를 어쩜 좋아  I don't know I don't know  애가 타는 내맘 보여주고 싶어  내게 다가와 내맘 가져가  밤새 준비했던 그 고백을  네 앞에서 말 못하는지  정말 바보 같은 나를 어쩜 좋아
1999.09.26~10.02,45,1073524,Shut Up!,유승준,99 Mix Mac 히트가요 논스톱,1999,Dance,,어디서 뭘 했는데 또 누굴 만난 건데 도대체 연락 안돼 뭘 하고 다니는 건데 안 그랬는데 옛날엔 진짜 안 그랬어 그렇게 피할 거면 꺼져버려  아무 거침없이 쏟아 붓는 너의 잔소리 그것의 시작이 내가 뭘 잘못했니 뭘 생각하니 뭘 그리 네 맘에 안 드니 내 말을 들어 봐 날 쳐다 봐 내 진심을 내게 물어 봐 네가 날 이해해 봐도 내게 남는 것은 하나도 없다고 봐 몇 번을 말해야 알아 듣겠니 왜 이래야만 하는거야 한바탕 너의 잔소리 듣고 난 후면 내 인내심도 끝인거야 지금 너 내게 보이는 끈질긴 집착 내 지난 이별 이유라고 그토록 알아 듣도록 얘기했지만 왜 똑같아져 가는거야 그래서 한 때는 하루 종일을 꼭 붙어 다녔었고 다시는 잔소리 없을 거라고 너와 나 약속했어 아무 말 필요 없었잖아 그냥 눈빛 하나면 충분했잖아 우리의 행복 기억하니 정말 행복했었잖아
1999.09.26~10.02,46,4123388,Shut Up!! (Feat. 이윤정),유승준,Now Or Never,1999.04.16,Dance,이승호,어디서 뭘 했는데 또 누굴 만난건데 도대체 연락 안돼 뭘하고 다니는건데 안 그랬는데 옛날엔 진짜 안그랬어 그렇게 피할꺼면 꺼져버려 아무 거침없이 쏟아붓는 너의 잔소리 그것의 시작이 내가 뭘 잘못했니 뭘 생각하니 뭘 그리 네맘에 안드니 내말을 들어봐 날 쳐다봐 네 진심을 내게 불어봐 네가 날 이해해봐도 내게 남는 것은 하나도 없다고 봐 몇번을 말해야 알아듣겠니 왜 이래야만 하는거야 한바탕 너의 잔소리 듣고 난 후면 내 인내심도 끝인거야 지금 너 내게 보이는 끈질긴 집착 내 지난 이별 이유라고 그토록 알아듣도록 얘기했지만 왜 똑같아져 가는거야 그래서 한때는 하루종일을 꼭 붙어 다녔었고 다시는 잔소리 없을 거라고 너와 나 약속했어 아무말 필요 없었잖아 그냥 눈빛하나면 충분했잖아 우리의 행복 기억하니 정말 행복했었잖아 그때는 그랬는데 정말 좋았었는데 너무나 행복해서 우하하하 하지만 조금씩 변해가는 너를 느껴 나몰래 쌓여가는 너의비밀 참을수 없어 내게 비밀은 없어 후한이 두려워 비밀을 가질순 없어 너와 함께한 시간 아름다워 그날들을 잊을순 없어 사랑에 행복에 시간에 우정에 눈물까지 사랑해 네게 더 큰사랑을 주고싶은 욕심에 난 더 조금씩 다가서기에 몇번을 물어도 너를 사랑해 내맘은 항상 너의곁에 모자란 나를 언제나 채워주던 너 얼마나 내겐 소중한데 안개에 가려 보이지 않던 내길을 넌 빛이되어 밝혀줬고 세상이 나를 속이고 실망시킬 때 넌 끝까지 날 지켜줬어 아무리 지쳐도 포기않는 희망이 뭔지 아니 내가 꼭 있어야 되는 한사람 바로 너 때문이야 아무말 필요 없었잖아 그냥 눈빛하나면 충분했잖아 우리의 행복 기억하니 정말 행복했었잖아 멋대로 살꺼면은 혼자살아 내맘을 몰라줄꺼면 딴 여자를 찾아 니 멋대로 살아보던지 하지만 기다릴게 계속 기다릴꺼야 니가 이런 내맘을 알아줄때까지
1999.09.26~10.02,47,1606597,회상 (Remix Ver.),터보,터보(Turbo) `Millennium Dance Megamix`,1999.07.05,Dance,,겨울 오면은 우리 둘이서 항상 왔었던 바닷가 시린 바람과 하얀 파도는 예전 그대로 였지만 나의 곁에서 재잘거리던 너의 해맑던 그모습 이젠 찾을 수 없게 되었어 아무도 없는 겨울의 바닷가 너무나 슬퍼보인다고 우리가 바다 곁에서 친구가 되자고 내 등에 숨어 바람을 피할 때 네 작은 기도를 들었지 언제나 너의 곁에 우리 항상 함께 해 달라고 거친 파도가 나에게 물었지 왜 혼자만 온 거냐고 넌 어딜 갔냐고 보이지 않니 나의 뒤에 숨어서 바람을 피해 잠을 자고 있잖아 따뜻한 햇살 내려오면 깰꺼야 조금만 기다려 다시는 너를 볼 수 없을 거라는 얘기를 차마 할 순 없었어 하지만 나도 몰래 흘린 눈물 들킨 거야
1999.09.26~10.02,48,4123387,열정(熱情),유승준,Now Or Never,1999.04.16,Dance,이현도,이제 나 내가 말하는 건 아주   커다란 내 가슴깊이 온몸을   그렇게 자리한  너라는 내 곁에 있는 날   바라보는 너에 대한 이야기야   나의 목소리야  널 향해 나는 소원해 그렇게   나는 원해 난 너를 원해  그렇게 나는 너없인 난 어두워진   그런 시간속에 헤매일 뿐   더 이상을 참지 못해  너를 향해 끝없이 소리쳐 부르는  내 가슴 깊은 사랑 노래   내 마음 속에  하나하나 새겨지는 너 라는   이름 안에  그 모든 것 어떤 모습이라 해도  너와 함께라면 나는 기쁠 수 있어   이제 너의 그 마음을 내게 열어줘  이 세상에 나의 너보다 소중한 것이란 건   내게 있을 수 없어  널 사랑해 너의 모든걸 나   영원토록 끝을 알 수 없도록   끝을 알 수 없도록   끝나가는 이세기를   사람들은 말하지  사랑만으로 힘들지 다 세상은   얘기하지  하지만 난 변하지 그렇지   않을 테니  내게는 바보들의 이야기는   상관없지  세상 마지막도 우리를 바꿀 수 없어  누구도 아무도 절대로 막을 수 없어  어떤 그 무엇도 널 대신 할 수가   없어 알 수 있어   너를 향해 여전히 멈출 수가 없는  내 가슴 깊은 곳의 사랑 노래  어떤 모습이라 해도 너와   함께라면   행복할 수가 있어  너만이 내 전부니까 나를 믿어줘  이 세상에 나의 너보다  소중한 것이란 건   내게 있을 수 없어  널 사랑해 너의 모든걸 나   영원토록 끝을 알 수 없도록   살아가며 겪어왔던 너의 슬픈   이별 얘기들  이젠 없어 마지막 사랑일 테니까 이 세상에 나의 너보다  소중한 것이란 건   내게 있을 수 없어  널 사랑해 너의 모든걸 나   영원토록 끝을 알 수 없도록   I MIGHT TRY TO BE WITH YOU   IN ALL THE WAY  AND I CAN T HELP THINKING ABOUT  YOU EVERYDAY CAUSE I LOVE YOU  AND I NEED YOU CAN I BE WITH YOU  WHAT CAN I DO TO MAKE US TRUE   I AM GOING TO MAKE IT RIGHT  WE ARE GOING TO KEEP IT TIGHT   LET'S MAKE IT  LAST ALL NIGHT LIKE JODECI   COME AND TALK TO ME CAN   YOU BE THE ONE FOR ME   이 세상에 나의 너보다  소중한 것이란 건   내게 있을 수 없어  널 사랑해 너의 모든걸 나   영원토록 끝을 알 수 없도록
1999.09.26~10.02,49,82212,다짐,박상민,폭풍(暴風),1999.04,Ballad,송민아,차갑게 너는 말했지-- 어쩐지 믿을수가 없었어 언제나 미치도록 외로웠다고 우린 모두 끝난거라고- 하루에 단 한번조차-- 내 생각 해본적은 있-는지 어쩌다 함께해도 너는 언제나 다른 생각하-고 있--었다고-- 난 정말 몰-랐어- 그토록 힘들었는지- 나의 사랑안-에 항상 행복한- 줄 알았어 나를 용서-못해- 니-가 떠나간다면- 나에겐 너 하나뿐이잖아---- 한번만 날 용서해줘-- 조금만 사랑할 기회--를 줘 이별을 말한 순간 니가 그리워 널 원할 힘조-차 사--라졌어--  모든게 어지러웠어-- 널 위해 살아갈 시간--을 줘 어쩌면 이미 다른 사람 있는지 그와 함께 있-어 행--복한지-- 난 정말 몰-랐어- 그토록 힘들었는지- 나의 사랑안-에 항상 행복한- 줄 알았어 나를 용서-못해- 니-가 떠나간다면 나에겐 너 하나뿐이잖아---- 이제는 울지 않기를-- 다시는 혼자 두지 않--겠어 부디 날 버리지마 죽는날까지 나는 너를 잃-고 살--수 없어-- 나는 너를 포-기할--수 없어--
1999.09.26~10.02,50,83790,Waiting For You,핑클,White,1999.05,Ballad,김영아,넌 항상 신경쓰고 있지만   니 마음 모두 알고 있어  아직 그녀를 잊지 못한 사랑에   넌 힘들어 한다는걸  멍한 너의 눈빛 볼때면   슬퍼지는 나를 아니  너의 눈 속에 그녀 생각 뿐인걸  난 알면서 감출뿐야   becouse of falling for you   there`s nothing else i can do  becouse of falling for you   for you still waiting for you  나만을 사랑한단 너의 말  거짓인 걸 알고있어  그냥 나에게 상처주기 싫었던  네 미안한 위로인걸 언젠가 취한밤 나에게  전화를 걸어 자꾸만 그녀 이름  부르던 너였지 그래도 너를 미워 할 수가  없었나봐  가질수 없는 사랑 그  맘을 알기에 이해해 하지만 기다릴게  내사랑 알 때까지  언젠가 니 맘속에 나 있을  그날까지  네가 원하는 그 사랑  내가 아니란 걸 알지만  너를 사랑해 그저 바라보고 있을뿐야 언젠가 취한밤 나에게  전화를 걸어  자꾸만 그녀 이름 부르던  너였지 그래도 너를 미워할 수가  없었나봐  가질 수 없는 사랑 그 맘을  알기에 이해해 becouse of falling for you  there`s nothing else i can do becouse of falling for you  for you still waiting for you  becouse of falling for you  there`s nothing else i can do becouse of falling for you
