time,rank,song_id,title,singers,album,date,genre,creator,lyric
1994.01.02~01.08,1,2323160,하얀 겨울,Mr.2,미스터 투 1집,1993.10.16,Ballad,오동석,언제부터인지 그댈  멀게 느낀건  다른 누군가와 함께  있는 걸 본 후  하얀 눈이 내린 겨울밤에  그의 품에 안긴 모습이  나의 가슴속엔 너무 깊이  남아있기 때문에  힘든 이별이란 말을 전할수 밖에  아무생각할수 없어  그저 돌아설 뿐  조금 기다려줘 나를  아직 내겐 너무나  가슴 벅찬 일인걸  다시 사랑할 수있을때까지  그대 생각해줘 나를  지난 겨울 어느날  함께 지내왔던 날들을  그리움의 눈물 흘러내릴때까지  언제까지일까 그댈 잊고 사는 건  이미 나를 잊은채로 살고 있을까  지금 다시 눈이 내리지만  아무말도 없는 걸  그댈 보고 싶은 마음에  난 다시 생각하지만  그날 그 모습을 잊을수가 없기에  아무 생각할수 없어  그저 기다릴뿐  조금 기다려줘 나를  이해할수 있을 때까지  그대 기다릴수 있다면  그리 오랜 시간만은 아닌걸  그대 생각해줘 나를 하얀  눈을 맞으며  홀로 서있는 모습을  그리움의 눈물 흘러내릴때까지  조금 기다려줘 나를  아직 내겐 너무나  가슴 벅찬 일인걸  다시 사랑할수 있을 때까지  그대 생각해줘 나를  지난 겨울 어느날  함께 지내왔던 날들을  그리움의 눈물 흘러 내릴때까지  이제 돌아와 줘 내게
1994.01.02~01.08,2,91423,혼자만의 사랑,김건모,김건모 2집,1993,Ballad,김창환,가까이 있어도 널 볼 수가 없어 이별의 큰 벽에 네가 가려져 있어 힘겹게 참아왔던 나의 체념속에 아직도 너의 흔적이 남겨져 있어 기다리겠다던 내 서툰 바램도 시간의 흐름속에서 무너져 내리고 널위해 준비한 나의 사랑은 어제와 다른 오늘로 지워져 가겠지 처음 널 위해 흘리는 나의 눈물속에서 넌 지금도 사랑을 가르쳐주나 혼자만의 사랑을 내가 사랑했던 것만큼 너를 미워하면 잊을까 이별까지도 사랑할 수는 없었기에 기다리겠다던 내 서툰 바램도 시간의 흐름속에서 무너져 내리고 널위해 준비한 나의 사랑은 어제와 다른 오늘로 지워져 가겠지 처음 널 위해 흘리는 나의 눈물속에서 넌 지금도 사랑을 가르쳐주나 혼자만의 사랑을 내가 사랑했던 것만큼 너를 미워하면 잊을까 이별까지도 사랑할 수는 없었기에 혼자서 흘려야하는 눈물속에서 너를 보내고 나의 눈물속에서 넌 지금도 사랑을 가르쳐주나 혼자만의 사랑을 내가 사랑했던 것만큼 너를 미워하면 잊을까 이별까지도 사랑할 수는 없었기에
1994.01.02~01.08,3,56245,신(新) 인류의 사랑,015B,The Fourth Movement,1993.08,Rock,정석원,맘에 안드는 그녀에겐 계속 전화가 오고 내가 전화하는 그녀는 나를 피하려 하고 거리엔 괜찮은 사람 많은데 소개를 받으러 나간 자리엔 어디서 이런 여자들만 나오는 거야 야 나도 이젠 다른 친구들처럼 맘에드는 누군가를 사귀어 보고 싶어 어쩌다 마음에 드는 그녀 남자친구가 있고 별로 예쁘지 않은 그녀 괜히 콧대만 세고 거리에서 본 괜찮은 여자에게 용기를 내서 말을 걸어보면  항상 젤 못생긴 친구가 훼방을 놓지 야 나도 이젠 다른 친구들처럼 맘에드는 누군가를 사귀어 보고 싶어 주위를 보면 나보다 못난 남자들이 다 예쁜 여자와 잘도 다니는데 나는 왜 이럴까 야 나도 이젠 다른 친구들처럼 맘에드는 누군가를 사귀어 보고 싶어
1994.01.02~01.08,4,532083,내게,이승환,My Story,1993.09,Ballad,김광진,그렇게 기다리던 당신의 생일인데  창 밖으로 그대 모습을 그리고만 있네  장미꽃 한 다발을 가슴에 드리고 싶지만  표정없는 그대 모습이 너무 두려워  돌아갈 수 없는 날이 눈 앞에 그림처럼 스쳐가고  남겨진 것은 바래져 가는 사진 하나  눈부신 아침햇살이 밝아도 너를 볼 수 없다기에  어쩔 수 없이 흘러내린 눈물  약해지지마 흔들리지마 내게 다시 올거야  넌 이제 나를 슬프게 할 수 없어 그럴 순 없어  돌아갈 수 없는 날이 눈 앞에 그림처럼 스쳐가고  남겨진 것은 바래져 가는 사진 하나  이별이란 말은 우리 사이엔 어울리지 않았지만  어쩔 수 없이 흘러내린 눈물    돌아갈 수 없는 날이 눈 앞에 그림처럼 스쳐가고  어쩔 수 없이 흘러내린 눈물    약해지지마 흔들리지마 내게 다시 올거야  넌 이제 나를 슬프게 할 수 없어 그럴 순 없어  믿을 수 없어 약속하지마 내게 그럴 순 없어
1994.01.02~01.08,5,55584,종원에게 (눈물 흘리지 말아요),이문세,오래된 사진처럼,1993.09,Ballad,,눈물 흘리지 말아요 그대여 눈앞의
1994.01.02~01.08,6,54503,겨울비,김종서,2nd Step (PETSDN2),1993.04.01,Rock,신대철,겨울비처럼 슬픈 노래를 이순간 부를까 우울한 하늘과 구름 1월의 이별 노래 별들과 저 달빛 속에도 사랑이 있을까 애타는 이내 마음과 멈춰진 이 시간들 사랑의 행복한 순간들 이제 다시 오질 않는가 내게 떠나간 멀리 떠나간 사랑의 여인아 겨울비 내린 저 길 위에는 회색빛 미소만 내 가슴 속에 스미는 이 슬픔 무얼까 사랑의 행복한 순간들 이제 다시 오질 않는가 내게 떠나간 멀리 떠나간 사랑의 여인아 사랑의 행복한 순간들 이제 다시 오질 않는가 떠나간 멀리 떠나간 사랑의 여인아 겨울비처럼 슬픈 노래를 이 순간 부를까 우울한 하늘과 구름 1월의 이별 노래
1994.01.02~01.08,7,434162,너의 마음을 내게 준다면,최연제,연가(戀歌) 2,2002.04.08,Ballad,,홀로이 서있는 그대는  그저 눈물만 보이고 있네요  왠지 난 슬퍼져요 이제 난 견딜 수 없어요  그대도 누군가 원하잖아요 이 마음 느끼나요  내게 전해 줘 그대의 사랑을  마음속 깊이 느낄 수 있도록  홀로 견딜 수만 없는  그대 마음을 난 알고 있어요  내게 말해 줘 날 사랑한다고  돌아서면 난 없을지도 몰라  이젠 더이상 난 기다릴 순 없어요   이제 난 견딜 수 없어요  그대도 누군가 원하잖아요 이 마음 느끼나요  내게 전해 줘 그대의 사랑을  마음속 깊이 느낄 수 있도록  홀로 견딜 수만 없는  그대 마음을 난 알고 있어요  내게 말해 줘 날 사랑한다고  돌아서면 난 없을지도 몰라  이젠 더이상 난 기다릴 순 없어요  이 세상 끝까지라도 가리 그대가 있다면  아직은 힘겹지만 이 마음만은 변함없으리   내게 말해 줘 날 사랑한다고  돌아서면 난 없을지도 몰라  이젠 더이상 난 기다릴 수 없어요  이젠 더이상 난 기다릴 수 없어요
1994.01.02~01.08,8,842521,새가 되어가리,김종서,The First Legend,1993.07.01,Rock,신대철,저멀리 날아가는 새야 들판을 날아 어디로 가는지 끝없이 날아가는 새야 너혼자 외로이 떠나가네 끝없이 한없이 날아가는 새야 저산을 저강을 영원토록 외쳐 외로이 한없이 날아가는 새야 너 새가 되어가리 너 새가 되어가리 신비의 하얀 날개 달고서 꿈속의 저 새 따라 가리라 나 난 더이상 멈출수 없어 외로이 저 새 따라가리라 끝없이 한없이 날아가는 새야 저산을 저강을 영원토록 외쳐 외로이 한없이 날아가는 새야 너 새가 되어가리 너 새가 되어가리 너 새가 되어가리 너 새가 되어가리  너 새가 되어가리 너 새가 되어가리 너 새가 되어가리 너 새가 되어가리
1994.01.02~01.08,9,54182,다시만난 너에게,피노키오,다시만난 너에게,1992.11.30,Rock,,내가 처음 보았던 기억속에 파란 하늘빛 미소 여전한 넌 지난 시간 세월을 얘기하듯 야윈 모습으로 손을 내밀고 나 역시 서툰 웃음과 어색한 시간이 흐른 뒤 나의 맘 속에 맘으로 널 그리워 해왔었다 말했지  이젠 다시 사랑을 가슴에 묻고 나누어지는 슬픔은 없을꺼야  내안에 있는 소중한 것을 모두다 너에게 주고 싶어  나 역시 서툰 웃음과 어색한 시간이 흐른 뒤 나의 맘 속에 맘으로 널 그리워 해왔었다 말했지  이젠 다시 사랑을 가슴에 묻고 나누어지는 슬픔은 없을꺼야  내안에 있는 소중한 것을 모두다 너에게 주고 싶어  그리움에 보낸 날들은 너의 절실함을 일깨워주고  어떤 어려움에도 견딜 수 있는 널 향한 사랑에게 보여주었어  그리움에 보낸 날들은 너의 절실함을 일깨워주고
1994.01.02~01.08,10,1847750,애모,김수희,서울여자,1990.01.01,Adult Contemporary,유영건,그대 가슴에 얼굴을 묻고 오늘은 울고 싶어라 세월의 강 넘어 우리 사랑은 눈물 속에 흔들리는데 얼만큼 나 더 살아야 그대를 잊을 수 있나 한 마디 말이 모자라서 다가설 수 없는 사람아 그대 앞에만 서면 나는 왜 작아지는가 그대 등 뒤에 서면 내 눈은 젖어드는데 사랑 때문에 침묵해야 할 나는 당신의 여자 그리고 추억이 있는 한 당신은 나의 남자여 그대 앞에만 서면 나는 왜 작아지는가 그대 등 뒤에 서면 내 눈은 젖어 드는데 사랑 때문에 침묵해야 할 나는 당신의 여자 그리고 추억이 있는 한 당신은 나의 남자여 당신은 나의 남자여
1994.01.02~01.08,11,57583,오래전 그날,윤종신,The Natural,1993,Ballad,박주연,교복을 벗고 처음으로 만났던 너 그때가 너도 가끔 생각 나니 뭐가 그렇게도 좋았었는지 우리들만 있으면 너의 집 데려다 주던 길을 걸으며 수줍게 나눴던 많은 꿈 너를 지켜주겠다던 다짐 속에 그렇게 몇해는 지나 너의 새 남자친구 얘길 들었지 나 제대하기 얼마 전 이해했던 만큼 미움도 커졌었지만 오늘 난 감사 드렸어 몇 해 지나 얼핏 너를 봤을때 누군가 널 그처럼 아름답게 지켜주고 있었음을 그리고 지금 내 곁엔 나만을 믿고 있는 한 여자와 잠못드는 나를 달래는 오래전 그  노래 만이 새 학기가 시작되는 학교에는 그 옛날 우리의 모습이 있지 뭔가 분주하게 약속이 많은 스무살의 설레임 너의 학교 그 앞을 난 가끔 거닐지 일상에 찌들어 갈때면 우리 슬픈 계산이 없었던 시절 난 만날수 있을테니 너의 새 남자친구 얘길 들었지 나 제대하기 얼마 전 이해했던 만큼 미움도 커졌었지만 오늘 난 감사 드렸어 몇 해 지나 얼핏 너를 봤을때 누군가 널 그처럼 아름답게 지켜주고 있었음을 그리고 지금 내 곁엔 나만을 믿고 있는 한 여자와 잠못드는 나를 달래는 오래전 그  노래 만이
1994.01.02~01.08,12,2183382,달의 몰락,김현철,횡계에서 돌아오는 저녁,1993.11.01,Ballad,김현철,달이 진다 달이 진다  달이 진다 달이 진다  나를 처음 만났을 때도  그녀는 나에게 말했지  탐스럽고 이쁜 저 이쁜 달 나랑 매일 만날 때에도  그녀는 나에게 말했어  탐스럽고 이쁜 달이 좋아  그녀가 좋아하던 저 달이  그녀가 사랑하던 저 달이 지네  달이 몰락하고 있네 나를 무참히 차 버릴 때도  그녀는 나에게 말했지  탐스럽고 이쁜 저 이쁜 달 나랑 완전히 끝난 후에도  누군가에게 말하겠지  탐스럽고 이쁜 달이 좋아  그녀가 좋아하던 저 달이  그녀가 사랑하던 저 달이 지네  달이 몰락하고 있네   그녀가 좋아하던 저 달이  그녀가 사랑하던 저 달이 지네  달이 몰락하고 있네   그녀가 좋아하던 저 달이  그녀가 사랑하던 저 달이 지네  달이 몰락하고 있네  나도 그녀를 잊을 수 있다면
1994.01.02~01.08,13,56227,사랑이라 부를 수 있을까,인공위성,사랑이라 부를 수 있을까,1993,Ballad,김영식,사랑이라 부를 수 있을까 이렇게 알 수 없는 기분을 모든 것이 우릴 위해 있어 그대가 나와 함께 있다면  바람이 불면 네 모습이 다가와 비가 와도 밝아지는 내 마음 어딜 보아도 무슨 일을 하여도 그대 모습 바로 곁에 있네 작은 일들도 큰 일처럼 느껴져 무엇이든 새로웁게 보이고 창문을 열면 밤 하늘 별빛이 내 가슴에 그대를 비추네 사랑이라 부를 수 있을까 이렇게 알 수 없는 기분들 모든것이 우릴 위해 있어 그대가 나와 함께 있다면 오늘도 길을 걷다가 하늘에 핀 꽃처럼 네 얼굴 그려보네  마음에 가득 담아둔 너의 향기가 내 입가에 미소로 퍼지네 퍼지네 사랑이라 부를 수 있을까 이렇게 알 수 없는 기분을 모든 것이 우릴 위해 있어 그대가 나와 함께 있다면 사랑이라 부를 수 있을까 이렇게 알 수 없는 기분을 모든 것이 우릴 위해 있어 그대가 나와 함께 있다면 사랑이라 부를 수 있을까 이렇게 알 수 없는 기분을 모든 것이 우릴 위해 있어 그대가 나와 함께 있다면 사랑이라 부를 수 있을까 이렇게 알 수 없는 기분을 모든 것이 우릴 위해 있어 그대가 나와 함께 있다면 라라라라 라라라라라라라라 라라라 라라라라라라라
1994.01.02~01.08,14,57339,너를 사랑해,한동준,처음 받은 느낌으로,1993.01,Ballad,한동준,아침이 오는 소리에 문득  잠에서 깨어 내 품안에 잠든 너에게  워우우워 우워워 너를 사랑해  내가 힘겨울때마다 너는  항상 내 곁에  따스하게 어깨 감싸며  워우우워 우워워 너를 사랑해 영원히 우리에겐 서글픈  이별은 없어 때로는 슬픔에 눈물도 흘리지만 언제나 너와 함께 새하얀  꿈을 꾸면서 하늘이 우리를 갈라놓을 때까지 워우우워 우워워 너를 사랑해 내가 힘겨울때마다 너는  항상 내 곁에 따스하게 어깨 감싸며  워우우워 우워워 너를 사랑해 영원히 우리에겐 서글픈  이별은 없어 때로는 슬픔에 눈물도 흘리지만 언제나 너와 함께 새하얀  꿈을 꾸면서 하늘이 우리를 갈라놓을 때까지 워우우워 우워워 너를  사랑해 너를 사랑해
1994.01.02~01.08,15,56084,언제나 (Always),김원준,나에게 떠나는 여행,1993.08.20,Dance,김원준,언제나 후회할 순 없어  널 위한 나의 모든 것  항상 외면해야 하나 이렇게 너에게서 멀어지는  내 자신이 너무 싫었어  한번 살다 보면서  느끼는 그런 흔한  감정은 아니야  이렇게 이렇게  계속 지나쳐 온  나의 순간들엔  허무한 흔적들뿐  자꾸 멀어지는  삶의 자국들이  나의 허상속에  묻혀 버려졌나  언제나 후회 할 순 없어  널 위한 나의 모든 것  항상 외면해야 하나  언제나 주저 할 순 없어  널 향한 나의 다짐들  이젠 단념해야 하나  그럴 순 없어  이렇게 너에게서  멀어지는 내 자신이  너무 싫었어  한번 살다 보면서  느끼는 그런 흔한  감정은 아니야 이렇게 이렇게 계속 지나쳐 온  나의 순간들엔  허무한 흔적들뿐 자꾸 멀어지는  삶의 자국들이  나의 허상속에  묻혀 버려졌나  언제나 후회 할 순 없어  널 위한 나의 모든 것  항상 외면해야 하나  언제나 주저 할 순 없어  널 향한 나의 다짐들  이젠 단념해야 하나  그럴 순 없어  이렇게 너에게서 멀어지는  내 자신이 너무 싫었어  한번 살다 보면서  느끼는 그런 흔한  감정은 아니야  이렇게 이렇게
1994.01.02~01.08,16,418014,기억 속의 멜로디,오태호,Memory-기억 속의 멜로디,1993.09,Ballad,오태호,기억속의 멜로디 나를 깨우고가 너의 미소도 못잊을 이름도 너의 그늘을 떠난 후에 너의 의미를 알았지 눈이 슬픈 너를 울리고 이젠 나도 울고 내게 많은 시간이 흘러 널 잊은 듯 했는데 너와 자주 들었던 노래가 그 때 추억을 깨우네 세상 모든 사람이 나를 떠나버려도 너만은 나를 찾아 돌아올 고마웠던 사람 그런 착한 너에게 시린 상처만 주고 이제와 뒤늦게 후회하는 나를 용서해 어디에 있든지 누구와 있든지 내가 그립지 않을 수 있도록 행복하길 행복하길 어느 누구보다 내 슬픈 바램을 들어줘  세상 모든 사람이 나를 떠나버려도 너만은 나를 찾아 돌아올 고마웠던 사람 그런 착한 너에게 시린 상처만 주고 이제와 뒤늦게 후회하는 나를 용서해 어디에 있든지 누구와 있든지 아픈 추억에 마음이 메이지 않도록 행복하길 행복하길 어느 누구보다 내 슬픈 바램을 들어줘
1994.01.02~01.08,17,91435,처음 그 느낌처럼,신승훈,신승훈 3집,1993.04,Dance,김창환,처음 부터 널 사랑하진 않았지  그저 친한 친구처럼 만났을 뿐  너의 곁에 내가 아닌 다른 사람이 서 있는데  나의 마음이 왜 이리 허전한걸까  늘 가까이 있었기에 소중함을 난 몰랐을 뿐  아마 처음부터 너를 사랑했었나 봐  이제는 너를 이해할 수 있어 내가 잠시 너를 떠났을 때  너의 모습이 왜 그리 슬퍼보였는지  소중한 사랑은 떠난 후에야 느낄 수 있다는 너의 말을  이젠 이해할게 모두  너를 위한 마음으로 처음 그 느낌처럼 너의 곁에 내가 아닌 다른 사람이 서 있는데  나의 마음이 왜 이리 허전한걸까  늘 가까이 있었기에 소중함을 난 몰랐을 뿐  아마 처음부터 너를 사랑했었나 봐  이제는 너를 이해할 수 있어 내가 잠시 너를 떠났을 때  너의 모습이 왜 그리 슬퍼보였는지  소중한 사랑은 떠난 후에야 느낄 수 있다는 너의 말을  이젠 이해할게 모두  너를 위한 마음으로 처음 그 느낌처럼
1994.01.02~01.08,18,56846,약속된 이별,박정운,박정운4,1993,Ballad,,거리에 그려진 그림자들이 조금씩 지워져가고  밤새워 울었던 빗소리마져 희미해져만 가네  소리없이 창가를 두드린 햇살 너의 얼굴에 스미고  여리운 눈가에 수줍음 안고 내품에 잠이 든 사람  살며시 속삭이는 너의 미소는 나의 하루임을 말해주었고  외로움 달래주던 너의 손길은 지금도 느끼는데 널 사랑해 넌 아직도 내사랑 왜 이렇게 널 떠나야 하는지  그대와 나는 약속되어 있던 시간의 길을 걸었어  서로의 사랑을 느꼈던 그날 이별도 같이 했나봐  살며시 속삭이는 너의 미소는 나의 하루임을 말해주었고  외로움 달래주던 너의 손길은 지금도 느끼는데 널 사랑해 넌 아직도 내사랑 왜 이렇게 널 떠나야 하는지  그대로 그대로 나만의 그대로 그날은 울지 말아요  서로가 서로를 잊어야 하는 슬픈 사랑이었기에
1994.01.02~01.08,19,1839235,내게 영원히,푸른하늘,푸른하늘 6집 - 오렌지 나라의 앨리스,1993.09.21,Ballad,유영석,조금도 슬픈 척 하지 않았지 기다렸다는듯 웃고 말았어 오히려 내 앞에선 너의 모습이 조금 흔들렸을 뿐인걸 작은 자존심 때문은 아니야 그렇게 말한 넌 편안했겠니 미안한 표정으로 고개 숙인 너의 말 이해해야 하겠지 누군지 알 순 없지만 너와 행복할 수 있길 바랄께 헤어짐으로 다가 올 아쉬운 느낌들을 고이 접어 묻어둔 채로 넌 기대어 내 맘에 사랑으로 안겨도 눈을 들어 바라볼때엔 미소만 짓는 남인걸 너의 익숙한 모습 꿈으로만 남아도 흔들리는 너의 숨결은 내게 영원히  누군지 알 순 없지만 너와 행복할 수 있길 바랄께 헤어짐으로 다가 올 아쉬운 느낌들을 고이 접어 묻어둔 채로 넌 기대어 내 맘에 사랑으로 안겨도 눈을 들어 바라볼때엔 미소만 짓는 남인걸 너의 익숙한 모습 꿈으로만 남아도 흔들리는 너의 숨결은 내게 영원히
1994.01.02~01.08,21,16936,하늘 아래서,김민종,Best Vs. Live Album,2001.03.23,Ballad,김민종,나의 과거를 이제는 잊고 싶어  지친 하루 하루 힘들게 살아왔지  꿈의 의미를 찾을 수가 없었어  지난 어린 시절엔 지금 서 있는  이 곳은 어디인지 무얼 찾아왔나  아무도 없는 곳에   평화롭게 보이는  말없는 하늘 아래 너를 불러봤어  허탈한 마음에 희미한   느낌도 없어  마지막 너의 눈빛도 예   가고 있잖아  하얀 너의 곁으로 이젠 아무도  나를 막을 수가 없는데   걸어만 가야해  느낄 수도 없잖아 이젠 울지마  다가가는 날 보며 너를 위해  지금 서 있는 이 곳은 어디인지  무얼 찾아왔나 아무도 없는 곳에  평화롭게 보이는 말없는  하늘 아래 너를 불러봤어 허탈한 마음에 희미한 느낌도 없어 마지막 너의 눈빛도 예  가고 있잖아 하얀 너의 곁으로 이젠 아무도 나를 막을 수가 없는데 걸어만 가야해 느낄 수도 없잖아 이젠 울지마 다가가는 날 보며 너를 위해 너를 위해
1994.01.02~01.08,22,56215,어색한 느낌,잼,어색한 느낌,1993.12.01,Dance,박병훈,얼마나 나를 더 포기해야 너를 보여주겠니 변한건 없어 이제는 지쳤어 그래 멋대로 해봐  너를 처음 만났을 땐 왠지 모를 설레임에 취해 나는 하루에도 몇번씩 꿈이 아닌가 확인도 했었지 하지만 너무도 힘들땐 모든걸 지우려 했었고 그래서 난 항상 너에게 그렇게 대해왔어 이젠 싸움에 지쳤어 우리 자존심을 버리자 너와 나 어색한 분위기는 더 이상 싫으니깐  너를 처음 만났을땐 왠지 모를 설레임에 취해 나는 하루에도 몇번씩 꿈이 아닌가 확인도 했었지 하지만 너무도 힘들땐 모든걸 지우려 했었고 그래서 난 항상 너에게 그렇게 대해왔어  얼마나 나를 더 포기해야 너를 보여주겠니 변한건 없어 이제는 지쳤어 그래 멋대로 해봐 그렇게
1994.01.02~01.08,23,91432,산다는 것은,김종찬,김종찬5집,1993,Ballad,,어디로 가야 하나 멀기만한 세월 단 하루를 살아도 마음 편하고 싶어 그래도 난 분명하지 않은 갈 길에 몸을 기댔어~ 날마다 난 태어나는 거였고 난 날마다 또 다른 꿈을 꾸었지 내 어깨 위로 짊어진 삶이 너무 무거워 지쳤다는 말조차 하기 힘들때 다시 나의 창을 두드리는 그대가 있어 어둠을 가를 빛과 같았어 여기서가~ 끝이 아님을 우린 기쁨처럼 알게 되고 산다는 것~ 그것만으로도~ 의미는 충분한거지~  날마다 난 태어나는 거였고 난 날마다 또 다른 꿈을 꾸었지 내 어깨 위로 짊어진 삶이 너무 무거워 지쳤다는 말조차 하기 힘들때 다시 나의 창을 두드리는 그대가 있어 어둠을 가를 빛과 같았어 여기서가~ 끝이 아님을 우린 기쁨처럼 알게 되고 산다는 것~ 그것만으로도~ 의미는 충분한거지~
1994.01.02~01.08,24,91114,난 널 사랑해,신효범,신효범 4집,1994,Ballad,엄승섭,힘겨운 아침 햇살을 받으며 눈을 뜨니 어제의 내가 아님을 나는 느꼈던거야 수 많은 시간 헤메며 방황했던 지난날들 난 널 사랑해 너의 모든 몸짓이 큰 의미인걸 난 널 사랑해 내 마음 깊은곳에 영원히 어두운 지난 날들의 슬픔은 기쁨되고 사랑은 우리들에게 한 조각 꿈이었음을 수 많은 시간 헤메며 방황했던 지난날들 난 널 사랑해 너의 모든 몸짓이 큰 의미인걸 난 널 사랑해 내 마음 깊은곳에 영원히 창가에 기대어 홀로서면 밤새 흐르는 눈물 난 널 사랑해 너의 모든 몸짓이 큰 의미인걸 난 널 사랑해 내 마음 깊은곳에 영원히
1994.01.02~01.08,25,91113,슬픈 연인,양수경,6집 잊어야 할 때,1993,Ballad,박의수,아무것도 원하지 않았잖아 그저 곁에 있어 달라 했을뿐인데 무엇이 그렇게 그대의 마음을 아프게 했는지 알 수 없지만 지금까지 내가 원한건 너뿐이지 그대를 사랑한 내 마음만큼 표현하지 못한건 내 잘못이야 하지만 한번도 너의 모습을 잊은 적이 없어  그대를 사랑한 내 마음만큼 표현하지 못한건 내 잘못이야 하지만 한번도 너의 모습을 잊은 적이 없어 그대를 아끼는 내 마음만은 이 세상 그 누구보다 더할거야 어차피 잊으려 했었다면은 나 먼저 떠났을거야
1994.01.02~01.08,26,1023586,흔적,최유나,카페여행 2,1996.11.08,Adult Contemporary,김순곤,이제는 가도 되는 건가요 어두워진 거리로 오늘만은 왠지 당신 앞에서 울고 싶지 않아요 어차피 내가 만든 과거 속에서 살아가야 하지만 절반의 책임마저 당신은 모르겠지요 지나간 날을 추억이라며 당신이 미소 지을 때 기억해요 슬픈 여자 마음에 상처뿐인 흔적  어차피 내가 만든 과거 속에서 살아가야 하지만 절반의 책임마저 당신은 모르겠지요 지나간 날을 추억이라며 당신이 미소 지을 때 기억해요 슬픈 여자 마음에 상처뿐인 흔적 기억해요 슬픈 여자 마음에 상처뿐인 흔적을
1994.01.02~01.08,27,1877188,넌 언제나,모노,넌 언제나,1993.10.25,Ballad,장경아,넌 언제나 넌 언제나  하루하루 늘어갈 뿐이야  널 향한 그리움은 아픔은  늘 새롭지만 넌 너의 길을 가네  원한다면 기다릴 수 있어  난 그대로인거야 떠난 건  너 혼자였으니 그대로   돌아오면 돼  내 잘못을 탓하는 것이라면  돌아온 후에도 늦진 않아  아직 시간이 있는데 네가 떠난  그 모습 그대로 머물러   있을거야  더 이상 거짓으로 나를  위로하고 싶진 않아 처음으로  사랑을 알았어 다시 널   찾을거야  이제야 너를 위해 내가   살아있다는 걸 느꼈어   원한다면 기다릴 수있어  난 그대로인거야 떠난 건  너 혼자였으니 그대로   돌아오면 돼  내 잘못을 탓하는 것이라면  돌아온 후에도 늦진 않아  아직 시간이 있는데 네가 떠난  그 모습 그대로 머물러 있을거야  더 이상 거짓으로 나를 위로하고  싶진 않아 처음으로   사랑을 알았어  다시 널 찾을거야 이제야   너를 위해  내가 살아있다는 걸 느꼈어
1994.01.02~01.08,28,991826,나 하나만으론 힘든 세상,김승기,비엔나에서 커피 어때?,1993.01.01,Ballad,김승기,어떻게 같은 하늘아래서  너와 나 다른 삶이 될 수 있겠니  전혀 딴 사람조차 내게는 한 부분이라도  너와 닮게 보고 느낄 뿐  새털처럼 많은 날들을  우리는 좋은 사람들과 나눠야 해  처음 가진 느낌 보다  더 많은 관심을 갖고 살아야지  우리 친해져 사랑하고 편해지면  그럴수록 뭐든 표현할꺼야  나 하나만으로 힘든 이 세상을  너라면 난 정말 자신있어  새털처럼 많은 날들을  우리는 좋은 사람들과 나눠야 해  처음 가진 느낌보다  더 많은 관심을 갖고 살아야지  우리 친해져 사랑하고 편해지면  그럴수록 뭐든 표현할꺼야  나 하나만으로 힘든 이 세상을  너라면 난 정말 자신있어  우리 친해져 사랑하고 편해지면  그럴수록 뭐든 표현할꺼야  나 하나만으로 힘든 이 세상을 너라면 난 정말 자신있어
1994.01.02~01.08,29,3396155,너의 사고방식,모자이크,너의 사고방식,1993.01.01,Ballad,,오 얼마나  많은 책을 읽었는지 몰라도  모든 일이 뜻대로 되는 것은 아니야  오래전부터 생각했다 말을 하지만  넌 분명히  내 친구들의 얘길 듣고 이러는 거지  비교하지마 나를 다른 사람과  내 방식대로 조금씩  고쳐가면 되니까  강요하지마 나를  내 방식대로 그냥 그렇게  곁에서 지켜보면 되잖아  오늘밤 다시 내게로 와  오 맘의 문 열고 얘기해봐  어떤말이 더 필요해  오 나의 마음은 이미   너를 사랑하고 있었다는   마음에도 없는 말을 하지마  무슨 얘길 하는거야  오 너의 마음은 이랬다 저랬다  아직도 망설이고 있잖아  얼마나 많은 경험을 했는지 몰라도  너는 지난 시간들 속에 갇혀 있을뿐  모두들 저마다의 다른 생각이 있듯  넌 너대로의 난 나대로의  약각의 차이는 있는거야  비교하지마 나를 다른 사람과  내방식대로  조금씩 고쳐가면 되니까  강요하지마 나를 내 방식대로  그냥 그렇게  곁에서 지켜보면 되잖아  오늘밤 다시 내게로 와  맘의 문 열고 얘기해봐  어떤말이 더 필요해  오 나의 마음은  이미 너를 사랑하고 있었다는  마음에도 없는 말을 하지마  무슨 얘길 하는거야  오 너의 마음은 이랬다 저랬다  아직도 망설이고 있잖아  랄랄라라라라라라  넌 그저 사고방식의  차이라고 말을 하겠지만 너의 마음은 이미 멀어진것같아 랄랄라라라라라라 만약에 이별한다면  너는 추억이라 하겠지만  그건 너무 싫잖아 랄랄라라라라라라 랄랄라라라라라라 랄랄라라라라라 랄랄라라라라라라 랄랄라라라라라라 랄랄라라라라라 랄랄라라라라라라
1994.01.02~01.08,30,2958048,지금 우리에게 필요한건,잼,공룡선생 1집,-,Drama,,
1994.01.02~01.08,31,170066,당신이 그리워질 때(Main Title Song),김승기,당신이 그리워질 때 OST,1993,Drama,김승기,다르다는 말을 쉽게 하며 때론 나만을 고집하지  서로의 폭을 넓혀가며 늘 솔직할 수 있다면    나없이는 어떤 자리라도 항상 어색했다는 그 말  나와 함께 할 때 자신을 갖던 내가 꼭 필요한 사람    작은 표현이 내겐 큰희망이 되고  당신이 그리워질 때 난 이미 그대가 되네  느낄 수 없는 사랑도 말론 할 수 있지만  말조차도 하지 않는 그런 사인 정말 싫어    당신이 그리워질 때 처음 만난 설레임  떠올리면 다지하지 더 좋은 모습 위해    작은 표현이 내겐 큰희망이 되고  당신이 그리워질 때    난 이미 그대가 되네 느낄 수 없는 사랑도  말론 할 수 있지만 말조차도 하지 않는  그런 사인 정말 싫어 당신이 그리워질 때  처음 만난 설레임 떠올리며 다짐하지  더 좋은 모습위해
1994.01.02~01.08,32,55486,아픈 기억속에서,이덕진,Live The Stage,1993.09.01,Rock,배종수,가녀린 부유함도 없는 내노래가 위로가 되지는 않을까 멍울진 너의 여린 마음에 우 내게도 허락이 된 작고 좁은 하늘 그 곳에 내 슬픔 묻어 따스한 여운이 되줄께 우 아픈 기억속에 난 너를 만났고 그때 나보다 더 힘겹던 네 모습 우 마음으로 수십번 세상 버려도 널 보며 나는 다시 일어섰는데 소담스런 오후의 아이들처럼 너도 이젠 웃을 수 없나  내게도 허락이 된 작고 좁은 하늘 그 곳에 내 슬픔 묻어 따스한 여운이 되줄께 우 아픈 기억속에 난 너를 만났고 그때 나보다 더 힘겹던 네 모습 우 마음으로 수십번 세상 버려도 널 보며 나는 다시 일어섰는데 소담스런 오후의 아이들처럼 너도 이젠 웃을 수 없나
1994.01.02~01.08,33,2957861,엄마의 바다 (Main Title Song),이미키,엄마의 바다 OST,1993,Drama,,
1994.01.02~01.08,34,2981575,나의 노래,김광석,나의 노래,1992.03.20,Folk,한동헌,아무 것도 가진 것 없는 이에게  시와 노래는 애달픈 양식  아무도 뵈지 않는 암흑속에서  조그만 읊조림은 커다린 빛  나의 노래는 나의 힘  나의 노래는 나의 삶  자그맣고 메마른 씨앗속에서 내일의 결실을 바라보듯이  자그만 아이의 읊음 속에서  마음의 열매가 맺혔으면  나의 노래는 나의 힘  나의 노래는 나의 삶   거미줄처럼 얽힌 세상속에서  바람에 나부끼는 나무가지처럼  흔들리고 넘어져도  이세상속에는 마지막 한방울의 물이 있는 한  나는 마시고 노래하리 나는 마시고 노래하리  수많은 진리와 양심의 금문자  찬란한 그빛에는 멀지 않으리  이웃과 벗들의 웃음속에는  조그만 가락이 울려 나오면 나는 부르리 나의 노래를  나는 부르리 가난한 마음을  그러나 그대 모두 귀기울일 때  노래는 멀리 멀리 날아가리  노래는 멀리 멀리 날아가리
1994.01.02~01.08,35,91110,그때는 알겠지,강수지,K,1993.06,Ballad,강수지,아무 것도 없던거야 그래 그렇게 지나쳐야 하는데 살아가는 작은 기쁨 이제는 어디서 찾아야만 하나 너를 사랑한다는 이유로 너를 내 곁에 두려 한다면 사랑한다는 이유로 지나온 모든 것들을 용서해야만 한다는 걸 알고 있지만 내게는 어려운 걸 허전한 마음 모르겠지 세월이 지나면 그때서야 알거야 얼마나 내가 소중했는지 그리고 나로 인해 행복했음을  그런 일도 있었다고 그래 그렇게 지나쳐야 하는데 왠지 니가 보고 싶어 이제는 어디서 찾아야만 하나 너를 사랑한다는 이유로 너를 내 곁에 두려 한다면 사랑한다는 이유로 지나온 모든 것들을 용서해야만 한다는 걸 알고 있지만 내게는 어려운 걸 허전한 마음 모르겠지 세월이 지나면 그때서야 알거야 얼마나 내가 소중했는지 그리고 나로 인해 행복했음을 그리고 나로 인해 행복했음을
1994.01.02~01.08,36,896183,장미의 눈물,최성수,누드가 있는 방,1993.04,Ballad,최성수,아 사랑이 무어냐 눈물이잖아 하늘보고 소리쳐도 대답이 없구나 술과 장미에 젖어도 마음 더욱 외로워 가슴치는 추억들이 촛불처럼 타오르네 내가 남아서 기다리면은 다시 웃을 수가 있을까 당신울면은 나도 울었네 아픔없이 살 순 없겠지 아 세월이 가도 사랑도 가버리고 아픈 것은 아픈대로 그렇게 살아가겠지  아 사랑이 무어냐 눈물이잖아 나를 잊고 살아야지 장미의 눈물이 되어 내가 남아서 기다리면은 다시 웃을 수가 있을까 당신울면은 나도 울었네 아픔없이 살 순 없겠지 아 세월이 가네 사랑도 가버리고 아픈 것은 아픈대로 그렇게 살아가겠지
1994.01.02~01.08,37,56840,`친구`라 말할 수 있는 건,신성우,Eight Smiles Of Klein,1993.08,Rock,"신성우,이근상,이근형",나 어릴적 뛰놀던 놀이터에 회색 건물이 들어서 있고 길을 걷는 수녀의 옷자락엔 어린 아이의 그 미소도 없고 그렇게만 자꾸 변해만 가는 시간속에 묻어둔 친구의 미소 해묵은 착각속에 바라본 너의 모습  때론 네가 나를 귀찮게 할 때 이유 아닌 이유로 멀어져왔고 때론 내가 너를 탓한 핑계로 나의 마음을 위로해 왔지 내가 네게로 가기보다는 네가 내게로 오길바랬지 해묵은 욕심속에 말해온 너의 모습 친구라고 말할 수 있는건 생각만 해도 느낌이 편한 것 친구라고 말할 수 있는건 항상 내가 널 믿을 수 있는 것  해묵은 욕심속에 말해온 너의 모습 친구라고 말할 수 있는건 생각만 해도 느낌이 편한 것 친구라고 말할 수 있는건 항상 내가 널 믿을 수 있는 것 친구라고 말할 수 있는건 조그만 오해도 필요치 않은 것 친구라고 말할 수 있는건 바로 내 자신을 돌이켜 보는 것 친구라고 말할 수 있는건 생각만 해도 느낌이 편한 것 친구라고 말할 수 있는건 항상 내가 널 믿을 수 있는 것
1994.01.02~01.08,38,1053874,Say Yes(Part I),라종민,Say Yes,-,Ballad,,
1994.01.02~01.08,39,111572,그대안의 블루,"김현철,이소라",그대안의 블루 OST,1992,Korean Movie,이현승,난 난 눈을 감아요 빛과 그대 모습 사라져 이제 어둠이 밀려오네 저 파란 어둠 속에서 그대 왜 잠들어 가나 세상은 아직 그대 곁에 있는데 사랑은 아니지만 우리의 만남 어둠은 사라지네 워 시간은 빛으로 물들어 또 다시 흐르네 내 눈빛속 그대 난 난 꿈을 꾸어요 그대 와의 시간은 멈춰지고  이제 어둠이 밀려오네 빛 바랜 사랑 속에서 그대 왜 잠들려 하나 시간은 오 아직 그대  곁에 있는데 사랑은 아니지만 우리의 만남 어둠은 사라지네 워 시간은 빛으로 물들어 또 다시 흐르네 그대 눈빛 속에 나 내 눈빛 속 그대
1994.01.02~01.08,40,170153,Pilot,정연준(업타운),파일럿 OST,1993.12.01,Drama,이순자,그것이 끝이라고  우린 믿지 않았지  너 떠난 텅빈 활주로에  쏟아 지던 너의 목소리      언제 어디선가  다시 만날 예감을  해맑은 웃음지으며 대신할 너의 슬픔들    오해는 이제 그만 상처주는 일도 그만  아무런 생각을 하지 말고 내게 달려와줘    너를 뜨겁게 안고서 두팔이 날개가 되어  언젠가 내게 약속했던 저 달로  우리 푸른꿈 싣고서 한없이 날아 오를께  사랑해 너를 하늘 끝까지....      언젠가 어디선가  다시 만날 예감을  해맑은 웃음지으며 대신할 너의 슬픔들    오해는 이제 그만 상처주는 일도 그만  아무런 생각을 하지 말고 내게 달려와줘    (반복)  너를 뜨겁게 안고서 두팔이 날개가 되어  언젠가 네게 약속했던 저 달로  우리 푸른꿈 싣고서 한없이 날아 오를께  사랑해 너를 하는 끝까지.....
1994.01.02~01.08,41,55546,너에게,서태지와아이들,2집 - 하여가,1993.06.06,Ballad,서태지,"니가 아무리 지금 날 좋아한다고 해도 그건 지금뿐일지도 몰라 왜냐하면 어 그건 말야   너의 말들을 웃어 넘기는 나의 마음을 너는 모르겠지 너의 모든 걸 좋아하지만 지금 나에겐 두려움이 앞서   너무 많은 생각들이 너를 가로 막고는 있지만 날 보고 웃어주는 네가 ""그냥 고마울 뿐이야"" 너는 아직 순수한 마음이 너무 예쁘게 남았어 하지만 나는 왜 그런지 모두가 어려운걸   세상은 분명히 변하겠지  우리의 생각들도 달라지겠지 (생각해 봐)생각해 봐 어려운 일 뿐이지 나에게 보내는 따뜻한 시선을  때로는 외면하고 얼굴을 돌리는 걸 (넌 느끼니)넌 느끼니 너를 싫어해서가 아니야   너를 만난 후 언젠가부터 나의 마음 속엔 근심이 생겼지 네가 좋아진 그 다음부터 널 생각하면 깊은 한숨 뿐만   사랑스런 너의 눈을 보면 내 맘은 편안해지고 네손을 잡고 있을때면 ""난 이런 꿈을 꾸기도 했어"" 나의 뺨에 네가 키스할땐 온 세상 내것 같아 이대로 너를 안고 싶어 하지만 세상에는   아직도 너무 많은 일이 네 앞에 버티고 있잖아 (생각해 봐)생각해 봐 어려운 일 뿐이지 네가 접하게 되는 새로운 생활들과  모두가 너에게 시선을 돌리게 되는 걸 (알 수 있니)알 수 있니 너는 이런 내 마음 아는지   조그마한 너의 마음 다치게 하긴 싫어 이러는 것 뿐이지 어른들은 항상 내게 말하지 넌 아직도  모르고 있는 일이 더 많다고   (네 순수한 마음 변치 않길 바래)"
1994.01.02~01.08,42,108031,사랑하지 않을 거야,나현희,사랑을 위하여 OST,1993.03,Drama,,어딘가에 있는줄 알면서도  만날수 없는 현실이 싫어  왜 자꾸 눈물이 나는걸까  이제는 소용이 없는데  이렇게 끝날줄을 알았다면  시작도 하지 않았을텐데  이미 늦어버린 지금에  후회는 의미없는걸  앞으로 보내야할 시간이 두려워  견딜수 없이 길게만 느껴져  어떤 아픔이와도 참아야지  고통은 지나가는 순간일뿐  한번쯤 만나고 싶다는   생각들겠지  깊이 사랑하니까  하지만 혼자남는 법을 알때까지  다시 사랑하지 않을꺼야  앞으로 보내야할 시간이 두려워  견딜수 없이 길게만 느껴져  어떤 아픔이와도 참아야지  고통은 지나가는 순간일뿐  한번쯤 만나고 싶다는   생각들겠지  깊이 사랑하니까  하지만 혼자남는 법을 알때까지  다시 사랑하지 않을꺼야  한번쯤 만나고 싶다는  생각들겠지 깊이 사랑하니까 하지만 혼자남는 법을 알때까지 다시 사랑하지 않을꺼야
1994.01.02~01.08,43,109279,내일은 늦으리,올스타밴드,‘93 내일은 늦으리 (환경보전슈퍼콘서트),1993,Ballad,이현규,어항속에 금붕어들 마저도 숨쉬기 힘들다며 투덜거리고 하늘엔 별이 떠 있는지 조차 얘기할수 없는 탁한 도시에 어린아이들의 맑은 눈빛이 무엇을 바라는지 알고 있나요 자기 욕심만 채우는 사람때문에 온통 뿌옇게 변한 세상 먼지투성인 밤하늘을 우리 모두가 걷어낸다면 어린아이들의 눈빛에는 반짝이는 별이 떠 있겠지 우산없이 비를 맞고도 괜찮은 그런 날을 기다린다면 언제까지 모른척 할순 없잖아 내일은 늦으리  어린아이들의 맑은 눈빛이 무엇을 바라는지 알고 있나요 자기 욕심만 채우는 사람때문에 온통 뿌옇게 변한 세상 먼지투성인 밤하늘을 우리 모두가 걷어낸다면 어린아이들의 눈빛에는 반짝이는 별이 떠 있겠지 우산없이 비를 맞고도 괜찮은 그런 날을 기다린다면 언제까지 모른척 할순 없잖아 내일은 늦으리 우산없이 비를 맞고도 괜찮은 그런 날을 기다린다면 언제까지 모른척 할순 없잖아 내일은 늦으리
1994.01.02~01.08,44,91104,언제나 그 자리에,신효범,신효범 3집,1992,Ballad,신효범,어두운 창밖 불빛 사이로 얼룩진 그대의 슬픔이 고개 숙인 채 앉아 흐느끼는 눈물로 지워질 수 있을까 뒤돌아 보면 차가운 바람 가슴을 스치고 간 긴 외로움 슬픔이라 생각하지 않으려해도 언제나 그 자리에 곁에 있어도 그대는 남인것처럼 멀리 있는 것만 같았지 그대가 나를 왜 떠나려고 했는지 이제 나는 알 것 같아 나의 작은 실수 하나 조차도 힘겨워하던 그대를 보며 우리 서로 말없이 헤어진 지금이 오히려 사랑일꺼야  곁에 있어도 그대는 남인것처럼 멀리 있는 것만 같았지 그대가 나를 왜 떠나려고 했는지 이제 나는 알 것 같아 나의 작은 실수 하나 조차도 힘겨워하던 그대를 보며 우리 서로 말없이 헤어진 지금이 오히려 사랑일꺼야 나의 작은 실수 하나 조차도 힘겨워하던 그대를 보며 우리 서로 말없이 헤어진 지금이 오히려 사랑일꺼야
1994.01.02~01.08,45,1104901,영원에 대하여,봄여름가을겨울,I Photograph To Remember,1993.06.01,Rock,김종진,늦은 밤 창가에 앉아 지난 날 떠오르면 어느새 나는 그대의 길을 떠난다 어두운 밤길을 지나 그대의 창에 서면 저 멀리 떠오르는 추억의 별빛들 어두운 밤 하늘 아래 그대와 단둘이서 영원을 얘기하며 이 길을 걸었지 시간은 흐르고 흘러 영원을 향해 가고 사랑은 맴돌지만 멈추지 않는 법  그 누가 나의 가슴을 따스이 어루만지리오 짧고 달콤한 꿈속에서 보는 그대여 시간이 흐른다해도 잊었다 말하지 마오 그 말속에 우리 약속이 날아갈까하오 그대여 외롭다해도 눈물은 눈물은 흘리지마오 눈물 속에 그리움이 씻겨갈까 하오 눈물 속에 그리움이 씻겨갈까 하오 눈물 속에 그리움이 씻겨갈까 하오
1994.01.02~01.08,46,55391,나를 기억하는지,코나,그녀의 아침,1993.06.01,Ballad,배영준,넌 아직 기억하고 있을까 뒤돌아 보면 난 언제나 그 자리에 있을 거야 보이잖니 이제는 너무 늦어버린건 아닐까 망설이지 말고 날 찾아와 아직도 너는 이해할수 없겠지 그래 어쩌면 나는 너무나 어리숙하게 살아가는 건지도 몰라 하지만 한번도 후회하진 않았어 널 사랑했던 많은 시간들 난 다시 시작 한다고 해도 이렇게 할 수 밖엔 없겠지  늦어버린건 아닐까 망설이지 말고 날 찾아와 아직도 너는 이해할수 없겠지 그래 어쩌면 나는 너무나 어리숙하게 살아가는 건 지도 몰라 하지만 한번도 후회하진 않았어 널 사랑했던 많은 시간들 난 다시 시작 한다고 해도 이렇게 할 수 밖엔 없겠지
1994.01.02~01.08,47,536778,장미의 미소,신인수,내일은 사랑 OST,1990.01.01,Drama,이남우,한 두번도 아닌데 그대를 만날 때면
1994.01.02~01.08,48,56251,이별 없던 세상,윤상,윤상2 - Part II,1992.10.02,Ballad,노영심,어린 시절 햇살같은 추억에 나도 모르게 걷고 있는 여기에 가득 고인 내 꿈처럼 커다란 하얀 풍선을 안고 있는 아이들 내 작은 기억속에도 그런 모습 있었지 풍선 하나로 세상을 다가진 듯 부푼 내 가슴 이제는 무얼 찾아야 채울 수 있을까 마음만으론 찾을 수 없어 저 멀리 날아가버린 내 작은 소망과 밤하늘의 작은 별을  너무 쉽게 포기하며 살았지 두 눈 감은 채 잊어보려 했지만 그 모든걸 잃었다고만 생각을 하지마 바로 그건 어른이라는 또 다른 이름 때문이야 하지만 지금 나에겐 아득한 곳인 걸 기억만으론 갈수가 없어 너만은 처음 그 곳에 머물러 주겠니 이별이 없는 그 곳에서  저 멀리 날아가버린 새하얀 풍선도 너의 눈속엔 그대로인 걸 너만은 처음 그 곳에 머물러 주겠니 이별이 없는 그 곳에서
1994.01.02~01.08,49,91411,시련,손지창,시련,1993.09,Ballad,,날 그냥 내버려 둬 아무도 필요치 않아 나에겐 이미 너도 내 것이 아냐~ 아무 말 하지 마라 이제는 그 무슨 말로도 나를 위로할 수 없어 언젠간 알게 되겠지 널 위해 떠나는 걸 짐이 되긴 싫어 어제는 잊어 버려 더 이상 널 사랑하지 않아 뒤돌아 보진 마라 이대로 떠나가버려 힘들어도 참아야 해 나 혼자 슬퍼하면 돼 흐려진 너의 모습 뒤로  날 그냥 내버려 둬 아무도 필요치 않아 나에겐 이미 너도 내 것이 아냐~ 아무 말 하지 마라 이제는 그 무슨 말로도 나를 위로할 수 없어 언젠간 알게 되겠지 널 위해 떠나는 걸 짐이 되긴 싫어 어제는 잊어 버려 더 이상 널 사랑하지 않아 뒤돌아 보진 마라 이대로 떠나가버려 힘들어도 참아야 해 나 혼자 슬퍼하면 돼 흐려진 너의 모습 뒤로
1994.01.02~01.08,50,3052620,너에게로 가는 길,장동건,우리들의 천국 OST,1994.03.01,Drama,,사랑해 너의 전부를   그 환한 웃음부터  소중한 것이 떠날수록 깊어져   가는 눈까지   잊지마 세상 모두가 네꿈을   비웃어도   언젠가 웃는 것은 너라는 걸   가끔씩 내가 흔들리면   너의 길을 나에게 보여줘   가까이 서로 지켜볼 수 있게   너는 아직 모를거야   너하나로 빛나는 하루를   많은 길이 세상엔 있다지만   나는 택한거야 너에게로   가는 길을   잊지마 세상 모두가 네꿈을  비웃어도   언젠가 웃는 것은 너라는 걸   가끔씩 내가 흔들리면   너의 길을 나에게 보여줘   가까이 서로 지켜볼 수 있게   너는 아직 모를거야   너하나로 빛나는 하루를   많은 길이 세상엔 있다지만   나는 택한거야 너에게로  가는 길을  너는 아직 모를거야  너하나로 빛나는 하루를  많은 길이 세상엔 있다지만  나는 택한거야 너에게로  가는 길을
